Starting CMA-ES: 13 variables, budget 4000 evaluations, target B >= 10.0 T, uniformity <= 1.0%, hoop <= 400 MPa, coil-coil face gap >= 3 mm

Parallel mode: 6 worker processes per generation.
  [a=29 b=42 nt=2852] KSP converged reason: 4, iterations: 1
  [a=30 b=42 nt=2807] KSP converged reason: 4, iterations: 1
  [a=30 b=44 nt=3578] KSP converged reason: 4, iterations: 1
  [a=32 b=45 nt=3150] KSP converged reason: 4, iterations: 1
  [a=30 b=43 nt=2870] KSP converged reason: 4, iterations: 1
  [a=33 b=44 nt=2236] KSP converged reason: 4, iterations: 1
  [a=30 b=46 nt=2435] KSP converged reason: 4, iterations: 1
  [a=32 b=40 nt=2525] KSP converged reason: 4, iterations: 1
  [a=30 b=39 nt=2302] KSP converged reason: 4, iterations: 1
  [a=30 b=43 nt=2444] KSP converged reason: 4, iterations: 1
  [a=33 b=44 nt=2825] KSP converged reason: 4, iterations: 1
  [   1] viol   f= 223.991  a=30.0 b=41.5 gap=21.6 (face=3.2mm) n=[184, 500, 500, 109, 185, 172, 207, 379, 111, 460]  tape=0.749km B=13.32T unif=2.057% hoop=187MPa
  [   2] OK     f=   0.769  a=28.7 b=41.7 gap=23.7 (face=7.4mm) n=[232, 443, 335, 126, 415, 183, 496, 146, 258, 218]  tape=0.769km B=12.52T unif=0.943% hoop=189MPa
  [   3] OK     f=   0.897  a=31.9 b=44.8 gap=23.6 (face=7.3mm) n=[344, 493, 286, 237, 248, 123, 500, 385, 162, 372]  tape=0.897km B=13.23T unif=0.640% hoop=245MPa
  [   4] viol   f=  46.108  a=29.8 b=43.7 gap=25.4 (face=10.9mm) n=[494, 472, 365, 151, 138, 283, 481, 409, 452, 333]  tape=0.947km B=15.41T unif=1.475% hoop=201MPa
  [   5] OK     f=   0.766  a=29.7 b=42.7 gap=22.7 (face=5.5mm) n=[495, 99, 430, 265, 211, 80, 376, 468, 386, 60]  tape=0.766km B=13.02T unif=0.944% hoop=184MPa
  [   6] viol   f= 377.476  a=33.3 b=44.4 gap=22.8 (face=5.6mm) n=[495, 205, 390, 54, 304, 105, 384, 83, 97, 119]  tape=0.657km B=10.85T unif=2.373% hoop=182MPa
  [   7] viol   f=   8.044  a=30.3 b=46.1 gap=27.3 (face=14.6mm) n=[387, 245, 340, 149, 137, 134, 375, 240, 294, 134]  tape=0.678km B=10.08T unif=1.192% hoop=162MPa
  [   8] OK     f=   0.645  a=31.7 b=39.9 gap=24.7 (face=9.3mm) n=[284, 221, 400, 120, 211, 263, 383, 394, 58, 191]  tape=0.645km B=10.80T unif=0.352% hoop=179MPa
  [   9] viol   f= 517.056  a=30.2 b=38.9 gap=23.5 (face=6.9mm) n=[500, 410, 438, 78, 50, 89, 289, 193, 180, 75]  tape=0.603km B=12.48T unif=2.607% hoop=167MPa
  [  10] viol   f=   4.658  a=32.9 b=43.7 gap=23.1 (face=6.3mm) n=[406, 248, 443, 176, 167, 211, 425, 405, 147, 197]  tape=0.782km B=12.46T unif=1.139% hoop=209MPa
  [  11] viol   f= 224.805  a=29.7 b=43.1 gap=21.6 (face=3.2mm) n=[305, 454, 487, 206, 116, 96, 294, 100, 150, 236]  tape=0.685km B=12.54T unif=2.059% hoop=194MPa
  [a=32 b=40 nt=2487] KSP converged reason: 4, iterations: 1
  [a=30 b=39 nt=2704] KSP converged reason: 4, iterations: 1
  [a=32 b=39 nt=2688] KSP converged reason: 4, iterations: 1
  [a=31 b=43 nt=2586] KSP converged reason: 4, iterations: 1
  [a=30 b=42 nt=2998] KSP converged reason: 4, iterations: 1
  [a=31 b=42 nt=3662] KSP converged reason: 4, iterations: 1
  [a=31 b=42 nt=3483] KSP converged reason: 4, iterations: 1
  [a=31 b=40 nt=2787] KSP converged reason: 4, iterations: 1
  [a=30 b=43 nt=2701] KSP converged reason: 4, iterations: 1
  [a=32 b=42 nt=2825] KSP converged reason: 4, iterations: 1
  [a=31 b=39 nt=3040] KSP converged reason: 4, iterations: 1
  [  12] viol   f= 130.725  a=30.7 b=41.8 gap=24.2 (face=8.4mm) n=[494, 396, 500, 208, 498, 146, 450, 449, 226, 295]  tape=0.946km B=16.76T unif=1.806% hoop=219MPa
  [  13] viol   f=   1.661  a=32.2 b=39.8 gap=25.1 (face=10.2mm) n=[220, 254, 500, 105, 220, 103, 500, 195, 152, 238]  tape=0.683km B=10.09T unif=1.070% hoop=188MPa
  [  14] OK     f=   0.805  a=30.0 b=41.5 gap=30.3 (face=20.7mm) n=[470, 201, 493, 141, 268, 198, 225, 454, 230, 318]  tape=0.805km B=11.05T unif=0.679% hoop=176MPa
  [  15] OK     f=   0.702  a=30.0 b=39.5 gap=22.4 (face=4.7mm) n=[95, 156, 460, 202, 130, 327, 487, 449, 253, 145]  tape=0.702km B=11.60T unif=0.376% hoop=176MPa
  [  16] OK     f=   0.717  a=30.7 b=42.7 gap=25.6 (face=11.2mm) n=[296, 367, 433, 80, 360, 126, 492, 148, 203, 81]  tape=0.717km B=11.08T unif=0.570% hoop=185MPa
  [  17] OK     f=   0.717  a=31.6 b=39.2 gap=22.1 (face=4.1mm) n=[354, 177, 474, 180, 279, 190, 374, 361, 147, 152]  tape=0.717km B=12.30T unif=0.191% hoop=205MPa
  [  18] viol   f=   0.961  a=31.3 b=42.2 gap=23.9 (face=7.7mm) n=[424, 488, 407, 196, 405, 258, 500, 352, 125, 328]  tape=0.929km B=15.74T unif=1.013% hoop=227MPa
  [  19] OK     f=   0.758  a=31.4 b=40.5 gap=23.8 (face=7.6mm) n=[379, 216, 498, 51, 251, 278, 453, 210, 248, 203]  tape=0.758km B=12.20T unif=0.360% hoop=204MPa
  [  20] OK     f=   0.737  a=30.4 b=43.3 gap=23.4 (face=6.9mm) n=[186, 223, 424, 141, 420, 51, 481, 437, 245, 93]  tape=0.737km B=11.15T unif=0.214% hoop=182MPa
  [  21] OK     f=   0.778  a=32.1 b=42.3 gap=27.4 (face=14.8mm) n=[208, 94, 381, 256, 247, 209, 298, 414, 258, 460]  tape=0.778km B=10.05T unif=0.706% hoop=221MPa
  [  22] OK     f=   0.786  a=31.2 b=39.5 gap=25.9 (face=11.7mm) n=[434, 194, 166, 286, 231, 50, 483, 497, 436, 263]  tape=0.786km B=11.84T unif=0.525% hoop=190MPa
  [a=32 b=37 nt=2848] KSP converged reason: 4, iterations: 1
  [a=31 b=40 nt=2399] KSP converged reason: 4, iterations: 1
  [a=30 b=38 nt=2560] KSP converged reason: 4, iterations: 1
  [a=28 b=44 nt=3691] KSP converged reason: 4, iterations: 1
  [a=31 b=43 nt=2801] KSP converged reason: 4, iterations: 1
  [a=30 b=42 nt=2614] KSP converged reason: 4, iterations: 1
  [a=31 b=40 nt=2418] KSP converged reason: 4, iterations: 1
  [a=31 b=42 nt=2816] KSP converged reason: 4, iterations: 1
  [a=29 b=41 nt=3189] KSP converged reason: 4, iterations: 1
  [a=31 b=41 nt=2208] KSP converged reason: 4, iterations: 1
  [a=30 b=39 nt=2735] KSP converged reason: 4, iterations: 1
  [  23] viol   f=  48.143  a=31.6 b=37.0 gap=26.9 (face=13.7mm) n=[288, 385, 478, 66, 328, 115, 499, 408, 132, 149]  tape=0.716km B=11.68T unif=1.487% hoop=183MPa
  [  24] viol   f=   0.908  a=30.0 b=41.7 gap=25.1 (face=10.2mm) n=[227, 201, 216, 190, 60, 356, 465, 313, 459, 127]  tape=0.703km B=9.68T unif=0.613% hoop=195MPa
  [  25] OK     f=   0.654  a=30.0 b=38.4 gap=21.6 (face=3.1mm) n=[420, 222, 472, 173, 229, 66, 443, 169, 282, 84]  tape=0.654km B=12.63T unif=0.630% hoop=183MPa
  [  26] OK     f=   0.645  a=31.3 b=39.7 gap=22.7 (face=5.3mm) n=[183, 256, 475, 55, 135, 303, 413, 306, 84, 189]  tape=0.645km B=10.59T unif=0.438% hoop=175MPa
  [  27] viol   f=  60.990  a=28.0 b=43.6 gap=28.4 (face=16.8mm) n=[205, 449, 466, 176, 500, 351, 439, 473, 486, 146]  tape=0.952km B=13.86T unif=1.548% hoop=191MPa
  [  28] viol   f=   0.786  a=30.9 b=42.9 gap=26.9 (face=13.7mm) n=[213, 163, 496, 70, 296, 366, 382, 401, 237, 177]  tape=0.785km B=11.02T unif=1.002% hoop=195MPa
  [  29] viol   f=   1.245  a=31.4 b=39.6 gap=23.9 (face=7.8mm) n=[123, 222, 365, 128, 84, 143, 477, 381, 336, 159]  tape=0.651km B=9.45T unif=0.616% hoop=164MPa
  [  30] OK     f=   0.736  a=30.8 b=41.7 gap=21.6 (face=3.1mm) n=[217, 226, 440, 185, 323, 138, 444, 421, 369, 53]  tape=0.736km B=12.29T unif=0.174% hoop=225MPa
  [  31] OK     f=   0.841  a=29.3 b=40.6 gap=22.8 (face=5.5mm) n=[241, 297, 500, 399, 166, 391, 327, 437, 239, 192]  tape=0.841km B=14.42T unif=0.273% hoop=213MPa
  [  32] viol   f=   2.816  a=30.9 b=40.9 gap=26.0 (face=12.0mm) n=[253, 116, 373, 262, 109, 83, 331, 419, 152, 110]  tape=0.587km B=8.94T unif=0.178% hoop=157MPa
  [  33] OK     f=   0.709  a=30.4 b=39.2 gap=22.7 (face=5.5mm) n=[393, 206, 448, 340, 60, 194, 489, 356, 100, 149]  tape=0.709km B=12.60T unif=0.913% hoop=189MPa
  [a=29 b=37 nt=2537] KSP converged reason: 4, iterations: 1
  [a=32 b=39 nt=2709] KSP converged reason: 4, iterations: 1
  [a=31 b=41 nt=2381] KSP converged reason: 4, iterations: 1
  [a=31 b=39 nt=2873] KSP converged reason: 4, iterations: 1
  [a=30 b=41 nt=2446] KSP converged reason: 4, iterations: 1
  [a=28 b=37 nt=2295] KSP converged reason: 4, iterations: 1
  [a=31 b=40 nt=2245] KSP converged reason: 4, iterations: 1
  [a=30 b=39 nt=2844] KSP converged reason: 4, iterations: 1
  [a=30 b=41 nt=3108] KSP converged reason: 4, iterations: 1
  [a=32 b=41 nt=2460] KSP converged reason: 4, iterations: 1
  [  34] viol   f=  57.092  a=32.1 b=38.9 gap=21.8 (face=3.7mm) n=[380, 313, 387, 158, 220, 73, 495, 337, 148, 198]  tape=0.727km B=12.41T unif=1.531% hoop=220MPa
  [  35] OK     f=   0.543  a=28.2 b=37.0 gap=21.5 (face=3.0mm) n=[296, 218, 308, 177, 205, 264, 366, 134, 276, 51]  tape=0.543km B=11.10T unif=0.831% hoop=176MPa
  [  36] OK     f=   0.643  a=29.8 b=40.6 gap=22.7 (face=5.3mm) n=[343, 170, 438, 183, 114, 128, 356, 399, 181, 134]  tape=0.643km B=10.88T unif=0.307% hoop=167MPa
  [  37] OK     f=   0.656  a=31.4 b=40.6 gap=24.6 (face=9.1mm) n=[263, 214, 500, 57, 55, 270, 335, 402, 221, 64]  tape=0.656km B=10.11T unif=0.539% hoop=174MPa
  [  38] viol   f= 110.024  a=28.9 b=37.2 gap=25.9 (face=11.7mm) n=[180, 86, 428, 290, 119, 140, 379, 481, 230, 204]  tape=0.642km B=9.90T unif=1.739% hoop=156MPa
  [  39] viol   f= 208.294  a=31.4 b=38.8 gap=23.8 (face=7.6mm) n=[493, 89, 484, 80, 265, 466, 303, 362, 180, 151]  tape=0.736km B=13.56T unif=2.019% hoop=188MPa
  [  40] OK     f=   0.609  a=30.7 b=40.0 gap=21.6 (face=3.2mm) n=[309, 55, 446, 310, 145, 79, 494, 116, 153, 138]  tape=0.609km B=10.32T unif=0.497% hoop=179MPa
  [  41] OK     f=   0.741  a=30.2 b=39.3 gap=21.5 (face=3.1mm) n=[352, 178, 479, 98, 179, 193, 498, 129, 358, 380]  tape=0.741km B=12.02T unif=0.553% hoop=192MPa
  [  42] viol   f=  18.957  a=30.3 b=41.2 gap=21.6 (face=3.2mm) n=[359, 441, 424, 192, 235, 92, 480, 190, 346, 349]  tape=0.817km B=14.39T unif=1.301% hoop=224MPa
  [  43] INFEAS f=1008.054  a=34.0 b=38.6 gap=22.8 (face=5.7mm) n=[194, 59, 498, 148, 272, 106, 270, 227, 121, 200]  no evaluation (geometry pre-check)
  [  44] OK     f=   0.683  a=31.8 b=41.0 gap=21.7 (face=3.4mm) n=[364, 222, 491, 186, 70, 279, 372, 288, 73, 115]  tape=0.683km B=11.61T unif=0.561% hoop=200MPa
  [a=28 b=39 nt=2024] KSP converged reason: 4, iterations: 1
  [a=29 b=38 nt=2605] KSP converged reason: 4, iterations: 1
  [a=31 b=41 nt=2628] KSP converged reason: 4, iterations: 1
  [a=27 b=38 nt=2449] KSP converged reason: 4, iterations: 1
  [a=30 b=38 nt=2049] KSP converged reason: 4, iterations: 1
  [a=30 b=38 nt=2108] KSP converged reason: 4, iterations: 1
  [a=30 b=39 nt=2558] KSP converged reason: 4, iterations: 1
  [a=26 b=39 nt=2159] KSP converged reason: 4, iterations: 1
  [a=29 b=38 nt=2373] KSP converged reason: 4, iterations: 1
  [a=30 b=38 nt=2302] KSP converged reason: 4, iterations: 1
  [  45] viol   f=   2.938  a=28.1 b=39.3 gap=22.2 (face=4.5mm) n=[189, 160, 489, 113, 96, 92, 288, 179, 293, 125]  tape=0.552km B=8.91T unif=1.003% hoop=153MPa
  [  46] viol   f=   1.143  a=30.3 b=38.3 gap=22.2 (face=4.3mm) n=[324, 63, 389, 116, 63, 171, 390, 189, 155, 248]  tape=0.526km B=9.44T unif=0.139% hoop=145MPa
  [  47] OK     f=   0.611  a=27.3 b=38.4 gap=22.4 (face=4.9mm) n=[283, 81, 454, 318, 79, 110, 420, 291, 245, 168]  tape=0.611km B=11.19T unif=0.298% hoop=152MPa
  [  48] viol   f=   0.650  a=29.6 b=37.7 gap=21.6 (face=3.1mm) n=[85, 304, 420, 73, 290, 68, 337, 101, 316, 55]  tape=0.510km B=9.74T unif=0.265% hoop=152MPa
  [  49] OK     f=   0.669  a=28.9 b=38.2 gap=21.7 (face=3.4mm) n=[183, 360, 489, 401, 164, 138, 381, 240, 188, 61]  tape=0.669km B=13.02T unif=0.506% hoop=189MPa
  [  50] OK     f=   0.708  a=30.8 b=40.9 gap=21.5 (face=3.0mm) n=[166, 50, 474, 143, 321, 223, 484, 338, 279, 150]  tape=0.708km B=11.63T unif=0.474% hoop=188MPa
  [  51] OK     f=   0.660  a=30.2 b=39.4 gap=21.6 (face=3.3mm) n=[163, 114, 272, 280, 264, 414, 440, 110, 358, 143]  tape=0.660km B=10.96T unif=0.734% hoop=212MPa
  [  52] viol   f=   1.350  a=26.4 b=38.6 gap=21.9 (face=3.9mm) n=[342, 119, 266, 323, 67, 214, 494, 55, 177, 102]  tape=0.563km B=9.90T unif=1.062% hoop=159MPa
  [  53] OK     f=   0.592  a=28.9 b=38.0 gap=21.5 (face=3.0mm) n=[266, 226, 434, 125, 84, 402, 358, 235, 78, 165]  tape=0.592km B=11.11T unif=0.769% hoop=180MPa
  [  54] INFEAS f=1027.734  a=30.7 b=34.9 gap=21.5 (face=3.1mm) n=[231, 182, 358, 332, 94, 120, 199, 236, 251, 91]  no evaluation (geometry pre-check)
  [  55] viol   f=   0.580  a=30.0 b=38.1 gap=22.9 (face=5.9mm) n=[313, 222, 247, 289, 60, 404, 130, 268, 302, 67]  tape=0.576km B=10.42T unif=1.004% hoop=190MPa
  [a=31 b=40 nt=2380] KSP converged reason: 4, iterations: 1
  [a=29 b=42 nt=2463] KSP converged reason: 4, iterations: 1
  [a=30 b=38 nt=2149] KSP converged reason: 4, iterations: 1
  [a=28 b=38 nt=2049] KSP converged reason: 4, iterations: 1
  [a=28 b=40 nt=2308] KSP converged reason: 4, iterations: 1
  [a=29 b=40 nt=2170] KSP converged reason: 4, iterations: 1
  [a=28 b=35 nt=1681] KSP converged reason: 4, iterations: 1
  [a=27 b=38 nt=2486] KSP converged reason: 4, iterations: 1
  [a=28 b=37 nt=2460] KSP converged reason: 4, iterations: 1
  [a=27 b=40 nt=1912] KSP converged reason: 4, iterations: 1
  [  56] viol   f=  26.277  a=28.1 b=40.1 gap=21.5 (face=3.0mm) n=[299, 290, 316, 386, 82, 287, 57, 205, 166, 220]  tape=0.579km B=11.63T unif=1.358% hoop=190MPa
  [  57] INFEAS f=1035.922  a=31.6 b=35.7 gap=21.8 (face=3.5mm) n=[309, 419, 397, 214, 153, 188, 50, 67, 176, 56]  no evaluation (geometry pre-check)
  [  58] viol   f= 393.195  a=27.9 b=38.2 gap=21.7 (face=3.4mm) n=[352, 231, 263, 161, 120, 112, 139, 405, 214, 52]  tape=0.514km B=9.94T unif=2.401% hoop=169MPa
  [  59] viol   f= 201.315  a=29.2 b=39.7 gap=21.5 (face=3.0mm) n=[368, 155, 225, 202, 176, 313, 183, 146, 209, 193]  tape=0.555km B=10.47T unif=2.002% hoop=186MPa
  [  60] viol   f=   0.640  a=31.0 b=40.2 gap=21.6 (face=3.2mm) n=[375, 138, 445, 402, 127, 101, 495, 95, 109, 93]  tape=0.636km B=11.60T unif=1.004% hoop=188MPa
  [  61] viol   f=   0.831  a=30.3 b=38.4 gap=21.6 (face=3.1mm) n=[442, 104, 448, 96, 60, 334, 107, 380, 78, 100]  tape=0.540km B=10.98T unif=1.038% hoop=145MPa
  [  62] OK     f=   0.683  a=29.3 b=42.0 gap=21.5 (face=3.1mm) n=[162, 291, 332, 310, 51, 337, 498, 132, 284, 66]  tape=0.683km B=10.78T unif=0.565% hoop=204MPa
  [  63] viol   f=   6.450  a=28.3 b=34.9 gap=23.7 (face=7.3mm) n=[194, 65, 419, 268, 105, 110, 128, 199, 139, 54]  tape=0.417km B=8.26T unif=0.685% hoop=130MPa
  [  64] viol   f=  19.289  a=27.0 b=37.7 gap=21.6 (face=3.2mm) n=[488, 171, 318, 73, 185, 481, 343, 108, 225, 94]  tape=0.619km B=12.43T unif=1.306% hoop=159MPa
  [  65] viol   f=  78.685  a=27.1 b=40.2 gap=23.4 (face=6.7mm) n=[326, 93, 350, 217, 56, 65, 162, 286, 154, 203]  tape=0.474km B=9.00T unif=1.617% hoop=124MPa
  [  66] viol   f=   1.081  a=27.7 b=37.4 gap=22.4 (face=4.8mm) n=[496, 163, 339, 176, 208, 163, 187, 373, 139, 216]  tape=0.639km B=12.15T unif=1.047% hoop=179MPa
  [a=29 b=40 nt=2467] KSP converged reason: 4, iterations: 1
  [a=28 b=40 nt=2548] KSP converged reason: 4, iterations: 1
  [a=29 b=40 nt=2369] KSP converged reason: 4, iterations: 1
  [a=29 b=40 nt=2920] KSP converged reason: 4, iterations: 1
  [a=30 b=40 nt=2010] KSP converged reason: 4, iterations: 1
  [a=32 b=44 nt=2104] KSP converged reason: 4, iterations: 1
  [a=28 b=39 nt=2643] KSP converged reason: 4, iterations: 1
  [a=29 b=40 nt=2084] KSP converged reason: 4, iterations: 1
  [a=30 b=41 nt=2150] KSP converged reason: 4, iterations: 1
  [a=29 b=39 nt=2750] KSP converged reason: 4, iterations: 1
  [a=27 b=39 nt=1816] KSP converged reason: 4, iterations: 1
  [  67] viol   f=   2.791  a=30.2 b=40.0 gap=21.5 (face=3.0mm) n=[68, 248, 400, 247, 128, 271, 244, 209, 66, 129]  tape=0.531km B=9.71T unif=1.102% hoop=170MPa
  [  68] viol   f=   3.736  a=28.5 b=40.0 gap=22.1 (face=4.2mm) n=[323, 264, 353, 248, 143, 202, 450, 245, 51, 269]  tape=0.665km B=11.68T unif=1.124% hoop=197MPa
  [  69] OK     f=   0.651  a=29.0 b=39.8 gap=21.8 (face=3.6mm) n=[358, 131, 498, 330, 74, 266, 409, 82, 258, 61]  tape=0.651km B=11.92T unif=0.229% hoop=180MPa
  [  70] viol   f=  28.900  a=28.9 b=39.9 gap=21.5 (face=3.0mm) n=[341, 303, 467, 257, 162, 132, 288, 110, 162, 147]  tape=0.635km B=12.10T unif=1.376% hoop=205MPa
  [  71] viol   f=1042.367  a=32.1 b=43.6 gap=21.5 (face=3.1mm) n=[410, 317, 207, 362, 66, 120, 211, 55, 114, 242]  tape=0.588km B=10.75T unif=3.282% hoop=190MPa
  [  72] viol   f=   2.167  a=28.7 b=40.4 gap=21.5 (face=3.1mm) n=[409, 147, 392, 401, 141, 323, 353, 159, 449, 146]  tape=0.736km B=13.85T unif=1.085% hoop=187MPa
  [  73] viol   f= 263.489  a=28.4 b=38.7 gap=22.8 (face=5.7mm) n=[388, 187, 368, 409, 251, 312, 238, 224, 163, 103]  tape=0.649km B=13.56T unif=2.146% hoop=180MPa
  [  74] viol   f=   5.084  a=29.0 b=40.1 gap=21.5 (face=3.0mm) n=[170, 85, 453, 382, 81, 150, 229, 125, 226, 183]  tape=0.560km B=10.01T unif=1.150% hoop=146MPa
  [  75] viol   f=   1.334  a=29.8 b=41.2 gap=21.5 (face=3.0mm) n=[223, 261, 371, 121, 104, 160, 489, 73, 154, 194]  tape=0.604km B=9.40T unif=0.853% hoop=191MPa
  [  76] viol   f=   6.707  a=27.4 b=38.7 gap=22.9 (face=5.8mm) n=[156, 266, 303, 61, 84, 156, 163, 338, 194, 95]  tape=0.443km B=8.24T unif=1.021% hoop=140MPa
  [  77] viol   f=  51.665  a=29.4 b=38.8 gap=23.1 (face=6.3mm) n=[483, 227, 487, 422, 105, 343, 427, 63, 94, 99]  tape=0.684km B=14.29T unif=1.505% hoop=176MPa
  [a=31 b=37 nt=2503] KSP converged reason: 4, iterations: 1
  [a=28 b=39 nt=1952] KSP converged reason: 4, iterations: 1
  [a=25 b=40 nt=2303] KSP converged reason: 4, iterations: 1
  [a=29 b=40 nt=2360] KSP converged reason: 4, iterations: 1
  [a=31 b=42 nt=2631] KSP converged reason: 4, iterations: 1
  [a=30 b=45 nt=1911] KSP converged reason: 4, iterations: 1
  [a=30 b=42 nt=2403] KSP converged reason: 4, iterations: 1
  [a=30 b=39 nt=2605] KSP converged reason: 4, iterations: 1
  [a=29 b=38 nt=2056] KSP converged reason: 4, iterations: 1
  [a=30 b=43 nt=2337] KSP converged reason: 4, iterations: 1
  [a=29 b=42 nt=2160] KSP converged reason: 4, iterations: 1
  [  78] OK     f=   0.583  a=25.3 b=39.6 gap=21.5 (face=3.0mm) n=[379, 218, 463, 173, 103, 77, 398, 246, 142, 104]  tape=0.583km B=11.58T unif=0.793% hoop=157MPa
  [  79] viol   f=  12.531  a=30.9 b=42.3 gap=21.6 (face=3.2mm) n=[498, 93, 494, 476, 185, 250, 274, 137, 174, 50]  tape=0.716km B=13.78T unif=1.243% hoop=190MPa
  [  80] OK     f=   0.645  a=30.9 b=36.7 gap=23.4 (face=6.8mm) n=[289, 260, 499, 394, 67, 220, 391, 174, 152, 57]  tape=0.645km B=12.07T unif=0.544% hoop=200MPa
  [  81] viol   f=   6.083  a=30.1 b=44.8 gap=22.2 (face=4.4mm) n=[290, 77, 367, 252, 100, 50, 500, 65, 132, 78]  tape=0.562km B=8.34T unif=0.994% hoop=161MPa
  [  82] viol   f=   1.530  a=28.4 b=39.3 gap=21.5 (face=3.0mm) n=[325, 80, 489, 50, 140, 133, 327, 152, 164, 92]  tape=0.527km B=9.29T unif=0.440% hoop=151MPa
  [  83] OK     f=   0.634  a=29.5 b=39.7 gap=22.2 (face=4.4mm) n=[145, 166, 482, 373, 290, 113, 352, 141, 104, 194]  tape=0.634km B=11.24T unif=0.545% hoop=175MPa
  [  84] viol   f=   3.823  a=30.0 b=41.5 gap=22.6 (face=5.2mm) n=[355, 147, 372, 273, 99, 129, 417, 234, 288, 89]  tape=0.633km B=10.90T unif=1.126% hoop=170MPa
  [  85] OK     f=   0.690  a=30.3 b=39.4 gap=21.7 (face=3.4mm) n=[212, 253, 470, 201, 56, 237, 482, 260, 292, 142]  tape=0.690km B=11.47T unif=0.504% hoop=200MPa
  [  86] OK     f=   0.545  a=29.5 b=38.4 gap=22.2 (face=4.5mm) n=[369, 162, 486, 125, 120, 171, 368, 71, 114, 70]  tape=0.545km B=10.23T unif=0.345% hoop=156MPa
  [  87] viol   f= 125.951  a=29.8 b=42.9 gap=21.8 (face=3.6mm) n=[445, 54, 485, 344, 106, 211, 246, 207, 114, 125]  tape=0.652km B=11.79T unif=1.792% hoop=179MPa
  [  88] OK     f=   0.587  a=29.5 b=41.7 gap=21.5 (face=3.0mm) n=[150, 163, 430, 494, 120, 233, 404, 64, 52, 50]  tape=0.587km B=10.74T unif=0.867% hoop=159MPa
  [a=28 b=37 nt=2485] KSP converged reason: 4, iterations: 1
  [a=31 b=37 nt=2228] KSP converged reason: 4, iterations: 1
  [a=29 b=39 nt=1937] KSP converged reason: 4, iterations: 1
  [a=28 b=41 nt=2148] KSP converged reason: 4, iterations: 1
  [a=30 b=40 nt=2270] KSP converged reason: 4, iterations: 1
  [a=28 b=35 nt=1585] KSP converged reason: 4, iterations: 1
  [a=27 b=37 nt=2412] KSP converged reason: 4, iterations: 1
  [a=29 b=39 nt=2425] KSP converged reason: 4, iterations: 1
  [a=27 b=37 nt=2127] KSP converged reason: 4, iterations: 1
  [a=28 b=39 nt=2270] KSP converged reason: 4, iterations: 1
  [a=29 b=39 nt=1597] KSP converged reason: 4, iterations: 1
  [  89] viol   f=  54.124  a=28.9 b=39.3 gap=22.2 (face=4.4mm) n=[233, 75, 500, 119, 173, 60, 462, 63, 188, 64]  tape=0.516km B=8.79T unif=1.503% hoop=138MPa
  [  90] viol   f=   1.043  a=28.1 b=36.8 gap=21.5 (face=3.0mm) n=[457, 327, 490, 143, 94, 119, 491, 73, 80, 211]  tape=0.602km B=13.32T unif=1.047% hoop=177MPa
  [  91] viol   f=  13.180  a=28.3 b=35.3 gap=21.5 (face=3.0mm) n=[62, 66, 302, 149, 134, 274, 131, 88, 82, 297]  tape=0.360km B=7.47T unif=0.890% hoop=134MPa
  [  92] OK     f=   0.589  a=31.5 b=37.2 gap=21.8 (face=3.7mm) n=[333, 158, 462, 252, 77, 211, 275, 192, 84, 184]  tape=0.589km B=10.73T unif=0.274% hoop=185MPa
  [  93] OK     f=   0.605  a=30.2 b=39.8 gap=21.6 (face=3.2mm) n=[334, 152, 498, 300, 155, 78, 483, 66, 87, 117]  tape=0.605km B=10.92T unif=0.339% hoop=182MPa
  [  94] viol   f=   0.660  a=28.5 b=41.2 gap=21.9 (face=3.9mm) n=[332, 147, 496, 126, 92, 51, 477, 74, 140, 213]  tape=0.579km B=9.80T unif=0.545% hoop=155MPa
  [  95] OK     f=   0.506  a=27.4 b=36.8 gap=21.8 (face=3.6mm) n=[129, 269, 383, 265, 74, 195, 380, 191, 118, 123]  tape=0.506km B=10.32T unif=0.236% hoop=155MPa
  [  96] OK     f=   0.613  a=26.9 b=37.1 gap=21.5 (face=3.1mm) n=[341, 143, 489, 150, 206, 81, 228, 138, 273, 363]  tape=0.613km B=11.00T unif=0.840% hoop=160MPa
  [  97] viol   f= 100.729  a=29.4 b=38.5 gap=23.2 (face=6.4mm) n=[477, 329, 500, 345, 119, 90, 207, 51, 182, 125]  tape=0.629km B=13.15T unif=1.707% hoop=185MPa
  [  98] OK     f=   0.603  a=28.3 b=39.0 gap=21.5 (face=3.0mm) n=[353, 103, 492, 385, 128, 170, 206, 80, 159, 194]  tape=0.603km B=11.30T unif=0.298% hoop=170MPa
  [  99] viol   f=  11.985  a=28.9 b=39.0 gap=22.3 (face=4.7mm) n=[146, 63, 443, 126, 65, 267, 186, 66, 176, 59]  tape=0.430km B=7.60T unif=0.388% hoop=129MPa
  [a=29 b=37 nt=2566] KSP converged reason: 4, iterations: 1
  [a=27 b=40 nt=2057] KSP converged reason: 4, iterations: 1
  [a=30 b=35 nt=2091] KSP converged reason: 4, iterations: 1
  [a=29 b=36 nt=2370] KSP converged reason: 4, iterations: 1
  [a=30 b=37 nt=1819] KSP converged reason: 4, iterations: 1
  [a=30 b=39 nt=1659] KSP converged reason: 4, iterations: 1
  [a=28 b=38 nt=2044] KSP converged reason: 4, iterations: 1
  [a=28 b=38 nt=1867] KSP converged reason: 4, iterations: 1
  [a=28 b=39 nt=2616] KSP converged reason: 4, iterations: 1
  [a=28 b=36 nt=1939] KSP converged reason: 4, iterations: 1
  [a=30 b=38 nt=2080] KSP converged reason: 4, iterations: 1
  [ 100] viol   f=  15.891  a=30.3 b=36.5 gap=22.3 (face=4.6mm) n=[79, 96, 279, 334, 93, 228, 330, 52, 56, 272]  tape=0.428km B=8.30T unif=1.220% hoop=143MPa
  [ 101] viol   f=   1.901  a=26.8 b=40.0 gap=22.4 (face=4.8mm) n=[194, 98, 458, 150, 175, 57, 446, 133, 219, 127]  tape=0.537km B=9.17T unif=0.494% hoop=142MPa
  [ 102] OK     f=   0.509  a=30.1 b=35.4 gap=21.5 (face=3.1mm) n=[224, 303, 405, 125, 84, 331, 251, 91, 98, 179]  tape=0.509km B=10.48T unif=0.347% hoop=172MPa
  [ 103] viol   f=  15.898  a=29.6 b=38.6 gap=21.5 (face=3.0mm) n=[104, 173, 273, 59, 67, 122, 240, 157, 212, 252]  tape=0.397km B=7.22T unif=0.303% hoop=126MPa
  [ 104] OK     f=   0.559  a=29.3 b=35.6 gap=21.5 (face=3.0mm) n=[265, 121, 385, 232, 150, 215, 356, 135, 348, 163]  tape=0.559km B=10.96T unif=0.147% hoop=169MPa
  [ 105] OK     f=   0.639  a=28.6 b=37.3 gap=21.7 (face=3.5mm) n=[379, 200, 486, 315, 74, 169, 485, 84, 165, 209]  tape=0.639km B=12.36T unif=0.379% hoop=176MPa
  [ 106] OK     f=   0.528  a=27.9 b=38.0 gap=21.6 (face=3.2mm) n=[371, 117, 485, 130, 50, 65, 331, 255, 187, 53]  tape=0.528km B=10.03T unif=0.296% hoop=144MPa
  [ 107] viol   f= 127.453  a=28.1 b=38.5 gap=21.5 (face=3.0mm) n=[306, 61, 293, 299, 147, 202, 332, 54, 123, 50]  tape=0.443km B=9.87T unif=1.797% hoop=147MPa
  [ 108] OK     f=   0.679  a=27.7 b=38.8 gap=21.8 (face=3.6mm) n=[361, 265, 500, 253, 129, 123, 357, 359, 202, 67]  tape=0.679km B=12.57T unif=0.201% hoop=188MPa
  [ 109] viol   f=   1.089  a=28.3 b=36.0 gap=21.7 (face=3.5mm) n=[51, 278, 426, 190, 81, 198, 388, 76, 199, 52]  tape=0.472km B=9.44T unif=0.536% hoop=143MPa
  [ 110] OK     f=   0.497  a=30.0 b=37.7 gap=21.7 (face=3.4mm) n=[295, 182, 308, 182, 126, 203, 332, 302, 51, 99]  tape=0.497km B=10.07T unif=0.860% hoop=165MPa
  [a=30 b=36 nt=1972] KSP converged reason: 4, iterations: 1
  [a=31 b=39 nt=2206] KSP converged reason: 4, iterations: 1
  [a=30 b=38 nt=2454] KSP converged reason: 4, iterations: 1
  [a=28 b=38 nt=1925] KSP converged reason: 4, iterations: 1
  [a=29 b=38 nt=2349] KSP converged reason: 4, iterations: 1
  [a=29 b=35 nt=1779] KSP converged reason: 4, iterations: 1
  [a=27 b=39 nt=2496] KSP converged reason: 4, iterations: 1
  [a=28 b=40 nt=1953] KSP converged reason: 4, iterations: 1
  [a=29 b=35 nt=2444] KSP converged reason: 4, iterations: 1
  [a=30 b=37 nt=2377] KSP converged reason: 4, iterations: 1
  [a=28 b=37 nt=2136] KSP converged reason: 4, iterations: 1
  [ 111] viol   f=  82.606  a=28.5 b=37.8 gap=21.5 (face=3.0mm) n=[201, 397, 275, 225, 278, 286, 115, 304, 76, 192]  tape=0.579km B=11.88T unif=1.640% hoop=187MPa
  [ 112] viol   f= 434.327  a=30.7 b=39.3 gap=22.2 (face=4.4mm) n=[478, 236, 304, 50, 204, 145, 379, 164, 106, 140]  tape=0.598km B=11.08T unif=2.473% hoop=181MPa
  [ 113] viol   f= 235.244  a=29.8 b=36.0 gap=22.8 (face=5.6mm) n=[221, 78, 475, 66, 200, 76, 400, 234, 102, 120]  tape=0.505km B=8.89T unif=2.078% hoop=129MPa
  [ 114] viol   f= 134.684  a=29.3 b=34.9 gap=21.5 (face=3.0mm) n=[118, 354, 222, 185, 73, 300, 191, 82, 90, 164]  tape=0.423km B=9.15T unif=1.815% hoop=155MPa
  [ 115] OK     f=   0.641  a=30.4 b=38.0 gap=23.8 (face=7.6mm) n=[139, 357, 350, 289, 271, 180, 468, 119, 96, 185]  tape=0.641km B=11.08T unif=0.869% hoop=205MPa
  [ 116] viol   f=   0.533  a=28.4 b=38.3 gap=21.6 (face=3.3mm) n=[343, 134, 442, 114, 58, 288, 349, 54, 57, 86]  tape=0.487km B=9.85T unif=0.373% hoop=149MPa
  [ 117] OK     f=   0.638  a=26.9 b=38.9 gap=21.5 (face=3.0mm) n=[333, 214, 494, 86, 77, 66, 337, 399, 314, 176]  tape=0.638km B=11.33T unif=0.844% hoop=166MPa
  [ 118] viol   f=   8.183  a=28.3 b=39.5 gap=21.7 (face=3.3mm) n=[206, 99, 51, 362, 185, 118, 171, 477, 140, 144]  tape=0.529km B=8.04T unif=0.272% hoop=141MPa
  [ 119] viol   f= 155.924  a=28.6 b=34.6 gap=21.9 (face=3.8mm) n=[307, 200, 472, 165, 148, 226, 409, 291, 80, 146]  tape=0.596km B=11.49T unif=1.881% hoop=178MPa
  [ 120] OK     f=   0.625  a=29.7 b=37.3 gap=21.5 (face=3.0mm) n=[279, 224, 481, 221, 284, 103, 253, 302, 95, 135]  tape=0.625km B=11.47T unif=0.454% hoop=202MPa
  [ 121] viol   f=  25.056  a=28.2 b=37.1 gap=22.2 (face=4.4mm) n=[315, 202, 265, 269, 168, 104, 479, 151, 96, 87]  tape=0.557km B=9.89T unif=1.350% hoop=197MPa
  [a=29 b=37 nt=2456] KSP converged reason: 4, iterations: 1
  [a=27 b=37 nt=1985] KSP converged reason: 4, iterations: 1
  [a=28 b=37 nt=2570] KSP converged reason: 4, iterations: 1
  [a=29 b=39 nt=2375] KSP converged reason: 4, iterations: 1
  [a=30 b=39 nt=2017] KSP converged reason: 4, iterations: 1
  [a=29 b=37 nt=2231] KSP converged reason: 4, iterations: 1
  [a=29 b=37 nt=2789] KSP converged reason: 4, iterations: 1
  [a=28 b=36 nt=1900] KSP converged reason: 4, iterations: 1
  [a=30 b=39 nt=2262] KSP converged reason: 4, iterations: 1
  [a=27 b=41 nt=2573] KSP converged reason: 4, iterations: 1
  [a=28 b=39 nt=2395] KSP converged reason: 4, iterations: 1
  [ 122] viol   f=   6.506  a=27.1 b=37.3 gap=21.7 (face=3.3mm) n=[465, 86, 429, 252, 100, 58, 287, 151, 52, 105]  tape=0.494km B=11.21T unif=1.173% hoop=138MPa
  [ 123] OK     f=   0.587  a=29.2 b=38.6 gap=21.6 (face=3.2mm) n=[276, 290, 410, 238, 212, 126, 301, 411, 60, 51]  tape=0.587km B=11.70T unif=0.734% hoop=201MPa
  [ 124] viol   f=   2.456  a=28.6 b=37.4 gap=22.0 (face=3.9mm) n=[197, 237, 500, 200, 102, 401, 197, 357, 135, 130]  tape=0.638km B=11.36T unif=1.095% hoop=181MPa
  [ 125] OK     f=   0.622  a=27.7 b=36.8 gap=21.6 (face=3.2mm) n=[449, 85, 402, 259, 101, 344, 218, 336, 276, 100]  tape=0.622km B=12.86T unif=0.879% hoop=163MPa
  [ 126] viol   f=   0.663  a=30.5 b=38.8 gap=21.8 (face=3.6mm) n=[275, 262, 362, 80, 316, 155, 300, 56, 81, 130]  tape=0.502km B=10.22T unif=1.028% hoop=186MPa
  [ 127] viol   f=   0.701  a=29.4 b=37.4 gap=22.1 (face=4.2mm) n=[195, 202, 314, 88, 288, 213, 159, 276, 131, 365]  tape=0.542km B=9.72T unif=0.453% hoop=178MPa
  [ 128] OK     f=   0.686  a=28.9 b=37.2 gap=21.8 (face=3.6mm) n=[420, 128, 481, 435, 61, 244, 275, 405, 203, 137]  tape=0.686km B=13.80T unif=0.435% hoop=177MPa
  [ 129] viol   f= 403.593  a=28.5 b=36.0 gap=21.5 (face=3.0mm) n=[173, 183, 496, 77, 130, 231, 366, 65, 87, 92]  tape=0.492km B=9.15T unif=2.417% hoop=166MPa
  [ 130] OK     f=   0.602  a=30.5 b=38.9 gap=21.5 (face=3.0mm) n=[291, 213, 481, 102, 75, 293, 421, 135, 178, 73]  tape=0.602km B=10.57T unif=0.831% hoop=186MPa
  [ 131] viol   f=  99.763  a=26.9 b=40.9 gap=21.5 (face=3.0mm) n=[482, 149, 363, 186, 214, 204, 424, 321, 130, 100]  tape=0.678km B=12.89T unif=1.704% hoop=192MPa
  [ 132] OK     f=   0.621  a=27.7 b=39.1 gap=21.6 (face=3.2mm) n=[382, 98, 479, 164, 156, 142, 438, 211, 174, 151]  tape=0.621km B=11.32T unif=0.281% hoop=166MPa
  [a=29 b=37 nt=2465] KSP converged reason: 4, iterations: 1
  [a=29 b=37 nt=2366] KSP converged reason: 4, iterations: 1
  [a=29 b=36 nt=2108] KSP converged reason: 4, iterations: 1
  [a=30 b=40 nt=2369] KSP converged reason: 4, iterations: 1
  [a=29 b=37 nt=2330] KSP converged reason: 4, iterations: 1
  [a=29 b=37 nt=2476] KSP converged reason: 4, iterations: 1
  [a=29 b=39 nt=2464] KSP converged reason: 4, iterations: 1
  [a=32 b=42 nt=2347] KSP converged reason: 4, iterations: 1
  [a=29 b=39 nt=2179] KSP converged reason: 4, iterations: 1
  [a=30 b=39 nt=2587] KSP converged reason: 4, iterations: 1
  [a=29 b=38 nt=2038] KSP converged reason: 4, iterations: 1
  [ 133] OK     f=   0.581  a=29.4 b=37.4 gap=21.7 (face=3.5mm) n=[271, 148, 347, 87, 272, 264, 309, 329, 245, 204]  tape=0.581km B=11.41T unif=0.644% hoop=185MPa
  [ 134] viol   f=  72.985  a=29.4 b=37.2 gap=21.8 (face=3.6mm) n=[380, 267, 389, 182, 74, 124, 283, 312, 124, 195]  tape=0.563km B=11.84T unif=1.602% hoop=172MPa
  [ 135] viol   f=   0.896  a=29.5 b=37.3 gap=21.7 (face=3.4mm) n=[462, 283, 495, 104, 291, 82, 414, 149, 86, 99]  tape=0.621km B=13.21T unif=1.037% hoop=182MPa
  [ 136] OK     f=   0.634  a=30.0 b=40.0 gap=21.5 (face=3.1mm) n=[226, 333, 468, 91, 291, 178, 396, 197, 109, 80]  tape=0.634km B=11.49T unif=0.591% hoop=193MPa
  [ 137] viol   f=   0.943  a=29.4 b=36.2 gap=22.5 (face=5.1mm) n=[190, 104, 404, 76, 142, 258, 358, 413, 106, 57]  tape=0.507km B=9.53T unif=0.601% hoop=139MPa
  [ 138] viol   f= 415.298  a=29.0 b=37.2 gap=21.9 (face=3.9mm) n=[465, 315, 287, 150, 145, 173, 240, 300, 162, 129]  tape=0.612km B=12.31T unif=2.440% hoop=189MPa
  [ 139] OK     f=   0.645  a=31.7 b=42.2 gap=21.8 (face=3.6mm) n=[222, 178, 458, 108, 131, 425, 397, 90, 264, 74]  tape=0.645km B=10.41T unif=0.190% hoop=178MPa
  [ 140] viol   f=  14.132  a=28.5 b=38.6 gap=21.5 (face=3.0mm) n=[306, 179, 498, 216, 151, 461, 270, 197, 132, 54]  tape=0.644km B=11.81T unif=1.260% hoop=187MPa
  [ 141] viol   f=   0.627  a=29.4 b=39.1 gap=22.9 (face=5.8mm) n=[268, 220, 500, 88, 143, 141, 314, 355, 52, 98]  tape=0.590km B=9.86T unif=0.800% hoop=173MPa
  [ 142] OK     f=   0.667  a=29.9 b=38.9 gap=21.5 (face=3.0mm) n=[299, 218, 368, 219, 59, 263, 489, 487, 120, 65]  tape=0.667km B=11.15T unif=0.224% hoop=201MPa
  [ 143] viol   f=   1.074  a=28.8 b=37.5 gap=21.5 (face=3.0mm) n=[159, 104, 468, 149, 92, 216, 333, 320, 108, 89]  tape=0.531km B=9.48T unif=0.579% hoop=147MPa
  [a=31 b=38 nt=2178] KSP converged reason: 4, iterations: 1
  [a=31 b=39 nt=2076] KSP converged reason: 4, iterations: 1
  [a=30 b=38 nt=2541] KSP converged reason: 4, iterations: 1
  [a=30 b=38 nt=2514] KSP converged reason: 4, iterations: 1
  [a=29 b=39 nt=2689] KSP converged reason: 4, iterations: 1
  [a=29 b=42 nt=2637] KSP converged reason: 4, iterations: 1
  [a=30 b=40 nt=2121] KSP converged reason: 4, iterations: 1
  [a=30 b=38 nt=2697] KSP converged reason: 4, iterations: 1
  [a=30 b=37 nt=2693] KSP converged reason: 4, iterations: 1
  [a=31 b=41 nt=2669] KSP converged reason: 4, iterations: 1
  [a=30 b=41 nt=2901] KSP converged reason: 4, iterations: 1
  [ 144] OK     f=   0.680  a=29.0 b=41.7 gap=23.1 (face=6.2mm) n=[206, 363, 264, 57, 152, 226, 387, 410, 315, 257]  tape=0.680km B=11.05T unif=0.461% hoop=171MPa
  [ 145] viol   f=   1.664  a=31.1 b=38.9 gap=22.4 (face=4.8mm) n=[197, 103, 490, 84, 217, 127, 274, 233, 251, 100]  tape=0.578km B=9.26T unif=0.405% hoop=173MPa
  [ 146] OK     f=   0.673  a=30.1 b=38.3 gap=21.6 (face=3.1mm) n=[207, 147, 471, 275, 185, 264, 301, 331, 181, 179]  tape=0.673km B=11.72T unif=0.477% hoop=197MPa
  [ 147] viol   f=   1.669  a=30.6 b=38.4 gap=22.4 (face=4.7mm) n=[207, 103, 354, 69, 274, 198, 308, 490, 121, 54]  tape=0.585km B=9.26T unif=0.636% hoop=167MPa
  [ 148] OK     f=   0.682  a=29.1 b=38.8 gap=21.6 (face=3.1mm) n=[287, 146, 449, 178, 324, 134, 225, 383, 166, 397]  tape=0.682km B=11.85T unif=0.372% hoop=184MPa
  [ 149] OK     f=   0.625  a=29.5 b=37.6 gap=21.5 (face=3.0mm) n=[280, 73, 429, 235, 155, 287, 342, 142, 386, 185]  tape=0.625km B=11.42T unif=0.291% hoop=173MPa
  [ 150] viol   f=   0.610  a=29.9 b=40.1 gap=21.8 (face=3.5mm) n=[243, 211, 382, 63, 245, 237, 154, 335, 85, 166]  tape=0.548km B=9.82T unif=0.480% hoop=181MPa
  [ 151] OK     f=   0.658  a=30.0 b=38.4 gap=21.8 (face=3.6mm) n=[99, 235, 406, 107, 200, 229, 357, 394, 296, 374]  tape=0.658km B=11.59T unif=0.273% hoop=181MPa
  [ 152] OK     f=   0.724  a=30.5 b=40.8 gap=22.6 (face=5.1mm) n=[54, 300, 212, 394, 436, 176, 494, 263, 144, 196]  tape=0.724km B=11.39T unif=0.247% hoop=183MPa
  [ 153] OK     f=   0.697  a=29.7 b=37.5 gap=22.7 (face=5.5mm) n=[174, 364, 499, 143, 360, 249, 174, 410, 127, 193]  tape=0.697km B=12.36T unif=0.642% hoop=183MPa
  [ 154] OK     f=   0.787  a=30.3 b=40.8 gap=24.1 (face=8.2mm) n=[257, 166, 500, 158, 253, 157, 434, 378, 261, 337]  tape=0.787km B=11.92T unif=0.531% hoop=186MPa
  [a=28 b=37 nt=2178] KSP converged reason: 4, iterations: 1
  [a=28 b=38 nt=2271] KSP converged reason: 4, iterations: 1
  [a=30 b=41 nt=2240] KSP converged reason: 4, iterations: 1
  [a=29 b=36 nt=2321] KSP converged reason: 4, iterations: 1
  [a=31 b=40 nt=2201] KSP converged reason: 4, iterations: 1
  [a=31 b=39 nt=2112] KSP converged reason: 4, iterations: 1
  [a=28 b=39 nt=2762] KSP converged reason: 4, iterations: 1
  [a=29 b=39 nt=2162] KSP converged reason: 4, iterations: 1
  [a=29 b=38 nt=2235] KSP converged reason: 4, iterations: 1
  [a=30 b=40 nt=1558] KSP converged reason: 4, iterations: 1
  [a=30 b=39 nt=2002] KSP converged reason: 4, iterations: 1
  [ 155] viol   f=   0.665  a=27.9 b=37.6 gap=22.0 (face=4.0mm) n=[226, 181, 341, 123, 288, 168, 239, 493, 122, 90]  tape=0.597km B=9.82T unif=0.587% hoop=171MPa
  [ 156] OK     f=   0.559  a=28.5 b=36.5 gap=21.9 (face=3.8mm) n=[100, 93, 424, 156, 337, 238, 202, 339, 368, 64]  tape=0.559km B=10.70T unif=0.614% hoop=165MPa
  [ 157] viol   f=   2.311  a=28.1 b=37.4 gap=23.5 (face=6.9mm) n=[190, 183, 305, 107, 280, 168, 251, 476, 89, 129]  tape=0.570km B=9.07T unif=0.502% hoop=175MPa
  [ 158] OK     f=   0.613  a=29.8 b=41.2 gap=21.7 (face=3.5mm) n=[207, 263, 480, 82, 272, 260, 410, 65, 63, 138]  tape=0.613km B=10.59T unif=0.443% hoop=190MPa
  [ 159] viol   f=   2.835  a=30.5 b=38.9 gap=21.5 (face=3.1mm) n=[238, 112, 279, 123, 119, 137, 329, 252, 326, 197]  tape=0.519km B=8.92T unif=0.230% hoop=157MPa
  [ 160] viol   f=   0.637  a=31.5 b=39.9 gap=21.8 (face=3.6mm) n=[157, 165, 463, 56, 212, 230, 261, 414, 192, 51]  tape=0.598km B=9.86T unif=0.381% hoop=194MPa
  [ 161] OK     f=   0.705  a=28.4 b=38.6 gap=21.5 (face=3.0mm) n=[239, 95, 492, 84, 423, 243, 254, 445, 204, 283]  tape=0.705km B=12.56T unif=0.512% hoop=198MPa
  [ 162] viol   f=  37.399  a=29.2 b=39.0 gap=21.7 (face=3.5mm) n=[363, 102, 217, 88, 169, 255, 254, 469, 121, 124]  tape=0.578km B=9.44T unif=1.425% hoop=185MPa
  [ 163] OK     f=   0.566  a=29.4 b=38.5 gap=21.7 (face=3.4mm) n=[175, 209, 401, 134, 209, 310, 259, 318, 156, 64]  tape=0.566km B=10.40T unif=0.183% hoop=173MPa
  [ 164] viol   f=  10.494  a=30.0 b=39.7 gap=21.6 (face=3.1mm) n=[185, 174, 390, 112, 67, 266, 108, 87, 94, 75]  tape=0.418km B=7.76T unif=0.632% hoop=169MPa
  [ 165] viol   f=   8.133  a=29.9 b=39.2 gap=21.7 (face=3.4mm) n=[87, 200, 307, 96, 130, 231, 137, 460, 87, 267]  tape=0.543km B=8.05T unif=0.282% hoop=154MPa
  [a=30 b=37 nt=2408] KSP converged reason: 4, iterations: 1
  [a=29 b=38 nt=2123] KSP converged reason: 4, iterations: 1
  [a=29 b=37 nt=2013] KSP converged reason: 4, iterations: 1
  [a=30 b=38 nt=1907] KSP converged reason: 4, iterations: 1
  [a=30 b=38 nt=2241] KSP converged reason: 4, iterations: 1
  [a=30 b=35 nt=2171] KSP converged reason: 4, iterations: 1
  [a=30 b=39 nt=2301] KSP converged reason: 4, iterations: 1
  [a=29 b=40 nt=1455] KSP converged reason: 4, iterations: 1
  [a=29 b=41 nt=2121] KSP converged reason: 4, iterations: 1
  [a=30 b=38 nt=2360] KSP converged reason: 4, iterations: 1
  [a=29 b=37 nt=2548] KSP converged reason: 4, iterations: 1
  [ 166] viol   f= 202.697  a=29.7 b=36.9 gap=23.6 (face=7.2mm) n=[78, 200, 499, 166, 323, 237, 64, 499, 242, 100]  tape=0.613km B=10.46T unif=2.005% hoop=164MPa
  [ 167] OK     f=   0.521  a=29.8 b=35.0 gap=22.2 (face=4.4mm) n=[207, 185, 399, 193, 316, 115, 326, 224, 144, 62]  tape=0.521km B=10.60T unif=0.357% hoop=178MPa
  [ 168] OK     f=   0.566  a=29.0 b=37.9 gap=21.5 (face=3.0mm) n=[178, 52, 495, 257, 160, 352, 143, 259, 94, 133]  tape=0.566km B=10.20T unif=0.378% hoop=162MPa
  [ 169] viol   f=   0.638  a=30.5 b=37.8 gap=21.5 (face=3.1mm) n=[85, 50, 347, 112, 211, 423, 297, 296, 333, 87]  tape=0.563km B=9.81T unif=0.468% hoop=184MPa
  [ 170] viol   f=   2.353  a=29.6 b=37.7 gap=21.5 (face=3.0mm) n=[131, 135, 444, 142, 250, 64, 331, 117, 230, 63]  tape=0.498km B=9.04T unif=0.416% hoop=148MPa
  [ 171] viol   f=  14.192  a=28.9 b=37.5 gap=21.7 (face=3.3mm) n=[124, 67, 500, 108, 185, 137, 302, 358, 161, 71]  tape=0.534km B=9.21T unif=1.249% hoop=144MPa
  [ 172] OK     f=   0.623  a=30.2 b=39.0 gap=21.6 (face=3.1mm) n=[100, 175, 499, 145, 361, 243, 141, 351, 235, 51]  tape=0.623km B=10.81T unif=0.483% hoop=172MPa
  [ 173] viol   f=  25.405  a=28.9 b=39.8 gap=22.3 (face=4.5mm) n=[59, 123, 335, 144, 161, 221, 122, 75, 154, 61]  tape=0.378km B=7.15T unif=1.210% hoop=146MPa
  [ 174] OK     f=   0.544  a=28.6 b=41.1 gap=21.5 (face=3.0mm) n=[207, 226, 356, 160, 222, 245, 252, 269, 125, 59]  tape=0.544km B=10.19T unif=0.806% hoop=182MPa
  [ 175] OK     f=   0.556  a=29.8 b=37.5 gap=22.2 (face=4.3mm) n=[89, 82, 368, 148, 307, 365, 205, 354, 341, 101]  tape=0.556km B=10.47T unif=0.906% hoop=160MPa
  [ 176] OK     f=   0.626  a=29.2 b=36.6 gap=22.9 (face=5.8mm) n=[151, 162, 417, 158, 176, 275, 242, 421, 455, 91]  tape=0.626km B=10.80T unif=0.470% hoop=177MPa
  [a=27 b=35 nt=1956] KSP converged reason: 4, iterations: 1
  [a=28 b=35 nt=2636] KSP converged reason: 4, iterations: 1
  [a=27 b=36 nt=2099] KSP converged reason: 4, iterations: 1
  [a=28 b=37 nt=1874] KSP converged reason: 4, iterations: 1
  [a=31 b=41 nt=2887] KSP converged reason: 4, iterations: 1
  [a=29 b=38 nt=2284] KSP converged reason: 4, iterations: 1
  [a=28 b=35 nt=2145] KSP converged reason: 4, iterations: 1
  [a=31 b=37 nt=2151] KSP converged reason: 4, iterations: 1
  [a=29 b=39 nt=1906] KSP converged reason: 4, iterations: 1
  [a=29 b=38 nt=2324] KSP converged reason: 4, iterations: 1
  [a=30 b=39 nt=3011] KSP converged reason: 4, iterations: 1
  [ 177] viol   f= 116.804  a=27.3 b=36.0 gap=21.6 (face=3.2mm) n=[206, 87, 493, 76, 379, 163, 139, 121, 372, 63]  tape=0.525km B=9.97T unif=1.762% hoop=132MPa
  [ 178] OK     f=   0.731  a=30.7 b=40.9 gap=21.7 (face=3.4mm) n=[316, 84, 446, 172, 179, 430, 391, 442, 377, 50]  tape=0.731km B=12.86T unif=0.221% hoop=189MPa
  [ 179] viol   f=  40.065  a=27.5 b=35.0 gap=21.5 (face=3.0mm) n=[199, 62, 495, 62, 320, 280, 95, 215, 143, 85]  tape=0.494km B=9.71T unif=1.444% hoop=143MPa
  [ 180] viol   f=   1.697  a=28.3 b=37.2 gap=21.8 (face=3.6mm) n=[226, 139, 474, 119, 218, 283, 108, 142, 108, 57]  tape=0.495km B=9.24T unif=1.014% hoop=153MPa
  [ 181] viol   f=  47.486  a=27.8 b=35.3 gap=21.5 (face=3.1mm) n=[86, 104, 470, 208, 328, 351, 315, 299, 373, 102]  tape=0.631km B=12.45T unif=1.484% hoop=184MPa
  [ 182] viol   f=   0.578  a=28.9 b=38.3 gap=22.5 (face=5.0mm) n=[162, 185, 284, 120, 360, 263, 203, 412, 224, 71]  tape=0.576km B=9.97T unif=0.092% hoop=168MPa
  [ 183] viol   f=   1.017  a=31.1 b=37.2 gap=21.5 (face=3.1mm) n=[268, 257, 354, 151, 140, 275, 187, 175, 260, 84]  tape=0.529km B=10.58T unif=1.049% hoop=199MPa
  [ 184] viol   f= 129.301  a=28.2 b=34.5 gap=21.7 (face=3.5mm) n=[167, 136, 494, 175, 65, 230, 312, 289, 140, 137]  tape=0.543km B=10.10T unif=1.802% hoop=157MPa
  [ 185] viol   f=   2.168  a=29.3 b=38.7 gap=22.0 (face=4.1mm) n=[263, 56, 410, 175, 160, 172, 294, 163, 99, 114]  tape=0.498km B=9.09T unif=0.546% hoop=163MPa
  [ 186] OK     f=   0.557  a=28.6 b=38.3 gap=21.5 (face=3.1mm) n=[206, 130, 389, 140, 354, 79, 356, 234, 386, 50]  tape=0.557km B=10.60T unif=0.203% hoop=151MPa
  [ 187] viol   f=   2.617  a=29.6 b=38.5 gap=22.9 (face=5.7mm) n=[315, 393, 359, 80, 357, 276, 291, 313, 491, 136]  tape=0.771km B=13.30T unif=1.096% hoop=211MPa
  [a=30 b=39 nt=2467] KSP converged reason: 4, iterations: 1
  [a=31 b=38 nt=2742] KSP converged reason: 4, iterations: 1
  [a=29 b=39 nt=2265] KSP converged reason: 4, iterations: 1
  [a=31 b=39 nt=2331] KSP converged reason: 4, iterations: 1
  [a=30 b=39 nt=2234] KSP converged reason: 4, iterations: 1
  [a=30 b=39 nt=2237] KSP converged reason: 4, iterations: 1
  [a=28 b=38 nt=2243] KSP converged reason: 4, iterations: 1
  [a=31 b=38 nt=2595] KSP converged reason: 4, iterations: 1
  [a=29 b=36 nt=2369] KSP converged reason: 4, iterations: 1
  [a=28 b=39 nt=2441] KSP converged reason: 4, iterations: 1
  [a=29 b=39 nt=2384] KSP converged reason: 4, iterations: 1
  [ 188] OK     f=   0.577  a=29.8 b=39.4 gap=21.7 (face=3.4mm) n=[233, 73, 390, 172, 293, 209, 264, 160, 233, 207]  tape=0.577km B=10.36T unif=0.981% hoop=172MPa
  [ 189] OK     f=   0.645  a=30.2 b=39.0 gap=21.6 (face=3.2mm) n=[127, 131, 413, 271, 497, 102, 158, 199, 491, 78]  tape=0.645km B=10.81T unif=0.283% hoop=172MPa
  [ 190] OK     f=   0.691  a=30.7 b=37.9 gap=21.7 (face=3.4mm) n=[206, 181, 364, 202, 247, 205, 349, 437, 391, 160]  tape=0.691km B=11.59T unif=0.136% hoop=207MPa
  [ 191] viol   f=   1.022  a=28.5 b=38.8 gap=21.7 (face=3.3mm) n=[273, 76, 279, 87, 194, 130, 383, 264, 392, 187]  tape=0.561km B=9.52T unif=0.102% hoop=152MPa
  [ 192] viol   f=   0.607  a=30.1 b=39.2 gap=21.7 (face=3.3mm) n=[203, 117, 350, 121, 285, 130, 374, 208, 297, 152]  tape=0.564km B=9.85T unif=0.291% hoop=160MPa
  [ 193] OK     f=   0.583  a=31.1 b=39.2 gap=22.1 (face=4.1mm) n=[277, 215, 354, 89, 204, 106, 343, 383, 308, 52]  tape=0.583km B=10.21T unif=0.096% hoop=181MPa
  [ 194] OK     f=   0.556  a=28.4 b=38.4 gap=21.5 (face=3.0mm) n=[163, 51, 400, 189, 433, 54, 289, 451, 160, 53]  tape=0.556km B=10.17T unif=0.350% hoop=141MPa
  [ 195] OK     f=   0.660  a=31.5 b=38.3 gap=21.8 (face=3.6mm) n=[190, 233, 426, 71, 294, 218, 334, 370, 315, 144]  tape=0.660km B=11.52T unif=0.275% hoop=191MPa
  [ 196] OK     f=   0.567  a=28.9 b=36.3 gap=21.6 (face=3.2mm) n=[122, 105, 357, 166, 367, 299, 54, 433, 374, 92]  tape=0.567km B=10.43T unif=0.395% hoop=157MPa
  [ 197] OK     f=   0.592  a=29.1 b=38.6 gap=21.7 (face=3.4mm) n=[242, 163, 329, 254, 396, 56, 298, 146, 333, 167]  tape=0.592km B=11.00T unif=0.626% hoop=176MPa
  [ 198] OK     f=   0.636  a=28.1 b=39.2 gap=21.5 (face=3.1mm) n=[222, 88, 497, 83, 246, 234, 167, 500, 317, 87]  tape=0.636km B=10.72T unif=0.513% hoop=187MPa
  [a=29 b=37 nt=2479] KSP converged reason: 4, iterations: 1
  [a=28 b=40 nt=2608] KSP converged reason: 4, iterations: 1
  [a=28 b=38 nt=2514] KSP converged reason: 4, iterations: 1
  [a=30 b=37 nt=2813] KSP converged reason: 4, iterations: 1
  [a=29 b=38 nt=2500] KSP converged reason: 4, iterations: 1
  [a=30 b=41 nt=2741] KSP converged reason: 4, iterations: 1
  [a=28 b=37 nt=2680] KSP converged reason: 4, iterations: 1
  [a=28 b=41 nt=2271] KSP converged reason: 4, iterations: 1
  [a=28 b=37 nt=2509] KSP converged reason: 4, iterations: 1
  [a=30 b=38 nt=2591] KSP converged reason: 4, iterations: 1
  [a=29 b=39 nt=2516] KSP converged reason: 4, iterations: 1
  [ 199] OK     f=   0.683  a=29.9 b=37.1 gap=21.5 (face=3.0mm) n=[179, 177, 426, 249, 422, 189, 345, 370, 281, 175]  tape=0.683km B=13.02T unif=0.412% hoop=194MPa
  [ 200] OK     f=   0.619  a=28.6 b=38.0 gap=21.8 (face=3.7mm) n=[154, 149, 226, 322, 427, 131, 218, 346, 409, 118]  tape=0.619km B=10.68T unif=0.996% hoop=172MPa
  [ 201] OK     f=   0.701  a=27.9 b=39.5 gap=21.6 (face=3.2mm) n=[200, 215, 492, 226, 306, 200, 245, 304, 284, 136]  tape=0.701km B=12.05T unif=0.360% hoop=201MPa
  [ 202] OK     f=   0.626  a=28.3 b=37.8 gap=21.5 (face=3.0mm) n=[220, 64, 464, 217, 313, 91, 303, 414, 349, 79]  tape=0.626km B=11.38T unif=0.516% hoop=169MPa
  [ 203] OK     f=   0.715  a=30.2 b=40.9 gap=21.5 (face=3.0mm) n=[185, 51, 387, 213, 460, 321, 185, 402, 417, 120]  tape=0.715km B=11.98T unif=0.183% hoop=188MPa
  [ 204] OK     f=   0.613  a=28.9 b=36.7 gap=21.5 (face=3.0mm) n=[163, 67, 452, 259, 450, 285, 54, 499, 74, 176]  tape=0.613km B=11.48T unif=0.613% hoop=164MPa
  [ 205] viol   f=   0.987  a=27.8 b=40.7 gap=22.5 (face=4.9mm) n=[134, 107, 362, 145, 371, 124, 332, 495, 136, 65]  tape=0.610km B=9.57T unif=0.221% hoop=152MPa
  [ 206] viol   f=  12.037  a=28.2 b=36.5 gap=21.5 (face=3.0mm) n=[352, 134, 500, 227, 474, 235, 199, 341, 127, 91]  tape=0.667km B=13.23T unif=1.238% hoop=184MPa
  [ 207] OK     f=   0.591  a=28.0 b=37.0 gap=22.8 (face=5.6mm) n=[111, 201, 405, 230, 368, 161, 70, 399, 361, 203]  tape=0.591km B=10.97T unif=0.920% hoop=157MPa
  [ 208] OK     f=   0.651  a=29.6 b=38.2 gap=21.9 (face=3.8mm) n=[376, 121, 430, 208, 297, 235, 278, 350, 180, 116]  tape=0.651km B=12.47T unif=0.681% hoop=193MPa
  [ 209] viol   f= 100.729  a=28.6 b=39.3 gap=21.5 (face=3.1mm) n=[116, 224, 270, 63, 491, 145, 442, 431, 239, 95]  tape=0.651km B=10.54T unif=1.707% hoop=171MPa
  [a=27 b=37 nt=2819] KSP converged reason: 4, iterations: 1
  [a=28 b=37 nt=2570] KSP converged reason: 4, iterations: 1
  [a=27 b=38 nt=2291] KSP converged reason: 4, iterations: 1
  [a=29 b=39 nt=2450] KSP converged reason: 4, iterations: 1
  [a=30 b=38 nt=2973] KSP converged reason: 4, iterations: 1
  [a=27 b=36 nt=2004] KSP converged reason: 4, iterations: 1
  [a=29 b=38 nt=2798] KSP converged reason: 4, iterations: 1
  [a=29 b=36 nt=2164] KSP converged reason: 4, iterations: 1
  [a=29 b=36 nt=2387] KSP converged reason: 4, iterations: 1
  [a=29 b=38 nt=2487] KSP converged reason: 4, iterations: 1
  [a=29 b=36 nt=2111] KSP converged reason: 4, iterations: 1
  [ 210] viol   f=   2.627  a=26.7 b=35.5 gap=21.6 (face=3.1mm) n=[181, 114, 429, 140, 386, 152, 93, 363, 69, 77]  tape=0.475km B=10.00T unif=1.104% hoop=132MPa
  [ 211] OK     f=   0.633  a=29.1 b=38.6 gap=21.8 (face=3.6mm) n=[163, 146, 312, 241, 466, 287, 120, 425, 233, 57]  tape=0.633km B=10.78T unif=0.635% hoop=182MPa
  [ 212] viol   f=  61.661  a=28.5 b=36.9 gap=21.6 (face=3.3mm) n=[252, 61, 232, 223, 499, 190, 117, 437, 336, 223]  tape=0.655km B=10.72T unif=1.552% hoop=196MPa
  [ 213] viol   f=   3.332  a=29.9 b=37.9 gap=23.9 (face=7.8mm) n=[120, 278, 478, 185, 346, 276, 344, 466, 357, 123]  tape=0.747km B=12.86T unif=1.114% hoop=200MPa
  [ 214] viol   f= 198.221  a=27.1 b=37.6 gap=22.2 (face=4.3mm) n=[90, 51, 273, 286, 478, 73, 135, 455, 327, 123]  tape=0.568km B=9.44T unif=1.993% hoop=161MPa
  [ 215] viol   f=   7.715  a=27.3 b=37.0 gap=22.1 (face=4.2mm) n=[176, 214, 336, 247, 495, 239, 125, 498, 353, 136]  tape=0.697km B=11.87T unif=1.187% hoop=188MPa
  [ 216] OK     f=   0.714  a=28.6 b=38.5 gap=21.5 (face=3.0mm) n=[130, 150, 425, 232, 386, 227, 335, 493, 342, 78]  tape=0.714km B=12.36T unif=0.375% hoop=188MPa
  [ 217] viol   f=   0.551  a=29.2 b=36.0 gap=21.8 (face=3.7mm) n=[240, 82, 350, 163, 450, 120, 161, 370, 154, 74]  tape=0.539km B=9.92T unif=0.185% hoop=152MPa
  [ 218] OK     f=   0.577  a=28.6 b=36.2 gap=21.8 (face=3.5mm) n=[269, 269, 411, 182, 322, 290, 118, 270, 192, 64]  tape=0.577km B=11.93T unif=0.273% hoop=190MPa
  [ 219] OK     f=   0.607  a=28.8 b=37.6 gap=21.7 (face=3.4mm) n=[105, 255, 402, 253, 380, 162, 267, 238, 309, 116]  tape=0.607km B=12.00T unif=0.677% hoop=177MPa
  [ 220] OK     f=   0.501  a=29.2 b=35.6 gap=21.6 (face=3.2mm) n=[166, 257, 359, 205, 250, 268, 180, 218, 154, 54]  tape=0.501km B=10.62T unif=0.293% hoop=176MPa
  [a=29 b=35 nt=2285] KSP converged reason: 4, iterations: 1
  [a=29 b=35 nt=2722] KSP converged reason: 4, iterations: 1
  [a=29 b=35 nt=2505] KSP converged reason: 4, iterations: 1
  [a=29 b=37 nt=2183] KSP converged reason: 4, iterations: 1
  [a=30 b=38 nt=2167] KSP converged reason: 4, iterations: 1
  [a=28 b=36 nt=2066] KSP converged reason: 4, iterations: 1
  [a=28 b=36 nt=2279] KSP converged reason: 4, iterations: 1
  [a=28 b=34 nt=2253] KSP converged reason: 4, iterations: 1
  [a=29 b=35 nt=2248] KSP converged reason: 4, iterations: 1
  [a=27 b=35 nt=2203] KSP converged reason: 4, iterations: 1
  [ 221] viol   f=   0.558  a=28.3 b=36.2 gap=21.5 (face=3.1mm) n=[228, 183, 322, 53, 349, 247, 115, 222, 187, 160]  tape=0.485km B=9.81T unif=0.182% hoop=155MPa
  [ 222] viol   f=  52.753  a=28.7 b=35.3 gap=21.7 (face=3.5mm) n=[175, 173, 495, 145, 340, 350, 112, 322, 101, 72]  tape=0.575km B=11.15T unif=1.511% hoop=182MPa
  [ 223] viol   f=  22.896  a=28.6 b=35.1 gap=21.5 (face=3.0mm) n=[124, 128, 424, 282, 353, 366, 60, 394, 242, 132]  tape=0.581km B=12.05T unif=1.334% hoop=170MPa
  [ 224] viol   f=  36.525  a=29.2 b=34.9 gap=21.9 (face=3.7mm) n=[231, 174, 498, 290, 406, 254, 300, 224, 263, 82]  tape=0.677km B=13.30T unif=1.423% hoop=198MPa
  [ 225] INFEAS f=1043.137  a=29.4 b=33.4 gap=22.3 (face=4.6mm) n=[266, 252, 306, 145, 313, 273, 119, 384, 154, 99]  no evaluation (geometry pre-check)
  [ 226] viol   f=   0.801  a=28.6 b=37.0 gap=21.6 (face=3.1mm) n=[53, 165, 252, 232, 381, 193, 148, 370, 218, 171]  tape=0.528km B=9.63T unif=0.697% hoop=172MPa
  [ 227] OK     f=   0.544  a=29.8 b=37.9 gap=21.7 (face=3.3mm) n=[156, 269, 374, 163, 159, 210, 182, 245, 285, 124]  tape=0.544km B=10.10T unif=0.507% hoop=177MPa
  [ 228] OK     f=   0.549  a=28.1 b=35.8 gap=21.5 (face=3.0mm) n=[229, 275, 267, 141, 280, 226, 207, 81, 402, 171]  tape=0.549km B=10.45T unif=0.999% hoop=190MPa
  [ 229] OK     f=   0.547  a=27.6 b=34.4 gap=21.5 (face=3.1mm) n=[267, 300, 312, 93, 459, 107, 186, 223, 218, 88]  tape=0.547km B=11.00T unif=0.550% hoop=181MPa
  [ 230] OK     f=   0.543  a=28.8 b=35.0 gap=21.6 (face=3.3mm) n=[238, 127, 406, 207, 291, 150, 192, 292, 207, 138]  tape=0.543km B=10.85T unif=0.337% hoop=167MPa
  [ 231] OK     f=   0.520  a=27.4 b=35.5 gap=21.7 (face=3.3mm) n=[292, 156, 347, 156, 361, 202, 86, 419, 112, 72]  tape=0.520km B=10.56T unif=0.317% hoop=161MPa
  [a=29 b=35 nt=2707] KSP converged reason: 4, iterations: 1
  [a=29 b=35 nt=2290] KSP converged reason: 4, iterations: 1
  [a=28 b=36 nt=2251] KSP converged reason: 4, iterations: 1
  [a=28 b=36 nt=2420] KSP converged reason: 4, iterations: 1
  [a=29 b=36 nt=2280] KSP converged reason: 4, iterations: 1
  [a=27 b=36 nt=2147] KSP converged reason: 4, iterations: 1
  [a=28 b=36 nt=2417] KSP converged reason: 4, iterations: 1
  [a=30 b=35 nt=2271] KSP converged reason: 4, iterations: 1
  [a=27 b=38 nt=2445] KSP converged reason: 4, iterations: 1
  [ 232] OK     f=   0.558  a=28.5 b=36.4 gap=21.6 (face=3.1mm) n=[153, 306, 446, 98, 345, 242, 98, 313, 177, 73]  tape=0.558km B=11.01T unif=0.396% hoop=166MPa
  [ 233] OK     f=   0.552  a=28.6 b=35.3 gap=21.5 (face=3.0mm) n=[311, 153, 415, 220, 291, 194, 112, 446, 98, 50]  tape=0.552km B=11.21T unif=0.248% hoop=174MPa
  [ 234] OK     f=   0.594  a=28.2 b=36.1 gap=21.8 (face=3.6mm) n=[205, 300, 331, 123, 443, 257, 327, 214, 97, 123]  tape=0.594km B=11.49T unif=0.212% hoop=182MPa
  [ 235] OK     f=   0.497  a=27.3 b=36.5 gap=21.8 (face=3.6mm) n=[51, 366, 375, 99, 395, 162, 102, 332, 207, 58]  tape=0.497km B=10.72T unif=0.654% hoop=132MPa
  [ 236] OK     f=   0.557  a=29.4 b=35.8 gap=22.2 (face=4.3mm) n=[241, 246, 399, 158, 243, 257, 70, 426, 135, 105]  tape=0.557km B=10.67T unif=0.165% hoop=199MPa
  [ 237] viol   f=   1.192  a=29.5 b=35.4 gap=21.7 (face=3.3mm) n=[331, 302, 314, 145, 340, 106, 269, 364, 477, 59]  tape=0.662km B=12.19T unif=1.051% hoop=213MPa
  [ 238] OK     f=   0.572  a=27.6 b=35.6 gap=21.7 (face=3.4mm) n=[302, 257, 361, 122, 147, 262, 173, 409, 241, 143]  tape=0.572km B=11.27T unif=0.606% hoop=175MPa
  [ 239] OK     f=   0.520  a=29.6 b=34.7 gap=21.5 (face=3.0mm) n=[294, 116, 343, 140, 365, 217, 96, 367, 158, 175]  tape=0.520km B=10.73T unif=0.115% hoop=162MPa
  [ 240] viol   f=   5.049  a=27.3 b=37.7 gap=21.7 (face=3.4mm) n=[316, 165, 322, 236, 320, 142, 204, 351, 246, 143]  tape=0.569km B=11.82T unif=1.150% hoop=165MPa
  [ 241] INFEAS f=1001.590  a=28.1 b=32.9 gap=22.0 (face=3.9mm) n=[298, 230, 382, 82, 420, 103, 211, 300, 146, 72]  no evaluation (geometry pre-check)
  [ 242] INFEAS f=1050.975  a=30.1 b=34.0 gap=21.6 (face=3.2mm) n=[298, 146, 308, 128, 379, 164, 114, 239, 261, 115]  no evaluation (geometry pre-check)
  [a=28 b=35 nt=2120] KSP converged reason: 4, iterations: 1
  [a=29 b=34 nt=2358] KSP converged reason: 4, iterations: 1
  [a=29 b=36 nt=2106] KSP converged reason: 4, iterations: 1
  [a=28 b=37 nt=2477] KSP converged reason: 4, iterations: 1
  [a=28 b=38 nt=2186] KSP converged reason: 4, iterations: 1
  [a=27 b=37 nt=2388] KSP converged reason: 4, iterations: 1
  [a=28 b=35 nt=2235] KSP converged reason: 4, iterations: 1
  [a=28 b=36 nt=2349] KSP converged reason: 4, iterations: 1
  [a=29 b=35 nt=2503] KSP converged reason: 4, iterations: 1
  [a=28 b=38 nt=2025] KSP converged reason: 4, iterations: 1
  [a=27 b=37 nt=2252] KSP converged reason: 4, iterations: 1
  [ 243] viol   f=  56.689  a=28.6 b=35.8 gap=21.6 (face=3.3mm) n=[143, 171, 492, 77, 344, 167, 87, 273, 284, 68]  tape=0.539km B=9.92T unif=1.530% hoop=145MPa
  [ 244] viol   f= 633.557  a=27.7 b=34.8 gap=21.5 (face=3.0mm) n=[154, 106, 487, 193, 441, 120, 61, 423, 74, 61]  tape=0.505km B=10.50T unif=2.779% hoop=135MPa
  [ 245] OK     f=   0.549  a=28.0 b=38.2 gap=21.5 (face=3.1mm) n=[125, 224, 430, 145, 360, 109, 81, 367, 227, 118]  tape=0.549km B=10.23T unif=0.530% hoop=153MPa
  [ 246] OK     f=   0.561  a=27.3 b=36.7 gap=22.1 (face=4.2mm) n=[197, 272, 323, 285, 317, 203, 128, 383, 219, 61]  tape=0.561km B=11.61T unif=0.919% hoop=176MPa
  [ 247] OK     f=   0.624  a=27.9 b=36.6 gap=23.2 (face=6.4mm) n=[90, 266, 307, 212, 483, 239, 236, 402, 133, 109]  tape=0.624km B=10.70T unif=0.615% hoop=192MPa
  [ 248] OK     f=   0.570  a=28.9 b=34.1 gap=22.1 (face=4.2mm) n=[341, 131, 361, 137, 321, 334, 99, 489, 62, 83]  tape=0.570km B=10.85T unif=0.445% hoop=169MPa
  [ 249] OK     f=   0.527  a=28.3 b=35.0 gap=21.5 (face=3.0mm) n=[248, 112, 355, 59, 278, 317, 155, 411, 99, 201]  tape=0.527km B=10.30T unif=0.298% hoop=153MPa
  [ 250] OK     f=   0.555  a=27.6 b=36.5 gap=22.0 (face=4.0mm) n=[255, 82, 423, 59, 303, 390, 130, 397, 134, 176]  tape=0.555km B=11.10T unif=0.460% hoop=147MPa
  [ 251] OK     f=   0.618  a=29.2 b=35.0 gap=21.5 (face=3.1mm) n=[221, 188, 436, 208, 489, 138, 106, 252, 368, 97]  tape=0.618km B=11.74T unif=0.847% hoop=179MPa
  [ 252] viol   f=  41.447  a=27.9 b=38.1 gap=22.5 (face=5.0mm) n=[188, 389, 250, 76, 213, 181, 50, 249, 264, 165]  tape=0.507km B=9.63T unif=1.451% hoop=152MPa
  [ 253] viol   f=  34.390  a=27.5 b=37.0 gap=22.2 (face=4.3mm) n=[236, 289, 314, 287, 214, 229, 103, 234, 228, 118]  tape=0.511km B=11.56T unif=1.412% hoop=165MPa
  [a=28 b=36 nt=2184] KSP converged reason: 4, iterations: 1
  [a=28 b=36 nt=2244] KSP converged reason: 4, iterations: 1
  [a=28 b=37 nt=2161] KSP converged reason: 4, iterations: 1
  [a=27 b=37 nt=2264] KSP converged reason: 4, iterations: 1
  [a=29 b=36 nt=2323] KSP converged reason: 4, iterations: 1
  [a=28 b=39 nt=2332] KSP converged reason: 4, iterations: 1
  [a=26 b=37 nt=2200] KSP converged reason: 4, iterations: 1
  [a=28 b=36 nt=2357] KSP converged reason: 4, iterations: 1
  [a=28 b=36 nt=2009] KSP converged reason: 4, iterations: 1
  [a=28 b=36 nt=2229] KSP converged reason: 4, iterations: 1
  [ 254] viol   f=   0.576  a=27.1 b=36.8 gap=21.5 (face=3.0mm) n=[217, 64, 423, 108, 304, 216, 97, 500, 273, 62]  tape=0.571km B=9.95T unif=0.217% hoop=151MPa
  [ 255] viol   f=   4.105  a=28.2 b=36.4 gap=21.8 (face=3.5mm) n=[212, 109, 480, 87, 257, 213, 172, 491, 105, 118]  tape=0.565km B=10.20T unif=1.133% hoop=163MPa
  [ 256] viol   f=   1.330  a=28.9 b=35.6 gap=21.5 (face=3.1mm) n=[255, 207, 409, 77, 228, 282, 115, 360, 207, 183]  tape=0.559km B=10.67T unif=1.062% hoop=174MPa
  [ 257] OK     f=   0.571  a=28.4 b=38.5 gap=21.5 (face=3.0mm) n=[136, 342, 379, 51, 401, 303, 136, 274, 124, 186]  tape=0.571km B=11.32T unif=0.590% hoop=158MPa
  [ 258] viol   f=  24.494  a=28.1 b=35.6 gap=21.5 (face=3.1mm) n=[164, 68, 381, 155, 499, 142, 123, 475, 89, 88]  tape=0.536km B=9.78T unif=1.345% hoop=135MPa
  [ 259] viol   f=   0.604  a=27.6 b=36.5 gap=21.5 (face=3.0mm) n=[123, 214, 431, 83, 364, 156, 82, 498, 101, 109]  tape=0.543km B=9.83T unif=0.252% hoop=146MPa
  [ 260] OK     f=   0.540  a=26.4 b=37.2 gap=21.6 (face=3.3mm) n=[176, 162, 429, 136, 282, 257, 136, 388, 98, 136]  tape=0.540km B=10.43T unif=0.434% hoop=156MPa
  [ 261] OK     f=   0.558  a=27.5 b=35.8 gap=21.5 (face=3.0mm) n=[262, 72, 268, 179, 360, 301, 128, 423, 298, 66]  tape=0.558km B=10.75T unif=0.284% hoop=162MPa
  [ 262] viol   f=   0.567  a=28.3 b=35.9 gap=21.5 (face=3.1mm) n=[205, 181, 296, 213, 317, 135, 94, 360, 83, 125]  tape=0.474km B=9.78T unif=0.917% hoop=169MPa
  [ 263] viol   f=   0.580  a=28.5 b=35.8 gap=21.5 (face=3.1mm) n=[143, 228, 385, 104, 235, 319, 106, 482, 89, 138]  tape=0.562km B=9.90T unif=0.144% hoop=164MPa
  [ 264] INFEAS f=1032.851  a=29.9 b=34.0 gap=21.5 (face=3.0mm) n=[379, 175, 388, 69, 324, 331, 150, 380, 75, 211]  no evaluation (geometry pre-check)
  [a=26 b=36 nt=2226] KSP converged reason: 4, iterations: 1
  [a=26 b=38 nt=2066] KSP converged reason: 4, iterations: 1
  [a=28 b=36 nt=2154] KSP converged reason: 4, iterations: 1
  [a=27 b=37 nt=1975] KSP converged reason: 4, iterations: 1
  [a=28 b=38 nt=2163] KSP converged reason: 4, iterations: 1
  [a=28 b=38 nt=2139] KSP converged reason: 4, iterations: 1
  [a=28 b=38 nt=2092] KSP converged reason: 4, iterations: 1
  [a=28 b=36 nt=2260] KSP converged reason: 4, iterations: 1
  [a=27 b=36 nt=2164] KSP converged reason: 4, iterations: 1
  [a=27 b=38 nt=2108] KSP converged reason: 4, iterations: 1
  [a=27 b=37 nt=1812] KSP converged reason: 4, iterations: 1
  [ 265] OK     f=   0.519  a=25.9 b=36.1 gap=21.5 (face=3.0mm) n=[285, 60, 399, 129, 253, 195, 89, 362, 175, 279]  tape=0.519km B=10.27T unif=0.343% hoop=143MPa
  [ 266] OK     f=   0.503  a=27.8 b=38.1 gap=21.6 (face=3.3mm) n=[157, 106, 336, 79, 331, 330, 143, 349, 215, 93]  tape=0.503km B=10.11T unif=0.376% hoop=140MPa
  [ 267] viol   f=   0.553  a=28.3 b=36.3 gap=21.6 (face=3.3mm) n=[171, 105, 414, 117, 410, 368, 50, 347, 119, 53]  tape=0.505km B=10.64T unif=1.016% hoop=135MPa
  [ 268] viol   f=   1.203  a=27.1 b=37.4 gap=21.5 (face=3.0mm) n=[58, 267, 333, 138, 337, 193, 58, 376, 69, 146]  tape=0.468km B=9.39T unif=0.370% hoop=140MPa
  [ 269] OK     f=   0.513  a=27.6 b=38.0 gap=21.6 (face=3.2mm) n=[306, 144, 333, 51, 357, 210, 90, 285, 146, 241]  tape=0.513km B=10.14T unif=0.207% hoop=145MPa
  [ 270] viol   f=   0.848  a=26.0 b=37.5 gap=21.6 (face=3.2mm) n=[226, 91, 415, 82, 252, 205, 136, 319, 73, 267]  tape=0.507km B=9.59T unif=0.463% hoop=142MPa
  [ 271] OK     f=   0.498  a=27.7 b=38.1 gap=21.5 (face=3.0mm) n=[243, 138, 334, 160, 282, 263, 148, 256, 218, 50]  tape=0.498km B=10.20T unif=0.824% hoop=155MPa
  [ 272] OK     f=   0.495  a=27.0 b=36.5 gap=21.6 (face=3.2mm) n=[194, 170, 332, 205, 332, 240, 79, 343, 166, 103]  tape=0.495km B=10.62T unif=0.535% hoop=159MPa
  [ 273] OK     f=   0.532  a=27.5 b=35.6 gap=21.5 (face=3.0mm) n=[131, 184, 384, 83, 327, 297, 270, 423, 53, 108]  tape=0.532km B=10.77T unif=0.310% hoop=158MPa
  [ 274] OK     f=   0.544  a=27.4 b=38.4 gap=21.5 (face=3.0mm) n=[261, 194, 440, 80, 240, 247, 62, 282, 133, 169]  tape=0.544km B=10.05T unif=0.444% hoop=169MPa
  [ 275] viol   f=   8.321  a=27.1 b=36.8 gap=21.5 (face=3.0mm) n=[190, 59, 313, 85, 270, 128, 74, 390, 143, 160]  tape=0.442km B=8.02T unif=0.362% hoop=124MPa
  [a=28 b=37 nt=2347] KSP converged reason: 4, iterations: 1
  [a=28 b=38 nt=1966] KSP converged reason: 4, iterations: 1
  [a=26 b=37 nt=2263] KSP converged reason: 4, iterations: 1
  [a=27 b=37 nt=2054] KSP converged reason: 4, iterations: 1
  [a=28 b=39 nt=1991] KSP converged reason: 4, iterations: 1
  [a=27 b=36 nt=2015] KSP converged reason: 4, iterations: 1
  [a=28 b=36 nt=2592] KSP converged reason: 4, iterations: 1
  [a=26 b=35 nt=2326] KSP converged reason: 4, iterations: 1
  [a=27 b=36 nt=1944] KSP converged reason: 4, iterations: 1
  [a=26 b=39 nt=2560] KSP converged reason: 4, iterations: 1
  [a=27 b=36 nt=2024] KSP converged reason: 4, iterations: 1
  [ 276] viol   f=   4.056  a=28.3 b=37.8 gap=21.6 (face=3.2mm) n=[319, 87, 184, 74, 438, 142, 63, 303, 224, 132]  tape=0.504km B=8.67T unif=0.112% hoop=141MPa
  [ 277] viol   f=   0.464  a=26.7 b=36.4 gap=21.6 (face=3.1mm) n=[222, 135, 312, 75, 272, 307, 203, 249, 162, 78]  tape=0.453km B=9.93T unif=0.299% hoop=137MPa
  [ 278] OK     f=   0.488  a=27.0 b=36.9 gap=21.5 (face=3.0mm) n=[118, 206, 386, 253, 331, 118, 50, 280, 256, 56]  tape=0.488km B=10.30T unif=0.700% hoop=150MPa
  [ 279] viol   f=   1.681  a=27.6 b=39.1 gap=21.6 (face=3.1mm) n=[164, 69, 327, 97, 244, 336, 111, 362, 230, 51]  tape=0.484km B=9.23T unif=0.827% hoop=138MPa
  [ 280] OK     f=   0.578  a=27.7 b=36.6 gap=21.5 (face=3.0mm) n=[274, 134, 470, 173, 403, 277, 55, 363, 133, 65]  tape=0.578km B=11.59T unif=0.734% hoop=170MPa
  [ 281] OK     f=   0.526  a=26.1 b=36.9 gap=21.6 (face=3.1mm) n=[220, 131, 386, 281, 183, 277, 79, 388, 267, 51]  tape=0.526km B=10.97T unif=0.562% hoop=151MPa
  [ 282] OK     f=   0.605  a=27.8 b=36.0 gap=21.6 (face=3.1mm) n=[145, 168, 386, 219, 418, 277, 153, 413, 311, 102]  tape=0.605km B=11.94T unif=0.500% hoop=167MPa
  [ 283] OK     f=   0.530  a=26.0 b=34.9 gap=21.6 (face=3.1mm) n=[222, 61, 404, 208, 183, 309, 254, 414, 221, 50]  tape=0.530km B=11.05T unif=0.458% hoop=158MPa
  [ 284] viol   f=   2.237  a=27.4 b=35.9 gap=21.6 (face=3.3mm) n=[176, 102, 235, 172, 278, 217, 122, 308, 263, 71]  tape=0.439km B=9.05T unif=0.643% hoop=143MPa
  [ 285] viol   f=   0.705  a=27.4 b=36.4 gap=21.6 (face=3.1mm) n=[289, 175, 248, 72, 333, 255, 57, 255, 221, 119]  tape=0.465km B=9.65T unif=0.260% hoop=148MPa
  [ 286] OK     f=   0.610  a=25.9 b=39.1 gap=21.5 (face=3.1mm) n=[359, 117, 384, 192, 392, 298, 146, 333, 154, 185]  tape=0.610km B=12.58T unif=0.663% hoop=155MPa
  [a=27 b=35 nt=2280] KSP converged reason: 4, iterations: 1
  [a=27 b=35 nt=2194] KSP converged reason: 4, iterations: 1
  [a=25 b=35 nt=2046] KSP converged reason: 4, iterations: 1
  [a=28 b=36 nt=1882] KSP converged reason: 4, iterations: 1
  [a=27 b=37 nt=1832] KSP converged reason: 4, iterations: 1
  [a=26 b=36 nt=1986] KSP converged reason: 4, iterations: 1
  [a=27 b=37 nt=2568] KSP converged reason: 4, iterations: 1
  [a=27 b=38 nt=2091] KSP converged reason: 4, iterations: 1
  [a=26 b=37 nt=2081] KSP converged reason: 4, iterations: 1
  [a=26 b=36 nt=2059] KSP converged reason: 4, iterations: 1
  [a=28 b=37 nt=2283] KSP converged reason: 4, iterations: 1
  [ 287] viol   f=   1.074  a=28.0 b=36.1 gap=21.6 (face=3.1mm) n=[305, 104, 352, 324, 190, 164, 72, 168, 123, 80]  tape=0.442km B=10.21T unif=1.056% hoop=148MPa
  [ 288] OK     f=   0.534  a=26.5 b=35.4 gap=21.7 (face=3.3mm) n=[187, 60, 342, 148, 226, 387, 79, 431, 294, 126]  tape=0.534km B=10.08T unif=0.112% hoop=141MPa
  [ 289] viol   f=   0.479  a=25.9 b=36.2 gap=21.5 (face=3.0mm) n=[304, 55, 293, 141, 290, 192, 95, 281, 243, 92]  tape=0.434km B=9.88T unif=1.009% hoop=129MPa
  [ 290] OK     f=   0.508  a=26.9 b=34.9 gap=21.6 (face=3.3mm) n=[243, 118, 384, 169, 253, 276, 66, 406, 205, 74]  tape=0.508km B=10.41T unif=0.249% hoop=154MPa
  [ 291] viol   f=   1.540  a=25.5 b=35.5 gap=21.5 (face=3.1mm) n=[115, 63, 308, 166, 212, 330, 104, 369, 327, 52]  tape=0.457km B=9.26T unif=0.180% hoop=133MPa
  [ 292] viol   f=   3.528  a=27.0 b=37.3 gap=21.5 (face=3.1mm) n=[126, 200, 361, 74, 226, 204, 123, 227, 216, 75]  tape=0.447km B=8.76T unif=0.371% hoop=148MPa
  [ 293] viol   f=   9.218  a=26.9 b=36.8 gap=22.3 (face=4.5mm) n=[260, 245, 347, 270, 317, 146, 182, 378, 271, 152]  tape=0.596km B=12.26T unif=1.208% hoop=179MPa
  [ 294] viol   f=  32.732  a=27.0 b=37.9 gap=21.7 (face=3.3mm) n=[241, 114, 321, 290, 250, 155, 166, 420, 80, 54]  tape=0.522km B=10.06T unif=1.401% hoop=164MPa
  [ 295] OK     f=   0.461  a=25.9 b=36.3 gap=21.6 (face=3.2mm) n=[332, 121, 327, 134, 283, 278, 60, 183, 227, 114]  tape=0.461km B=10.49T unif=0.448% hoop=134MPa
  [ 296] OK     f=   0.501  a=25.7 b=37.0 gap=21.6 (face=3.2mm) n=[116, 288, 434, 163, 394, 101, 58, 308, 122, 97]  tape=0.501km B=10.56T unif=0.451% hoop=141MPa
  [ 297] OK     f=   0.548  a=28.2 b=37.2 gap=21.6 (face=3.1mm) n=[315, 122, 370, 210, 248, 121, 157, 258, 386, 96]  tape=0.548km B=10.78T unif=0.528% hoop=169MPa
  [a=26 b=36 nt=2144] KSP converged reason: 4, iterations: 1
  [a=27 b=35 nt=2398] KSP converged reason: 4, iterations: 1
  [a=25 b=36 nt=2184] KSP converged reason: 4, iterations: 1
  [a=25 b=34 nt=2173] KSP converged reason: 4, iterations: 1
  [a=25 b=37 nt=2276] KSP converged reason: 4, iterations: 1
  [a=25 b=37 nt=1850] KSP converged reason: 4, iterations: 1
  [a=26 b=37 nt=2308] KSP converged reason: 4, iterations: 1
  [a=25 b=36 nt=2219] KSP converged reason: 4, iterations: 1
  [a=26 b=37 nt=2277] KSP converged reason: 4, iterations: 1
  [a=26 b=36 nt=1881] KSP converged reason: 4, iterations: 1
  [a=26 b=36 nt=2737] KSP converged reason: 4, iterations: 1
  [ 298] OK     f=   0.543  a=27.0 b=35.2 gap=21.6 (face=3.1mm) n=[272, 73, 382, 179, 363, 287, 142, 399, 251, 50]  tape=0.543km B=11.65T unif=0.373% hoop=154MPa
  [ 299] viol   f=   3.393  a=25.0 b=37.5 gap=21.6 (face=3.2mm) n=[182, 187, 258, 50, 332, 264, 85, 281, 74, 137]  tape=0.427km B=8.78T unif=0.124% hoop=143MPa
  [ 300] OK     f=   0.503  a=26.5 b=35.6 gap=21.6 (face=3.2mm) n=[293, 81, 397, 171, 245, 283, 79, 314, 118, 163]  tape=0.503km B=10.51T unif=0.245% hoop=149MPa
  [ 301] OK     f=   0.514  a=25.0 b=37.1 gap=21.6 (face=3.1mm) n=[272, 65, 353, 233, 290, 273, 90, 297, 284, 119]  tape=0.514km B=11.28T unif=0.996% hoop=145MPa
  [ 302] OK     f=   0.470  a=24.6 b=34.4 gap=21.5 (face=3.0mm) n=[223, 74, 344, 109, 362, 209, 61, 298, 312, 181]  tape=0.470km B=10.20T unif=0.264% hoop=122MPa
  [ 303] OK     f=   0.512  a=25.2 b=36.4 gap=21.5 (face=3.0mm) n=[308, 94, 406, 68, 314, 215, 104, 312, 223, 140]  tape=0.512km B=10.44T unif=0.727% hoop=135MPa
  [ 304] OK     f=   0.544  a=25.8 b=37.0 gap=21.6 (face=3.3mm) n=[262, 181, 311, 88, 371, 219, 86, 402, 273, 115]  tape=0.544km B=10.38T unif=0.219% hoop=154MPa
  [ 305] OK     f=   0.516  a=24.8 b=36.1 gap=21.5 (face=3.0mm) n=[213, 148, 254, 188, 299, 195, 161, 231, 375, 155]  tape=0.516km B=10.01T unif=0.714% hoop=152MPa
  [ 306] OK     f=   0.522  a=26.4 b=37.3 gap=21.6 (face=3.1mm) n=[259, 102, 353, 114, 319, 349, 116, 242, 298, 125]  tape=0.522km B=10.94T unif=0.338% hoop=143MPa
  [ 307] viol   f=   3.017  a=26.4 b=35.6 gap=21.7 (face=3.4mm) n=[199, 188, 227, 108, 347, 228, 87, 300, 100, 97]  tape=0.434km B=8.86T unif=0.137% hoop=156MPa
  [ 308] OK     f=   0.631  a=26.1 b=36.2 gap=21.7 (face=3.4mm) n=[416, 64, 456, 104, 285, 298, 102, 464, 377, 171]  tape=0.631km B=12.68T unif=0.289% hoop=164MPa
  [a=25 b=37 nt=2308] KSP converged reason: 4, iterations: 1
  [a=26 b=35 nt=2431] KSP converged reason: 4, iterations: 1
  [a=25 b=36 nt=2289] KSP converged reason: 4, iterations: 1
  [a=25 b=33 nt=2201] KSP converged reason: 4, iterations: 1
  [a=25 b=36 nt=1995] KSP converged reason: 4, iterations: 1
  [a=24 b=37 nt=2003] KSP converged reason: 4, iterations: 1
  [a=26 b=35 nt=2537] KSP converged reason: 4, iterations: 1
  [a=26 b=36 nt=2013] KSP converged reason: 4, iterations: 1
  [a=24 b=35 nt=2211] KSP converged reason: 4, iterations: 1
  [a=25 b=37 nt=2446] KSP converged reason: 4, iterations: 1
  [a=24 b=35 nt=2400] KSP converged reason: 4, iterations: 1
  [ 309] OK     f=   0.478  a=24.7 b=33.5 gap=21.5 (face=3.0mm) n=[293, 55, 387, 151, 249, 386, 68, 220, 219, 173]  tape=0.478km B=10.84T unif=0.317% hoop=135MPa
  [ 310] viol   f=  31.046  a=23.9 b=36.8 gap=21.6 (face=3.3mm) n=[364, 83, 367, 190, 259, 148, 59, 194, 256, 83]  tape=0.456km B=10.76T unif=1.391% hoop=129MPa
  [ 311] OK     f=   0.453  a=25.3 b=36.2 gap=21.6 (face=3.3mm) n=[250, 81, 330, 268, 349, 108, 65, 376, 68, 100]  tape=0.453km B=10.17T unif=0.964% hoop=136MPa
  [ 312] OK     f=   0.553  a=24.5 b=36.7 gap=21.7 (face=3.4mm) n=[214, 135, 436, 61, 286, 273, 135, 274, 336, 158]  tape=0.553km B=10.76T unif=0.587% hoop=151MPa
  [ 313] OK     f=   0.554  a=25.7 b=35.4 gap=21.6 (face=3.3mm) n=[303, 161, 297, 60, 414, 219, 85, 398, 288, 206]  tape=0.554km B=10.76T unif=0.609% hoop=149MPa
  [ 314] OK     f=   0.520  a=25.3 b=35.5 gap=21.5 (face=3.0mm) n=[113, 164, 398, 89, 351, 212, 126, 395, 269, 172]  tape=0.520km B=10.64T unif=0.902% hoop=132MPa
  [ 315] viol   f=   1.137  a=25.8 b=36.3 gap=22.2 (face=4.4mm) n=[234, 216, 333, 90, 268, 80, 64, 324, 288, 116]  tape=0.450km B=9.41T unif=0.227% hoop=146MPa
  [ 316] OK     f=   0.584  a=25.5 b=35.3 gap=21.5 (face=3.0mm) n=[392, 79, 392, 69, 353, 150, 158, 358, 466, 120]  tape=0.584km B=11.55T unif=0.371% hoop=137MPa
  [ 317] OK     f=   0.491  a=24.5 b=35.2 gap=21.5 (face=3.0mm) n=[285, 140, 371, 241, 307, 184, 58, 329, 120, 176]  tape=0.491km B=11.30T unif=0.526% hoop=145MPa
  [ 318] OK     f=   0.516  a=23.7 b=35.3 gap=21.5 (face=3.0mm) n=[168, 72, 355, 149, 295, 310, 180, 309, 298, 264]  tape=0.516km B=11.32T unif=0.563% hoop=132MPa
  [ 319] OK     f=   0.558  a=24.8 b=37.0 gap=21.5 (face=3.0mm) n=[370, 66, 281, 73, 257, 349, 81, 416, 398, 155]  tape=0.558km B=10.99T unif=0.609% hoop=137MPa
  [a=26 b=36 nt=2092] KSP converged reason: 4, iterations: 1
  [a=26 b=36 nt=2226] KSP converged reason: 4, iterations: 1
  [a=26 b=34 nt=2467] KSP converged reason: 4, iterations: 1
  [a=26 b=37 nt=2436] KSP converged reason: 4, iterations: 1
  [a=25 b=34 nt=2184] KSP converged reason: 4, iterations: 1
  [a=24 b=36 nt=2095] KSP converged reason: 4, iterations: 1
  [a=24 b=35 nt=2287] KSP converged reason: 4, iterations: 1
  [a=25 b=35 nt=2417] KSP converged reason: 4, iterations: 1
  [a=27 b=36 nt=2024] KSP converged reason: 4, iterations: 1
  [a=24 b=37 nt=2140] KSP converged reason: 4, iterations: 1
  [a=26 b=37 nt=1878] KSP converged reason: 4, iterations: 1
  [ 320] viol   f=  94.802  a=25.8 b=34.2 gap=21.5 (face=3.1mm) n=[167, 57, 393, 373, 260, 284, 68, 418, 243, 204]  tape=0.548km B=11.65T unif=1.686% hoop=157MPa
  [ 321] OK     f=   0.471  a=24.4 b=35.9 gap=21.7 (face=3.3mm) n=[233, 182, 353, 106, 288, 294, 111, 268, 166, 94]  tape=0.471km B=10.33T unif=0.280% hoop=139MPa
  [ 322] OK     f=   0.550  a=25.6 b=35.7 gap=21.5 (face=3.0mm) n=[319, 76, 481, 256, 261, 296, 121, 180, 158, 78]  tape=0.550km B=11.41T unif=0.742% hoop=178MPa
  [ 323] OK     f=   0.575  a=25.8 b=36.8 gap=21.5 (face=3.0mm) n=[336, 67, 411, 336, 237, 268, 192, 275, 139, 175]  tape=0.575km B=12.55T unif=0.993% hoop=166MPa
  [ 324] viol   f=   0.854  a=25.6 b=36.3 gap=21.5 (face=3.1mm) n=[291, 79, 340, 172, 233, 296, 78, 497, 55, 51]  tape=0.521km B=9.59T unif=0.623% hoop=154MPa
  [ 325] OK     f=   0.485  a=25.1 b=34.4 gap=21.5 (face=3.1mm) n=[241, 116, 258, 289, 366, 168, 85, 229, 295, 137]  tape=0.485km B=10.59T unif=0.439% hoop=149MPa
  [ 326] OK     f=   0.498  a=23.8 b=35.0 gap=21.5 (face=3.1mm) n=[289, 146, 388, 388, 269, 63, 98, 329, 84, 233]  tape=0.498km B=12.14T unif=0.532% hoop=139MPa
  [ 327] OK     f=   0.584  a=25.2 b=35.3 gap=21.8 (face=3.6mm) n=[326, 126, 364, 202, 359, 177, 95, 490, 167, 111]  tape=0.584km B=11.24T unif=0.567% hoop=160MPa
  [ 328] OK     f=   0.473  a=26.7 b=36.5 gap=21.5 (face=3.1mm) n=[239, 263, 359, 54, 290, 249, 132, 210, 64, 164]  tape=0.473km B=10.32T unif=0.444% hoop=159MPa
  [ 329] OK     f=   0.509  a=24.3 b=36.6 gap=21.5 (face=3.1mm) n=[199, 174, 411, 284, 265, 93, 183, 275, 202, 54]  tape=0.509km B=10.93T unif=0.764% hoop=152MPa
  [ 330] viol   f=   1.040  a=25.7 b=36.6 gap=21.5 (face=3.1mm) n=[147, 79, 373, 60, 295, 273, 200, 309, 52, 90]  tape=0.437km B=9.45T unif=0.706% hoop=133MPa
  [a=27 b=37 nt=2172] KSP converged reason: 4, iterations: 1
  [a=25 b=36 nt=2372] KSP converged reason: 4, iterations: 1
  [a=26 b=37 nt=2308] KSP converged reason: 4, iterations: 1
  [a=25 b=36 nt=2179] KSP converged reason: 4, iterations: 1
  [a=25 b=38 nt=2343] KSP converged reason: 4, iterations: 1
  [a=24 b=36 nt=1892] KSP converged reason: 4, iterations: 1
  [a=26 b=35 nt=2379] KSP converged reason: 4, iterations: 1
  [a=25 b=35 nt=2262] KSP converged reason: 4, iterations: 1
  [a=24 b=37 nt=2349] KSP converged reason: 4, iterations: 1
  [a=25 b=37 nt=1898] KSP converged reason: 4, iterations: 1
  [a=25 b=34 nt=2212] KSP converged reason: 4, iterations: 1
  [ 331] OK     f=   0.536  a=26.7 b=36.9 gap=21.5 (face=3.0mm) n=[310, 129, 365, 178, 439, 232, 54, 213, 126, 126]  tape=0.536km B=10.75T unif=0.438% hoop=158MPa
  [ 332] OK     f=   0.564  a=26.2 b=36.8 gap=21.8 (face=3.7mm) n=[281, 242, 377, 100, 443, 251, 190, 224, 56, 144]  tape=0.564km B=11.33T unif=0.199% hoop=173MPa
  [ 333] viol   f=   1.448  a=24.2 b=36.0 gap=21.5 (face=3.0mm) n=[246, 186, 302, 145, 146, 155, 51, 256, 197, 208]  tape=0.417km B=9.28T unif=0.843% hoop=133MPa
  [ 334] viol   f=   5.831  a=24.9 b=36.0 gap=21.6 (face=3.1mm) n=[340, 50, 306, 201, 252, 310, 118, 377, 170, 55]  tape=0.490km B=10.87T unif=1.163% hoop=144MPa
  [ 335] OK     f=   0.552  a=24.9 b=38.1 gap=21.6 (face=3.2mm) n=[247, 177, 278, 166, 324, 258, 167, 373, 90, 263]  tape=0.552km B=10.75T unif=0.472% hoop=155MPa
  [ 336] OK     f=   0.550  a=25.2 b=36.1 gap=21.6 (face=3.1mm) n=[186, 194, 369, 266, 414, 237, 152, 355, 145, 54]  tape=0.550km B=11.82T unif=0.378% hoop=167MPa
  [ 337] OK     f=   0.538  a=25.6 b=34.9 gap=21.7 (face=3.3mm) n=[285, 306, 386, 82, 275, 217, 122, 217, 249, 240]  tape=0.538km B=11.86T unif=0.528% hoop=162MPa
  [ 338] viol   f=   2.003  a=24.9 b=35.4 gap=21.8 (face=3.5mm) n=[269, 319, 389, 177, 254, 261, 162, 247, 124, 60]  tape=0.516km B=12.21T unif=1.086% hoop=161MPa
  [ 339] OK     f=   0.551  a=24.2 b=37.3 gap=21.5 (face=3.0mm) n=[258, 141, 359, 235, 337, 156, 242, 408, 136, 77]  tape=0.551km B=11.49T unif=0.634% hoop=153MPa
  [ 340] viol   f=   1.729  a=25.1 b=36.6 gap=21.5 (face=3.0mm) n=[297, 175, 335, 141, 179, 233, 197, 215, 54, 72]  tape=0.435km B=10.17T unif=1.080% hoop=140MPa
  [ 341] OK     f=   0.462  a=24.6 b=33.9 gap=21.6 (face=3.2mm) n=[301, 255, 339, 61, 218, 339, 50, 307, 166, 176]  tape=0.462km B=11.18T unif=0.282% hoop=140MPa
  [a=26 b=35 nt=2353] KSP converged reason: 4, iterations: 1
  [a=25 b=34 nt=2135] KSP converged reason: 4, iterations: 1
  [a=25 b=34 nt=2204] KSP converged reason: 4, iterations: 1
  [a=25 b=35 nt=2106] KSP converged reason: 4, iterations: 1
  [a=25 b=37 nt=2486] KSP converged reason: 4, iterations: 1
  [a=24 b=36 nt=2223] KSP converged reason: 4, iterations: 1
  [a=26 b=35 nt=2378] KSP converged reason: 4, iterations: 1
  [a=28 b=35 nt=2093] KSP converged reason: 4, iterations: 1
  [a=27 b=35 nt=2365] KSP converged reason: 4, iterations: 1
  [a=27 b=38 nt=2209] KSP converged reason: 4, iterations: 1
  [a=23 b=33 nt=2522] KSP converged reason: 4, iterations: 1
  [ 342] viol   f= 894.933  a=24.7 b=34.4 gap=22.0 (face=4.0mm) n=[129, 228, 486, 125, 455, 106, 97, 221, 168, 120]  tape=0.508km B=10.54T unif=3.115% hoop=135MPa
  [ 343] OK     f=   0.485  a=25.5 b=35.5 gap=21.8 (face=3.5mm) n=[235, 373, 252, 127, 310, 177, 152, 223, 66, 191]  tape=0.485km B=11.00T unif=0.442% hoop=151MPa
  [ 344] OK     f=   0.584  a=25.8 b=35.3 gap=21.5 (face=3.0mm) n=[351, 152, 499, 157, 328, 254, 126, 125, 235, 126]  tape=0.584km B=11.81T unif=0.994% hoop=160MPa
  [ 345] OK     f=   0.557  a=25.3 b=37.0 gap=21.6 (face=3.1mm) n=[344, 247, 306, 118, 118, 361, 67, 372, 322, 231]  tape=0.557km B=11.51T unif=0.601% hoop=154MPa
  [ 346] viol   f=  33.835  a=24.5 b=36.0 gap=21.6 (face=3.2mm) n=[289, 307, 359, 136, 219, 192, 224, 299, 56, 142]  tape=0.497km B=11.89T unif=1.408% hoop=153MPa
  [ 347] viol   f= 160.673  a=25.1 b=33.7 gap=22.7 (face=5.5mm) n=[264, 147, 436, 62, 209, 372, 86, 365, 124, 139]  tape=0.498km B=10.40T unif=1.895% hoop=133MPa
  [ 348] OK     f=   0.536  a=26.0 b=34.6 gap=21.7 (face=3.3mm) n=[274, 213, 342, 182, 381, 254, 194, 264, 117, 157]  tape=0.536km B=11.88T unif=0.554% hoop=164MPa
  [ 349] viol   f=   5.807  a=27.6 b=35.1 gap=21.7 (face=3.5mm) n=[401, 110, 327, 115, 104, 441, 140, 236, 129, 90]  tape=0.502km B=10.44T unif=1.163% hoop=140MPa
  [ 350] OK     f=   0.526  a=26.7 b=35.3 gap=21.5 (face=3.1mm) n=[287, 355, 274, 52, 243, 360, 234, 292, 144, 124]  tape=0.526km B=11.94T unif=0.756% hoop=162MPa
  [ 351] OK     f=   0.546  a=26.6 b=38.0 gap=21.5 (face=3.0mm) n=[262, 342, 191, 193, 404, 218, 117, 223, 116, 143]  tape=0.546km B=11.06T unif=0.997% hoop=181MPa
  [ 352] OK     f=   0.542  a=23.2 b=33.0 gap=21.5 (face=3.0mm) n=[267, 308, 350, 67, 377, 228, 127, 429, 248, 121]  tape=0.542km B=12.14T unif=0.160% hoop=153MPa
  [a=25 b=35 nt=2122] KSP converged reason: 4, iterations: 1
  [a=26 b=36 nt=2234] KSP converged reason: 4, iterations: 1
  [a=26 b=36 nt=2149] KSP converged reason: 4, iterations: 1
  [a=26 b=37 nt=2326] KSP converged reason: 4, iterations: 1
  [a=27 b=35 nt=2490] KSP converged reason: 4, iterations: 1
  [a=24 b=35 nt=2057] KSP converged reason: 4, iterations: 1
  [a=26 b=36 nt=2151] KSP converged reason: 4, iterations: 1
  [a=26 b=34 nt=2060] KSP converged reason: 4, iterations: 1
  [a=27 b=36 nt=2257] KSP converged reason: 4, iterations: 1
  [a=25 b=35 nt=2236] KSP converged reason: 4, iterations: 1
  [a=26 b=33 nt=2055] KSP converged reason: 4, iterations: 1
  [ 353] viol   f=  24.343  a=25.7 b=36.0 gap=22.0 (face=4.0mm) n=[222, 400, 305, 125, 251, 284, 93, 215, 66, 188]  tape=0.507km B=11.34T unif=1.345% hoop=150MPa
  [ 354] viol   f=  39.376  a=26.3 b=35.9 gap=21.5 (face=3.1mm) n=[330, 385, 236, 62, 293, 256, 152, 317, 147, 56]  tape=0.512km B=11.90T unif=1.441% hoop=154MPa
  [ 355] viol   f= 445.320  a=24.2 b=34.8 gap=22.2 (face=4.3mm) n=[288, 308, 222, 126, 179, 246, 237, 181, 94, 176]  tape=0.440km B=10.90T unif=2.491% hoop=132MPa
  [ 356] viol   f=   0.933  a=24.7 b=34.7 gap=21.6 (face=3.1mm) n=[359, 220, 117, 202, 217, 436, 63, 303, 147, 58]  tape=0.494km B=10.41T unif=1.047% hoop=157MPa
  [ 357] viol   f=   3.244  a=26.2 b=36.6 gap=22.1 (face=4.2mm) n=[231, 335, 317, 114, 422, 189, 161, 311, 113, 133]  tape=0.559km B=11.40T unif=1.116% hoop=163MPa
  [ 358] OK     f=   0.557  a=26.6 b=35.3 gap=21.7 (face=3.3mm) n=[239, 321, 251, 78, 226, 363, 242, 243, 207, 320]  tape=0.557km B=11.45T unif=0.789% hoop=162MPa
  [ 359] viol   f=  10.350  a=26.0 b=35.7 gap=21.6 (face=3.2mm) n=[343, 253, 200, 106, 344, 149, 158, 349, 87, 162]  tape=0.481km B=10.87T unif=1.222% hoop=150MPa
  [ 360] viol   f=  13.483  a=25.7 b=33.9 gap=21.8 (face=3.5mm) n=[248, 263, 423, 103, 324, 189, 95, 232, 51, 132]  tape=0.477km B=10.76T unif=1.255% hoop=166MPa
  [ 361] OK     f=   0.537  a=26.5 b=35.6 gap=21.5 (face=3.0mm) n=[271, 403, 209, 211, 229, 226, 101, 308, 163, 136]  tape=0.537km B=11.56T unif=0.532% hoop=181MPa
  [ 362] OK     f=   0.498  a=24.8 b=35.3 gap=21.6 (face=3.1mm) n=[222, 373, 206, 96, 338, 278, 115, 333, 176, 99]  tape=0.498km B=11.10T unif=0.470% hoop=143MPa
  [ 363] OK     f=   0.498  a=26.3 b=33.3 gap=21.8 (face=3.6mm) n=[344, 499, 274, 135, 114, 263, 59, 189, 99, 79]  tape=0.498km B=11.65T unif=0.615% hoop=162MPa
  [a=26 b=34 nt=2474] KSP converged reason: 4, iterations: 1
  [a=26 b=35 nt=2235] KSP converged reason: 4, iterations: 1
  [a=24 b=33 nt=2091] KSP converged reason: 4, iterations: 1
  [a=27 b=36 nt=1997] KSP converged reason: 4, iterations: 1
  [a=27 b=32 nt=2177] KSP converged reason: 4, iterations: 1
  [a=26 b=35 nt=2280] KSP converged reason: 4, iterations: 1
  [a=24 b=31 nt=2282] KSP converged reason: 4, iterations: 1
  [a=26 b=35 nt=2058] KSP converged reason: 4, iterations: 1
  [a=24 b=37 nt=2323] KSP converged reason: 4, iterations: 1
  [a=27 b=33 nt=2125] KSP converged reason: 4, iterations: 1
  [a=24 b=30 nt=2286] KSP converged reason: 4, iterations: 1
  [ 364] viol   f=   0.539  a=27.1 b=32.5 gap=21.6 (face=3.2mm) n=[99, 423, 316, 154, 162, 272, 70, 307, 197, 177]  tape=0.497km B=11.14T unif=1.014% hoop=143MPa
  [ 365] OK     f=   0.500  a=26.9 b=35.7 gap=21.7 (face=3.3mm) n=[176, 442, 208, 168, 196, 181, 110, 189, 264, 63]  tape=0.500km B=10.13T unif=0.704% hoop=170MPa
  [ 366] OK     f=   0.472  a=24.4 b=33.4 gap=21.6 (face=3.1mm) n=[354, 435, 181, 100, 205, 336, 86, 226, 81, 87]  tape=0.472km B=11.89T unif=0.583% hoop=140MPa
  [ 367] viol   f= 171.619  a=26.2 b=33.5 gap=21.5 (face=3.1mm) n=[274, 497, 344, 147, 112, 453, 192, 195, 158, 102]  tape=0.583km B=13.02T unif=1.925% hoop=170MPa
  [ 368] OK     f=   0.534  a=26.2 b=35.3 gap=21.7 (face=3.5mm) n=[374, 486, 107, 84, 255, 458, 116, 165, 80, 110]  tape=0.534km B=11.85T unif=0.746% hoop=148MPa
  [ 369] viol   f= 311.460  a=26.2 b=34.6 gap=21.7 (face=3.3mm) n=[342, 404, 300, 158, 283, 238, 164, 92, 54, 245]  tape=0.521km B=12.86T unif=2.247% hoop=165MPa
  [ 370] viol   f=   0.507  a=25.9 b=35.2 gap=21.9 (face=3.7mm) n=[228, 353, 212, 89, 248, 258, 83, 420, 58, 109]  tape=0.484km B=9.89T unif=0.630% hoop=151MPa
  [ 371] viol   f=2579.199  a=24.4 b=30.7 gap=21.7 (face=3.3mm) n=[230, 470, 290, 87, 185, 370, 54, 243, 289, 64]  tape=0.499km B=12.00T unif=4.591% hoop=147MPa
  [ 372] OK     f=   0.567  a=24.1 b=36.8 gap=22.0 (face=4.0mm) n=[173, 451, 249, 145, 247, 269, 102, 295, 121, 271]  tape=0.567km B=11.31T unif=0.393% hoop=152MPa
  [ 373] OK     f=   0.501  a=26.9 b=32.6 gap=21.6 (face=3.1mm) n=[343, 447, 262, 137, 120, 189, 131, 163, 190, 143]  tape=0.501km B=11.81T unif=0.774% hoop=160MPa
  [ 374] viol   f=1626.927  a=23.7 b=29.9 gap=21.5 (face=3.0mm) n=[438, 401, 247, 70, 57, 383, 139, 77, 246, 228]  tape=0.466km B=13.30T unif=3.852% hoop=133MPa
  [a=27 b=35 nt=2474] KSP converged reason: 4, iterations: 1
  [a=24 b=35 nt=2322] KSP converged reason: 4, iterations: 1
  [a=27 b=36 nt=2198] KSP converged reason: 4, iterations: 1
  [a=26 b=34 nt=2547] KSP converged reason: 4, iterations: 1
  [a=25 b=34 nt=2072] KSP converged reason: 4, iterations: 1
  [a=25 b=35 nt=2269] KSP converged reason: 4, iterations: 1
  [a=25 b=35 nt=2065] KSP converged reason: 4, iterations: 1
  [a=25 b=34 nt=2011] KSP converged reason: 4, iterations: 1
  [a=26 b=37 nt=2181] KSP converged reason: 4, iterations: 1
  [a=26 b=36 nt=2065] KSP converged reason: 4, iterations: 1
  [ 375] OK     f=   0.539  a=26.5 b=36.5 gap=21.5 (face=3.0mm) n=[215, 441, 184, 81, 221, 233, 70, 460, 198, 95]  tape=0.539km B=10.34T unif=0.619% hoop=164MPa
  [ 376] OK     f=   0.506  a=25.2 b=35.1 gap=21.5 (face=3.1mm) n=[315, 369, 91, 171, 221, 368, 153, 169, 232, 180]  tape=0.506km B=11.48T unif=0.789% hoop=142MPa
  [ 377] viol   f=   2.395  a=24.1 b=34.5 gap=21.5 (face=3.0mm) n=[333, 450, 177, 161, 209, 434, 149, 269, 72, 68]  tape=0.528km B=12.38T unif=1.097% hoop=152MPa
  [ 378] INFEAS f=1007.966  a=26.8 b=31.3 gap=21.5 (face=3.1mm) n=[203, 424, 123, 92, 84, 290, 69, 185, 108, 50]  no evaluation (geometry pre-check)
  [ 379] viol   f=  64.482  a=26.5 b=34.6 gap=21.5 (face=3.1mm) n=[221, 496, 490, 78, 105, 185, 226, 156, 369, 148]  tape=0.588km B=13.41T unif=1.565% hoop=155MPa
  [ 380] OK     f=   0.471  a=25.0 b=34.2 gap=21.5 (face=3.1mm) n=[250, 397, 282, 79, 50, 264, 127, 204, 266, 153]  tape=0.471km B=10.59T unif=0.526% hoop=141MPa
  [ 381] OK     f=   0.583  a=26.0 b=34.3 gap=21.6 (face=3.1mm) n=[310, 445, 301, 272, 85, 324, 62, 299, 315, 134]  tape=0.583km B=13.09T unif=0.940% hoop=176MPa
  [ 382] viol   f=  24.436  a=25.0 b=34.7 gap=21.6 (face=3.3mm) n=[299, 482, 106, 108, 259, 231, 63, 301, 58, 158]  tape=0.500km B=10.86T unif=1.346% hoop=149MPa
  [ 383] viol   f=  27.509  a=25.3 b=33.6 gap=21.8 (face=3.6mm) n=[298, 226, 164, 200, 290, 217, 56, 339, 98, 123]  tape=0.434km B=10.11T unif=1.368% hoop=141MPa
  [ 384] viol   f=  17.370  a=25.9 b=37.1 gap=21.7 (face=3.3mm) n=[110, 354, 212, 70, 290, 335, 167, 333, 211, 99]  tape=0.499km B=10.64T unif=1.290% hoop=137MPa
  [ 385] OK     f=   0.484  a=25.8 b=36.4 gap=21.9 (face=3.7mm) n=[275, 378, 215, 55, 233, 265, 68, 274, 107, 195]  tape=0.484km B=10.51T unif=0.956% hoop=148MPa
  [a=25 b=34 nt=2230] KSP converged reason: 4, iterations: 1
  [a=24 b=35 nt=2221] KSP converged reason: 4, iterations: 1
  [a=26 b=39 nt=1793] KSP converged reason: 4, iterations: 1
  [a=27 b=34 nt=2238] KSP converged reason: 4, iterations: 1
  [a=25 b=36 nt=2137] KSP converged reason: 4, iterations: 1
  [a=26 b=36 nt=2180] KSP converged reason: 4, iterations: 1
  [a=24 b=36 nt=2342] KSP converged reason: 4, iterations: 1
  [a=24 b=38 nt=1949] KSP converged reason: 4, iterations: 1
  [a=26 b=34 nt=2121] KSP converged reason: 4, iterations: 1
  [a=25 b=34 nt=2102] KSP converged reason: 4, iterations: 1
  [a=25 b=33 nt=2132] KSP converged reason: 4, iterations: 1
  [ 386] viol   f=   0.654  a=26.4 b=38.9 gap=21.6 (face=3.3mm) n=[206, 495, 228, 137, 128, 344, 60, 55, 79, 61]  tape=0.476km B=9.70T unif=0.760% hoop=153MPa
  [ 387] viol   f= 174.812  a=26.4 b=35.9 gap=21.6 (face=3.2mm) n=[184, 315, 300, 201, 147, 342, 141, 253, 169, 128]  tape=0.495km B=11.07T unif=1.934% hoop=151MPa
  [ 388] OK     f=   0.535  a=24.5 b=35.5 gap=21.6 (face=3.1mm) n=[313, 467, 178, 79, 278, 279, 123, 254, 187, 63]  tape=0.535km B=11.66T unif=0.920% hoop=158MPa
  [ 389] viol   f=  15.058  a=25.2 b=34.4 gap=21.9 (face=3.7mm) n=[344, 244, 206, 80, 207, 476, 200, 176, 210, 87]  tape=0.540km B=10.51T unif=1.269% hoop=164MPa
  [ 390] viol   f= 104.755  a=26.7 b=34.4 gap=21.6 (face=3.2mm) n=[214, 205, 440, 69, 239, 186, 227, 403, 114, 141]  tape=0.529km B=10.42T unif=1.722% hoop=175MPa
  [ 391] OK     f=   0.482  a=25.4 b=36.3 gap=21.7 (face=3.3mm) n=[151, 299, 345, 149, 204, 181, 280, 351, 89, 88]  tape=0.482km B=10.61T unif=0.930% hoop=149MPa
  [ 392] viol   f=  11.316  a=23.5 b=35.5 gap=21.6 (face=3.2mm) n=[307, 234, 213, 197, 267, 210, 243, 272, 236, 163]  tape=0.495km B=11.60T unif=1.233% hoop=152MPa
  [ 393] viol   f=   2.069  a=23.7 b=37.7 gap=22.3 (face=4.7mm) n=[125, 268, 293, 104, 364, 152, 69, 374, 93, 107]  tape=0.453km B=9.10T unif=0.293% hoop=127MPa
  [ 394] viol   f= 107.365  a=26.3 b=33.8 gap=21.7 (face=3.4mm) n=[428, 357, 71, 91, 143, 154, 77, 238, 313, 249]  tape=0.489km B=11.01T unif=1.731% hoop=137MPa
  [ 395] viol   f=  63.215  a=24.7 b=34.5 gap=21.5 (face=3.0mm) n=[202, 344, 315, 63, 102, 399, 107, 148, 96, 326]  tape=0.469km B=10.43T unif=1.560% hoop=135MPa
  [ 396] viol   f= 104.526  a=24.6 b=33.3 gap=21.5 (face=3.1mm) n=[342, 340, 190, 83, 90, 263, 255, 196, 235, 138]  tape=0.450km B=11.48T unif=1.721% hoop=130MPa
  [a=23 b=35 nt=2158] KSP converged reason: 4, iterations: 1
  [a=25 b=37 nt=2154] KSP converged reason: 4, iterations: 1
  [a=24 b=37 nt=2327] KSP converged reason: 4, iterations: 1
  [a=23 b=36 nt=2631] KSP converged reason: 4, iterations: 1
  [a=26 b=35 nt=2097] KSP converged reason: 4, iterations: 1
  [a=27 b=37 nt=1870] KSP converged reason: 4, iterations: 1
  [a=25 b=38 nt=2059] KSP converged reason: 4, iterations: 1
  [a=25 b=38 nt=1902] KSP converged reason: 4, iterations: 1
  [a=25 b=38 nt=2661] KSP converged reason: 4, iterations: 1
  [a=24 b=37 nt=1942] KSP converged reason: 4, iterations: 1
  [a=26 b=38 nt=2564] KSP converged reason: 4, iterations: 1
  [ 397] OK     f=   0.577  a=24.3 b=37.5 gap=21.6 (face=3.2mm) n=[174, 345, 240, 51, 218, 311, 225, 470, 116, 177]  tape=0.577km B=10.39T unif=0.862% hoop=150MPa
  [ 398] viol   f=  24.247  a=26.8 b=37.4 gap=22.1 (face=4.3mm) n=[176, 274, 295, 78, 155, 202, 312, 116, 210, 52]  tape=0.433km B=9.22T unif=1.336% hoop=137MPa
  [ 399] OK     f=   0.547  a=25.3 b=36.5 gap=22.7 (face=5.4mm) n=[199, 492, 319, 225, 70, 101, 122, 265, 143, 218]  tape=0.547km B=10.83T unif=0.843% hoop=154MPa
  [ 400] viol   f=   5.068  a=26.2 b=35.1 gap=21.5 (face=3.0mm) n=[230, 327, 256, 162, 225, 163, 241, 179, 174, 140]  tape=0.471km B=10.84T unif=1.152% hoop=153MPa
  [ 401] viol   f= 517.672  a=23.1 b=35.2 gap=21.8 (face=3.6mm) n=[311, 498, 152, 58, 408, 127, 168, 230, 66, 140]  tape=0.516km B=11.49T unif=2.608% hoop=140MPa
  [ 402] viol   f= 327.124  a=23.3 b=35.7 gap=21.9 (face=3.8mm) n=[372, 372, 174, 217, 271, 245, 248, 430, 243, 59]  tape=0.594km B=13.40T unif=2.278% hoop=163MPa
  [ 403] OK     f=   0.506  a=25.0 b=37.7 gap=22.8 (face=5.6mm) n=[240, 440, 132, 50, 373, 282, 124, 210, 76, 132]  tape=0.506km B=10.32T unif=0.905% hoop=132MPa
  [ 404] viol   f=   1.003  a=25.5 b=38.5 gap=21.5 (face=3.1mm) n=[186, 263, 438, 170, 147, 98, 74, 311, 164, 51]  tape=0.485km B=9.49T unif=0.600% hoop=151MPa
  [ 405] OK     f=   0.664  a=24.6 b=37.8 gap=22.6 (face=5.3mm) n=[270, 496, 224, 221, 392, 284, 74, 346, 228, 126]  tape=0.664km B=13.02T unif=0.941% hoop=192MPa
  [ 406] viol   f=   1.442  a=24.5 b=37.4 gap=22.0 (face=4.0mm) n=[206, 167, 324, 54, 289, 208, 183, 353, 90, 68]  tape=0.448km B=9.30T unif=0.470% hoop=135MPa
  [ 407] OK     f=   0.613  a=26.1 b=38.4 gap=21.5 (face=3.0mm) n=[228, 250, 399, 97, 302, 239, 349, 354, 139, 207]  tape=0.613km B=11.99T unif=0.227% hoop=178MPa
  [a=25 b=38 nt=2014] KSP converged reason: 4, iterations: 1
  [a=22 b=39 nt=2681] KSP converged reason: 4, iterations: 1
  [a=24 b=38 nt=2115] KSP converged reason: 4, iterations: 1
  [a=27 b=38 nt=2121] KSP converged reason: 4, iterations: 1
  [a=25 b=38 nt=1929] KSP converged reason: 4, iterations: 1
  [a=24 b=38 nt=1819] KSP converged reason: 4, iterations: 1
  [a=22 b=38 nt=2096] KSP converged reason: 4, iterations: 1
  [a=26 b=38 nt=1841] KSP converged reason: 4, iterations: 1
  [a=27 b=37 nt=2132] KSP converged reason: 4, iterations: 1
  [a=25 b=37 nt=2343] KSP converged reason: 4, iterations: 1
  [a=25 b=36 nt=2772] KSP converged reason: 4, iterations: 1
  [ 408] viol   f=  45.385  a=24.0 b=37.8 gap=22.8 (face=5.5mm) n=[227, 391, 233, 183, 146, 204, 114, 175, 76, 70]  tape=0.445km B=9.81T unif=1.474% hoop=145MPa
  [ 409] viol   f=   0.999  a=25.3 b=38.1 gap=22.0 (face=4.1mm) n=[252, 362, 98, 81, 329, 191, 64, 375, 96, 81]  tape=0.454km B=9.48T unif=0.550% hoop=135MPa
  [ 410] viol   f=  28.903  a=27.1 b=38.4 gap=21.8 (face=3.6mm) n=[260, 338, 356, 67, 235, 409, 50, 262, 62, 82]  tape=0.516km B=10.99T unif=1.377% hoop=163MPa
  [ 411] viol   f= 217.381  a=25.1 b=37.8 gap=22.8 (face=5.5mm) n=[76, 465, 186, 193, 365, 108, 69, 274, 181, 97]  tape=0.508km B=10.09T unif=2.041% hoop=154MPa
  [ 412] viol   f=   7.874  a=23.9 b=38.0 gap=22.2 (face=4.5mm) n=[273, 410, 238, 176, 192, 193, 118, 245, 171, 99]  tape=0.519km B=11.00T unif=1.192% hoop=159MPa
  [ 413] OK     f=   0.638  a=22.2 b=39.1 gap=21.8 (face=3.5mm) n=[300, 440, 153, 163, 321, 337, 363, 301, 88, 215]  tape=0.638km B=13.26T unif=0.740% hoop=148MPa
  [ 414] OK     f=   0.489  a=22.0 b=37.8 gap=21.8 (face=3.6mm) n=[298, 415, 127, 86, 318, 185, 106, 366, 58, 137]  tape=0.489km B=10.75T unif=0.478% hoop=126MPa
  [ 415] viol   f=   8.725  a=26.0 b=37.5 gap=21.7 (face=3.5mm) n=[190, 273, 58, 67, 303, 93, 138, 377, 161, 181]  tape=0.446km B=7.97T unif=0.261% hoop=127MPa
  [ 416] viol   f=  33.792  a=26.6 b=37.1 gap=21.9 (face=3.8mm) n=[86, 439, 222, 251, 402, 110, 51, 341, 178, 52]  tape=0.516km B=10.89T unif=1.408% hoop=156MPa
  [ 417] viol   f=   8.901  a=24.8 b=37.1 gap=21.9 (face=3.9mm) n=[220, 339, 274, 61, 275, 301, 166, 306, 208, 193]  tape=0.524km B=11.42T unif=1.205% hoop=144MPa
  [ 418] OK     f=   0.648  a=25.1 b=35.6 gap=21.8 (face=3.7mm) n=[249, 367, 250, 134, 304, 281, 450, 346, 161, 230]  tape=0.648km B=12.72T unif=0.609% hoop=174MPa
  [a=22 b=34 nt=2428] KSP converged reason: 4, iterations: 1
  [a=24 b=38 nt=2477] KSP converged reason: 4, iterations: 1
  [a=23 b=39 nt=2543] KSP converged reason: 4, iterations: 1
  [a=23 b=36 nt=2572] KSP converged reason: 4, iterations: 1
  [a=25 b=39 nt=2339] KSP converged reason: 4, iterations: 1
  [a=23 b=36 nt=2700] KSP converged reason: 4, iterations: 1
  [a=23 b=39 nt=2398] KSP converged reason: 4, iterations: 1
  [a=24 b=40 nt=2460] KSP converged reason: 4, iterations: 1
  [a=23 b=39 nt=2460] KSP converged reason: 4, iterations: 1
  [a=22 b=38 nt=2489] KSP converged reason: 4, iterations: 1
  [a=23 b=34 nt=2163] KSP converged reason: 4, iterations: 1
  [ 419] OK     f=   0.587  a=24.9 b=38.8 gap=22.0 (face=4.0mm) n=[281, 457, 188, 67, 366, 192, 247, 305, 147, 89]  tape=0.587km B=11.62T unif=0.687% hoop=155MPa
  [ 420] OK     f=   0.601  a=23.1 b=36.3 gap=22.3 (face=4.5mm) n=[277, 319, 117, 176, 316, 318, 358, 411, 96, 312]  tape=0.601km B=12.20T unif=0.349% hoop=147MPa
  [ 421] viol   f=  87.137  a=23.6 b=38.5 gap=22.5 (face=5.1mm) n=[417, 500, 207, 77, 303, 114, 196, 278, 265, 120]  tape=0.623km B=12.99T unif=1.658% hoop=146MPa
  [ 422] viol   f=   5.796  a=22.6 b=36.0 gap=21.9 (face=3.7mm) n=[289, 359, 308, 187, 381, 226, 254, 409, 82, 77]  tape=0.567km B=13.23T unif=1.162% hoop=156MPa
  [ 423] OK     f=   0.536  a=21.5 b=34.4 gap=22.2 (face=4.4mm) n=[302, 340, 65, 144, 149, 455, 321, 393, 148, 111]  tape=0.536km B=11.30T unif=0.479% hoop=131MPa
  [ 424] viol   f=   2.299  a=23.4 b=39.3 gap=22.1 (face=4.2mm) n=[284, 485, 163, 152, 350, 240, 198, 386, 123, 162]  tape=0.643km B=12.35T unif=1.091% hoop=161MPa
  [ 425] OK     f=   0.563  a=22.7 b=39.1 gap=22.1 (face=4.2mm) n=[235, 378, 55, 120, 404, 293, 233, 360, 178, 142]  tape=0.563km B=11.55T unif=0.610% hoop=135MPa
  [ 426] OK     f=   0.589  a=23.4 b=39.4 gap=21.5 (face=3.0mm) n=[255, 394, 89, 55, 420, 188, 275, 329, 166, 289]  tape=0.589km B=11.38T unif=0.282% hoop=137MPa
  [ 427] OK     f=   0.639  a=24.5 b=40.4 gap=21.6 (face=3.2mm) n=[343, 496, 189, 237, 368, 265, 103, 308, 92, 59]  tape=0.639km B=13.01T unif=0.824% hoop=174MPa
  [ 428] viol   f= 318.784  a=22.3 b=38.4 gap=22.5 (face=5.1mm) n=[443, 493, 63, 137, 299, 317, 182, 246, 149, 160]  tape=0.612km B=13.61T unif=2.261% hoop=144MPa
  [ 429] viol   f=   0.694  a=23.3 b=34.2 gap=21.6 (face=3.3mm) n=[249, 415, 198, 51, 214, 360, 208, 350, 59, 59]  tape=0.475km B=11.04T unif=1.033% hoop=139MPa
  [a=23 b=39 nt=2782] KSP converged reason: 4, iterations: 1
  [a=23 b=37 nt=2500] KSP converged reason: 4, iterations: 1
  [a=21 b=37 nt=1990] KSP converged reason: 4, iterations: 1
  [a=23 b=36 nt=2333] KSP converged reason: 4, iterations: 1
  [a=24 b=36 nt=2309] KSP converged reason: 4, iterations: 1
  [a=24 b=36 nt=2304] KSP converged reason: 4, iterations: 1
  [a=23 b=39 nt=2766] KSP converged reason: 4, iterations: 1
  [a=22 b=36 nt=2546] KSP converged reason: 4, iterations: 1
  [a=23 b=35 nt=2729] KSP converged reason: 4, iterations: 1
  [a=24 b=37 nt=2455] KSP converged reason: 4, iterations: 1
  [a=22 b=36 nt=2508] KSP converged reason: 4, iterations: 1
  [ 430] viol   f=   1.452  a=21.2 b=37.4 gap=21.5 (face=3.0mm) n=[168, 132, 226, 201, 365, 246, 108, 395, 54, 95]  tape=0.459km B=9.30T unif=0.185% hoop=133MPa
  [ 431] viol   f= 146.724  a=22.9 b=36.0 gap=21.5 (face=3.0mm) n=[392, 375, 65, 57, 178, 357, 147, 373, 231, 158]  tape=0.509km B=12.15T unif=1.855% hoop=116MPa
  [ 432] viol   f= 173.716  a=22.8 b=37.1 gap=22.4 (face=4.7mm) n=[429, 375, 60, 232, 154, 343, 298, 208, 202, 199]  tape=0.580km B=12.97T unif=1.930% hoop=147MPa
  [ 433] OK     f=   0.516  a=24.5 b=35.6 gap=21.9 (face=3.8mm) n=[256, 300, 233, 156, 266, 335, 197, 375, 108, 78]  tape=0.516km B=11.20T unif=0.701% hoop=157MPa
  [ 434] OK     f=   0.658  a=22.9 b=38.9 gap=22.9 (face=5.9mm) n=[269, 458, 113, 50, 309, 394, 343, 428, 179, 239]  tape=0.658km B=12.86T unif=0.987% hoop=141MPa
  [ 435] viol   f= 786.401  a=24.0 b=36.1 gap=21.9 (face=3.7mm) n=[387, 373, 56, 120, 319, 295, 268, 325, 71, 95]  tape=0.509km B=12.67T unif=2.982% hoop=133MPa
  [ 436] viol   f=  35.456  a=22.7 b=39.0 gap=22.4 (face=4.9mm) n=[59, 472, 103, 129, 236, 374, 378, 494, 221, 300]  tape=0.667km B=12.40T unif=1.417% hoop=141MPa
  [ 437] OK     f=   0.605  a=22.1 b=36.4 gap=21.6 (face=3.2mm) n=[289, 286, 201, 88, 274, 397, 490, 295, 113, 113]  tape=0.605km B=11.61T unif=0.235% hoop=164MPa
  [ 438] viol   f= 159.579  a=22.7 b=35.0 gap=22.6 (face=5.1mm) n=[330, 360, 136, 272, 345, 214, 343, 291, 341, 97]  tape=0.561km B=13.68T unif=1.892% hoop=140MPa
  [ 439] OK     f=   0.557  a=23.9 b=37.2 gap=22.5 (face=5.0mm) n=[284, 408, 235, 168, 164, 380, 369, 336, 54, 57]  tape=0.557km B=12.11T unif=0.438% hoop=150MPa
  [ 440] viol   f= 213.852  a=22.2 b=35.7 gap=22.9 (face=5.7mm) n=[370, 334, 62, 126, 237, 419, 198, 297, 257, 208]  tape=0.560km B=12.17T unif=2.033% hoop=131MPa
  [a=23 b=34 nt=2630] KSP converged reason: 4, iterations: 1
  [a=24 b=36 nt=2589] KSP converged reason: 4, iterations: 1
  [a=23 b=37 nt=2371] KSP converged reason: 4, iterations: 1
  [a=21 b=38 nt=2552] KSP converged reason: 4, iterations: 1
  [a=25 b=36 nt=2324] KSP converged reason: 4, iterations: 1
  [a=26 b=37 nt=2367] KSP converged reason: 4, iterations: 1
  [a=24 b=32 nt=2208] KSP converged reason: 4, iterations: 1
  [a=25 b=36 nt=2462] KSP converged reason: 4, iterations: 1
  [a=24 b=36 nt=2261] KSP converged reason: 4, iterations: 1
  [a=23 b=37 nt=2244] KSP converged reason: 4, iterations: 1
  [ 441] OK     f=   0.541  a=25.4 b=36.2 gap=22.3 (face=4.6mm) n=[274, 305, 307, 60, 111, 287, 422, 345, 161, 52]  tape=0.541km B=10.85T unif=0.753% hoop=158MPa
  [ 442] OK     f=   0.589  a=20.5 b=37.6 gap=21.9 (face=3.9mm) n=[274, 278, 79, 192, 313, 461, 360, 396, 89, 110]  tape=0.589km B=11.55T unif=0.233% hoop=144MPa
  [ 443] viol   f= 202.182  a=23.0 b=33.6 gap=21.7 (face=3.4mm) n=[297, 160, 64, 143, 360, 500, 408, 336, 274, 88]  tape=0.594km B=11.41T unif=2.004% hoop=139MPa
  [ 444] OK     f=   0.577  a=23.0 b=37.1 gap=22.2 (face=4.5mm) n=[271, 470, 94, 113, 150, 358, 305, 223, 245, 142]  tape=0.577km B=11.53T unif=0.900% hoop=138MPa
  [ 445] OK     f=   0.600  a=24.0 b=36.0 gap=22.8 (face=5.7mm) n=[313, 464, 273, 127, 66, 478, 396, 227, 118, 127]  tape=0.600km B=12.54T unif=0.637% hoop=153MPa
  [ 446] OK     f=   0.581  a=26.0 b=37.5 gap=22.2 (face=4.4mm) n=[172, 156, 312, 87, 291, 340, 203, 435, 247, 124]  tape=0.581km B=10.33T unif=0.286% hoop=156MPa
  [ 447] viol   f= 160.797  a=24.4 b=32.0 gap=22.7 (face=5.3mm) n=[393, 467, 137, 171, 112, 266, 191, 241, 159, 71]  tape=0.500km B=12.21T unif=1.895% hoop=136MPa
  [ 448] OK     f=   0.515  a=23.6 b=36.4 gap=21.5 (face=3.0mm) n=[242, 374, 177, 248, 262, 170, 135, 345, 168, 140]  tape=0.515km B=11.43T unif=0.365% hoop=151MPa
  [ 449] INFEAS f=1013.179  a=21.4 b=36.3 gap=21.5 (face=3.0mm) n=[222, 252, 200, 65, 203, 289, 500, 429, 77, 164]  no evaluation (geometry pre-check)
  [ 450] OK     f=   0.568  a=24.5 b=35.5 gap=22.6 (face=5.1mm) n=[216, 413, 159, 68, 311, 267, 308, 439, 120, 161]  tape=0.568km B=11.55T unif=0.577% hoop=148MPa
  [ 451] OK     f=   0.522  a=23.0 b=36.5 gap=22.0 (face=4.0mm) n=[291, 306, 179, 108, 197, 422, 331, 244, 92, 74]  tape=0.522km B=10.76T unif=0.860% hoop=144MPa
  [a=24 b=37 nt=2312] KSP converged reason: 4, iterations: 1
  [a=22 b=37 nt=2257] KSP converged reason: 4, iterations: 1
  [a=24 b=36 nt=2203] KSP converged reason: 4, iterations: 1
  [a=25 b=36 nt=2180] KSP converged reason: 4, iterations: 1
  [a=24 b=37 nt=2244] KSP converged reason: 4, iterations: 1
  [a=23 b=36 nt=2271] KSP converged reason: 4, iterations: 1
  [a=22 b=34 nt=2449] KSP converged reason: 4, iterations: 1
  [a=23 b=37 nt=2243] KSP converged reason: 4, iterations: 1
  [a=25 b=37 nt=2419] KSP converged reason: 4, iterations: 1
  [a=23 b=38 nt=2391] KSP converged reason: 4, iterations: 1
  [a=23 b=36 nt=2460] KSP converged reason: 4, iterations: 1
  [ 452] OK     f=   0.501  a=22.7 b=36.5 gap=21.6 (face=3.2mm) n=[268, 355, 162, 310, 268, 224, 197, 278, 52, 157]  tape=0.501km B=11.94T unif=0.600% hoop=138MPa
  [ 453] OK     f=   0.567  a=23.9 b=37.2 gap=23.3 (face=6.6mm) n=[329, 496, 69, 62, 197, 383, 306, 254, 161, 55]  tape=0.567km B=11.33T unif=0.845% hoop=135MPa
  [ 454] OK     f=   0.522  a=22.4 b=36.6 gap=22.4 (face=4.9mm) n=[192, 442, 59, 212, 183, 370, 333, 314, 96, 56]  tape=0.522km B=11.32T unif=0.641% hoop=137MPa
  [ 455] viol   f=  14.473  a=24.5 b=36.2 gap=21.6 (face=3.2mm) n=[315, 255, 296, 143, 117, 368, 162, 274, 84, 166]  tape=0.496km B=11.08T unif=1.264% hoop=150MPa
  [ 456] OK     f=   0.507  a=24.4 b=36.4 gap=22.7 (face=5.3mm) n=[278, 393, 96, 93, 251, 272, 185, 374, 140, 121]  tape=0.507km B=10.67T unif=0.829% hoop=140MPa
  [ 457] OK     f=   0.501  a=23.8 b=36.9 gap=21.8 (face=3.7mm) n=[263, 356, 182, 91, 332, 271, 243, 309, 93, 104]  tape=0.501km B=11.28T unif=0.476% hoop=140MPa
  [ 458] OK     f=   0.540  a=22.5 b=33.8 gap=21.9 (face=3.9mm) n=[221, 414, 166, 160, 239, 281, 446, 339, 84, 99]  tape=0.540km B=11.83T unif=0.532% hoop=146MPa
  [ 459] OK     f=   0.507  a=23.2 b=37.1 gap=21.7 (face=3.4mm) n=[214, 368, 144, 186, 277, 316, 190, 340, 51, 157]  tape=0.507km B=11.19T unif=0.532% hoop=138MPa
  [ 460] viol   f=   0.555  a=23.5 b=38.3 gap=21.5 (face=3.0mm) n=[219, 321, 101, 249, 280, 265, 205, 359, 234, 158]  tape=0.550km B=11.43T unif=1.005% hoop=148MPa
  [ 461] OK     f=   0.596  a=25.3 b=37.2 gap=22.4 (face=4.7mm) n=[261, 460, 104, 208, 328, 325, 248, 264, 85, 136]  tape=0.596km B=12.10T unif=0.513% hoop=160MPa
  [ 462] OK     f=   0.583  a=23.3 b=36.4 gap=21.5 (face=3.0mm) n=[209, 329, 246, 300, 255, 126, 213, 438, 162, 182]  tape=0.583km B=11.63T unif=0.916% hoop=165MPa
  [a=23 b=37 nt=2254] KSP converged reason: 4, iterations: 1
  [a=24 b=37 nt=2122] KSP converged reason: 4, iterations: 1
  [a=23 b=39 nt=2163] KSP converged reason: 4, iterations: 1
  [a=24 b=37 nt=2199] KSP converged reason: 4, iterations: 1
  [a=23 b=37 nt=1907] KSP converged reason: 4, iterations: 1
  [a=22 b=36 nt=1930] KSP converged reason: 4, iterations: 1
  [a=23 b=38 nt=2532] KSP converged reason: 4, iterations: 1
  [a=22 b=38 nt=2303] KSP converged reason: 4, iterations: 1
  [a=24 b=38 nt=2335] KSP converged reason: 4, iterations: 1
  [a=21 b=38 nt=2070] KSP converged reason: 4, iterations: 1
  [a=25 b=37 nt=2284] KSP converged reason: 4, iterations: 1
  [ 463] OK     f=   0.529  a=22.8 b=37.0 gap=21.6 (face=3.2mm) n=[214, 361, 269, 189, 435, 173, 96, 350, 83, 84]  tape=0.529km B=11.49T unif=0.787% hoop=151MPa
  [ 464] OK     f=   0.479  a=24.5 b=37.0 gap=21.5 (face=3.1mm) n=[244, 346, 62, 217, 352, 310, 107, 179, 82, 223]  tape=0.479km B=10.70T unif=0.528% hoop=138MPa
  [ 465] viol   f=   4.799  a=23.4 b=36.9 gap=21.8 (face=3.6mm) n=[241, 270, 215, 116, 257, 275, 66, 277, 88, 102]  tape=0.406km B=9.98T unif=1.148% hoop=126MPa
  [ 466] viol   f=  34.805  a=22.0 b=36.3 gap=21.5 (face=3.1mm) n=[256, 229, 177, 221, 254, 202, 165, 167, 176, 83]  tape=0.400km B=10.32T unif=1.415% hoop=122MPa
  [ 467] OK     f=   0.500  a=23.2 b=38.7 gap=21.7 (face=3.3mm) n=[259, 342, 108, 168, 181, 361, 229, 332, 80, 103]  tape=0.500km B=10.50T unif=0.840% hoop=143MPa
  [ 468] OK     f=   0.478  a=23.6 b=37.0 gap=21.6 (face=3.2mm) n=[173, 291, 225, 146, 308, 235, 316, 306, 74, 125]  tape=0.478km B=10.87T unif=0.882% hoop=137MPa
  [ 469] OK     f=   0.576  a=22.9 b=37.7 gap=21.6 (face=3.1mm) n=[186, 216, 211, 233, 348, 270, 384, 320, 281, 83]  tape=0.576km B=11.71T unif=0.184% hoop=167MPa
  [ 470] viol   f=   6.581  a=21.7 b=37.6 gap=22.0 (face=3.9mm) n=[205, 386, 50, 251, 290, 268, 169, 356, 190, 138]  tape=0.523km B=11.52T unif=1.174% hoop=135MPa
  [ 471] OK     f=   0.567  a=24.4 b=37.7 gap=21.5 (face=3.0mm) n=[182, 381, 163, 239, 267, 251, 174, 432, 65, 181]  tape=0.567km B=11.11T unif=0.844% hoop=169MPa
  [ 472] viol   f=   0.506  a=21.3 b=37.6 gap=21.6 (face=3.2mm) n=[145, 272, 108, 198, 312, 231, 211, 371, 69, 153]  tape=0.473km B=9.87T unif=0.751% hoop=127MPa
  [ 473] viol   f= 201.869  a=25.2 b=36.9 gap=21.6 (face=3.1mm) n=[312, 320, 221, 194, 257, 191, 326, 296, 93, 74]  tape=0.504km B=12.11T unif=2.003% hoop=160MPa
  [a=24 b=38 nt=2390] KSP converged reason: 4, iterations: 1
  [a=23 b=39 nt=2428] KSP converged reason: 4, iterations: 1
  [a=23 b=37 nt=2444] KSP converged reason: 4, iterations: 1
  [a=23 b=35 nt=2137] KSP converged reason: 4, iterations: 1
  [a=24 b=37 nt=2211] KSP converged reason: 4, iterations: 1
  [a=24 b=37 nt=2128] KSP converged reason: 4, iterations: 1
  [a=22 b=37 nt=2218] KSP converged reason: 4, iterations: 1
  [a=24 b=39 nt=2111] KSP converged reason: 4, iterations: 1
  [a=24 b=37 nt=2241] KSP converged reason: 4, iterations: 1
  [a=25 b=40 nt=2116] KSP converged reason: 4, iterations: 1
  [a=23 b=37 nt=2298] KSP converged reason: 4, iterations: 1
  [ 474] OK     f=   0.558  a=22.7 b=36.8 gap=21.7 (face=3.3mm) n=[287, 418, 78, 172, 301, 294, 297, 362, 131, 104]  tape=0.558km B=12.34T unif=0.705% hoop=145MPa
  [ 475] viol   f=  21.258  a=22.7 b=35.5 gap=21.6 (face=3.2mm) n=[230, 163, 76, 142, 393, 304, 317, 269, 99, 144]  tape=0.481km B=9.84T unif=1.322% hoop=127MPa
  [ 476] OK     f=   0.596  a=23.0 b=39.0 gap=21.6 (face=3.2mm) n=[207, 334, 202, 267, 433, 169, 193, 223, 300, 100]  tape=0.596km B=11.65T unif=0.776% hoop=158MPa
  [ 477] OK     f=   0.476  a=23.5 b=36.9 gap=21.5 (face=3.0mm) n=[204, 251, 256, 127, 258, 315, 174, 339, 61, 143]  tape=0.476km B=10.30T unif=0.542% hoop=145MPa
  [ 478] OK     f=   0.598  a=23.6 b=38.1 gap=21.5 (face=3.0mm) n=[240, 366, 137, 157, 497, 179, 258, 374, 131, 51]  tape=0.598km B=10.98T unif=0.179% hoop=155MPa
  [ 479] viol   f=   0.534  a=23.9 b=37.3 gap=21.9 (face=3.9mm) n=[212, 205, 201, 166, 283, 206, 190, 360, 121, 267]  tape=0.513km B=9.90T unif=0.812% hoop=161MPa
  [ 480] viol   f=   0.549  a=22.5 b=36.5 gap=21.6 (face=3.2mm) n=[142, 408, 62, 211, 359, 285, 223, 282, 146, 100]  tape=0.508km B=11.67T unif=1.014% hoop=134MPa
  [ 481] OK     f=   0.552  a=23.6 b=39.2 gap=21.5 (face=3.0mm) n=[204, 489, 145, 194, 298, 232, 165, 239, 95, 50]  tape=0.552km B=10.95T unif=0.708% hoop=155MPa
  [ 482] OK     f=   0.520  a=23.8 b=37.3 gap=21.6 (face=3.3mm) n=[212, 297, 61, 405, 260, 190, 175, 405, 50, 186]  tape=0.520km B=10.61T unif=0.200% hoop=142MPa
  [ 483] viol   f=   2.256  a=25.0 b=40.1 gap=21.6 (face=3.2mm) n=[253, 465, 75, 63, 328, 374, 166, 182, 51, 159]  tape=0.544km B=10.62T unif=1.093% hoop=142MPa
  [ 484] OK     f=   0.506  a=22.6 b=36.8 gap=21.5 (face=3.1mm) n=[254, 194, 151, 87, 308, 340, 345, 367, 75, 177]  tape=0.506km B=10.39T unif=0.737% hoop=132MPa
  [a=23 b=38 nt=2783] KSP converged reason: 4, iterations: 1
  [a=23 b=38 nt=2421] KSP converged reason: 4, iterations: 1
  [a=24 b=35 nt=1974] KSP converged reason: 4, iterations: 1
  [a=24 b=35 nt=2091] KSP converged reason: 4, iterations: 1
  [a=24 b=36 nt=2301] KSP converged reason: 4, iterations: 1
  [a=24 b=36 nt=2166] KSP converged reason: 4, iterations: 1
  [a=24 b=37 nt=2357] KSP converged reason: 4, iterations: 1
  [a=23 b=37 nt=2242] KSP converged reason: 4, iterations: 1
  [a=23 b=36 nt=2121] KSP converged reason: 4, iterations: 1
  [a=23 b=37 nt=2019] KSP converged reason: 4, iterations: 1
  [a=24 b=37 nt=1958] KSP converged reason: 4, iterations: 1
  [ 485] OK     f=   0.569  a=23.2 b=37.5 gap=21.7 (face=3.3mm) n=[143, 131, 298, 213, 277, 352, 335, 423, 154, 95]  tape=0.569km B=10.93T unif=0.246% hoop=150MPa
  [ 486] OK     f=   0.472  a=24.4 b=35.8 gap=21.5 (face=3.0mm) n=[226, 284, 251, 98, 286, 333, 126, 314, 72, 176]  tape=0.472km B=10.69T unif=0.638% hoop=144MPa
  [ 487] OK     f=   0.679  a=22.6 b=37.7 gap=21.5 (face=3.0mm) n=[246, 216, 216, 287, 296, 362, 297, 482, 175, 206]  tape=0.679km B=12.29T unif=0.471% hoop=179MPa
  [ 488] OK     f=   0.499  a=23.7 b=36.0 gap=21.8 (face=3.5mm) n=[268, 178, 240, 91, 283, 337, 312, 306, 160, 126]  tape=0.499km B=10.93T unif=0.268% hoop=136MPa
  [ 489] viol   f= 276.860  a=24.2 b=35.4 gap=21.5 (face=3.0mm) n=[169, 128, 190, 50, 383, 369, 77, 308, 69, 231]  tape=0.443km B=8.91T unif=2.171% hoop=122MPa
  [ 490] viol   f=  37.043  a=24.1 b=35.4 gap=21.5 (face=3.0mm) n=[227, 179, 261, 227, 213, 228, 195, 362, 82, 117]  tape=0.474km B=10.25T unif=1.428% hoop=158MPa
  [ 491] OK     f=   0.570  a=23.6 b=37.2 gap=21.6 (face=3.2mm) n=[276, 197, 229, 89, 251, 434, 166, 298, 210, 207]  tape=0.570km B=10.44T unif=0.272% hoop=158MPa
  [ 492] OK     f=   0.515  a=23.2 b=37.3 gap=21.6 (face=3.3mm) n=[329, 256, 103, 102, 368, 296, 248, 410, 52, 78]  tape=0.515km B=10.91T unif=0.712% hoop=136MPa
  [ 493] OK     f=   0.452  a=22.9 b=35.5 gap=22.2 (face=4.5mm) n=[226, 112, 199, 283, 316, 235, 247, 271, 67, 165]  tape=0.452km B=10.47T unif=0.577% hoop=128MPa
  [ 494] viol   f=  91.873  a=23.1 b=36.7 gap=21.9 (face=3.7mm) n=[282, 333, 243, 256, 281, 140, 50, 225, 84, 125]  tape=0.446km B=11.49T unif=1.676% hoop=140MPa
  [ 495] viol   f=  36.662  a=24.4 b=37.2 gap=21.5 (face=3.1mm) n=[165, 301, 145, 209, 207, 245, 259, 245, 75, 107]  tape=0.438km B=9.93T unif=1.426% hoop=148MPa
  [a=22 b=36 nt=2451] KSP converged reason: 4, iterations: 1
  [a=23 b=35 nt=2186] KSP converged reason: 4, iterations: 1
  [a=25 b=37 nt=1777] KSP converged reason: 4, iterations: 1
  [a=24 b=35 nt=2362] KSP converged reason: 4, iterations: 1
  [a=23 b=36 nt=2240] KSP converged reason: 4, iterations: 1
  [a=24 b=36 nt=1897] KSP converged reason: 4, iterations: 1
  [a=23 b=36 nt=2301] KSP converged reason: 4, iterations: 1
  [a=23 b=35 nt=2161] KSP converged reason: 4, iterations: 1
  [a=23 b=37 nt=1970] KSP converged reason: 4, iterations: 1
  [a=22 b=35 nt=2656] KSP converged reason: 4, iterations: 1
  [a=24 b=36 nt=2094] KSP converged reason: 4, iterations: 1
  [ 496] OK     f=   0.490  a=24.2 b=34.7 gap=21.8 (face=3.6mm) n=[215, 235, 309, 231, 261, 284, 229, 239, 78, 281]  tape=0.490km B=11.80T unif=0.849% hoop=149MPa
  [ 497] OK     f=   0.563  a=22.2 b=36.1 gap=21.5 (face=3.0mm) n=[333, 180, 107, 169, 349, 267, 280, 433, 137, 196]  tape=0.563km B=11.35T unif=0.518% hoop=144MPa
  [ 498] viol   f=   6.012  a=25.0 b=37.2 gap=21.5 (face=3.1mm) n=[264, 59, 183, 151, 221, 378, 61, 238, 126, 96]  tape=0.428km B=8.33T unif=0.716% hoop=131MPa
  [ 499] viol   f=   0.597  a=23.9 b=35.9 gap=21.5 (face=3.0mm) n=[140, 287, 190, 79, 280, 317, 191, 286, 64, 63]  tape=0.412km B=9.70T unif=0.850% hoop=124MPa
  [ 500] OK     f=   0.475  a=23.4 b=35.8 gap=21.7 (face=3.4mm) n=[286, 183, 282, 119, 314, 299, 229, 263, 87, 178]  tape=0.475km B=11.19T unif=0.383% hoop=132MPa
  [ 501] viol   f=   0.522  a=22.8 b=34.9 gap=21.5 (face=3.0mm) n=[251, 215, 200, 75, 229, 301, 250, 420, 72, 173]  tape=0.500km B=9.90T unif=0.542% hoop=156MPa
  [ 502] viol   f=   0.796  a=23.3 b=35.9 gap=21.5 (face=3.0mm) n=[211, 149, 216, 157, 274, 191, 281, 497, 144, 181]  tape=0.574km B=9.67T unif=0.361% hoop=157MPa
  [ 503] OK     f=   0.480  a=23.5 b=35.3 gap=21.8 (face=3.5mm) n=[242, 229, 94, 107, 363, 281, 280, 240, 133, 192]  tape=0.480km B=10.18T unif=0.344% hoop=139MPa
  [ 504] viol   f=   0.788  a=23.2 b=37.4 gap=21.6 (face=3.3mm) n=[138, 225, 193, 226, 349, 224, 202, 163, 62, 188]  tape=0.458km B=9.59T unif=0.685% hoop=139MPa
  [ 505] OK     f=   0.591  a=22.4 b=34.5 gap=21.7 (face=3.4mm) n=[349, 140, 376, 211, 330, 274, 238, 447, 126, 165]  tape=0.591km B=12.94T unif=0.895% hoop=154MPa
  [ 506] OK     f=   0.463  a=23.9 b=35.7 gap=21.9 (face=3.7mm) n=[240, 104, 278, 162, 279, 328, 182, 354, 69, 98]  tape=0.463km B=10.27T unif=0.771% hoop=130MPa
  [a=24 b=35 nt=2026] KSP converged reason: 4, iterations: 1
  [a=24 b=35 nt=2259] KSP converged reason: 4, iterations: 1
  [a=23 b=35 nt=2251] KSP converged reason: 4, iterations: 1
  [a=24 b=38 nt=2241] KSP converged reason: 4, iterations: 1
  [a=23 b=37 nt=2205] KSP converged reason: 4, iterations: 1
  [a=24 b=37 nt=1933] KSP converged reason: 4, iterations: 1
  [a=24 b=34 nt=2344] KSP converged reason: 4, iterations: 1
  [a=24 b=32 nt=2367] KSP converged reason: 4, iterations: 1
  [a=23 b=36 nt=2320] KSP converged reason: 4, iterations: 1
  [a=23 b=35 nt=2359] KSP converged reason: 4, iterations: 1
  [a=24 b=37 nt=2380] KSP converged reason: 4, iterations: 1
  [ 507] OK     f=   0.500  a=24.0 b=37.5 gap=21.5 (face=3.0mm) n=[354, 171, 92, 94, 357, 265, 340, 363, 70, 135]  tape=0.500km B=10.87T unif=0.407% hoop=126MPa
  [ 508] OK     f=   0.487  a=23.7 b=35.0 gap=22.6 (face=5.2mm) n=[213, 167, 209, 323, 302, 359, 191, 339, 84, 72]  tape=0.487km B=10.91T unif=0.368% hoop=141MPa
  [ 509] viol   f=   2.247  a=23.9 b=36.7 gap=21.6 (face=3.2mm) n=[264, 191, 183, 162, 252, 213, 175, 284, 87, 122]  tape=0.422km B=9.64T unif=1.089% hoop=143MPa
  [ 510] viol   f=   0.552  a=24.4 b=35.0 gap=21.6 (face=3.3mm) n=[288, 56, 311, 119, 195, 263, 178, 358, 84, 174]  tape=0.450km B=9.77T unif=0.990% hoop=129MPa
  [ 511] viol   f= 110.040  a=23.0 b=35.3 gap=22.0 (face=4.0mm) n=[355, 87, 301, 191, 269, 274, 178, 262, 74, 260]  tape=0.487km B=11.56T unif=1.740% hoop=136MPa
  [ 512] OK     f=   0.489  a=23.3 b=36.9 gap=21.5 (face=3.0mm) n=[216, 116, 338, 116, 311, 289, 109, 346, 153, 211]  tape=0.489km B=10.67T unif=0.585% hoop=126MPa
  [ 513] OK     f=   0.497  a=24.0 b=34.5 gap=21.5 (face=3.0mm) n=[300, 152, 306, 168, 307, 344, 229, 295, 119, 124]  tape=0.497km B=11.87T unif=0.601% hoop=137MPa
  [ 514] viol   f=   8.885  a=23.6 b=32.4 gap=21.5 (face=3.0mm) n=[239, 145, 191, 113, 273, 380, 383, 228, 96, 319]  tape=0.494km B=10.57T unif=1.205% hoop=138MPa
  [ 515] OK     f=   0.519  a=23.1 b=36.0 gap=21.9 (face=3.7mm) n=[269, 91, 345, 130, 330, 295, 257, 400, 61, 142]  tape=0.519km B=11.41T unif=0.792% hoop=132MPa
  [ 516] OK     f=   0.520  a=22.8 b=35.0 gap=21.6 (face=3.1mm) n=[246, 191, 214, 282, 374, 252, 140, 255, 153, 252]  tape=0.520km B=11.42T unif=0.563% hoop=152MPa
  [ 517] OK     f=   0.556  a=23.9 b=36.9 gap=21.5 (face=3.1mm) n=[263, 125, 265, 148, 349, 313, 199, 407, 172, 139]  tape=0.556km B=11.09T unif=0.322% hoop=148MPa
  [a=22 b=35 nt=2545] KSP converged reason: 4, iterations: 1
  [a=24 b=35 nt=2318] KSP converged reason: 4, iterations: 1
  [a=24 b=37 nt=2426] KSP converged reason: 4, iterations: 1
  [a=24 b=35 nt=2337] KSP converged reason: 4, iterations: 1
  [a=24 b=36 nt=2326] KSP converged reason: 4, iterations: 1
  [a=24 b=36 nt=2157] KSP converged reason: 4, iterations: 1
  [a=23 b=36 nt=2427] KSP converged reason: 4, iterations: 1
  [a=23 b=37 nt=2234] KSP converged reason: 4, iterations: 1
  [a=25 b=36 nt=2112] KSP converged reason: 4, iterations: 1
  [a=25 b=37 nt=2172] KSP converged reason: 4, iterations: 1
  [a=23 b=35 nt=2178] KSP converged reason: 4, iterations: 1
  [ 518] OK     f=   0.505  a=23.6 b=35.5 gap=22.1 (face=4.1mm) n=[299, 128, 342, 114, 369, 338, 170, 330, 61, 186]  tape=0.505km B=11.69T unif=0.364% hoop=127MPa
  [ 519] OK     f=   0.501  a=23.7 b=34.8 gap=23.0 (face=6.0mm) n=[238, 135, 335, 323, 373, 265, 166, 315, 77, 91]  tape=0.501km B=11.55T unif=0.601% hoop=136MPa
  [ 520] OK     f=   0.560  a=24.1 b=37.4 gap=21.6 (face=3.2mm) n=[302, 171, 99, 300, 286, 383, 225, 320, 180, 160]  tape=0.560km B=11.43T unif=0.346% hoop=149MPa
  [ 521] OK     f=   0.588  a=22.1 b=35.4 gap=23.5 (face=7.1mm) n=[211, 127, 282, 184, 379, 368, 226, 467, 147, 154]  tape=0.588km B=10.92T unif=0.750% hoop=142MPa
  [ 522] viol   f=   0.559  a=24.0 b=36.2 gap=21.8 (face=3.7mm) n=[216, 237, 235, 310, 271, 251, 139, 197, 75, 226]  tape=0.468km B=11.06T unif=1.021% hoop=152MPa
  [ 523] OK     f=   0.499  a=24.0 b=35.6 gap=21.9 (face=3.7mm) n=[218, 78, 231, 274, 318, 337, 189, 331, 112, 238]  tape=0.499km B=10.92T unif=0.271% hoop=140MPa
  [ 524] OK     f=   0.537  a=23.2 b=35.8 gap=22.1 (face=4.3mm) n=[220, 141, 308, 230, 318, 386, 198, 389, 115, 122]  tape=0.537km B=11.49T unif=0.219% hoop=146MPa
  [ 525] viol   f=   1.147  a=23.2 b=36.8 gap=22.3 (face=4.6mm) n=[138, 93, 260, 154, 305, 260, 170, 439, 295, 120]  tape=0.537km B=9.45T unif=0.185% hoop=141MPa
  [ 526] OK     f=   0.473  a=25.0 b=36.3 gap=21.8 (face=3.5mm) n=[311, 166, 334, 154, 351, 199, 51, 274, 214, 58]  tape=0.473km B=10.75T unif=0.428% hoop=134MPa
  [ 527] OK     f=   0.499  a=25.0 b=36.5 gap=21.6 (face=3.1mm) n=[168, 82, 364, 137, 276, 282, 193, 309, 129, 232]  tape=0.499km B=10.55T unif=0.726% hoop=141MPa
  [ 528] viol   f=  59.669  a=23.3 b=35.4 gap=21.5 (face=3.1mm) n=[338, 72, 259, 198, 300, 253, 263, 299, 53, 143]  tape=0.465km B=11.45T unif=1.544% hoop=134MPa
  [a=24 b=38 nt=2348] KSP converged reason: 4, iterations: 1
  [a=24 b=38 nt=1911] KSP converged reason: 4, iterations: 1
  [a=24 b=35 nt=2319] KSP converged reason: 4, iterations: 1
  [a=24 b=37 nt=2070] KSP converged reason: 4, iterations: 1
  [a=25 b=37 nt=2282] KSP converged reason: 4, iterations: 1
  [a=25 b=36 nt=2253] KSP converged reason: 4, iterations: 1
  [a=24 b=37 nt=2018] KSP converged reason: 4, iterations: 1
  [a=25 b=37 nt=2602] KSP converged reason: 4, iterations: 1
  [a=23 b=35 nt=2285] KSP converged reason: 4, iterations: 1
  [a=22 b=35 nt=2327] KSP converged reason: 4, iterations: 1
  [a=26 b=37 nt=2180] KSP converged reason: 4, iterations: 1
  [ 529] OK     f=   0.494  a=24.9 b=35.7 gap=21.5 (face=3.0mm) n=[196, 130, 339, 267, 202, 264, 254, 321, 52, 228]  tape=0.494km B=11.03T unif=0.708% hoop=147MPa
  [ 530] OK     f=   0.589  a=24.0 b=38.0 gap=21.5 (face=3.0mm) n=[161, 222, 326, 193, 473, 207, 121, 349, 99, 197]  tape=0.589km B=10.75T unif=0.162% hoop=160MPa
  [ 531] OK     f=   0.536  a=25.4 b=36.6 gap=21.5 (face=3.0mm) n=[183, 214, 389, 103, 403, 106, 272, 274, 218, 120]  tape=0.536km B=10.89T unif=0.479% hoop=154MPa
  [ 532] OK     f=   0.479  a=24.1 b=37.0 gap=21.6 (face=3.2mm) n=[131, 99, 386, 137, 317, 206, 275, 338, 59, 122]  tape=0.479km B=10.18T unif=0.551% hoop=130MPa
  [ 533] OK     f=   0.512  a=23.9 b=35.4 gap=22.2 (face=4.3mm) n=[226, 93, 383, 284, 266, 297, 302, 310, 50, 108]  tape=0.512km B=11.78T unif=0.446% hoop=149MPa
  [ 534] viol   f=   2.978  a=24.4 b=38.1 gap=21.9 (face=3.8mm) n=[220, 192, 242, 72, 431, 280, 61, 276, 51, 86]  tape=0.473km B=8.88T unif=0.250% hoop=152MPa
  [ 535] OK     f=   0.464  a=24.4 b=36.5 gap=22.0 (face=4.0mm) n=[240, 76, 380, 179, 305, 200, 61, 335, 59, 183]  tape=0.464km B=10.03T unif=0.618% hoop=131MPa
  [ 536] OK     f=   0.624  a=24.6 b=36.9 gap=21.9 (face=3.7mm) n=[377, 89, 461, 266, 341, 194, 132, 301, 279, 162]  tape=0.624km B=12.89T unif=0.555% hoop=163MPa
  [ 537] viol   f=   0.525  a=23.5 b=35.1 gap=21.5 (face=3.1mm) n=[346, 100, 270, 196, 355, 298, 65, 320, 209, 126]  tape=0.488km B=11.53T unif=1.014% hoop=133MPa
  [ 538] OK     f=   0.489  a=22.0 b=34.7 gap=22.5 (face=5.1mm) n=[189, 72, 291, 242, 352, 285, 153, 357, 129, 257]  tape=0.489km B=10.70T unif=0.678% hoop=128MPa
  [ 539] OK     f=   0.517  a=25.9 b=37.1 gap=21.7 (face=3.3mm) n=[146, 123, 364, 176, 379, 270, 160, 231, 168, 163]  tape=0.517km B=10.55T unif=0.436% hoop=146MPa
  [a=26 b=36 nt=2156] KSP converged reason: 4, iterations: 1
  [a=24 b=37 nt=2160] KSP converged reason: 4, iterations: 1
  [a=23 b=36 nt=2295] KSP converged reason: 4, iterations: 1
  [a=23 b=37 nt=2042] KSP converged reason: 4, iterations: 1
  [a=25 b=37 nt=2092] KSP converged reason: 4, iterations: 1
  [a=24 b=36 nt=2111] KSP converged reason: 4, iterations: 1
  [a=24 b=35 nt=2264] KSP converged reason: 4, iterations: 1
  [a=24 b=35 nt=2199] KSP converged reason: 4, iterations: 1
  [a=23 b=36 nt=2548] KSP converged reason: 4, iterations: 1
  [a=24 b=37 nt=2355] KSP converged reason: 4, iterations: 1
  [a=23 b=35 nt=2348] KSP converged reason: 4, iterations: 1
  [ 540] viol   f=  37.367  a=26.4 b=35.8 gap=21.6 (face=3.2mm) n=[192, 169, 468, 96, 346, 200, 56, 385, 134, 110]  tape=0.527km B=10.35T unif=1.429% hoop=153MPa
  [ 541] viol   f=   1.043  a=23.1 b=37.5 gap=22.1 (face=4.2mm) n=[285, 99, 336, 67, 256, 189, 120, 384, 86, 220]  tape=0.474km B=9.47T unif=0.663% hoop=122MPa
  [ 542] OK     f=   0.477  a=24.9 b=36.7 gap=22.4 (face=4.9mm) n=[313, 154, 369, 157, 338, 260, 99, 275, 75, 52]  tape=0.477km B=10.80T unif=0.653% hoop=131MPa
  [ 543] OK     f=   0.464  a=24.3 b=36.1 gap=21.6 (face=3.1mm) n=[133, 103, 304, 222, 330, 260, 287, 245, 65, 162]  tape=0.464km B=10.41T unif=0.308% hoop=135MPa
  [ 544] OK     f=   0.511  a=22.8 b=35.9 gap=21.6 (face=3.1mm) n=[202, 189, 372, 184, 311, 239, 244, 309, 130, 115]  tape=0.511km B=11.56T unif=0.534% hoop=149MPa
  [ 545] viol   f=   0.514  a=24.4 b=36.8 gap=22.5 (face=5.0mm) n=[213, 67, 356, 109, 415, 198, 147, 304, 137, 214]  tape=0.513km B=9.98T unif=0.326% hoop=129MPa
  [ 546] viol   f=   4.363  a=23.9 b=35.5 gap=22.4 (face=4.8mm) n=[122, 141, 403, 285, 316, 191, 123, 339, 97, 247]  tape=0.515km B=10.83T unif=1.139% hoop=142MPa
  [ 547] OK     f=   0.472  a=23.8 b=34.7 gap=21.8 (face=3.5mm) n=[224, 185, 339, 137, 221, 239, 314, 295, 79, 166]  tape=0.472km B=10.70T unif=0.297% hoop=141MPa
  [ 548] OK     f=   0.607  a=23.2 b=36.4 gap=22.3 (face=4.7mm) n=[213, 218, 392, 145, 234, 260, 254, 457, 208, 167]  tape=0.607km B=11.38T unif=0.292% hoop=171MPa
  [ 549] OK     f=   0.538  a=24.0 b=37.0 gap=21.7 (face=3.3mm) n=[257, 83, 379, 186, 341, 198, 232, 348, 159, 172]  tape=0.538km B=11.55T unif=0.594% hoop=141MPa
  [ 550] viol   f= 383.304  a=22.9 b=35.2 gap=22.5 (face=5.0mm) n=[144, 67, 477, 133, 344, 274, 201, 452, 137, 119]  tape=0.542km B=11.09T unif=2.383% hoop=136MPa
  [a=23 b=37 nt=2285] KSP converged reason: 4, iterations: 1
  [a=24 b=34 nt=2167] KSP converged reason: 4, iterations: 1
  [a=26 b=37 nt=2236] KSP converged reason: 4, iterations: 1
  [a=24 b=34 nt=2410] KSP converged reason: 4, iterations: 1
  [a=24 b=37 nt=1796] KSP converged reason: 4, iterations: 1
  [a=25 b=36 nt=2053] KSP converged reason: 4, iterations: 1
  [a=25 b=36 nt=2194] KSP converged reason: 4, iterations: 1
  [a=24 b=36 nt=2407] KSP converged reason: 4, iterations: 1
  [a=25 b=35 nt=2252] KSP converged reason: 4, iterations: 1
  [a=25 b=37 nt=2057] KSP converged reason: 4, iterations: 1
  [a=25 b=38 nt=1818] KSP converged reason: 4, iterations: 1
  [ 551] OK     f=   0.489  a=24.1 b=34.1 gap=21.9 (face=3.8mm) n=[184, 79, 388, 241, 234, 237, 195, 274, 177, 158]  tape=0.489km B=10.76T unif=0.670% hoop=160MPa
  [ 552] viol   f=   1.834  a=24.3 b=37.3 gap=21.5 (face=3.0mm) n=[271, 151, 371, 50, 207, 200, 185, 194, 89, 78]  tape=0.429km B=9.16T unif=0.427% hoop=143MPa
  [ 553] viol   f=  59.563  a=25.4 b=35.9 gap=21.6 (face=3.2mm) n=[317, 246, 197, 129, 328, 256, 178, 212, 109, 81]  tape=0.458km B=10.74T unif=1.544% hoop=148MPa
  [ 554] OK     f=   0.541  a=23.2 b=36.8 gap=22.0 (face=3.9mm) n=[190, 143, 347, 155, 413, 203, 207, 251, 180, 196]  tape=0.541km B=10.78T unif=0.554% hoop=158MPa
  [ 555] OK     f=   0.540  a=25.6 b=36.9 gap=21.5 (face=3.0mm) n=[197, 54, 426, 137, 359, 258, 234, 257, 219, 95]  tape=0.540km B=11.07T unif=0.526% hoop=161MPa
  [ 556] OK     f=   0.526  a=23.7 b=34.4 gap=21.5 (face=3.1mm) n=[254, 67, 399, 108, 317, 221, 324, 349, 147, 224]  tape=0.526km B=11.80T unif=0.463% hoop=136MPa
  [ 557] viol   f=   2.664  a=24.9 b=36.4 gap=21.7 (face=3.4mm) n=[234, 155, 360, 273, 235, 240, 145, 196, 197, 159]  tape=0.508km B=11.22T unif=1.104% hoop=158MPa
  [ 558] OK     f=   0.560  a=24.5 b=35.9 gap=22.2 (face=4.4mm) n=[187, 123, 415, 256, 323, 249, 285, 275, 203, 91]  tape=0.560km B=11.92T unif=0.517% hoop=159MPa
  [ 559] OK     f=   0.500  a=24.8 b=34.7 gap=21.5 (face=3.0mm) n=[258, 113, 389, 113, 224, 330, 283, 346, 82, 114]  tape=0.500km B=11.05T unif=0.724% hoop=140MPa
  [ 560] viol   f=   4.289  a=25.1 b=37.3 gap=21.9 (face=3.8mm) n=[201, 70, 319, 252, 248, 205, 170, 257, 114, 221]  tape=0.469km B=10.10T unif=1.138% hoop=147MPa
  [ 561] viol   f=  16.311  a=24.7 b=37.6 gap=21.5 (face=3.0mm) n=[139, 233, 172, 197, 269, 119, 232, 196, 130, 131]  tape=0.408km B=9.00T unif=1.264% hoop=135MPa
  [a=24 b=35 nt=2463] KSP converged reason: 4, iterations: 1
  [a=23 b=35 nt=2383] KSP converged reason: 4, iterations: 1
  [a=25 b=34 nt=2381] KSP converged reason: 4, iterations: 1
  [a=23 b=34 nt=2115] KSP converged reason: 4, iterations: 1
  [a=24 b=35 nt=2233] KSP converged reason: 4, iterations: 1
  [a=25 b=36 nt=2127] KSP converged reason: 4, iterations: 1
  [a=26 b=35 nt=2225] KSP converged reason: 4, iterations: 1
  [a=25 b=35 nt=2264] KSP converged reason: 4, iterations: 1
  [a=24 b=34 nt=2240] KSP converged reason: 4, iterations: 1
  [a=25 b=36 nt=2289] KSP converged reason: 4, iterations: 1
  [a=25 b=35 nt=2211] KSP converged reason: 4, iterations: 1
  [ 562] OK     f=   0.552  a=23.3 b=35.4 gap=21.6 (face=3.2mm) n=[238, 67, 445, 176, 345, 203, 254, 362, 120, 173]  tape=0.552km B=11.70T unif=0.718% hoop=141MPa
  [ 563] OK     f=   0.482  a=24.7 b=35.7 gap=21.6 (face=3.3mm) n=[328, 63, 383, 194, 303, 187, 198, 292, 115, 64]  tape=0.482km B=11.08T unif=0.570% hoop=144MPa
  [ 564] viol   f=  14.717  a=24.4 b=34.6 gap=21.5 (face=3.0mm) n=[218, 191, 451, 155, 277, 242, 246, 320, 173, 190]  tape=0.580km B=11.84T unif=1.266% hoop=172MPa
  [ 565] viol   f=   0.845  a=23.0 b=34.2 gap=21.7 (face=3.5mm) n=[275, 65, 324, 78, 220, 268, 293, 383, 138, 71]  tape=0.458km B=10.35T unif=1.044% hoop=127MPa
  [ 566] OK     f=   0.534  a=25.0 b=34.2 gap=21.6 (face=3.3mm) n=[216, 96, 403, 138, 298, 287, 270, 326, 132, 215]  tape=0.534km B=11.75T unif=0.609% hoop=153MPa
  [ 567] OK     f=   0.510  a=24.3 b=34.8 gap=21.8 (face=3.6mm) n=[240, 75, 396, 203, 232, 254, 191, 305, 160, 177]  tape=0.510km B=10.98T unif=0.540% hoop=155MPa
  [ 568] viol   f=  42.239  a=25.6 b=34.8 gap=21.9 (face=3.7mm) n=[232, 150, 495, 221, 290, 167, 121, 333, 67, 149]  tape=0.550km B=10.88T unif=1.457% hoop=157MPa
  [ 569] OK     f=   0.509  a=24.7 b=35.7 gap=21.6 (face=3.3mm) n=[138, 112, 367, 175, 278, 386, 313, 344, 62, 114]  tape=0.509km B=11.09T unif=0.594% hoop=143MPa
  [ 570] OK     f=   0.503  a=24.1 b=33.7 gap=22.4 (face=4.9mm) n=[245, 115, 397, 219, 254, 200, 243, 234, 103, 230]  tape=0.503km B=11.08T unif=0.272% hoop=152MPa
  [ 571] viol   f= 132.868  a=24.6 b=34.6 gap=21.5 (face=3.1mm) n=[193, 96, 493, 137, 273, 172, 97, 335, 250, 218]  tape=0.552km B=10.53T unif=1.813% hoop=140MPa
  [ 572] OK     f=   0.520  a=25.4 b=35.1 gap=21.5 (face=3.1mm) n=[166, 178, 412, 115, 235, 250, 305, 247, 110, 193]  tape=0.520km B=10.68T unif=0.579% hoop=163MPa
  [a=24 b=35 nt=2152] KSP converged reason: 4, iterations: 1
  [a=25 b=36 nt=2154] KSP converged reason: 4, iterations: 1
  [a=25 b=35 nt=2083] KSP converged reason: 4, iterations: 1
  [a=24 b=37 nt=2221] KSP converged reason: 4, iterations: 1
  [a=24 b=36 nt=2247] KSP converged reason: 4, iterations: 1
  [a=26 b=35 nt=1898] KSP converged reason: 4, iterations: 1
  [a=24 b=34 nt=2139] KSP converged reason: 4, iterations: 1
  [a=25 b=35 nt=2209] KSP converged reason: 4, iterations: 1
  [a=23 b=33 nt=2505] KSP converged reason: 4, iterations: 1
  [a=26 b=36 nt=2177] KSP converged reason: 4, iterations: 1
  [a=24 b=33 nt=2512] KSP converged reason: 4, iterations: 1
  [ 573] viol   f=  13.070  a=26.4 b=35.4 gap=21.5 (face=3.0mm) n=[255, 53, 325, 167, 234, 205, 150, 191, 133, 185]  tape=0.432km B=9.49T unif=1.246% hoop=144MPa
  [ 574] OK     f=   0.526  a=24.7 b=36.4 gap=21.7 (face=3.4mm) n=[174, 153, 443, 350, 248, 168, 112, 230, 86, 190]  tape=0.526km B=11.03T unif=0.561% hoop=147MPa
  [ 575] viol   f=  11.459  a=23.9 b=34.8 gap=21.6 (face=3.3mm) n=[263, 83, 483, 219, 257, 221, 177, 266, 111, 72]  tape=0.522km B=10.85T unif=1.234% hoop=160MPa
  [ 576] OK     f=   0.516  a=24.4 b=36.8 gap=21.6 (face=3.3mm) n=[227, 52, 401, 100, 300, 269, 320, 300, 123, 129]  tape=0.516km B=11.06T unif=0.807% hoop=142MPa
  [ 577] OK     f=   0.502  a=23.7 b=35.8 gap=21.5 (face=3.1mm) n=[193, 57, 383, 224, 315, 161, 306, 344, 132, 132]  tape=0.502km B=11.08T unif=0.605% hoop=138MPa
  [ 578] OK     f=   0.502  a=25.4 b=35.2 gap=21.5 (face=3.0mm) n=[156, 186, 424, 133, 208, 255, 198, 266, 88, 169]  tape=0.502km B=10.02T unif=0.952% hoop=151MPa
  [ 579] OK     f=   0.490  a=24.0 b=33.8 gap=21.6 (face=3.2mm) n=[262, 81, 432, 186, 242, 283, 252, 238, 52, 111]  tape=0.490km B=10.95T unif=0.861% hoop=148MPa
  [ 580] OK     f=   0.487  a=25.0 b=35.4 gap=21.5 (face=3.1mm) n=[203, 51, 357, 232, 325, 249, 220, 329, 64, 179]  tape=0.487km B=11.13T unif=0.515% hoop=144MPa
  [ 581] viol   f=   4.193  a=22.7 b=33.1 gap=22.4 (face=4.8mm) n=[363, 177, 397, 175, 390, 186, 374, 255, 89, 99]  tape=0.517km B=13.00T unif=1.136% hoop=135MPa
  [ 582] OK     f=   0.488  a=25.6 b=35.5 gap=21.7 (face=3.5mm) n=[304, 72, 368, 200, 346, 226, 172, 305, 121, 63]  tape=0.488km B=11.26T unif=0.819% hoop=142MPa
  [ 583] viol   f=   8.288  a=24.0 b=32.9 gap=21.8 (face=3.6mm) n=[235, 169, 414, 181, 334, 285, 346, 288, 122, 138]  tape=0.545km B=12.69T unif=1.197% hoop=153MPa
  [a=25 b=35 nt=2321] KSP converged reason: 4, iterations: 1
  [a=26 b=35 nt=2180] KSP converged reason: 4, iterations: 1
  [a=25 b=37 nt=2081] KSP converged reason: 4, iterations: 1
  [a=25 b=35 nt=2267] KSP converged reason: 4, iterations: 1
  [a=26 b=35 nt=2106] KSP converged reason: 4, iterations: 1
  [a=25 b=37 nt=2251] KSP converged reason: 4, iterations: 1
  [a=25 b=35 nt=2347] KSP converged reason: 4, iterations: 1
  [a=25 b=37 nt=2180] KSP converged reason: 4, iterations: 1
  [a=24 b=37 nt=2300] KSP converged reason: 4, iterations: 1
  [a=26 b=34 nt=2162] KSP converged reason: 4, iterations: 1
  [a=27 b=35 nt=2061] KSP converged reason: 4, iterations: 1
  [ 584] OK     f=   0.494  a=24.7 b=34.6 gap=21.7 (face=3.3mm) n=[264, 104, 333, 208, 374, 303, 194, 329, 76, 82]  tape=0.494km B=11.52T unif=0.711% hoop=142MPa
  [ 585] OK     f=   0.506  a=25.6 b=35.1 gap=21.5 (face=3.0mm) n=[273, 112, 401, 158, 202, 280, 274, 283, 72, 125]  tape=0.506km B=10.67T unif=0.477% hoop=154MPa
  [ 586] OK     f=   0.516  a=25.3 b=36.8 gap=21.8 (face=3.6mm) n=[221, 81, 365, 77, 369, 221, 182, 313, 184, 238]  tape=0.516km B=10.76T unif=0.708% hoop=141MPa
  [ 587] OK     f=   0.501  a=25.4 b=36.8 gap=21.6 (face=3.1mm) n=[269, 51, 421, 137, 330, 293, 193, 193, 51, 143]  tape=0.501km B=10.55T unif=0.620% hoop=139MPa
  [ 588] viol   f=   2.855  a=25.2 b=35.5 gap=21.5 (face=3.0mm) n=[212, 56, 450, 175, 193, 304, 238, 406, 68, 219]  tape=0.548km B=10.93T unif=1.107% hoop=155MPa
  [ 589] OK     f=   0.471  a=25.6 b=34.9 gap=22.1 (face=4.1mm) n=[246, 73, 377, 145, 304, 361, 188, 247, 101, 64]  tape=0.471km B=10.78T unif=0.485% hoop=133MPa
  [ 590] OK     f=   0.492  a=25.0 b=37.0 gap=21.5 (face=3.1mm) n=[244, 155, 339, 59, 305, 257, 124, 300, 218, 179]  tape=0.492km B=10.37T unif=0.171% hoop=138MPa
  [ 591] viol   f=   2.798  a=24.9 b=35.4 gap=21.8 (face=3.7mm) n=[179, 122, 466, 162, 315, 268, 215, 321, 78, 221]  tape=0.567km B=11.32T unif=1.106% hoop=156MPa
  [ 592] OK     f=   0.531  a=24.3 b=36.5 gap=21.5 (face=3.0mm) n=[222, 52, 408, 320, 326, 222, 232, 318, 83, 117]  tape=0.531km B=11.86T unif=0.651% hoop=151MPa
  [ 593] OK     f=   0.473  a=25.8 b=33.6 gap=21.6 (face=3.1mm) n=[239, 69, 380, 239, 311, 242, 276, 294, 51, 61]  tape=0.473km B=11.34T unif=0.572% hoop=152MPa
  [ 594] OK     f=   0.461  a=26.9 b=34.9 gap=22.1 (face=4.1mm) n=[219, 64, 361, 340, 320, 223, 141, 257, 81, 55]  tape=0.461km B=10.84T unif=0.501% hoop=143MPa
  [a=25 b=35 nt=2242] KSP converged reason: 4, iterations: 1
  [a=25 b=35 nt=2102] KSP converged reason: 4, iterations: 1
  [a=25 b=35 nt=2101] KSP converged reason: 4, iterations: 1
  [a=26 b=34 nt=2240] KSP converged reason: 4, iterations: 1
  [a=27 b=36 nt=1891] KSP converged reason: 4, iterations: 1
  [a=27 b=35 nt=2048] KSP converged reason: 4, iterations: 1
  [a=25 b=33 nt=2320] KSP converged reason: 4, iterations: 1
  [a=25 b=34 nt=2146] KSP converged reason: 4, iterations: 1
  [a=26 b=34 nt=1842] KSP converged reason: 4, iterations: 1
  [a=27 b=35 nt=2133] KSP converged reason: 4, iterations: 1
  [a=26 b=35 nt=2031] KSP converged reason: 4, iterations: 1
  [ 595] viol   f=  21.187  a=25.1 b=34.9 gap=22.0 (face=4.1mm) n=[300, 51, 399, 319, 297, 309, 97, 154, 124, 52]  tape=0.473km B=11.63T unif=1.322% hoop=147MPa
  [ 596] viol   f=   4.246  a=25.5 b=34.9 gap=21.6 (face=3.1mm) n=[228, 111, 476, 231, 334, 262, 157, 249, 82, 112]  tape=0.546km B=11.36T unif=1.136% hoop=161MPa
  [ 597] OK     f=   0.490  a=25.9 b=34.1 gap=21.6 (face=3.2mm) n=[231, 117, 367, 267, 314, 294, 100, 317, 172, 61]  tape=0.490km B=11.53T unif=0.347% hoop=155MPa
  [ 598] OK     f=   0.470  a=25.3 b=34.9 gap=22.0 (face=3.9mm) n=[209, 104, 365, 279, 253, 300, 181, 258, 62, 90]  tape=0.470km B=10.94T unif=0.529% hoop=150MPa
  [ 599] viol   f=  34.785  a=27.4 b=34.7 gap=22.4 (face=4.9mm) n=[260, 91, 274, 300, 292, 323, 122, 198, 88, 100]  tape=0.450km B=10.62T unif=1.414% hoop=152MPa
  [ 600] viol   f=   0.772  a=26.9 b=35.8 gap=21.5 (face=3.0mm) n=[148, 110, 351, 236, 278, 204, 129, 258, 51, 126]  tape=0.441km B=9.59T unif=0.790% hoop=149MPa
  [ 601] viol   f=  18.431  a=25.0 b=33.2 gap=22.7 (face=5.4mm) n=[241, 69, 361, 346, 313, 249, 171, 322, 80, 168]  tape=0.486km B=11.72T unif=1.300% hoop=139MPa
  [ 602] OK     f=   0.440  a=25.0 b=33.6 gap=21.8 (face=3.7mm) n=[189, 69, 308, 251, 278, 273, 270, 306, 119, 83]  tape=0.440km B=10.90T unif=0.377% hoop=143MPa
  [ 603] viol   f= 474.542  a=25.7 b=34.3 gap=22.5 (face=4.9mm) n=[278, 50, 293, 306, 265, 268, 72, 186, 61, 63]  tape=0.388km B=10.52T unif=2.540% hoop=135MPa
  [ 604] OK     f=   0.492  a=26.7 b=35.3 gap=21.5 (face=3.1mm) n=[321, 50, 388, 149, 262, 294, 214, 260, 141, 54]  tape=0.492km B=10.81T unif=0.381% hoop=154MPa
  [ 605] OK     f=   0.482  a=26.2 b=35.1 gap=21.8 (face=3.6mm) n=[277, 99, 420, 188, 266, 281, 80, 258, 65, 97]  tape=0.482km B=10.40T unif=0.339% hoop=150MPa
  [a=26 b=34 nt=2204] KSP converged reason: 4, iterations: 1
  [a=26 b=34 nt=1844] KSP converged reason: 4, iterations: 1
  [a=27 b=34 nt=2037] KSP converged reason: 4, iterations: 1
  [a=26 b=34 nt=1851] KSP converged reason: 4, iterations: 1
  [a=26 b=35 nt=2313] KSP converged reason: 4, iterations: 1
  [a=26 b=35 nt=2101] KSP converged reason: 4, iterations: 1
  [a=26 b=35 nt=2404] KSP converged reason: 4, iterations: 1
  [a=26 b=33 nt=2023] KSP converged reason: 4, iterations: 1
  [a=24 b=34 nt=2325] KSP converged reason: 4, iterations: 1
  [a=26 b=35 nt=2376] KSP converged reason: 4, iterations: 1
  [a=26 b=35 nt=1997] KSP converged reason: 4, iterations: 1
  [ 606] viol   f=  38.478  a=25.8 b=34.5 gap=22.1 (face=4.2mm) n=[261, 77, 309, 215, 289, 369, 257, 256, 151, 129]  tape=0.514km B=11.47T unif=1.436% hoop=154MPa
  [ 607] viol   f=   0.628  a=26.0 b=33.9 gap=21.5 (face=3.0mm) n=[210, 115, 389, 219, 176, 308, 88, 205, 73, 68]  tape=0.426km B=9.68T unif=0.464% hoop=146MPa
  [ 608] viol   f=  92.652  a=26.3 b=33.8 gap=22.1 (face=4.1mm) n=[214, 117, 482, 233, 335, 232, 160, 166, 209, 56]  tape=0.536km B=11.04T unif=1.679% hoop=158MPa
  [ 609] OK     f=   0.459  a=26.6 b=33.6 gap=21.6 (face=3.2mm) n=[205, 66, 348, 192, 228, 385, 162, 282, 113, 56]  tape=0.459km B=10.14T unif=0.731% hoop=150MPa
  [ 610] viol   f=  44.087  a=25.9 b=34.0 gap=21.5 (face=3.1mm) n=[245, 76, 421, 57, 226, 249, 65, 290, 164, 51]  tape=0.430km B=9.08T unif=1.458% hoop=136MPa
  [ 611] OK     f=   0.461  a=25.9 b=35.4 gap=21.6 (face=3.3mm) n=[247, 97, 331, 310, 221, 306, 175, 261, 74, 79]  tape=0.461km B=11.17T unif=0.980% hoop=144MPa
  [ 612] OK     f=   0.538  a=26.2 b=34.6 gap=21.6 (face=3.3mm) n=[308, 58, 401, 295, 335, 338, 132, 275, 105, 157]  tape=0.538km B=12.58T unif=0.732% hoop=160MPa
  [ 613] viol   f= 224.903  a=25.5 b=32.8 gap=22.5 (face=4.9mm) n=[167, 67, 409, 290, 176, 312, 212, 183, 147, 60]  tape=0.457km B=10.25T unif=2.059% hoop=140MPa
  [ 614] viol   f= 241.501  a=26.1 b=34.6 gap=22.6 (face=5.2mm) n=[141, 155, 358, 341, 343, 326, 131, 290, 122, 169]  tape=0.516km B=11.61T unif=2.098% hoop=145MPa
  [ 615] OK     f=   0.499  a=23.7 b=33.7 gap=21.9 (face=3.8mm) n=[229, 54, 307, 179, 290, 383, 353, 239, 168, 123]  tape=0.499km B=11.31T unif=0.277% hoop=136MPa
  [ 616] OK     f=   0.444  a=25.9 b=35.0 gap=21.6 (face=3.2mm) n=[278, 136, 333, 186, 265, 249, 116, 256, 55, 123]  tape=0.444km B=10.40T unif=0.651% hoop=144MPa
  [a=24 b=33 nt=2224] KSP converged reason: 4, iterations: 1
  [a=26 b=35 nt=2248] KSP converged reason: 4, iterations: 1
  [a=25 b=35 nt=2167] KSP converged reason: 4, iterations: 1
  [a=25 b=35 nt=2200] KSP converged reason: 4, iterations: 1
  [a=27 b=35 nt=2042] KSP converged reason: 4, iterations: 1
  [a=27 b=34 nt=1877] KSP converged reason: 4, iterations: 1
  [a=26 b=35 nt=1970] KSP converged reason: 4, iterations: 1
  [a=27 b=34 nt=2289] KSP converged reason: 4, iterations: 1
  [a=26 b=34 nt=2184] KSP converged reason: 4, iterations: 1
  [a=25 b=36 nt=2336] KSP converged reason: 4, iterations: 1
  [a=25 b=35 nt=2013] KSP converged reason: 4, iterations: 1
  [ 617] viol   f= 141.701  a=24.9 b=34.5 gap=21.7 (face=3.4mm) n=[291, 82, 336, 326, 251, 279, 202, 262, 56, 115]  tape=0.467km B=12.07T unif=1.840% hoop=144MPa
  [ 618] OK     f=   0.472  a=24.4 b=32.7 gap=21.8 (face=3.5mm) n=[248, 136, 263, 292, 171, 339, 210, 368, 123, 74]  tape=0.472km B=10.90T unif=0.905% hoop=148MPa
  [ 619] viol   f=   1.760  a=24.7 b=34.6 gap=22.2 (face=4.4mm) n=[258, 82, 337, 245, 279, 310, 162, 337, 89, 68]  tape=0.459km B=11.27T unif=1.081% hoop=140MPa
  [ 620] OK     f=   0.506  a=25.9 b=34.9 gap=21.5 (face=3.1mm) n=[269, 103, 377, 201, 319, 307, 216, 262, 72, 122]  tape=0.506km B=11.55T unif=0.614% hoop=151MPa
  [ 621] viol   f=  15.777  a=26.7 b=34.7 gap=22.0 (face=4.1mm) n=[301, 122, 328, 190, 198, 298, 125, 292, 127, 61]  tape=0.449km B=10.48T unif=1.277% hoop=153MPa
  [ 622] viol   f=   5.031  a=26.5 b=33.5 gap=21.5 (face=3.1mm) n=[220, 165, 277, 209, 217, 315, 50, 229, 73, 122]  tape=0.406km B=9.77T unif=1.150% hoop=152MPa
  [ 623] viol   f=  21.595  a=25.7 b=35.3 gap=21.6 (face=3.3mm) n=[253, 107, 237, 243, 250, 354, 93, 201, 176, 56]  tape=0.449km B=9.87T unif=1.325% hoop=159MPa
  [ 624] OK     f=   0.533  a=27.0 b=33.6 gap=21.6 (face=3.1mm) n=[278, 89, 432, 290, 213, 260, 201, 316, 132, 78]  tape=0.533km B=11.62T unif=0.309% hoop=167MPa
  [ 625] OK     f=   0.498  a=26.0 b=33.9 gap=21.8 (face=3.5mm) n=[301, 67, 405, 224, 195, 292, 184, 293, 133, 90]  tape=0.498km B=11.13T unif=0.194% hoop=159MPa
  [ 626] OK     f=   0.554  a=25.4 b=35.6 gap=21.5 (face=3.0mm) n=[299, 50, 438, 206, 196, 335, 207, 292, 217, 96]  tape=0.554km B=11.41T unif=0.463% hoop=169MPa
  [ 627] OK     f=   0.441  a=24.9 b=35.4 gap=21.6 (face=3.1mm) n=[231, 121, 324, 114, 333, 246, 183, 308, 82, 71]  tape=0.441km B=10.09T unif=0.337% hoop=132MPa
  [a=26 b=34 nt=2012] KSP converged reason: 4, iterations: 1
  [a=26 b=35 nt=2031] KSP converged reason: 4, iterations: 1
  [a=26 b=35 nt=2201] KSP converged reason: 4, iterations: 1
  [a=25 b=35 nt=2063] KSP converged reason: 4, iterations: 1
  [a=26 b=33 nt=2104] KSP converged reason: 4, iterations: 1
  [a=26 b=35 nt=2012] KSP converged reason: 4, iterations: 1
  [a=26 b=35 nt=2194] KSP converged reason: 4, iterations: 1
  [a=26 b=35 nt=2038] KSP converged reason: 4, iterations: 1
  [a=26 b=33 nt=2126] KSP converged reason: 4, iterations: 1
  [a=26 b=35 nt=2118] KSP converged reason: 4, iterations: 1
  [a=25 b=35 nt=2237] KSP converged reason: 4, iterations: 1
  [ 628] OK     f=   0.500  a=25.6 b=34.9 gap=21.5 (face=3.0mm) n=[252, 103, 391, 129, 280, 294, 252, 312, 76, 112]  tape=0.500km B=11.03T unif=0.296% hoop=151MPa
  [ 629] OK     f=   0.450  a=26.3 b=34.6 gap=21.5 (face=3.0mm) n=[247, 177, 340, 224, 186, 253, 150, 272, 85, 78]  tape=0.450km B=10.45T unif=0.421% hoop=157MPa
  [ 630] OK     f=   0.476  a=25.6 b=34.5 gap=21.6 (face=3.2mm) n=[157, 67, 431, 229, 283, 239, 130, 278, 64, 134]  tape=0.476km B=10.24T unif=0.754% hoop=151MPa
  [ 631] OK     f=   0.444  a=25.9 b=33.2 gap=21.5 (face=3.0mm) n=[312, 119, 338, 160, 189, 335, 181, 301, 115, 54]  tape=0.444km B=10.74T unif=0.135% hoop=141MPa
  [ 632] OK     f=   0.468  a=25.0 b=34.8 gap=21.7 (face=3.4mm) n=[212, 151, 367, 148, 252, 218, 186, 300, 81, 148]  tape=0.468km B=10.19T unif=0.385% hoop=146MPa
  [ 633] OK     f=   0.475  a=25.9 b=35.1 gap=21.7 (face=3.3mm) n=[178, 54, 416, 207, 285, 239, 203, 336, 56, 57]  tape=0.475km B=10.32T unif=0.457% hoop=154MPa
  [ 634] OK     f=   0.502  a=25.5 b=34.6 gap=21.5 (face=3.1mm) n=[234, 147, 312, 153, 268, 329, 161, 402, 96, 92]  tape=0.502km B=10.37T unif=0.220% hoop=150MPa
  [ 635] OK     f=   0.456  a=26.1 b=35.3 gap=21.7 (face=3.4mm) n=[218, 67, 336, 250, 227, 355, 111, 304, 99, 71]  tape=0.456km B=10.34T unif=0.930% hoop=152MPa
  [ 636] OK     f=   0.470  a=25.7 b=33.4 gap=21.5 (face=3.1mm) n=[246, 73, 381, 223, 198, 319, 204, 297, 99, 86]  tape=0.470km B=10.85T unif=0.384% hoop=154MPa
  [ 637] viol   f=  20.011  a=26.2 b=34.7 gap=21.8 (face=3.6mm) n=[256, 66, 358, 292, 245, 240, 160, 254, 128, 119]  tape=0.476km B=11.11T unif=1.313% hoop=166MPa
  [ 638] OK     f=   0.505  a=25.4 b=34.9 gap=21.5 (face=3.0mm) n=[181, 142, 380, 190, 215, 382, 183, 313, 134, 117]  tape=0.505km B=10.89T unif=0.440% hoop=156MPa
  [a=28 b=33 nt=2223] KSP converged reason: 4, iterations: 1
  [a=27 b=34 nt=1988] KSP converged reason: 4, iterations: 1
  [a=26 b=32 nt=2109] KSP converged reason: 4, iterations: 1
  [a=26 b=33 nt=2259] KSP converged reason: 4, iterations: 1
  [a=26 b=34 nt=2023] KSP converged reason: 4, iterations: 1
  [a=27 b=36 nt=2199] KSP converged reason: 4, iterations: 1
  [a=26 b=34 nt=1929] KSP converged reason: 4, iterations: 1
  [a=25 b=34 nt=2054] KSP converged reason: 4, iterations: 1
  [a=26 b=34 nt=2019] KSP converged reason: 4, iterations: 1
  [a=26 b=34 nt=2041] KSP converged reason: 4, iterations: 1
  [a=25 b=33 nt=2160] KSP converged reason: 4, iterations: 1
  [ 639] OK     f=   0.436  a=25.8 b=34.3 gap=21.5 (face=3.0mm) n=[320, 158, 286, 104, 202, 324, 149, 269, 158, 53]  tape=0.436km B=10.30T unif=0.412% hoop=132MPa
  [ 640] viol   f= 113.752  a=26.5 b=32.3 gap=21.5 (face=3.1mm) n=[268, 77, 401, 66, 225, 343, 96, 332, 140, 161]  tape=0.464km B=10.19T unif=1.753% hoop=133MPa
  [ 641] OK     f=   0.499  a=26.2 b=33.3 gap=21.5 (face=3.0mm) n=[247, 186, 312, 230, 246, 264, 151, 371, 170, 82]  tape=0.499km B=11.19T unif=0.992% hoop=171MPa
  [ 642] OK     f=   0.481  a=26.6 b=35.7 gap=21.6 (face=3.2mm) n=[326, 135, 321, 115, 235, 324, 228, 327, 75, 113]  tape=0.481km B=10.86T unif=0.255% hoop=141MPa
  [ 643] viol   f=   0.481  a=27.3 b=33.9 gap=21.6 (face=3.3mm) n=[237, 95, 419, 234, 133, 275, 83, 311, 117, 84]  tape=0.469km B=9.92T unif=0.548% hoop=144MPa
  [ 644] OK     f=   0.514  a=27.8 b=33.4 gap=21.5 (face=3.0mm) n=[325, 152, 408, 171, 182, 317, 125, 175, 263, 105]  tape=0.514km B=11.11T unif=0.679% hoop=163MPa
  [ 645] viol   f=   1.868  a=26.2 b=33.9 gap=21.5 (face=3.1mm) n=[234, 67, 322, 205, 298, 224, 160, 311, 52, 56]  tape=0.412km B=10.14T unif=1.085% hoop=137MPa
  [ 646] OK     f=   0.448  a=25.4 b=34.1 gap=21.7 (face=3.4mm) n=[233, 97, 351, 238, 237, 276, 103, 338, 98, 83]  tape=0.448km B=10.61T unif=0.762% hoop=157MPa
  [ 647] OK     f=   0.446  a=26.3 b=33.8 gap=21.6 (face=3.2mm) n=[168, 160, 349, 278, 283, 194, 123, 293, 93, 78]  tape=0.446km B=10.59T unif=0.515% hoop=150MPa
  [ 648] viol   f=  23.619  a=26.0 b=34.3 gap=22.0 (face=3.9mm) n=[334, 121, 340, 195, 200, 247, 203, 200, 113, 88]  tape=0.451km B=10.88T unif=1.340% hoop=159MPa
  [ 649] OK     f=   0.445  a=25.2 b=33.3 gap=21.5 (face=3.1mm) n=[300, 115, 309, 222, 150, 309, 230, 318, 52, 155]  tape=0.445km B=11.05T unif=0.924% hoop=138MPa
  [a=26 b=34 nt=2127] KSP converged reason: 4, iterations: 1
  [a=26 b=33 nt=2148] KSP converged reason: 4, iterations: 1
  [a=26 b=33 nt=2107] KSP converged reason: 4, iterations: 1
  [a=25 b=33 nt=2240] KSP converged reason: 4, iterations: 1
  [a=26 b=35 nt=2087] KSP converged reason: 4, iterations: 1
  [a=25 b=34 nt=1977] KSP converged reason: 4, iterations: 1
  [a=25 b=34 nt=2082] KSP converged reason: 4, iterations: 1
  [a=25 b=33 nt=2099] KSP converged reason: 4, iterations: 1
  [a=25 b=34 nt=2028] KSP converged reason: 4, iterations: 1
  [a=26 b=35 nt=2085] KSP converged reason: 4, iterations: 1
  [a=26 b=35 nt=1807] KSP converged reason: 4, iterations: 1
  [ 650] OK     f=   0.465  a=25.5 b=32.8 gap=21.5 (face=3.1mm) n=[335, 153, 314, 212, 152, 310, 154, 335, 112, 163]  tape=0.465km B=11.45T unif=0.476% hoop=145MPa
  [ 651] OK     f=   0.455  a=26.3 b=34.9 gap=21.6 (face=3.1mm) n=[184, 75, 331, 181, 233, 330, 247, 327, 84, 95]  tape=0.455km B=10.41T unif=0.703% hoop=142MPa
  [ 652] OK     f=   0.467  a=26.0 b=34.0 gap=21.6 (face=3.1mm) n=[303, 75, 369, 260, 192, 301, 177, 311, 81, 58]  tape=0.467km B=11.21T unif=0.723% hoop=148MPa
  [ 653] OK     f=   0.447  a=25.5 b=33.3 gap=21.6 (face=3.2mm) n=[333, 137, 297, 225, 175, 268, 160, 309, 55, 148]  tape=0.447km B=11.16T unif=0.904% hoop=146MPa
  [ 654] viol   f=   2.857  a=24.7 b=34.2 gap=21.6 (face=3.2mm) n=[254, 121, 291, 135, 245, 271, 159, 253, 166, 82]  tape=0.414km B=10.01T unif=1.111% hoop=128MPa
  [ 655] OK     f=   0.459  a=26.2 b=33.3 gap=21.5 (face=3.0mm) n=[300, 105, 286, 209, 138, 335, 199, 341, 76, 159]  tape=0.459km B=10.52T unif=0.758% hoop=143MPa
  [ 656] OK     f=   0.447  a=25.3 b=33.7 gap=21.6 (face=3.3mm) n=[347, 139, 323, 181, 169, 316, 147, 293, 110, 57]  tape=0.447km B=11.01T unif=0.484% hoop=148MPa
  [ 657] viol   f=   0.572  a=25.1 b=33.9 gap=21.5 (face=3.0mm) n=[283, 148, 238, 83, 177, 320, 242, 309, 105, 123]  tape=0.431km B=9.73T unif=0.250% hoop=130MPa
  [ 658] OK     f=   0.446  a=25.9 b=34.5 gap=21.6 (face=3.2mm) n=[303, 167, 308, 179, 216, 309, 126, 253, 116, 108]  tape=0.446km B=10.79T unif=0.918% hoop=142MPa
  [ 659] viol   f=  13.364  a=25.4 b=33.3 gap=21.6 (face=3.2mm) n=[379, 134, 301, 112, 165, 347, 164, 331, 51, 115]  tape=0.455km B=10.91T unif=1.254% hoop=133MPa
  [ 660] viol   f=   0.485  a=25.9 b=34.6 gap=21.5 (face=3.0mm) n=[248, 187, 281, 191, 220, 231, 50, 238, 62, 99]  tape=0.386km B=9.79T unif=1.007% hoop=141MPa
  [a=26 b=34 nt=2120] KSP converged reason: 4, iterations: 1
  [a=26 b=35 nt=1948] KSP converged reason: 4, iterations: 1
  [a=26 b=33 nt=2011] KSP converged reason: 4, iterations: 1
  [a=26 b=34 nt=2085] KSP converged reason: 4, iterations: 1
  [a=25 b=33 nt=1988] KSP converged reason: 4, iterations: 1
  [a=26 b=34 nt=2106] KSP converged reason: 4, iterations: 1
  [a=25 b=33 nt=2275] KSP converged reason: 4, iterations: 1
  [a=26 b=34 nt=2062] KSP converged reason: 4, iterations: 1
  [a=26 b=33 nt=1978] KSP converged reason: 4, iterations: 1
  [a=26 b=34 nt=2094] KSP converged reason: 4, iterations: 1
  [a=26 b=35 nt=2003] KSP converged reason: 4, iterations: 1
  [ 661] OK     f=   0.477  a=26.0 b=34.2 gap=21.6 (face=3.2mm) n=[274, 146, 378, 189, 239, 348, 127, 225, 62, 132]  tape=0.477km B=10.89T unif=0.225% hoop=150MPa
  [ 662] viol   f=   0.420  a=25.3 b=33.5 gap=21.5 (face=3.0mm) n=[256, 159, 323, 126, 181, 313, 214, 282, 51, 83]  tape=0.420km B=10.00T unif=0.400% hoop=135MPa
  [ 663] viol   f=  18.953  a=25.7 b=34.0 gap=21.5 (face=3.1mm) n=[272, 134, 312, 240, 175, 306, 215, 282, 82, 88]  tape=0.444km B=11.00T unif=1.304% hoop=143MPa
  [ 664] viol   f=   0.451  a=26.2 b=34.8 gap=21.6 (face=3.2mm) n=[310, 208, 360, 135, 204, 211, 70, 265, 80, 105]  tape=0.443km B=10.40T unif=1.006% hoop=149MPa
  [ 665] OK     f=   0.427  a=25.6 b=33.1 gap=21.6 (face=3.1mm) n=[349, 139, 343, 217, 110, 306, 132, 287, 54, 74]  tape=0.427km B=11.01T unif=0.487% hoop=135MPa
  [ 666] OK     f=   0.462  a=26.1 b=34.2 gap=21.5 (face=3.0mm) n=[355, 125, 306, 179, 234, 269, 146, 289, 56, 126]  tape=0.462km B=11.04T unif=0.977% hoop=148MPa
  [ 667] viol   f= 305.155  a=24.9 b=33.1 gap=21.6 (face=3.2mm) n=[322, 78, 271, 263, 247, 299, 172, 335, 177, 111]  tape=0.471km B=11.84T unif=2.234% hoop=151MPa
  [ 668] OK     f=   0.441  a=26.0 b=33.8 gap=21.5 (face=3.1mm) n=[332, 143, 320, 82, 214, 286, 139, 321, 148, 77]  tape=0.441km B=10.43T unif=0.599% hoop=133MPa
  [ 669] viol   f=   0.432  a=26.3 b=33.5 gap=21.5 (face=3.0mm) n=[252, 177, 290, 175, 153, 287, 134, 304, 109, 97]  tape=0.420km B=9.92T unif=0.381% hoop=143MPa
  [ 670] viol   f=   0.524  a=26.4 b=35.1 gap=21.5 (face=3.1mm) n=[267, 103, 369, 91, 242, 312, 99, 310, 125, 85]  tape=0.456km B=9.81T unif=0.512% hoop=136MPa
  [ 671] OK     f=   0.467  a=25.7 b=33.7 gap=21.6 (face=3.1mm) n=[245, 191, 373, 230, 205, 283, 158, 277, 81, 51]  tape=0.467km B=10.94T unif=0.181% hoop=161MPa
  [a=26 b=33 nt=2087] KSP converged reason: 4, iterations: 1
  [a=26 b=33 nt=2147] KSP converged reason: 4, iterations: 1
  [a=25 b=34 nt=2001] KSP converged reason: 4, iterations: 1
  [a=27 b=34 nt=2031] KSP converged reason: 4, iterations: 1
  [a=26 b=34 nt=1806] KSP converged reason: 4, iterations: 1
  [a=25 b=34 nt=1896] KSP converged reason: 4, iterations: 1
  [a=26 b=33 nt=2120] KSP converged reason: 4, iterations: 1
  [a=25 b=34 nt=2128] KSP converged reason: 4, iterations: 1
  [a=26 b=34 nt=1836] KSP converged reason: 4, iterations: 1
  [a=26 b=34 nt=1925] KSP converged reason: 4, iterations: 1
  [a=26 b=34 nt=1928] KSP converged reason: 4, iterations: 1
  [ 672] OK     f=   0.447  a=26.7 b=34.4 gap=21.7 (face=3.5mm) n=[335, 171, 311, 151, 223, 335, 66, 197, 149, 93]  tape=0.447km B=10.73T unif=0.720% hoop=139MPa
  [ 673] viol   f= 303.149  a=25.3 b=34.0 gap=21.6 (face=3.2mm) n=[271, 282, 265, 173, 175, 273, 131, 217, 54, 55]  tape=0.393km B=10.93T unif=2.230% hoop=142MPa
  [ 674] OK     f=   0.447  a=25.7 b=32.5 gap=21.5 (face=3.0mm) n=[314, 101, 369, 196, 135, 301, 179, 330, 78, 84]  tape=0.447km B=10.67T unif=0.573% hoop=136MPa
  [ 675] viol   f=   1.064  a=26.3 b=33.8 gap=21.5 (face=3.1mm) n=[240, 181, 317, 119, 161, 265, 139, 243, 70, 71]  tape=0.395km B=9.42T unif=0.207% hoop=143MPa
  [ 676] OK     f=   0.462  a=26.0 b=33.2 gap=21.6 (face=3.2mm) n=[281, 60, 376, 181, 268, 316, 152, 363, 84, 66]  tape=0.462km B=10.95T unif=0.193% hoop=144MPa
  [ 677] OK     f=   0.458  a=25.4 b=34.3 gap=21.5 (face=3.0mm) n=[324, 174, 399, 123, 116, 273, 158, 286, 64, 84]  tape=0.458km B=10.48T unif=0.293% hoop=138MPa
  [ 678] OK     f=   0.458  a=26.1 b=32.9 gap=21.6 (face=3.1mm) n=[261, 69, 350, 242, 180, 372, 211, 282, 72, 81]  tape=0.458km B=10.88T unif=0.699% hoop=145MPa
  [ 679] OK     f=   0.453  a=25.4 b=33.6 gap=21.5 (face=3.0mm) n=[282, 198, 319, 143, 160, 284, 188, 332, 149, 73]  tape=0.453km B=10.62T unif=0.185% hoop=146MPa
  [ 680] viol   f=   1.370  a=26.2 b=33.5 gap=21.6 (face=3.2mm) n=[279, 107, 340, 106, 162, 294, 113, 293, 60, 82]  tape=0.400km B=9.30T unif=0.892% hoop=131MPa
  [ 681] viol   f=   0.417  a=25.9 b=33.7 gap=21.6 (face=3.1mm) n=[303, 90, 327, 145, 170, 314, 134, 302, 66, 74]  tape=0.410km B=9.94T unif=0.216% hoop=131MPa
  [ 682] OK     f=   0.413  a=25.6 b=34.0 gap=21.5 (face=3.0mm) n=[314, 111, 278, 153, 205, 291, 117, 267, 132, 60]  tape=0.413km B=10.02T unif=0.727% hoop=133MPa
  [a=25 b=34 nt=1909] KSP converged reason: 4, iterations: 1
  [a=27 b=33 nt=2029] KSP converged reason: 4, iterations: 1
  [a=26 b=33 nt=1935] KSP converged reason: 4, iterations: 1
  [a=25 b=33 nt=2050] KSP converged reason: 4, iterations: 1
  [a=26 b=34 nt=2075] KSP converged reason: 4, iterations: 1
  [a=26 b=34 nt=1884] KSP converged reason: 4, iterations: 1
  [a=27 b=34 nt=1982] KSP converged reason: 4, iterations: 1
  [a=26 b=33 nt=2132] KSP converged reason: 4, iterations: 1
  [a=25 b=33 nt=2120] KSP converged reason: 4, iterations: 1
  [a=26 b=34 nt=1918] KSP converged reason: 4, iterations: 1
  [a=27 b=34 nt=1904] KSP converged reason: 4, iterations: 1
  [ 683] viol   f=   0.418  a=26.0 b=34.4 gap=21.5 (face=3.0mm) n=[296, 173, 325, 120, 165, 266, 129, 240, 91, 79]  tape=0.415km B=9.96T unif=0.781% hoop=133MPa
  [ 684] viol   f=   2.929  a=25.5 b=34.0 gap=21.5 (face=3.1mm) n=[287, 159, 197, 87, 149, 372, 146, 290, 78, 144]  tape=0.432km B=8.88T unif=0.497% hoop=138MPa
  [ 685] OK     f=   0.430  a=25.5 b=33.0 gap=21.6 (face=3.3mm) n=[333, 141, 313, 129, 192, 333, 134, 291, 75, 109]  tape=0.430km B=10.58T unif=0.665% hoop=128MPa
  [ 686] OK     f=   0.441  a=25.8 b=33.6 gap=21.5 (face=3.0mm) n=[308, 139, 320, 94, 168, 329, 127, 309, 150, 131]  tape=0.441km B=10.11T unif=0.613% hoop=127MPa
  [ 687] OK     f=   0.445  a=26.5 b=33.0 gap=21.5 (face=3.0mm) n=[353, 152, 362, 137, 115, 297, 120, 237, 159, 97]  tape=0.445km B=10.75T unif=0.764% hoop=133MPa
  [ 688] OK     f=   0.424  a=25.8 b=33.4 gap=21.5 (face=3.0mm) n=[366, 115, 294, 65, 165, 362, 137, 225, 142, 64]  tape=0.424km B=10.09T unif=0.823% hoop=124MPa
  [ 689] viol   f=   0.437  a=26.6 b=34.3 gap=21.7 (face=3.3mm) n=[283, 91, 266, 132, 308, 301, 69, 263, 151, 118]  tape=0.425km B=9.92T unif=0.755% hoop=131MPa
  [ 690] OK     f=   0.454  a=25.6 b=33.3 gap=21.7 (face=3.5mm) n=[331, 58, 319, 161, 166, 350, 116, 359, 160, 112]  tape=0.454km B=10.45T unif=0.529% hoop=138MPa
  [ 691] OK     f=   0.445  a=24.9 b=32.6 gap=21.5 (face=3.0mm) n=[280, 92, 343, 145, 183, 306, 234, 287, 153, 97]  tape=0.445km B=10.64T unif=0.205% hoop=132MPa
  [ 692] viol   f=   0.453  a=25.5 b=33.7 gap=21.6 (face=3.2mm) n=[290, 95, 333, 180, 144, 341, 109, 249, 102, 75]  tape=0.415km B=9.86T unif=0.357% hoop=131MPa
  [ 693] viol   f=  10.101  a=26.7 b=33.9 gap=21.6 (face=3.2mm) n=[300, 110, 268, 196, 195, 280, 91, 286, 70, 108]  tape=0.406km B=9.92T unif=1.220% hoop=152MPa
  [a=26 b=34 nt=1853] KSP converged reason: 4, iterations: 1
  [a=26 b=33 nt=2049] KSP converged reason: 4, iterations: 1
  [a=25 b=34 nt=2012] KSP converged reason: 4, iterations: 1
  [a=26 b=34 nt=1983] KSP converged reason: 4, iterations: 1
  [a=26 b=34 nt=1833] KSP converged reason: 4, iterations: 1
  [a=26 b=34 nt=1933] KSP converged reason: 4, iterations: 1
  [a=26 b=35 nt=1945] KSP converged reason: 4, iterations: 1
  [a=27 b=34 nt=1995] KSP converged reason: 4, iterations: 1
  [a=25 b=33 nt=1908] KSP converged reason: 4, iterations: 1
  [a=26 b=33 nt=1949] KSP converged reason: 4, iterations: 1
  [a=25 b=35 nt=1995] KSP converged reason: 4, iterations: 1
  [ 694] viol   f=   0.814  a=25.6 b=34.2 gap=21.5 (face=3.1mm) n=[320, 107, 300, 77, 232, 300, 60, 266, 85, 86]  tape=0.392km B=9.54T unif=0.466% hoop=120MPa
  [ 695] OK     f=   0.434  a=25.9 b=32.6 gap=21.5 (face=3.0mm) n=[311, 224, 347, 186, 70, 293, 127, 301, 123, 67]  tape=0.434km B=10.95T unif=0.576% hoop=144MPa
  [ 696] OK     f=   0.434  a=25.3 b=33.6 gap=21.7 (face=3.4mm) n=[333, 183, 243, 91, 205, 338, 160, 263, 109, 87]  tape=0.434km B=10.32T unif=0.856% hoop=138MPa
  [ 697] viol   f=   0.650  a=25.7 b=34.0 gap=21.6 (face=3.3mm) n=[380, 111, 331, 125, 128, 281, 80, 242, 100, 75]  tape=0.419km B=10.13T unif=1.034% hoop=122MPa
  [ 698] viol   f=   0.419  a=26.2 b=33.5 gap=21.6 (face=3.1mm) n=[316, 113, 252, 110, 269, 320, 145, 221, 121, 66]  tape=0.414km B=9.95T unif=0.538% hoop=134MPa
  [ 699] viol   f=   0.560  a=26.0 b=34.3 gap=21.5 (face=3.0mm) n=[308, 143, 313, 63, 136, 344, 179, 285, 144, 68]  tape=0.434km B=9.75T unif=0.224% hoop=128MPa
  [ 700] viol   f=   0.422  a=26.2 b=34.6 gap=21.5 (face=3.0mm) n=[303, 126, 296, 158, 201, 284, 150, 234, 120, 73]  tape=0.421km B=10.16T unif=1.003% hoop=138MPa
  [ 701] OK     f=   0.404  a=25.6 b=33.0 gap=21.5 (face=3.0mm) n=[277, 174, 293, 146, 165, 276, 144, 297, 85, 92]  tape=0.404km B=10.01T unif=0.341% hoop=133MPa
  [ 702] viol   f=   0.619  a=26.8 b=34.0 gap=21.6 (face=3.1mm) n=[292, 125, 341, 62, 157, 325, 160, 303, 178, 52]  tape=0.435km B=9.70T unif=0.733% hoop=133MPa
  [ 703] viol   f=   3.763  a=25.3 b=33.4 gap=21.6 (face=3.3mm) n=[320, 61, 262, 138, 172, 329, 202, 281, 92, 51]  tape=0.404km B=9.88T unif=1.129% hoop=125MPa
  [ 704] OK     f=   0.432  a=25.1 b=34.5 gap=21.5 (face=3.0mm) n=[312, 147, 327, 104, 170, 272, 158, 290, 119, 96]  tape=0.432km B=10.13T unif=0.276% hoop=124MPa
  [a=26 b=34 nt=1872] KSP converged reason: 4, iterations: 1
  [a=27 b=34 nt=2042] KSP converged reason: 4, iterations: 1
  [a=26 b=34 nt=2087] KSP converged reason: 4, iterations: 1
  [a=26 b=34 nt=1869] KSP converged reason: 4, iterations: 1
  [a=26 b=34 nt=1898] KSP converged reason: 4, iterations: 1
  [a=26 b=34 nt=1829] KSP converged reason: 4, iterations: 1
  [a=25 b=33 nt=1940] KSP converged reason: 4, iterations: 1
  [a=26 b=34 nt=2013] KSP converged reason: 4, iterations: 1
  [a=26 b=33 nt=2038] KSP converged reason: 4, iterations: 1
  [a=25 b=35 nt=1910] KSP converged reason: 4, iterations: 1
  [a=26 b=34 nt=2054] KSP converged reason: 4, iterations: 1
  [ 705] viol   f=   0.518  a=26.2 b=33.8 gap=21.5 (face=3.0mm) n=[292, 148, 342, 108, 196, 271, 93, 251, 85, 86]  tape=0.414km B=9.77T unif=0.216% hoop=135MPa
  [ 706] OK     f=   0.449  a=26.5 b=33.7 gap=21.5 (face=3.1mm) n=[343, 185, 293, 134, 236, 287, 119, 236, 142, 67]  tape=0.449km B=10.89T unif=0.917% hoop=145MPa
  [ 707] OK     f=   0.454  a=25.5 b=34.2 gap=21.5 (face=3.0mm) n=[272, 162, 288, 158, 210, 329, 154, 271, 117, 126]  tape=0.454km B=10.29T unif=0.354% hoop=142MPa
  [ 708] viol   f=  32.902  a=26.1 b=34.2 gap=21.6 (face=3.1mm) n=[252, 144, 260, 171, 246, 218, 91, 227, 87, 133]  tape=0.383km B=9.58T unif=1.401% hoop=131MPa
  [ 709] viol   f=  43.400  a=25.6 b=34.2 gap=21.9 (face=3.7mm) n=[286, 84, 272, 154, 241, 307, 50, 256, 151, 97]  tape=0.405km B=9.67T unif=1.462% hoop=127MPa
  [ 710] viol   f=   1.192  a=25.7 b=34.4 gap=21.5 (face=3.0mm) n=[294, 83, 214, 88, 238, 309, 171, 299, 100, 73]  tape=0.401km B=9.39T unif=1.016% hoop=127MPa
  [ 711] viol   f=   0.526  a=24.6 b=33.1 gap=21.5 (face=3.0mm) n=[282, 201, 220, 69, 170, 271, 201, 289, 134, 103]  tape=0.397km B=9.75T unif=0.778% hoop=134MPa
  [ 712] viol   f=   0.454  a=25.5 b=33.6 gap=21.5 (face=3.0mm) n=[301, 141, 311, 69, 162, 336, 204, 301, 108, 80]  tape=0.429km B=9.89T unif=0.465% hoop=127MPa
  [ 713] OK     f=   0.442  a=26.0 b=33.2 gap=21.6 (face=3.1mm) n=[305, 140, 275, 193, 141, 351, 203, 285, 95, 50]  tape=0.442km B=10.29T unif=0.898% hoop=143MPa
  [ 714] viol   f=   0.811  a=25.3 b=34.6 gap=21.6 (face=3.2mm) n=[287, 151, 247, 110, 238, 262, 72, 250, 164, 129]  tape=0.406km B=9.55T unif=0.530% hoop=126MPa
  [ 715] viol   f=  88.652  a=25.7 b=34.3 gap=21.6 (face=3.3mm) n=[268, 53, 315, 178, 317, 270, 218, 262, 109, 64]  tape=0.436km B=10.82T unif=1.664% hoop=136MPa
  [a=26 b=34 nt=2097] KSP converged reason: 4, iterations: 1
  [a=26 b=34 nt=1936] KSP converged reason: 4, iterations: 1
  [a=25 b=34 nt=2074] KSP converged reason: 4, iterations: 1
  [a=25 b=34 nt=2036] KSP converged reason: 4, iterations: 1
  [a=26 b=34 nt=2017] KSP converged reason: 4, iterations: 1
  [a=26 b=33 nt=2017] KSP converged reason: 4, iterations: 1
  [a=25 b=34 nt=1927] KSP converged reason: 4, iterations: 1
  [a=27 b=33 nt=2200] KSP converged reason: 4, iterations: 1
  [a=26 b=33 nt=2082] KSP converged reason: 4, iterations: 1
  [a=26 b=33 nt=2065] KSP converged reason: 4, iterations: 1
  [a=26 b=34 nt=2016] KSP converged reason: 4, iterations: 1
  [ 716] OK     f=   0.427  a=25.5 b=33.5 gap=21.5 (face=3.0mm) n=[292, 185, 286, 114, 168, 312, 188, 296, 78, 117]  tape=0.427km B=10.25T unif=0.211% hoop=136MPa
  [ 717] viol   f=   1.113  a=25.9 b=33.6 gap=21.5 (face=3.1mm) n=[285, 165, 261, 178, 208, 308, 177, 295, 69, 71]  tape=0.425km B=10.35T unif=1.059% hoop=145MPa
  [ 718] OK     f=   0.451  a=26.1 b=33.8 gap=21.6 (face=3.2mm) n=[307, 145, 308, 178, 150, 331, 158, 290, 174, 56]  tape=0.451km B=10.56T unif=0.670% hoop=140MPa
  [ 719] viol   f= 154.153  a=25.5 b=33.8 gap=21.6 (face=3.1mm) n=[301, 102, 271, 232, 220, 284, 202, 319, 65, 78]  tape=0.436km B=10.90T unif=1.877% hoop=155MPa
  [ 720] OK     f=   0.421  a=26.1 b=33.5 gap=21.5 (face=3.1mm) n=[296, 148, 296, 164, 157, 274, 153, 288, 177, 64]  tape=0.421km B=10.26T unif=0.345% hoop=143MPa
  [ 721] viol   f=   0.480  a=25.9 b=34.1 gap=21.5 (face=3.1mm) n=[289, 134, 270, 191, 134, 328, 162, 263, 105, 60]  tape=0.423km B=9.83T unif=0.873% hoop=140MPa
  [ 722] viol   f=   5.999  a=25.4 b=33.8 gap=21.5 (face=3.0mm) n=[326, 198, 219, 84, 206, 314, 173, 279, 69, 59]  tape=0.412km B=10.16T unif=1.167% hoop=145MPa
  [ 723] viol   f=   1.297  a=25.9 b=33.5 gap=21.5 (face=3.1mm) n=[375, 156, 290, 140, 233, 315, 134, 265, 96, 78]  tape=0.462km B=11.11T unif=1.065% hoop=144MPa
  [ 724] OK     f=   0.487  a=26.6 b=32.9 gap=21.5 (face=3.0mm) n=[339, 121, 340, 192, 145, 388, 214, 253, 105, 103]  tape=0.487km B=11.14T unif=0.328% hoop=148MPa
  [ 725] OK     f=   0.456  a=26.1 b=33.2 gap=21.6 (face=3.2mm) n=[361, 105, 280, 137, 154, 378, 158, 262, 172, 58]  tape=0.456km B=10.40T unif=0.674% hoop=135MPa
  [ 726] OK     f=   0.427  a=25.9 b=33.8 gap=21.5 (face=3.1mm) n=[320, 157, 322, 136, 121, 326, 217, 286, 72, 59]  tape=0.427km B=10.43T unif=0.315% hoop=130MPa
  [a=26 b=33 nt=2052] KSP converged reason: 4, iterations: 1
  [a=26 b=34 nt=2157] KSP converged reason: 4, iterations: 1
  [a=25 b=34 nt=2057] KSP converged reason: 4, iterations: 1
  [a=25 b=34 nt=2016] KSP converged reason: 4, iterations: 1
  [a=26 b=34 nt=1985] KSP converged reason: 4, iterations: 1
  [a=25 b=33 nt=2003] KSP converged reason: 4, iterations: 1
  [a=25 b=34 nt=2049] KSP converged reason: 4, iterations: 1
  [a=26 b=34 nt=2161] KSP converged reason: 4, iterations: 1
  [a=26 b=34 nt=2032] KSP converged reason: 4, iterations: 1
  [a=26 b=33 nt=2074] KSP converged reason: 4, iterations: 1
  [a=27 b=34 nt=1942] KSP converged reason: 4, iterations: 1
  [ 727] viol   f=   5.841  a=25.9 b=34.1 gap=21.5 (face=3.0mm) n=[316, 149, 272, 195, 174, 295, 162, 343, 156, 95]  tape=0.472km B=10.74T unif=1.164% hoop=154MPa
  [ 728] viol   f=   0.507  a=26.3 b=34.0 gap=21.5 (face=3.0mm) n=[244, 177, 329, 131, 142, 318, 186, 268, 109, 81]  tape=0.434km B=9.81T unif=0.628% hoop=147MPa
  [ 729] viol   f=   0.448  a=26.1 b=33.2 gap=21.5 (face=3.0mm) n=[347, 156, 342, 110, 178, 315, 169, 260, 115, 60]  tape=0.441km B=10.83T unif=1.006% hoop=132MPa
  [ 730] OK     f=   0.430  a=25.1 b=33.7 gap=21.6 (face=3.1mm) n=[318, 179, 266, 161, 172, 268, 120, 294, 154, 84]  tape=0.430km B=10.49T unif=0.938% hoop=141MPa
  [ 731] OK     f=   0.442  a=25.5 b=33.6 gap=21.6 (face=3.1mm) n=[298, 177, 249, 100, 177, 291, 244, 338, 126, 57]  tape=0.442km B=10.08T unif=0.597% hoop=140MPa
  [ 732] OK     f=   0.422  a=25.3 b=33.4 gap=21.5 (face=3.0mm) n=[317, 140, 307, 159, 153, 281, 164, 287, 98, 97]  tape=0.422km B=10.40T unif=0.449% hoop=141MPa
  [ 733] OK     f=   0.472  a=26.1 b=34.3 gap=21.5 (face=3.0mm) n=[301, 177, 306, 104, 138, 343, 223, 293, 195, 81]  tape=0.472km B=10.44T unif=0.249% hoop=141MPa
  [ 734] OK     f=   0.449  a=25.1 b=33.7 gap=21.6 (face=3.3mm) n=[361, 169, 320, 133, 172, 268, 125, 286, 160, 55]  tape=0.449km B=10.93T unif=0.757% hoop=132MPa
  [ 735] OK     f=   0.432  a=25.7 b=33.7 gap=21.5 (face=3.0mm) n=[319, 169, 312, 154, 118, 327, 180, 290, 89, 74]  tape=0.432km B=10.53T unif=0.440% hoop=133MPa
  [ 736] OK     f=   0.454  a=25.9 b=33.3 gap=21.5 (face=3.1mm) n=[329, 162, 242, 141, 143, 356, 157, 294, 163, 87]  tape=0.454km B=10.25T unif=0.834% hoop=142MPa
  [ 737] OK     f=   0.426  a=26.7 b=33.6 gap=21.6 (face=3.2mm) n=[332, 176, 310, 166, 131, 347, 164, 209, 56, 51]  tape=0.426km B=10.58T unif=0.930% hoop=144MPa
  [a=26 b=34 nt=1941] KSP converged reason: 4, iterations: 1
  [a=26 b=33 nt=2124] KSP converged reason: 4, iterations: 1
  [a=25 b=34 nt=2012] KSP converged reason: 4, iterations: 1
  [a=27 b=34 nt=1994] KSP converged reason: 4, iterations: 1
  [a=26 b=33 nt=1928] KSP converged reason: 4, iterations: 1
  [a=26 b=34 nt=1956] KSP converged reason: 4, iterations: 1
  [a=26 b=34 nt=1946] KSP converged reason: 4, iterations: 1
  [a=26 b=33 nt=2061] KSP converged reason: 4, iterations: 1
  [a=26 b=33 nt=1976] KSP converged reason: 4, iterations: 1
  [a=26 b=34 nt=1998] KSP converged reason: 4, iterations: 1
  [a=26 b=33 nt=1920] KSP converged reason: 4, iterations: 1
  [ 738] OK     f=   0.437  a=25.3 b=33.8 gap=21.5 (face=3.0mm) n=[350, 158, 296, 165, 140, 319, 157, 284, 57, 86]  tape=0.437km B=10.72T unif=0.756% hoop=136MPa
  [ 739] OK     f=   0.457  a=25.5 b=33.2 gap=21.5 (face=3.0mm) n=[349, 171, 281, 161, 160, 321, 191, 280, 131, 79]  tape=0.457km B=11.04T unif=0.625% hoop=150MPa
  [ 740] viol   f=  28.326  a=25.5 b=33.8 gap=21.5 (face=3.0mm) n=[355, 168, 278, 160, 147, 255, 129, 251, 124, 74]  tape=0.433km B=10.52T unif=1.373% hoop=142MPa
  [ 741] OK     f=   0.411  a=26.1 b=33.1 gap=21.5 (face=3.0mm) n=[321, 186, 285, 187, 107, 288, 127, 257, 96, 74]  tape=0.411km B=10.41T unif=0.996% hoop=141MPa
  [ 742] viol   f=  10.966  a=25.8 b=34.3 gap=21.6 (face=3.1mm) n=[340, 188, 287, 178, 162, 274, 100, 269, 75, 83]  tape=0.431km B=10.65T unif=1.230% hoop=148MPa
  [ 743] OK     f=   0.443  a=26.9 b=33.7 gap=21.5 (face=3.0mm) n=[359, 119, 338, 149, 153, 295, 119, 269, 129, 64]  tape=0.443km B=10.59T unif=0.764% hoop=143MPa
  [ 744] viol   f=   0.461  a=25.6 b=34.1 gap=21.5 (face=3.0mm) n=[350, 129, 221, 109, 171, 315, 173, 303, 116, 59]  tape=0.430km B=9.87T unif=0.979% hoop=135MPa
  [ 745] OK     f=   0.436  a=26.1 b=33.4 gap=21.5 (face=3.0mm) n=[316, 146, 290, 146, 184, 301, 181, 279, 157, 61]  tape=0.436km B=10.50T unif=0.298% hoop=139MPa
  [ 746] OK     f=   0.420  a=25.7 b=33.3 gap=21.5 (face=3.0mm) n=[326, 117, 295, 191, 180, 304, 157, 257, 75, 74]  tape=0.420km B=10.56T unif=0.581% hoop=149MPa
  [ 747] OK     f=   0.436  a=25.6 b=33.8 gap=21.5 (face=3.0mm) n=[336, 165, 293, 96, 173, 285, 169, 243, 153, 85]  tape=0.436km B=10.40T unif=0.727% hoop=132MPa
  [ 748] viol   f=   0.445  a=26.1 b=33.4 gap=21.5 (face=3.1mm) n=[343, 169, 296, 141, 123, 276, 121, 276, 115, 60]  tape=0.420km B=10.30T unif=1.011% hoop=132MPa
  [a=26 b=33 nt=2013] KSP converged reason: 4, iterations: 1
  [a=26 b=33 nt=2045] KSP converged reason: 4, iterations: 1
  [a=26 b=33 nt=1918] KSP converged reason: 4, iterations: 1
  [a=26 b=34 nt=1962] KSP converged reason: 4, iterations: 1
  [a=26 b=35 nt=1972] KSP converged reason: 4, iterations: 1
  [a=26 b=33 nt=2022] KSP converged reason: 4, iterations: 1
  [a=26 b=33 nt=1956] KSP converged reason: 4, iterations: 1
  [a=26 b=33 nt=1970] KSP converged reason: 4, iterations: 1
  [a=26 b=34 nt=2027] KSP converged reason: 4, iterations: 1
  [a=26 b=33 nt=2054] KSP converged reason: 4, iterations: 1
  [a=26 b=34 nt=1951] KSP converged reason: 4, iterations: 1
  [ 749] OK     f=   0.441  a=26.1 b=33.0 gap=21.6 (face=3.3mm) n=[340, 127, 323, 226, 188, 272, 101, 224, 155, 89]  tape=0.441km B=11.04T unif=0.856% hoop=148MPa
  [ 750] OK     f=   0.440  a=26.4 b=34.6 gap=21.5 (face=3.0mm) n=[291, 70, 346, 176, 188, 300, 165, 262, 120, 54]  tape=0.440km B=10.12T unif=0.401% hoop=149MPa
  [ 751] OK     f=   0.423  a=25.8 b=33.2 gap=21.5 (face=3.1mm) n=[293, 152, 306, 216, 147, 257, 177, 279, 114, 81]  tape=0.423km B=10.60T unif=0.667% hoop=140MPa
  [ 752] OK     f=   0.435  a=25.7 b=33.0 gap=21.5 (face=3.0mm) n=[354, 162, 314, 145, 133, 331, 149, 240, 86, 99]  tape=0.435km B=10.81T unif=0.783% hoop=132MPa
  [ 753] viol   f=  36.423  a=26.2 b=32.9 gap=21.5 (face=3.0mm) n=[336, 209, 271, 129, 135, 305, 134, 253, 69, 77]  tape=0.413km B=10.48T unif=1.424% hoop=143MPa
  [ 754] viol   f=  69.021  a=25.7 b=33.9 gap=21.5 (face=3.0mm) n=[332, 210, 287, 160, 112, 280, 104, 276, 118, 83]  tape=0.426km B=10.61T unif=1.586% hoop=141MPa
  [ 755] OK     f=   0.423  a=26.0 b=33.2 gap=21.5 (face=3.0mm) n=[302, 183, 332, 176, 154, 251, 107, 256, 124, 71]  tape=0.423km B=10.46T unif=0.722% hoop=144MPa
  [ 756] OK     f=   0.427  a=26.1 b=33.0 gap=21.6 (face=3.1mm) n=[342, 169, 276, 187, 106, 311, 107, 237, 144, 91]  tape=0.427km B=10.47T unif=0.873% hoop=139MPa
  [ 757] OK     f=   0.427  a=25.6 b=32.8 gap=21.5 (face=3.0mm) n=[247, 207, 304, 212, 159, 271, 183, 268, 111, 92]  tape=0.427km B=10.65T unif=0.793% hoop=147MPa
  [ 758] viol   f=  15.480  a=25.9 b=33.8 gap=21.5 (face=3.0mm) n=[369, 175, 280, 148, 117, 305, 134, 276, 137, 86]  tape=0.454km B=10.74T unif=1.274% hoop=138MPa
  [ 759] viol   f=  11.741  a=25.9 b=34.0 gap=21.5 (face=3.0mm) n=[304, 170, 252, 214, 169, 288, 119, 270, 104, 61]  tape=0.416km B=10.37T unif=1.238% hoop=145MPa
  [a=26 b=33 nt=1968] KSP converged reason: 4, iterations: 1
  [a=25 b=33 nt=2008] KSP converged reason: 4, iterations: 1
  [a=26 b=33 nt=2053] KSP converged reason: 4, iterations: 1
  [a=26 b=33 nt=2042] KSP converged reason: 4, iterations: 1
  [a=26 b=34 nt=1903] KSP converged reason: 4, iterations: 1
  [a=26 b=33 nt=1949] KSP converged reason: 4, iterations: 1
  [a=26 b=33 nt=2007] KSP converged reason: 4, iterations: 1
  [a=26 b=33 nt=1953] KSP converged reason: 4, iterations: 1
  [a=26 b=34 nt=2031] KSP converged reason: 4, iterations: 1
  [a=26 b=33 nt=1921] KSP converged reason: 4, iterations: 1
  [a=26 b=33 nt=1947] KSP converged reason: 4, iterations: 1
  [ 760] OK     f=   0.399  a=25.6 b=33.6 gap=21.5 (face=3.0mm) n=[295, 173, 298, 183, 155, 228, 140, 297, 60, 74]  tape=0.399km B=10.30T unif=0.985% hoop=140MPa
  [ 761] OK     f=   0.427  a=25.4 b=33.2 gap=21.5 (face=3.0mm) n=[296, 194, 320, 182, 168, 235, 148, 255, 150, 60]  tape=0.427km B=10.72T unif=0.545% hoop=148MPa
  [ 762] viol   f=   2.258  a=25.9 b=33.3 gap=21.5 (face=3.1mm) n=[297, 147, 324, 245, 177, 199, 90, 270, 123, 96]  tape=0.422km B=10.52T unif=1.096% hoop=142MPa
  [ 763] OK     f=   0.407  a=25.9 b=33.0 gap=21.5 (face=3.0mm) n=[275, 187, 296, 190, 148, 261, 123, 265, 114, 90]  tape=0.407km B=10.29T unif=0.777% hoop=141MPa
  [ 764] viol   f= 192.891  a=25.6 b=32.9 gap=21.5 (face=3.1mm) n=[274, 254, 296, 200, 165, 207, 161, 293, 130, 62]  tape=0.420km B=11.12T unif=1.981% hoop=150MPa
  [ 765] OK     f=   0.432  a=26.4 b=33.0 gap=21.5 (face=3.1mm) n=[307, 205, 306, 194, 127, 279, 132, 239, 158, 106]  tape=0.432km B=10.93T unif=0.751% hoop=144MPa
  [ 766] OK     f=   0.437  a=26.1 b=33.3 gap=21.5 (face=3.0mm) n=[286, 168, 340, 186, 153, 309, 145, 222, 133, 65]  tape=0.437km B=10.44T unif=0.209% hoop=143MPa
  [ 767] OK     f=   0.405  a=25.6 b=32.8 gap=21.6 (face=3.1mm) n=[260, 154, 304, 177, 162, 304, 136, 272, 134, 50]  tape=0.405km B=10.07T unif=0.476% hoop=142MPa
  [ 768] viol   f=   3.086  a=26.4 b=32.8 gap=21.5 (face=3.0mm) n=[296, 202, 263, 175, 119, 253, 187, 255, 102, 69]  tape=0.402km B=10.26T unif=1.116% hoop=143MPa
  [ 769] viol   f=   2.134  a=25.6 b=33.0 gap=21.5 (face=3.0mm) n=[268, 115, 302, 206, 164, 281, 164, 262, 80, 105]  tape=0.407km B=10.15T unif=1.093% hoop=135MPa
  [ 770] OK     f=   0.444  a=25.7 b=33.5 gap=21.5 (face=3.0mm) n=[271, 167, 340, 190, 141, 230, 145, 282, 186, 79]  tape=0.444km B=10.25T unif=0.186% hoop=142MPa
  [a=26 b=34 nt=1921] KSP converged reason: 4, iterations: 1
  [a=26 b=33 nt=1906] KSP converged reason: 4, iterations: 1
  [a=26 b=33 nt=1836] KSP converged reason: 4, iterations: 1
  [a=25 b=33 nt=1858] KSP converged reason: 4, iterations: 1
  [a=26 b=33 nt=1970] KSP converged reason: 4, iterations: 1
  [a=26 b=33 nt=1839] KSP converged reason: 4, iterations: 1
  [a=26 b=33 nt=1905] KSP converged reason: 4, iterations: 1
  [a=26 b=33 nt=1944] KSP converged reason: 4, iterations: 1
  [a=25 b=33 nt=2005] KSP converged reason: 4, iterations: 1
  [a=25 b=33 nt=1926] KSP converged reason: 4, iterations: 1
  [a=25 b=34 nt=1893] KSP converged reason: 4, iterations: 1
  [ 771] viol   f=   2.184  a=26.0 b=32.8 gap=21.5 (face=3.0mm) n=[284, 165, 275, 211, 163, 266, 98, 265, 52, 60]  tape=0.377km B=10.14T unif=1.095% hoop=138MPa
  [ 772] viol   f=  21.505  a=25.7 b=33.3 gap=21.5 (face=3.0mm) n=[329, 194, 269, 155, 149, 293, 124, 247, 81, 65]  tape=0.411km B=10.45T unif=1.325% hoop=141MPa
  [ 773] viol   f=   0.567  a=25.7 b=33.3 gap=21.5 (face=3.0mm) n=[298, 143, 293, 228, 154, 294, 184, 239, 69, 68]  tape=0.409km B=10.67T unif=1.028% hoop=139MPa
  [ 774] viol   f=   2.578  a=25.5 b=33.1 gap=21.5 (face=3.1mm) n=[292, 173, 268, 193, 130, 294, 111, 242, 83, 72]  tape=0.386km B=10.08T unif=1.105% hoop=137MPa
  [ 775] viol   f=   0.482  a=26.2 b=33.6 gap=21.5 (face=3.0mm) n=[270, 155, 342, 153, 158, 261, 161, 267, 99, 55]  tape=0.424km B=9.83T unif=0.353% hoop=145MPa
  [ 776] viol   f=   0.576  a=25.9 b=33.1 gap=21.6 (face=3.2mm) n=[280, 187, 306, 126, 99, 314, 139, 241, 61, 83]  tape=0.389km B=9.69T unif=0.491% hoop=133MPa
  [ 777] viol   f=   0.395  a=25.6 b=33.1 gap=21.5 (face=3.0mm) n=[289, 170, 299, 163, 111, 271, 140, 299, 91, 72]  tape=0.395km B=9.99T unif=0.640% hoop=131MPa
  [ 778] viol   f=   0.430  a=25.6 b=33.4 gap=21.5 (face=3.1mm) n=[291, 139, 362, 161, 143, 253, 116, 302, 108, 69]  tape=0.430km B=9.98T unif=0.321% hoop=136MPa
  [ 779] viol   f=   6.920  a=25.4 b=33.2 gap=21.5 (face=3.0mm) n=[267, 175, 266, 191, 184, 243, 163, 295, 95, 126]  tape=0.418km B=10.29T unif=1.180% hoop=152MPa
  [ 780] viol   f=   2.746  a=25.1 b=32.9 gap=21.5 (face=3.1mm) n=[273, 188, 258, 214, 109, 238, 152, 334, 110, 50]  tape=0.412km B=9.94T unif=1.108% hoop=145MPa
  [ 781] OK     f=   0.402  a=25.1 b=33.6 gap=21.5 (face=3.0mm) n=[262, 171, 315, 194, 155, 224, 170, 288, 50, 64]  tape=0.402km B=10.07T unif=0.631% hoop=139MPa
  [a=26 b=34 nt=2052] KSP converged reason: 4, iterations: 1
  [a=25 b=33 nt=1897] KSP converged reason: 4, iterations: 1
  [a=26 b=33 nt=1823] KSP converged reason: 4, iterations: 1
  [a=26 b=34 nt=1833] KSP converged reason: 4, iterations: 1
  [a=25 b=34 nt=1868] KSP converged reason: 4, iterations: 1
  [a=26 b=33 nt=1907] KSP converged reason: 4, iterations: 1
  [a=24 b=33 nt=1960] KSP converged reason: 4, iterations: 1
  [a=26 b=34 nt=1839] KSP converged reason: 4, iterations: 1
  [a=26 b=33 nt=1937] KSP converged reason: 4, iterations: 1
  [a=25 b=33 nt=1908] KSP converged reason: 4, iterations: 1
  [a=24 b=33 nt=1973] KSP converged reason: 4, iterations: 1
  [ 782] viol   f=   0.699  a=25.8 b=32.9 gap=21.5 (face=3.0mm) n=[278, 153, 309, 180, 65, 296, 146, 275, 64, 57]  tape=0.380km B=9.60T unif=0.245% hoop=129MPa
  [ 783] viol   f=   0.459  a=24.9 b=33.1 gap=21.5 (face=3.0mm) n=[284, 145, 324, 159, 132, 238, 138, 319, 71, 87]  tape=0.400km B=9.83T unif=0.373% hoop=127MPa
  [ 784] viol   f=   0.818  a=25.6 b=33.6 gap=21.5 (face=3.0mm) n=[259, 158, 304, 153, 151, 251, 118, 305, 83, 51]  tape=0.388km B=9.54T unif=0.359% hoop=139MPa
  [ 785] viol   f=   0.627  a=25.1 b=33.7 gap=21.5 (face=3.0mm) n=[269, 162, 299, 141, 112, 289, 179, 278, 78, 61]  tape=0.391km B=9.66T unif=0.285% hoop=128MPa
  [ 786] viol   f=   3.473  a=25.9 b=33.3 gap=21.5 (face=3.0mm) n=[271, 191, 282, 201, 124, 262, 126, 276, 78, 96]  tape=0.394km B=10.17T unif=1.124% hoop=140MPa
  [ 787] OK     f=   0.451  a=26.0 b=33.9 gap=21.5 (face=3.0mm) n=[302, 141, 358, 191, 170, 259, 147, 334, 65, 85]  tape=0.451km B=10.52T unif=0.201% hoop=151MPa
  [ 788] viol   f=   0.594  a=24.4 b=33.4 gap=21.5 (face=3.0mm) n=[284, 195, 286, 170, 145, 237, 180, 302, 91, 70]  tape=0.406km B=10.35T unif=1.031% hoop=133MPa
  [ 789] viol   f=  37.962  a=25.7 b=34.1 gap=21.5 (face=3.0mm) n=[327, 171, 278, 148, 166, 253, 108, 256, 72, 60]  tape=0.403km B=10.13T unif=1.433% hoop=141MPa
  [ 790] OK     f=   0.398  a=25.1 b=32.8 gap=21.5 (face=3.0mm) n=[286, 203, 305, 157, 125, 243, 144, 259, 87, 99]  tape=0.398km B=10.23T unif=0.876% hoop=132MPa
  [ 791] OK     f=   0.403  a=26.0 b=32.7 gap=21.5 (face=3.0mm) n=[270, 190, 305, 214, 86, 250, 146, 293, 106, 77]  tape=0.403km B=10.13T unif=0.301% hoop=141MPa
  [ 792] OK     f=   0.415  a=24.3 b=32.9 gap=21.5 (face=3.0mm) n=[311, 170, 338, 145, 125, 247, 172, 306, 73, 86]  tape=0.415km B=10.41T unif=0.386% hoop=127MPa
  [a=25 b=33 nt=1947] KSP converged reason: 4, iterations: 1
  [a=25 b=33 nt=1947] KSP converged reason: 4, iterations: 1
  [a=25 b=33 nt=1959] KSP converged reason: 4, iterations: 1
  [a=26 b=33 nt=1910] KSP converged reason: 4, iterations: 1
  [a=26 b=33 nt=1942] KSP converged reason: 4, iterations: 1
  [a=25 b=32 nt=1943] KSP converged reason: 4, iterations: 1
  [a=26 b=33 nt=1957] KSP converged reason: 4, iterations: 1
  [a=26 b=33 nt=1931] KSP converged reason: 4, iterations: 1
  [a=25 b=33 nt=1988] KSP converged reason: 4, iterations: 1
  [a=25 b=33 nt=1961] KSP converged reason: 4, iterations: 1
  [a=25 b=33 nt=1895] KSP converged reason: 4, iterations: 1
  [ 793] OK     f=   0.417  a=24.8 b=33.5 gap=21.5 (face=3.0mm) n=[310, 175, 334, 177, 118, 256, 178, 284, 56, 71]  tape=0.417km B=10.59T unif=0.772% hoop=135MPa
  [ 794] OK     f=   0.425  a=25.4 b=33.1 gap=21.5 (face=3.1mm) n=[294, 174, 357, 182, 141, 225, 147, 296, 80, 51]  tape=0.425km B=10.30T unif=0.216% hoop=139MPa
  [ 795] viol   f=  46.169  a=25.0 b=32.3 gap=21.5 (face=3.0mm) n=[269, 225, 276, 167, 105, 238, 135, 293, 78, 157]  tape=0.395km B=10.25T unif=1.478% hoop=139MPa
  [ 796] OK     f=   0.410  a=26.1 b=32.8 gap=21.5 (face=3.0mm) n=[291, 181, 313, 172, 102, 249, 136, 281, 125, 92]  tape=0.410km B=10.18T unif=0.422% hoop=137MPa
  [ 797] viol   f=   0.452  a=24.8 b=33.0 gap=21.5 (face=3.0mm) n=[255, 183, 359, 165, 109, 248, 139, 320, 72, 97]  tape=0.423km B=9.88T unif=0.527% hoop=140MPa
  [ 798] viol   f=   0.401  a=25.5 b=32.6 gap=21.5 (face=3.0mm) n=[276, 186, 324, 174, 71, 239, 190, 300, 74, 76]  tape=0.401km B=9.99T unif=0.220% hoop=136MPa
  [ 799] OK     f=   0.424  a=25.7 b=32.8 gap=21.5 (face=3.1mm) n=[268, 184, 347, 191, 115, 256, 172, 269, 87, 68]  tape=0.424km B=10.19T unif=0.390% hoop=144MPa
  [ 800] OK     f=   0.413  a=25.7 b=33.2 gap=21.5 (face=3.0mm) n=[289, 171, 324, 162, 104, 261, 160, 275, 121, 64]  tape=0.413km B=10.05T unif=0.367% hoop=133MPa
  [ 801] OK     f=   0.411  a=25.0 b=32.8 gap=21.5 (face=3.0mm) n=[312, 220, 317, 170, 120, 207, 179, 318, 69, 76]  tape=0.411km B=10.93T unif=0.867% hoop=138MPa
  [ 802] OK     f=   0.412  a=25.4 b=32.7 gap=21.5 (face=3.0mm) n=[301, 195, 323, 158, 138, 274, 107, 274, 100, 91]  tape=0.412km B=10.50T unif=0.472% hoop=136MPa
  [ 803] OK     f=   0.405  a=25.1 b=32.9 gap=21.5 (face=3.1mm) n=[287, 214, 342, 149, 87, 216, 116, 318, 61, 105]  tape=0.405km B=10.16T unif=0.797% hoop=139MPa
  [a=25 b=32 nt=1999] KSP converged reason: 4, iterations: 1
  [a=25 b=32 nt=1936] KSP converged reason: 4, iterations: 1
  [a=26 b=33 nt=2026] KSP converged reason: 4, iterations: 1
  [a=26 b=34 nt=1914] KSP converged reason: 4, iterations: 1
  [a=25 b=33 nt=1890] KSP converged reason: 4, iterations: 1
  [a=25 b=33 nt=1885] KSP converged reason: 4, iterations: 1
  [a=25 b=33 nt=1896] KSP converged reason: 4, iterations: 1
  [a=25 b=32 nt=2020] KSP converged reason: 4, iterations: 1
  [a=26 b=33 nt=1913] KSP converged reason: 4, iterations: 1
  [a=25 b=32 nt=1878] KSP converged reason: 4, iterations: 1
  [a=26 b=33 nt=1932] KSP converged reason: 4, iterations: 1
  [ 804] OK     f=   0.401  a=25.3 b=32.6 gap=21.6 (face=3.2mm) n=[281, 232, 328, 139, 82, 203, 171, 262, 75, 117]  tape=0.401km B=10.15T unif=0.994% hoop=139MPa
  [ 805] OK     f=   0.413  a=25.2 b=32.3 gap=21.5 (face=3.0mm) n=[294, 173, 355, 200, 93, 216, 147, 317, 62, 79]  tape=0.413km B=10.30T unif=0.295% hoop=136MPa
  [ 806] OK     f=   0.443  a=25.4 b=32.4 gap=21.5 (face=3.0mm) n=[299, 193, 395, 173, 100, 207, 117, 317, 111, 87]  tape=0.443km B=10.41T unif=0.559% hoop=142MPa
  [ 807] viol   f=   0.653  a=25.5 b=33.6 gap=21.5 (face=3.0mm) n=[252, 181, 338, 139, 138, 244, 153, 290, 66, 113]  tape=0.419km B=9.66T unif=0.317% hoop=138MPa
  [ 808] OK     f=   0.429  a=25.8 b=32.5 gap=21.5 (face=3.0mm) n=[307, 196, 343, 190, 70, 285, 150, 294, 97, 94]  tape=0.429km B=10.68T unif=0.302% hoop=142MPa
  [ 809] viol   f=   3.446  a=25.1 b=33.1 gap=21.5 (face=3.0mm) n=[301, 209, 307, 197, 121, 227, 123, 267, 69, 64]  tape=0.393km B=10.66T unif=1.124% hoop=139MPa
  [ 810] viol   f=   0.520  a=25.3 b=33.3 gap=21.5 (face=3.0mm) n=[261, 195, 314, 140, 124, 206, 153, 306, 101, 96]  tape=0.404km B=9.76T unif=0.436% hoop=137MPa
  [ 811] OK     f=   0.427  a=25.2 b=32.3 gap=21.5 (face=3.0mm) n=[276, 192, 352, 205, 72, 238, 176, 333, 80, 96]  tape=0.427km B=10.36T unif=0.716% hoop=141MPa
  [ 812] viol   f=   0.689  a=25.6 b=33.1 gap=21.5 (face=3.0mm) n=[296, 215, 302, 163, 104, 204, 147, 305, 93, 84]  tape=0.400km B=10.33T unif=1.038% hoop=137MPa
  [ 813] viol   f=   0.399  a=25.3 b=32.3 gap=21.5 (face=3.0mm) n=[277, 201, 339, 179, 50, 210, 132, 310, 50, 130]  tape=0.397km B=9.97T unif=0.392% hoop=140MPa
  [ 814] viol   f=   0.413  a=25.8 b=32.5 gap=21.5 (face=3.0mm) n=[273, 203, 334, 181, 62, 200, 155, 301, 102, 121]  tape=0.413km B=10.00T unif=0.385% hoop=142MPa
  [a=25 b=32 nt=1952] KSP converged reason: 4, iterations: 1
  [a=25 b=33 nt=1947] KSP converged reason: 4, iterations: 1
  [a=25 b=33 nt=1821] KSP converged reason: 4, iterations: 1
  [a=25 b=33 nt=1894] KSP converged reason: 4, iterations: 1
  [a=25 b=33 nt=2028] KSP converged reason: 4, iterations: 1
  [a=26 b=33 nt=1924] KSP converged reason: 4, iterations: 1
  [a=25 b=33 nt=1938] KSP converged reason: 4, iterations: 1
  [a=26 b=32 nt=1970] KSP converged reason: 4, iterations: 1
  [a=25 b=31 nt=1893] KSP converged reason: 4, iterations: 1
  [a=25 b=33 nt=2013] KSP converged reason: 4, iterations: 1
  [a=26 b=32 nt=2016] KSP converged reason: 4, iterations: 1
  [ 815] viol   f=   0.631  a=25.4 b=32.7 gap=21.5 (face=3.1mm) n=[274, 156, 358, 143, 107, 225, 165, 301, 62, 103]  tape=0.413km B=9.67T unif=0.580% hoop=134MPa
  [ 816] OK     f=   0.416  a=25.2 b=32.5 gap=21.5 (face=3.0mm) n=[269, 196, 349, 181, 79, 228, 124, 316, 52, 153]  tape=0.416km B=10.09T unif=0.228% hoop=142MPa
  [ 817] viol   f=   1.786  a=25.1 b=33.1 gap=21.6 (face=3.2mm) n=[297, 208, 337, 180, 51, 196, 127, 288, 87, 50]  tape=0.390km B=10.07T unif=1.084% hoop=135MPa
  [ 818] viol   f=  12.969  a=24.9 b=32.8 gap=21.5 (face=3.0mm) n=[297, 227, 305, 171, 108, 209, 178, 260, 131, 142]  tape=0.420km B=10.78T unif=1.250% hoop=139MPa
  [ 819] viol   f=   7.548  a=25.9 b=32.8 gap=21.5 (face=3.0mm) n=[281, 215, 290, 228, 68, 214, 164, 287, 73, 104]  tape=0.395km B=10.32T unif=1.189% hoop=140MPa
  [ 820] viol   f=   9.366  a=25.2 b=32.1 gap=21.5 (face=3.0mm) n=[283, 241, 335, 192, 60, 201, 156, 288, 80, 116]  tape=0.409km B=10.57T unif=1.212% hoop=142MPa
  [ 821] OK     f=   0.432  a=25.2 b=33.0 gap=21.5 (face=3.0mm) n=[263, 210, 371, 191, 119, 150, 133, 281, 102, 118]  tape=0.432km B=10.14T unif=0.240% hoop=148MPa
  [ 822] OK     f=   0.390  a=24.8 b=31.4 gap=21.5 (face=3.0mm) n=[307, 206, 336, 156, 80, 176, 153, 303, 69, 107]  tape=0.390km B=10.35T unif=0.621% hoop=131MPa
  [ 823] viol   f=  14.515  a=25.5 b=32.1 gap=21.5 (face=3.0mm) n=[255, 191, 377, 185, 65, 165, 181, 328, 98, 125]  tape=0.431km B=9.82T unif=1.265% hoop=145MPa
  [ 824] OK     f=   0.434  a=25.0 b=32.6 gap=21.5 (face=3.0mm) n=[302, 194, 362, 169, 117, 218, 165, 310, 57, 119]  tape=0.434km B=10.59T unif=0.237% hoop=137MPa
  [ 825] viol   f=  14.504  a=25.6 b=32.1 gap=21.5 (face=3.1mm) n=[279, 250, 325, 138, 62, 211, 182, 294, 102, 173]  tape=0.419km B=10.51T unif=1.265% hoop=145MPa
  [a=25 b=32 nt=1912] KSP converged reason: 4, iterations: 1
  [a=25 b=31 nt=1886] KSP converged reason: 4, iterations: 1
  [a=25 b=33 nt=1855] KSP converged reason: 4, iterations: 1
  [a=26 b=32 nt=1830] KSP converged reason: 4, iterations: 1
  [a=25 b=32 nt=1837] KSP converged reason: 4, iterations: 1
  [a=25 b=33 nt=1905] KSP converged reason: 4, iterations: 1
  [a=24 b=32 nt=1973] KSP converged reason: 4, iterations: 1
  [a=24 b=31 nt=2109] KSP converged reason: 4, iterations: 1
  [a=25 b=32 nt=1894] KSP converged reason: 4, iterations: 1
  [a=25 b=32 nt=1978] KSP converged reason: 4, iterations: 1
  [a=26 b=32 nt=1931] KSP converged reason: 4, iterations: 1
  [ 826] OK     f=   0.398  a=25.0 b=31.4 gap=21.5 (face=3.0mm) n=[283, 230, 358, 186, 80, 136, 89, 289, 54, 181]  tape=0.398km B=10.25T unif=0.669% hoop=141MPa
  [ 827] viol   f=   0.969  a=24.9 b=32.0 gap=21.5 (face=3.0mm) n=[260, 181, 360, 181, 56, 156, 98, 293, 67, 185]  tape=0.396km B=9.46T unif=0.441% hoop=137MPa
  [ 828] viol   f=   0.451  a=25.2 b=31.8 gap=21.5 (face=3.0mm) n=[261, 212, 361, 176, 58, 187, 135, 314, 109, 99]  tape=0.409km B=9.86T unif=0.368% hoop=141MPa
  [ 829] viol   f=   0.581  a=26.1 b=31.7 gap=21.5 (face=3.0mm) n=[272, 180, 354, 196, 50, 211, 98, 297, 70, 102]  tape=0.392km B=9.69T unif=0.605% hoop=140MPa
  [ 830] viol   f=   0.431  a=25.0 b=32.8 gap=21.5 (face=3.0mm) n=[311, 179, 375, 126, 51, 198, 138, 302, 66, 109]  tape=0.406km B=9.89T unif=0.287% hoop=130MPa
  [ 831] OK     f=   0.402  a=25.1 b=32.6 gap=21.5 (face=3.0mm) n=[313, 208, 344, 175, 87, 187, 122, 328, 63, 78]  tape=0.402km B=10.53T unif=0.807% hoop=138MPa
  [ 832] viol   f=  26.174  a=24.2 b=32.1 gap=21.5 (face=3.0mm) n=[277, 244, 315, 170, 69, 153, 180, 344, 64, 157]  tape=0.411km B=10.37T unif=1.359% hoop=138MPa
  [ 833] OK     f=   0.428  a=23.9 b=31.5 gap=21.5 (face=3.0mm) n=[337, 239, 341, 121, 99, 256, 201, 362, 58, 95]  tape=0.428km B=11.36T unif=0.568% hoop=135MPa
  [ 834] OK     f=   0.419  a=25.5 b=31.6 gap=21.5 (face=3.0mm) n=[310, 205, 398, 133, 55, 172, 130, 255, 143, 93]  tape=0.419km B=10.17T unif=0.200% hoop=139MPa
  [ 835] viol   f= 123.154  a=24.9 b=32.4 gap=21.5 (face=3.0mm) n=[291, 253, 321, 120, 111, 193, 144, 288, 109, 148]  tape=0.412km B=10.65T unif=1.783% hoop=140MPa
  [ 836] viol   f=   0.432  a=25.8 b=32.1 gap=21.5 (face=3.1mm) n=[267, 186, 371, 177, 74, 228, 156, 285, 85, 102]  tape=0.423km B=9.93T unif=0.822% hoop=145MPa
  [a=25 b=32 nt=1884] KSP converged reason: 4, iterations: 1
  [a=24 b=32 nt=1915] KSP converged reason: 4, iterations: 1
  [a=24 b=31 nt=2081] KSP converged reason: 4, iterations: 1
  [a=25 b=32 nt=1986] KSP converged reason: 4, iterations: 1
  [a=25 b=32 nt=1933] KSP converged reason: 4, iterations: 1
  [a=26 b=33 nt=1852] KSP converged reason: 4, iterations: 1
  [a=26 b=31 nt=1875] KSP converged reason: 4, iterations: 1
  [a=25 b=32 nt=1840] KSP converged reason: 4, iterations: 1
  [a=24 b=32 nt=1890] KSP converged reason: 4, iterations: 1
  [a=25 b=32 nt=1830] KSP converged reason: 4, iterations: 1
  [a=26 b=32 nt=1880] KSP converged reason: 4, iterations: 1
  [ 837] OK     f=   0.408  a=25.0 b=31.6 gap=21.5 (face=3.0mm) n=[328, 185, 396, 188, 60, 163, 67, 305, 69, 123]  tape=0.408km B=10.37T unif=0.529% hoop=133MPa
  [ 838] OK     f=   0.424  a=24.3 b=31.2 gap=21.5 (face=3.0mm) n=[320, 221, 355, 202, 95, 154, 178, 347, 50, 159]  tape=0.424km B=11.24T unif=0.418% hoop=138MPa
  [ 839] viol   f=   0.453  a=26.0 b=32.6 gap=21.5 (face=3.0mm) n=[263, 202, 324, 208, 112, 155, 92, 280, 84, 132]  tape=0.397km B=9.83T unif=0.798% hoop=143MPa
  [ 840] viol   f=  18.716  a=24.9 b=31.6 gap=21.5 (face=3.0mm) n=[288, 234, 320, 141, 118, 181, 94, 344, 59, 154]  tape=0.402km B=10.36T unif=1.303% hoop=141MPa
  [ 841] OK     f=   0.409  a=24.1 b=31.7 gap=21.5 (face=3.0mm) n=[332, 166, 379, 141, 59, 167, 133, 264, 80, 194]  tape=0.409km B=10.26T unif=0.591% hoop=123MPa
  [ 842] OK     f=   0.424  a=25.2 b=31.9 gap=21.5 (face=3.0mm) n=[283, 246, 369, 188, 139, 115, 110, 346, 68, 122]  tape=0.424km B=10.73T unif=0.673% hoop=149MPa
  [ 843] OK     f=   0.409  a=26.0 b=31.1 gap=21.5 (face=3.0mm) n=[298, 252, 392, 138, 80, 128, 91, 282, 77, 137]  tape=0.409km B=10.35T unif=0.605% hoop=147MPa
  [ 844] OK     f=   0.381  a=24.9 b=32.0 gap=21.5 (face=3.1mm) n=[325, 212, 329, 166, 72, 195, 84, 282, 96, 79]  tape=0.381km B=10.56T unif=0.959% hoop=132MPa
  [ 845] OK     f=   0.397  a=24.1 b=32.1 gap=21.5 (face=3.0mm) n=[329, 218, 347, 162, 115, 152, 104, 275, 75, 113]  tape=0.397km B=10.72T unif=0.833% hoop=131MPa
  [ 846] viol   f=   0.414  a=25.2 b=31.5 gap=21.5 (face=3.0mm) n=[270, 206, 386, 160, 65, 171, 97, 305, 72, 98]  tape=0.399km B=9.91T unif=0.463% hoop=146MPa
  [ 847] OK     f=   0.398  a=25.6 b=32.0 gap=21.6 (face=3.1mm) n=[289, 208, 341, 198, 56, 185, 110, 299, 90, 104]  tape=0.398km B=10.16T unif=0.856% hoop=140MPa
  [a=24 b=31 nt=1984] KSP converged reason: 4, iterations: 1
  [a=24 b=32 nt=1929] KSP converged reason: 4, iterations: 1
  [a=25 b=32 nt=1823] KSP converged reason: 4, iterations: 1
  [a=25 b=32 nt=1892] KSP converged reason: 4, iterations: 1
  [a=26 b=32 nt=1729] KSP converged reason: 4, iterations: 1
  [a=25 b=32 nt=1819] KSP converged reason: 4, iterations: 1
  [a=26 b=32 nt=1900] KSP converged reason: 4, iterations: 1
  [a=25 b=31 nt=1841] KSP converged reason: 4, iterations: 1
  [a=25 b=32 nt=1780] KSP converged reason: 4, iterations: 1
  [a=24 b=32 nt=1878] KSP converged reason: 4, iterations: 1
  [a=25 b=31 nt=1988] KSP converged reason: 4, iterations: 1
  [ 848] OK     f=   0.412  a=23.8 b=31.4 gap=21.5 (face=3.0mm) n=[331, 201, 375, 175, 75, 190, 122, 337, 60, 118]  tape=0.412km B=10.88T unif=0.845% hoop=130MPa
  [ 849] OK     f=   0.393  a=24.8 b=32.4 gap=21.5 (face=3.0mm) n=[340, 209, 324, 218, 63, 185, 128, 313, 59, 53]  tape=0.393km B=10.87T unif=0.907% hoop=136MPa
  [ 850] OK     f=   0.409  a=24.2 b=32.4 gap=21.5 (face=3.0mm) n=[282, 221, 352, 222, 75, 156, 104, 301, 76, 140]  tape=0.409km B=10.39T unif=0.418% hoop=137MPa
  [ 851] viol   f=  11.448  a=24.7 b=32.0 gap=21.5 (face=3.0mm) n=[292, 203, 292, 238, 122, 143, 61, 322, 69, 77]  tape=0.374km B=10.27T unif=1.235% hoop=136MPa
  [ 852] viol   f=  53.487  a=25.6 b=32.4 gap=21.5 (face=3.0mm) n=[301, 216, 343, 122, 80, 215, 75, 251, 71, 55]  tape=0.371km B=10.02T unif=1.515% hoop=138MPa
  [ 853] viol   f=   1.646  a=24.7 b=31.6 gap=21.5 (face=3.0mm) n=[346, 219, 333, 205, 87, 134, 56, 281, 55, 107]  tape=0.378km B=10.97T unif=1.080% hoop=136MPa
  [ 854] viol   f=   3.486  a=26.3 b=31.7 gap=21.5 (face=3.1mm) n=[335, 227, 319, 192, 75, 221, 50, 205, 154, 122]  tape=0.401km B=10.82T unif=1.124% hoop=142MPa
  [ 855] viol   f=  46.554  a=24.5 b=31.2 gap=21.5 (face=3.0mm) n=[323, 258, 318, 121, 78, 200, 70, 310, 80, 83]  tape=0.368km B=10.83T unif=1.481% hoop=133MPa
  [ 856] viol   f= 196.134  a=24.2 b=32.2 gap=21.5 (face=3.0mm) n=[314, 265, 312, 161, 146, 152, 80, 282, 62, 104]  tape=0.382km B=11.11T unif=1.989% hoop=135MPa
  [ 857] viol   f=  43.039  a=25.0 b=32.4 gap=21.5 (face=3.1mm) n=[331, 258, 389, 103, 62, 111, 78, 293, 80, 75]  tape=0.388km B=10.53T unif=1.462% hoop=140MPa
  [ 858] OK     f=   0.399  a=24.7 b=31.3 gap=21.5 (face=3.0mm) n=[299, 231, 320, 224, 75, 228, 142, 295, 87, 87]  tape=0.399km B=11.03T unif=0.947% hoop=139MPa
  [a=25 b=31 nt=2067] KSP converged reason: 4, iterations: 1
  [a=25 b=32 nt=2008] KSP converged reason: 4, iterations: 1
  [a=23 b=32 nt=2036] KSP converged reason: 4, iterations: 1
  [a=25 b=31 nt=1982] KSP converged reason: 4, iterations: 1
  [a=24 b=32 nt=2074] KSP converged reason: 4, iterations: 1
  [a=24 b=32 nt=2036] KSP converged reason: 4, iterations: 1
  [a=25 b=32 nt=1851] KSP converged reason: 4, iterations: 1
  [a=25 b=32 nt=1758] KSP converged reason: 4, iterations: 1
  [a=24 b=32 nt=1965] KSP converged reason: 4, iterations: 1
  [a=25 b=31 nt=1936] KSP converged reason: 4, iterations: 1
  [a=24 b=32 nt=1986] KSP converged reason: 4, iterations: 1
  [ 859] OK     f=   0.444  a=24.6 b=31.4 gap=21.5 (face=3.1mm) n=[343, 201, 402, 166, 118, 198, 136, 319, 53, 131]  tape=0.444km B=11.24T unif=0.529% hoop=140MPa
  [ 860] viol   f= 676.580  a=23.4 b=31.9 gap=21.5 (face=3.0mm) n=[380, 193, 342, 240, 61, 178, 126, 347, 77, 92]  tape=0.423km B=11.55T unif=2.839% hoop=131MPa
  [ 861] viol   f= 462.904  a=24.9 b=31.9 gap=21.5 (face=3.1mm) n=[389, 248, 312, 219, 55, 179, 118, 330, 50, 108]  tape=0.429km B=11.63T unif=2.521% hoop=148MPa
  [ 862] viol   f= 176.578  a=24.8 b=31.2 gap=21.5 (face=3.0mm) n=[365, 241, 335, 258, 69, 197, 61, 270, 85, 101]  tape=0.410km B=11.76T unif=1.939% hoop=141MPa
  [ 863] viol   f=   3.322  a=24.3 b=31.6 gap=21.5 (face=3.0mm) n=[331, 253, 309, 218, 77, 210, 139, 358, 61, 118]  tape=0.427km B=11.45T unif=1.120% hoop=143MPa
  [ 864] OK     f=   0.419  a=24.2 b=32.3 gap=21.5 (face=3.0mm) n=[283, 191, 330, 219, 63, 208, 172, 320, 78, 172]  tape=0.419km B=10.47T unif=0.180% hoop=133MPa
  [ 865] OK     f=   0.381  a=25.3 b=31.8 gap=21.5 (face=3.1mm) n=[336, 218, 307, 266, 70, 145, 81, 304, 64, 60]  tape=0.381km B=11.16T unif=0.974% hoop=146MPa
  [ 866] viol   f=   0.371  a=24.8 b=32.2 gap=21.5 (face=3.1mm) n=[287, 211, 348, 219, 56, 113, 76, 306, 54, 88]  tape=0.371km B=10.07T unif=1.000% hoop=138MPa
  [ 867] OK     f=   0.405  a=24.2 b=32.3 gap=21.5 (face=3.0mm) n=[288, 216, 326, 207, 124, 135, 165, 321, 65, 118]  tape=0.405km B=10.57T unif=0.840% hoop=134MPa
  [ 868] viol   f= 164.922  a=24.6 b=30.8 gap=21.5 (face=3.0mm) n=[346, 210, 337, 189, 76, 189, 88, 277, 94, 130]  tape=0.396km B=11.02T unif=1.907% hoop=133MPa
  [ 869] viol   f=   3.362  a=23.8 b=32.0 gap=21.5 (face=3.0mm) n=[353, 231, 296, 204, 97, 211, 158, 297, 84, 55]  tape=0.414km B=11.42T unif=1.121% hoop=139MPa
  [a=26 b=32 nt=1806] KSP converged reason: 4, iterations: 1
  [a=25 b=32 nt=1856] KSP converged reason: 4, iterations: 1
  [a=25 b=32 nt=1873] KSP converged reason: 4, iterations: 1
  [a=24 b=31 nt=1862] KSP converged reason: 4, iterations: 1
  [a=24 b=32 nt=1884] KSP converged reason: 4, iterations: 1
  [a=25 b=33 nt=1906] KSP converged reason: 4, iterations: 1
  [a=25 b=32 nt=1991] KSP converged reason: 4, iterations: 1
  [a=25 b=33 nt=2047] KSP converged reason: 4, iterations: 1
  [a=24 b=32 nt=1854] KSP converged reason: 4, iterations: 1
  [a=25 b=33 nt=1843] KSP converged reason: 4, iterations: 1
  [a=24 b=33 nt=1949] KSP converged reason: 4, iterations: 1
  [ 870] OK     f=   0.389  a=24.4 b=31.5 gap=21.5 (face=3.0mm) n=[279, 192, 358, 254, 72, 139, 85, 309, 66, 108]  tape=0.389km B=10.11T unif=0.589% hoop=135MPa
  [ 871] viol   f=  55.443  a=25.1 b=32.7 gap=21.5 (face=3.1mm) n=[278, 243, 317, 248, 76, 121, 90, 322, 73, 138]  tape=0.396km B=10.48T unif=1.525% hoop=141MPa
  [ 872] viol   f=  64.270  a=25.3 b=31.6 gap=21.5 (face=3.0mm) n=[372, 229, 297, 243, 53, 151, 52, 281, 63, 115]  tape=0.396km B=11.24T unif=1.565% hoop=149MPa
  [ 873] OK     f=   0.388  a=24.5 b=32.0 gap=21.5 (face=3.0mm) n=[304, 183, 328, 230, 88, 131, 104, 303, 146, 67]  tape=0.388km B=10.33T unif=0.464% hoop=129MPa
  [ 874] viol   f=   0.408  a=24.9 b=31.7 gap=21.5 (face=3.0mm) n=[293, 163, 358, 224, 60, 117, 158, 330, 66, 104]  tape=0.395km B=9.92T unif=0.459% hoop=130MPa
  [ 875] viol   f= 388.460  a=25.6 b=32.0 gap=21.5 (face=3.0mm) n=[386, 172, 355, 228, 58, 136, 76, 289, 50, 56]  tape=0.390km B=10.90T unif=2.393% hoop=133MPa
  [ 876] OK     f=   0.424  a=24.5 b=32.0 gap=21.5 (face=3.0mm) n=[296, 205, 321, 274, 58, 156, 141, 379, 108, 53]  tape=0.424km B=10.45T unif=0.616% hoop=142MPa
  [ 877] OK     f=   0.422  a=25.1 b=33.0 gap=21.5 (face=3.0mm) n=[309, 161, 304, 218, 199, 222, 183, 310, 74, 67]  tape=0.422km B=11.02T unif=0.916% hoop=150MPa
  [ 878] viol   f=  68.096  a=25.1 b=32.7 gap=21.6 (face=3.3mm) n=[283, 227, 308, 233, 73, 142, 91, 297, 71, 118]  tape=0.381km B=10.27T unif=1.582% hoop=137MPa
  [ 879] viol   f=   5.500  a=24.2 b=32.1 gap=21.5 (face=3.1mm) n=[345, 172, 288, 201, 82, 212, 164, 284, 50, 56]  tape=0.388km B=10.48T unif=1.160% hoop=130MPa
  [ 880] OK     f=   0.397  a=24.3 b=32.5 gap=21.5 (face=3.1mm) n=[315, 201, 332, 297, 67, 114, 59, 325, 148, 91]  tape=0.397km B=10.68T unif=0.468% hoop=128MPa
  [a=24 b=32 nt=1914] KSP converged reason: 4, iterations: 1
  [a=25 b=33 nt=1886] KSP converged reason: 4, iterations: 1
  [a=25 b=33 nt=1816] KSP converged reason: 4, iterations: 1
  [a=25 b=33 nt=1937] KSP converged reason: 4, iterations: 1
  [a=24 b=32 nt=1975] KSP converged reason: 4, iterations: 1
  [a=25 b=33 nt=1988] KSP converged reason: 4, iterations: 1
  [a=24 b=32 nt=1883] KSP converged reason: 4, iterations: 1
  [a=24 b=31 nt=2055] KSP converged reason: 4, iterations: 1
  [a=25 b=32 nt=1864] KSP converged reason: 4, iterations: 1
  [a=24 b=31 nt=1895] KSP converged reason: 4, iterations: 1
  [a=24 b=32 nt=1991] KSP converged reason: 4, iterations: 1
  [ 881] OK     f=   0.413  a=25.1 b=32.6 gap=21.5 (face=3.0mm) n=[326, 185, 324, 292, 134, 178, 81, 275, 117, 76]  tape=0.413km B=11.12T unif=0.557% hoop=134MPa
  [ 882] OK     f=   0.412  a=25.0 b=32.9 gap=21.6 (face=3.2mm) n=[251, 213, 364, 234, 117, 127, 110, 316, 71, 83]  tape=0.412km B=10.10T unif=0.237% hoop=147MPa
  [ 883] OK     f=   0.403  a=24.3 b=31.9 gap=21.7 (face=3.3mm) n=[247, 256, 339, 314, 68, 90, 80, 315, 150, 116]  tape=0.403km B=10.71T unif=0.643% hoop=143MPa
  [ 884] OK     f=   0.422  a=25.2 b=32.8 gap=21.5 (face=3.0mm) n=[279, 217, 357, 250, 113, 138, 149, 262, 78, 94]  tape=0.422km B=10.56T unif=0.488% hoop=148MPa
  [ 885] OK     f=   0.392  a=25.4 b=32.7 gap=21.5 (face=3.0mm) n=[305, 132, 360, 313, 103, 91, 65, 253, 137, 57]  tape=0.392km B=10.04T unif=0.377% hoop=129MPa
  [ 886] OK     f=   0.398  a=24.5 b=31.8 gap=21.5 (face=3.0mm) n=[318, 154, 356, 217, 62, 109, 102, 358, 143, 95]  tape=0.398km B=10.03T unif=0.483% hoop=122MPa
  [ 887] viol   f=   0.450  a=24.3 b=32.4 gap=21.5 (face=3.1mm) n=[292, 185, 376, 189, 75, 121, 105, 323, 138, 79]  tape=0.408km B=9.85T unif=0.626% hoop=130MPa
  [ 888] OK     f=   0.408  a=23.9 b=30.9 gap=21.5 (face=3.1mm) n=[322, 208, 331, 241, 64, 137, 112, 335, 185, 120]  tape=0.408km B=11.05T unif=0.432% hoop=130MPa
  [ 889] viol   f=   0.718  a=24.8 b=31.8 gap=21.5 (face=3.1mm) n=[300, 198, 298, 253, 111, 154, 71, 343, 54, 82]  tape=0.387km B=10.32T unif=1.041% hoop=137MPa
  [ 890] viol   f=  21.493  a=23.9 b=31.4 gap=21.7 (face=3.3mm) n=[340, 158, 313, 226, 101, 153, 113, 346, 62, 83]  tape=0.386km B=10.56T unif=1.325% hoop=129MPa
  [ 891] OK     f=   0.412  a=23.9 b=32.0 gap=21.5 (face=3.0mm) n=[330, 205, 360, 234, 56, 140, 119, 335, 152, 60]  tape=0.412km B=10.88T unif=0.894% hoop=129MPa
  [a=26 b=32 nt=1949] KSP converged reason: 4, iterations: 1
  [a=25 b=32 nt=1967] KSP converged reason: 4, iterations: 1
  [a=23 b=31 nt=2173] KSP converged reason: 4, iterations: 1
  [a=24 b=32 nt=2036] KSP converged reason: 4, iterations: 1
  [a=25 b=31 nt=1899] KSP converged reason: 4, iterations: 1
  [a=24 b=31 nt=1984] KSP converged reason: 4, iterations: 1
  [a=26 b=33 nt=1880] KSP converged reason: 4, iterations: 1
  [a=25 b=31 nt=1895] KSP converged reason: 4, iterations: 1
  [a=25 b=32 nt=1967] KSP converged reason: 4, iterations: 1
  [a=25 b=31 nt=2007] KSP converged reason: 4, iterations: 1
  [a=24 b=32 nt=1841] KSP converged reason: 4, iterations: 1
  [ 892] OK     f=   0.407  a=24.3 b=31.5 gap=21.5 (face=3.1mm) n=[320, 212, 349, 207, 98, 136, 127, 336, 81, 118]  tape=0.407km B=10.95T unif=0.533% hoop=134MPa
  [ 893] OK     f=   0.423  a=24.8 b=32.5 gap=21.5 (face=3.0mm) n=[351, 124, 383, 225, 50, 138, 167, 329, 146, 54]  tape=0.423km B=10.50T unif=0.510% hoop=124MPa
  [ 894] viol   f=  10.418  a=23.2 b=31.1 gap=21.5 (face=3.0mm) n=[263, 229, 364, 323, 92, 96, 56, 350, 179, 221]  tape=0.434km B=11.13T unif=1.223% hoop=137MPa
  [ 895] OK     f=   0.429  a=24.3 b=31.6 gap=21.5 (face=3.0mm) n=[225, 228, 365, 302, 138, 80, 112, 295, 159, 132]  tape=0.429km B=10.67T unif=0.854% hoop=155MPa
  [ 896] OK     f=   0.434  a=25.7 b=31.9 gap=21.5 (face=3.0mm) n=[349, 232, 432, 241, 98, 58, 52, 292, 107, 88]  tape=0.434km B=11.11T unif=0.358% hoop=146MPa
  [ 897] viol   f=   0.490  a=25.0 b=31.0 gap=21.5 (face=3.0mm) n=[259, 131, 345, 281, 88, 112, 97, 323, 142, 121]  tape=0.392km B=9.78T unif=0.375% hoop=128MPa
  [ 898] OK     f=   0.406  a=25.6 b=32.7 gap=21.5 (face=3.1mm) n=[273, 177, 350, 278, 143, 118, 51, 282, 111, 97]  tape=0.406km B=10.12T unif=0.209% hoop=141MPa
  [ 899] viol   f= 261.112  a=25.0 b=31.3 gap=21.5 (face=3.0mm) n=[348, 177, 349, 267, 64, 79, 50, 319, 159, 83]  tape=0.385km B=10.70T unif=2.142% hoop=125MPa
  [ 900] OK     f=   0.408  a=24.6 b=32.0 gap=21.5 (face=3.1mm) n=[328, 166, 359, 277, 82, 142, 69, 365, 113, 66]  tape=0.408km B=10.65T unif=0.567% hoop=128MPa
  [ 901] viol   f=   0.372  a=24.4 b=32.2 gap=21.5 (face=3.0mm) n=[265, 171, 278, 285, 100, 147, 122, 296, 107, 70]  tape=0.372km B=10.00T unif=0.775% hoop=125MPa
  [ 902] viol   f=  72.319  a=24.6 b=31.1 gap=21.5 (face=3.0mm) n=[347, 127, 369, 281, 109, 68, 144, 388, 124, 50]  tape=0.414km B=10.75T unif=1.600% hoop=130MPa
  [a=25 b=32 nt=1807] KSP converged reason: 4, iterations: 1
  [a=24 b=32 nt=1956] KSP converged reason: 4, iterations: 1
  [a=24 b=33 nt=1917] KSP converged reason: 4, iterations: 1
  [a=25 b=32 nt=1946] KSP converged reason: 4, iterations: 1
  [a=25 b=32 nt=1926] KSP converged reason: 4, iterations: 1
  [a=25 b=32 nt=1911] KSP converged reason: 4, iterations: 1
  [a=25 b=32 nt=1840] KSP converged reason: 4, iterations: 1
  [a=25 b=32 nt=1908] KSP converged reason: 4, iterations: 1
  [a=24 b=32 nt=1934] KSP converged reason: 4, iterations: 1
  [a=24 b=31 nt=1875] KSP converged reason: 4, iterations: 1
  [a=24 b=32 nt=1842] KSP converged reason: 4, iterations: 1
  [ 903] OK     f=   0.403  a=24.4 b=32.7 gap=21.6 (face=3.2mm) n=[297, 204, 347, 268, 81, 106, 54, 310, 116, 134]  tape=0.403km B=10.30T unif=0.540% hoop=131MPa
  [ 904] OK     f=   0.382  a=24.8 b=31.7 gap=21.5 (face=3.0mm) n=[292, 225, 312, 305, 106, 104, 64, 300, 105, 98]  tape=0.382km B=10.79T unif=0.828% hoop=134MPa
  [ 905] viol   f=   0.928  a=25.1 b=32.1 gap=21.5 (face=3.0mm) n=[258, 139, 346, 308, 87, 53, 68, 357, 97, 94]  tape=0.378km B=9.48T unif=0.602% hoop=129MPa
  [ 906] OK     f=   0.412  a=24.8 b=32.5 gap=21.5 (face=3.0mm) n=[295, 196, 343, 223, 144, 124, 131, 305, 126, 59]  tape=0.412km B=10.51T unif=0.589% hoop=136MPa
  [ 907] OK     f=   0.390  a=24.6 b=32.1 gap=21.5 (face=3.0mm) n=[318, 148, 317, 317, 91, 145, 88, 261, 176, 65]  tape=0.390km B=10.67T unif=0.400% hoop=120MPa
  [ 908] OK     f=   0.416  a=24.1 b=32.5 gap=21.5 (face=3.0mm) n=[274, 202, 359, 243, 72, 172, 116, 310, 74, 134]  tape=0.416km B=10.29T unif=0.408% hoop=137MPa
  [ 909] OK     f=   0.377  a=25.2 b=31.8 gap=21.5 (face=3.0mm) n=[296, 189, 319, 278, 68, 154, 65, 268, 62, 141]  tape=0.377km B=10.26T unif=0.398% hoop=130MPa
  [ 910] viol   f=  54.609  a=24.6 b=31.9 gap=21.5 (face=3.0mm) n=[271, 170, 362, 364, 76, 74, 63, 281, 132, 115]  tape=0.399km B=10.41T unif=1.521% hoop=133MPa
  [ 911] viol   f=   0.401  a=24.1 b=32.0 gap=21.5 (face=3.0mm) n=[264, 195, 283, 288, 68, 106, 112, 333, 161, 124]  tape=0.399km B=9.97T unif=0.506% hoop=133MPa
  [ 912] viol   f=  37.677  a=23.8 b=31.4 gap=21.5 (face=3.0mm) n=[267, 190, 259, 240, 97, 197, 134, 315, 73, 103]  tape=0.379km B=9.97T unif=1.432% hoop=133MPa
  [ 913] viol   f=   0.674  a=23.9 b=31.7 gap=21.5 (face=3.0mm) n=[255, 159, 323, 246, 80, 120, 106, 324, 155, 74]  tape=0.375km B=9.61T unif=0.415% hoop=125MPa
  [a=26 b=33 nt=1946] KSP converged reason: 4, iterations: 1
  [a=25 b=32 nt=1891] KSP converged reason: 4, iterations: 1
  [a=26 b=32 nt=1772] KSP converged reason: 4, iterations: 1
  [a=26 b=33 nt=1857] KSP converged reason: 4, iterations: 1
  [a=25 b=33 nt=1891] KSP converged reason: 4, iterations: 1
  [a=25 b=32 nt=1799] KSP converged reason: 4, iterations: 1
  [a=26 b=32 nt=1954] KSP converged reason: 4, iterations: 1
  [a=24 b=32 nt=2009] KSP converged reason: 4, iterations: 1
  [a=26 b=32 nt=1883] KSP converged reason: 4, iterations: 1
  [a=25 b=32 nt=1811] KSP converged reason: 4, iterations: 1
  [a=25 b=32 nt=1831] KSP converged reason: 4, iterations: 1
  [ 914] viol   f=  17.349  a=24.8 b=33.3 gap=21.7 (face=3.3mm) n=[308, 165, 290, 253, 143, 213, 95, 284, 79, 61]  tape=0.393km B=10.51T unif=1.291% hoop=134MPa
  [ 915] OK     f=   0.426  a=25.5 b=32.7 gap=21.6 (face=3.2mm) n=[309, 144, 304, 383, 50, 108, 97, 289, 106, 156]  tape=0.426km B=10.09T unif=0.194% hoop=133MPa
  [ 916] OK     f=   0.365  a=25.2 b=31.5 gap=21.6 (face=3.2mm) n=[297, 168, 303, 259, 102, 135, 61, 255, 65, 154]  tape=0.365km B=10.35T unif=0.879% hoop=132MPa
  [ 917] OK     f=   0.377  a=25.6 b=31.8 gap=21.6 (face=3.1mm) n=[303, 189, 346, 257, 54, 151, 118, 208, 69, 77]  tape=0.377km B=10.20T unif=0.616% hoop=137MPa
  [ 918] OK     f=   0.398  a=25.5 b=32.7 gap=21.5 (face=3.0mm) n=[288, 225, 346, 269, 66, 86, 90, 271, 104, 112]  tape=0.398km B=10.27T unif=0.917% hoop=143MPa
  [ 919] OK     f=   0.411  a=25.2 b=32.4 gap=21.5 (face=3.0mm) n=[288, 236, 373, 246, 91, 97, 61, 277, 72, 150]  tape=0.411km B=10.50T unif=0.757% hoop=146MPa
  [ 920] OK     f=   0.412  a=25.9 b=31.9 gap=21.5 (face=3.0mm) n=[290, 149, 350, 354, 55, 164, 71, 260, 126, 135]  tape=0.412km B=10.56T unif=0.745% hoop=137MPa
  [ 921] OK     f=   0.400  a=24.2 b=31.8 gap=21.5 (face=3.1mm) n=[314, 211, 308, 281, 111, 135, 99, 300, 57, 193]  tape=0.400km B=11.13T unif=0.510% hoop=133MPa
  [ 922] viol   f=   0.406  a=25.5 b=32.4 gap=21.5 (face=3.0mm) n=[240, 123, 304, 285, 105, 175, 116, 284, 143, 108]  tape=0.391km B=9.92T unif=0.913% hoop=130MPa
  [ 923] viol   f=   0.380  a=25.0 b=32.4 gap=21.6 (face=3.3mm) n=[321, 147, 338, 234, 95, 123, 52, 308, 87, 106]  tape=0.380km B=9.99T unif=0.544% hoop=124MPa
  [ 924] OK     f=   0.381  a=25.1 b=31.8 gap=21.6 (face=3.1mm) n=[290, 206, 337, 286, 82, 83, 90, 274, 81, 102]  tape=0.381km B=10.38T unif=0.493% hoop=138MPa
  [a=25 b=31 nt=2011] KSP converged reason: 4, iterations: 1
  [a=25 b=31 nt=1952] KSP converged reason: 4, iterations: 1
  [a=26 b=32 nt=1682] KSP converged reason: 4, iterations: 1
  [a=25 b=31 nt=1891] KSP converged reason: 4, iterations: 1
  [a=27 b=33 nt=1700] KSP converged reason: 4, iterations: 1
  [a=25 b=31 nt=1789] KSP converged reason: 4, iterations: 1
  [a=26 b=31 nt=1874] KSP converged reason: 4, iterations: 1
  [a=26 b=33 nt=1695] KSP converged reason: 4, iterations: 1
  [a=25 b=32 nt=1885] KSP converged reason: 4, iterations: 1
  [a=26 b=32 nt=1845] KSP converged reason: 4, iterations: 1
  [a=25 b=32 nt=1739] KSP converged reason: 4, iterations: 1
  [ 925] viol   f=   1.114  a=25.1 b=31.2 gap=21.8 (face=3.5mm) n=[249, 185, 295, 231, 63, 130, 96, 275, 116, 149]  tape=0.361km B=9.39T unif=0.795% hoop=128MPa
  [ 926] OK     f=   0.416  a=25.3 b=31.4 gap=21.9 (face=3.9mm) n=[304, 175, 366, 265, 131, 132, 51, 251, 117, 160]  tape=0.416km B=10.46T unif=0.594% hoop=135MPa
  [ 927] OK     f=   0.380  a=24.7 b=31.1 gap=21.8 (face=3.6mm) n=[313, 218, 336, 250, 129, 63, 81, 325, 52, 124]  tape=0.380km B=10.71T unif=0.984% hoop=133MPa
  [ 928] viol   f=   0.892  a=26.1 b=32.0 gap=21.5 (face=3.1mm) n=[291, 153, 362, 276, 59, 70, 72, 245, 51, 103]  tape=0.364km B=9.49T unif=0.416% hoop=135MPa
  [ 929] OK     f=   0.419  a=24.9 b=30.9 gap=21.7 (face=3.4mm) n=[262, 207, 380, 329, 176, 68, 54, 284, 58, 193]  tape=0.419km B=10.94T unif=0.729% hoop=146MPa
  [ 930] viol   f=  25.717  a=26.6 b=33.2 gap=21.7 (face=3.4mm) n=[323, 169, 335, 197, 52, 124, 50, 272, 128, 50]  tape=0.369km B=9.57T unif=1.353% hoop=128MPa
  [ 931] OK     f=   0.387  a=25.5 b=31.2 gap=21.6 (face=3.1mm) n=[320, 161, 346, 324, 104, 141, 64, 234, 51, 129]  tape=0.387km B=10.79T unif=0.347% hoop=132MPa
  [ 932] viol   f=   1.062  a=26.3 b=33.3 gap=21.7 (face=3.4mm) n=[302, 148, 353, 250, 59, 92, 74, 240, 61, 116]  tape=0.376km B=9.41T unif=0.718% hoop=130MPa
  [ 933] OK     f=   0.382  a=25.3 b=32.1 gap=21.7 (face=3.4mm) n=[286, 183, 293, 257, 65, 195, 113, 263, 86, 144]  tape=0.382km B=10.21T unif=0.865% hoop=130MPa
  [ 934] OK     f=   0.381  a=25.8 b=32.5 gap=21.6 (face=3.1mm) n=[296, 150, 304, 292, 75, 170, 72, 267, 107, 112]  tape=0.381km B=10.06T unif=0.352% hoop=125MPa
  [ 935] viol   f=   6.012  a=24.9 b=32.0 gap=21.5 (face=3.1mm) n=[330, 142, 330, 248, 66, 135, 65, 231, 77, 115]  tape=0.362km B=9.97T unif=1.168% hoop=122MPa
  [a=24 b=31 nt=1912] KSP converged reason: 4, iterations: 1
  [a=24 b=31 nt=1845] KSP converged reason: 4, iterations: 1
  [a=25 b=31 nt=1859] KSP converged reason: 4, iterations: 1
  [a=25 b=31 nt=2016] KSP converged reason: 4, iterations: 1
  [a=25 b=31 nt=1834] KSP converged reason: 4, iterations: 1
  [a=25 b=31 nt=1878] KSP converged reason: 4, iterations: 1
  [a=24 b=32 nt=1748] KSP converged reason: 4, iterations: 1
  [a=25 b=32 nt=1971] KSP converged reason: 4, iterations: 1
  [a=26 b=32 nt=1873] KSP converged reason: 4, iterations: 1
  [a=26 b=32 nt=1936] KSP converged reason: 4, iterations: 1
  [ 936] viol   f=   1.965  a=24.0 b=31.5 gap=21.8 (face=3.5mm) n=[240, 168, 259, 299, 72, 51, 110, 352, 102, 192]  tape=0.384km B=9.11T unif=0.746% hoop=129MPa
  [ 937] OK     f=   0.381  a=25.4 b=31.1 gap=21.7 (face=3.5mm) n=[319, 200, 348, 266, 50, 137, 56, 314, 66, 103]  tape=0.381km B=10.61T unif=0.407% hoop=134MPa
  [ 938] OK     f=   0.397  a=24.3 b=31.3 gap=22.0 (face=4.0mm) n=[329, 132, 385, 216, 112, 63, 81, 389, 50, 155]  tape=0.397km B=10.23T unif=0.434% hoop=125MPa
  [ 939] OK     f=   0.400  a=25.0 b=30.8 gap=21.8 (face=3.6mm) n=[277, 205, 327, 306, 115, 63, 70, 323, 122, 208]  tape=0.400km B=10.57T unif=0.507% hoop=134MPa
  [ 940] OK     f=   0.378  a=25.0 b=31.5 gap=21.7 (face=3.3mm) n=[311, 188, 313, 286, 136, 82, 50, 270, 127, 115]  tape=0.378km B=10.56T unif=0.447% hoop=128MPa
  [ 941] OK     f=   0.372  a=25.2 b=31.2 gap=21.9 (face=3.7mm) n=[308, 130, 326, 285, 97, 116, 53, 301, 110, 108]  tape=0.372km B=10.02T unif=0.487% hoop=119MPa
  [ 942] INFEAS f=1000.014  a=26.0 b=30.9 gap=21.6 (face=3.2mm) n=[318, 187, 336, 255, 85, 111, 51, 255, 134, 165]  no evaluation (geometry pre-check)
  [ 943] viol   f=   0.395  a=24.1 b=32.1 gap=21.5 (face=3.0mm) n=[292, 182, 304, 284, 51, 50, 91, 335, 81, 78]  tape=0.357km B=9.86T unif=0.605% hoop=127MPa
  [ 944] OK     f=   0.416  a=24.7 b=31.9 gap=21.8 (face=3.6mm) n=[345, 221, 373, 265, 150, 77, 52, 274, 75, 139]  tape=0.416km B=11.32T unif=0.615% hoop=139MPa
  [ 945] viol   f=  21.449  a=26.1 b=32.1 gap=21.6 (face=3.2mm) n=[321, 257, 321, 340, 80, 124, 82, 203, 57, 88]  tape=0.392km B=11.49T unif=1.324% hoop=154MPa
  [ 946] OK     f=   0.401  a=25.7 b=31.5 gap=21.6 (face=3.1mm) n=[292, 158, 341, 270, 113, 144, 59, 331, 79, 149]  tape=0.401km B=10.19T unif=0.262% hoop=133MPa
  [a=25 b=32 nt=2009] KSP converged reason: 4, iterations: 1
  [a=25 b=30 nt=1805] KSP converged reason: 4, iterations: 1
  [a=25 b=33 nt=1928] KSP converged reason: 4, iterations: 1
  [a=25 b=31 nt=1896] KSP converged reason: 4, iterations: 1
  [a=25 b=32 nt=1911] KSP converged reason: 4, iterations: 1
  [a=24 b=33 nt=1854] KSP converged reason: 4, iterations: 1
  [a=25 b=32 nt=1596] KSP converged reason: 4, iterations: 1
  [a=25 b=32 nt=1993] KSP converged reason: 4, iterations: 1
  [a=26 b=32 nt=1993] KSP converged reason: 4, iterations: 1
  [a=25 b=31 nt=2111] KSP converged reason: 4, iterations: 1
  [a=25 b=33 nt=1669] KSP converged reason: 4, iterations: 1
  [ 947] viol   f=   0.419  a=24.7 b=32.9 gap=21.6 (face=3.3mm) n=[301, 165, 270, 319, 77, 143, 56, 351, 150, 96]  tape=0.410km B=9.93T unif=0.687% hoop=130MPa
  [ 948] viol   f=   0.446  a=24.4 b=32.9 gap=21.6 (face=3.1mm) n=[285, 166, 291, 258, 84, 148, 118, 319, 102, 83]  tape=0.388km B=9.83T unif=0.829% hoop=127MPa
  [ 949] OK     f=   0.380  a=25.2 b=30.5 gap=21.7 (face=3.3mm) n=[326, 188, 385, 188, 82, 88, 70, 318, 82, 78]  tape=0.380km B=10.40T unif=0.430% hoop=136MPa
  [ 950] OK     f=   0.438  a=24.5 b=32.0 gap=21.6 (face=3.1mm) n=[289, 183, 326, 262, 81, 167, 54, 407, 82, 158]  tape=0.438km B=10.02T unif=0.537% hoop=140MPa
  [ 951] viol   f=  36.692  a=25.4 b=32.2 gap=22.1 (face=4.2mm) n=[316, 160, 304, 269, 72, 106, 147, 322, 132, 83]  tape=0.394km B=10.15T unif=1.426% hoop=126MPa
  [ 952] OK     f=   0.382  a=24.8 b=31.2 gap=21.6 (face=3.3mm) n=[311, 193, 291, 261, 120, 142, 95, 279, 79, 125]  tape=0.382km B=10.66T unif=0.867% hoop=134MPa
  [ 953] viol   f=   2.199  a=25.3 b=32.4 gap=21.7 (face=3.5mm) n=[247, 94, 356, 280, 51, 88, 57, 280, 51, 92]  tape=0.343km B=9.04T unif=0.555% hoop=129MPa
  [ 954] OK     f=   0.419  a=24.8 b=31.7 gap=21.6 (face=3.3mm) n=[330, 200, 374, 239, 67, 127, 83, 351, 117, 105]  tape=0.419km B=10.74T unif=0.406% hoop=134MPa
  [ 955] viol   f=   3.959  a=25.6 b=31.6 gap=21.6 (face=3.1mm) n=[348, 171, 372, 313, 85, 72, 166, 293, 108, 65]  tape=0.419km B=11.08T unif=1.133% hoop=132MPa
  [ 956] viol   f=   2.212  a=25.4 b=32.8 gap=21.6 (face=3.3mm) n=[312, 169, 320, 255, 56, 145, 56, 229, 64, 63]  tape=0.352km B=10.15T unif=1.096% hoop=132MPa
  [ 957] viol   f=  84.340  a=25.3 b=31.1 gap=21.6 (face=3.3mm) n=[294, 162, 398, 361, 91, 103, 115, 285, 179, 123]  tape=0.451km B=11.19T unif=1.648% hoop=141MPa
  [a=24 b=30 nt=2178] KSP converged reason: 4, iterations: 1
  [a=25 b=31 nt=1980] KSP converged reason: 4, iterations: 1
  [a=25 b=31 nt=1822] KSP converged reason: 4, iterations: 1
  [a=24 b=30 nt=1884] KSP converged reason: 4, iterations: 1
  [a=25 b=31 nt=1859] KSP converged reason: 4, iterations: 1
  [a=26 b=32 nt=1718] KSP converged reason: 4, iterations: 1
  [a=25 b=32 nt=1921] KSP converged reason: 4, iterations: 1
  [a=24 b=31 nt=1936] KSP converged reason: 4, iterations: 1
  [a=25 b=31 nt=1945] KSP converged reason: 4, iterations: 1
  [a=25 b=31 nt=1791] KSP converged reason: 4, iterations: 1
  [a=26 b=32 nt=1793] KSP converged reason: 4, iterations: 1
  [ 958] viol   f=  31.153  a=24.9 b=30.9 gap=21.5 (face=3.0mm) n=[328, 159, 353, 188, 108, 100, 104, 328, 76, 115]  tape=0.384km B=10.22T unif=1.392% hoop=125MPa
  [ 959] viol   f=  89.448  a=24.3 b=29.7 gap=21.7 (face=3.3mm) n=[317, 278, 377, 172, 225, 72, 64, 374, 131, 168]  tape=0.433km B=11.82T unif=1.667% hoop=144MPa
  [ 960] viol   f=  40.187  a=25.1 b=30.9 gap=21.5 (face=3.0mm) n=[349, 152, 340, 173, 91, 107, 75, 354, 92, 89]  tape=0.374km B=10.19T unif=1.446% hoop=122MPa
  [ 961] viol   f=   1.352  a=25.6 b=32.1 gap=21.9 (face=3.8mm) n=[347, 86, 370, 148, 64, 153, 57, 323, 107, 63]  tape=0.367km B=9.30T unif=0.707% hoop=109MPa
  [ 962] viol   f=  34.166  a=24.5 b=30.4 gap=21.7 (face=3.5mm) n=[334, 110, 353, 138, 75, 157, 96, 318, 205, 98]  tape=0.383km B=9.67T unif=1.410% hoop=108MPa
  [ 963] viol   f= 279.569  a=24.7 b=30.8 gap=21.7 (face=3.3mm) n=[300, 269, 321, 251, 108, 96, 54, 371, 123, 87]  tape=0.408km B=11.02T unif=2.181% hoop=150MPa
  [ 964] OK     f=   0.402  a=25.2 b=31.9 gap=21.8 (face=3.6mm) n=[334, 215, 349, 209, 77, 128, 90, 308, 68, 143]  tape=0.402km B=10.76T unif=0.773% hoop=136MPa
  [ 965] viol   f= 192.070  a=25.0 b=31.0 gap=21.7 (face=3.5mm) n=[313, 243, 307, 203, 86, 156, 77, 318, 72, 170]  tape=0.388km B=10.89T unif=1.979% hoop=137MPa
  [ 966] OK     f=   0.398  a=24.4 b=30.5 gap=21.5 (face=3.0mm) n=[336, 204, 373, 251, 146, 62, 102, 292, 50, 120]  tape=0.398km B=11.14T unif=0.936% hoop=133MPa
  [ 967] OK     f=   0.369  a=25.6 b=31.8 gap=21.7 (face=3.4mm) n=[332, 189, 324, 240, 82, 94, 71, 318, 67, 76]  tape=0.369km B=10.46T unif=0.822% hoop=134MPa
  [ 968] viol   f=   0.396  a=25.1 b=31.2 gap=21.8 (face=3.7mm) n=[331, 138, 291, 227, 73, 144, 97, 300, 127, 63]  tape=0.369km B=9.88T unif=0.868% hoop=124MPa
  [a=26 b=31 nt=1958] KSP converged reason: 4, iterations: 1
  [a=25 b=31 nt=1880] KSP converged reason: 4, iterations: 1
  [a=25 b=31 nt=1773] KSP converged reason: 4, iterations: 1
  [a=25 b=31 nt=1922] KSP converged reason: 4, iterations: 1
  [a=24 b=30 nt=1864] KSP converged reason: 4, iterations: 1
  [a=25 b=32 nt=1894] KSP converged reason: 4, iterations: 1
  [a=25 b=31 nt=1817] KSP converged reason: 4, iterations: 1
  [a=25 b=31 nt=1958] KSP converged reason: 4, iterations: 1
  [a=26 b=32 nt=1755] KSP converged reason: 4, iterations: 1
  [a=25 b=32 nt=1794] KSP converged reason: 4, iterations: 1
  [ 969] OK     f=   0.374  a=24.5 b=30.4 gap=21.6 (face=3.1mm) n=[321, 186, 333, 205, 110, 106, 81, 300, 73, 149]  tape=0.374km B=10.47T unif=0.812% hoop=127MPa
  [ 970] viol   f=   0.925  a=24.8 b=32.0 gap=21.7 (face=3.4mm) n=[341, 151, 333, 255, 89, 124, 67, 347, 59, 128]  tape=0.390km B=10.40T unif=1.052% hoop=124MPa
  [ 971] INFEAS f=1003.871  a=26.3 b=31.0 gap=21.7 (face=3.3mm) n=[318, 202, 377, 138, 54, 101, 122, 223, 91, 154]  no evaluation (geometry pre-check)
  [ 972] viol   f= 760.782  a=25.8 b=31.3 gap=21.8 (face=3.7mm) n=[406, 217, 364, 180, 105, 93, 127, 274, 68, 124]  tape=0.428km B=11.37T unif=2.950% hoop=140MPa
  [ 973] viol   f=  23.931  a=24.9 b=30.9 gap=21.8 (face=3.5mm) n=[340, 224, 303, 270, 91, 70, 121, 319, 81, 103]  tape=0.388km B=10.95T unif=1.343% hoop=136MPa
  [ 974] viol   f= 167.579  a=24.9 b=31.3 gap=21.6 (face=3.2mm) n=[355, 182, 314, 261, 60, 104, 71, 288, 50, 88]  tape=0.368km B=10.67T unif=1.914% hoop=130MPa
  [ 975] viol   f=   0.625  a=24.5 b=30.9 gap=21.6 (face=3.1mm) n=[333, 196, 293, 279, 66, 132, 77, 371, 58, 75]  tape=0.387km B=10.75T unif=1.034% hoop=141MPa
  [ 976] viol   f=   0.718  a=25.2 b=31.4 gap=22.0 (face=3.9mm) n=[336, 110, 321, 240, 79, 77, 69, 364, 108, 113]  tape=0.381km B=9.59T unif=0.769% hoop=119MPa
  [ 977] OK     f=   0.411  a=25.4 b=30.8 gap=21.8 (face=3.7mm) n=[315, 192, 361, 223, 101, 111, 115, 291, 81, 168]  tape=0.411km B=10.45T unif=0.314% hoop=133MPa
  [ 978] viol   f=  11.737  a=26.0 b=32.1 gap=21.6 (face=3.2mm) n=[331, 167, 285, 213, 90, 154, 62, 274, 90, 89]  tape=0.375km B=9.82T unif=1.238% hoop=132MPa
  [ 979] viol   f= 154.951  a=25.0 b=31.8 gap=21.6 (face=3.2mm) n=[379, 146, 312, 184, 65, 128, 64, 371, 68, 77]  tape=0.380km B=10.32T unif=1.879% hoop=126MPa
  [a=24 b=30 nt=2182] KSP converged reason: 4, iterations: 1
  [a=24 b=31 nt=1899] KSP converged reason: 4, iterations: 1
  [a=25 b=31 nt=1868] KSP converged reason: 4, iterations: 1
  [a=25 b=30 nt=1847] KSP converged reason: 4, iterations: 1
  [a=26 b=31 nt=1758] KSP converged reason: 4, iterations: 1
  [a=25 b=32 nt=1799] KSP converged reason: 4, iterations: 1
  [a=24 b=30 nt=1848] KSP converged reason: 4, iterations: 1
  [a=24 b=30 nt=1933] KSP converged reason: 4, iterations: 1
  [a=25 b=30 nt=2043] KSP converged reason: 4, iterations: 1
  [a=24 b=31 nt=2005] KSP converged reason: 4, iterations: 1
  [ 980] OK     f=   0.385  a=23.6 b=31.4 gap=21.5 (face=3.0mm) n=[324, 189, 353, 217, 102, 63, 61, 358, 55, 177]  tape=0.385km B=10.50T unif=0.632% hoop=127MPa
  [ 981] viol   f= 896.060  a=24.4 b=30.3 gap=21.6 (face=3.2mm) n=[377, 241, 312, 221, 175, 142, 105, 318, 110, 181]  tape=0.449km B=12.13T unif=3.116% hoop=144MPa
  [ 982] OK     f=   0.374  a=25.4 b=30.5 gap=21.6 (face=3.2mm) n=[306, 176, 322, 192, 84, 128, 88, 291, 149, 111]  tape=0.374km B=10.04T unif=0.764% hoop=128MPa
  [ 983] viol   f=   0.601  a=25.5 b=31.2 gap=21.6 (face=3.2mm) n=[288, 150, 331, 244, 70, 123, 60, 279, 80, 133]  tape=0.365km B=9.66T unif=0.427% hoop=129MPa
  [ 984] viol   f=   4.653  a=25.1 b=31.0 gap=22.0 (face=3.9mm) n=[326, 194, 315, 222, 66, 102, 108, 293, 98, 144]  tape=0.379km B=10.35T unif=1.146% hoop=128MPa
  [ 985] viol   f=   9.815  a=25.3 b=32.2 gap=21.5 (face=3.0mm) n=[345, 162, 271, 238, 102, 155, 61, 306, 57, 102]  tape=0.383km B=10.12T unif=1.217% hoop=134MPa
  [ 986] OK     f=   0.374  a=24.3 b=30.4 gap=21.6 (face=3.3mm) n=[296, 207, 339, 193, 119, 114, 51, 294, 102, 133]  tape=0.374km B=10.28T unif=0.646% hoop=130MPa
  [ 987] OK     f=   0.386  a=24.4 b=29.7 gap=21.6 (face=3.3mm) n=[323, 171, 361, 256, 127, 126, 69, 332, 50, 118]  tape=0.386km B=10.88T unif=0.450% hoop=129MPa
  [ 988] viol   f= 452.043  a=24.5 b=29.6 gap=22.1 (face=4.3mm) n=[366, 159, 383, 223, 174, 97, 115, 345, 53, 128]  tape=0.411km B=11.42T unif=2.503% hoop=132MPa
  [ 989] INFEAS f=1004.653  a=25.0 b=29.7 gap=21.8 (face=3.6mm) n=[344, 180, 338, 240, 157, 117, 74, 273, 53, 166]  no evaluation (geometry pre-check)
  [ 990] OK     f=   0.424  a=24.0 b=30.6 gap=21.7 (face=3.4mm) n=[304, 213, 412, 154, 131, 71, 59, 307, 81, 273]  tape=0.424km B=10.34T unif=0.643% hoop=135MPa
  [a=24 b=31 nt=1798] KSP converged reason: 4, iterations: 1
  [a=24 b=30 nt=1893] KSP converged reason: 4, iterations: 1
  [a=24 b=30 nt=1822] KSP converged reason: 4, iterations: 1
  [a=24 b=31 nt=1727] KSP converged reason: 4, iterations: 1
  [a=25 b=30 nt=1985] KSP converged reason: 4, iterations: 1
  [a=24 b=31 nt=1783] KSP converged reason: 4, iterations: 1
  [a=24 b=31 nt=1881] KSP converged reason: 4, iterations: 1
  [a=24 b=31 nt=1825] KSP converged reason: 4, iterations: 1
  [a=25 b=31 nt=1773] KSP converged reason: 4, iterations: 1
  [a=25 b=31 nt=1740] KSP converged reason: 4, iterations: 1
  [a=25 b=31 nt=1932] KSP converged reason: 4, iterations: 1
  [ 991] OK     f=   0.392  a=24.5 b=30.1 gap=21.7 (face=3.4mm) n=[318, 233, 293, 188, 136, 156, 97, 306, 111, 147]  tape=0.392km B=10.93T unif=0.920% hoop=138MPa
  [ 992] OK     f=   0.380  a=24.1 b=30.0 gap=21.7 (face=3.3mm) n=[284, 225, 358, 164, 90, 105, 78, 356, 71, 162]  tape=0.380km B=10.14T unif=0.773% hoop=133MPa
  [ 993] viol   f=   2.233  a=24.4 b=30.5 gap=21.5 (face=3.1mm) n=[221, 122, 344, 246, 98, 96, 85, 299, 84, 132]  tape=0.357km B=9.03T unif=0.790% hoop=122MPa
  [ 994] viol   f=   0.531  a=24.3 b=30.8 gap=21.5 (face=3.1mm) n=[269, 193, 329, 217, 80, 81, 104, 283, 100, 127]  tape=0.364km B=9.71T unif=0.409% hoop=128MPa
  [ 995] OK     f=   0.379  a=24.4 b=31.4 gap=21.7 (face=3.4mm) n=[349, 152, 390, 165, 70, 60, 61, 336, 71, 144]  tape=0.379km B=10.20T unif=0.603% hoop=121MPa
  [ 996] OK     f=   0.362  a=24.0 b=29.7 gap=21.6 (face=3.1mm) n=[314, 192, 344, 203, 94, 76, 86, 308, 71, 134]  tape=0.362km B=10.42T unif=0.709% hoop=126MPa
  [ 997] viol   f=   0.789  a=24.4 b=30.6 gap=21.5 (face=3.0mm) n=[268, 178, 295, 207, 78, 132, 50, 295, 145, 177]  tape=0.358km B=9.54T unif=0.319% hoop=121MPa
  [ 998] viol   f=   1.730  a=24.5 b=30.6 gap=21.6 (face=3.2mm) n=[358, 108, 354, 191, 170, 117, 57, 341, 78, 107]  tape=0.381km B=10.60T unif=1.082% hoop=137MPa
  [ 999] OK     f=   0.371  a=25.2 b=30.7 gap=21.7 (face=3.4mm) n=[326, 183, 359, 188, 74, 60, 132, 268, 106, 77]  tape=0.371km B=10.11T unif=0.711% hoop=128MPa
  [1000] OK     f=   0.352  a=24.6 b=31.0 gap=21.5 (face=3.0mm) n=[305, 199, 321, 181, 67, 132, 63, 287, 74, 111]  tape=0.352km B=10.05T unif=0.917% hoop=127MPa
  [1001] viol   f=   0.394  a=24.9 b=31.5 gap=21.6 (face=3.2mm) n=[287, 174, 302, 227, 71, 131, 100, 281, 207, 152]  tape=0.389km B=9.95T unif=0.431% hoop=127MPa
  [a=25 b=30 nt=1610] KSP converged reason: 4, iterations: 1
  [a=25 b=30 nt=1679] KSP converged reason: 4, iterations: 1
  [a=25 b=30 nt=1723] KSP converged reason: 4, iterations: 1
  [a=24 b=30 nt=1792] KSP converged reason: 4, iterations: 1
  [a=25 b=31 nt=1799] KSP converged reason: 4, iterations: 1
  [a=25 b=30 nt=1829] KSP converged reason: 4, iterations: 1
  [a=25 b=30 nt=1737] KSP converged reason: 4, iterations: 1
  [a=24 b=30 nt=1844] KSP converged reason: 4, iterations: 1
  [a=25 b=31 nt=1674] KSP converged reason: 4, iterations: 1
  [1002] OK     f=   0.375  a=24.6 b=31.0 gap=21.6 (face=3.2mm) n=[322, 141, 355, 218, 91, 131, 86, 270, 80, 105]  tape=0.375km B=10.16T unif=0.923% hoop=126MPa
  [1003] INFEAS f=1009.632  a=25.0 b=29.5 gap=21.5 (face=3.0mm) n=[349, 195, 331, 166, 152, 142, 75, 297, 172, 128]  no evaluation (geometry pre-check)
  [1004] viol   f=   4.143  a=23.7 b=29.9 gap=21.6 (face=3.2mm) n=[338, 193, 344, 112, 110, 121, 57, 317, 65, 135]  tape=0.354km B=10.59T unif=1.138% hoop=125MPa
  [1005] viol   f=   4.246  a=24.8 b=30.0 gap=21.7 (face=3.5mm) n=[337, 213, 326, 206, 85, 87, 71, 330, 90, 84]  tape=0.362km B=10.68T unif=1.139% hoop=131MPa
  [1006] viol   f=  89.313  a=24.5 b=30.3 gap=21.8 (face=3.6mm) n=[272, 141, 396, 95, 87, 67, 61, 263, 66, 162]  tape=0.347km B=8.74T unif=1.655% hoop=126MPa
  [1007] viol   f=  31.295  a=24.8 b=30.4 gap=21.6 (face=3.2mm) n=[327, 148, 389, 74, 66, 131, 52, 272, 113, 107]  tape=0.357km B=9.20T unif=1.385% hoop=114MPa
  [1008] viol   f=   1.046  a=25.0 b=30.5 gap=21.6 (face=3.1mm) n=[303, 158, 363, 157, 73, 67, 103, 308, 105, 86]  tape=0.360km B=9.41T unif=0.536% hoop=121MPa
  [1009] OK     f=   0.352  a=24.7 b=29.8 gap=21.6 (face=3.1mm) n=[298, 208, 358, 216, 50, 51, 72, 291, 83, 110]  tape=0.352km B=10.19T unif=0.810% hoop=134MPa
  [1010] OK     f=   0.371  a=24.1 b=30.0 gap=21.6 (face=3.2mm) n=[312, 184, 342, 199, 77, 143, 131, 276, 93, 87]  tape=0.371km B=10.28T unif=0.723% hoop=124MPa
  [1011] INFEAS f=1002.771  a=25.3 b=30.0 gap=21.6 (face=3.2mm) n=[318, 174, 328, 142, 101, 172, 93, 187, 152, 95]  no evaluation (geometry pre-check)
  [1012] viol   f=   0.382  a=25.2 b=31.2 gap=21.7 (face=3.4mm) n=[333, 98, 346, 213, 58, 88, 105, 311, 62, 60]  tape=0.344km B=9.86T unif=0.853% hoop=123MPa
  [a=25 b=31 nt=1808] KSP converged reason: 4, iterations: 1
  [a=25 b=30 nt=1754] KSP converged reason: 4, iterations: 1
  [a=24 b=30 nt=1665] KSP converged reason: 4, iterations: 1
  [a=24 b=30 nt=1841] KSP converged reason: 4, iterations: 1
  [a=25 b=30 nt=1789] KSP converged reason: 4, iterations: 1
  [a=25 b=30 nt=1789] KSP converged reason: 4, iterations: 1
  [a=24 b=30 nt=1756] KSP converged reason: 4, iterations: 1
  [a=24 b=30 nt=1738] KSP converged reason: 4, iterations: 1
  [a=25 b=31 nt=1833] KSP converged reason: 4, iterations: 1
  [a=25 b=31 nt=1823] KSP converged reason: 4, iterations: 1
  [1013] viol   f=   0.564  a=24.3 b=30.4 gap=21.5 (face=3.0mm) n=[305, 106, 377, 223, 57, 100, 89, 282, 75, 51]  tape=0.347km B=9.67T unif=0.980% hoop=124MPa
  [1014] viol   f=   3.426  a=24.9 b=30.5 gap=21.5 (face=3.1mm) n=[270, 180, 390, 227, 56, 78, 80, 284, 73, 116]  tape=0.375km B=9.63T unif=1.118% hoop=139MPa
  [1015] viol   f=   0.389  a=24.2 b=30.0 gap=21.5 (face=3.0mm) n=[294, 171, 341, 226, 74, 77, 106, 360, 103, 89]  tape=0.372km B=9.91T unif=0.324% hoop=125MPa
  [1016] viol   f=   0.394  a=25.0 b=30.9 gap=21.5 (face=3.0mm) n=[316, 170, 396, 201, 67, 146, 53, 245, 111, 103]  tape=0.392km B=9.97T unif=0.405% hoop=127MPa
  [1017] INFEAS f=1005.302  a=24.2 b=28.9 gap=21.8 (face=3.7mm) n=[330, 206, 380, 215, 122, 78, 110, 277, 76, 101]  no evaluation (geometry pre-check)
  [1018] OK     f=   0.370  a=25.3 b=30.5 gap=21.7 (face=3.5mm) n=[313, 161, 359, 231, 77, 121, 71, 298, 82, 76]  tape=0.370km B=10.19T unif=0.410% hoop=130MPa
  [1019] viol   f=   2.792  a=24.8 b=29.8 gap=21.6 (face=3.2mm) n=[338, 194, 367, 189, 66, 71, 58, 274, 127, 105]  tape=0.366km B=10.23T unif=1.110% hoop=123MPa
  [1020] viol   f=   0.356  a=24.2 b=29.8 gap=21.5 (face=3.0mm) n=[283, 192, 333, 204, 104, 64, 76, 295, 68, 119]  tape=0.346km B=9.93T unif=0.409% hoop=129MPa
  [1021] viol   f=   3.216  a=24.4 b=30.2 gap=21.5 (face=3.0mm) n=[285, 149, 378, 205, 77, 140, 97, 271, 70, 84]  tape=0.370km B=9.68T unif=1.115% hoop=127MPa
  [1022] OK     f=   0.373  a=24.9 b=30.5 gap=21.6 (face=3.2mm) n=[307, 196, 342, 222, 53, 128, 84, 299, 101, 101]  tape=0.373km B=10.18T unif=0.434% hoop=128MPa
  [1023] viol   f=  17.156  a=24.7 b=31.0 gap=21.7 (face=3.3mm) n=[345, 167, 342, 251, 127, 72, 73, 266, 103, 77]  tape=0.373km B=10.66T unif=1.290% hoop=125MPa
  [a=25 b=31 nt=1720] KSP converged reason: 4, iterations: 1
  [a=25 b=30 nt=1945] KSP converged reason: 4, iterations: 1
  [a=24 b=30 nt=1864] KSP converged reason: 4, iterations: 1
  [a=24 b=30 nt=1813] KSP converged reason: 4, iterations: 1
  [a=25 b=30 nt=1913] KSP converged reason: 4, iterations: 1
  [a=25 b=30 nt=1781] KSP converged reason: 4, iterations: 1
  [a=24 b=31 nt=1918] KSP converged reason: 4, iterations: 1
  [a=24 b=30 nt=1807] KSP converged reason: 4, iterations: 1
  [a=24 b=30 nt=1846] KSP converged reason: 4, iterations: 1
  [a=24 b=30 nt=1823] KSP converged reason: 4, iterations: 1
  [1024] OK     f=   0.398  a=24.6 b=30.3 gap=21.6 (face=3.2mm) n=[298, 226, 362, 244, 159, 75, 79, 296, 70, 136]  tape=0.398km B=10.91T unif=0.480% hoop=141MPa
  [1025] INFEAS f=1001.680  a=25.3 b=30.0 gap=21.5 (face=3.0mm) n=[322, 185, 359, 278, 63, 71, 127, 285, 60, 64]  no evaluation (geometry pre-check)
  [1026] viol   f=   0.394  a=24.5 b=30.1 gap=21.5 (face=3.0mm) n=[278, 185, 315, 148, 99, 189, 144, 307, 138, 110]  tape=0.379km B=9.92T unif=0.374% hoop=125MPa
  [1027] OK     f=   0.356  a=24.6 b=29.8 gap=21.5 (face=3.0mm) n=[299, 183, 349, 234, 52, 125, 71, 318, 68, 82]  tape=0.356km B=10.34T unif=0.542% hoop=133MPa
  [1028] viol   f=  78.775  a=25.0 b=30.7 gap=21.5 (face=3.0mm) n=[335, 141, 384, 131, 54, 80, 83, 325, 137, 50]  tape=0.362km B=9.44T unif=1.624% hoop=116MPa
  [1029] OK     f=   0.362  a=24.3 b=30.4 gap=21.8 (face=3.5mm) n=[324, 192, 332, 228, 83, 117, 99, 285, 66, 87]  tape=0.362km B=10.68T unif=0.580% hoop=129MPa
  [1030] OK     f=   0.373  a=24.0 b=30.3 gap=21.5 (face=3.0mm) n=[283, 200, 347, 260, 86, 102, 76, 330, 87, 93]  tape=0.373km B=10.30T unif=0.387% hoop=131MPa
  [1031] OK     f=   0.405  a=24.0 b=31.3 gap=21.5 (face=3.0mm) n=[293, 174, 330, 192, 115, 141, 133, 376, 77, 87]  tape=0.405km B=10.04T unif=0.673% hoop=132MPa
  [1032] OK     f=   0.365  a=24.3 b=29.6 gap=21.5 (face=3.0mm) n=[281, 187, 366, 218, 91, 99, 51, 333, 76, 105]  tape=0.365km B=10.09T unif=0.637% hoop=136MPa
  [1033] viol   f=  30.242  a=24.4 b=30.0 gap=21.6 (face=3.1mm) n=[299, 163, 400, 206, 62, 110, 59, 310, 121, 116]  tape=0.390km B=9.78T unif=1.386% hoop=127MPa
  [1034] OK     f=   0.370  a=24.5 b=30.1 gap=21.6 (face=3.1mm) n=[277, 232, 337, 230, 54, 68, 85, 367, 82, 91]  tape=0.370km B=10.02T unif=0.920% hoop=137MPa
  [a=24 b=30 nt=1927] KSP converged reason: 4, iterations: 1
  [a=24 b=29 nt=1779] KSP converged reason: 4, iterations: 1
  [a=24 b=30 nt=1818] KSP converged reason: 4, iterations: 1
  [a=24 b=30 nt=1773] KSP converged reason: 4, iterations: 1
  [a=25 b=30 nt=1755] KSP converged reason: 4, iterations: 1
  [a=24 b=30 nt=1929] KSP converged reason: 4, iterations: 1
  [a=25 b=31 nt=1815] KSP converged reason: 4, iterations: 1
  [a=24 b=30 nt=1836] KSP converged reason: 4, iterations: 1
  [a=25 b=30 nt=1864] KSP converged reason: 4, iterations: 1
  [1035] viol   f=   0.354  a=23.6 b=29.8 gap=21.5 (face=3.0mm) n=[283, 169, 337, 252, 50, 116, 98, 291, 67, 110]  tape=0.351km B=9.96T unif=0.382% hoop=121MPa
  [1036] OK     f=   0.361  a=24.3 b=29.9 gap=21.5 (face=3.0mm) n=[285, 184, 347, 271, 99, 118, 75, 322, 59, 58]  tape=0.361km B=10.53T unif=0.416% hoop=134MPa
  [1037] OK     f=   0.392  a=24.3 b=30.1 gap=21.6 (face=3.1mm) n=[303, 217, 355, 230, 91, 99, 75, 377, 72, 108]  tape=0.392km B=10.51T unif=0.313% hoop=135MPa
  [1038] INFEAS f=1009.286  a=24.0 b=28.6 gap=21.8 (face=3.6mm) n=[323, 256, 369, 241, 106, 59, 68, 347, 104, 97]  no evaluation (geometry pre-check)
  [1039] viol   f=  84.680  a=23.9 b=29.5 gap=21.5 (face=3.0mm) n=[255, 191, 371, 269, 89, 53, 67, 307, 67, 110]  tape=0.359km B=10.12T unif=1.649% hoop=141MPa
  [1040] viol   f=  81.469  a=24.4 b=30.4 gap=21.6 (face=3.2mm) n=[256, 267, 323, 210, 91, 122, 83, 312, 138, 127]  tape=0.383km B=10.52T unif=1.637% hoop=137MPa
  [1041] INFEAS f=1000.057  a=24.9 b=29.8 gap=21.5 (face=3.0mm) n=[298, 207, 387, 233, 54, 105, 60, 312, 85, 71]  no evaluation (geometry pre-check)
  [1042] OK     f=   0.351  a=24.6 b=30.2 gap=21.5 (face=3.1mm) n=[277, 222, 346, 240, 55, 50, 64, 332, 93, 76]  tape=0.351km B=10.20T unif=0.889% hoop=141MPa
  [1043] viol   f=   0.410  a=24.9 b=31.1 gap=21.5 (face=3.0mm) n=[282, 145, 354, 242, 109, 157, 69, 309, 59, 89]  tape=0.378km B=9.87T unif=0.575% hoop=131MPa
  [1044] viol   f=   0.373  a=24.1 b=29.7 gap=21.5 (face=3.0mm) n=[301, 182, 330, 235, 62, 116, 51, 378, 90, 91]  tape=0.372km B=9.99T unif=0.527% hoop=130MPa
  [1045] OK     f=   0.374  a=24.8 b=30.3 gap=21.5 (face=3.0mm) n=[295, 164, 324, 264, 94, 163, 100, 343, 66, 51]  tape=0.374km B=10.46T unif=0.270% hoop=134MPa
  [a=24 b=30 nt=1817] KSP converged reason: 4, iterations: 1
  [a=24 b=30 nt=1859] KSP converged reason: 4, iterations: 1
  [a=24 b=30 nt=1804] KSP converged reason: 4, iterations: 1
  [a=24 b=31 nt=1883] KSP converged reason: 4, iterations: 1
  [a=24 b=30 nt=1757] KSP converged reason: 4, iterations: 1
  [a=24 b=30 nt=1774] KSP converged reason: 4, iterations: 1
  [a=24 b=31 nt=1854] KSP converged reason: 4, iterations: 1
  [a=24 b=29 nt=1790] KSP converged reason: 4, iterations: 1
  [a=24 b=30 nt=1845] KSP converged reason: 4, iterations: 1
  [a=24 b=30 nt=1793] KSP converged reason: 4, iterations: 1
  [1046] INFEAS f=1028.987  a=25.1 b=29.2 gap=21.6 (face=3.1mm) n=[293, 172, 349, 228, 77, 126, 80, 323, 72, 66]  no evaluation (geometry pre-check)
  [1047] OK     f=   0.369  a=24.0 b=30.4 gap=21.5 (face=3.0mm) n=[289, 180, 362, 251, 115, 97, 56, 299, 89, 66]  tape=0.369km B=10.13T unif=0.858% hoop=129MPa
  [1048] OK     f=   0.378  a=23.7 b=30.5 gap=21.6 (face=3.2mm) n=[283, 203, 355, 245, 66, 80, 78, 353, 103, 117]  tape=0.378km B=10.14T unif=0.264% hoop=129MPa
  [1049] OK     f=   0.364  a=23.8 b=29.7 gap=21.5 (face=3.0mm) n=[266, 192, 330, 290, 51, 124, 124, 346, 57, 79]  tape=0.364km B=10.16T unif=0.619% hoop=130MPa
  [1050] viol   f=   0.414  a=23.8 b=30.5 gap=21.5 (face=3.0mm) n=[282, 154, 325, 244, 64, 148, 110, 266, 105, 76]  tape=0.356km B=9.83T unif=0.242% hoop=120MPa
  [1051] OK     f=   0.368  a=23.8 b=30.1 gap=21.5 (face=3.0mm) n=[276, 213, 347, 206, 83, 100, 78, 367, 60, 87]  tape=0.368km B=10.11T unif=0.373% hoop=137MPa
  [1052] viol   f=   0.420  a=24.3 b=30.4 gap=21.5 (face=3.0mm) n=[275, 197, 324, 242, 91, 72, 71, 289, 100, 96]  tape=0.351km B=9.81T unif=0.724% hoop=128MPa
  [1053] OK     f=   0.363  a=23.7 b=30.7 gap=21.5 (face=3.0mm) n=[277, 193, 304, 267, 91, 120, 134, 310, 67, 91]  tape=0.363km B=10.26T unif=0.456% hoop=125MPa
  [1054] viol   f=   0.376  a=23.8 b=30.3 gap=21.5 (face=3.0mm) n=[235, 201, 335, 266, 106, 59, 112, 332, 133, 66]  tape=0.366km B=9.93T unif=0.415% hoop=133MPa
  [1055] OK     f=   0.353  a=24.1 b=29.3 gap=21.5 (face=3.0mm) n=[304, 208, 351, 265, 67, 63, 62, 285, 90, 95]  tape=0.353km B=10.56T unif=0.692% hoop=134MPa
  [1056] viol   f=   0.359  a=24.3 b=30.1 gap=21.5 (face=3.0mm) n=[261, 194, 328, 240, 85, 158, 118, 309, 50, 50]  tape=0.355km B=9.96T unif=0.161% hoop=132MPa
  [a=24 b=30 nt=1763] KSP converged reason: 4, iterations: 1
  [a=25 b=31 nt=1898] KSP converged reason: 4, iterations: 1
  [a=24 b=29 nt=1808] KSP converged reason: 4, iterations: 1
  [a=24 b=30 nt=1821] KSP converged reason: 4, iterations: 1
  [a=24 b=30 nt=1876] KSP converged reason: 4, iterations: 1
  [a=24 b=29 nt=1847] KSP converged reason: 4, iterations: 1
  [a=24 b=30 nt=1869] KSP converged reason: 4, iterations: 1
  [a=23 b=29 nt=1810] KSP converged reason: 4, iterations: 1
  [a=24 b=30 nt=1754] KSP converged reason: 4, iterations: 1
  [a=24 b=30 nt=1730] KSP converged reason: 4, iterations: 1
  [a=24 b=30 nt=1851] KSP converged reason: 4, iterations: 1
  [1057] OK     f=   0.384  a=24.8 b=30.6 gap=21.5 (face=3.0mm) n=[287, 208, 321, 364, 117, 64, 63, 329, 77, 68]  tape=0.384km B=10.89T unif=0.229% hoop=145MPa
  [1058] OK     f=   0.368  a=23.7 b=30.3 gap=21.5 (face=3.1mm) n=[311, 219, 349, 183, 51, 116, 121, 280, 79, 112]  tape=0.368km B=10.41T unif=0.590% hoop=129MPa
  [1059] OK     f=   0.350  a=23.8 b=29.8 gap=21.5 (face=3.0mm) n=[260, 233, 348, 247, 58, 94, 89, 307, 69, 58]  tape=0.350km B=10.42T unif=0.753% hoop=141MPa
  [1060] OK     f=   0.365  a=24.0 b=30.1 gap=21.5 (face=3.0mm) n=[305, 215, 328, 311, 87, 137, 68, 273, 67, 85]  tape=0.365km B=11.17T unif=0.206% hoop=132MPa
  [1061] viol   f= 190.850  a=24.1 b=29.3 gap=21.5 (face=3.0mm) n=[303, 236, 290, 254, 72, 110, 77, 308, 123, 74]  tape=0.350km B=10.91T unif=1.976% hoop=131MPa
  [1062] viol   f=   0.354  a=24.1 b=29.2 gap=21.5 (face=3.0mm) n=[265, 194, 335, 269, 93, 67, 73, 290, 73, 149]  tape=0.354km B=9.98T unif=0.535% hoop=129MPa
  [1063] OK     f=   0.365  a=23.7 b=29.9 gap=21.5 (face=3.0mm) n=[303, 189, 338, 313, 83, 114, 100, 278, 74, 77]  tape=0.365km B=10.81T unif=0.877% hoop=126MPa
  [1064] OK     f=   0.352  a=23.4 b=29.5 gap=21.6 (face=3.2mm) n=[284, 190, 343, 275, 62, 104, 72, 310, 60, 110]  tape=0.352km B=10.48T unif=0.237% hoop=130MPa
  [1065] viol   f=   0.359  a=24.3 b=29.9 gap=21.5 (face=3.0mm) n=[262, 192, 334, 270, 68, 117, 129, 278, 54, 50]  tape=0.349km B=9.93T unif=0.422% hoop=130MPa
  [1066] OK     f=   0.347  a=23.7 b=29.6 gap=21.5 (face=3.0mm) n=[305, 166, 365, 229, 51, 52, 82, 301, 77, 102]  tape=0.347km B=10.05T unif=0.558% hoop=124MPa
  [1067] OK     f=   0.372  a=24.2 b=30.1 gap=21.5 (face=3.0mm) n=[284, 202, 357, 258, 52, 125, 105, 322, 80, 66]  tape=0.372km B=10.34T unif=0.439% hoop=135MPa
  [a=24 b=30 nt=1743] KSP converged reason: 4, iterations: 1
  [a=24 b=29 nt=1837] KSP converged reason: 4, iterations: 1
  [a=23 b=29 nt=1916] KSP converged reason: 4, iterations: 1
  [a=24 b=30 nt=1849] KSP converged reason: 4, iterations: 1
  [a=24 b=30 nt=1874] KSP converged reason: 4, iterations: 1
  [a=24 b=30 nt=1719] KSP converged reason: 4, iterations: 1
  [a=24 b=30 nt=1767] KSP converged reason: 4, iterations: 1
  [a=24 b=30 nt=1807] KSP converged reason: 4, iterations: 1
  [a=24 b=31 nt=1717] KSP converged reason: 4, iterations: 1
  [1068] viol   f=  21.571  a=22.9 b=28.9 gap=21.5 (face=3.0mm) n=[285, 232, 333, 247, 51, 85, 87, 346, 159, 91]  tape=0.365km B=10.57T unif=1.326% hoop=127MPa
  [1069] OK     f=   0.372  a=23.6 b=29.7 gap=21.5 (face=3.0mm) n=[275, 227, 345, 251, 71, 117, 115, 289, 78, 106]  tape=0.372km B=10.54T unif=0.643% hoop=133MPa
  [1070] OK     f=   0.371  a=23.6 b=29.5 gap=21.6 (face=3.2mm) n=[275, 191, 357, 216, 93, 117, 115, 313, 58, 114]  tape=0.371km B=10.17T unif=0.634% hoop=130MPa
  [1071] viol   f=  11.734  a=23.7 b=29.3 gap=21.6 (face=3.2mm) n=[293, 165, 354, 245, 58, 72, 65, 313, 161, 111]  tape=0.362km B=9.81T unif=1.238% hoop=118MPa
  [1072] INFEAS f=1000.418  a=24.1 b=29.0 gap=21.5 (face=3.0mm) n=[266, 192, 377, 250, 89, 104, 127, 297, 54, 78]  no evaluation (geometry pre-check)
  [1073] OK     f=   0.350  a=24.0 b=29.5 gap=21.5 (face=3.1mm) n=[309, 231, 366, 209, 81, 54, 58, 288, 65, 82]  tape=0.350km B=10.68T unif=0.893% hoop=135MPa
  [1074] OK     f=   0.336  a=24.1 b=29.8 gap=21.5 (face=3.0mm) n=[295, 191, 333, 250, 64, 80, 55, 341, 50, 60]  tape=0.336km B=10.21T unif=0.381% hoop=132MPa
  [1075] OK     f=   0.367  a=23.8 b=30.1 gap=21.5 (face=3.0mm) n=[293, 186, 387, 189, 57, 91, 116, 312, 61, 75]  tape=0.367km B=10.11T unif=0.744% hoop=133MPa
  [1076] viol   f=   6.375  a=23.9 b=29.8 gap=21.5 (face=3.0mm) n=[299, 187, 387, 276, 54, 82, 80, 326, 51, 65]  tape=0.365km B=10.49T unif=1.173% hoop=134MPa
  [1077] INFEAS f=1000.097  a=23.5 b=28.5 gap=21.6 (face=3.2mm) n=[256, 214, 414, 268, 53, 84, 51, 312, 50, 87]  no evaluation (geometry pre-check)
  [1078] OK     f=   0.337  a=23.5 b=30.9 gap=21.6 (face=3.1mm) n=[289, 188, 314, 250, 52, 67, 113, 294, 72, 78]  tape=0.337km B=10.10T unif=0.677% hoop=123MPa
  [a=24 b=30 nt=1803] KSP converged reason: 4, iterations: 1
  [a=24 b=30 nt=1884] KSP converged reason: 4, iterations: 1
  [a=24 b=30 nt=1754] KSP converged reason: 4, iterations: 1
  [a=24 b=31 nt=1776] KSP converged reason: 4, iterations: 1
  [a=25 b=31 nt=1841] KSP converged reason: 4, iterations: 1
  [a=24 b=31 nt=1684] KSP converged reason: 4, iterations: 1
  [a=24 b=30 nt=1725] KSP converged reason: 4, iterations: 1
  [a=24 b=31 nt=1730] KSP converged reason: 4, iterations: 1
  [a=23 b=30 nt=1782] KSP converged reason: 4, iterations: 1
  [a=24 b=30 nt=1799] KSP converged reason: 4, iterations: 1
  [a=24 b=30 nt=1790] KSP converged reason: 4, iterations: 1
  [1079] viol   f=  24.533  a=24.7 b=30.8 gap=21.5 (face=3.0mm) n=[278, 251, 339, 237, 83, 120, 133, 298, 50, 52]  tape=0.373km B=10.63T unif=1.348% hoop=141MPa
  [1080] OK     f=   0.355  a=23.5 b=30.2 gap=21.6 (face=3.1mm) n=[312, 173, 360, 215, 86, 71, 111, 293, 53, 80]  tape=0.355km B=10.25T unif=0.370% hoop=126MPa
  [1081] OK     f=   0.334  a=24.0 b=30.8 gap=21.5 (face=3.0mm) n=[319, 186, 325, 257, 85, 100, 52, 258, 50, 52]  tape=0.334km B=10.56T unif=0.755% hoop=129MPa
  [1082] OK     f=   0.377  a=23.7 b=30.1 gap=21.5 (face=3.0mm) n=[304, 229, 368, 227, 90, 98, 73, 352, 77, 66]  tape=0.377km B=10.94T unif=0.698% hoop=139MPa
  [1083] OK     f=   0.352  a=23.7 b=30.5 gap=21.5 (face=3.0mm) n=[318, 220, 328, 203, 61, 68, 72, 342, 99, 65]  tape=0.352km B=10.46T unif=0.952% hoop=127MPa
  [1084] viol   f=   0.380  a=23.8 b=30.2 gap=21.5 (face=3.0mm) n=[262, 218, 363, 228, 78, 52, 103, 337, 94, 68]  tape=0.365km B=9.91T unif=0.362% hoop=134MPa
  [1085] viol   f=   0.455  a=24.4 b=30.8 gap=21.6 (face=3.2mm) n=[282, 155, 291, 263, 59, 135, 117, 266, 102, 60]  tape=0.340km B=9.76T unif=0.785% hoop=119MPa
  [1086] viol   f=  13.607  a=24.1 b=30.5 gap=21.5 (face=3.0mm) n=[316, 135, 331, 255, 54, 111, 82, 291, 64, 86]  tape=0.343km B=10.10T unif=1.258% hoop=121MPa
  [1087] viol   f=   8.606  a=23.4 b=30.4 gap=21.5 (face=3.0mm) n=[273, 222, 314, 245, 55, 116, 78, 347, 53, 79]  tape=0.355km B=10.30T unif=1.203% hoop=136MPa
  [1088] OK     f=   0.356  a=23.9 b=30.1 gap=21.5 (face=3.1mm) n=[283, 178, 330, 224, 58, 126, 114, 336, 64, 86]  tape=0.356km B=10.05T unif=0.215% hoop=126MPa
  [1089] viol   f= 244.957  a=23.7 b=29.6 gap=21.5 (face=3.0mm) n=[319, 157, 340, 238, 76, 102, 100, 304, 72, 82]  tape=0.351km B=10.33T unif=2.106% hoop=121MPa
  [a=24 b=30 nt=1816] KSP converged reason: 4, iterations: 1
  [a=24 b=30 nt=1782] KSP converged reason: 4, iterations: 1
  [a=24 b=31 nt=1814] KSP converged reason: 4, iterations: 1
  [a=23 b=31 nt=1800] KSP converged reason: 4, iterations: 1
  [a=24 b=31 nt=1790] KSP converged reason: 4, iterations: 1
  [a=24 b=31 nt=1808] KSP converged reason: 4, iterations: 1
  [a=25 b=30 nt=1858] KSP converged reason: 4, iterations: 1
  [a=24 b=31 nt=1832] KSP converged reason: 4, iterations: 1
  [a=24 b=31 nt=1751] KSP converged reason: 4, iterations: 1
  [a=24 b=31 nt=1723] KSP converged reason: 4, iterations: 1
  [a=24 b=31 nt=1830] KSP converged reason: 4, iterations: 1
  [1090] viol   f=   5.512  a=23.8 b=30.0 gap=21.5 (face=3.0mm) n=[337, 187, 363, 238, 87, 80, 51, 312, 111, 50]  tape=0.362km B=10.60T unif=1.160% hoop=123MPa
  [1091] OK     f=   0.371  a=23.7 b=30.9 gap=21.5 (face=3.0mm) n=[331, 177, 362, 213, 76, 96, 50, 296, 156, 57]  tape=0.371km B=10.34T unif=0.604% hoop=122MPa
  [1092] OK     f=   0.365  a=24.1 b=30.7 gap=21.5 (face=3.0mm) n=[302, 198, 341, 228, 83, 93, 94, 311, 95, 63]  tape=0.365km B=10.27T unif=0.423% hoop=127MPa
  [1093] OK     f=   0.364  a=23.1 b=30.7 gap=21.5 (face=3.0mm) n=[306, 218, 357, 185, 89, 71, 116, 316, 59, 83]  tape=0.364km B=10.41T unif=0.717% hoop=127MPa
  [1094] OK     f=   0.352  a=23.7 b=29.7 gap=21.6 (face=3.1mm) n=[322, 198, 354, 242, 50, 93, 75, 303, 78, 67]  tape=0.352km B=10.83T unif=0.806% hoop=132MPa
  [1095] OK     f=   0.353  a=23.9 b=30.7 gap=21.5 (face=3.0mm) n=[334, 219, 338, 267, 69, 92, 53, 295, 56, 67]  tape=0.353km B=11.21T unif=0.878% hoop=133MPa
  [1096] OK     f=   0.368  a=24.6 b=30.1 gap=21.5 (face=3.0mm) n=[310, 213, 332, 264, 86, 108, 65, 292, 96, 92]  tape=0.368km B=10.73T unif=0.522% hoop=133MPa
  [1097] viol   f= 944.205  a=24.0 b=30.9 gap=21.5 (face=3.0mm) n=[359, 191, 326, 221, 77, 122, 63, 282, 95, 96]  tape=0.378km B=10.73T unif=3.172% hoop=126MPa
  [1098] OK     f=   0.342  a=24.0 b=30.9 gap=21.5 (face=3.0mm) n=[288, 181, 298, 268, 74, 129, 82, 303, 68, 60]  tape=0.342km B=10.34T unif=0.347% hoop=128MPa
  [1099] OK     f=   0.341  a=23.6 b=31.0 gap=21.5 (face=3.1mm) n=[303, 204, 323, 236, 50, 117, 85, 294, 61, 50]  tape=0.341km B=10.58T unif=0.775% hoop=130MPa
  [1100] OK     f=   0.360  a=23.7 b=30.9 gap=21.6 (face=3.2mm) n=[310, 167, 322, 288, 103, 105, 79, 298, 92, 66]  tape=0.360km B=10.61T unif=0.416% hoop=122MPa
  [a=23 b=30 nt=1827] KSP converged reason: 4, iterations: 1
  [a=24 b=30 nt=1665] KSP converged reason: 4, iterations: 1
  [a=24 b=31 nt=1791] KSP converged reason: 4, iterations: 1
  [a=24 b=31 nt=1794] KSP converged reason: 4, iterations: 1
  [a=24 b=30 nt=1733] KSP converged reason: 4, iterations: 1
  [a=24 b=32 nt=1899] KSP converged reason: 4, iterations: 1
  [a=24 b=31 nt=1818] KSP converged reason: 4, iterations: 1
  [a=23 b=31 nt=1832] KSP converged reason: 4, iterations: 1
  [a=24 b=31 nt=1794] KSP converged reason: 4, iterations: 1
  [a=24 b=31 nt=1839] KSP converged reason: 4, iterations: 1
  [a=23 b=31 nt=1803] KSP converged reason: 4, iterations: 1
  [1101] OK     f=   0.335  a=23.9 b=30.4 gap=21.5 (face=3.1mm) n=[304, 185, 313, 280, 92, 58, 79, 293, 57, 72]  tape=0.335km B=10.72T unif=0.440% hoop=131MPa
  [1102] viol   f=   1.158  a=24.1 b=30.3 gap=21.6 (face=3.2mm) n=[313, 197, 337, 236, 50, 79, 53, 250, 78, 72]  tape=0.334km B=10.38T unif=1.064% hoop=130MPa
  [1103] OK     f=   0.360  a=23.5 b=30.3 gap=21.5 (face=3.0mm) n=[298, 206, 345, 271, 50, 114, 51, 310, 117, 65]  tape=0.360km B=10.43T unif=0.285% hoop=125MPa
  [1104] OK     f=   0.363  a=24.4 b=30.8 gap=21.5 (face=3.0mm) n=[300, 168, 333, 234, 81, 142, 75, 296, 72, 93]  tape=0.363km B=10.02T unif=0.414% hoop=124MPa
  [1105] OK     f=   0.358  a=23.6 b=30.6 gap=21.5 (face=3.0mm) n=[307, 203, 344, 216, 83, 77, 107, 318, 86, 50]  tape=0.358km B=10.28T unif=0.536% hoop=124MPa
  [1106] OK     f=   0.383  a=23.6 b=31.5 gap=21.5 (face=3.1mm) n=[290, 209, 325, 258, 91, 127, 102, 298, 123, 76]  tape=0.383km B=10.54T unif=0.597% hoop=129MPa
  [1107] OK     f=   0.363  a=23.8 b=31.0 gap=21.8 (face=3.6mm) n=[329, 188, 306, 250, 104, 136, 63, 297, 77, 68]  tape=0.363km B=10.82T unif=0.759% hoop=130MPa
  [1108] OK     f=   0.365  a=23.1 b=30.6 gap=21.5 (face=3.0mm) n=[319, 202, 354, 211, 56, 57, 82, 333, 103, 115]  tape=0.365km B=10.32T unif=0.805% hoop=121MPa
  [1109] OK     f=   0.362  a=24.0 b=31.5 gap=21.5 (face=3.0mm) n=[307, 166, 332, 267, 50, 134, 81, 305, 74, 78]  tape=0.362km B=10.27T unif=0.379% hoop=123MPa
  [1110] OK     f=   0.362  a=24.4 b=30.6 gap=21.5 (face=3.0mm) n=[310, 192, 292, 319, 70, 118, 83, 286, 111, 58]  tape=0.362km B=10.52T unif=0.862% hoop=127MPa
  [1111] OK     f=   0.351  a=23.2 b=31.1 gap=21.6 (face=3.1mm) n=[297, 196, 310, 271, 57, 105, 84, 309, 83, 91]  tape=0.351km B=10.27T unif=0.413% hoop=120MPa
  [a=23 b=31 nt=1813] KSP converged reason: 4, iterations: 1
  [a=23 b=30 nt=1825] KSP converged reason: 4, iterations: 1
  [a=24 b=30 nt=1653] KSP converged reason: 4, iterations: 1
  [a=24 b=31 nt=1781] KSP converged reason: 4, iterations: 1
  [a=24 b=32 nt=1850] KSP converged reason: 4, iterations: 1
  [a=24 b=31 nt=1727] KSP converged reason: 4, iterations: 1
  [a=24 b=30 nt=1787] KSP converged reason: 4, iterations: 1
  [a=23 b=30 nt=1732] KSP converged reason: 4, iterations: 1
  [a=23 b=30 nt=1786] KSP converged reason: 4, iterations: 1
  [a=23 b=30 nt=1836] KSP converged reason: 4, iterations: 1
  [a=23 b=31 nt=1779] KSP converged reason: 4, iterations: 1
  [1112] OK     f=   0.346  a=24.2 b=30.7 gap=21.5 (face=3.0mm) n=[319, 180, 335, 254, 64, 77, 120, 267, 50, 61]  tape=0.346km B=10.22T unif=0.599% hoop=121MPa
  [1113] OK     f=   0.324  a=23.8 b=30.1 gap=21.5 (face=3.0mm) n=[305, 172, 326, 244, 59, 81, 61, 280, 53, 72]  tape=0.324km B=10.17T unif=0.575% hoop=124MPa
  [1114] viol   f=   6.902  a=23.2 b=30.3 gap=21.5 (face=3.0mm) n=[339, 198, 350, 257, 122, 83, 103, 250, 58, 65]  tape=0.363km B=11.39T unif=1.181% hoop=132MPa
  [1115] OK     f=   0.363  a=24.2 b=31.1 gap=21.6 (face=3.1mm) n=[308, 156, 341, 280, 112, 87, 60, 272, 103, 62]  tape=0.363km B=10.15T unif=0.366% hoop=119MPa
  [1116] OK     f=   0.359  a=23.2 b=30.7 gap=21.5 (face=3.0mm) n=[288, 219, 343, 265, 53, 68, 80, 320, 82, 95]  tape=0.359km B=10.39T unif=0.280% hoop=128MPa
  [1117] OK     f=   0.376  a=23.6 b=31.8 gap=21.5 (face=3.0mm) n=[318, 211, 342, 233, 100, 71, 69, 320, 97, 89]  tape=0.376km B=10.58T unif=0.801% hoop=126MPa
  [1118] OK     f=   0.349  a=23.7 b=30.1 gap=21.5 (face=3.0mm) n=[285, 185, 335, 279, 58, 84, 99, 327, 66, 69]  tape=0.349km B=10.43T unif=0.576% hoop=129MPa
  [1119] viol   f=   0.345  a=23.3 b=30.3 gap=21.6 (face=3.2mm) n=[285, 184, 293, 270, 76, 53, 94, 312, 102, 63]  tape=0.334km B=9.93T unif=0.468% hoop=120MPa
  [1120] viol   f=  23.708  a=23.1 b=30.5 gap=21.5 (face=3.1mm) n=[287, 214, 313, 212, 61, 130, 132, 330, 51, 56]  tape=0.351km B=10.16T unif=1.342% hoop=123MPa
  [1121] viol   f=   0.380  a=23.4 b=31.0 gap=21.6 (face=3.1mm) n=[305, 162, 320, 226, 110, 65, 95, 333, 113, 50]  tape=0.356km B=9.89T unif=0.461% hoop=118MPa
  [1122] OK     f=   0.361  a=23.5 b=30.1 gap=21.5 (face=3.0mm) n=[309, 176, 347, 249, 101, 54, 53, 343, 84, 120]  tape=0.361km B=10.34T unif=0.628% hoop=122MPa
  [a=24 b=30 nt=1663] KSP converged reason: 4, iterations: 1
  [a=23 b=30 nt=1724] KSP converged reason: 4, iterations: 1
  [a=24 b=30 nt=1743] KSP converged reason: 4, iterations: 1
  [a=23 b=31 nt=1754] KSP converged reason: 4, iterations: 1
  [a=23 b=31 nt=1650] KSP converged reason: 4, iterations: 1
  [a=24 b=30 nt=1671] KSP converged reason: 4, iterations: 1
  [a=24 b=31 nt=1760] KSP converged reason: 4, iterations: 1
  [a=24 b=30 nt=1762] KSP converged reason: 4, iterations: 1
  [a=24 b=31 nt=1619] KSP converged reason: 4, iterations: 1
  [a=23 b=30 nt=1660] KSP converged reason: 4, iterations: 1
  [a=24 b=31 nt=1710] KSP converged reason: 4, iterations: 1
  [1123] OK     f=   0.345  a=23.4 b=30.7 gap=21.5 (face=3.0mm) n=[312, 214, 321, 215, 62, 84, 88, 296, 89, 73]  tape=0.345km B=10.62T unif=0.833% hoop=127MPa
  [1124] OK     f=   0.318  a=23.3 b=30.5 gap=21.5 (face=3.0mm) n=[302, 201, 311, 267, 58, 59, 65, 272, 52, 63]  tape=0.318km B=10.14T unif=0.726% hoop=119MPa
  [1125] viol   f=   0.650  a=24.4 b=30.3 gap=21.5 (face=3.0mm) n=[308, 134, 349, 254, 55, 88, 67, 290, 58, 60]  tape=0.336km B=9.83T unif=1.036% hoop=122MPa
  [1126] viol   f=   8.077  a=23.6 b=30.0 gap=21.5 (face=3.0mm) n=[315, 213, 311, 219, 61, 79, 51, 281, 62, 79]  tape=0.322km B=10.45T unif=1.197% hoop=124MPa
  [1127] OK     f=   0.340  a=24.0 b=30.2 gap=21.5 (face=3.0mm) n=[305, 209, 318, 240, 83, 67, 79, 291, 90, 61]  tape=0.340km B=10.46T unif=0.644% hoop=128MPa
  [1128] OK     f=   0.332  a=23.4 b=29.6 gap=21.5 (face=3.0mm) n=[273, 182, 323, 265, 76, 60, 85, 308, 72, 80]  tape=0.332km B=10.06T unif=0.130% hoop=128MPa
  [1129] OK     f=   0.346  a=24.0 b=30.6 gap=21.5 (face=3.0mm) n=[314, 181, 309, 223, 108, 90, 90, 311, 58, 76]  tape=0.346km B=10.51T unif=0.779% hoop=128MPa
  [1130] OK     f=   0.348  a=23.8 b=30.2 gap=21.5 (face=3.0mm) n=[312, 187, 330, 231, 58, 127, 100, 286, 81, 50]  tape=0.348km B=10.31T unif=0.550% hoop=124MPa
  [1131] viol   f=   0.312  a=23.7 b=30.5 gap=21.5 (face=3.0mm) n=[301, 197, 310, 269, 62, 54, 50, 273, 52, 51]  tape=0.312km B=9.99T unif=0.649% hoop=119MPa
  [1132] OK     f=   0.319  a=23.0 b=30.1 gap=21.5 (face=3.1mm) n=[293, 208, 318, 246, 53, 52, 71, 280, 50, 89]  tape=0.319km B=10.01T unif=0.714% hoop=119MPa
  [1133] OK     f=   0.334  a=23.9 b=30.7 gap=21.5 (face=3.0mm) n=[295, 177, 295, 228, 71, 122, 85, 302, 66, 69]  tape=0.334km B=10.22T unif=0.773% hoop=128MPa
  [a=23 b=30 nt=1699] KSP converged reason: 4, iterations: 1
  [a=23 b=30 nt=1755] KSP converged reason: 4, iterations: 1
  [a=23 b=30 nt=1752] KSP converged reason: 4, iterations: 1
  [a=23 b=30 nt=1762] KSP converged reason: 4, iterations: 1
  [a=24 b=30 nt=1684] KSP converged reason: 4, iterations: 1
  [a=23 b=30 nt=1659] KSP converged reason: 4, iterations: 1
  [a=23 b=30 nt=1749] KSP converged reason: 4, iterations: 1
  [a=23 b=30 nt=1644] KSP converged reason: 4, iterations: 1
  [a=23 b=31 nt=1696] KSP converged reason: 4, iterations: 1
  [a=23 b=30 nt=1699] KSP converged reason: 4, iterations: 1
  [a=24 b=31 nt=1700] KSP converged reason: 4, iterations: 1
  [1134] OK     f=   0.314  a=23.3 b=30.4 gap=21.5 (face=3.1mm) n=[292, 184, 299, 283, 83, 51, 55, 304, 57, 51]  tape=0.314km B=10.15T unif=0.443% hoop=120MPa
  [1135] OK     f=   0.334  a=22.9 b=29.6 gap=21.5 (face=3.0mm) n=[304, 221, 326, 263, 55, 73, 103, 303, 53, 61]  tape=0.334km B=10.75T unif=0.534% hoop=123MPa
  [1136] viol   f=   0.934  a=23.4 b=30.0 gap=21.5 (face=3.0mm) n=[294, 177, 352, 238, 51, 75, 61, 283, 81, 87]  tape=0.340km B=9.89T unif=1.053% hoop=122MPa
  [1137] OK     f=   0.337  a=22.6 b=29.7 gap=21.5 (face=3.0mm) n=[293, 202, 337, 257, 53, 90, 54, 309, 51, 109]  tape=0.337km B=10.46T unif=0.281% hoop=125MPa
  [1138] viol   f=   0.835  a=23.5 b=29.9 gap=21.5 (face=3.0mm) n=[276, 169, 289, 247, 63, 83, 118, 329, 119, 59]  tape=0.345km B=9.51T unif=0.583% hoop=118MPa
  [1139] OK     f=   0.332  a=23.7 b=30.4 gap=21.5 (face=3.0mm) n=[285, 191, 321, 227, 73, 81, 63, 298, 67, 78]  tape=0.332km B=10.03T unif=0.627% hoop=128MPa
  [1140] viol   f=  64.842  a=23.3 b=30.2 gap=21.5 (face=3.0mm) n=[299, 233, 299, 262, 74, 58, 90, 278, 70, 86]  tape=0.331km B=10.71T unif=1.568% hoop=125MPa
  [1141] OK     f=   0.313  a=23.2 b=29.7 gap=21.5 (face=3.0mm) n=[307, 182, 318, 274, 51, 66, 54, 275, 52, 65]  tape=0.313km B=10.20T unif=0.479% hoop=119MPa
  [1142] OK     f=   0.336  a=23.4 b=31.1 gap=21.5 (face=3.0mm) n=[324, 219, 332, 244, 52, 53, 50, 277, 51, 94]  tape=0.336km B=10.66T unif=0.936% hoop=126MPa
  [1143] OK     f=   0.329  a=23.4 b=30.2 gap=21.5 (face=3.0mm) n=[298, 206, 310, 267, 86, 81, 71, 249, 66, 65]  tape=0.329km B=10.70T unif=0.540% hoop=130MPa
  [1144] OK     f=   0.333  a=24.2 b=31.2 gap=21.5 (face=3.1mm) n=[300, 203, 300, 267, 66, 103, 71, 277, 58, 55]  tape=0.333km B=10.46T unif=0.761% hoop=130MPa
  [a=23 b=29 nt=1737] KSP converged reason: 4, iterations: 1
  [a=23 b=30 nt=1758] KSP converged reason: 4, iterations: 1
  [a=23 b=30 nt=1694] KSP converged reason: 4, iterations: 1
  [a=24 b=31 nt=1741] KSP converged reason: 4, iterations: 1
  [a=23 b=31 nt=1713] KSP converged reason: 4, iterations: 1
  [a=23 b=30 nt=1666] KSP converged reason: 4, iterations: 1
  [a=24 b=30 nt=1674] KSP converged reason: 4, iterations: 1
  [a=23 b=30 nt=1804] KSP converged reason: 4, iterations: 1
  [a=23 b=30 nt=1688] KSP converged reason: 4, iterations: 1
  [a=23 b=29 nt=1696] KSP converged reason: 4, iterations: 1
  [a=23 b=30 nt=1672] KSP converged reason: 4, iterations: 1
  [1145] OK     f=   0.310  a=23.3 b=29.9 gap=21.5 (face=3.0mm) n=[296, 177, 294, 290, 60, 57, 61, 296, 84, 51]  tape=0.310km B=10.19T unif=0.414% hoop=119MPa
  [1146] OK     f=   0.326  a=23.2 b=30.1 gap=21.6 (face=3.3mm) n=[296, 170, 313, 245, 75, 86, 82, 301, 76, 50]  tape=0.326km B=10.12T unif=0.448% hoop=120MPa
  [1147] viol   f=   1.245  a=23.3 b=30.5 gap=21.5 (face=3.0mm) n=[306, 229, 317, 254, 61, 103, 53, 270, 106, 59]  tape=0.341km B=10.66T unif=1.067% hoop=124MPa
  [1148] OK     f=   0.328  a=23.4 b=30.6 gap=21.5 (face=3.0mm) n=[303, 198, 291, 306, 82, 56, 55, 276, 69, 77]  tape=0.328km B=10.56T unif=0.792% hoop=125MPa
  [1149] OK     f=   0.337  a=23.6 b=30.5 gap=21.6 (face=3.1mm) n=[294, 180, 302, 278, 91, 52, 55, 312, 92, 85]  tape=0.337km B=10.03T unif=0.524% hoop=120MPa
  [1150] viol   f=   7.485  a=23.1 b=29.3 gap=21.5 (face=3.0mm) n=[264, 228, 312, 277, 61, 73, 70, 283, 56, 113]  tape=0.328km B=10.42T unif=1.189% hoop=129MPa
  [1151] viol   f=   0.330  a=23.7 b=30.5 gap=21.5 (face=3.0mm) n=[300, 179, 326, 225, 51, 70, 73, 304, 58, 88]  tape=0.330km B=9.99T unif=0.715% hoop=124MPa
  [1152] OK     f=   0.325  a=22.6 b=30.0 gap=21.6 (face=3.2mm) n=[295, 170, 320, 262, 73, 69, 113, 268, 57, 61]  tape=0.325km B=10.10T unif=0.520% hoop=115MPa
  [1153] OK     f=   0.350  a=23.1 b=29.8 gap=21.5 (face=3.1mm) n=[283, 207, 303, 354, 79, 75, 51, 328, 64, 60]  tape=0.350km B=10.63T unif=0.182% hoop=133MPa
  [1154] OK     f=   0.326  a=22.9 b=29.2 gap=21.6 (face=3.2mm) n=[267, 196, 346, 297, 51, 68, 50, 291, 63, 67]  tape=0.326km B=10.10T unif=0.688% hoop=126MPa
  [1155] OK     f=   0.324  a=23.3 b=29.6 gap=21.6 (face=3.3mm) n=[306, 193, 342, 256, 70, 56, 50, 295, 52, 52]  tape=0.324km B=10.36T unif=0.537% hoop=123MPa
  [a=23 b=29 nt=1778] KSP converged reason: 4, iterations: 1
  [a=23 b=30 nt=1664] KSP converged reason: 4, iterations: 1
  [a=24 b=30 nt=1704] KSP converged reason: 4, iterations: 1
  [a=23 b=29 nt=1715] KSP converged reason: 4, iterations: 1
  [a=23 b=30 nt=1725] KSP converged reason: 4, iterations: 1
  [a=23 b=30 nt=1648] KSP converged reason: 4, iterations: 1
  [a=23 b=29 nt=1691] KSP converged reason: 4, iterations: 1
  [a=23 b=30 nt=1709] KSP converged reason: 4, iterations: 1
  [a=23 b=29 nt=1692] KSP converged reason: 4, iterations: 1
  [a=24 b=30 nt=1672] KSP converged reason: 4, iterations: 1
  [a=23 b=30 nt=1732] KSP converged reason: 4, iterations: 1
  [1156] OK     f=   0.327  a=23.7 b=30.0 gap=21.6 (face=3.3mm) n=[293, 174, 321, 292, 60, 83, 65, 306, 59, 51]  tape=0.327km B=10.20T unif=0.197% hoop=122MPa
  [1157] viol   f=  32.898  a=22.7 b=30.1 gap=21.6 (face=3.3mm) n=[276, 200, 295, 250, 89, 57, 50, 268, 85, 78]  tape=0.313km B=10.15T unif=1.404% hoop=123MPa
  [1158] viol   f=   0.587  a=22.9 b=29.4 gap=21.7 (face=3.4mm) n=[280, 195, 315, 294, 81, 85, 65, 283, 56, 61]  tape=0.323km B=10.48T unif=1.036% hoop=124MPa
  [1159] viol   f=   6.981  a=23.4 b=29.4 gap=21.6 (face=3.1mm) n=[324, 186, 357, 257, 94, 54, 62, 315, 56, 73]  tape=0.346km B=10.84T unif=1.182% hoop=128MPa
  [1160] viol   f=  14.746  a=23.1 b=29.6 gap=21.6 (face=3.2mm) n=[323, 160, 287, 296, 68, 86, 61, 258, 67, 58]  tape=0.319km B=10.31T unif=1.269% hoop=115MPa
  [1161] viol   f=   0.385  a=23.4 b=29.9 gap=21.5 (face=3.0mm) n=[259, 213, 323, 226, 55, 73, 76, 307, 126, 67]  tape=0.336km B=9.84T unif=0.470% hoop=128MPa
  [1162] OK     f=   0.316  a=23.1 b=29.4 gap=21.6 (face=3.1mm) n=[296, 197, 315, 283, 56, 93, 55, 296, 50, 50]  tape=0.316km B=10.45T unif=0.371% hoop=122MPa
  [1163] OK     f=   0.322  a=23.1 b=29.9 gap=21.6 (face=3.2mm) n=[310, 188, 316, 278, 60, 72, 68, 309, 57, 51]  tape=0.322km B=10.46T unif=0.469% hoop=120MPa
  [1164] OK     f=   0.323  a=23.6 b=30.3 gap=21.6 (face=3.2mm) n=[295, 178, 303, 282, 50, 88, 89, 248, 57, 82]  tape=0.323km B=10.26T unif=0.748% hoop=123MPa
  [1165] OK     f=   0.326  a=23.4 b=29.4 gap=21.8 (face=3.5mm) n=[302, 171, 333, 284, 55, 69, 78, 277, 73, 50]  tape=0.326km B=10.25T unif=0.724% hoop=119MPa
  [1166] OK     f=   0.333  a=22.9 b=29.8 gap=21.6 (face=3.3mm) n=[303, 162, 327, 255, 75, 81, 103, 305, 61, 60]  tape=0.333km B=10.45T unif=0.483% hoop=122MPa
  [a=23 b=29 nt=1780] KSP converged reason: 4, iterations: 1
  [a=23 b=29 nt=1823] KSP converged reason: 4, iterations: 1
  [a=23 b=30 nt=1726] KSP converged reason: 4, iterations: 1
  [a=24 b=30 nt=1588] KSP converged reason: 4, iterations: 1
  [a=23 b=30 nt=1738] KSP converged reason: 4, iterations: 1
  [a=24 b=29 nt=1705] KSP converged reason: 4, iterations: 1
  [a=24 b=30 nt=1628] KSP converged reason: 4, iterations: 1
  [a=23 b=30 nt=1723] KSP converged reason: 4, iterations: 1
  [a=24 b=30 nt=1725] KSP converged reason: 4, iterations: 1
  [a=23 b=29 nt=1631] KSP converged reason: 4, iterations: 1
  [a=23 b=30 nt=1793] KSP converged reason: 4, iterations: 1
  [1167] OK     f=   0.325  a=23.0 b=29.6 gap=21.6 (face=3.2mm) n=[286, 183, 309, 302, 77, 70, 58, 300, 68, 85]  tape=0.325km B=10.44T unif=0.217% hoop=122MPa
  [1168] viol   f=   0.374  a=23.9 b=29.7 gap=21.5 (face=3.1mm) n=[307, 170, 323, 244, 61, 55, 60, 247, 70, 51]  tape=0.310km B=9.82T unif=0.671% hoop=117MPa
  [1169] OK     f=   0.344  a=23.0 b=29.3 gap=21.6 (face=3.2mm) n=[293, 206, 343, 287, 51, 115, 81, 273, 66, 65]  tape=0.344km B=10.85T unif=0.600% hoop=131MPa
  [1170] OK     f=   0.317  a=23.6 b=29.4 gap=21.5 (face=3.1mm) n=[284, 213, 300, 277, 50, 55, 63, 299, 97, 67]  tape=0.317km B=10.34T unif=0.893% hoop=125MPa
  [1171] OK     f=   0.345  a=23.1 b=29.1 gap=21.6 (face=3.1mm) n=[273, 226, 330, 300, 87, 102, 53, 296, 57, 99]  tape=0.345km B=10.96T unif=0.661% hoop=133MPa
  [1172] OK     f=   0.333  a=22.9 b=29.7 gap=21.5 (face=3.0mm) n=[304, 184, 331, 281, 72, 108, 60, 266, 58, 62]  tape=0.333km B=10.61T unif=0.366% hoop=123MPa
  [1173] OK     f=   0.324  a=23.6 b=30.1 gap=21.5 (face=3.0mm) n=[311, 178, 341, 203, 68, 70, 64, 273, 60, 60]  tape=0.324km B=10.02T unif=0.696% hoop=122MPa
  [1174] viol   f=  40.173  a=22.9 b=30.0 gap=21.6 (face=3.2mm) n=[307, 197, 318, 271, 52, 56, 71, 322, 53, 76]  tape=0.326km B=10.46T unif=1.446% hoop=121MPa
  [1175] OK     f=   0.336  a=23.8 b=29.5 gap=21.5 (face=3.1mm) n=[313, 198, 343, 257, 80, 69, 60, 291, 55, 59]  tape=0.336km B=10.79T unif=0.544% hoop=133MPa
  [1176] viol   f=   0.346  a=23.4 b=29.1 gap=21.6 (face=3.3mm) n=[299, 165, 318, 265, 64, 51, 52, 299, 52, 66]  tape=0.306km B=9.86T unif=0.890% hoop=115MPa
  [1177] OK     f=   0.344  a=23.0 b=29.6 gap=21.5 (face=3.1mm) n=[293, 193, 331, 301, 71, 129, 79, 273, 73, 50]  tape=0.344km B=10.79T unif=0.462% hoop=126MPa
  [a=23 b=29 nt=1757] KSP converged reason: 4, iterations: 1
  [a=24 b=30 nt=1713] KSP converged reason: 4, iterations: 1
  [a=24 b=30 nt=1624] KSP converged reason: 4, iterations: 1
  [a=24 b=30 nt=1775] KSP converged reason: 4, iterations: 1
  [a=24 b=30 nt=1676] KSP converged reason: 4, iterations: 1
  [a=24 b=30 nt=1716] KSP converged reason: 4, iterations: 1
  [a=24 b=30 nt=1622] KSP converged reason: 4, iterations: 1
  [a=24 b=30 nt=1695] KSP converged reason: 4, iterations: 1
  [a=23 b=29 nt=1758] KSP converged reason: 4, iterations: 1
  [a=23 b=30 nt=1693] KSP converged reason: 4, iterations: 1
  [a=23 b=30 nt=1710] KSP converged reason: 4, iterations: 1
  [1178] viol   f=   0.326  a=23.8 b=29.6 gap=21.5 (face=3.0mm) n=[297, 162, 331, 241, 51, 57, 94, 264, 57, 70]  tape=0.319km B=9.94T unif=0.592% hoop=121MPa
  [1179] viol   f= 230.768  a=24.0 b=29.8 gap=21.5 (face=3.0mm) n=[281, 226, 306, 249, 79, 51, 53, 279, 89, 63]  tape=0.322km B=10.39T unif=2.073% hoop=131MPa
  [1180] OK     f=   0.330  a=23.7 b=29.6 gap=21.5 (face=3.0mm) n=[307, 180, 323, 253, 79, 106, 69, 285, 50, 61]  tape=0.330km B=10.65T unif=0.435% hoop=129MPa
  [1181] OK     f=   0.338  a=23.4 b=29.3 gap=21.5 (face=3.0mm) n=[280, 213, 335, 252, 82, 82, 52, 315, 83, 63]  tape=0.338km B=10.51T unif=0.702% hoop=134MPa
  [1182] OK     f=   0.345  a=23.6 b=29.6 gap=21.5 (face=3.0mm) n=[283, 198, 330, 242, 70, 100, 56, 307, 109, 80]  tape=0.345km B=10.10T unif=0.268% hoop=125MPa
  [1183] OK     f=   0.323  a=23.6 b=29.5 gap=21.5 (face=3.0mm) n=[300, 167, 303, 287, 75, 64, 63, 286, 84, 87]  tape=0.323km B=10.27T unif=0.838% hoop=118MPa
  [1184] OK     f=   0.325  a=23.8 b=30.2 gap=21.5 (face=3.0mm) n=[293, 191, 308, 277, 56, 66, 68, 288, 93, 55]  tape=0.325km B=10.04T unif=0.513% hoop=119MPa
  [1185] OK     f=   0.316  a=23.7 b=30.4 gap=21.5 (face=3.0mm) n=[306, 186, 320, 225, 80, 57, 56, 292, 50, 50]  tape=0.316km B=10.10T unif=0.840% hoop=125MPa
  [1186] OK     f=   0.338  a=23.3 b=29.1 gap=21.5 (face=3.0mm) n=[306, 201, 334, 249, 101, 51, 62, 281, 97, 76]  tape=0.338km B=10.69T unif=0.972% hoop=127MPa
  [1187] OK     f=   0.318  a=23.0 b=29.6 gap=21.6 (face=3.1mm) n=[289, 207, 313, 278, 71, 73, 50, 300, 50, 62]  tape=0.318km B=10.41T unif=0.497% hoop=125MPa
  [1188] viol   f=   0.363  a=23.3 b=29.6 gap=21.5 (face=3.0mm) n=[281, 188, 305, 252, 50, 84, 87, 290, 111, 62]  tape=0.325km B=9.86T unif=0.306% hoop=118MPa
  [a=24 b=29 nt=1739] KSP converged reason: 4, iterations: 1
  [a=25 b=30 nt=1681] KSP converged reason: 4, iterations: 1
  [a=23 b=30 nt=1683] KSP converged reason: 4, iterations: 1
  [a=23 b=30 nt=1711] KSP converged reason: 4, iterations: 1
  [a=23 b=30 nt=1659] KSP converged reason: 4, iterations: 1
  [a=24 b=30 nt=1670] KSP converged reason: 4, iterations: 1
  [a=23 b=30 nt=1627] KSP converged reason: 4, iterations: 1
  [a=24 b=30 nt=1645] KSP converged reason: 4, iterations: 1
  [a=23 b=30 nt=1690] KSP converged reason: 4, iterations: 1
  [a=23 b=30 nt=1685] KSP converged reason: 4, iterations: 1
  [a=23 b=30 nt=1631] KSP converged reason: 4, iterations: 1
  [1189] viol   f=  22.286  a=24.0 b=30.3 gap=21.5 (face=3.0mm) n=[297, 216, 312, 250, 78, 58, 67, 256, 78, 58]  tape=0.326km B=10.55T unif=1.331% hoop=132MPa
  [1190] OK     f=   0.316  a=23.2 b=29.8 gap=21.5 (face=3.0mm) n=[283, 188, 298, 273, 85, 51, 67, 297, 70, 71]  tape=0.316km B=10.25T unif=0.335% hoop=124MPa
  [1191] viol   f=   3.204  a=24.6 b=30.1 gap=21.5 (face=3.0mm) n=[322, 181, 324, 262, 78, 70, 66, 261, 50, 67]  tape=0.331km B=10.64T unif=1.120% hoop=131MPa
  [1192] OK     f=   0.331  a=23.4 b=29.8 gap=21.5 (face=3.0mm) n=[308, 208, 325, 208, 61, 74, 57, 302, 78, 90]  tape=0.331km B=10.38T unif=0.978% hoop=125MPa
  [1193] OK     f=   0.316  a=23.0 b=29.9 gap=21.5 (face=3.0mm) n=[286, 198, 295, 242, 69, 69, 67, 309, 63, 61]  tape=0.316km B=10.14T unif=0.727% hoop=124MPa
  [1194] OK     f=   0.332  a=23.5 b=29.3 gap=21.5 (face=3.0mm) n=[290, 200, 330, 287, 57, 97, 54, 295, 76, 53]  tape=0.332km B=10.53T unif=0.208% hoop=129MPa
  [1195] viol   f=   0.337  a=23.3 b=29.6 gap=21.5 (face=3.0mm) n=[303, 170, 348, 212, 71, 62, 59, 272, 73, 57]  tape=0.323km B=9.92T unif=0.484% hoop=122MPa
  [1196] viol   f=   0.390  a=23.6 b=29.7 gap=21.6 (face=3.1mm) n=[282, 170, 300, 269, 53, 57, 69, 313, 66, 66]  tape=0.314km B=9.81T unif=0.343% hoop=121MPa
  [1197] OK     f=   0.323  a=23.3 b=30.1 gap=21.5 (face=3.0mm) n=[310, 200, 308, 233, 75, 83, 50, 291, 90, 50]  tape=0.323km B=10.48T unif=0.834% hoop=124MPa
  [1198] OK     f=   0.315  a=23.0 b=29.7 gap=21.6 (face=3.1mm) n=[302, 179, 295, 291, 72, 62, 51, 279, 78, 76]  tape=0.315km B=10.31T unif=0.688% hoop=117MPa
  [1199] viol   f=  36.956  a=23.4 b=29.6 gap=21.5 (face=3.0mm) n=[294, 221, 292, 211, 64, 53, 59, 298, 50, 89]  tape=0.306km B=10.20T unif=1.428% hoop=124MPa
  [a=23 b=29 nt=1661] KSP converged reason: 4, iterations: 1
  [a=23 b=29 nt=1756] KSP converged reason: 4, iterations: 1
  [a=23 b=30 nt=1836] KSP converged reason: 4, iterations: 1
  [a=23 b=29 nt=1724] KSP converged reason: 4, iterations: 1
  [a=23 b=30 nt=1743] KSP converged reason: 4, iterations: 1
  [a=23 b=30 nt=1744] KSP converged reason: 4, iterations: 1
  [a=23 b=30 nt=1702] KSP converged reason: 4, iterations: 1
  [a=23 b=30 nt=1633] KSP converged reason: 4, iterations: 1
  [a=23 b=29 nt=1594] KSP converged reason: 4, iterations: 1
  [a=23 b=30 nt=1727] KSP converged reason: 4, iterations: 1
  [a=23 b=30 nt=1701] KSP converged reason: 4, iterations: 1
  [1200] OK     f=   0.330  a=23.4 b=29.4 gap=21.5 (face=3.0mm) n=[304, 200, 317, 323, 57, 93, 60, 281, 51, 70]  tape=0.330km B=10.82T unif=0.883% hoop=126MPa
  [1201] OK     f=   0.344  a=22.6 b=29.7 gap=21.5 (face=3.0mm) n=[308, 204, 299, 282, 96, 101, 73, 313, 65, 95]  tape=0.344km B=10.73T unif=0.910% hoop=119MPa
  [1202] OK     f=   0.334  a=22.7 b=30.4 gap=21.6 (face=3.2mm) n=[312, 175, 304, 248, 130, 69, 55, 297, 99, 54]  tape=0.334km B=10.20T unif=0.894% hoop=114MPa
  [1203] viol   f=   0.331  a=23.3 b=29.4 gap=21.5 (face=3.0mm) n=[279, 169, 320, 242, 77, 68, 74, 283, 72, 77]  tape=0.321km B=9.93T unif=0.270% hoop=122MPa
  [1204] viol   f=   1.545  a=22.9 b=29.5 gap=21.6 (face=3.2mm) n=[266, 206, 299, 276, 78, 78, 63, 304, 86, 68]  tape=0.323km B=10.33T unif=1.078% hoop=126MPa
  [1205] OK     f=   0.330  a=23.3 b=29.9 gap=21.5 (face=3.0mm) n=[289, 204, 311, 283, 93, 93, 52, 302, 53, 64]  tape=0.330km B=10.86T unif=0.899% hoop=134MPa
  [1206] OK     f=   0.323  a=23.0 b=29.8 gap=21.5 (face=3.1mm) n=[274, 196, 322, 287, 87, 56, 59, 309, 61, 51]  tape=0.323km B=10.29T unif=0.229% hoop=127MPa
  [1207] OK     f=   0.311  a=22.9 b=29.9 gap=21.6 (face=3.1mm) n=[302, 179, 312, 268, 62, 69, 71, 263, 54, 53]  tape=0.311km B=10.17T unif=0.443% hoop=117MPa
  [1208] OK     f=   0.300  a=23.4 b=29.4 gap=21.5 (face=3.1mm) n=[293, 161, 304, 255, 86, 51, 50, 283, 61, 50]  tape=0.300km B=10.06T unif=0.613% hoop=121MPa
  [1209] viol   f=   0.330  a=23.5 b=30.2 gap=21.6 (face=3.2mm) n=[303, 164, 303, 275, 81, 86, 55, 294, 108, 58]  tape=0.329km B=9.98T unif=0.615% hoop=112MPa
  [1210] OK     f=   0.314  a=22.6 b=29.5 gap=21.5 (face=3.0mm) n=[290, 199, 290, 279, 70, 94, 94, 270, 53, 62]  tape=0.314km B=10.62T unif=0.476% hoop=121MPa
  [a=23 b=30 nt=1594] KSP converged reason: 4, iterations: 1
  [a=23 b=29 nt=1643] KSP converged reason: 4, iterations: 1
  [a=23 b=30 nt=1567] KSP converged reason: 4, iterations: 1
  [a=24 b=29 nt=1579] KSP converged reason: 4, iterations: 1
  [a=23 b=30 nt=1689] KSP converged reason: 4, iterations: 1
  [a=23 b=29 nt=1616] KSP converged reason: 4, iterations: 1
  [a=23 b=30 nt=1652] KSP converged reason: 4, iterations: 1
  [a=23 b=29 nt=1702] KSP converged reason: 4, iterations: 1
  [a=23 b=30 nt=1666] KSP converged reason: 4, iterations: 1
  [a=23 b=30 nt=1561] KSP converged reason: 4, iterations: 1
  [a=23 b=30 nt=1719] KSP converged reason: 4, iterations: 1
  [1211] viol   f=   0.311  a=22.9 b=29.2 gap=21.6 (face=3.2mm) n=[285, 156, 282, 292, 52, 79, 51, 268, 81, 70]  tape=0.298km B=9.92T unif=0.354% hoop=113MPa
  [1212] OK     f=   0.321  a=23.0 b=30.0 gap=21.6 (face=3.2mm) n=[271, 171, 302, 268, 104, 62, 90, 291, 58, 72]  tape=0.321km B=10.17T unif=0.458% hoop=123MPa
  [1213] viol   f=   0.369  a=23.7 b=29.5 gap=21.5 (face=3.0mm) n=[287, 186, 302, 244, 64, 74, 52, 269, 51, 50]  tape=0.300km B=9.81T unif=0.502% hoop=123MPa
  [1214] viol   f=  24.504  a=23.1 b=29.9 gap=21.5 (face=3.0mm) n=[306, 151, 341, 253, 66, 50, 58, 264, 55, 50]  tape=0.313km B=9.87T unif=1.348% hoop=115MPa
  [1215] OK     f=   0.310  a=23.1 b=29.5 gap=21.5 (face=3.0mm) n=[299, 177, 315, 271, 77, 67, 50, 284, 53, 50]  tape=0.310km B=10.21T unif=0.384% hoop=119MPa
  [1216] viol   f=   0.598  a=23.0 b=29.8 gap=21.5 (face=3.0mm) n=[274, 179, 322, 234, 50, 73, 52, 247, 58, 78]  tape=0.306km B=9.62T unif=0.353% hoop=120MPa
  [1217] OK     f=   0.318  a=23.4 b=29.7 gap=21.6 (face=3.2mm) n=[304, 171, 320, 263, 73, 50, 72, 271, 63, 65]  tape=0.318km B=10.13T unif=0.549% hoop=119MPa
  [1218] OK     f=   0.315  a=22.6 b=28.9 gap=21.6 (face=3.2mm) n=[295, 188, 309, 262, 107, 62, 57, 289, 64, 69]  tape=0.315km B=10.50T unif=0.659% hoop=121MPa
  [1219] viol   f=   0.603  a=22.8 b=30.2 gap=21.5 (face=3.0mm) n=[280, 161, 297, 268, 50, 59, 53, 267, 73, 53]  tape=0.296km B=9.61T unif=0.507% hoop=112MPa
  [1220] OK     f=   0.320  a=23.4 b=29.8 gap=21.5 (face=3.0mm) n=[301, 167, 314, 258, 96, 60, 52, 269, 54, 95]  tape=0.320km B=10.24T unif=0.876% hoop=121MPa
  [1221] OK     f=   0.323  a=23.0 b=29.9 gap=21.6 (face=3.1mm) n=[299, 165, 307, 293, 88, 50, 68, 296, 68, 85]  tape=0.323km B=10.15T unif=0.474% hoop=113MPa
  [a=23 b=29 nt=1638] KSP converged reason: 4, iterations: 1
  [a=23 b=29 nt=1713] KSP converged reason: 4, iterations: 1
  [a=23 b=29 nt=1624] KSP converged reason: 4, iterations: 1
  [a=23 b=29 nt=1723] KSP converged reason: 4, iterations: 1
  [a=23 b=29 nt=1636] KSP converged reason: 4, iterations: 1
  [a=23 b=30 nt=1662] KSP converged reason: 4, iterations: 1
  [a=23 b=29 nt=1700] KSP converged reason: 4, iterations: 1
  [a=23 b=29 nt=1633] KSP converged reason: 4, iterations: 1
  [a=23 b=29 nt=1676] KSP converged reason: 4, iterations: 1
  [a=23 b=29 nt=1623] KSP converged reason: 4, iterations: 1
  [a=24 b=29 nt=1671] KSP converged reason: 4, iterations: 1
  [1222] OK     f=   0.307  a=23.2 b=29.3 gap=21.5 (face=3.0mm) n=[290, 187, 300, 247, 74, 50, 81, 275, 75, 57]  tape=0.307km B=10.24T unif=0.507% hoop=123MPa
  [1223] OK     f=   0.324  a=22.9 b=29.4 gap=21.5 (face=3.1mm) n=[277, 193, 312, 298, 77, 55, 71, 280, 61, 99]  tape=0.324km B=10.33T unif=0.177% hoop=123MPa
  [1224] OK     f=   0.316  a=23.2 b=29.7 gap=21.5 (face=3.1mm) n=[271, 158, 305, 286, 94, 87, 54, 278, 74, 55]  tape=0.316km B=10.16T unif=0.222% hoop=123MPa
  [1225] OK     f=   0.308  a=23.2 b=29.3 gap=21.6 (face=3.1mm) n=[295, 167, 301, 246, 91, 55, 60, 282, 75, 66]  tape=0.308km B=10.27T unif=0.583% hoop=121MPa
  [1226] OK     f=   0.317  a=22.6 b=29.5 gap=21.5 (face=3.0mm) n=[288, 176, 297, 282, 86, 64, 89, 293, 72, 66]  tape=0.317km B=10.45T unif=0.284% hoop=120MPa
  [1227] viol   f=   0.364  a=22.9 b=29.0 gap=21.5 (face=3.0mm) n=[281, 173, 308, 269, 65, 56, 50, 292, 70, 60]  tape=0.302km B=9.82T unif=0.520% hoop=115MPa
  [1228] OK     f=   0.323  a=22.9 b=29.0 gap=21.6 (face=3.1mm) n=[287, 173, 329, 277, 60, 87, 76, 286, 54, 71]  tape=0.323km B=10.17T unif=0.577% hoop=119MPa
  [1229] viol   f=   0.308  a=23.3 b=29.3 gap=21.5 (face=3.0mm) n=[283, 192, 302, 277, 62, 52, 51, 284, 71, 59]  tape=0.304km B=9.95T unif=0.326% hoop=118MPa
  [1230] OK     f=   0.317  a=23.0 b=29.4 gap=21.6 (face=3.1mm) n=[292, 182, 314, 271, 80, 81, 68, 281, 57, 50]  tape=0.317km B=10.35T unif=0.280% hoop=122MPa
  [1231] viol   f=   0.329  a=23.4 b=29.2 gap=21.5 (face=3.0mm) n=[290, 144, 308, 280, 72, 82, 50, 280, 67, 50]  tape=0.305km B=9.89T unif=0.452% hoop=115MPa
  [1232] viol   f=   0.359  a=23.7 b=29.5 gap=21.5 (face=3.0mm) n=[284, 163, 318, 255, 50, 67, 59, 300, 78, 97]  tape=0.321km B=9.86T unif=0.450% hoop=121MPa
  [a=23 b=30 nt=1640] KSP converged reason: 4, iterations: 1
  [a=23 b=29 nt=1717] KSP converged reason: 4, iterations: 1
  [a=23 b=30 nt=1635] KSP converged reason: 4, iterations: 1
  [a=23 b=30 nt=1624] KSP converged reason: 4, iterations: 1
  [a=24 b=30 nt=1627] KSP converged reason: 4, iterations: 1
  [a=23 b=29 nt=1638] KSP converged reason: 4, iterations: 1
  [a=23 b=29 nt=1642] KSP converged reason: 4, iterations: 1
  [a=23 b=30 nt=1646] KSP converged reason: 4, iterations: 1
  [a=23 b=30 nt=1649] KSP converged reason: 4, iterations: 1
  [a=23 b=29 nt=1704] KSP converged reason: 4, iterations: 1
  [a=24 b=29 nt=1716] KSP converged reason: 4, iterations: 1
  [1233] viol   f=   0.359  a=23.6 b=29.5 gap=21.5 (face=3.0mm) n=[279, 164, 287, 289, 56, 75, 58, 290, 56, 73]  tape=0.302km B=9.83T unif=0.595% hoop=116MPa
  [1234] OK     f=   0.310  a=23.0 b=29.6 gap=21.6 (face=3.2mm) n=[287, 153, 310, 269, 90, 50, 65, 291, 66, 59]  tape=0.310km B=10.18T unif=0.429% hoop=120MPa
  [1235] OK     f=   0.303  a=23.2 b=29.2 gap=21.5 (face=3.0mm) n=[288, 180, 294, 275, 52, 59, 68, 281, 61, 80]  tape=0.303km B=10.06T unif=0.435% hoop=118MPa
  [1236] OK     f=   0.319  a=23.0 b=28.9 gap=21.7 (face=3.4mm) n=[276, 185, 308, 288, 101, 56, 66, 292, 92, 53]  tape=0.319km B=10.10T unif=0.444% hoop=117MPa
  [1237] viol   f=   0.311  a=23.1 b=29.8 gap=21.5 (face=3.0mm) n=[298, 157, 314, 247, 73, 55, 68, 302, 56, 65]  tape=0.311km B=9.99T unif=0.553% hoop=117MPa
  [1238] OK     f=   0.306  a=23.2 b=29.8 gap=21.5 (face=3.0mm) n=[290, 178, 281, 252, 94, 51, 78, 275, 52, 73]  tape=0.306km B=10.25T unif=0.666% hoop=125MPa
  [1239] OK     f=   0.310  a=23.2 b=29.4 gap=21.5 (face=3.1mm) n=[296, 176, 307, 252, 69, 79, 65, 280, 64, 54]  tape=0.310km B=10.11T unif=0.464% hoop=119MPa
  [1240] viol   f=   0.435  a=23.2 b=29.9 gap=21.5 (face=3.0mm) n=[275, 183, 282, 283, 57, 70, 61, 288, 97, 50]  tape=0.307km B=9.75T unif=0.295% hoop=117MPa
  [1241] viol   f= 118.970  a=23.5 b=29.6 gap=21.5 (face=3.0mm) n=[307, 164, 287, 233, 130, 65, 85, 258, 60, 60]  tape=0.318km B=10.28T unif=1.770% hoop=125MPa
  [1242] OK     f=   0.325  a=23.1 b=29.5 gap=21.5 (face=3.0mm) n=[307, 181, 326, 244, 80, 65, 55, 304, 81, 61]  tape=0.325km B=10.47T unif=0.694% hoop=123MPa
  [1243] viol   f=   0.409  a=23.5 b=29.1 gap=21.6 (face=3.3mm) n=[299, 163, 288, 263, 78, 61, 92, 274, 94, 104]  tape=0.323km B=9.79T unif=0.793% hoop=111MPa
  [a=24 b=30 nt=1623] KSP converged reason: 4, iterations: 1
  [a=24 b=29 nt=1704] KSP converged reason: 4, iterations: 1
  [a=23 b=30 nt=1571] KSP converged reason: 4, iterations: 1
  [a=23 b=30 nt=1662] KSP converged reason: 4, iterations: 1
  [a=23 b=30 nt=1643] KSP converged reason: 4, iterations: 1
  [a=24 b=30 nt=1569] KSP converged reason: 4, iterations: 1
  [a=24 b=30 nt=1661] KSP converged reason: 4, iterations: 1
  [a=23 b=29 nt=1666] KSP converged reason: 4, iterations: 1
  [a=23 b=29 nt=1627] KSP converged reason: 4, iterations: 1
  [a=23 b=30 nt=1656] KSP converged reason: 4, iterations: 1
  [a=23 b=30 nt=1665] KSP converged reason: 4, iterations: 1
  [1244] viol   f=   0.405  a=23.0 b=29.6 gap=21.5 (face=3.1mm) n=[278, 170, 255, 290, 99, 67, 54, 276, 56, 98]  tape=0.308km B=9.78T unif=0.450% hoop=116MPa
  [1245] viol   f=   0.313  a=23.5 b=29.7 gap=21.5 (face=3.0mm) n=[301, 178, 323, 239, 55, 52, 87, 281, 50, 57]  tape=0.313km B=9.99T unif=0.684% hoop=120MPa
  [1246] OK     f=   0.317  a=23.6 b=29.3 gap=21.5 (face=3.0mm) n=[295, 173, 289, 300, 79, 50, 78, 291, 50, 99]  tape=0.317km B=10.27T unif=0.679% hoop=121MPa
  [1247] viol   f=   0.605  a=23.8 b=30.1 gap=21.5 (face=3.0mm) n=[289, 156, 289, 276, 61, 66, 51, 265, 50, 66]  tape=0.297km B=9.61T unif=0.816% hoop=112MPa
  [1248] viol   f= 105.324  a=23.3 b=29.5 gap=21.5 (face=3.0mm) n=[299, 141, 286, 259, 50, 51, 82, 274, 50, 79]  tape=0.297km B=9.84T unif=1.724% hoop=118MPa
  [1249] viol   f=  37.377  a=23.1 b=29.8 gap=21.5 (face=3.1mm) n=[305, 157, 303, 273, 109, 57, 59, 253, 76, 70]  tape=0.316km B=10.17T unif=1.430% hoop=114MPa
  [1250] viol   f=   0.830  a=23.9 b=30.1 gap=21.5 (face=3.0mm) n=[297, 155, 305, 253, 81, 58, 68, 262, 51, 131]  tape=0.322km B=9.88T unif=1.049% hoop=117MPa
  [1251] OK     f=   0.309  a=23.5 b=29.2 gap=21.5 (face=3.0mm) n=[285, 193, 293, 276, 52, 50, 77, 276, 97, 67]  tape=0.309km B=10.12T unif=0.288% hoop=121MPa
  [1252] OK     f=   0.305  a=23.2 b=29.3 gap=21.6 (face=3.1mm) n=[289, 188, 300, 252, 75, 56, 71, 278, 55, 63]  tape=0.305km B=10.22T unif=0.485% hoop=123MPa
  [1253] viol   f=   0.314  a=23.0 b=29.8 gap=21.5 (face=3.1mm) n=[280, 176, 293, 260, 81, 50, 67, 295, 90, 64]  tape=0.311km B=9.96T unif=0.472% hoop=118MPa
  [1254] viol   f=   0.659  a=23.2 b=29.6 gap=21.5 (face=3.1mm) n=[257, 170, 286, 283, 78, 56, 58, 315, 66, 96]  tape=0.319km B=9.59T unif=0.255% hoop=121MPa
  [a=23 b=29 nt=1678] KSP converged reason: 4, iterations: 1
  [a=24 b=30 nt=1672] KSP converged reason: 4, iterations: 1
  [a=23 b=29 nt=1639] KSP converged reason: 4, iterations: 1
  [a=23 b=30 nt=1621] KSP converged reason: 4, iterations: 1
  [a=24 b=30 nt=1636] KSP converged reason: 4, iterations: 1
  [a=23 b=30 nt=1653] KSP converged reason: 4, iterations: 1
  [a=23 b=30 nt=1650] KSP converged reason: 4, iterations: 1
  [a=23 b=29 nt=1635] KSP converged reason: 4, iterations: 1
  [a=24 b=29 nt=1621] KSP converged reason: 4, iterations: 1
  [a=23 b=30 nt=1652] KSP converged reason: 4, iterations: 1
  [a=23 b=29 nt=1651] KSP converged reason: 4, iterations: 1
  [1255] viol   f=   2.121  a=23.5 b=29.6 gap=21.5 (face=3.0mm) n=[292, 153, 292, 258, 83, 60, 95, 252, 53, 98]  tape=0.311km B=9.82T unif=1.093% hoop=114MPa
  [1256] viol   f=   0.396  a=22.9 b=29.5 gap=21.6 (face=3.1mm) n=[264, 185, 285, 273, 89, 50, 51, 310, 60, 72]  tape=0.310km B=9.79T unif=0.761% hoop=124MPa
  [1257] viol   f=   0.334  a=23.0 b=29.8 gap=21.5 (face=3.0mm) n=[282, 196, 298, 266, 57, 52, 56, 285, 74, 55]  tape=0.304km B=9.88T unif=0.522% hoop=117MPa
  [1258] OK     f=   0.315  a=23.1 b=28.9 gap=21.6 (face=3.2mm) n=[295, 202, 293, 275, 51, 50, 75, 331, 51, 55]  tape=0.315km B=10.07T unif=0.688% hoop=123MPa
  [1259] OK     f=   0.310  a=23.2 b=29.9 gap=21.5 (face=3.0mm) n=[291, 178, 290, 278, 68, 86, 53, 272, 58, 79]  tape=0.310km B=10.12T unif=0.410% hoop=118MPa
  [1260] viol   f=   0.604  a=24.0 b=29.7 gap=21.5 (face=3.0mm) n=[295, 174, 320, 236, 50, 58, 92, 272, 122, 53]  tape=0.326km B=9.63T unif=0.860% hoop=117MPa
  [1261] OK     f=   0.313  a=23.5 b=29.7 gap=21.5 (face=3.0mm) n=[298, 202, 284, 240, 74, 50, 73, 284, 61, 84]  tape=0.313km B=10.35T unif=0.855% hoop=127MPa
  [1262] viol   f=   0.297  a=22.8 b=29.0 gap=21.5 (face=3.0mm) n=[279, 185, 273, 283, 77, 50, 75, 278, 70, 65]  tape=0.297km B=10.00T unif=0.325% hoop=115MPa
  [1263] viol   f=   0.399  a=23.8 b=29.5 gap=21.6 (face=3.1mm) n=[288, 183, 318, 222, 58, 57, 56, 275, 102, 62]  tape=0.314km B=9.79T unif=0.508% hoop=123MPa
  [1264] OK     f=   0.312  a=23.4 b=29.5 gap=21.5 (face=3.1mm) n=[300, 188, 310, 257, 76, 55, 59, 287, 58, 62]  tape=0.312km B=10.29T unif=0.568% hoop=123MPa
  [1265] OK     f=   0.315  a=22.8 b=29.4 gap=21.5 (face=3.0mm) n=[286, 164, 325, 250, 55, 99, 75, 293, 52, 52]  tape=0.315km B=10.00T unif=0.334% hoop=118MPa
  [a=23 b=29 nt=1713] KSP converged reason: 4, iterations: 1
  [a=23 b=29 nt=1602] KSP converged reason: 4, iterations: 1
  [a=23 b=29 nt=1608] KSP converged reason: 4, iterations: 1
  [a=23 b=29 nt=1675] KSP converged reason: 4, iterations: 1
  [a=23 b=29 nt=1675] KSP converged reason: 4, iterations: 1
  [a=23 b=29 nt=1644] KSP converged reason: 4, iterations: 1
  [a=23 b=30 nt=1747] KSP converged reason: 4, iterations: 1
  [a=23 b=29 nt=1605] KSP converged reason: 4, iterations: 1
  [a=23 b=29 nt=1662] KSP converged reason: 4, iterations: 1
  [a=23 b=29 nt=1648] KSP converged reason: 4, iterations: 1
  [a=23 b=29 nt=1632] KSP converged reason: 4, iterations: 1
  [1266] OK     f=   0.305  a=22.9 b=28.9 gap=21.6 (face=3.1mm) n=[279, 186, 277, 281, 89, 73, 52, 285, 81, 72]  tape=0.305km B=10.30T unif=0.252% hoop=120MPa
  [1267] OK     f=   0.302  a=23.0 b=29.1 gap=21.5 (face=3.1mm) n=[289, 197, 283, 263, 76, 56, 71, 275, 62, 72]  tape=0.302km B=10.27T unif=0.607% hoop=121MPa
  [1268] viol   f=   0.348  a=22.7 b=29.4 gap=21.5 (face=3.0mm) n=[290, 176, 305, 262, 54, 53, 55, 288, 58, 67]  tape=0.299km B=9.84T unif=0.490% hoop=113MPa
  [1269] viol   f=   0.342  a=23.2 b=29.4 gap=21.5 (face=3.0mm) n=[288, 163, 301, 237, 70, 67, 50, 286, 64, 76]  tape=0.303km B=9.86T unif=0.838% hoop=117MPa
  [1270] viol   f= 173.956  a=23.0 b=28.7 gap=21.6 (face=3.1mm) n=[286, 217, 305, 270, 61, 63, 86, 297, 65, 63]  tape=0.314km B=10.59T unif=1.932% hoop=124MPa
  [1271] viol   f=   0.319  a=23.2 b=29.2 gap=21.5 (face=3.1mm) n=[286, 166, 270, 264, 102, 76, 68, 288, 65, 90]  tape=0.311km B=9.94T unif=0.886% hoop=117MPa
  [1272] OK     f=   0.332  a=23.2 b=29.8 gap=21.5 (face=3.1mm) n=[291, 189, 281, 291, 106, 78, 53, 310, 64, 84]  tape=0.332km B=10.42T unif=0.538% hoop=126MPa
  [1273] viol   f=   0.299  a=23.0 b=29.5 gap=21.5 (face=3.1mm) n=[283, 173, 281, 257, 83, 60, 51, 254, 89, 74]  tape=0.299km B=10.00T unif=0.612% hoop=118MPa
  [1274] OK     f=   0.306  a=22.9 b=29.5 gap=21.6 (face=3.1mm) n=[288, 164, 285, 288, 98, 61, 81, 255, 50, 78]  tape=0.306km B=10.45T unif=0.313% hoop=120MPa
  [1275] viol   f= 166.402  a=22.8 b=28.8 gap=21.5 (face=3.0mm) n=[306, 194, 272, 272, 50, 81, 62, 303, 54, 68]  tape=0.306km B=10.34T unif=1.911% hoop=121MPa
  [1276] OK     f=   0.312  a=23.3 b=29.2 gap=21.5 (face=3.0mm) n=[297, 188, 324, 226, 61, 60, 51, 290, 68, 67]  tape=0.312km B=10.06T unif=0.774% hoop=121MPa
  [a=23 b=29 nt=1656] KSP converged reason: 4, iterations: 1
  [a=23 b=29 nt=1685] KSP converged reason: 4, iterations: 1
  [a=23 b=29 nt=1679] KSP converged reason: 4, iterations: 1
  [a=23 b=29 nt=1632] KSP converged reason: 4, iterations: 1
  [a=23 b=29 nt=1623] KSP converged reason: 4, iterations: 1
  [a=23 b=29 nt=1572] KSP converged reason: 4, iterations: 1
  [a=23 b=29 nt=1669] KSP converged reason: 4, iterations: 1
  [a=23 b=29 nt=1668] KSP converged reason: 4, iterations: 1
  [a=23 b=29 nt=1649] KSP converged reason: 4, iterations: 1
  [a=23 b=29 nt=1644] KSP converged reason: 4, iterations: 1
  [a=23 b=29 nt=1643] KSP converged reason: 4, iterations: 1
  [1277] viol   f=  78.602  a=23.4 b=29.0 gap=21.5 (face=3.0mm) n=[300, 184, 286, 250, 72, 77, 66, 256, 102, 63]  tape=0.312km B=10.13T unif=1.626% hoop=122MPa
  [1278] OK     f=   0.310  a=22.7 b=28.6 gap=21.6 (face=3.3mm) n=[290, 190, 299, 255, 72, 69, 92, 270, 87, 61]  tape=0.310km B=10.37T unif=0.370% hoop=120MPa
  [1279] viol   f=   0.558  a=23.2 b=29.4 gap=21.5 (face=3.1mm) n=[284, 185, 288, 247, 81, 50, 78, 243, 115, 52]  tape=0.305km B=9.64T unif=0.546% hoop=114MPa
  [1280] viol   f=   0.426  a=23.2 b=29.1 gap=21.6 (face=3.3mm) n=[280, 171, 286, 281, 67, 63, 56, 248, 96, 84]  tape=0.302km B=9.75T unif=0.308% hoop=111MPa
  [1281] OK     f=   0.316  a=23.0 b=29.4 gap=21.6 (face=3.1mm) n=[284, 177, 301, 273, 110, 62, 79, 256, 51, 86]  tape=0.316km B=10.32T unif=0.262% hoop=121MPa
  [1282] viol   f=   1.529  a=23.0 b=29.5 gap=21.5 (face=3.1mm) n=[282, 159, 276, 265, 72, 73, 50, 266, 77, 52]  tape=0.291km B=9.21T unif=0.596% hoop=245MPa
  [1283] OK     f=   0.308  a=22.7 b=29.2 gap=21.6 (face=3.1mm) n=[289, 189, 288, 257, 59, 71, 62, 270, 107, 77]  tape=0.308km B=10.14T unif=0.484% hoop=117MPa
  [1284] OK     f=   0.314  a=23.1 b=29.5 gap=21.6 (face=3.1mm) n=[293, 174, 260, 285, 91, 107, 52, 252, 85, 69]  tape=0.314km B=10.21T unif=0.680% hoop=120MPa
  [1285] OK     f=   0.303  a=22.9 b=29.3 gap=21.5 (face=3.1mm) n=[284, 169, 286, 275, 98, 50, 57, 277, 86, 67]  tape=0.303km B=10.23T unif=0.373% hoop=118MPa
  [1286] OK     f=   0.304  a=23.0 b=29.3 gap=21.5 (face=3.1mm) n=[288, 178, 279, 283, 61, 51, 80, 267, 79, 78]  tape=0.304km B=10.10T unif=0.403% hoop=119MPa
  [1287] OK     f=   0.305  a=23.0 b=29.4 gap=21.6 (face=3.1mm) n=[270, 185, 287, 265, 89, 60, 50, 277, 77, 83]  tape=0.305km B=10.06T unif=0.489% hoop=122MPa
  [a=23 b=29 nt=1713] KSP converged reason: 4, iterations: 1
  [a=23 b=29 nt=1658] KSP converged reason: 4, iterations: 1
  [a=23 b=29 nt=1671] KSP converged reason: 4, iterations: 1
  [a=23 b=29 nt=1573] KSP converged reason: 4, iterations: 1
  [a=23 b=29 nt=1657] KSP converged reason: 4, iterations: 1
  [a=23 b=30 nt=1641] KSP converged reason: 4, iterations: 1
  [a=23 b=29 nt=1692] KSP converged reason: 4, iterations: 1
  [a=23 b=29 nt=1721] KSP converged reason: 4, iterations: 1
  [a=23 b=29 nt=1663] KSP converged reason: 4, iterations: 1
  [a=23 b=29 nt=1711] KSP converged reason: 4, iterations: 1
  [a=23 b=29 nt=1683] KSP converged reason: 4, iterations: 1
  [1288] viol   f=   0.307  a=23.0 b=29.5 gap=21.5 (face=3.0mm) n=[272, 187, 268, 273, 85, 51, 67, 273, 90, 75]  tape=0.301km B=9.95T unif=0.789% hoop=118MPa
  [1289] viol   f=   0.370  a=22.6 b=29.1 gap=21.6 (face=3.2mm) n=[287, 180, 285, 256, 62, 51, 56, 273, 73, 50]  tape=0.288km B=9.80T unif=0.488% hoop=112MPa
  [1290] OK     f=   0.306  a=22.7 b=29.4 gap=21.6 (face=3.3mm) n=[282, 169, 267, 291, 95, 66, 60, 286, 64, 78]  tape=0.306km B=10.26T unif=0.973% hoop=119MPa
  [1291] OK     f=   0.305  a=22.8 b=29.1 gap=21.6 (face=3.1mm) n=[281, 181, 281, 286, 77, 64, 53, 282, 80, 86]  tape=0.305km B=10.14T unif=0.264% hoop=117MPa
  [1292] OK     f=   0.305  a=23.0 b=29.2 gap=21.5 (face=3.1mm) n=[281, 188, 283, 274, 65, 56, 85, 262, 87, 76]  tape=0.305km B=10.08T unif=0.325% hoop=117MPa
  [1293] OK     f=   0.320  a=22.9 b=29.1 gap=21.6 (face=3.2mm) n=[268, 183, 298, 307, 98, 64, 61, 273, 84, 77]  tape=0.320km B=10.32T unif=0.322% hoop=121MPa
  [1294] OK     f=   0.313  a=22.8 b=29.5 gap=21.6 (face=3.1mm) n=[288, 175, 275, 277, 107, 67, 56, 290, 67, 90]  tape=0.313km B=10.11T unif=0.385% hoop=116MPa
  [1295] OK     f=   0.306  a=23.1 b=29.2 gap=21.6 (face=3.1mm) n=[284, 186, 286, 282, 76, 52, 77, 256, 86, 78]  tape=0.306km B=10.20T unif=0.269% hoop=119MPa
  [1296] OK     f=   0.318  a=23.3 b=29.2 gap=21.6 (face=3.1mm) n=[285, 171, 287, 283, 87, 68, 74, 271, 125, 70]  tape=0.318km B=10.19T unif=0.492% hoop=117MPa
  [1297] OK     f=   0.314  a=22.6 b=28.8 gap=21.6 (face=3.1mm) n=[291, 188, 281, 264, 76, 60, 69, 298, 101, 83]  tape=0.314km B=10.04T unif=0.472% hoop=114MPa
  [1298] viol   f=   0.339  a=23.0 b=29.0 gap=21.5 (face=3.1mm) n=[276, 174, 265, 294, 78, 58, 79, 275, 116, 68]  tape=0.313km B=9.89T unif=0.605% hoop=119MPa
  [a=23 b=29 nt=1670] KSP converged reason: 4, iterations: 1
  [a=23 b=29 nt=1719] KSP converged reason: 4, iterations: 1
  [a=23 b=29 nt=1671] KSP converged reason: 4, iterations: 1
  [a=23 b=29 nt=1662] KSP converged reason: 4, iterations: 1
  [a=23 b=29 nt=1675] KSP converged reason: 4, iterations: 1
  [a=23 b=30 nt=1625] KSP converged reason: 4, iterations: 1
  [a=23 b=29 nt=1689] KSP converged reason: 4, iterations: 1
  [a=23 b=29 nt=1660] KSP converged reason: 4, iterations: 1
  [a=23 b=29 nt=1741] KSP converged reason: 4, iterations: 1
  [a=23 b=29 nt=1715] KSP converged reason: 4, iterations: 1
  [a=23 b=29 nt=1737] KSP converged reason: 4, iterations: 1
  [1299] OK     f=   0.307  a=23.0 b=29.4 gap=21.5 (face=3.0mm) n=[281, 187, 295, 287, 67, 66, 78, 281, 50, 70]  tape=0.307km B=10.12T unif=0.353% hoop=118MPa
  [1300] viol   f=   0.304  a=23.0 b=29.5 gap=21.5 (face=3.0mm) n=[277, 185, 278, 284, 71, 57, 77, 258, 59, 79]  tape=0.301km B=9.96T unif=0.269% hoop=117MPa
  [1301] OK     f=   0.313  a=23.1 b=29.2 gap=21.6 (face=3.1mm) n=[299, 193, 266, 271, 66, 50, 65, 269, 97, 95]  tape=0.313km B=10.05T unif=0.652% hoop=119MPa
  [1302] viol   f=   0.345  a=22.9 b=29.4 gap=21.6 (face=3.2mm) n=[277, 170, 277, 319, 80, 54, 63, 278, 51, 101]  tape=0.318km B=9.88T unif=0.244% hoop=118MPa
  [1303] OK     f=   0.309  a=23.2 b=28.9 gap=21.5 (face=3.0mm) n=[274, 174, 279, 287, 97, 50, 88, 264, 77, 85]  tape=0.309km B=10.18T unif=0.828% hoop=119MPa
  [1304] OK     f=   0.319  a=22.5 b=29.0 gap=21.6 (face=3.1mm) n=[269, 187, 283, 304, 76, 68, 91, 279, 99, 63]  tape=0.319km B=10.14T unif=0.589% hoop=118MPa
  [1305] OK     f=   0.308  a=23.1 b=29.0 gap=21.5 (face=3.0mm) n=[282, 207, 289, 287, 51, 59, 66, 268, 108, 72]  tape=0.308km B=10.35T unif=0.990% hoop=122MPa
  [1306] OK     f=   0.303  a=22.8 b=28.8 gap=21.5 (face=3.0mm) n=[284, 197, 291, 271, 51, 77, 75, 274, 85, 55]  tape=0.303km B=10.37T unif=0.582% hoop=121MPa
  [1307] OK     f=   0.323  a=22.9 b=29.5 gap=21.5 (face=3.1mm) n=[282, 187, 289, 293, 93, 52, 98, 279, 85, 83]  tape=0.323km B=10.33T unif=0.178% hoop=118MPa
  [1308] viol   f=   0.958  a=22.8 b=29.2 gap=21.7 (face=3.4mm) n=[285, 182, 281, 279, 97, 76, 71, 276, 85, 83]  tape=0.315km B=10.22T unif=1.057% hoop=116MPa
  [1309] OK     f=   0.320  a=22.9 b=29.1 gap=21.6 (face=3.2mm) n=[278, 183, 284, 293, 92, 51, 81, 281, 91, 103]  tape=0.320km B=10.01T unif=0.621% hoop=113MPa
  [a=23 b=29 nt=1604] KSP converged reason: 4, iterations: 1
  [a=23 b=29 nt=1650] KSP converged reason: 4, iterations: 1
  [a=23 b=29 nt=1654] KSP converged reason: 4, iterations: 1
  [a=23 b=29 nt=1652] KSP converged reason: 4, iterations: 1
  [a=23 b=29 nt=1666] KSP converged reason: 4, iterations: 1
  [a=23 b=29 nt=1711] KSP converged reason: 4, iterations: 1
  [a=23 b=29 nt=1683] KSP converged reason: 4, iterations: 1
  [a=22 b=29 nt=1625] KSP converged reason: 4, iterations: 1
  [a=23 b=29 nt=1591] KSP converged reason: 4, iterations: 1
  [a=23 b=29 nt=1687] KSP converged reason: 4, iterations: 1
  [a=23 b=30 nt=1650] KSP converged reason: 4, iterations: 1
  [1310] OK     f=   0.305  a=23.2 b=29.0 gap=21.5 (face=3.0mm) n=[284, 193, 297, 277, 50, 63, 84, 269, 74, 59]  tape=0.305km B=10.14T unif=0.321% hoop=121MPa
  [1311] OK     f=   0.310  a=22.8 b=28.9 gap=21.5 (face=3.0mm) n=[281, 202, 282, 283, 54, 95, 75, 286, 77, 76]  tape=0.310km B=10.52T unif=0.642% hoop=123MPa
  [1312] viol   f=   0.965  a=23.1 b=29.1 gap=21.5 (face=3.0mm) n=[283, 210, 297, 287, 59, 52, 85, 272, 57, 64]  tape=0.306km B=10.38T unif=1.057% hoop=121MPa
  [1313] viol   f=   0.459  a=23.0 b=28.9 gap=21.5 (face=3.0mm) n=[272, 193, 296, 263, 50, 78, 92, 262, 98, 50]  tape=0.308km B=9.72T unif=0.348% hoop=115MPa
  [1314] OK     f=   0.296  a=22.9 b=29.4 gap=21.5 (face=3.0mm) n=[289, 195, 292, 269, 54, 50, 80, 268, 54, 53]  tape=0.296km B=10.01T unif=0.740% hoop=116MPa
  [1315] OK     f=   0.301  a=22.7 b=29.0 gap=21.5 (face=3.0mm) n=[278, 201, 288, 279, 51, 60, 75, 279, 56, 85]  tape=0.301km B=10.15T unif=0.974% hoop=119MPa
  [1316] OK     f=   0.313  a=23.1 b=29.2 gap=21.5 (face=3.0mm) n=[271, 175, 288, 296, 68, 88, 96, 277, 52, 72]  tape=0.313km B=10.23T unif=0.171% hoop=124MPa
  [1317] viol   f=   0.920  a=22.4 b=29.0 gap=21.5 (face=3.0mm) n=[271, 203, 288, 285, 51, 57, 72, 275, 70, 53]  tape=0.294km B=10.12T unif=1.056% hoop=116MPa
  [1318] viol   f=   0.304  a=22.8 b=29.2 gap=21.5 (face=3.0mm) n=[271, 183, 278, 261, 74, 61, 65, 266, 72, 60]  tape=0.291km B=9.92T unif=0.685% hoop=119MPa
  [1319] viol   f=   0.399  a=23.1 b=29.6 gap=21.5 (face=3.0mm) n=[278, 172, 277, 296, 69, 50, 89, 254, 85, 80]  tape=0.312km B=9.79T unif=0.528% hoop=115MPa
  [1320] OK     f=   0.313  a=22.8 b=29.0 gap=21.5 (face=3.0mm) n=[282, 189, 308, 280, 58, 64, 80, 288, 52, 86]  tape=0.313km B=10.16T unif=0.301% hoop=118MPa
  [a=23 b=29 nt=1639] KSP converged reason: 4, iterations: 1
  [a=23 b=29 nt=1640] KSP converged reason: 4, iterations: 1
  [a=23 b=29 nt=1623] KSP converged reason: 4, iterations: 1
  [a=23 b=29 nt=1628] KSP converged reason: 4, iterations: 1
  [a=23 b=29 nt=1635] KSP converged reason: 4, iterations: 1
  [a=23 b=29 nt=1653] KSP converged reason: 4, iterations: 1
  [a=23 b=29 nt=1620] KSP converged reason: 4, iterations: 1
  [a=23 b=29 nt=1637] KSP converged reason: 4, iterations: 1
  [a=23 b=29 nt=1651] KSP converged reason: 4, iterations: 1
  [a=23 b=29 nt=1636] KSP converged reason: 4, iterations: 1
  [a=23 b=29 nt=1613] KSP converged reason: 4, iterations: 1
  [1321] OK     f=   0.297  a=22.7 b=28.9 gap=21.5 (face=3.0mm) n=[283, 190, 286, 264, 64, 66, 71, 270, 64, 70]  tape=0.297km B=10.06T unif=0.827% hoop=116MPa
  [1322] OK     f=   0.301  a=22.6 b=28.9 gap=21.5 (face=3.0mm) n=[280, 200, 291, 283, 51, 81, 73, 267, 60, 67]  tape=0.301km B=10.26T unif=0.579% hoop=119MPa
  [1323] viol   f=   0.348  a=22.8 b=28.9 gap=21.5 (face=3.0mm) n=[291, 192, 294, 249, 50, 52, 52, 277, 81, 85]  tape=0.298km B=9.84T unif=0.752% hoop=112MPa
  [1324] viol   f=  14.461  a=22.7 b=28.9 gap=21.5 (face=3.0mm) n=[296, 195, 295, 253, 55, 69, 73, 266, 81, 52]  tape=0.301km B=10.22T unif=1.266% hoop=117MPa
  [1325] OK     f=   0.303  a=22.9 b=29.0 gap=21.5 (face=3.0mm) n=[280, 193, 295, 269, 51, 64, 97, 260, 58, 72]  tape=0.303km B=10.10T unif=0.372% hoop=120MPa
  [1326] OK     f=   0.307  a=23.1 b=29.1 gap=21.5 (face=3.0mm) n=[295, 205, 305, 250, 61, 69, 92, 262, 51, 50]  tape=0.307km B=10.34T unif=0.803% hoop=122MPa
  [1327] OK     f=   0.297  a=22.9 b=29.0 gap=21.5 (face=3.0mm) n=[292, 190, 276, 270, 52, 56, 70, 277, 74, 63]  tape=0.297km B=10.17T unif=0.718% hoop=119MPa
  [1328] viol   f=  11.748  a=23.1 b=29.2 gap=21.5 (face=3.0mm) n=[276, 216, 285, 265, 50, 55, 71, 287, 69, 63]  tape=0.300km B=10.16T unif=1.239% hoop=121MPa
  [1329] viol   f=  48.412  a=22.5 b=28.7 gap=21.5 (face=3.0mm) n=[275, 206, 280, 282, 58, 73, 79, 276, 57, 65]  tape=0.296km B=10.37T unif=1.490% hoop=118MPa
  [1330] OK     f=   0.293  a=22.8 b=29.0 gap=21.5 (face=3.0mm) n=[278, 194, 280, 263, 75, 58, 79, 270, 58, 58]  tape=0.293km B=10.16T unif=0.411% hoop=120MPa
  [1331] OK     f=   0.304  a=23.1 b=28.8 gap=21.5 (face=3.0mm) n=[279, 189, 297, 260, 74, 56, 83, 256, 79, 63]  tape=0.304km B=10.13T unif=0.330% hoop=121MPa
  [a=22 b=29 nt=1625] KSP converged reason: 4, iterations: 1
  [a=23 b=29 nt=1638] KSP converged reason: 4, iterations: 1
  [a=23 b=29 nt=1613] KSP converged reason: 4, iterations: 1
  [a=23 b=29 nt=1588] KSP converged reason: 4, iterations: 1
  [a=22 b=29 nt=1594] KSP converged reason: 4, iterations: 1
  [a=23 b=29 nt=1683] KSP converged reason: 4, iterations: 1
  [a=23 b=29 nt=1623] KSP converged reason: 4, iterations: 1
  [a=23 b=29 nt=1640] KSP converged reason: 4, iterations: 1
  [a=23 b=29 nt=1629] KSP converged reason: 4, iterations: 1
  [a=23 b=29 nt=1595] KSP converged reason: 4, iterations: 1
  [a=23 b=29 nt=1698] KSP converged reason: 4, iterations: 1
  [1332] viol   f=   0.306  a=22.9 b=29.3 gap=21.5 (face=3.0mm) n=[286, 184, 274, 279, 66, 59, 61, 275, 58, 71]  tape=0.296km B=9.93T unif=0.567% hoop=115MPa
  [1333] OK     f=   0.306  a=22.9 b=28.9 gap=21.5 (face=3.0mm) n=[281, 196, 275, 273, 67, 93, 109, 274, 57, 58]  tape=0.306km B=10.43T unif=0.489% hoop=123MPa
  [1334] viol   f=   0.293  a=22.5 b=29.0 gap=21.5 (face=3.1mm) n=[282, 189, 278, 252, 71, 52, 66, 265, 62, 77]  tape=0.291km B=9.97T unif=0.668% hoop=115MPa
  [1335] viol   f=   0.310  a=23.1 b=29.3 gap=21.5 (face=3.0mm) n=[273, 189, 284, 247, 69, 65, 85, 260, 64, 52]  tape=0.295km B=9.91T unif=0.699% hoop=122MPa
  [1336] OK     f=   0.298  a=23.0 b=28.6 gap=21.5 (face=3.0mm) n=[275, 200, 285, 272, 66, 66, 81, 263, 67, 63]  tape=0.298km B=10.16T unif=0.703% hoop=121MPa
  [1337] OK     f=   0.301  a=22.4 b=28.9 gap=21.5 (face=3.0mm) n=[296, 206, 303, 241, 55, 58, 79, 252, 85, 50]  tape=0.301km B=10.34T unif=0.916% hoop=119MPa
  [1338] viol   f=   0.299  a=22.6 b=29.0 gap=21.5 (face=3.0mm) n=[278, 181, 294, 287, 52, 66, 78, 277, 51, 59]  tape=0.296km B=9.96T unif=0.452% hoop=114MPa
  [1339] OK     f=   0.303  a=22.7 b=29.0 gap=21.5 (face=3.0mm) n=[291, 203, 279, 261, 66, 60, 80, 256, 69, 75]  tape=0.303km B=10.25T unif=0.846% hoop=119MPa
  [1340] viol   f=   0.295  a=22.9 b=29.3 gap=21.5 (face=3.0mm) n=[286, 188, 290, 262, 50, 56, 72, 283, 56, 52]  tape=0.293km B=9.97T unif=0.627% hoop=116MPa
  [1341] OK     f=   0.300  a=22.6 b=29.0 gap=21.5 (face=3.0mm) n=[293, 206, 297, 246, 56, 81, 74, 265, 50, 61]  tape=0.300km B=10.33T unif=0.713% hoop=119MPa
  [1342] OK     f=   0.309  a=22.9 b=29.1 gap=21.5 (face=3.0mm) n=[286, 204, 279, 282, 69, 68, 85, 285, 59, 81]  tape=0.309km B=10.45T unif=0.473% hoop=121MPa
  [a=22 b=29 nt=1609] KSP converged reason: 4, iterations: 1
  [a=23 b=29 nt=1630] KSP converged reason: 4, iterations: 1
  [a=23 b=29 nt=1589] KSP converged reason: 4, iterations: 1
  [a=23 b=29 nt=1598] KSP converged reason: 4, iterations: 1
  [a=23 b=29 nt=1657] KSP converged reason: 4, iterations: 1
  [a=23 b=29 nt=1635] KSP converged reason: 4, iterations: 1
  [a=23 b=29 nt=1611] KSP converged reason: 4, iterations: 1
  [a=23 b=29 nt=1594] KSP converged reason: 4, iterations: 1
  [a=23 b=29 nt=1585] KSP converged reason: 4, iterations: 1
  [a=23 b=29 nt=1598] KSP converged reason: 4, iterations: 1
  [a=23 b=29 nt=1578] KSP converged reason: 4, iterations: 1
  [1343] OK     f=   0.292  a=22.5 b=28.9 gap=21.5 (face=3.0mm) n=[289, 204, 292, 249, 55, 69, 51, 283, 63, 54]  tape=0.292km B=10.04T unif=0.786% hoop=114MPa
  [1344] OK     f=   0.291  a=22.6 b=29.0 gap=21.5 (face=3.0mm) n=[272, 193, 279, 271, 59, 72, 71, 258, 68, 55]  tape=0.291km B=10.05T unif=0.733% hoop=119MPa
  [1345] OK     f=   0.296  a=22.6 b=28.9 gap=21.5 (face=3.0mm) n=[283, 192, 277, 270, 50, 61, 91, 267, 78, 61]  tape=0.296km B=10.15T unif=0.433% hoop=116MPa
  [1346] viol   f=   0.333  a=22.6 b=28.6 gap=21.5 (face=3.1mm) n=[278, 180, 283, 276, 55, 52, 79, 263, 53, 70]  tape=0.286km B=9.85T unif=0.386% hoop=112MPa
  [1347] OK     f=   0.297  a=22.6 b=28.6 gap=21.5 (face=3.0mm) n=[281, 201, 289, 259, 73, 56, 76, 271, 60, 69]  tape=0.297km B=10.26T unif=0.693% hoop=120MPa
  [1348] OK     f=   0.303  a=22.7 b=29.3 gap=21.5 (face=3.1mm) n=[284, 198, 281, 275, 69, 71, 74, 266, 74, 65]  tape=0.303km B=10.27T unif=0.344% hoop=119MPa
  [1349] OK     f=   0.292  a=22.5 b=28.8 gap=21.5 (face=3.1mm) n=[285, 189, 285, 255, 63, 51, 88, 273, 66, 56]  tape=0.292km B=10.04T unif=0.481% hoop=115MPa
  [1350] OK     f=   0.294  a=22.6 b=29.0 gap=21.5 (face=3.0mm) n=[287, 181, 280, 249, 73, 73, 65, 261, 56, 69]  tape=0.294km B=10.12T unif=0.776% hoop=119MPa
  [1351] viol   f=   0.436  a=22.7 b=29.1 gap=21.5 (face=3.0mm) n=[283, 193, 285, 253, 50, 56, 61, 280, 73, 64]  tape=0.292km B=9.73T unif=0.608% hoop=113MPa
  [1352] viol   f=   0.310  a=22.7 b=29.0 gap=21.5 (face=3.1mm) n=[280, 189, 287, 267, 64, 50, 68, 266, 55, 59]  tape=0.289km B=9.90T unif=0.350% hoop=115MPa
  [1353] viol   f=   0.477  a=22.7 b=29.2 gap=21.6 (face=3.2mm) n=[277, 171, 285, 252, 78, 51, 66, 287, 56, 55]  tape=0.290km B=9.69T unif=0.443% hoop=113MPa
  [a=22 b=29 nt=1634] KSP converged reason: 4, iterations: 1
  [a=23 b=29 nt=1623] KSP converged reason: 4, iterations: 1
  [a=23 b=29 nt=1598] KSP converged reason: 4, iterations: 1
  [a=22 b=29 nt=1615] KSP converged reason: 4, iterations: 1
  [a=22 b=29 nt=1590] KSP converged reason: 4, iterations: 1
  [a=23 b=29 nt=1599] KSP converged reason: 4, iterations: 1
  [a=23 b=29 nt=1622] KSP converged reason: 4, iterations: 1
  [a=23 b=29 nt=1604] KSP converged reason: 4, iterations: 1
  [a=23 b=29 nt=1650] KSP converged reason: 4, iterations: 1
  [a=23 b=29 nt=1587] KSP converged reason: 4, iterations: 1
  [a=22 b=29 nt=1577] KSP converged reason: 4, iterations: 1
  [1354] viol   f=   0.362  a=22.7 b=28.9 gap=21.5 (face=3.0mm) n=[283, 205, 294, 251, 58, 66, 77, 257, 81, 51]  tape=0.299km B=10.19T unif=1.018% hoop=120MPa
  [1355] viol   f=   0.337  a=22.4 b=28.6 gap=21.5 (face=3.0mm) n=[281, 201, 266, 245, 55, 53, 51, 280, 99, 59]  tape=0.286km B=9.84T unif=0.671% hoop=113MPa
  [1356] OK     f=   0.294  a=22.4 b=29.2 gap=21.6 (face=3.1mm) n=[283, 196, 275, 272, 60, 79, 71, 264, 65, 50]  tape=0.294km B=10.11T unif=0.431% hoop=115MPa
  [1357] viol   f=   0.304  a=22.5 b=29.2 gap=21.5 (face=3.0mm) n=[280, 182, 278, 279, 54, 70, 59, 275, 52, 70]  tape=0.289km B=9.92T unif=0.780% hoop=113MPa
  [1358] OK     f=   0.297  a=22.4 b=28.9 gap=21.5 (face=3.1mm) n=[284, 196, 294, 269, 58, 60, 73, 284, 58, 58]  tape=0.297km B=10.13T unif=0.355% hoop=115MPa
  [1359] viol   f=   0.302  a=22.7 b=28.9 gap=21.5 (face=3.0mm) n=[284, 190, 284, 262, 55, 62, 72, 277, 59, 53]  tape=0.290km B=9.92T unif=0.924% hoop=114MPa
  [1360] OK     f=   0.301  a=22.5 b=29.1 gap=21.5 (face=3.0mm) n=[292, 183, 284, 243, 68, 75, 84, 258, 75, 60]  tape=0.301km B=10.15T unif=0.729% hoop=118MPa
  [1361] OK     f=   0.294  a=22.7 b=29.4 gap=21.5 (face=3.0mm) n=[284, 176, 286, 288, 66, 52, 85, 266, 50, 51]  tape=0.294km B=10.14T unif=0.335% hoop=117MPa
  [1362] viol   f=   9.328  a=22.5 b=29.2 gap=21.5 (face=3.0mm) n=[272, 201, 294, 268, 50, 78, 85, 268, 80, 54]  tape=0.305km B=10.20T unif=1.212% hoop=120MPa
  [1363] viol   f=   0.301  a=22.4 b=28.9 gap=21.5 (face=3.0mm) n=[275, 195, 271, 269, 57, 56, 57, 273, 72, 52]  tape=0.282km B=9.90T unif=0.702% hoop=114MPa
  [1364] OK     f=   0.292  a=22.7 b=29.3 gap=21.5 (face=3.0mm) n=[283, 191, 282, 250, 70, 68, 69, 265, 57, 52]  tape=0.292km B=10.03T unif=0.601% hoop=117MPa
  [a=23 b=29 nt=1607] KSP converged reason: 4, iterations: 1
  [a=22 b=29 nt=1635] KSP converged reason: 4, iterations: 1
  [a=23 b=29 nt=1627] KSP converged reason: 4, iterations: 1
  [a=23 b=29 nt=1631] KSP converged reason: 4, iterations: 1
  [a=23 b=29 nt=1651] KSP converged reason: 4, iterations: 1
  [a=23 b=30 nt=1619] KSP converged reason: 4, iterations: 1
  [a=23 b=29 nt=1598] KSP converged reason: 4, iterations: 1
  [a=23 b=29 nt=1581] KSP converged reason: 4, iterations: 1
  [a=23 b=30 nt=1577] KSP converged reason: 4, iterations: 1
  [a=23 b=29 nt=1646] KSP converged reason: 4, iterations: 1
  [a=23 b=29 nt=1579] KSP converged reason: 4, iterations: 1
  [1365] OK     f=   0.296  a=22.5 b=29.1 gap=21.5 (face=3.0mm) n=[285, 192, 286, 262, 56, 88, 77, 277, 51, 53]  tape=0.296km B=10.14T unif=0.694% hoop=116MPa
  [1366] OK     f=   0.299  a=22.4 b=29.1 gap=21.6 (face=3.1mm) n=[280, 185, 287, 278, 57, 97, 90, 251, 60, 50]  tape=0.299km B=10.31T unif=0.274% hoop=118MPa
  [1367] viol   f=   5.652  a=22.7 b=29.3 gap=21.5 (face=3.0mm) n=[291, 189, 283, 275, 62, 58, 87, 268, 50, 68]  tape=0.301km B=10.13T unif=1.164% hoop=116MPa
  [1368] OK     f=   0.298  a=22.7 b=29.6 gap=21.5 (face=3.1mm) n=[279, 185, 271, 272, 96, 51, 64, 274, 52, 75]  tape=0.298km B=10.13T unif=0.443% hoop=119MPa
  [1369] OK     f=   0.304  a=22.9 b=29.2 gap=21.6 (face=3.1mm) n=[283, 191, 283, 289, 63, 62, 83, 264, 65, 68]  tape=0.304km B=10.29T unif=0.303% hoop=120MPa
  [1370] OK     f=   0.292  a=22.8 b=29.0 gap=21.5 (face=3.0mm) n=[274, 193, 280, 272, 83, 64, 64, 264, 59, 54]  tape=0.292km B=10.15T unif=0.968% hoop=122MPa
  [1371] viol   f=   0.315  a=22.7 b=29.1 gap=21.5 (face=3.0mm) n=[286, 190, 298, 254, 55, 70, 64, 271, 53, 57]  tape=0.296km B=9.90T unif=0.714% hoop=115MPa
  [1372] viol   f=   0.290  a=22.6 b=29.5 gap=21.5 (face=3.0mm) n=[278, 187, 274, 268, 52, 79, 71, 265, 51, 52]  tape=0.289km B=9.98T unif=0.486% hoop=116MPa
  [1373] viol   f=   0.339  a=22.6 b=29.1 gap=21.5 (face=3.1mm) n=[268, 175, 283, 264, 81, 74, 57, 274, 55, 50]  tape=0.289km B=9.84T unif=0.304% hoop=118MPa
  [1374] OK     f=   0.303  a=22.9 b=29.3 gap=21.5 (face=3.0mm) n=[289, 185, 280, 260, 71, 68, 84, 286, 72, 51]  tape=0.303km B=10.18T unif=0.523% hoop=120MPa
  [1375] viol   f=   0.346  a=22.8 b=29.1 gap=21.5 (face=3.0mm) n=[291, 171, 292, 255, 66, 57, 65, 264, 64, 54]  tape=0.291km B=9.83T unif=0.802% hoop=113MPa
  [a=23 b=29 nt=1609] KSP converged reason: 4, iterations: 1
  [a=23 b=29 nt=1623] KSP converged reason: 4, iterations: 1
  [a=23 b=29 nt=1570] KSP converged reason: 4, iterations: 1
  [a=23 b=29 nt=1644] KSP converged reason: 4, iterations: 1
  [a=22 b=29 nt=1571] KSP converged reason: 4, iterations: 1
  [a=23 b=30 nt=1569] KSP converged reason: 4, iterations: 1
  [a=23 b=29 nt=1691] KSP converged reason: 4, iterations: 1
  [a=23 b=29 nt=1588] KSP converged reason: 4, iterations: 1
  [a=23 b=29 nt=1555] KSP converged reason: 4, iterations: 1
  [a=23 b=30 nt=1579] KSP converged reason: 4, iterations: 1
  [a=23 b=29 nt=1579] KSP converged reason: 4, iterations: 1
  [1376] OK     f=   0.300  a=22.7 b=29.4 gap=21.5 (face=3.0mm) n=[278, 191, 283, 262, 92, 70, 67, 259, 50, 71]  tape=0.300km B=10.27T unif=0.577% hoop=122MPa
  [1377] viol   f=   0.374  a=22.5 b=29.1 gap=21.5 (face=3.0mm) n=[278, 185, 267, 272, 58, 65, 50, 279, 53, 64]  tape=0.284km B=9.79T unif=0.843% hoop=114MPa
  [1378] OK     f=   0.302  a=22.9 b=29.4 gap=21.5 (face=3.0mm) n=[284, 190, 282, 272, 80, 78, 78, 274, 52, 54]  tape=0.302km B=10.32T unif=0.508% hoop=122MPa
  [1379] viol   f=   0.324  a=22.7 b=29.4 gap=21.5 (face=3.0mm) n=[272, 181, 265, 283, 61, 72, 69, 248, 69, 50]  tape=0.291km B=9.87T unif=0.451% hoop=118MPa
  [1380] OK     f=   0.295  a=22.8 b=29.2 gap=21.5 (face=3.0mm) n=[278, 192, 284, 272, 57, 81, 75, 265, 54, 51]  tape=0.295km B=10.08T unif=0.305% hoop=119MPa
  [1381] viol   f=   0.303  a=22.7 b=29.7 gap=21.5 (face=3.0mm) n=[278, 175, 273, 258, 90, 58, 54, 268, 58, 57]  tape=0.290km B=9.92T unif=0.673% hoop=118MPa
  [1382] viol   f=   9.023  a=22.5 b=28.8 gap=21.5 (face=3.0mm) n=[283, 206, 278, 275, 73, 95, 74, 277, 68, 62]  tape=0.305km B=10.54T unif=1.209% hoop=120MPa
  [1383] viol   f=   0.352  a=22.7 b=29.3 gap=21.5 (face=3.0mm) n=[283, 182, 281, 246, 60, 73, 75, 284, 53, 51]  tape=0.291km B=9.83T unif=0.572% hoop=115MPa
  [1384] viol   f=   0.442  a=22.6 b=29.2 gap=21.5 (face=3.0mm) n=[279, 188, 262, 258, 60, 69, 65, 266, 57, 51]  tape=0.284km B=9.72T unif=0.798% hoop=113MPa
  [1385] viol   f=   0.340  a=22.7 b=29.5 gap=21.5 (face=3.0mm) n=[287, 187, 273, 274, 65, 51, 52, 272, 62, 56]  tape=0.291km B=9.84T unif=0.593% hoop=116MPa
  [1386] viol   f=   0.396  a=22.8 b=29.2 gap=21.5 (face=3.0mm) n=[269, 193, 287, 249, 66, 64, 68, 272, 55, 56]  tape=0.292km B=9.77T unif=0.888% hoop=119MPa
  [a=23 b=29 nt=1610] KSP converged reason: 4, iterations: 1
  [a=23 b=29 nt=1622] KSP converged reason: 4, iterations: 1
  [a=23 b=29 nt=1643] KSP converged reason: 4, iterations: 1
  [a=23 b=29 nt=1604] KSP converged reason: 4, iterations: 1
  [a=23 b=29 nt=1591] KSP converged reason: 4, iterations: 1
  [a=23 b=29 nt=1646] KSP converged reason: 4, iterations: 1
  [a=23 b=29 nt=1646] KSP converged reason: 4, iterations: 1
  [a=23 b=30 nt=1643] KSP converged reason: 4, iterations: 1
  [a=23 b=29 nt=1636] KSP converged reason: 4, iterations: 1
  [a=23 b=29 nt=1633] KSP converged reason: 4, iterations: 1
  [a=23 b=29 nt=1619] KSP converged reason: 4, iterations: 1
  [1387] OK     f=   0.299  a=22.7 b=29.4 gap=21.5 (face=3.0mm) n=[280, 192, 274, 285, 58, 88, 70, 253, 52, 70]  tape=0.299km B=10.19T unif=0.373% hoop=120MPa
  [1388] OK     f=   0.303  a=22.9 b=29.2 gap=21.5 (face=3.0mm) n=[281, 191, 268, 265, 88, 72, 91, 262, 60, 65]  tape=0.303km B=10.49T unif=0.527% hoop=127MPa
  [1389] viol   f=   0.307  a=22.8 b=29.2 gap=21.5 (face=3.0mm) n=[273, 182, 286, 266, 56, 88, 87, 270, 52, 50]  tape=0.297km B=9.93T unif=0.297% hoop=118MPa
  [1390] OK     f=   0.302  a=22.8 b=29.4 gap=21.5 (face=3.0mm) n=[278, 197, 272, 280, 89, 55, 83, 260, 72, 60]  tape=0.302km B=10.24T unif=0.668% hoop=120MPa
  [1391] OK     f=   0.294  a=22.7 b=29.3 gap=21.5 (face=3.0mm) n=[279, 200, 274, 263, 57, 78, 78, 258, 55, 62]  tape=0.294km B=10.09T unif=0.576% hoop=118MPa
  [1392] viol   f=   0.308  a=23.0 b=29.4 gap=21.5 (face=3.0mm) n=[280, 192, 277, 263, 60, 65, 70, 260, 74, 50]  tape=0.293km B=9.91T unif=0.514% hoop=117MPa
  [1393] OK     f=   0.303  a=22.7 b=29.2 gap=21.5 (face=3.0mm) n=[271, 197, 292, 270, 85, 70, 80, 277, 54, 50]  tape=0.303km B=10.30T unif=0.849% hoop=125MPa
  [1394] OK     f=   0.306  a=23.0 b=29.6 gap=21.5 (face=3.0mm) n=[281, 188, 292, 271, 83, 78, 63, 277, 58, 52]  tape=0.306km B=10.27T unif=0.410% hoop=123MPa
  [1395] OK     f=   0.301  a=22.8 b=29.3 gap=21.5 (face=3.0mm) n=[287, 189, 275, 282, 77, 51, 81, 267, 52, 75]  tape=0.301km B=10.25T unif=0.720% hoop=119MPa
  [1396] OK     f=   0.298  a=22.9 b=29.4 gap=21.5 (face=3.0mm) n=[276, 189, 274, 284, 55, 93, 76, 262, 53, 57]  tape=0.298km B=10.08T unif=0.355% hoop=120MPa
  [1397] OK     f=   0.299  a=22.7 b=29.3 gap=21.5 (face=3.0mm) n=[276, 185, 276, 282, 81, 59, 86, 270, 52, 66]  tape=0.299km B=10.20T unif=0.298% hoop=120MPa
  [a=23 b=30 nt=1626] KSP converged reason: 4, iterations: 1
  [a=23 b=30 nt=1585] KSP converged reason: 4, iterations: 1
  [a=23 b=29 nt=1633] KSP converged reason: 4, iterations: 1
  [a=23 b=29 nt=1620] KSP converged reason: 4, iterations: 1
  [a=23 b=29 nt=1586] KSP converged reason: 4, iterations: 1
  [a=23 b=29 nt=1561] KSP converged reason: 4, iterations: 1
  [a=23 b=29 nt=1645] KSP converged reason: 4, iterations: 1
  [a=23 b=29 nt=1592] KSP converged reason: 4, iterations: 1
  [a=23 b=29 nt=1645] KSP converged reason: 4, iterations: 1
  [a=23 b=29 nt=1607] KSP converged reason: 4, iterations: 1
  [a=23 b=30 nt=1625] KSP converged reason: 4, iterations: 1
  [1398] OK     f=   0.300  a=22.5 b=29.5 gap=21.5 (face=3.0mm) n=[289, 186, 288, 273, 56, 80, 80, 262, 62, 50]  tape=0.300km B=10.15T unif=0.475% hoop=116MPa
  [1399] OK     f=   0.294  a=22.7 b=29.6 gap=21.5 (face=3.0mm) n=[285, 192, 273, 251, 72, 65, 69, 268, 53, 57]  tape=0.294km B=10.05T unif=0.708% hoop=119MPa
  [1400] viol   f=   0.367  a=23.0 b=29.3 gap=21.5 (face=3.0mm) n=[280, 186, 258, 279, 66, 68, 61, 264, 55, 69]  tape=0.292km B=9.81T unif=0.524% hoop=117MPa
  [1401] viol   f=   0.303  a=22.8 b=29.3 gap=21.5 (face=3.0mm) n=[277, 197, 270, 275, 50, 62, 67, 254, 57, 52]  tape=0.285km B=9.90T unif=0.690% hoop=116MPa
  [1402] viol   f=   4.765  a=22.5 b=29.1 gap=21.5 (face=3.0mm) n=[275, 203, 262, 273, 61, 78, 68, 265, 69, 66]  tape=0.294km B=10.28T unif=1.150% hoop=121MPa
  [1403] OK     f=   0.301  a=22.8 b=29.3 gap=21.5 (face=3.0mm) n=[282, 195, 275, 264, 69, 79, 87, 259, 61, 62]  tape=0.301km B=10.22T unif=0.534% hoop=120MPa
  [1404] viol   f=   0.300  a=22.8 b=29.5 gap=21.5 (face=3.0mm) n=[273, 195, 277, 280, 57, 63, 60, 261, 60, 66]  tape=0.292km B=9.93T unif=0.437% hoop=117MPa
  [1405] viol   f=   9.867  a=22.7 b=29.2 gap=21.5 (face=3.0mm) n=[272, 200, 265, 292, 55, 97, 79, 254, 55, 76]  tape=0.306km B=10.29T unif=1.219% hoop=125MPa
  [1406] OK     f=   0.303  a=22.8 b=29.3 gap=21.5 (face=3.0mm) n=[283, 191, 272, 281, 62, 74, 87, 257, 62, 76]  tape=0.303km B=10.32T unif=0.451% hoop=123MPa
  [1407] viol   f=   0.296  a=22.7 b=29.1 gap=21.5 (face=3.0mm) n=[279, 177, 267, 283, 59, 72, 74, 259, 60, 77]  tape=0.295km B=9.97T unif=0.392% hoop=115MPa
  [1408] OK     f=   0.299  a=22.8 b=29.7 gap=21.5 (face=3.0mm) n=[277, 184, 274, 277, 72, 62, 77, 267, 67, 68]  tape=0.299km B=10.04T unif=0.374% hoop=118MPa
  [a=23 b=30 nt=1614] KSP converged reason: 4, iterations: 1
  [a=23 b=30 nt=1559] KSP converged reason: 4, iterations: 1
  [a=23 b=30 nt=1581] KSP converged reason: 4, iterations: 1
  [a=23 b=29 nt=1592] KSP converged reason: 4, iterations: 1
  [a=23 b=30 nt=1599] KSP converged reason: 4, iterations: 1
  [a=23 b=30 nt=1603] KSP converged reason: 4, iterations: 1
  [a=23 b=29 nt=1564] KSP converged reason: 4, iterations: 1
  [a=22 b=29 nt=1619] KSP converged reason: 4, iterations: 1
  [a=22 b=30 nt=1605] KSP converged reason: 4, iterations: 1
  [a=23 b=29 nt=1610] KSP converged reason: 4, iterations: 1
  [a=23 b=29 nt=1605] KSP converged reason: 4, iterations: 1
  [1409] viol   f=   0.293  a=22.7 b=29.4 gap=21.5 (face=3.0mm) n=[284, 194, 278, 271, 57, 53, 78, 258, 57, 62]  tape=0.293km B=9.99T unif=0.720% hoop=116MPa
  [1410] viol   f=   0.331  a=22.5 b=29.7 gap=21.5 (face=3.0mm) n=[280, 180, 265, 274, 72, 75, 60, 267, 62, 64]  tape=0.295km B=9.87T unif=0.489% hoop=116MPa
  [1411] OK     f=   0.301  a=22.8 b=29.5 gap=21.5 (face=3.0mm) n=[288, 184, 268, 264, 75, 65, 74, 267, 51, 78]  tape=0.301km B=10.15T unif=0.765% hoop=121MPa
  [1412] viol   f=   0.300  a=23.0 b=29.8 gap=21.5 (face=3.0mm) n=[276, 187, 280, 263, 68, 77, 75, 268, 51, 58]  tape=0.298km B=9.97T unif=0.625% hoop=119MPa
  [1413] viol   f=   0.438  a=22.7 b=29.9 gap=21.5 (face=3.0mm) n=[278, 184, 283, 268, 69, 51, 51, 264, 52, 59]  tape=0.289km B=9.73T unif=0.478% hoop=113MPa
  [1414] OK     f=   0.297  a=22.8 b=29.9 gap=21.5 (face=3.0mm) n=[286, 178, 262, 260, 86, 64, 55, 273, 53, 64]  tape=0.297km B=10.05T unif=0.983% hoop=121MPa
  [1415] viol   f=   0.303  a=22.6 b=29.4 gap=21.5 (face=3.0mm) n=[288, 176, 275, 251, 79, 60, 63, 253, 50, 69]  tape=0.291km B=9.92T unif=0.729% hoop=116MPa
  [1416] OK     f=   0.296  a=22.4 b=29.4 gap=21.5 (face=3.0mm) n=[281, 196, 269, 272, 56, 91, 76, 267, 51, 60]  tape=0.296km B=10.21T unif=0.549% hoop=119MPa
  [1417] viol   f=   0.316  a=22.5 b=29.5 gap=21.5 (face=3.0mm) n=[279, 189, 267, 269, 63, 68, 67, 272, 58, 73]  tape=0.294km B=9.90T unif=0.511% hoop=114MPa
  [1418] OK     f=   0.295  a=22.7 b=29.4 gap=21.5 (face=3.0mm) n=[279, 195, 281, 271, 50, 88, 78, 258, 56, 54]  tape=0.295km B=10.19T unif=0.405% hoop=120MPa
  [1419] viol   f=   0.300  a=22.6 b=29.4 gap=21.5 (face=3.0mm) n=[283, 183, 288, 261, 58, 83, 67, 272, 51, 59]  tape=0.296km B=9.95T unif=0.462% hoop=114MPa
  [a=22 b=29 nt=1582] KSP converged reason: 4, iterations: 1
  [a=23 b=29 nt=1585] KSP converged reason: 4, iterations: 1
  [a=23 b=29 nt=1632] KSP converged reason: 4, iterations: 1
  [a=23 b=30 nt=1624] KSP converged reason: 4, iterations: 1
  [a=22 b=29 nt=1596] KSP converged reason: 4, iterations: 1
  [a=23 b=30 nt=1595] KSP converged reason: 4, iterations: 1
  [a=23 b=30 nt=1552] KSP converged reason: 4, iterations: 1
  [a=23 b=30 nt=1559] KSP converged reason: 4, iterations: 1
  [a=23 b=29 nt=1599] KSP converged reason: 4, iterations: 1
  [a=23 b=30 nt=1616] KSP converged reason: 4, iterations: 1
  [a=23 b=29 nt=1640] KSP converged reason: 4, iterations: 1
  [1420] viol   f=   0.305  a=22.8 b=29.6 gap=21.5 (face=3.0mm) n=[285, 186, 279, 269, 59, 65, 85, 264, 53, 50]  tape=0.295km B=9.93T unif=0.783% hoop=115MPa
  [1421] viol   f=   0.292  a=22.5 b=29.4 gap=21.5 (face=3.0mm) n=[290, 193, 273, 265, 50, 66, 78, 267, 50, 50]  tape=0.292km B=9.99T unif=0.803% hoop=115MPa
  [1422] OK     f=   0.302  a=22.7 b=29.2 gap=21.5 (face=3.0mm) n=[268, 195, 270, 288, 62, 75, 79, 257, 67, 71]  tape=0.302km B=10.17T unif=0.823% hoop=124MPa
  [1423] viol   f=   0.309  a=22.6 b=29.3 gap=21.5 (face=3.0mm) n=[276, 187, 279, 267, 67, 63, 71, 254, 66, 55]  tape=0.290km B=9.90T unif=0.413% hoop=115MPa
  [1424] OK     f=   0.291  a=22.4 b=29.4 gap=21.5 (face=3.0mm) n=[277, 196, 278, 265, 59, 80, 79, 260, 50, 52]  tape=0.291km B=10.04T unif=0.904% hoop=115MPa
  [1425] OK     f=   0.300  a=22.7 b=29.7 gap=21.5 (face=3.0mm) n=[283, 194, 275, 269, 78, 68, 69, 269, 60, 59]  tape=0.300km B=10.24T unif=0.657% hoop=122MPa
  [1426] viol   f=   0.296  a=22.6 b=29.6 gap=21.5 (face=3.0mm) n=[280, 193, 279, 259, 73, 60, 51, 251, 54, 52]  tape=0.286km B=9.93T unif=0.670% hoop=116MPa
  [1427] viol   f=   1.090  a=22.6 b=29.7 gap=21.5 (face=3.0mm) n=[276, 187, 267, 275, 54, 51, 87, 261, 50, 51]  tape=0.286km B=9.37T unif=0.499% hoop=106MPa
  [1428] viol   f=   0.297  a=22.8 b=29.4 gap=21.5 (face=3.0mm) n=[285, 189, 276, 271, 58, 64, 81, 257, 66, 52]  tape=0.296km B=9.97T unif=0.875% hoop=116MPa
  [1429] OK     f=   0.298  a=22.7 b=29.7 gap=21.5 (face=3.0mm) n=[280, 186, 278, 267, 71, 63, 69, 270, 63, 69]  tape=0.298km B=10.01T unif=0.567% hoop=117MPa
  [1430] viol   f=  18.135  a=22.8 b=29.4 gap=21.5 (face=3.0mm) n=[276, 206, 268, 271, 63, 89, 82, 262, 57, 66]  tape=0.300km B=10.45T unif=1.299% hoop=124MPa
  [a=22 b=30 nt=1557] KSP converged reason: 4, iterations: 1
  [a=22 b=30 nt=1608] KSP converged reason: 4, iterations: 1
  [a=22 b=29 nt=1588] KSP converged reason: 4, iterations: 1
  [a=22 b=29 nt=1591] KSP converged reason: 4, iterations: 1
  [a=23 b=29 nt=1591] KSP converged reason: 4, iterations: 1
  [a=22 b=30 nt=1603] KSP converged reason: 4, iterations: 1
  [a=23 b=30 nt=1595] KSP converged reason: 4, iterations: 1
  [a=22 b=29 nt=1605] KSP converged reason: 4, iterations: 1
  [a=23 b=29 nt=1609] KSP converged reason: 4, iterations: 1
  [a=23 b=29 nt=1599] KSP converged reason: 4, iterations: 1
  [a=22 b=29 nt=1603] KSP converged reason: 4, iterations: 1
  [1431] viol   f=   0.331  a=22.5 b=29.6 gap=21.5 (face=3.0mm) n=[281, 193, 272, 272, 52, 61, 68, 256, 52, 50]  tape=0.286km B=9.85T unif=0.590% hoop=115MPa
  [1432] OK     f=   0.296  a=22.5 b=29.6 gap=21.5 (face=3.0mm) n=[283, 198, 280, 248, 75, 75, 70, 270, 56, 53]  tape=0.296km B=10.12T unif=0.643% hoop=118MPa
  [1433] OK     f=   0.290  a=22.5 b=29.5 gap=21.5 (face=3.0mm) n=[277, 194, 278, 278, 50, 75, 78, 253, 51, 54]  tape=0.290km B=10.09T unif=0.498% hoop=117MPa
  [1434] OK     f=   0.297  a=22.4 b=29.8 gap=21.5 (face=3.0mm) n=[282, 191, 274, 256, 77, 66, 69, 271, 60, 57]  tape=0.297km B=10.06T unif=0.666% hoop=118MPa
  [1435] viol   f= 112.643  a=22.7 b=29.2 gap=21.5 (face=3.0mm) n=[273, 212, 271, 260, 62, 71, 61, 254, 72, 55]  tape=0.289km B=10.14T unif=1.750% hoop=118MPa
  [1436] viol   f=   0.292  a=22.5 b=29.4 gap=21.5 (face=3.0mm) n=[285, 196, 280, 262, 61, 56, 71, 268, 55, 57]  tape=0.292km B=9.99T unif=0.644% hoop=115MPa
  [1437] OK     f=   0.292  a=22.3 b=29.4 gap=21.5 (face=3.0mm) n=[281, 197, 273, 276, 50, 83, 76, 265, 53, 51]  tape=0.292km B=10.16T unif=0.501% hoop=117MPa
  [1438] OK     f=   0.296  a=22.7 b=29.5 gap=21.5 (face=3.0mm) n=[285, 189, 279, 263, 68, 71, 80, 253, 56, 51]  tape=0.296km B=10.07T unif=0.724% hoop=117MPa
  [1439] OK     f=   0.297  a=22.6 b=29.4 gap=21.5 (face=3.0mm) n=[284, 193, 286, 265, 61, 85, 76, 249, 58, 52]  tape=0.297km B=10.11T unif=0.599% hoop=116MPa
  [1440] OK     f=   0.294  a=22.7 b=29.4 gap=21.5 (face=3.0mm) n=[283, 199, 273, 263, 56, 72, 76, 266, 53, 58]  tape=0.294km B=10.03T unif=0.559% hoop=117MPa
  [1441] OK     f=   0.295  a=22.4 b=29.4 gap=21.5 (face=3.0mm) n=[286, 186, 281, 258, 50, 79, 82, 267, 57, 57]  tape=0.295km B=10.28T unif=0.546% hoop=119MPa
  [a=22 b=29 nt=1598] KSP converged reason: 4, iterations: 1
  [a=22 b=29 nt=1609] KSP converged reason: 4, iterations: 1
  [a=22 b=29 nt=1670] KSP converged reason: 4, iterations: 1
  [a=22 b=30 nt=1562] KSP converged reason: 4, iterations: 1
  [a=22 b=29 nt=1581] KSP converged reason: 4, iterations: 1
  [a=22 b=30 nt=1618] KSP converged reason: 4, iterations: 1
  [a=22 b=29 nt=1595] KSP converged reason: 4, iterations: 1
  [a=22 b=30 nt=1582] KSP converged reason: 4, iterations: 1
  [a=22 b=30 nt=1564] KSP converged reason: 4, iterations: 1
  [a=22 b=30 nt=1563] KSP converged reason: 4, iterations: 1
  [a=23 b=29 nt=1612] KSP converged reason: 4, iterations: 1
  [1442] viol   f=   0.340  a=22.4 b=29.8 gap=21.5 (face=3.0mm) n=[279, 191, 276, 278, 57, 58, 59, 263, 51, 50]  tape=0.286km B=9.84T unif=0.480% hoop=113MPa
  [1443] OK     f=   0.293  a=22.3 b=29.2 gap=21.5 (face=3.0mm) n=[284, 188, 278, 274, 50, 70, 88, 268, 52, 57]  tape=0.293km B=10.10T unif=0.676% hoop=115MPa
  [1444] viol   f=   2.548  a=22.4 b=29.2 gap=21.5 (face=3.0mm) n=[277, 205, 285, 281, 68, 92, 96, 258, 51, 57]  tape=0.305km B=10.40T unif=1.106% hoop=119MPa
  [1445] OK     f=   0.298  a=22.4 b=29.6 gap=21.5 (face=3.0mm) n=[284, 202, 286, 270, 51, 75, 85, 259, 54, 52]  tape=0.298km B=10.33T unif=0.622% hoop=119MPa
  [1446] viol   f=   0.295  a=22.4 b=29.3 gap=21.5 (face=3.0mm) n=[284, 194, 279, 248, 63, 66, 72, 263, 55, 57]  tape=0.291km B=9.95T unif=0.792% hoop=115MPa
  [1447] OK     f=   0.294  a=22.5 b=29.4 gap=21.5 (face=3.0mm) n=[286, 190, 284, 261, 67, 72, 82, 256, 50, 50]  tape=0.294km B=10.10T unif=0.741% hoop=115MPa
  [1448] OK     f=   0.292  a=22.4 b=29.5 gap=21.5 (face=3.0mm) n=[276, 199, 283, 273, 52, 69, 79, 258, 54, 52]  tape=0.292km B=10.04T unif=0.788% hoop=117MPa
  [1449] viol   f=   0.320  a=22.3 b=29.8 gap=21.5 (face=3.0mm) n=[287, 196, 280, 247, 52, 72, 65, 270, 60, 53]  tape=0.293km B=9.88T unif=0.745% hoop=114MPa
  [1450] viol   f=   0.307  a=22.3 b=29.5 gap=21.5 (face=3.0mm) n=[288, 197, 263, 261, 57, 64, 74, 252, 53, 55]  tape=0.290km B=9.91T unif=0.777% hoop=114MPa
  [1451] viol   f=   0.321  a=22.4 b=29.6 gap=21.5 (face=3.0mm) n=[285, 188, 273, 274, 55, 57, 64, 256, 50, 61]  tape=0.288km B=9.87T unif=0.620% hoop=113MPa
  [1452] viol   f=   0.297  a=22.7 b=29.4 gap=21.5 (face=3.0mm) n=[278, 192, 279, 260, 59, 75, 94, 256, 53, 66]  tape=0.297km B=10.00T unif=0.488% hoop=117MPa
  [a=22 b=29 nt=1649] KSP converged reason: 4, iterations: 1
  [a=22 b=30 nt=1580] KSP converged reason: 4, iterations: 1
  [a=22 b=29 nt=1608] KSP converged reason: 4, iterations: 1
  [a=22 b=30 nt=1634] KSP converged reason: 4, iterations: 1
  [a=22 b=29 nt=1580] KSP converged reason: 4, iterations: 1
  [a=22 b=29 nt=1591] KSP converged reason: 4, iterations: 1
  [a=23 b=29 nt=1588] KSP converged reason: 4, iterations: 1
  [a=23 b=29 nt=1625] KSP converged reason: 4, iterations: 1
  [a=22 b=29 nt=1589] KSP converged reason: 4, iterations: 1
  [a=22 b=29 nt=1625] KSP converged reason: 4, iterations: 1
  [a=22 b=30 nt=1613] KSP converged reason: 4, iterations: 1
  [1453] OK     f=   0.303  a=22.2 b=29.1 gap=21.5 (face=3.0mm) n=[278, 193, 294, 267, 51, 103, 95, 262, 53, 53]  tape=0.303km B=10.36T unif=0.521% hoop=120MPa
  [1454] OK     f=   0.286  a=22.2 b=29.3 gap=21.5 (face=3.0mm) n=[278, 198, 277, 265, 50, 60, 84, 263, 51, 54]  tape=0.286km B=10.03T unif=0.701% hoop=114MPa
  [1455] viol   f=   0.319  a=22.5 b=29.5 gap=21.5 (face=3.0mm) n=[284, 194, 286, 249, 61, 54, 63, 275, 55, 59]  tape=0.290km B=9.88T unif=0.898% hoop=114MPa
  [1456] OK     f=   0.301  a=22.5 b=29.6 gap=21.5 (face=3.0mm) n=[285, 195, 283, 264, 58, 73, 91, 268, 63, 54]  tape=0.301km B=10.14T unif=0.668% hoop=116MPa
  [1457] OK     f=   0.298  a=22.4 b=29.5 gap=21.5 (face=3.0mm) n=[282, 195, 293, 264, 51, 84, 79, 252, 51, 57]  tape=0.298km B=10.14T unif=0.483% hoop=118MPa
  [1458] OK     f=   0.289  a=22.3 b=29.4 gap=21.5 (face=3.0mm) n=[276, 188, 277, 277, 53, 66, 81, 265, 51, 57]  tape=0.289km B=10.01T unif=0.398% hoop=115MPa
  [1459] viol   f=   0.326  a=22.6 b=29.4 gap=21.5 (face=3.0mm) n=[286, 176, 282, 274, 64, 65, 70, 256, 51, 64]  tape=0.293km B=9.87T unif=0.573% hoop=113MPa
  [1460] OK     f=   0.297  a=22.6 b=29.2 gap=21.5 (face=3.0mm) n=[280, 195, 281, 278, 52, 78, 88, 249, 51, 73]  tape=0.297km B=10.20T unif=0.286% hoop=118MPa
  [1461] OK     f=   0.290  a=22.4 b=29.3 gap=21.5 (face=3.0mm) n=[280, 192, 279, 269, 50, 78, 83, 255, 51, 52]  tape=0.290km B=10.13T unif=0.457% hoop=118MPa
  [1462] OK     f=   0.296  a=22.4 b=29.2 gap=21.5 (face=3.0mm) n=[281, 193, 287, 274, 51, 80, 87, 267, 55, 50]  tape=0.296km B=10.18T unif=0.341% hoop=117MPa
  [1463] OK     f=   0.296  a=22.2 b=29.5 gap=21.5 (face=3.0mm) n=[283, 197, 274, 271, 50, 86, 85, 260, 54, 53]  tape=0.296km B=10.22T unif=0.563% hoop=118MPa
  [a=22 b=29 nt=1560] KSP converged reason: 4, iterations: 1
  [a=22 b=29 nt=1633] KSP converged reason: 4, iterations: 1
  [a=22 b=30 nt=1566] KSP converged reason: 4, iterations: 1
  [a=23 b=29 nt=1590] KSP converged reason: 4, iterations: 1
  [a=22 b=29 nt=1575] KSP converged reason: 4, iterations: 1
  [a=23 b=30 nt=1621] KSP converged reason: 4, iterations: 1
  [a=22 b=29 nt=1591] KSP converged reason: 4, iterations: 1
  [a=22 b=29 nt=1606] KSP converged reason: 4, iterations: 1
  [a=22 b=30 nt=1588] KSP converged reason: 4, iterations: 1
  [a=22 b=29 nt=1603] KSP converged reason: 4, iterations: 1
  [a=22 b=29 nt=1600] KSP converged reason: 4, iterations: 1
  [1464] viol   f=   0.297  a=22.5 b=29.5 gap=21.5 (face=3.0mm) n=[276, 198, 283, 264, 50, 61, 82, 254, 64, 58]  tape=0.293km B=9.95T unif=0.782% hoop=116MPa
  [1465] viol   f=   0.326  a=22.2 b=29.3 gap=21.5 (face=3.0mm) n=[279, 186, 262, 277, 51, 53, 79, 262, 54, 57]  tape=0.283km B=9.85T unif=0.816% hoop=113MPa
  [1466] viol   f=   0.393  a=22.3 b=29.1 gap=21.5 (face=3.0mm) n=[283, 196, 280, 254, 52, 61, 74, 267, 52, 56]  tape=0.286km B=9.77T unif=0.638% hoop=111MPa
  [1467] OK     f=   0.298  a=22.2 b=29.2 gap=21.5 (face=3.0mm) n=[284, 192, 275, 274, 57, 84, 108, 254, 50, 55]  tape=0.298km B=10.02T unif=0.694% hoop=112MPa
  [1468] viol   f=   0.344  a=22.3 b=29.7 gap=21.5 (face=3.0mm) n=[290, 193, 267, 258, 54, 52, 78, 254, 57, 63]  tape=0.292km B=9.84T unif=0.853% hoop=113MPa
  [1469] OK     f=   0.298  a=22.5 b=29.5 gap=21.5 (face=3.0mm) n=[282, 197, 285, 274, 59, 77, 72, 264, 50, 61]  tape=0.298km B=10.24T unif=0.405% hoop=119MPa
  [1470] viol   f=   0.589  a=22.4 b=29.4 gap=21.5 (face=3.0mm) n=[275, 200, 290, 263, 53, 81, 75, 254, 50, 50]  tape=0.294km B=10.08T unif=1.038% hoop=119MPa
  [1471] viol   f=   0.292  a=22.3 b=29.3 gap=21.5 (face=3.0mm) n=[274, 198, 281, 268, 50, 55, 84, 275, 61, 60]  tape=0.292km B=10.02T unif=1.000% hoop=116MPa
  [1472] OK     f=   0.293  a=22.4 b=29.7 gap=21.5 (face=3.0mm) n=[284, 198, 281, 256, 52, 74, 79, 264, 50, 50]  tape=0.293km B=10.02T unif=0.651% hoop=116MPa
  [1473] viol   f=   0.293  a=22.1 b=29.3 gap=21.5 (face=3.0mm) n=[273, 196, 283, 261, 61, 74, 79, 266, 59, 51]  tape=0.293km B=9.98T unif=0.843% hoop=116MPa
  [1474] OK     f=   0.290  a=22.3 b=29.3 gap=21.5 (face=3.0mm) n=[273, 190, 274, 278, 54, 69, 86, 268, 58, 50]  tape=0.290km B=10.04T unif=0.565% hoop=117MPa
  [a=22 b=30 nt=1610] KSP converged reason: 4, iterations: 1
  [a=22 b=29 nt=1624] KSP converged reason: 4, iterations: 1
  [a=22 b=29 nt=1628] KSP converged reason: 4, iterations: 1
  [a=22 b=30 nt=1580] KSP converged reason: 4, iterations: 1
  [a=22 b=29 nt=1608] KSP converged reason: 4, iterations: 1
  [a=22 b=29 nt=1602] KSP converged reason: 4, iterations: 1
  [a=22 b=29 nt=1587] KSP converged reason: 4, iterations: 1
  [a=22 b=29 nt=1595] KSP converged reason: 4, iterations: 1
  [a=22 b=29 nt=1607] KSP converged reason: 4, iterations: 1
  [a=22 b=29 nt=1589] KSP converged reason: 4, iterations: 1
  [a=22 b=29 nt=1619] KSP converged reason: 4, iterations: 1
  [1475] OK     f=   0.297  a=22.4 b=29.2 gap=21.5 (face=3.0mm) n=[281, 197, 290, 264, 52, 75, 86, 275, 54, 50]  tape=0.297km B=10.14T unif=0.434% hoop=118MPa
  [1476] OK     f=   0.291  a=22.4 b=29.6 gap=21.5 (face=3.0mm) n=[282, 198, 276, 259, 50, 60, 85, 259, 58, 53]  tape=0.291km B=10.04T unif=0.612% hoop=117MPa
  [1477] OK     f=   0.298  a=22.3 b=29.4 gap=21.5 (face=3.0mm) n=[280, 197, 286, 267, 50, 66, 86, 274, 63, 59]  tape=0.298km B=10.12T unif=0.415% hoop=117MPa
  [1478] viol   f=  45.852  a=22.2 b=29.3 gap=21.5 (face=3.0mm) n=[271, 200, 278, 275, 55, 78, 77, 266, 58, 50]  tape=0.291km B=10.22T unif=1.477% hoop=118MPa
  [1479] viol   f=   0.298  a=22.5 b=29.7 gap=21.5 (face=3.1mm) n=[275, 196, 272, 288, 50, 59, 87, 261, 54, 68]  tape=0.298km B=10.00T unif=0.879% hoop=118MPa
  [1480] viol   f=   0.298  a=22.2 b=29.1 gap=21.5 (face=3.0mm) n=[271, 193, 270, 278, 50, 66, 79, 275, 69, 51]  tape=0.289km B=9.93T unif=0.544% hoop=115MPa
  [1481] viol   f=   0.289  a=22.4 b=29.4 gap=21.5 (face=3.0mm) n=[274, 195, 275, 271, 52, 69, 82, 261, 57, 51]  tape=0.288km B=9.98T unif=0.499% hoop=116MPa
  [1482] viol   f=   0.315  a=22.2 b=29.4 gap=21.5 (face=3.1mm) n=[275, 184, 283, 269, 54, 52, 89, 281, 58, 50]  tape=0.290km B=9.89T unif=0.410% hoop=113MPa
  [1483] viol   f=  26.077  a=22.0 b=29.2 gap=21.5 (face=3.0mm) n=[275, 203, 277, 265, 51, 63, 85, 271, 62, 55]  tape=0.289km B=10.12T unif=1.359% hoop=115MPa
  [1484] viol   f=   0.324  a=22.3 b=29.4 gap=21.5 (face=3.0mm) n=[270, 193, 271, 268, 51, 56, 80, 272, 60, 68]  tape=0.287km B=9.86T unif=0.730% hoop=114MPa
  [1485] viol   f= 119.971  a=22.4 b=29.4 gap=21.5 (face=3.0mm) n=[274, 207, 275, 267, 54, 75, 89, 262, 66, 50]  tape=0.294km B=10.33T unif=1.774% hoop=119MPa
  [a=22 b=29 nt=1613] KSP converged reason: 4, iterations: 1
  [a=22 b=29 nt=1583] KSP converged reason: 4, iterations: 1
  [a=22 b=29 nt=1615] KSP converged reason: 4, iterations: 1
  [a=22 b=29 nt=1585] KSP converged reason: 4, iterations: 1
  [a=23 b=30 nt=1583] KSP converged reason: 4, iterations: 1
  [a=22 b=29 nt=1617] KSP converged reason: 4, iterations: 1
  [a=22 b=30 nt=1598] KSP converged reason: 4, iterations: 1
  [a=22 b=29 nt=1619] KSP converged reason: 4, iterations: 1
  [a=22 b=30 nt=1571] KSP converged reason: 4, iterations: 1
  [a=23 b=29 nt=1579] KSP converged reason: 4, iterations: 1
  [a=22 b=29 nt=1617] KSP converged reason: 4, iterations: 1
  [1486] viol   f=   0.331  a=22.5 b=29.7 gap=21.5 (face=3.0mm) n=[279, 190, 270, 271, 54, 59, 80, 261, 55, 64]  tape=0.291km B=9.86T unif=0.537% hoop=115MPa
  [1487] viol   f=   0.303  a=22.3 b=29.4 gap=21.5 (face=3.0mm) n=[279, 208, 276, 254, 53, 59, 74, 267, 65, 50]  tape=0.289km B=10.02T unif=1.008% hoop=116MPa
  [1488] OK     f=   0.294  a=22.3 b=29.4 gap=21.5 (face=3.1mm) n=[279, 192, 269, 279, 54, 69, 98, 265, 57, 53]  tape=0.294km B=10.13T unif=0.482% hoop=117MPa
  [1489] OK     f=   0.297  a=22.4 b=29.5 gap=21.5 (face=3.0mm) n=[285, 201, 279, 265, 66, 68, 91, 258, 50, 50]  tape=0.297km B=10.22T unif=0.518% hoop=117MPa
  [1490] OK     f=   0.286  a=22.1 b=29.3 gap=21.5 (face=3.0mm) n=[276, 195, 272, 271, 58, 62, 81, 266, 52, 50]  tape=0.286km B=10.00T unif=0.770% hoop=114MPa
  [1491] OK     f=   0.295  a=22.5 b=29.5 gap=21.5 (face=3.0mm) n=[278, 205, 274, 267, 51, 65, 95, 264, 60, 58]  tape=0.295km B=10.22T unif=0.913% hoop=119MPa
  [1492] OK     f=   0.292  a=22.5 b=29.6 gap=21.5 (face=3.0mm) n=[278, 203, 273, 268, 51, 72, 78, 265, 55, 55]  tape=0.292km B=10.17T unif=0.871% hoop=119MPa
  [1493] viol   f=   0.356  a=22.5 b=29.3 gap=21.5 (face=3.0mm) n=[272, 194, 277, 258, 58, 60, 78, 265, 64, 53]  tape=0.288km B=9.82T unif=0.831% hoop=115MPa
  [1494] viol   f=   0.323  a=22.5 b=29.6 gap=21.5 (face=3.0mm) n=[274, 190, 273, 277, 54, 58, 85, 259, 51, 50]  tape=0.287km B=9.87T unif=0.488% hoop=115MPa
  [1495] OK     f=   0.295  a=22.4 b=29.1 gap=21.5 (face=3.0mm) n=[280, 196, 286, 261, 50, 69, 87, 269, 65, 56]  tape=0.295km B=10.12T unif=0.368% hoop=117MPa
  [1496] OK     f=   0.294  a=22.3 b=29.3 gap=21.5 (face=3.0mm) n=[279, 201, 280, 269, 50, 83, 96, 255, 54, 50]  tape=0.294km B=10.38T unif=0.944% hoop=120MPa
  [a=22 b=29 nt=1601] KSP converged reason: 4, iterations: 1
  [a=22 b=30 nt=1591] KSP converged reason: 4, iterations: 1
  [a=22 b=30 nt=1570] KSP converged reason: 4, iterations: 1
  [a=22 b=30 nt=1571] KSP converged reason: 4, iterations: 1
  [a=22 b=29 nt=1607] KSP converged reason: 4, iterations: 1
  [a=22 b=29 nt=1609] KSP converged reason: 4, iterations: 1
  [a=22 b=29 nt=1584] KSP converged reason: 4, iterations: 1
  [a=23 b=29 nt=1609] KSP converged reason: 4, iterations: 1
  [a=22 b=29 nt=1600] KSP converged reason: 4, iterations: 1
  [a=22 b=30 nt=1573] KSP converged reason: 4, iterations: 1
  [a=22 b=30 nt=1585] KSP converged reason: 4, iterations: 1
  [1497] viol   f=  19.227  a=22.1 b=29.5 gap=21.5 (face=3.1mm) n=[273, 203, 276, 273, 50, 64, 86, 278, 50, 56]  tape=0.291km B=10.13T unif=1.308% hoop=115MPa
  [1498] OK     f=   0.293  a=22.4 b=29.5 gap=21.5 (face=3.0mm) n=[276, 197, 274, 267, 51, 80, 96, 258, 52, 56]  tape=0.293km B=10.22T unif=0.939% hoop=118MPa
  [1499] viol   f=   0.297  a=22.2 b=29.6 gap=21.5 (face=3.0mm) n=[274, 196, 267, 281, 57, 67, 68, 258, 53, 50]  tape=0.288km B=9.93T unif=0.673% hoop=115MPa
  [1500] viol   f=   0.317  a=22.3 b=29.6 gap=21.5 (face=3.0mm) n=[287, 193, 269, 255, 50, 59, 94, 262, 50, 51]  tape=0.291km B=9.88T unif=0.726% hoop=114MPa
  [1501] OK     f=   0.292  a=22.4 b=29.5 gap=21.5 (face=3.0mm) n=[282, 193, 266, 272, 55, 69, 85, 262, 53, 54]  tape=0.292km B=10.01T unif=0.655% hoop=116MPa
  [1502] OK     f=   0.295  a=22.5 b=29.5 gap=21.5 (face=3.0mm) n=[283, 207, 265, 260, 55, 55, 86, 257, 71, 62]  tape=0.295km B=10.03T unif=0.940% hoop=117MPa
  [1503] OK     f=   0.288  a=22.2 b=29.4 gap=21.5 (face=3.1mm) n=[280, 189, 273, 277, 53, 54, 92, 251, 58, 57]  tape=0.288km B=10.00T unif=0.624% hoop=113MPa
  [1504] OK     f=   0.293  a=22.6 b=29.3 gap=21.5 (face=3.0mm) n=[276, 200, 278, 273, 50, 59, 88, 265, 62, 58]  tape=0.293km B=10.07T unif=0.916% hoop=118MPa
  [1505] viol   f=   0.310  a=22.1 b=29.6 gap=21.5 (face=3.0mm) n=[277, 194, 262, 265, 50, 62, 79, 267, 65, 52]  tape=0.287km B=9.89T unif=0.610% hoop=115MPa
  [1506] OK     f=   0.291  a=22.3 b=29.5 gap=21.5 (face=3.0mm) n=[276, 196, 277, 270, 52, 63, 80, 266, 62, 58]  tape=0.291km B=10.01T unif=0.830% hoop=115MPa
  [1507] viol   f=   0.291  a=22.4 b=29.5 gap=21.5 (face=3.0mm) n=[281, 196, 276, 263, 50, 63, 93, 263, 50, 50]  tape=0.290km B=9.99T unif=0.586% hoop=115MPa
  [a=22 b=29 nt=1595] KSP converged reason: 4, iterations: 1
  [a=22 b=30 nt=1590] KSP converged reason: 4, iterations: 1
  [a=22 b=29 nt=1619] KSP converged reason: 4, iterations: 1
  [a=22 b=29 nt=1594] KSP converged reason: 4, iterations: 1
  [a=22 b=29 nt=1619] KSP converged reason: 4, iterations: 1
  [a=22 b=29 nt=1585] KSP converged reason: 4, iterations: 1
  [a=22 b=29 nt=1622] KSP converged reason: 4, iterations: 1
  [a=22 b=29 nt=1645] KSP converged reason: 4, iterations: 1
  [a=22 b=29 nt=1600] KSP converged reason: 4, iterations: 1
  [a=22 b=29 nt=1601] KSP converged reason: 4, iterations: 1
  [a=22 b=29 nt=1590] KSP converged reason: 4, iterations: 1
  [1508] OK     f=   0.296  a=22.4 b=29.2 gap=21.5 (face=3.0mm) n=[276, 191, 282, 274, 60, 86, 97, 250, 52, 51]  tape=0.296km B=10.26T unif=0.412% hoop=119MPa
  [1509] viol   f=   0.289  a=22.3 b=29.5 gap=21.5 (face=3.0mm) n=[280, 189, 278, 277, 53, 55, 89, 257, 50, 57]  tape=0.289km B=9.98T unif=0.578% hoop=114MPa
  [1510] OK     f=   0.291  a=22.2 b=29.4 gap=21.5 (face=3.0mm) n=[279, 195, 265, 274, 57, 58, 95, 253, 58, 60]  tape=0.291km B=10.04T unif=0.536% hoop=116MPa
  [1511] viol   f=   0.306  a=22.4 b=29.7 gap=21.5 (face=3.0mm) n=[281, 192, 273, 258, 57, 70, 90, 253, 50, 66]  tape=0.294km B=9.92T unif=0.688% hoop=115MPa
  [1512] OK     f=   0.294  a=22.3 b=29.1 gap=21.5 (face=3.0mm) n=[273, 195, 279, 282, 56, 70, 98, 259, 55, 52]  tape=0.294km B=10.21T unif=0.692% hoop=119MPa
  [1513] viol   f=   0.289  a=22.3 b=29.4 gap=21.5 (face=3.0mm) n=[281, 195, 272, 280, 52, 52, 85, 271, 56, 51]  tape=0.289km B=9.99T unif=0.641% hoop=114MPa
  [1514] OK     f=   0.296  a=22.5 b=29.3 gap=21.5 (face=3.0mm) n=[282, 191, 277, 275, 61, 62, 96, 259, 69, 50]  tape=0.296km B=10.24T unif=0.661% hoop=118MPa
  [1515] OK     f=   0.302  a=22.3 b=29.4 gap=21.5 (face=3.0mm) n=[281, 199, 289, 268, 68, 66, 92, 267, 56, 59]  tape=0.302km B=10.27T unif=0.751% hoop=118MPa
  [1516] OK     f=   0.293  a=22.3 b=29.5 gap=21.5 (face=3.1mm) n=[284, 188, 275, 276, 54, 57, 92, 265, 53, 56]  tape=0.293km B=10.06T unif=0.638% hoop=116MPa
  [1517] OK     f=   0.292  a=22.2 b=29.3 gap=21.5 (face=3.0mm) n=[281, 193, 274, 272, 57, 62, 91, 256, 60, 55]  tape=0.292km B=10.17T unif=0.495% hoop=117MPa
  [1518] viol   f=   0.292  a=22.4 b=29.4 gap=21.5 (face=3.0mm) n=[283, 198, 269, 271, 53, 50, 93, 259, 58, 56]  tape=0.291km B=9.98T unif=0.680% hoop=116MPa
  [a=22 b=29 nt=1599] KSP converged reason: 4, iterations: 1
  [a=22 b=30 nt=1602] KSP converged reason: 4, iterations: 1
  [a=22 b=30 nt=1595] KSP converged reason: 4, iterations: 1
  [a=22 b=29 nt=1596] KSP converged reason: 4, iterations: 1
  [a=22 b=30 nt=1579] KSP converged reason: 4, iterations: 1
  [a=22 b=30 nt=1577] KSP converged reason: 4, iterations: 1
  [a=22 b=29 nt=1598] KSP converged reason: 4, iterations: 1
  [a=22 b=29 nt=1612] KSP converged reason: 4, iterations: 1
  [a=22 b=29 nt=1584] KSP converged reason: 4, iterations: 1
  [a=22 b=30 nt=1603] KSP converged reason: 4, iterations: 1
  [a=22 b=30 nt=1586] KSP converged reason: 4, iterations: 1
  [1519] OK     f=   0.293  a=22.4 b=29.5 gap=21.5 (face=3.0mm) n=[285, 186, 273, 282, 51, 52, 92, 261, 57, 56]  tape=0.293km B=10.02T unif=0.616% hoop=115MPa
  [1520] viol   f=   0.303  a=22.3 b=29.5 gap=21.5 (face=3.0mm) n=[279, 190, 270, 277, 52, 56, 87, 257, 51, 60]  tape=0.288km B=9.91T unif=0.618% hoop=114MPa
  [1521] viol   f=   0.293  a=22.3 b=29.3 gap=21.5 (face=3.1mm) n=[283, 186, 272, 288, 50, 50, 96, 257, 58, 59]  tape=0.293km B=10.00T unif=0.540% hoop=114MPa
  [1522] OK     f=   0.291  a=22.2 b=29.4 gap=21.5 (face=3.0mm) n=[283, 192, 273, 287, 50, 52, 100, 256, 50, 53]  tape=0.291km B=10.05T unif=0.582% hoop=114MPa
  [1523] viol   f=   0.303  a=22.4 b=29.6 gap=21.5 (face=3.0mm) n=[284, 197, 282, 254, 55, 53, 89, 257, 55, 51]  tape=0.291km B=9.92T unif=0.701% hoop=114MPa
  [1524] OK     f=   0.295  a=22.4 b=29.7 gap=21.5 (face=3.0mm) n=[285, 196, 280, 269, 54, 60, 86, 266, 52, 54]  tape=0.295km B=10.11T unif=0.582% hoop=115MPa
  [1525] OK     f=   0.291  a=22.3 b=29.3 gap=21.5 (face=3.1mm) n=[286, 186, 279, 285, 50, 57, 84, 259, 51, 61]  tape=0.291km B=10.12T unif=0.388% hoop=114MPa
  [1526] viol   f=   0.290  a=22.1 b=29.3 gap=21.5 (face=3.0mm) n=[285, 191, 273, 275, 50, 50, 93, 262, 50, 55]  tape=0.288km B=9.97T unif=0.566% hoop=113MPa
  [1527] OK     f=   0.293  a=22.2 b=29.3 gap=21.5 (face=3.0mm) n=[284, 197, 276, 281, 53, 57, 98, 257, 54, 55]  tape=0.293km B=10.16T unif=0.549% hoop=115MPa
  [1528] OK     f=   0.294  a=22.3 b=29.5 gap=21.5 (face=3.1mm) n=[285, 188, 276, 271, 50, 56, 89, 268, 68, 52]  tape=0.294km B=10.01T unif=0.546% hoop=114MPa
  [1529] OK     f=   0.289  a=22.3 b=29.6 gap=21.5 (face=3.0mm) n=[277, 196, 276, 276, 53, 60, 86, 260, 51, 51]  tape=0.289km B=10.06T unif=0.704% hoop=116MPa
  [a=22 b=29 nt=1604] KSP converged reason: 4, iterations: 1
  [a=23 b=30 nt=1606] KSP converged reason: 4, iterations: 1
  [a=22 b=30 nt=1626] KSP converged reason: 4, iterations: 1
  [a=22 b=29 nt=1580] KSP converged reason: 4, iterations: 1
  [a=22 b=29 nt=1598] KSP converged reason: 4, iterations: 1
  [a=22 b=29 nt=1594] KSP converged reason: 4, iterations: 1
  [a=22 b=29 nt=1617] KSP converged reason: 4, iterations: 1
  [a=22 b=29 nt=1573] KSP converged reason: 4, iterations: 1
  [a=22 b=29 nt=1608] KSP converged reason: 4, iterations: 1
  [a=22 b=30 nt=1601] KSP converged reason: 4, iterations: 1
  [a=22 b=29 nt=1601] KSP converged reason: 4, iterations: 1
  [1530] OK     f=   0.290  a=22.2 b=29.5 gap=21.5 (face=3.1mm) n=[284, 192, 278, 279, 51, 57, 84, 265, 52, 52]  tape=0.290km B=10.06T unif=0.583% hoop=114MPa
  [1531] viol   f=   0.298  a=22.1 b=29.4 gap=21.6 (face=3.1mm) n=[283, 190, 272, 290, 50, 50, 90, 270, 50, 59]  tape=0.293km B=9.95T unif=0.538% hoop=112MPa
  [1532] OK     f=   0.291  a=22.0 b=29.3 gap=21.5 (face=3.1mm) n=[283, 191, 271, 278, 63, 60, 91, 252, 55, 54]  tape=0.291km B=10.14T unif=0.555% hoop=115MPa
  [1533] OK     f=   0.289  a=22.3 b=29.4 gap=21.5 (face=3.0mm) n=[282, 195, 277, 264, 51, 53, 88, 253, 57, 60]  tape=0.289km B=10.12T unif=0.570% hoop=117MPa
  [1534] OK     f=   0.297  a=22.5 b=29.6 gap=21.5 (face=3.0mm) n=[290, 195, 276, 279, 56, 51, 90, 257, 57, 55]  tape=0.297km B=10.12T unif=0.651% hoop=117MPa
  [1535] OK     f=   0.297  a=22.2 b=29.5 gap=21.5 (face=3.0mm) n=[285, 190, 276, 283, 50, 66, 91, 266, 65, 54]  tape=0.297km B=10.19T unif=0.631% hoop=115MPa
  [1536] OK     f=   0.295  a=22.4 b=29.3 gap=21.5 (face=3.0mm) n=[284, 189, 287, 280, 58, 65, 77, 265, 61, 51]  tape=0.295km B=10.20T unif=0.562% hoop=116MPa
  [1537] viol   f=   0.289  a=22.3 b=29.4 gap=21.5 (face=3.1mm) n=[287, 188, 272, 267, 50, 57, 88, 259, 55, 50]  tape=0.289km B=9.99T unif=0.654% hoop=114MPa
  [1538] OK     f=   0.295  a=22.2 b=29.5 gap=21.5 (face=3.0mm) n=[287, 193, 275, 279, 59, 52, 95, 256, 52, 60]  tape=0.295km B=10.13T unif=0.470% hoop=114MPa
  [1539] OK     f=   0.294  a=22.3 b=29.6 gap=21.5 (face=3.0mm) n=[286, 190, 284, 274, 51, 54, 93, 259, 50, 60]  tape=0.294km B=10.14T unif=0.778% hoop=115MPa
  [1540] OK     f=   0.290  a=22.2 b=29.3 gap=21.5 (face=3.0mm) n=[283, 195, 281, 281, 58, 51, 93, 257, 52, 50]  tape=0.290km B=10.12T unif=0.492% hoop=114MPa
  [a=22 b=29 nt=1584] KSP converged reason: 4, iterations: 1
  [a=22 b=30 nt=1596] KSP converged reason: 4, iterations: 1
  [a=22 b=30 nt=1580] KSP converged reason: 4, iterations: 1
  [a=22 b=29 nt=1576] KSP converged reason: 4, iterations: 1
  [a=22 b=29 nt=1579] KSP converged reason: 4, iterations: 1
  [a=22 b=29 nt=1576] KSP converged reason: 4, iterations: 1
  [a=22 b=30 nt=1579] KSP converged reason: 4, iterations: 1
  [a=22 b=30 nt=1569] KSP converged reason: 4, iterations: 1
  [a=22 b=29 nt=1600] KSP converged reason: 4, iterations: 1
  [a=22 b=29 nt=1567] KSP converged reason: 4, iterations: 1
  [a=22 b=29 nt=1568] KSP converged reason: 4, iterations: 1
  [1541] viol   f=   0.310  a=22.3 b=29.4 gap=21.5 (face=3.1mm) n=[287, 184, 273, 277, 50, 57, 86, 259, 51, 52]  tape=0.289km B=9.90T unif=0.577% hoop=114MPa
  [1542] OK     f=   0.291  a=22.2 b=29.4 gap=21.5 (face=3.1mm) n=[288, 185, 277, 267, 53, 51, 94, 253, 50, 66]  tape=0.291km B=10.14T unif=0.627% hoop=117MPa
  [1543] viol   f=   0.317  a=22.2 b=29.6 gap=21.5 (face=3.0mm) n=[290, 193, 266, 261, 57, 50, 85, 253, 64, 61]  tape=0.294km B=9.89T unif=0.999% hoop=113MPa
  [1544] OK     f=   0.296  a=22.3 b=29.5 gap=21.5 (face=3.1mm) n=[295, 196, 277, 267, 50, 56, 95, 256, 50, 54]  tape=0.296km B=10.12T unif=0.750% hoop=115MPa
  [1545] viol   f=   0.337  a=22.4 b=29.4 gap=21.5 (face=3.0mm) n=[281, 188, 270, 273, 64, 50, 77, 266, 50, 60]  tape=0.288km B=9.84T unif=0.724% hoop=112MPa
  [1546] viol   f=   0.300  a=22.1 b=29.4 gap=21.5 (face=3.0mm) n=[283, 195, 271, 268, 58, 50, 84, 264, 52, 51]  tape=0.287km B=9.92T unif=0.643% hoop=113MPa
  [1547] viol   f=   0.315  a=22.2 b=29.5 gap=21.5 (face=3.0mm) n=[293, 193, 281, 259, 51, 55, 83, 258, 52, 54]  tape=0.292km B=9.89T unif=0.777% hoop=111MPa
  [1548] viol   f=   0.290  a=22.2 b=29.6 gap=21.5 (face=3.1mm) n=[282, 188, 268, 284, 54, 54, 92, 245, 50, 52]  tape=0.288km B=9.97T unif=0.603% hoop=115MPa
  [1549] OK     f=   0.291  a=22.2 b=29.4 gap=21.5 (face=3.1mm) n=[283, 198, 278, 276, 63, 53, 88, 258, 51, 52]  tape=0.291km B=10.11T unif=0.527% hoop=114MPa
  [1550] viol   f=   0.311  a=22.4 b=29.4 gap=21.5 (face=3.0mm) n=[281, 196, 278, 263, 51, 51, 86, 261, 50, 50]  tape=0.286km B=9.89T unif=0.545% hoop=114MPa
  [1551] viol   f=   0.319  a=22.3 b=29.4 gap=21.5 (face=3.0mm) n=[284, 179, 280, 276, 51, 50, 85, 257, 50, 56]  tape=0.286km B=9.87T unif=0.437% hoop=113MPa
  [a=22 b=29 nt=1562] KSP converged reason: 4, iterations: 1
  [a=22 b=29 nt=1591] KSP converged reason: 4, iterations: 1
  [a=22 b=30 nt=1568] KSP converged reason: 4, iterations: 1
  [a=22 b=30 nt=1587] KSP converged reason: 4, iterations: 1
  [a=22 b=29 nt=1591] KSP converged reason: 4, iterations: 1
  [a=22 b=29 nt=1561] KSP converged reason: 4, iterations: 1
  [a=22 b=29 nt=1572] KSP converged reason: 4, iterations: 1
  [a=22 b=29 nt=1587] KSP converged reason: 4, iterations: 1
  [a=22 b=29 nt=1621] KSP converged reason: 4, iterations: 1
  [a=22 b=29 nt=1573] KSP converged reason: 4, iterations: 1
  [a=22 b=30 nt=1576] KSP converged reason: 4, iterations: 1
  [1552] viol   f=   0.327  a=22.1 b=29.6 gap=21.5 (face=3.0mm) n=[286, 193, 270, 258, 60, 52, 78, 265, 50, 56]  tape=0.289km B=9.86T unif=0.700% hoop=112MPa
  [1553] OK     f=   0.291  a=22.2 b=29.5 gap=21.5 (face=3.1mm) n=[284, 195, 271, 283, 55, 53, 91, 253, 56, 50]  tape=0.291km B=10.11T unif=0.527% hoop=115MPa
  [1554] OK     f=   0.289  a=22.1 b=29.3 gap=21.5 (face=3.1mm) n=[283, 193, 271, 282, 54, 58, 97, 251, 50, 52]  tape=0.289km B=10.05T unif=0.509% hoop=113MPa
  [1555] viol   f=   0.310  a=22.2 b=29.4 gap=21.5 (face=3.1mm) n=[286, 187, 269, 272, 52, 50, 92, 246, 58, 50]  tape=0.287km B=9.89T unif=0.850% hoop=113MPa
  [1556] OK     f=   0.293  a=22.2 b=29.6 gap=21.5 (face=3.1mm) n=[287, 196, 274, 276, 50, 56, 89, 251, 50, 58]  tape=0.293km B=10.05T unif=0.597% hoop=114MPa
  [1557] viol   f=   0.290  a=22.1 b=29.5 gap=21.6 (face=3.1mm) n=[285, 190, 269, 273, 51, 55, 91, 243, 51, 53]  tape=0.287km B=9.96T unif=0.544% hoop=113MPa
  [1558] OK     f=   0.288  a=22.0 b=29.3 gap=21.6 (face=3.1mm) n=[287, 190, 274, 268, 53, 54, 89, 245, 55, 57]  tape=0.288km B=10.08T unif=0.716% hoop=114MPa
  [1559] OK     f=   0.290  a=22.1 b=29.5 gap=21.5 (face=3.1mm) n=[285, 186, 278, 278, 50, 54, 96, 258, 51, 51]  tape=0.290km B=10.00T unif=0.787% hoop=112MPa
  [1560] viol   f=   0.308  a=22.1 b=29.4 gap=21.5 (face=3.1mm) n=[284, 186, 272, 278, 51, 57, 89, 253, 50, 53]  tape=0.288km B=9.90T unif=0.489% hoop=111MPa
  [1561] OK     f=   0.297  a=22.2 b=29.4 gap=21.5 (face=3.1mm) n=[283, 193, 268, 287, 65, 50, 97, 259, 52, 67]  tape=0.297km B=10.21T unif=0.548% hoop=118MPa
  [1562] viol   f=   0.290  a=22.3 b=29.5 gap=21.5 (face=3.1mm) n=[285, 195, 270, 280, 50, 57, 88, 247, 50, 54]  tape=0.289km B=10.00T unif=0.600% hoop=114MPa
  [a=22 b=29 nt=1588] KSP converged reason: 4, iterations: 1
  [a=22 b=29 nt=1610] KSP converged reason: 4, iterations: 1
  [a=22 b=30 nt=1584] KSP converged reason: 4, iterations: 1
  [a=22 b=29 nt=1616] KSP converged reason: 4, iterations: 1
  [a=22 b=29 nt=1595] KSP converged reason: 4, iterations: 1
  [a=22 b=29 nt=1583] KSP converged reason: 4, iterations: 1
  [a=22 b=30 nt=1596] KSP converged reason: 4, iterations: 1
  [a=22 b=29 nt=1582] KSP converged reason: 4, iterations: 1
  [a=22 b=29 nt=1588] KSP converged reason: 4, iterations: 1
  [a=22 b=29 nt=1584] KSP converged reason: 4, iterations: 1
  [a=22 b=29 nt=1601] KSP converged reason: 4, iterations: 1
  [1563] OK     f=   0.295  a=22.0 b=29.3 gap=21.5 (face=3.1mm) n=[291, 192, 282, 277, 68, 50, 94, 248, 50, 58]  tape=0.295km B=10.21T unif=0.528% hoop=114MPa
  [1564] OK     f=   0.292  a=22.3 b=29.5 gap=21.6 (face=3.1mm) n=[285, 192, 269, 280, 62, 52, 90, 246, 50, 62]  tape=0.292km B=10.12T unif=0.593% hoop=118MPa
  [1565] OK     f=   0.289  a=22.1 b=29.3 gap=21.6 (face=3.1mm) n=[285, 194, 281, 262, 50, 57, 89, 254, 60, 51]  tape=0.289km B=10.04T unif=0.658% hoop=112MPa
  [1566] OK     f=   0.292  a=22.2 b=29.6 gap=21.5 (face=3.0mm) n=[289, 198, 272, 270, 60, 52, 92, 251, 50, 50]  tape=0.292km B=10.04T unif=0.710% hoop=114MPa
  [1567] OK     f=   0.297  a=22.1 b=29.4 gap=21.5 (face=3.1mm) n=[290, 191, 277, 262, 62, 59, 96, 267, 54, 58]  tape=0.297km B=10.10T unif=0.759% hoop=113MPa
  [1568] OK     f=   0.294  a=22.3 b=29.3 gap=21.5 (face=3.1mm) n=[291, 192, 268, 273, 51, 50, 98, 253, 50, 69]  tape=0.294km B=10.05T unif=0.963% hoop=115MPa
  [1569] OK     f=   0.295  a=22.2 b=29.5 gap=21.6 (face=3.1mm) n=[286, 192, 266, 268, 67, 53, 100, 250, 53, 61]  tape=0.295km B=10.05T unif=0.609% hoop=117MPa
  [1570] OK     f=   0.289  a=22.1 b=29.3 gap=21.5 (face=3.0mm) n=[283, 190, 272, 283, 58, 63, 85, 242, 50, 56]  tape=0.289km B=10.06T unif=0.690% hoop=113MPa
  [1571] OK     f=   0.290  a=22.1 b=29.2 gap=21.6 (face=3.1mm) n=[287, 187, 272, 279, 50, 58, 102, 249, 52, 52]  tape=0.290km B=10.04T unif=0.684% hoop=112MPa
  [1572] viol   f=   0.291  a=22.3 b=29.4 gap=21.5 (face=3.1mm) n=[281, 194, 276, 271, 61, 50, 95, 247, 52, 57]  tape=0.289km B=9.97T unif=0.481% hoop=113MPa
  [1573] OK     f=   0.293  a=22.1 b=29.2 gap=21.6 (face=3.1mm) n=[288, 194, 276, 264, 51, 66, 91, 260, 57, 54]  tape=0.293km B=10.33T unif=0.623% hoop=119MPa
  [a=22 b=29 nt=1596] KSP converged reason: 4, iterations: 1
  [a=22 b=29 nt=1576] KSP converged reason: 4, iterations: 1
  [a=22 b=29 nt=1584] KSP converged reason: 4, iterations: 1
  [a=22 b=29 nt=1590] KSP converged reason: 4, iterations: 1
  [a=22 b=29 nt=1565] KSP converged reason: 4, iterations: 1
  [a=22 b=30 nt=1576] KSP converged reason: 4, iterations: 1
  [a=22 b=29 nt=1583] KSP converged reason: 4, iterations: 1
  [a=22 b=29 nt=1575] KSP converged reason: 4, iterations: 1
  [a=22 b=30 nt=1574] KSP converged reason: 4, iterations: 1
  [a=22 b=29 nt=1609] KSP converged reason: 4, iterations: 1
  [a=22 b=29 nt=1566] KSP converged reason: 4, iterations: 1
  [1574] OK     f=   0.288  a=21.9 b=29.3 gap=21.6 (face=3.1mm) n=[288, 187, 274, 275, 55, 61, 92, 243, 51, 50]  tape=0.288km B=10.07T unif=0.643% hoop=112MPa
  [1575] OK     f=   0.291  a=22.1 b=29.2 gap=21.6 (face=3.2mm) n=[285, 187, 276, 280, 51, 61, 102, 247, 56, 51]  tape=0.291km B=10.08T unif=0.427% hoop=112MPa
  [1576] OK     f=   0.289  a=22.3 b=29.1 gap=21.5 (face=3.1mm) n=[285, 192, 279, 273, 56, 50, 92, 257, 52, 54]  tape=0.289km B=10.09T unif=0.666% hoop=114MPa
  [1577] viol   f=   0.315  a=22.2 b=29.3 gap=21.6 (face=3.1mm) n=[280, 186, 276, 267, 59, 63, 82, 250, 55, 66]  tape=0.289km B=9.89T unif=0.469% hoop=111MPa
  [1578] OK     f=   0.289  a=22.2 b=29.5 gap=21.5 (face=3.0mm) n=[285, 196, 277, 273, 63, 51, 83, 247, 51, 50]  tape=0.289km B=10.03T unif=0.590% hoop=113MPa
  [1579] viol   f=   0.303  a=22.0 b=29.2 gap=21.6 (face=3.1mm) n=[278, 188, 277, 278, 52, 56, 78, 244, 62, 52]  tape=0.283km B=9.90T unif=0.407% hoop=111MPa
  [1580] OK     f=   0.288  a=22.1 b=29.3 gap=21.5 (face=3.0mm) n=[283, 197, 276, 280, 52, 54, 92, 247, 52, 50]  tape=0.288km B=10.11T unif=0.519% hoop=114MPa
  [1581] viol   f=   0.291  a=22.1 b=29.4 gap=21.5 (face=3.1mm) n=[285, 195, 276, 253, 60, 60, 90, 249, 53, 54]  tape=0.290km B=9.97T unif=0.736% hoop=114MPa
  [1582] viol   f=   0.292  a=22.1 b=29.6 gap=21.5 (face=3.1mm) n=[277, 190, 276, 266, 55, 62, 79, 259, 58, 52]  tape=0.287km B=9.95T unif=0.486% hoop=113MPa
  [1583] OK     f=   0.292  a=22.1 b=29.0 gap=21.6 (face=3.2mm) n=[280, 193, 272, 285, 54, 60, 100, 254, 50, 61]  tape=0.292km B=10.13T unif=0.366% hoop=116MPa
  [1584] viol   f=   0.290  a=22.0 b=29.4 gap=21.5 (face=3.1mm) n=[287, 188, 274, 274, 52, 55, 79, 257, 50, 50]  tape=0.286km B=9.95T unif=0.786% hoop=112MPa
  [a=22 b=29 nt=1617] KSP converged reason: 4, iterations: 1
  [a=22 b=29 nt=1568] KSP converged reason: 4, iterations: 1
  [a=22 b=29 nt=1599] KSP converged reason: 4, iterations: 1
  [a=22 b=29 nt=1576] KSP converged reason: 4, iterations: 1
  [a=22 b=29 nt=1586] KSP converged reason: 4, iterations: 1
  [a=22 b=29 nt=1583] KSP converged reason: 4, iterations: 1
  [a=22 b=29 nt=1599] KSP converged reason: 4, iterations: 1
  [a=22 b=29 nt=1571] KSP converged reason: 4, iterations: 1
  [a=22 b=29 nt=1589] KSP converged reason: 4, iterations: 1
  [a=22 b=29 nt=1588] KSP converged reason: 4, iterations: 1
  [a=22 b=29 nt=1584] KSP converged reason: 4, iterations: 1
  [1585] OK     f=   0.289  a=22.2 b=29.3 gap=21.5 (face=3.1mm) n=[284, 190, 274, 283, 64, 50, 82, 249, 50, 60]  tape=0.289km B=10.11T unif=0.932% hoop=115MPa
  [1586] OK     f=   0.286  a=22.0 b=29.2 gap=21.6 (face=3.1mm) n=[286, 189, 280, 276, 51, 50, 95, 248, 50, 51]  tape=0.286km B=10.03T unif=0.674% hoop=111MPa
  [1587] OK     f=   0.290  a=22.3 b=29.1 gap=21.5 (face=3.1mm) n=[287, 183, 287, 277, 57, 60, 83, 264, 50, 51]  tape=0.290km B=10.14T unif=0.387% hoop=114MPa
  [1588] viol   f=   0.318  a=22.1 b=29.4 gap=21.5 (face=3.0mm) n=[286, 185, 271, 271, 61, 59, 77, 254, 51, 53]  tape=0.288km B=9.88T unif=0.973% hoop=111MPa
  [1589] OK     f=   0.294  a=21.9 b=29.1 gap=21.6 (face=3.1mm) n=[291, 198, 290, 270, 52, 59, 98, 252, 56, 51]  tape=0.294km B=10.41T unif=0.600% hoop=115MPa
  [1590] OK     f=   0.286  a=22.0 b=29.1 gap=21.5 (face=3.1mm) n=[282, 190, 281, 277, 52, 51, 90, 246, 60, 54]  tape=0.286km B=10.06T unif=0.614% hoop=113MPa
  [1591] OK     f=   0.291  a=22.2 b=29.1 gap=21.5 (face=3.0mm) n=[288, 199, 285, 269, 50, 61, 83, 254, 57, 53]  tape=0.291km B=10.25T unif=0.532% hoop=115MPa
  [1592] OK     f=   0.286  a=22.0 b=29.1 gap=21.6 (face=3.1mm) n=[285, 191, 280, 268, 53, 56, 78, 247, 58, 55]  tape=0.286km B=10.01T unif=0.467% hoop=111MPa
  [1593] OK     f=   0.290  a=22.1 b=29.4 gap=21.5 (face=3.1mm) n=[281, 190, 271, 278, 57, 72, 84, 249, 56, 51]  tape=0.290km B=10.07T unif=0.554% hoop=114MPa
  [1594] OK     f=   0.288  a=22.1 b=29.1 gap=21.5 (face=3.0mm) n=[284, 199, 270, 274, 53, 62, 89, 244, 52, 57]  tape=0.288km B=10.10T unif=0.875% hoop=115MPa
  [1595] OK     f=   0.293  a=21.9 b=29.3 gap=21.6 (face=3.1mm) n=[283, 191, 266, 296, 61, 56, 82, 238, 56, 59]  tape=0.293km B=10.02T unif=0.572% hoop=116MPa
  [a=22 b=29 nt=1601] KSP converged reason: 4, iterations: 1
  [a=22 b=29 nt=1564] KSP converged reason: 4, iterations: 1
  [a=22 b=29 nt=1557] KSP converged reason: 4, iterations: 1
  [a=22 b=29 nt=1600] KSP converged reason: 4, iterations: 1
  [a=22 b=29 nt=1577] KSP converged reason: 4, iterations: 1
  [a=22 b=29 nt=1589] KSP converged reason: 4, iterations: 1
  [a=22 b=29 nt=1593] KSP converged reason: 4, iterations: 1
  [a=22 b=29 nt=1577] KSP converged reason: 4, iterations: 1
  [a=22 b=29 nt=1578] KSP converged reason: 4, iterations: 1
  [a=22 b=29 nt=1568] KSP converged reason: 4, iterations: 1
  [a=22 b=29 nt=1579] KSP converged reason: 4, iterations: 1
  [1596] OK     f=   0.283  a=21.7 b=28.9 gap=21.5 (face=3.1mm) n=[281, 197, 289, 273, 50, 51, 84, 237, 50, 52]  tape=0.283km B=10.06T unif=0.626% hoop=112MPa
  [1597] viol   f=   0.294  a=21.9 b=29.3 gap=21.5 (face=3.1mm) n=[287, 187, 276, 276, 50, 55, 82, 244, 50, 50]  tape=0.284km B=9.93T unif=0.662% hoop=111MPa
  [1598] viol   f=   0.291  a=21.9 b=29.3 gap=21.5 (face=3.1mm) n=[282, 184, 282, 281, 52, 51, 92, 242, 53, 58]  tape=0.286km B=9.95T unif=0.556% hoop=110MPa
  [1599] OK     f=   0.291  a=22.0 b=29.0 gap=21.5 (face=3.1mm) n=[284, 203, 287, 258, 57, 61, 91, 252, 50, 57]  tape=0.291km B=10.16T unif=0.473% hoop=113MPa
  [1600] OK     f=   0.294  a=21.9 b=29.1 gap=21.6 (face=3.2mm) n=[290, 187, 271, 268, 63, 69, 92, 245, 58, 58]  tape=0.294km B=10.10T unif=0.631% hoop=114MPa
  [1601] OK     f=   0.288  a=22.1 b=29.3 gap=21.5 (face=3.0mm) n=[285, 193, 277, 282, 53, 52, 82, 262, 52, 51]  tape=0.288km B=10.05T unif=0.416% hoop=113MPa
  [1602] OK     f=   0.284  a=21.9 b=29.1 gap=21.6 (face=3.1mm) n=[280, 186, 276, 277, 63, 50, 81, 255, 55, 54]  tape=0.284km B=10.02T unif=0.493% hoop=112MPa
  [1603] OK     f=   0.288  a=22.3 b=29.0 gap=21.5 (face=3.1mm) n=[280, 193, 279, 278, 54, 62, 80, 253, 61, 53]  tape=0.288km B=10.10T unif=0.444% hoop=115MPa
  [1604] OK     f=   0.288  a=22.0 b=29.2 gap=21.6 (face=3.1mm) n=[289, 188, 272, 283, 51, 53, 86, 243, 63, 50]  tape=0.288km B=10.01T unif=0.646% hoop=112MPa
  [1605] viol   f=   0.294  a=22.1 b=29.3 gap=21.5 (face=3.0mm) n=[276, 190, 279, 276, 50, 50, 94, 245, 51, 57]  tape=0.285km B=9.93T unif=0.383% hoop=113MPa
  [1606] OK     f=   0.286  a=22.1 b=29.0 gap=21.6 (face=3.1mm) n=[281, 187, 278, 277, 54, 61, 82, 240, 60, 59]  tape=0.286km B=10.05T unif=0.681% hoop=112MPa
  [a=22 b=29 nt=1606] KSP converged reason: 4, iterations: 1
  [a=22 b=29 nt=1593] KSP converged reason: 4, iterations: 1
  [a=22 b=29 nt=1589] KSP converged reason: 4, iterations: 1
  [a=22 b=29 nt=1592] KSP converged reason: 4, iterations: 1
  [a=22 b=29 nt=1575] KSP converged reason: 4, iterations: 1
  [a=22 b=29 nt=1575] KSP converged reason: 4, iterations: 1
  [a=22 b=29 nt=1571] KSP converged reason: 4, iterations: 1
  [a=22 b=29 nt=1571] KSP converged reason: 4, iterations: 1
  [a=22 b=29 nt=1561] KSP converged reason: 4, iterations: 1
  [a=22 b=29 nt=1556] KSP converged reason: 4, iterations: 1
  [a=22 b=29 nt=1585] KSP converged reason: 4, iterations: 1
  [1607] OK     f=   0.286  a=22.0 b=29.2 gap=21.6 (face=3.1mm) n=[281, 180, 286, 279, 62, 57, 81, 247, 50, 52]  tape=0.286km B=10.03T unif=0.416% hoop=113MPa
  [1608] OK     f=   0.282  a=21.6 b=28.8 gap=21.6 (face=3.2mm) n=[279, 192, 283, 285, 56, 50, 82, 239, 59, 50]  tape=0.282km B=10.00T unif=0.389% hoop=110MPa
  [1609] OK     f=   0.292  a=22.0 b=29.1 gap=21.6 (face=3.2mm) n=[281, 184, 281, 288, 63, 56, 88, 243, 58, 64]  tape=0.292km B=10.17T unif=0.388% hoop=113MPa
  [1610] OK     f=   0.291  a=22.1 b=29.2 gap=21.5 (face=3.1mm) n=[289, 195, 291, 271, 56, 52, 77, 255, 56, 51]  tape=0.291km B=10.10T unif=0.661% hoop=112MPa
  [1611] OK     f=   0.287  a=21.8 b=29.0 gap=21.6 (face=3.1mm) n=[276, 194, 283, 278, 59, 61, 89, 247, 50, 52]  tape=0.287km B=10.13T unif=0.711% hoop=114MPa
  [1612] OK     f=   0.288  a=22.0 b=29.3 gap=21.5 (face=3.1mm) n=[280, 193, 282, 282, 63, 51, 86, 253, 51, 51]  tape=0.288km B=10.05T unif=0.315% hoop=112MPa
  [1613] viol   f=   0.304  a=21.7 b=28.7 gap=21.6 (face=3.2mm) n=[272, 187, 274, 285, 52, 51, 91, 255, 52, 52]  tape=0.282km B=9.90T unif=0.569% hoop=111MPa
  [1614] OK     f=   0.284  a=21.8 b=29.1 gap=21.5 (face=3.1mm) n=[281, 196, 270, 268, 52, 58, 93, 248, 52, 53]  tape=0.284km B=10.08T unif=0.706% hoop=113MPa
  [1615] OK     f=   0.285  a=22.1 b=29.3 gap=21.5 (face=3.0mm) n=[285, 200, 281, 266, 55, 50, 88, 231, 50, 50]  tape=0.285km B=10.02T unif=0.727% hoop=113MPa
  [1616] viol   f=   0.297  a=22.1 b=29.2 gap=21.5 (face=3.1mm) n=[289, 179, 282, 260, 66, 56, 79, 241, 53, 56]  tape=0.287km B=9.93T unif=0.571% hoop=111MPa
  [1617] OK     f=   0.285  a=21.9 b=29.0 gap=21.6 (face=3.1mm) n=[283, 191, 276, 275, 63, 50, 84, 254, 56, 53]  tape=0.285km B=10.00T unif=0.486% hoop=110MPa
  [a=22 b=29 nt=1589] KSP converged reason: 4, iterations: 1
  [a=22 b=29 nt=1595] KSP converged reason: 4, iterations: 1
  [a=22 b=29 nt=1573] KSP converged reason: 4, iterations: 1
  [a=22 b=29 nt=1567] KSP converged reason: 4, iterations: 1
  [a=22 b=29 nt=1576] KSP converged reason: 4, iterations: 1
  [a=22 b=29 nt=1546] KSP converged reason: 4, iterations: 1
  [a=22 b=29 nt=1557] KSP converged reason: 4, iterations: 1
  [a=22 b=29 nt=1617] KSP converged reason: 4, iterations: 1
  [a=22 b=29 nt=1568] KSP converged reason: 4, iterations: 1
  [a=22 b=29 nt=1592] KSP converged reason: 4, iterations: 1
  [a=22 b=29 nt=1561] KSP converged reason: 4, iterations: 1
  [1618] OK     f=   0.286  a=21.7 b=28.9 gap=21.6 (face=3.1mm) n=[280, 192, 278, 282, 65, 53, 95, 234, 51, 59]  tape=0.286km B=10.12T unif=0.565% hoop=111MPa
  [1619] OK     f=   0.287  a=21.7 b=29.0 gap=21.6 (face=3.1mm) n=[281, 200, 271, 283, 56, 64, 96, 238, 50, 56]  tape=0.287km B=10.29T unif=0.852% hoop=115MPa
  [1620] OK     f=   0.287  a=21.8 b=29.3 gap=21.6 (face=3.2mm) n=[286, 193, 282, 268, 66, 51, 82, 237, 50, 58]  tape=0.287km B=10.06T unif=0.546% hoop=110MPa
  [1621] OK     f=   0.278  a=21.6 b=28.6 gap=21.5 (face=3.1mm) n=[279, 194, 276, 272, 52, 66, 74, 247, 54, 53]  tape=0.278km B=10.05T unif=0.504% hoop=110MPa
  [1622] viol   f=   0.291  a=21.6 b=28.7 gap=21.6 (face=3.2mm) n=[275, 192, 276, 288, 51, 55, 81, 251, 57, 50]  tape=0.283km B=9.94T unif=0.776% hoop=110MPa
  [1623] viol   f=   0.322  a=21.8 b=29.2 gap=21.5 (face=3.1mm) n=[273, 190, 274, 273, 57, 51, 79, 249, 50, 50]  tape=0.278km B=9.85T unif=0.784% hoop=110MPa
  [1624] viol   f=   0.282  a=21.8 b=29.3 gap=21.5 (face=3.0mm) n=[280, 199, 277, 265, 63, 54, 72, 245, 52, 50]  tape=0.282km B=9.99T unif=0.701% hoop=112MPa
  [1625] viol   f=  19.780  a=21.8 b=28.8 gap=21.5 (face=3.1mm) n=[275, 202, 288, 272, 55, 81, 92, 247, 51, 54]  tape=0.292km B=10.33T unif=1.312% hoop=116MPa
  [1626] OK     f=   0.282  a=21.8 b=28.9 gap=21.5 (face=3.1mm) n=[280, 194, 280, 275, 55, 52, 84, 238, 56, 54]  tape=0.282km B=10.08T unif=0.448% hoop=112MPa
  [1627] OK     f=   0.283  a=22.0 b=29.1 gap=21.5 (face=3.0mm) n=[278, 185, 275, 279, 67, 56, 91, 229, 50, 51]  tape=0.283km B=10.07T unif=0.728% hoop=114MPa
  [1628] OK     f=   0.287  a=21.6 b=29.0 gap=21.6 (face=3.2mm) n=[283, 190, 274, 275, 53, 59, 95, 241, 64, 58]  tape=0.287km B=10.17T unif=0.539% hoop=142MPa
  [a=22 b=29 nt=1564] KSP converged reason: 4, iterations: 1
  [a=22 b=29 nt=1562] KSP converged reason: 4, iterations: 1
  [a=22 b=29 nt=1575] KSP converged reason: 4, iterations: 1
  [a=22 b=29 nt=1551] KSP converged reason: 4, iterations: 1
  [a=22 b=29 nt=1584] KSP converged reason: 4, iterations: 1
  [a=22 b=29 nt=1548] KSP converged reason: 4, iterations: 1
  [a=22 b=29 nt=1583] KSP converged reason: 4, iterations: 1
  [a=22 b=29 nt=1562] KSP converged reason: 4, iterations: 1
  [a=22 b=29 nt=1539] KSP converged reason: 4, iterations: 1
  [a=22 b=29 nt=1561] KSP converged reason: 4, iterations: 1
  [a=22 b=29 nt=1584] KSP converged reason: 4, iterations: 1
  [1629] OK     f=   0.288  a=21.9 b=29.0 gap=21.5 (face=3.0mm) n=[282, 198, 289, 265, 50, 62, 82, 244, 57, 55]  tape=0.288km B=10.20T unif=0.483% hoop=115MPa
  [1630] viol   f=   0.284  a=21.9 b=29.0 gap=21.5 (face=3.1mm) n=[279, 197, 272, 269, 50, 50, 69, 253, 62, 50]  tape=0.279km B=9.95T unif=0.648% hoop=112MPa
  [1631] OK     f=   0.283  a=21.9 b=28.9 gap=21.5 (face=3.0mm) n=[284, 194, 270, 279, 50, 57, 81, 255, 50, 55]  tape=0.283km B=10.08T unif=0.938% hoop=113MPa
  [1632] OK     f=   0.281  a=21.7 b=28.8 gap=21.6 (face=3.1mm) n=[279, 197, 286, 270, 51, 59, 73, 242, 54, 53]  tape=0.281km B=10.03T unif=0.686% hoop=111MPa
  [1633] OK     f=   0.284  a=21.8 b=29.1 gap=21.5 (face=3.1mm) n=[283, 191, 283, 258, 66, 69, 69, 237, 56, 50]  tape=0.284km B=10.03T unif=0.532% hoop=110MPa
  [1634] viol   f=   1.360  a=21.8 b=29.1 gap=21.5 (face=3.1mm) n=[272, 193, 268, 271, 61, 61, 75, 238, 58, 51]  tape=0.278km B=9.98T unif=1.074% hoop=113MPa
  [1635] OK     f=   0.286  a=21.7 b=28.9 gap=21.5 (face=3.1mm) n=[280, 194, 289, 266, 62, 53, 71, 253, 61, 54]  tape=0.286km B=10.01T unif=0.617% hoop=111MPa
  [1636] OK     f=   0.286  a=22.1 b=28.9 gap=21.5 (face=3.1mm) n=[283, 195, 284, 285, 59, 56, 76, 240, 50, 56]  tape=0.286km B=10.13T unif=0.369% hoop=113MPa
  [1637] viol   f=   1.100  a=21.7 b=28.7 gap=21.6 (face=3.2mm) n=[276, 191, 279, 274, 51, 51, 68, 248, 51, 50]  tape=0.273km B=9.36T unif=0.408% hoop=99MPa
  [1638] viol   f=   0.280  a=21.7 b=28.8 gap=21.5 (face=3.1mm) n=[283, 192, 277, 272, 65, 50, 71, 245, 54, 53]  tape=0.280km B=9.99T unif=0.515% hoop=109MPa
  [1639] viol   f=   0.279  a=21.6 b=28.7 gap=21.5 (face=3.1mm) n=[280, 194, 284, 276, 51, 58, 68, 242, 52, 56]  tape=0.279km B=9.98T unif=0.378% hoop=109MPa
  [a=22 b=29 nt=1569] KSP converged reason: 4, iterations: 1
  [a=22 b=29 nt=1585] KSP converged reason: 4, iterations: 1
  [a=22 b=29 nt=1577] KSP converged reason: 4, iterations: 1
  [a=22 b=29 nt=1584] KSP converged reason: 4, iterations: 1
  [a=22 b=29 nt=1559] KSP converged reason: 4, iterations: 1
  [a=22 b=29 nt=1597] KSP converged reason: 4, iterations: 1
  [a=22 b=29 nt=1547] KSP converged reason: 4, iterations: 1
  [a=21 b=29 nt=1613] KSP converged reason: 4, iterations: 1
  [a=21 b=28 nt=1546] KSP converged reason: 4, iterations: 1
  [a=22 b=29 nt=1578] KSP converged reason: 4, iterations: 1
  [a=22 b=29 nt=1563] KSP converged reason: 4, iterations: 1
  [1640] viol   f=   0.317  a=21.9 b=29.2 gap=21.5 (face=3.0mm) n=[288, 189, 279, 257, 51, 60, 73, 256, 60, 56]  tape=0.287km B=9.88T unif=0.670% hoop=110MPa
  [1641] OK     f=   0.287  a=22.0 b=29.1 gap=21.5 (face=3.0mm) n=[288, 199, 287, 272, 61, 50, 71, 249, 57, 51]  tape=0.287km B=10.14T unif=0.613% hoop=112MPa
  [1642] OK     f=   0.282  a=21.7 b=28.8 gap=21.6 (face=3.1mm) n=[279, 188, 282, 269, 50, 78, 75, 253, 50, 53]  tape=0.282km B=10.16T unif=0.448% hoop=114MPa
  [1643] viol   f=   0.285  a=22.0 b=28.8 gap=21.5 (face=3.0mm) n=[283, 196, 285, 253, 64, 51, 65, 252, 55, 55]  tape=0.282km B=9.96T unif=0.643% hoop=112MPa
  [1644] OK     f=   0.285  a=21.7 b=28.7 gap=21.6 (face=3.1mm) n=[281, 182, 282, 282, 75, 54, 75, 252, 58, 56]  tape=0.285km B=10.16T unif=0.253% hoop=110MPa
  [1645] OK     f=   0.284  a=21.7 b=28.6 gap=21.5 (face=3.0mm) n=[281, 192, 288, 266, 51, 75, 60, 254, 66, 51]  tape=0.284km B=10.17T unif=0.341% hoop=113MPa
  [1646] viol   f=   0.341  a=21.6 b=28.7 gap=21.6 (face=3.1mm) n=[281, 181, 281, 268, 66, 52, 53, 256, 54, 55]  tape=0.275km B=9.82T unif=0.448% hoop=107MPa
  [1647] OK     f=   0.288  a=21.5 b=28.7 gap=21.5 (face=3.1mm) n=[283, 201, 282, 269, 59, 68, 78, 251, 51, 71]  tape=0.288km B=10.24T unif=0.840% hoop=111MPa
  [1648] viol   f=   0.363  a=21.4 b=28.4 gap=21.6 (face=3.2mm) n=[270, 188, 288, 267, 55, 66, 58, 244, 55, 55]  tape=0.276km B=9.79T unif=0.959% hoop=109MPa
  [1649] OK     f=   0.284  a=21.9 b=29.1 gap=21.5 (face=3.1mm) n=[284, 198, 279, 267, 56, 50, 72, 239, 57, 61]  tape=0.284km B=10.01T unif=0.704% hoop=111MPa
  [1650] OK     f=   0.285  a=21.8 b=28.8 gap=21.6 (face=3.1mm) n=[278, 195, 286, 292, 57, 53, 75, 241, 51, 50]  tape=0.285km B=10.05T unif=0.337% hoop=112MPa
  [a=22 b=29 nt=1562] KSP converged reason: 4, iterations: 1
  [a=22 b=29 nt=1654] KSP converged reason: 4, iterations: 1
  [a=22 b=29 nt=1580] KSP converged reason: 4, iterations: 1
  [a=22 b=29 nt=1576] KSP converged reason: 4, iterations: 1
  [a=22 b=29 nt=1606] KSP converged reason: 4, iterations: 1
  [a=22 b=29 nt=1549] KSP converged reason: 4, iterations: 1
  [a=22 b=29 nt=1571] KSP converged reason: 4, iterations: 1
  [a=22 b=29 nt=1565] KSP converged reason: 4, iterations: 1
  [a=22 b=29 nt=1611] KSP converged reason: 4, iterations: 1
  [a=22 b=29 nt=1568] KSP converged reason: 4, iterations: 1
  [a=22 b=29 nt=1600] KSP converged reason: 4, iterations: 1
  [1651] OK     f=   0.288  a=21.6 b=28.9 gap=21.5 (face=3.1mm) n=[284, 197, 278, 278, 54, 54, 77, 256, 69, 59]  tape=0.288km B=10.22T unif=0.609% hoop=112MPa
  [1652] OK     f=   0.300  a=21.8 b=29.2 gap=21.5 (face=3.1mm) n=[279, 198, 286, 275, 65, 80, 80, 258, 64, 69]  tape=0.300km B=10.33T unif=0.725% hoop=115MPa
  [1653] viol   f=  14.476  a=21.8 b=28.7 gap=21.6 (face=3.1mm) n=[279, 202, 286, 265, 58, 66, 66, 247, 53, 58]  tape=0.284km B=10.09T unif=1.266% hoop=112MPa
  [1654] OK     f=   0.282  a=22.0 b=28.9 gap=21.5 (face=3.0mm) n=[285, 196, 279, 263, 51, 57, 61, 260, 57, 53]  tape=0.282km B=10.15T unif=0.545% hoop=115MPa
  [1655] OK     f=   0.282  a=21.6 b=28.6 gap=21.6 (face=3.1mm) n=[281, 188, 280, 268, 67, 74, 83, 228, 54, 53]  tape=0.282km B=10.13T unif=0.390% hoop=110MPa
  [1656] viol   f=   0.328  a=21.8 b=29.1 gap=21.6 (face=3.1mm) n=[279, 197, 283, 251, 56, 63, 63, 253, 54, 50]  tape=0.280km B=9.85T unif=0.878% hoop=110MPa
  [1657] OK     f=   0.280  a=21.8 b=28.7 gap=21.5 (face=3.0mm) n=[281, 201, 271, 274, 57, 61, 69, 251, 55, 51]  tape=0.280km B=10.14T unif=0.470% hoop=114MPa
  [1658] OK     f=   0.282  a=21.7 b=28.6 gap=21.5 (face=3.1mm) n=[283, 195, 295, 265, 70, 56, 50, 249, 52, 50]  tape=0.282km B=10.08T unif=0.468% hoop=112MPa
  [1659] OK     f=   0.288  a=21.8 b=28.7 gap=21.5 (face=3.1mm) n=[276, 196, 286, 283, 52, 81, 63, 259, 59, 56]  tape=0.288km B=10.29T unif=0.395% hoop=114MPa
  [1660] OK     f=   0.281  a=21.9 b=28.9 gap=21.5 (face=3.1mm) n=[280, 188, 280, 280, 53, 57, 82, 239, 55, 54]  tape=0.281km B=10.02T unif=0.450% hoop=111MPa
  [1661] OK     f=   0.287  a=21.6 b=28.8 gap=21.5 (face=3.1mm) n=[283, 189, 284, 260, 53, 72, 76, 262, 64, 57]  tape=0.287km B=10.06T unif=0.540% hoop=110MPa
  [a=22 b=29 nt=1561] KSP converged reason: 4, iterations: 1
  [a=22 b=29 nt=1593] KSP converged reason: 4, iterations: 1
  [a=22 b=29 nt=1548] KSP converged reason: 4, iterations: 1
  [a=22 b=29 nt=1566] KSP converged reason: 4, iterations: 1
  [a=22 b=29 nt=1578] KSP converged reason: 4, iterations: 1
  [a=21 b=29 nt=1579] KSP converged reason: 4, iterations: 1
  [a=22 b=29 nt=1595] KSP converged reason: 4, iterations: 1
  [a=22 b=28 nt=1547] KSP converged reason: 4, iterations: 1
  [a=22 b=29 nt=1582] KSP converged reason: 4, iterations: 1
  [a=22 b=29 nt=1542] KSP converged reason: 4, iterations: 1
  [a=22 b=29 nt=1618] KSP converged reason: 4, iterations: 1
  [1662] viol   f=   0.333  a=22.0 b=28.9 gap=21.5 (face=3.1mm) n=[283, 195, 288, 254, 50, 50, 76, 250, 52, 50]  tape=0.281km B=9.84T unif=0.556% hoop=111MPa
  [1663] OK     f=   0.285  a=21.7 b=28.6 gap=21.5 (face=3.1mm) n=[285, 199, 279, 273, 56, 67, 76, 247, 60, 51]  tape=0.285km B=10.31T unif=0.467% hoop=113MPa
  [1664] viol   f=   0.283  a=22.1 b=29.0 gap=21.5 (face=3.1mm) n=[288, 196, 282, 270, 59, 50, 64, 250, 51, 51]  tape=0.283km B=10.00T unif=0.723% hoop=111MPa
  [1665] OK     f=   0.283  a=21.9 b=28.7 gap=21.5 (face=3.1mm) n=[278, 200, 270, 273, 66, 68, 77, 239, 56, 51]  tape=0.283km B=10.12T unif=0.559% hoop=112MPa
  [1666] OK     f=   0.279  a=21.9 b=28.7 gap=21.5 (face=3.1mm) n=[277, 194, 275, 269, 50, 83, 63, 252, 51, 52]  tape=0.279km B=10.06T unif=0.400% hoop=113MPa
  [1667] viol   f=  95.643  a=21.5 b=28.5 gap=21.5 (face=3.1mm) n=[276, 200, 277, 264, 66, 64, 65, 242, 69, 56]  tape=0.280km B=10.13T unif=1.691% hoop=110MPa
  [1668] OK     f=   0.287  a=22.0 b=28.9 gap=21.6 (face=3.1mm) n=[281, 194, 279, 269, 65, 50, 88, 248, 70, 51]  tape=0.287km B=10.05T unif=0.356% hoop=112MPa
  [1669] OK     f=   0.285  a=21.8 b=28.7 gap=21.5 (face=3.0mm) n=[278, 194, 267, 285, 59, 67, 69, 244, 66, 53]  tape=0.285km B=10.10T unif=0.466% hoop=114MPa
  [1670] viol   f=   0.287  a=21.5 b=28.3 gap=21.6 (face=3.1mm) n=[281, 180, 285, 277, 53, 60, 55, 248, 56, 52]  tape=0.274km B=9.92T unif=0.707% hoop=108MPa
  [1671] viol   f=   0.321  a=22.3 b=29.2 gap=21.5 (face=3.0mm) n=[276, 197, 275, 271, 51, 50, 68, 251, 50, 53]  tape=0.278km B=9.85T unif=0.672% hoop=112MPa
  [1672] OK     f=   0.287  a=21.7 b=28.6 gap=21.5 (face=3.0mm) n=[282, 199, 283, 280, 63, 72, 74, 256, 58, 51]  tape=0.287km B=10.43T unif=0.477% hoop=114MPa
  [a=22 b=28 nt=1605] KSP converged reason: 4, iterations: 1
  [a=22 b=29 nt=1585] KSP converged reason: 4, iterations: 1
  [a=22 b=29 nt=1535] KSP converged reason: 4, iterations: 1
  [a=22 b=29 nt=1610] KSP converged reason: 4, iterations: 1
  [a=22 b=29 nt=1567] KSP converged reason: 4, iterations: 1
  [a=22 b=29 nt=1593] KSP converged reason: 4, iterations: 1
  [a=22 b=29 nt=1559] KSP converged reason: 4, iterations: 1
  [a=22 b=29 nt=1565] KSP converged reason: 4, iterations: 1
  [a=22 b=29 nt=1581] KSP converged reason: 4, iterations: 1
  [a=22 b=28 nt=1590] KSP converged reason: 4, iterations: 1
  [a=22 b=29 nt=1570] KSP converged reason: 4, iterations: 1
  [1673] OK     f=   0.284  a=21.9 b=28.6 gap=21.5 (face=3.0mm) n=[279, 190, 282, 272, 56, 86, 61, 260, 54, 53]  tape=0.284km B=10.19T unif=0.476% hoop=114MPa
  [1674] viol   f=   0.353  a=22.0 b=29.1 gap=21.5 (face=3.0mm) n=[282, 187, 271, 270, 51, 50, 63, 250, 58, 53]  tape=0.278km B=9.81T unif=0.757% hoop=110MPa
  [1675] OK     f=   0.286  a=21.6 b=28.5 gap=21.6 (face=3.2mm) n=[283, 192, 289, 284, 50, 71, 72, 250, 60, 54]  tape=0.286km B=10.18T unif=0.267% hoop=110MPa
  [1676] viol   f=   6.701  a=22.1 b=28.6 gap=21.6 (face=3.1mm) n=[279, 202, 288, 272, 54, 76, 80, 240, 60, 59]  tape=0.291km B=10.27T unif=1.179% hoop=116MPa
  [1677] OK     f=   0.286  a=21.6 b=28.6 gap=21.6 (face=3.1mm) n=[286, 195, 266, 270, 66, 77, 77, 237, 60, 51]  tape=0.286km B=10.19T unif=0.579% hoop=112MPa
  [1678] viol   f=   3.924  a=22.0 b=28.8 gap=21.5 (face=3.0mm) n=[274, 201, 281, 274, 50, 76, 67, 243, 51, 50]  tape=0.281km B=10.16T unif=1.135% hoop=116MPa
  [1679] viol   f= 100.323  a=21.8 b=28.9 gap=21.5 (face=3.1mm) n=[281, 209, 271, 239, 65, 78, 58, 250, 54, 54]  tape=0.282km B=10.13T unif=1.707% hoop=113MPa
  [1680] OK     f=   0.282  a=21.7 b=28.6 gap=21.6 (face=3.1mm) n=[291, 184, 270, 283, 60, 64, 76, 236, 50, 51]  tape=0.282km B=10.09T unif=0.823% hoop=110MPa
  [1681] OK     f=   0.286  a=21.8 b=28.8 gap=21.5 (face=3.0mm) n=[277, 196, 263, 287, 55, 73, 67, 251, 55, 57]  tape=0.286km B=10.02T unif=0.499% hoop=114MPa
  [1682] viol   f=  87.921  a=21.9 b=28.4 gap=21.5 (face=3.0mm) n=[271, 201, 276, 270, 58, 96, 60, 249, 57, 52]  tape=0.282km B=10.37T unif=1.662% hoop=116MPa
  [1683] viol   f=   0.300  a=22.3 b=29.3 gap=21.5 (face=3.0mm) n=[286, 194, 258, 276, 51, 54, 74, 255, 59, 63]  tape=0.288km B=9.92T unif=0.815% hoop=115MPa
  [a=22 b=29 nt=1586] KSP converged reason: 4, iterations: 1
  [a=22 b=28 nt=1591] KSP converged reason: 4, iterations: 1
  [a=22 b=29 nt=1593] KSP converged reason: 4, iterations: 1
  [a=22 b=28 nt=1589] KSP converged reason: 4, iterations: 1
  [a=22 b=28 nt=1630] KSP converged reason: 4, iterations: 1
  [a=22 b=29 nt=1628] KSP converged reason: 4, iterations: 1
  [a=22 b=29 nt=1619] KSP converged reason: 4, iterations: 1
  [a=22 b=28 nt=1583] KSP converged reason: 4, iterations: 1
  [a=22 b=29 nt=1581] KSP converged reason: 4, iterations: 1
  [a=22 b=28 nt=1605] KSP converged reason: 4, iterations: 1
  [a=22 b=28 nt=1586] KSP converged reason: 4, iterations: 1
  [1684] viol   f=  45.172  a=21.6 b=28.3 gap=21.6 (face=3.1mm) n=[284, 183, 281, 279, 61, 101, 76, 253, 54, 58]  tape=0.289km B=10.56T unif=1.474% hoop=117MPa
  [1685] OK     f=   0.284  a=21.7 b=28.6 gap=21.6 (face=3.1mm) n=[284, 186, 274, 277, 60, 82, 71, 246, 54, 52]  tape=0.284km B=10.22T unif=0.361% hoop=112MPa
  [1686] OK     f=   0.293  a=21.9 b=28.7 gap=21.5 (face=3.0mm) n=[287, 190, 274, 281, 65, 91, 83, 252, 55, 50]  tape=0.293km B=10.66T unif=0.650% hoop=120MPa
  [1687] OK     f=   0.282  a=21.9 b=28.3 gap=21.5 (face=3.1mm) n=[281, 186, 280, 276, 60, 72, 68, 250, 53, 63]  tape=0.282km B=10.21T unif=0.582% hoop=113MPa
  [1688] OK     f=   0.286  a=21.7 b=28.6 gap=21.6 (face=3.1mm) n=[287, 190, 275, 289, 61, 68, 78, 240, 54, 51]  tape=0.286km B=10.29T unif=0.543% hoop=112MPa
  [1689] OK     f=   0.285  a=21.9 b=28.5 gap=21.6 (face=3.1mm) n=[284, 185, 275, 269, 58, 89, 67, 252, 60, 52]  tape=0.285km B=10.04T unif=0.498% hoop=111MPa
  [1690] OK     f=   0.291  a=21.8 b=28.8 gap=21.6 (face=3.1mm) n=[281, 193, 274, 283, 57, 89, 74, 247, 62, 59]  tape=0.291km B=10.32T unif=0.340% hoop=115MPa
  [1691] OK     f=   0.283  a=21.6 b=28.5 gap=21.5 (face=3.1mm) n=[290, 191, 276, 281, 55, 63, 69, 244, 59, 55]  tape=0.283km B=10.16T unif=0.908% hoop=109MPa
  [1692] viol   f=   7.438  a=21.9 b=28.7 gap=21.5 (face=3.1mm) n=[279, 203, 270, 277, 55, 78, 63, 254, 51, 51]  tape=0.282km B=10.26T unif=1.189% hoop=115MPa
  [1693] OK     f=   0.286  a=21.7 b=28.4 gap=21.6 (face=3.1mm) n=[287, 194, 273, 272, 75, 68, 66, 259, 51, 60]  tape=0.286km B=10.32T unif=0.422% hoop=114MPa
  [1694] OK     f=   0.286  a=21.7 b=28.5 gap=21.5 (face=3.1mm) n=[291, 192, 266, 280, 68, 70, 76, 240, 50, 53]  tape=0.286km B=10.18T unif=0.992% hoop=112MPa
  [a=22 b=29 nt=1640] KSP converged reason: 4, iterations: 1
  [a=22 b=29 nt=1573] KSP converged reason: 4, iterations: 1
  [a=22 b=28 nt=1648] KSP converged reason: 4, iterations: 1
  [a=22 b=28 nt=1583] KSP converged reason: 4, iterations: 1
  [a=22 b=29 nt=1575] KSP converged reason: 4, iterations: 1
  [a=22 b=29 nt=1602] KSP converged reason: 4, iterations: 1
  [a=22 b=28 nt=1577] KSP converged reason: 4, iterations: 1
  [a=22 b=29 nt=1615] KSP converged reason: 4, iterations: 1
  [a=22 b=29 nt=1590] KSP converged reason: 4, iterations: 1
  [a=22 b=28 nt=1596] KSP converged reason: 4, iterations: 1
  [a=22 b=28 nt=1592] KSP converged reason: 4, iterations: 1
  [1695] OK     f=   0.283  a=21.9 b=28.4 gap=21.5 (face=3.0mm) n=[286, 191, 280, 277, 69, 67, 61, 247, 50, 55]  tape=0.283km B=10.14T unif=0.724% hoop=111MPa
  [1696] OK     f=   0.293  a=21.5 b=28.1 gap=21.5 (face=3.0mm) n=[288, 190, 270, 281, 74, 95, 87, 241, 64, 58]  tape=0.293km B=10.49T unif=0.795% hoop=114MPa
  [1697] OK     f=   0.298  a=21.9 b=28.9 gap=21.5 (face=3.0mm) n=[291, 194, 281, 264, 68, 74, 61, 265, 74, 68]  tape=0.298km B=10.31T unif=0.634% hoop=113MPa
  [1698] viol   f=   0.285  a=22.0 b=28.6 gap=21.6 (face=3.1mm) n=[280, 187, 288, 271, 58, 73, 71, 237, 56, 52]  tape=0.284km B=9.98T unif=0.331% hoop=111MPa
  [1699] OK     f=   0.280  a=21.5 b=28.5 gap=21.6 (face=3.1mm) n=[285, 190, 275, 281, 60, 51, 71, 246, 54, 62]  tape=0.280km B=10.14T unif=0.457% hoop=110MPa
  [1700] OK     f=   0.288  a=21.9 b=28.6 gap=21.5 (face=3.1mm) n=[284, 192, 284, 273, 70, 65, 79, 239, 50, 66]  tape=0.288km B=10.21T unif=0.448% hoop=112MPa
  [1701] OK     f=   0.284  a=21.9 b=28.5 gap=21.5 (face=3.0mm) n=[282, 193, 277, 261, 54, 86, 84, 228, 52, 60]  tape=0.284km B=10.07T unif=0.364% hoop=112MPa
  [1702] OK     f=   0.286  a=21.8 b=28.6 gap=21.5 (face=3.0mm) n=[286, 195, 280, 262, 52, 85, 76, 247, 53, 54]  tape=0.286km B=10.15T unif=0.673% hoop=111MPa
  [1703] OK     f=   0.290  a=21.9 b=28.5 gap=21.5 (face=3.0mm) n=[288, 187, 272, 272, 63, 89, 60, 265, 63, 56]  tape=0.290km B=10.21T unif=0.499% hoop=114MPa
  [1704] OK     f=   0.281  a=21.6 b=28.2 gap=21.5 (face=3.1mm) n=[281, 194, 277, 274, 51, 86, 70, 253, 50, 60]  tape=0.281km B=10.18T unif=0.651% hoop=110MPa
  [1705] OK     f=   0.285  a=21.9 b=28.5 gap=21.5 (face=3.0mm) n=[282, 177, 278, 276, 55, 80, 70, 246, 62, 66]  tape=0.285km B=10.14T unif=0.359% hoop=114MPa
  [a=22 b=29 nt=1617] KSP converged reason: 4, iterations: 1
  [a=22 b=28 nt=1560] KSP converged reason: 4, iterations: 1
  [a=22 b=28 nt=1597] KSP converged reason: 4, iterations: 1
  [a=22 b=28 nt=1585] KSP converged reason: 4, iterations: 1
  [a=22 b=28 nt=1565] KSP converged reason: 4, iterations: 1
  [a=22 b=29 nt=1567] KSP converged reason: 4, iterations: 1
  [a=22 b=28 nt=1564] KSP converged reason: 4, iterations: 1
  [a=22 b=28 nt=1590] KSP converged reason: 4, iterations: 1
  [a=22 b=28 nt=1586] KSP converged reason: 4, iterations: 1
  [a=22 b=28 nt=1597] KSP converged reason: 4, iterations: 1
  [a=22 b=29 nt=1624] KSP converged reason: 4, iterations: 1
  [1706] OK     f=   0.293  a=21.5 b=28.6 gap=21.6 (face=3.1mm) n=[285, 189, 272, 299, 55, 64, 86, 244, 55, 68]  tape=0.293km B=10.27T unif=0.399% hoop=114MPa
  [1707] OK     f=   0.283  a=21.9 b=28.4 gap=21.5 (face=3.1mm) n=[275, 190, 264, 284, 62, 59, 71, 257, 73, 50]  tape=0.283km B=10.07T unif=0.348% hoop=115MPa
  [1708] OK     f=   0.283  a=21.6 b=28.4 gap=21.6 (face=3.1mm) n=[281, 195, 275, 280, 62, 69, 72, 246, 60, 57]  tape=0.283km B=10.35T unif=0.424% hoop=114MPa
  [1709] OK     f=   0.282  a=21.6 b=28.8 gap=21.5 (face=3.1mm) n=[288, 185, 280, 278, 51, 58, 71, 243, 62, 51]  tape=0.282km B=10.02T unif=0.576% hoop=109MPa
  [1710] viol   f=  73.224  a=21.7 b=28.5 gap=21.5 (face=3.1mm) n=[296, 191, 272, 265, 56, 62, 68, 244, 56, 50]  tape=0.283km B=10.03T unif=1.604% hoop=110MPa
  [1711] viol   f=   0.280  a=21.6 b=28.5 gap=21.5 (face=3.1mm) n=[283, 189, 285, 265, 59, 58, 70, 244, 51, 61]  tape=0.279km B=9.99T unif=0.535% hoop=108MPa
  [1712] viol   f=   0.277  a=21.7 b=28.3 gap=21.6 (face=3.1mm) n=[284, 189, 276, 273, 54, 52, 59, 268, 50, 59]  tape=0.276km B=9.98T unif=0.598% hoop=109MPa
  [1713] OK     f=   0.281  a=21.6 b=28.2 gap=21.6 (face=3.2mm) n=[282, 184, 282, 276, 66, 64, 61, 252, 62, 61]  tape=0.281km B=10.03T unif=0.220% hoop=108MPa
  [1714] OK     f=   0.283  a=21.7 b=28.3 gap=21.5 (face=3.1mm) n=[283, 195, 279, 289, 56, 79, 56, 238, 55, 56]  tape=0.283km B=10.28T unif=0.472% hoop=114MPa
  [1715] OK     f=   0.284  a=21.9 b=28.2 gap=21.5 (face=3.1mm) n=[285, 187, 287, 274, 51, 74, 73, 248, 52, 66]  tape=0.284km B=10.14T unif=0.555% hoop=110MPa
  [1716] OK     f=   0.291  a=21.9 b=28.5 gap=21.5 (face=3.0mm) n=[283, 187, 282, 270, 77, 75, 73, 250, 64, 63]  tape=0.291km B=10.37T unif=0.438% hoop=115MPa
  [a=22 b=28 nt=1609] KSP converged reason: 4, iterations: 1
  [a=21 b=28 nt=1566] KSP converged reason: 4, iterations: 1
  [a=22 b=28 nt=1565] KSP converged reason: 4, iterations: 1
  [a=22 b=28 nt=1575] KSP converged reason: 4, iterations: 1
  [a=22 b=28 nt=1568] KSP converged reason: 4, iterations: 1
  [a=22 b=28 nt=1562] KSP converged reason: 4, iterations: 1
  [a=22 b=28 nt=1603] KSP converged reason: 4, iterations: 1
  [a=22 b=28 nt=1574] KSP converged reason: 4, iterations: 1
  [a=22 b=28 nt=1574] KSP converged reason: 4, iterations: 1
  [a=22 b=29 nt=1593] KSP converged reason: 4, iterations: 1
  [a=22 b=28 nt=1605] KSP converged reason: 4, iterations: 1
  [1717] viol   f=   1.093  a=21.9 b=28.4 gap=21.6 (face=3.1mm) n=[284, 182, 281, 267, 50, 66, 73, 255, 50, 60]  tape=0.280km B=10.04T unif=1.064% hoop=112MPa
  [1718] OK     f=   0.287  a=21.7 b=28.4 gap=21.6 (face=3.2mm) n=[290, 189, 291, 265, 56, 50, 71, 268, 65, 64]  tape=0.287km B=10.11T unif=0.863% hoop=110MPa
  [1719] viol   f=   0.278  a=21.9 b=28.4 gap=21.5 (face=3.1mm) n=[287, 191, 286, 276, 51, 50, 59, 259, 50, 53]  tape=0.277km B=9.98T unif=0.761% hoop=109MPa
  [1720] OK     f=   0.281  a=21.6 b=28.3 gap=21.6 (face=3.1mm) n=[288, 181, 283, 256, 54, 76, 69, 252, 50, 66]  tape=0.281km B=10.06T unif=0.619% hoop=109MPa
  [1721] viol   f=   0.280  a=21.7 b=28.4 gap=21.6 (face=3.2mm) n=[279, 195, 284, 262, 56, 73, 52, 262, 51, 51]  tape=0.277km B=9.97T unif=0.620% hoop=110MPa
  [1722] OK     f=   0.276  a=21.3 b=27.9 gap=21.6 (face=3.1mm) n=[284, 190, 290, 252, 53, 83, 50, 251, 50, 63]  tape=0.276km B=10.15T unif=0.765% hoop=109MPa
  [1723] OK     f=   0.286  a=21.8 b=28.5 gap=21.5 (face=3.1mm) n=[284, 190, 287, 263, 57, 74, 64, 266, 53, 65]  tape=0.286km B=10.07T unif=0.553% hoop=110MPa
  [1724] OK     f=   0.280  a=21.5 b=28.3 gap=21.6 (face=3.2mm) n=[287, 183, 284, 266, 50, 69, 68, 250, 57, 60]  tape=0.280km B=10.13T unif=0.384% hoop=110MPa
  [1725] viol   f=   0.306  a=21.6 b=28.2 gap=21.6 (face=3.1mm) n=[278, 190, 268, 294, 51, 52, 57, 272, 53, 59]  tape=0.280km B=9.89T unif=0.390% hoop=111MPa
  [1726] OK     f=   0.287  a=22.1 b=28.5 gap=21.5 (face=3.1mm) n=[291, 182, 284, 270, 59, 55, 76, 258, 54, 64]  tape=0.287km B=10.03T unif=0.397% hoop=112MPa
  [1727] OK     f=   0.287  a=21.9 b=28.3 gap=21.6 (face=3.1mm) n=[279, 185, 288, 277, 73, 77, 57, 255, 54, 60]  tape=0.287km B=10.16T unif=0.364% hoop=112MPa
  [a=21 b=28 nt=1600] KSP converged reason: 4, iterations: 1
  [a=22 b=28 nt=1575] KSP converged reason: 4, iterations: 1
  [a=22 b=28 nt=1570] KSP converged reason: 4, iterations: 1
  [a=21 b=28 nt=1565] KSP converged reason: 4, iterations: 1
  [a=22 b=28 nt=1565] KSP converged reason: 4, iterations: 1
  [a=22 b=28 nt=1562] KSP converged reason: 4, iterations: 1
  [a=21 b=28 nt=1595] KSP converged reason: 4, iterations: 1
  [a=21 b=28 nt=1563] KSP converged reason: 4, iterations: 1
  [a=21 b=28 nt=1553] KSP converged reason: 4, iterations: 1
  [a=21 b=28 nt=1594] KSP converged reason: 4, iterations: 1
  [a=22 b=28 nt=1551] KSP converged reason: 4, iterations: 1
  [1728] viol   f=   0.279  a=21.9 b=28.1 gap=21.5 (face=3.1mm) n=[287, 186, 286, 258, 54, 59, 62, 259, 50, 69]  tape=0.279km B=9.99T unif=0.878% hoop=110MPa
  [1729] OK     f=   0.276  a=21.3 b=27.8 gap=21.6 (face=3.2mm) n=[286, 183, 294, 254, 52, 78, 51, 252, 51, 64]  tape=0.276km B=10.11T unif=0.439% hoop=109MPa
  [1730] OK     f=   0.284  a=21.2 b=27.9 gap=21.5 (face=3.1mm) n=[278, 195, 296, 254, 51, 79, 53, 263, 54, 77]  tape=0.284km B=10.25T unif=0.629% hoop=114MPa
  [1731] viol   f=   0.275  a=21.5 b=28.0 gap=21.5 (face=3.0mm) n=[282, 189, 275, 273, 51, 65, 50, 249, 67, 64]  tape=0.275km B=9.99T unif=0.729% hoop=107MPa
  [1732] viol   f=   0.281  a=21.5 b=28.4 gap=21.6 (face=3.1mm) n=[287, 187, 292, 253, 57, 65, 59, 255, 50, 57]  tape=0.279km B=9.97T unif=0.710% hoop=108MPa
  [1733] OK     f=   0.280  a=21.6 b=27.9 gap=21.5 (face=3.1mm) n=[285, 195, 295, 255, 50, 84, 52, 246, 58, 55]  tape=0.280km B=10.02T unif=0.486% hoop=108MPa
  [1734] OK     f=   0.284  a=21.4 b=27.8 gap=21.5 (face=3.1mm) n=[284, 188, 303, 260, 53, 76, 50, 258, 56, 67]  tape=0.284km B=10.14T unif=0.275% hoop=110MPa
  [1735] OK     f=   0.272  a=21.2 b=27.9 gap=21.6 (face=3.2mm) n=[274, 184, 282, 276, 50, 74, 53, 254, 56, 60]  tape=0.272km B=10.06T unif=0.601% hoop=108MPa
  [1736] viol   f= 121.887  a=21.3 b=27.9 gap=21.6 (face=3.3mm) n=[278, 178, 289, 266, 59, 65, 54, 256, 50, 58]  tape=0.273km B=9.82T unif=1.780% hoop=106MPa
  [1737] OK     f=   0.282  a=21.4 b=27.9 gap=21.6 (face=3.2mm) n=[282, 197, 293, 264, 51, 72, 50, 254, 67, 64]  tape=0.282km B=10.33T unif=0.791% hoop=113MPa
  [1738] OK     f=   0.275  a=21.8 b=28.1 gap=21.5 (face=3.1mm) n=[284, 182, 277, 264, 75, 53, 52, 252, 62, 50]  tape=0.275km B=10.01T unif=0.874% hoop=111MPa
  [a=22 b=28 nt=1624] KSP converged reason: 4, iterations: 1
  [a=21 b=28 nt=1538] KSP converged reason: 4, iterations: 1
  [a=22 b=28 nt=1571] KSP converged reason: 4, iterations: 1
  [a=21 b=28 nt=1534] KSP converged reason: 4, iterations: 1
  [a=22 b=28 nt=1577] KSP converged reason: 4, iterations: 1
  [a=22 b=28 nt=1590] KSP converged reason: 4, iterations: 1
  [a=21 b=28 nt=1558] KSP converged reason: 4, iterations: 1
  [a=22 b=28 nt=1584] KSP converged reason: 4, iterations: 1
  [a=21 b=27 nt=1560] KSP converged reason: 4, iterations: 1
  [a=22 b=28 nt=1569] KSP converged reason: 4, iterations: 1
  [a=21 b=28 nt=1563] KSP converged reason: 4, iterations: 1
  [1739] viol   f=  14.597  a=21.3 b=27.9 gap=21.7 (face=3.4mm) n=[284, 173, 271, 287, 53, 65, 53, 242, 55, 51]  tape=0.269km B=9.84T unif=1.267% hoop=105MPa
  [1740] viol   f=  12.933  a=21.7 b=27.7 gap=21.5 (face=3.1mm) n=[273, 194, 280, 301, 65, 71, 54, 239, 71, 76]  tape=0.290km B=10.27T unif=1.251% hoop=117MPa
  [1741] viol   f=   2.190  a=21.7 b=28.1 gap=21.6 (face=3.1mm) n=[285, 185, 274, 268, 54, 71, 50, 271, 64, 55]  tape=0.278km B=9.91T unif=1.097% hoop=108MPa
  [1742] viol   f=   0.280  a=21.6 b=28.0 gap=21.5 (face=3.1mm) n=[286, 174, 275, 293, 53, 65, 59, 262, 50, 54]  tape=0.277km B=9.96T unif=0.474% hoop=108MPa
  [1743] OK     f=   0.278  a=21.7 b=28.0 gap=21.5 (face=3.1mm) n=[280, 194, 285, 282, 54, 57, 61, 266, 61, 50]  tape=0.278km B=10.10T unif=0.417% hoop=110MPa
  [1744] viol   f= 137.340  a=21.1 b=27.5 gap=21.6 (face=3.3mm) n=[281, 181, 266, 282, 50, 50, 59, 245, 69, 55]  tape=0.266km B=9.97T unif=1.828% hoop=106MPa
  [1745] viol   f=   0.296  a=21.1 b=27.8 gap=21.6 (face=3.1mm) n=[284, 179, 282, 258, 64, 50, 55, 248, 68, 70]  tape=0.273km B=9.89T unif=0.427% hoop=105MPa
  [1746] viol   f=   0.283  a=21.6 b=28.4 gap=21.5 (face=3.1mm) n=[276, 184, 274, 292, 57, 75, 51, 263, 50, 62]  tape=0.283km B=9.99T unif=0.439% hoop=111MPa
  [1747] viol   f=  10.056  a=20.9 b=27.4 gap=21.6 (face=3.3mm) n=[278, 182, 275, 277, 59, 69, 56, 253, 54, 57]  tape=0.267km B=10.14T unif=1.221% hoop=105MPa
  [1748] viol   f=   0.281  a=21.5 b=28.0 gap=21.6 (face=3.1mm) n=[281, 184, 284, 249, 67, 63, 55, 260, 70, 56]  tape=0.277km B=9.96T unif=0.376% hoop=109MPa
  [1749] OK     f=   0.274  a=21.4 b=27.7 gap=21.5 (face=3.1mm) n=[285, 189, 272, 271, 50, 85, 65, 244, 52, 50]  tape=0.274km B=10.21T unif=0.707% hoop=136MPa
  [a=22 b=28 nt=1608] KSP converged reason: 4, iterations: 1
  [a=22 b=28 nt=1550] KSP converged reason: 4, iterations: 1
  [a=22 b=28 nt=1602] KSP converged reason: 4, iterations: 1
  [a=22 b=28 nt=1542] KSP converged reason: 4, iterations: 1
  [a=21 b=28 nt=1612] KSP converged reason: 4, iterations: 1
  [a=22 b=28 nt=1560] KSP converged reason: 4, iterations: 1
  [a=22 b=28 nt=1618] KSP converged reason: 4, iterations: 1
  [a=22 b=28 nt=1577] KSP converged reason: 4, iterations: 1
  [a=21 b=28 nt=1580] KSP converged reason: 4, iterations: 1
  [a=21 b=28 nt=1552] KSP converged reason: 4, iterations: 1
  [a=22 b=28 nt=1596] KSP converged reason: 4, iterations: 1
  [1750] OK     f=   0.284  a=21.7 b=27.9 gap=21.5 (face=3.0mm) n=[282, 186, 291, 280, 60, 72, 60, 259, 56, 62]  tape=0.284km B=10.22T unif=0.332% hoop=111MPa
  [1751] viol   f=  16.623  a=21.7 b=28.0 gap=21.5 (face=3.0mm) n=[284, 189, 269, 267, 52, 63, 53, 273, 50, 50]  tape=0.272km B=9.93T unif=1.286% hoop=109MPa
  [1752] viol   f=   0.290  a=21.6 b=27.9 gap=21.6 (face=3.1mm) n=[279, 179, 275, 278, 51, 55, 58, 250, 65, 52]  tape=0.269km B=9.90T unif=0.496% hoop=106MPa
  [1753] OK     f=   0.283  a=21.4 b=28.0 gap=21.5 (face=3.1mm) n=[284, 185, 265, 287, 50, 96, 71, 268, 55, 51]  tape=0.283km B=10.28T unif=0.964% hoop=113MPa
  [1754] OK     f=   0.284  a=21.6 b=28.1 gap=21.6 (face=3.1mm) n=[289, 192, 292, 258, 62, 74, 58, 263, 54, 60]  tape=0.284km B=10.19T unif=0.464% hoop=109MPa
  [1755] viol   f=   0.284  a=22.0 b=28.4 gap=21.5 (face=3.0mm) n=[281, 186, 281, 288, 50, 62, 60, 247, 55, 50]  tape=0.279km B=9.95T unif=0.861% hoop=110MPa
  [1756] OK     f=   0.276  a=21.3 b=27.9 gap=21.6 (face=3.2mm) n=[287, 193, 276, 286, 50, 50, 69, 246, 62, 61]  tape=0.276km B=10.16T unif=0.849% hoop=107MPa
  [1757] viol   f=   0.311  a=21.7 b=27.9 gap=21.5 (face=3.0mm) n=[281, 182, 267, 269, 58, 69, 57, 285, 58, 51]  tape=0.277km B=9.87T unif=0.837% hoop=110MPa
  [1758] viol   f= 134.458  a=21.5 b=27.9 gap=21.6 (face=3.3mm) n=[285, 179, 282, 295, 55, 76, 66, 261, 63, 56]  tape=0.286km B=10.27T unif=1.819% hoop=112MPa
  [1759] viol   f=   0.289  a=21.5 b=27.8 gap=21.5 (face=3.1mm) n=[279, 186, 280, 266, 66, 59, 52, 250, 50, 64]  tape=0.271km B=9.90T unif=0.689% hoop=106MPa
  [1760] OK     f=   0.285  a=21.5 b=27.7 gap=21.5 (face=3.1mm) n=[285, 174, 260, 299, 50, 94, 68, 239, 69, 58]  tape=0.285km B=10.27T unif=0.896% hoop=115MPa
  [a=22 b=28 nt=1588] KSP converged reason: 4, iterations: 1
  [a=22 b=28 nt=1592] KSP converged reason: 4, iterations: 1
  [a=21 b=28 nt=1609] KSP converged reason: 4, iterations: 1
  [a=21 b=28 nt=1539] KSP converged reason: 4, iterations: 1
  [a=21 b=28 nt=1582] KSP converged reason: 4, iterations: 1
  [a=22 b=28 nt=1576] KSP converged reason: 4, iterations: 1
  [a=22 b=28 nt=1592] KSP converged reason: 4, iterations: 1
  [a=21 b=28 nt=1590] KSP converged reason: 4, iterations: 1
  [a=22 b=28 nt=1576] KSP converged reason: 4, iterations: 1
  [a=21 b=28 nt=1581] KSP converged reason: 4, iterations: 1
  [a=22 b=28 nt=1566] KSP converged reason: 4, iterations: 1
  [1761] OK     f=   0.284  a=21.4 b=27.7 gap=21.6 (face=3.1mm) n=[291, 189, 279, 275, 72, 72, 77, 237, 66, 51]  tape=0.284km B=10.41T unif=0.535% hoop=112MPa
  [1762] OK     f=   0.282  a=21.7 b=28.1 gap=21.6 (face=3.2mm) n=[293, 179, 272, 288, 62, 50, 57, 272, 52, 67]  tape=0.282km B=10.09T unif=0.453% hoop=109MPa
  [1763] OK     f=   0.276  a=21.7 b=28.1 gap=21.5 (face=3.1mm) n=[285, 196, 269, 285, 50, 52, 60, 270, 55, 54]  tape=0.276km B=10.03T unif=0.668% hoop=109MPa
  [1764] OK     f=   0.279  a=21.5 b=28.1 gap=21.5 (face=3.0mm) n=[279, 191, 258, 282, 57, 76, 66, 252, 71, 50]  tape=0.279km B=10.22T unif=0.483% hoop=113MPa
  [1765] viol   f=   0.309  a=21.4 b=27.9 gap=21.6 (face=3.2mm) n=[282, 190, 272, 262, 58, 50, 53, 247, 75, 50]  tape=0.270km B=9.86T unif=0.491% hoop=107MPa
  [1766] OK     f=   0.278  a=21.5 b=27.9 gap=21.5 (face=3.1mm) n=[281, 195, 290, 283, 53, 72, 59, 253, 52, 50]  tape=0.278km B=10.21T unif=0.581% hoop=111MPa
  [1767] OK     f=   0.278  a=21.6 b=28.0 gap=21.5 (face=3.1mm) n=[284, 186, 280, 284, 52, 57, 66, 271, 60, 52]  tape=0.278km B=10.07T unif=0.716% hoop=109MPa
  [1768] viol   f=   9.433  a=21.2 b=27.9 gap=21.6 (face=3.2mm) n=[287, 197, 288, 279, 50, 82, 58, 246, 53, 50]  tape=0.277km B=10.43T unif=1.214% hoop=109MPa
  [1769] viol   f=   0.283  a=21.9 b=28.4 gap=21.5 (face=3.0mm) n=[285, 188, 260, 288, 52, 71, 70, 259, 53, 50]  tape=0.281km B=9.98T unif=0.906% hoop=111MPa
  [1770] OK     f=   0.280  a=21.4 b=28.2 gap=21.6 (face=3.1mm) n=[286, 188, 280, 289, 57, 76, 64, 240, 50, 51]  tape=0.280km B=10.22T unif=0.396% hoop=109MPa
  [1771] OK     f=   0.277  a=21.6 b=28.1 gap=21.5 (face=3.0mm) n=[276, 196, 262, 283, 53, 74, 73, 248, 50, 51]  tape=0.277km B=10.05T unif=0.339% hoop=112MPa
  [a=22 b=28 nt=1544] KSP converged reason: 4, iterations: 1
  [a=22 b=28 nt=1562] KSP converged reason: 4, iterations: 1
  [a=22 b=28 nt=1596] KSP converged reason: 4, iterations: 1
  [a=22 b=28 nt=1584] KSP converged reason: 4, iterations: 1
  [a=21 b=27 nt=1614] KSP converged reason: 4, iterations: 1
  [a=21 b=28 nt=1616] KSP converged reason: 4, iterations: 1
  [a=22 b=28 nt=1605] KSP converged reason: 4, iterations: 1
  [a=22 b=29 nt=1602] KSP converged reason: 4, iterations: 1
  [a=22 b=28 nt=1579] KSP converged reason: 4, iterations: 1
  [a=22 b=28 nt=1594] KSP converged reason: 4, iterations: 1
  [a=22 b=28 nt=1566] KSP converged reason: 4, iterations: 1
  [1772] OK     f=   0.282  a=22.1 b=28.2 gap=21.5 (face=3.0mm) n=[281, 188, 273, 285, 53, 68, 79, 254, 50, 53]  tape=0.282km B=10.05T unif=0.818% hoop=112MPa
  [1773] OK     f=   0.277  a=21.3 b=27.4 gap=21.5 (face=3.1mm) n=[280, 191, 286, 282, 55, 89, 51, 277, 53, 50]  tape=0.277km B=10.29T unif=0.739% hoop=110MPa
  [1774] viol   f=   0.277  a=21.6 b=28.2 gap=21.6 (face=3.1mm) n=[284, 198, 267, 274, 50, 50, 50, 260, 53, 58]  tape=0.272km B=9.95T unif=0.528% hoop=109MPa
  [1775] OK     f=   0.279  a=21.7 b=28.2 gap=21.5 (face=3.0mm) n=[279, 206, 264, 291, 51, 63, 69, 238, 50, 51]  tape=0.279km B=10.11T unif=0.725% hoop=112MPa
  [1776] OK     f=   0.280  a=21.5 b=28.1 gap=21.5 (face=3.1mm) n=[282, 191, 275, 278, 60, 84, 71, 252, 53, 50]  tape=0.280km B=10.37T unif=0.389% hoop=113MPa
  [1777] OK     f=   0.283  a=21.5 b=27.9 gap=21.5 (face=3.1mm) n=[283, 197, 268, 283, 52, 80, 79, 254, 65, 55]  tape=0.283km B=10.34T unif=0.443% hoop=112MPa
  [1778] OK     f=   0.278  a=21.7 b=27.8 gap=21.5 (face=3.1mm) n=[281, 194, 277, 275, 50, 66, 71, 274, 61, 56]  tape=0.278km B=10.12T unif=0.652% hoop=109MPa
  [1779] viol   f=   0.290  a=22.0 b=28.6 gap=21.5 (face=3.0mm) n=[272, 188, 262, 287, 71, 67, 72, 262, 57, 64]  tape=0.290km B=10.00T unif=0.415% hoop=117MPa
  [1780] OK     f=   0.281  a=21.7 b=28.1 gap=21.6 (face=3.1mm) n=[289, 182, 273, 295, 59, 50, 69, 248, 56, 58]  tape=0.281km B=10.10T unif=0.541% hoop=110MPa
  [1781] OK     f=   0.282  a=22.0 b=28.2 gap=21.5 (face=3.0mm) n=[279, 199, 272, 282, 50, 65, 66, 262, 52, 67]  tape=0.282km B=10.13T unif=0.561% hoop=113MPa
  [1782] OK     f=   0.273  a=21.5 b=27.6 gap=21.6 (face=3.1mm) n=[285, 189, 265, 284, 51, 64, 68, 249, 61, 50]  tape=0.273km B=10.14T unif=0.748% hoop=111MPa
  [a=22 b=28 nt=1588] KSP converged reason: 4, iterations: 1
  [a=21 b=27 nt=1587] KSP converged reason: 4, iterations: 1
  [a=22 b=28 nt=1593] KSP converged reason: 4, iterations: 1
  [a=22 b=28 nt=1581] KSP converged reason: 4, iterations: 1
  [a=22 b=28 nt=1575] KSP converged reason: 4, iterations: 1
  [a=22 b=28 nt=1549] KSP converged reason: 4, iterations: 1
  [a=21 b=28 nt=1534] KSP converged reason: 4, iterations: 1
  [a=22 b=28 nt=1577] KSP converged reason: 4, iterations: 1
  [a=22 b=28 nt=1565] KSP converged reason: 4, iterations: 1
  [a=21 b=28 nt=1582] KSP converged reason: 4, iterations: 1
  [a=22 b=28 nt=1573] KSP converged reason: 4, iterations: 1
  [1783] viol   f=   0.310  a=21.7 b=28.0 gap=21.5 (face=3.1mm) n=[277, 186, 272, 275, 67, 52, 61, 257, 52, 50]  tape=0.270km B=9.86T unif=0.490% hoop=107MPa
  [1784] OK     f=   0.272  a=21.3 b=27.3 gap=21.5 (face=3.1mm) n=[282, 192, 275, 281, 52, 59, 61, 266, 61, 58]  tape=0.272km B=10.15T unif=0.983% hoop=107MPa
  [1785] viol   f=   4.808  a=21.7 b=28.1 gap=21.5 (face=3.0mm) n=[284, 189, 263, 298, 52, 58, 70, 261, 53, 60]  tape=0.284km B=10.01T unif=1.150% hoop=112MPa
  [1786] viol   f= 121.942  a=21.5 b=27.8 gap=21.5 (face=3.0mm) n=[280, 205, 267, 272, 58, 82, 72, 256, 50, 51]  tape=0.278km B=10.42T unif=1.780% hoop=114MPa
  [1787] OK     f=   0.278  a=22.0 b=27.9 gap=21.5 (face=3.0mm) n=[285, 192, 274, 273, 53, 79, 52, 256, 59, 52]  tape=0.278km B=10.06T unif=0.866% hoop=111MPa
  [1788] OK     f=   0.279  a=21.8 b=28.0 gap=21.6 (face=3.1mm) n=[282, 195, 276, 288, 64, 50, 69, 252, 54, 51]  tape=0.279km B=10.17T unif=0.385% hoop=112MPa
  [1789] viol   f=   0.323  a=21.4 b=27.9 gap=21.6 (face=3.1mm) n=[284, 193, 262, 272, 50, 50, 50, 258, 54, 61]  tape=0.268km B=9.83T unif=0.761% hoop=106MPa
  [1790] OK     f=   0.276  a=21.6 b=27.6 gap=21.6 (face=3.1mm) n=[284, 187, 274, 257, 63, 82, 59, 266, 53, 52]  tape=0.276km B=10.04T unif=0.509% hoop=109MPa
  [1791] OK     f=   0.273  a=21.6 b=28.1 gap=21.6 (face=3.1mm) n=[277, 183, 265, 278, 50, 83, 59, 270, 50, 50]  tape=0.273km B=10.03T unif=0.421% hoop=111MPa
  [1792] OK     f=   0.277  a=21.4 b=28.0 gap=21.5 (face=3.1mm) n=[282, 197, 274, 268, 50, 66, 74, 261, 50, 60]  tape=0.277km B=10.16T unif=0.430% hoop=110MPa
  [1793] viol   f=   0.280  a=21.9 b=28.3 gap=21.6 (face=3.1mm) n=[284, 188, 263, 286, 53, 58, 84, 254, 50, 53]  tape=0.280km B=10.00T unif=0.902% hoop=112MPa
  [a=22 b=28 nt=1611] KSP converged reason: 4, iterations: 1
  [a=21 b=28 nt=1553] KSP converged reason: 4, iterations: 1
  [a=22 b=27 nt=1597] KSP converged reason: 4, iterations: 1
  [a=22 b=27 nt=1625] KSP converged reason: 4, iterations: 1
  [a=22 b=28 nt=1597] KSP converged reason: 4, iterations: 1
  [a=22 b=27 nt=1609] KSP converged reason: 4, iterations: 1
  [a=22 b=27 nt=1606] KSP converged reason: 4, iterations: 1
  [a=21 b=28 nt=1601] KSP converged reason: 4, iterations: 1
  [a=21 b=27 nt=1600] KSP converged reason: 4, iterations: 1
  [a=22 b=28 nt=1569] KSP converged reason: 4, iterations: 1
  [a=22 b=28 nt=1584] KSP converged reason: 4, iterations: 1
  [1794] OK     f=   0.281  a=21.7 b=27.7 gap=21.5 (face=3.1mm) n=[286, 185, 288, 274, 54, 80, 67, 274, 51, 52]  tape=0.281km B=10.33T unif=0.618% hoop=112MPa
  [1795] OK     f=   0.278  a=21.6 b=27.5 gap=21.5 (face=3.1mm) n=[286, 187, 271, 276, 54, 71, 67, 259, 67, 59]  tape=0.278km B=10.13T unif=0.883% hoop=109MPa
  [1796] OK     f=   0.282  a=21.6 b=28.0 gap=21.6 (face=3.1mm) n=[282, 187, 262, 284, 59, 79, 68, 256, 69, 51]  tape=0.282km B=10.20T unif=0.598% hoop=113MPa
  [1797] OK     f=   0.280  a=21.5 b=27.3 gap=21.5 (face=3.1mm) n=[284, 185, 279, 284, 69, 70, 71, 265, 60, 58]  tape=0.280km B=10.43T unif=0.843% hoop=111MPa
  [1798] OK     f=   0.277  a=21.5 b=27.3 gap=21.5 (face=3.0mm) n=[280, 185, 268, 272, 52, 107, 58, 275, 51, 61]  tape=0.277km B=10.36T unif=0.905% hoop=113MPa
  [1799] OK     f=   0.270  a=21.3 b=27.9 gap=21.5 (face=3.1mm) n=[281, 202, 263, 268, 52, 50, 52, 265, 63, 57]  tape=0.270km B=10.02T unif=0.804% hoop=108MPa
  [1800] viol   f= 215.626  a=21.5 b=27.3 gap=21.5 (face=3.1mm) n=[272, 193, 273, 282, 51, 80, 62, 278, 60, 55]  tape=0.275km B=10.18T unif=2.038% hoop=112MPa
  [1801] viol   f=   0.283  a=21.5 b=27.7 gap=21.5 (face=3.1mm) n=[276, 194, 283, 266, 51, 90, 61, 266, 55, 59]  tape=0.279km B=10.28T unif=1.005% hoop=113MPa
  [1802] viol   f=   1.945  a=21.5 b=27.4 gap=21.6 (face=3.2mm) n=[280, 191, 269, 281, 61, 72, 55, 281, 60, 50]  tape=0.274km B=10.21T unif=1.091% hoop=110MPa
  [1803] OK     f=   0.277  a=21.8 b=27.9 gap=21.6 (face=3.1mm) n=[287, 191, 266, 269, 50, 54, 81, 262, 57, 52]  tape=0.277km B=10.04T unif=0.886% hoop=112MPa
  [1804] viol   f=   5.699  a=21.6 b=27.7 gap=21.5 (face=3.0mm) n=[279, 199, 272, 269, 57, 83, 55, 259, 55, 56]  tape=0.275km B=10.26T unif=1.165% hoop=111MPa
  [a=21 b=27 nt=1583] KSP converged reason: 4, iterations: 1
  [a=21 b=28 nt=1537] KSP converged reason: 4, iterations: 1
  [a=22 b=28 nt=1582] KSP converged reason: 4, iterations: 1
  [a=21 b=28 nt=1561] KSP converged reason: 4, iterations: 1
  [a=21 b=28 nt=1549] KSP converged reason: 4, iterations: 1
  [a=21 b=28 nt=1560] KSP converged reason: 4, iterations: 1
  [a=22 b=28 nt=1595] KSP converged reason: 4, iterations: 1
  [a=22 b=28 nt=1548] KSP converged reason: 4, iterations: 1
  [a=21 b=28 nt=1636] KSP converged reason: 4, iterations: 1
  [a=22 b=28 nt=1582] KSP converged reason: 4, iterations: 1
  [a=22 b=28 nt=1562] KSP converged reason: 4, iterations: 1
  [1805] OK     f=   0.279  a=21.8 b=28.2 gap=21.5 (face=3.1mm) n=[282, 195, 272, 263, 50, 61, 74, 272, 51, 62]  tape=0.279km B=10.09T unif=0.447% hoop=112MPa
  [1806] viol   f=   0.320  a=21.3 b=27.9 gap=21.5 (face=3.1mm) n=[273, 191, 261, 262, 62, 60, 62, 271, 61, 57]  tape=0.270km B=9.84T unif=0.560% hoop=106MPa
  [1807] viol   f=   0.318  a=21.5 b=27.8 gap=21.6 (face=3.1mm) n=[283, 192, 264, 266, 56, 50, 51, 262, 66, 59]  tape=0.271km B=9.85T unif=0.901% hoop=108MPa
  [1808] viol   f= 128.996  a=21.1 b=27.1 gap=21.5 (face=3.1mm) n=[284, 200, 276, 265, 57, 67, 60, 262, 50, 62]  tape=0.271km B=10.21T unif=1.802% hoop=107MPa
  [1809] OK     f=   0.271  a=21.4 b=27.6 gap=21.5 (face=3.1mm) n=[285, 192, 273, 260, 53, 70, 53, 266, 52, 57]  tape=0.271km B=10.02T unif=0.755% hoop=107MPa
  [1810] viol   f=   0.269  a=21.2 b=27.7 gap=21.6 (face=3.1mm) n=[284, 189, 265, 269, 54, 54, 51, 250, 69, 52]  tape=0.268km B=9.98T unif=0.606% hoop=107MPa
  [1811] OK     f=   0.280  a=21.6 b=27.8 gap=21.5 (face=3.0mm) n=[282, 197, 260, 267, 52, 86, 70, 264, 66, 51]  tape=0.280km B=10.32T unif=0.822% hoop=115MPa
  [1812] viol   f=   0.731  a=21.7 b=28.2 gap=21.5 (face=3.0mm) n=[286, 192, 264, 254, 53, 74, 52, 270, 53, 50]  tape=0.275km B=9.97T unif=1.048% hoop=111MPa
  [1813] OK     f=   0.277  a=21.6 b=27.7 gap=21.5 (face=3.1mm) n=[281, 191, 261, 269, 57, 76, 66, 265, 60, 56]  tape=0.277km B=10.18T unif=0.892% hoop=112MPa
  [1814] OK     f=   0.287  a=21.3 b=27.7 gap=21.6 (face=3.1mm) n=[281, 195, 270, 293, 68, 88, 57, 262, 52, 70]  tape=0.287km B=10.34T unif=0.948% hoop=113MPa
  [1815] OK     f=   0.275  a=21.6 b=28.4 gap=21.5 (face=3.1mm) n=[278, 200, 266, 268, 57, 53, 60, 266, 58, 56]  tape=0.275km B=10.02T unif=0.481% hoop=112MPa
  [a=21 b=27 nt=1581] KSP converged reason: 4, iterations: 1
  [a=21 b=28 nt=1555] KSP converged reason: 4, iterations: 1
  [a=21 b=28 nt=1554] KSP converged reason: 4, iterations: 1
  [a=21 b=27 nt=1547] KSP converged reason: 4, iterations: 1
  [a=21 b=28 nt=1521] KSP converged reason: 4, iterations: 1
  [a=21 b=28 nt=1527] KSP converged reason: 4, iterations: 1
  [a=21 b=28 nt=1540] KSP converged reason: 4, iterations: 1
  [a=22 b=28 nt=1530] KSP converged reason: 4, iterations: 1
  [a=21 b=28 nt=1550] KSP converged reason: 4, iterations: 1
  [a=21 b=28 nt=1542] KSP converged reason: 4, iterations: 1
  [a=21 b=28 nt=1533] KSP converged reason: 4, iterations: 1
  [1816] viol   f=   0.275  a=21.5 b=27.9 gap=21.5 (face=3.0mm) n=[277, 196, 259, 266, 55, 64, 50, 276, 59, 52]  tape=0.270km B=9.95T unif=0.703% hoop=110MPa
  [1817] viol   f=   0.269  a=21.2 b=27.5 gap=21.6 (face=3.1mm) n=[288, 189, 267, 270, 58, 59, 53, 259, 50, 54]  tape=0.269km B=9.98T unif=0.523% hoop=106MPa
  [1818] viol   f=   0.281  a=21.4 b=27.7 gap=21.6 (face=3.1mm) n=[283, 193, 265, 263, 53, 71, 53, 262, 54, 58]  tape=0.271km B=9.93T unif=0.571% hoop=108MPa
  [1819] viol   f=   0.285  a=21.3 b=28.0 gap=21.5 (face=3.1mm) n=[277, 194, 265, 275, 50, 51, 55, 248, 52, 60]  tape=0.266km B=9.90T unif=0.465% hoop=108MPa
  [1820] viol   f=   0.287  a=21.3 b=28.0 gap=21.6 (face=3.2mm) n=[279, 194, 262, 266, 51, 50, 54, 264, 51, 50]  tape=0.265km B=9.90T unif=0.505% hoop=108MPa
  [1821] OK     f=   0.273  a=21.4 b=27.4 gap=21.5 (face=3.1mm) n=[282, 187, 273, 287, 58, 68, 55, 262, 57, 52]  tape=0.273km B=10.09T unif=0.706% hoop=108MPa
  [1822] viol   f=   0.301  a=21.2 b=27.8 gap=21.6 (face=3.2mm) n=[286, 184, 274, 270, 51, 50, 50, 252, 69, 54]  tape=0.269km B=9.87T unif=0.479% hoop=105MPa
  [1823] viol   f=   0.355  a=21.7 b=28.3 gap=21.6 (face=3.2mm) n=[277, 189, 272, 271, 54, 54, 52, 261, 50, 50]  tape=0.268km B=9.79T unif=0.406% hoop=107MPa
  [1824] viol   f=   0.275  a=21.3 b=27.7 gap=21.6 (face=3.2mm) n=[284, 187, 277, 275, 50, 56, 56, 254, 56, 55]  tape=0.269km B=9.95T unif=0.722% hoop=105MPa
  [1825] viol   f=   0.330  a=21.5 b=28.1 gap=21.6 (face=3.1mm) n=[284, 187, 276, 256, 56, 51, 51, 259, 72, 50]  tape=0.272km B=9.83T unif=0.439% hoop=105MPa
  [1826] viol   f=   0.273  a=21.4 b=28.1 gap=21.6 (face=3.2mm) n=[292, 185, 268, 269, 50, 54, 59, 250, 56, 50]  tape=0.272km B=9.99T unif=0.928% hoop=109MPa
  [a=21 b=27 nt=1564] KSP converged reason: 4, iterations: 1
  [a=21 b=28 nt=1549] KSP converged reason: 4, iterations: 1
  [a=21 b=28 nt=1585] KSP converged reason: 4, iterations: 1
  [a=21 b=28 nt=1531] KSP converged reason: 4, iterations: 1
  [a=21 b=28 nt=1562] KSP converged reason: 4, iterations: 1
  [a=21 b=27 nt=1571] KSP converged reason: 4, iterations: 1
  [a=21 b=27 nt=1575] KSP converged reason: 4, iterations: 1
  [a=21 b=28 nt=1554] KSP converged reason: 4, iterations: 1
  [a=21 b=28 nt=1546] KSP converged reason: 4, iterations: 1
  [a=21 b=28 nt=1568] KSP converged reason: 4, iterations: 1
  [a=21 b=27 nt=1556] KSP converged reason: 4, iterations: 1
  [1827] viol   f=   1.868  a=21.2 b=27.4 gap=21.6 (face=3.1mm) n=[289, 184, 267, 287, 56, 61, 74, 248, 50, 55]  tape=0.273km B=10.15T unif=1.089% hoop=108MPa
  [1828] viol   f=  10.659  a=21.2 b=27.6 gap=21.6 (face=3.2mm) n=[292, 184, 264, 267, 56, 69, 50, 248, 50, 51]  tape=0.269km B=9.91T unif=1.228% hoop=107MPa
  [1829] viol   f=   0.271  a=21.2 b=27.8 gap=21.5 (face=3.1mm) n=[284, 190, 252, 283, 50, 64, 56, 272, 60, 51]  tape=0.271km B=9.99T unif=0.853% hoop=108MPa
  [1830] viol   f=   0.291  a=21.2 b=27.7 gap=21.5 (face=3.1mm) n=[283, 192, 255, 288, 54, 51, 54, 260, 61, 51]  tape=0.270km B=9.90T unif=0.645% hoop=107MPa
  [1831] viol   f=   2.279  a=21.3 b=27.6 gap=21.6 (face=3.1mm) n=[289, 188, 263, 270, 69, 58, 50, 275, 62, 61]  tape=0.276km B=10.04T unif=1.100% hoop=109MPa
  [1832] OK     f=   0.271  a=21.3 b=27.5 gap=21.6 (face=3.1mm) n=[289, 193, 266, 277, 50, 64, 54, 262, 59, 50]  tape=0.271km B=10.11T unif=0.816% hoop=109MPa
  [1833] OK     f=   0.274  a=21.4 b=28.0 gap=21.6 (face=3.1mm) n=[286, 201, 261, 256, 56, 59, 61, 265, 55, 54]  tape=0.274km B=10.01T unif=0.762% hoop=108MPa
  [1834] viol   f=   0.274  a=21.5 b=27.4 gap=21.5 (face=3.1mm) n=[282, 188, 265, 273, 68, 54, 51, 272, 71, 51]  tape=0.271km B=9.97T unif=0.734% hoop=108MPa
  [1835] OK     f=   0.271  a=21.4 b=27.9 gap=21.6 (face=3.2mm) n=[285, 200, 265, 262, 62, 50, 62, 254, 51, 55]  tape=0.271km B=10.01T unif=0.567% hoop=107MPa
  [1836] OK     f=   0.272  a=21.4 b=27.5 gap=21.5 (face=3.1mm) n=[289, 190, 280, 267, 54, 64, 53, 264, 56, 51]  tape=0.272km B=10.05T unif=0.825% hoop=106MPa
  [1837] OK     f=   0.271  a=21.3 b=27.5 gap=21.6 (face=3.1mm) n=[287, 182, 271, 265, 71, 66, 57, 254, 52, 51]  tape=0.271km B=10.03T unif=0.673% hoop=108MPa
  [a=21 b=27 nt=1579] KSP converged reason: 4, iterations: 1
  [a=21 b=28 nt=1574] KSP converged reason: 4, iterations: 1
  [a=21 b=28 nt=1562] KSP converged reason: 4, iterations: 1
  [a=22 b=28 nt=1581] KSP converged reason: 4, iterations: 1
  [a=21 b=28 nt=1541] KSP converged reason: 4, iterations: 1
  [a=21 b=28 nt=1543] KSP converged reason: 4, iterations: 1
  [a=21 b=28 nt=1562] KSP converged reason: 4, iterations: 1
  [a=21 b=28 nt=1538] KSP converged reason: 4, iterations: 1
  [a=21 b=27 nt=1541] KSP converged reason: 4, iterations: 1
  [a=21 b=28 nt=1557] KSP converged reason: 4, iterations: 1
  [a=21 b=28 nt=1553] KSP converged reason: 4, iterations: 1
  [1838] OK     f=   0.276  a=21.6 b=27.8 gap=21.6 (face=3.1mm) n=[285, 195, 262, 282, 57, 59, 64, 270, 56, 51]  tape=0.276km B=10.06T unif=0.970% hoop=110MPa
  [1839] viol   f=   0.270  a=21.2 b=27.5 gap=21.6 (face=3.1mm) n=[281, 187, 270, 278, 54, 51, 51, 267, 51, 53]  tape=0.265km B=9.95T unif=0.839% hoop=105MPa
  [1840] viol   f=  21.003  a=21.0 b=27.6 gap=21.6 (face=3.2mm) n=[293, 192, 271, 258, 57, 57, 50, 255, 50, 58]  tape=0.270km B=9.96T unif=1.322% hoop=105MPa
  [1841] OK     f=   0.275  a=21.2 b=27.8 gap=21.6 (face=3.1mm) n=[282, 196, 263, 290, 54, 50, 74, 261, 54, 50]  tape=0.275km B=10.14T unif=0.522% hoop=110MPa
  [1842] viol   f=   4.524  a=21.4 b=27.5 gap=21.6 (face=3.1mm) n=[292, 195, 274, 264, 55, 56, 62, 273, 55, 53]  tape=0.275km B=10.07T unif=1.146% hoop=107MPa
  [1843] viol   f=   0.293  a=21.4 b=27.7 gap=21.6 (face=3.2mm) n=[289, 180, 261, 276, 63, 50, 58, 264, 70, 51]  tape=0.274km B=9.90T unif=0.779% hoop=106MPa
  [1844] OK     f=   0.274  a=21.2 b=27.9 gap=21.6 (face=3.2mm) n=[282, 201, 258, 268, 55, 54, 69, 253, 69, 53]  tape=0.274km B=10.08T unif=0.853% hoop=108MPa
  [1845] viol   f=   0.859  a=21.4 b=27.8 gap=21.5 (face=3.1mm) n=[289, 193, 261, 275, 51, 50, 60, 259, 50, 50]  tape=0.270km B=9.93T unif=1.054% hoop=107MPa
  [1846] viol   f=   0.329  a=21.2 b=27.4 gap=21.6 (face=3.1mm) n=[284, 186, 275, 257, 51, 65, 54, 256, 57, 56]  tape=0.267km B=9.82T unif=0.931% hoop=103MPa
  [1847] viol   f=   0.282  a=21.3 b=27.8 gap=21.6 (face=3.2mm) n=[285, 187, 263, 273, 58, 52, 59, 257, 66, 57]  tape=0.273km B=9.93T unif=0.739% hoop=107MPa
  [1848] viol   f=   0.810  a=21.3 b=27.5 gap=21.5 (face=3.1mm) n=[291, 200, 268, 265, 54, 55, 54, 264, 51, 51]  tape=0.270km B=9.95T unif=1.052% hoop=105MPa
  [a=21 b=28 nt=1548] KSP converged reason: 4, iterations: 1
  [a=21 b=28 nt=1543] KSP converged reason: 4, iterations: 1
  [a=21 b=27 nt=1555] KSP converged reason: 4, iterations: 1
  [a=21 b=28 nt=1535] KSP converged reason: 4, iterations: 1
  [a=21 b=28 nt=1566] KSP converged reason: 4, iterations: 1
  [a=21 b=28 nt=1554] KSP converged reason: 4, iterations: 1
  [a=21 b=28 nt=1578] KSP converged reason: 4, iterations: 1
  [a=21 b=28 nt=1585] KSP converged reason: 4, iterations: 1
  [a=21 b=28 nt=1541] KSP converged reason: 4, iterations: 1
  [a=21 b=28 nt=1565] KSP converged reason: 4, iterations: 1
  [a=21 b=28 nt=1557] KSP converged reason: 4, iterations: 1
  [1849] OK     f=   0.275  a=21.5 b=28.1 gap=21.6 (face=3.1mm) n=[282, 196, 262, 284, 50, 70, 50, 260, 57, 55]  tape=0.275km B=10.03T unif=0.394% hoop=110MPa
  [1850] OK     f=   0.268  a=21.4 b=27.8 gap=21.5 (face=3.1mm) n=[278, 197, 276, 269, 58, 59, 51, 265, 51, 50]  tape=0.268km B=10.03T unif=0.827% hoop=107MPa
  [1851] viol   f=   0.296  a=21.5 b=27.6 gap=21.5 (face=3.1mm) n=[286, 195, 269, 257, 52, 54, 60, 250, 75, 50]  tape=0.272km B=9.89T unif=0.814% hoop=106MPa
  [1852] OK     f=   0.265  a=21.1 b=27.7 gap=21.5 (face=3.1mm) n=[282, 188, 264, 281, 50, 51, 62, 253, 51, 53]  tape=0.265km B=10.05T unif=0.579% hoop=106MPa
  [1853] viol   f=   0.281  a=21.0 b=27.8 gap=21.6 (face=3.3mm) n=[284, 186, 266, 274, 50, 50, 68, 261, 54, 50]  tape=0.268km B=9.92T unif=0.511% hoop=105MPa
  [1854] viol   f=   0.281  a=21.2 b=27.5 gap=21.6 (face=3.2mm) n=[283, 184, 262, 272, 59, 50, 70, 272, 50, 53]  tape=0.268km B=9.92T unif=0.687% hoop=107MPa
  [1855] OK     f=   0.273  a=21.2 b=27.7 gap=21.6 (face=3.2mm) n=[282, 190, 265, 287, 54, 65, 50, 270, 63, 52]  tape=0.273km B=10.06T unif=0.442% hoop=109MPa
  [1856] OK     f=   0.274  a=21.3 b=27.8 gap=21.5 (face=3.1mm) n=[279, 190, 272, 280, 60, 56, 61, 269, 63, 55]  tape=0.274km B=10.11T unif=0.449% hoop=108MPa
  [1857] OK     f=   0.264  a=21.1 b=27.6 gap=21.6 (face=3.1mm) n=[280, 199, 265, 271, 54, 52, 56, 263, 50, 51]  tape=0.264km B=10.03T unif=0.638% hoop=105MPa
  [1858] OK     f=   0.271  a=21.0 b=27.7 gap=21.6 (face=3.3mm) n=[286, 190, 269, 280, 50, 69, 53, 262, 56, 50]  tape=0.271km B=10.12T unif=0.838% hoop=106MPa
  [1859] viol   f=   0.270  a=21.3 b=27.6 gap=21.6 (face=3.1mm) n=[282, 191, 253, 280, 55, 54, 66, 272, 51, 53]  tape=0.269km B=9.98T unif=0.483% hoop=108MPa
  [a=21 b=28 nt=1571] KSP converged reason: 4, iterations: 1
  [a=21 b=27 nt=1567] KSP converged reason: 4, iterations: 1
  [a=21 b=27 nt=1539] KSP converged reason: 4, iterations: 1
  [a=21 b=28 nt=1521] KSP converged reason: 4, iterations: 1
  [a=21 b=28 nt=1541] KSP converged reason: 4, iterations: 1
  [a=21 b=28 nt=1542] KSP converged reason: 4, iterations: 1
  [a=21 b=28 nt=1575] KSP converged reason: 4, iterations: 1
  [a=21 b=28 nt=1537] KSP converged reason: 4, iterations: 1
  [a=21 b=28 nt=1548] KSP converged reason: 4, iterations: 1
  [a=21 b=28 nt=1576] KSP converged reason: 4, iterations: 1
  [a=21 b=28 nt=1571] KSP converged reason: 4, iterations: 1
  [1860] OK     f=   0.273  a=21.4 b=27.6 gap=21.5 (face=3.1mm) n=[284, 194, 265, 281, 50, 61, 73, 254, 59, 50]  tape=0.273km B=10.19T unif=0.620% hoop=111MPa
  [1861] OK     f=   0.269  a=21.0 b=27.5 gap=21.6 (face=3.2mm) n=[285, 192, 261, 281, 55, 53, 58, 276, 50, 56]  tape=0.269km B=10.02T unif=0.818% hoop=106MPa
  [1862] viol   f=   0.272  a=21.3 b=28.0 gap=21.5 (face=3.1mm) n=[280, 195, 254, 279, 56, 51, 54, 268, 54, 51]  tape=0.269km B=9.96T unif=0.543% hoop=109MPa
  [1863] viol   f=   0.263  a=20.8 b=27.1 gap=21.5 (face=3.1mm) n=[284, 192, 259, 275, 61, 51, 55, 254, 56, 52]  tape=0.262km B=10.09T unif=1.002% hoop=105MPa
  [1864] viol   f= 160.945  a=21.2 b=27.7 gap=21.6 (face=3.1mm) n=[276, 203, 257, 269, 52, 51, 50, 271, 52, 60]  tape=0.265km B=10.03T unif=1.896% hoop=108MPa
  [1865] viol   f=   0.265  a=21.1 b=27.8 gap=21.5 (face=3.1mm) n=[280, 198, 259, 267, 51, 58, 51, 245, 59, 53]  tape=0.265km B=10.00T unif=0.513% hoop=106MPa
  [1866] viol   f=   7.297  a=21.1 b=27.6 gap=21.6 (face=3.1mm) n=[288, 198, 268, 272, 53, 72, 55, 264, 55, 50]  tape=0.273km B=10.32T unif=1.187% hoop=110MPa
  [1867] viol   f=   0.297  a=21.1 b=27.7 gap=21.5 (face=3.1mm) n=[280, 195, 266, 257, 57, 57, 54, 265, 52, 54]  tape=0.266km B=9.88T unif=0.566% hoop=105MPa
  [1868] viol   f=   0.275  a=21.2 b=28.1 gap=21.6 (face=3.1mm) n=[281, 195, 273, 265, 58, 50, 58, 267, 50, 51]  tape=0.269km B=9.95T unif=0.948% hoop=106MPa
  [1869] viol   f= 127.840  a=21.4 b=28.1 gap=21.5 (face=3.1mm) n=[276, 200, 266, 272, 65, 69, 56, 262, 59, 51]  tape=0.274km B=10.12T unif=1.799% hoop=110MPa
  [1870] OK     f=   0.273  a=21.3 b=28.0 gap=21.6 (face=3.1mm) n=[282, 192, 275, 276, 51, 59, 63, 267, 51, 55]  tape=0.273km B=10.10T unif=0.544% hoop=108MPa
  [a=21 b=28 nt=1544] KSP converged reason: 4, iterations: 1
  [a=21 b=27 nt=1521] KSP converged reason: 4, iterations: 1
  [a=21 b=28 nt=1540] KSP converged reason: 4, iterations: 1
  [a=21 b=27 nt=1546] KSP converged reason: 4, iterations: 1
  [a=21 b=27 nt=1559] KSP converged reason: 4, iterations: 1
  [a=21 b=28 nt=1553] KSP converged reason: 4, iterations: 1
  [a=21 b=28 nt=1568] KSP converged reason: 4, iterations: 1
  [a=21 b=28 nt=1547] KSP converged reason: 4, iterations: 1
  [a=21 b=27 nt=1540] KSP converged reason: 4, iterations: 1
  [a=21 b=28 nt=1540] KSP converged reason: 4, iterations: 1
  [a=21 b=28 nt=1556] KSP converged reason: 4, iterations: 1
  [1871] viol   f=   4.529  a=20.8 b=27.2 gap=21.6 (face=3.2mm) n=[280, 193, 268, 264, 54, 69, 54, 260, 58, 59]  tape=0.266km B=9.98T unif=1.146% hoop=103MPa
  [1872] viol   f=   0.444  a=21.0 b=27.7 gap=21.6 (face=3.1mm) n=[280, 199, 254, 268, 62, 62, 53, 251, 57, 58]  tape=0.268km B=9.70T unif=0.929% hoop=109MPa
  [1873] OK     f=   0.269  a=20.9 b=27.8 gap=21.6 (face=3.1mm) n=[279, 196, 265, 265, 51, 55, 69, 256, 60, 57]  tape=0.269km B=10.13T unif=0.936% hoop=108MPa
  [1874] OK     f=   0.265  a=21.0 b=27.3 gap=21.5 (face=3.1mm) n=[281, 195, 264, 259, 69, 50, 50, 262, 66, 50]  tape=0.265km B=10.01T unif=0.769% hoop=105MPa
  [1875] viol   f=   0.270  a=20.9 b=27.9 gap=21.5 (face=3.1mm) n=[277, 198, 258, 281, 58, 51, 64, 248, 50, 55]  tape=0.268km B=9.97T unif=0.742% hoop=106MPa
  [1876] viol   f=   0.356  a=20.9 b=27.2 gap=21.5 (face=3.1mm) n=[278, 190, 246, 288, 51, 50, 52, 265, 50, 51]  tape=0.261km B=9.78T unif=0.852% hoop=106MPa
  [1877] OK     f=   0.271  a=20.9 b=27.6 gap=21.6 (face=3.2mm) n=[284, 191, 266, 286, 63, 53, 59, 259, 51, 56]  tape=0.271km B=10.21T unif=0.350% hoop=109MPa
  [1878] viol   f=   3.745  a=20.9 b=27.7 gap=21.6 (face=3.1mm) n=[281, 201, 263, 278, 51, 50, 63, 250, 52, 51]  tape=0.266km B=10.10T unif=1.132% hoop=106MPa
  [1879] viol   f=  56.448  a=20.7 b=27.2 gap=21.6 (face=3.1mm) n=[283, 193, 255, 282, 64, 50, 59, 248, 50, 56]  tape=0.263km B=9.96T unif=1.530% hoop=103MPa
  [1880] viol   f=   0.281  a=21.3 b=27.8 gap=21.6 (face=3.1mm) n=[291, 198, 258, 267, 50, 55, 65, 260, 51, 52]  tape=0.272km B=9.93T unif=0.924% hoop=107MPa
  [1881] viol   f=   0.271  a=21.3 b=27.7 gap=21.5 (face=3.1mm) n=[281, 198, 257, 275, 54, 57, 68, 253, 58, 55]  tape=0.271km B=9.99T unif=0.707% hoop=108MPa
  [a=21 b=27 nt=1538] KSP converged reason: 4, iterations: 1
  [a=21 b=28 nt=1559] KSP converged reason: 4, iterations: 1
  [a=21 b=27 nt=1554] KSP converged reason: 4, iterations: 1
  [a=21 b=27 nt=1549] KSP converged reason: 4, iterations: 1
  [a=21 b=27 nt=1550] KSP converged reason: 4, iterations: 1
  [a=21 b=27 nt=1535] KSP converged reason: 4, iterations: 1
  [a=21 b=28 nt=1588] KSP converged reason: 4, iterations: 1
  [a=21 b=28 nt=1571] KSP converged reason: 4, iterations: 1
  [a=21 b=28 nt=1553] KSP converged reason: 4, iterations: 1
  [a=21 b=27 nt=1566] KSP converged reason: 4, iterations: 1
  [a=21 b=27 nt=1536] KSP converged reason: 4, iterations: 1
  [1882] viol   f=  49.531  a=21.0 b=27.4 gap=21.6 (face=3.1mm) n=[278, 192, 272, 276, 63, 50, 51, 263, 50, 59]  tape=0.264km B=10.09T unif=1.496% hoop=106MPa
  [1883] viol   f=   0.282  a=20.8 b=27.4 gap=21.6 (face=3.1mm) n=[283, 186, 261, 272, 52, 55, 63, 245, 65, 56]  tape=0.265km B=9.91T unif=0.586% hoop=104MPa
  [1884] viol   f=   0.303  a=20.8 b=27.3 gap=21.5 (face=3.1mm) n=[272, 194, 258, 262, 59, 61, 50, 261, 68, 50]  tape=0.261km B=9.85T unif=0.943% hoop=103MPa
  [1885] viol   f=  35.237  a=21.0 b=27.3 gap=21.5 (face=3.0mm) n=[279, 202, 258, 262, 52, 54, 58, 270, 61, 53]  tape=0.265km B=10.09T unif=1.418% hoop=108MPa
  [1886] viol   f=  12.000  a=20.9 b=27.7 gap=21.5 (face=3.1mm) n=[282, 204, 268, 257, 61, 61, 59, 257, 55, 55]  tape=0.270km B=10.12T unif=1.242% hoop=107MPa
  [1887] viol   f=   0.440  a=20.9 b=27.4 gap=21.6 (face=3.1mm) n=[281, 198, 260, 263, 51, 53, 61, 264, 62, 57]  tape=0.266km B=10.05T unif=1.029% hoop=105MPa
  [1888] viol   f= 180.154  a=21.3 b=28.0 gap=21.6 (face=3.1mm) n=[280, 204, 267, 276, 53, 50, 69, 258, 58, 56]  tape=0.273km B=10.16T unif=1.948% hoop=109MPa
  [1889] OK     f=   0.275  a=21.2 b=27.8 gap=21.5 (face=3.1mm) n=[281, 198, 264, 277, 61, 68, 60, 261, 62, 56]  tape=0.275km B=10.32T unif=0.709% hoop=111MPa
  [1890] OK     f=   0.272  a=21.0 b=28.0 gap=21.5 (face=3.0mm) n=[281, 194, 259, 258, 84, 50, 64, 260, 53, 50]  tape=0.272km B=10.17T unif=0.692% hoop=110MPa
  [1891] viol   f=1083.251  a=20.6 b=27.2 gap=21.5 (face=3.1mm) n=[273, 196, 267, 263, 53, 50, 53, 272, 70, 69]  tape=0.263km B=10.10T unif=3.327% hoop=105MPa
  [1892] viol   f=   0.350  a=20.8 b=27.4 gap=21.5 (face=3.0mm) n=[286, 194, 262, 265, 69, 54, 53, 244, 54, 55]  tape=0.266km B=10.03T unif=1.020% hoop=129MPa
  [a=21 b=28 nt=1541] KSP converged reason: 4, iterations: 1
  [a=21 b=28 nt=1556] KSP converged reason: 4, iterations: 1
  [a=21 b=28 nt=1545] KSP converged reason: 4, iterations: 1
  [a=21 b=28 nt=1565] KSP converged reason: 4, iterations: 1
  [a=21 b=28 nt=1590] KSP converged reason: 4, iterations: 1
  [a=21 b=27 nt=1586] KSP converged reason: 4, iterations: 1
  [a=21 b=28 nt=1555] KSP converged reason: 4, iterations: 1
  [a=21 b=28 nt=1579] KSP converged reason: 4, iterations: 1
  [a=21 b=28 nt=1573] KSP converged reason: 4, iterations: 1
  [a=21 b=28 nt=1578] KSP converged reason: 4, iterations: 1
  [a=21 b=28 nt=1533] KSP converged reason: 4, iterations: 1
  [1893] OK     f=   0.271  a=21.1 b=27.5 gap=21.5 (face=3.0mm) n=[284, 190, 263, 281, 54, 59, 74, 250, 50, 60]  tape=0.271km B=10.09T unif=0.785% hoop=108MPa
  [1894] OK     f=   0.273  a=21.1 b=28.0 gap=21.5 (face=3.0mm) n=[280, 196, 274, 251, 76, 51, 65, 251, 61, 51]  tape=0.273km B=10.11T unif=0.873% hoop=108MPa
  [1895] OK     f=   0.269  a=21.1 b=27.9 gap=21.5 (face=3.0mm) n=[277, 198, 257, 279, 63, 53, 66, 247, 51, 54]  tape=0.269km B=10.12T unif=0.577% hoop=110MPa
  [1896] viol   f=   9.354  a=20.8 b=27.2 gap=21.5 (face=3.1mm) n=[279, 197, 263, 278, 72, 61, 56, 277, 53, 50]  tape=0.268km B=10.16T unif=1.213% hoop=104MPa
  [1897] OK     f=   0.268  a=21.1 b=27.7 gap=21.5 (face=3.0mm) n=[284, 202, 256, 258, 65, 54, 57, 260, 50, 55]  tape=0.268km B=10.00T unif=0.693% hoop=108MPa
  [1898] viol   f=1670.735  a=21.2 b=27.8 gap=21.5 (face=3.0mm) n=[273, 209, 257, 265, 75, 65, 61, 264, 64, 57]  tape=0.274km B=10.44T unif=3.890% hoop=113MPa
  [1899] OK     f=   0.272  a=21.1 b=27.8 gap=21.5 (face=3.0mm) n=[284, 194, 253, 261, 72, 66, 58, 262, 54, 51]  tape=0.272km B=10.14T unif=0.978% hoop=110MPa
  [1900] viol   f=   3.831  a=21.0 b=27.8 gap=21.5 (face=3.1mm) n=[286, 190, 263, 264, 86, 65, 59, 258, 57, 51]  tape=0.276km B=10.34T unif=1.133% hoop=112MPa
  [1901] viol   f=  63.667  a=21.0 b=27.9 gap=21.5 (face=3.0mm) n=[277, 201, 273, 260, 73, 50, 64, 259, 63, 53]  tape=0.272km B=10.26T unif=1.563% hoop=109MPa
  [1902] viol   f=  82.144  a=20.7 b=27.6 gap=21.6 (face=3.1mm) n=[282, 192, 250, 273, 71, 83, 61, 251, 60, 55]  tape=0.274km B=10.42T unif=1.640% hoop=111MPa
  [1903] viol   f=   0.292  a=21.2 b=27.7 gap=21.5 (face=3.1mm) n=[282, 190, 264, 260, 63, 53, 64, 243, 64, 50]  tape=0.268km B=9.89T unif=0.748% hoop=107MPa
  [a=21 b=27 nt=1548] KSP converged reason: 4, iterations: 1
  [a=21 b=28 nt=1574] KSP converged reason: 4, iterations: 1
  [a=21 b=28 nt=1579] KSP converged reason: 4, iterations: 1
  [a=21 b=28 nt=1586] KSP converged reason: 4, iterations: 1
  [a=21 b=28 nt=1556] KSP converged reason: 4, iterations: 1
  [a=21 b=28 nt=1529] KSP converged reason: 4, iterations: 1
  [a=21 b=28 nt=1535] KSP converged reason: 4, iterations: 1
  [a=21 b=28 nt=1572] KSP converged reason: 4, iterations: 1
  [a=21 b=28 nt=1563] KSP converged reason: 4, iterations: 1
  [a=21 b=28 nt=1540] KSP converged reason: 4, iterations: 1
  [a=21 b=28 nt=1536] KSP converged reason: 4, iterations: 1
  [1904] OK     f=   0.273  a=21.1 b=27.5 gap=21.5 (face=3.0mm) n=[279, 199, 257, 267, 64, 59, 60, 276, 61, 64]  tape=0.273km B=10.07T unif=0.978% hoop=107MPa
  [1905] viol   f=  80.551  a=20.8 b=27.7 gap=21.5 (face=3.0mm) n=[286, 200, 266, 262, 62, 56, 58, 250, 51, 65]  tape=0.271km B=10.06T unif=1.634% hoop=105MPa
  [1906] viol   f=  87.944  a=21.3 b=27.6 gap=21.5 (face=3.0mm) n=[282, 206, 250, 261, 68, 50, 64, 273, 65, 60]  tape=0.275km B=10.13T unif=1.662% hoop=111MPa
  [1907] OK     f=   0.280  a=21.4 b=28.0 gap=21.5 (face=3.0mm) n=[291, 203, 262, 253, 54, 51, 95, 251, 57, 57]  tape=0.280km B=10.14T unif=0.917% hoop=110MPa
  [1908] viol   f=   3.791  a=21.0 b=27.3 gap=21.5 (face=3.0mm) n=[291, 199, 257, 249, 83, 57, 61, 241, 57, 53]  tape=0.272km B=10.51T unif=1.133% hoop=116MPa
  [1909] viol   f=  98.012  a=21.1 b=27.8 gap=21.5 (face=3.0mm) n=[282, 207, 264, 251, 66, 58, 50, 244, 57, 50]  tape=0.267km B=10.11T unif=1.699% hoop=108MPa
  [1910] viol   f=   0.295  a=21.4 b=28.0 gap=21.5 (face=3.0mm) n=[282, 198, 242, 275, 63, 50, 67, 249, 50, 59]  tape=0.270km B=9.89T unif=0.599% hoop=109MPa
  [1911] OK     f=   0.275  a=21.2 b=27.8 gap=21.5 (face=3.0mm) n=[286, 194, 256, 276, 71, 62, 54, 261, 50, 62]  tape=0.275km B=10.16T unif=0.967% hoop=110MPa
  [1912] OK     f=   0.270  a=21.0 b=27.6 gap=21.5 (face=3.0mm) n=[284, 201, 261, 278, 62, 50, 68, 249, 51, 59]  tape=0.270km B=10.23T unif=0.521% hoop=108MPa
  [1913] viol   f=   9.019  a=21.0 b=27.6 gap=21.5 (face=3.0mm) n=[290, 199, 267, 255, 63, 57, 51, 245, 55, 58]  tape=0.270km B=10.03T unif=1.209% hoop=107MPa
  [1914] viol   f=   0.298  a=21.1 b=27.9 gap=21.5 (face=3.0mm) n=[279, 196, 259, 259, 63, 50, 54, 258, 67, 51]  tape=0.268km B=9.88T unif=0.491% hoop=106MPa
  [a=21 b=27 nt=1585] KSP converged reason: 4, iterations: 1
  [a=21 b=28 nt=1584] KSP converged reason: 4, iterations: 1
  [a=21 b=28 nt=1585] KSP converged reason: 4, iterations: 1
  [a=21 b=28 nt=1571] KSP converged reason: 4, iterations: 1
  [a=21 b=28 nt=1572] KSP converged reason: 4, iterations: 1
  [a=21 b=28 nt=1623] KSP converged reason: 4, iterations: 1
  [a=21 b=27 nt=1574] KSP converged reason: 4, iterations: 1
  [a=21 b=28 nt=1579] KSP converged reason: 4, iterations: 1
  [a=21 b=28 nt=1603] KSP converged reason: 4, iterations: 1
  [a=21 b=27 nt=1564] KSP converged reason: 4, iterations: 1
  [a=22 b=28 nt=1589] KSP converged reason: 4, iterations: 1
  [1915] viol   f= 160.607  a=20.9 b=27.3 gap=21.5 (face=3.0mm) n=[290, 192, 254, 284, 52, 63, 72, 257, 56, 65]  tape=0.275km B=10.20T unif=1.895% hoop=108MPa
  [1916] OK     f=   0.271  a=20.8 b=27.5 gap=21.5 (face=3.0mm) n=[280, 198, 256, 262, 76, 62, 54, 264, 58, 61]  tape=0.271km B=10.20T unif=0.692% hoop=109MPa
  [1917] viol   f=  28.192  a=21.3 b=27.9 gap=21.5 (face=3.0mm) n=[282, 205, 261, 272, 85, 69, 66, 263, 66, 54]  tape=0.284km B=10.54T unif=1.374% hoop=115MPa
  [1918] OK     f=   0.274  a=21.1 b=27.8 gap=21.5 (face=3.0mm) n=[277, 195, 253, 256, 92, 60, 64, 259, 52, 64]  tape=0.274km B=10.40T unif=0.572% hoop=115MPa
  [1919] OK     f=   0.280  a=21.4 b=28.0 gap=21.5 (face=3.0mm) n=[285, 203, 259, 265, 74, 61, 72, 250, 52, 63]  tape=0.280km B=10.39T unif=0.700% hoop=114MPa
  [1920] viol   f= 234.879  a=21.1 b=27.8 gap=21.5 (face=3.0mm) n=[277, 208, 271, 269, 55, 51, 72, 258, 58, 66]  tape=0.274km B=9.82T unif=2.083% hoop=363MPa
  [1921] OK     f=   0.272  a=20.8 b=27.3 gap=21.5 (face=3.0mm) n=[278, 195, 249, 260, 73, 58, 58, 252, 76, 75]  tape=0.272km B=10.10T unif=0.651% hoop=107MPa
  [1922] OK     f=   0.278  a=21.1 b=27.9 gap=21.5 (face=3.0mm) n=[287, 199, 263, 258, 64, 58, 69, 260, 58, 63]  tape=0.278km B=10.10T unif=0.651% hoop=108MPa
  [1923] OK     f=   0.283  a=21.5 b=27.8 gap=21.5 (face=3.0mm) n=[285, 199, 257, 293, 56, 50, 82, 260, 53, 68]  tape=0.283km B=10.18T unif=0.910% hoop=112MPa
  [1924] viol   f=   0.287  a=21.0 b=27.2 gap=21.5 (face=3.0mm) n=[282, 202, 263, 271, 56, 58, 59, 264, 55, 54]  tape=0.267km B=10.14T unif=1.010% hoop=105MPa
  [1925] OK     f=   0.279  a=21.6 b=28.0 gap=21.5 (face=3.0mm) n=[281, 197, 271, 275, 68, 57, 74, 248, 66, 52]  tape=0.279km B=10.15T unif=0.506% hoop=110MPa
  [a=21 b=27 nt=1567] KSP converged reason: 4, iterations: 1
  [a=21 b=28 nt=1556] KSP converged reason: 4, iterations: 1
  [a=21 b=28 nt=1586] KSP converged reason: 4, iterations: 1
  [a=21 b=28 nt=1569] KSP converged reason: 4, iterations: 1
  [a=21 b=27 nt=1563] KSP converged reason: 4, iterations: 1
  [a=21 b=28 nt=1561] KSP converged reason: 4, iterations: 1
  [a=21 b=27 nt=1569] KSP converged reason: 4, iterations: 1
  [a=21 b=27 nt=1556] KSP converged reason: 4, iterations: 1
  [a=21 b=27 nt=1566] KSP converged reason: 4, iterations: 1
  [a=21 b=27 nt=1549] KSP converged reason: 4, iterations: 1
  [a=21 b=27 nt=1575] KSP converged reason: 4, iterations: 1
  [1926] OK     f=   0.266  a=20.8 b=27.0 gap=21.5 (face=3.0mm) n=[277, 190, 248, 256, 77, 56, 54, 271, 77, 57]  tape=0.266km B=10.08T unif=0.825% hoop=108MPa
  [1927] viol   f=  91.670  a=20.8 b=27.4 gap=21.5 (face=3.0mm) n=[279, 202, 248, 257, 81, 50, 58, 246, 76, 70]  tape=0.272km B=10.56T unif=1.676% hoop=116MPa
  [1928] OK     f=   0.273  a=20.8 b=27.8 gap=21.5 (face=3.0mm) n=[280, 199, 246, 263, 82, 50, 65, 259, 50, 75]  tape=0.273km B=10.55T unif=0.805% hoop=117MPa
  [1929] OK     f=   0.276  a=21.1 b=27.9 gap=21.5 (face=3.0mm) n=[284, 196, 255, 254, 103, 55, 51, 243, 60, 60]  tape=0.276km B=10.11T unif=0.625% hoop=109MPa
  [1930] viol   f= 120.834  a=20.9 b=27.5 gap=21.5 (face=3.0mm) n=[287, 199, 254, 238, 69, 70, 60, 242, 63, 74]  tape=0.274km B=10.24T unif=1.776% hoop=112MPa
  [1931] OK     f=   0.276  a=21.2 b=27.7 gap=21.5 (face=3.0mm) n=[278, 200, 257, 259, 71, 66, 50, 285, 51, 69]  tape=0.276km B=10.10T unif=0.653% hoop=111MPa
  [1932] viol   f= 224.529  a=21.0 b=27.5 gap=21.5 (face=3.0mm) n=[272, 202, 260, 243, 74, 72, 57, 268, 53, 68]  tape=0.269km B=10.25T unif=2.059% hoop=111MPa
  [1933] viol   f= 369.183  a=20.6 b=27.1 gap=21.5 (face=3.1mm) n=[271, 203, 261, 253, 73, 57, 52, 259, 71, 56]  tape=0.263km B=10.24T unif=2.358% hoop=108MPa
  [1934] viol   f=  47.608  a=20.6 b=27.0 gap=21.5 (face=3.0mm) n=[282, 202, 247, 251, 71, 52, 54, 267, 73, 67]  tape=0.268km B=10.25T unif=1.487% hoop=110MPa
  [1935] OK     f=   0.267  a=20.9 b=27.4 gap=21.5 (face=3.1mm) n=[281, 187, 259, 267, 73, 52, 69, 253, 58, 50]  tape=0.267km B=10.08T unif=0.755% hoop=109MPa
  [1936] viol   f=  36.604  a=20.7 b=26.8 gap=21.5 (face=3.0mm) n=[277, 196, 253, 272, 77, 51, 64, 260, 57, 68]  tape=0.266km B=10.28T unif=1.426% hoop=108MPa
  [a=21 b=27 nt=1594] KSP converged reason: 4, iterations: 1
  [a=21 b=27 nt=1571] KSP converged reason: 4, iterations: 1
  [a=21 b=27 nt=1566] KSP converged reason: 4, iterations: 1
  [a=21 b=28 nt=1559] KSP converged reason: 4, iterations: 1
  [a=21 b=27 nt=1584] KSP converged reason: 4, iterations: 1
  [a=21 b=28 nt=1568] KSP converged reason: 4, iterations: 1
  [a=20 b=27 nt=1569] KSP converged reason: 4, iterations: 1
  [a=21 b=27 nt=1636] KSP converged reason: 4, iterations: 1
  [a=21 b=28 nt=1534] KSP converged reason: 4, iterations: 1
  [a=21 b=27 nt=1553] KSP converged reason: 4, iterations: 1
  [a=21 b=28 nt=1550] KSP converged reason: 4, iterations: 1
  [1937] OK     f=   0.273  a=21.0 b=27.6 gap=21.5 (face=3.0mm) n=[279, 184, 246, 262, 79, 62, 76, 262, 56, 62]  tape=0.273km B=10.15T unif=0.597% hoop=111MPa
  [1938] viol   f=  27.337  a=20.7 b=27.1 gap=21.6 (face=3.1mm) n=[283, 186, 257, 290, 80, 61, 75, 255, 57, 50]  tape=0.274km B=10.50T unif=1.368% hoop=113MPa
  [1939] viol   f=  61.223  a=20.7 b=26.7 gap=21.5 (face=3.1mm) n=[286, 184, 246, 268, 81, 56, 56, 277, 53, 59]  tape=0.266km B=10.40T unif=1.552% hoop=113MPa
  [1940] OK     f=   0.273  a=20.9 b=27.7 gap=21.5 (face=3.0mm) n=[280, 190, 258, 245, 88, 61, 75, 246, 60, 56]  tape=0.273km B=10.34T unif=0.568% hoop=112MPa
  [1941] viol   f=  70.793  a=20.9 b=27.1 gap=21.5 (face=3.0mm) n=[285, 186, 247, 262, 85, 53, 51, 279, 73, 50]  tape=0.270km B=10.35T unif=1.594% hoop=114MPa
  [1942] viol   f=   9.404  a=21.1 b=27.4 gap=21.5 (face=3.0mm) n=[285, 195, 254, 272, 75, 51, 58, 265, 65, 64]  tape=0.275km B=10.15T unif=1.214% hoop=109MPa
  [1943] OK     f=   0.270  a=20.3 b=27.5 gap=21.5 (face=3.0mm) n=[280, 202, 242, 254, 87, 50, 56, 264, 66, 68]  tape=0.270km B=10.49T unif=0.996% hoop=112MPa
  [1944] viol   f= 188.086  a=20.8 b=27.6 gap=21.5 (face=3.0mm) n=[266, 194, 244, 272, 87, 52, 59, 257, 53, 50]  tape=0.263km B=10.23T unif=1.969% hoop=113MPa
  [1945] viol   f=   0.280  a=20.7 b=27.1 gap=21.5 (face=3.0mm) n=[272, 194, 252, 253, 74, 88, 70, 277, 90, 66]  tape=0.280km B=10.23T unif=1.000% hoop=109MPa
  [1946] OK     f=   0.269  a=20.6 b=27.3 gap=21.5 (face=3.0mm) n=[283, 190, 253, 243, 98, 51, 62, 251, 65, 57]  tape=0.269km B=10.22T unif=0.583% hoop=109MPa
  [1947] OK     f=   0.275  a=21.4 b=28.1 gap=21.5 (face=3.0mm) n=[280, 192, 246, 260, 88, 50, 62, 260, 62, 50]  tape=0.275km B=10.19T unif=0.827% hoop=116MPa
  [a=20 b=27 nt=1551] KSP converged reason: 4, iterations: 1
  [a=20 b=27 nt=1577] KSP converged reason: 4, iterations: 1
  [a=20 b=28 nt=1552] KSP converged reason: 4, iterations: 1
  [a=20 b=27 nt=1543] KSP converged reason: 4, iterations: 1
  [a=20 b=28 nt=1597] KSP converged reason: 4, iterations: 1
  [a=20 b=28 nt=1576] KSP converged reason: 4, iterations: 1
  [a=20 b=28 nt=1558] KSP converged reason: 4, iterations: 1
  [a=21 b=27 nt=1588] KSP converged reason: 4, iterations: 1
  [a=21 b=27 nt=1578] KSP converged reason: 4, iterations: 1
  [a=20 b=28 nt=1533] KSP converged reason: 4, iterations: 1
  [a=21 b=28 nt=1570] KSP converged reason: 4, iterations: 1
  [1948] viol   f=  98.859  a=20.5 b=27.1 gap=21.5 (face=3.0mm) n=[281, 195, 245, 256, 85, 56, 62, 245, 86, 66]  tape=0.272km B=10.33T unif=1.702% hoop=111MPa
  [1949] viol   f=  39.824  a=20.5 b=27.5 gap=21.5 (face=3.0mm) n=[276, 192, 244, 243, 106, 85, 63, 261, 77, 50]  tape=0.277km B=10.26T unif=1.445% hoop=110MPa
  [1950] viol   f=  19.927  a=20.3 b=27.6 gap=21.5 (face=3.0mm) n=[278, 197, 244, 258, 103, 52, 59, 254, 51, 56]  tape=0.268km B=10.11T unif=1.314% hoop=105MPa
  [1951] viol   f=   5.693  a=20.2 b=27.4 gap=21.6 (face=3.1mm) n=[281, 190, 250, 244, 102, 73, 55, 236, 59, 53]  tape=0.267km B=10.33T unif=1.165% hoop=108MPa
  [1952] viol   f= 507.375  a=20.2 b=27.0 gap=21.5 (face=3.0mm) n=[283, 191, 251, 226, 100, 70, 56, 252, 60, 62]  tape=0.267km B=10.50T unif=2.592% hoop=112MPa
  [1953] viol   f=  32.229  a=20.4 b=27.7 gap=21.5 (face=3.1mm) n=[277, 191, 254, 250, 102, 60, 59, 258, 50, 75]  tape=0.273km B=10.20T unif=1.400% hoop=106MPa
  [1954] OK     f=   0.268  a=20.3 b=27.6 gap=21.5 (face=3.1mm) n=[276, 189, 256, 253, 78, 55, 54, 252, 92, 53]  tape=0.268km B=10.05T unif=0.959% hoop=103MPa
  [1955] OK     f=   0.275  a=20.8 b=27.3 gap=21.5 (face=3.1mm) n=[281, 186, 253, 253, 87, 68, 66, 263, 74, 57]  tape=0.275km B=10.25T unif=0.739% hoop=110MPa
  [1956] OK     f=   0.273  a=20.6 b=27.4 gap=21.5 (face=3.0mm) n=[279, 193, 257, 243, 79, 54, 70, 260, 75, 68]  tape=0.273km B=10.44T unif=0.954% hoop=112MPa
  [1957] viol   f=  16.285  a=20.5 b=27.6 gap=21.5 (face=3.0mm) n=[278, 198, 257, 237, 77, 54, 50, 265, 51, 66]  tape=0.264km B=10.08T unif=1.283% hoop=106MPa
  [1958] OK     f=   0.271  a=20.9 b=27.7 gap=21.5 (face=3.0mm) n=[275, 193, 244, 270, 75, 60, 65, 266, 64, 58]  tape=0.271km B=10.34T unif=0.608% hoop=113MPa
  [a=21 b=28 nt=1587] KSP converged reason: 4, iterations: 1
  [a=21 b=28 nt=1570] KSP converged reason: 4, iterations: 1
  [a=20 b=28 nt=1568] KSP converged reason: 4, iterations: 1
  [a=21 b=28 nt=1556] KSP converged reason: 4, iterations: 1
  [a=20 b=27 nt=1569] KSP converged reason: 4, iterations: 1
  [a=21 b=28 nt=1612] KSP converged reason: 4, iterations: 1
  [a=21 b=28 nt=1582] KSP converged reason: 4, iterations: 1
  [a=21 b=28 nt=1602] KSP converged reason: 4, iterations: 1
  [a=21 b=28 nt=1553] KSP converged reason: 4, iterations: 1
  [a=21 b=28 nt=1556] KSP converged reason: 4, iterations: 1
  [a=21 b=28 nt=1552] KSP converged reason: 4, iterations: 1
  [1959] OK     f=   0.271  a=20.1 b=27.6 gap=21.5 (face=3.0mm) n=[276, 186, 253, 261, 83, 64, 60, 240, 73, 72]  tape=0.271km B=10.45T unif=0.838% hoop=109MPa
  [1960] OK     f=   0.279  a=20.7 b=27.5 gap=21.5 (face=3.0mm) n=[277, 188, 253, 259, 84, 60, 78, 266, 85, 62]  tape=0.279km B=10.31T unif=0.663% hoop=110MPa
  [1961] viol   f=   3.394  a=20.7 b=28.0 gap=21.5 (face=3.1mm) n=[280, 195, 258, 249, 65, 52, 62, 269, 75, 51]  tape=0.271km B=9.96T unif=1.125% hoop=105MPa
  [1962] OK     f=   0.269  a=21.0 b=27.5 gap=21.5 (face=3.0mm) n=[275, 181, 268, 273, 66, 50, 54, 266, 84, 53]  tape=0.269km B=10.12T unif=0.340% hoop=108MPa
  [1963] viol   f= 192.453  a=20.1 b=27.1 gap=21.5 (face=3.0mm) n=[267, 186, 250, 248, 92, 55, 58, 249, 96, 68]  tape=0.265km B=10.15T unif=1.980% hoop=104MPa
  [1964] OK     f=   0.276  a=20.7 b=27.6 gap=21.5 (face=3.1mm) n=[282, 181, 250, 264, 74, 70, 65, 259, 78, 64]  tape=0.276km B=10.18T unif=0.514% hoop=109MPa
  [1965] OK     f=   0.281  a=21.1 b=28.0 gap=21.5 (face=3.0mm) n=[278, 192, 253, 275, 68, 70, 76, 247, 81, 62]  tape=0.281km B=10.20T unif=0.472% hoop=110MPa
  [1966] OK     f=   0.274  a=20.6 b=27.7 gap=21.5 (face=3.0mm) n=[274, 190, 244, 265, 87, 61, 60, 256, 78, 67]  tape=0.274km B=10.41T unif=0.885% hoop=113MPa
  [1967] OK     f=   0.273  a=20.8 b=28.2 gap=21.5 (face=3.1mm) n=[281, 193, 257, 238, 90, 50, 51, 273, 50, 70]  tape=0.273km B=10.03T unif=0.893% hoop=109MPa
  [1968] viol   f=  48.394  a=20.7 b=27.9 gap=21.5 (face=3.0mm) n=[267, 200, 246, 253, 77, 50, 60, 271, 68, 64]  tape=0.269km B=10.01T unif=1.491% hoop=109MPa
  [1969] viol   f=   0.276  a=21.0 b=28.2 gap=21.5 (face=3.1mm) n=[284, 192, 256, 255, 70, 51, 62, 251, 81, 50]  tape=0.275km B=9.99T unif=0.843% hoop=108MPa
  [a=21 b=27 nt=1548] KSP converged reason: 4, iterations: 1
  [a=21 b=28 nt=1583] KSP converged reason: 4, iterations: 1
  [a=21 b=28 nt=1553] KSP converged reason: 4, iterations: 1
  [a=20 b=27 nt=1555] KSP converged reason: 4, iterations: 1
  [a=21 b=28 nt=1579] KSP converged reason: 4, iterations: 1
  [a=21 b=29 nt=1569] KSP converged reason: 4, iterations: 1
  [a=21 b=28 nt=1536] KSP converged reason: 4, iterations: 1
  [a=21 b=28 nt=1587] KSP converged reason: 4, iterations: 1
  [a=20 b=28 nt=1533] KSP converged reason: 4, iterations: 1
  [a=21 b=28 nt=1586] KSP converged reason: 4, iterations: 1
  [a=21 b=28 nt=1605] KSP converged reason: 4, iterations: 1
  [1970] viol   f=   0.275  a=21.3 b=28.6 gap=21.5 (face=3.1mm) n=[271, 181, 270, 270, 63, 67, 55, 267, 67, 58]  tape=0.275km B=10.00T unif=0.352% hoop=109MPa
  [1971] viol   f=   0.273  a=20.3 b=27.0 gap=21.5 (face=3.0mm) n=[279, 178, 251, 248, 87, 52, 55, 248, 95, 62]  tape=0.266km B=10.19T unif=1.006% hoop=109MPa
  [1972] viol   f=   0.300  a=20.7 b=28.1 gap=21.6 (face=3.1mm) n=[271, 181, 251, 285, 56, 59, 67, 261, 89, 63]  tape=0.279km B=9.90T unif=0.427% hoop=107MPa
  [1973] viol   f=   0.266  a=20.6 b=27.5 gap=21.6 (face=3.1mm) n=[275, 175, 261, 274, 80, 51, 52, 263, 66, 56]  tape=0.265km B=9.97T unif=0.907% hoop=104MPa
  [1974] OK     f=   0.279  a=21.1 b=27.9 gap=21.5 (face=3.0mm) n=[278, 190, 247, 249, 87, 65, 80, 248, 73, 62]  tape=0.279km B=10.22T unif=0.652% hoop=113MPa
  [1975] OK     f=   0.265  a=20.5 b=27.4 gap=21.5 (face=3.1mm) n=[278, 179, 256, 269, 77, 66, 50, 259, 61, 53]  tape=0.265km B=10.05T unif=0.934% hoop=106MPa
  [1976] viol   f=   0.299  a=20.9 b=27.7 gap=21.5 (face=3.0mm) n=[278, 178, 254, 264, 78, 59, 51, 267, 57, 50]  tape=0.266km B=9.87T unif=0.505% hoop=107MPa
  [1977] viol   f=   1.436  a=20.5 b=27.6 gap=21.6 (face=3.1mm) n=[284, 172, 256, 262, 89, 69, 55, 256, 81, 63]  tape=0.277km B=10.26T unif=1.076% hoop=108MPa
  [1978] OK     f=   0.265  a=20.4 b=27.5 gap=21.5 (face=3.0mm) n=[275, 190, 248, 246, 82, 51, 51, 236, 91, 63]  tape=0.265km B=10.25T unif=0.839% hoop=109MPa
  [1979] OK     f=   0.279  a=21.0 b=27.8 gap=21.5 (face=3.1mm) n=[285, 179, 261, 249, 105, 63, 50, 264, 80, 50]  tape=0.279km B=10.26T unif=0.903% hoop=111MPa
  [1980] viol   f= 175.115  a=21.0 b=27.8 gap=21.5 (face=3.0mm) n=[276, 205, 257, 253, 84, 65, 52, 270, 75, 68]  tape=0.278km B=10.72T unif=1.935% hoop=119MPa
  [a=20 b=28 nt=1529] KSP converged reason: 4, iterations: 1
  [a=20 b=27 nt=1584] KSP converged reason: 4, iterations: 1
  [a=21 b=27 nt=1515] KSP converged reason: 4, iterations: 1
  [a=21 b=28 nt=1558] KSP converged reason: 4, iterations: 1
  [a=20 b=28 nt=1583] KSP converged reason: 4, iterations: 1
  [a=21 b=28 nt=1574] KSP converged reason: 4, iterations: 1
  [a=20 b=27 nt=1554] KSP converged reason: 4, iterations: 1
  [a=20 b=27 nt=1532] KSP converged reason: 4, iterations: 1
  [a=20 b=27 nt=1544] KSP converged reason: 4, iterations: 1
  [a=21 b=27 nt=1546] KSP converged reason: 4, iterations: 1
  [a=20 b=28 nt=1531] KSP converged reason: 4, iterations: 1
  [1981] viol   f=   0.351  a=21.2 b=27.9 gap=21.5 (face=3.0mm) n=[271, 181, 275, 267, 70, 50, 50, 264, 69, 61]  tape=0.270km B=9.80T unif=0.519% hoop=105MPa
  [1982] viol   f= 140.542  a=20.3 b=27.6 gap=21.5 (face=3.0mm) n=[284, 190, 235, 262, 95, 52, 53, 239, 57, 62]  tape=0.267km B=10.19T unif=1.837% hoop=109MPa
  [1983] OK     f=   0.271  a=21.0 b=27.5 gap=21.5 (face=3.1mm) n=[276, 180, 256, 276, 80, 52, 54, 268, 75, 57]  tape=0.271km B=10.34T unif=0.328% hoop=114MPa
  [1984] viol   f= 116.310  a=20.5 b=27.4 gap=21.6 (face=3.2mm) n=[276, 180, 264, 261, 71, 67, 56, 253, 85, 71]  tape=0.272km B=10.14T unif=1.762% hoop=105MPa
  [1985] viol   f=   0.289  a=20.7 b=27.5 gap=21.5 (face=3.1mm) n=[273, 180, 253, 260, 81, 50, 51, 239, 71, 57]  tape=0.261km B=9.88T unif=0.678% hoop=106MPa
  [1986] viol   f=   1.788  a=20.3 b=27.5 gap=21.5 (face=3.0mm) n=[272, 188, 256, 254, 78, 74, 71, 249, 69, 72]  tape=0.272km B=10.23T unif=1.087% hoop=106MPa
  [1987] viol   f=  75.157  a=20.1 b=27.3 gap=21.5 (face=3.1mm) n=[268, 182, 263, 246, 86, 67, 52, 261, 75, 54]  tape=0.262km B=10.40T unif=1.612% hoop=109MPa
  [1988] viol   f=   4.324  a=20.4 b=27.3 gap=21.6 (face=3.2mm) n=[272, 178, 259, 251, 74, 50, 50, 256, 89, 53]  tape=0.261km B=9.83T unif=1.142% hoop=102MPa
  [1989] viol   f=  42.375  a=20.0 b=27.1 gap=21.5 (face=3.1mm) n=[282, 182, 248, 248, 84, 61, 67, 239, 71, 62]  tape=0.266km B=10.51T unif=1.459% hoop=111MPa
  [1990] OK     f=   0.268  a=20.9 b=27.4 gap=21.6 (face=3.1mm) n=[283, 193, 250, 265, 75, 53, 78, 247, 50, 52]  tape=0.268km B=10.11T unif=0.833% hoop=108MPa
  [1991] viol   f=   0.941  a=20.2 b=27.5 gap=21.6 (face=3.1mm) n=[281, 191, 243, 274, 66, 55, 54, 247, 69, 51]  tape=0.263km B=9.93T unif=1.058% hoop=104MPa
  [a=21 b=27 nt=1587] KSP converged reason: 4, iterations: 1
  [a=21 b=27 nt=1548] KSP converged reason: 4, iterations: 1
  [a=21 b=28 nt=1593] KSP converged reason: 4, iterations: 1
  [a=21 b=28 nt=1562] KSP converged reason: 4, iterations: 1
  [a=21 b=27 nt=1603] KSP converged reason: 4, iterations: 1
  [a=21 b=28 nt=1524] KSP converged reason: 4, iterations: 1
  [a=21 b=27 nt=1554] KSP converged reason: 4, iterations: 1
  [a=21 b=27 nt=1532] KSP converged reason: 4, iterations: 1
  [a=21 b=28 nt=1533] KSP converged reason: 4, iterations: 1
  [a=21 b=27 nt=1547] KSP converged reason: 4, iterations: 1
  [a=21 b=28 nt=1586] KSP converged reason: 4, iterations: 1
  [1992] viol   f=  14.184  a=20.7 b=27.4 gap=21.6 (face=3.1mm) n=[278, 193, 248, 269, 79, 74, 66, 247, 91, 58]  tape=0.277km B=10.38T unif=1.264% hoop=110MPa
  [1993] OK     f=   0.269  a=21.1 b=27.8 gap=21.6 (face=3.1mm) n=[284, 179, 261, 265, 83, 53, 63, 221, 61, 54]  tape=0.269km B=10.01T unif=0.719% hoop=109MPa
  [1994] viol   f=   0.276  a=21.2 b=28.0 gap=21.6 (face=3.2mm) n=[285, 197, 261, 260, 56, 63, 71, 268, 51, 50]  tape=0.274km B=9.97T unif=0.622% hoop=106MPa
  [1995] OK     f=   0.274  a=20.7 b=26.9 gap=21.6 (face=3.3mm) n=[284, 177, 252, 243, 93, 66, 55, 263, 91, 63]  tape=0.274km B=10.24T unif=0.877% hoop=110MPa
  [1996] viol   f=   0.379  a=21.2 b=27.3 gap=21.5 (face=3.1mm) n=[272, 179, 258, 291, 65, 68, 57, 253, 50, 55]  tape=0.270km B=9.77T unif=0.288% hoop=108MPa
  [1997] OK     f=   0.275  a=20.8 b=27.5 gap=21.6 (face=3.1mm) n=[280, 179, 257, 270, 93, 50, 73, 259, 82, 50]  tape=0.275km B=10.35T unif=0.563% hoop=111MPa
  [1998] viol   f=  17.478  a=20.8 b=27.3 gap=21.6 (face=3.1mm) n=[285, 188, 250, 262, 74, 81, 61, 250, 50, 53]  tape=0.270km B=10.20T unif=1.293% hoop=109MPa
  [1999] viol   f=  63.344  a=20.6 b=27.1 gap=21.6 (face=3.2mm) n=[268, 187, 247, 270, 75, 53, 51, 248, 82, 51]  tape=0.260km B=9.90T unif=1.562% hoop=105MPa
  [2000] OK     f=   0.270  a=20.9 b=27.9 gap=21.6 (face=3.1mm) n=[283, 179, 262, 257, 93, 53, 61, 239, 56, 50]  tape=0.270km B=10.10T unif=0.808% hoop=109MPa
  [2001] viol   f=  11.178  a=20.8 b=27.1 gap=21.6 (face=3.2mm) n=[279, 180, 258, 273, 79, 53, 65, 247, 62, 51]  tape=0.265km B=10.15T unif=1.234% hoop=107MPa
  [2002] viol   f=  16.321  a=21.1 b=27.6 gap=21.6 (face=3.2mm) n=[277, 181, 247, 263, 98, 55, 88, 248, 71, 58]  tape=0.277km B=10.04T unif=1.283% hoop=107MPa
  [a=21 b=27 nt=1550] KSP converged reason: 4, iterations: 1
  [a=21 b=28 nt=1534] KSP converged reason: 4, iterations: 1
  [a=21 b=28 nt=1535] KSP converged reason: 4, iterations: 1
  [a=21 b=28 nt=1571] KSP converged reason: 4, iterations: 1
  [a=21 b=28 nt=1566] KSP converged reason: 4, iterations: 1
  [a=21 b=28 nt=1537] KSP converged reason: 4, iterations: 1
  [a=21 b=28 nt=1592] KSP converged reason: 4, iterations: 1
  [a=21 b=27 nt=1584] KSP converged reason: 4, iterations: 1
  [a=21 b=27 nt=1554] KSP converged reason: 4, iterations: 1
  [a=21 b=28 nt=1563] KSP converged reason: 4, iterations: 1
  [a=21 b=28 nt=1587] KSP converged reason: 4, iterations: 1
  [2003] viol   f=   0.364  a=21.3 b=27.8 gap=21.5 (face=3.1mm) n=[285, 167, 260, 246, 111, 52, 56, 246, 64, 50]  tape=0.273km B=9.79T unif=0.656% hoop=105MPa
  [2004] OK     f=   0.267  a=20.9 b=27.6 gap=21.6 (face=3.2mm) n=[283, 180, 255, 264, 91, 51, 55, 247, 58, 51]  tape=0.267km B=10.14T unif=0.609% hoop=110MPa
  [2005] OK     f=   0.272  a=20.9 b=27.7 gap=21.6 (face=3.2mm) n=[289, 175, 250, 264, 91, 51, 61, 234, 67, 52]  tape=0.272km B=10.23T unif=0.602% hoop=113MPa
  [2006] OK     f=   0.280  a=21.2 b=27.9 gap=21.7 (face=3.4mm) n=[289, 179, 265, 257, 105, 50, 70, 224, 70, 62]  tape=0.280km B=10.11T unif=0.746% hoop=109MPa
  [2007] OK     f=   0.279  a=21.0 b=28.2 gap=21.6 (face=3.2mm) n=[282, 194, 252, 257, 85, 56, 70, 233, 76, 61]  tape=0.279km B=10.42T unif=0.835% hoop=116MPa
  [2008] OK     f=   0.270  a=20.8 b=27.3 gap=21.5 (face=3.1mm) n=[285, 179, 261, 241, 90, 50, 63, 258, 72, 51]  tape=0.270km B=10.27T unif=0.818% hoop=111MPa
  [2009] viol   f= 169.096  a=21.4 b=27.6 gap=21.6 (face=3.2mm) n=[297, 170, 266, 265, 98, 71, 63, 248, 50, 64]  tape=0.284km B=10.39T unif=1.919% hoop=114MPa
  [2010] viol   f= 289.008  a=20.8 b=27.3 gap=21.6 (face=3.3mm) n=[284, 165, 259, 282, 79, 59, 74, 252, 76, 54]  tape=0.273km B=10.36T unif=2.202% hoop=109MPa
  [2011] viol   f=   2.060  a=20.8 b=27.4 gap=21.6 (face=3.2mm) n=[283, 173, 264, 277, 69, 53, 67, 246, 67, 55]  tape=0.268km B=9.93T unif=1.094% hoop=103MPa
  [2012] viol   f=   0.281  a=21.2 b=27.9 gap=21.5 (face=3.1mm) n=[280, 182, 255, 249, 105, 51, 73, 248, 64, 56]  tape=0.276km B=9.95T unif=0.547% hoop=108MPa
  [2013] OK     f=   0.281  a=21.1 b=27.9 gap=21.6 (face=3.2mm) n=[277, 185, 261, 288, 61, 83, 78, 238, 59, 57]  tape=0.281km B=10.07T unif=0.340% hoop=109MPa
  [a=21 b=27 nt=1576] KSP converged reason: 4, iterations: 1
  [a=21 b=28 nt=1541] KSP converged reason: 4, iterations: 1
  [a=21 b=27 nt=1574] KSP converged reason: 4, iterations: 1
  [a=21 b=28 nt=1568] KSP converged reason: 4, iterations: 1
  [a=21 b=28 nt=1540] KSP converged reason: 4, iterations: 1
  [a=21 b=27 nt=1553] KSP converged reason: 4, iterations: 1
  [a=21 b=28 nt=1561] KSP converged reason: 4, iterations: 1
  [a=21 b=27 nt=1535] KSP converged reason: 4, iterations: 1
  [a=21 b=28 nt=1554] KSP converged reason: 4, iterations: 1
  [a=21 b=28 nt=1571] KSP converged reason: 4, iterations: 1
  [a=21 b=27 nt=1573] KSP converged reason: 4, iterations: 1
  [2014] viol   f=  33.396  a=21.2 b=27.2 gap=21.6 (face=3.1mm) n=[292, 179, 260, 259, 101, 57, 60, 242, 67, 57]  tape=0.277km B=10.24T unif=1.407% hoop=112MPa
  [2015] OK     f=   0.274  a=21.0 b=28.1 gap=21.6 (face=3.1mm) n=[285, 177, 260, 267, 81, 52, 57, 231, 72, 58]  tape=0.274km B=10.04T unif=0.831% hoop=109MPa
  [2016] viol   f= 103.815  a=21.4 b=27.2 gap=21.6 (face=3.2mm) n=[290, 173, 265, 270, 92, 54, 52, 254, 69, 57]  tape=0.275km B=10.30T unif=1.720% hoop=111MPa
  [2017] OK     f=   0.269  a=20.8 b=27.4 gap=21.6 (face=3.1mm) n=[277, 176, 251, 264, 97, 64, 55, 248, 71, 50]  tape=0.269km B=10.12T unif=0.561% hoop=109MPa
  [2018] viol   f=   8.092  a=21.0 b=27.8 gap=21.6 (face=3.1mm) n=[287, 182, 243, 254, 96, 54, 85, 233, 73, 61]  tape=0.280km B=10.17T unif=1.198% hoop=114MPa
  [2019] OK     f=   0.274  a=20.6 b=28.0 gap=21.6 (face=3.1mm) n=[288, 180, 256, 256, 97, 61, 58, 228, 65, 52]  tape=0.274km B=10.23T unif=0.753% hoop=110MPa
  [2020] viol   f= 303.683  a=20.9 b=27.5 gap=21.6 (face=3.2mm) n=[277, 199, 246, 250, 107, 50, 51, 253, 50, 52]  tape=0.265km B=10.01T unif=2.232% hoop=107MPa
  [2021] OK     f=   0.270  a=20.5 b=27.6 gap=21.6 (face=3.2mm) n=[279, 178, 254, 257, 82, 52, 52, 262, 78, 67]  tape=0.270km B=10.02T unif=0.776% hoop=107MPa
  [2022] OK     f=   0.273  a=21.1 b=27.8 gap=21.6 (face=3.2mm) n=[286, 185, 251, 269, 77, 60, 68, 252, 56, 50]  tape=0.273km B=10.09T unif=0.487% hoop=110MPa
  [2023] OK     f=   0.276  a=21.0 b=28.0 gap=21.6 (face=3.2mm) n=[282, 181, 253, 263, 82, 63, 63, 261, 67, 56]  tape=0.276km B=10.07T unif=0.662% hoop=111MPa
  [2024] viol   f=   0.331  a=20.6 b=27.1 gap=21.5 (face=3.1mm) n=[279, 192, 253, 260, 103, 51, 61, 228, 78, 68]  tape=0.271km B=10.17T unif=1.017% hoop=106MPa
  [a=21 b=27 nt=1541] KSP converged reason: 4, iterations: 1
  [a=21 b=28 nt=1536] KSP converged reason: 4, iterations: 1
  [a=21 b=27 nt=1582] KSP converged reason: 4, iterations: 1
  [a=21 b=27 nt=1555] KSP converged reason: 4, iterations: 1
  [a=21 b=28 nt=1596] KSP converged reason: 4, iterations: 1
  [a=21 b=28 nt=1573] KSP converged reason: 4, iterations: 1
  [a=21 b=28 nt=1580] KSP converged reason: 4, iterations: 1
  [a=21 b=28 nt=1549] KSP converged reason: 4, iterations: 1
  [a=21 b=28 nt=1506] KSP converged reason: 4, iterations: 1
  [a=20 b=27 nt=1541] KSP converged reason: 4, iterations: 1
  [a=21 b=28 nt=1564] KSP converged reason: 4, iterations: 1
  [2025] viol   f= 233.282  a=20.5 b=27.5 gap=21.6 (face=3.2mm) n=[276, 172, 248, 269, 93, 58, 50, 250, 81, 58]  tape=0.268km B=10.22T unif=2.079% hoop=109MPa
  [2026] viol   f= 429.553  a=20.5 b=27.4 gap=21.6 (face=3.2mm) n=[275, 172, 247, 284, 80, 70, 51, 260, 66, 77]  tape=0.274km B=10.37T unif=2.465% hoop=112MPa
  [2027] OK     f=   0.274  a=20.8 b=27.5 gap=21.6 (face=3.1mm) n=[276, 182, 255, 275, 82, 52, 58, 270, 79, 67]  tape=0.274km B=10.43T unif=0.920% hoop=113MPa
  [2028] OK     f=   0.274  a=20.7 b=27.9 gap=21.6 (face=3.1mm) n=[278, 179, 257, 257, 101, 66, 57, 263, 65, 50]  tape=0.274km B=10.36T unif=0.853% hoop=112MPa
  [2029] viol   f=   0.858  a=20.7 b=27.5 gap=21.5 (face=3.1mm) n=[285, 180, 249, 248, 96, 50, 51, 250, 77, 50]  tape=0.269km B=10.08T unif=1.054% hoop=108MPa
  [2030] OK     f=   0.269  a=20.8 b=27.4 gap=21.6 (face=3.2mm) n=[284, 181, 252, 265, 92, 51, 55, 237, 74, 50]  tape=0.269km B=10.19T unif=0.471% hoop=109MPa
  [2031] viol   f=  58.095  a=21.0 b=27.6 gap=21.6 (face=3.2mm) n=[282, 176, 255, 279, 98, 50, 64, 245, 73, 58]  tape=0.275km B=10.23T unif=1.538% hoop=109MPa
  [2032] OK     f=   0.269  a=21.0 b=27.6 gap=21.6 (face=3.1mm) n=[279, 180, 258, 267, 86, 56, 60, 246, 60, 57]  tape=0.269km B=10.38T unif=0.767% hoop=114MPa
  [2033] viol   f=  21.185  a=20.7 b=27.8 gap=21.6 (face=3.2mm) n=[282, 178, 263, 246, 87, 55, 50, 244, 50, 51]  tape=0.264km B=10.13T unif=1.323% hoop=110MPa
  [2034] viol   f=  41.361  a=20.4 b=27.5 gap=21.6 (face=3.2mm) n=[276, 176, 242, 273, 80, 51, 67, 243, 80, 53]  tape=0.265km B=10.24T unif=1.453% hoop=109MPa
  [2035] viol   f=  10.986  a=21.3 b=28.1 gap=21.5 (face=3.0mm) n=[286, 189, 238, 275, 86, 64, 71, 242, 54, 59]  tape=0.279km B=10.48T unif=1.231% hoop=121MPa
  [a=21 b=27 nt=1563] KSP converged reason: 4, iterations: 1
  [a=21 b=28 nt=1564] KSP converged reason: 4, iterations: 1
  [a=21 b=27 nt=1578] KSP converged reason: 4, iterations: 1
  [a=21 b=27 nt=1587] KSP converged reason: 4, iterations: 1
  [a=21 b=28 nt=1561] KSP converged reason: 4, iterations: 1
  [a=21 b=27 nt=1567] KSP converged reason: 4, iterations: 1
  [a=21 b=27 nt=1589] KSP converged reason: 4, iterations: 1
  [a=21 b=28 nt=1548] KSP converged reason: 4, iterations: 1
  [a=21 b=27 nt=1548] KSP converged reason: 4, iterations: 1
  [a=21 b=28 nt=1582] KSP converged reason: 4, iterations: 1
  [a=21 b=28 nt=1540] KSP converged reason: 4, iterations: 1
  [2036] viol   f=  54.630  a=20.6 b=27.1 gap=21.6 (face=3.2mm) n=[276, 180, 249, 272, 97, 79, 55, 248, 71, 60]  tape=0.272km B=10.58T unif=1.521% hoop=114MPa
  [2037] viol   f= 376.748  a=20.9 b=27.2 gap=21.6 (face=3.2mm) n=[274, 170, 269, 274, 71, 73, 51, 258, 71, 67]  tape=0.269km B=9.97T unif=2.372% hoop=103MPa
  [2038] OK     f=   0.272  a=21.0 b=27.9 gap=21.6 (face=3.1mm) n=[279, 188, 254, 270, 81, 51, 54, 263, 71, 50]  tape=0.272km B=10.24T unif=0.744% hoop=111MPa
  [2039] OK     f=   0.272  a=20.7 b=27.3 gap=21.6 (face=3.2mm) n=[283, 174, 256, 267, 91, 64, 50, 232, 85, 61]  tape=0.272km B=10.33T unif=0.941% hoop=111MPa
  [2040] OK     f=   0.275  a=21.1 b=27.8 gap=21.6 (face=3.1mm) n=[283, 182, 254, 263, 100, 52, 62, 248, 69, 51]  tape=0.275km B=10.13T unif=0.619% hoop=112MPa
  [2041] viol   f= 330.188  a=20.7 b=27.4 gap=21.7 (face=3.4mm) n=[280, 172, 263, 280, 72, 60, 57, 262, 64, 57]  tape=0.268km B=9.93T unif=2.284% hoop=101MPa
  [2042] viol   f=  35.195  a=21.0 b=27.4 gap=21.6 (face=3.2mm) n=[279, 170, 261, 269, 108, 79, 53, 250, 63, 57]  tape=0.275km B=10.47T unif=1.418% hoop=113MPa
  [2043] viol   f=  11.494  a=20.6 b=27.5 gap=21.6 (face=3.2mm) n=[283, 189, 264, 270, 88, 50, 56, 247, 50, 51]  tape=0.267km B=10.42T unif=1.237% hoop=111MPa
  [2044] OK     f=   0.271  a=20.9 b=27.6 gap=21.6 (face=3.2mm) n=[281, 184, 250, 265, 89, 52, 63, 240, 74, 50]  tape=0.271km B=10.31T unif=0.645% hoop=112MPa
  [2045] viol   f=   0.279  a=20.8 b=28.1 gap=21.6 (face=3.1mm) n=[278, 185, 243, 270, 105, 53, 50, 265, 76, 57]  tape=0.276km B=9.97T unif=0.916% hoop=107MPa
  [2046] viol   f= 180.458  a=21.0 b=27.7 gap=21.6 (face=3.1mm) n=[277, 181, 250, 277, 87, 51, 54, 246, 64, 53]  tape=0.267km B=10.30T unif=1.949% hoop=113MPa
  [a=21 b=28 nt=1558] KSP converged reason: 4, iterations: 1
  [a=21 b=27 nt=1544] KSP converged reason: 4, iterations: 1
  [a=21 b=28 nt=1566] KSP converged reason: 4, iterations: 1
  [a=21 b=28 nt=1563] KSP converged reason: 4, iterations: 1
  [a=21 b=27 nt=1572] KSP converged reason: 4, iterations: 1
  [a=21 b=28 nt=1535] KSP converged reason: 4, iterations: 1
  [a=21 b=27 nt=1554] KSP converged reason: 4, iterations: 1
  [a=21 b=28 nt=1530] KSP converged reason: 4, iterations: 1
  [a=21 b=28 nt=1563] KSP converged reason: 4, iterations: 1
  [a=21 b=28 nt=1553] KSP converged reason: 4, iterations: 1
  [a=21 b=27 nt=1519] KSP converged reason: 4, iterations: 1
  [2047] viol   f=  34.278  a=20.8 b=27.5 gap=21.6 (face=3.2mm) n=[277, 182, 249, 264, 94, 51, 50, 240, 75, 53]  tape=0.266km B=10.13T unif=1.412% hoop=109MPa
  [2048] viol   f=  23.876  a=20.6 b=27.7 gap=21.6 (face=3.1mm) n=[279, 187, 247, 253, 98, 64, 50, 243, 73, 69]  tape=0.273km B=10.39T unif=1.344% hoop=112MPa
  [2049] viol   f= 172.851  a=20.9 b=27.3 gap=21.6 (face=3.2mm) n=[280, 173, 250, 267, 106, 51, 59, 258, 78, 50]  tape=0.271km B=10.00T unif=1.929% hoop=107MPa
  [2050] OK     f=   0.271  a=21.0 b=27.6 gap=21.6 (face=3.2mm) n=[280, 190, 247, 269, 78, 52, 62, 258, 71, 51]  tape=0.271km B=10.33T unif=0.523% hoop=113MPa
  [2051] OK     f=   0.267  a=20.6 b=27.4 gap=21.6 (face=3.2mm) n=[281, 183, 251, 279, 82, 60, 55, 237, 66, 50]  tape=0.267km B=10.40T unif=0.969% hoop=110MPa
  [2052] viol   f=  11.114  a=20.9 b=27.8 gap=21.6 (face=3.1mm) n=[278, 186, 247, 269, 97, 53, 73, 242, 69, 52]  tape=0.274km B=10.27T unif=1.233% hoop=111MPa
  [2053] OK     f=   0.270  a=21.0 b=27.5 gap=21.6 (face=3.3mm) n=[281, 177, 258, 270, 105, 50, 51, 238, 73, 51]  tape=0.270km B=10.00T unif=0.722% hoop=106MPa
  [2054] OK     f=   0.271  a=21.1 b=27.8 gap=21.6 (face=3.2mm) n=[288, 177, 257, 260, 85, 53, 59, 234, 66, 51]  tape=0.271km B=10.23T unif=0.997% hoop=114MPa
  [2055] OK     f=   0.269  a=20.7 b=27.6 gap=21.6 (face=3.2mm) n=[278, 181, 254, 257, 98, 55, 51, 257, 68, 54]  tape=0.269km B=10.06T unif=0.804% hoop=108MPa
  [2056] OK     f=   0.275  a=20.7 b=27.7 gap=21.7 (face=3.4mm) n=[287, 180, 252, 276, 95, 59, 69, 223, 70, 52]  tape=0.275km B=10.32T unif=0.910% hoop=111MPa
  [2057] viol   f= 448.266  a=20.7 b=27.4 gap=21.7 (face=3.3mm) n=[280, 176, 249, 271, 79, 52, 50, 229, 82, 51]  tape=0.263km B=10.20T unif=2.497% hoop=110MPa
  [a=21 b=27 nt=1564] KSP converged reason: 4, iterations: 1
  [a=21 b=27 nt=1560] KSP converged reason: 4, iterations: 1
  [a=21 b=27 nt=1568] KSP converged reason: 4, iterations: 1
  [a=21 b=27 nt=1544] KSP converged reason: 4, iterations: 1
  [a=21 b=27 nt=1550] KSP converged reason: 4, iterations: 1
  [a=21 b=28 nt=1563] KSP converged reason: 4, iterations: 1
  [a=21 b=27 nt=1543] KSP converged reason: 4, iterations: 1
  [a=21 b=27 nt=1558] KSP converged reason: 4, iterations: 1
  [a=21 b=28 nt=1540] KSP converged reason: 4, iterations: 1
  [a=21 b=27 nt=1555] KSP converged reason: 4, iterations: 1
  [a=21 b=28 nt=1584] KSP converged reason: 4, iterations: 1
  [2058] OK     f=   0.271  a=20.8 b=27.6 gap=21.6 (face=3.2mm) n=[279, 185, 258, 264, 89, 57, 50, 252, 71, 58]  tape=0.271km B=10.32T unif=0.997% hoop=112MPa
  [2059] viol   f=   0.343  a=20.7 b=27.5 gap=21.6 (face=3.2mm) n=[279, 186, 260, 274, 96, 52, 61, 250, 57, 53]  tape=0.270km B=10.25T unif=1.019% hoop=109MPa
  [2060] viol   f=  56.439  a=20.5 b=27.5 gap=21.6 (face=3.2mm) n=[278, 183, 247, 272, 91, 53, 61, 232, 72, 55]  tape=0.267km B=10.25T unif=1.530% hoop=108MPa
  [2061] viol   f=   0.574  a=20.5 b=27.1 gap=21.6 (face=3.1mm) n=[283, 187, 249, 262, 102, 59, 50, 252, 70, 50]  tape=0.269km B=10.17T unif=1.039% hoop=107MPa
  [2062] viol   f=  44.191  a=20.7 b=27.4 gap=21.7 (face=3.3mm) n=[279, 180, 257, 280, 88, 50, 51, 246, 68, 51]  tape=0.266km B=10.29T unif=1.469% hoop=109MPa
  [2063] viol   f= 497.243  a=21.0 b=27.4 gap=21.6 (face=3.3mm) n=[279, 175, 265, 277, 84, 55, 54, 246, 74, 51]  tape=0.269km B=10.47T unif=2.576% hoop=113MPa
  [2064] viol   f=   0.269  a=20.6 b=27.4 gap=21.6 (face=3.3mm) n=[279, 185, 262, 256, 71, 50, 59, 259, 71, 51]  tape=0.265km B=9.96T unif=0.680% hoop=104MPa
  [2065] OK     f=   0.273  a=21.2 b=27.8 gap=21.6 (face=3.2mm) n=[286, 181, 245, 265, 87, 50, 59, 241, 69, 57]  tape=0.273km B=10.26T unif=0.748% hoop=116MPa
  [2066] viol   f=  31.150  a=20.8 b=27.3 gap=21.6 (face=3.2mm) n=[279, 180, 257, 279, 97, 52, 53, 235, 76, 50]  tape=0.268km B=10.18T unif=1.393% hoop=108MPa
  [2067] OK     f=   0.271  a=20.9 b=27.5 gap=21.6 (face=3.2mm) n=[282, 187, 254, 267, 92, 52, 61, 239, 66, 55]  tape=0.271km B=10.31T unif=0.593% hoop=111MPa
  [2068] OK     f=   0.273  a=21.1 b=27.6 gap=21.5 (face=3.1mm) n=[274, 188, 255, 262, 81, 73, 63, 270, 65, 53]  tape=0.273km B=10.27T unif=0.649% hoop=112MPa
  [a=21 b=27 nt=1538] KSP converged reason: 4, iterations: 1
  [a=21 b=27 nt=1570] KSP converged reason: 4, iterations: 1
  [a=21 b=27 nt=1548] KSP converged reason: 4, iterations: 1
  [a=21 b=28 nt=1563] KSP converged reason: 4, iterations: 1
  [a=20 b=27 nt=1546] KSP converged reason: 4, iterations: 1
  [a=21 b=27 nt=1553] KSP converged reason: 4, iterations: 1
  [a=21 b=28 nt=1562] KSP converged reason: 4, iterations: 1
  [a=21 b=28 nt=1527] KSP converged reason: 4, iterations: 1
  [a=21 b=27 nt=1571] KSP converged reason: 4, iterations: 1
  [a=21 b=28 nt=1550] KSP converged reason: 4, iterations: 1
  [a=21 b=28 nt=1544] KSP converged reason: 4, iterations: 1
  [2069] viol   f=  22.069  a=20.6 b=27.5 gap=21.6 (face=3.2mm) n=[277, 186, 258, 268, 90, 54, 50, 242, 77, 51]  tape=0.267km B=10.31T unif=1.330% hoop=110MPa
  [2070] viol   f=  10.360  a=20.7 b=27.6 gap=21.7 (face=3.3mm) n=[282, 185, 255, 277, 71, 50, 60, 261, 71, 51]  tape=0.269km B=10.07T unif=1.225% hoop=105MPa
  [2071] viol   f=   0.287  a=20.9 b=27.3 gap=21.6 (face=3.2mm) n=[275, 190, 248, 276, 65, 58, 61, 258, 66, 51]  tape=0.265km B=9.90T unif=0.927% hoop=105MPa
  [2072] viol   f= 335.282  a=20.5 b=27.4 gap=21.6 (face=3.2mm) n=[277, 191, 265, 251, 79, 51, 53, 254, 73, 52]  tape=0.265km B=10.14T unif=2.294% hoop=106MPa
  [2073] viol   f=  28.565  a=20.6 b=27.1 gap=21.6 (face=3.2mm) n=[279, 181, 259, 252, 85, 57, 50, 249, 76, 50]  tape=0.264km B=10.32T unif=1.376% hoop=111MPa
  [2074] viol   f=  11.176  a=20.8 b=27.4 gap=21.6 (face=3.2mm) n=[281, 186, 269, 256, 96, 52, 54, 256, 70, 50]  tape=0.271km B=10.22T unif=1.234% hoop=107MPa
  [2075] OK     f=   0.272  a=21.0 b=27.9 gap=21.6 (face=3.2mm) n=[281, 184, 272, 258, 82, 50, 50, 268, 60, 57]  tape=0.272km B=10.07T unif=0.719% hoop=107MPa
  [2076] viol   f=   0.287  a=20.7 b=27.5 gap=21.6 (face=3.2mm) n=[281, 187, 249, 254, 75, 50, 50, 249, 79, 53]  tape=0.266km B=9.90T unif=0.893% hoop=105MPa
  [2077] viol   f= 333.909  a=21.0 b=27.3 gap=21.6 (face=3.1mm) n=[277, 181, 253, 266, 97, 61, 51, 252, 82, 51]  tape=0.271km B=10.39T unif=2.292% hoop=115MPa
  [2078] viol   f=  42.812  a=20.6 b=27.5 gap=21.6 (face=3.3mm) n=[281, 186, 263, 266, 77, 58, 56, 255, 54, 54]  tape=0.267km B=10.13T unif=1.461% hoop=105MPa
  [2079] viol   f=   1.094  a=20.8 b=27.5 gap=21.6 (face=3.3mm) n=[279, 178, 266, 255, 94, 50, 51, 251, 67, 53]  tape=0.267km B=10.08T unif=1.064% hoop=107MPa
  [a=21 b=28 nt=1590] KSP converged reason: 4, iterations: 1
  [a=21 b=28 nt=1558] KSP converged reason: 4, iterations: 1
  [a=21 b=28 nt=1543] KSP converged reason: 4, iterations: 1
  [a=21 b=28 nt=1525] KSP converged reason: 4, iterations: 1
  [a=21 b=28 nt=1542] KSP converged reason: 4, iterations: 1
  [a=21 b=28 nt=1548] KSP converged reason: 4, iterations: 1
  [a=21 b=27 nt=1535] KSP converged reason: 4, iterations: 1
  [a=21 b=28 nt=1560] KSP converged reason: 4, iterations: 1
  [a=21 b=28 nt=1550] KSP converged reason: 4, iterations: 1
  [a=21 b=27 nt=1549] KSP converged reason: 4, iterations: 1
  [a=21 b=28 nt=1527] KSP converged reason: 4, iterations: 1
  [2080] viol   f=  30.431  a=20.8 b=27.7 gap=21.6 (face=3.2mm) n=[274, 190, 270, 262, 63, 55, 53, 263, 61, 51]  tape=0.264km B=9.86T unif=1.388% hoop=103MPa
  [2081] viol   f=  19.626  a=20.9 b=27.9 gap=21.6 (face=3.2mm) n=[281, 187, 275, 258, 86, 63, 65, 261, 58, 56]  tape=0.277km B=10.42T unif=1.311% hoop=111MPa
  [2082] OK     f=   0.267  a=20.7 b=27.6 gap=21.6 (face=3.1mm) n=[280, 189, 255, 263, 79, 50, 53, 255, 59, 60]  tape=0.267km B=10.05T unif=0.622% hoop=106MPa
  [2083] viol   f=   0.274  a=21.2 b=27.7 gap=21.6 (face=3.1mm) n=[279, 184, 263, 262, 74, 57, 50, 253, 52, 51]  tape=0.265km B=9.93T unif=0.538% hoop=107MPa
  [2084] viol   f= 374.800  a=21.1 b=27.7 gap=21.6 (face=3.2mm) n=[280, 181, 271, 273, 72, 51, 58, 262, 60, 50]  tape=0.269km B=9.95T unif=2.368% hoop=105MPa
  [2085] viol   f=   0.368  a=20.9 b=27.6 gap=21.6 (face=3.2mm) n=[274, 183, 259, 275, 70, 51, 50, 264, 58, 64]  tape=0.265km B=9.77T unif=0.386% hoop=103MPa
  [2086] OK     f=   0.272  a=21.0 b=27.7 gap=21.6 (face=3.1mm) n=[282, 188, 257, 267, 75, 56, 52, 255, 71, 57]  tape=0.272km B=10.03T unif=0.628% hoop=107MPa
  [2087] viol   f=   0.275  a=20.9 b=27.4 gap=21.6 (face=3.2mm) n=[278, 179, 260, 259, 74, 51, 58, 249, 74, 53]  tape=0.265km B=9.93T unif=0.602% hoop=106MPa
  [2088] viol   f=  47.245  a=21.2 b=27.7 gap=21.7 (face=3.3mm) n=[281, 181, 268, 262, 77, 54, 51, 264, 58, 54]  tape=0.269km B=9.94T unif=1.485% hoop=108MPa
  [2089] OK     f=   0.268  a=20.8 b=27.5 gap=21.6 (face=3.3mm) n=[283, 187, 255, 261, 81, 54, 50, 257, 67, 54]  tape=0.268km B=10.05T unif=0.715% hoop=107MPa
  [2090] OK     f=   0.268  a=21.1 b=27.8 gap=21.6 (face=3.2mm) n=[282, 184, 260, 252, 83, 50, 51, 250, 60, 55]  tape=0.268km B=10.25T unif=0.738% hoop=113MPa
  [a=21 b=28 nt=1537] KSP converged reason: 4, iterations: 1
  [a=21 b=27 nt=1545] KSP converged reason: 4, iterations: 1
  [a=21 b=28 nt=1526] KSP converged reason: 4, iterations: 1
  [a=21 b=28 nt=1551] KSP converged reason: 4, iterations: 1
  [a=21 b=28 nt=1524] KSP converged reason: 4, iterations: 1
  [a=21 b=28 nt=1550] KSP converged reason: 4, iterations: 1
  [a=21 b=28 nt=1534] KSP converged reason: 4, iterations: 1
  [a=21 b=28 nt=1519] KSP converged reason: 4, iterations: 1
  [a=21 b=27 nt=1525] KSP converged reason: 4, iterations: 1
  [a=21 b=28 nt=1587] KSP converged reason: 4, iterations: 1
  [a=21 b=28 nt=1544] KSP converged reason: 4, iterations: 1
  [2091] viol   f=   0.271  a=21.1 b=27.8 gap=21.6 (face=3.2mm) n=[283, 191, 252, 264, 74, 52, 66, 249, 55, 51]  tape=0.269km B=9.97T unif=0.581% hoop=107MPa
  [2092] viol   f=   2.175  a=20.7 b=27.6 gap=21.6 (face=3.1mm) n=[273, 190, 256, 263, 80, 59, 52, 256, 57, 64]  tape=0.266km B=10.09T unif=1.098% hoop=107MPa
  [2093] viol   f=  26.322  a=21.0 b=27.7 gap=21.6 (face=3.1mm) n=[281, 188, 255, 257, 84, 58, 58, 257, 63, 50]  tape=0.270km B=10.45T unif=1.361% hoop=168MPa
  [2094] viol   f=   0.273  a=21.2 b=27.8 gap=21.6 (face=3.1mm) n=[277, 188, 264, 262, 80, 50, 52, 242, 56, 53]  tape=0.266km B=9.94T unif=0.526% hoop=108MPa
  [2095] viol   f=   1.526  a=20.8 b=27.4 gap=21.6 (face=3.1mm) n=[283, 194, 255, 276, 68, 52, 52, 258, 54, 53]  tape=0.265km B=10.00T unif=1.079% hoop=105MPa
  [2096] viol   f=   3.045  a=20.7 b=27.8 gap=21.6 (face=3.2mm) n=[281, 182, 242, 260, 85, 51, 61, 240, 74, 50]  tape=0.268km B=10.26T unif=1.118% hoop=113MPa
  [2097] OK     f=   0.269  a=20.8 b=27.9 gap=21.7 (face=3.3mm) n=[280, 186, 253, 262, 77, 60, 53, 240, 63, 60]  tape=0.269km B=10.02T unif=0.747% hoop=107MPa
  [2098] viol   f=   0.307  a=20.7 b=27.5 gap=21.6 (face=3.1mm) n=[278, 187, 255, 266, 73, 52, 50, 241, 59, 58]  tape=0.262km B=9.85T unif=0.668% hoop=103MPa
  [2099] viol   f=   0.300  a=20.9 b=27.5 gap=21.6 (face=3.2mm) n=[279, 190, 254, 267, 68, 58, 50, 247, 62, 50]  tape=0.264km B=9.87T unif=0.590% hoop=104MPa
  [2100] OK     f=   0.276  a=21.1 b=27.7 gap=21.5 (face=3.1mm) n=[279, 191, 257, 259, 94, 67, 60, 270, 52, 58]  tape=0.276km B=10.36T unif=0.501% hoop=113MPa
  [2101] OK     f=   0.272  a=20.8 b=27.8 gap=21.6 (face=3.3mm) n=[283, 180, 250, 257, 91, 54, 59, 249, 65, 56]  tape=0.272km B=10.20T unif=0.814% hoop=111MPa
  [a=21 b=28 nt=1539] KSP converged reason: 4, iterations: 1
  [a=21 b=28 nt=1531] KSP converged reason: 4, iterations: 1
  [a=21 b=28 nt=1557] KSP converged reason: 4, iterations: 1
  [a=21 b=28 nt=1521] KSP converged reason: 4, iterations: 1
  [a=21 b=28 nt=1528] KSP converged reason: 4, iterations: 1
  [a=21 b=28 nt=1545] KSP converged reason: 4, iterations: 1
  [a=21 b=28 nt=1517] KSP converged reason: 4, iterations: 1
  [a=21 b=28 nt=1548] KSP converged reason: 4, iterations: 1
  [a=21 b=28 nt=1529] KSP converged reason: 4, iterations: 1
  [a=21 b=28 nt=1545] KSP converged reason: 4, iterations: 1
  [a=21 b=28 nt=1546] KSP converged reason: 4, iterations: 1
  [2102] viol   f=   5.156  a=20.8 b=27.7 gap=21.6 (face=3.3mm) n=[279, 181, 247, 253, 104, 63, 58, 247, 75, 50]  tape=0.273km B=10.19T unif=1.156% hoop=110MPa
  [2103] viol   f=   2.886  a=20.7 b=27.8 gap=21.6 (face=3.2mm) n=[280, 181, 254, 256, 95, 56, 55, 245, 56, 50]  tape=0.267km B=10.10T unif=1.114% hoop=110MPa
  [2104] viol   f=  11.023  a=20.9 b=27.7 gap=21.6 (face=3.2mm) n=[276, 188, 247, 246, 78, 57, 55, 250, 74, 50]  tape=0.265km B=9.98T unif=1.232% hoop=109MPa
  [2105] OK     f=   0.271  a=21.0 b=27.6 gap=21.6 (face=3.2mm) n=[283, 180, 256, 259, 87, 71, 53, 241, 59, 56]  tape=0.271km B=10.40T unif=0.706% hoop=116MPa
  [2106] viol   f=  34.938  a=20.9 b=28.1 gap=21.7 (face=3.3mm) n=[281, 193, 246, 267, 86, 55, 64, 236, 51, 52]  tape=0.270km B=10.29T unif=1.416% hoop=113MPa
  [2107] viol   f=   0.276  a=21.0 b=27.5 gap=21.6 (face=3.2mm) n=[284, 189, 246, 270, 74, 57, 64, 243, 59, 53]  tape=0.269km B=9.94T unif=0.727% hoop=108MPa
  [2108] viol   f=   0.368  a=20.7 b=27.9 gap=21.7 (face=3.5mm) n=[285, 180, 262, 256, 64, 67, 56, 234, 62, 51]  tape=0.267km B=9.78T unif=0.521% hoop=103MPa
  [2109] OK     f=   0.271  a=20.7 b=27.8 gap=21.6 (face=3.1mm) n=[281, 197, 253, 253, 85, 51, 71, 244, 63, 50]  tape=0.271km B=10.42T unif=0.996% hoop=114MPa
  [2110] viol   f=   0.279  a=21.2 b=27.7 gap=21.6 (face=3.2mm) n=[280, 188, 245, 256, 74, 58, 56, 252, 62, 58]  tape=0.268km B=9.92T unif=0.889% hoop=109MPa
  [2111] viol   f=  39.351  a=20.6 b=27.7 gap=21.6 (face=3.2mm) n=[277, 187, 257, 251, 87, 54, 52, 262, 68, 50]  tape=0.267km B=10.30T unif=1.442% hoop=112MPa
  [2112] OK     f=   0.271  a=20.9 b=27.8 gap=21.6 (face=3.2mm) n=[281, 185, 248, 265, 78, 59, 63, 248, 68, 51]  tape=0.271km B=10.13T unif=0.550% hoop=110MPa
  [a=21 b=28 nt=1549] KSP converged reason: 4, iterations: 1
  [a=21 b=28 nt=1546] KSP converged reason: 4, iterations: 1
  [a=21 b=28 nt=1511] KSP converged reason: 4, iterations: 1
  [a=21 b=27 nt=1535] KSP converged reason: 4, iterations: 1
  [a=21 b=27 nt=1557] KSP converged reason: 4, iterations: 1
  [a=21 b=28 nt=1542] KSP converged reason: 4, iterations: 1
  [a=21 b=28 nt=1545] KSP converged reason: 4, iterations: 1
  [a=20 b=28 nt=1523] KSP converged reason: 4, iterations: 1
  [a=21 b=28 nt=1545] KSP converged reason: 4, iterations: 1
  [a=21 b=28 nt=1575] KSP converged reason: 4, iterations: 1
  [a=21 b=28 nt=1544] KSP converged reason: 4, iterations: 1
  [2113] OK     f=   0.268  a=20.9 b=27.5 gap=21.6 (face=3.2mm) n=[283, 190, 247, 263, 80, 61, 62, 238, 61, 50]  tape=0.268km B=10.12T unif=0.463% hoop=110MPa
  [2114] OK     f=   0.266  a=20.7 b=27.9 gap=21.6 (face=3.3mm) n=[283, 190, 252, 250, 89, 50, 54, 239, 51, 53]  tape=0.266km B=10.10T unif=0.701% hoop=108MPa
  [2115] OK     f=   0.270  a=20.6 b=27.6 gap=21.6 (face=3.2mm) n=[284, 189, 241, 266, 86, 53, 68, 246, 61, 55]  tape=0.270km B=10.43T unif=0.658% hoop=115MPa
  [2116] viol   f=  24.246  a=20.8 b=27.4 gap=21.6 (face=3.3mm) n=[284, 187, 253, 255, 82, 59, 60, 258, 63, 56]  tape=0.270km B=10.11T unif=1.346% hoop=108MPa
  [2117] OK     f=   0.269  a=21.0 b=27.7 gap=21.6 (face=3.1mm) n=[280, 193, 253, 258, 73, 64, 58, 244, 60, 59]  tape=0.269km B=10.11T unif=0.596% hoop=110MPa
  [2118] OK     f=   0.273  a=21.0 b=27.8 gap=21.6 (face=3.2mm) n=[284, 188, 258, 250, 89, 65, 61, 245, 52, 54]  tape=0.273km B=10.38T unif=0.578% hoop=114MPa
  [2119] OK     f=   0.269  a=21.0 b=27.6 gap=21.6 (face=3.1mm) n=[278, 188, 249, 255, 95, 52, 63, 248, 63, 54]  tape=0.269km B=10.18T unif=0.663% hoop=111MPa
  [2120] viol   f=  38.698  a=20.5 b=27.6 gap=21.6 (face=3.2mm) n=[278, 184, 248, 253, 83, 70, 51, 239, 62, 55]  tape=0.265km B=10.31T unif=1.438% hoop=111MPa
  [2121] viol   f=   5.464  a=20.8 b=27.7 gap=21.6 (face=3.2mm) n=[280, 190, 238, 267, 81, 53, 76, 236, 70, 54]  tape=0.271km B=10.33T unif=1.161% hoop=115MPa
  [2122] OK     f=   0.274  a=20.8 b=27.7 gap=21.6 (face=3.1mm) n=[280, 193, 250, 268, 75, 74, 66, 248, 56, 65]  tape=0.274km B=10.25T unif=0.836% hoop=109MPa
  [2123] OK     f=   0.268  a=20.9 b=27.6 gap=21.6 (face=3.2mm) n=[276, 189, 250, 266, 85, 53, 65, 245, 60, 55]  tape=0.268km B=10.38T unif=0.938% hoop=114MPa
  [a=21 b=28 nt=1523] KSP converged reason: 4, iterations: 1
  [a=21 b=28 nt=1532] KSP converged reason: 4, iterations: 1
  [a=21 b=27 nt=1556] KSP converged reason: 4, iterations: 1
  [a=21 b=28 nt=1536] KSP converged reason: 4, iterations: 1
  [a=21 b=28 nt=1508] KSP converged reason: 4, iterations: 1
  [a=21 b=28 nt=1522] KSP converged reason: 4, iterations: 1
  [a=21 b=28 nt=1546] KSP converged reason: 4, iterations: 1
  [a=21 b=28 nt=1532] KSP converged reason: 4, iterations: 1
  [a=21 b=28 nt=1509] KSP converged reason: 4, iterations: 1
  [a=21 b=28 nt=1523] KSP converged reason: 4, iterations: 1
  [a=21 b=28 nt=1517] KSP converged reason: 4, iterations: 1
  [2124] viol   f=   6.968  a=20.6 b=27.5 gap=21.6 (face=3.2mm) n=[282, 194, 249, 256, 83, 53, 70, 248, 70, 51]  tape=0.270km B=10.44T unif=1.183% hoop=113MPa
  [2125] viol   f=   4.531  a=20.9 b=27.8 gap=21.6 (face=3.1mm) n=[278, 196, 243, 268, 93, 55, 66, 235, 52, 50]  tape=0.269km B=10.30T unif=1.146% hoop=113MPa
  [2126] viol   f=  23.773  a=20.9 b=27.8 gap=21.6 (face=3.2mm) n=[278, 187, 247, 259, 87, 51, 55, 233, 59, 52]  tape=0.264km B=10.13T unif=1.343% hoop=111MPa
  [2127] viol   f=  33.895  a=20.8 b=27.7 gap=21.6 (face=3.2mm) n=[279, 190, 250, 256, 86, 50, 68, 241, 58, 54]  tape=0.267km B=10.31T unif=1.410% hoop=113MPa
  [2128] OK     f=   0.267  a=20.8 b=27.6 gap=21.6 (face=3.3mm) n=[283, 188, 251, 246, 95, 53, 54, 239, 63, 51]  tape=0.267km B=10.08T unif=0.848% hoop=108MPa
  [2129] OK     f=   0.268  a=21.1 b=28.0 gap=21.6 (face=3.2mm) n=[278, 187, 254, 250, 93, 51, 53, 246, 60, 50]  tape=0.268km B=10.06T unif=0.643% hoop=110MPa
  [2130] OK     f=   0.270  a=20.9 b=27.7 gap=21.6 (face=3.2mm) n=[281, 186, 257, 253, 86, 52, 69, 256, 53, 53]  tape=0.270km B=10.37T unif=0.768% hoop=114MPa
  [2131] viol   f=   0.337  a=20.9 b=27.8 gap=21.6 (face=3.1mm) n=[278, 190, 253, 251, 87, 53, 65, 247, 56, 52]  tape=0.268km B=10.32T unif=1.019% hoop=114MPa
  [2132] viol   f=  70.251  a=20.8 b=27.8 gap=21.7 (face=3.3mm) n=[286, 189, 248, 255, 78, 53, 52, 244, 50, 54]  tape=0.266km B=9.92T unif=1.591% hoop=107MPa
  [2133] viol   f=  23.485  a=20.9 b=27.9 gap=21.6 (face=3.2mm) n=[278, 196, 249, 256, 80, 52, 62, 242, 58, 50]  tape=0.267km B=10.02T unif=1.341% hoop=108MPa
  [2134] viol   f= 326.207  a=20.7 b=27.7 gap=21.7 (face=3.4mm) n=[278, 189, 259, 257, 84, 57, 54, 238, 51, 50]  tape=0.264km B=10.30T unif=2.277% hoop=111MPa
  [a=21 b=28 nt=1528] KSP converged reason: 4, iterations: 1
  [a=21 b=28 nt=1542] KSP converged reason: 4, iterations: 1
  [a=21 b=28 nt=1516] KSP converged reason: 4, iterations: 1
  [a=21 b=28 nt=1537] KSP converged reason: 4, iterations: 1
  [a=21 b=28 nt=1535] KSP converged reason: 4, iterations: 1
  [a=21 b=28 nt=1528] KSP converged reason: 4, iterations: 1
  [a=21 b=28 nt=1531] KSP converged reason: 4, iterations: 1
  [a=21 b=28 nt=1528] KSP converged reason: 4, iterations: 1
  [a=21 b=28 nt=1544] KSP converged reason: 4, iterations: 1
  [a=21 b=28 nt=1528] KSP converged reason: 4, iterations: 1
  [a=21 b=28 nt=1522] KSP converged reason: 4, iterations: 1
  [2135] OK     f=   0.269  a=21.0 b=27.9 gap=21.6 (face=3.2mm) n=[282, 191, 243, 243, 91, 57, 58, 241, 53, 57]  tape=0.269km B=10.16T unif=0.935% hoop=115MPa
  [2136] viol   f=  22.849  a=20.7 b=27.7 gap=21.6 (face=3.2mm) n=[279, 189, 256, 247, 92, 50, 62, 251, 60, 56]  tape=0.269km B=10.22T unif=1.336% hoop=109MPa
  [2137] OK     f=   0.268  a=20.8 b=27.7 gap=21.6 (face=3.2mm) n=[281, 183, 250, 251, 90, 60, 60, 245, 58, 50]  tape=0.268km B=10.24T unif=0.879% hoop=112MPa
  [2138] viol   f=   0.280  a=20.9 b=27.9 gap=21.6 (face=3.3mm) n=[282, 195, 258, 256, 82, 52, 63, 231, 59, 57]  tape=0.270km B=10.15T unif=1.007% hoop=108MPa
  [2139] viol   f=   7.509  a=20.8 b=27.9 gap=21.6 (face=3.1mm) n=[278, 188, 248, 248, 100, 53, 67, 236, 60, 50]  tape=0.269km B=9.98T unif=1.190% hoop=108MPa
  [2140] OK     f=   0.272  a=21.0 b=28.1 gap=21.6 (face=3.3mm) n=[281, 184, 257, 257, 93, 51, 54, 244, 58, 58]  tape=0.272km B=10.11T unif=0.975% hoop=111MPa
  [2141] viol   f=   1.620  a=21.0 b=28.0 gap=21.7 (face=3.3mm) n=[281, 185, 255, 249, 95, 51, 56, 243, 66, 50]  tape=0.271km B=10.10T unif=1.082% hoop=110MPa
  [2142] OK     f=   0.270  a=21.0 b=27.9 gap=21.6 (face=3.2mm) n=[283, 189, 251, 250, 88, 50, 68, 247, 50, 52]  tape=0.270km B=10.33T unif=0.748% hoop=115MPa
  [2143] viol   f=   1.738  a=21.1 b=27.7 gap=21.6 (face=3.1mm) n=[279, 186, 249, 251, 105, 60, 66, 238, 56, 54]  tape=0.272km B=10.11T unif=1.086% hoop=110MPa
  [2144] viol   f=   0.631  a=21.0 b=27.9 gap=21.6 (face=3.2mm) n=[279, 190, 252, 249, 103, 50, 55, 241, 55, 54]  tape=0.269km B=9.93T unif=1.042% hoop=107MPa
  [2145] viol   f=   1.042  a=20.7 b=27.6 gap=21.6 (face=3.3mm) n=[281, 187, 251, 241, 96, 57, 55, 238, 63, 53]  tape=0.267km B=10.13T unif=1.062% hoop=109MPa
  [a=21 b=28 nt=1525] KSP converged reason: 4, iterations: 1
  [a=21 b=28 nt=1523] KSP converged reason: 4, iterations: 1
  [a=21 b=28 nt=1543] KSP converged reason: 4, iterations: 1
  [a=21 b=28 nt=1516] KSP converged reason: 4, iterations: 1
  [a=21 b=28 nt=1513] KSP converged reason: 4, iterations: 1
  [a=21 b=28 nt=1538] KSP converged reason: 4, iterations: 1
  [a=21 b=28 nt=1527] KSP converged reason: 4, iterations: 1
  [a=21 b=28 nt=1506] KSP converged reason: 4, iterations: 1
  [a=21 b=28 nt=1518] KSP converged reason: 4, iterations: 1
  [a=21 b=28 nt=1558] KSP converged reason: 4, iterations: 1
  [a=21 b=28 nt=1517] KSP converged reason: 4, iterations: 1
  [2146] OK     f=   0.268  a=20.8 b=27.7 gap=21.6 (face=3.2mm) n=[283, 183, 252, 244, 97, 52, 55, 249, 58, 50]  tape=0.268km B=10.04T unif=0.642% hoop=109MPa
  [2147] OK     f=   0.272  a=21.2 b=28.2 gap=21.6 (face=3.2mm) n=[283, 189, 251, 251, 85, 51, 68, 242, 50, 55]  tape=0.272km B=10.31T unif=0.804% hoop=117MPa
  [2148] viol   f=  20.478  a=20.9 b=27.8 gap=21.6 (face=3.2mm) n=[279, 189, 246, 244, 97, 52, 53, 244, 59, 50]  tape=0.266km B=10.00T unif=1.318% hoop=109MPa
  [2149] OK     f=   0.271  a=20.7 b=27.9 gap=21.6 (face=3.2mm) n=[280, 191, 249, 252, 81, 59, 65, 246, 65, 55]  tape=0.271km B=10.06T unif=0.925% hoop=108MPa
  [2150] OK     f=   0.269  a=21.1 b=28.0 gap=21.6 (face=3.2mm) n=[282, 182, 258, 250, 92, 55, 62, 235, 50, 50]  tape=0.269km B=10.12T unif=0.784% hoop=111MPa
  [2151] viol   f=   0.278  a=20.9 b=28.0 gap=21.6 (face=3.1mm) n=[279, 187, 254, 252, 104, 50, 61, 248, 53, 50]  tape=0.270km B=9.94T unif=0.872% hoop=106MPa
  [2152] OK     f=   0.270  a=20.9 b=27.9 gap=21.6 (face=3.3mm) n=[281, 185, 249, 244, 86, 59, 52, 250, 67, 54]  tape=0.270km B=10.26T unif=0.932% hoop=114MPa
  [2153] OK     f=   0.268  a=21.1 b=28.2 gap=21.6 (face=3.1mm) n=[280, 185, 246, 250, 83, 58, 55, 245, 51, 53]  tape=0.268km B=10.12T unif=0.975% hoop=114MPa
  [2154] OK     f=   0.267  a=21.1 b=27.8 gap=21.6 (face=3.1mm) n=[278, 186, 250, 248, 93, 54, 59, 247, 52, 51]  tape=0.267km B=10.07T unif=0.689% hoop=111MPa
  [2155] viol   f=  77.772  a=20.9 b=27.8 gap=21.6 (face=3.3mm) n=[287, 191, 247, 265, 92, 54, 64, 240, 56, 62]  tape=0.275km B=10.36T unif=1.622% hoop=113MPa
  [2156] viol   f=   4.040  a=20.7 b=27.8 gap=21.6 (face=3.2mm) n=[279, 187, 246, 243, 101, 51, 52, 245, 61, 52]  tape=0.266km B=9.87T unif=1.137% hoop=106MPa
  [a=21 b=28 nt=1531] KSP converged reason: 4, iterations: 1
  [a=21 b=28 nt=1516] KSP converged reason: 4, iterations: 1
  [a=21 b=28 nt=1513] KSP converged reason: 4, iterations: 1
  [a=21 b=28 nt=1531] KSP converged reason: 4, iterations: 1
  [a=21 b=28 nt=1521] KSP converged reason: 4, iterations: 1
  [a=21 b=28 nt=1524] KSP converged reason: 4, iterations: 1
  [a=21 b=28 nt=1533] KSP converged reason: 4, iterations: 1
  [a=21 b=28 nt=1496] KSP converged reason: 4, iterations: 1
  [a=21 b=28 nt=1507] KSP converged reason: 4, iterations: 1
  [a=21 b=28 nt=1507] KSP converged reason: 4, iterations: 1
  [a=21 b=28 nt=1506] KSP converged reason: 4, iterations: 1
  [2157] viol   f=   0.268  a=21.0 b=27.8 gap=21.6 (face=3.2mm) n=[283, 180, 248, 258, 80, 69, 58, 234, 51, 55]  tape=0.268km B=9.99T unif=0.704% hoop=109MPa
  [2158] viol   f=   0.273  a=20.9 b=27.6 gap=21.6 (face=3.2mm) n=[283, 191, 249, 240, 112, 51, 58, 239, 50, 58]  tape=0.269km B=9.96T unif=0.750% hoop=108MPa
  [2159] viol   f=   0.303  a=20.9 b=28.0 gap=21.6 (face=3.2mm) n=[282, 186, 254, 246, 100, 53, 55, 236, 50, 51]  tape=0.268km B=9.87T unif=0.729% hoop=106MPa
  [2160] OK     f=   0.267  a=21.3 b=27.7 gap=21.5 (face=3.1mm) n=[279, 189, 258, 248, 83, 55, 51, 255, 54, 52]  tape=0.267km B=10.14T unif=0.801% hoop=113MPa
  [2161] OK     f=   0.270  a=21.3 b=28.2 gap=21.6 (face=3.1mm) n=[277, 189, 254, 246, 93, 56, 61, 239, 55, 51]  tape=0.270km B=10.07T unif=0.650% hoop=113MPa
  [2162] viol   f=   0.271  a=21.0 b=27.6 gap=21.6 (face=3.1mm) n=[282, 186, 253, 244, 100, 54, 58, 245, 58, 51]  tape=0.269km B=9.97T unif=0.903% hoop=108MPa
  [2163] viol   f=   0.275  a=20.9 b=27.7 gap=21.6 (face=3.2mm) n=[279, 184, 258, 245, 100, 53, 52, 258, 52, 52]  tape=0.267km B=9.93T unif=0.582% hoop=106MPa
  [2164] viol   f=   0.265  a=21.0 b=27.9 gap=21.6 (face=3.1mm) n=[279, 185, 246, 245, 92, 57, 56, 233, 51, 52]  tape=0.265km B=9.99T unif=0.892% hoop=111MPa
  [2165] OK     f=   0.267  a=21.2 b=28.1 gap=21.6 (face=3.2mm) n=[278, 180, 254, 247, 88, 56, 54, 248, 52, 50]  tape=0.267km B=10.07T unif=0.953% hoop=113MPa
  [2166] viol   f=   0.313  a=20.9 b=27.8 gap=21.6 (face=3.2mm) n=[281, 185, 245, 242, 100, 54, 55, 235, 59, 51]  tape=0.267km B=9.85T unif=0.739% hoop=108MPa
  [2167] viol   f=   0.544  a=21.2 b=28.0 gap=21.6 (face=3.2mm) n=[281, 182, 254, 248, 83, 57, 59, 238, 54, 50]  tape=0.267km B=10.16T unif=1.037% hoop=114MPa
  [a=21 b=28 nt=1522] KSP converged reason: 4, iterations: 1
  [a=21 b=28 nt=1514] KSP converged reason: 4, iterations: 1
  [a=21 b=28 nt=1514] KSP converged reason: 4, iterations: 1
  [a=22 b=28 nt=1509] KSP converged reason: 4, iterations: 1
  [a=21 b=28 nt=1508] KSP converged reason: 4, iterations: 1
  [a=21 b=28 nt=1522] KSP converged reason: 4, iterations: 1
  [a=21 b=28 nt=1511] KSP converged reason: 4, iterations: 1
  [a=21 b=28 nt=1510] KSP converged reason: 4, iterations: 1
  [a=21 b=28 nt=1513] KSP converged reason: 4, iterations: 1
  [a=21 b=28 nt=1497] KSP converged reason: 4, iterations: 1
  [a=21 b=28 nt=1498] KSP converged reason: 4, iterations: 1
  [2168] OK     f=   0.272  a=21.2 b=28.3 gap=21.6 (face=3.2mm) n=[283, 186, 252, 253, 83, 55, 60, 247, 51, 52]  tape=0.272km B=10.16T unif=0.800% hoop=114MPa
  [2169] viol   f=   0.328  a=21.6 b=28.3 gap=21.6 (face=3.1mm) n=[281, 178, 261, 250, 77, 58, 57, 237, 60, 50]  tape=0.271km B=9.83T unif=0.783% hoop=110MPa
  [2170] OK     f=   0.268  a=21.2 b=27.9 gap=21.6 (face=3.1mm) n=[280, 188, 251, 243, 98, 55, 60, 239, 50, 50]  tape=0.268km B=10.01T unif=0.749% hoop=112MPa
  [2171] viol   f=   0.268  a=21.0 b=27.7 gap=21.6 (face=3.1mm) n=[283, 182, 249, 250, 97, 58, 52, 240, 50, 53]  tape=0.267km B=9.98T unif=0.711% hoop=109MPa
  [2172] viol   f=   0.283  a=21.1 b=27.7 gap=21.6 (face=3.2mm) n=[275, 181, 255, 252, 80, 70, 51, 243, 51, 50]  tape=0.263km B=9.90T unif=0.835% hoop=109MPa
  [2173] viol   f=   8.743  a=21.1 b=27.6 gap=21.6 (face=3.3mm) n=[280, 180, 248, 241, 114, 53, 50, 246, 50, 60]  tape=0.267km B=9.79T unif=1.205% hoop=107MPa
  [2174] viol   f=   2.883  a=21.0 b=28.1 gap=21.6 (face=3.1mm) n=[285, 189, 252, 248, 89, 52, 57, 239, 50, 50]  tape=0.269km B=10.09T unif=1.114% hoop=111MPa
  [2175] OK     f=   0.264  a=20.9 b=27.6 gap=21.6 (face=3.2mm) n=[282, 182, 252, 254, 84, 55, 51, 246, 50, 54]  tape=0.264km B=10.13T unif=0.720% hoop=111MPa
  [2176] viol   f=   0.344  a=21.0 b=28.1 gap=21.5 (face=3.1mm) n=[275, 186, 249, 252, 74, 67, 50, 253, 50, 57]  tape=0.266km B=9.80T unif=0.649% hoop=107MPa
  [2177] viol   f=   0.319  a=21.3 b=28.2 gap=21.6 (face=3.1mm) n=[283, 183, 252, 259, 78, 51, 58, 227, 56, 50]  tape=0.268km B=9.84T unif=0.727% hoop=109MPa
  [2178] viol   f=   2.582  a=21.1 b=27.6 gap=21.6 (face=3.1mm) n=[284, 179, 258, 241, 94, 50, 50, 239, 53, 50]  tape=0.264km B=9.95T unif=1.108% hoop=109MPa
  [a=21 b=28 nt=1539] KSP converged reason: 4, iterations: 1
  [a=21 b=28 nt=1531] KSP converged reason: 4, iterations: 1
  [a=21 b=28 nt=1528] KSP converged reason: 4, iterations: 1
  [a=21 b=28 nt=1533] KSP converged reason: 4, iterations: 1
  [a=21 b=28 nt=1512] KSP converged reason: 4, iterations: 1
  [a=21 b=28 nt=1510] KSP converged reason: 4, iterations: 1
  [a=21 b=28 nt=1516] KSP converged reason: 4, iterations: 1
  [a=21 b=28 nt=1528] KSP converged reason: 4, iterations: 1
  [a=21 b=28 nt=1517] KSP converged reason: 4, iterations: 1
  [a=21 b=28 nt=1514] KSP converged reason: 4, iterations: 1
  [a=21 b=28 nt=1511] KSP converged reason: 4, iterations: 1
  [2179] OK     f=   0.272  a=21.1 b=28.1 gap=21.6 (face=3.2mm) n=[285, 187, 255, 249, 83, 53, 54, 250, 59, 56]  tape=0.272km B=10.26T unif=0.795% hoop=114MPa
  [2180] OK     f=   0.268  a=21.0 b=27.5 gap=21.6 (face=3.1mm) n=[285, 183, 251, 250, 95, 57, 53, 245, 57, 52]  tape=0.268km B=10.14T unif=0.609% hoop=111MPa
  [2181] viol   f=   6.081  a=21.3 b=27.9 gap=21.5 (face=3.1mm) n=[283, 182, 248, 256, 91, 63, 55, 252, 53, 50]  tape=0.271km B=10.15T unif=1.170% hoop=114MPa
  [2182] OK     f=   0.270  a=20.9 b=27.6 gap=21.6 (face=3.2mm) n=[283, 188, 250, 246, 91, 62, 55, 252, 57, 55]  tape=0.270km B=10.25T unif=0.684% hoop=112MPa
  [2183] viol   f=  74.320  a=20.9 b=27.7 gap=21.6 (face=3.1mm) n=[278, 180, 251, 261, 74, 57, 51, 234, 63, 63]  tape=0.265km B=9.86T unif=1.608% hoop=107MPa
  [2184] OK     f=   0.265  a=21.0 b=27.6 gap=21.6 (face=3.1mm) n=[281, 177, 253, 243, 101, 65, 51, 237, 50, 52]  tape=0.265km B=10.02T unif=0.681% hoop=110MPa
  [2185] OK     f=   0.268  a=21.0 b=27.9 gap=21.6 (face=3.2mm) n=[280, 184, 251, 247, 90, 62, 63, 236, 53, 50]  tape=0.268km B=10.18T unif=0.801% hoop=112MPa
  [2186] OK     f=   0.271  a=21.1 b=28.0 gap=21.6 (face=3.2mm) n=[279, 186, 252, 245, 99, 63, 60, 239, 52, 53]  tape=0.271km B=10.15T unif=0.702% hoop=113MPa
  [2187] OK     f=   0.267  a=21.1 b=28.0 gap=21.5 (face=3.1mm) n=[281, 187, 250, 250, 87, 56, 55, 241, 51, 53]  tape=0.267km B=10.15T unif=0.793% hoop=113MPa
  [2188] viol   f=   0.290  a=20.9 b=27.7 gap=21.6 (face=3.1mm) n=[279, 180, 256, 254, 75, 67, 51, 251, 51, 53]  tape=0.264km B=9.89T unif=0.632% hoop=107MPa
  [2189] OK     f=   0.266  a=21.1 b=27.7 gap=21.6 (face=3.1mm) n=[281, 184, 249, 243, 91, 50, 56, 251, 50, 59]  tape=0.266km B=10.07T unif=0.874% hoop=112MPa
  [a=21 b=28 nt=1534] KSP converged reason: 4, iterations: 1
  [a=21 b=28 nt=1521] KSP converged reason: 4, iterations: 1
  [a=21 b=28 nt=1514] KSP converged reason: 4, iterations: 1
  [a=21 b=28 nt=1516] KSP converged reason: 4, iterations: 1
  [a=21 b=28 nt=1534] KSP converged reason: 4, iterations: 1
  [a=21 b=27 nt=1522] KSP converged reason: 4, iterations: 1
  [a=21 b=27 nt=1511] KSP converged reason: 4, iterations: 1
  [a=21 b=28 nt=1507] KSP converged reason: 4, iterations: 1
  [a=21 b=28 nt=1496] KSP converged reason: 4, iterations: 1
  [a=21 b=28 nt=1524] KSP converged reason: 4, iterations: 1
  [a=21 b=28 nt=1515] KSP converged reason: 4, iterations: 1
  [2190] OK     f=   0.268  a=21.1 b=27.8 gap=21.6 (face=3.1mm) n=[282, 183, 251, 242, 89, 60, 50, 248, 54, 57]  tape=0.268km B=10.13T unif=0.766% hoop=113MPa
  [2191] OK     f=   0.269  a=21.3 b=28.0 gap=21.6 (face=3.1mm) n=[283, 185, 250, 247, 85, 58, 59, 246, 51, 50]  tape=0.269km B=10.18T unif=0.805% hoop=114MPa
  [2192] OK     f=   0.267  a=21.3 b=27.5 gap=21.5 (face=3.1mm) n=[280, 189, 250, 247, 88, 64, 59, 240, 54, 51]  tape=0.267km B=10.31T unif=0.714% hoop=116MPa
  [2193] OK     f=   0.267  a=20.7 b=27.6 gap=21.5 (face=3.1mm) n=[278, 183, 255, 245, 98, 74, 50, 244, 50, 57]  tape=0.267km B=10.34T unif=0.550% hoop=113MPa
  [2194] OK     f=   0.269  a=21.2 b=27.9 gap=21.5 (face=3.1mm) n=[277, 182, 253, 249, 96, 68, 53, 235, 51, 57]  tape=0.269km B=10.05T unif=0.714% hoop=114MPa
  [2195] OK     f=   0.270  a=20.9 b=27.7 gap=21.6 (face=3.2mm) n=[280, 181, 248, 255, 115, 66, 53, 233, 52, 51]  tape=0.270km B=10.14T unif=0.993% hoop=110MPa
  [2196] viol   f=   0.312  a=20.9 b=27.5 gap=21.6 (face=3.2mm) n=[280, 183, 254, 252, 76, 56, 54, 242, 62, 52]  tape=0.263km B=9.84T unif=0.675% hoop=107MPa
  [2197] viol   f=   0.280  a=21.1 b=27.6 gap=21.5 (face=3.1mm) n=[281, 186, 247, 236, 99, 58, 52, 246, 51, 51]  tape=0.265km B=9.92T unif=0.847% hoop=111MPa
  [2198] viol   f=   0.349  a=21.0 b=27.8 gap=21.6 (face=3.2mm) n=[282, 171, 250, 244, 99, 53, 50, 243, 52, 52]  tape=0.264km B=9.79T unif=0.833% hoop=107MPa
  [2199] OK     f=   0.267  a=21.2 b=27.6 gap=21.5 (face=3.1mm) n=[281, 182, 249, 244, 93, 58, 54, 246, 52, 56]  tape=0.267km B=10.09T unif=0.962% hoop=112MPa
  [2200] OK     f=   0.270  a=21.2 b=27.9 gap=21.6 (face=3.2mm) n=[283, 179, 258, 243, 92, 63, 51, 249, 56, 50]  tape=0.270km B=10.11T unif=0.717% hoop=113MPa
  [a=21 b=28 nt=1527] KSP converged reason: 4, iterations: 1
  [a=21 b=27 nt=1531] KSP converged reason: 4, iterations: 1
  [a=21 b=28 nt=1508] KSP converged reason: 4, iterations: 1
  [a=21 b=28 nt=1507] KSP converged reason: 4, iterations: 1
  [a=21 b=28 nt=1515] KSP converged reason: 4, iterations: 1
  [a=21 b=27 nt=1534] KSP converged reason: 4, iterations: 1
  [a=21 b=28 nt=1522] KSP converged reason: 4, iterations: 1
  [a=21 b=27 nt=1544] KSP converged reason: 4, iterations: 1
  [a=21 b=28 nt=1545] KSP converged reason: 4, iterations: 1
  [a=21 b=27 nt=1547] KSP converged reason: 4, iterations: 1
  [a=21 b=28 nt=1549] KSP converged reason: 4, iterations: 1
  [2201] OK     f=   0.267  a=21.1 b=27.6 gap=21.5 (face=3.1mm) n=[281, 185, 249, 244, 91, 67, 51, 240, 57, 50]  tape=0.267km B=10.24T unif=0.730% hoop=115MPa
  [2202] OK     f=   0.266  a=21.1 b=27.3 gap=21.5 (face=3.0mm) n=[279, 192, 259, 254, 76, 61, 54, 245, 51, 63]  tape=0.266km B=10.01T unif=0.570% hoop=108MPa
  [2203] OK     f=   0.267  a=21.3 b=27.8 gap=21.6 (face=3.1mm) n=[281, 187, 252, 246, 81, 69, 50, 240, 50, 51]  tape=0.267km B=10.13T unif=0.873% hoop=114MPa
  [2204] viol   f=   0.288  a=20.9 b=27.8 gap=21.6 (face=3.1mm) n=[282, 185, 248, 258, 77, 57, 54, 244, 57, 65]  tape=0.268km B=9.90T unif=0.875% hoop=107MPa
  [2205] OK     f=   0.268  a=21.1 b=27.4 gap=21.5 (face=3.1mm) n=[280, 191, 248, 238, 94, 67, 56, 243, 62, 52]  tape=0.268km B=10.20T unif=0.807% hoop=113MPa
  [2206] viol   f=   1.662  a=21.1 b=27.7 gap=21.5 (face=3.1mm) n=[282, 185, 250, 247, 95, 52, 50, 245, 52, 50]  tape=0.265km B=9.98T unif=1.084% hoop=110MPa
  [2207] OK     f=   0.269  a=21.4 b=27.8 gap=21.5 (face=3.1mm) n=[281, 184, 256, 241, 89, 62, 50, 252, 56, 51]  tape=0.269km B=10.17T unif=0.939% hoop=116MPa
  [2208] OK     f=   0.271  a=21.0 b=27.5 gap=21.6 (face=3.1mm) n=[284, 183, 256, 247, 97, 70, 50, 248, 55, 54]  tape=0.271km B=10.25T unif=0.624% hoop=112MPa
  [2209] OK     f=   0.272  a=21.3 b=27.7 gap=21.5 (face=3.1mm) n=[280, 187, 253, 255, 91, 66, 50, 235, 74, 54]  tape=0.272km B=10.29T unif=0.954% hoop=115MPa
  [2210] OK     f=   0.271  a=21.0 b=27.5 gap=21.5 (face=3.1mm) n=[278, 189, 252, 246, 88, 83, 50, 241, 55, 65]  tape=0.271km B=10.49T unif=0.803% hoop=117MPa
  [2211] OK     f=   0.274  a=21.4 b=27.9 gap=21.5 (face=3.1mm) n=[279, 188, 253, 247, 85, 70, 55, 250, 65, 57]  tape=0.274km B=10.26T unif=0.653% hoop=116MPa
  [a=21 b=27 nt=1513] KSP converged reason: 4, iterations: 1
  [a=21 b=27 nt=1521] KSP converged reason: 4, iterations: 1
  [a=21 b=28 nt=1510] KSP converged reason: 4, iterations: 1
  [a=21 b=28 nt=1541] KSP converged reason: 4, iterations: 1
  [a=21 b=27 nt=1540] KSP converged reason: 4, iterations: 1
  [a=21 b=28 nt=1547] KSP converged reason: 4, iterations: 1
  [a=21 b=28 nt=1563] KSP converged reason: 4, iterations: 1
  [a=21 b=28 nt=1528] KSP converged reason: 4, iterations: 1
  [a=21 b=27 nt=1528] KSP converged reason: 4, iterations: 1
  [a=21 b=28 nt=1531] KSP converged reason: 4, iterations: 1
  [a=21 b=27 nt=1491] KSP converged reason: 4, iterations: 1
  [2212] OK     f=   0.270  a=21.2 b=27.5 gap=21.5 (face=3.1mm) n=[282, 190, 256, 251, 75, 68, 55, 240, 63, 60]  tape=0.270km B=10.04T unif=0.654% hoop=109MPa
  [2213] viol   f=   0.709  a=21.1 b=27.8 gap=21.6 (face=3.1mm) n=[286, 192, 258, 245, 74, 52, 52, 244, 54, 53]  tape=0.267km B=9.88T unif=1.045% hoop=108MPa
  [2214] OK     f=   0.264  a=21.0 b=27.4 gap=21.5 (face=3.1mm) n=[281, 192, 260, 255, 76, 62, 50, 233, 54, 58]  tape=0.264km B=10.02T unif=0.782% hoop=107MPa
  [2215] OK     f=   0.270  a=21.2 b=27.8 gap=21.5 (face=3.1mm) n=[276, 184, 256, 250, 81, 71, 52, 254, 57, 60]  tape=0.270km B=10.03T unif=0.617% hoop=110MPa
  [2216] OK     f=   0.271  a=21.4 b=27.7 gap=21.5 (face=3.0mm) n=[276, 190, 259, 240, 83, 68, 58, 257, 62, 54]  tape=0.271km B=10.43T unif=0.545% hoop=120MPa
  [2217] OK     f=   0.264  a=21.1 b=27.3 gap=21.5 (face=3.1mm) n=[282, 189, 254, 248, 83, 64, 52, 238, 53, 50]  tape=0.264km B=10.24T unif=0.756% hoop=113MPa
  [2218] OK     f=   0.276  a=21.4 b=27.7 gap=21.5 (face=3.0mm) n=[280, 189, 266, 246, 87, 72, 51, 240, 67, 65]  tape=0.276km B=10.41T unif=0.710% hoop=118MPa
  [2219] viol   f=  24.780  a=20.7 b=27.5 gap=21.6 (face=3.1mm) n=[281, 193, 248, 255, 90, 60, 50, 230, 54, 67]  tape=0.267km B=10.27T unif=1.350% hoop=113MPa
  [2220] viol   f=   0.661  a=21.2 b=27.3 gap=21.5 (face=3.1mm) n=[282, 189, 252, 249, 79, 67, 55, 247, 50, 58]  tape=0.267km B=10.06T unif=1.044% hoop=111MPa
  [2221] OK     f=   0.271  a=21.4 b=27.5 gap=21.5 (face=3.0mm) n=[283, 187, 253, 246, 84, 71, 60, 238, 59, 50]  tape=0.271km B=10.18T unif=0.966% hoop=115MPa
  [2222] viol   f=   0.308  a=21.0 b=27.5 gap=21.5 (face=3.1mm) n=[279, 194, 247, 253, 74, 50, 53, 239, 51, 51]  tape=0.260km B=9.84T unif=0.664% hoop=107MPa
  [a=21 b=27 nt=1550] KSP converged reason: 4, iterations: 1
  [a=21 b=27 nt=1513] KSP converged reason: 4, iterations: 1
  [a=21 b=27 nt=1544] KSP converged reason: 4, iterations: 1
  [a=21 b=27 nt=1545] KSP converged reason: 4, iterations: 1
  [a=21 b=27 nt=1528] KSP converged reason: 4, iterations: 1
  [a=21 b=27 nt=1523] KSP converged reason: 4, iterations: 1
  [a=21 b=27 nt=1527] KSP converged reason: 4, iterations: 1
  [a=21 b=27 nt=1504] KSP converged reason: 4, iterations: 1
  [a=21 b=28 nt=1527] KSP converged reason: 4, iterations: 1
  [a=21 b=27 nt=1531] KSP converged reason: 4, iterations: 1
  [a=21 b=27 nt=1533] KSP converged reason: 4, iterations: 1
  [2223] OK     f=   0.264  a=20.8 b=27.4 gap=21.5 (face=3.0mm) n=[280, 191, 255, 233, 97, 64, 51, 237, 51, 54]  tape=0.264km B=10.02T unif=0.784% hoop=107MPa
  [2224] OK     f=   0.266  a=21.1 b=27.4 gap=21.5 (face=3.0mm) n=[281, 190, 257, 255, 83, 57, 51, 234, 58, 57]  tape=0.266km B=10.09T unif=0.702% hoop=109MPa
  [2225] OK     f=   0.272  a=21.1 b=27.5 gap=21.5 (face=3.1mm) n=[283, 189, 256, 241, 93, 66, 50, 246, 60, 66]  tape=0.272km B=10.25T unif=0.769% hoop=114MPa
  [2226] viol   f=   0.270  a=21.2 b=27.4 gap=21.5 (face=3.1mm) n=[283, 195, 263, 254, 68, 57, 51, 250, 69, 55]  tape=0.269km B=9.99T unif=0.661% hoop=107MPa
  [2227] viol   f=   2.471  a=21.2 b=27.2 gap=21.5 (face=3.0mm) n=[283, 185, 252, 244, 86, 88, 52, 224, 70, 60]  tape=0.272km B=10.55T unif=1.105% hoop=119MPa
  [2228] OK     f=   0.263  a=21.2 b=27.2 gap=21.5 (face=3.0mm) n=[277, 191, 259, 250, 81, 56, 50, 256, 53, 55]  tape=0.263km B=10.06T unif=0.736% hoop=110MPa
  [2229] OK     f=   0.268  a=21.3 b=27.3 gap=21.5 (face=3.0mm) n=[283, 191, 254, 248, 79, 69, 53, 233, 65, 52]  tape=0.268km B=10.12T unif=0.851% hoop=111MPa
  [2230] OK     f=   0.267  a=21.2 b=27.6 gap=21.5 (face=3.0mm) n=[277, 188, 250, 249, 96, 68, 51, 241, 50, 57]  tape=0.267km B=10.11T unif=0.653% hoop=111MPa
  [2231] viol   f=   0.771  a=20.8 b=27.2 gap=21.5 (face=3.1mm) n=[283, 194, 246, 250, 76, 50, 55, 238, 51, 61]  tape=0.261km B=9.94T unif=1.050% hoop=107MPa
  [2232] OK     f=   0.272  a=21.4 b=27.5 gap=21.6 (face=3.1mm) n=[285, 187, 247, 250, 79, 77, 64, 230, 60, 52]  tape=0.272km B=10.07T unif=0.832% hoop=113MPa
  [2233] OK     f=   0.269  a=21.1 b=27.5 gap=21.5 (face=3.1mm) n=[282, 194, 252, 262, 70, 74, 72, 223, 53, 51]  tape=0.269km B=10.12T unif=0.742% hoop=109MPa
  [a=21 b=27 nt=1508] KSP converged reason: 4, iterations: 1
  [a=21 b=28 nt=1540] KSP converged reason: 4, iterations: 1
  [a=21 b=27 nt=1527] KSP converged reason: 4, iterations: 1
  [a=21 b=27 nt=1539] KSP converged reason: 4, iterations: 1
  [a=21 b=28 nt=1522] KSP converged reason: 4, iterations: 1
  [a=21 b=27 nt=1524] KSP converged reason: 4, iterations: 1
  [a=21 b=27 nt=1547] KSP converged reason: 4, iterations: 1
  [a=21 b=27 nt=1543] KSP converged reason: 4, iterations: 1
  [a=21 b=27 nt=1524] KSP converged reason: 4, iterations: 1
  [a=21 b=27 nt=1520] KSP converged reason: 4, iterations: 1
  [a=21 b=27 nt=1528] KSP converged reason: 4, iterations: 1
  [2234] OK     f=   0.268  a=21.1 b=27.4 gap=21.5 (face=3.0mm) n=[281, 189, 254, 241, 100, 55, 50, 257, 51, 61]  tape=0.268km B=10.00T unif=0.782% hoop=109MPa
  [2235] OK     f=   0.271  a=21.1 b=27.7 gap=21.5 (face=3.0mm) n=[282, 194, 256, 252, 79, 55, 60, 242, 55, 65]  tape=0.271km B=10.07T unif=0.690% hoop=109MPa
  [2236] OK     f=   0.264  a=21.0 b=27.3 gap=21.5 (face=3.0mm) n=[278, 193, 254, 246, 86, 52, 63, 240, 53, 59]  tape=0.264km B=10.31T unif=0.804% hoop=114MPa
  [2237] OK     f=   0.262  a=21.2 b=27.2 gap=21.5 (face=3.0mm) n=[278, 187, 252, 250, 84, 62, 52, 234, 51, 58]  tape=0.262km B=10.28T unif=0.914% hoop=115MPa
  [2238] OK     f=   0.266  a=21.1 b=27.6 gap=21.5 (face=3.0mm) n=[279, 188, 256, 248, 85, 60, 51, 239, 58, 58]  tape=0.266km B=10.27T unif=0.724% hoop=113MPa
  [2239] viol   f=   7.073  a=20.9 b=27.1 gap=21.6 (face=3.1mm) n=[288, 182, 251, 238, 93, 57, 55, 248, 57, 58]  tape=0.267km B=10.25T unif=1.184% hoop=113MPa
  [2240] OK     f=   0.268  a=20.9 b=27.3 gap=21.5 (face=3.0mm) n=[281, 192, 258, 243, 90, 64, 57, 251, 55, 52]  tape=0.268km B=10.35T unif=0.885% hoop=113MPa
  [2241] OK     f=   0.271  a=21.1 b=27.3 gap=21.5 (face=3.0mm) n=[282, 195, 250, 249, 94, 54, 63, 234, 69, 57]  tape=0.271km B=10.36T unif=0.742% hoop=114MPa
  [2242] OK     f=   0.264  a=20.9 b=27.1 gap=21.5 (face=3.0mm) n=[280, 193, 252, 241, 96, 55, 52, 239, 55, 61]  tape=0.264km B=10.21T unif=0.757% hoop=111MPa
  [2243] OK     f=   0.265  a=21.1 b=27.0 gap=21.5 (face=3.0mm) n=[283, 191, 249, 245, 81, 70, 50, 233, 60, 58]  tape=0.265km B=10.30T unif=0.897% hoop=115MPa
  [2244] viol   f=   0.844  a=20.9 b=27.2 gap=21.5 (face=3.0mm) n=[277, 186, 262, 247, 92, 64, 50, 244, 50, 56]  tape=0.263km B=10.28T unif=1.054% hoop=112MPa
  [a=21 b=27 nt=1518] KSP converged reason: 4, iterations: 1
  [a=21 b=27 nt=1535] KSP converged reason: 4, iterations: 1
  [a=21 b=27 nt=1538] KSP converged reason: 4, iterations: 1
  [a=21 b=27 nt=1549] KSP converged reason: 4, iterations: 1
  [a=21 b=27 nt=1520] KSP converged reason: 4, iterations: 1
  [a=21 b=27 nt=1509] KSP converged reason: 4, iterations: 1
  [a=21 b=27 nt=1525] KSP converged reason: 4, iterations: 1
  [a=21 b=27 nt=1506] KSP converged reason: 4, iterations: 1
  [a=21 b=27 nt=1537] KSP converged reason: 4, iterations: 1
  [a=21 b=27 nt=1504] KSP converged reason: 4, iterations: 1
  [a=21 b=27 nt=1469] KSP converged reason: 4, iterations: 1
  [2245] viol   f=   0.399  a=20.9 b=27.0 gap=21.5 (face=3.0mm) n=[281, 192, 253, 252, 97, 61, 51, 230, 57, 64]  tape=0.266km B=10.34T unif=1.026% hoop=112MPa
  [2246] viol   f=  72.190  a=21.1 b=27.1 gap=21.5 (face=3.0mm) n=[286, 189, 265, 250, 75, 52, 61, 229, 52, 59]  tape=0.264km B=9.95T unif=1.600% hoop=106MPa
  [2247] viol   f=   2.132  a=21.2 b=27.0 gap=21.5 (face=3.0mm) n=[282, 191, 260, 235, 93, 58, 54, 235, 51, 61]  tape=0.264km B=10.20T unif=1.097% hoop=113MPa
  [2248] viol   f=   7.942  a=21.1 b=26.9 gap=21.5 (face=3.0mm) n=[279, 196, 254, 246, 93, 62, 61, 233, 52, 59]  tape=0.265km B=9.67T unif=1.193% hoop=124MPa
  [2249] OK     f=   0.272  a=21.0 b=27.5 gap=21.5 (face=3.0mm) n=[281, 191, 258, 251, 71, 73, 65, 230, 60, 69]  tape=0.272km B=10.14T unif=0.948% hoop=110MPa
  [2250] viol   f=  12.705  a=21.2 b=27.2 gap=21.5 (face=3.0mm) n=[283, 189, 257, 255, 78, 52, 51, 238, 50, 56]  tape=0.263km B=9.88T unif=1.249% hoop=107MPa
  [2251] OK     f=   0.266  a=21.3 b=27.3 gap=21.5 (face=3.0mm) n=[280, 195, 259, 238, 94, 50, 51, 247, 56, 55]  tape=0.266km B=10.11T unif=0.754% hoop=112MPa
  [2252] OK     f=   0.264  a=21.4 b=27.2 gap=21.5 (face=3.0mm) n=[278, 187, 240, 264, 78, 68, 62, 221, 52, 56]  tape=0.264km B=10.20T unif=0.802% hoop=117MPa
  [2253] viol   f= 125.026  a=20.6 b=26.9 gap=21.5 (face=3.0mm) n=[281, 193, 254, 254, 89, 58, 55, 235, 50, 68]  tape=0.264km B=10.34T unif=1.790% hoop=110MPa
  [2254] viol   f=   3.326  a=20.8 b=27.2 gap=21.5 (face=3.0mm) n=[280, 184, 248, 240, 82, 59, 55, 211, 50, 60]  tape=0.257km B=10.09T unif=1.124% hoop=111MPa
  [2255] OK     f=   0.263  a=21.0 b=27.4 gap=21.5 (face=3.0mm) n=[278, 187, 248, 244, 89, 66, 54, 230, 56, 52]  tape=0.263km B=10.12T unif=0.791% hoop=112MPa
  [a=21 b=28 nt=1522] KSP converged reason: 4, iterations: 1
  [a=21 b=27 nt=1486] KSP converged reason: 4, iterations: 1
  [a=21 b=28 nt=1511] KSP converged reason: 4, iterations: 1
  [a=21 b=27 nt=1534] KSP converged reason: 4, iterations: 1
  [a=21 b=28 nt=1497] KSP converged reason: 4, iterations: 1
  [a=21 b=28 nt=1501] KSP converged reason: 4, iterations: 1
  [a=21 b=27 nt=1508] KSP converged reason: 4, iterations: 1
  [a=21 b=27 nt=1532] KSP converged reason: 4, iterations: 1
  [a=21 b=27 nt=1494] KSP converged reason: 4, iterations: 1
  [a=21 b=27 nt=1540] KSP converged reason: 4, iterations: 1
  [a=21 b=27 nt=1512] KSP converged reason: 4, iterations: 1
  [2256] viol   f=  16.927  a=21.4 b=27.7 gap=21.5 (face=3.0mm) n=[282, 189, 256, 242, 83, 73, 59, 225, 53, 60]  tape=0.271km B=10.10T unif=1.289% hoop=114MPa
  [2257] viol   f=   0.280  a=21.2 b=27.7 gap=21.5 (face=3.0mm) n=[274, 187, 245, 258, 79, 69, 52, 223, 51, 59]  tape=0.263km B=9.91T unif=0.665% hoop=110MPa
  [2258] OK     f=   0.267  a=21.3 b=27.7 gap=21.5 (face=3.0mm) n=[283, 197, 248, 245, 89, 50, 64, 217, 58, 50]  tape=0.267km B=10.19T unif=0.938% hoop=114MPa
  [2259] viol   f=  49.774  a=21.1 b=27.5 gap=21.5 (face=3.0mm) n=[274, 200, 236, 254, 84, 62, 60, 229, 51, 61]  tape=0.264km B=10.25T unif=1.498% hoop=116MPa
  [2260] viol   f=   0.282  a=21.0 b=27.3 gap=21.5 (face=3.1mm) n=[283, 178, 251, 253, 92, 63, 50, 216, 50, 50]  tape=0.260km B=9.90T unif=0.679% hoop=109MPa
  [2261] OK     f=   0.268  a=21.4 b=27.4 gap=21.5 (face=3.0mm) n=[279, 194, 253, 256, 73, 69, 62, 237, 55, 56]  tape=0.268km B=10.10T unif=0.808% hoop=112MPa
  [2262] viol   f=   0.270  a=21.3 b=27.1 gap=21.5 (face=3.0mm) n=[277, 187, 253, 259, 80, 67, 52, 233, 50, 50]  tape=0.261km B=9.93T unif=0.974% hoop=109MPa
  [2263] OK     f=   0.268  a=21.2 b=27.4 gap=21.5 (face=3.0mm) n=[277, 185, 249, 259, 92, 63, 61, 237, 55, 54]  tape=0.268km B=10.24T unif=0.800% hoop=114MPa
  [2264] OK     f=   0.268  a=21.1 b=27.4 gap=21.5 (face=3.0mm) n=[279, 187, 260, 250, 95, 52, 58, 241, 58, 60]  tape=0.268km B=10.19T unif=0.758% hoop=111MPa
  [2265] viol   f=   4.220  a=21.0 b=27.3 gap=21.5 (face=3.1mm) n=[282, 183, 241, 255, 83, 66, 53, 231, 50, 50]  tape=0.262km B=9.97T unif=1.141% hoop=111MPa
  [2266] viol   f=   9.821  a=21.1 b=27.4 gap=21.5 (face=3.0mm) n=[282, 182, 248, 256, 85, 72, 53, 224, 53, 57]  tape=0.266km B=10.20T unif=1.219% hoop=114MPa
  [a=21 b=27 nt=1488] KSP converged reason: 4, iterations: 1
  [a=21 b=28 nt=1496] KSP converged reason: 4, iterations: 1
  [a=21 b=27 nt=1514] KSP converged reason: 4, iterations: 1
  [a=21 b=27 nt=1530] KSP converged reason: 4, iterations: 1
  [a=22 b=28 nt=1514] KSP converged reason: 4, iterations: 1
  [a=21 b=28 nt=1523] KSP converged reason: 4, iterations: 1
  [a=21 b=28 nt=1490] KSP converged reason: 4, iterations: 1
  [a=21 b=27 nt=1498] KSP converged reason: 4, iterations: 1
  [a=21 b=27 nt=1497] KSP converged reason: 4, iterations: 1
  [a=21 b=28 nt=1474] KSP converged reason: 4, iterations: 1
  [a=22 b=28 nt=1494] KSP converged reason: 4, iterations: 1
  [2267] OK     f=   0.267  a=21.3 b=27.3 gap=21.5 (face=3.0mm) n=[282, 192, 254, 250, 91, 52, 56, 242, 50, 61]  tape=0.267km B=10.21T unif=0.727% hoop=113MPa
  [2268] viol   f= 322.634  a=21.1 b=27.4 gap=21.5 (face=3.0mm) n=[284, 182, 251, 236, 109, 51, 56, 213, 51, 55]  tape=0.263km B=9.73T unif=2.269% hoop=107MPa
  [2269] OK     f=   0.264  a=21.1 b=27.6 gap=21.5 (face=3.0mm) n=[280, 190, 246, 250, 97, 57, 52, 222, 51, 51]  tape=0.264km B=10.05T unif=0.823% hoop=112MPa
  [2270] OK     f=   0.262  a=21.2 b=26.9 gap=21.5 (face=3.0mm) n=[277, 192, 247, 257, 87, 56, 57, 227, 57, 57]  tape=0.262km B=10.14T unif=0.768% hoop=112MPa
  [2271] viol   f=   0.269  a=21.1 b=27.7 gap=21.5 (face=3.0mm) n=[278, 190, 261, 241, 100, 50, 54, 231, 58, 60]  tape=0.268km B=9.98T unif=0.561% hoop=110MPa
  [2272] viol   f=   0.305  a=21.6 b=28.0 gap=21.5 (face=3.0mm) n=[280, 196, 253, 262, 65, 58, 61, 231, 57, 51]  tape=0.269km B=9.87T unif=0.612% hoop=110MPa
  [2273] viol   f=   0.292  a=21.4 b=27.8 gap=21.5 (face=3.0mm) n=[279, 195, 246, 259, 79, 54, 53, 223, 51, 51]  tape=0.263km B=9.88T unif=0.691% hoop=110MPa
  [2274] OK     f=   0.260  a=20.9 b=27.2 gap=21.5 (face=3.0mm) n=[278, 191, 247, 255, 79, 68, 51, 223, 55, 51]  tape=0.260km B=10.00T unif=0.647% hoop=108MPa
  [2275] OK     f=   0.262  a=21.2 b=27.1 gap=21.5 (face=3.0mm) n=[281, 195, 250, 248, 95, 58, 59, 210, 51, 50]  tape=0.262km B=10.20T unif=0.824% hoop=120MPa
  [2276] viol   f=   5.770  a=21.1 b=27.6 gap=21.5 (face=3.0mm) n=[285, 195, 246, 245, 79, 51, 59, 206, 51, 57]  tape=0.262km B=9.98T unif=1.166% hoop=111MPa
  [2277] viol   f=   0.592  a=21.8 b=28.2 gap=21.5 (face=3.0mm) n=[280, 187, 248, 252, 78, 51, 60, 228, 55, 55]  tape=0.269km B=9.75T unif=1.031% hoop=112MPa
  [a=21 b=27 nt=1494] KSP converged reason: 4, iterations: 1
  [a=21 b=27 nt=1493] KSP converged reason: 4, iterations: 1
  [a=21 b=27 nt=1505] KSP converged reason: 4, iterations: 1
  [a=21 b=27 nt=1495] KSP converged reason: 4, iterations: 1
  [a=21 b=27 nt=1511] KSP converged reason: 4, iterations: 1
  [a=21 b=27 nt=1486] KSP converged reason: 4, iterations: 1
  [a=21 b=27 nt=1503] KSP converged reason: 4, iterations: 1
  [a=21 b=27 nt=1536] KSP converged reason: 4, iterations: 1
  [a=21 b=27 nt=1522] KSP converged reason: 4, iterations: 1
  [a=21 b=27 nt=1509] KSP converged reason: 4, iterations: 1
  [a=21 b=27 nt=1504] KSP converged reason: 4, iterations: 1
  [2278] viol   f=  67.959  a=20.9 b=26.7 gap=21.5 (face=3.0mm) n=[283, 203, 250, 263, 63, 60, 59, 222, 53, 55]  tape=0.259km B=10.04T unif=1.582% hoop=106MPa
  [2279] viol   f=   7.492  a=21.0 b=27.4 gap=21.5 (face=3.0mm) n=[281, 192, 248, 236, 89, 50, 55, 219, 53, 63]  tape=0.262km B=10.07T unif=1.190% hoop=111MPa
  [2280] viol   f=  73.982  a=21.4 b=27.2 gap=21.5 (face=3.0mm) n=[283, 185, 252, 234, 103, 56, 54, 225, 51, 51]  tape=0.263km B=9.80T unif=1.607% hoop=109MPa
  [2281] viol   f=   3.256  a=21.0 b=27.1 gap=21.5 (face=3.0mm) n=[280, 193, 241, 285, 60, 57, 54, 218, 54, 51]  tape=0.259km B=9.77T unif=1.120% hoop=107MPa
  [2282] viol   f= 104.660  a=21.0 b=27.0 gap=21.5 (face=3.0mm) n=[272, 196, 241, 261, 73, 76, 52, 220, 57, 57]  tape=0.258km B=9.96T unif=1.722% hoop=108MPa
  [2283] viol   f=   0.393  a=21.1 b=27.1 gap=21.5 (face=3.0mm) n=[281, 192, 255, 244, 88, 63, 50, 212, 59, 51]  tape=0.261km B=10.26T unif=1.026% hoop=114MPa
  [2284] OK     f=   0.263  a=21.1 b=27.4 gap=21.5 (face=3.0mm) n=[279, 190, 253, 250, 94, 56, 50, 226, 55, 50]  tape=0.263km B=10.07T unif=0.629% hoop=110MPa
  [2285] OK     f=   0.264  a=20.8 b=27.3 gap=21.5 (face=3.0mm) n=[279, 192, 251, 249, 89, 62, 50, 234, 57, 59]  tape=0.264km B=10.29T unif=0.676% hoop=112MPa
  [2286] OK     f=   0.269  a=21.2 b=27.4 gap=21.5 (face=3.0mm) n=[276, 188, 257, 254, 84, 91, 56, 206, 69, 55]  tape=0.269km B=10.49T unif=0.520% hoop=117MPa
  [2287] OK     f=   0.261  a=20.9 b=27.2 gap=21.5 (face=3.0mm) n=[279, 185, 252, 266, 83, 58, 57, 220, 50, 59]  tape=0.261km B=10.28T unif=0.846% hoop=112MPa
  [2288] viol   f=  27.973  a=21.0 b=26.7 gap=21.5 (face=3.0mm) n=[279, 193, 253, 238, 98, 58, 59, 200, 65, 61]  tape=0.260km B=10.17T unif=1.372% hoop=110MPa
  [a=21 b=27 nt=1493] KSP converged reason: 4, iterations: 1
  [a=21 b=28 nt=1524] KSP converged reason: 4, iterations: 1
  [a=21 b=27 nt=1526] KSP converged reason: 4, iterations: 1
  [a=21 b=27 nt=1489] KSP converged reason: 4, iterations: 1
  [a=21 b=27 nt=1500] KSP converged reason: 4, iterations: 1
  [a=21 b=27 nt=1558] KSP converged reason: 4, iterations: 1
  [a=21 b=27 nt=1521] KSP converged reason: 4, iterations: 1
  [a=21 b=28 nt=1557] KSP converged reason: 4, iterations: 1
  [a=21 b=27 nt=1551] KSP converged reason: 4, iterations: 1
  [a=21 b=27 nt=1498] KSP converged reason: 4, iterations: 1
  [a=21 b=27 nt=1499] KSP converged reason: 4, iterations: 1
  [2289] viol   f=   0.296  a=21.2 b=27.3 gap=21.5 (face=3.0mm) n=[275, 190, 247, 258, 67, 65, 64, 228, 68, 64]  tape=0.265km B=9.88T unif=0.697% hoop=108MPa
  [2290] viol   f=   0.273  a=21.1 b=27.0 gap=21.5 (face=3.0mm) n=[279, 189, 246, 255, 101, 54, 59, 206, 52, 52]  tape=0.260km B=9.92T unif=0.791% hoop=108MPa
  [2291] OK     f=   0.272  a=21.1 b=27.5 gap=21.5 (face=3.1mm) n=[283, 193, 259, 271, 79, 57, 73, 233, 60, 50]  tape=0.272km B=10.30T unif=0.755% hoop=110MPa
  [2292] OK     f=   0.260  a=21.0 b=27.1 gap=21.5 (face=3.1mm) n=[279, 183, 260, 271, 81, 69, 51, 200, 51, 55]  tape=0.260km B=10.07T unif=0.952% hoop=108MPa
  [2293] viol   f=   2.357  a=20.9 b=27.4 gap=21.5 (face=3.0mm) n=[281, 178, 250, 250, 103, 55, 50, 207, 55, 60]  tape=0.262km B=9.78T unif=1.100% hoop=106MPa
  [2294] OK     f=   0.268  a=21.1 b=27.6 gap=21.6 (face=3.1mm) n=[282, 192, 247, 276, 71, 80, 63, 213, 50, 50]  tape=0.268km B=10.23T unif=0.633% hoop=113MPa
  [2295] OK     f=   0.270  a=21.1 b=27.7 gap=21.5 (face=3.0mm) n=[276, 189, 269, 266, 87, 56, 57, 239, 58, 60]  tape=0.270km B=10.18T unif=0.609% hoop=109MPa
  [2296] OK     f=   0.263  a=20.9 b=26.9 gap=21.5 (face=3.0mm) n=[280, 188, 256, 251, 102, 64, 52, 218, 50, 60]  tape=0.263km B=10.19T unif=0.982% hoop=109MPa
  [2297] OK     f=   0.269  a=21.1 b=27.1 gap=21.5 (face=3.0mm) n=[279, 186, 252, 260, 84, 79, 50, 236, 57, 68]  tape=0.269km B=10.39T unif=0.787% hoop=114MPa
  [2298] viol   f=   0.302  a=20.7 b=27.5 gap=21.5 (face=3.0mm) n=[277, 180, 249, 250, 111, 57, 51, 214, 54, 55]  tape=0.262km B=9.86T unif=0.675% hoop=105MPa
  [2299] OK     f=   0.262  a=21.1 b=27.4 gap=21.5 (face=3.0mm) n=[279, 191, 256, 259, 88, 54, 53, 215, 53, 51]  tape=0.262km B=10.10T unif=0.564% hoop=110MPa
  [a=21 b=27 nt=1486] KSP converged reason: 4, iterations: 1
  [a=21 b=27 nt=1517] KSP converged reason: 4, iterations: 1
  [a=21 b=27 nt=1527] KSP converged reason: 4, iterations: 1
  [a=21 b=27 nt=1525] KSP converged reason: 4, iterations: 1
  [a=21 b=27 nt=1508] KSP converged reason: 4, iterations: 1
  [a=21 b=27 nt=1483] KSP converged reason: 4, iterations: 1
  [a=21 b=27 nt=1499] KSP converged reason: 4, iterations: 1
  [a=21 b=27 nt=1515] KSP converged reason: 4, iterations: 1
  [a=21 b=27 nt=1527] KSP converged reason: 4, iterations: 1
  [a=21 b=27 nt=1522] KSP converged reason: 4, iterations: 1
  [a=21 b=27 nt=1496] KSP converged reason: 4, iterations: 1
  [2300] OK     f=   0.262  a=20.9 b=27.2 gap=21.5 (face=3.0mm) n=[277, 188, 246, 263, 96, 72, 52, 204, 50, 60]  tape=0.262km B=10.11T unif=0.600% hoop=109MPa
  [2301] OK     f=   0.260  a=21.2 b=27.4 gap=21.5 (face=3.0mm) n=[277, 188, 257, 261, 92, 65, 50, 192, 53, 51]  tape=0.260km B=10.11T unif=0.909% hoop=111MPa
  [2302] OK     f=   0.267  a=21.2 b=27.4 gap=21.5 (face=3.0mm) n=[280, 195, 254, 257, 86, 68, 52, 222, 58, 53]  tape=0.267km B=10.45T unif=0.752% hoop=117MPa
  [2303] OK     f=   0.267  a=21.0 b=27.5 gap=21.5 (face=3.1mm) n=[280, 187, 256, 271, 102, 57, 55, 196, 67, 56]  tape=0.267km B=10.05T unif=0.679% hoop=106MPa
  [2304] OK     f=   0.266  a=21.2 b=27.3 gap=21.5 (face=3.0mm) n=[280, 189, 260, 262, 87, 71, 65, 199, 52, 52]  tape=0.266km B=10.41T unif=0.587% hoop=115MPa
  [2305] viol   f=   0.271  a=20.9 b=27.3 gap=21.5 (face=3.0mm) n=[278, 193, 252, 271, 69, 62, 51, 206, 50, 51]  tape=0.257km B=9.92T unif=0.703% hoop=105MPa
  [2306] OK     f=   0.262  a=20.8 b=27.4 gap=21.5 (face=3.1mm) n=[277, 184, 250, 262, 90, 80, 50, 198, 50, 58]  tape=0.262km B=10.10T unif=0.769% hoop=109MPa
  [2307] OK     f=   0.266  a=21.3 b=27.5 gap=21.6 (face=3.1mm) n=[280, 188, 262, 265, 89, 59, 52, 208, 61, 51]  tape=0.266km B=10.21T unif=0.659% hoop=114MPa
  [2308] OK     f=   0.265  a=21.3 b=27.0 gap=21.5 (face=3.0mm) n=[279, 192, 265, 261, 82, 63, 59, 203, 62, 61]  tape=0.265km B=10.17T unif=0.856% hoop=111MPa
  [2309] viol   f=   0.296  a=21.2 b=27.3 gap=21.5 (face=3.0mm) n=[279, 194, 246, 264, 76, 50, 53, 221, 57, 56]  tape=0.261km B=9.87T unif=0.717% hoop=108MPa
  [2310] viol   f=   2.367  a=21.2 b=27.3 gap=21.5 (face=3.0mm) n=[282, 187, 262, 265, 84, 67, 53, 212, 58, 52]  tape=0.266km B=10.12T unif=1.102% hoop=110MPa
  [a=21 b=27 nt=1507] KSP converged reason: 4, iterations: 1
  [a=21 b=27 nt=1535] KSP converged reason: 4, iterations: 1
  [a=21 b=28 nt=1501] KSP converged reason: 4, iterations: 1
  [a=21 b=27 nt=1528] KSP converged reason: 4, iterations: 1
  [a=21 b=28 nt=1519] KSP converged reason: 4, iterations: 1
  [a=21 b=27 nt=1500] KSP converged reason: 4, iterations: 1
  [a=21 b=27 nt=1494] KSP converged reason: 4, iterations: 1
  [a=21 b=27 nt=1489] KSP converged reason: 4, iterations: 1
  [a=21 b=28 nt=1494] KSP converged reason: 4, iterations: 1
  [a=21 b=27 nt=1527] KSP converged reason: 4, iterations: 1
  [a=21 b=27 nt=1481] KSP converged reason: 4, iterations: 1
  [2311] OK     f=   0.265  a=21.1 b=27.4 gap=21.5 (face=3.0mm) n=[275, 189, 254, 270, 81, 93, 54, 210, 50, 52]  tape=0.265km B=10.49T unif=0.522% hoop=116MPa
  [2312] viol   f=   0.265  a=20.9 b=27.7 gap=21.5 (face=3.1mm) n=[276, 189, 249, 281, 73, 66, 50, 195, 69, 53]  tape=0.264km B=9.98T unif=0.561% hoop=108MPa
  [2313] viol   f=   0.266  a=20.9 b=27.2 gap=21.5 (face=3.0mm) n=[272, 190, 255, 257, 102, 57, 56, 192, 54, 65]  tape=0.260km B=9.95T unif=0.695% hoop=106MPa
  [2314] OK     f=   0.266  a=21.2 b=27.6 gap=21.5 (face=3.0mm) n=[272, 190, 252, 261, 100, 77, 56, 204, 57, 50]  tape=0.266km B=10.16T unif=0.914% hoop=112MPa
  [2315] OK     f=   0.267  a=21.4 b=27.3 gap=21.5 (face=3.0mm) n=[276, 183, 258, 269, 85, 62, 72, 217, 52, 61]  tape=0.267km B=10.38T unif=0.540% hoop=116MPa
  [2316] OK     f=   0.260  a=21.3 b=26.9 gap=21.5 (face=3.0mm) n=[278, 188, 258, 272, 84, 63, 52, 209, 52, 51]  tape=0.260km B=10.03T unif=0.755% hoop=109MPa
  [2317] OK     f=   0.257  a=20.8 b=27.0 gap=21.5 (face=3.0mm) n=[277, 194, 255, 259, 90, 56, 50, 201, 50, 62]  tape=0.257km B=10.19T unif=0.869% hoop=108MPa
  [2318] OK     f=   0.258  a=21.1 b=27.0 gap=21.5 (face=3.0mm) n=[279, 196, 257, 282, 77, 59, 61, 168, 56, 54]  tape=0.258km B=10.25T unif=0.821% hoop=111MPa
  [2319] viol   f=   0.267  a=21.4 b=27.9 gap=21.5 (face=3.1mm) n=[283, 189, 265, 261, 80, 53, 68, 192, 51, 52]  tape=0.266km B=9.98T unif=0.601% hoop=110MPa
  [2320] OK     f=   0.267  a=21.3 b=27.2 gap=21.5 (face=3.1mm) n=[284, 190, 259, 268, 89, 69, 51, 204, 50, 63]  tape=0.267km B=10.21T unif=0.975% hoop=110MPa
  [2321] viol   f=   2.726  a=21.1 b=27.2 gap=21.5 (face=3.0mm) n=[274, 196, 255, 255, 84, 63, 51, 193, 58, 52]  tape=0.258km B=10.27T unif=1.111% hoop=113MPa
  [a=21 b=27 nt=1525] KSP converged reason: 4, iterations: 1
  [a=21 b=27 nt=1508] KSP converged reason: 4, iterations: 1
  [a=21 b=27 nt=1501] KSP converged reason: 4, iterations: 1
  [a=21 b=27 nt=1483] KSP converged reason: 4, iterations: 1
  [a=21 b=27 nt=1480] KSP converged reason: 4, iterations: 1
  [a=21 b=27 nt=1505] KSP converged reason: 4, iterations: 1
  [a=21 b=27 nt=1523] KSP converged reason: 4, iterations: 1
  [a=21 b=28 nt=1497] KSP converged reason: 4, iterations: 1
  [a=21 b=27 nt=1486] KSP converged reason: 4, iterations: 1
  [a=21 b=27 nt=1519] KSP converged reason: 4, iterations: 1
  [a=21 b=27 nt=1468] KSP converged reason: 4, iterations: 1
  [2322] OK     f=   0.265  a=21.2 b=27.2 gap=21.5 (face=3.1mm) n=[278, 196, 244, 286, 70, 52, 77, 184, 56, 65]  tape=0.265km B=10.05T unif=0.540% hoop=111MPa
  [2323] viol   f=  50.461  a=20.9 b=26.9 gap=21.5 (face=3.1mm) n=[280, 199, 261, 272, 84, 57, 57, 198, 58, 59]  tape=0.262km B=10.53T unif=1.501% hoop=111MPa
  [2324] viol   f=   3.100  a=20.7 b=27.0 gap=21.5 (face=3.0mm) n=[283, 191, 257, 258, 94, 52, 50, 192, 52, 51]  tape=0.256km B=10.07T unif=1.119% hoop=106MPa
  [2325] viol   f= 761.421  a=20.6 b=27.3 gap=21.5 (face=3.0mm) n=[271, 199, 265, 251, 88, 53, 60, 207, 50, 57]  tape=0.257km B=10.39T unif=2.951% hoop=110MPa
  [2326] viol   f=   2.452  a=20.6 b=27.5 gap=21.6 (face=3.1mm) n=[277, 195, 251, 271, 82, 60, 68, 190, 56, 55]  tape=0.262km B=10.34T unif=1.105% hoop=111MPa
  [2327] viol   f=   0.258  a=20.9 b=27.2 gap=21.5 (face=3.0mm) n=[278, 182, 249, 271, 114, 63, 50, 176, 50, 50]  tape=0.258km B=9.99T unif=0.791% hoop=106MPa
  [2328] viol   f=  53.900  a=20.5 b=26.7 gap=21.5 (face=3.0mm) n=[276, 192, 246, 257, 86, 76, 55, 217, 56, 62]  tape=0.260km B=10.39T unif=1.518% hoop=111MPa
  [2329] OK     f=   0.265  a=21.4 b=27.7 gap=21.5 (face=3.0mm) n=[274, 185, 261, 260, 100, 81, 54, 178, 50, 54]  tape=0.265km B=10.12T unif=0.457% hoop=114MPa
  [2330] OK     f=   0.259  a=21.3 b=27.0 gap=21.5 (face=3.0mm) n=[278, 192, 258, 287, 79, 54, 51, 182, 54, 51]  tape=0.259km B=10.06T unif=0.770% hoop=111MPa
  [2331] OK     f=   0.263  a=20.9 b=27.1 gap=21.5 (face=3.0mm) n=[279, 194, 259, 261, 95, 61, 50, 208, 60, 52]  tape=0.263km B=10.36T unif=0.843% hoop=111MPa
  [2332] viol   f=   0.347  a=20.7 b=26.8 gap=21.5 (face=3.0mm) n=[280, 197, 244, 275, 69, 71, 50, 177, 52, 53]  tape=0.252km B=10.05T unif=1.022% hoop=107MPa
  [a=21 b=27 nt=1499] KSP converged reason: 4, iterations: 1
  [a=21 b=27 nt=1516] KSP converged reason: 4, iterations: 1
  [a=21 b=28 nt=1506] KSP converged reason: 4, iterations: 1
  [a=21 b=27 nt=1480] KSP converged reason: 4, iterations: 1
  [a=21 b=27 nt=1476] KSP converged reason: 4, iterations: 1
  [a=22 b=27 nt=1514] KSP converged reason: 4, iterations: 1
  [a=21 b=28 nt=1517] KSP converged reason: 4, iterations: 1
  [a=21 b=27 nt=1496] KSP converged reason: 4, iterations: 1
  [a=21 b=28 nt=1516] KSP converged reason: 4, iterations: 1
  [a=21 b=27 nt=1532] KSP converged reason: 4, iterations: 1
  [a=21 b=27 nt=1499] KSP converged reason: 4, iterations: 1
  [2333] OK     f=   0.256  a=20.7 b=27.1 gap=21.5 (face=3.0mm) n=[278, 188, 255, 278, 108, 59, 59, 154, 51, 50]  tape=0.256km B=10.04T unif=0.986% hoop=104MPa
  [2334] OK     f=   0.266  a=21.2 b=27.6 gap=21.5 (face=3.0mm) n=[279, 185, 262, 259, 98, 68, 58, 188, 58, 51]  tape=0.266km B=10.17T unif=0.719% hoop=111MPa
  [2335] viol   f=   1.112  a=21.5 b=27.3 gap=21.5 (face=3.0mm) n=[279, 182, 251, 273, 93, 56, 57, 211, 50, 62]  tape=0.265km B=10.10T unif=1.065% hoop=113MPa
  [2336] viol   f=   0.262  a=20.7 b=27.2 gap=21.5 (face=3.1mm) n=[280, 181, 259, 271, 118, 55, 50, 172, 54, 59]  tape=0.260km B=9.97T unif=0.964% hoop=104MPa
  [2337] OK     f=   0.266  a=21.1 b=27.3 gap=21.5 (face=3.0mm) n=[280, 185, 259, 275, 87, 63, 69, 175, 70, 53]  tape=0.266km B=10.20T unif=0.751% hoop=111MPa
  [2338] OK     f=   0.257  a=21.2 b=27.1 gap=21.5 (face=3.0mm) n=[275, 180, 249, 261, 84, 81, 51, 190, 52, 53]  tape=0.257km B=10.29T unif=0.748% hoop=117MPa
  [2339] viol   f=   0.268  a=21.4 b=27.6 gap=21.5 (face=3.0mm) n=[276, 185, 262, 272, 106, 57, 55, 181, 62, 61]  tape=0.267km B=9.98T unif=0.465% hoop=109MPa
  [2340] OK     f=   0.270  a=21.3 b=27.5 gap=21.5 (face=3.0mm) n=[278, 193, 253, 263, 102, 69, 64, 189, 62, 59]  tape=0.270km B=10.31T unif=0.671% hoop=114MPa
  [2341] OK     f=   0.258  a=20.9 b=27.1 gap=21.5 (face=3.0mm) n=[278, 194, 255, 276, 82, 56, 52, 196, 54, 53]  tape=0.258km B=10.19T unif=0.934% hoop=109MPa
  [2342] viol   f=   0.268  a=20.9 b=27.6 gap=21.5 (face=3.0mm) n=[276, 188, 249, 280, 108, 56, 50, 202, 55, 52]  tape=0.265km B=9.96T unif=0.638% hoop=106MPa
  [2343] viol   f=   1.329  a=21.0 b=26.6 gap=21.5 (face=3.0mm) n=[280, 192, 259, 288, 86, 53, 50, 176, 64, 51]  tape=0.259km B=10.30T unif=1.073% hoop=112MPa
  [a=21 b=27 nt=1509] KSP converged reason: 4, iterations: 1
  [a=21 b=27 nt=1489] KSP converged reason: 4, iterations: 1
  [a=21 b=27 nt=1467] KSP converged reason: 4, iterations: 1
  [a=21 b=28 nt=1501] KSP converged reason: 4, iterations: 1
  [a=21 b=27 nt=1501] KSP converged reason: 4, iterations: 1
  [a=21 b=27 nt=1474] KSP converged reason: 4, iterations: 1
  [a=21 b=27 nt=1504] KSP converged reason: 4, iterations: 1
  [a=21 b=27 nt=1499] KSP converged reason: 4, iterations: 1
  [a=21 b=28 nt=1489] KSP converged reason: 4, iterations: 1
  [a=21 b=27 nt=1490] KSP converged reason: 4, iterations: 1
  [a=21 b=27 nt=1483] KSP converged reason: 4, iterations: 1
  [2344] OK     f=   0.263  a=21.3 b=27.3 gap=21.5 (face=3.0mm) n=[281, 187, 265, 262, 97, 85, 57, 155, 50, 50]  tape=0.263km B=10.37T unif=0.766% hoop=115MPa
  [2345] OK     f=   0.256  a=20.9 b=27.2 gap=21.5 (face=3.0mm) n=[276, 195, 247, 278, 87, 60, 55, 158, 59, 52]  tape=0.256km B=10.15T unif=0.623% hoop=110MPa
  [2346] OK     f=   0.262  a=21.0 b=27.6 gap=21.5 (face=3.0mm) n=[278, 190, 270, 264, 110, 50, 51, 179, 53, 56]  tape=0.262km B=10.00T unif=0.684% hoop=105MPa
  [2347] viol   f=   0.289  a=21.0 b=27.3 gap=21.5 (face=3.0mm) n=[271, 187, 252, 274, 76, 53, 74, 205, 58, 51]  tape=0.260km B=9.88T unif=0.573% hoop=107MPa
  [2348] viol   f= 161.610  a=20.7 b=27.2 gap=21.5 (face=3.0mm) n=[276, 178, 266, 278, 103, 73, 51, 145, 54, 50]  tape=0.256km B=10.12T unif=1.898% hoop=107MPa
  [2349] OK     f=   0.267  a=21.0 b=27.1 gap=21.5 (face=3.0mm) n=[282, 196, 240, 295, 96, 57, 74, 159, 50, 60]  tape=0.267km B=10.16T unif=0.773% hoop=112MPa
  [2350] viol   f=  13.121  a=20.7 b=26.7 gap=21.5 (face=3.0mm) n=[276, 186, 265, 268, 89, 50, 63, 192, 63, 52]  tape=0.256km B=10.16T unif=1.254% hoop=107MPa
  [2351] OK     f=   0.260  a=20.9 b=26.7 gap=21.5 (face=3.0mm) n=[277, 184, 260, 286, 99, 55, 61, 164, 50, 63]  tape=0.260km B=10.06T unif=0.974% hoop=107MPa
  [2352] OK     f=   0.265  a=21.0 b=27.7 gap=21.5 (face=3.0mm) n=[279, 187, 237, 267, 107, 72, 62, 161, 62, 55]  tape=0.265km B=10.18T unif=0.749% hoop=115MPa
  [2353] OK     f=   0.262  a=21.0 b=27.5 gap=21.5 (face=3.0mm) n=[276, 188, 258, 259, 88, 70, 51, 181, 52, 67]  tape=0.262km B=10.17T unif=0.534% hoop=112MPa
  [2354] OK     f=   0.258  a=20.6 b=27.0 gap=21.5 (face=3.0mm) n=[281, 185, 241, 272, 117, 70, 53, 160, 54, 50]  tape=0.258km B=10.21T unif=0.782% hoop=110MPa
  [a=20 b=27 nt=1486] KSP converged reason: 4, iterations: 1
  [a=21 b=28 nt=1504] KSP converged reason: 4, iterations: 1
  [a=21 b=27 nt=1456] KSP converged reason: 4, iterations: 1
  [a=20 b=27 nt=1457] KSP converged reason: 4, iterations: 1
  [a=20 b=27 nt=1432] KSP converged reason: 4, iterations: 1
  [a=21 b=28 nt=1455] KSP converged reason: 4, iterations: 1
  [a=21 b=27 nt=1507] KSP converged reason: 4, iterations: 1
  [a=21 b=27 nt=1507] KSP converged reason: 4, iterations: 1
  [a=21 b=27 nt=1503] KSP converged reason: 4, iterations: 1
  [a=21 b=27 nt=1472] KSP converged reason: 4, iterations: 1
  [a=21 b=27 nt=1525] KSP converged reason: 4, iterations: 1
  [2355] viol   f=   0.264  a=20.7 b=27.6 gap=21.5 (face=3.0mm) n=[281, 188, 256, 270, 112, 51, 50, 189, 51, 56]  tape=0.263km B=9.97T unif=0.711% hoop=104MPa
  [2356] viol   f=   0.257  a=21.1 b=27.1 gap=21.5 (face=3.0mm) n=[274, 190, 259, 289, 91, 60, 58, 133, 52, 50]  tape=0.256km B=9.98T unif=0.517% hoop=110MPa
  [2357] OK     f=   0.260  a=20.3 b=26.5 gap=21.5 (face=3.0mm) n=[274, 191, 244, 304, 88, 68, 53, 160, 50, 54]  tape=0.260km B=10.13T unif=0.678% hoop=110MPa
  [2358] viol   f=  77.572  a=20.5 b=26.8 gap=21.5 (face=3.0mm) n=[281, 201, 234, 279, 100, 50, 65, 141, 56, 50]  tape=0.251km B=9.96T unif=1.622% hoop=105MPa
  [2359] viol   f=   0.256  a=20.7 b=27.6 gap=21.5 (face=3.0mm) n=[281, 197, 245, 280, 97, 64, 50, 133, 57, 51]  tape=0.256km B=9.99T unif=0.544% hoop=107MPa
  [2360] viol   f=  75.460  a=20.5 b=27.4 gap=21.5 (face=3.1mm) n=[281, 191, 245, 290, 84, 51, 52, 137, 51, 50]  tape=0.252km B=9.87T unif=1.613% hoop=106MPa
  [2361] viol   f=  24.986  a=20.8 b=26.8 gap=21.5 (face=3.0mm) n=[279, 187, 258, 283, 96, 71, 68, 164, 51, 50]  tape=0.261km B=10.33T unif=1.352% hoop=110MPa
  [2362] viol   f=   0.283  a=20.8 b=27.1 gap=21.5 (face=3.0mm) n=[276, 182, 246, 289, 108, 56, 60, 164, 64, 58]  tape=0.264km B=9.90T unif=0.466% hoop=106MPa
  [2363] viol   f=   0.267  a=21.3 b=26.7 gap=21.5 (face=3.1mm) n=[274, 200, 253, 303, 73, 57, 61, 162, 68, 56]  tape=0.267km B=9.99T unif=0.947% hoop=111MPa
  [2364] OK     f=   0.259  a=21.2 b=27.4 gap=21.5 (face=3.0mm) n=[279, 193, 256, 278, 91, 66, 50, 151, 54, 54]  tape=0.259km B=10.09T unif=0.683% hoop=110MPa
  [2365] viol   f=   7.936  a=20.8 b=26.9 gap=21.5 (face=3.0mm) n=[279, 195, 242, 280, 79, 91, 54, 179, 57, 69]  tape=0.264km B=10.48T unif=1.196% hoop=114MPa
  [a=21 b=27 nt=1464] KSP converged reason: 4, iterations: 1
  [a=21 b=27 nt=1436] KSP converged reason: 4, iterations: 1
  [a=21 b=27 nt=1488] KSP converged reason: 4, iterations: 1
  [a=21 b=28 nt=1504] KSP converged reason: 4, iterations: 1
  [a=21 b=26 nt=1474] KSP converged reason: 4, iterations: 1
  [a=21 b=27 nt=1479] KSP converged reason: 4, iterations: 1
  [a=21 b=27 nt=1483] KSP converged reason: 4, iterations: 1
  [a=20 b=28 nt=1474] KSP converged reason: 4, iterations: 1
  [a=21 b=28 nt=1461] KSP converged reason: 4, iterations: 1
  [a=21 b=28 nt=1501] KSP converged reason: 4, iterations: 1
  [a=21 b=28 nt=1490] KSP converged reason: 4, iterations: 1
  [2366] viol   f=   0.254  a=21.0 b=27.5 gap=21.5 (face=3.0mm) n=[277, 192, 247, 279, 88, 64, 50, 136, 53, 50]  tape=0.253km B=9.98T unif=0.581% hoop=109MPa
  [2367] viol   f=   0.330  a=21.2 b=27.3 gap=21.5 (face=3.0mm) n=[278, 184, 251, 283, 94, 61, 50, 175, 53, 50]  tape=0.260km B=10.08T unif=1.019% hoop=111MPa
  [2368] OK     f=   0.259  a=20.5 b=27.2 gap=21.5 (face=3.0mm) n=[279, 184, 257, 282, 80, 71, 65, 164, 50, 56]  tape=0.259km B=10.30T unif=0.646% hoop=110MPa
  [2369] viol   f=   3.792  a=21.0 b=27.7 gap=21.5 (face=3.0mm) n=[278, 202, 248, 288, 75, 68, 50, 169, 69, 57]  tape=0.268km B=10.18T unif=1.133% hoop=113MPa
  [2370] viol   f= 709.938  a=20.6 b=26.3 gap=21.5 (face=3.1mm) n=[274, 193, 243, 273, 94, 76, 50, 152, 64, 55]  tape=0.250km B=10.25T unif=2.884% hoop=110MPa
  [2371] viol   f=   0.297  a=20.7 b=27.0 gap=21.5 (face=3.0mm) n=[274, 193, 243, 305, 97, 63, 59, 120, 60, 50]  tape=0.261km B=9.87T unif=0.580% hoop=110MPa
  [2372] OK     f=   0.261  a=20.7 b=27.0 gap=21.5 (face=3.0mm) n=[270, 187, 256, 293, 117, 95, 51, 107, 53, 54]  tape=0.261km B=10.01T unif=0.916% hoop=108MPa
  [2373] viol   f=   0.356  a=20.5 b=27.5 gap=21.5 (face=3.0mm) n=[279, 178, 264, 262, 95, 82, 63, 139, 51, 61]  tape=0.259km B=10.26T unif=1.022% hoop=109MPa
  [2374] OK     f=   0.257  a=20.7 b=27.7 gap=21.5 (face=3.0mm) n=[278, 194, 257, 276, 102, 69, 50, 126, 58, 51]  tape=0.257km B=10.12T unif=0.701% hoop=106MPa
  [2375] OK     f=   0.267  a=20.7 b=28.0 gap=21.5 (face=3.0mm) n=[277, 196, 251, 289, 98, 64, 56, 147, 57, 55]  tape=0.267km B=10.01T unif=0.551% hoop=108MPa
  [2376] viol   f=  43.679  a=20.7 b=27.5 gap=21.5 (face=3.0mm) n=[274, 198, 249, 297, 86, 80, 65, 132, 66, 54]  tape=0.269km B=10.27T unif=1.466% hoop=114MPa
  [a=21 b=27 nt=1503] KSP converged reason: 4, iterations: 1
  [a=21 b=28 nt=1466] KSP converged reason: 4, iterations: 1
  [a=21 b=27 nt=1483] KSP converged reason: 4, iterations: 1
  [a=21 b=28 nt=1426] KSP converged reason: 4, iterations: 1
  [a=21 b=28 nt=1524] KSP converged reason: 4, iterations: 1
  [a=21 b=27 nt=1518] KSP converged reason: 4, iterations: 1
  [a=21 b=28 nt=1447] KSP converged reason: 4, iterations: 1
  [a=21 b=27 nt=1484] KSP converged reason: 4, iterations: 1
  [a=21 b=28 nt=1464] KSP converged reason: 4, iterations: 1
  [a=21 b=27 nt=1448] KSP converged reason: 4, iterations: 1
  [a=21 b=28 nt=1435] KSP converged reason: 4, iterations: 1
  [2377] viol   f=   5.761  a=20.7 b=26.8 gap=21.5 (face=3.0mm) n=[278, 195, 256, 261, 105, 56, 51, 158, 71, 52]  tape=0.256km B=10.04T unif=1.166% hoop=104MPa
  [2378] OK     f=   0.261  a=20.7 b=27.6 gap=21.5 (face=3.0mm) n=[270, 193, 241, 289, 79, 68, 57, 158, 51, 60]  tape=0.261km B=10.01T unif=0.648% hoop=112MPa
  [2379] viol   f=   0.273  a=20.9 b=27.7 gap=21.5 (face=3.0mm) n=[278, 200, 237, 284, 86, 60, 59, 106, 51, 65]  tape=0.254km B=9.90T unif=0.908% hoop=108MPa
  [2380] OK     f=   0.267  a=20.9 b=27.7 gap=21.5 (face=3.0mm) n=[279, 192, 270, 277, 82, 57, 53, 181, 64, 69]  tape=0.267km B=10.21T unif=0.609% hoop=108MPa
  [2381] OK     f=   0.267  a=21.1 b=27.4 gap=21.5 (face=3.0mm) n=[279, 196, 256, 281, 96, 74, 58, 147, 70, 61]  tape=0.267km B=10.41T unif=0.636% hoop=113MPa
  [2382] OK     f=   0.268  a=20.6 b=27.3 gap=21.5 (face=3.0mm) n=[275, 189, 257, 301, 75, 77, 56, 135, 87, 51]  tape=0.268km B=10.14T unif=0.585% hoop=110MPa
  [2383] viol   f=   8.710  a=20.6 b=27.7 gap=21.5 (face=3.0mm) n=[278, 197, 248, 287, 75, 50, 60, 130, 60, 62]  tape=0.256km B=9.96T unif=1.206% hoop=108MPa
  [2384] OK     f=   0.257  a=20.5 b=27.1 gap=21.5 (face=3.0mm) n=[278, 191, 261, 266, 88, 72, 57, 161, 55, 55]  tape=0.257km B=10.36T unif=0.942% hoop=109MPa
  [2385] viol   f=   0.365  a=21.2 b=27.8 gap=21.5 (face=3.1mm) n=[280, 179, 239, 260, 135, 50, 51, 155, 50, 65]  tape=0.262km B=9.77T unif=0.785% hoop=108MPa
  [2386] viol   f=   0.310  a=21.0 b=27.5 gap=21.5 (face=3.0mm) n=[280, 193, 252, 248, 116, 50, 51, 155, 52, 51]  tape=0.256km B=9.84T unif=0.956% hoop=106MPa
  [2387] viol   f=   0.474  a=21.3 b=27.9 gap=21.5 (face=3.0mm) n=[275, 188, 255, 267, 72, 73, 59, 130, 50, 66]  tape=0.256km B=9.67T unif=0.487% hoop=106MPa
  [a=21 b=28 nt=1454] KSP converged reason: 4, iterations: 1
  [a=21 b=28 nt=1467] KSP converged reason: 4, iterations: 1
  [a=21 b=28 nt=1515] KSP converged reason: 4, iterations: 1
  [a=21 b=28 nt=1474] KSP converged reason: 4, iterations: 1
  [a=21 b=27 nt=1570] KSP converged reason: 4, iterations: 1
  [a=21 b=28 nt=1441] KSP converged reason: 4, iterations: 1
  [a=21 b=28 nt=1461] KSP converged reason: 4, iterations: 1
  [a=20 b=27 nt=1476] KSP converged reason: 4, iterations: 1
  [a=20 b=27 nt=1523] KSP converged reason: 4, iterations: 1
  [a=20 b=27 nt=1463] KSP converged reason: 4, iterations: 1
  [a=21 b=27 nt=1516] KSP converged reason: 4, iterations: 1
  [2388] OK     f=   0.261  a=21.1 b=27.9 gap=21.5 (face=3.0mm) n=[281, 194, 264, 285, 84, 57, 51, 131, 61, 59]  tape=0.261km B=10.15T unif=0.585% hoop=110MPa
  [2389] viol   f=   0.690  a=20.7 b=27.5 gap=21.5 (face=3.0mm) n=[273, 195, 262, 284, 80, 89, 50, 134, 50, 57]  tape=0.259km B=10.30T unif=1.046% hoop=111MPa
  [2390] viol   f=   0.369  a=20.7 b=27.6 gap=21.5 (face=3.0mm) n=[274, 191, 264, 278, 72, 56, 50, 149, 56, 51]  tape=0.252km B=9.76T unif=0.516% hoop=103MPa
  [2391] OK     f=   0.258  a=20.9 b=27.6 gap=21.5 (face=3.1mm) n=[277, 207, 247, 288, 76, 51, 56, 125, 64, 63]  tape=0.258km B=10.04T unif=0.836% hoop=110MPa
  [2392] OK     f=   0.273  a=21.1 b=27.4 gap=21.5 (face=3.0mm) n=[278, 194, 258, 272, 74, 98, 59, 220, 50, 67]  tape=0.273km B=10.23T unif=0.509% hoop=110MPa
  [2393] OK     f=   0.267  a=20.5 b=27.8 gap=21.5 (face=3.0mm) n=[278, 185, 253, 265, 111, 67, 54, 173, 74, 55]  tape=0.267km B=10.19T unif=0.994% hoop=107MPa
  [2394] viol   f= 209.836  a=20.6 b=27.5 gap=21.5 (face=3.0mm) n=[272, 200, 246, 280, 88, 88, 61, 111, 64, 51]  tape=0.257km B=10.35T unif=2.024% hoop=113MPa
  [2395] viol   f=   0.256  a=20.4 b=26.9 gap=21.5 (face=3.0mm) n=[275, 195, 257, 285, 102, 53, 54, 151, 53, 51]  tape=0.255km B=9.97T unif=0.518% hoop=103MPa
  [2396] OK     f=   0.268  a=20.5 b=27.4 gap=21.5 (face=3.0mm) n=[276, 195, 259, 292, 80, 84, 54, 168, 54, 61]  tape=0.268km B=10.34T unif=0.517% hoop=109MPa
  [2397] viol   f=1357.035  a=20.6 b=26.8 gap=21.6 (face=3.3mm) n=[275, 198, 260, 262, 86, 79, 60, 171, 50, 75]  tape=0.260km B=10.72T unif=3.605% hoop=115MPa
  [2398] viol   f= 129.953  a=20.2 b=26.7 gap=21.5 (face=3.0mm) n=[274, 192, 257, 271, 98, 66, 50, 153, 50, 52]  tape=0.248km B=10.09T unif=1.805% hoop=101MPa
  [a=21 b=27 nt=1494] KSP converged reason: 4, iterations: 1
  [a=21 b=27 nt=1455] KSP converged reason: 4, iterations: 1
  [a=21 b=28 nt=1478] KSP converged reason: 4, iterations: 1
  [a=20 b=28 nt=1409] KSP converged reason: 4, iterations: 1
  [a=21 b=27 nt=1513] KSP converged reason: 4, iterations: 1
  [a=21 b=27 nt=1502] KSP converged reason: 4, iterations: 1
  [a=21 b=27 nt=1471] KSP converged reason: 4, iterations: 1
  [a=21 b=28 nt=1465] KSP converged reason: 4, iterations: 1
  [a=21 b=27 nt=1493] KSP converged reason: 4, iterations: 1
  [a=21 b=27 nt=1497] KSP converged reason: 4, iterations: 1
  [a=21 b=27 nt=1452] KSP converged reason: 4, iterations: 1
  [2399] OK     f=   0.265  a=20.6 b=27.7 gap=21.5 (face=3.0mm) n=[276, 186, 248, 296, 126, 70, 58, 117, 50, 51]  tape=0.265km B=10.02T unif=0.736% hoop=110MPa
  [2400] viol   f=  45.309  a=20.6 b=27.0 gap=21.5 (face=3.0mm) n=[272, 201, 259, 288, 84, 81, 52, 149, 70, 57]  tape=0.264km B=10.58T unif=1.475% hoop=115MPa
  [2401] OK     f=   0.264  a=21.0 b=26.9 gap=21.5 (face=3.1mm) n=[279, 196, 261, 301, 77, 55, 69, 139, 60, 57]  tape=0.264km B=10.14T unif=0.757% hoop=110MPa
  [2402] viol   f=   0.445  a=20.3 b=27.5 gap=21.5 (face=3.0mm) n=[277, 196, 250, 292, 107, 51, 50, 81, 50, 55]  tape=0.249km B=9.69T unif=0.780% hoop=103MPa
  [2403] viol   f=   0.318  a=20.9 b=27.3 gap=21.5 (face=3.0mm) n=[276, 192, 249, 303, 94, 54, 54, 125, 56, 52]  tape=0.261km B=9.83T unif=0.471% hoop=108MPa
  [2404] viol   f= 333.986  a=20.6 b=27.0 gap=21.5 (face=3.0mm) n=[276, 199, 255, 280, 83, 54, 61, 188, 55, 51]  tape=0.258km B=10.44T unif=2.292% hoop=112MPa
  [2405] OK     f=   0.258  a=20.7 b=27.0 gap=21.5 (face=3.0mm) n=[274, 189, 253, 292, 93, 68, 51, 136, 57, 58]  tape=0.258km B=10.06T unif=0.885% hoop=109MPa
  [2406] OK     f=   0.258  a=21.0 b=27.5 gap=21.5 (face=3.0mm) n=[276, 196, 250, 259, 92, 62, 55, 165, 59, 51]  tape=0.258km B=10.07T unif=0.819% hoop=109MPa
  [2407] OK     f=   0.267  a=20.7 b=27.4 gap=21.5 (face=3.0mm) n=[280, 197, 259, 304, 82, 63, 53, 137, 57, 61]  tape=0.267km B=10.16T unif=0.596% hoop=111MPa
  [2408] viol   f= 416.922  a=20.8 b=27.4 gap=21.5 (face=3.1mm) n=[283, 210, 260, 274, 89, 58, 62, 124, 82, 55]  tape=0.262km B=10.46T unif=2.443% hoop=112MPa
  [2409] viol   f= 416.569  a=20.9 b=26.9 gap=21.5 (face=3.0mm) n=[271, 204, 249, 274, 90, 52, 50, 153, 56, 53]  tape=0.250km B=10.12T unif=2.443% hoop=110MPa
  [a=21 b=27 nt=1514] KSP converged reason: 4, iterations: 1
  [a=21 b=27 nt=1440] KSP converged reason: 4, iterations: 1
  [a=21 b=27 nt=1449] KSP converged reason: 4, iterations: 1
  [a=21 b=27 nt=1494] KSP converged reason: 4, iterations: 1
  [a=21 b=27 nt=1490] KSP converged reason: 4, iterations: 1
  [a=21 b=28 nt=1416] KSP converged reason: 4, iterations: 1
  [a=21 b=27 nt=1462] KSP converged reason: 4, iterations: 1
  [a=21 b=27 nt=1457] KSP converged reason: 4, iterations: 1
  [a=21 b=27 nt=1487] KSP converged reason: 4, iterations: 1
  [a=21 b=28 nt=1471] KSP converged reason: 4, iterations: 1
  [a=21 b=27 nt=1484] KSP converged reason: 4, iterations: 1
  [2410] viol   f=  13.212  a=20.9 b=27.2 gap=21.5 (face=3.1mm) n=[271, 198, 258, 281, 99, 55, 66, 116, 53, 52]  tape=0.253km B=9.92T unif=1.254% hoop=106MPa
  [2411] viol   f=   1.887  a=21.1 b=28.2 gap=21.5 (face=3.0mm) n=[278, 188, 256, 273, 100, 50, 51, 118, 51, 51]  tape=0.253km B=9.66T unif=1.084% hoop=104MPa
  [2412] viol   f=   3.163  a=20.8 b=27.0 gap=21.5 (face=3.0mm) n=[279, 188, 262, 280, 97, 53, 64, 147, 59, 61]  tape=0.258km B=10.13T unif=1.121% hoop=107MPa
  [2413] viol   f=   0.341  a=20.8 b=27.1 gap=21.5 (face=3.1mm) n=[276, 191, 237, 273, 105, 51, 58, 147, 51, 51]  tape=0.251km B=9.79T unif=0.955% hoop=106MPa
  [2414] OK     f=   0.265  a=21.1 b=27.4 gap=21.5 (face=3.0mm) n=[275, 189, 267, 281, 88, 78, 56, 163, 66, 51]  tape=0.265km B=10.44T unif=0.638% hoop=115MPa
  [2415] OK     f=   0.262  a=20.9 b=27.3 gap=21.5 (face=3.0mm) n=[279, 192, 259, 282, 106, 64, 67, 139, 50, 56]  tape=0.262km B=10.13T unif=0.709% hoop=107MPa
  [2416] viol   f=   0.292  a=21.1 b=27.0 gap=21.5 (face=3.1mm) n=[273, 183, 253, 287, 91, 50, 67, 147, 50, 61]  tape=0.257km B=9.87T unif=0.408% hoop=109MPa
  [2417] viol   f=   0.261  a=20.8 b=27.2 gap=21.5 (face=3.0mm) n=[277, 197, 255, 308, 86, 53, 57, 121, 50, 53]  tape=0.261km B=9.99T unif=0.404% hoop=110MPa
  [2418] OK     f=   0.259  a=20.6 b=27.4 gap=21.5 (face=3.0mm) n=[279, 196, 254, 266, 93, 54, 66, 171, 54, 54]  tape=0.259km B=10.19T unif=0.798% hoop=109MPa
  [2419] viol   f=   7.436  a=21.0 b=27.9 gap=21.5 (face=3.0mm) n=[280, 200, 247, 253, 94, 72, 57, 160, 58, 50]  tape=0.263km B=10.18T unif=1.189% hoop=112MPa
  [2420] viol   f=   0.264  a=21.0 b=27.2 gap=21.5 (face=3.0mm) n=[272, 194, 253, 283, 111, 53, 67, 143, 50, 58]  tape=0.260km B=9.96T unif=0.759% hoop=108MPa
  [a=21 b=28 nt=1468] KSP converged reason: 4, iterations: 1
  [a=21 b=27 nt=1471] KSP converged reason: 4, iterations: 1
  [a=21 b=28 nt=1498] KSP converged reason: 4, iterations: 1
  [a=21 b=28 nt=1491] KSP converged reason: 4, iterations: 1
  [a=21 b=28 nt=1468] KSP converged reason: 4, iterations: 1
  [a=21 b=27 nt=1458] KSP converged reason: 4, iterations: 1
  [a=21 b=27 nt=1475] KSP converged reason: 4, iterations: 1
  [a=21 b=27 nt=1477] KSP converged reason: 4, iterations: 1
  [a=21 b=28 nt=1468] KSP converged reason: 4, iterations: 1
  [a=21 b=27 nt=1470] KSP converged reason: 4, iterations: 1
  [a=21 b=28 nt=1460] KSP converged reason: 4, iterations: 1
  [2421] OK     f=   0.258  a=20.7 b=27.8 gap=21.5 (face=3.0mm) n=[274, 196, 253, 278, 92, 56, 60, 159, 50, 50]  tape=0.258km B=10.09T unif=0.815% hoop=108MPa
  [2422] OK     f=   0.257  a=20.9 b=27.7 gap=21.5 (face=3.0mm) n=[277, 193, 257, 273, 77, 60, 57, 171, 51, 52]  tape=0.257km B=10.00T unif=0.685% hoop=107MPa
  [2423] viol   f=   0.349  a=20.9 b=27.8 gap=21.5 (face=3.0mm) n=[273, 183, 258, 273, 104, 51, 55, 185, 59, 50]  tape=0.261km B=9.79T unif=0.904% hoop=104MPa
  [2424] viol   f=   0.254  a=20.9 b=26.8 gap=21.5 (face=3.0mm) n=[277, 189, 249, 284, 102, 64, 53, 131, 52, 57]  tape=0.254km B=10.00T unif=0.767% hoop=108MPa
  [2425] OK     f=   0.265  a=21.2 b=27.7 gap=21.5 (face=3.0mm) n=[282, 199, 262, 279, 100, 66, 50, 145, 54, 61]  tape=0.265km B=10.17T unif=0.520% hoop=108MPa
  [2426] OK     f=   0.257  a=20.6 b=27.4 gap=21.5 (face=3.0mm) n=[279, 195, 253, 278, 108, 51, 58, 134, 55, 60]  tape=0.257km B=10.02T unif=0.890% hoop=103MPa
  [2427] OK     f=   0.261  a=20.8 b=27.3 gap=21.5 (face=3.1mm) n=[279, 200, 257, 299, 88, 53, 53, 143, 53, 50]  tape=0.261km B=10.00T unif=0.493% hoop=108MPa
  [2428] OK     f=   0.256  a=20.9 b=27.3 gap=21.5 (face=3.0mm) n=[278, 191, 263, 277, 96, 50, 50, 164, 57, 51]  tape=0.256km B=10.04T unif=0.826% hoop=106MPa
  [2429] viol   f=   0.282  a=21.1 b=27.8 gap=21.5 (face=3.0mm) n=[276, 193, 246, 277, 104, 56, 64, 144, 55, 53]  tape=0.260km B=9.90T unif=0.622% hoop=107MPa
  [2430] viol   f=   0.399  a=20.6 b=27.1 gap=21.5 (face=3.0mm) n=[280, 200, 253, 273, 100, 63, 50, 138, 54, 59]  tape=0.255km B=10.18T unif=1.027% hoop=106MPa
  [2431] OK     f=   0.258  a=21.2 b=27.7 gap=21.5 (face=3.1mm) n=[280, 201, 259, 277, 88, 56, 61, 130, 58, 50]  tape=0.258km B=10.09T unif=0.966% hoop=109MPa
  [a=21 b=27 nt=1499] KSP converged reason: 4, iterations: 1
  [a=21 b=27 nt=1426] KSP converged reason: 4, iterations: 1
  [a=21 b=27 nt=1440] KSP converged reason: 4, iterations: 1
  [a=21 b=27 nt=1466] KSP converged reason: 4, iterations: 1
  [a=21 b=27 nt=1463] KSP converged reason: 4, iterations: 1
  [a=21 b=27 nt=1473] KSP converged reason: 4, iterations: 1
  [a=21 b=27 nt=1479] KSP converged reason: 4, iterations: 1
  [a=21 b=27 nt=1469] KSP converged reason: 4, iterations: 1
  [a=21 b=27 nt=1495] KSP converged reason: 4, iterations: 1
  [a=21 b=27 nt=1463] KSP converged reason: 4, iterations: 1
  [a=21 b=27 nt=1491] KSP converged reason: 4, iterations: 1
  [2432] viol   f=   8.048  a=21.0 b=26.8 gap=21.5 (face=3.0mm) n=[282, 184, 257, 281, 94, 81, 61, 139, 59, 61]  tape=0.260km B=10.40T unif=1.197% hoop=113MPa
  [2433] OK     f=   0.258  a=20.8 b=27.1 gap=21.5 (face=3.0mm) n=[276, 188, 250, 286, 95, 77, 55, 141, 51, 54]  tape=0.258km B=10.15T unif=0.689% hoop=111MPa
  [2434] viol   f=   0.260  a=21.3 b=27.5 gap=21.5 (face=3.0mm) n=[272, 189, 260, 276, 100, 66, 57, 134, 56, 53]  tape=0.258km B=9.97T unif=0.602% hoop=110MPa
  [2435] viol   f=   0.351  a=20.8 b=27.3 gap=21.5 (face=3.0mm) n=[278, 187, 248, 270, 105, 57, 53, 123, 50, 55]  tape=0.250km B=9.78T unif=0.712% hoop=103MPa
  [2436] OK     f=   0.255  a=21.0 b=27.1 gap=21.5 (face=3.1mm) n=[279, 195, 253, 278, 75, 58, 64, 153, 61, 50]  tape=0.255km B=10.02T unif=0.806% hoop=107MPa
  [2437] viol   f=   3.175  a=21.2 b=27.0 gap=21.6 (face=3.1mm) n=[277, 197, 254, 276, 94, 56, 50, 125, 54, 57]  tape=0.250km B=9.97T unif=1.121% hoop=107MPa
  [2438] OK     f=   0.260  a=20.9 b=27.5 gap=21.5 (face=3.0mm) n=[280, 192, 263, 284, 106, 50, 71, 119, 54, 60]  tape=0.260km B=10.00T unif=0.531% hoop=105MPa
  [2439] viol   f=   0.258  a=21.3 b=27.4 gap=21.5 (face=3.0mm) n=[277, 194, 257, 276, 77, 64, 55, 162, 51, 56]  tape=0.258km B=9.99T unif=0.576% hoop=109MPa
  [2440] viol   f=   0.262  a=20.9 b=27.5 gap=21.5 (face=3.0mm) n=[279, 185, 255, 276, 98, 58, 57, 145, 53, 57]  tape=0.257km B=9.95T unif=0.853% hoop=106MPa
  [2441] OK     f=   0.262  a=20.6 b=27.5 gap=21.5 (face=3.0mm) n=[281, 188, 252, 275, 109, 50, 74, 157, 51, 58]  tape=0.262km B=10.02T unif=0.619% hoop=104MPa
  [2442] viol   f=  56.124  a=20.7 b=26.8 gap=21.5 (face=3.1mm) n=[275, 193, 256, 270, 99, 64, 63, 160, 56, 55]  tape=0.256km B=10.30T unif=1.529% hoop=109MPa
  [a=21 b=27 nt=1466] KSP converged reason: 4, iterations: 1
  [a=21 b=27 nt=1483] KSP converged reason: 4, iterations: 1
  [a=21 b=27 nt=1444] KSP converged reason: 4, iterations: 1
  [a=21 b=27 nt=1478] KSP converged reason: 4, iterations: 1
  [a=21 b=27 nt=1461] KSP converged reason: 4, iterations: 1
  [a=21 b=27 nt=1450] KSP converged reason: 4, iterations: 1
  [a=21 b=27 nt=1509] KSP converged reason: 4, iterations: 1
  [a=21 b=27 nt=1495] KSP converged reason: 4, iterations: 1
  [a=21 b=27 nt=1466] KSP converged reason: 4, iterations: 1
  [a=21 b=27 nt=1464] KSP converged reason: 4, iterations: 1
  [a=21 b=28 nt=1493] KSP converged reason: 4, iterations: 1
  [2443] OK     f=   0.253  a=21.0 b=27.3 gap=21.5 (face=3.0mm) n=[276, 193, 247, 280, 80, 59, 57, 152, 50, 50]  tape=0.253km B=10.06T unif=0.571% hoop=111MPa
  [2444] OK     f=   0.251  a=21.1 b=26.7 gap=21.5 (face=3.1mm) n=[276, 197, 255, 282, 77, 56, 50, 137, 59, 61]  tape=0.251km B=10.03T unif=0.956% hoop=109MPa
  [2445] OK     f=   0.260  a=21.1 b=27.3 gap=21.5 (face=3.0mm) n=[280, 198, 269, 291, 81, 55, 51, 145, 56, 52]  tape=0.260km B=10.23T unif=0.588% hoop=111MPa
  [2446] OK     f=   0.255  a=21.1 b=27.2 gap=21.5 (face=3.1mm) n=[277, 196, 248, 278, 79, 62, 51, 147, 69, 54]  tape=0.255km B=10.13T unif=0.678% hoop=111MPa
  [2447] OK     f=   0.257  a=21.0 b=26.8 gap=21.5 (face=3.0mm) n=[278, 192, 248, 282, 74, 74, 63, 165, 54, 53]  tape=0.257km B=10.24T unif=0.895% hoop=112MPa
  [2448] viol   f=   0.257  a=21.2 b=27.2 gap=21.5 (face=3.0mm) n=[276, 192, 254, 270, 98, 59, 61, 146, 50, 60]  tape=0.257km B=10.00T unif=0.694% hoop=110MPa
  [2449] OK     f=   0.269  a=21.4 b=27.2 gap=21.5 (face=3.0mm) n=[280, 189, 253, 291, 88, 66, 67, 134, 72, 69]  tape=0.269km B=10.24T unif=0.881% hoop=115MPa
  [2450] viol   f=   1.574  a=20.9 b=27.0 gap=21.5 (face=3.0mm) n=[282, 192, 245, 280, 98, 67, 71, 139, 60, 61]  tape=0.262km B=10.21T unif=1.081% hoop=110MPa
  [2451] viol   f= 207.052  a=21.3 b=27.2 gap=21.6 (face=3.1mm) n=[282, 204, 257, 249, 83, 50, 68, 172, 50, 51]  tape=0.258km B=10.34T unif=2.017% hoop=115MPa
  [2452] viol   f=   0.289  a=21.4 b=27.7 gap=21.5 (face=3.0mm) n=[277, 195, 253, 281, 72, 75, 61, 149, 72, 58]  tape=0.266km B=9.89T unif=0.716% hoop=109MPa
  [2453] OK     f=   0.256  a=21.1 b=27.4 gap=21.5 (face=3.1mm) n=[274, 190, 256, 274, 97, 63, 56, 143, 61, 50]  tape=0.256km B=10.03T unif=0.803% hoop=109MPa
  [a=21 b=27 nt=1446] KSP converged reason: 4, iterations: 1
  [a=22 b=27 nt=1476] KSP converged reason: 4, iterations: 1
  [a=21 b=27 nt=1437] KSP converged reason: 4, iterations: 1
  [a=21 b=27 nt=1472] KSP converged reason: 4, iterations: 1
  [a=21 b=27 nt=1470] KSP converged reason: 4, iterations: 1
  [a=21 b=27 nt=1454] KSP converged reason: 4, iterations: 1
  [a=21 b=26 nt=1423] KSP converged reason: 4, iterations: 1
  [a=21 b=27 nt=1455] KSP converged reason: 4, iterations: 1
  [a=21 b=27 nt=1491] KSP converged reason: 4, iterations: 1
  [a=21 b=27 nt=1446] KSP converged reason: 4, iterations: 1
  [a=21 b=27 nt=1435] KSP converged reason: 4, iterations: 1
  [2454] viol   f= 409.377  a=21.1 b=27.0 gap=21.5 (face=3.1mm) n=[272, 195, 253, 269, 91, 71, 59, 144, 66, 50]  tape=0.255km B=10.26T unif=2.430% hoop=112MPa
  [2455] viol   f= 543.588  a=21.5 b=27.0 gap=21.6 (face=3.2mm) n=[273, 198, 255, 282, 74, 75, 57, 140, 72, 50]  tape=0.260km B=10.10T unif=2.648% hoop=114MPa
  [2456] viol   f=   0.326  a=21.1 b=27.3 gap=21.5 (face=3.0mm) n=[272, 189, 245, 284, 76, 50, 52, 175, 50, 53]  tape=0.254km B=9.81T unif=0.614% hoop=110MPa
  [2457] viol   f=   1.092  a=21.2 b=27.0 gap=21.5 (face=3.1mm) n=[274, 202, 252, 291, 64, 51, 50, 138, 65, 50]  tape=0.253km B=9.74T unif=1.059% hoop=106MPa
  [2458] OK     f=   0.255  a=21.0 b=27.3 gap=21.5 (face=3.0mm) n=[279, 197, 252, 256, 85, 50, 64, 166, 51, 54]  tape=0.255km B=10.14T unif=0.626% hoop=111MPa
  [2459] viol   f= 296.405  a=21.1 b=26.9 gap=21.6 (face=3.2mm) n=[276, 204, 252, 279, 92, 55, 52, 143, 65, 54]  tape=0.255km B=10.19T unif=2.217% hoop=109MPa
  [2460] viol   f=  15.407  a=21.1 b=26.4 gap=21.5 (face=3.1mm) n=[279, 197, 255, 291, 70, 55, 51, 104, 59, 62]  tape=0.247km B=9.79T unif=1.274% hoop=106MPa
  [2461] viol   f=   0.942  a=21.1 b=26.9 gap=21.5 (face=3.0mm) n=[275, 194, 250, 277, 87, 57, 50, 152, 56, 57]  tape=0.252km B=10.07T unif=1.059% hoop=109MPa
  [2462] OK     f=   0.263  a=20.9 b=26.9 gap=21.5 (face=3.0mm) n=[269, 192, 255, 293, 89, 64, 59, 143, 69, 58]  tape=0.263km B=10.10T unif=0.972% hoop=112MPa
  [2463] viol   f=   0.258  a=21.1 b=27.0 gap=21.5 (face=3.0mm) n=[278, 194, 248, 267, 91, 52, 50, 139, 57, 59]  tape=0.251km B=9.94T unif=0.741% hoop=108MPa
  [2464] OK     f=   0.251  a=20.7 b=27.1 gap=21.5 (face=3.0mm) n=[278, 194, 250, 281, 80, 70, 55, 133, 50, 55]  tape=0.251km B=10.21T unif=0.851% hoop=111MPa
  [a=21 b=27 nt=1462] KSP converged reason: 4, iterations: 1
  [a=21 b=27 nt=1458] KSP converged reason: 4, iterations: 1
  [a=21 b=27 nt=1411] KSP converged reason: 4, iterations: 1
  [a=21 b=26 nt=1448] KSP converged reason: 4, iterations: 1
  [a=21 b=27 nt=1454] KSP converged reason: 4, iterations: 1
  [a=21 b=27 nt=1425] KSP converged reason: 4, iterations: 1
  [a=21 b=27 nt=1461] KSP converged reason: 4, iterations: 1
  [a=21 b=27 nt=1459] KSP converged reason: 4, iterations: 1
  [a=21 b=27 nt=1452] KSP converged reason: 4, iterations: 1
  [a=21 b=27 nt=1440] KSP converged reason: 4, iterations: 1
  [a=21 b=27 nt=1444] KSP converged reason: 4, iterations: 1
  [2465] viol   f=   0.326  a=21.1 b=27.2 gap=21.5 (face=3.0mm) n=[277, 193, 256, 271, 72, 61, 55, 157, 61, 55]  tape=0.254km B=9.81T unif=0.791% hoop=105MPa
  [2466] OK     f=   0.253  a=20.8 b=27.0 gap=21.5 (face=3.0mm) n=[279, 192, 250, 270, 88, 58, 60, 134, 60, 63]  tape=0.253km B=10.06T unif=0.943% hoop=108MPa
  [2467] viol   f=   0.376  a=21.1 b=27.0 gap=21.5 (face=3.0mm) n=[281, 196, 251, 279, 65, 55, 55, 128, 51, 50]  tape=0.245km B=9.74T unif=0.731% hoop=104MPa
  [2468] viol   f=  59.135  a=20.8 b=26.5 gap=21.5 (face=3.1mm) n=[276, 198, 248, 282, 79, 71, 50, 135, 58, 51]  tape=0.249km B=10.23T unif=1.543% hoop=110MPa
  [2469] viol   f=   0.250  a=20.7 b=27.3 gap=21.5 (face=3.0mm) n=[277, 193, 248, 281, 80, 53, 51, 140, 52, 50]  tape=0.249km B=9.98T unif=0.983% hoop=107MPa
  [2470] viol   f=  15.881  a=20.9 b=26.9 gap=21.5 (face=3.0mm) n=[279, 198, 259, 281, 77, 64, 51, 125, 69, 59]  tape=0.253km B=10.08T unif=1.280% hoop=106MPa
  [2471] viol   f=  22.193  a=21.0 b=27.2 gap=21.5 (face=3.0mm) n=[277, 197, 254, 266, 91, 57, 62, 145, 52, 60]  tape=0.255km B=10.15T unif=1.331% hoop=109MPa
  [2472] OK     f=   0.256  a=21.0 b=27.2 gap=21.5 (face=3.0mm) n=[277, 197, 256, 284, 79, 58, 53, 137, 67, 51]  tape=0.256km B=10.09T unif=0.900% hoop=109MPa
  [2473] viol   f= 715.780  a=20.8 b=27.1 gap=21.5 (face=3.1mm) n=[276, 204, 248, 274, 91, 58, 50, 132, 50, 57]  tape=0.249km B=10.18T unif=2.891% hoop=108MPa
  [2474] viol   f=   0.678  a=21.0 b=26.7 gap=21.6 (face=3.1mm) n=[276, 199, 247, 297, 73, 66, 61, 121, 53, 59]  tape=0.256km B=9.97T unif=1.046% hoop=112MPa
  [2475] viol   f=   0.259  a=20.8 b=27.0 gap=21.5 (face=3.0mm) n=[283, 194, 254, 260, 83, 51, 50, 164, 50, 55]  tape=0.251km B=9.94T unif=0.959% hoop=107MPa
  [a=21 b=27 nt=1441] KSP converged reason: 4, iterations: 1
  [a=21 b=27 nt=1456] KSP converged reason: 4, iterations: 1
  [a=21 b=27 nt=1426] KSP converged reason: 4, iterations: 1
  [a=21 b=27 nt=1446] KSP converged reason: 4, iterations: 1
  [a=21 b=27 nt=1425] KSP converged reason: 4, iterations: 1
  [a=21 b=27 nt=1427] KSP converged reason: 4, iterations: 1
  [a=21 b=27 nt=1451] KSP converged reason: 4, iterations: 1
  [a=21 b=27 nt=1451] KSP converged reason: 4, iterations: 1
  [a=21 b=28 nt=1452] KSP converged reason: 4, iterations: 1
  [a=21 b=27 nt=1449] KSP converged reason: 4, iterations: 1
  [a=21 b=27 nt=1460] KSP converged reason: 4, iterations: 1
  [2476] viol   f=   0.250  a=20.7 b=27.2 gap=21.5 (face=3.0mm) n=[278, 193, 247, 285, 80, 58, 53, 131, 51, 50]  tape=0.250km B=9.98T unif=0.722% hoop=109MPa
  [2477] viol   f=   0.296  a=20.9 b=27.4 gap=21.5 (face=3.0mm) n=[275, 187, 254, 267, 88, 56, 50, 150, 50, 50]  tape=0.249km B=9.85T unif=0.820% hoop=106MPa
  [2478] OK     f=   0.254  a=20.9 b=27.0 gap=21.5 (face=3.1mm) n=[274, 192, 248, 280, 92, 70, 51, 127, 71, 51]  tape=0.254km B=10.10T unif=0.893% hoop=110MPa
  [2479] viol   f=9316.109  a=20.8 b=27.0 gap=21.5 (face=3.0mm) n=[276, 195, 250, 284, 81, 56, 50, 133, 59, 57]  tape=0.251km B=3.72T unif=7.796% hoop=400MPa
  [2480] viol   f=   0.289  a=20.7 b=27.3 gap=21.5 (face=3.0mm) n=[278, 191, 255, 265, 80, 58, 50, 143, 53, 52]  tape=0.248km B=9.89T unif=1.009% hoop=105MPa
  [2481] OK     f=   0.253  a=21.0 b=27.2 gap=21.5 (face=3.0mm) n=[282, 199, 252, 266, 83, 50, 54, 156, 50, 54]  tape=0.253km B=10.15T unif=0.891% hoop=111MPa
  [2482] OK     f=   0.254  a=20.9 b=27.2 gap=21.5 (face=3.1mm) n=[280, 191, 244, 278, 81, 51, 50, 154, 69, 53]  tape=0.254km B=10.06T unif=0.745% hoop=109MPa
  [2483] viol   f=   0.302  a=21.2 b=26.8 gap=21.5 (face=3.0mm) n=[278, 198, 258, 266, 67, 51, 50, 162, 61, 60]  tape=0.251km B=9.84T unif=0.873% hoop=105MPa
  [2484] viol   f=  34.024  a=20.9 b=27.5 gap=21.5 (face=3.1mm) n=[275, 199, 254, 282, 81, 60, 52, 138, 59, 52]  tape=0.256km B=10.15T unif=1.411% hoop=112MPa
  [2485] viol   f=   0.261  a=21.1 b=27.2 gap=21.5 (face=3.0mm) n=[281, 192, 255, 261, 79, 58, 62, 159, 61, 52]  tape=0.256km B=9.95T unif=0.919% hoop=107MPa
  [2486] viol   f=   0.656  a=20.9 b=27.1 gap=21.5 (face=3.0mm) n=[277, 194, 248, 270, 76, 51, 68, 157, 54, 54]  tape=0.252km B=9.89T unif=1.044% hoop=105MPa
  [a=21 b=27 nt=1418] KSP converged reason: 4, iterations: 1
  [a=21 b=27 nt=1431] KSP converged reason: 4, iterations: 1
  [a=21 b=27 nt=1453] KSP converged reason: 4, iterations: 1
  [a=21 b=27 nt=1421] KSP converged reason: 4, iterations: 1
  [a=21 b=27 nt=1448] KSP converged reason: 4, iterations: 1
  [a=21 b=27 nt=1421] KSP converged reason: 4, iterations: 1
  [a=21 b=27 nt=1449] KSP converged reason: 4, iterations: 1
  [a=21 b=27 nt=1430] KSP converged reason: 4, iterations: 1
  [a=21 b=27 nt=1434] KSP converged reason: 4, iterations: 1
  [a=21 b=27 nt=1456] KSP converged reason: 4, iterations: 1
  [a=21 b=27 nt=1470] KSP converged reason: 4, iterations: 1
  [2487] viol   f=  34.814  a=20.7 b=27.0 gap=21.5 (face=3.0mm) n=[281, 194, 245, 270, 76, 51, 51, 147, 53, 50]  tape=0.247km B=9.93T unif=1.416% hoop=107MPa
  [2488] OK     f=   0.248  a=21.0 b=27.2 gap=21.5 (face=3.1mm) n=[274, 191, 246, 275, 78, 75, 50, 117, 64, 51]  tape=0.248km B=10.04T unif=0.793% hoop=110MPa
  [2489] viol   f=   0.258  a=20.7 b=27.3 gap=21.5 (face=3.0mm) n=[280, 193, 241, 277, 83, 51, 55, 135, 56, 50]  tape=0.249km B=9.93T unif=0.908% hoop=106MPa
  [2490] viol   f=   0.375  a=20.9 b=27.0 gap=21.5 (face=3.0mm) n=[277, 192, 253, 283, 69, 59, 50, 144, 54, 50]  tape=0.249km B=9.75T unif=0.939% hoop=104MPa
  [2491] viol   f=  15.371  a=21.0 b=26.9 gap=21.5 (face=3.0mm) n=[281, 190, 258, 269, 82, 50, 51, 156, 57, 59]  tape=0.252km B=9.93T unif=1.275% hoop=107MPa
  [2492] OK     f=   0.251  a=20.9 b=27.0 gap=21.5 (face=3.1mm) n=[275, 192, 247, 279, 82, 54, 51, 156, 51, 61]  tape=0.251km B=10.05T unif=0.734% hoop=110MPa
  [2493] viol   f=   7.296  a=20.8 b=27.2 gap=21.5 (face=3.0mm) n=[283, 200, 250, 270, 87, 60, 56, 136, 52, 55]  tape=0.254km B=10.14T unif=1.188% hoop=109MPa
  [2494] OK     f=   0.250  a=20.7 b=27.2 gap=21.5 (face=3.0mm) n=[281, 191, 249, 267, 83, 64, 56, 139, 50, 50]  tape=0.250km B=10.11T unif=0.682% hoop=108MPa
  [2495] viol   f=   5.491  a=21.0 b=27.1 gap=21.5 (face=3.1mm) n=[281, 200, 245, 264, 82, 68, 50, 138, 55, 51]  tape=0.251km B=10.17T unif=1.162% hoop=111MPa
  [2496] viol   f=   0.718  a=20.8 b=27.4 gap=21.5 (face=3.0mm) n=[283, 190, 255, 281, 78, 60, 60, 138, 58, 53]  tape=0.256km B=10.14T unif=1.048% hoop=109MPa
  [2497] viol   f=  24.454  a=20.9 b=27.0 gap=21.5 (face=3.0mm) n=[280, 198, 255, 282, 73, 63, 63, 143, 58, 55]  tape=0.255km B=9.98T unif=1.348% hoop=105MPa
  [a=21 b=27 nt=1414] KSP converged reason: 4, iterations: 1
  [a=21 b=27 nt=1438] KSP converged reason: 4, iterations: 1
  [a=21 b=27 nt=1443] KSP converged reason: 4, iterations: 1
  [a=21 b=27 nt=1455] KSP converged reason: 4, iterations: 1
  [a=21 b=27 nt=1414] KSP converged reason: 4, iterations: 1
  [a=21 b=27 nt=1427] KSP converged reason: 4, iterations: 1
  [a=21 b=28 nt=1449] KSP converged reason: 4, iterations: 1
  [a=21 b=27 nt=1430] KSP converged reason: 4, iterations: 1
  [a=21 b=27 nt=1428] KSP converged reason: 4, iterations: 1
  [a=21 b=27 nt=1406] KSP converged reason: 4, iterations: 1
  [a=21 b=27 nt=1412] KSP converged reason: 4, iterations: 1
  [2498] viol   f=   0.359  a=20.9 b=27.0 gap=21.5 (face=3.1mm) n=[277, 195, 251, 268, 74, 51, 50, 138, 59, 51]  tape=0.245km B=9.76T unif=0.907% hoop=104MPa
  [2499] viol   f=   0.582  a=20.8 b=27.2 gap=21.5 (face=3.0mm) n=[277, 189, 244, 294, 61, 73, 59, 116, 51, 50]  tape=0.251km B=9.59T unif=1.002% hoop=105MPa
  [2500] viol   f=   0.293  a=20.9 b=27.3 gap=21.5 (face=3.1mm) n=[276, 194, 253, 276, 73, 68, 65, 141, 56, 53]  tape=0.254km B=9.86T unif=0.619% hoop=105MPa
  [2501] OK     f=   0.253  a=20.9 b=27.3 gap=21.5 (face=3.0mm) n=[279, 195, 245, 264, 82, 57, 67, 147, 52, 50]  tape=0.253km B=10.09T unif=0.634% hoop=110MPa
  [2502] viol   f=   0.268  a=20.6 b=27.1 gap=21.5 (face=3.0mm) n=[277, 187, 240, 269, 89, 69, 50, 136, 51, 59]  tape=0.249km B=9.90T unif=0.792% hoop=106MPa
  [2503] OK     f=   0.250  a=20.7 b=26.9 gap=21.5 (face=3.1mm) n=[277, 192, 248, 264, 87, 71, 53, 145, 50, 56]  tape=0.250km B=10.13T unif=0.812% hoop=108MPa
  [2504] OK     f=   0.255  a=20.8 b=27.6 gap=21.5 (face=3.0mm) n=[278, 190, 248, 270, 82, 65, 66, 149, 51, 50]  tape=0.255km B=10.18T unif=0.652% hoop=111MPa
  [2505] viol   f=   0.276  a=21.0 b=27.1 gap=21.5 (face=3.0mm) n=[275, 188, 244, 275, 95, 66, 54, 129, 50, 52]  tape=0.249km B=9.88T unif=0.757% hoop=107MPa
  [2506] viol   f=   0.334  a=20.9 b=27.3 gap=21.5 (face=3.1mm) n=[278, 195, 247, 265, 75, 51, 54, 148, 62, 55]  tape=0.251km B=9.80T unif=0.624% hoop=105MPa
  [2507] viol   f=   0.364  a=20.7 b=27.2 gap=21.5 (face=3.1mm) n=[279, 193, 238, 273, 102, 57, 53, 102, 50, 59]  tape=0.246km B=9.76T unif=0.807% hoop=105MPa
  [2508] viol   f=   0.528  a=20.8 b=27.0 gap=21.5 (face=3.0mm) n=[276, 195, 248, 302, 66, 60, 51, 105, 54, 55]  tape=0.251km B=9.63T unif=0.597% hoop=105MPa
  [a=21 b=27 nt=1422] KSP converged reason: 4, iterations: 1
  [a=21 b=28 nt=1432] KSP converged reason: 4, iterations: 1
  [a=21 b=27 nt=1452] KSP converged reason: 4, iterations: 1
  [a=21 b=27 nt=1434] KSP converged reason: 4, iterations: 1
  [a=21 b=27 nt=1423] KSP converged reason: 4, iterations: 1
  [a=21 b=27 nt=1431] KSP converged reason: 4, iterations: 1
  [a=21 b=27 nt=1459] KSP converged reason: 4, iterations: 1
  [a=21 b=27 nt=1466] KSP converged reason: 4, iterations: 1
  [a=21 b=27 nt=1433] KSP converged reason: 4, iterations: 1
  [a=21 b=27 nt=1452] KSP converged reason: 4, iterations: 1
  [a=21 b=27 nt=1446] KSP converged reason: 4, iterations: 1
  [2509] viol   f=   0.258  a=20.9 b=27.3 gap=21.5 (face=3.1mm) n=[279, 190, 243, 269, 88, 66, 56, 130, 58, 55]  tape=0.252km B=9.95T unif=0.785% hoop=108MPa
  [2510] viol   f=   0.270  a=20.7 b=27.5 gap=21.5 (face=3.0mm) n=[273, 191, 243, 263, 98, 61, 53, 146, 54, 50]  tape=0.251km B=9.90T unif=0.846% hoop=107MPa
  [2511] viol   f=   0.391  a=21.0 b=27.0 gap=21.5 (face=3.1mm) n=[274, 190, 246, 259, 78, 61, 58, 151, 53, 53]  tape=0.248km B=9.73T unif=0.771% hoop=105MPa
  [2512] viol   f=   1.329  a=20.9 b=27.2 gap=21.5 (face=3.0mm) n=[281, 192, 247, 262, 85, 76, 59, 143, 52, 55]  tape=0.256km B=10.27T unif=1.073% hoop=113MPa
  [2513] OK     f=   0.251  a=20.9 b=27.4 gap=21.5 (face=3.0mm) n=[277, 195, 245, 270, 81, 76, 52, 130, 53, 52]  tape=0.251km B=10.22T unif=0.921% hoop=112MPa
  [2514] OK     f=   0.249  a=20.9 b=27.2 gap=21.5 (face=3.0mm) n=[279, 194, 245, 271, 81, 65, 54, 129, 54, 50]  tape=0.249km B=10.08T unif=0.752% hoop=109MPa
  [2515] viol   f=  31.790  a=20.7 b=26.8 gap=21.5 (face=3.0mm) n=[277, 188, 251, 266, 86, 82, 52, 145, 53, 59]  tape=0.252km B=10.36T unif=1.397% hoop=112MPa
  [2516] OK     f=   0.256  a=20.9 b=27.3 gap=21.5 (face=3.0mm) n=[278, 193, 246, 278, 75, 69, 67, 155, 50, 55]  tape=0.256km B=10.14T unif=0.842% hoop=110MPa
  [2517] OK     f=   0.253  a=20.7 b=27.3 gap=21.5 (face=3.1mm) n=[276, 196, 244, 268, 79, 69, 51, 157, 53, 59]  tape=0.253km B=10.20T unif=0.850% hoop=111MPa
  [2518] viol   f=  67.251  a=20.7 b=26.9 gap=21.6 (face=3.1mm) n=[279, 195, 241, 261, 109, 60, 56, 126, 52, 54]  tape=0.250km B=9.94T unif=1.579% hoop=105MPa
  [2519] viol   f=  18.043  a=20.7 b=27.1 gap=21.5 (face=3.0mm) n=[273, 190, 239, 263, 92, 85, 52, 137, 52, 63]  tape=0.252km B=10.24T unif=1.298% hoop=113MPa
  [a=21 b=27 nt=1463] KSP converged reason: 4, iterations: 1
  [a=21 b=27 nt=1431] KSP converged reason: 4, iterations: 1
  [a=21 b=27 nt=1431] KSP converged reason: 4, iterations: 1
  [a=21 b=27 nt=1421] KSP converged reason: 4, iterations: 1
  [a=21 b=27 nt=1430] KSP converged reason: 4, iterations: 1
  [a=21 b=28 nt=1437] KSP converged reason: 4, iterations: 1
  [a=21 b=27 nt=1421] KSP converged reason: 4, iterations: 1
  [a=21 b=27 nt=1429] KSP converged reason: 4, iterations: 1
  [a=21 b=28 nt=1449] KSP converged reason: 4, iterations: 1
  [a=21 b=27 nt=1438] KSP converged reason: 4, iterations: 1
  [a=21 b=27 nt=1433] KSP converged reason: 4, iterations: 1
  [2520] OK     f=   0.249  a=20.8 b=27.1 gap=21.5 (face=3.0mm) n=[278, 196, 249, 271, 83, 62, 53, 134, 53, 52]  tape=0.249km B=10.11T unif=0.987% hoop=110MPa
  [2521] viol   f=   0.255  a=20.8 b=27.4 gap=21.5 (face=3.0mm) n=[279, 194, 248, 261, 91, 61, 54, 138, 52, 52]  tape=0.252km B=9.96T unif=0.767% hoop=107MPa
  [2522] viol   f= 101.768  a=20.8 b=27.4 gap=21.5 (face=3.1mm) n=[275, 199, 244, 265, 74, 63, 51, 144, 52, 54]  tape=0.249km B=9.83T unif=1.712% hoop=105MPa
  [2523] OK     f=   0.259  a=21.0 b=27.4 gap=21.5 (face=3.0mm) n=[282, 197, 246, 269, 80, 64, 70, 140, 63, 52]  tape=0.259km B=10.30T unif=0.829% hoop=113MPa
  [2524] viol   f=   0.481  a=20.6 b=27.0 gap=21.5 (face=3.0mm) n=[279, 193, 239, 272, 81, 78, 51, 134, 50, 54]  tape=0.249km B=10.16T unif=1.034% hoop=110MPa
  [2525] OK     f=   0.254  a=20.9 b=27.5 gap=21.5 (face=3.1mm) n=[276, 194, 244, 255, 87, 69, 51, 141, 62, 58]  tape=0.254km B=10.01T unif=0.914% hoop=110MPa
  [2526] viol   f=  13.777  a=20.5 b=27.0 gap=21.5 (face=3.0mm) n=[276, 192, 242, 275, 87, 78, 51, 110, 55, 55]  tape=0.246km B=10.14T unif=1.260% hoop=109MPa
  [2527] viol   f=   0.259  a=20.8 b=27.0 gap=21.5 (face=3.1mm) n=[276, 191, 246, 284, 85, 66, 53, 128, 50, 50]  tape=0.250km B=9.93T unif=0.648% hoop=108MPa
  [2528] OK     f=   0.251  a=21.0 b=27.2 gap=21.5 (face=3.1mm) n=[278, 195, 247, 274, 78, 63, 51, 151, 50, 51]  tape=0.251km B=10.07T unif=0.839% hoop=110MPa
  [2529] viol   f=   0.262  a=21.0 b=27.7 gap=21.5 (face=3.0mm) n=[275, 191, 248, 279, 74, 78, 50, 130, 65, 59]  tape=0.257km B=9.95T unif=0.576% hoop=110MPa
  [2530] viol   f=   0.262  a=20.7 b=27.3 gap=21.5 (face=3.0mm) n=[275, 190, 240, 269, 100, 72, 50, 126, 52, 59]  tape=0.251km B=9.93T unif=0.637% hoop=107MPa
  [a=21 b=27 nt=1459] KSP converged reason: 4, iterations: 1
  [a=21 b=27 nt=1437] KSP converged reason: 4, iterations: 1
  [a=21 b=27 nt=1446] KSP converged reason: 4, iterations: 1
  [a=21 b=27 nt=1440] KSP converged reason: 4, iterations: 1
  [a=21 b=27 nt=1443] KSP converged reason: 4, iterations: 1
  [a=21 b=27 nt=1438] KSP converged reason: 4, iterations: 1
  [a=21 b=27 nt=1425] KSP converged reason: 4, iterations: 1
  [a=21 b=27 nt=1432] KSP converged reason: 4, iterations: 1
  [a=21 b=27 nt=1436] KSP converged reason: 4, iterations: 1
  [a=21 b=27 nt=1451] KSP converged reason: 4, iterations: 1
  [a=21 b=27 nt=1442] KSP converged reason: 4, iterations: 1
  [2531] OK     f=   0.252  a=21.0 b=27.4 gap=21.5 (face=3.0mm) n=[276, 193, 249, 276, 82, 60, 50, 149, 58, 50]  tape=0.252km B=10.08T unif=0.627% hoop=110MPa
  [2532] viol   f=   4.910  a=21.0 b=27.2 gap=21.6 (face=3.1mm) n=[275, 197, 242, 271, 84, 58, 56, 141, 61, 52]  tape=0.251km B=10.14T unif=1.153% hoop=112MPa
  [2533] OK     f=   0.257  a=21.1 b=27.3 gap=21.5 (face=3.1mm) n=[281, 194, 250, 266, 89, 62, 54, 159, 54, 50]  tape=0.257km B=10.09T unif=0.751% hoop=110MPa
  [2534] viol   f=   0.302  a=21.0 b=27.0 gap=21.5 (face=3.1mm) n=[276, 197, 242, 277, 70, 64, 50, 160, 50, 54]  tape=0.250km B=9.84T unif=0.780% hoop=107MPa
  [2535] OK     f=   0.254  a=20.9 b=27.4 gap=21.5 (face=3.0mm) n=[278, 192, 246, 261, 83, 73, 52, 155, 50, 56]  tape=0.254km B=10.20T unif=0.665% hoop=113MPa
  [2536] viol   f=   9.408  a=20.9 b=27.2 gap=21.6 (face=3.1mm) n=[277, 195, 247, 271, 83, 65, 51, 140, 56, 53]  tape=0.251km B=10.09T unif=1.214% hoop=109MPa
  [2537] viol   f=   0.309  a=21.1 b=27.4 gap=21.5 (face=3.1mm) n=[277, 194, 246, 269, 94, 54, 51, 137, 53, 50]  tape=0.250km B=9.83T unif=0.704% hoop=107MPa
  [2538] viol   f=   0.251  a=20.6 b=27.3 gap=21.5 (face=3.1mm) n=[277, 193, 244, 270, 86, 58, 56, 143, 51, 54]  tape=0.250km B=9.98T unif=0.789% hoop=109MPa
  [2539] OK     f=   0.254  a=20.9 b=27.4 gap=21.5 (face=3.0mm) n=[276, 192, 257, 279, 91, 67, 53, 127, 58, 51]  tape=0.254km B=10.04T unif=0.653% hoop=108MPa
  [2540] viol   f=  30.191  a=20.8 b=27.0 gap=21.5 (face=3.1mm) n=[276, 194, 245, 266, 87, 74, 53, 137, 52, 52]  tape=0.250km B=10.23T unif=1.387% hoop=111MPa
  [2541] viol   f=   0.254  a=21.0 b=27.4 gap=21.5 (face=3.0mm) n=[279, 191, 250, 278, 92, 56, 50, 138, 58, 50]  tape=0.253km B=9.98T unif=0.507% hoop=107MPa
  [a=21 b=27 nt=1453] KSP converged reason: 4, iterations: 1
  [a=21 b=27 nt=1440] KSP converged reason: 4, iterations: 1
  [a=21 b=27 nt=1436] KSP converged reason: 4, iterations: 1
  [a=21 b=27 nt=1432] KSP converged reason: 4, iterations: 1
  [a=21 b=27 nt=1462] KSP converged reason: 4, iterations: 1
  [a=21 b=27 nt=1452] KSP converged reason: 4, iterations: 1
  [a=21 b=27 nt=1445] KSP converged reason: 4, iterations: 1
  [a=21 b=27 nt=1437] KSP converged reason: 4, iterations: 1
  [a=21 b=27 nt=1436] KSP converged reason: 4, iterations: 1
  [a=21 b=27 nt=1439] KSP converged reason: 4, iterations: 1
  [a=21 b=27 nt=1425] KSP converged reason: 4, iterations: 1
  [2542] viol   f=   0.257  a=20.8 b=27.5 gap=21.5 (face=3.0mm) n=[281, 197, 251, 270, 74, 70, 59, 150, 57, 53]  tape=0.257km B=9.99T unif=0.823% hoop=108MPa
  [2543] OK     f=   0.253  a=20.8 b=27.2 gap=21.5 (face=3.0mm) n=[277, 194, 246, 274, 86, 61, 58, 149, 56, 52]  tape=0.253km B=10.12T unif=0.656% hoop=109MPa
  [2544] viol   f=   0.276  a=20.7 b=27.3 gap=21.5 (face=3.0mm) n=[276, 194, 250, 279, 70, 70, 57, 136, 50, 50]  tape=0.249km B=9.88T unif=0.786% hoop=106MPa
  [2545] OK     f=   0.249  a=20.8 b=27.1 gap=21.5 (face=3.0mm) n=[277, 194, 249, 273, 80, 53, 50, 158, 51, 55]  tape=0.249km B=10.10T unif=0.974% hoop=108MPa
  [2546] viol   f=   0.285  a=21.1 b=27.5 gap=21.5 (face=3.0mm) n=[280, 189, 251, 263, 81, 65, 54, 164, 50, 55]  tape=0.256km B=9.88T unif=0.882% hoop=107MPa
  [2547] OK     f=   0.249  a=20.7 b=27.2 gap=21.5 (face=3.0mm) n=[277, 189, 251, 276, 85, 65, 50, 141, 51, 51]  tape=0.249km B=10.02T unif=0.853% hoop=107MPa
  [2548] OK     f=   0.252  a=20.8 b=27.1 gap=21.5 (face=3.0mm) n=[278, 192, 247, 267, 85, 67, 52, 145, 59, 53]  tape=0.252km B=10.09T unif=0.711% hoop=109MPa
  [2549] viol   f=   0.251  a=20.8 b=27.4 gap=21.5 (face=3.1mm) n=[275, 192, 245, 266, 86, 66, 50, 152, 51, 54]  tape=0.251km B=9.99T unif=0.973% hoop=109MPa
  [2550] viol   f=   0.250  a=20.6 b=27.1 gap=21.5 (face=3.1mm) n=[276, 194, 240, 279, 90, 63, 56, 134, 54, 50]  tape=0.250km B=9.99T unif=0.679% hoop=107MPa
  [2551] viol   f=  33.037  a=21.0 b=27.3 gap=21.5 (face=3.1mm) n=[279, 199, 248, 270, 83, 50, 58, 145, 57, 50]  tape=0.252km B=10.13T unif=1.405% hoop=110MPa
  [2552] OK     f=   0.248  a=20.8 b=27.2 gap=21.5 (face=3.0mm) n=[277, 193, 253, 272, 84, 57, 51, 138, 50, 50]  tape=0.248km B=10.02T unif=0.509% hoop=107MPa
  [a=21 b=27 nt=1433] KSP converged reason: 4, iterations: 1
  [a=21 b=27 nt=1430] KSP converged reason: 4, iterations: 1
  [a=21 b=27 nt=1434] KSP converged reason: 4, iterations: 1
  [a=21 b=27 nt=1442] KSP converged reason: 4, iterations: 1
  [a=21 b=27 nt=1432] KSP converged reason: 4, iterations: 1
  [a=21 b=27 nt=1433] KSP converged reason: 4, iterations: 1
  [a=21 b=27 nt=1447] KSP converged reason: 4, iterations: 1
  [a=21 b=27 nt=1418] KSP converged reason: 4, iterations: 1
  [a=21 b=27 nt=1439] KSP converged reason: 4, iterations: 1
  [a=21 b=27 nt=1435] KSP converged reason: 4, iterations: 1
  [a=21 b=27 nt=1438] KSP converged reason: 4, iterations: 1
  [2553] OK     f=   0.249  a=20.6 b=27.3 gap=21.5 (face=3.0mm) n=[278, 194, 249, 275, 79, 58, 60, 140, 50, 50]  tape=0.249km B=10.02T unif=0.789% hoop=107MPa
  [2554] OK     f=   0.251  a=20.8 b=27.3 gap=21.5 (face=3.0mm) n=[277, 191, 254, 268, 84, 69, 50, 147, 50, 52]  tape=0.251km B=10.08T unif=0.737% hoop=108MPa
  [2555] viol   f=   2.309  a=20.6 b=27.0 gap=21.5 (face=3.0mm) n=[277, 193, 254, 278, 81, 59, 50, 140, 52, 50]  tape=0.247km B=10.11T unif=1.102% hoop=106MPa
  [2556] OK     f=   0.249  a=20.7 b=27.1 gap=21.5 (face=3.0mm) n=[280, 193, 250, 276, 85, 56, 52, 133, 51, 56]  tape=0.249km B=10.04T unif=0.921% hoop=107MPa
  [2557] OK     f=   0.251  a=20.9 b=27.4 gap=21.5 (face=3.0mm) n=[278, 194, 251, 268, 82, 60, 56, 137, 50, 57]  tape=0.251km B=10.01T unif=0.733% hoop=107MPa
  [2558] viol   f=   0.252  a=20.8 b=27.1 gap=21.5 (face=3.1mm) n=[277, 196, 249, 282, 75, 62, 51, 138, 50, 50]  tape=0.249km B=9.96T unif=0.973% hoop=108MPa
  [2559] OK     f=   0.250  a=20.7 b=27.1 gap=21.5 (face=3.0mm) n=[276, 190, 254, 276, 82, 65, 50, 150, 53, 51]  tape=0.250km B=10.17T unif=0.884% hoop=109MPa
  [2560] viol   f=   2.069  a=20.8 b=27.0 gap=21.5 (face=3.1mm) n=[275, 191, 251, 276, 88, 53, 51, 132, 50, 51]  tape=0.245km B=9.90T unif=1.095% hoop=105MPa
  [2561] OK     f=   0.251  a=20.8 b=27.3 gap=21.5 (face=3.0mm) n=[280, 193, 251, 275, 84, 57, 50, 148, 50, 51]  tape=0.251km B=10.04T unif=0.964% hoop=107MPa
  [2562] viol   f=   0.260  a=20.7 b=27.1 gap=21.5 (face=3.0mm) n=[278, 193, 253, 271, 77, 59, 50, 152, 51, 51]  tape=0.249km B=9.92T unif=0.687% hoop=105MPa
  [2563] viol   f=   0.252  a=20.7 b=27.2 gap=21.5 (face=3.0mm) n=[279, 185, 255, 264, 93, 66, 53, 139, 52, 52]  tape=0.251km B=9.97T unif=0.815% hoop=106MPa
  [a=21 b=27 nt=1413] KSP converged reason: 4, iterations: 1
  [a=21 b=27 nt=1449] KSP converged reason: 4, iterations: 1
  [a=21 b=27 nt=1447] KSP converged reason: 4, iterations: 1
  [a=21 b=27 nt=1441] KSP converged reason: 4, iterations: 1
  [a=21 b=27 nt=1432] KSP converged reason: 4, iterations: 1
  [a=20 b=27 nt=1433] KSP converged reason: 4, iterations: 1
  [a=21 b=27 nt=1441] KSP converged reason: 4, iterations: 1
  [a=21 b=27 nt=1431] KSP converged reason: 4, iterations: 1
  [a=21 b=27 nt=1461] KSP converged reason: 4, iterations: 1
  [a=21 b=27 nt=1447] KSP converged reason: 4, iterations: 1
  [a=21 b=27 nt=1457] KSP converged reason: 4, iterations: 1
  [2564] viol   f=   6.879  a=20.7 b=27.4 gap=21.5 (face=3.0mm) n=[279, 191, 247, 275, 93, 50, 55, 131, 53, 58]  tape=0.251km B=9.87T unif=1.182% hoop=105MPa
  [2565] viol   f=   8.362  a=20.5 b=27.0 gap=21.5 (face=3.0mm) n=[278, 194, 254, 272, 84, 54, 52, 142, 52, 51]  tape=0.247km B=10.10T unif=1.201% hoop=107MPa
  [2566] viol   f=   0.329  a=21.0 b=27.4 gap=21.5 (face=3.0mm) n=[277, 194, 247, 277, 71, 61, 57, 159, 54, 50]  tape=0.253km B=9.80T unif=0.768% hoop=104MPa
  [2567] OK     f=   0.250  a=20.7 b=27.0 gap=21.5 (face=3.0mm) n=[279, 190, 252, 282, 81, 55, 51, 141, 58, 52]  tape=0.250km B=10.03T unif=0.786% hoop=107MPa
  [2568] viol   f=   0.256  a=20.6 b=27.1 gap=21.5 (face=3.0mm) n=[277, 191, 246, 274, 87, 53, 50, 128, 55, 52]  tape=0.245km B=9.93T unif=0.634% hoop=104MPa
  [2569] viol   f=   2.109  a=20.6 b=27.2 gap=21.5 (face=3.0mm) n=[278, 193, 244, 264, 91, 58, 58, 150, 60, 53]  tape=0.253km B=10.03T unif=1.096% hoop=107MPa
  [2570] viol   f=   0.952  a=20.7 b=27.3 gap=21.5 (face=3.0mm) n=[282, 194, 247, 263, 86, 53, 70, 140, 52, 54]  tape=0.254km B=10.10T unif=1.059% hoop=109MPa
  [2571] OK     f=   0.251  a=20.8 b=27.2 gap=21.5 (face=3.0mm) n=[280, 188, 244, 267, 86, 72, 55, 130, 53, 56]  tape=0.251km B=10.08T unif=0.855% hoop=110MPa
  [2572] viol   f=   1.665  a=20.7 b=27.2 gap=21.5 (face=3.0mm) n=[282, 195, 244, 286, 80, 55, 62, 139, 60, 58]  tape=0.256km B=10.18T unif=1.084% hoop=110MPa
  [2573] viol   f=   0.285  a=20.5 b=27.2 gap=21.5 (face=3.0mm) n=[277, 191, 248, 274, 96, 50, 50, 145, 59, 57]  tape=0.251km B=9.92T unif=1.010% hoop=103MPa
  [2574] viol   f=   1.554  a=20.7 b=27.1 gap=21.5 (face=3.0mm) n=[282, 191, 250, 268, 93, 58, 58, 145, 56, 56]  tape=0.255km B=10.10T unif=1.081% hoop=108MPa
  [a=21 b=27 nt=1451] KSP converged reason: 4, iterations: 1
  [a=21 b=27 nt=1441] KSP converged reason: 4, iterations: 1
  [a=21 b=27 nt=1428] KSP converged reason: 4, iterations: 1
  [a=21 b=27 nt=1435] KSP converged reason: 4, iterations: 1
  [a=21 b=27 nt=1447] KSP converged reason: 4, iterations: 1
  [a=21 b=27 nt=1432] KSP converged reason: 4, iterations: 1
  [a=21 b=27 nt=1431] KSP converged reason: 4, iterations: 1
  [a=21 b=27 nt=1428] KSP converged reason: 4, iterations: 1
  [a=21 b=27 nt=1430] KSP converged reason: 4, iterations: 1
  [a=21 b=27 nt=1434] KSP converged reason: 4, iterations: 1
  [a=21 b=27 nt=1440] KSP converged reason: 4, iterations: 1
  [2575] viol   f=   0.252  a=20.8 b=27.0 gap=21.5 (face=3.0mm) n=[278, 191, 252, 274, 88, 54, 54, 129, 54, 54]  tape=0.248km B=9.95T unif=0.919% hoop=106MPa
  [2576] OK     f=   0.250  a=20.9 b=27.2 gap=21.5 (face=3.0mm) n=[280, 190, 248, 272, 82, 59, 51, 149, 50, 51]  tape=0.250km B=10.06T unif=0.747% hoop=109MPa
  [2577] viol   f=   1.242  a=20.7 b=26.9 gap=21.5 (face=3.0mm) n=[279, 190, 253, 275, 81, 54, 50, 137, 59, 57]  tape=0.248km B=10.06T unif=1.070% hoop=107MPa
  [2578] OK     f=   0.254  a=20.7 b=27.3 gap=21.5 (face=3.0mm) n=[279, 193, 248, 274, 86, 55, 60, 144, 59, 53]  tape=0.254km B=10.08T unif=0.687% hoop=107MPa
  [2579] viol   f=   0.251  a=20.7 b=27.2 gap=21.5 (face=3.0mm) n=[278, 192, 249, 280, 76, 58, 51, 149, 58, 50]  tape=0.251km B=9.99T unif=0.650% hoop=107MPa
  [2580] OK     f=   0.252  a=21.0 b=27.1 gap=21.5 (face=3.0mm) n=[281, 191, 256, 275, 87, 56, 54, 146, 51, 50]  tape=0.252km B=10.08T unif=0.861% hoop=108MPa
  [2581] viol   f=   0.252  a=20.6 b=27.1 gap=21.5 (face=3.0mm) n=[281, 190, 247, 268, 87, 53, 54, 145, 53, 53]  tape=0.250km B=9.97T unif=0.912% hoop=106MPa
  [2582] viol   f=  25.146  a=20.8 b=27.1 gap=21.5 (face=3.0mm) n=[281, 191, 254, 268, 89, 50, 55, 137, 53, 50]  tape=0.249km B=9.94T unif=1.353% hoop=106MPa
  [2583] viol   f=  11.808  a=20.7 b=27.1 gap=21.5 (face=3.0mm) n=[279, 193, 249, 280, 83, 60, 50, 134, 51, 51]  tape=0.248km B=10.02T unif=1.240% hoop=106MPa
  [2584] OK     f=   0.250  a=20.9 b=27.2 gap=21.5 (face=3.0mm) n=[277, 191, 248, 274, 83, 62, 51, 142, 50, 56]  tape=0.250km B=10.02T unif=0.729% hoop=108MPa
  [2585] OK     f=   0.251  a=20.6 b=27.2 gap=21.5 (face=3.0mm) n=[278, 187, 249, 270, 81, 68, 54, 148, 55, 50]  tape=0.251km B=10.14T unif=0.532% hoop=108MPa
  [a=21 b=27 nt=1431] KSP converged reason: 4, iterations: 1
  [a=21 b=27 nt=1435] KSP converged reason: 4, iterations: 1
  [a=21 b=27 nt=1434] KSP converged reason: 4, iterations: 1
  [a=21 b=27 nt=1427] KSP converged reason: 4, iterations: 1
  [a=21 b=27 nt=1443] KSP converged reason: 4, iterations: 1
  [a=21 b=27 nt=1428] KSP converged reason: 4, iterations: 1
  [a=21 b=27 nt=1445] KSP converged reason: 4, iterations: 1
  [a=21 b=27 nt=1429] KSP converged reason: 4, iterations: 1
  [a=21 b=27 nt=1428] KSP converged reason: 4, iterations: 1
  [a=21 b=27 nt=1434] KSP converged reason: 4, iterations: 1
  [a=21 b=27 nt=1444] KSP converged reason: 4, iterations: 1
  [2586] OK     f=   0.249  a=20.8 b=27.2 gap=21.5 (face=3.0mm) n=[278, 193, 248, 274, 80, 56, 53, 140, 52, 54]  tape=0.249km B=10.03T unif=0.955% hoop=108MPa
  [2587] viol   f=   0.253  a=20.8 b=27.5 gap=21.5 (face=3.0mm) n=[277, 191, 251, 275, 91, 57, 51, 140, 57, 53]  tape=0.253km B=9.98T unif=0.494% hoop=107MPa
  [2588] viol   f=   0.250  a=20.9 b=27.3 gap=21.5 (face=3.0mm) n=[277, 193, 242, 270, 82, 51, 53, 157, 51, 51]  tape=0.249km B=9.99T unif=0.635% hoop=109MPa
  [2589] OK     f=   0.250  a=20.8 b=27.2 gap=21.5 (face=3.0mm) n=[279, 193, 245, 273, 84, 55, 54, 145, 50, 53]  tape=0.250km B=10.01T unif=0.676% hoop=107MPa
  [2590] viol   f=  31.797  a=20.7 b=27.1 gap=21.5 (face=3.0mm) n=[281, 188, 248, 269, 88, 51, 53, 144, 59, 53]  tape=0.250km B=9.95T unif=1.397% hoop=107MPa
  [2591] OK     f=   0.249  a=20.8 b=27.2 gap=21.5 (face=3.0mm) n=[277, 193, 251, 273, 84, 57, 50, 147, 53, 50]  tape=0.249km B=10.03T unif=0.548% hoop=107MPa
  [2592] OK     f=   0.252  a=20.6 b=27.3 gap=21.5 (face=3.0mm) n=[278, 190, 252, 271, 92, 56, 50, 149, 55, 52]  tape=0.252km B=10.01T unif=0.657% hoop=106MPa
  [2593] viol   f=  14.126  a=20.8 b=27.3 gap=21.5 (face=3.0mm) n=[279, 191, 249, 270, 80, 55, 55, 146, 51, 53]  tape=0.250km B=9.55T unif=1.260% hoop=100MPa
  [2594] viol   f=   0.258  a=20.7 b=27.2 gap=21.5 (face=3.0mm) n=[279, 189, 251, 269, 83, 55, 54, 143, 50, 55]  tape=0.249km B=9.93T unif=0.862% hoop=106MPa
  [2595] viol   f=   0.274  a=20.8 b=26.9 gap=21.5 (face=3.0mm) n=[275, 189, 244, 284, 85, 61, 50, 132, 58, 56]  tape=0.250km B=9.89T unif=0.778% hoop=107MPa
  [2596] viol   f=   0.259  a=20.8 b=27.3 gap=21.5 (face=3.0mm) n=[278, 189, 251, 279, 84, 52, 51, 143, 61, 56]  tape=0.252km B=9.94T unif=0.779% hoop=106MPa
  [a=21 b=27 nt=1426] KSP converged reason: 4, iterations: 1
  [a=21 b=27 nt=1424] KSP converged reason: 4, iterations: 1
  [a=21 b=27 nt=1428] KSP converged reason: 4, iterations: 1
  [a=21 b=27 nt=1439] KSP converged reason: 4, iterations: 1
  [a=21 b=28 nt=1432] KSP converged reason: 4, iterations: 1
  [a=21 b=27 nt=1438] KSP converged reason: 4, iterations: 1
  [a=21 b=27 nt=1435] KSP converged reason: 4, iterations: 1
  [a=21 b=27 nt=1437] KSP converged reason: 4, iterations: 1
  [a=21 b=27 nt=1425] KSP converged reason: 4, iterations: 1
  [a=21 b=27 nt=1421] KSP converged reason: 4, iterations: 1
  [a=21 b=27 nt=1420] KSP converged reason: 4, iterations: 1
  [2597] viol   f=   0.251  a=20.9 b=27.3 gap=21.5 (face=3.0mm) n=[279, 192, 248, 269, 84, 61, 50, 139, 50, 56]  tape=0.250km B=9.98T unif=0.612% hoop=108MPa
  [2598] viol   f=   0.329  a=20.9 b=27.2 gap=21.5 (face=3.0mm) n=[279, 192, 247, 261, 74, 64, 50, 150, 56, 53]  tape=0.250km B=9.80T unif=0.844% hoop=105MPa
  [2599] viol   f=   0.263  a=20.9 b=27.1 gap=21.5 (face=3.0mm) n=[278, 193, 253, 272, 77, 56, 57, 152, 50, 51]  tape=0.250km B=9.92T unif=0.569% hoop=106MPa
  [2600] viol   f=   0.321  a=21.0 b=27.6 gap=21.5 (face=3.0mm) n=[277, 194, 248, 270, 74, 59, 51, 158, 51, 50]  tape=0.251km B=9.81T unif=0.630% hoop=106MPa
  [2601] viol   f=   0.262  a=20.8 b=27.2 gap=21.5 (face=3.0mm) n=[276, 191, 248, 274, 87, 59, 50, 130, 51, 58]  tape=0.248km B=9.92T unif=0.666% hoop=106MPa
  [2602] OK     f=   0.249  a=20.7 b=27.2 gap=21.5 (face=3.0mm) n=[278, 196, 253, 275, 84, 56, 50, 142, 51, 53]  tape=0.249km B=10.05T unif=0.465% hoop=110MPa
  [2603] viol   f=   0.256  a=20.8 b=27.4 gap=21.5 (face=3.0mm) n=[279, 191, 249, 271, 77, 52, 59, 156, 50, 51]  tape=0.251km B=9.95T unif=0.862% hoop=107MPa
  [2604] OK     f=   0.251  a=20.9 b=27.2 gap=21.5 (face=3.0mm) n=[277, 192, 246, 270, 84, 58, 53, 154, 51, 52]  tape=0.251km B=10.03T unif=0.594% hoop=109MPa
  [2605] viol   f=   0.336  a=20.8 b=27.2 gap=21.5 (face=3.0mm) n=[276, 195, 247, 272, 74, 59, 51, 149, 50, 52]  tape=0.247km B=9.79T unif=0.711% hoop=104MPa
  [2606] OK     f=   0.248  a=20.6 b=27.3 gap=21.5 (face=3.0mm) n=[279, 192, 246, 270, 78, 54, 53, 144, 52, 52]  tape=0.248km B=10.02T unif=0.725% hoop=107MPa
  [2607] viol   f=   0.249  a=20.7 b=27.2 gap=21.5 (face=3.0mm) n=[278, 191, 246, 266, 84, 58, 50, 143, 51, 54]  tape=0.248km B=9.98T unif=0.717% hoop=108MPa
  [a=21 b=27 nt=1418] KSP converged reason: 4, iterations: 1
  [a=21 b=27 nt=1436] KSP converged reason: 4, iterations: 1
  [a=21 b=27 nt=1425] KSP converged reason: 4, iterations: 1
  [a=21 b=27 nt=1413] KSP converged reason: 4, iterations: 1
  [a=21 b=27 nt=1439] KSP converged reason: 4, iterations: 1
  [a=21 b=27 nt=1437] KSP converged reason: 4, iterations: 1
  [a=21 b=27 nt=1433] KSP converged reason: 4, iterations: 1
  [a=21 b=27 nt=1417] KSP converged reason: 4, iterations: 1
  [a=21 b=27 nt=1419] KSP converged reason: 4, iterations: 1
  [a=21 b=27 nt=1417] KSP converged reason: 4, iterations: 1
  [a=21 b=27 nt=1413] KSP converged reason: 4, iterations: 1
  [2608] OK     f=   0.252  a=20.7 b=27.3 gap=21.5 (face=3.0mm) n=[281, 191, 252, 265, 83, 58, 57, 147, 51, 52]  tape=0.252km B=10.05T unif=0.890% hoop=107MPa
  [2609] viol   f=   0.278  a=20.8 b=27.3 gap=21.5 (face=3.0mm) n=[281, 191, 246, 259, 84, 54, 53, 147, 53, 50]  tape=0.250km B=9.88T unif=0.935% hoop=107MPa
  [2610] viol   f=  10.215  a=20.8 b=27.2 gap=21.5 (face=3.0mm) n=[281, 195, 247, 267, 84, 52, 57, 150, 53, 50]  tape=0.251km B=10.07T unif=1.223% hoop=111MPa
  [2611] OK     f=   0.248  a=20.7 b=27.2 gap=21.5 (face=3.0mm) n=[279, 194, 249, 275, 77, 59, 50, 138, 50, 54]  tape=0.248km B=10.02T unif=0.842% hoop=106MPa
  [2612] viol   f=  15.112  a=20.8 b=27.1 gap=21.5 (face=3.0mm) n=[279, 191, 245, 270, 81, 53, 51, 137, 50, 56]  tape=0.246km B=9.92T unif=1.273% hoop=107MPa
  [2613] viol   f=   0.262  a=20.9 b=27.4 gap=21.5 (face=3.0mm) n=[278, 197, 251, 272, 77, 56, 55, 150, 53, 50]  tape=0.251km B=9.93T unif=0.642% hoop=108MPa
  [2614] viol   f=   0.251  a=20.7 b=27.4 gap=21.5 (face=3.0mm) n=[279, 190, 246, 267, 84, 57, 58, 150, 51, 51]  tape=0.251km B=9.99T unif=0.838% hoop=107MPa
  [2615] viol   f=   0.261  a=20.7 b=27.0 gap=21.5 (face=3.0mm) n=[278, 191, 245, 272, 85, 59, 51, 132, 52, 52]  tape=0.246km B=9.91T unif=0.988% hoop=106MPa
  [2616] viol   f=   0.247  a=20.7 b=27.2 gap=21.5 (face=3.0mm) n=[279, 194, 245, 269, 79, 50, 51, 144, 52, 56]  tape=0.247km B=9.99T unif=0.750% hoop=109MPa
  [2617] viol   f=   0.252  a=20.6 b=27.1 gap=21.5 (face=3.0mm) n=[279, 190, 247, 267, 87, 60, 50, 136, 50, 51]  tape=0.247km B=9.95T unif=1.001% hoop=106MPa
  [2618] viol   f=   0.255  a=20.8 b=27.2 gap=21.5 (face=3.0mm) n=[278, 193, 248, 267, 85, 51, 50, 141, 50, 50]  tape=0.246km B=9.94T unif=0.686% hoop=106MPa
  [a=21 b=27 nt=1423] KSP converged reason: 4, iterations: 1
  [a=21 b=27 nt=1411] KSP converged reason: 4, iterations: 1
  [a=21 b=27 nt=1424] KSP converged reason: 4, iterations: 1
  [a=21 b=27 nt=1413] KSP converged reason: 4, iterations: 1
  [a=21 b=27 nt=1415] KSP converged reason: 4, iterations: 1
  [a=20 b=27 nt=1433] KSP converged reason: 4, iterations: 1
  [a=21 b=27 nt=1423] KSP converged reason: 4, iterations: 1
  [a=21 b=27 nt=1414] KSP converged reason: 4, iterations: 1
  [a=21 b=27 nt=1419] KSP converged reason: 4, iterations: 1
  [a=20 b=27 nt=1424] KSP converged reason: 4, iterations: 1
  [a=21 b=27 nt=1420] KSP converged reason: 4, iterations: 1
  [2619] OK     f=   0.249  a=20.7 b=27.4 gap=21.5 (face=3.0mm) n=[281, 194, 248, 264, 81, 62, 53, 131, 51, 50]  tape=0.249km B=10.01T unif=0.764% hoop=109MPa
  [2620] viol   f=   2.523  a=20.7 b=27.4 gap=21.5 (face=3.0mm) n=[280, 196, 246, 269, 82, 50, 52, 140, 54, 54]  tape=0.249km B=9.99T unif=1.107% hoop=109MPa
  [2621] OK     f=   0.248  a=20.6 b=27.2 gap=21.5 (face=3.0mm) n=[279, 190, 248, 271, 81, 50, 51, 144, 55, 55]  tape=0.248km B=10.05T unif=0.594% hoop=107MPa
  [2622] viol   f=  18.808  a=20.6 b=27.1 gap=21.5 (face=3.0mm) n=[280, 193, 248, 272, 78, 51, 52, 137, 50, 50]  tape=0.245km B=9.96T unif=1.305% hoop=107MPa
  [2623] viol   f=   1.308  a=20.7 b=27.3 gap=21.5 (face=3.0mm) n=[280, 193, 247, 269, 84, 52, 53, 135, 50, 50]  tape=0.247km B=9.93T unif=1.073% hoop=106MPa
  [2624] viol   f=  95.144  a=20.5 b=27.2 gap=21.5 (face=3.0mm) n=[280, 194, 244, 268, 87, 50, 55, 146, 59, 50]  tape=0.249km B=9.97T unif=1.689% hoop=108MPa
  [2625] viol   f=   5.968  a=20.8 b=27.2 gap=21.5 (face=3.0mm) n=[280, 192, 250, 267, 84, 53, 51, 141, 50, 55]  tape=0.248km B=9.92T unif=1.169% hoop=106MPa
  [2626] viol   f=   0.477  a=20.6 b=27.4 gap=21.5 (face=3.0mm) n=[277, 190, 247, 271, 83, 54, 51, 140, 51, 50]  tape=0.246km B=9.89T unif=1.032% hoop=105MPa
  [2627] viol   f=   0.304  a=20.6 b=27.1 gap=21.5 (face=3.0mm) n=[279, 192, 250, 267, 79, 62, 50, 138, 52, 50]  tape=0.247km B=9.83T unif=0.791% hoop=103MPa
  [2628] viol   f= 208.723  a=20.5 b=27.1 gap=21.5 (face=3.0mm) n=[280, 193, 246, 270, 78, 52, 51, 146, 58, 50]  tape=0.247km B=9.96T unif=2.021% hoop=107MPa
  [2629] viol   f=   0.321  a=20.8 b=27.3 gap=21.5 (face=3.0mm) n=[280, 194, 248, 263, 80, 50, 56, 144, 51, 54]  tape=0.249km B=9.81T unif=0.868% hoop=105MPa
  [a=21 b=27 nt=1414] KSP converged reason: 4, iterations: 1
  [a=21 b=27 nt=1427] KSP converged reason: 4, iterations: 1
  [a=21 b=27 nt=1416] KSP converged reason: 4, iterations: 1
  [a=21 b=27 nt=1416] KSP converged reason: 4, iterations: 1
  [a=21 b=27 nt=1426] KSP converged reason: 4, iterations: 1
  [a=21 b=27 nt=1413] KSP converged reason: 4, iterations: 1
  [a=21 b=27 nt=1406] KSP converged reason: 4, iterations: 1
  [a=21 b=27 nt=1424] KSP converged reason: 4, iterations: 1
  [a=21 b=27 nt=1403] KSP converged reason: 4, iterations: 1
  [a=21 b=27 nt=1415] KSP converged reason: 4, iterations: 1
  [a=20 b=27 nt=1411] KSP converged reason: 4, iterations: 1
  [2630] viol   f=   0.273  a=20.7 b=27.2 gap=21.5 (face=3.0mm) n=[279, 189, 248, 265, 87, 52, 51, 135, 54, 53]  tape=0.247km B=9.89T unif=0.815% hoop=105MPa
  [2631] OK     f=   0.246  a=20.7 b=27.1 gap=21.5 (face=3.0mm) n=[278, 192, 245, 269, 83, 58, 53, 131, 50, 55]  tape=0.246km B=10.00T unif=0.614% hoop=107MPa
  [2632] OK     f=   0.248  a=20.6 b=27.1 gap=21.5 (face=3.0mm) n=[278, 191, 251, 259, 83, 52, 50, 154, 56, 53]  tape=0.248km B=10.04T unif=0.863% hoop=108MPa
  [2633] OK     f=   0.247  a=20.7 b=27.1 gap=21.5 (face=3.0mm) n=[280, 188, 247, 265, 81, 61, 51, 143, 50, 50]  tape=0.247km B=10.00T unif=0.993% hoop=108MPa
  [2634] OK     f=   0.249  a=20.7 b=27.2 gap=21.5 (face=3.0mm) n=[280, 193, 249, 265, 82, 61, 53, 141, 52, 50]  tape=0.249km B=10.01T unif=0.958% hoop=107MPa
  [2635] viol   f=   0.253  a=20.6 b=27.3 gap=21.5 (face=3.0mm) n=[280, 190, 250, 274, 77, 59, 51, 134, 51, 50]  tape=0.247km B=9.95T unif=0.835% hoop=105MPa
  [2636] viol   f=   0.298  a=20.6 b=27.3 gap=21.5 (face=3.0mm) n=[276, 188, 247, 267, 90, 59, 50, 128, 50, 51]  tape=0.245km B=9.84T unif=0.889% hoop=105MPa
  [2637] OK     f=   0.249  a=20.7 b=27.2 gap=21.5 (face=3.0mm) n=[280, 191, 247, 265, 80, 58, 50, 145, 56, 52]  tape=0.249km B=10.07T unif=0.700% hoop=109MPa
  [2638] viol   f=   1.296  a=20.6 b=27.3 gap=21.5 (face=3.0mm) n=[279, 194, 244, 268, 77, 60, 51, 129, 50, 51]  tape=0.245km B=9.99T unif=1.072% hoop=109MPa
  [2639] viol   f=   0.270  a=20.6 b=27.2 gap=21.5 (face=3.0mm) n=[277, 187, 250, 269, 85, 59, 50, 137, 51, 50]  tape=0.246km B=9.89T unif=0.805% hoop=105MPa
  [2640] viol   f=   2.269  a=20.5 b=27.2 gap=21.5 (face=3.0mm) n=[280, 190, 247, 273, 75, 55, 53, 136, 52, 50]  tape=0.246km B=9.89T unif=1.100% hoop=105MPa
  [a=21 b=27 nt=1421] KSP converged reason: 4, iterations: 1
  [a=21 b=27 nt=1421] KSP converged reason: 4, iterations: 1
  [a=21 b=27 nt=1414] KSP converged reason: 4, iterations: 1
  [a=21 b=27 nt=1418] KSP converged reason: 4, iterations: 1
  [a=21 b=27 nt=1423] KSP converged reason: 4, iterations: 1
  [a=21 b=27 nt=1427] KSP converged reason: 4, iterations: 1
  [a=21 b=27 nt=1414] KSP converged reason: 4, iterations: 1
  [a=21 b=27 nt=1412] KSP converged reason: 4, iterations: 1
  [a=21 b=27 nt=1428] KSP converged reason: 4, iterations: 1
  [a=21 b=27 nt=1415] KSP converged reason: 4, iterations: 1
  [a=21 b=27 nt=1414] KSP converged reason: 4, iterations: 1
  [2641] viol   f=   0.252  a=20.7 b=27.1 gap=21.5 (face=3.0mm) n=[278, 194, 245, 273, 77, 50, 54, 140, 55, 52]  tape=0.246km B=9.94T unif=0.900% hoop=107MPa
  [2642] viol   f=   7.985  a=20.5 b=27.0 gap=21.5 (face=3.0mm) n=[281, 192, 249, 265, 80, 59, 53, 135, 50, 57]  tape=0.247km B=9.87T unif=1.196% hoop=103MPa
  [2643] OK     f=   0.249  a=20.8 b=27.1 gap=21.5 (face=3.0mm) n=[277, 193, 243, 264, 81, 59, 52, 147, 54, 57]  tape=0.249km B=10.02T unif=0.794% hoop=108MPa
  [2644] viol   f=   0.253  a=20.6 b=27.4 gap=21.5 (face=3.0mm) n=[277, 190, 248, 269, 85, 52, 52, 140, 51, 50]  tape=0.247km B=9.94T unif=0.607% hoop=106MPa
  [2645] viol   f=   0.261  a=20.7 b=27.1 gap=21.5 (face=3.0mm) n=[279, 193, 246, 265, 85, 56, 51, 139, 53, 56]  tape=0.248km B=9.92T unif=0.659% hoop=106MPa
  [2646] viol   f=   0.252  a=20.6 b=27.1 gap=21.5 (face=3.0mm) n=[278, 188, 247, 259, 85, 61, 52, 141, 58, 52]  tape=0.248km B=9.96T unif=0.790% hoop=107MPa
  [2647] viol   f=   0.252  a=20.6 b=27.0 gap=21.5 (face=3.0mm) n=[278, 190, 251, 269, 84, 58, 50, 129, 50, 53]  tape=0.245km B=9.94T unif=0.984% hoop=105MPa
  [2648] viol   f=   0.701  a=20.6 b=27.1 gap=21.5 (face=3.0mm) n=[280, 187, 250, 264, 81, 61, 53, 138, 50, 50]  tape=0.246km B=9.81T unif=1.044% hoop=103MPa
  [2649] OK     f=   0.248  a=20.7 b=27.2 gap=21.5 (face=3.0mm) n=[278, 191, 247, 270, 78, 57, 55, 147, 55, 50]  tape=0.248km B=10.07T unif=0.607% hoop=108MPa
  [2650] viol   f=  20.920  a=20.5 b=27.1 gap=21.5 (face=3.0mm) n=[278, 192, 244, 265, 82, 56, 50, 144, 50, 54]  tape=0.246km B=10.03T unif=1.322% hoop=107MPa
  [2651] viol   f=   0.266  a=20.6 b=27.1 gap=21.5 (face=3.0mm) n=[280, 189, 246, 264, 87, 59, 52, 134, 50, 53]  tape=0.247km B=9.90T unif=0.953% hoop=105MPa
  [a=21 b=27 nt=1441] KSP converged reason: 4, iterations: 1
  [a=21 b=27 nt=1418] KSP converged reason: 4, iterations: 1
  [a=21 b=27 nt=1449] KSP converged reason: 4, iterations: 1
  [a=21 b=27 nt=1426] KSP converged reason: 4, iterations: 1
  [a=21 b=27 nt=1427] KSP converged reason: 4, iterations: 1
  [a=21 b=27 nt=1416] KSP converged reason: 4, iterations: 1
  [a=21 b=27 nt=1412] KSP converged reason: 4, iterations: 1
  [a=21 b=27 nt=1431] KSP converged reason: 4, iterations: 1
  [a=21 b=27 nt=1417] KSP converged reason: 4, iterations: 1
  [a=21 b=27 nt=1433] KSP converged reason: 4, iterations: 1
  [a=21 b=27 nt=1421] KSP converged reason: 4, iterations: 1
  [2652] viol   f=   0.248  a=20.7 b=27.1 gap=21.5 (face=3.0mm) n=[276, 192, 244, 276, 77, 57, 56, 145, 51, 52]  tape=0.247km B=9.97T unif=0.663% hoop=107MPa
  [2653] viol   f=   0.260  a=20.7 b=27.3 gap=21.5 (face=3.0mm) n=[279, 191, 248, 261, 80, 63, 58, 161, 56, 52]  tape=0.254km B=9.94T unif=0.845% hoop=106MPa
  [2654] OK     f=   0.251  a=20.6 b=27.0 gap=21.5 (face=3.0mm) n=[279, 190, 244, 266, 80, 58, 57, 151, 61, 55]  tape=0.251km B=10.03T unif=0.603% hoop=108MPa
  [2655] viol   f=   0.271  a=20.6 b=27.2 gap=21.5 (face=3.0mm) n=[278, 189, 247, 262, 87, 56, 51, 140, 55, 53]  tape=0.247km B=9.89T unif=0.643% hoop=105MPa
  [2656] viol   f=  11.972  a=20.7 b=27.0 gap=21.5 (face=3.0mm) n=[277, 188, 247, 269, 86, 58, 51, 146, 52, 53]  tape=0.248km B=9.48T unif=1.236% hoop=98MPa
  [2657] viol   f=   2.833  a=20.7 b=27.0 gap=21.5 (face=3.0mm) n=[280, 194, 250, 259, 83, 52, 53, 142, 51, 52]  tape=0.247km B=9.94T unif=1.114% hoop=107MPa
  [2658] viol   f=   0.265  a=20.6 b=26.9 gap=21.5 (face=3.0mm) n=[277, 191, 241, 270, 77, 50, 51, 146, 58, 56]  tape=0.245km B=9.90T unif=0.964% hoop=106MPa
  [2659] viol   f=   0.246  a=20.7 b=27.2 gap=21.5 (face=3.0mm) n=[276, 192, 243, 270, 80, 60, 52, 137, 52, 50]  tape=0.246km B=9.99T unif=0.889% hoop=108MPa
  [2660] viol   f=   0.305  a=20.7 b=27.2 gap=21.5 (face=3.0mm) n=[278, 194, 244, 264, 77, 62, 59, 147, 56, 50]  tape=0.250km B=9.84T unif=0.607% hoop=105MPa
  [2661] viol   f=   0.362  a=20.7 b=27.1 gap=21.5 (face=3.0mm) n=[277, 192, 247, 269, 75, 54, 55, 153, 58, 53]  tape=0.249km B=9.76T unif=0.964% hoop=103MPa
  [2662] OK     f=   0.248  a=20.7 b=27.2 gap=21.5 (face=3.0mm) n=[279, 191, 249, 266, 80, 57, 54, 138, 55, 52]  tape=0.248km B=10.12T unif=0.806% hoop=109MPa
  [a=21 b=27 nt=1419] KSP converged reason: 4, iterations: 1
  [a=21 b=27 nt=1411] KSP converged reason: 4, iterations: 1
  [a=21 b=27 nt=1421] KSP converged reason: 4, iterations: 1
  [a=21 b=27 nt=1427] KSP converged reason: 4, iterations: 1
  [a=21 b=27 nt=1433] KSP converged reason: 4, iterations: 1
  [a=21 b=27 nt=1403] KSP converged reason: 4, iterations: 1
  [a=21 b=27 nt=1429] KSP converged reason: 4, iterations: 1
  [a=21 b=27 nt=1428] KSP converged reason: 4, iterations: 1
  [a=21 b=27 nt=1422] KSP converged reason: 4, iterations: 1
  [a=21 b=27 nt=1415] KSP converged reason: 4, iterations: 1
  [a=21 b=27 nt=1423] KSP converged reason: 4, iterations: 1
  [2663] OK     f=   0.248  a=20.7 b=27.1 gap=21.5 (face=3.0mm) n=[277, 192, 246, 272, 80, 58, 55, 144, 53, 50]  tape=0.248km B=10.09T unif=0.918% hoop=108MPa
  [2664] viol   f=   0.252  a=20.6 b=27.0 gap=21.5 (face=3.0mm) n=[276, 190, 246, 268, 77, 60, 51, 131, 53, 51]  tape=0.243km B=9.93T unif=0.903% hoop=106MPa
  [2665] OK     f=   0.250  a=20.7 b=27.2 gap=21.5 (face=3.0mm) n=[280, 191, 245, 274, 77, 58, 56, 141, 57, 54]  tape=0.250km B=10.03T unif=0.740% hoop=108MPa
  [2666] viol   f=   0.277  a=20.7 b=27.3 gap=21.5 (face=3.0mm) n=[278, 190, 245, 259, 89, 58, 51, 135, 56, 50]  tape=0.247km B=9.88T unif=0.982% hoop=106MPa
  [2667] viol   f=   0.248  a=20.6 b=27.0 gap=21.5 (face=3.0mm) n=[275, 193, 245, 277, 78, 53, 51, 138, 57, 54]  tape=0.246km B=9.96T unif=0.974% hoop=108MPa
  [2668] viol   f=   0.248  a=20.7 b=27.2 gap=21.5 (face=3.0mm) n=[276, 192, 244, 268, 76, 61, 56, 143, 52, 51]  tape=0.247km B=9.97T unif=0.767% hoop=107MPa
  [2669] OK     f=   0.248  a=20.5 b=27.2 gap=21.5 (face=3.0mm) n=[277, 190, 248, 270, 80, 52, 55, 149, 54, 53]  tape=0.248km B=10.05T unif=0.654% hoop=107MPa
  [2670] viol   f=   0.318  a=20.8 b=27.1 gap=21.5 (face=3.0mm) n=[276, 192, 244, 269, 74, 70, 54, 149, 51, 50]  tape=0.249km B=9.81T unif=0.616% hoop=105MPa
  [2671] viol   f=   0.248  a=20.6 b=27.2 gap=21.5 (face=3.0mm) n=[278, 191, 244, 268, 81, 55, 54, 144, 57, 50]  tape=0.248km B=9.98T unif=0.773% hoop=107MPa
  [2672] viol   f=   0.388  a=20.8 b=27.3 gap=21.5 (face=3.0mm) n=[276, 192, 248, 273, 73, 64, 54, 142, 51, 50]  tape=0.248km B=9.74T unif=0.578% hoop=103MPa
  [2673] viol   f=   0.245  a=20.7 b=27.0 gap=21.5 (face=3.0mm) n=[277, 190, 248, 274, 78, 63, 50, 133, 52, 50]  tape=0.245km B=9.99T unif=0.772% hoop=107MPa
  [a=21 b=27 nt=1432] KSP converged reason: 4, iterations: 1
  [a=21 b=27 nt=1424] KSP converged reason: 4, iterations: 1
  [a=21 b=27 nt=1417] KSP converged reason: 4, iterations: 1
  [a=21 b=27 nt=1420] KSP converged reason: 4, iterations: 1
  [a=21 b=27 nt=1426] KSP converged reason: 4, iterations: 1
  [a=21 b=27 nt=1433] KSP converged reason: 4, iterations: 1
  [a=21 b=27 nt=1410] KSP converged reason: 4, iterations: 1
  [a=21 b=27 nt=1419] KSP converged reason: 4, iterations: 1
  [a=21 b=27 nt=1421] KSP converged reason: 4, iterations: 1
  [a=21 b=27 nt=1428] KSP converged reason: 4, iterations: 1
  [a=21 b=27 nt=1424] KSP converged reason: 4, iterations: 1
  [2674] viol   f=   0.248  a=20.8 b=27.1 gap=21.5 (face=3.0mm) n=[276, 190, 249, 273, 77, 62, 51, 146, 50, 50]  tape=0.247km B=9.99T unif=0.731% hoop=108MPa
  [2675] viol   f=   0.268  a=20.6 b=27.0 gap=21.5 (face=3.0mm) n=[276, 191, 246, 279, 75, 58, 50, 141, 51, 50]  tape=0.245km B=9.89T unif=0.680% hoop=105MPa
  [2676] viol   f=   0.256  a=20.6 b=27.2 gap=21.5 (face=3.0mm) n=[274, 190, 247, 275, 82, 55, 51, 144, 52, 50]  tape=0.246km B=9.93T unif=0.729% hoop=106MPa
  [2677] OK     f=   0.248  a=20.7 b=27.0 gap=21.5 (face=3.0mm) n=[278, 191, 245, 270, 81, 62, 56, 139, 53, 51]  tape=0.248km B=10.03T unif=0.974% hoop=108MPa
  [2678] viol   f=   0.248  a=20.7 b=26.8 gap=21.5 (face=3.0mm) n=[278, 190, 246, 280, 77, 59, 51, 138, 57, 56]  tape=0.247km B=9.98T unif=0.872% hoop=106MPa
  [2679] OK     f=   0.248  a=20.6 b=27.1 gap=21.5 (face=3.0mm) n=[277, 190, 249, 275, 81, 59, 53, 143, 56, 50]  tape=0.248km B=10.10T unif=0.810% hoop=108MPa
  [2680] viol   f=   0.352  a=20.6 b=27.0 gap=21.5 (face=3.0mm) n=[276, 188, 247, 279, 71, 70, 53, 124, 50, 52]  tape=0.245km B=9.77T unif=0.658% hoop=103MPa
  [2681] viol   f=   0.264  a=20.7 b=27.1 gap=21.5 (face=3.0mm) n=[276, 188, 248, 275, 75, 60, 54, 139, 54, 50]  tape=0.246km B=9.91T unif=0.846% hoop=106MPa
  [2682] viol   f=   0.259  a=20.6 b=27.1 gap=21.5 (face=3.0mm) n=[278, 192, 248, 275, 75, 56, 53, 141, 50, 53]  tape=0.246km B=9.92T unif=0.880% hoop=105MPa
  [2683] OK     f=   0.248  a=20.7 b=27.3 gap=21.5 (face=3.0mm) n=[277, 193, 247, 274, 77, 61, 56, 141, 52, 50]  tape=0.248km B=10.04T unif=0.880% hoop=107MPa
  [2684] viol   f=   6.389  a=20.6 b=27.0 gap=21.5 (face=3.0mm) n=[278, 191, 245, 274, 74, 59, 53, 137, 59, 54]  tape=0.247km B=9.91T unif=1.175% hoop=105MPa
  [a=21 b=27 nt=1435] KSP converged reason: 4, iterations: 1
  [a=21 b=27 nt=1421] KSP converged reason: 4, iterations: 1
  [a=21 b=27 nt=1429] KSP converged reason: 4, iterations: 1
  [a=21 b=27 nt=1434] KSP converged reason: 4, iterations: 1
  [a=21 b=27 nt=1419] KSP converged reason: 4, iterations: 1
  [a=21 b=27 nt=1428] KSP converged reason: 4, iterations: 1
  [a=21 b=27 nt=1434] KSP converged reason: 4, iterations: 1
  [a=21 b=27 nt=1431] KSP converged reason: 4, iterations: 1
  [a=21 b=27 nt=1426] KSP converged reason: 4, iterations: 1
  [a=21 b=27 nt=1422] KSP converged reason: 4, iterations: 1
  [a=21 b=27 nt=1423] KSP converged reason: 4, iterations: 1
  [2685] OK     f=   0.246  a=20.7 b=27.0 gap=21.5 (face=3.0mm) n=[276, 191, 250, 267, 81, 65, 50, 139, 50, 50]  tape=0.246km B=10.04T unif=0.786% hoop=108MPa
  [2686] viol   f=   0.246  a=20.7 b=27.0 gap=21.5 (face=3.0mm) n=[276, 191, 243, 272, 78, 56, 53, 149, 50, 53]  tape=0.246km B=9.98T unif=0.803% hoop=108MPa
  [2687] OK     f=   0.249  a=20.7 b=27.2 gap=21.5 (face=3.0mm) n=[276, 191, 250, 273, 79, 58, 52, 153, 53, 50]  tape=0.249km B=10.06T unif=0.770% hoop=108MPa
  [2688] OK     f=   0.249  a=20.8 b=27.1 gap=21.5 (face=3.0mm) n=[277, 193, 250, 276, 76, 59, 55, 147, 50, 51]  tape=0.249km B=10.04T unif=0.747% hoop=107MPa
  [2689] OK     f=   0.247  a=20.7 b=27.0 gap=21.5 (face=3.0mm) n=[275, 192, 248, 272, 77, 61, 52, 149, 53, 50]  tape=0.247km B=10.05T unif=0.937% hoop=108MPa
  [2690] viol   f=   0.284  a=20.7 b=27.0 gap=21.5 (face=3.0mm) n=[279, 190, 249, 273, 75, 64, 54, 143, 50, 51]  tape=0.248km B=9.87T unif=0.825% hoop=104MPa
  [2691] OK     f=   0.248  a=20.6 b=27.1 gap=21.5 (face=3.0mm) n=[276, 187, 249, 273, 78, 65, 50, 143, 58, 52]  tape=0.248km B=10.04T unif=0.917% hoop=107MPa
  [2692] OK     f=   0.250  a=20.7 b=27.1 gap=21.5 (face=3.0mm) n=[279, 189, 246, 272, 82, 57, 58, 146, 53, 52]  tape=0.250km B=10.06T unif=0.879% hoop=108MPa
  [2693] viol   f=   3.359  a=20.7 b=27.1 gap=21.5 (face=3.0mm) n=[279, 191, 248, 272, 79, 60, 51, 141, 51, 50]  tape=0.247km B=10.02T unif=1.125% hoop=107MPa
  [2694] viol   f=   0.366  a=20.8 b=27.1 gap=21.5 (face=3.0mm) n=[276, 193, 247, 280, 67, 64, 57, 140, 50, 52]  tape=0.248km B=9.76T unif=0.707% hoop=104MPa
  [2695] viol   f=   0.248  a=20.7 b=27.2 gap=21.5 (face=3.0mm) n=[277, 192, 244, 273, 81, 63, 57, 134, 50, 52]  tape=0.248km B=9.99T unif=0.984% hoop=107MPa
  [a=21 b=27 nt=1421] KSP converged reason: 4, iterations: 1
  [a=21 b=27 nt=1419] KSP converged reason: 4, iterations: 1
  [a=21 b=27 nt=1426] KSP converged reason: 4, iterations: 1
  [a=21 b=27 nt=1415] KSP converged reason: 4, iterations: 1
  [a=21 b=27 nt=1417] KSP converged reason: 4, iterations: 1
  [a=21 b=27 nt=1418] KSP converged reason: 4, iterations: 1
  [a=21 b=27 nt=1422] KSP converged reason: 4, iterations: 1
  [a=21 b=27 nt=1419] KSP converged reason: 4, iterations: 1
  [a=21 b=27 nt=1420] KSP converged reason: 4, iterations: 1
  [a=21 b=27 nt=1422] KSP converged reason: 4, iterations: 1
  [a=21 b=27 nt=1428] KSP converged reason: 4, iterations: 1
  [2696] OK     f=   0.246  a=20.7 b=27.0 gap=21.5 (face=3.0mm) n=[276, 192, 245, 270, 81, 57, 51, 144, 51, 52]  tape=0.246km B=10.03T unif=0.927% hoop=107MPa
  [2697] OK     f=   0.246  a=20.6 b=27.2 gap=21.5 (face=3.0mm) n=[276, 192, 244, 273, 82, 55, 53, 140, 52, 51]  tape=0.246km B=10.00T unif=0.607% hoop=107MPa
  [2698] viol   f=   0.250  a=20.6 b=27.0 gap=21.5 (face=3.0mm) n=[276, 189, 245, 272, 78, 59, 52, 142, 51, 51]  tape=0.245km B=9.95T unif=0.751% hoop=106MPa
  [2699] OK     f=   0.247  a=20.7 b=27.1 gap=21.5 (face=3.0mm) n=[275, 190, 248, 269, 81, 60, 50, 149, 54, 50]  tape=0.247km B=10.03T unif=0.879% hoop=108MPa
  [2700] OK     f=   0.245  a=20.7 b=27.0 gap=21.5 (face=3.0mm) n=[275, 191, 243, 274, 79, 56, 51, 147, 51, 54]  tape=0.245km B=10.00T unif=0.660% hoop=107MPa
  [2701] viol   f=   0.252  a=20.7 b=26.8 gap=21.5 (face=3.0mm) n=[276, 193, 248, 272, 76, 58, 50, 139, 51, 54]  tape=0.244km B=9.94T unif=0.931% hoop=105MPa
  [2702] OK     f=   0.247  a=20.8 b=27.0 gap=21.5 (face=3.0mm) n=[277, 193, 245, 267, 78, 62, 54, 142, 51, 53]  tape=0.247km B=10.04T unif=0.747% hoop=108MPa
  [2703] OK     f=   0.246  a=20.8 b=27.1 gap=21.5 (face=3.0mm) n=[276, 189, 248, 272, 82, 63, 50, 139, 50, 50]  tape=0.246km B=10.03T unif=0.697% hoop=108MPa
  [2704] viol   f=   0.364  a=20.8 b=27.0 gap=21.5 (face=3.0mm) n=[277, 189, 249, 269, 75, 66, 51, 144, 50, 50]  tape=0.246km B=9.76T unif=0.788% hoop=103MPa
  [2705] viol   f=   0.299  a=20.7 b=27.0 gap=21.5 (face=3.0mm) n=[277, 191, 249, 267, 74, 63, 51, 146, 54, 50]  tape=0.246km B=9.84T unif=0.693% hoop=104MPa
  [2706] OK     f=   0.246  a=20.6 b=26.9 gap=21.5 (face=3.0mm) n=[276, 192, 248, 269, 79, 59, 54, 147, 54, 50]  tape=0.246km B=10.08T unif=0.824% hoop=108MPa
  [a=21 b=27 nt=1414] KSP converged reason: 4, iterations: 1
  [a=21 b=27 nt=1433] KSP converged reason: 4, iterations: 1
  [a=21 b=27 nt=1415] KSP converged reason: 4, iterations: 1
  [a=21 b=27 nt=1428] KSP converged reason: 4, iterations: 1
  [a=21 b=27 nt=1419] KSP converged reason: 4, iterations: 1
  [a=21 b=27 nt=1420] KSP converged reason: 4, iterations: 1
  [a=21 b=27 nt=1411] KSP converged reason: 4, iterations: 1
  [a=21 b=27 nt=1419] KSP converged reason: 4, iterations: 1
  [a=21 b=27 nt=1415] KSP converged reason: 4, iterations: 1
  [a=21 b=27 nt=1415] KSP converged reason: 4, iterations: 1
  [a=21 b=27 nt=1410] KSP converged reason: 4, iterations: 1
  [2707] OK     f=   0.249  a=20.7 b=27.0 gap=21.5 (face=3.0mm) n=[275, 190, 243, 279, 79, 58, 50, 151, 56, 52]  tape=0.249km B=10.03T unif=0.828% hoop=109MPa
  [2708] viol   f=   0.248  a=20.7 b=27.1 gap=21.5 (face=3.0mm) n=[277, 190, 247, 280, 78, 56, 50, 142, 55, 53]  tape=0.248km B=9.99T unif=0.666% hoop=107MPa
  [2709] viol   f=   0.246  a=20.7 b=27.1 gap=21.5 (face=3.0mm) n=[276, 190, 247, 267, 81, 60, 50, 143, 50, 51]  tape=0.245km B=9.98T unif=0.861% hoop=107MPa
  [2710] viol   f=   0.246  a=20.7 b=27.0 gap=21.5 (face=3.0mm) n=[274, 189, 242, 275, 79, 66, 51, 137, 51, 50]  tape=0.245km B=9.98T unif=0.826% hoop=108MPa
  [2711] OK     f=   0.246  a=20.7 b=27.1 gap=21.5 (face=3.0mm) n=[276, 191, 243, 270, 82, 59, 51, 143, 53, 51]  tape=0.246km B=10.04T unif=0.663% hoop=108MPa
  [2712] OK     f=   0.245  a=20.7 b=27.0 gap=21.5 (face=3.0mm) n=[276, 192, 245, 268, 81, 58, 50, 150, 50, 50]  tape=0.245km B=10.02T unif=0.790% hoop=107MPa
  [2713] viol   f=   0.259  a=20.7 b=27.0 gap=21.5 (face=3.0mm) n=[276, 189, 248, 269, 83, 52, 50, 144, 50, 50]  tape=0.244km B=9.91T unif=0.708% hoop=106MPa
  [2714] OK     f=   0.246  a=20.7 b=27.0 gap=21.5 (face=3.0mm) n=[275, 189, 242, 271, 79, 60, 54, 147, 51, 51]  tape=0.246km B=10.02T unif=0.906% hoop=108MPa
  [2715] viol   f=   0.255  a=20.7 b=27.0 gap=21.5 (face=3.0mm) n=[276, 191, 243, 269, 85, 55, 51, 144, 50, 51]  tape=0.245km B=9.93T unif=0.837% hoop=106MPa
  [2716] OK     f=   0.245  a=20.6 b=27.2 gap=21.5 (face=3.0mm) n=[275, 192, 245, 271, 81, 54, 50, 145, 52, 50]  tape=0.245km B=10.04T unif=0.748% hoop=108MPa
  [2717] viol   f=   0.249  a=20.8 b=27.1 gap=21.5 (face=3.0mm) n=[276, 191, 246, 274, 79, 56, 51, 135, 51, 51]  tape=0.244km B=9.95T unif=0.739% hoop=107MPa
  [a=21 b=27 nt=1420] KSP converged reason: 4, iterations: 1
  [a=21 b=27 nt=1416] KSP converged reason: 4, iterations: 1
  [a=21 b=27 nt=1411] KSP converged reason: 4, iterations: 1
  [a=21 b=27 nt=1419] KSP converged reason: 4, iterations: 1
  [a=21 b=27 nt=1416] KSP converged reason: 4, iterations: 1
  [a=21 b=27 nt=1411] KSP converged reason: 4, iterations: 1
  [a=21 b=27 nt=1418] KSP converged reason: 4, iterations: 1
  [a=21 b=27 nt=1430] KSP converged reason: 4, iterations: 1
  [a=21 b=27 nt=1416] KSP converged reason: 4, iterations: 1
  [a=21 b=27 nt=1427] KSP converged reason: 4, iterations: 1
  [a=21 b=27 nt=1423] KSP converged reason: 4, iterations: 1
  [2718] viol   f=   0.252  a=20.6 b=27.2 gap=21.5 (face=3.0mm) n=[276, 190, 246, 271, 81, 56, 51, 141, 54, 54]  tape=0.247km B=9.95T unif=0.902% hoop=107MPa
  [2719] viol   f=   0.245  a=20.7 b=27.0 gap=21.5 (face=3.0mm) n=[276, 192, 247, 272, 78, 56, 50, 145, 50, 50]  tape=0.245km B=9.98T unif=0.835% hoop=106MPa
  [2720] viol   f=   0.270  a=20.6 b=27.1 gap=21.5 (face=3.0mm) n=[274, 188, 246, 269, 87, 53, 50, 145, 55, 52]  tape=0.245km B=9.89T unif=0.826% hoop=105MPa
  [2721] viol   f=   0.253  a=20.6 b=27.0 gap=21.5 (face=3.0mm) n=[274, 191, 244, 274, 81, 52, 50, 141, 53, 51]  tape=0.243km B=9.93T unif=0.690% hoop=105MPa
  [2722] viol   f=   0.246  a=20.6 b=27.1 gap=21.5 (face=3.0mm) n=[276, 193, 243, 267, 78, 59, 50, 145, 50, 50]  tape=0.244km B=9.98T unif=0.899% hoop=108MPa
  [2723] OK     f=   0.245  a=20.6 b=27.1 gap=21.5 (face=3.0mm) n=[275, 191, 243, 267, 77, 60, 52, 149, 52, 50]  tape=0.245km B=10.01T unif=0.700% hoop=107MPa
  [2724] OK     f=   0.246  a=20.7 b=26.8 gap=21.5 (face=3.0mm) n=[276, 192, 244, 272, 77, 59, 52, 150, 53, 55]  tape=0.246km B=10.03T unif=0.686% hoop=107MPa
  [2725] viol   f=   0.245  a=20.6 b=27.0 gap=21.5 (face=3.0mm) n=[275, 192, 244, 262, 82, 61, 52, 147, 50, 51]  tape=0.245km B=9.98T unif=0.769% hoop=107MPa
  [2726] OK     f=   0.246  a=20.7 b=27.1 gap=21.5 (face=3.0mm) n=[276, 195, 244, 269, 79, 58, 50, 147, 50, 50]  tape=0.246km B=10.06T unif=0.982% hoop=108MPa
  [2727] OK     f=   0.247  a=20.7 b=27.1 gap=21.5 (face=3.0mm) n=[275, 191, 246, 269, 82, 61, 52, 145, 50, 52]  tape=0.247km B=10.04T unif=0.656% hoop=107MPa
  [2728] OK     f=   0.247  a=20.7 b=27.1 gap=21.5 (face=3.0mm) n=[276, 193, 247, 272, 82, 58, 51, 148, 50, 50]  tape=0.247km B=10.06T unif=0.664% hoop=108MPa
  [a=21 b=27 nt=1421] KSP converged reason: 4, iterations: 1
  [a=21 b=27 nt=1407] KSP converged reason: 4, iterations: 1
  [a=21 b=27 nt=1420] KSP converged reason: 4, iterations: 1
  [a=21 b=27 nt=1418] KSP converged reason: 4, iterations: 1
  [a=21 b=27 nt=1417] KSP converged reason: 4, iterations: 1
  [a=21 b=27 nt=1420] KSP converged reason: 4, iterations: 1
  [a=21 b=27 nt=1417] KSP converged reason: 4, iterations: 1
  [a=21 b=27 nt=1410] KSP converged reason: 4, iterations: 1
  [a=21 b=27 nt=1416] KSP converged reason: 4, iterations: 1
  [a=21 b=27 nt=1414] KSP converged reason: 4, iterations: 1
  [a=21 b=27 nt=1400] KSP converged reason: 4, iterations: 1
  [2729] OK     f=   0.245  a=20.6 b=27.0 gap=21.5 (face=3.0mm) n=[275, 193, 246, 264, 81, 59, 50, 150, 51, 51]  tape=0.245km B=10.03T unif=0.939% hoop=107MPa
  [2730] viol   f=   0.259  a=20.6 b=27.0 gap=21.5 (face=3.0mm) n=[275, 189, 247, 262, 85, 60, 52, 149, 51, 51]  tape=0.246km B=9.92T unif=0.863% hoop=106MPa
  [2731] viol   f=   0.246  a=20.7 b=27.1 gap=21.5 (face=3.0mm) n=[274, 189, 244, 265, 81, 61, 50, 155, 51, 50]  tape=0.246km B=9.99T unif=0.871% hoop=108MPa
  [2732] viol   f=   0.244  a=20.5 b=27.0 gap=21.5 (face=3.0mm) n=[276, 189, 247, 266, 79, 57, 50, 143, 50, 50]  tape=0.243km B=9.98T unif=0.840% hoop=107MPa
  [2733] viol   f=   0.248  a=20.6 b=27.0 gap=21.5 (face=3.0mm) n=[274, 191, 244, 269, 77, 59, 53, 147, 51, 52]  tape=0.245km B=9.96T unif=0.745% hoop=106MPa
  [2734] viol   f=   0.257  a=20.6 b=26.9 gap=21.5 (face=3.0mm) n=[275, 195, 240, 271, 75, 55, 54, 150, 52, 51]  tape=0.244km B=9.92T unif=0.760% hoop=107MPa
  [2735] viol   f=   0.245  a=20.7 b=27.0 gap=21.5 (face=3.0mm) n=[274, 191, 244, 270, 83, 60, 51, 141, 50, 53]  tape=0.245km B=9.99T unif=0.758% hoop=107MPa
  [2736] viol   f=   0.474  a=20.7 b=27.1 gap=21.5 (face=3.0mm) n=[276, 192, 242, 264, 71, 62, 53, 150, 50, 50]  tape=0.245km B=9.66T unif=0.663% hoop=103MPa
  [2737] viol   f=   0.460  a=20.6 b=27.1 gap=21.5 (face=3.0mm) n=[275, 188, 242, 265, 74, 61, 50, 144, 50, 51]  tape=0.243km B=9.67T unif=0.926% hoop=103MPa
  [2738] viol   f=  37.137  a=20.6 b=27.0 gap=21.5 (face=3.0mm) n=[277, 192, 244, 266, 79, 59, 55, 144, 50, 50]  tape=0.245km B=10.06T unif=1.429% hoop=109MPa
  [2739] OK     f=   0.246  a=20.6 b=27.1 gap=21.5 (face=3.0mm) n=[278, 195, 241, 265, 76, 62, 55, 142, 50, 50]  tape=0.246km B=10.02T unif=0.680% hoop=107MPa
  [a=21 b=27 nt=1413] KSP converged reason: 4, iterations: 1
  [a=21 b=27 nt=1417] KSP converged reason: 4, iterations: 1
  [a=21 b=27 nt=1418] KSP converged reason: 4, iterations: 1
  [a=21 b=27 nt=1405] KSP converged reason: 4, iterations: 1
  [a=21 b=27 nt=1415] KSP converged reason: 4, iterations: 1
  [a=21 b=27 nt=1418] KSP converged reason: 4, iterations: 1
  [a=21 b=27 nt=1428] KSP converged reason: 4, iterations: 1
  [a=21 b=27 nt=1408] KSP converged reason: 4, iterations: 1
  [a=21 b=27 nt=1411] KSP converged reason: 4, iterations: 1
  [a=21 b=27 nt=1420] KSP converged reason: 4, iterations: 1
  [a=21 b=27 nt=1406] KSP converged reason: 4, iterations: 1
  [2740] viol   f=  16.645  a=20.6 b=26.9 gap=21.5 (face=3.0mm) n=[275, 193, 246, 270, 83, 54, 50, 138, 51, 55]  tape=0.244km B=9.97T unif=1.286% hoop=107MPa
  [2741] viol   f=   0.337  a=20.6 b=27.1 gap=21.5 (face=3.0mm) n=[275, 188, 246, 268, 85, 55, 50, 144, 51, 51]  tape=0.245km B=9.78T unif=0.923% hoop=103MPa
  [2742] viol   f=   1.678  a=20.6 b=26.9 gap=21.5 (face=3.0mm) n=[274, 192, 248, 275, 80, 58, 50, 140, 50, 51]  tape=0.244km B=10.05T unif=1.085% hoop=107MPa
  [2743] OK     f=   0.245  a=20.7 b=27.0 gap=21.5 (face=3.0mm) n=[275, 190, 247, 268, 82, 59, 50, 145, 50, 52]  tape=0.245km B=10.03T unif=0.912% hoop=108MPa
  [2744] viol   f=   0.248  a=20.6 b=27.1 gap=21.5 (face=3.0mm) n=[275, 190, 244, 267, 76, 62, 50, 150, 52, 51]  tape=0.246km B=9.97T unif=0.883% hoop=107MPa
  [2745] viol   f=   0.246  a=20.6 b=27.1 gap=21.5 (face=3.0mm) n=[275, 192, 240, 267, 79, 55, 50, 144, 50, 53]  tape=0.244km B=9.96T unif=0.650% hoop=108MPa
  [2746] OK     f=   0.247  a=20.6 b=27.1 gap=21.5 (face=3.0mm) n=[276, 191, 249, 271, 83, 63, 54, 140, 50, 51]  tape=0.247km B=10.02T unif=0.570% hoop=106MPa
  [2747] viol   f=   0.357  a=20.6 b=27.0 gap=21.5 (face=3.0mm) n=[274, 188, 246, 260, 78, 67, 50, 144, 51, 50]  tape=0.244km B=9.76T unif=0.730% hoop=104MPa
  [2748] viol   f=   0.272  a=20.5 b=27.0 gap=21.5 (face=3.0mm) n=[275, 189, 243, 268, 86, 58, 51, 140, 51, 50]  tape=0.244km B=9.88T unif=0.660% hoop=105MPa
  [2749] viol   f=   0.247  a=20.6 b=27.0 gap=21.5 (face=3.0mm) n=[276, 190, 248, 267, 81, 56, 51, 147, 51, 53]  tape=0.246km B=9.98T unif=0.868% hoop=106MPa
  [2750] viol   f=   0.251  a=20.6 b=27.2 gap=21.5 (face=3.0mm) n=[277, 192, 244, 266, 78, 54, 55, 140, 50, 50]  tape=0.245km B=9.94T unif=0.701% hoop=107MPa
  [a=21 b=27 nt=1420] KSP converged reason: 4, iterations: 1
  [a=21 b=27 nt=1423] KSP converged reason: 4, iterations: 1
  [a=21 b=27 nt=1418] KSP converged reason: 4, iterations: 1
  [a=21 b=27 nt=1412] KSP converged reason: 4, iterations: 1
  [a=21 b=27 nt=1417] KSP converged reason: 4, iterations: 1
  [a=21 b=27 nt=1417] KSP converged reason: 4, iterations: 1
  [a=21 b=27 nt=1423] KSP converged reason: 4, iterations: 1
  [a=21 b=27 nt=1425] KSP converged reason: 4, iterations: 1
  [a=21 b=27 nt=1415] KSP converged reason: 4, iterations: 1
  [a=21 b=27 nt=1420] KSP converged reason: 4, iterations: 1
  [a=21 b=27 nt=1420] KSP converged reason: 4, iterations: 1
  [2751] viol   f=   0.249  a=20.7 b=27.1 gap=21.5 (face=3.0mm) n=[275, 191, 246, 265, 79, 52, 51, 154, 51, 53]  tape=0.245km B=9.96T unif=0.672% hoop=107MPa
  [2752] viol   f=   0.248  a=20.7 b=27.1 gap=21.5 (face=3.0mm) n=[274, 193, 243, 269, 82, 53, 52, 150, 51, 51]  tape=0.246km B=9.97T unif=0.918% hoop=107MPa
  [2753] viol   f=   0.266  a=20.7 b=27.1 gap=21.5 (face=3.0mm) n=[276, 191, 244, 269, 86, 58, 50, 142, 52, 52]  tape=0.247km B=9.90T unif=0.780% hoop=106MPa
  [2754] viol   f=   1.087  a=20.7 b=27.0 gap=21.5 (face=3.0mm) n=[274, 192, 248, 266, 80, 62, 51, 138, 50, 51]  tape=0.244km B=10.05T unif=1.065% hoop=108MPa
  [2755] OK     f=   0.245  a=20.6 b=27.0 gap=21.5 (face=3.0mm) n=[275, 192, 244, 269, 79, 55, 51, 149, 50, 53]  tape=0.245km B=10.00T unif=0.735% hoop=107MPa
  [2756] viol   f=   0.260  a=20.8 b=27.1 gap=21.5 (face=3.0mm) n=[274, 192, 246, 265, 83, 53, 50, 152, 55, 53]  tape=0.247km B=9.92T unif=0.608% hoop=107MPa
  [2757] viol   f=   0.261  a=20.7 b=27.0 gap=21.5 (face=3.0mm) n=[275, 188, 246, 265, 84, 60, 50, 152, 50, 53]  tape=0.246km B=9.91T unif=0.736% hoop=106MPa
  [2758] OK     f=   0.246  a=20.7 b=26.9 gap=21.5 (face=3.0mm) n=[276, 194, 244, 269, 81, 60, 52, 143, 51, 55]  tape=0.246km B=10.08T unif=0.796% hoop=110MPa
  [2759] viol   f=   0.252  a=20.7 b=27.1 gap=21.5 (face=3.0mm) n=[277, 190, 247, 266, 81, 58, 51, 144, 51, 50]  tape=0.246km B=9.94T unif=0.962% hoop=107MPa
  [2760] viol   f=   0.305  a=20.7 b=27.1 gap=21.5 (face=3.0mm) n=[274, 191, 247, 264, 79, 56, 54, 154, 50, 51]  tape=0.246km B=9.83T unif=0.776% hoop=105MPa
  [2761] OK     f=   0.246  a=20.7 b=27.1 gap=21.5 (face=3.0mm) n=[275, 192, 246, 267, 82, 61, 50, 145, 51, 51]  tape=0.246km B=10.02T unif=0.809% hoop=108MPa
  [a=21 b=27 nt=1422] KSP converged reason: 4, iterations: 1
  [a=21 b=27 nt=1415] KSP converged reason: 4, iterations: 1
  [a=21 b=27 nt=1428] KSP converged reason: 4, iterations: 1
  [a=21 b=27 nt=1421] KSP converged reason: 4, iterations: 1
  [a=21 b=27 nt=1421] KSP converged reason: 4, iterations: 1
  [a=21 b=27 nt=1426] KSP converged reason: 4, iterations: 1
  [a=21 b=27 nt=1412] KSP converged reason: 4, iterations: 1
  [a=21 b=27 nt=1418] KSP converged reason: 4, iterations: 1
  [a=21 b=27 nt=1407] KSP converged reason: 4, iterations: 1
  [a=21 b=27 nt=1419] KSP converged reason: 4, iterations: 1
  [a=21 b=27 nt=1422] KSP converged reason: 4, iterations: 1
  [2762] viol   f=   0.246  a=20.5 b=27.0 gap=21.5 (face=3.0mm) n=[276, 191, 246, 268, 82, 59, 51, 144, 52, 52]  tape=0.246km B=9.99T unif=0.670% hoop=106MPa
  [2763] OK     f=   0.247  a=20.6 b=27.1 gap=21.5 (face=3.0mm) n=[275, 192, 246, 266, 83, 52, 55, 151, 51, 55]  tape=0.247km B=10.01T unif=0.596% hoop=107MPa
  [2764] viol   f=   0.245  a=20.6 b=26.9 gap=21.5 (face=3.0mm) n=[275, 191, 244, 271, 85, 56, 51, 140, 51, 58]  tape=0.245km B=10.00T unif=0.911% hoop=106MPa
  [2765] viol   f=   1.960  a=20.6 b=27.0 gap=21.5 (face=3.0mm) n=[275, 193, 246, 268, 79, 52, 52, 148, 51, 51]  tape=0.244km B=10.03T unif=1.093% hoop=108MPa
  [2766] OK     f=   0.246  a=20.7 b=27.1 gap=21.5 (face=3.0mm) n=[275, 192, 246, 269, 80, 55, 50, 152, 50, 52]  tape=0.246km B=10.03T unif=0.773% hoop=108MPa
  [2767] viol   f=   0.250  a=20.7 b=27.2 gap=21.5 (face=3.0mm) n=[277, 192, 243, 266, 85, 50, 53, 151, 51, 60]  tape=0.249km B=9.97T unif=0.696% hoop=107MPa
  [2768] viol   f=   0.246  a=20.6 b=27.1 gap=21.5 (face=3.0mm) n=[275, 192, 242, 272, 82, 53, 51, 145, 50, 50]  tape=0.244km B=9.97T unif=0.585% hoop=107MPa
  [2769] OK     f=   0.246  a=20.8 b=27.1 gap=21.5 (face=3.0mm) n=[276, 193, 244, 271, 82, 61, 51, 137, 51, 52]  tape=0.246km B=10.01T unif=0.916% hoop=108MPa
  [2770] viol   f=   0.253  a=20.6 b=27.1 gap=21.5 (face=3.0mm) n=[274, 191, 243, 264, 84, 56, 50, 144, 50, 51]  tape=0.244km B=9.93T unif=0.823% hoop=106MPa
  [2771] viol   f=   0.246  a=20.7 b=27.1 gap=21.5 (face=3.0mm) n=[276, 192, 246, 266, 84, 59, 51, 145, 50, 50]  tape=0.246km B=9.99T unif=0.774% hoop=107MPa
  [2772] OK     f=   0.246  a=20.7 b=27.0 gap=21.5 (face=3.0mm) n=[275, 193, 248, 271, 82, 57, 51, 143, 51, 51]  tape=0.246km B=10.01T unif=0.838% hoop=107MPa
  [a=21 b=27 nt=1421] KSP converged reason: 4, iterations: 1
  [a=21 b=27 nt=1430] KSP converged reason: 4, iterations: 1
  [a=21 b=27 nt=1412] KSP converged reason: 4, iterations: 1
  [a=21 b=27 nt=1424] KSP converged reason: 4, iterations: 1
  [a=21 b=27 nt=1419] KSP converged reason: 4, iterations: 1
  [a=21 b=27 nt=1422] KSP converged reason: 4, iterations: 1
  [a=21 b=27 nt=1426] KSP converged reason: 4, iterations: 1
  [a=21 b=27 nt=1408] KSP converged reason: 4, iterations: 1
  [a=21 b=27 nt=1428] KSP converged reason: 4, iterations: 1
  [a=21 b=27 nt=1410] KSP converged reason: 4, iterations: 1
  [a=21 b=27 nt=1422] KSP converged reason: 4, iterations: 1
  [2773] viol   f=   0.250  a=20.6 b=27.0 gap=21.5 (face=3.0mm) n=[277, 191, 246, 268, 83, 56, 51, 144, 50, 53]  tape=0.246km B=9.96T unif=0.895% hoop=106MPa
  [2774] viol   f=   0.260  a=20.6 b=26.9 gap=21.5 (face=3.0mm) n=[275, 190, 249, 266, 86, 54, 52, 138, 50, 52]  tape=0.243km B=9.91T unif=0.853% hoop=105MPa
  [2775] viol   f=   0.826  a=20.6 b=26.9 gap=21.5 (face=3.0mm) n=[275, 193, 245, 266, 82, 53, 53, 146, 51, 57]  tape=0.245km B=9.98T unif=1.054% hoop=107MPa
  [2776] viol   f=   0.252  a=20.7 b=27.0 gap=21.5 (face=3.0mm) n=[276, 190, 246, 275, 85, 55, 51, 141, 50, 55]  tape=0.246km B=9.94T unif=0.814% hoop=106MPa
  [2777] viol   f=   1.820  a=20.6 b=26.9 gap=21.5 (face=3.0mm) n=[274, 190, 246, 271, 83, 60, 50, 150, 52, 54]  tape=0.246km B=10.10T unif=1.089% hoop=109MPa
  [2778] viol   f=   0.256  a=20.7 b=27.0 gap=21.5 (face=3.0mm) n=[276, 191, 241, 272, 85, 55, 52, 145, 51, 54]  tape=0.246km B=9.93T unif=0.839% hoop=107MPa
  [2779] viol   f= 163.331  a=20.7 b=26.9 gap=21.5 (face=3.0mm) n=[273, 193, 247, 268, 81, 53, 50, 156, 50, 55]  tape=0.245km B=10.00T unif=1.903% hoop=107MPa
  [2780] viol   f=   6.930  a=20.7 b=27.0 gap=21.5 (face=3.0mm) n=[276, 194, 244, 264, 76, 58, 51, 144, 50, 51]  tape=0.244km B=9.80T unif=1.182% hoop=104MPa
  [2781] viol   f=   0.976  a=20.7 b=27.0 gap=21.5 (face=3.0mm) n=[275, 194, 242, 271, 81, 54, 52, 136, 50, 55]  tape=0.244km B=9.94T unif=1.060% hoop=106MPa
  [2782] viol   f=   0.253  a=20.7 b=27.0 gap=21.5 (face=3.0mm) n=[276, 189, 248, 271, 87, 57, 52, 145, 52, 51]  tape=0.247km B=9.95T unif=0.713% hoop=106MPa
  [2783] OK     f=   0.246  a=20.7 b=27.1 gap=21.5 (face=3.0mm) n=[275, 191, 244, 271, 81, 60, 51, 147, 50, 52]  tape=0.246km B=10.02T unif=0.772% hoop=108MPa
  [a=21 b=27 nt=1429] KSP converged reason: 4, iterations: 1
  [a=21 b=27 nt=1434] KSP converged reason: 4, iterations: 1
  [a=21 b=27 nt=1420] KSP converged reason: 4, iterations: 1
  [a=21 b=27 nt=1417] KSP converged reason: 4, iterations: 1
  [a=21 b=27 nt=1421] KSP converged reason: 4, iterations: 1
  [a=21 b=27 nt=1431] KSP converged reason: 4, iterations: 1
  [a=21 b=27 nt=1428] KSP converged reason: 4, iterations: 1
  [a=21 b=27 nt=1422] KSP converged reason: 4, iterations: 1
  [a=21 b=27 nt=1427] KSP converged reason: 4, iterations: 1
  [a=21 b=27 nt=1423] KSP converged reason: 4, iterations: 1
  [a=21 b=27 nt=1429] KSP converged reason: 4, iterations: 1
  [2784] OK     f=   0.248  a=20.7 b=27.0 gap=21.5 (face=3.0mm) n=[276, 193, 247, 272, 83, 58, 55, 142, 54, 54]  tape=0.248km B=10.03T unif=0.655% hoop=106MPa
  [2785] OK     f=   0.245  a=20.6 b=27.1 gap=21.5 (face=3.0mm) n=[276, 193, 245, 271, 82, 55, 50, 144, 50, 51]  tape=0.245km B=10.00T unif=0.803% hoop=107MPa
  [2786] viol   f=   0.248  a=20.7 b=27.1 gap=21.5 (face=3.0mm) n=[276, 192, 246, 268, 84, 57, 54, 144, 51, 57]  tape=0.248km B=9.99T unif=0.613% hoop=106MPa
  [2787] viol   f=   0.253  a=20.7 b=27.1 gap=21.5 (face=3.0mm) n=[275, 191, 247, 269, 86, 55, 51, 143, 52, 52]  tape=0.246km B=9.94T unif=0.690% hoop=106MPa
  [2788] viol   f=   0.255  a=20.6 b=27.1 gap=21.5 (face=3.0mm) n=[276, 189, 247, 269, 83, 60, 52, 151, 53, 51]  tape=0.248km B=9.94T unif=0.877% hoop=106MPa
  [2789] OK     f=   0.245  a=20.7 b=27.0 gap=21.5 (face=3.0mm) n=[275, 190, 247, 269, 82, 60, 50, 147, 50, 50]  tape=0.245km B=10.03T unif=0.903% hoop=108MPa
  [2790] viol   f=   0.250  a=20.7 b=27.2 gap=21.5 (face=3.0mm) n=[276, 193, 245, 273, 83, 52, 54, 144, 52, 56]  tape=0.248km B=9.97T unif=0.643% hoop=107MPa
  [2791] viol   f=   0.271  a=20.7 b=26.9 gap=21.5 (face=3.0mm) n=[276, 190, 244, 269, 87, 57, 51, 142, 50, 56]  tape=0.246km B=9.89T unif=0.924% hoop=105MPa
  [2792] viol   f=   0.250  a=20.7 b=27.0 gap=21.5 (face=3.0mm) n=[274, 189, 244, 269, 87, 62, 51, 150, 50, 51]  tape=0.247km B=9.96T unif=0.787% hoop=107MPa
  [2793] viol   f=   0.247  a=20.6 b=27.0 gap=21.5 (face=3.0mm) n=[275, 189, 243, 270, 82, 58, 51, 153, 51, 51]  tape=0.246km B=9.98T unif=0.854% hoop=107MPa
  [2794] viol   f=   0.252  a=20.8 b=27.1 gap=21.5 (face=3.0mm) n=[276, 191, 246, 271, 83, 59, 52, 149, 50, 52]  tape=0.248km B=9.95T unif=0.720% hoop=107MPa
  [a=21 b=27 nt=1422] KSP converged reason: 4, iterations: 1
  [a=21 b=27 nt=1418] KSP converged reason: 4, iterations: 1
  [a=21 b=27 nt=1421] KSP converged reason: 4, iterations: 1
  [a=21 b=27 nt=1424] KSP converged reason: 4, iterations: 1
  [a=21 b=27 nt=1421] KSP converged reason: 4, iterations: 1
  [a=21 b=27 nt=1421] KSP converged reason: 4, iterations: 1
  [a=21 b=27 nt=1424] KSP converged reason: 4, iterations: 1
  [a=21 b=27 nt=1422] KSP converged reason: 4, iterations: 1
  [a=21 b=27 nt=1423] KSP converged reason: 4, iterations: 1
  [a=21 b=27 nt=1415] KSP converged reason: 4, iterations: 1
  [a=21 b=27 nt=1421] KSP converged reason: 4, iterations: 1
  [2795] viol   f=   0.247  a=20.6 b=27.1 gap=21.5 (face=3.0mm) n=[276, 192, 245, 266, 83, 58, 53, 149, 51, 51]  tape=0.247km B=9.99T unif=0.863% hoop=106MPa
  [2796] viol   f=   0.247  a=20.6 b=27.1 gap=21.5 (face=3.0mm) n=[275, 190, 245, 271, 84, 59, 51, 145, 51, 50]  tape=0.246km B=9.98T unif=0.744% hoop=107MPa
  [2797] viol   f=   0.246  a=20.6 b=27.0 gap=21.5 (face=3.0mm) n=[276, 189, 247, 270, 83, 56, 50, 147, 52, 51]  tape=0.245km B=9.98T unif=0.744% hoop=106MPa
  [2798] OK     f=   0.246  a=20.6 b=27.1 gap=21.5 (face=3.0mm) n=[276, 190, 247, 267, 81, 60, 52, 148, 50, 50]  tape=0.246km B=10.02T unif=0.929% hoop=107MPa
  [2799] OK     f=   0.245  a=20.6 b=27.0 gap=21.5 (face=3.0mm) n=[275, 190, 247, 269, 81, 60, 51, 144, 50, 51]  tape=0.245km B=10.00T unif=0.638% hoop=107MPa
  [2800] OK     f=   0.246  a=20.6 b=27.0 gap=21.5 (face=3.0mm) n=[275, 190, 245, 268, 81, 60, 50, 152, 51, 50]  tape=0.246km B=10.01T unif=0.821% hoop=107MPa
  [2801] OK     f=   0.247  a=20.6 b=27.1 gap=21.5 (face=3.0mm) n=[277, 191, 246, 271, 80, 56, 52, 147, 50, 54]  tape=0.247km B=10.06T unif=0.810% hoop=108MPa
  [2802] viol   f=   0.263  a=20.6 b=27.0 gap=21.5 (face=3.0mm) n=[275, 190, 244, 267, 85, 60, 50, 151, 50, 50]  tape=0.246km B=9.91T unif=0.829% hoop=106MPa
  [2803] OK     f=   0.246  a=20.6 b=27.0 gap=21.5 (face=3.0mm) n=[276, 190, 244, 269, 83, 62, 51, 146, 51, 51]  tape=0.246km B=10.03T unif=0.893% hoop=108MPa
  [2804] viol   f=   0.245  a=20.7 b=26.9 gap=21.5 (face=3.0mm) n=[274, 190, 243, 274, 79, 62, 50, 142, 50, 51]  tape=0.244km B=9.98T unif=0.806% hoop=107MPa
  [2805] viol   f=   0.249  a=20.7 b=27.1 gap=21.5 (face=3.0mm) n=[275, 191, 245, 272, 82, 53, 51, 150, 51, 51]  tape=0.246km B=9.96T unif=0.584% hoop=107MPa
  [a=21 b=27 nt=1418] KSP converged reason: 4, iterations: 1
  [a=21 b=27 nt=1417] KSP converged reason: 4, iterations: 1
  [a=21 b=27 nt=1417] KSP converged reason: 4, iterations: 1
  [a=21 b=27 nt=1424] KSP converged reason: 4, iterations: 1
  [a=21 b=27 nt=1423] KSP converged reason: 4, iterations: 1
  [a=21 b=27 nt=1413] KSP converged reason: 4, iterations: 1
  [a=21 b=27 nt=1418] KSP converged reason: 4, iterations: 1
  [a=21 b=27 nt=1417] KSP converged reason: 4, iterations: 1
  [a=21 b=27 nt=1417] KSP converged reason: 4, iterations: 1
  [a=21 b=27 nt=1414] KSP converged reason: 4, iterations: 1
  [a=21 b=27 nt=1417] KSP converged reason: 4, iterations: 1
  [2806] OK     f=   0.245  a=20.6 b=27.1 gap=21.5 (face=3.0mm) n=[275, 190, 245, 273, 79, 61, 50, 145, 50, 50]  tape=0.245km B=10.00T unif=0.846% hoop=107MPa
  [2807] OK     f=   0.246  a=20.6 b=27.1 gap=21.5 (face=3.0mm) n=[275, 189, 246, 270, 80, 63, 51, 149, 50, 51]  tape=0.246km B=10.07T unif=0.720% hoop=108MPa
  [2808] OK     f=   0.245  a=20.7 b=27.0 gap=21.5 (face=3.0mm) n=[274, 191, 245, 272, 80, 60, 50, 143, 50, 52]  tape=0.245km B=10.01T unif=0.869% hoop=108MPa
  [2809] viol   f=   0.245  a=20.6 b=27.1 gap=21.5 (face=3.0mm) n=[275, 189, 244, 270, 78, 61, 50, 144, 52, 50]  tape=0.245km B=10.00T unif=0.755% hoop=107MPa
  [2810] OK     f=   0.247  a=20.7 b=27.1 gap=21.5 (face=3.0mm) n=[276, 190, 246, 267, 81, 61, 51, 151, 50, 50]  tape=0.247km B=10.00T unif=0.687% hoop=108MPa
  [2811] viol   f=   0.254  a=20.7 b=27.0 gap=21.5 (face=3.0mm) n=[275, 190, 245, 273, 77, 56, 51, 150, 50, 50]  tape=0.245km B=9.93T unif=0.785% hoop=107MPa
  [2812] viol   f=   0.245  a=20.6 b=27.0 gap=21.5 (face=3.0mm) n=[274, 189, 245, 272, 79, 60, 50, 148, 50, 50]  tape=0.244km B=9.99T unif=0.765% hoop=107MPa
  [2813] OK     f=   0.245  a=20.6 b=27.0 gap=21.5 (face=3.0mm) n=[274, 190, 245, 271, 82, 59, 50, 146, 50, 50]  tape=0.245km B=10.00T unif=0.923% hoop=107MPa
  [2814] OK     f=   0.245  a=20.6 b=26.9 gap=21.5 (face=3.0mm) n=[275, 188, 245, 269, 82, 65, 50, 144, 50, 50]  tape=0.245km B=10.01T unif=0.873% hoop=107MPa
  [2815] viol   f=   0.247  a=20.7 b=27.0 gap=21.5 (face=3.0mm) n=[273, 190, 243, 273, 79, 61, 50, 144, 50, 51]  tape=0.244km B=9.96T unif=0.672% hoop=108MPa
  [2816] viol   f=   0.252  a=20.7 b=27.1 gap=21.5 (face=3.0mm) n=[275, 189, 244, 276, 78, 60, 52, 141, 50, 52]  tape=0.245km B=9.94T unif=0.720% hoop=107MPa
  [a=21 b=27 nt=1412] KSP converged reason: 4, iterations: 1
  [a=21 b=27 nt=1419] KSP converged reason: 4, iterations: 1
  [a=21 b=27 nt=1420] KSP converged reason: 4, iterations: 1
  [a=21 b=27 nt=1416] KSP converged reason: 4, iterations: 1
  [a=21 b=27 nt=1419] KSP converged reason: 4, iterations: 1
  [a=21 b=27 nt=1413] KSP converged reason: 4, iterations: 1
  [a=21 b=27 nt=1422] KSP converged reason: 4, iterations: 1
  [a=21 b=27 nt=1418] KSP converged reason: 4, iterations: 1
  [a=21 b=27 nt=1411] KSP converged reason: 4, iterations: 1
  [a=21 b=27 nt=1416] KSP converged reason: 4, iterations: 1
  [a=21 b=27 nt=1420] KSP converged reason: 4, iterations: 1
  [2817] OK     f=   0.245  a=20.7 b=26.9 gap=21.5 (face=3.0mm) n=[275, 192, 246, 270, 80, 59, 50, 148, 50, 50]  tape=0.245km B=10.02T unif=0.903% hoop=107MPa
  [2818] OK     f=   0.245  a=20.6 b=27.0 gap=21.5 (face=3.0mm) n=[275, 189, 244, 273, 82, 62, 50, 143, 50, 51]  tape=0.245km B=10.04T unif=0.958% hoop=108MPa
  [2819] viol   f=   0.260  a=20.7 b=27.1 gap=21.5 (face=3.0mm) n=[274, 191, 243, 273, 78, 58, 50, 143, 51, 51]  tape=0.244km B=9.91T unif=0.607% hoop=106MPa
  [2820] OK     f=   0.244  a=20.7 b=27.0 gap=21.5 (face=3.0mm) n=[273, 189, 243, 272, 81, 61, 50, 144, 50, 50]  tape=0.244km B=10.00T unif=0.910% hoop=108MPa
  [2821] viol   f=   0.244  a=20.7 b=27.0 gap=21.5 (face=3.0mm) n=[274, 191, 244, 270, 80, 60, 50, 147, 50, 50]  tape=0.244km B=10.00T unif=0.905% hoop=107MPa
  [2822] viol   f=   0.472  a=20.7 b=27.0 gap=21.5 (face=3.0mm) n=[274, 190, 245, 270, 79, 63, 50, 146, 50, 52]  tape=0.245km B=10.02T unif=1.034% hoop=108MPa
  [2823] OK     f=   0.244  a=20.7 b=27.0 gap=21.5 (face=3.0mm) n=[273, 191, 245, 273, 81, 60, 51, 144, 50, 50]  tape=0.244km B=10.04T unif=0.903% hoop=108MPa
  [2824] OK     f=   0.246  a=20.6 b=27.1 gap=21.5 (face=3.0mm) n=[275, 188, 249, 271, 81, 64, 50, 143, 51, 50]  tape=0.246km B=10.03T unif=0.700% hoop=107MPa
  [2825] viol   f=   3.283  a=20.7 b=26.9 gap=21.5 (face=3.0mm) n=[274, 190, 244, 271, 81, 63, 50, 137, 50, 51]  tape=0.244km B=10.03T unif=1.123% hoop=108MPa
  [2826] viol   f=   0.248  a=20.6 b=27.0 gap=21.5 (face=3.0mm) n=[275, 187, 247, 270, 82, 63, 50, 141, 50, 51]  tape=0.245km B=9.96T unif=0.728% hoop=107MPa
  [2827] OK     f=   0.246  a=20.7 b=27.1 gap=21.5 (face=3.0mm) n=[274, 190, 244, 267, 81, 62, 50, 151, 51, 50]  tape=0.246km B=10.01T unif=0.864% hoop=108MPa
  [a=21 b=27 nt=1422] KSP converged reason: 4, iterations: 1
  [a=21 b=27 nt=1419] KSP converged reason: 4, iterations: 1
  [a=21 b=27 nt=1423] KSP converged reason: 4, iterations: 1
  [a=21 b=27 nt=1419] KSP converged reason: 4, iterations: 1
  [a=21 b=27 nt=1416] KSP converged reason: 4, iterations: 1
  [a=21 b=27 nt=1417] KSP converged reason: 4, iterations: 1
  [a=21 b=27 nt=1422] KSP converged reason: 4, iterations: 1
  [a=21 b=27 nt=1419] KSP converged reason: 4, iterations: 1
  [a=21 b=27 nt=1419] KSP converged reason: 4, iterations: 1
  [a=21 b=27 nt=1417] KSP converged reason: 4, iterations: 1
  [a=21 b=27 nt=1423] KSP converged reason: 4, iterations: 1
  [2828] viol   f=   0.245  a=20.6 b=27.0 gap=21.5 (face=3.0mm) n=[273, 190, 245, 271, 80, 59, 50, 149, 50, 50]  tape=0.244km B=9.98T unif=0.705% hoop=107MPa
  [2829] OK     f=   0.245  a=20.6 b=26.9 gap=21.5 (face=3.0mm) n=[275, 188, 245, 271, 81, 65, 50, 147, 50, 50]  tape=0.245km B=10.05T unif=0.870% hoop=108MPa
  [2830] viol   f=   0.247  a=20.7 b=27.0 gap=21.5 (face=3.0mm) n=[276, 193, 245, 273, 76, 59, 53, 141, 50, 50]  tape=0.245km B=9.97T unif=0.801% hoop=106MPa
  [2831] viol   f=   0.277  a=20.7 b=27.1 gap=21.5 (face=3.0mm) n=[274, 190, 245, 280, 84, 56, 50, 139, 50, 51]  tape=0.247km B=9.88T unif=0.729% hoop=107MPa
  [2832] viol   f=   0.246  a=20.6 b=27.0 gap=21.5 (face=3.0mm) n=[274, 189, 244, 273, 84, 64, 52, 143, 50, 50]  tape=0.246km B=10.00T unif=0.958% hoop=107MPa
  [2833] viol   f=   0.246  a=20.7 b=27.1 gap=21.5 (face=3.0mm) n=[273, 187, 245, 270, 83, 63, 50, 148, 50, 50]  tape=0.245km B=9.99T unif=0.893% hoop=107MPa
  [2834] OK     f=   0.245  a=20.6 b=26.9 gap=21.5 (face=3.0mm) n=[274, 192, 245, 275, 81, 58, 50, 147, 50, 50]  tape=0.245km B=10.05T unif=0.812% hoop=107MPa
  [2835] viol   f=   6.273  a=20.7 b=27.0 gap=21.5 (face=3.0mm) n=[274, 190, 245, 270, 83, 62, 50, 143, 52, 50]  tape=0.245km B=10.05T unif=1.174% hoop=108MPa
  [2836] OK     f=   0.245  a=20.7 b=27.0 gap=21.5 (face=3.0mm) n=[274, 190, 246, 268, 81, 65, 51, 144, 50, 50]  tape=0.245km B=10.03T unif=0.866% hoop=108MPa
  [2837] viol   f=   0.273  a=20.6 b=26.9 gap=21.5 (face=3.0mm) n=[274, 191, 244, 271, 80, 61, 50, 145, 50, 51]  tape=0.244km B=10.02T unif=1.012% hoop=107MPa
  [2838] OK     f=   0.245  a=20.6 b=27.0 gap=21.5 (face=3.0mm) n=[273, 192, 244, 271, 80, 63, 52, 148, 50, 50]  tape=0.245km B=10.01T unif=0.961% hoop=107MPa
  [a=21 b=27 nt=1419] KSP converged reason: 4, iterations: 1
  [a=21 b=27 nt=1421] KSP converged reason: 4, iterations: 1
  [a=21 b=27 nt=1422] KSP converged reason: 4, iterations: 1
  [a=21 b=27 nt=1417] KSP converged reason: 4, iterations: 1
  [a=21 b=27 nt=1425] KSP converged reason: 4, iterations: 1
  [a=21 b=27 nt=1427] KSP converged reason: 4, iterations: 1
  [a=21 b=27 nt=1418] KSP converged reason: 4, iterations: 1
  [a=21 b=27 nt=1415] KSP converged reason: 4, iterations: 1
  [a=21 b=27 nt=1425] KSP converged reason: 4, iterations: 1
  [a=21 b=27 nt=1423] KSP converged reason: 4, iterations: 1
  [a=21 b=27 nt=1420] KSP converged reason: 4, iterations: 1
  [2839] OK     f=   0.245  a=20.6 b=26.9 gap=21.5 (face=3.0mm) n=[275, 191, 246, 273, 80, 63, 50, 142, 51, 50]  tape=0.245km B=10.06T unif=0.788% hoop=107MPa
  [2840] viol   f=   0.248  a=20.7 b=27.0 gap=21.5 (face=3.0mm) n=[274, 189, 244, 276, 82, 61, 51, 145, 50, 50]  tape=0.246km B=10.03T unif=1.003% hoop=108MPa
  [2841] viol   f=   0.245  a=20.6 b=26.9 gap=21.5 (face=3.0mm) n=[274, 190, 245, 273, 83, 56, 50, 145, 51, 52]  tape=0.244km B=9.98T unif=0.816% hoop=107MPa
  [2842] OK     f=   0.246  a=20.7 b=26.9 gap=21.5 (face=3.0mm) n=[273, 190, 245, 277, 82, 61, 51, 146, 50, 50]  tape=0.246km B=10.04T unif=0.778% hoop=109MPa
  [2843] OK     f=   0.246  a=20.6 b=27.0 gap=21.5 (face=3.0mm) n=[275, 191, 247, 268, 84, 59, 51, 148, 50, 54]  tape=0.246km B=10.06T unif=0.935% hoop=107MPa
  [2844] OK     f=   0.244  a=20.7 b=26.9 gap=21.5 (face=3.0mm) n=[274, 190, 244, 270, 81, 62, 50, 146, 50, 50]  tape=0.244km B=10.03T unif=0.899% hoop=108MPa
  [2845] OK     f=   0.244  a=20.6 b=27.0 gap=21.5 (face=3.0mm) n=[274, 189, 246, 272, 81, 58, 51, 147, 50, 50]  tape=0.244km B=10.00T unif=0.921% hoop=107MPa
  [2846] OK     f=   0.244  a=20.6 b=26.9 gap=21.5 (face=3.0mm) n=[275, 191, 243, 272, 80, 61, 50, 143, 50, 50]  tape=0.244km B=10.03T unif=0.852% hoop=107MPa
  [2847] viol   f=   0.246  a=20.6 b=27.0 gap=21.5 (face=3.0mm) n=[275, 190, 246, 275, 84, 57, 51, 147, 50, 50]  tape=0.245km B=9.99T unif=0.914% hoop=106MPa
  [2848] viol   f=   4.481  a=20.7 b=26.9 gap=21.5 (face=3.0mm) n=[274, 192, 245, 271, 81, 62, 51, 147, 50, 50]  tape=0.245km B=10.10T unif=1.146% hoop=108MPa
  [2849] viol   f=   0.248  a=20.6 b=26.9 gap=21.5 (face=3.0mm) n=[275, 190, 245, 276, 83, 56, 51, 144, 50, 50]  tape=0.245km B=9.96T unif=0.868% hoop=106MPa
  [a=21 b=27 nt=1424] KSP converged reason: 4, iterations: 1
  [a=21 b=27 nt=1417] KSP converged reason: 4, iterations: 1
  [a=21 b=27 nt=1417] KSP converged reason: 4, iterations: 1
  [a=21 b=27 nt=1420] KSP converged reason: 4, iterations: 1
  [a=21 b=27 nt=1420] KSP converged reason: 4, iterations: 1
  [a=21 b=27 nt=1419] KSP converged reason: 4, iterations: 1
  [a=21 b=27 nt=1419] KSP converged reason: 4, iterations: 1
  [a=21 b=27 nt=1415] KSP converged reason: 4, iterations: 1
  [a=21 b=27 nt=1417] KSP converged reason: 4, iterations: 1
  [a=21 b=27 nt=1415] KSP converged reason: 4, iterations: 1
  [a=21 b=27 nt=1416] KSP converged reason: 4, iterations: 1
  [2850] viol   f=  14.590  a=20.6 b=26.8 gap=21.5 (face=3.0mm) n=[274, 190, 246, 274, 80, 62, 51, 141, 50, 51]  tape=0.244km B=10.03T unif=1.268% hoop=107MPa
  [2851] OK     f=   0.245  a=20.7 b=26.9 gap=21.5 (face=3.0mm) n=[275, 190, 246, 272, 81, 62, 50, 143, 50, 51]  tape=0.245km B=10.05T unif=0.908% hoop=108MPa
  [2852] OK     f=   0.244  a=20.6 b=26.9 gap=21.5 (face=3.0mm) n=[274, 189, 244, 271, 81, 63, 51, 143, 51, 50]  tape=0.244km B=10.04T unif=0.992% hoop=108MPa
  [2853] OK     f=   0.245  a=20.6 b=26.9 gap=21.5 (face=3.0mm) n=[275, 191, 245, 272, 83, 59, 50, 149, 50, 50]  tape=0.245km B=10.06T unif=0.993% hoop=107MPa
  [2854] OK     f=   0.244  a=20.5 b=26.9 gap=21.5 (face=3.0mm) n=[274, 190, 244, 271, 82, 65, 51, 143, 50, 50]  tape=0.244km B=10.06T unif=0.846% hoop=107MPa
  [2855] viol   f=   0.243  a=20.6 b=26.9 gap=21.5 (face=3.0mm) n=[273, 189, 243, 273, 79, 63, 51, 146, 50, 50]  tape=0.243km B=10.00T unif=0.928% hoop=107MPa
  [2856] OK     f=   0.244  a=20.6 b=27.0 gap=21.5 (face=3.0mm) n=[273, 192, 245, 273, 79, 60, 51, 146, 50, 50]  tape=0.244km B=10.02T unif=0.977% hoop=107MPa
  [2857] viol   f=   0.244  a=20.7 b=27.0 gap=21.5 (face=3.0mm) n=[274, 191, 243, 273, 82, 55, 50, 146, 50, 51]  tape=0.244km B=10.00T unif=0.702% hoop=107MPa
  [2858] viol   f=   1.931  a=20.6 b=27.0 gap=21.5 (face=3.0mm) n=[274, 192, 245, 275, 80, 56, 50, 145, 50, 50]  tape=0.244km B=10.02T unif=1.092% hoop=107MPa
  [2859] OK     f=   0.244  a=20.6 b=26.9 gap=21.5 (face=3.0mm) n=[274, 191, 242, 273, 80, 58, 51, 146, 50, 50]  tape=0.244km B=10.01T unif=0.936% hoop=107MPa
  [2860] viol   f=   0.249  a=20.7 b=26.9 gap=21.5 (face=3.0mm) n=[273, 191, 241, 276, 81, 59, 50, 142, 51, 52]  tape=0.245km B=9.96T unif=0.577% hoop=108MPa
  [a=21 b=27 nt=1414] KSP converged reason: 4, iterations: 1
  [a=21 b=27 nt=1415] KSP converged reason: 4, iterations: 1
  [a=21 b=27 nt=1409] KSP converged reason: 4, iterations: 1
  [a=21 b=27 nt=1413] KSP converged reason: 4, iterations: 1
  [a=21 b=27 nt=1417] KSP converged reason: 4, iterations: 1
  [a=21 b=27 nt=1421] KSP converged reason: 4, iterations: 1
  [a=21 b=27 nt=1413] KSP converged reason: 4, iterations: 1
  [a=21 b=27 nt=1420] KSP converged reason: 4, iterations: 1
  [a=21 b=27 nt=1419] KSP converged reason: 4, iterations: 1
  [a=21 b=27 nt=1425] KSP converged reason: 4, iterations: 1
  [a=21 b=27 nt=1414] KSP converged reason: 4, iterations: 1
  [2861] viol   f=  10.431  a=20.7 b=26.9 gap=21.5 (face=3.0mm) n=[274, 190, 244, 272, 80, 64, 51, 146, 50, 50]  tape=0.245km B=10.04T unif=1.226% hoop=108MPa
  [2862] viol   f=   0.243  a=20.6 b=26.9 gap=21.5 (face=3.0mm) n=[274, 190, 242, 273, 80, 59, 50, 144, 50, 51]  tape=0.243km B=10.00T unif=0.882% hoop=107MPa
  [2863] OK     f=   0.243  a=20.6 b=26.9 gap=21.5 (face=3.0mm) n=[274, 189, 242, 273, 81, 62, 50, 144, 50, 50]  tape=0.243km B=10.02T unif=0.988% hoop=107MPa
  [2864] OK     f=   0.244  a=20.6 b=26.9 gap=21.5 (face=3.0mm) n=[276, 189, 243, 271, 79, 63, 50, 143, 50, 50]  tape=0.244km B=10.00T unif=0.767% hoop=107MPa
  [2865] OK     f=   0.244  a=20.7 b=26.9 gap=21.5 (face=3.0mm) n=[274, 189, 244, 272, 82, 60, 50, 145, 50, 51]  tape=0.244km B=10.02T unif=0.874% hoop=108MPa
  [2866] viol   f=   0.250  a=20.7 b=27.0 gap=21.5 (face=3.0mm) n=[273, 190, 243, 271, 80, 60, 50, 141, 50, 51]  tape=0.243km B=9.94T unif=0.798% hoop=107MPa
  [2867] OK     f=   0.244  a=20.6 b=27.0 gap=21.5 (face=3.0mm) n=[274, 190, 243, 270, 79, 62, 50, 145, 50, 50]  tape=0.244km B=10.01T unif=0.730% hoop=108MPa
  [2868] viol   f=   2.503  a=20.6 b=26.9 gap=21.5 (face=3.0mm) n=[273, 191, 243, 273, 78, 62, 51, 148, 50, 50]  tape=0.244km B=10.02T unif=1.106% hoop=107MPa
  [2869] viol   f=   0.251  a=20.6 b=26.9 gap=21.5 (face=3.0mm) n=[274, 190, 244, 276, 76, 62, 51, 147, 50, 50]  tape=0.245km B=9.94T unif=0.869% hoop=106MPa
  [2870] viol   f=   0.247  a=20.6 b=26.9 gap=21.5 (face=3.0mm) n=[274, 191, 245, 272, 84, 60, 52, 144, 50, 53]  tape=0.245km B=9.97T unif=0.910% hoop=106MPa
  [2871] OK     f=   0.243  a=20.6 b=26.9 gap=21.5 (face=3.0mm) n=[272, 190, 242, 272, 82, 58, 51, 147, 50, 50]  tape=0.243km B=10.01T unif=0.863% hoop=108MPa
  [a=21 b=27 nt=1414] KSP converged reason: 4, iterations: 1
  [a=21 b=27 nt=1418] KSP converged reason: 4, iterations: 1
  [a=21 b=27 nt=1418] KSP converged reason: 4, iterations: 1
  [a=21 b=27 nt=1417] KSP converged reason: 4, iterations: 1
  [a=21 b=27 nt=1412] KSP converged reason: 4, iterations: 1
  [a=21 b=27 nt=1418] KSP converged reason: 4, iterations: 1
  [a=21 b=27 nt=1415] KSP converged reason: 4, iterations: 1
  [a=21 b=27 nt=1418] KSP converged reason: 4, iterations: 1
  [a=21 b=27 nt=1416] KSP converged reason: 4, iterations: 1
  [a=21 b=27 nt=1415] KSP converged reason: 4, iterations: 1
  [a=21 b=27 nt=1413] KSP converged reason: 4, iterations: 1
  [2872] viol   f=   0.245  a=20.7 b=27.0 gap=21.5 (face=3.0mm) n=[274, 190, 245, 270, 80, 60, 50, 148, 51, 50]  tape=0.245km B=10.00T unif=0.924% hoop=107MPa
  [2873] viol   f=   3.314  a=20.6 b=26.9 gap=21.5 (face=3.0mm) n=[274, 191, 245, 274, 80, 59, 50, 144, 50, 50]  tape=0.244km B=10.04T unif=1.124% hoop=107MPa
  [2874] viol   f=   0.245  a=20.6 b=27.0 gap=21.5 (face=3.0mm) n=[275, 190, 243, 274, 82, 57, 50, 144, 51, 52]  tape=0.245km B=10.00T unif=0.819% hoop=107MPa
  [2875] OK     f=   0.244  a=20.6 b=26.9 gap=21.5 (face=3.0mm) n=[274, 188, 243, 273, 82, 57, 51, 149, 51, 50]  tape=0.244km B=10.01T unif=0.946% hoop=107MPa
  [2876] viol   f=   0.245  a=20.6 b=26.9 gap=21.5 (face=3.0mm) n=[274, 189, 241, 275, 80, 62, 50, 143, 50, 50]  tape=0.244km B=9.98T unif=0.982% hoop=107MPa
  [2877] OK     f=   0.243  a=20.6 b=26.9 gap=21.5 (face=3.0mm) n=[274, 190, 243, 272, 80, 63, 50, 140, 50, 50]  tape=0.243km B=10.00T unif=0.849% hoop=107MPa
  [2878] viol   f=   0.244  a=20.7 b=26.9 gap=21.5 (face=3.0mm) n=[273, 188, 243, 271, 80, 61, 50, 152, 50, 50]  tape=0.244km B=9.99T unif=0.827% hoop=108MPa
  [2879] viol   f=   0.827  a=20.6 b=26.9 gap=21.5 (face=3.0mm) n=[274, 192, 244, 270, 81, 58, 50, 146, 50, 50]  tape=0.244km B=10.01T unif=1.054% hoop=107MPa
  [2880] viol   f=   0.245  a=20.6 b=27.0 gap=21.5 (face=3.0mm) n=[274, 190, 242, 268, 83, 59, 50, 148, 51, 50]  tape=0.244km B=9.97T unif=0.667% hoop=107MPa
  [2881] OK     f=   0.243  a=20.6 b=26.8 gap=21.5 (face=3.0mm) n=[274, 190, 243, 271, 81, 56, 50, 148, 51, 52]  tape=0.243km B=10.01T unif=0.884% hoop=107MPa
  [2882] viol   f=   7.794  a=20.6 b=26.9 gap=21.5 (face=3.0mm) n=[274, 191, 242, 272, 83, 59, 50, 142, 50, 50]  tape=0.244km B=10.07T unif=1.194% hoop=108MPa
  [a=21 b=27 nt=1416] KSP converged reason: 4, iterations: 1
  [a=21 b=27 nt=1419] KSP converged reason: 4, iterations: 1
  [a=21 b=27 nt=1418] KSP converged reason: 4, iterations: 1
  [a=21 b=27 nt=1417] KSP converged reason: 4, iterations: 1
  [a=21 b=27 nt=1412] KSP converged reason: 4, iterations: 1
  [a=21 b=27 nt=1407] KSP converged reason: 4, iterations: 1
  [a=21 b=27 nt=1416] KSP converged reason: 4, iterations: 1
  [a=21 b=27 nt=1413] KSP converged reason: 4, iterations: 1
  [a=21 b=27 nt=1418] KSP converged reason: 4, iterations: 1
  [a=21 b=27 nt=1412] KSP converged reason: 4, iterations: 1
  [a=21 b=27 nt=1416] KSP converged reason: 4, iterations: 1
[0]PETSC ERROR: ------------------------------------------------------------------------
[0]PETSC ERROR: Caught signal number 15 Terminate: Some process (or the batch system) has told this process to end
[0]PETSC ERROR: Try option -start_in_debugger or -on_error_attach_debugger
[0]PETSC ERROR: or see https://petsc.org/release/faq/#valgrind and https://petsc.org/release/faq/
[0]PETSC ERROR: configure using --with-debugging=yes, recompile, link, and run 
[0]PETSC ERROR: to get more information on the crash.
Abort(59) on node 0 (rank 0 in comm 0): application called MPI_Abort(MPI_COMM_WORLD, 59) - process 0
