Starting CMA-ES: 10 variables, budget 2500 evaluations, target B >= 10.0 T, uniformity <= 0.8%, hoop <= 400 MPa, coil-coil face gap >= 3 mm

Parallel mode: 6 worker processes per generation.
  [a=23 b=29 nt=2304] KSP converged reason: 4, iterations: 1
  [a=24 b=32 nt=2268] KSP converged reason: 4, iterations: 1
  [a=23 b=37 nt=1896] KSP converged reason: 4, iterations: 1
  [a=23 b=30 nt=1678] KSP converged reason: 4, iterations: 1
  [   1] INFEAS f=1497.884  a=27.4 b=29.0 gap=29.8 (face=3.6mm) n=[572, 572, 331, 331, 57, 57, 245, 245, 353, 353, 76, 76, 354, 354]  no evaluation (geometry pre-check)
  [   2] INFEAS f=1000.215  a=21.9 b=36.1 gap=30.2 (face=4.4mm) n=[65, 65, 201, 201, 165, 165, 65, 65, 110, 110, 35, 35, 306, 306]  no evaluation (geometry pre-check)
  [   3] viol   f=  44.699  a=23.4 b=36.7 gap=37.0 (face=17.9mm) n=[181, 181, 8, 8, 45, 45, 220, 220, 97, 97, 228, 228, 169, 169]  tape=0.400km B=5.29T unif=2.366% hoop=94MPa
  [   4] INFEAS f=1394.545  a=21.2 b=34.3 gap=29.5 (face=3.0mm) n=[71, 71, 193, 193, 427, 427, 490, 490, 103, 103, 191, 191, 174, 174]  no evaluation (geometry pre-check)
  [   5] viol   f=  10.363  a=23.2 b=29.3 gap=29.8 (face=3.6mm) n=[50, 50, 59, 59, 347, 347, 312, 312, 73, 73, 258, 258, 53, 53]  tape=0.440km B=7.77T unif=9.783% hoop=110MPa
  [   6] viol   f=  29.167  a=22.6 b=30.5 gap=30.2 (face=4.5mm) n=[84, 84, 54, 54, 185, 185, 155, 155, 101, 101, 85, 85, 175, 175]  tape=0.309km B=6.20T unif=1.573% hoop=96MPa
  [   7] viol   f=   0.516  a=23.5 b=31.8 gap=29.5 (face=3.0mm) n=[310, 310, 54, 54, 143, 143, 104, 104, 185, 185, 21, 21, 317, 317]  tape=0.454km B=9.82T unif=2.109% hoop=110MPa
  [   8] INFEAS f=1320.732  a=27.5 b=29.7 gap=29.9 (face=3.8mm) n=[109, 109, 223, 223, 53, 53, 326, 326, 124, 124, 252, 252, 79, 79]  no evaluation (geometry pre-check)
  [   9] INFEAS f=2823.155  a=29.0 b=27.7 gap=29.8 (face=3.5mm) n=[243, 243, 473, 473, 475, 475, 226, 226, 444, 444, 670, 670, 67, 67]  no evaluation (geometry pre-check)
  [  10] INFEAS f=1085.348  a=25.2 b=28.7 gap=35.8 (face=15.5mm) n=[83, 83, 210, 210, 320, 320, 289, 289, 241, 241, 8, 8, 325, 325]  no evaluation (geometry pre-check)
  [a=24 b=33 nt=2134] KSP converged reason: 4, iterations: 1
  [a=26 b=33 nt=2122] KSP converged reason: 4, iterations: 1
  [a=23 b=34 nt=2986] KSP converged reason: 4, iterations: 1
  [  11] INFEAS f=1349.870  a=23.6 b=28.6 gap=31.9 (face=7.8mm) n=[71, 71, 96, 96, 71, 71, 404, 404, 547, 547, 528, 528, 83, 83]  no evaluation (geometry pre-check)
  [  12] viol   f=  11.896  a=25.7 b=33.0 gap=33.1 (face=10.1mm) n=[135, 135, 191, 191, 103, 103, 187, 187, 69, 69, 309, 309, 67, 67]  tape=0.463km B=7.61T unif=0.172% hoop=136MPa
  [  13] INFEAS f=2548.836  a=20.5 b=34.5 gap=33.5 (face=11.0mm) n=[258, 258, 6, 6, 358, 358, 595, 595, 314, 314, 406, 406, 50, 50]  no evaluation (geometry pre-check)
  [  14] INFEAS f=1079.511  a=18.5 b=29.2 gap=30.8 (face=5.6mm) n=[41, 41, 339, 339, 205, 205, 135, 135, 17, 17, 157, 157, 138, 138]  no evaluation (geometry pre-check)
  [  15] INFEAS f=1158.257  a=23.3 b=35.4 gap=30.2 (face=4.3mm) n=[133, 133, 235, 235, 501, 501, 71, 71, 337, 337, 206, 206, 185, 185]  no evaluation (geometry pre-check)
  [  16] INFEAS f=1935.477  a=25.2 b=29.0 gap=29.5 (face=3.0mm) n=[236, 236, 377, 377, 225, 225, 659, 659, 20, 20, 140, 140, 323, 323]  no evaluation (geometry pre-check)
  [  17] INFEAS f=1196.343  a=21.6 b=29.3 gap=30.6 (face=5.1mm) n=[465, 465, 300, 300, 108, 108, 76, 76, 24, 24, 97, 97, 406, 406]  no evaluation (geometry pre-check)
  [  18] INFEAS f=1276.510  a=21.6 b=34.9 gap=29.8 (face=3.7mm) n=[401, 401, 39, 39, 372, 372, 97, 97, 353, 353, 480, 480, 337, 337]  no evaluation (geometry pre-check)
  [  19] viol   f=   7.515  a=22.7 b=34.2 gap=42.8 (face=29.6mm) n=[279, 279, 286, 286, 316, 316, 249, 249, 54, 54, 117, 117, 192, 192]  tape=0.609km B=8.14T unif=7.407% hoop=117MPa
  [  20] viol   f=   1.153  a=23.6 b=33.1 gap=29.5 (face=3.0mm) n=[37, 37, 380, 380, 28, 28, 334, 334, 45, 45, 175, 175, 68, 68]  tape=0.449km B=9.41T unif=5.137% hoop=101MPa
  [a=23 b=32 nt=2202] KSP converged reason: 4, iterations: 1
  [a=22 b=34 nt=2246] KSP converged reason: 4, iterations: 1
  [a=24 b=34 nt=2786] KSP converged reason: 4, iterations: 1
  [a=24 b=34 nt=1950] KSP converged reason: 4, iterations: 1
  [a=24 b=34 nt=1862] KSP converged reason: 4, iterations: 1
  [a=27 b=36 nt=2014] KSP converged reason: 4, iterations: 1
  [a=26 b=37 nt=1176] KSP converged reason: 4, iterations: 1
  [  21] viol   f=   4.526  a=26.6 b=35.8 gap=30.0 (face=4.1mm) n=[182, 182, 36, 36, 233, 233, 225, 225, 155, 155, 98, 98, 78, 78]  tape=0.437km B=8.57T unif=0.533% hoop=140MPa
  [  22] INFEAS f=1280.439  a=21.4 b=32.8 gap=29.7 (face=3.3mm) n=[320, 320, 80, 80, 371, 371, 312, 312, 477, 477, 55, 55, 433, 433]  no evaluation (geometry pre-check)
  [  23] viol   f=   5.976  a=23.5 b=31.8 gap=29.5 (face=3.0mm) n=[266, 266, 123, 123, 6, 6, 66, 66, 176, 176, 82, 82, 382, 382]  tape=0.468km B=8.34T unif=2.739% hoop=119MPa
  [  24] viol   f=  17.242  a=24.0 b=33.8 gap=29.9 (face=3.8mm) n=[127, 127, 100, 100, 98, 98, 153, 153, 172, 172, 277, 277, 4, 4]  tape=0.397km B=7.10T unif=0.991% hoop=119MPa
  [  25] OK     f=   0.573  a=24.3 b=33.8 gap=29.5 (face=3.0mm) n=[61, 61, 242, 242, 206, 206, 315, 315, 280, 280, 258, 258, 31, 31]  tape=0.573km B=10.66T unif=2.312% hoop=143MPa
  [  26] INFEAS f=1075.264  a=23.7 b=35.6 gap=29.6 (face=3.2mm) n=[488, 488, 409, 409, 128, 128, 49, 49, 28, 28, 244, 244, 48, 48]  no evaluation (geometry pre-check)
  [  27] viol   f=   9.541  a=23.6 b=34.0 gap=29.6 (face=3.1mm) n=[10, 10, 300, 300, 79, 79, 208, 208, 7, 7, 307, 307, 64, 64]  tape=0.399km B=7.86T unif=2.507% hoop=109MPa
  [  28] INFEAS f=1174.941  a=27.6 b=30.5 gap=31.5 (face=7.0mm) n=[2, 2, 211, 211, 60, 60, 242, 242, 244, 244, 33, 33, 176, 176]  no evaluation (geometry pre-check)
  [  29] viol   f=   2.689  a=22.2 b=34.3 gap=30.2 (face=4.5mm) n=[87, 87, 184, 184, 253, 253, 321, 321, 11, 11, 195, 195, 72, 72]  tape=0.474km B=8.95T unif=1.896% hoop=125MPa
  [  30] viol   f=  48.078  a=26.1 b=37.4 gap=30.5 (face=5.1mm) n=[24, 24, 135, 135, 83, 83, 234, 234, 26, 26, 44, 44, 42, 42]  tape=0.271km B=5.11T unif=0.990% hoop=107MPa
  [a=27 b=35 nt=3276] KSP converged reason: 4, iterations: 1
  [a=27 b=33 nt=1848] KSP converged reason: 4, iterations: 1
  [a=25 b=32 nt=2618] KSP converged reason: 4, iterations: 1
  [a=22 b=35 nt=1494] KSP converged reason: 4, iterations: 1
  [a=25 b=35 nt=2100] KSP converged reason: 4, iterations: 1
  [a=26 b=31 nt=1532] KSP converged reason: 4, iterations: 1
  [  31] viol   f=   6.487  a=25.2 b=34.5 gap=29.9 (face=3.7mm) n=[15, 15, 226, 226, 268, 268, 209, 209, 24, 24, 181, 181, 127, 127]  tape=0.442km B=8.26T unif=2.849% hoop=122MPa
  [  32] INFEAS f=1169.704  a=22.4 b=32.6 gap=32.1 (face=8.2mm) n=[135, 135, 201, 201, 479, 479, 156, 156, 87, 87, 330, 330, 57, 57]  no evaluation (geometry pre-check)
  [  33] OK     f=   0.769  a=27.0 b=35.4 gap=29.5 (face=3.0mm) n=[247, 247, 263, 263, 101, 101, 184, 184, 398, 398, 258, 258, 187, 187]  tape=0.769km B=12.00T unif=0.196% hoop=191MPa
  [  34] INFEAS f=1640.462  a=22.0 b=31.6 gap=29.6 (face=3.2mm) n=[329, 329, 112, 112, 19, 19, 547, 547, 48, 48, 438, 438, 192, 192]  no evaluation (geometry pre-check)
  [  35] OK     f=   0.530  a=25.4 b=32.4 gap=29.6 (face=3.1mm) n=[94, 94, 302, 302, 70, 70, 279, 279, 316, 316, 26, 26, 222, 222]  tape=0.530km B=10.08T unif=2.851% hoop=132MPa
  [  36] INFEAS f=1049.687  a=25.4 b=36.2 gap=29.9 (face=3.8mm) n=[16, 16, 346, 346, 26, 26, 521, 521, 29, 29, 3, 3, 49, 49]  no evaluation (geometry pre-check)
  [  37] viol   f=  65.074  a=22.4 b=35.2 gap=29.6 (face=3.1mm) n=[80, 80, 28, 28, 29, 29, 157, 157, 19, 19, 278, 278, 156, 156]  tape=0.321km B=4.31T unif=2.047% hoop=79MPa
  [  38] viol   f=  16.318  a=25.9 b=31.4 gap=29.6 (face=3.2mm) n=[152, 152, 94, 94, 140, 140, 217, 217, 20, 20, 138, 138, 5, 5]  tape=0.305km B=7.17T unif=1.077% hoop=120MPa
  [  39] INFEAS f=1339.857  a=25.1 b=35.8 gap=29.5 (face=3.0mm) n=[402, 402, 156, 156, 41, 41, 587, 587, 30, 30, 114, 114, 228, 228]  no evaluation (geometry pre-check)
  [  40] viol   f=  11.079  a=26.8 b=33.4 gap=30.1 (face=4.1mm) n=[264, 264, 71, 71, 67, 67, 120, 120, 21, 21, 362, 362, 19, 19]  tape=0.411km B=7.69T unif=2.769% hoop=135MPa
  [a=26 b=32 nt=3076] KSP converged reason: 4, iterations: 1
  [a=24 b=33 nt=3184] KSP converged reason: 4, iterations: 1
  [a=27 b=37 nt=3134] KSP converged reason: 4, iterations: 1
  [a=27 b=36 nt=2570] KSP converged reason: 4, iterations: 1
  [a=25 b=33 nt=3290] KSP converged reason: 4, iterations: 1
  [a=25 b=36 nt=2098] KSP converged reason: 4, iterations: 1
  [a=25 b=34 nt=3004] KSP converged reason: 4, iterations: 1
  [  41] INFEAS f=1020.558  a=24.1 b=34.7 gap=30.0 (face=3.9mm) n=[212, 212, 164, 164, 284, 284, 471, 471, 14, 14, 21, 21, 253, 253]  no evaluation (geometry pre-check)
  [  42] INFEAS f=2399.772  a=24.7 b=31.0 gap=29.5 (face=3.0mm) n=[456, 456, 529, 529, 100, 100, 424, 424, 154, 154, 696, 696, 84, 84]  no evaluation (geometry pre-check)
  [  43] viol   f=   4.848  a=25.5 b=36.4 gap=30.4 (face=4.8mm) n=[102, 102, 172, 172, 334, 334, 106, 106, 87, 87, 205, 205, 43, 43]  tape=0.491km B=8.52T unif=1.411% hoop=133MPa
  [  44] OK     f=   0.601  a=26.5 b=35.8 gap=30.0 (face=4.0mm) n=[369, 369, 93, 93, 228, 228, 35, 35, 119, 119, 219, 219, 222, 222]  tape=0.601km B=11.31T unif=2.401% hoop=140MPa
  [  45] OK     f=   0.726  a=27.2 b=37.2 gap=30.6 (face=5.3mm) n=[320, 320, 59, 59, 308, 308, 255, 255, 17, 17, 225, 225, 383, 383]  tape=0.726km B=11.73T unif=1.231% hoop=159MPa
  [  46] OK     f=   0.707  a=24.0 b=33.3 gap=29.6 (face=3.2mm) n=[151, 151, 256, 256, 154, 154, 191, 191, 399, 399, 192, 192, 249, 249]  tape=0.707km B=11.36T unif=0.150% hoop=158MPa
  [  47] OK     f=   0.666  a=26.0 b=31.6 gap=29.5 (face=3.0mm) n=[87, 87, 413, 413, 272, 272, 453, 453, 160, 160, 107, 107, 46, 46]  tape=0.666km B=13.42T unif=4.659% hoop=167MPa
  [  48] OK     f=   0.682  a=25.3 b=33.3 gap=29.5 (face=3.0mm) n=[287, 287, 338, 338, 114, 114, 226, 226, 328, 328, 245, 245, 107, 107]  tape=0.682km B=13.95T unif=0.996% hoop=166MPa
  [  49] INFEAS f=1025.493  a=27.2 b=31.4 gap=29.7 (face=3.3mm) n=[174, 174, 127, 127, 341, 341, 254, 254, 267, 267, 75, 75, 503, 503]  no evaluation (geometry pre-check)
  [  50] viol   f=   1.027  a=24.7 b=34.1 gap=29.9 (face=3.8mm) n=[142, 142, 81, 81, 199, 199, 251, 251, 320, 320, 451, 451, 58, 58]  tape=0.692km B=9.59T unif=1.502% hoop=166MPa
  [a=26 b=35 nt=2958] KSP converged reason: 4, iterations: 1
  [a=28 b=34 nt=2534] KSP converged reason: 4, iterations: 1
  [a=25 b=34 nt=3308] KSP converged reason: 4, iterations: 1
  [a=28 b=37 nt=2752] KSP converged reason: 4, iterations: 1
  [a=26 b=32 nt=2480] KSP converged reason: 4, iterations: 1
  [a=29 b=38 nt=1306] KSP converged reason: 4, iterations: 1
  [a=24 b=31 nt=2842] KSP converged reason: 4, iterations: 1
  [a=26 b=35 nt=1950] KSP converged reason: 4, iterations: 1
  [a=28 b=37 nt=2906] KSP converged reason: 4, iterations: 1
  [a=24 b=34 nt=2006] KSP converged reason: 4, iterations: 1
  [  51] OK     f=   0.737  a=25.1 b=34.3 gap=30.4 (face=4.8mm) n=[84, 84, 116, 116, 416, 416, 167, 167, 396, 396, 238, 238, 237, 237]  tape=0.737km B=10.69T unif=5.271% hoop=164MPa
  [  52] OK     f=   0.678  a=26.1 b=35.2 gap=30.0 (face=4.0mm) n=[7, 7, 485, 485, 109, 109, 112, 112, 331, 331, 407, 407, 28, 28]  tape=0.678km B=11.34T unif=5.067% hoop=145MPa
  [  53] OK     f=   0.507  a=26.4 b=31.8 gap=29.5 (face=3.1mm) n=[260, 260, 305, 305, 289, 289, 159, 159, 110, 110, 75, 75, 42, 42]  tape=0.507km B=13.42T unif=2.752% hoop=175MPa
  [  54] OK     f=   0.623  a=28.3 b=34.4 gap=30.6 (face=5.2mm) n=[109, 109, 464, 464, 134, 134, 187, 187, 249, 249, 17, 17, 107, 107]  tape=0.623km B=11.14T unif=3.897% hoop=154MPa
  [  55] viol   f=   2.218  a=28.2 b=36.6 gap=30.7 (face=5.3mm) n=[128, 128, 133, 133, 150, 150, 235, 235, 417, 417, 173, 173, 140, 140]  tape=0.693km B=9.13T unif=1.078% hoop=170MPa
  [  56] viol   f=  48.489  a=28.5 b=38.0 gap=29.9 (face=3.8mm) n=[53, 53, 16, 16, 192, 192, 209, 209, 96, 96, 46, 46, 41, 41]  tape=0.302km B=5.09T unif=2.564% hoop=123MPa
  [  57] viol   f=  10.849  a=25.9 b=34.7 gap=29.9 (face=3.7mm) n=[125, 125, 232, 232, 22, 22, 191, 191, 98, 98, 76, 76, 231, 231]  tape=0.410km B=7.72T unif=0.442% hoop=110MPa
  [  58] OK     f=   0.590  a=23.8 b=31.4 gap=30.8 (face=5.6mm) n=[291, 291, 208, 208, 117, 117, 384, 384, 271, 271, 120, 120, 30, 30]  tape=0.590km B=12.04T unif=1.599% hoop=147MPa
  [  59] OK     f=   0.677  a=28.1 b=36.8 gap=32.1 (face=8.1mm) n=[374, 374, 293, 293, 148, 148, 30, 30, 337, 337, 55, 55, 216, 216]  tape=0.677km B=12.71T unif=2.693% hoop=171MPa
  [  60] viol   f=  19.738  a=24.3 b=33.8 gap=29.5 (face=3.0mm) n=[80, 80, 205, 205, 46, 46, 53, 53, 387, 387, 134, 134, 98, 98]  tape=0.457km B=6.90T unif=1.026% hoop=111MPa
  [a=28 b=33 nt=2974] KSP converged reason: 4, iterations: 1
  [a=24 b=32 nt=2080] KSP converged reason: 4, iterations: 1
  [a=25 b=31 nt=2466] KSP converged reason: 4, iterations: 1
  [a=25 b=33 nt=3464] KSP converged reason: 4, iterations: 1
  [a=26 b=38 nt=3148] KSP converged reason: 4, iterations: 1
  [a=26 b=35 nt=1886] KSP converged reason: 4, iterations: 1
  [a=24 b=36 nt=1008] KSP converged reason: 4, iterations: 1
  [a=27 b=33 nt=2158] KSP converged reason: 4, iterations: 1
  [  61] INFEAS f=1076.802  a=27.6 b=31.2 gap=29.8 (face=3.6mm) n=[286, 286, 420, 420, 93, 93, 308, 308, 104, 104, 129, 129, 80, 80]  no evaluation (geometry pre-check)
  [  62] viol   f=   3.426  a=25.2 b=31.0 gap=29.5 (face=3.1mm) n=[3, 3, 275, 275, 197, 197, 130, 130, 421, 421, 34, 34, 173, 173]  tape=0.532km B=8.80T unif=1.736% hoop=132MPa
  [  63] OK     f=   0.708  a=28.2 b=33.3 gap=29.6 (face=3.2mm) n=[231, 231, 527, 527, 53, 53, 18, 18, 392, 392, 171, 171, 95, 95]  tape=0.708km B=13.03T unif=6.535% hoop=159MPa
  [  64] INFEAS f=1320.221  a=26.1 b=33.7 gap=29.5 (face=3.0mm) n=[231, 231, 497, 497, 138, 138, 340, 340, 608, 608, 19, 19, 32, 32]  no evaluation (geometry pre-check)
  [  65] viol   f=   0.546  a=24.1 b=31.8 gap=31.5 (face=7.0mm) n=[77, 77, 441, 441, 177, 177, 146, 146, 144, 144, 45, 45, 10, 10]  tape=0.465km B=9.80T unif=6.709% hoop=136MPa
  [  66] OK     f=   0.751  a=25.7 b=37.7 gap=29.5 (face=3.0mm) n=[88, 88, 253, 253, 142, 142, 407, 407, 354, 354, 234, 234, 96, 96]  tape=0.751km B=11.29T unif=1.468% hoop=161MPa
  [  67] viol   f=  27.011  a=26.5 b=34.9 gap=29.9 (face=3.7mm) n=[90, 90, 126, 126, 39, 39, 143, 143, 353, 353, 42, 42, 150, 150]  tape=0.443km B=6.36T unif=1.081% hoop=115MPa
  [  68] OK     f=   0.727  a=25.4 b=32.8 gap=30.0 (face=4.0mm) n=[230, 230, 321, 321, 391, 391, 394, 394, 139, 139, 208, 208, 49, 49]  tape=0.727km B=15.16T unif=1.695% hoop=182MPa
  [  69] viol   f=  48.607  a=24.4 b=35.6 gap=31.4 (face=6.7mm) n=[29, 29, 218, 218, 6, 6, 139, 139, 52, 52, 32, 32, 28, 28]  tape=0.217km B=5.08T unif=1.422% hoop=89MPa
  [  70] OK     f=   0.462  a=27.2 b=32.8 gap=29.5 (face=3.0mm) n=[344, 344, 136, 136, 162, 162, 5, 5, 327, 327, 36, 36, 69, 69]  tape=0.462km B=11.09T unif=2.360% hoop=144MPa
  [a=28 b=33 nt=3712] KSP converged reason: 4, iterations: 1
  [a=25 b=31 nt=2772] KSP converged reason: 4, iterations: 1
  [a=26 b=33 nt=2756] KSP converged reason: 4, iterations: 1
  [a=24 b=34 nt=2474] KSP converged reason: 4, iterations: 1
  [  71] INFEAS f=1439.539  a=27.8 b=33.9 gap=31.6 (face=7.2mm) n=[12, 12, 428, 428, 343, 343, 56, 56, 675, 675, 28, 28, 96, 96]  no evaluation (geometry pre-check)
  [  72] OK     f=   0.632  a=25.8 b=33.0 gap=30.2 (face=4.4mm) n=[169, 169, 216, 216, 254, 254, 173, 173, 425, 425, 48, 48, 93, 93]  tape=0.632km B=10.57T unif=0.121% hoop=173MPa
  [  73] INFEAS f=2445.150  a=27.4 b=29.5 gap=29.6 (face=3.2mm) n=[396, 396, 742, 742, 17, 17, 42, 42, 483, 483, 77, 77, 39, 39]  no evaluation (geometry pre-check)
  [  74] INFEAS f=1216.868  a=27.6 b=30.3 gap=30.7 (face=5.4mm) n=[49, 49, 144, 144, 157, 157, 59, 59, 217, 217, 82, 82, 336, 336]  no evaluation (geometry pre-check)
  [  75] viol   f=  11.188  a=24.3 b=33.9 gap=29.5 (face=3.0mm) n=[203, 203, 78, 78, 10, 10, 119, 119, 368, 368, 392, 392, 67, 67]  tape=0.533km B=7.69T unif=1.244% hoop=119MPa
  [  76] INFEAS f=1311.385  a=27.0 b=29.2 gap=29.5 (face=3.1mm) n=[271, 271, 406, 406, 19, 19, 71, 71, 173, 173, 261, 261, 197, 197]  no evaluation (geometry pre-check)
  [  77] OK     f=   0.602  a=25.0 b=31.4 gap=30.1 (face=4.2mm) n=[308, 308, 438, 438, 46, 46, 189, 189, 207, 207, 8, 8, 190, 190]  tape=0.602km B=13.36T unif=2.126% hoop=164MPa
  [  78] OK     f=   0.853  a=27.6 b=33.4 gap=32.0 (face=8.0mm) n=[428, 428, 477, 477, 260, 260, 91, 91, 245, 245, 92, 92, 263, 263]  tape=0.853km B=17.22T unif=1.894% hoop=190MPa
  [  79] INFEAS f=1129.275  a=28.1 b=31.3 gap=29.5 (face=3.0mm) n=[182, 182, 287, 287, 183, 183, 313, 313, 344, 344, 155, 155, 179, 179]  no evaluation (geometry pre-check)
  [  80] INFEAS f=1016.647  a=27.3 b=31.6 gap=29.5 (face=3.0mm) n=[341, 341, 303, 303, 161, 161, 126, 126, 493, 493, 109, 109, 165, 165]  no evaluation (geometry pre-check)
  [a=27 b=32 nt=3578] KSP converged reason: 4, iterations: 1
  [a=25 b=32 nt=3074] KSP converged reason: 4, iterations: 1
  [a=26 b=32 nt=3020] KSP converged reason: 4, iterations: 1
  [a=25 b=32 nt=3222] KSP converged reason: 4, iterations: 1
  [a=25 b=34 nt=3444] KSP converged reason: 4, iterations: 1
  [a=26 b=31 nt=2856] KSP converged reason: 4, iterations: 1
  [a=27 b=33 nt=2176] KSP converged reason: 4, iterations: 1
  [  81] OK     f=   0.721  a=25.0 b=33.8 gap=29.5 (face=3.0mm) n=[408, 408, 382, 382, 350, 350, 5, 5, 332, 332, 164, 164, 81, 81]  tape=0.721km B=17.67T unif=5.199% hoop=174MPa
  [  82] OK     f=   0.669  a=25.2 b=32.3 gap=32.2 (face=8.5mm) n=[286, 286, 358, 358, 229, 229, 263, 263, 18, 18, 394, 394, 63, 63]  tape=0.669km B=13.51T unif=0.195% hoop=167MPa
  [  83] OK     f=   0.669  a=24.9 b=31.6 gap=33.6 (face=11.1mm) n=[254, 254, 459, 459, 251, 251, 92, 92, 355, 355, 86, 86, 40, 40]  tape=0.669km B=12.94T unif=4.759% hoop=157MPa
  [  84] INFEAS f=1104.434  a=25.1 b=31.5 gap=30.8 (face=5.7mm) n=[268, 268, 534, 534, 54, 54, 33, 33, 315, 315, 59, 59, 199, 199]  no evaluation (geometry pre-check)
  [  85] INFEAS f=1000.864  a=26.3 b=31.2 gap=29.9 (face=3.8mm) n=[126, 126, 288, 288, 118, 118, 37, 37, 261, 261, 192, 192, 84, 84]  no evaluation (geometry pre-check)
  [  86] OK     f=   0.672  a=26.1 b=32.4 gap=32.8 (face=9.6mm) n=[461, 461, 277, 277, 315, 315, 21, 21, 276, 276, 126, 126, 34, 34]  tape=0.672km B=15.24T unif=1.749% hoop=175MPa
  [  87] INFEAS f=1000.631  a=25.6 b=35.8 gap=29.6 (face=3.3mm) n=[487, 487, 468, 468, 263, 263, 137, 137, 264, 264, 74, 74, 128, 128]  no evaluation (geometry pre-check)
  [  88] OK     f=   0.551  a=25.8 b=31.4 gap=29.6 (face=3.2mm) n=[280, 280, 293, 293, 285, 285, 243, 243, 231, 231, 94, 94, 2, 2]  tape=0.551km B=14.50T unif=5.032% hoop=168MPa
  [  89] OK     f=   0.763  a=26.7 b=31.9 gap=31.6 (face=7.1mm) n=[215, 215, 428, 428, 171, 171, 47, 47, 480, 480, 24, 24, 424, 424]  tape=0.763km B=12.54T unif=3.212% hoop=158MPa
  [  90] OK     f=   0.474  a=27.5 b=32.9 gap=31.0 (face=6.0mm) n=[333, 333, 251, 251, 85, 85, 39, 39, 246, 246, 39, 39, 95, 95]  tape=0.474km B=11.70T unif=4.658% hoop=161MPa
  [a=25 b=34 nt=2818] KSP converged reason: 4, iterations: 1
  [a=27 b=35 nt=3986] KSP converged reason: 4, iterations: 1
  [a=28 b=35 nt=3468] KSP converged reason: 4, iterations: 1
  [a=25 b=33 nt=2812] KSP converged reason: 4, iterations: 1
  [a=26 b=34 nt=2208] KSP converged reason: 4, iterations: 1
  [a=25 b=34 nt=2704] KSP converged reason: 4, iterations: 1
  [  91] OK     f=   0.900  a=27.1 b=34.8 gap=31.2 (face=6.4mm) n=[444, 444, 330, 330, 148, 148, 92, 92, 418, 418, 335, 335, 226, 226]  tape=0.900km B=16.55T unif=4.224% hoop=187MPa
  [  92] INFEAS f=1009.203  a=25.9 b=34.1 gap=30.9 (face=5.9mm) n=[217, 217, 510, 510, 163, 163, 134, 134, 84, 84, 78, 78, 91, 91]  no evaluation (geometry pre-check)
  [  93] INFEAS f=1120.441  a=27.5 b=30.7 gap=34.8 (face=13.6mm) n=[501, 501, 59, 59, 149, 149, 40, 40, 262, 262, 249, 249, 134, 134]  no evaluation (geometry pre-check)
  [  94] OK     f=   0.601  a=25.2 b=32.9 gap=32.2 (face=8.4mm) n=[246, 246, 354, 354, 133, 133, 237, 237, 274, 274, 125, 125, 37, 37]  tape=0.601km B=12.16T unif=0.930% hoop=152MPa
  [  95] OK     f=   0.577  a=25.3 b=33.9 gap=31.5 (face=7.0mm) n=[162, 162, 289, 289, 234, 234, 168, 168, 98, 98, 313, 313, 88, 88]  tape=0.577km B=10.65T unif=0.741% hoop=151MPa
  [  96] viol   f=   3.659  a=26.4 b=33.8 gap=32.3 (face=8.7mm) n=[105, 105, 360, 360, 9, 9, 222, 222, 238, 238, 55, 55, 115, 115]  tape=0.496km B=8.74T unif=4.079% hoop=140MPa
  [  97] OK     f=   0.629  a=24.7 b=33.5 gap=30.9 (face=5.8mm) n=[257, 257, 345, 345, 6, 6, 161, 161, 441, 441, 82, 82, 117, 117]  tape=0.629km B=11.39T unif=0.235% hoop=154MPa
  [  98] OK     f=   0.797  a=27.7 b=35.3 gap=33.3 (face=10.6mm) n=[425, 425, 458, 458, 191, 191, 75, 75, 397, 397, 94, 94, 94, 94]  tape=0.797km B=15.81T unif=0.997% hoop=174MPa
  [  99] INFEAS f=1070.174  a=26.3 b=32.1 gap=30.0 (face=4.0mm) n=[553, 553, 144, 144, 137, 137, 265, 265, 140, 140, 146, 146, 90, 90]  no evaluation (geometry pre-check)
  [ 100] INFEAS f=1004.909  a=26.4 b=31.1 gap=32.2 (face=8.4mm) n=[301, 301, 9, 9, 34, 34, 20, 20, 299, 299, 206, 206, 82, 82]  no evaluation (geometry pre-check)
  [a=27 b=34 nt=2682] KSP converged reason: 4, iterations: 1
  [a=25 b=33 nt=2554] KSP converged reason: 4, iterations: 1
  [a=24 b=34 nt=2532] KSP converged reason: 4, iterations: 1
  [a=23 b=34 nt=2960] KSP converged reason: 4, iterations: 1
  [a=25 b=31 nt=2280] KSP converged reason: 4, iterations: 1
  [a=27 b=37 nt=2832] KSP converged reason: 4, iterations: 1
  [a=26 b=36 nt=2392] KSP converged reason: 4, iterations: 1
  [ 101] viol   f=  40.938  a=25.5 b=30.9 gap=36.2 (face=16.4mm) n=[22, 22, 89, 89, 282, 282, 121, 121, 109, 109, 307, 307, 210, 210]  tape=0.460km B=5.50T unif=8.459% hoop=109MPa
  [ 102] OK     f=   0.652  a=23.0 b=34.3 gap=32.0 (face=8.0mm) n=[279, 279, 379, 379, 209, 209, 149, 149, 189, 189, 70, 70, 205, 205]  tape=0.652km B=13.27T unif=0.334% hoop=148MPa
  [ 103] OK     f=   0.657  a=26.9 b=37.5 gap=36.7 (face=17.4mm) n=[375, 375, 319, 319, 60, 60, 300, 300, 253, 253, 72, 72, 37, 37]  tape=0.657km B=11.49T unif=1.293% hoop=149MPa
  [ 104] OK     f=   0.550  a=24.2 b=34.0 gap=32.1 (face=8.3mm) n=[349, 349, 393, 393, 42, 42, 206, 206, 92, 92, 172, 172, 12, 12]  tape=0.550km B=12.96T unif=1.706% hoop=135MPa
  [ 105] OK     f=   0.641  a=26.5 b=34.5 gap=31.1 (face=6.3mm) n=[215, 215, 297, 297, 108, 108, 61, 61, 452, 452, 106, 106, 102, 102]  tape=0.641km B=10.07T unif=0.197% hoop=162MPa
  [ 106] viol   f=   1.779  a=24.7 b=33.2 gap=30.0 (face=4.1mm) n=[310, 310, 148, 148, 12, 12, 74, 74, 37, 37, 437, 437, 259, 259]  tape=0.566km B=9.22T unif=2.369% hoop=127MPa
  [ 107] INFEAS f=1000.792  a=25.5 b=30.3 gap=29.8 (face=3.5mm) n=[159, 159, 215, 215, 408, 408, 32, 32, 436, 436, 156, 156, 124, 124]  no evaluation (geometry pre-check)
  [ 108] INFEAS f=1009.631  a=26.7 b=33.6 gap=31.8 (face=7.5mm) n=[111, 111, 532, 532, 282, 282, 113, 113, 266, 266, 238, 238, 120, 120]  no evaluation (geometry pre-check)
  [ 109] OK     f=   0.588  a=26.5 b=35.6 gap=31.7 (face=7.5mm) n=[491, 491, 240, 240, 55, 55, 16, 16, 118, 118, 49, 49, 227, 227]  tape=0.588km B=12.79T unif=4.686% hoop=144MPa
  [ 110] INFEAS f=1000.036  a=24.6 b=36.3 gap=30.5 (face=5.1mm) n=[194, 194, 456, 456, 135, 135, 286, 286, 108, 108, 28, 28, 329, 329]  no evaluation (geometry pre-check)
  [a=27 b=33 nt=2544] KSP converged reason: 4, iterations: 1
  [a=25 b=32 nt=2234] KSP converged reason: 4, iterations: 1
  [a=25 b=34 nt=2096] KSP converged reason: 4, iterations: 1
  [a=23 b=33 nt=2606] KSP converged reason: 4, iterations: 1
  [a=25 b=37 nt=2440] KSP converged reason: 4, iterations: 1
  [a=26 b=37 nt=2320] KSP converged reason: 4, iterations: 1
  [a=25 b=36 nt=1914] KSP converged reason: 4, iterations: 1
  [a=25 b=33 nt=3468] KSP converged reason: 4, iterations: 1
  [a=27 b=35 nt=2706] KSP converged reason: 4, iterations: 1
  [a=25 b=34 nt=3038] KSP converged reason: 4, iterations: 1
  [ 111] OK     f=   0.581  a=27.3 b=33.3 gap=33.4 (face=10.7mm) n=[436, 436, 370, 370, 159, 159, 121, 121, 62, 62, 65, 65, 59, 59]  tape=0.581km B=13.97T unif=1.556% hoop=158MPa
  [ 112] viol   f=   5.279  a=26.1 b=37.1 gap=35.3 (face=14.5mm) n=[191, 191, 282, 282, 109, 109, 275, 275, 43, 43, 99, 99, 161, 161]  tape=0.523km B=8.46T unif=1.267% hoop=121MPa
  [ 113] OK     f=   0.463  a=24.5 b=31.9 gap=31.4 (face=6.8mm) n=[316, 316, 277, 277, 175, 175, 34, 34, 119, 119, 100, 100, 96, 96]  tape=0.463km B=11.98T unif=4.003% hoop=140MPa
  [ 114] OK     f=   0.536  a=25.3 b=37.4 gap=29.8 (face=3.7mm) n=[274, 274, 301, 301, 119, 119, 17, 17, 17, 17, 286, 286, 206, 206]  tape=0.536km B=10.83T unif=1.551% hoop=140MPa
  [ 115] OK     f=   0.528  a=23.4 b=32.9 gap=31.8 (face=7.6mm) n=[299, 299, 160, 160, 218, 218, 175, 175, 174, 174, 264, 264, 13, 13]  tape=0.528km B=11.63T unif=3.450% hoop=138MPa
  [ 116] viol   f=  14.021  a=25.0 b=34.0 gap=32.2 (face=8.5mm) n=[213, 213, 80, 80, 135, 135, 42, 42, 148, 148, 297, 297, 133, 133]  tape=0.458km B=7.40T unif=1.163% hoop=110MPa
  [ 117] viol   f=  20.802  a=25.4 b=36.3 gap=38.1 (face=20.1mm) n=[314, 314, 90, 90, 58, 58, 79, 79, 7, 7, 114, 114, 295, 295]  tape=0.428km B=6.81T unif=1.253% hoop=88MPa
  [ 118] OK     f=   0.778  a=25.2 b=32.6 gap=31.5 (face=7.0mm) n=[468, 468, 370, 370, 95, 95, 101, 101, 275, 275, 226, 226, 199, 199]  tape=0.778km B=16.79T unif=4.029% hoop=158MPa
  [ 119] OK     f=   0.590  a=26.6 b=35.1 gap=31.1 (face=6.3mm) n=[304, 304, 254, 254, 81, 81, 170, 170, 321, 321, 27, 27, 196, 196]  tape=0.590km B=11.51T unif=2.124% hoop=155MPa
  [ 120] OK     f=   0.656  a=24.6 b=34.0 gap=32.2 (face=8.5mm) n=[383, 383, 173, 173, 279, 279, 372, 372, 137, 137, 51, 51, 124, 124]  tape=0.656km B=14.27T unif=3.013% hoop=159MPa
  [a=26 b=34 nt=2862] KSP converged reason: 4, iterations: 1
  [a=22 b=33 nt=2184] KSP converged reason: 4, iterations: 1
  [a=24 b=34 nt=2596] KSP converged reason: 4, iterations: 1
  [a=24 b=31 nt=2178] KSP converged reason: 4, iterations: 1
  [a=23 b=33 nt=2584] KSP converged reason: 4, iterations: 1
  [a=24 b=34 nt=2272] KSP converged reason: 4, iterations: 1
  [a=25 b=32 nt=1966] KSP converged reason: 4, iterations: 1
  [a=26 b=34 nt=1954] KSP converged reason: 4, iterations: 1
  [a=24 b=32 nt=2046] KSP converged reason: 4, iterations: 1
  [ 121] viol   f=  17.131  a=22.4 b=33.4 gap=29.6 (face=3.2mm) n=[165, 165, 74, 74, 20, 20, 269, 269, 128, 128, 384, 384, 52, 52]  tape=0.473km B=7.11T unif=1.400% hoop=106MPa
  [ 122] OK     f=   0.660  a=25.6 b=34.1 gap=31.9 (face=7.7mm) n=[319, 319, 214, 214, 42, 42, 122, 122, 39, 39, 450, 450, 245, 245]  tape=0.660km B=10.14T unif=1.962% hoop=144MPa
  [ 123] INFEAS f=1000.387  a=22.8 b=32.8 gap=31.3 (face=6.6mm) n=[413, 413, 287, 287, 207, 207, 67, 67, 256, 256, 213, 213, 6, 6]  no evaluation (geometry pre-check)
  [ 124] viol   f=   3.650  a=24.1 b=33.6 gap=34.1 (face=12.2mm) n=[253, 253, 135, 135, 148, 148, 130, 130, 161, 161, 80, 80, 229, 229]  tape=0.469km B=8.74T unif=1.640% hoop=124MPa
  [ 125] OK     f=   0.553  a=24.1 b=33.8 gap=30.6 (face=5.3mm) n=[328, 328, 379, 379, 48, 48, 238, 238, 17, 17, 57, 57, 231, 231]  tape=0.553km B=12.77T unif=1.345% hoop=141MPa
  [ 126] OK     f=   0.504  a=22.5 b=32.9 gap=30.8 (face=5.7mm) n=[303, 303, 292, 292, 60, 60, 96, 96, 18, 18, 259, 259, 264, 264]  tape=0.504km B=11.55T unif=3.039% hoop=112MPa
  [ 127] OK     f=   0.456  a=24.3 b=31.4 gap=32.6 (face=9.2mm) n=[342, 342, 161, 161, 79, 79, 145, 145, 255, 255, 31, 31, 76, 76]  tape=0.456km B=10.77T unif=3.424% hoop=118MPa
  [ 128] OK     f=   0.435  a=25.2 b=31.7 gap=31.7 (face=7.4mm) n=[442, 442, 238, 238, 11, 11, 82, 82, 44, 44, 138, 138, 28, 28]  tape=0.435km B=11.94T unif=4.541% hoop=123MPa
  [ 129] viol   f=   1.270  a=25.5 b=34.3 gap=31.2 (face=6.5mm) n=[199, 199, 368, 368, 16, 16, 56, 56, 97, 97, 160, 160, 81, 81]  tape=0.448km B=9.36T unif=0.970% hoop=131MPa
  [ 130] viol   f=   3.808  a=23.7 b=32.4 gap=30.1 (face=4.3mm) n=[61, 61, 372, 372, 24, 24, 88, 88, 158, 158, 237, 237, 83, 83]  tape=0.443km B=8.70T unif=4.122% hoop=110MPa
  [a=26 b=31 nt=2286] KSP converged reason: 4, iterations: 1
  [a=25 b=34 nt=2424] KSP converged reason: 4, iterations: 1
  [a=25 b=35 nt=2612] KSP converged reason: 4, iterations: 1
  [a=25 b=34 nt=2208] KSP converged reason: 4, iterations: 1
  [a=24 b=32 nt=1774] KSP converged reason: 4, iterations: 1
  [a=23 b=33 nt=1852] KSP converged reason: 4, iterations: 1
  [ 131] viol   f=   2.359  a=23.1 b=33.2 gap=30.6 (face=5.1mm) n=[241, 241, 202, 202, 71, 71, 33, 33, 164, 164, 199, 199, 16, 16]  tape=0.368km B=9.00T unif=3.068% hoop=109MPa
  [ 132] OK     f=   0.517  a=25.5 b=34.1 gap=31.0 (face=5.9mm) n=[420, 420, 411, 411, 1, 1, 44, 44, 7, 7, 241, 241, 88, 88]  tape=0.517km B=13.81T unif=4.414% hoop=133MPa
  [ 133] INFEAS f=1000.012  a=22.1 b=33.8 gap=32.2 (face=8.5mm) n=[169, 169, 337, 337, 131, 131, 127, 127, 344, 344, 158, 158, 311, 311]  no evaluation (geometry pre-check)
  [ 134] INFEAS f=1004.212  a=23.9 b=31.8 gap=31.9 (face=7.8mm) n=[451, 451, 282, 282, 170, 170, 140, 140, 70, 70, 32, 32, 288, 288]  no evaluation (geometry pre-check)
  [ 135] INFEAS f=1371.131  a=24.3 b=32.2 gap=32.5 (face=9.0mm) n=[569, 569, 196, 196, 88, 88, 156, 156, 5, 5, 252, 252, 93, 93]  no evaluation (geometry pre-check)
  [ 136] OK     f=   0.356  a=24.1 b=32.0 gap=31.3 (face=6.6mm) n=[312, 312, 301, 301, 93, 93, 23, 23, 2, 2, 104, 104, 52, 52]  tape=0.356km B=10.72T unif=3.577% hoop=117MPa
  [ 137] INFEAS f=1071.217  a=23.4 b=29.8 gap=37.7 (face=19.5mm) n=[478, 478, 159, 159, 46, 46, 130, 130, 50, 50, 74, 74, 180, 180]  no evaluation (geometry pre-check)
  [ 138] OK     f=   0.478  a=25.6 b=30.7 gap=31.0 (face=6.1mm) n=[333, 333, 397, 397, 109, 109, 133, 133, 16, 16, 11, 11, 144, 144]  tape=0.478km B=12.73T unif=2.038% hoop=152MPa
  [ 139] OK     f=   0.478  a=25.3 b=33.9 gap=34.6 (face=13.2mm) n=[338, 338, 283, 283, 12, 12, 23, 23, 118, 118, 190, 190, 140, 140]  tape=0.478km B=10.10T unif=0.760% hoop=120MPa
  [ 140] OK     f=   0.577  a=25.3 b=34.7 gap=31.3 (face=6.5mm) n=[365, 365, 313, 313, 60, 60, 120, 120, 279, 279, 57, 57, 112, 112]  tape=0.577km B=12.95T unif=3.117% hoop=145MPa
  [a=27 b=33 nt=2724] KSP converged reason: 4, iterations: 1
  [a=25 b=31 nt=2312] KSP converged reason: 4, iterations: 1
  [a=26 b=32 nt=2184] KSP converged reason: 4, iterations: 1
  [a=25 b=33 nt=2278] KSP converged reason: 4, iterations: 1
  [a=25 b=30 nt=2712] KSP converged reason: 4, iterations: 1
  [a=25 b=32 nt=1946] KSP converged reason: 4, iterations: 1
  [a=27 b=34 nt=1782] KSP converged reason: 4, iterations: 1
  [a=24 b=32 nt=1790] KSP converged reason: 4, iterations: 1
  [ 141] OK     f=   0.478  a=25.7 b=32.4 gap=31.1 (face=6.2mm) n=[252, 252, 405, 405, 7, 7, 48, 48, 57, 57, 249, 249, 74, 74]  tape=0.478km B=10.42T unif=1.871% hoop=139MPa
  [ 142] OK     f=   0.643  a=26.8 b=33.3 gap=31.5 (face=7.0mm) n=[509, 509, 372, 372, 134, 134, 51, 51, 160, 160, 76, 76, 60, 60]  tape=0.643km B=16.21T unif=3.559% hoop=173MPa
  [ 143] OK     f=   0.493  a=24.9 b=32.6 gap=31.8 (face=7.5mm) n=[343, 343, 405, 405, 2, 2, 86, 86, 103, 103, 116, 116, 84, 84]  tape=0.493km B=11.90T unif=1.160% hoop=136MPa
  [ 144] OK     f=   0.412  a=24.7 b=31.5 gap=31.1 (face=6.3mm) n=[236, 236, 355, 355, 134, 134, 145, 145, 63, 63, 23, 23, 17, 17]  tape=0.412km B=10.98T unif=0.388% hoop=145MPa
  [ 145] OK     f=   0.546  a=24.8 b=30.1 gap=33.7 (face=11.4mm) n=[344, 344, 302, 302, 54, 54, 112, 112, 154, 154, 154, 154, 236, 236]  tape=0.546km B=11.83T unif=1.589% hoop=125MPa
  [ 146] OK     f=   0.478  a=24.8 b=31.4 gap=30.8 (face=5.7mm) n=[409, 409, 389, 389, 76, 76, 144, 144, 17, 17, 59, 59, 62, 62]  tape=0.478km B=14.59T unif=5.771% hoop=140MPa
  [ 147] viol   f=   2.923  a=23.8 b=32.4 gap=29.9 (face=3.7mm) n=[258, 258, 123, 123, 93, 93, 39, 39, 147, 147, 174, 174, 61, 61]  tape=0.369km B=8.87T unif=3.942% hoop=111MPa
  [ 148] OK     f=   0.403  a=26.6 b=33.8 gap=31.9 (face=7.8mm) n=[398, 398, 214, 214, 75, 75, 4, 4, 6, 6, 169, 169, 25, 25]  tape=0.403km B=10.54T unif=5.622% hoop=127MPa
  [ 149] INFEAS f=1000.671  a=26.4 b=34.1 gap=32.5 (face=9.0mm) n=[425, 425, 510, 510, 16, 16, 89, 89, 59, 59, 250, 250, 43, 43]  no evaluation (geometry pre-check)
  [ 150] INFEAS f=1000.141  a=21.9 b=32.6 gap=35.0 (face=13.9mm) n=[150, 150, 270, 270, 72, 72, 152, 152, 31, 31, 254, 254, 275, 275]  no evaluation (geometry pre-check)
  [a=26 b=33 nt=2142] KSP converged reason: 4, iterations: 1
  [a=27 b=34 nt=2274] KSP converged reason: 4, iterations: 1
  [a=24 b=33 nt=2482] KSP converged reason: 4, iterations: 1
  [a=27 b=34 nt=2350] KSP converged reason: 4, iterations: 1
  [a=26 b=33 nt=2188] KSP converged reason: 4, iterations: 1
  [a=25 b=35 nt=2094] KSP converged reason: 4, iterations: 1
  [a=24 b=32 nt=2390] KSP converged reason: 4, iterations: 1
  [a=25 b=33 nt=2338] KSP converged reason: 4, iterations: 1
  [a=26 b=33 nt=2664] KSP converged reason: 4, iterations: 1
  [ 151] OK     f=   0.526  a=23.8 b=32.6 gap=31.0 (face=6.0mm) n=[261, 261, 262, 262, 39, 39, 65, 65, 137, 137, 360, 360, 117, 117]  tape=0.526km B=10.05T unif=1.895% hoop=138MPa
  [ 152] OK     f=   0.448  a=24.7 b=34.8 gap=32.5 (face=9.1mm) n=[272, 272, 288, 288, 90, 90, 202, 202, 33, 33, 75, 75, 87, 87]  tape=0.448km B=10.75T unif=1.991% hoop=136MPa
  [ 153] OK     f=   0.522  a=27.2 b=33.9 gap=30.4 (face=4.7mm) n=[364, 364, 298, 298, 62, 62, 45, 45, 10, 10, 207, 207, 189, 189]  tape=0.522km B=12.04T unif=4.566% hoop=148MPa
  [ 154] OK     f=   0.480  a=26.0 b=33.1 gap=31.5 (face=7.0mm) n=[435, 435, 323, 323, 13, 13, 108, 108, 96, 96, 53, 53, 43, 43]  tape=0.480km B=13.14T unif=6.512% hoop=144MPa
  [ 155] OK     f=   0.506  a=26.6 b=33.8 gap=34.9 (face=13.8mm) n=[389, 389, 350, 350, 39, 39, 35, 35, 73, 73, 131, 131, 120, 120]  tape=0.506km B=11.03T unif=1.098% hoop=124MPa
  [ 156] INFEAS f=1068.865  a=24.1 b=32.9 gap=33.8 (face=11.6mm) n=[366, 366, 495, 495, 51, 51, 182, 182, 130, 130, 190, 190, 97, 97]  no evaluation (geometry pre-check)
  [ 157] OK     f=   0.475  a=26.1 b=33.4 gap=31.6 (face=7.2mm) n=[318, 318, 332, 332, 117, 117, 120, 120, 69, 69, 63, 63, 75, 75]  tape=0.475km B=12.51T unif=2.660% hoop=157MPa
  [ 158] OK     f=   0.496  a=23.8 b=31.8 gap=33.0 (face=10.1mm) n=[389, 389, 400, 400, 92, 92, 40, 40, 110, 110, 62, 62, 102, 102]  tape=0.496km B=13.63T unif=1.434% hoop=130MPa
  [ 159] OK     f=   0.507  a=25.0 b=32.8 gap=31.5 (face=7.0mm) n=[253, 253, 374, 374, 61, 61, 21, 21, 132, 132, 255, 255, 73, 73]  tape=0.507km B=10.83T unif=0.749% hoop=140MPa
  [ 160] OK     f=   0.560  a=25.7 b=32.9 gap=30.3 (face=4.6mm) n=[249, 249, 335, 335, 328, 328, 116, 116, 31, 31, 109, 109, 164, 164]  tape=0.560km B=13.10T unif=0.523% hoop=160MPa
  [a=26 b=32 nt=2046] KSP converged reason: 4, iterations: 1
  [a=25 b=33 nt=2598] KSP converged reason: 4, iterations: 1
  [a=25 b=34 nt=3066] KSP converged reason: 4, iterations: 1
  [a=25 b=37 nt=1864] KSP converged reason: 4, iterations: 1
  [a=26 b=36 nt=2080] KSP converged reason: 4, iterations: 1
  [a=27 b=35 nt=1982] KSP converged reason: 4, iterations: 1
  [a=24 b=31 nt=1876] KSP converged reason: 4, iterations: 1
  [a=25 b=34 nt=2090] KSP converged reason: 4, iterations: 1
  [ 161] OK     f=   0.436  a=26.6 b=35.0 gap=31.0 (face=6.0mm) n=[300, 300, 299, 299, 26, 26, 54, 54, 117, 117, 85, 85, 110, 110]  tape=0.436km B=10.43T unif=2.969% hoop=139MPa
  [ 162] INFEAS f=1160.809  a=24.5 b=32.0 gap=35.7 (face=15.3mm) n=[310, 310, 533, 533, 152, 152, 332, 332, 32, 32, 193, 193, 36, 36]  no evaluation (geometry pre-check)
  [ 163] OK     f=   0.473  a=25.9 b=35.6 gap=32.0 (face=8.1mm) n=[324, 324, 262, 262, 79, 79, 142, 142, 121, 121, 90, 90, 22, 22]  tape=0.473km B=10.85T unif=2.953% hoop=142MPa
  [ 164] viol   f=   0.464  a=26.1 b=32.3 gap=31.2 (face=6.5mm) n=[331, 331, 163, 163, 43, 43, 114, 114, 79, 79, 160, 160, 133, 133]  tape=0.451km B=9.92T unif=5.097% hoop=117MPa
  [ 165] INFEAS f=1008.093  a=26.6 b=31.2 gap=31.3 (face=6.6mm) n=[108, 108, 395, 395, 38, 38, 263, 263, 8, 8, 23, 23, 169, 169]  no evaluation (geometry pre-check)
  [ 166] OK     f=   0.655  a=24.7 b=34.1 gap=32.3 (face=8.6mm) n=[327, 327, 199, 199, 127, 127, 161, 161, 239, 239, 292, 292, 188, 188]  tape=0.655km B=12.19T unif=2.584% hoop=145MPa
  [ 167] viol   f=   5.843  a=24.9 b=36.9 gap=32.7 (face=9.5mm) n=[172, 172, 331, 331, 16, 16, 142, 142, 136, 136, 133, 133, 2, 2]  tape=0.435km B=8.36T unif=0.507% hoop=125MPa
  [ 168] OK     f=   0.548  a=25.0 b=32.5 gap=31.7 (face=7.4mm) n=[340, 340, 260, 260, 89, 89, 247, 247, 153, 153, 186, 186, 24, 24]  tape=0.548km B=12.48T unif=3.836% hoop=146MPa
  [ 169] OK     f=   0.375  a=24.1 b=31.2 gap=30.0 (face=4.0mm) n=[275, 275, 231, 231, 49, 49, 145, 145, 12, 12, 105, 105, 121, 121]  tape=0.375km B=10.42T unif=4.619% hoop=129MPa
  [ 170] OK     f=   0.444  a=24.9 b=33.7 gap=33.9 (face=11.7mm) n=[288, 288, 313, 313, 142, 142, 77, 77, 42, 42, 17, 17, 166, 166]  tape=0.444km B=10.75T unif=0.925% hoop=137MPa
  [a=25 b=33 nt=1978] KSP converged reason: 4, iterations: 1
  [a=26 b=33 nt=1790] KSP converged reason: 4, iterations: 1
  [a=26 b=34 nt=2028] KSP converged reason: 4, iterations: 1
  [a=25 b=33 nt=1828] KSP converged reason: 4, iterations: 1
  [a=24 b=32 nt=1728] KSP converged reason: 4, iterations: 1
  [a=26 b=34 nt=1570] KSP converged reason: 4, iterations: 1
  [a=25 b=32 nt=2368] KSP converged reason: 4, iterations: 1
  [a=25 b=34 nt=1906] KSP converged reason: 4, iterations: 1
  [a=26 b=35 nt=1796] KSP converged reason: 4, iterations: 1
  [a=25 b=33 nt=1956] KSP converged reason: 4, iterations: 1
  [ 171] OK     f=   0.456  a=26.4 b=34.3 gap=31.8 (face=7.6mm) n=[348, 348, 233, 233, 7, 7, 44, 44, 205, 205, 75, 75, 102, 102]  tape=0.456km B=10.41T unif=4.396% hoop=127MPa
  [ 172] OK     f=   0.436  a=25.4 b=33.2 gap=31.1 (face=6.2mm) n=[314, 314, 422, 422, 71, 71, 83, 83, 29, 29, 22, 22, 48, 48]  tape=0.436km B=11.27T unif=0.204% hoop=148MPa
  [ 173] viol   f=   7.325  a=25.9 b=33.7 gap=30.1 (face=4.2mm) n=[255, 255, 190, 190, 8, 8, 111, 111, 14, 14, 10, 10, 197, 197]  tape=0.327km B=8.13T unif=4.383% hoop=115MPa
  [ 174] OK     f=   0.399  a=25.9 b=33.3 gap=29.6 (face=3.1mm) n=[333, 333, 145, 145, 38, 38, 177, 177, 55, 55, 114, 114, 33, 33]  tape=0.399km B=10.17T unif=3.250% hoop=129MPa
  [ 175] OK     f=   0.382  a=25.5 b=32.8 gap=30.6 (face=5.2mm) n=[300, 300, 243, 243, 6, 6, 186, 186, 17, 17, 68, 68, 94, 94]  tape=0.382km B=10.17T unif=4.985% hoop=128MPa
  [ 176] viol   f=   3.429  a=24.2 b=31.8 gap=32.5 (face=9.1mm) n=[178, 178, 302, 302, 62, 62, 225, 225, 50, 50, 44, 44, 3, 3]  tape=0.352km B=8.76T unif=1.620% hoop=116MPa
  [ 177] OK     f=   0.497  a=24.8 b=32.0 gap=31.1 (face=6.3mm) n=[342, 342, 391, 391, 27, 27, 202, 202, 25, 25, 144, 144, 53, 53]  tape=0.497km B=12.91T unif=2.707% hoop=143MPa
  [ 178] viol   f=   1.353  a=26.4 b=34.8 gap=30.3 (face=4.6mm) n=[256, 256, 191, 191, 84, 84, 151, 151, 14, 14, 157, 157, 45, 45]  tape=0.392km B=9.31T unif=3.290% hoop=139MPa
  [ 179] viol   f=   0.434  a=25.4 b=32.6 gap=30.3 (face=4.6mm) n=[215, 215, 258, 258, 113, 113, 114, 114, 71, 71, 67, 67, 140, 140]  tape=0.408km B=9.89T unif=2.205% hoop=144MPa
  [ 180] OK     f=   0.436  a=25.1 b=34.2 gap=29.8 (face=3.6mm) n=[410, 410, 252, 252, 69, 69, 75, 75, 30, 30, 67, 67, 50, 50]  tape=0.436km B=12.08T unif=3.165% hoop=138MPa
  [a=24 b=32 nt=1958] KSP converged reason: 4, iterations: 1
  [a=26 b=33 nt=1928] KSP converged reason: 4, iterations: 1
  [a=26 b=32 nt=2362] KSP converged reason: 4, iterations: 1
  [a=26 b=33 nt=1688] KSP converged reason: 4, iterations: 1
  [a=26 b=34 nt=2008] KSP converged reason: 4, iterations: 1
  [a=24 b=32 nt=1556] KSP converged reason: 4, iterations: 1
  [a=25 b=35 nt=1808] KSP converged reason: 4, iterations: 1
  [a=25 b=33 nt=1646] KSP converged reason: 4, iterations: 1
  [a=26 b=33 nt=1538] KSP converged reason: 4, iterations: 1
  [a=25 b=32 nt=2088] KSP converged reason: 4, iterations: 1
  [ 181] OK     f=   0.421  a=26.1 b=32.5 gap=29.8 (face=3.6mm) n=[368, 368, 226, 226, 2, 2, 185, 185, 112, 112, 64, 64, 7, 7]  tape=0.421km B=11.37T unif=2.280% hoop=137MPa
  [ 182] viol   f=   0.395  a=25.6 b=32.9 gap=30.3 (face=4.7mm) n=[315, 315, 149, 149, 72, 72, 209, 209, 30, 30, 65, 65, 4, 4]  tape=0.364km B=9.88T unif=4.127% hoop=125MPa
  [ 183] OK     f=   0.427  a=26.2 b=33.8 gap=30.6 (face=5.1mm) n=[305, 305, 298, 298, 11, 11, 162, 162, 101, 101, 109, 109, 18, 18]  tape=0.427km B=10.95T unif=2.858% hoop=138MPa
  [ 184] viol   f=   0.581  a=24.5 b=32.3 gap=30.1 (face=4.2mm) n=[275, 275, 203, 203, 75, 75, 36, 36, 141, 141, 24, 24, 24, 24]  tape=0.321km B=9.64T unif=4.646% hoop=126MPa
  [ 185] OK     f=   0.419  a=24.0 b=32.3 gap=29.8 (face=3.7mm) n=[379, 379, 249, 249, 127, 127, 139, 139, 8, 8, 10, 10, 67, 67]  tape=0.419km B=12.44T unif=4.852% hoop=140MPa
  [ 186] OK     f=   0.504  a=25.9 b=32.4 gap=30.0 (face=4.1mm) n=[321, 321, 201, 201, 132, 132, 240, 240, 75, 75, 178, 178, 34, 34]  tape=0.504km B=11.81T unif=4.329% hoop=149MPa
  [ 187] OK     f=   0.403  a=25.5 b=35.4 gap=30.5 (face=4.9mm) n=[314, 314, 232, 232, 11, 11, 162, 162, 15, 15, 67, 67, 103, 103]  tape=0.403km B=10.08T unif=4.239% hoop=131MPa
  [ 188] viol   f=   4.378  a=25.5 b=32.6 gap=29.7 (face=3.4mm) n=[243, 243, 161, 161, 44, 44, 195, 195, 89, 89, 11, 11, 26, 26]  tape=0.315km B=8.57T unif=3.473% hoop=124MPa
  [ 189] OK     f=   0.374  a=25.3 b=33.2 gap=29.7 (face=3.5mm) n=[420, 420, 125, 125, 31, 31, 23, 23, 3, 3, 111, 111, 110, 110]  tape=0.374km B=10.17T unif=5.489% hoop=108MPa
  [ 190] OK     f=   0.454  a=25.1 b=31.9 gap=30.6 (face=5.2mm) n=[385, 385, 195, 195, 107, 107, 221, 221, 102, 102, 3, 3, 31, 31]  tape=0.454km B=12.21T unif=4.453% hoop=137MPa
  [a=26 b=33 nt=2004] KSP converged reason: 4, iterations: 1
  [a=24 b=32 nt=1978] KSP converged reason: 4, iterations: 1
  [a=25 b=34 nt=2052] KSP converged reason: 4, iterations: 1
  [a=25 b=33 nt=1644] KSP converged reason: 4, iterations: 1
  [a=24 b=33 nt=1966] KSP converged reason: 4, iterations: 1
  [a=25 b=35 nt=1936] KSP converged reason: 4, iterations: 1
  [a=26 b=33 nt=1860] KSP converged reason: 4, iterations: 1
  [a=25 b=33 nt=1774] KSP converged reason: 4, iterations: 1
  [a=25 b=34 nt=1720] KSP converged reason: 4, iterations: 1
  [a=24 b=33 nt=1718] KSP converged reason: 4, iterations: 1
  [ 191] OK     f=   0.439  a=26.1 b=33.3 gap=30.6 (face=5.2mm) n=[443, 443, 350, 350, 14, 14, 25, 25, 87, 87, 66, 66, 17, 17]  tape=0.439km B=13.16T unif=7.679% hoop=141MPa
  [ 192] OK     f=   0.370  a=25.4 b=32.6 gap=29.5 (face=3.0mm) n=[358, 358, 86, 86, 90, 90, 98, 98, 74, 74, 84, 84, 32, 32]  tape=0.370km B=10.17T unif=2.543% hoop=123MPa
  [ 193] OK     f=   0.420  a=24.5 b=32.9 gap=30.9 (face=5.9mm) n=[321, 321, 210, 210, 64, 64, 186, 186, 89, 89, 111, 111, 2, 2]  tape=0.420km B=10.75T unif=5.371% hoop=127MPa
  [ 194] viol   f=   2.807  a=25.3 b=35.1 gap=29.9 (face=3.8mm) n=[293, 293, 104, 104, 65, 65, 175, 175, 47, 47, 143, 143, 141, 141]  tape=0.436km B=8.91T unif=2.979% hoop=115MPa
  [ 195] OK     f=   0.433  a=23.9 b=32.4 gap=31.1 (face=6.2mm) n=[395, 395, 169, 169, 4, 4, 67, 67, 25, 25, 178, 178, 151, 151]  tape=0.433km B=10.67T unif=5.125% hoop=107MPa
  [ 196] OK     f=   0.462  a=24.5 b=34.3 gap=29.8 (face=3.6mm) n=[375, 375, 243, 243, 14, 14, 45, 45, 129, 129, 138, 138, 82, 82]  tape=0.462km B=11.48T unif=2.922% hoop=130MPa
  [ 197] OK     f=   0.430  a=26.4 b=32.8 gap=29.6 (face=3.2mm) n=[440, 440, 128, 128, 74, 74, 10, 10, 102, 102, 9, 9, 167, 167]  tape=0.430km B=11.29T unif=2.032% hoop=127MPa
  [ 198] OK     f=   0.393  a=25.1 b=33.3 gap=29.6 (face=3.2mm) n=[326, 326, 160, 160, 105, 105, 81, 81, 95, 95, 5, 5, 115, 115]  tape=0.393km B=10.75T unif=3.425% hoop=139MPa
  [ 199] OK     f=   0.383  a=25.5 b=34.0 gap=29.8 (face=3.6mm) n=[348, 348, 106, 106, 213, 213, 128, 128, 23, 23, 23, 23, 19, 19]  tape=0.383km B=10.26T unif=2.840% hoop=128MPa
  [ 200] OK     f=   0.384  a=24.5 b=33.3 gap=29.7 (face=3.4mm) n=[394, 394, 185, 185, 10, 10, 30, 30, 82, 82, 45, 45, 113, 113]  tape=0.384km B=10.38T unif=2.154% hoop=114MPa
  [a=25 b=34 nt=1908] KSP converged reason: 4, iterations: 1
  [a=25 b=33 nt=1920] KSP converged reason: 4, iterations: 1
  [a=25 b=33 nt=1534] KSP converged reason: 4, iterations: 1
  [a=25 b=33 nt=1854] KSP converged reason: 4, iterations: 1
  [a=26 b=33 nt=1772] KSP converged reason: 4, iterations: 1
  [a=25 b=36 nt=1866] KSP converged reason: 4, iterations: 1
  [a=25 b=33 nt=1588] KSP converged reason: 4, iterations: 1
  [a=26 b=33 nt=1646] KSP converged reason: 4, iterations: 1
  [a=24 b=34 nt=1774] KSP converged reason: 4, iterations: 1
  [a=26 b=32 nt=2172] KSP converged reason: 4, iterations: 1
  [ 201] viol   f=   1.249  a=25.5 b=32.6 gap=29.5 (face=3.1mm) n=[326, 326, 101, 101, 57, 57, 11, 11, 118, 118, 77, 77, 237, 237]  tape=0.400km B=9.35T unif=3.270% hoop=115MPa
  [ 202] OK     f=   0.331  a=25.0 b=32.6 gap=30.2 (face=4.4mm) n=[337, 337, 185, 185, 78, 78, 72, 72, 4, 4, 79, 79, 12, 12]  tape=0.331km B=10.18T unif=5.280% hoop=127MPa
  [ 203] OK     f=   0.438  a=25.5 b=36.0 gap=30.1 (face=4.2mm) n=[335, 335, 111, 111, 63, 63, 188, 188, 68, 68, 56, 56, 112, 112]  tape=0.438km B=10.07T unif=3.566% hoop=131MPa
  [ 204] OK     f=   0.384  a=25.7 b=32.8 gap=29.6 (face=3.2mm) n=[319, 319, 207, 207, 121, 121, 43, 43, 135, 135, 15, 15, 46, 46]  tape=0.384km B=10.71T unif=3.709% hoop=141MPa
  [ 205] OK     f=   0.420  a=25.2 b=33.2 gap=29.5 (face=3.1mm) n=[366, 366, 116, 116, 232, 232, 17, 17, 12, 12, 36, 36, 181, 181]  tape=0.420km B=10.72T unif=1.750% hoop=123MPa
  [ 206] OK     f=   0.447  a=25.2 b=34.0 gap=29.6 (face=3.2mm) n=[412, 412, 69, 69, 130, 130, 114, 114, 13, 13, 106, 106, 110, 110]  tape=0.447km B=10.88T unif=3.641% hoop=126MPa
  [ 207] viol   f=   1.247  a=25.0 b=33.4 gap=29.6 (face=3.2mm) n=[353, 353, 99, 99, 40, 40, 59, 59, 53, 53, 55, 55, 135, 135]  tape=0.358km B=9.33T unif=3.812% hoop=110MPa
  [ 208] OK     f=   0.376  a=25.7 b=33.3 gap=29.5 (face=3.1mm) n=[437, 437, 99, 99, 154, 154, 34, 34, 10, 10, 18, 18, 71, 71]  tape=0.376km B=10.70T unif=1.600% hoop=114MPa
  [ 209] OK     f=   0.460  a=26.5 b=32.2 gap=29.5 (face=3.1mm) n=[289, 289, 236, 236, 116, 116, 183, 183, 106, 106, 87, 87, 69, 69]  tape=0.460km B=12.05T unif=3.495% hoop=169MPa
  [ 210] viol   f=   1.851  a=24.3 b=33.8 gap=29.6 (face=3.1mm) n=[312, 312, 15, 15, 196, 196, 5, 5, 129, 129, 76, 76, 154, 154]  tape=0.383km B=9.14T unif=3.444% hoop=108MPa
  [a=26 b=34 nt=2070] KSP converged reason: 4, iterations: 1
  [a=25 b=32 nt=1620] KSP converged reason: 4, iterations: 1
  [a=26 b=33 nt=1746] KSP converged reason: 4, iterations: 1
  [a=26 b=34 nt=1608] KSP converged reason: 4, iterations: 1
  [a=25 b=35 nt=1748] KSP converged reason: 4, iterations: 1
  [a=25 b=34 nt=1658] KSP converged reason: 4, iterations: 1
  [a=25 b=31 nt=2402] KSP converged reason: 4, iterations: 1
  [a=25 b=32 nt=1508] KSP converged reason: 4, iterations: 1
  [a=25 b=35 nt=2332] KSP converged reason: 4, iterations: 1
  [a=25 b=33 nt=1608] KSP converged reason: 4, iterations: 1
  [ 211] viol   f=   0.964  a=25.3 b=34.3 gap=29.5 (face=3.0mm) n=[319, 319, 64, 64, 131, 131, 56, 56, 127, 127, 52, 52, 80, 80]  tape=0.376km B=9.46T unif=3.350% hoop=124MPa
  [ 212] viol   f=   1.279  a=25.4 b=34.8 gap=30.4 (face=4.8mm) n=[324, 324, 88, 88, 98, 98, 121, 121, 39, 39, 49, 49, 155, 155]  tape=0.400km B=9.34T unif=3.823% hoop=122MPa
  [ 213] viol   f=   0.484  a=25.5 b=33.2 gap=29.6 (face=3.2mm) n=[359, 359, 54, 54, 146, 146, 65, 65, 97, 97, 146, 146, 6, 6]  tape=0.393km B=9.79T unif=2.550% hoop=115MPa
  [ 214] OK     f=   0.347  a=24.5 b=32.0 gap=29.6 (face=3.1mm) n=[358, 358, 182, 182, 42, 42, 42, 42, 20, 20, 22, 22, 144, 144]  tape=0.347km B=10.02T unif=2.320% hoop=113MPa
  [ 215] OK     f=   0.476  a=25.9 b=33.8 gap=29.5 (face=3.1mm) n=[406, 406, 148, 148, 229, 229, 67, 67, 40, 40, 13, 13, 132, 132]  tape=0.476km B=12.06T unif=2.311% hoop=142MPa
  [ 216] OK     f=   0.369  a=25.8 b=34.0 gap=29.5 (face=3.0mm) n=[356, 356, 148, 148, 90, 90, 56, 56, 61, 61, 44, 44, 49, 49]  tape=0.369km B=10.31T unif=4.149% hoop=131MPa
  [ 217] OK     f=   0.526  a=25.5 b=31.2 gap=31.2 (face=6.4mm) n=[388, 388, 260, 260, 112, 112, 66, 66, 124, 124, 112, 112, 139, 139]  tape=0.526km B=12.99T unif=7.292% hoop=147MPa
  [ 218] OK     f=   0.329  a=24.6 b=32.1 gap=29.5 (face=3.0mm) n=[403, 403, 135, 135, 108, 108, 43, 43, 17, 17, 42, 42, 6, 6]  tape=0.329km B=10.51T unif=1.972% hoop=112MPa
  [ 219] OK     f=   0.562  a=25.1 b=34.6 gap=29.9 (face=3.7mm) n=[457, 457, 168, 168, 132, 132, 11, 11, 138, 138, 151, 151, 109, 109]  tape=0.562km B=12.75T unif=1.599% hoop=141MPa
  [ 220] viol   f=   0.854  a=24.8 b=32.6 gap=29.5 (face=3.0mm) n=[286, 286, 88, 88, 105, 105, 112, 112, 78, 78, 58, 58, 77, 77]  tape=0.348km B=9.50T unif=3.876% hoop=132MPa
  [a=25 b=32 nt=1814] KSP converged reason: 4, iterations: 1
  [a=26 b=33 nt=2202] KSP converged reason: 4, iterations: 1
  [a=26 b=34 nt=2044] KSP converged reason: 4, iterations: 1
  [a=26 b=33 nt=2056] KSP converged reason: 4, iterations: 1
  [a=24 b=33 nt=1636] KSP converged reason: 4, iterations: 1
  [a=25 b=32 nt=1494] KSP converged reason: 4, iterations: 1
  [a=26 b=31 nt=2414] KSP converged reason: 4, iterations: 1
  [a=26 b=33 nt=1644] KSP converged reason: 4, iterations: 1
  [a=24 b=32 nt=1512] KSP converged reason: 4, iterations: 1
  [a=24 b=33 nt=1336] KSP converged reason: 4, iterations: 1
  [ 221] viol   f=   0.654  a=25.1 b=32.2 gap=29.5 (face=3.1mm) n=[335, 335, 143, 143, 126, 126, 4, 4, 67, 67, 22, 22, 50, 50]  tape=0.322km B=9.59T unif=2.892% hoop=118MPa
  [ 222] OK     f=   0.461  a=25.6 b=33.4 gap=29.5 (face=3.1mm) n=[377, 377, 235, 235, 135, 135, 21, 21, 19, 19, 147, 147, 94, 94]  tape=0.461km B=11.86T unif=2.080% hoop=143MPa
  [ 223] OK     f=   0.396  a=25.5 b=32.3 gap=31.0 (face=6.1mm) n=[416, 416, 263, 263, 14, 14, 106, 106, 28, 28, 62, 62, 18, 18]  tape=0.396km B=11.91T unif=7.669% hoop=130MPa
  [ 224] OK     f=   0.509  a=25.7 b=32.9 gap=30.8 (face=5.6mm) n=[453, 453, 190, 190, 177, 177, 130, 130, 9, 9, 11, 11, 131, 131]  tape=0.509km B=12.74T unif=2.111% hoop=161MPa
  [ 225] OK     f=   0.340  a=23.6 b=33.3 gap=29.5 (face=3.0mm) n=[326, 326, 242, 242, 169, 169, 25, 25, 5, 5, 23, 23, 28, 28]  tape=0.340km B=10.94T unif=3.662% hoop=128MPa
  [ 226] OK     f=   0.474  a=25.9 b=34.2 gap=29.7 (face=3.3mm) n=[394, 394, 224, 224, 122, 122, 5, 5, 95, 95, 67, 67, 115, 115]  tape=0.474km B=11.77T unif=2.756% hoop=142MPa
  [ 227] OK     f=   0.533  a=25.8 b=31.0 gap=29.6 (face=3.3mm) n=[404, 404, 116, 116, 227, 227, 109, 109, 84, 84, 208, 208, 59, 59]  tape=0.533km B=12.65T unif=4.281% hoop=146MPa
  [ 228] viol   f=   0.416  a=25.7 b=32.8 gap=29.8 (face=3.6mm) n=[331, 331, 79, 79, 144, 144, 61, 61, 96, 96, 46, 46, 65, 65]  tape=0.367km B=9.84T unif=3.496% hoop=126MPa
  [ 229] viol   f=   0.672  a=24.2 b=32.3 gap=29.5 (face=3.0mm) n=[363, 363, 16, 16, 105, 105, 81, 81, 75, 75, 36, 36, 80, 80]  tape=0.331km B=9.59T unif=2.619% hoop=106MPa
  [ 230] viol   f=   1.100  a=23.7 b=32.5 gap=29.5 (face=3.1mm) n=[393, 393, 38, 38, 72, 72, 40, 40, 64, 64, 12, 12, 49, 49]  tape=0.290km B=9.36T unif=2.284% hoop=97MPa
  [a=24 b=33 nt=1792] KSP converged reason: 4, iterations: 1
  [a=24 b=33 nt=2028] KSP converged reason: 4, iterations: 1
  [a=25 b=33 nt=2198] KSP converged reason: 4, iterations: 1
  [a=24 b=33 nt=2144] KSP converged reason: 4, iterations: 1
  [a=25 b=34 nt=1344] KSP converged reason: 4, iterations: 1
  [a=25 b=32 nt=1754] KSP converged reason: 4, iterations: 1
  [a=25 b=33 nt=1826] KSP converged reason: 4, iterations: 1
  [a=24 b=31 nt=2262] KSP converged reason: 4, iterations: 1
  [a=24 b=32 nt=1660] KSP converged reason: 4, iterations: 1
  [a=25 b=33 nt=1622] KSP converged reason: 4, iterations: 1
  [ 231] OK     f=   0.478  a=24.7 b=32.9 gap=29.6 (face=3.1mm) n=[368, 368, 141, 141, 287, 287, 42, 42, 103, 103, 126, 126, 32, 32]  tape=0.478km B=12.17T unif=2.034% hoop=132MPa
  [ 232] OK     f=   0.442  a=24.0 b=32.9 gap=29.5 (face=3.0mm) n=[374, 374, 230, 230, 180, 180, 34, 34, 13, 13, 71, 71, 112, 112]  tape=0.442km B=12.22T unif=2.570% hoop=139MPa
  [ 233] OK     f=   0.392  a=24.1 b=32.7 gap=29.5 (face=3.0mm) n=[396, 396, 241, 241, 51, 51, 91, 91, 34, 34, 34, 34, 49, 49]  tape=0.392km B=11.76T unif=2.093% hoop=129MPa
  [ 234] OK     f=   0.363  a=25.3 b=31.7 gap=29.5 (face=3.1mm) n=[307, 307, 153, 153, 233, 233, 47, 47, 3, 3, 34, 34, 100, 100]  tape=0.363km B=10.25T unif=3.013% hoop=125MPa
  [ 235] viol   f=   3.573  a=25.4 b=34.4 gap=29.9 (face=3.9mm) n=[338, 338, 90, 90, 135, 135, 16, 16, 23, 23, 6, 6, 64, 64]  tape=0.301km B=8.72T unif=4.576% hoop=109MPa
  [ 236] OK     f=   0.454  a=23.6 b=32.9 gap=29.7 (face=3.4mm) n=[345, 345, 312, 312, 94, 94, 84, 84, 84, 84, 87, 87, 66, 66]  tape=0.454km B=13.19T unif=3.397% hoop=140MPa
  [ 237] OK     f=   0.407  a=24.9 b=32.5 gap=29.6 (face=3.2mm) n=[379, 379, 126, 126, 157, 157, 44, 44, 129, 129, 61, 61, 17, 17]  tape=0.407km B=11.23T unif=2.066% hoop=131MPa
  [ 238] OK     f=   0.455  a=24.3 b=31.4 gap=29.6 (face=3.1mm) n=[312, 312, 313, 313, 170, 170, 32, 32, 103, 103, 89, 89, 112, 112]  tape=0.455km B=12.68T unif=3.393% hoop=138MPa
  [ 239] OK     f=   0.366  a=24.3 b=32.0 gap=29.8 (face=3.5mm) n=[385, 385, 136, 136, 42, 42, 89, 89, 84, 84, 80, 80, 14, 14]  tape=0.366km B=10.53T unif=1.927% hoop=114MPa
  [ 240] OK     f=   0.339  a=24.8 b=33.5 gap=29.6 (face=3.2mm) n=[318, 318, 276, 276, 15, 15, 113, 113, 34, 34, 52, 52, 3, 3]  tape=0.339km B=10.53T unif=3.561% hoop=126MPa
  [a=25 b=33 nt=1574] KSP converged reason: 4, iterations: 1
  [a=24 b=32 nt=1380] KSP converged reason: 4, iterations: 1
  [a=25 b=32 nt=1448] KSP converged reason: 4, iterations: 1
  [a=25 b=32 nt=1344] KSP converged reason: 4, iterations: 1
  [a=25 b=33 nt=1860] KSP converged reason: 4, iterations: 1
  [a=25 b=32 nt=1514] KSP converged reason: 4, iterations: 1
  [a=24 b=31 nt=2152] KSP converged reason: 4, iterations: 1
  [a=26 b=33 nt=2074] KSP converged reason: 4, iterations: 1
  [a=25 b=33 nt=1982] KSP converged reason: 4, iterations: 1
  [a=24 b=31 nt=1956] KSP converged reason: 4, iterations: 1
  [ 241] viol   f=   0.511  a=24.8 b=31.9 gap=29.5 (face=3.0mm) n=[305, 305, 226, 226, 57, 57, 46, 46, 23, 23, 23, 23, 44, 44]  tape=0.299km B=9.67T unif=3.946% hoop=120MPa
  [ 242] OK     f=   0.352  a=24.5 b=33.5 gap=29.5 (face=3.0mm) n=[367, 367, 169, 169, 62, 62, 46, 46, 39, 39, 60, 60, 44, 44]  tape=0.352km B=10.33T unif=3.564% hoop=120MPa
  [ 243] viol   f=   0.970  a=25.3 b=32.4 gap=29.5 (face=3.1mm) n=[257, 257, 211, 211, 109, 109, 27, 27, 105, 105, 5, 5, 43, 43]  tape=0.311km B=9.43T unif=4.095% hoop=133MPa
  [ 244] viol   f=   0.736  a=24.4 b=32.3 gap=29.5 (face=3.0mm) n=[339, 339, 209, 209, 19, 19, 39, 39, 27, 27, 49, 49, 8, 8]  tape=0.288km B=9.53T unif=3.273% hoop=111MPa
  [ 245] OK     f=   0.376  a=24.7 b=32.9 gap=30.3 (face=4.7mm) n=[229, 229, 221, 221, 264, 264, 116, 116, 14, 14, 24, 24, 62, 62]  tape=0.376km B=10.05T unif=2.337% hoop=139MPa
  [ 246] viol   f=   1.884  a=24.8 b=32.3 gap=30.0 (face=3.9mm) n=[307, 307, 179, 179, 100, 100, 17, 17, 44, 44, 17, 17, 8, 8]  tape=0.282km B=9.10T unif=4.702% hoop=115MPa
  [ 247] OK     f=   0.463  a=25.9 b=32.9 gap=29.6 (face=3.3mm) n=[353, 353, 148, 148, 147, 147, 21, 21, 71, 71, 204, 204, 93, 93]  tape=0.463km B=10.89T unif=3.110% hoop=147MPa
  [ 248] OK     f=   0.445  a=23.9 b=30.9 gap=30.0 (face=3.9mm) n=[374, 374, 204, 204, 257, 257, 144, 144, 31, 31, 27, 27, 39, 39]  tape=0.445km B=13.05T unif=2.649% hoop=142MPa
  [ 249] OK     f=   0.429  a=24.5 b=33.1 gap=29.8 (face=3.6mm) n=[319, 319, 196, 196, 167, 167, 11, 11, 84, 84, 113, 113, 101, 101]  tape=0.429km B=10.93T unif=3.295% hoop=137MPa
  [ 250] OK     f=   0.404  a=24.4 b=31.5 gap=29.5 (face=3.0mm) n=[366, 366, 313, 313, 90, 90, 49, 49, 62, 62, 95, 95, 3, 3]  tape=0.404km B=13.12T unif=5.781% hoop=141MPa
  [a=24 b=32 nt=1954] KSP converged reason: 4, iterations: 1
  [a=24 b=32 nt=1934] KSP converged reason: 4, iterations: 1
  [a=25 b=33 nt=1692] KSP converged reason: 4, iterations: 1
  [a=25 b=33 nt=1858] KSP converged reason: 4, iterations: 1
  [a=25 b=33 nt=1384] KSP converged reason: 4, iterations: 1
  [a=24 b=33 nt=1840] KSP converged reason: 4, iterations: 1
  [a=25 b=33 nt=1818] KSP converged reason: 4, iterations: 1
  [a=25 b=34 nt=1816] KSP converged reason: 4, iterations: 1
  [a=25 b=34 nt=1834] KSP converged reason: 4, iterations: 1
  [a=25 b=33 nt=1942] KSP converged reason: 4, iterations: 1
  [ 251] OK     f=   0.393  a=24.0 b=33.1 gap=29.7 (face=3.5mm) n=[235, 235, 313, 313, 109, 109, 122, 122, 51, 51, 51, 51, 39, 39]  tape=0.393km B=10.48T unif=1.148% hoop=143MPa
  [ 252] OK     f=   0.413  a=24.8 b=33.3 gap=29.6 (face=3.2mm) n=[344, 344, 137, 137, 161, 161, 33, 33, 115, 115, 21, 21, 118, 118]  tape=0.413km B=10.45T unif=2.706% hoop=132MPa
  [ 253] viol   f=   1.319  a=24.9 b=32.5 gap=29.7 (face=3.4mm) n=[319, 319, 178, 178, 96, 96, 20, 20, 23, 23, 55, 55, 1, 1]  tape=0.294km B=9.28T unif=3.879% hoop=115MPa
  [ 254] OK     f=   0.373  a=24.6 b=32.7 gap=30.3 (face=4.7mm) n=[364, 364, 185, 185, 19, 19, 57, 57, 39, 39, 88, 88, 94, 94]  tape=0.373km B=10.03T unif=3.761% hoop=112MPa
  [ 255] OK     f=   0.412  a=23.9 b=32.4 gap=29.6 (face=3.2mm) n=[402, 402, 235, 235, 221, 221, 51, 51, 2, 2, 11, 11, 45, 45]  tape=0.412km B=12.75T unif=1.624% hoop=147MPa
  [ 256] OK     f=   0.444  a=24.1 b=32.5 gap=29.5 (face=3.0mm) n=[434, 434, 177, 177, 77, 77, 81, 81, 40, 40, 51, 51, 117, 117]  tape=0.444km B=12.27T unif=2.045% hoop=134MPa
  [ 257] OK     f=   0.392  a=25.0 b=33.4 gap=29.5 (face=3.1mm) n=[325, 325, 177, 177, 227, 227, 83, 83, 34, 34, 54, 54, 9, 9]  tape=0.392km B=10.98T unif=2.661% hoop=134MPa
  [ 258] OK     f=   0.399  a=24.9 b=33.6 gap=29.6 (face=3.1mm) n=[332, 332, 199, 199, 155, 155, 14, 14, 95, 95, 91, 91, 22, 22]  tape=0.399km B=10.74T unif=3.537% hoop=135MPa
  [ 259] OK     f=   0.428  a=25.5 b=33.9 gap=29.9 (face=3.9mm) n=[421, 421, 173, 173, 116, 116, 31, 31, 73, 73, 55, 55, 48, 48]  tape=0.428km B=11.32T unif=1.740% hoop=129MPa
  [ 260] OK     f=   0.427  a=25.1 b=33.0 gap=29.6 (face=3.2mm) n=[392, 392, 259, 259, 171, 171, 38, 38, 32, 32, 33, 33, 46, 46]  tape=0.427km B=12.45T unif=2.318% hoop=146MPa
  [a=26 b=33 nt=2304] KSP converged reason: 4, iterations: 1
  [a=24 b=32 nt=1966] KSP converged reason: 4, iterations: 1
  [a=25 b=33 nt=2118] KSP converged reason: 4, iterations: 1
  [a=25 b=33 nt=1704] KSP converged reason: 4, iterations: 1
  [a=24 b=32 nt=1438] KSP converged reason: 4, iterations: 1
  [a=24 b=33 nt=1670] KSP converged reason: 4, iterations: 1
  [a=24 b=32 nt=1950] KSP converged reason: 4, iterations: 1
  [a=25 b=33 nt=2260] KSP converged reason: 4, iterations: 1
  [a=24 b=33 nt=1532] KSP converged reason: 4, iterations: 1
  [a=24 b=33 nt=1506] KSP converged reason: 4, iterations: 1
  [ 261] viol   f=   0.366  a=24.5 b=32.5 gap=30.0 (face=4.0mm) n=[342, 342, 184, 184, 135, 135, 1, 1, 13, 13, 41, 41, 3, 3]  tape=0.303km B=9.82T unif=3.722% hoop=117MPa
  [ 262] OK     f=   0.519  a=25.5 b=33.4 gap=29.6 (face=3.2mm) n=[377, 377, 131, 131, 272, 272, 139, 139, 86, 86, 92, 92, 55, 55]  tape=0.519km B=12.79T unif=1.441% hoop=152MPa
  [ 263] OK     f=   0.397  a=23.9 b=31.7 gap=29.6 (face=3.1mm) n=[329, 329, 165, 165, 287, 287, 6, 6, 130, 130, 21, 21, 45, 45]  tape=0.397km B=11.44T unif=1.971% hoop=124MPa
  [ 264] OK     f=   0.354  a=24.5 b=33.4 gap=29.7 (face=3.3mm) n=[301, 301, 206, 206, 173, 173, 16, 16, 39, 39, 81, 81, 19, 19]  tape=0.354km B=10.23T unif=3.861% hoop=129MPa
  [ 265] OK     f=   0.454  a=24.9 b=33.3 gap=30.5 (face=5.1mm) n=[334, 334, 240, 240, 78, 78, 76, 76, 40, 40, 245, 245, 46, 46]  tape=0.454km B=11.62T unif=5.381% hoop=140MPa
  [ 266] OK     f=   0.368  a=24.9 b=32.9 gap=29.6 (face=3.2mm) n=[329, 329, 143, 143, 207, 207, 85, 85, 14, 14, 29, 29, 45, 45]  tape=0.368km B=10.32T unif=2.382% hoop=124MPa
  [ 267] OK     f=   0.503  a=25.1 b=33.4 gap=29.8 (face=3.6mm) n=[393, 393, 279, 279, 198, 198, 125, 125, 50, 50, 26, 26, 59, 59]  tape=0.503km B=13.69T unif=2.172% hoop=161MPa
  [ 268] OK     f=   0.443  a=24.3 b=32.2 gap=30.6 (face=5.2mm) n=[440, 440, 140, 140, 99, 99, 126, 126, 94, 94, 47, 47, 29, 29]  tape=0.443km B=12.67T unif=4.538% hoop=132MPa
  [ 269] viol   f=   1.041  a=23.8 b=33.3 gap=29.7 (face=3.5mm) n=[314, 314, 215, 215, 2, 2, 23, 23, 36, 36, 99, 99, 77, 77]  tape=0.324km B=9.40T unif=4.329% hoop=108MPa
  [ 270] viol   f=   1.020  a=24.3 b=33.2 gap=29.7 (face=3.5mm) n=[347, 347, 91, 91, 107, 107, 45, 45, 59, 59, 44, 44, 60, 60]  tape=0.336km B=9.42T unif=3.827% hoop=109MPa
  [a=25 b=33 nt=2268] KSP converged reason: 4, iterations: 1
  [a=24 b=33 nt=1682] KSP converged reason: 4, iterations: 1
  [a=25 b=32 nt=1908] KSP converged reason: 4, iterations: 1
  [a=25 b=33 nt=1854] KSP converged reason: 4, iterations: 1
  [a=24 b=33 nt=1714] KSP converged reason: 4, iterations: 1
  [a=24 b=34 nt=1780] KSP converged reason: 4, iterations: 1
  [a=24 b=32 nt=1624] KSP converged reason: 4, iterations: 1
  [a=24 b=32 nt=1900] KSP converged reason: 4, iterations: 1
  [a=25 b=32 nt=1712] KSP converged reason: 4, iterations: 1
  [a=24 b=33 nt=1496] KSP converged reason: 4, iterations: 1
  [ 271] OK     f=   0.402  a=24.6 b=33.3 gap=29.8 (face=3.6mm) n=[345, 345, 176, 176, 215, 215, 105, 105, 34, 34, 50, 50, 2, 2]  tape=0.402km B=11.32T unif=3.481% hoop=139MPa
  [ 272] OK     f=   0.378  a=24.4 b=33.4 gap=30.6 (face=5.3mm) n=[416, 416, 157, 157, 130, 130, 79, 79, 34, 34, 4, 4, 21, 21]  tape=0.378km B=11.43T unif=4.955% hoop=131MPa
  [ 273] OK     f=   0.530  a=25.2 b=33.5 gap=29.5 (face=3.0mm) n=[437, 437, 223, 223, 53, 53, 68, 68, 116, 116, 152, 152, 85, 85]  tape=0.530km B=12.75T unif=1.712% hoop=140MPa
  [ 274] OK     f=   0.416  a=24.6 b=31.8 gap=29.6 (face=3.1mm) n=[377, 377, 165, 165, 188, 188, 85, 85, 59, 59, 31, 31, 49, 49]  tape=0.416km B=12.03T unif=1.522% hoop=151MPa
  [ 275] OK     f=   0.367  a=23.8 b=33.3 gap=30.0 (face=4.0mm) n=[316, 316, 212, 212, 121, 121, 75, 75, 5, 5, 97, 97, 31, 31]  tape=0.367km B=10.91T unif=4.190% hoop=133MPa
  [ 276] OK     f=   0.384  a=24.0 b=34.2 gap=30.2 (face=4.4mm) n=[315, 315, 209, 209, 183, 183, 18, 18, 70, 70, 1, 1, 94, 94]  tape=0.384km B=10.56T unif=4.441% hoop=129MPa
  [ 277] OK     f=   0.342  a=24.2 b=32.0 gap=29.7 (face=3.4mm) n=[332, 332, 120, 120, 199, 199, 90, 90, 14, 14, 43, 43, 14, 14]  tape=0.342km B=10.09T unif=1.997% hoop=116MPa
  [ 278] OK     f=   0.366  a=23.8 b=32.3 gap=29.9 (face=3.7mm) n=[247, 247, 254, 254, 243, 243, 11, 11, 50, 50, 135, 135, 10, 10]  tape=0.366km B=10.68T unif=2.760% hoop=129MPa
  [ 279] OK     f=   0.355  a=25.0 b=32.0 gap=29.6 (face=3.2mm) n=[316, 316, 131, 131, 258, 258, 35, 35, 61, 61, 30, 30, 25, 25]  tape=0.355km B=10.27T unif=2.186% hoop=121MPa
  [ 280] viol   f=   1.212  a=24.1 b=32.6 gap=29.8 (face=3.7mm) n=[305, 305, 153, 153, 94, 94, 39, 39, 24, 24, 122, 122, 11, 11]  tape=0.317km B=9.33T unif=4.184% hoop=113MPa
  [a=25 b=32 nt=2498] KSP converged reason: 4, iterations: 1
  [a=24 b=32 nt=1362] KSP converged reason: 4, iterations: 1
  [a=23 b=31 nt=2192] KSP converged reason: 4, iterations: 1
  [a=24 b=31 nt=1814] KSP converged reason: 4, iterations: 1
  [a=24 b=32 nt=1996] KSP converged reason: 4, iterations: 1
  [a=25 b=32 nt=1882] KSP converged reason: 4, iterations: 1
  [a=25 b=33 nt=1806] KSP converged reason: 4, iterations: 1
  [a=24 b=31 nt=1808] KSP converged reason: 4, iterations: 1
  [a=24 b=33 nt=2010] KSP converged reason: 4, iterations: 1
  [ 281] viol   f=   1.019  a=24.6 b=32.1 gap=29.9 (face=3.7mm) n=[244, 244, 162, 162, 151, 151, 123, 123, 26, 26, 101, 101, 134, 134]  tape=0.384km B=9.44T unif=3.533% hoop=135MPa
  [ 282] viol   f=   2.410  a=24.4 b=32.2 gap=29.6 (face=3.2mm) n=[311, 311, 98, 98, 109, 109, 94, 94, 14, 14, 38, 38, 17, 17]  tape=0.291km B=8.97T unif=3.642% hoop=111MPa
  [ 283] OK     f=   0.366  a=24.2 b=31.2 gap=29.7 (face=3.4mm) n=[290, 290, 106, 106, 253, 253, 41, 41, 40, 40, 118, 118, 59, 59]  tape=0.366km B=10.15T unif=3.677% hoop=122MPa
  [ 284] OK     f=   0.434  a=23.4 b=31.4 gap=29.6 (face=3.1mm) n=[300, 300, 252, 252, 248, 248, 44, 44, 67, 67, 127, 127, 58, 58]  tape=0.434km B=12.33T unif=3.505% hoop=140MPa
  [ 285] OK     f=   0.407  a=23.9 b=32.3 gap=29.5 (face=3.0mm) n=[304, 304, 187, 187, 233, 233, 164, 164, 2, 2, 100, 100, 8, 8]  tape=0.407km B=11.41T unif=3.133% hoop=135MPa
  [ 286] OK     f=   0.517  a=24.6 b=31.7 gap=29.8 (face=3.6mm) n=[364, 364, 125, 125, 368, 368, 168, 168, 98, 98, 103, 103, 23, 23]  tape=0.517km B=13.15T unif=3.186% hoop=134MPa
  [ 287] INFEAS f=1002.615  a=24.7 b=32.5 gap=30.0 (face=4.1mm) n=[468, 468, 118, 118, 276, 276, 86, 86, 11, 11, 10, 10, 65, 65]  no evaluation (geometry pre-check)
  [ 288] viol   f=   0.670  a=24.5 b=32.7 gap=30.3 (face=4.5mm) n=[267, 267, 163, 163, 236, 236, 22, 22, 3, 3, 92, 92, 120, 120]  tape=0.368km B=9.61T unif=3.539% hoop=119MPa
  [ 289] OK     f=   0.383  a=24.4 b=31.2 gap=31.3 (face=6.5mm) n=[327, 327, 186, 186, 121, 121, 104, 104, 57, 57, 65, 65, 44, 44]  tape=0.383km B=10.98T unif=5.333% hoop=133MPa
  [ 290] OK     f=   0.415  a=24.5 b=33.1 gap=30.0 (face=4.0mm) n=[289, 289, 207, 207, 260, 260, 84, 84, 7, 7, 82, 82, 76, 76]  tape=0.415km B=11.10T unif=2.978% hoop=136MPa
  [a=24 b=31 nt=1726] KSP converged reason: 4, iterations: 1
  [a=24 b=32 nt=1726] KSP converged reason: 4, iterations: 1
  [a=24 b=30 nt=1830] KSP converged reason: 4, iterations: 1
  [a=24 b=33 nt=1998] KSP converged reason: 4, iterations: 1
  [a=24 b=30 nt=1984] KSP converged reason: 4, iterations: 1
  [a=24 b=32 nt=1544] KSP converged reason: 4, iterations: 1
  [a=24 b=32 nt=2270] KSP converged reason: 4, iterations: 1
  [a=25 b=32 nt=1868] KSP converged reason: 4, iterations: 1
  [a=24 b=32 nt=2100] KSP converged reason: 4, iterations: 1
  [a=23 b=31 nt=1688] KSP converged reason: 4, iterations: 1
  [ 291] OK     f=   0.396  a=24.4 b=29.9 gap=30.2 (face=4.5mm) n=[300, 300, 172, 172, 197, 197, 35, 35, 58, 58, 170, 170, 60, 60]  tape=0.396km B=10.99T unif=5.622% hoop=136MPa
  [ 292] OK     f=   0.352  a=23.8 b=30.1 gap=29.7 (face=3.4mm) n=[299, 299, 201, 201, 252, 252, 89, 89, 5, 5, 6, 6, 63, 63]  tape=0.352km B=11.31T unif=5.259% hoop=127MPa
  [ 293] OK     f=   0.416  a=24.1 b=32.5 gap=30.3 (face=4.7mm) n=[313, 313, 232, 232, 195, 195, 80, 80, 42, 42, 130, 130, 7, 7]  tape=0.416km B=11.83T unif=4.876% hoop=144MPa
  [ 294] viol   f=   0.359  a=24.0 b=32.3 gap=29.7 (face=3.5mm) n=[268, 268, 217, 217, 131, 131, 37, 37, 74, 74, 29, 29, 16, 16]  tape=0.314km B=9.85T unif=4.239% hoop=126MPa
  [ 295] OK     f=   0.361  a=24.3 b=31.0 gap=30.8 (face=5.7mm) n=[355, 355, 109, 109, 206, 206, 117, 117, 46, 46, 24, 24, 6, 6]  tape=0.361km B=10.68T unif=7.400% hoop=121MPa
  [ 296] OK     f=   0.359  a=24.4 b=31.5 gap=29.6 (face=3.2mm) n=[321, 321, 179, 179, 191, 191, 25, 25, 28, 28, 42, 42, 77, 77]  tape=0.359km B=10.53T unif=3.485% hoop=131MPa
  [ 297] OK     f=   0.475  a=24.0 b=31.6 gap=29.5 (face=3.1mm) n=[331, 331, 139, 139, 252, 252, 64, 64, 72, 72, 148, 148, 129, 129]  tape=0.475km B=11.47T unif=1.655% hoop=126MPa
  [ 298] OK     f=   0.406  a=24.8 b=31.5 gap=29.8 (face=3.6mm) n=[394, 394, 143, 143, 186, 186, 131, 131, 22, 22, 9, 9, 49, 49]  tape=0.406km B=11.62T unif=2.846% hoop=132MPa
  [ 299] viol   f=   2.279  a=23.5 b=31.3 gap=30.7 (face=5.4mm) n=[211, 211, 193, 193, 306, 306, 32, 32, 81, 81, 12, 12, 9, 9]  tape=0.337km B=9.01T unif=1.387% hoop=132MPa
  [ 300] OK     f=   0.433  a=24.4 b=31.9 gap=29.8 (face=3.5mm) n=[346, 346, 67, 67, 313, 313, 113, 113, 153, 153, 39, 39, 19, 19]  tape=0.433km B=11.43T unif=2.928% hoop=119MPa
  [a=24 b=31 nt=2328] KSP converged reason: 4, iterations: 1
  [a=24 b=31 nt=1632] KSP converged reason: 4, iterations: 1
  [a=24 b=32 nt=1612] KSP converged reason: 4, iterations: 1
  [a=24 b=32 nt=1532] KSP converged reason: 4, iterations: 1
  [a=24 b=30 nt=2088] KSP converged reason: 4, iterations: 1
  [a=25 b=31 nt=1588] KSP converged reason: 4, iterations: 1
  [a=24 b=31 nt=1918] KSP converged reason: 4, iterations: 1
  [a=24 b=31 nt=1870] KSP converged reason: 4, iterations: 1
  [a=24 b=30 nt=1784] KSP converged reason: 4, iterations: 1
  [a=24 b=32 nt=2020] KSP converged reason: 4, iterations: 1
  [ 301] OK     f=   0.310  a=23.7 b=31.6 gap=29.9 (face=3.7mm) n=[319, 319, 236, 236, 77, 77, 7, 7, 71, 71, 55, 55, 1, 1]  tape=0.310km B=10.59T unif=4.861% hoop=122MPa
  [ 302] viol   f=   2.096  a=24.6 b=31.4 gap=29.6 (face=3.2mm) n=[278, 278, 56, 56, 264, 264, 37, 37, 34, 34, 24, 24, 101, 101]  tape=0.315km B=9.06T unif=2.788% hoop=116MPa
  [ 303] OK     f=   0.473  a=23.9 b=30.8 gap=29.8 (face=3.6mm) n=[352, 352, 237, 237, 281, 281, 84, 84, 116, 116, 38, 38, 56, 56]  tape=0.473km B=13.78T unif=7.079% hoop=152MPa
  [ 304] OK     f=   0.404  a=23.8 b=30.2 gap=29.6 (face=3.1mm) n=[278, 278, 183, 183, 269, 269, 87, 87, 76, 76, 51, 51, 100, 100]  tape=0.404km B=11.79T unif=3.457% hoop=139MPa
  [ 305] OK     f=   0.332  a=23.6 b=30.8 gap=29.5 (face=3.0mm) n=[365, 365, 169, 169, 210, 210, 14, 14, 4, 4, 28, 28, 26, 26]  tape=0.332km B=11.01T unif=1.515% hoop=117MPa
  [ 306] viol   f=   0.339  a=24.0 b=31.9 gap=29.8 (face=3.6mm) n=[348, 348, 38, 38, 187, 187, 171, 171, 3, 3, 54, 54, 5, 5]  tape=0.337km B=9.97T unif=2.654% hoop=124MPa
  [ 307] OK     f=   0.362  a=24.0 b=31.3 gap=29.8 (face=3.6mm) n=[253, 253, 226, 226, 263, 263, 41, 41, 61, 61, 47, 47, 44, 44]  tape=0.362km B=10.63T unif=2.987% hoop=132MPa
  [ 308] OK     f=   0.339  a=23.7 b=30.4 gap=30.3 (face=4.6mm) n=[261, 261, 212, 212, 229, 229, 74, 74, 19, 19, 91, 91, 6, 6]  tape=0.339km B=10.79T unif=4.386% hoop=135MPa
  [ 309] OK     f=   0.421  a=24.2 b=31.0 gap=30.0 (face=4.0mm) n=[420, 420, 161, 161, 145, 145, 89, 89, 74, 74, 22, 22, 48, 48]  tape=0.421km B=12.83T unif=7.604% hoop=150MPa
  [ 310] OK     f=   0.410  a=24.4 b=31.7 gap=30.0 (face=4.0mm) n=[274, 274, 190, 190, 188, 188, 111, 111, 6, 6, 137, 137, 104, 104]  tape=0.410km B=10.87T unif=4.093% hoop=149MPa
  [a=24 b=32 nt=1982] KSP converged reason: 4, iterations: 1
  [a=24 b=32 nt=1864] KSP converged reason: 4, iterations: 1
  [a=24 b=31 nt=1662] KSP converged reason: 4, iterations: 1
  [a=24 b=31 nt=1860] KSP converged reason: 4, iterations: 1
  [a=24 b=32 nt=1840] KSP converged reason: 4, iterations: 1
  [a=23 b=32 nt=1692] KSP converged reason: 4, iterations: 1
  [a=24 b=31 nt=1926] KSP converged reason: 4, iterations: 1
  [a=24 b=32 nt=1584] KSP converged reason: 4, iterations: 1
  [a=24 b=31 nt=1450] KSP converged reason: 4, iterations: 1
  [a=24 b=30 nt=1754] KSP converged reason: 4, iterations: 1
  [ 311] OK     f=   0.362  a=23.7 b=31.8 gap=29.5 (face=3.1mm) n=[309, 309, 301, 301, 173, 173, 45, 45, 3, 3, 85, 85, 4, 4]  tape=0.362km B=11.90T unif=3.587% hoop=130MPa
  [ 312] OK     f=   0.393  a=24.4 b=31.9 gap=29.5 (face=3.1mm) n=[336, 336, 189, 189, 202, 202, 43, 43, 3, 3, 68, 68, 91, 91]  tape=0.393km B=11.14T unif=2.619% hoop=136MPa
  [ 313] OK     f=   0.426  a=24.0 b=32.3 gap=29.5 (face=3.0mm) n=[367, 367, 111, 111, 254, 254, 108, 108, 4, 4, 85, 85, 62, 62]  tape=0.426km B=11.43T unif=1.242% hoop=122MPa
  [ 314] OK     f=   0.347  a=23.3 b=31.8 gap=29.6 (face=3.1mm) n=[305, 305, 210, 210, 138, 138, 33, 33, 10, 10, 71, 71, 79, 79]  tape=0.347km B=10.40T unif=4.015% hoop=121MPa
  [ 315] OK     f=   0.346  a=23.5 b=31.2 gap=29.6 (face=3.3mm) n=[306, 306, 117, 117, 155, 155, 82, 82, 50, 50, 81, 81, 40, 40]  tape=0.346km B=10.55T unif=3.034% hoop=130MPa
  [ 316] OK     f=   0.372  a=23.6 b=30.5 gap=29.6 (face=3.2mm) n=[299, 299, 193, 193, 189, 189, 63, 63, 121, 121, 30, 30, 35, 35]  tape=0.372km B=11.37T unif=3.479% hoop=147MPa
  [ 317] viol   f=   1.092  a=23.8 b=31.1 gap=29.5 (face=3.1mm) n=[280, 280, 144, 144, 132, 132, 29, 29, 101, 101, 23, 23, 16, 16]  tape=0.294km B=9.37T unif=4.406% hoop=124MPa
  [ 318] OK     f=   0.374  a=24.0 b=31.4 gap=29.8 (face=3.5mm) n=[314, 314, 218, 218, 308, 308, 49, 49, 11, 11, 18, 18, 45, 45]  tape=0.374km B=11.82T unif=4.060% hoop=132MPa
  [ 319] OK     f=   0.311  a=24.3 b=31.5 gap=29.6 (face=3.1mm) n=[295, 295, 195, 195, 237, 237, 6, 6, 7, 7, 26, 26, 26, 26]  tape=0.311km B=10.26T unif=4.118% hoop=122MPa
  [ 320] OK     f=   0.362  a=23.7 b=30.0 gap=29.5 (face=3.0mm) n=[325, 325, 128, 128, 154, 154, 59, 59, 65, 65, 50, 50, 96, 96]  tape=0.362km B=10.65T unif=3.349% hoop=128MPa
  [a=23 b=32 nt=1786] KSP converged reason: 4, iterations: 1
  [a=23 b=31 nt=1804] KSP converged reason: 4, iterations: 1
  [a=24 b=32 nt=1908] KSP converged reason: 4, iterations: 1
  [a=24 b=31 nt=1590] KSP converged reason: 4, iterations: 1
  [a=22 b=31 nt=1732] KSP converged reason: 4, iterations: 1
  [a=24 b=31 nt=1610] KSP converged reason: 4, iterations: 1
  [a=24 b=33 nt=1596] KSP converged reason: 4, iterations: 1
  [a=24 b=31 nt=1434] KSP converged reason: 4, iterations: 1
  [a=24 b=33 nt=1750] KSP converged reason: 4, iterations: 1
  [a=24 b=31 nt=1726] KSP converged reason: 4, iterations: 1
  [ 321] OK     f=   0.333  a=22.4 b=30.9 gap=29.8 (face=3.6mm) n=[289, 289, 141, 141, 266, 266, 83, 83, 15, 15, 53, 53, 19, 19]  tape=0.333km B=10.47T unif=3.393% hoop=110MPa
  [ 322] OK     f=   0.315  a=23.6 b=31.4 gap=29.8 (face=3.7mm) n=[264, 264, 223, 223, 180, 180, 56, 56, 16, 16, 48, 48, 18, 18]  tape=0.315km B=10.20T unif=4.262% hoop=126MPa
  [ 323] OK     f=   0.369  a=23.5 b=30.9 gap=29.5 (face=3.0mm) n=[350, 350, 193, 193, 215, 215, 46, 46, 29, 29, 33, 33, 36, 36]  tape=0.369km B=11.66T unif=1.544% hoop=130MPa
  [ 324] OK     f=   0.364  a=23.1 b=31.8 gap=29.5 (face=3.0mm) n=[353, 353, 244, 244, 193, 193, 16, 16, 25, 25, 23, 23, 39, 39]  tape=0.364km B=11.89T unif=2.125% hoop=131MPa
  [ 325] OK     f=   0.389  a=24.3 b=31.7 gap=29.6 (face=3.2mm) n=[307, 307, 155, 155, 267, 267, 56, 56, 52, 52, 94, 94, 23, 23]  tape=0.389km B=10.98T unif=2.567% hoop=127MPa
  [ 326] OK     f=   0.308  a=24.5 b=30.6 gap=29.8 (face=3.6mm) n=[294, 294, 172, 172, 254, 254, 8, 8, 46, 46, 16, 16, 5, 5]  tape=0.308km B=10.14T unif=4.339% hoop=119MPa
  [ 327] viol   f=   1.747  a=23.9 b=30.8 gap=29.6 (face=3.2mm) n=[281, 281, 127, 127, 177, 177, 37, 37, 22, 22, 55, 55, 18, 18]  tape=0.288km B=9.15T unif=3.275% hoop=112MPa
  [ 328] OK     f=   0.343  a=23.8 b=32.6 gap=29.5 (face=3.0mm) n=[357, 357, 164, 164, 148, 148, 14, 14, 36, 36, 16, 16, 63, 63]  tape=0.343km B=10.38T unif=2.694% hoop=122MPa
  [ 329] OK     f=   0.352  a=24.0 b=32.5 gap=29.7 (face=3.4mm) n=[283, 283, 259, 259, 176, 176, 61, 61, 3, 3, 63, 63, 30, 30]  tape=0.352km B=10.90T unif=3.537% hoop=129MPa
  [ 330] OK     f=   0.363  a=24.1 b=31.0 gap=29.6 (face=3.2mm) n=[386, 386, 234, 234, 87, 87, 27, 27, 70, 70, 42, 42, 17, 17]  tape=0.363km B=11.75T unif=1.683% hoop=131MPa
  [a=24 b=31 nt=1664] KSP converged reason: 4, iterations: 1
  [a=23 b=31 nt=1640] KSP converged reason: 4, iterations: 1
  [a=24 b=32 nt=1734] KSP converged reason: 4, iterations: 1
  [a=24 b=33 nt=2178] KSP converged reason: 4, iterations: 1
  [a=24 b=31 nt=1616] KSP converged reason: 4, iterations: 1
  [a=25 b=31 nt=1768] KSP converged reason: 4, iterations: 1
  [a=24 b=32 nt=1842] KSP converged reason: 4, iterations: 1
  [a=24 b=31 nt=1726] KSP converged reason: 4, iterations: 1
  [a=24 b=31 nt=1668] KSP converged reason: 4, iterations: 1
  [a=24 b=31 nt=1638] KSP converged reason: 4, iterations: 1
  [ 331] OK     f=   0.351  a=24.8 b=31.4 gap=29.8 (face=3.6mm) n=[268, 268, 155, 155, 281, 281, 37, 37, 93, 93, 49, 49, 1, 1]  tape=0.351km B=10.02T unif=2.531% hoop=128MPa
  [ 332] OK     f=   0.348  a=23.7 b=32.0 gap=29.7 (face=3.4mm) n=[298, 298, 212, 212, 227, 227, 32, 32, 45, 45, 20, 20, 33, 33]  tape=0.348km B=10.91T unif=3.712% hoop=130MPa
  [ 333] OK     f=   0.437  a=24.0 b=32.9 gap=30.3 (face=4.5mm) n=[262, 262, 265, 265, 293, 293, 141, 141, 73, 73, 27, 27, 28, 28]  tape=0.437km B=12.07T unif=3.045% hoop=144MPa
  [ 334] OK     f=   0.345  a=24.3 b=31.1 gap=29.7 (face=3.3mm) n=[327, 327, 145, 145, 191, 191, 83, 83, 53, 53, 20, 20, 13, 13]  tape=0.345km B=10.84T unif=3.769% hoop=131MPa
  [ 335] OK     f=   0.319  a=23.3 b=30.6 gap=29.8 (face=3.6mm) n=[303, 303, 186, 186, 231, 231, 26, 26, 9, 9, 33, 33, 32, 32]  tape=0.319km B=10.54T unif=4.899% hoop=117MPa
  [ 336] OK     f=   0.317  a=24.0 b=31.3 gap=29.8 (face=3.5mm) n=[282, 282, 217, 217, 208, 208, 22, 22, 20, 20, 19, 19, 40, 40]  tape=0.317km B=10.29T unif=4.598% hoop=126MPa
  [ 337] OK     f=   0.370  a=23.9 b=31.8 gap=29.7 (face=3.4mm) n=[281, 281, 218, 218, 200, 200, 114, 114, 23, 23, 42, 42, 43, 43]  tape=0.370km B=10.95T unif=3.817% hoop=136MPa
  [ 338] OK     f=   0.351  a=23.6 b=31.0 gap=29.6 (face=3.3mm) n=[303, 303, 164, 164, 187, 187, 57, 57, 88, 88, 57, 57, 7, 7]  tape=0.351km B=10.71T unif=2.728% hoop=132MPa
  [ 339] viol   f=   0.750  a=23.6 b=31.3 gap=29.6 (face=3.3mm) n=[226, 226, 206, 206, 264, 264, 41, 41, 22, 22, 67, 67, 8, 8]  tape=0.323km B=9.54T unif=2.069% hoop=128MPa
  [ 340] viol   f=   2.616  a=23.6 b=30.6 gap=29.7 (face=3.3mm) n=[209, 209, 175, 175, 298, 298, 88, 88, 24, 24, 7, 7, 18, 18]  tape=0.323km B=8.93T unif=0.643% hoop=130MPa
  [a=24 b=31 nt=1734] KSP converged reason: 4, iterations: 1
  [a=24 b=32 nt=1654] KSP converged reason: 4, iterations: 1
  [a=24 b=30 nt=1736] KSP converged reason: 4, iterations: 1
  [a=24 b=31 nt=1392] KSP converged reason: 4, iterations: 1
  [a=24 b=31 nt=1644] KSP converged reason: 4, iterations: 1
  [a=24 b=32 nt=1658] KSP converged reason: 4, iterations: 1
  [a=24 b=32 nt=1612] KSP converged reason: 4, iterations: 1
  [a=24 b=31 nt=1698] KSP converged reason: 4, iterations: 1
  [a=25 b=32 nt=1666] KSP converged reason: 4, iterations: 1
  [a=24 b=31 nt=1630] KSP converged reason: 4, iterations: 1
  [ 341] viol   f=   0.919  a=24.1 b=31.1 gap=29.7 (face=3.4mm) n=[289, 289, 170, 170, 170, 170, 36, 36, 14, 14, 5, 5, 12, 12]  tape=0.277km B=9.43T unif=4.368% hoop=115MPa
  [ 342] OK     f=   0.329  a=23.7 b=32.0 gap=29.8 (face=3.7mm) n=[277, 277, 203, 203, 219, 219, 7, 7, 54, 54, 41, 41, 28, 28]  tape=0.329km B=10.21T unif=3.611% hoop=123MPa
  [ 343] OK     f=   0.342  a=24.3 b=31.9 gap=30.0 (face=3.9mm) n=[340, 340, 169, 169, 225, 225, 4, 4, 31, 31, 23, 23, 35, 35]  tape=0.342km B=10.53T unif=2.947% hoop=118MPa
  [ 344] OK     f=   0.338  a=23.9 b=30.5 gap=29.6 (face=3.1mm) n=[308, 308, 166, 166, 267, 267, 44, 44, 64, 64, 15, 15, 4, 4]  tape=0.338km B=10.87T unif=3.379% hoop=120MPa
  [ 345] OK     f=   0.320  a=23.9 b=30.9 gap=29.9 (face=3.8mm) n=[283, 283, 198, 198, 231, 231, 45, 45, 17, 17, 24, 24, 24, 24]  tape=0.320km B=10.40T unif=4.092% hoop=124MPa
  [ 346] OK     f=   0.366  a=24.0 b=31.2 gap=29.7 (face=3.4mm) n=[359, 359, 190, 190, 149, 149, 48, 48, 74, 74, 22, 22, 25, 25]  tape=0.366km B=11.24T unif=2.344% hoop=130MPa
  [ 347] OK     f=   0.320  a=24.1 b=31.5 gap=29.5 (face=3.1mm) n=[274, 274, 157, 157, 233, 233, 73, 73, 9, 9, 56, 56, 4, 4]  tape=0.320km B=10.01T unif=3.467% hoop=122MPa
  [ 348] OK     f=   0.331  a=23.8 b=30.9 gap=29.9 (face=3.8mm) n=[291, 291, 220, 220, 214, 214, 55, 55, 2, 2, 61, 61, 6, 6]  tape=0.331km B=10.85T unif=5.446% hoop=132MPa
  [ 349] OK     f=   0.314  a=23.7 b=30.7 gap=29.7 (face=3.5mm) n=[272, 272, 177, 177, 236, 236, 58, 58, 56, 56, 9, 9, 7, 7]  tape=0.314km B=10.22T unif=4.158% hoop=120MPa
  [ 350] OK     f=   0.343  a=24.6 b=31.6 gap=30.5 (face=5.0mm) n=[318, 318, 227, 227, 159, 159, 35, 35, 44, 44, 16, 16, 34, 34]  tape=0.343km B=10.65T unif=5.685% hoop=130MPa
  [a=24 b=31 nt=1546] KSP converged reason: 4, iterations: 1
  [a=24 b=32 nt=1670] KSP converged reason: 4, iterations: 1
  [a=24 b=31 nt=1708] KSP converged reason: 4, iterations: 1
  [a=24 b=31 nt=1790] KSP converged reason: 4, iterations: 1
  [a=24 b=30 nt=1502] KSP converged reason: 4, iterations: 1
  [a=24 b=32 nt=1552] KSP converged reason: 4, iterations: 1
  [a=24 b=31 nt=1588] KSP converged reason: 4, iterations: 1
  [a=24 b=31 nt=1570] KSP converged reason: 4, iterations: 1
  [a=24 b=32 nt=1622] KSP converged reason: 4, iterations: 1
  [a=24 b=31 nt=1506] KSP converged reason: 4, iterations: 1
  [ 351] viol   f=   1.677  a=24.2 b=31.8 gap=29.6 (face=3.1mm) n=[239, 239, 185, 185, 260, 260, 17, 17, 14, 14, 38, 38, 23, 23]  tape=0.302km B=9.17T unif=2.037% hoop=124MPa
  [ 352] viol   f=   0.816  a=23.9 b=31.7 gap=29.9 (face=3.7mm) n=[250, 250, 188, 188, 296, 296, 25, 25, 23, 23, 17, 17, 36, 36]  tape=0.330km B=9.51T unif=1.748% hoop=126MPa
  [ 353] viol   f=   0.599  a=23.5 b=30.4 gap=30.0 (face=4.0mm) n=[262, 262, 182, 182, 265, 265, 6, 6, 5, 5, 6, 6, 25, 25]  tape=0.275km B=9.60T unif=4.153% hoop=112MPa
  [ 354] viol   f=   0.348  a=24.4 b=31.3 gap=29.7 (face=3.3mm) n=[227, 227, 229, 229, 278, 278, 43, 43, 44, 44, 15, 15, 18, 18]  tape=0.333km B=9.91T unif=1.983% hoop=140MPa
  [ 355] OK     f=   0.349  a=24.2 b=31.0 gap=29.8 (face=3.7mm) n=[266, 266, 206, 206, 228, 228, 99, 99, 35, 35, 42, 42, 19, 19]  tape=0.349km B=10.61T unif=3.662% hoop=133MPa
  [ 356] OK     f=   0.307  a=23.6 b=30.8 gap=30.0 (face=4.0mm) n=[292, 292, 184, 184, 176, 176, 56, 56, 17, 17, 30, 30, 18, 18]  tape=0.307km B=10.06T unif=4.876% hoop=127MPa
  [ 357] viol   f=   1.299  a=23.8 b=31.0 gap=29.7 (face=3.3mm) n=[225, 225, 204, 204, 266, 266, 11, 11, 31, 31, 48, 48, 9, 9]  tape=0.304km B=9.29T unif=2.101% hoop=127MPa
  [ 358] viol   f=   0.368  a=24.2 b=30.9 gap=29.6 (face=3.2mm) n=[288, 288, 175, 175, 193, 193, 31, 31, 15, 15, 10, 10, 73, 73]  tape=0.313km B=9.83T unif=3.541% hoop=122MPa
  [ 359] viol   f=   0.618  a=23.7 b=31.4 gap=29.5 (face=3.0mm) n=[278, 278, 148, 148, 253, 253, 11, 11, 54, 54, 6, 6, 3, 3]  tape=0.291km B=9.60T unif=3.025% hoop=114MPa
  [ 360] viol   f=   0.334  a=24.2 b=31.6 gap=29.7 (face=3.4mm) n=[307, 307, 166, 166, 195, 195, 13, 13, 18, 18, 56, 56, 56, 56]  tape=0.334km B=10.00T unif=3.253% hoop=118MPa
  [a=24 b=31 nt=1526] KSP converged reason: 4, iterations: 1
  [a=25 b=31 nt=1628] KSP converged reason: 4, iterations: 1
  [a=24 b=32 nt=1716] KSP converged reason: 4, iterations: 1
  [a=24 b=31 nt=1456] KSP converged reason: 4, iterations: 1
  [a=24 b=31 nt=1594] KSP converged reason: 4, iterations: 1
  [a=24 b=31 nt=1594] KSP converged reason: 4, iterations: 1
  [a=24 b=30 nt=1360] KSP converged reason: 4, iterations: 1
  [a=24 b=31 nt=1528] KSP converged reason: 4, iterations: 1
  [a=25 b=31 nt=1468] KSP converged reason: 4, iterations: 1
  [a=24 b=32 nt=1828] KSP converged reason: 4, iterations: 1
  [ 361] viol   f=   1.026  a=23.9 b=31.1 gap=30.0 (face=4.0mm) n=[277, 277, 149, 149, 243, 243, 13, 13, 17, 17, 11, 11, 18, 18]  tape=0.281km B=9.39T unif=4.500% hoop=111MPa
  [ 362] OK     f=   0.334  a=24.6 b=31.4 gap=29.7 (face=3.3mm) n=[319, 319, 168, 168, 207, 207, 10, 10, 22, 22, 69, 69, 19, 19]  tape=0.334km B=10.27T unif=3.483% hoop=120MPa
  [ 363] viol   f=   0.938  a=23.9 b=31.4 gap=29.8 (face=3.7mm) n=[246, 246, 185, 185, 262, 262, 18, 18, 28, 28, 39, 39, 19, 19]  tape=0.307km B=9.44T unif=2.664% hoop=122MPa
  [ 364] OK     f=   0.357  a=23.9 b=31.8 gap=29.8 (face=3.6mm) n=[302, 302, 181, 181, 163, 163, 25, 25, 53, 53, 67, 67, 67, 67]  tape=0.357km B=10.13T unif=3.782% hoop=125MPa
  [ 365] OK     f=   0.310  a=24.1 b=31.3 gap=29.7 (face=3.4mm) n=[275, 275, 221, 221, 208, 208, 18, 18, 24, 24, 31, 31, 20, 20]  tape=0.310km B=10.27T unif=3.761% hoop=126MPa
  [ 366] viol   f=   0.309  a=24.1 b=30.6 gap=29.5 (face=3.1mm) n=[323, 323, 144, 144, 191, 191, 29, 29, 17, 17, 53, 53, 6, 6]  tape=0.309km B=9.99T unif=2.547% hoop=114MPa
  [ 367] viol   f=   1.080  a=24.0 b=30.2 gap=29.7 (face=3.4mm) n=[279, 279, 182, 182, 186, 186, 6, 6, 8, 8, 2, 2, 17, 17]  tape=0.259km B=9.36T unif=4.527% hoop=116MPa
  [ 368] OK     f=   0.300  a=23.7 b=30.7 gap=29.7 (face=3.3mm) n=[308, 308, 200, 200, 190, 190, 9, 9, 15, 15, 17, 17, 25, 25]  tape=0.300km B=10.31T unif=4.451% hoop=125MPa
  [ 369] viol   f=   0.986  a=24.6 b=31.0 gap=29.9 (face=3.9mm) n=[301, 301, 166, 166, 159, 159, 21, 21, 7, 7, 31, 31, 49, 49]  tape=0.299km B=9.41T unif=3.935% hoop=124MPa
  [ 370] OK     f=   0.373  a=24.1 b=31.9 gap=30.0 (face=3.9mm) n=[299, 299, 192, 192, 228, 228, 75, 75, 68, 68, 31, 31, 21, 21]  tape=0.373km B=11.32T unif=3.756% hoop=138MPa
  [a=24 b=31 nt=1688] KSP converged reason: 4, iterations: 1
  [a=24 b=30 nt=1700] KSP converged reason: 4, iterations: 1
  [a=24 b=31 nt=1594] KSP converged reason: 4, iterations: 1
  [a=24 b=30 nt=1392] KSP converged reason: 4, iterations: 1
  [a=24 b=30 nt=1522] KSP converged reason: 4, iterations: 1
  [a=24 b=32 nt=1768] KSP converged reason: 4, iterations: 1
  [a=24 b=31 nt=1494] KSP converged reason: 4, iterations: 1
  [a=24 b=31 nt=1582] KSP converged reason: 4, iterations: 1
  [a=24 b=31 nt=1712] KSP converged reason: 4, iterations: 1
  [a=24 b=31 nt=1616] KSP converged reason: 4, iterations: 1
  [ 371] OK     f=   0.338  a=23.5 b=30.3 gap=29.5 (face=3.1mm) n=[322, 322, 173, 173, 214, 214, 11, 11, 20, 20, 64, 64, 46, 46]  tape=0.338km B=10.66T unif=1.453% hoop=120MPa
  [ 372] OK     f=   0.301  a=24.1 b=30.5 gap=29.5 (face=3.0mm) n=[301, 301, 192, 192, 175, 175, 38, 38, 7, 7, 41, 41, 7, 7]  tape=0.301km B=10.20T unif=3.919% hoop=129MPa
  [ 373] OK     f=   0.354  a=23.9 b=31.6 gap=29.6 (face=3.1mm) n=[282, 282, 188, 188, 224, 224, 28, 28, 23, 23, 95, 95, 44, 44]  tape=0.354km B=10.38T unif=3.216% hoop=124MPa
  [ 374] OK     f=   0.326  a=24.0 b=31.2 gap=29.7 (face=3.5mm) n=[326, 326, 194, 194, 168, 168, 6, 6, 21, 21, 45, 45, 37, 37]  tape=0.326km B=10.46T unif=3.608% hoop=125MPa
  [ 375] viol   f=   0.800  a=23.9 b=30.4 gap=29.6 (face=3.1mm) n=[311, 311, 138, 138, 188, 188, 14, 14, 14, 14, 11, 11, 20, 20]  tape=0.276km B=9.49T unif=2.420% hoop=109MPa
  [ 376] OK     f=   0.330  a=23.7 b=30.7 gap=29.7 (face=3.3mm) n=[334, 334, 206, 206, 244, 244, 18, 18, 5, 5, 6, 6, 31, 31]  tape=0.330km B=11.28T unif=5.100% hoop=125MPa
  [ 377] OK     f=   0.300  a=24.5 b=31.1 gap=29.5 (face=3.0mm) n=[316, 316, 181, 181, 190, 190, 16, 16, 1, 1, 36, 36, 7, 7]  tape=0.300km B=10.06T unif=2.837% hoop=125MPa
  [ 378] OK     f=   0.308  a=24.2 b=30.9 gap=29.6 (face=3.3mm) n=[296, 296, 204, 204, 224, 224, 38, 38, 1, 1, 17, 17, 11, 11]  tape=0.308km B=10.46T unif=3.576% hoop=124MPa
  [ 379] OK     f=   0.317  a=23.6 b=31.0 gap=29.5 (face=3.1mm) n=[289, 289, 226, 226, 179, 179, 35, 35, 10, 10, 29, 29, 40, 40]  tape=0.317km B=10.56T unif=3.992% hoop=127MPa
  [ 380] OK     f=   0.346  a=24.2 b=30.7 gap=29.5 (face=3.0mm) n=[309, 309, 190, 190, 199, 199, 56, 56, 27, 27, 51, 51, 24, 24]  tape=0.346km B=10.77T unif=3.417% hoop=133MPa
  [a=24 b=31 nt=1536] KSP converged reason: 4, iterations: 1
  [a=24 b=31 nt=1602] KSP converged reason: 4, iterations: 1
  [a=24 b=31 nt=1514] KSP converged reason: 4, iterations: 1
  [a=24 b=30 nt=1690] KSP converged reason: 4, iterations: 1
  [a=24 b=31 nt=1608] KSP converged reason: 4, iterations: 1
  [a=25 b=32 nt=1574] KSP converged reason: 4, iterations: 1
  [a=24 b=31 nt=1676] KSP converged reason: 4, iterations: 1
  [a=24 b=31 nt=1588] KSP converged reason: 4, iterations: 1
  [a=25 b=31 nt=1632] KSP converged reason: 4, iterations: 1
  [a=24 b=31 nt=1516] KSP converged reason: 4, iterations: 1
  [ 381] OK     f=   0.315  a=23.8 b=30.6 gap=29.5 (face=3.0mm) n=[360, 360, 148, 148, 178, 178, 18, 18, 18, 18, 11, 11, 35, 35]  tape=0.315km B=10.45T unif=2.022% hoop=114MPa
  [ 382] OK     f=   0.317  a=24.4 b=30.4 gap=29.6 (face=3.2mm) n=[279, 279, 253, 253, 237, 237, 26, 26, 4, 4, 40, 40, 6, 6]  tape=0.317km B=11.00T unif=4.804% hoop=132MPa
  [ 383] viol   f=   0.708  a=24.7 b=31.7 gap=29.7 (face=3.4mm) n=[256, 256, 219, 219, 172, 172, 2, 2, 15, 15, 78, 78, 45, 45]  tape=0.312km B=9.55T unif=4.116% hoop=125MPa
  [ 384] OK     f=   0.326  a=24.2 b=30.6 gap=29.6 (face=3.2mm) n=[324, 324, 182, 182, 163, 163, 33, 33, 2, 2, 44, 44, 53, 53]  tape=0.326km B=10.34T unif=2.306% hoop=127MPa
  [ 385] OK     f=   0.306  a=24.2 b=30.5 gap=29.5 (face=3.0mm) n=[254, 254, 214, 214, 217, 217, 38, 38, 25, 25, 31, 31, 25, 25]  tape=0.306km B=10.05T unif=3.794% hoop=127MPa
  [ 386] OK     f=   0.305  a=24.3 b=31.3 gap=29.5 (face=3.0mm) n=[304, 304, 197, 197, 174, 174, 5, 5, 19, 19, 39, 39, 19, 19]  tape=0.305km B=10.02T unif=3.915% hoop=124MPa
  [ 387] OK     f=   0.345  a=24.1 b=30.8 gap=29.5 (face=3.0mm) n=[362, 362, 220, 220, 153, 153, 27, 27, 18, 18, 39, 39, 19, 19]  tape=0.345km B=11.38T unif=2.043% hoop=127MPa
  [ 388] OK     f=   0.313  a=23.9 b=30.5 gap=29.9 (face=3.9mm) n=[286, 286, 183, 183, 192, 192, 51, 51, 29, 29, 43, 43, 10, 10]  tape=0.313km B=10.14T unif=6.057% hoop=126MPa
  [ 389] OK     f=   0.329  a=24.8 b=31.1 gap=29.5 (face=3.1mm) n=[298, 298, 219, 219, 174, 174, 61, 61, 10, 10, 20, 20, 34, 34]  tape=0.329km B=10.57T unif=4.208% hoop=135MPa
  [ 390] OK     f=   0.314  a=24.5 b=30.9 gap=29.5 (face=3.0mm) n=[342, 342, 172, 172, 141, 141, 48, 48, 15, 15, 29, 29, 11, 11]  tape=0.314km B=10.32T unif=2.150% hoop=121MPa
  [a=24 b=32 nt=1566] KSP converged reason: 4, iterations: 1
  [a=24 b=31 nt=1462] KSP converged reason: 4, iterations: 1
  [a=24 b=31 nt=1606] KSP converged reason: 4, iterations: 1
  [a=24 b=31 nt=1648] KSP converged reason: 4, iterations: 1
  [a=24 b=31 nt=1614] KSP converged reason: 4, iterations: 1
  [a=25 b=31 nt=1446] KSP converged reason: 4, iterations: 1
  [a=25 b=31 nt=1484] KSP converged reason: 4, iterations: 1
  [a=24 b=31 nt=1886] KSP converged reason: 4, iterations: 1
  [a=24 b=31 nt=1478] KSP converged reason: 4, iterations: 1
  [a=24 b=31 nt=1492] KSP converged reason: 4, iterations: 1
  [ 391] OK     f=   0.318  a=24.2 b=30.7 gap=29.5 (face=3.0mm) n=[297, 297, 205, 205, 191, 191, 22, 22, 30, 30, 44, 44, 14, 14]  tape=0.318km B=10.43T unif=4.591% hoop=129MPa
  [ 392] viol   f=   0.668  a=24.6 b=30.9 gap=29.7 (face=3.3mm) n=[289, 289, 156, 156, 204, 204, 44, 44, 14, 14, 4, 4, 12, 12]  tape=0.287km B=9.56T unif=3.383% hoop=117MPa
  [ 393] OK     f=   0.321  a=23.7 b=31.5 gap=29.6 (face=3.1mm) n=[316, 316, 208, 208, 131, 131, 55, 55, 8, 8, 28, 28, 37, 37]  tape=0.321km B=10.47T unif=3.140% hoop=124MPa
  [ 394] OK     f=   0.301  a=24.3 b=31.1 gap=29.5 (face=3.0mm) n=[344, 344, 167, 167, 148, 148, 2, 2, 23, 23, 38, 38, 9, 9]  tape=0.301km B=10.12T unif=2.596% hoop=120MPa
  [ 395] OK     f=   0.338  a=24.1 b=31.2 gap=29.6 (face=3.2mm) n=[319, 319, 158, 158, 198, 198, 34, 34, 13, 13, 85, 85, 17, 17]  tape=0.338km B=10.28T unif=2.631% hoop=119MPa
  [ 396] OK     f=   0.317  a=24.2 b=31.0 gap=29.5 (face=3.1mm) n=[291, 291, 198, 198, 221, 221, 3, 3, 32, 32, 33, 33, 29, 29]  tape=0.317km B=10.31T unif=3.676% hoop=123MPa
  [ 397] OK     f=   0.302  a=24.6 b=31.2 gap=29.5 (face=3.0mm) n=[324, 324, 177, 177, 175, 175, 9, 9, 28, 28, 5, 5, 24, 24]  tape=0.302km B=10.09T unif=2.217% hoop=132MPa
  [ 398] OK     f=   0.364  a=24.1 b=30.6 gap=29.6 (face=3.1mm) n=[284, 284, 196, 196, 276, 276, 30, 30, 29, 29, 61, 61, 67, 67]  tape=0.364km B=10.90T unif=3.388% hoop=126MPa
  [ 399] viol   f=   0.634  a=24.5 b=30.7 gap=29.5 (face=3.0mm) n=[267, 267, 194, 194, 223, 223, 2, 2, 1, 1, 26, 26, 26, 26]  tape=0.282km B=9.58T unif=3.342% hoop=121MPa
  [ 400] viol   f=   0.374  a=23.9 b=31.1 gap=29.5 (face=3.0mm) n=[282, 282, 193, 193, 188, 188, 11, 11, 42, 42, 5, 5, 25, 25]  tape=0.293km B=9.80T unif=3.677% hoop=123MPa
  [a=24 b=30 nt=1580] KSP converged reason: 4, iterations: 1
  [a=24 b=31 nt=1544] KSP converged reason: 4, iterations: 1
  [a=24 b=31 nt=1518] KSP converged reason: 4, iterations: 1
  [a=24 b=31 nt=1538] KSP converged reason: 4, iterations: 1
  [a=24 b=31 nt=1472] KSP converged reason: 4, iterations: 1
  [a=24 b=31 nt=1470] KSP converged reason: 4, iterations: 1
  [a=24 b=31 nt=1610] KSP converged reason: 4, iterations: 1
  [a=24 b=31 nt=1644] KSP converged reason: 4, iterations: 1
  [a=24 b=31 nt=1450] KSP converged reason: 4, iterations: 1
  [a=24 b=31 nt=1444] KSP converged reason: 4, iterations: 1
  [ 401] OK     f=   0.322  a=24.4 b=31.4 gap=29.5 (face=3.0mm) n=[334, 334, 171, 171, 158, 158, 43, 43, 4, 4, 37, 37, 25, 25]  tape=0.322km B=10.23T unif=2.220% hoop=129MPa
  [ 402] OK     f=   0.313  a=24.3 b=31.2 gap=29.6 (face=3.1mm) n=[322, 322, 216, 216, 130, 130, 17, 17, 3, 3, 44, 44, 37, 37]  tape=0.313km B=10.29T unif=4.205% hoop=121MPa
  [ 403] OK     f=   0.306  a=24.5 b=31.0 gap=29.5 (face=3.0mm) n=[333, 333, 188, 188, 188, 188, 11, 11, 22, 22, 10, 10, 7, 7]  tape=0.306km B=10.38T unif=2.415% hoop=122MPa
  [ 404] OK     f=   0.319  a=24.3 b=30.3 gap=29.5 (face=3.0mm) n=[331, 331, 170, 170, 191, 191, 4, 4, 24, 24, 47, 47, 23, 23]  tape=0.319km B=10.34T unif=2.225% hoop=121MPa
  [ 405] viol   f=   0.289  a=24.2 b=30.8 gap=29.8 (face=3.6mm) n=[299, 299, 178, 178, 219, 219, 19, 19, 7, 7, 3, 3, 10, 10]  tape=0.286km B=9.96T unif=3.827% hoop=118MPa
  [ 406] OK     f=   0.297  a=24.3 b=30.7 gap=29.5 (face=3.1mm) n=[321, 321, 172, 172, 164, 164, 57, 57, 1, 1, 11, 11, 10, 10]  tape=0.297km B=10.11T unif=2.377% hoop=130MPa
  [ 407] OK     f=   0.323  a=24.3 b=30.6 gap=29.5 (face=3.0mm) n=[336, 336, 183, 183, 212, 212, 32, 32, 14, 14, 21, 21, 7, 7]  tape=0.323km B=10.79T unif=1.927% hoop=125MPa
  [ 408] OK     f=   0.337  a=24.4 b=31.0 gap=29.5 (face=3.0mm) n=[342, 342, 226, 226, 137, 137, 61, 61, 11, 11, 40, 40, 5, 5]  tape=0.337km B=11.28T unif=3.884% hoop=135MPa
  [ 409] viol   f=   0.435  a=24.2 b=30.8 gap=29.6 (face=3.1mm) n=[297, 297, 174, 174, 202, 202, 11, 11, 13, 13, 4, 4, 24, 24]  tape=0.285km B=9.73T unif=3.018% hoop=115MPa
  [ 410] viol   f=   0.306  a=24.4 b=31.0 gap=29.5 (face=3.0mm) n=[341, 341, 158, 158, 139, 139, 25, 25, 2, 2, 41, 41, 16, 16]  tape=0.298km B=9.94T unif=3.085% hoop=119MPa
  [a=25 b=31 nt=1424] KSP converged reason: 4, iterations: 1
  [a=24 b=31 nt=1498] KSP converged reason: 4, iterations: 1
  [a=24 b=32 nt=1578] KSP converged reason: 4, iterations: 1
  [a=24 b=31 nt=1624] KSP converged reason: 4, iterations: 1
  [a=24 b=30 nt=1530] KSP converged reason: 4, iterations: 1
  [a=24 b=31 nt=1604] KSP converged reason: 4, iterations: 1
  [a=24 b=31 nt=1478] KSP converged reason: 4, iterations: 1
  [a=24 b=30 nt=1486] KSP converged reason: 4, iterations: 1
  [a=24 b=31 nt=1538] KSP converged reason: 4, iterations: 1
  [a=24 b=31 nt=1516] KSP converged reason: 4, iterations: 1
  [ 411] viol   f=   0.346  a=23.9 b=30.5 gap=29.9 (face=3.7mm) n=[283, 283, 178, 178, 196, 196, 28, 28, 24, 24, 48, 48, 8, 8]  tape=0.300km B=9.85T unif=4.989% hoop=119MPa
  [ 412] OK     f=   0.320  a=24.5 b=31.5 gap=29.6 (face=3.2mm) n=[319, 319, 208, 208, 180, 180, 16, 16, 2, 2, 55, 55, 9, 9]  tape=0.320km B=10.45T unif=3.303% hoop=127MPa
  [ 413] OK     f=   0.325  a=24.1 b=30.7 gap=29.6 (face=3.1mm) n=[295, 295, 179, 179, 188, 188, 22, 22, 60, 60, 66, 66, 2, 2]  tape=0.325km B=10.17T unif=3.525% hoop=129MPa
  [ 414] OK     f=   0.313  a=24.4 b=31.0 gap=29.7 (face=3.4mm) n=[290, 290, 192, 192, 237, 237, 1, 1, 6, 6, 32, 32, 44, 44]  tape=0.313km B=10.16T unif=4.377% hoop=120MPa
  [ 415] OK     f=   0.287  a=24.7 b=31.0 gap=29.7 (face=3.4mm) n=[336, 336, 186, 186, 169, 169, 2, 2, 7, 7, 10, 10, 2, 2]  tape=0.287km B=10.05T unif=2.494% hoop=125MPa
  [ 416] viol   f=   0.318  a=24.1 b=30.6 gap=29.7 (face=3.4mm) n=[313, 313, 156, 156, 193, 193, 27, 27, 6, 6, 23, 23, 31, 31]  tape=0.300km B=9.91T unif=2.626% hoop=114MPa
  [ 417] OK     f=   0.303  a=24.4 b=31.4 gap=29.5 (face=3.0mm) n=[329, 329, 191, 191, 150, 150, 8, 8, 33, 33, 19, 19, 9, 9]  tape=0.303km B=10.17T unif=3.421% hoop=123MPa
  [ 418] viol   f=   0.480  a=24.4 b=30.2 gap=29.6 (face=3.3mm) n=[295, 295, 158, 158, 221, 221, 1, 1, 26, 26, 17, 17, 25, 25]  tape=0.289km B=9.69T unif=3.227% hoop=114MPa
  [ 419] OK     f=   0.310  a=24.4 b=31.1 gap=29.6 (face=3.2mm) n=[321, 321, 152, 152, 223, 223, 17, 17, 9, 9, 35, 35, 12, 12]  tape=0.310km B=10.06T unif=2.551% hoop=115MPa
  [ 420] OK     f=   0.307  a=24.4 b=30.7 gap=29.6 (face=3.3mm) n=[327, 327, 174, 174, 176, 176, 42, 42, 10, 10, 5, 5, 24, 24]  tape=0.307km B=10.28T unif=2.856% hoop=130MPa
  [a=25 b=31 nt=1608] KSP converged reason: 4, iterations: 1
  [a=24 b=31 nt=1620] KSP converged reason: 4, iterations: 1
  [a=24 b=31 nt=1436] KSP converged reason: 4, iterations: 1
  [a=25 b=32 nt=1608] KSP converged reason: 4, iterations: 1
  [a=25 b=32 nt=1502] KSP converged reason: 4, iterations: 1
  [a=24 b=31 nt=1438] KSP converged reason: 4, iterations: 1
  [a=25 b=31 nt=1520] KSP converged reason: 4, iterations: 1
  [a=24 b=31 nt=1664] KSP converged reason: 4, iterations: 1
  [a=24 b=31 nt=1496] KSP converged reason: 4, iterations: 1
  [a=25 b=31 nt=1452] KSP converged reason: 4, iterations: 1
  [ 421] OK     f=   0.336  a=25.0 b=30.9 gap=29.6 (face=3.3mm) n=[355, 355, 170, 170, 170, 170, 6, 6, 14, 14, 46, 46, 43, 43]  tape=0.336km B=10.55T unif=2.386% hoop=123MPa
  [ 422] OK     f=   0.329  a=24.1 b=31.0 gap=29.6 (face=3.1mm) n=[336, 336, 178, 178, 204, 204, 18, 18, 14, 14, 18, 18, 42, 42]  tape=0.329km B=10.69T unif=2.827% hoop=123MPa
  [ 423] OK     f=   0.337  a=24.7 b=31.6 gap=29.5 (face=3.1mm) n=[341, 341, 179, 179, 176, 176, 51, 51, 26, 26, 11, 11, 20, 20]  tape=0.337km B=10.66T unif=3.093% hoop=140MPa
  [ 424] viol   f=   0.318  a=24.8 b=31.5 gap=29.8 (face=3.7mm) n=[327, 327, 190, 190, 140, 140, 12, 12, 16, 16, 42, 42, 24, 24]  tape=0.312km B=9.95T unif=3.988% hoop=119MPa
  [ 425] viol   f=   0.289  a=24.0 b=31.1 gap=29.8 (face=3.6mm) n=[324, 324, 181, 181, 173, 173, 21, 21, 9, 9, 4, 4, 7, 7]  tape=0.288km B=9.98T unif=3.011% hoop=125MPa
  [ 426] OK     f=   0.290  a=24.4 b=30.8 gap=29.6 (face=3.2mm) n=[335, 335, 180, 180, 161, 161, 16, 16, 5, 5, 14, 14, 7, 7]  tape=0.290km B=10.11T unif=2.435% hoop=123MPa
  [ 427] OK     f=   0.311  a=24.9 b=31.1 gap=29.8 (face=3.5mm) n=[333, 333, 208, 208, 150, 150, 20, 20, 10, 10, 36, 36, 3, 3]  tape=0.311km B=10.41T unif=4.336% hoop=127MPa
  [ 428] viol   f=   0.300  a=24.3 b=31.0 gap=29.5 (face=3.1mm) n=[297, 297, 194, 194, 175, 175, 2, 2, 43, 43, 22, 22, 15, 15]  tape=0.298km B=9.97T unif=3.657% hoop=128MPa
  [ 429] OK     f=   0.345  a=24.4 b=31.5 gap=29.5 (face=3.0mm) n=[341, 341, 212, 212, 166, 166, 7, 7, 28, 28, 30, 30, 48, 48]  tape=0.345km B=10.84T unif=2.262% hoop=126MPa
  [ 430] viol   f=   1.109  a=24.6 b=31.1 gap=29.9 (face=3.9mm) n=[291, 291, 182, 182, 134, 134, 8, 8, 31, 31, 50, 50, 30, 30]  tape=0.296km B=9.36T unif=5.737% hoop=116MPa
  [a=24 b=31 nt=1480] KSP converged reason: 4, iterations: 1
  [a=25 b=31 nt=1520] KSP converged reason: 4, iterations: 1
  [a=24 b=31 nt=1586] KSP converged reason: 4, iterations: 1
  [a=24 b=31 nt=1590] KSP converged reason: 4, iterations: 1
  [a=24 b=31 nt=1452] KSP converged reason: 4, iterations: 1
  [a=24 b=31 nt=1516] KSP converged reason: 4, iterations: 1
  [a=24 b=31 nt=1508] KSP converged reason: 4, iterations: 1
  [a=24 b=30 nt=1622] KSP converged reason: 4, iterations: 1
  [a=24 b=31 nt=1456] KSP converged reason: 4, iterations: 1
  [a=24 b=31 nt=1516] KSP converged reason: 4, iterations: 1
  [ 431] viol   f=   0.288  a=23.9 b=30.8 gap=29.6 (face=3.3mm) n=[317, 317, 175, 175, 190, 190, 4, 4, 17, 17, 22, 22, 1, 1]  tape=0.288km B=10.00T unif=3.363% hoop=117MPa
  [ 432] OK     f=   0.320  a=24.2 b=31.2 gap=29.8 (face=3.6mm) n=[322, 322, 176, 176, 212, 212, 44, 44, 16, 16, 1, 1, 22, 22]  tape=0.320km B=10.50T unif=2.897% hoop=123MPa
  [ 433] OK     f=   0.311  a=24.6 b=31.0 gap=29.9 (face=3.8mm) n=[332, 332, 182, 182, 170, 170, 35, 35, 24, 24, 11, 11, 6, 6]  tape=0.311km B=10.36T unif=3.790% hoop=131MPa
  [ 434] OK     f=   0.317  a=24.3 b=31.1 gap=29.5 (face=3.0mm) n=[313, 313, 182, 182, 222, 222, 9, 9, 32, 32, 24, 24, 13, 13]  tape=0.317km B=10.41T unif=2.239% hoop=123MPa
  [ 435] OK     f=   0.302  a=24.3 b=30.9 gap=29.8 (face=3.6mm) n=[299, 299, 218, 218, 153, 153, 32, 32, 21, 21, 16, 16, 19, 19]  tape=0.302km B=10.22T unif=5.516% hoop=124MPa
  [ 436] OK     f=   0.304  a=24.3 b=31.1 gap=29.8 (face=3.6mm) n=[345, 345, 127, 127, 196, 196, 36, 36, 15, 15, 19, 19, 2, 2]  tape=0.304km B=10.02T unif=2.535% hoop=113MPa
  [ 437] OK     f=   0.310  a=24.5 b=31.0 gap=29.7 (face=3.4mm) n=[343, 343, 141, 141, 190, 190, 36, 36, 13, 13, 8, 8, 23, 23]  tape=0.310km B=10.13T unif=2.222% hoop=115MPa
  [ 438] OK     f=   0.325  a=24.2 b=30.5 gap=29.6 (face=3.1mm) n=[315, 315, 174, 174, 201, 201, 60, 60, 45, 45, 11, 11, 5, 5]  tape=0.325km B=10.61T unif=2.960% hoop=125MPa
  [ 439] viol   f=   0.498  a=24.4 b=31.0 gap=29.7 (face=3.3mm) n=[304, 304, 158, 158, 194, 194, 8, 8, 35, 35, 35, 35, 24, 24]  tape=0.306km B=9.69T unif=2.432% hoop=116MPa
  [ 440] OK     f=   0.291  a=24.4 b=31.0 gap=29.6 (face=3.2mm) n=[320, 320, 201, 201, 165, 165, 16, 16, 10, 10, 6, 6, 10, 10]  tape=0.291km B=10.18T unif=3.660% hoop=124MPa
  [a=24 b=31 nt=1414] KSP converged reason: 4, iterations: 1
  [a=24 b=31 nt=1484] KSP converged reason: 4, iterations: 1
  [a=24 b=31 nt=1556] KSP converged reason: 4, iterations: 1
  [a=24 b=31 nt=1446] KSP converged reason: 4, iterations: 1
  [a=24 b=31 nt=1304] KSP converged reason: 4, iterations: 1
  [a=24 b=31 nt=1416] KSP converged reason: 4, iterations: 1
  [a=24 b=31 nt=1540] KSP converged reason: 4, iterations: 1
  [a=24 b=30 nt=1462] KSP converged reason: 4, iterations: 1
  [a=24 b=31 nt=1402] KSP converged reason: 4, iterations: 1
  [a=24 b=31 nt=1464] KSP converged reason: 4, iterations: 1
  [ 441] viol   f=   0.381  a=24.1 b=31.2 gap=29.7 (face=3.4mm) n=[323, 323, 145, 145, 190, 190, 26, 26, 6, 6, 13, 13, 39, 39]  tape=0.302km B=9.80T unif=3.228% hoop=113MPa
  [ 442] viol   f=   0.806  a=24.1 b=30.8 gap=29.5 (face=3.1mm) n=[305, 305, 192, 192, 124, 124, 7, 7, 13, 13, 6, 6, 5, 5]  tape=0.258km B=9.48T unif=3.857% hoop=114MPa
  [ 443] OK     f=   0.287  a=24.1 b=31.3 gap=29.6 (face=3.2mm) n=[341, 341, 182, 182, 152, 152, 9, 9, 5, 5, 17, 17, 1, 1]  tape=0.287km B=10.08T unif=2.626% hoop=118MPa
  [ 444] OK     f=   0.308  a=24.2 b=30.7 gap=29.5 (face=3.1mm) n=[311, 311, 191, 191, 201, 201, 17, 17, 40, 40, 5, 5, 13, 13]  tape=0.308km B=10.41T unif=2.749% hoop=127MPa
  [ 445] viol   f=   0.483  a=24.0 b=30.9 gap=29.7 (face=3.4mm) n=[307, 307, 172, 172, 162, 162, 18, 18, 38, 38, 2, 2, 9, 9]  tape=0.283km B=9.68T unif=4.147% hoop=123MPa
  [ 446] viol   f=   0.362  a=24.1 b=31.3 gap=29.6 (face=3.2mm) n=[314, 314, 168, 168, 186, 186, 8, 8, 21, 21, 3, 3, 23, 23]  tape=0.291km B=9.81T unif=3.278% hoop=119MPa
  [ 447] OK     f=   0.305  a=24.0 b=30.6 gap=29.8 (face=3.7mm) n=[316, 316, 200, 200, 183, 183, 5, 5, 43, 43, 15, 15, 8, 8]  tape=0.305km B=10.42T unif=4.482% hoop=127MPa
  [ 448] OK     f=   0.284  a=24.3 b=30.5 gap=29.6 (face=3.2mm) n=[302, 302, 203, 203, 187, 187, 1, 1, 5, 5, 21, 21, 12, 12]  tape=0.284km B=10.11T unif=4.651% hoop=125MPa
  [ 449] viol   f=   0.498  a=24.5 b=31.0 gap=29.6 (face=3.2mm) n=[316, 316, 171, 171, 171, 171, 11, 11, 4, 4, 13, 13, 15, 15]  tape=0.282km B=9.67T unif=3.746% hoop=117MPa
  [ 450] OK     f=   0.294  a=24.1 b=31.0 gap=29.7 (face=3.3mm) n=[330, 330, 179, 179, 176, 176, 25, 25, 10, 10, 6, 6, 6, 6]  tape=0.294km B=10.19T unif=2.816% hoop=127MPa
  [a=24 b=31 nt=1534] KSP converged reason: 4, iterations: 1
  [a=24 b=31 nt=1530] KSP converged reason: 4, iterations: 1
  [a=24 b=30 nt=1468] KSP converged reason: 4, iterations: 1
  [a=24 b=31 nt=1560] KSP converged reason: 4, iterations: 1
  [a=24 b=31 nt=1464] KSP converged reason: 4, iterations: 1
  [a=24 b=31 nt=1500] KSP converged reason: 4, iterations: 1
  [a=24 b=31 nt=1402] KSP converged reason: 4, iterations: 1
  [a=24 b=31 nt=1514] KSP converged reason: 4, iterations: 1
  [a=24 b=31 nt=1488] KSP converged reason: 4, iterations: 1
  [a=24 b=31 nt=1564] KSP converged reason: 4, iterations: 1
  [ 451] OK     f=   0.289  a=24.0 b=30.9 gap=29.7 (face=3.4mm) n=[313, 313, 185, 185, 196, 196, 6, 6, 1, 1, 15, 15, 16, 16]  tape=0.289km B=10.05T unif=3.005% hoop=169MPa
  [ 452] OK     f=   0.289  a=24.0 b=30.3 gap=29.6 (face=3.2mm) n=[320, 320, 205, 205, 158, 158, 16, 16, 16, 16, 11, 11, 8, 8]  tape=0.289km B=10.31T unif=2.698% hoop=119MPa
  [ 453] OK     f=   0.309  a=23.9 b=30.7 gap=29.6 (face=3.2mm) n=[330, 330, 181, 181, 180, 180, 34, 34, 5, 5, 17, 17, 20, 20]  tape=0.309km B=10.46T unif=3.921% hoop=133MPa
  [ 454] OK     f=   0.305  a=24.0 b=30.7 gap=29.6 (face=3.1mm) n=[321, 321, 179, 179, 193, 193, 41, 41, 19, 19, 5, 5, 7, 7]  tape=0.305km B=10.46T unif=3.047% hoop=126MPa
  [ 455] OK     f=   0.295  a=23.8 b=30.6 gap=29.6 (face=3.1mm) n=[300, 300, 192, 192, 180, 180, 19, 19, 33, 33, 22, 22, 4, 4]  tape=0.295km B=10.12T unif=3.611% hoop=125MPa
  [ 456] OK     f=   0.308  a=24.1 b=30.7 gap=29.6 (face=3.2mm) n=[309, 309, 222, 222, 175, 175, 18, 18, 17, 17, 23, 23, 16, 16]  tape=0.308km B=10.56T unif=3.902% hoop=125MPa
  [ 457] viol   f=   0.302  a=24.0 b=30.9 gap=29.7 (face=3.4mm) n=[322, 322, 180, 180, 166, 166, 16, 16, 2, 2, 9, 9, 6, 6]  tape=0.279km B=9.89T unif=3.383% hoop=119MPa
  [ 458] OK     f=   0.299  a=24.3 b=30.9 gap=29.6 (face=3.1mm) n=[302, 302, 200, 200, 195, 195, 7, 7, 13, 13, 19, 19, 21, 21]  tape=0.299km B=10.12T unif=3.417% hoop=129MPa
  [ 459] viol   f=   0.327  a=24.2 b=31.0 gap=29.7 (face=3.3mm) n=[325, 325, 157, 157, 179, 179, 18, 18, 20, 20, 29, 29, 16, 16]  tape=0.303km B=9.89T unif=2.228% hoop=118MPa
  [ 460] OK     f=   0.306  a=24.2 b=30.5 gap=29.6 (face=3.2mm) n=[298, 298, 182, 182, 215, 215, 3, 3, 12, 12, 66, 66, 6, 6]  tape=0.306km B=10.13T unif=4.466% hoop=119MPa
  [a=24 b=31 nt=1598] KSP converged reason: 4, iterations: 1
  [a=24 b=30 nt=1416] KSP converged reason: 4, iterations: 1
  [a=24 b=31 nt=1466] KSP converged reason: 4, iterations: 1
  [a=24 b=31 nt=1448] KSP converged reason: 4, iterations: 1
  [a=24 b=30 nt=1612] KSP converged reason: 4, iterations: 1
  [a=24 b=31 nt=1502] KSP converged reason: 4, iterations: 1
  [a=24 b=31 nt=1510] KSP converged reason: 4, iterations: 1
  [a=24 b=31 nt=1532] KSP converged reason: 4, iterations: 1
  [a=24 b=31 nt=1478] KSP converged reason: 4, iterations: 1
  [a=24 b=31 nt=1524] KSP converged reason: 4, iterations: 1
  [ 461] OK     f=   0.290  a=24.0 b=30.6 gap=29.7 (face=3.4mm) n=[306, 306, 208, 208, 151, 151, 7, 7, 31, 31, 19, 19, 11, 11]  tape=0.290km B=10.13T unif=4.857% hoop=120MPa
  [ 462] OK     f=   0.317  a=23.8 b=30.4 gap=29.8 (face=3.6mm) n=[306, 306, 189, 189, 205, 205, 37, 37, 5, 5, 48, 48, 16, 16]  tape=0.317km B=10.53T unif=4.148% hoop=124MPa
  [ 463] viol   f=   0.358  a=24.1 b=30.5 gap=29.5 (face=3.1mm) n=[312, 312, 174, 174, 171, 171, 18, 18, 19, 19, 7, 7, 7, 7]  tape=0.281km B=9.80T unif=2.420% hoop=126MPa
  [ 464] OK     f=   0.319  a=24.2 b=30.5 gap=29.6 (face=3.3mm) n=[321, 321, 206, 206, 176, 176, 10, 10, 20, 20, 47, 47, 19, 19]  tape=0.319km B=10.70T unif=3.961% hoop=125MPa
  [ 465] viol   f=   0.291  a=23.9 b=30.7 gap=29.7 (face=3.3mm) n=[310, 310, 188, 188, 176, 176, 11, 11, 7, 7, 12, 12, 20, 20]  tape=0.285km B=9.95T unif=3.155% hoop=121MPa
  [ 466] viol   f=   0.298  a=23.9 b=31.0 gap=29.6 (face=3.3mm) n=[291, 291, 201, 201, 182, 182, 20, 20, 2, 2, 29, 29, 26, 26]  tape=0.296km B=9.97T unif=4.497% hoop=122MPa
  [ 467] OK     f=   0.294  a=24.0 b=30.6 gap=29.7 (face=3.4mm) n=[299, 299, 180, 180, 214, 214, 20, 20, 12, 12, 18, 18, 12, 12]  tape=0.294km B=10.11T unif=4.610% hoop=117MPa
  [ 468] OK     f=   0.301  a=24.3 b=30.5 gap=29.6 (face=3.2mm) n=[313, 313, 200, 200, 199, 199, 7, 7, 13, 13, 26, 26, 8, 8]  tape=0.301km B=10.46T unif=4.839% hoop=133MPa
  [ 469] OK     f=   0.293  a=24.0 b=30.7 gap=29.6 (face=3.1mm) n=[320, 320, 187, 187, 179, 179, 10, 10, 3, 3, 33, 33, 7, 7]  tape=0.293km B=10.19T unif=3.264% hoop=126MPa
  [ 470] OK     f=   0.299  a=24.3 b=31.0 gap=29.8 (face=3.6mm) n=[300, 300, 226, 226, 184, 184, 8, 8, 24, 24, 10, 10, 10, 10]  tape=0.299km B=10.35T unif=5.086% hoop=126MPa
  [a=24 b=31 nt=1478] KSP converged reason: 4, iterations: 1
  [a=24 b=31 nt=1426] KSP converged reason: 4, iterations: 1
  [a=24 b=31 nt=1516] KSP converged reason: 4, iterations: 1
  [a=24 b=31 nt=1528] KSP converged reason: 4, iterations: 1
  [a=24 b=31 nt=1434] KSP converged reason: 4, iterations: 1
  [a=24 b=31 nt=1394] KSP converged reason: 4, iterations: 1
  [a=24 b=31 nt=1572] KSP converged reason: 4, iterations: 1
  [a=24 b=31 nt=1494] KSP converged reason: 4, iterations: 1
  [a=24 b=31 nt=1456] KSP converged reason: 4, iterations: 1
  [a=24 b=31 nt=1498] KSP converged reason: 4, iterations: 1
  [ 471] OK     f=   0.306  a=24.2 b=30.7 gap=29.5 (face=3.0mm) n=[320, 320, 210, 210, 151, 151, 38, 38, 11, 11, 27, 27, 7, 7]  tape=0.306km B=10.51T unif=2.622% hoop=126MPa
  [ 472] OK     f=   0.302  a=23.9 b=30.7 gap=29.7 (face=3.3mm) n=[315, 315, 214, 214, 147, 147, 11, 11, 4, 4, 37, 37, 30, 30]  tape=0.302km B=10.23T unif=3.210% hoop=120MPa
  [ 473] OK     f=   0.298  a=24.2 b=30.7 gap=29.7 (face=3.3mm) n=[340, 340, 176, 176, 174, 174, 8, 8, 13, 13, 16, 16, 12, 12]  tape=0.298km B=10.35T unif=2.990% hoop=129MPa
  [ 474] OK     f=   0.280  a=24.0 b=30.6 gap=29.7 (face=3.4mm) n=[303, 303, 215, 215, 152, 152, 13, 13, 18, 18, 5, 5, 11, 11]  tape=0.280km B=10.03T unif=4.283% hoop=119MPa
  [ 475] OK     f=   0.284  a=24.1 b=30.7 gap=29.6 (face=3.2mm) n=[334, 334, 194, 194, 153, 153, 4, 4, 7, 7, 15, 15, 6, 6]  tape=0.284km B=10.19T unif=2.924% hoop=118MPa
  [ 476] viol   f=   0.398  a=24.2 b=30.8 gap=29.7 (face=3.4mm) n=[300, 300, 183, 183, 189, 189, 18, 18, 1, 1, 1, 1, 5, 5]  tape=0.272km B=9.75T unif=4.168% hoop=121MPa
  [ 477] OK     f=   0.296  a=24.0 b=30.6 gap=29.8 (face=3.6mm) n=[316, 316, 178, 178, 190, 190, 20, 20, 3, 3, 19, 19, 21, 21]  tape=0.296km B=10.13T unif=3.796% hoop=120MPa
  [ 478] OK     f=   0.321  a=24.2 b=30.9 gap=29.8 (face=3.5mm) n=[330, 330, 199, 199, 154, 154, 31, 31, 42, 42, 7, 7, 23, 23]  tape=0.321km B=10.54T unif=4.075% hoop=125MPa
  [ 479] viol   f=   0.300  a=24.2 b=30.7 gap=29.6 (face=3.2mm) n=[315, 315, 181, 181, 160, 160, 5, 5, 39, 39, 3, 3, 25, 25]  tape=0.292km B=9.94T unif=3.193% hoop=123MPa
  [ 480] OK     f=   0.293  a=24.1 b=30.5 gap=29.5 (face=3.1mm) n=[292, 292, 204, 204, 175, 175, 23, 23, 13, 13, 33, 33, 9, 9]  tape=0.293km B=10.10T unif=4.791% hoop=121MPa
  [a=24 b=30 nt=1534] KSP converged reason: 4, iterations: 1
  [a=24 b=31 nt=1466] KSP converged reason: 4, iterations: 1
  [a=24 b=30 nt=1466] KSP converged reason: 4, iterations: 1
  [a=24 b=30 nt=1470] KSP converged reason: 4, iterations: 1
  [a=24 b=31 nt=1442] KSP converged reason: 4, iterations: 1
  [a=24 b=31 nt=1462] KSP converged reason: 4, iterations: 1
  [a=24 b=30 nt=1478] KSP converged reason: 4, iterations: 1
  [a=24 b=31 nt=1444] KSP converged reason: 4, iterations: 1
  [a=24 b=31 nt=1530] KSP converged reason: 4, iterations: 1
  [a=24 b=31 nt=1498] KSP converged reason: 4, iterations: 1
  [ 481] OK     f=   0.288  a=24.0 b=30.5 gap=29.7 (face=3.3mm) n=[301, 301, 202, 202, 165, 165, 14, 14, 31, 31, 8, 8, 12, 12]  tape=0.288km B=10.12T unif=5.243% hoop=121MPa
  [ 482] OK     f=   0.292  a=24.1 b=30.8 gap=29.7 (face=3.4mm) n=[320, 320, 213, 213, 146, 146, 24, 24, 22, 22, 4, 4, 4, 4]  tape=0.292km B=10.28T unif=3.822% hoop=120MPa
  [ 483] OK     f=   0.302  a=24.0 b=30.2 gap=29.7 (face=3.4mm) n=[323, 323, 204, 204, 176, 176, 29, 29, 6, 6, 11, 11, 18, 18]  tape=0.302km B=10.58T unif=4.270% hoop=122MPa
  [ 484] OK     f=   0.284  a=24.1 b=30.2 gap=29.7 (face=3.4mm) n=[300, 300, 228, 228, 148, 148, 9, 9, 44, 44, 2, 2, 4, 4]  tape=0.284km B=10.36T unif=5.839% hoop=124MPa
  [ 485] viol   f=   0.287  a=23.8 b=30.7 gap=29.6 (face=3.3mm) n=[296, 296, 206, 206, 178, 178, 9, 9, 8, 8, 4, 4, 30, 30]  tape=0.284km B=9.96T unif=3.320% hoop=117MPa
  [ 486] OK     f=   0.281  a=23.8 b=30.6 gap=29.6 (face=3.2mm) n=[311, 311, 198, 198, 179, 179, 3, 3, 25, 25, 4, 4, 1, 1]  tape=0.281km B=10.16T unif=3.406% hoop=121MPa
  [ 487] OK     f=   0.286  a=23.7 b=30.4 gap=29.6 (face=3.2mm) n=[312, 312, 193, 193, 197, 197, 1, 1, 27, 27, 3, 3, 6, 6]  tape=0.286km B=10.33T unif=2.942% hoop=124MPa
  [ 488] OK     f=   0.287  a=24.2 b=30.9 gap=29.6 (face=3.2mm) n=[321, 321, 209, 209, 157, 157, 15, 15, 2, 2, 3, 3, 15, 15]  tape=0.287km B=10.23T unif=3.277% hoop=122MPa
  [ 489] OK     f=   0.299  a=23.9 b=30.6 gap=29.8 (face=3.6mm) n=[297, 297, 209, 209, 183, 183, 16, 16, 45, 45, 7, 7, 8, 8]  tape=0.299km B=10.34T unif=5.892% hoop=122MPa
  [ 490] OK     f=   0.303  a=24.1 b=30.7 gap=29.6 (face=3.3mm) n=[336, 336, 196, 196, 149, 149, 30, 30, 11, 11, 13, 13, 14, 14]  tape=0.303km B=10.41T unif=3.378% hoop=121MPa
  [a=24 b=30 nt=1490] KSP converged reason: 4, iterations: 1
  [a=24 b=30 nt=1478] KSP converged reason: 4, iterations: 1
  [a=24 b=31 nt=1466] KSP converged reason: 4, iterations: 1
  [a=24 b=30 nt=1578] KSP converged reason: 4, iterations: 1
  [a=24 b=31 nt=1444] KSP converged reason: 4, iterations: 1
  [a=24 b=30 nt=1510] KSP converged reason: 4, iterations: 1
  [a=24 b=31 nt=1450] KSP converged reason: 4, iterations: 1
  [a=24 b=30 nt=1542] KSP converged reason: 4, iterations: 1
  [a=24 b=31 nt=1474] KSP converged reason: 4, iterations: 1
  [a=24 b=31 nt=1554] KSP converged reason: 4, iterations: 1
  [ 491] OK     f=   0.293  a=24.1 b=30.4 gap=29.6 (face=3.3mm) n=[326, 326, 221, 221, 156, 156, 12, 12, 12, 12, 10, 10, 8, 8]  tape=0.293km B=10.57T unif=4.987% hoop=123MPa
  [ 492] OK     f=   0.291  a=24.1 b=30.3 gap=29.6 (face=3.2mm) n=[320, 320, 200, 200, 166, 166, 18, 18, 13, 13, 17, 17, 5, 5]  tape=0.291km B=10.31T unif=4.042% hoop=121MPa
  [ 493] OK     f=   0.307  a=23.8 b=30.5 gap=29.6 (face=3.2mm) n=[308, 308, 213, 213, 197, 197, 31, 31, 23, 23, 2, 2, 15, 15]  tape=0.307km B=10.69T unif=3.959% hoop=128MPa
  [ 494] OK     f=   0.290  a=23.7 b=30.4 gap=29.7 (face=3.3mm) n=[282, 282, 217, 217, 180, 180, 4, 4, 40, 40, 11, 11, 21, 21]  tape=0.290km B=10.08T unif=4.459% hoop=121MPa
  [ 495] OK     f=   0.287  a=23.9 b=30.7 gap=29.6 (face=3.1mm) n=[312, 312, 195, 195, 187, 187, 8, 8, 20, 20, 4, 4, 7, 7]  tape=0.287km B=10.18T unif=3.338% hoop=126MPa
  [ 496] OK     f=   0.279  a=23.7 b=30.7 gap=29.7 (face=3.3mm) n=[300, 300, 202, 202, 188, 188, 7, 7, 14, 14, 7, 7, 4, 4]  tape=0.279km B=10.07T unif=4.548% hoop=121MPa
  [ 497] OK     f=   0.285  a=23.8 b=30.6 gap=29.6 (face=3.3mm) n=[303, 303, 199, 199, 166, 166, 10, 10, 22, 22, 17, 17, 8, 8]  tape=0.285km B=10.05T unif=4.262% hoop=117MPa
  [ 498] OK     f=   0.297  a=24.1 b=30.5 gap=29.6 (face=3.2mm) n=[298, 298, 220, 220, 198, 198, 8, 8, 35, 35, 5, 5, 7, 7]  tape=0.297km B=10.43T unif=3.731% hoop=125MPa
  [ 499] OK     f=   0.290  a=23.8 b=30.6 gap=29.7 (face=3.4mm) n=[321, 321, 200, 200, 176, 176, 13, 13, 15, 15, 2, 2, 10, 10]  tape=0.290km B=10.38T unif=4.214% hoop=121MPa
  [ 500] OK     f=   0.304  a=24.1 b=30.6 gap=29.7 (face=3.3mm) n=[303, 303, 219, 219, 186, 186, 18, 18, 28, 28, 10, 10, 13, 13]  tape=0.304km B=10.53T unif=3.931% hoop=125MPa
  [a=24 b=31 nt=1426] KSP converged reason: 4, iterations: 1
  [a=24 b=30 nt=1466] KSP converged reason: 4, iterations: 1
  [a=24 b=31 nt=1412] KSP converged reason: 4, iterations: 1
  [a=24 b=31 nt=1454] KSP converged reason: 4, iterations: 1
  [a=24 b=30 nt=1456] KSP converged reason: 4, iterations: 1
  [a=24 b=31 nt=1438] KSP converged reason: 4, iterations: 1
  [a=23 b=31 nt=1462] KSP converged reason: 4, iterations: 1
  [a=24 b=31 nt=1486] KSP converged reason: 4, iterations: 1
  [a=24 b=31 nt=1524] KSP converged reason: 4, iterations: 1
  [a=24 b=31 nt=1430] KSP converged reason: 4, iterations: 1
  [ 501] OK     f=   0.276  a=23.7 b=30.7 gap=29.6 (face=3.1mm) n=[317, 317, 184, 184, 183, 183, 11, 11, 5, 5, 4, 4, 2, 2]  tape=0.276km B=10.03T unif=3.254% hoop=126MPa
  [ 502] OK     f=   0.285  a=23.8 b=30.3 gap=29.7 (face=3.4mm) n=[309, 309, 223, 223, 146, 146, 5, 5, 26, 26, 22, 22, 2, 2]  tape=0.285km B=10.34T unif=3.925% hoop=120MPa
  [ 503] OK     f=   0.280  a=23.7 b=30.7 gap=29.6 (face=3.2mm) n=[304, 304, 194, 194, 206, 206, 9, 9, 7, 7, 4, 4, 3, 3]  tape=0.280km B=10.15T unif=3.974% hoop=118MPa
  [ 504] viol   f=   0.280  a=23.7 b=30.9 gap=29.6 (face=3.2mm) n=[298, 298, 205, 205, 182, 182, 7, 7, 1, 1, 12, 12, 14, 14]  tape=0.279km B=9.98T unif=3.596% hoop=119MPa
  [ 505] OK     f=   0.277  a=23.7 b=30.3 gap=29.7 (face=3.3mm) n=[300, 300, 220, 220, 181, 181, 11, 11, 10, 10, 5, 5, 1, 1]  tape=0.277km B=10.29T unif=4.846% hoop=120MPa
  [ 506] OK     f=   0.280  a=23.8 b=30.6 gap=29.7 (face=3.4mm) n=[326, 326, 190, 190, 178, 178, 11, 11, 4, 4, 3, 3, 1, 1]  tape=0.280km B=10.15T unif=2.607% hoop=123MPa
  [ 507] OK     f=   0.285  a=23.5 b=30.7 gap=29.7 (face=3.3mm) n=[293, 293, 211, 211, 160, 160, 8, 8, 21, 21, 16, 16, 22, 22]  tape=0.285km B=10.09T unif=5.589% hoop=118MPa
  [ 508] OK     f=   0.291  a=23.7 b=30.5 gap=29.6 (face=3.2mm) n=[308, 308, 191, 191, 187, 187, 10, 10, 31, 31, 9, 9, 7, 7]  tape=0.291km B=10.20T unif=4.119% hoop=127MPa
  [ 509] OK     f=   0.301  a=24.0 b=30.5 gap=29.6 (face=3.3mm) n=[324, 324, 191, 191, 193, 193, 5, 5, 32, 32, 11, 11, 6, 6]  tape=0.301km B=10.48T unif=4.418% hoop=127MPa
  [ 510] viol   f=   0.285  a=23.8 b=30.5 gap=29.5 (face=3.1mm) n=[281, 281, 211, 211, 194, 194, 4, 4, 11, 11, 10, 10, 4, 4]  tape=0.271km B=9.91T unif=4.217% hoop=120MPa
  [a=24 b=31 nt=1492] KSP converged reason: 4, iterations: 1
  [a=23 b=30 nt=1508] KSP converged reason: 4, iterations: 1
  [a=24 b=31 nt=1446] KSP converged reason: 4, iterations: 1
  [a=24 b=30 nt=1456] KSP converged reason: 4, iterations: 1
  [a=24 b=31 nt=1436] KSP converged reason: 4, iterations: 1
  [a=24 b=31 nt=1488] KSP converged reason: 4, iterations: 1
  [a=24 b=31 nt=1442] KSP converged reason: 4, iterations: 1
  [a=24 b=30 nt=1476] KSP converged reason: 4, iterations: 1
  [a=24 b=31 nt=1464] KSP converged reason: 4, iterations: 1
  [a=23 b=31 nt=1466] KSP converged reason: 4, iterations: 1
  [ 511] OK     f=   0.284  a=23.8 b=30.7 gap=29.6 (face=3.3mm) n=[320, 320, 198, 198, 174, 174, 2, 2, 9, 9, 7, 7, 13, 13]  tape=0.284km B=10.26T unif=4.333% hoop=120MPa
  [ 512] OK     f=   0.284  a=23.5 b=30.8 gap=29.7 (face=3.4mm) n=[295, 295, 197, 197, 220, 220, 4, 4, 7, 7, 10, 10, 11, 11]  tape=0.284km B=10.13T unif=4.465% hoop=115MPa
  [ 513] viol   f=   0.282  a=23.7 b=30.7 gap=29.6 (face=3.2mm) n=[299, 299, 192, 192, 198, 198, 4, 4, 7, 7, 11, 11, 7, 7]  tape=0.277km B=9.95T unif=3.788% hoop=118MPa
  [ 514] OK     f=   0.296  a=23.7 b=31.0 gap=29.5 (face=3.1mm) n=[322, 322, 190, 190, 188, 188, 20, 20, 6, 6, 10, 10, 10, 10]  tape=0.296km B=10.35T unif=2.396% hoop=131MPa
  [ 515] OK     f=   0.281  a=23.7 b=30.5 gap=29.6 (face=3.1mm) n=[306, 306, 189, 189, 203, 203, 5, 5, 2, 2, 17, 17, 6, 6]  tape=0.281km B=10.17T unif=3.964% hoop=118MPa
  [ 516] OK     f=   0.294  a=23.3 b=30.4 gap=29.6 (face=3.2mm) n=[314, 314, 195, 195, 188, 188, 10, 10, 25, 25, 13, 13, 9, 9]  tape=0.294km B=10.42T unif=3.589% hoop=126MPa
  [ 517] OK     f=   0.285  a=23.6 b=30.7 gap=29.6 (face=3.1mm) n=[323, 323, 194, 194, 164, 164, 22, 22, 4, 4, 8, 8, 6, 6]  tape=0.285km B=10.21T unif=3.278% hoop=119MPa
  [ 518] OK     f=   0.283  a=23.6 b=31.0 gap=29.6 (face=3.2mm) n=[303, 303, 211, 211, 194, 194, 14, 14, 1, 1, 2, 2, 7, 7]  tape=0.283km B=10.30T unif=3.748% hoop=122MPa
  [ 519] OK     f=   0.291  a=23.6 b=30.3 gap=29.5 (face=3.1mm) n=[325, 325, 178, 178, 183, 183, 16, 16, 8, 8, 10, 10, 18, 18]  tape=0.291km B=10.20T unif=1.929% hoop=120MPa
  [ 520] OK     f=   0.283  a=23.2 b=30.5 gap=29.6 (face=3.2mm) n=[301, 301, 210, 210, 174, 174, 20, 20, 16, 16, 10, 10, 2, 2]  tape=0.283km B=10.34T unif=4.616% hoop=119MPa
  [a=23 b=30 nt=1570] KSP converged reason: 4, iterations: 1
  [a=24 b=31 nt=1470] KSP converged reason: 4, iterations: 1
  [a=23 b=31 nt=1488] KSP converged reason: 4, iterations: 1
  [a=24 b=31 nt=1438] KSP converged reason: 4, iterations: 1
  [a=24 b=30 nt=1448] KSP converged reason: 4, iterations: 1
  [a=23 b=31 nt=1478] KSP converged reason: 4, iterations: 1
  [a=23 b=30 nt=1428] KSP converged reason: 4, iterations: 1
  [a=24 b=31 nt=1564] KSP converged reason: 4, iterations: 1
  [a=23 b=30 nt=1544] KSP converged reason: 4, iterations: 1
  [a=24 b=31 nt=1530] KSP converged reason: 4, iterations: 1
  [ 521] OK     f=   0.279  a=23.6 b=30.6 gap=29.7 (face=3.3mm) n=[307, 307, 196, 196, 184, 184, 2, 2, 5, 5, 13, 13, 12, 12]  tape=0.279km B=10.08T unif=4.296% hoop=121MPa
  [ 522] OK     f=   0.292  a=23.5 b=30.6 gap=29.6 (face=3.2mm) n=[310, 310, 187, 187, 187, 187, 28, 28, 8, 8, 22, 22, 2, 2]  tape=0.292km B=10.25T unif=2.928% hoop=119MPa
  [ 523] OK     f=   0.307  a=23.3 b=30.1 gap=29.7 (face=3.3mm) n=[311, 311, 188, 188, 186, 186, 45, 45, 41, 41, 7, 7, 7, 7]  tape=0.307km B=10.61T unif=3.492% hoop=131MPa
  [ 524] viol   f=   0.286  a=23.5 b=30.2 gap=29.6 (face=3.3mm) n=[287, 287, 188, 188, 206, 206, 14, 14, 5, 5, 11, 11, 13, 13]  tape=0.275km B=9.93T unif=3.816% hoop=116MPa
  [ 525] OK     f=   0.289  a=23.6 b=30.7 gap=29.5 (face=3.1mm) n=[312, 312, 190, 190, 182, 182, 13, 13, 15, 15, 3, 3, 20, 20]  tape=0.289km B=10.16T unif=3.090% hoop=124MPa
  [ 526] OK     f=   0.284  a=23.5 b=30.9 gap=29.7 (face=3.3mm) n=[292, 292, 198, 198, 206, 206, 12, 12, 8, 8, 6, 6, 17, 17]  tape=0.284km B=10.14T unif=5.440% hoop=118MPa
  [ 527] OK     f=   0.271  a=23.5 b=30.5 gap=29.6 (face=3.2mm) n=[296, 296, 205, 205, 196, 196, 1, 1, 3, 3, 7, 7, 6, 6]  tape=0.271km B=10.08T unif=3.407% hoop=120MPa
  [ 528] OK     f=   0.286  a=23.3 b=30.3 gap=29.6 (face=3.3mm) n=[274, 274, 204, 204, 241, 241, 12, 12, 18, 18, 10, 10, 13, 13]  tape=0.286km B=10.21T unif=4.258% hoop=119MPa
  [ 529] OK     f=   0.301  a=23.5 b=30.7 gap=29.5 (face=3.1mm) n=[293, 293, 238, 238, 180, 180, 24, 24, 28, 28, 10, 10, 9, 9]  tape=0.301km B=10.66T unif=4.740% hoop=125MPa
  [ 530] OK     f=   0.301  a=23.6 b=30.7 gap=29.5 (face=3.1mm) n=[307, 307, 195, 195, 192, 192, 9, 9, 23, 23, 32, 32, 7, 7]  tape=0.301km B=10.29T unif=3.666% hoop=128MPa
  [a=24 b=30 nt=1464] KSP converged reason: 4, iterations: 1
  [a=24 b=30 nt=1484] KSP converged reason: 4, iterations: 1
  [a=24 b=31 nt=1476] KSP converged reason: 4, iterations: 1
  [a=23 b=30 nt=1446] KSP converged reason: 4, iterations: 1
  [a=23 b=31 nt=1462] KSP converged reason: 4, iterations: 1
  [a=23 b=30 nt=1402] KSP converged reason: 4, iterations: 1
  [a=24 b=31 nt=1470] KSP converged reason: 4, iterations: 1
  [a=23 b=31 nt=1506] KSP converged reason: 4, iterations: 1
  [a=24 b=31 nt=1480] KSP converged reason: 4, iterations: 1
  [a=24 b=31 nt=1462] KSP converged reason: 4, iterations: 1
  [ 531] OK     f=   0.277  a=23.4 b=30.4 gap=29.7 (face=3.5mm) n=[289, 289, 208, 208, 176, 176, 11, 11, 23, 23, 11, 11, 5, 5]  tape=0.277km B=10.03T unif=5.420% hoop=118MPa
  [ 532] OK     f=   0.279  a=23.3 b=30.5 gap=29.7 (face=3.4mm) n=[292, 292, 201, 201, 195, 195, 7, 7, 18, 18, 7, 7, 11, 11]  tape=0.279km B=10.08T unif=5.425% hoop=121MPa
  [ 533] OK     f=   0.287  a=23.8 b=30.7 gap=29.7 (face=3.4mm) n=[292, 292, 210, 210, 179, 179, 30, 30, 6, 6, 11, 11, 10, 10]  tape=0.287km B=10.16T unif=5.163% hoop=121MPa
  [ 534] OK     f=   0.283  a=23.6 b=30.3 gap=29.6 (face=3.3mm) n=[306, 306, 201, 201, 183, 183, 14, 14, 6, 6, 12, 12, 10, 10]  tape=0.283km B=10.21T unif=3.264% hoop=121MPa
  [ 535] OK     f=   0.283  a=23.5 b=30.5 gap=29.7 (face=3.3mm) n=[301, 301, 189, 189, 223, 223, 3, 3, 21, 21, 4, 4, 1, 1]  tape=0.283km B=10.21T unif=3.913% hoop=116MPa
  [ 536] viol   f=   0.297  a=23.2 b=30.3 gap=29.7 (face=3.3mm) n=[289, 289, 194, 194, 199, 199, 4, 4, 4, 4, 7, 7, 4, 4]  tape=0.264km B=9.87T unif=3.998% hoop=114MPa
  [ 537] OK     f=   0.291  a=23.4 b=30.9 gap=29.6 (face=3.1mm) n=[299, 299, 200, 200, 209, 209, 10, 10, 1, 1, 21, 21, 13, 13]  tape=0.291km B=10.26T unif=3.543% hoop=119MPa
  [ 538] OK     f=   0.286  a=23.7 b=30.6 gap=29.6 (face=3.1mm) n=[303, 303, 212, 212, 170, 170, 13, 13, 2, 2, 20, 20, 15, 15]  tape=0.286km B=10.23T unif=4.860% hoop=120MPa
  [ 539] OK     f=   0.283  a=23.7 b=30.6 gap=29.6 (face=3.2mm) n=[286, 286, 202, 202, 208, 208, 11, 11, 11, 11, 19, 19, 3, 3]  tape=0.283km B=10.09T unif=4.547% hoop=119MPa
  [ 540] OK     f=   0.282  a=23.8 b=30.7 gap=29.7 (face=3.4mm) n=[291, 291, 208, 208, 187, 187, 6, 6, 7, 7, 28, 28, 4, 4]  tape=0.282km B=10.01T unif=5.323% hoop=119MPa
  [a=23 b=30 nt=1364] KSP converged reason: 4, iterations: 1
  [a=23 b=30 nt=1422] KSP converged reason: 4, iterations: 1
  [a=24 b=31 nt=1488] KSP converged reason: 4, iterations: 1
  [a=23 b=31 nt=1470] KSP converged reason: 4, iterations: 1
  [a=23 b=31 nt=1476] KSP converged reason: 4, iterations: 1
  [a=23 b=30 nt=1472] KSP converged reason: 4, iterations: 1
  [a=24 b=31 nt=1486] KSP converged reason: 4, iterations: 1
  [a=23 b=31 nt=1440] KSP converged reason: 4, iterations: 1
  [a=24 b=31 nt=1436] KSP converged reason: 4, iterations: 1
  [a=23 b=30 nt=1506] KSP converged reason: 4, iterations: 1
  [ 541] OK     f=   0.283  a=23.6 b=30.6 gap=29.7 (face=3.3mm) n=[290, 290, 200, 200, 215, 215, 1, 1, 14, 14, 13, 13, 11, 11]  tape=0.283km B=10.17T unif=5.645% hoop=116MPa
  [ 542] viol   f=   0.273  a=23.2 b=30.2 gap=29.6 (face=3.2mm) n=[296, 296, 198, 198, 169, 169, 13, 13, 23, 23, 5, 5, 7, 7]  tape=0.273km B=9.99T unif=4.425% hoop=114MPa
  [ 543] OK     f=   0.288  a=23.4 b=31.0 gap=29.7 (face=3.3mm) n=[302, 302, 223, 223, 151, 151, 18, 18, 38, 38, 1, 1, 2, 2]  tape=0.288km B=10.27T unif=4.057% hoop=120MPa
  [ 544] viol   f=   0.296  a=23.5 b=30.8 gap=29.7 (face=3.5mm) n=[285, 285, 206, 206, 191, 191, 6, 6, 20, 20, 17, 17, 13, 13]  tape=0.284km B=9.92T unif=4.324% hoop=119MPa
  [ 545] viol   f=   0.385  a=23.4 b=30.5 gap=29.6 (face=3.2mm) n=[311, 311, 174, 174, 162, 162, 13, 13, 5, 5, 7, 7, 10, 10]  tape=0.267km B=9.76T unif=3.097% hoop=117MPa
  [ 546] OK     f=   0.270  a=23.1 b=30.2 gap=29.8 (face=3.6mm) n=[271, 271, 221, 221, 214, 214, 20, 20, 6, 6, 2, 2, 2, 2]  tape=0.270km B=10.16T unif=4.739% hoop=119MPa
  [ 547] OK     f=   0.287  a=23.5 b=30.6 gap=29.8 (face=3.5mm) n=[294, 294, 206, 206, 190, 190, 19, 19, 17, 17, 13, 13, 4, 4]  tape=0.287km B=10.21T unif=5.459% hoop=121MPa
  [ 548] viol   f=   0.290  a=23.5 b=30.7 gap=29.5 (face=3.1mm) n=[302, 302, 198, 198, 159, 159, 20, 20, 8, 8, 11, 11, 22, 22]  tape=0.283km B=9.94T unif=3.391% hoop=117MPa
  [ 549] OK     f=   0.279  a=23.7 b=30.6 gap=29.6 (face=3.1mm) n=[311, 311, 191, 191, 186, 186, 6, 6, 1, 1, 14, 14, 9, 9]  tape=0.279km B=10.08T unif=2.828% hoop=125MPa
  [ 550] OK     f=   0.293  a=23.2 b=30.5 gap=29.9 (face=3.7mm) n=[306, 306, 200, 200, 181, 181, 26, 26, 21, 21, 1, 1, 18, 18]  tape=0.293km B=10.34T unif=4.722% hoop=120MPa
  [a=23 b=31 nt=1516] KSP converged reason: 4, iterations: 1
  [a=23 b=30 nt=1500] KSP converged reason: 4, iterations: 1
  [a=23 b=31 nt=1498] KSP converged reason: 4, iterations: 1
  [a=23 b=30 nt=1508] KSP converged reason: 4, iterations: 1
  [a=23 b=30 nt=1516] KSP converged reason: 4, iterations: 1
  [a=23 b=30 nt=1468] KSP converged reason: 4, iterations: 1
  [a=23 b=30 nt=1456] KSP converged reason: 4, iterations: 1
  [a=23 b=30 nt=1484] KSP converged reason: 4, iterations: 1
  [a=23 b=30 nt=1484] KSP converged reason: 4, iterations: 1
  [a=23 b=30 nt=1516] KSP converged reason: 4, iterations: 1
  [ 551] OK     f=   0.286  a=23.3 b=30.2 gap=29.6 (face=3.1mm) n=[293, 293, 194, 194, 204, 204, 28, 28, 6, 6, 16, 16, 9, 9]  tape=0.286km B=10.21T unif=3.414% hoop=117MPa
  [ 552] OK     f=   0.283  a=23.5 b=30.1 gap=29.7 (face=3.4mm) n=[286, 286, 224, 224, 198, 198, 11, 11, 9, 9, 11, 11, 15, 15]  tape=0.283km B=10.35T unif=5.779% hoop=122MPa
  [ 553] OK     f=   0.292  a=23.3 b=30.6 gap=29.6 (face=3.3mm) n=[294, 294, 191, 191, 206, 206, 25, 25, 15, 15, 9, 9, 18, 18]  tape=0.292km B=10.17T unif=3.248% hoop=118MPa
  [ 554] OK     f=   0.287  a=23.2 b=30.2 gap=29.7 (face=3.4mm) n=[273, 273, 212, 212, 187, 187, 15, 15, 37, 37, 20, 20, 14, 14]  tape=0.287km B=10.07T unif=4.793% hoop=120MPa
  [ 555] OK     f=   0.285  a=23.0 b=30.6 gap=29.6 (face=3.2mm) n=[291, 291, 206, 206, 205, 205, 3, 3, 23, 23, 14, 14, 7, 7]  tape=0.285km B=10.08T unif=2.502% hoop=397MPa
  [ 556] viol   f=   0.276  a=23.0 b=30.3 gap=29.6 (face=3.2mm) n=[272, 272, 221, 221, 183, 183, 23, 23, 18, 18, 5, 5, 12, 12]  tape=0.275km B=9.99T unif=4.641% hoop=116MPa
  [ 557] OK     f=   0.278  a=23.4 b=30.5 gap=29.7 (face=3.4mm) n=[296, 296, 198, 198, 201, 201, 10, 10, 10, 10, 12, 12, 1, 1]  tape=0.278km B=10.11T unif=3.922% hoop=120MPa
  [ 558] OK     f=   0.276  a=23.1 b=30.0 gap=29.8 (face=3.5mm) n=[276, 276, 209, 209, 204, 204, 12, 12, 22, 22, 9, 9, 10, 10]  tape=0.276km B=10.10T unif=5.332% hoop=120MPa
  [ 559] OK     f=   0.277  a=23.3 b=30.2 gap=29.6 (face=3.2mm) n=[281, 281, 201, 201, 220, 220, 1, 1, 5, 5, 20, 20, 14, 14]  tape=0.277km B=10.02T unif=4.040% hoop=116MPa
  [ 560] OK     f=   0.291  a=23.4 b=30.3 gap=29.6 (face=3.2mm) n=[292, 292, 199, 199, 199, 199, 10, 10, 32, 32, 15, 15, 11, 11]  tape=0.291km B=10.20T unif=3.862% hoop=118MPa
  [a=23 b=30 nt=1494] KSP converged reason: 4, iterations: 1
  [a=23 b=30 nt=1460] KSP converged reason: 4, iterations: 1
  [a=23 b=30 nt=1510] KSP converged reason: 4, iterations: 1
  [a=23 b=30 nt=1450] KSP converged reason: 4, iterations: 1
  [a=23 b=30 nt=1490] KSP converged reason: 4, iterations: 1
  [a=23 b=30 nt=1502] KSP converged reason: 4, iterations: 1
  [a=23 b=30 nt=1492] KSP converged reason: 4, iterations: 1
  [a=23 b=30 nt=1480] KSP converged reason: 4, iterations: 1
  [a=23 b=30 nt=1560] KSP converged reason: 4, iterations: 1
  [a=23 b=30 nt=1494] KSP converged reason: 4, iterations: 1
  [ 561] viol   f=   0.290  a=23.4 b=30.3 gap=29.6 (face=3.1mm) n=[295, 295, 180, 180, 195, 195, 27, 27, 14, 14, 12, 12, 24, 24]  tape=0.290km B=9.99T unif=2.873% hoop=117MPa
  [ 562] viol   f=   0.293  a=23.3 b=30.2 gap=29.6 (face=3.3mm) n=[270, 270, 212, 212, 190, 190, 16, 16, 19, 19, 16, 16, 7, 7]  tape=0.274km B=9.90T unif=4.003% hoop=118MPa
  [ 563] OK     f=   0.281  a=23.0 b=29.9 gap=29.6 (face=3.2mm) n=[268, 268, 224, 224, 182, 182, 30, 30, 5, 5, 19, 19, 27, 27]  tape=0.281km B=10.15T unif=5.376% hoop=118MPa
  [ 564] OK     f=   0.276  a=23.1 b=29.9 gap=29.5 (face=3.1mm) n=[264, 264, 220, 220, 208, 208, 32, 32, 8, 8, 1, 1, 18, 18]  tape=0.276km B=10.12T unif=4.277% hoop=118MPa
  [ 565] OK     f=   0.276  a=23.1 b=30.0 gap=29.6 (face=3.3mm) n=[266, 266, 215, 215, 198, 198, 18, 18, 39, 39, 3, 3, 6, 6]  tape=0.276km B=10.08T unif=4.381% hoop=120MPa
  [ 566] viol   f=   0.299  a=23.3 b=30.4 gap=29.8 (face=3.5mm) n=[273, 273, 207, 207, 204, 204, 8, 8, 23, 23, 3, 3, 7, 7]  tape=0.271km B=9.88T unif=4.955% hoop=119MPa
  [ 567] OK     f=   0.277  a=23.2 b=30.2 gap=29.6 (face=3.3mm) n=[263, 263, 247, 247, 165, 165, 16, 16, 29, 29, 2, 2, 24, 24]  tape=0.277km B=10.12T unif=4.747% hoop=119MPa
  [ 568] OK     f=   0.283  a=23.4 b=30.3 gap=29.7 (face=3.5mm) n=[296, 296, 221, 221, 170, 170, 25, 25, 12, 12, 11, 11, 5, 5]  tape=0.283km B=10.32T unif=4.817% hoop=118MPa
  [ 569] OK     f=   0.290  a=22.9 b=30.2 gap=29.6 (face=3.2mm) n=[270, 270, 217, 217, 215, 215, 22, 22, 31, 31, 6, 6, 19, 19]  tape=0.290km B=10.33T unif=4.627% hoop=121MPa
  [ 570] OK     f=   0.280  a=23.3 b=30.3 gap=29.8 (face=3.6mm) n=[275, 275, 217, 217, 200, 200, 10, 10, 28, 28, 11, 11, 6, 6]  tape=0.280km B=10.11T unif=5.226% hoop=120MPa
  [a=23 b=30 nt=1600] KSP converged reason: 4, iterations: 1
  [a=23 b=30 nt=1458] KSP converged reason: 4, iterations: 1
  [a=23 b=30 nt=1458] KSP converged reason: 4, iterations: 1
  [a=23 b=29 nt=1522] KSP converged reason: 4, iterations: 1
  [a=23 b=30 nt=1418] KSP converged reason: 4, iterations: 1
  [a=23 b=30 nt=1414] KSP converged reason: 4, iterations: 1
  [a=23 b=30 nt=1484] KSP converged reason: 4, iterations: 1
  [a=23 b=30 nt=1606] KSP converged reason: 4, iterations: 1
  [a=23 b=30 nt=1530] KSP converged reason: 4, iterations: 1
  [a=23 b=30 nt=1572] KSP converged reason: 4, iterations: 1
  [ 571] OK     f=   0.297  a=23.3 b=29.9 gap=29.6 (face=3.1mm) n=[277, 277, 223, 223, 224, 224, 35, 35, 6, 6, 9, 9, 26, 26]  tape=0.297km B=10.61T unif=4.733% hoop=123MPa
  [ 572] viol   f=   0.272  a=23.2 b=30.2 gap=29.7 (face=3.4mm) n=[268, 268, 230, 230, 173, 173, 2, 2, 36, 36, 2, 2, 18, 18]  tape=0.271km B=9.98T unif=5.386% hoop=116MPa
  [ 573] viol   f=   0.343  a=23.4 b=30.2 gap=29.6 (face=3.1mm) n=[270, 270, 201, 201, 181, 181, 31, 31, 13, 13, 5, 5, 28, 28]  tape=0.277km B=9.82T unif=4.753% hoop=120MPa
  [ 574] viol   f=   0.654  a=23.1 b=30.2 gap=29.5 (face=3.0mm) n=[244, 244, 247, 247, 167, 167, 13, 13, 12, 12, 13, 13, 13, 13]  tape=0.258km B=9.55T unif=3.701% hoop=114MPa
  [ 575] OK     f=   0.270  a=22.8 b=29.3 gap=29.6 (face=3.1mm) n=[250, 250, 237, 237, 207, 207, 39, 39, 2, 2, 3, 3, 23, 23]  tape=0.270km B=10.17T unif=4.892% hoop=117MPa
  [ 576] viol   f=   0.424  a=23.3 b=30.3 gap=29.6 (face=3.2mm) n=[254, 254, 230, 230, 189, 189, 11, 11, 17, 17, 4, 4, 2, 2]  tape=0.259km B=9.71T unif=3.938% hoop=117MPa
  [ 577] OK     f=   0.272  a=23.2 b=29.6 gap=29.6 (face=3.2mm) n=[267, 267, 231, 231, 187, 187, 3, 3, 2, 2, 44, 44, 8, 8]  tape=0.272km B=10.06T unif=5.252% hoop=117MPa
  [ 578] OK     f=   0.301  a=23.4 b=29.8 gap=29.6 (face=3.1mm) n=[265, 265, 231, 231, 179, 179, 33, 33, 71, 71, 17, 17, 7, 7]  tape=0.301km B=10.41T unif=4.865% hoop=122MPa
  [ 579] OK     f=   0.283  a=23.0 b=29.7 gap=29.6 (face=3.2mm) n=[251, 251, 230, 230, 225, 225, 15, 15, 22, 22, 26, 26, 17, 17]  tape=0.283km B=10.23T unif=4.419% hoop=119MPa
  [ 580] OK     f=   0.294  a=23.2 b=30.4 gap=29.7 (face=3.4mm) n=[282, 282, 224, 224, 159, 159, 38, 38, 49, 49, 9, 9, 4, 4]  tape=0.294km B=10.35T unif=5.606% hoop=121MPa
  [a=23 b=30 nt=1520] KSP converged reason: 4, iterations: 1
  [a=23 b=29 nt=1632] KSP converged reason: 4, iterations: 1
  [a=23 b=30 nt=1546] KSP converged reason: 4, iterations: 1
  [a=23 b=30 nt=1530] KSP converged reason: 4, iterations: 1
  [a=23 b=29 nt=1396] KSP converged reason: 4, iterations: 1
  [a=22 b=30 nt=1518] KSP converged reason: 4, iterations: 1
  [a=23 b=30 nt=1648] KSP converged reason: 4, iterations: 1
  [a=23 b=30 nt=1488] KSP converged reason: 4, iterations: 1
  [a=23 b=29 nt=1582] KSP converged reason: 4, iterations: 1
  [a=23 b=30 nt=1516] KSP converged reason: 4, iterations: 1
  [ 581] viol   f=   0.545  a=23.1 b=29.5 gap=29.6 (face=3.3mm) n=[252, 252, 226, 226, 183, 183, 1, 1, 13, 13, 3, 3, 20, 20]  tape=0.251km B=9.62T unif=4.576% hoop=114MPa
  [ 582] OK     f=   0.283  a=22.7 b=29.8 gap=29.5 (face=3.0mm) n=[279, 279, 220, 220, 187, 187, 12, 12, 40, 40, 3, 3, 19, 19]  tape=0.283km B=10.34T unif=5.359% hoop=115MPa
  [ 583] OK     f=   0.285  a=23.1 b=29.6 gap=29.7 (face=3.4mm) n=[269, 269, 234, 234, 187, 187, 26, 26, 25, 25, 7, 7, 25, 25]  tape=0.285km B=10.34T unif=5.098% hoop=120MPa
  [ 584] OK     f=   0.297  a=22.8 b=29.3 gap=29.6 (face=3.1mm) n=[233, 233, 265, 265, 211, 211, 47, 47, 27, 27, 10, 10, 23, 23]  tape=0.297km B=10.35T unif=3.353% hoop=123MPa
  [ 585] viol   f=   0.335  a=22.3 b=29.5 gap=29.5 (face=3.1mm) n=[231, 231, 229, 229, 204, 204, 29, 29, 28, 28, 16, 16, 22, 22]  tape=0.269km B=9.82T unif=4.370% hoop=113MPa
  [ 586] viol   f=   0.286  a=22.9 b=29.8 gap=29.5 (face=3.1mm) n=[256, 256, 196, 196, 246, 246, 27, 27, 8, 8, 20, 20, 12, 12]  tape=0.276km B=9.93T unif=3.707% hoop=115MPa
  [ 587] OK     f=   0.305  a=23.2 b=29.7 gap=29.7 (face=3.4mm) n=[263, 263, 246, 246, 193, 193, 16, 16, 48, 48, 30, 30, 28, 28]  tape=0.305km B=10.57T unif=4.816% hoop=121MPa
  [ 588] OK     f=   0.270  a=22.9 b=29.5 gap=29.7 (face=3.4mm) n=[269, 269, 228, 228, 197, 197, 23, 23, 5, 5, 21, 21, 1, 1]  tape=0.270km B=10.30T unif=5.705% hoop=119MPa
  [ 589] OK     f=   0.287  a=22.9 b=29.5 gap=29.5 (face=3.1mm) n=[248, 248, 229, 229, 200, 200, 52, 52, 7, 7, 10, 10, 45, 45]  tape=0.287km B=10.14T unif=4.721% hoop=118MPa
  [ 590] OK     f=   0.278  a=22.7 b=30.0 gap=29.5 (face=3.1mm) n=[275, 275, 234, 234, 203, 203, 4, 4, 13, 13, 20, 20, 9, 9]  tape=0.278km B=10.35T unif=4.453% hoop=117MPa
  [a=23 b=30 nt=1564] KSP converged reason: 4, iterations: 1
  [a=23 b=30 nt=1522] KSP converged reason: 4, iterations: 1
  [a=23 b=30 nt=1606] KSP converged reason: 4, iterations: 1
  [a=23 b=30 nt=1560] KSP converged reason: 4, iterations: 1
  [a=23 b=30 nt=1424] KSP converged reason: 4, iterations: 1
  [a=23 b=29 nt=1476] KSP converged reason: 4, iterations: 1
  [a=23 b=29 nt=1516] KSP converged reason: 4, iterations: 1
  [a=23 b=30 nt=1508] KSP converged reason: 4, iterations: 1
  [a=23 b=30 nt=1482] KSP converged reason: 4, iterations: 1
  [a=22 b=29 nt=1444] KSP converged reason: 4, iterations: 1
  [ 591] OK     f=   0.263  a=22.9 b=29.9 gap=29.6 (face=3.1mm) n=[279, 279, 241, 241, 149, 149, 14, 14, 24, 24, 2, 2, 3, 3]  tape=0.263km B=10.23T unif=5.388% hoop=115MPa
  [ 592] viol   f=   0.276  a=22.8 b=29.3 gap=29.7 (face=3.3mm) n=[267, 267, 200, 200, 234, 234, 3, 3, 4, 4, 4, 4, 26, 26]  tape=0.264km B=9.92T unif=4.944% hoop=111MPa
  [ 593] OK     f=   0.303  a=22.9 b=30.2 gap=29.6 (face=3.2mm) n=[303, 303, 211, 211, 175, 175, 24, 24, 28, 28, 21, 21, 20, 20]  tape=0.303km B=10.58T unif=4.035% hoop=119MPa
  [ 594] OK     f=   0.290  a=22.8 b=29.7 gap=29.8 (face=3.6mm) n=[272, 272, 212, 212, 199, 199, 25, 25, 11, 11, 25, 25, 36, 36]  tape=0.290km B=10.26T unif=5.119% hoop=118MPa
  [ 595] OK     f=   0.303  a=23.3 b=29.6 gap=29.6 (face=3.1mm) n=[297, 297, 227, 227, 196, 196, 19, 19, 12, 12, 46, 46, 6, 6]  tape=0.303km B=10.89T unif=4.822% hoop=123MPa
  [ 596] OK     f=   0.286  a=23.2 b=29.9 gap=29.6 (face=3.3mm) n=[303, 303, 193, 193, 224, 224, 7, 7, 19, 19, 4, 4, 11, 11]  tape=0.286km B=10.42T unif=2.723% hoop=117MPa
  [ 597] OK     f=   0.268  a=22.6 b=29.6 gap=29.7 (face=3.3mm) n=[258, 258, 239, 239, 181, 181, 39, 39, 5, 5, 9, 9, 10, 10]  tape=0.268km B=10.20T unif=5.395% hoop=115MPa
  [ 598] OK     f=   0.274  a=22.7 b=29.4 gap=29.6 (face=3.1mm) n=[266, 266, 226, 226, 208, 208, 29, 29, 3, 3, 21, 21, 5, 5]  tape=0.274km B=10.33T unif=5.331% hoop=117MPa
  [ 599] OK     f=   0.255  a=22.5 b=29.4 gap=29.6 (face=3.2mm) n=[259, 259, 237, 237, 201, 201, 5, 5, 6, 6, 12, 12, 2, 2]  tape=0.255km B=10.08T unif=4.849% hoop=112MPa
  [ 600] OK     f=   0.274  a=22.9 b=29.8 gap=29.5 (face=3.1mm) n=[269, 269, 237, 237, 201, 201, 21, 21, 4, 4, 3, 3, 19, 19]  tape=0.274km B=10.34T unif=4.093% hoop=116MPa
  [a=22 b=29 nt=1548] KSP converged reason: 4, iterations: 1
  [a=23 b=30 nt=1566] KSP converged reason: 4, iterations: 1
  [a=23 b=30 nt=1454] KSP converged reason: 4, iterations: 1
  [a=23 b=29 nt=1496] KSP converged reason: 4, iterations: 1
  [a=23 b=29 nt=1558] KSP converged reason: 4, iterations: 1
  [a=22 b=29 nt=1566] KSP converged reason: 4, iterations: 1
  [a=23 b=30 nt=1584] KSP converged reason: 4, iterations: 1
  [a=23 b=29 nt=1496] KSP converged reason: 4, iterations: 1
  [a=23 b=30 nt=1428] KSP converged reason: 4, iterations: 1
  [ 601] OK     f=   0.281  a=22.2 b=29.5 gap=29.8 (face=3.5mm) n=[245, 245, 275, 275, 182, 182, 5, 5, 30, 30, 29, 29, 8, 8]  tape=0.281km B=10.08T unif=3.575% hoop=114MPa
  [ 602] OK     f=   0.270  a=22.7 b=30.2 gap=29.5 (face=3.1mm) n=[285, 285, 220, 220, 194, 194, 8, 8, 5, 5, 11, 11, 4, 4]  tape=0.270km B=10.25T unif=4.541% hoop=116MPa
  [ 603] OK     f=   0.278  a=22.3 b=29.5 gap=29.8 (face=3.5mm) n=[241, 241, 260, 260, 220, 220, 22, 22, 12, 12, 26, 26, 2, 2]  tape=0.278km B=10.31T unif=4.304% hoop=115MPa
  [ 604] OK     f=   0.278  a=22.9 b=29.1 gap=29.5 (face=3.1mm) n=[266, 266, 244, 244, 211, 211, 7, 7, 2, 2, 35, 35, 14, 14]  tape=0.278km B=10.53T unif=6.011% hoop=118MPa
  [ 605] OK     f=   0.272  a=22.7 b=29.3 gap=29.5 (face=3.0mm) n=[265, 265, 231, 231, 180, 180, 21, 21, 18, 18, 6, 6, 27, 27]  tape=0.272km B=10.22T unif=4.957% hoop=116MPa
  [ 606] OK     f=   0.289  a=22.8 b=29.8 gap=29.7 (face=3.4mm) n=[282, 282, 235, 235, 200, 200, 4, 4, 15, 15, 37, 37, 10, 10]  tape=0.289km B=10.56T unif=5.426% hoop=118MPa
  [ 607] OK     f=   0.293  a=22.6 b=29.9 gap=29.8 (face=3.7mm) n=[272, 272, 227, 227, 203, 203, 19, 19, 14, 14, 5, 5, 52, 52]  tape=0.293km B=10.36T unif=5.436% hoop=117MPa
  [ 608] viol   f=   0.343  a=22.5 b=29.9 gap=29.7 (face=3.5mm) n=[248, 248, 251, 251, 168, 168, 9, 9, 31, 31, 4, 4, 3, 3]  tape=0.256km B=9.79T unif=3.954% hoop=112MPa
  [ 609] OK     f=   0.273  a=22.6 b=29.2 gap=29.8 (face=3.6mm) n=[277, 277, 232, 232, 174, 174, 15, 15, 10, 10, 37, 37, 3, 3]  tape=0.273km B=10.39T unif=7.625% hoop=117MPa
  [ 610] INFEAS f=1000.090  a=22.0 b=29.0 gap=29.6 (face=3.1mm) n=[258, 258, 250, 250, 176, 176, 51, 51, 2, 2, 30, 30, 4, 4]  no evaluation (geometry pre-check)
  [a=23 b=30 nt=1532] KSP converged reason: 4, iterations: 1
  [a=23 b=30 nt=1550] KSP converged reason: 4, iterations: 1
  [a=23 b=30 nt=1454] KSP converged reason: 4, iterations: 1
  [a=23 b=29 nt=1690] KSP converged reason: 4, iterations: 1
  [a=22 b=30 nt=1518] KSP converged reason: 4, iterations: 1
  [a=23 b=30 nt=1458] KSP converged reason: 4, iterations: 1
  [a=23 b=30 nt=1504] KSP converged reason: 4, iterations: 1
  [a=23 b=30 nt=1412] KSP converged reason: 4, iterations: 1
  [ 611] OK     f=   0.268  a=22.6 b=29.8 gap=29.6 (face=3.2mm) n=[265, 265, 230, 230, 170, 170, 38, 38, 2, 2, 3, 3, 21, 21]  tape=0.268km B=10.10T unif=4.854% hoop=114MPa
  [ 612] OK     f=   0.262  a=22.7 b=29.6 gap=29.6 (face=3.2mm) n=[265, 265, 226, 226, 203, 203, 10, 10, 7, 7, 6, 6, 10, 10]  tape=0.262km B=10.13T unif=5.067% hoop=116MPa
  [ 613] INFEAS f=1000.049  a=22.0 b=29.1 gap=29.6 (face=3.2mm) n=[267, 267, 251, 251, 200, 200, 11, 11, 18, 18, 22, 22, 3, 3]  no evaluation (geometry pre-check)
  [ 614] INFEAS f=1000.206  a=21.9 b=29.5 gap=29.6 (face=3.2mm) n=[240, 240, 234, 234, 221, 221, 2, 2, 29, 29, 42, 42, 22, 22]  no evaluation (geometry pre-check)
  [ 615] OK     f=   0.294  a=23.1 b=29.8 gap=29.5 (face=3.1mm) n=[305, 305, 202, 202, 179, 179, 28, 28, 27, 27, 23, 23, 2, 2]  tape=0.294km B=10.53T unif=3.071% hoop=121MPa
  [ 616] OK     f=   0.303  a=22.8 b=29.4 gap=29.6 (face=3.1mm) n=[238, 238, 258, 258, 235, 235, 24, 24, 49, 49, 29, 29, 12, 12]  tape=0.303km B=10.58T unif=3.669% hoop=122MPa
  [ 617] OK     f=   0.272  a=22.4 b=29.6 gap=29.5 (face=3.1mm) n=[244, 244, 256, 256, 196, 196, 11, 11, 10, 10, 22, 22, 20, 20]  tape=0.272km B=10.02T unif=3.609% hoop=114MPa
  [ 618] OK     f=   0.297  a=22.9 b=30.1 gap=29.8 (face=3.6mm) n=[300, 300, 209, 209, 185, 185, 36, 36, 25, 25, 19, 19, 1, 1]  tape=0.297km B=10.64T unif=5.801% hoop=120MPa
  [ 619] viol   f=   0.481  a=22.7 b=29.7 gap=29.5 (face=3.0mm) n=[228, 228, 260, 260, 192, 192, 11, 11, 18, 18, 29, 29, 14, 14]  tape=0.274km B=9.68T unif=2.851% hoop=116MPa
  [ 620] viol   f=   0.264  a=22.8 b=29.9 gap=29.5 (face=3.0mm) n=[283, 283, 216, 216, 161, 161, 7, 7, 12, 12, 4, 4, 23, 23]  tape=0.264km B=9.99T unif=4.943% hoop=115MPa
  [a=23 b=30 nt=1502] KSP converged reason: 4, iterations: 1
  [a=23 b=30 nt=1580] KSP converged reason: 4, iterations: 1
  [a=23 b=30 nt=1444] KSP converged reason: 4, iterations: 1
  [a=22 b=29 nt=1514] KSP converged reason: 4, iterations: 1
  [a=23 b=30 nt=1568] KSP converged reason: 4, iterations: 1
  [a=22 b=29 nt=1526] KSP converged reason: 4, iterations: 1
  [a=23 b=30 nt=1498] KSP converged reason: 4, iterations: 1
  [a=23 b=29 nt=1520] KSP converged reason: 4, iterations: 1
  [a=22 b=29 nt=1534] KSP converged reason: 4, iterations: 1
  [ 621] OK     f=   0.274  a=22.3 b=29.5 gap=29.5 (face=3.0mm) n=[260, 260, 244, 244, 164, 164, 34, 34, 24, 24, 5, 5, 26, 26]  tape=0.274km B=10.27T unif=4.555% hoop=113MPa
  [ 622] OK     f=   0.291  a=23.2 b=29.8 gap=29.5 (face=3.1mm) n=[278, 278, 243, 243, 203, 203, 11, 11, 3, 3, 46, 46, 6, 6]  tape=0.291km B=10.63T unif=4.496% hoop=123MPa
  [ 623] viol   f=   0.302  a=22.5 b=29.4 gap=29.5 (face=3.0mm) n=[245, 245, 209, 209, 223, 223, 27, 27, 11, 11, 21, 21, 27, 27]  tape=0.273km B=9.88T unif=4.701% hoop=114MPa
  [ 624] INFEAS f=1000.025  a=22.1 b=29.3 gap=29.5 (face=3.0mm) n=[246, 246, 257, 257, 192, 192, 9, 9, 3, 3, 13, 13, 22, 22]  no evaluation (geometry pre-check)
  [ 625] OK     f=   0.264  a=22.9 b=29.7 gap=29.5 (face=3.1mm) n=[275, 275, 224, 224, 192, 192, 13, 13, 3, 3, 5, 5, 10, 10]  tape=0.264km B=10.16T unif=5.233% hoop=116MPa
  [ 626] OK     f=   0.275  a=22.8 b=29.5 gap=29.6 (face=3.1mm) n=[286, 286, 219, 219, 204, 204, 10, 10, 19, 19, 4, 4, 9, 9]  tape=0.275km B=10.48T unif=5.144% hoop=117MPa
  [ 627] OK     f=   0.283  a=22.9 b=29.8 gap=29.5 (face=3.1mm) n=[263, 263, 228, 228, 231, 231, 6, 6, 9, 9, 11, 11, 36, 36]  tape=0.283km B=10.37T unif=4.399% hoop=119MPa
  [ 628] OK     f=   0.286  a=22.9 b=30.2 gap=29.5 (face=3.0mm) n=[296, 296, 204, 204, 185, 185, 2, 2, 23, 23, 15, 15, 24, 24]  tape=0.286km B=10.28T unif=3.857% hoop=117MPa
  [ 629] OK     f=   0.267  a=22.4 b=28.9 gap=29.5 (face=3.0mm) n=[241, 241, 220, 220, 230, 230, 28, 28, 6, 6, 26, 26, 16, 16]  tape=0.267km B=10.02T unif=4.789% hoop=113MPa
  [ 630] OK     f=   0.273  a=22.6 b=29.1 gap=29.5 (face=3.1mm) n=[256, 256, 238, 238, 182, 182, 30, 30, 22, 22, 22, 22, 10, 10]  tape=0.273km B=10.26T unif=5.105% hoop=115MPa
  [a=23 b=29 nt=1512] KSP converged reason: 4, iterations: 1
  [a=23 b=30 nt=1480] KSP converged reason: 4, iterations: 1
  [a=22 b=29 nt=1468] KSP converged reason: 4, iterations: 1
  [a=23 b=30 nt=1490] KSP converged reason: 4, iterations: 1
  [a=23 b=29 nt=1504] KSP converged reason: 4, iterations: 1
  [a=22 b=29 nt=1480] KSP converged reason: 4, iterations: 1
  [a=23 b=29 nt=1484] KSP converged reason: 4, iterations: 1
  [a=23 b=29 nt=1474] KSP converged reason: 4, iterations: 1
  [a=22 b=29 nt=1492] KSP converged reason: 4, iterations: 1
  [a=23 b=29 nt=1466] KSP converged reason: 4, iterations: 1
  [ 631] OK     f=   0.272  a=22.6 b=29.5 gap=29.6 (face=3.2mm) n=[256, 256, 236, 236, 165, 165, 39, 39, 26, 26, 2, 2, 21, 21]  tape=0.272km B=10.08T unif=5.096% hoop=116MPa
  [ 632] viol   f=   0.287  a=22.4 b=29.2 gap=29.5 (face=3.0mm) n=[254, 254, 215, 215, 212, 212, 8, 8, 3, 3, 22, 22, 20, 20]  tape=0.261km B=9.88T unif=4.594% hoop=112MPa
  [ 633] OK     f=   0.257  a=22.5 b=29.1 gap=29.6 (face=3.3mm) n=[250, 250, 239, 239, 216, 216, 17, 17, 1, 1, 3, 3, 14, 14]  tape=0.257km B=10.10T unif=5.317% hoop=112MPa
  [ 634] OK     f=   0.272  a=23.1 b=29.4 gap=29.6 (face=3.1mm) n=[258, 258, 238, 238, 192, 192, 16, 16, 14, 14, 27, 27, 7, 7]  tape=0.272km B=10.20T unif=5.036% hoop=119MPa
  [ 635] OK     f=   0.278  a=22.7 b=29.6 gap=29.5 (face=3.1mm) n=[278, 278, 212, 212, 166, 166, 21, 21, 15, 15, 33, 33, 15, 15]  tape=0.278km B=10.11T unif=4.554% hoop=115MPa
  [ 636] OK     f=   0.280  a=22.5 b=29.4 gap=29.5 (face=3.0mm) n=[282, 282, 226, 226, 175, 175, 22, 22, 6, 6, 15, 15, 30, 30]  tape=0.280km B=10.44T unif=4.911% hoop=116MPa
  [ 637] OK     f=   0.267  a=22.9 b=29.1 gap=29.6 (face=3.1mm) n=[252, 252, 241, 241, 171, 171, 28, 28, 11, 11, 15, 15, 24, 24]  tape=0.267km B=10.04T unif=4.991% hoop=116MPa
  [ 638] OK     f=   0.262  a=22.6 b=29.2 gap=29.5 (face=3.1mm) n=[254, 254, 245, 245, 180, 180, 12, 12, 10, 10, 13, 13, 23, 23]  tape=0.262km B=10.02T unif=4.591% hoop=112MPa
  [ 639] viol   f=   0.265  a=23.0 b=29.4 gap=29.7 (face=3.4mm) n=[249, 249, 235, 235, 207, 207, 15, 15, 13, 13, 11, 11, 3, 3]  tape=0.260km B=9.95T unif=4.952% hoop=115MPa
  [ 640] viol   f=   0.275  a=22.2 b=29.1 gap=29.5 (face=3.0mm) n=[256, 256, 208, 208, 198, 198, 28, 28, 34, 34, 8, 8, 14, 14]  tape=0.269km B=9.94T unif=5.367% hoop=111MPa
  [a=23 b=30 nt=1474] KSP converged reason: 4, iterations: 1
  [a=23 b=30 nt=1456] KSP converged reason: 4, iterations: 1
  [a=23 b=29 nt=1478] KSP converged reason: 4, iterations: 1
  [a=23 b=29 nt=1558] KSP converged reason: 4, iterations: 1
  [a=23 b=29 nt=1496] KSP converged reason: 4, iterations: 1
  [a=22 b=29 nt=1440] KSP converged reason: 4, iterations: 1
  [a=23 b=29 nt=1544] KSP converged reason: 4, iterations: 1
  [a=23 b=30 nt=1520] KSP converged reason: 4, iterations: 1
  [a=23 b=29 nt=1520] KSP converged reason: 4, iterations: 1
  [ 641] OK     f=   0.272  a=23.0 b=29.8 gap=29.6 (face=3.1mm) n=[269, 269, 251, 251, 147, 147, 24, 24, 21, 21, 11, 11, 14, 14]  tape=0.272km B=10.18T unif=5.083% hoop=115MPa
  [ 642] viol   f=   0.503  a=22.2 b=29.1 gap=29.5 (face=3.1mm) n=[234, 234, 215, 215, 228, 228, 13, 13, 13, 13, 15, 15, 2, 2]  tape=0.248km B=9.64T unif=4.259% hoop=110MPa
  [ 643] viol   f=   0.334  a=22.5 b=28.8 gap=29.7 (face=3.3mm) n=[232, 232, 233, 233, 249, 249, 3, 3, 7, 7, 14, 14, 10, 10]  tape=0.257km B=9.80T unif=4.098% hoop=114MPa
  [ 644] viol   f=   0.366  a=22.9 b=28.9 gap=29.5 (face=3.0mm) n=[233, 233, 246, 246, 199, 199, 11, 11, 16, 16, 12, 12, 22, 22]  tape=0.260km B=9.77T unif=4.463% hoop=116MPa
  [ 645] INFEAS f=1000.000  a=22.2 b=29.2 gap=29.6 (face=3.2mm) n=[251, 251, 221, 221, 240, 240, 14, 14, 43, 43, 24, 24, 13, 13]  no evaluation (geometry pre-check)
  [ 646] OK     f=   0.265  a=22.8 b=29.8 gap=29.7 (face=3.5mm) n=[266, 266, 243, 243, 175, 175, 2, 2, 19, 19, 14, 14, 9, 9]  tape=0.265km B=10.11T unif=5.555% hoop=114MPa
  [ 647] OK     f=   0.278  a=22.7 b=29.2 gap=29.6 (face=3.1mm) n=[253, 253, 234, 234, 211, 211, 8, 8, 24, 24, 19, 19, 30, 30]  tape=0.278km B=10.27T unif=5.021% hoop=117MPa
  [ 648] OK     f=   0.276  a=22.9 b=29.4 gap=29.5 (face=3.1mm) n=[262, 262, 248, 248, 205, 205, 10, 10, 17, 17, 10, 10, 20, 20]  tape=0.276km B=10.45T unif=4.825% hoop=118MPa
  [ 649] OK     f=   0.278  a=22.9 b=29.9 gap=29.6 (face=3.2mm) n=[273, 273, 225, 225, 215, 215, 17, 17, 17, 17, 12, 12, 1, 1]  tape=0.278km B=10.46T unif=4.921% hoop=121MPa
  [ 650] OK     f=   0.265  a=22.5 b=29.0 gap=29.6 (face=3.1mm) n=[247, 247, 239, 239, 217, 217, 24, 24, 14, 14, 8, 8, 11, 11]  tape=0.265km B=10.22T unif=5.101% hoop=114MPa
  [a=23 b=30 nt=1542] KSP converged reason: 4, iterations: 1
  [a=23 b=29 nt=1468] KSP converged reason: 4, iterations: 1
  [a=22 b=29 nt=1472] KSP converged reason: 4, iterations: 1
  [a=23 b=29 nt=1496] KSP converged reason: 4, iterations: 1
  [a=23 b=30 nt=1494] KSP converged reason: 4, iterations: 1
  [a=22 b=29 nt=1500] KSP converged reason: 4, iterations: 1
  [a=23 b=30 nt=1424] KSP converged reason: 4, iterations: 1
  [a=23 b=30 nt=1526] KSP converged reason: 4, iterations: 1
  [a=23 b=29 nt=1530] KSP converged reason: 4, iterations: 1
  [ 651] OK     f=   0.256  a=22.5 b=28.6 gap=29.6 (face=3.3mm) n=[234, 234, 247, 247, 230, 230, 22, 22, 7, 7, 3, 3, 7, 7]  tape=0.256km B=10.09T unif=5.145% hoop=115MPa
  [ 652] OK     f=   0.262  a=22.9 b=29.4 gap=29.7 (face=3.4mm) n=[264, 264, 248, 248, 191, 191, 2, 2, 14, 14, 8, 8, 7, 7]  tape=0.262km B=10.23T unif=5.579% hoop=115MPa
  [ 653] viol   f=   0.386  a=22.4 b=29.4 gap=29.6 (face=3.2mm) n=[230, 230, 259, 259, 201, 201, 12, 12, 8, 8, 16, 16, 10, 10]  tape=0.262km B=9.75T unif=3.012% hoop=115MPa
  [ 654] OK     f=   0.284  a=22.9 b=30.1 gap=29.6 (face=3.3mm) n=[271, 271, 244, 244, 195, 195, 13, 13, 19, 19, 10, 10, 19, 19]  tape=0.284km B=10.43T unif=4.135% hoop=119MPa
  [ 655] OK     f=   0.271  a=22.6 b=29.7 gap=29.6 (face=3.3mm) n=[256, 256, 222, 222, 202, 202, 21, 21, 19, 19, 1, 1, 26, 26]  tape=0.271km B=10.05T unif=4.780% hoop=115MPa
  [ 656] INFEAS f=1000.010  a=22.1 b=29.2 gap=29.7 (face=3.4mm) n=[232, 232, 247, 247, 205, 205, 17, 17, 9, 9, 11, 11, 1, 1]  no evaluation (geometry pre-check)
  [ 657] OK     f=   0.268  a=22.6 b=29.2 gap=29.6 (face=3.1mm) n=[264, 264, 232, 232, 195, 195, 42, 42, 1, 1, 12, 12, 2, 2]  tape=0.268km B=10.37T unif=5.136% hoop=118MPa
  [ 658] OK     f=   0.274  a=22.8 b=29.7 gap=29.6 (face=3.2mm) n=[259, 259, 250, 250, 201, 201, 4, 4, 20, 20, 16, 16, 13, 13]  tape=0.274km B=10.29T unif=4.563% hoop=114MPa
  [ 659] OK     f=   0.273  a=22.7 b=29.3 gap=29.6 (face=3.2mm) n=[257, 257, 243, 243, 199, 199, 29, 29, 22, 22, 8, 8, 7, 7]  tape=0.273km B=10.36T unif=5.147% hoop=117MPa
  [ 660] OK     f=   0.271  a=23.2 b=30.0 gap=29.6 (face=3.2mm) n=[291, 291, 222, 222, 140, 140, 23, 23, 23, 23, 10, 10, 3, 3]  tape=0.271km B=10.12T unif=3.735% hoop=118MPa
  [a=23 b=30 nt=1558] KSP converged reason: 4, iterations: 1
  [a=22 b=29 nt=1596] KSP converged reason: 4, iterations: 1
  [a=22 b=29 nt=1522] KSP converged reason: 4, iterations: 1
  [a=22 b=29 nt=1610] KSP converged reason: 4, iterations: 1
  [a=22 b=29 nt=1542] KSP converged reason: 4, iterations: 1
  [a=23 b=29 nt=1552] KSP converged reason: 4, iterations: 1
  [a=23 b=29 nt=1534] KSP converged reason: 4, iterations: 1
  [a=22 b=29 nt=1586] KSP converged reason: 4, iterations: 1
  [a=22 b=29 nt=1494] KSP converged reason: 4, iterations: 1
  [a=23 b=29 nt=1494] KSP converged reason: 4, iterations: 1
  [ 661] OK     f=   0.281  a=22.3 b=28.6 gap=29.6 (face=3.3mm) n=[212, 212, 265, 265, 256, 256, 36, 36, 21, 21, 13, 13, 2, 2]  tape=0.281km B=10.30T unif=2.208% hoop=118MPa
  [ 662] OK     f=   0.268  a=22.2 b=29.0 gap=29.6 (face=3.1mm) n=[258, 258, 232, 232, 213, 213, 37, 37, 5, 5, 7, 7, 9, 9]  tape=0.268km B=10.39T unif=5.590% hoop=115MPa
  [ 663] OK     f=   0.269  a=22.4 b=29.3 gap=29.7 (face=3.5mm) n=[251, 251, 242, 242, 225, 225, 11, 11, 9, 9, 9, 9, 24, 24]  tape=0.269km B=10.27T unif=4.937% hoop=113MPa
  [ 664] OK     f=   0.290  a=23.2 b=29.7 gap=29.8 (face=3.5mm) n=[270, 270, 228, 228, 188, 188, 26, 26, 13, 13, 31, 31, 23, 23]  tape=0.290km B=10.28T unif=5.618% hoop=120MPa
  [ 665] OK     f=   0.277  a=22.6 b=29.0 gap=29.6 (face=3.3mm) n=[247, 247, 266, 266, 196, 196, 24, 24, 23, 23, 3, 3, 17, 17]  tape=0.277km B=10.29T unif=4.444% hoop=118MPa
  [ 666] OK     f=   0.282  a=22.4 b=28.8 gap=29.7 (face=3.4mm) n=[215, 215, 261, 261, 237, 237, 36, 36, 8, 8, 18, 18, 23, 23]  tape=0.282km B=10.10T unif=2.734% hoop=117MPa
  [ 667] OK     f=   0.264  a=22.5 b=28.9 gap=29.5 (face=3.1mm) n=[250, 250, 226, 226, 244, 244, 18, 18, 21, 21, 6, 6, 2, 2]  tape=0.264km B=10.25T unif=5.383% hoop=114MPa
  [ 668] OK     f=   0.251  a=22.4 b=28.5 gap=29.5 (face=3.1mm) n=[236, 236, 237, 237, 238, 238, 8, 8, 5, 5, 20, 20, 3, 3]  tape=0.251km B=10.02T unif=5.311% hoop=111MPa
  [ 669] OK     f=   0.272  a=22.5 b=28.6 gap=29.6 (face=3.3mm) n=[240, 240, 248, 248, 239, 239, 34, 34, 10, 10, 9, 9, 13, 13]  tape=0.272km B=10.49T unif=5.976% hoop=116MPa
  [ 670] OK     f=   0.262  a=22.8 b=28.6 gap=29.5 (face=3.0mm) n=[254, 254, 218, 218, 220, 220, 16, 16, 21, 21, 11, 11, 7, 7]  tape=0.262km B=10.14T unif=5.613% hoop=116MPa
  [a=23 b=29 nt=1466] KSP converged reason: 4, iterations: 1
  [a=23 b=28 nt=1538] KSP converged reason: 4, iterations: 1
  [a=22 b=29 nt=1550] KSP converged reason: 4, iterations: 1
  [a=22 b=29 nt=1626] KSP converged reason: 4, iterations: 1
  [a=23 b=29 nt=1534] KSP converged reason: 4, iterations: 1
  [a=22 b=29 nt=1476] KSP converged reason: 4, iterations: 1
  [a=22 b=29 nt=1620] KSP converged reason: 4, iterations: 1
  [a=23 b=29 nt=1560] KSP converged reason: 4, iterations: 1
  [a=22 b=28 nt=1584] KSP converged reason: 4, iterations: 1
  [ 671] OK     f=   0.265  a=22.9 b=29.3 gap=29.6 (face=3.2mm) n=[276, 276, 239, 239, 181, 181, 9, 9, 6, 6, 5, 5, 17, 17]  tape=0.265km B=10.35T unif=5.866% hoop=114MPa
  [ 672] OK     f=   0.263  a=22.8 b=28.8 gap=29.5 (face=3.1mm) n=[239, 239, 235, 235, 237, 237, 23, 23, 17, 17, 9, 9, 7, 7]  tape=0.263km B=10.19T unif=5.059% hoop=117MPa
  [ 673] viol   f=   0.310  a=22.7 b=28.2 gap=29.5 (face=3.1mm) n=[219, 219, 246, 246, 262, 262, 10, 10, 9, 9, 3, 3, 20, 20]  tape=0.265km B=9.85T unif=3.405% hoop=117MPa
  [ 674] OK     f=   0.268  a=22.3 b=28.7 gap=29.7 (face=3.4mm) n=[250, 250, 217, 217, 258, 258, 5, 5, 25, 25, 9, 9, 11, 11]  tape=0.268km B=10.06T unif=4.944% hoop=113MPa
  [ 675] viol   f=   0.273  a=22.5 b=28.7 gap=29.6 (face=3.2mm) n=[239, 239, 230, 230, 244, 244, 1, 1, 6, 6, 13, 13, 5, 5]  tape=0.250km B=9.89T unif=4.972% hoop=113MPa
  [ 676] INFEAS f=1000.020  a=22.1 b=28.5 gap=29.8 (face=3.5mm) n=[235, 235, 236, 236, 273, 273, 7, 7, 4, 4, 13, 13, 18, 18]  no evaluation (geometry pre-check)
  [ 677] OK     f=   0.282  a=22.2 b=28.6 gap=29.5 (face=3.1mm) n=[247, 247, 239, 239, 222, 222, 47, 47, 40, 40, 15, 15, 3, 3]  tape=0.282km B=10.64T unif=5.847% hoop=117MPa
  [ 678] OK     f=   0.279  a=22.2 b=28.6 gap=29.6 (face=3.2mm) n=[248, 248, 228, 228, 244, 244, 15, 15, 38, 38, 33, 33, 4, 4]  tape=0.279km B=10.51T unif=6.222% hoop=115MPa
  [ 679] OK     f=   0.278  a=22.9 b=28.8 gap=29.5 (face=3.0mm) n=[269, 269, 226, 226, 220, 220, 11, 11, 8, 8, 23, 23, 23, 23]  tape=0.278km B=10.53T unif=5.744% hoop=120MPa
  [ 680] OK     f=   0.267  a=22.5 b=28.2 gap=29.5 (face=3.0mm) n=[237, 237, 254, 254, 253, 253, 4, 4, 16, 16, 17, 17, 11, 11]  tape=0.267km B=10.40T unif=4.839% hoop=117MPa
  [a=22 b=28 nt=1594] KSP converged reason: 4, iterations: 1
  [a=23 b=29 nt=1490] KSP converged reason: 4, iterations: 1
  [a=23 b=29 nt=1470] KSP converged reason: 4, iterations: 1
  [a=22 b=29 nt=1514] KSP converged reason: 4, iterations: 1
  [a=23 b=29 nt=1496] KSP converged reason: 4, iterations: 1
  [a=22 b=29 nt=1522] KSP converged reason: 4, iterations: 1
  [a=23 b=29 nt=1488] KSP converged reason: 4, iterations: 1
  [a=22 b=29 nt=1578] KSP converged reason: 4, iterations: 1
  [a=23 b=28 nt=1540] KSP converged reason: 4, iterations: 1
  [a=23 b=29 nt=1492] KSP converged reason: 4, iterations: 1
  [ 681] OK     f=   0.261  a=22.3 b=28.7 gap=29.5 (face=3.0mm) n=[237, 237, 246, 246, 220, 220, 10, 10, 8, 8, 14, 14, 22, 22]  tape=0.261km B=10.07T unif=4.693% hoop=113MPa
  [ 682] OK     f=   0.261  a=22.3 b=28.9 gap=29.5 (face=3.0mm) n=[237, 237, 245, 245, 232, 232, 15, 15, 5, 5, 10, 10, 17, 17]  tape=0.261km B=10.13T unif=4.579% hoop=113MPa
  [ 683] OK     f=   0.262  a=22.7 b=28.9 gap=29.5 (face=3.0mm) n=[242, 242, 250, 250, 200, 200, 12, 12, 23, 23, 8, 8, 13, 13]  tape=0.262km B=10.05T unif=4.682% hoop=117MPa
  [ 684] OK     f=   0.275  a=22.5 b=28.3 gap=29.5 (face=3.0mm) n=[232, 232, 258, 258, 239, 239, 19, 19, 14, 14, 15, 15, 20, 20]  tape=0.275km B=10.30T unif=4.181% hoop=117MPa
  [ 685] OK     f=   0.265  a=22.6 b=29.1 gap=29.6 (face=3.2mm) n=[254, 254, 231, 231, 199, 199, 24, 24, 18, 18, 14, 14, 5, 5]  tape=0.265km B=10.18T unif=5.680% hoop=116MPa
  [ 686] OK     f=   0.260  a=22.7 b=29.2 gap=29.5 (face=3.0mm) n=[257, 257, 246, 246, 189, 189, 6, 6, 26, 26, 8, 8, 3, 3]  tape=0.260km B=10.16T unif=4.822% hoop=114MPa
  [ 687] OK     f=   0.265  a=23.1 b=29.3 gap=29.5 (face=3.1mm) n=[263, 263, 253, 253, 187, 187, 3, 3, 2, 2, 6, 6, 30, 30]  tape=0.265km B=10.22T unif=4.609% hoop=116MPa
  [ 688] viol   f=   0.294  a=22.8 b=29.1 gap=29.5 (face=3.1mm) n=[233, 233, 242, 242, 224, 224, 16, 16, 13, 13, 9, 9, 9, 9]  tape=0.259km B=9.87T unif=4.149% hoop=114MPa
  [ 689] OK     f=   0.263  a=22.9 b=28.3 gap=29.5 (face=3.0mm) n=[241, 241, 237, 237, 256, 256, 8, 8, 8, 8, 10, 10, 10, 10]  tape=0.263km B=10.14T unif=5.199% hoop=119MPa
  [ 690] OK     f=   0.278  a=22.4 b=28.7 gap=29.6 (face=3.2mm) n=[241, 241, 269, 269, 213, 213, 19, 19, 6, 6, 26, 26, 15, 15]  tape=0.278km B=10.40T unif=4.047% hoop=118MPa
  [a=22 b=29 nt=1632] KSP converged reason: 4, iterations: 1
  [a=22 b=28 nt=1552] KSP converged reason: 4, iterations: 1
  [a=23 b=29 nt=1522] KSP converged reason: 4, iterations: 1
  [a=22 b=29 nt=1474] KSP converged reason: 4, iterations: 1
  [a=23 b=29 nt=1498] KSP converged reason: 4, iterations: 1
  [a=23 b=29 nt=1444] KSP converged reason: 4, iterations: 1
  [a=23 b=29 nt=1562] KSP converged reason: 4, iterations: 1
  [a=22 b=29 nt=1688] KSP converged reason: 4, iterations: 1
  [a=23 b=29 nt=1564] KSP converged reason: 4, iterations: 1
  [a=22 b=29 nt=1418] KSP converged reason: 4, iterations: 1
  [ 691] OK     f=   0.257  a=22.6 b=29.3 gap=29.5 (face=3.0mm) n=[252, 252, 239, 239, 181, 181, 28, 28, 14, 14, 3, 3, 5, 5]  tape=0.257km B=10.01T unif=4.671% hoop=114MPa
  [ 692] viol   f=   0.282  a=22.4 b=28.8 gap=29.5 (face=3.0mm) n=[237, 237, 254, 254, 190, 190, 22, 22, 18, 18, 11, 11, 5, 5]  tape=0.259km B=9.89T unif=4.212% hoop=114MPa
  [ 693] OK     f=   0.269  a=22.7 b=28.9 gap=29.5 (face=3.0mm) n=[254, 254, 231, 231, 211, 211, 28, 28, 24, 24, 3, 3, 10, 10]  tape=0.269km B=10.31T unif=5.566% hoop=116MPa
  [ 694] viol   f=   0.262  a=22.5 b=28.7 gap=29.5 (face=3.0mm) n=[229, 229, 252, 252, 223, 223, 12, 12, 9, 9, 4, 4, 20, 20]  tape=0.259km B=9.96T unif=4.197% hoop=115MPa
  [ 695] OK     f=   0.287  a=22.3 b=28.6 gap=29.5 (face=3.0mm) n=[236, 236, 231, 231, 271, 271, 10, 10, 16, 16, 25, 25, 27, 27]  tape=0.287km B=10.07T unif=3.249% hoop=119MPa
  [ 696] viol   f=   0.275  a=22.3 b=28.3 gap=29.5 (face=3.0mm) n=[215, 215, 261, 261, 243, 243, 10, 10, 10, 10, 12, 12, 25, 25]  tape=0.268km B=9.94T unif=2.201% hoop=113MPa
  [ 697] OK     f=   0.276  a=22.6 b=29.3 gap=29.5 (face=3.0mm) n=[249, 249, 254, 254, 208, 208, 9, 9, 38, 38, 19, 19, 4, 4]  tape=0.276km B=10.37T unif=4.335% hoop=116MPa
  [ 698] OK     f=   0.298  a=22.4 b=28.8 gap=29.5 (face=3.0mm) n=[236, 236, 258, 258, 235, 235, 19, 19, 45, 45, 11, 11, 40, 40]  tape=0.298km B=10.58T unif=3.959% hoop=120MPa
  [ 699] OK     f=   0.283  a=22.5 b=29.1 gap=29.5 (face=3.0mm) n=[249, 249, 274, 274, 178, 178, 12, 12, 33, 33, 33, 33, 3, 3]  tape=0.283km B=10.32T unif=3.765% hoop=118MPa
  [ 700] viol   f=   0.398  a=22.3 b=29.3 gap=29.5 (face=3.0mm) n=[234, 234, 241, 241, 216, 216, 6, 6, 8, 8, 3, 3, 1, 1]  tape=0.244km B=9.72T unif=4.290% hoop=110MPa
  [a=23 b=29 nt=1462] KSP converged reason: 4, iterations: 1
  [a=23 b=29 nt=1486] KSP converged reason: 4, iterations: 1
  [a=23 b=28 nt=1530] KSP converged reason: 4, iterations: 1
  [a=23 b=29 nt=1500] KSP converged reason: 4, iterations: 1
  [a=23 b=29 nt=1512] KSP converged reason: 4, iterations: 1
  [a=23 b=29 nt=1568] KSP converged reason: 4, iterations: 1
  [a=22 b=28 nt=1474] KSP converged reason: 4, iterations: 1
  [a=23 b=30 nt=1474] KSP converged reason: 4, iterations: 1
  [a=23 b=29 nt=1474] KSP converged reason: 4, iterations: 1
  [ 701] viol   f=   0.539  a=22.8 b=28.7 gap=29.6 (face=3.3mm) n=[226, 226, 268, 268, 181, 181, 14, 14, 18, 18, 14, 14, 10, 10]  tape=0.262km B=9.63T unif=3.006% hoop=117MPa
  [ 702] OK     f=   0.261  a=22.6 b=29.1 gap=29.5 (face=3.0mm) n=[247, 247, 244, 244, 209, 209, 13, 13, 23, 23, 7, 7, 7, 7]  tape=0.261km B=10.19T unif=4.587% hoop=115MPa
  [ 703] viol   f=   0.262  a=22.8 b=28.9 gap=29.5 (face=3.0mm) n=[234, 234, 253, 253, 214, 214, 22, 22, 11, 11, 7, 7, 2, 2]  tape=0.260km B=9.97T unif=3.984% hoop=118MPa
  [ 704] viol   f=   0.280  a=22.9 b=29.1 gap=29.5 (face=3.0mm) n=[236, 236, 233, 233, 208, 208, 25, 25, 18, 18, 33, 33, 31, 31]  tape=0.278km B=9.97T unif=4.561% hoop=116MPa
  [ 705] viol   f=   0.293  a=22.5 b=28.9 gap=29.5 (face=3.0mm) n=[232, 232, 234, 234, 237, 237, 5, 5, 24, 24, 12, 12, 12, 12]  tape=0.259km B=9.87T unif=4.519% hoop=111MPa
  [ 706] viol   f=   0.265  a=22.6 b=28.3 gap=29.5 (face=3.0mm) n=[226, 226, 247, 247, 221, 221, 32, 32, 5, 5, 11, 11, 23, 23]  tape=0.265km B=9.99T unif=4.354% hoop=116MPa
  [ 707] INFEAS f=1000.021  a=22.1 b=28.7 gap=29.5 (face=3.0mm) n=[213, 213, 252, 252, 205, 205, 23, 23, 46, 46, 18, 18, 9, 9]  no evaluation (geometry pre-check)
  [ 708] viol   f=   0.265  a=22.3 b=28.4 gap=29.5 (face=3.1mm) n=[231, 231, 260, 260, 202, 202, 9, 9, 21, 21, 9, 9, 5, 5]  tape=0.256km B=9.93T unif=4.235% hoop=115MPa
  [ 709] OK     f=   0.269  a=22.6 b=29.6 gap=29.5 (face=3.0mm) n=[263, 263, 232, 232, 171, 171, 10, 10, 28, 28, 5, 5, 28, 28]  tape=0.269km B=10.07T unif=4.491% hoop=114MPa
  [ 710] viol   f=   0.292  a=22.7 b=28.8 gap=29.5 (face=3.0mm) n=[245, 245, 241, 241, 183, 183, 12, 12, 7, 7, 19, 19, 30, 30]  tape=0.259km B=9.87T unif=5.045% hoop=113MPa
  [a=22 b=28 nt=1556] KSP converged reason: 4, iterations: 1
  [a=23 b=29 nt=1482] KSP converged reason: 4, iterations: 1
  [a=23 b=29 nt=1440] KSP converged reason: 4, iterations: 1
  [a=23 b=29 nt=1572] KSP converged reason: 4, iterations: 1
  [a=23 b=29 nt=1420] KSP converged reason: 4, iterations: 1
  [a=23 b=29 nt=1528] KSP converged reason: 4, iterations: 1
  [a=23 b=29 nt=1488] KSP converged reason: 4, iterations: 1
  [a=23 b=29 nt=1504] KSP converged reason: 4, iterations: 1
  [a=22 b=29 nt=1464] KSP converged reason: 4, iterations: 1
  [a=23 b=29 nt=1516] KSP converged reason: 4, iterations: 1
  [ 711] OK     f=   0.279  a=22.6 b=29.0 gap=29.5 (face=3.0mm) n=[227, 227, 257, 257, 220, 220, 16, 16, 55, 55, 2, 2, 9, 9]  tape=0.279km B=10.11T unif=3.435% hoop=118MPa
  [ 712] OK     f=   0.272  a=22.3 b=28.4 gap=29.5 (face=3.0mm) n=[217, 217, 261, 261, 227, 227, 29, 29, 11, 11, 14, 14, 19, 19]  tape=0.272km B=10.00T unif=3.001% hoop=116MPa
  [ 713] OK     f=   0.271  a=22.5 b=28.8 gap=29.5 (face=3.1mm) n=[228, 228, 262, 262, 209, 209, 16, 16, 36, 36, 5, 5, 8, 8]  tape=0.271km B=10.02T unif=3.462% hoop=119MPa
  [ 714] viol   f=   0.468  a=22.7 b=29.0 gap=29.6 (face=3.1mm) n=[228, 228, 261, 261, 194, 194, 14, 14, 14, 14, 6, 6, 3, 3]  tape=0.256km B=9.67T unif=3.295% hoop=116MPa
  [ 715] OK     f=   0.267  a=22.8 b=29.2 gap=29.5 (face=3.0mm) n=[264, 264, 232, 232, 182, 182, 44, 44, 10, 10, 7, 7, 2, 2]  tape=0.267km B=10.34T unif=6.039% hoop=119MPa
  [ 716] viol   f=   0.278  a=22.9 b=29.3 gap=29.5 (face=3.0mm) n=[249, 249, 242, 242, 200, 200, 7, 7, 2, 2, 7, 7, 3, 3]  tape=0.248km B=9.88T unif=4.603% hoop=115MPa
  [ 717] OK     f=   0.263  a=22.8 b=28.9 gap=29.5 (face=3.0mm) n=[257, 257, 244, 244, 192, 192, 20, 20, 9, 9, 12, 12, 10, 10]  tape=0.263km B=10.32T unif=5.885% hoop=117MPa
  [ 718] OK     f=   0.266  a=23.0 b=29.1 gap=29.5 (face=3.1mm) n=[260, 260, 239, 239, 211, 211, 16, 16, 2, 2, 6, 6, 18, 18]  tape=0.266km B=10.39T unif=5.687% hoop=118MPa
  [ 719] viol   f=   0.437  a=22.4 b=28.8 gap=29.5 (face=3.0mm) n=[218, 218, 268, 268, 215, 215, 13, 13, 1, 1, 11, 11, 6, 6]  tape=0.258km B=9.70T unif=2.329% hoop=115MPa
  [ 720] viol   f=   0.262  a=22.6 b=28.9 gap=29.5 (face=3.0mm) n=[226, 226, 241, 241, 231, 231, 35, 35, 10, 10, 11, 11, 4, 4]  tape=0.262km B=10.00T unif=4.288% hoop=116MPa
  [a=23 b=29 nt=1518] KSP converged reason: 4, iterations: 1
  [a=23 b=30 nt=1532] KSP converged reason: 4, iterations: 1
  [a=23 b=29 nt=1548] KSP converged reason: 4, iterations: 1
  [a=23 b=29 nt=1544] KSP converged reason: 4, iterations: 1
  [a=23 b=29 nt=1464] KSP converged reason: 4, iterations: 1
  [a=22 b=28 nt=1522] KSP converged reason: 4, iterations: 1
  [a=23 b=29 nt=1562] KSP converged reason: 4, iterations: 1
  [a=23 b=29 nt=1476] KSP converged reason: 4, iterations: 1
  [a=23 b=29 nt=1492] KSP converged reason: 4, iterations: 1
  [a=23 b=29 nt=1490] KSP converged reason: 4, iterations: 1
  [ 721] OK     f=   0.270  a=22.6 b=29.1 gap=29.5 (face=3.1mm) n=[249, 249, 241, 241, 225, 225, 22, 22, 3, 3, 24, 24, 10, 10]  tape=0.270km B=10.30T unif=4.946% hoop=117MPa
  [ 722] OK     f=   0.271  a=22.8 b=29.0 gap=29.6 (face=3.1mm) n=[243, 243, 242, 242, 209, 209, 40, 40, 15, 15, 14, 14, 9, 9]  tape=0.271km B=10.26T unif=5.303% hoop=118MPa
  [ 723] OK     f=   0.280  a=23.0 b=29.6 gap=29.5 (face=3.1mm) n=[263, 263, 237, 237, 189, 189, 26, 26, 5, 5, 35, 35, 11, 11]  tape=0.280km B=10.27T unif=4.574% hoop=119MPa
  [ 724] viol   f=   0.298  a=22.7 b=29.2 gap=29.5 (face=3.0mm) n=[239, 239, 242, 242, 196, 196, 30, 30, 4, 4, 9, 9, 12, 12]  tape=0.257km B=9.86T unif=4.313% hoop=114MPa
  [ 725] OK     f=   0.259  a=22.5 b=28.4 gap=29.5 (face=3.0mm) n=[232, 232, 238, 238, 230, 230, 43, 43, 2, 2, 9, 9, 7, 7]  tape=0.259km B=10.15T unif=5.212% hoop=114MPa
  [ 726] OK     f=   0.266  a=22.6 b=29.0 gap=29.5 (face=3.0mm) n=[239, 239, 258, 258, 215, 215, 13, 13, 9, 9, 13, 13, 12, 12]  tape=0.266km B=10.12T unif=4.284% hoop=115MPa
  [ 727] viol   f=   0.278  a=22.7 b=29.2 gap=29.6 (face=3.2mm) n=[236, 236, 250, 250, 203, 203, 31, 31, 4, 4, 7, 7, 7, 7]  tape=0.260km B=9.91T unif=4.456% hoop=116MPa
  [ 728] OK     f=   0.278  a=22.6 b=28.6 gap=29.5 (face=3.1mm) n=[226, 226, 268, 268, 211, 211, 29, 29, 20, 20, 17, 17, 10, 10]  tape=0.278km B=10.07T unif=3.241% hoop=119MPa
  [ 729] OK     f=   0.263  a=22.8 b=28.6 gap=29.5 (face=3.0mm) n=[253, 253, 228, 228, 204, 204, 27, 27, 12, 12, 13, 13, 9, 9]  tape=0.263km B=10.12T unif=5.299% hoop=116MPa
  [ 730] OK     f=   0.263  a=22.9 b=29.1 gap=29.5 (face=3.0mm) n=[249, 249, 250, 250, 186, 186, 7, 7, 35, 35, 13, 13, 5, 5]  tape=0.263km B=10.09T unif=4.460% hoop=116MPa
  [a=23 b=29 nt=1514] KSP converged reason: 4, iterations: 1
  [a=22 b=28 nt=1554] KSP converged reason: 4, iterations: 1
  [a=23 b=29 nt=1510] KSP converged reason: 4, iterations: 1
  [a=23 b=29 nt=1462] KSP converged reason: 4, iterations: 1
  [a=22 b=28 nt=1512] KSP converged reason: 4, iterations: 1
  [a=22 b=29 nt=1544] KSP converged reason: 4, iterations: 1
  [a=22 b=29 nt=1524] KSP converged reason: 4, iterations: 1
  [a=23 b=28 nt=1528] KSP converged reason: 4, iterations: 1
  [a=23 b=29 nt=1618] KSP converged reason: 4, iterations: 1
  [a=23 b=29 nt=1512] KSP converged reason: 4, iterations: 1
  [ 731] OK     f=   0.273  a=22.7 b=29.0 gap=29.5 (face=3.0mm) n=[259, 259, 225, 225, 191, 191, 33, 33, 14, 14, 17, 17, 18, 18]  tape=0.273km B=10.22T unif=5.198% hoop=116MPa
  [ 732] OK     f=   0.272  a=22.5 b=28.4 gap=29.5 (face=3.0mm) n=[248, 248, 225, 225, 206, 206, 72, 72, 5, 5, 15, 15, 6, 6]  tape=0.272km B=10.53T unif=5.524% hoop=122MPa
  [ 733] viol   f=   0.259  a=22.9 b=28.6 gap=29.5 (face=3.0mm) n=[235, 235, 246, 246, 227, 227, 7, 7, 1, 1, 12, 12, 3, 3]  tape=0.249km B=9.93T unif=4.749% hoop=115MPa
  [ 734] OK     f=   0.266  a=22.7 b=28.8 gap=29.5 (face=3.0mm) n=[238, 238, 249, 249, 196, 196, 28, 28, 15, 15, 15, 15, 14, 14]  tape=0.266km B=10.01T unif=4.651% hoop=116MPa
  [ 735] OK     f=   0.271  a=22.5 b=29.0 gap=29.5 (face=3.0mm) n=[240, 240, 233, 233, 211, 211, 38, 38, 26, 26, 7, 7, 17, 17]  tape=0.271km B=10.13T unif=4.687% hoop=117MPa
  [ 736] OK     f=   0.257  a=22.5 b=28.4 gap=29.5 (face=3.0mm) n=[235, 235, 239, 239, 227, 227, 27, 27, 10, 10, 12, 12, 6, 6]  tape=0.257km B=10.17T unif=5.835% hoop=114MPa
  [ 737] OK     f=   0.263  a=22.4 b=28.9 gap=29.5 (face=3.0mm) n=[237, 237, 239, 239, 223, 223, 34, 34, 5, 5, 10, 10, 14, 14]  tape=0.263km B=10.17T unif=5.479% hoop=114MPa
  [ 738] OK     f=   0.260  a=22.6 b=28.3 gap=29.5 (face=3.0mm) n=[228, 228, 239, 239, 243, 243, 28, 28, 6, 6, 5, 5, 15, 15]  tape=0.260km B=10.04T unif=4.993% hoop=116MPa
  [ 739] OK     f=   0.284  a=22.7 b=28.5 gap=29.5 (face=3.0mm) n=[231, 231, 237, 237, 207, 207, 64, 64, 42, 42, 21, 21, 7, 7]  tape=0.284km B=10.43T unif=5.118% hoop=121MPa
  [ 740] viol   f=   0.265  a=22.7 b=28.7 gap=29.5 (face=3.1mm) n=[243, 243, 214, 214, 222, 222, 43, 43, 17, 17, 11, 11, 6, 6]  tape=0.265km B=10.00T unif=5.072% hoop=115MPa
  [a=22 b=28 nt=1582] KSP converged reason: 4, iterations: 1
  [a=22 b=28 nt=1544] KSP converged reason: 4, iterations: 1
  [a=22 b=28 nt=1572] KSP converged reason: 4, iterations: 1
  [a=23 b=29 nt=1504] KSP converged reason: 4, iterations: 1
  [a=23 b=29 nt=1572] KSP converged reason: 4, iterations: 1
  [a=23 b=29 nt=1478] KSP converged reason: 4, iterations: 1
  [a=23 b=28 nt=1494] KSP converged reason: 4, iterations: 1
  [a=22 b=29 nt=1490] KSP converged reason: 4, iterations: 1
  [a=23 b=28 nt=1578] KSP converged reason: 4, iterations: 1
  [a=22 b=29 nt=1548] KSP converged reason: 4, iterations: 1
  [ 741] OK     f=   0.260  a=22.6 b=28.7 gap=29.5 (face=3.0mm) n=[247, 247, 225, 225, 232, 232, 25, 25, 8, 8, 11, 11, 4, 4]  tape=0.260km B=10.10T unif=5.322% hoop=115MPa
  [ 742] OK     f=   0.274  a=22.5 b=28.1 gap=29.5 (face=3.0mm) n=[226, 226, 258, 258, 228, 228, 36, 36, 12, 12, 29, 29, 2, 2]  tape=0.274km B=10.27T unif=3.853% hoop=118MPa
  [ 743] OK     f=   0.264  a=22.4 b=28.2 gap=29.5 (face=3.0mm) n=[231, 231, 251, 251, 233, 233, 23, 23, 2, 2, 24, 24, 8, 8]  tape=0.264km B=10.20T unif=4.854% hoop=116MPa
  [ 744] viol   f=   0.271  a=22.3 b=28.2 gap=29.5 (face=3.0mm) n=[216, 216, 236, 236, 250, 250, 40, 40, 28, 28, 15, 15, 1, 1]  tape=0.271km B=9.99T unif=3.971% hoop=116MPa
  [ 745] OK     f=   0.270  a=22.8 b=28.6 gap=29.5 (face=3.0mm) n=[235, 235, 238, 238, 238, 238, 9, 9, 15, 15, 32, 32, 19, 19]  tape=0.270km B=10.15T unif=5.237% hoop=116MPa
  [ 746] viol   f=   0.252  a=22.7 b=28.8 gap=29.5 (face=3.0mm) n=[239, 239, 236, 236, 241, 241, 3, 3, 2, 2, 14, 14, 4, 4]  tape=0.250km B=9.97T unif=4.591% hoop=114MPa
  [ 747] viol   f=   0.252  a=22.8 b=28.2 gap=29.5 (face=3.0mm) n=[230, 230, 238, 238, 236, 236, 22, 22, 6, 6, 9, 9, 6, 6]  tape=0.252km B=9.99T unif=4.881% hoop=115MPa
  [ 748] OK     f=   0.255  a=22.4 b=28.7 gap=29.5 (face=3.0mm) n=[244, 244, 237, 237, 223, 223, 19, 19, 10, 10, 7, 7, 5, 5]  tape=0.255km B=10.14T unif=4.968% hoop=113MPa
  [ 749] OK     f=   0.272  a=22.6 b=28.2 gap=29.5 (face=3.0mm) n=[235, 235, 226, 226, 254, 254, 33, 33, 11, 11, 11, 11, 19, 19]  tape=0.272km B=10.14T unif=4.864% hoop=120MPa
  [ 750] OK     f=   0.267  a=22.4 b=28.8 gap=29.5 (face=3.0mm) n=[238, 238, 241, 241, 225, 225, 5, 5, 15, 15, 31, 31, 19, 19]  tape=0.267km B=10.13T unif=5.201% hoop=113MPa
  [a=23 b=28 nt=1536] KSP converged reason: 4, iterations: 1
  [a=23 b=28 nt=1532] KSP converged reason: 4, iterations: 1
  [a=23 b=29 nt=1520] KSP converged reason: 4, iterations: 1
  [a=23 b=28 nt=1526] KSP converged reason: 4, iterations: 1
  [a=22 b=28 nt=1550] KSP converged reason: 4, iterations: 1
  [a=23 b=29 nt=1522] KSP converged reason: 4, iterations: 1
  [a=23 b=28 nt=1522] KSP converged reason: 4, iterations: 1
  [a=23 b=29 nt=1434] KSP converged reason: 4, iterations: 1
  [a=22 b=29 nt=1500] KSP converged reason: 4, iterations: 1
  [a=23 b=29 nt=1536] KSP converged reason: 4, iterations: 1
  [ 751] viol   f=   0.269  a=22.8 b=28.4 gap=29.5 (face=3.0mm) n=[230, 230, 231, 231, 255, 255, 33, 33, 3, 3, 1, 1, 10, 10]  tape=0.263km B=9.95T unif=4.285% hoop=121MPa
  [ 752] viol   f=   0.371  a=22.5 b=28.4 gap=29.6 (face=3.3mm) n=[230, 230, 231, 231, 275, 275, 7, 7, 2, 2, 12, 12, 11, 11]  tape=0.267km B=9.77T unif=3.492% hoop=120MPa
  [ 753] OK     f=   0.263  a=22.6 b=28.6 gap=29.5 (face=3.0mm) n=[256, 256, 222, 222, 243, 243, 9, 9, 10, 10, 11, 11, 10, 10]  tape=0.263km B=10.22T unif=5.367% hoop=114MPa
  [ 754] viol   f=   0.290  a=22.6 b=27.9 gap=29.5 (face=3.1mm) n=[223, 223, 231, 231, 249, 249, 23, 23, 15, 15, 6, 6, 19, 19]  tape=0.262km B=9.88T unif=4.274% hoop=117MPa
  [ 755] viol   f=   0.271  a=22.7 b=28.5 gap=29.5 (face=3.0mm) n=[227, 227, 245, 245, 261, 261, 5, 5, 13, 13, 7, 7, 2, 2]  tape=0.261km B=9.93T unif=3.700% hoop=118MPa
  [ 756] OK     f=   0.264  a=22.2 b=28.1 gap=29.5 (face=3.0mm) n=[225, 225, 244, 244, 233, 233, 22, 22, 32, 32, 8, 8, 11, 11]  tape=0.264km B=10.14T unif=4.700% hoop=115MPa
  [ 757] OK     f=   0.259  a=22.6 b=28.4 gap=29.5 (face=3.0mm) n=[236, 236, 231, 231, 246, 246, 28, 28, 4, 4, 8, 8, 8, 8]  tape=0.259km B=10.09T unif=4.844% hoop=117MPa
  [ 758] viol   f=   0.305  a=22.7 b=28.9 gap=29.5 (face=3.0mm) n=[245, 245, 225, 225, 212, 212, 13, 13, 10, 10, 2, 2, 10, 10]  tape=0.250km B=9.83T unif=5.223% hoop=115MPa
  [ 759] OK     f=   0.254  a=22.4 b=28.5 gap=29.5 (face=3.0mm) n=[234, 234, 234, 234, 243, 243, 26, 26, 10, 10, 2, 2, 1, 1]  tape=0.254km B=10.11T unif=5.473% hoop=115MPa
  [ 760] OK     f=   0.271  a=22.6 b=28.6 gap=29.5 (face=3.0mm) n=[247, 247, 233, 233, 193, 193, 24, 24, 42, 42, 19, 19, 10, 10]  tape=0.271km B=10.14T unif=5.906% hoop=115MPa
  [a=22 b=29 nt=1564] KSP converged reason: 4, iterations: 1
  [a=22 b=29 nt=1542] KSP converged reason: 4, iterations: 1
  [a=23 b=28 nt=1552] KSP converged reason: 4, iterations: 1
  [a=22 b=29 nt=1518] KSP converged reason: 4, iterations: 1
  [a=22 b=29 nt=1542] KSP converged reason: 4, iterations: 1
  [a=22 b=28 nt=1500] KSP converged reason: 4, iterations: 1
  [a=22 b=29 nt=1580] KSP converged reason: 4, iterations: 1
  [a=22 b=28 nt=1536] KSP converged reason: 4, iterations: 1
  [a=23 b=28 nt=1528] KSP converged reason: 4, iterations: 1
  [a=22 b=29 nt=1508] KSP converged reason: 4, iterations: 1
  [ 761] OK     f=   0.264  a=22.5 b=28.8 gap=29.5 (face=3.1mm) n=[234, 234, 249, 249, 243, 243, 1, 1, 24, 24, 7, 7, 13, 13]  tape=0.264km B=10.14T unif=4.636% hoop=114MPa
  [ 762] OK     f=   0.265  a=22.5 b=28.1 gap=29.5 (face=3.0mm) n=[245, 245, 216, 216, 243, 243, 44, 44, 14, 14, 6, 6, 8, 8]  tape=0.265km B=10.26T unif=6.292% hoop=114MPa
  [ 763] OK     f=   0.269  a=22.4 b=28.5 gap=29.6 (face=3.1mm) n=[238, 238, 229, 229, 249, 249, 30, 30, 14, 14, 5, 5, 17, 17]  tape=0.269km B=10.22T unif=5.157% hoop=116MPa
  [ 764] OK     f=   0.257  a=22.5 b=28.6 gap=29.5 (face=3.0mm) n=[243, 243, 242, 242, 233, 233, 10, 10, 13, 13, 14, 14, 4, 4]  tape=0.257km B=10.21T unif=5.493% hoop=112MPa
  [ 765] OK     f=   0.253  a=22.4 b=28.5 gap=29.5 (face=3.0mm) n=[236, 236, 236, 236, 233, 233, 18, 18, 12, 12, 6, 6, 9, 9]  tape=0.253km B=10.05T unif=5.245% hoop=112MPa
  [ 766] OK     f=   0.268  a=22.5 b=28.8 gap=29.5 (face=3.0mm) n=[239, 239, 216, 216, 249, 249, 33, 33, 17, 17, 3, 3, 14, 14]  tape=0.268km B=10.01T unif=4.265% hoop=116MPa
  [ 767] OK     f=   0.275  a=22.2 b=28.6 gap=29.5 (face=3.0mm) n=[244, 244, 222, 222, 267, 267, 18, 18, 14, 14, 6, 6, 19, 19]  tape=0.275km B=10.11T unif=3.971% hoop=116MPa
  [ 768] OK     f=   0.257  a=22.3 b=28.7 gap=29.5 (face=3.0mm) n=[241, 241, 226, 226, 237, 237, 32, 32, 5, 5, 5, 5, 8, 8]  tape=0.257km B=10.15T unif=5.118% hoop=113MPa
  [ 769] OK     f=   0.265  a=22.3 b=28.3 gap=29.5 (face=3.0mm) n=[222, 222, 251, 251, 226, 226, 44, 44, 11, 11, 10, 10, 4, 4]  tape=0.265km B=10.08T unif=4.214% hoop=116MPa
  [ 770] OK     f=   0.262  a=22.7 b=28.5 gap=29.5 (face=3.0mm) n=[243, 243, 219, 219, 248, 248, 27, 27, 6, 6, 10, 10, 11, 11]  tape=0.262km B=10.07T unif=5.417% hoop=115MPa
  [a=23 b=29 nt=1516] KSP converged reason: 4, iterations: 1
  [a=22 b=28 nt=1536] KSP converged reason: 4, iterations: 1
  [a=23 b=29 nt=1466] KSP converged reason: 4, iterations: 1
  [a=22 b=28 nt=1512] KSP converged reason: 4, iterations: 1
  [a=23 b=28 nt=1484] KSP converged reason: 4, iterations: 1
  [a=22 b=29 nt=1628] KSP converged reason: 4, iterations: 1
  [a=22 b=28 nt=1552] KSP converged reason: 4, iterations: 1
  [a=22 b=29 nt=1508] KSP converged reason: 4, iterations: 1
  [a=23 b=28 nt=1526] KSP converged reason: 4, iterations: 1
  [a=22 b=29 nt=1502] KSP converged reason: 4, iterations: 1
  [ 771] OK     f=   0.263  a=22.2 b=28.2 gap=29.5 (face=3.0mm) n=[225, 225, 246, 246, 226, 226, 32, 32, 22, 22, 9, 9, 8, 8]  tape=0.263km B=10.12T unif=4.628% hoop=115MPa
  [ 772] viol   f=   0.285  a=22.5 b=28.6 gap=29.5 (face=3.0mm) n=[241, 241, 212, 212, 259, 259, 28, 28, 6, 6, 11, 11, 1, 1]  tape=0.264km B=9.90T unif=4.143% hoop=116MPa
  [ 773] OK     f=   0.252  a=22.6 b=28.6 gap=29.5 (face=3.0mm) n=[247, 247, 235, 235, 215, 215, 10, 10, 13, 13, 11, 11, 2, 2]  tape=0.252km B=10.10T unif=5.433% hoop=115MPa
  [ 774] OK     f=   0.254  a=22.4 b=28.3 gap=29.5 (face=3.0mm) n=[234, 234, 238, 238, 241, 241, 21, 21, 15, 15, 3, 3, 4, 4]  tape=0.254km B=10.14T unif=5.410% hoop=113MPa
  [ 775] OK     f=   0.250  a=22.7 b=28.4 gap=29.5 (face=3.0mm) n=[237, 237, 236, 236, 242, 242, 7, 7, 1, 1, 14, 14, 5, 5]  tape=0.250km B=10.01T unif=5.351% hoop=116MPa
  [ 776] OK     f=   0.283  a=22.4 b=29.0 gap=29.5 (face=3.0mm) n=[240, 240, 235, 235, 233, 233, 50, 50, 28, 28, 5, 5, 23, 23]  tape=0.283km B=10.46T unif=5.198% hoop=117MPa
  [ 777] OK     f=   0.263  a=22.4 b=28.4 gap=29.5 (face=3.0mm) n=[232, 232, 245, 245, 246, 246, 13, 13, 12, 12, 4, 4, 24, 24]  tape=0.263km B=10.13T unif=4.717% hoop=114MPa
  [ 778] OK     f=   0.255  a=22.4 b=28.7 gap=29.5 (face=3.0mm) n=[236, 236, 238, 238, 234, 234, 17, 17, 15, 15, 3, 3, 8, 8]  tape=0.255km B=10.10T unif=5.174% hoop=114MPa
  [ 779] OK     f=   0.262  a=22.6 b=28.4 gap=29.5 (face=3.0mm) n=[251, 251, 227, 227, 233, 233, 29, 29, 3, 3, 12, 12, 8, 8]  tape=0.262km B=10.32T unif=6.267% hoop=115MPa
  [ 780] viol   f=   0.380  a=22.2 b=28.5 gap=29.6 (face=3.2mm) n=[232, 232, 220, 220, 265, 265, 22, 22, 4, 4, 5, 5, 6, 6]  tape=0.261km B=9.76T unif=3.823% hoop=116MPa
  [a=23 b=28 nt=1514] KSP converged reason: 4, iterations: 1
  [a=23 b=28 nt=1496] KSP converged reason: 4, iterations: 1
  [a=23 b=28 nt=1470] KSP converged reason: 4, iterations: 1
  [a=23 b=28 nt=1464] KSP converged reason: 4, iterations: 1
  [a=23 b=28 nt=1480] KSP converged reason: 4, iterations: 1
  [a=22 b=28 nt=1482] KSP converged reason: 4, iterations: 1
  [a=23 b=28 nt=1484] KSP converged reason: 4, iterations: 1
  [a=23 b=28 nt=1506] KSP converged reason: 4, iterations: 1
  [a=23 b=29 nt=1476] KSP converged reason: 4, iterations: 1
  [a=23 b=28 nt=1466] KSP converged reason: 4, iterations: 1
  [ 781] viol   f=   0.266  a=22.3 b=28.2 gap=29.5 (face=3.0mm) n=[232, 232, 234, 234, 237, 237, 3, 3, 7, 7, 9, 9, 19, 19]  tape=0.247km B=9.90T unif=5.730% hoop=110MPa
  [ 782] viol   f=   0.382  a=22.8 b=28.5 gap=29.5 (face=3.0mm) n=[241, 241, 232, 232, 244, 244, 2, 2, 10, 10, 2, 2, 4, 4]  tape=0.247km B=9.74T unif=5.646% hoop=143MPa
  [ 783] OK     f=   0.246  a=22.6 b=28.4 gap=29.5 (face=3.0mm) n=[239, 239, 241, 241, 229, 229, 3, 3, 4, 4, 12, 12, 4, 4]  tape=0.246km B=10.00T unif=5.621% hoop=112MPa
  [ 784] viol   f=   0.270  a=22.6 b=28.4 gap=29.5 (face=3.0mm) n=[221, 221, 247, 247, 252, 252, 15, 15, 6, 6, 6, 6, 10, 10]  tape=0.258km B=9.92T unif=3.802% hoop=116MPa
  [ 785] OK     f=   0.252  a=22.7 b=28.4 gap=29.5 (face=3.0mm) n=[237, 237, 243, 243, 224, 224, 15, 15, 14, 14, 6, 6, 1, 1]  tape=0.252km B=10.10T unif=5.000% hoop=115MPa
  [ 786] OK     f=   0.252  a=22.5 b=28.4 gap=29.5 (face=3.0mm) n=[232, 232, 241, 241, 246, 246, 2, 2, 20, 20, 6, 6, 1, 1]  tape=0.252km B=10.01T unif=4.731% hoop=114MPa
  [ 787] OK     f=   0.254  a=22.9 b=28.4 gap=29.5 (face=3.0mm) n=[252, 252, 234, 234, 226, 226, 7, 7, 2, 2, 17, 17, 4, 4]  tape=0.254km B=10.19T unif=6.033% hoop=115MPa
  [ 788] OK     f=   0.255  a=22.7 b=28.1 gap=29.5 (face=3.1mm) n=[238, 238, 229, 229, 245, 245, 11, 11, 12, 12, 9, 9, 9, 9]  tape=0.255km B=10.00T unif=5.494% hoop=114MPa
  [ 789] viol   f=   0.255  a=22.7 b=28.6 gap=29.5 (face=3.0mm) n=[245, 245, 232, 232, 220, 220, 2, 2, 13, 13, 15, 15, 11, 11]  tape=0.254km B=9.98T unif=5.783% hoop=113MPa
  [ 790] viol   f=   0.245  a=22.6 b=28.3 gap=29.5 (face=3.0mm) n=[238, 238, 238, 238, 236, 236, 3, 3, 1, 1, 11, 11, 6, 6]  tape=0.244km B=9.99T unif=5.566% hoop=112MPa
  [a=23 b=29 nt=1468] KSP converged reason: 4, iterations: 1
  [a=23 b=28 nt=1488] KSP converged reason: 4, iterations: 1
  [a=23 b=28 nt=1508] KSP converged reason: 4, iterations: 1
  [a=23 b=28 nt=1464] KSP converged reason: 4, iterations: 1
  [a=23 b=28 nt=1528] KSP converged reason: 4, iterations: 1
  [a=23 b=28 nt=1482] KSP converged reason: 4, iterations: 1
  [a=22 b=28 nt=1496] KSP converged reason: 4, iterations: 1
  [a=23 b=29 nt=1486] KSP converged reason: 4, iterations: 1
  [a=23 b=28 nt=1484] KSP converged reason: 4, iterations: 1
  [a=23 b=28 nt=1542] KSP converged reason: 4, iterations: 1
  [ 791] viol   f=   0.248  a=22.7 b=28.5 gap=29.5 (face=3.0mm) n=[238, 238, 243, 243, 227, 227, 7, 7, 2, 2, 2, 2, 13, 13]  tape=0.248km B=9.98T unif=5.510% hoop=113MPa
  [ 792] OK     f=   0.258  a=22.5 b=28.4 gap=29.5 (face=3.0mm) n=[236, 236, 241, 241, 240, 240, 21, 21, 1, 1, 16, 16, 9, 9]  tape=0.258km B=10.20T unif=5.493% hoop=115MPa
  [ 793] OK     f=   0.258  a=23.0 b=28.7 gap=29.5 (face=3.0mm) n=[259, 259, 232, 232, 206, 206, 3, 3, 7, 7, 21, 21, 6, 6]  tape=0.258km B=10.10T unif=5.266% hoop=116MPa
  [ 794] OK     f=   0.255  a=22.6 b=28.3 gap=29.5 (face=3.0mm) n=[234, 234, 244, 244, 233, 233, 5, 5, 21, 21, 15, 15, 2, 2]  tape=0.255km B=10.10T unif=5.339% hoop=115MPa
  [ 795] OK     f=   0.252  a=22.7 b=28.5 gap=29.5 (face=3.0mm) n=[240, 240, 233, 233, 227, 227, 18, 18, 2, 2, 15, 15, 6, 6]  tape=0.252km B=10.03T unif=5.593% hoop=114MPa
  [ 796] viol   f=   0.257  a=22.5 b=28.2 gap=29.5 (face=3.1mm) n=[234, 234, 235, 235, 250, 250, 7, 7, 10, 10, 5, 5, 3, 3]  tape=0.251km B=9.94T unif=4.597% hoop=116MPa
  [ 797] viol   f=   0.272  a=22.5 b=28.4 gap=29.5 (face=3.0mm) n=[232, 232, 238, 238, 223, 223, 8, 8, 24, 24, 4, 4, 19, 19]  tape=0.254km B=9.91T unif=4.916% hoop=113MPa
  [ 798] viol   f=   0.259  a=22.6 b=28.5 gap=29.5 (face=3.0mm) n=[232, 232, 243, 243, 240, 240, 3, 3, 5, 5, 13, 13, 7, 7]  tape=0.251km B=9.94T unif=4.912% hoop=114MPa
  [ 799] OK     f=   0.253  a=22.9 b=28.4 gap=29.5 (face=3.0mm) n=[247, 247, 232, 232, 228, 228, 15, 15, 5, 5, 12, 12, 3, 3]  tape=0.253km B=10.18T unif=6.298% hoop=118MPa
  [ 800] OK     f=   0.263  a=22.9 b=28.4 gap=29.5 (face=3.0mm) n=[233, 233, 244, 244, 250, 250, 20, 20, 6, 6, 16, 16, 2, 2]  tape=0.263km B=10.14T unif=4.820% hoop=118MPa
  [a=23 b=29 nt=1476] KSP converged reason: 4, iterations: 1
  [a=23 b=29 nt=1526] KSP converged reason: 4, iterations: 1
  [a=23 b=28 nt=1432] KSP converged reason: 4, iterations: 1
  [a=23 b=28 nt=1458] KSP converged reason: 4, iterations: 1
  [a=23 b=28 nt=1476] KSP converged reason: 4, iterations: 1
  [a=23 b=28 nt=1504] KSP converged reason: 4, iterations: 1
  [a=23 b=29 nt=1502] KSP converged reason: 4, iterations: 1
  [a=23 b=28 nt=1498] KSP converged reason: 4, iterations: 1
  [a=23 b=28 nt=1480] KSP converged reason: 4, iterations: 1
  [a=23 b=28 nt=1522] KSP converged reason: 4, iterations: 1
  [ 801] viol   f=   0.312  a=23.0 b=28.4 gap=29.5 (face=3.1mm) n=[234, 234, 245, 245, 222, 222, 2, 2, 7, 7, 2, 2, 4, 4]  tape=0.243km B=9.81T unif=4.853% hoop=115MPa
  [ 802] OK     f=   0.251  a=22.8 b=28.5 gap=29.5 (face=3.0mm) n=[246, 246, 239, 239, 229, 229, 6, 6, 10, 10, 5, 5, 3, 3]  tape=0.251km B=10.15T unif=5.739% hoop=115MPa
  [ 803] viol   f=   0.270  a=22.7 b=28.5 gap=29.5 (face=3.0mm) n=[241, 241, 226, 226, 231, 231, 16, 16, 4, 4, 2, 2, 9, 9]  tape=0.248km B=9.89T unif=5.557% hoop=114MPa
  [ 804] viol   f=   0.255  a=22.9 b=28.3 gap=29.5 (face=3.0mm) n=[239, 239, 237, 237, 222, 222, 8, 8, 7, 7, 14, 14, 11, 11]  tape=0.251km B=9.95T unif=5.576% hoop=113MPa
  [ 805] OK     f=   0.262  a=22.8 b=28.6 gap=29.5 (face=3.0mm) n=[242, 242, 240, 240, 221, 221, 26, 26, 6, 6, 18, 18, 10, 10]  tape=0.262km B=10.23T unif=5.535% hoop=117MPa
  [ 806] OK     f=   0.254  a=22.7 b=28.3 gap=29.5 (face=3.0mm) n=[238, 238, 234, 234, 230, 230, 26, 26, 9, 9, 5, 5, 10, 10]  tape=0.254km B=10.17T unif=6.131% hoop=116MPa
  [ 807] OK     f=   0.260  a=22.7 b=28.8 gap=29.5 (face=3.0mm) n=[245, 245, 240, 240, 215, 215, 23, 23, 10, 10, 10, 10, 8, 8]  tape=0.260km B=10.19T unif=5.150% hoop=115MPa
  [ 808] OK     f=   0.257  a=22.8 b=28.4 gap=29.5 (face=3.1mm) n=[233, 233, 249, 249, 225, 225, 13, 13, 17, 17, 2, 2, 10, 10]  tape=0.257km B=10.05T unif=4.662% hoop=118MPa
  [ 809] OK     f=   0.259  a=22.7 b=28.5 gap=29.5 (face=3.1mm) n=[240, 240, 230, 230, 241, 241, 18, 18, 5, 5, 10, 10, 17, 17]  tape=0.259km B=10.07T unif=5.507% hoop=115MPa
  [ 810] viol   f=   0.262  a=22.8 b=28.4 gap=29.5 (face=3.0mm) n=[235, 235, 249, 249, 218, 218, 1, 1, 13, 13, 17, 17, 7, 7]  tape=0.254km B=9.94T unif=4.711% hoop=115MPa
  [a=23 b=29 nt=1506] KSP converged reason: 4, iterations: 1
  [a=23 b=28 nt=1484] KSP converged reason: 4, iterations: 1
  [a=23 b=29 nt=1478] KSP converged reason: 4, iterations: 1
  [a=23 b=28 nt=1470] KSP converged reason: 4, iterations: 1
  [a=23 b=28 nt=1472] KSP converged reason: 4, iterations: 1
  [a=23 b=28 nt=1522] KSP converged reason: 4, iterations: 1
  [a=23 b=29 nt=1496] KSP converged reason: 4, iterations: 1
  [a=23 b=29 nt=1498] KSP converged reason: 4, iterations: 1
  [a=23 b=28 nt=1480] KSP converged reason: 4, iterations: 1
  [a=23 b=28 nt=1440] KSP converged reason: 4, iterations: 1
  [ 811] viol   f=   0.251  a=22.6 b=28.3 gap=29.5 (face=3.0mm) n=[237, 237, 233, 233, 239, 239, 10, 10, 4, 4, 3, 3, 10, 10]  tape=0.247km B=9.95T unif=5.356% hoop=113MPa
  [ 812] OK     f=   0.246  a=22.5 b=28.4 gap=29.5 (face=3.0mm) n=[239, 239, 239, 239, 231, 231, 10, 10, 10, 10, 4, 4, 2, 2]  tape=0.246km B=10.06T unif=5.708% hoop=113MPa
  [ 813] OK     f=   0.250  a=22.7 b=28.4 gap=29.5 (face=3.0mm) n=[236, 236, 242, 242, 235, 235, 9, 9, 12, 12, 7, 7, 1, 1]  tape=0.250km B=10.02T unif=5.175% hoop=113MPa
  [ 814] OK     f=   0.257  a=22.7 b=28.3 gap=29.5 (face=3.0mm) n=[241, 241, 237, 237, 239, 239, 24, 24, 11, 11, 4, 4, 5, 5]  tape=0.257km B=10.20T unif=5.674% hoop=114MPa
  [ 815] OK     f=   0.253  a=23.0 b=28.6 gap=29.5 (face=3.0mm) n=[244, 244, 244, 244, 221, 221, 7, 7, 4, 4, 10, 10, 9, 9]  tape=0.253km B=10.02T unif=4.566% hoop=115MPa
  [ 816] OK     f=   0.261  a=23.0 b=28.6 gap=29.5 (face=3.0mm) n=[254, 254, 234, 234, 225, 225, 14, 14, 12, 12, 11, 11, 3, 3]  tape=0.261km B=10.37T unif=6.249% hoop=119MPa
  [ 817] OK     f=   0.256  a=22.8 b=28.6 gap=29.5 (face=3.0mm) n=[244, 244, 230, 230, 236, 236, 15, 15, 11, 11, 8, 8, 4, 4]  tape=0.256km B=10.05T unif=5.371% hoop=114MPa
  [ 818] OK     f=   0.258  a=22.8 b=28.7 gap=29.5 (face=3.0mm) n=[245, 245, 236, 236, 223, 223, 15, 15, 2, 2, 13, 13, 15, 15]  tape=0.258km B=10.05T unif=5.407% hoop=114MPa
  [ 819] OK     f=   0.249  a=22.7 b=28.3 gap=29.5 (face=3.1mm) n=[244, 244, 228, 228, 249, 249, 7, 7, 8, 8, 1, 1, 3, 3]  tape=0.249km B=10.06T unif=6.103% hoop=115MPa
  [ 820] viol   f=   0.265  a=22.7 b=28.1 gap=29.5 (face=3.0mm) n=[236, 236, 236, 236, 232, 232, 2, 2, 5, 5, 3, 3, 6, 6]  tape=0.239km B=9.89T unif=6.063% hoop=112MPa
  [a=23 b=28 nt=1494] KSP converged reason: 4, iterations: 1
  [a=23 b=28 nt=1492] KSP converged reason: 4, iterations: 1
  [a=23 b=28 nt=1518] KSP converged reason: 4, iterations: 1
  [a=23 b=29 nt=1460] KSP converged reason: 4, iterations: 1
  [a=23 b=28 nt=1484] KSP converged reason: 4, iterations: 1
  [a=23 b=29 nt=1454] KSP converged reason: 4, iterations: 1
  [a=23 b=29 nt=1494] KSP converged reason: 4, iterations: 1
  [a=23 b=28 nt=1526] KSP converged reason: 4, iterations: 1
  [a=23 b=28 nt=1430] KSP converged reason: 4, iterations: 1
  [a=23 b=28 nt=1468] KSP converged reason: 4, iterations: 1
  [ 821] OK     f=   0.251  a=22.7 b=28.0 gap=29.6 (face=3.1mm) n=[240, 240, 235, 235, 255, 255, 7, 7, 5, 5, 2, 2, 3, 3]  tape=0.251km B=10.07T unif=5.341% hoop=116MPa
  [ 822] OK     f=   0.247  a=22.7 b=28.5 gap=29.5 (face=3.0mm) n=[245, 245, 249, 249, 220, 220, 5, 5, 2, 2, 4, 4, 5, 5]  tape=0.247km B=10.14T unif=5.710% hoop=113MPa
  [ 823] OK     f=   0.259  a=22.6 b=28.4 gap=29.5 (face=3.1mm) n=[244, 244, 222, 222, 245, 245, 13, 13, 5, 5, 15, 15, 15, 15]  tape=0.259km B=10.07T unif=5.553% hoop=113MPa
  [ 824] viol   f=   0.287  a=22.6 b=28.0 gap=29.6 (face=3.1mm) n=[238, 238, 224, 224, 253, 253, 11, 11, 8, 8, 1, 1, 11, 11]  tape=0.252km B=9.87T unif=4.663% hoop=114MPa
  [ 825] OK     f=   0.247  a=22.8 b=28.5 gap=29.5 (face=3.0mm) n=[243, 243, 244, 244, 217, 217, 8, 8, 4, 4, 6, 6, 5, 5]  tape=0.247km B=10.04T unif=5.623% hoop=114MPa
  [ 826] OK     f=   0.253  a=22.8 b=28.5 gap=29.5 (face=3.0mm) n=[246, 246, 240, 240, 224, 224, 5, 5, 11, 11, 9, 9, 7, 7]  tape=0.253km B=10.11T unif=5.509% hoop=115MPa
  [ 827] OK     f=   0.254  a=22.7 b=28.5 gap=29.5 (face=3.0mm) n=[247, 247, 244, 244, 227, 227, 9, 9, 10, 10, 5, 5, 5, 5]  tape=0.254km B=10.21T unif=5.531% hoop=113MPa
  [ 828] OK     f=   0.258  a=22.5 b=28.0 gap=29.5 (face=3.1mm) n=[232, 232, 236, 236, 252, 252, 16, 16, 15, 15, 7, 7, 5, 5]  tape=0.258km B=10.08T unif=5.332% hoop=118MPa
  [ 829] viol   f=   0.247  a=22.7 b=28.5 gap=29.5 (face=3.0mm) n=[243, 243, 237, 237, 227, 227, 1, 1, 1, 1, 5, 5, 1, 1]  tape=0.240km B=9.94T unif=5.631% hoop=112MPa
  [ 830] OK     f=   0.248  a=22.6 b=28.5 gap=29.5 (face=3.0mm) n=[239, 239, 243, 243, 225, 225, 7, 7, 2, 2, 11, 11, 7, 7]  tape=0.248km B=10.01T unif=5.246% hoop=113MPa
  [a=23 b=29 nt=1472] KSP converged reason: 4, iterations: 1
  [a=23 b=28 nt=1484] KSP converged reason: 4, iterations: 1
  [a=23 b=29 nt=1434] KSP converged reason: 4, iterations: 1
  [a=23 b=28 nt=1466] KSP converged reason: 4, iterations: 1
  [a=23 b=28 nt=1452] KSP converged reason: 4, iterations: 1
  [a=23 b=28 nt=1446] KSP converged reason: 4, iterations: 1
  [a=22 b=28 nt=1504] KSP converged reason: 4, iterations: 1
  [a=23 b=29 nt=1494] KSP converged reason: 4, iterations: 1
  [a=23 b=28 nt=1504] KSP converged reason: 4, iterations: 1
  [a=23 b=28 nt=1520] KSP converged reason: 4, iterations: 1
  [ 831] OK     f=   0.251  a=22.8 b=28.5 gap=29.5 (face=3.0mm) n=[249, 249, 243, 243, 219, 219, 6, 6, 9, 9, 4, 4, 6, 6]  tape=0.251km B=10.14T unif=5.574% hoop=114MPa
  [ 832] viol   f=   0.246  a=22.8 b=28.6 gap=29.5 (face=3.0mm) n=[248, 248, 236, 236, 214, 214, 7, 7, 2, 2, 8, 8, 2, 2]  tape=0.246km B=9.99T unif=5.532% hoop=114MPa
  [ 833] OK     f=   0.245  a=22.7 b=28.2 gap=29.5 (face=3.0mm) n=[238, 238, 242, 242, 236, 236, 7, 7, 4, 4, 2, 2, 4, 4]  tape=0.245km B=10.07T unif=5.791% hoop=115MPa
  [ 834] OK     f=   0.250  a=22.6 b=28.4 gap=29.5 (face=3.0mm) n=[236, 236, 241, 241, 232, 232, 16, 16, 11, 11, 3, 3, 3, 3]  tape=0.250km B=10.04T unif=5.076% hoop=113MPa
  [ 835] viol   f=   0.268  a=22.8 b=28.3 gap=29.5 (face=3.0mm) n=[234, 234, 242, 242, 231, 231, 2, 2, 1, 1, 12, 12, 1, 1]  tape=0.242km B=9.89T unif=5.367% hoop=114MPa
  [ 836] viol   f=   0.253  a=22.7 b=28.5 gap=29.5 (face=3.0mm) n=[235, 235, 249, 249, 227, 227, 2, 2, 11, 11, 1, 1, 1, 1]  tape=0.246km B=9.94T unif=4.938% hoop=115MPa
  [ 837] OK     f=   0.253  a=22.4 b=28.3 gap=29.5 (face=3.0mm) n=[237, 237, 244, 244, 238, 238, 8, 8, 16, 16, 3, 3, 6, 6]  tape=0.253km B=10.12T unif=5.017% hoop=114MPa
  [ 838] OK     f=   0.255  a=22.7 b=28.4 gap=29.5 (face=3.0mm) n=[242, 242, 241, 241, 227, 227, 13, 13, 8, 8, 12, 12, 9, 9]  tape=0.255km B=10.18T unif=5.162% hoop=117MPa
  [ 839] OK     f=   0.257  a=22.8 b=28.6 gap=29.5 (face=3.0mm) n=[251, 251, 242, 242, 222, 222, 6, 6, 3, 3, 11, 11, 12, 12]  tape=0.257km B=10.23T unif=5.412% hoop=115MPa
  [ 840] OK     f=   0.259  a=22.7 b=28.2 gap=29.5 (face=3.0mm) n=[226, 226, 255, 255, 243, 243, 14, 14, 7, 7, 6, 6, 9, 9]  tape=0.259km B=10.04T unif=3.888% hoop=116MPa
  [a=23 b=28 nt=1498] KSP converged reason: 4, iterations: 1
  [a=23 b=28 nt=1468] KSP converged reason: 4, iterations: 1
  [a=23 b=28 nt=1480] KSP converged reason: 4, iterations: 1
  [a=23 b=29 nt=1448] KSP converged reason: 4, iterations: 1
  [a=23 b=29 nt=1480] KSP converged reason: 4, iterations: 1
  [a=23 b=28 nt=1484] KSP converged reason: 4, iterations: 1
  [a=23 b=29 nt=1450] KSP converged reason: 4, iterations: 1
  [a=23 b=28 nt=1468] KSP converged reason: 4, iterations: 1
  [a=23 b=28 nt=1474] KSP converged reason: 4, iterations: 1
  [a=23 b=29 nt=1440] KSP converged reason: 4, iterations: 1
  [ 841] OK     f=   0.251  a=22.6 b=28.5 gap=29.5 (face=3.0mm) n=[240, 240, 242, 242, 223, 223, 10, 10, 7, 7, 11, 11, 7, 7]  tape=0.251km B=10.10T unif=5.397% hoop=114MPa
  [ 842] viol   f=   0.251  a=22.6 b=28.3 gap=29.5 (face=3.0mm) n=[234, 234, 249, 249, 227, 227, 3, 3, 12, 12, 6, 6, 3, 3]  tape=0.249km B=9.97T unif=5.183% hoop=114MPa
  [ 843] OK     f=   0.250  a=22.6 b=28.3 gap=29.5 (face=3.0mm) n=[242, 242, 238, 238, 230, 230, 17, 17, 12, 12, 1, 1, 2, 2]  tape=0.250km B=10.13T unif=5.550% hoop=114MPa
  [ 844] OK     f=   0.249  a=22.7 b=28.2 gap=29.5 (face=3.0mm) n=[238, 238, 246, 246, 231, 231, 8, 8, 5, 5, 9, 9, 3, 3]  tape=0.249km B=10.09T unif=5.350% hoop=116MPa
  [ 845] viol   f=   0.263  a=22.5 b=28.3 gap=29.5 (face=3.0mm) n=[226, 226, 253, 253, 241, 241, 5, 5, 4, 4, 11, 11, 9, 9]  tape=0.254km B=9.93T unif=4.169% hoop=114MPa
  [ 846] OK     f=   0.251  a=22.9 b=28.6 gap=29.5 (face=3.0mm) n=[249, 249, 241, 241, 199, 199, 18, 18, 4, 4, 7, 7, 6, 6]  tape=0.251km B=10.07T unif=5.704% hoop=116MPa
  [ 847] viol   f=   0.260  a=22.7 b=28.6 gap=29.5 (face=3.0mm) n=[236, 236, 247, 247, 222, 222, 5, 5, 10, 10, 2, 2, 3, 3]  tape=0.247km B=9.92T unif=4.542% hoop=115MPa
  [ 848] OK     f=   0.249  a=22.7 b=28.4 gap=29.5 (face=3.0mm) n=[241, 241, 245, 245, 219, 219, 13, 13, 3, 3, 5, 5, 8, 8]  tape=0.249km B=10.04T unif=5.213% hoop=113MPa
  [ 849] OK     f=   0.248  a=22.5 b=28.4 gap=29.5 (face=3.0mm) n=[232, 232, 245, 245, 237, 237, 8, 8, 9, 9, 4, 4, 2, 2]  tape=0.248km B=10.01T unif=5.075% hoop=114MPa
  [ 850] OK     f=   0.246  a=22.6 b=28.6 gap=29.5 (face=3.0mm) n=[250, 250, 232, 232, 220, 220, 1, 1, 5, 5, 9, 9, 3, 3]  tape=0.246km B=10.00T unif=5.511% hoop=114MPa
  [a=22 b=28 nt=1484] KSP converged reason: 4, iterations: 1
  [a=23 b=29 nt=1496] KSP converged reason: 4, iterations: 1
  [a=22 b=28 nt=1486] KSP converged reason: 4, iterations: 1
  [a=23 b=29 nt=1488] KSP converged reason: 4, iterations: 1
  [a=23 b=29 nt=1466] KSP converged reason: 4, iterations: 1
  [a=23 b=28 nt=1450] KSP converged reason: 4, iterations: 1
  [a=23 b=29 nt=1480] KSP converged reason: 4, iterations: 1
  [a=23 b=28 nt=1462] KSP converged reason: 4, iterations: 1
  [a=22 b=28 nt=1464] KSP converged reason: 4, iterations: 1
  [a=22 b=28 nt=1478] KSP converged reason: 4, iterations: 1
  [ 851] viol   f=   0.245  a=22.6 b=28.3 gap=29.5 (face=3.0mm) n=[243, 243, 234, 234, 231, 231, 1, 1, 3, 3, 8, 8, 5, 5]  tape=0.243km B=9.97T unif=6.010% hoop=113MPa
  [ 852] viol   f=   0.256  a=22.5 b=28.2 gap=29.5 (face=3.0mm) n=[229, 229, 251, 251, 232, 232, 8, 8, 12, 12, 2, 2, 8, 8]  tape=0.252km B=9.95T unif=4.646% hoop=113MPa
  [ 853] viol   f=   0.291  a=22.3 b=28.5 gap=29.5 (face=3.0mm) n=[241, 241, 246, 246, 220, 220, 4, 4, 22, 22, 5, 5, 5, 5]  tape=0.252km B=9.86T unif=5.178% hoop=285MPa
  [ 854] OK     f=   0.255  a=22.6 b=28.5 gap=29.5 (face=3.0mm) n=[252, 252, 242, 242, 219, 219, 5, 5, 14, 14, 6, 6, 6, 6]  tape=0.255km B=10.26T unif=6.020% hoop=114MPa
  [ 855] OK     f=   0.262  a=22.8 b=28.9 gap=29.5 (face=3.0mm) n=[257, 257, 233, 233, 218, 218, 14, 14, 5, 5, 6, 6, 15, 15]  tape=0.262km B=10.31T unif=5.598% hoop=116MPa
  [ 856] OK     f=   0.250  a=22.8 b=28.6 gap=29.5 (face=3.0mm) n=[244, 244, 244, 244, 216, 216, 10, 10, 2, 2, 16, 16, 1, 1]  tape=0.250km B=10.08T unif=5.196% hoop=114MPa
  [ 857] OK     f=   0.255  a=22.7 b=28.6 gap=29.5 (face=3.0mm) n=[248, 248, 235, 235, 220, 220, 17, 17, 6, 6, 8, 8, 6, 6]  tape=0.255km B=10.13T unif=5.705% hoop=116MPa
  [ 858] viol   f=   0.258  a=22.6 b=28.2 gap=29.5 (face=3.0mm) n=[232, 232, 241, 241, 237, 237, 4, 4, 9, 9, 2, 2, 6, 6]  tape=0.244km B=9.92T unif=5.081% hoop=113MPa
  [ 859] OK     f=   0.249  a=22.5 b=28.5 gap=29.5 (face=3.0mm) n=[239, 239, 246, 246, 218, 218, 7, 7, 8, 8, 9, 9, 5, 5]  tape=0.249km B=10.02T unif=5.382% hoop=113MPa
  [ 860] OK     f=   0.249  a=22.4 b=28.4 gap=29.5 (face=3.0mm) n=[240, 240, 238, 238, 224, 224, 9, 9, 16, 16, 2, 2, 10, 10]  tape=0.249km B=10.10T unif=5.994% hoop=112MPa
  [a=23 b=29 nt=1470] KSP converged reason: 4, iterations: 1
  [a=23 b=28 nt=1478] KSP converged reason: 4, iterations: 1
  [a=22 b=28 nt=1484] KSP converged reason: 4, iterations: 1
  [a=23 b=29 nt=1464] KSP converged reason: 4, iterations: 1
  [a=22 b=28 nt=1434] KSP converged reason: 4, iterations: 1
  [a=22 b=28 nt=1460] KSP converged reason: 4, iterations: 1
  [a=23 b=28 nt=1452] KSP converged reason: 4, iterations: 1
  [a=23 b=28 nt=1444] KSP converged reason: 4, iterations: 1
  [a=22 b=28 nt=1458] KSP converged reason: 4, iterations: 1
  [a=22 b=28 nt=1454] KSP converged reason: 4, iterations: 1
  [ 861] viol   f=   0.245  a=22.5 b=28.4 gap=29.5 (face=3.0mm) n=[239, 239, 239, 239, 227, 227, 4, 4, 1, 1, 1, 1, 6, 6]  tape=0.239km B=9.95T unif=5.697% hoop=111MPa
  [ 862] OK     f=   0.252  a=22.4 b=28.4 gap=29.5 (face=3.0mm) n=[239, 239, 238, 238, 215, 215, 20, 20, 16, 16, 9, 9, 5, 5]  tape=0.252km B=10.13T unif=5.832% hoop=113MPa
  [ 863] OK     f=   0.253  a=22.6 b=28.5 gap=29.5 (face=3.0mm) n=[251, 251, 235, 235, 214, 214, 6, 6, 4, 4, 13, 13, 12, 12]  tape=0.253km B=10.14T unif=5.758% hoop=114MPa
  [ 864] OK     f=   0.248  a=22.6 b=28.6 gap=29.5 (face=3.0mm) n=[246, 246, 235, 235, 231, 231, 8, 8, 2, 2, 6, 6, 4, 4]  tape=0.248km B=10.07T unif=5.536% hoop=113MPa
  [ 865] OK     f=   0.249  a=22.5 b=28.2 gap=29.5 (face=3.0mm) n=[240, 240, 240, 240, 219, 219, 13, 13, 14, 14, 8, 8, 5, 5]  tape=0.249km B=10.10T unif=5.836% hoop=113MPa
  [ 866] viol   f=   0.243  a=22.5 b=28.2 gap=29.5 (face=3.0mm) n=[237, 237, 234, 234, 240, 240, 7, 7, 7, 7, 4, 4, 1, 1]  tape=0.243km B=9.98T unif=5.430% hoop=112MPa
  [ 867] viol   f=   0.244  a=22.6 b=28.2 gap=29.5 (face=3.0mm) n=[244, 244, 235, 235, 228, 228, 2, 2, 3, 3, 10, 10, 4, 4]  tape=0.244km B=10.00T unif=6.121% hoop=112MPa
  [ 868] OK     f=   0.245  a=22.5 b=28.4 gap=29.5 (face=3.0mm) n=[249, 249, 238, 238, 214, 214, 2, 2, 4, 4, 13, 13, 2, 2]  tape=0.245km B=10.07T unif=6.141% hoop=111MPa
  [ 869] viol   f=   0.245  a=22.4 b=28.4 gap=29.5 (face=3.0mm) n=[238, 238, 240, 240, 229, 229, 4, 4, 4, 4, 12, 12, 2, 2]  tape=0.244km B=9.98T unif=5.138% hoop=111MPa
  [ 870] viol   f=   0.251  a=22.4 b=28.2 gap=29.5 (face=3.0mm) n=[232, 232, 241, 241, 227, 227, 12, 12, 5, 5, 6, 6, 4, 4]  tape=0.244km B=9.94T unif=5.606% hoop=113MPa
  [a=22 b=28 nt=1466] KSP converged reason: 4, iterations: 1
  [a=23 b=28 nt=1458] KSP converged reason: 4, iterations: 1
  [a=22 b=28 nt=1478] KSP converged reason: 4, iterations: 1
  [a=22 b=28 nt=1468] KSP converged reason: 4, iterations: 1
  [a=22 b=28 nt=1464] KSP converged reason: 4, iterations: 1
  [a=23 b=28 nt=1472] KSP converged reason: 4, iterations: 1
  [a=23 b=28 nt=1446] KSP converged reason: 4, iterations: 1
  [a=23 b=28 nt=1458] KSP converged reason: 4, iterations: 1
  [a=23 b=28 nt=1486] KSP converged reason: 4, iterations: 1
  [a=23 b=28 nt=1464] KSP converged reason: 4, iterations: 1
  [ 871] OK     f=   0.246  a=22.4 b=28.2 gap=29.5 (face=3.1mm) n=[239, 239, 235, 235, 246, 246, 5, 5, 6, 6, 3, 3, 5, 5]  tape=0.246km B=10.07T unif=5.830% hoop=113MPa
  [ 872] OK     f=   0.246  a=22.4 b=28.1 gap=29.5 (face=3.0mm) n=[246, 246, 230, 230, 230, 230, 8, 8, 4, 4, 12, 12, 3, 3]  tape=0.246km B=10.08T unif=7.029% hoop=113MPa
  [ 873] viol   f=   0.244  a=22.4 b=28.1 gap=29.5 (face=3.0mm) n=[233, 233, 242, 242, 237, 237, 4, 4, 8, 8, 6, 6, 2, 2]  tape=0.243km B=9.99T unif=5.381% hoop=113MPa
  [ 874] OK     f=   0.248  a=22.5 b=28.4 gap=29.5 (face=3.0mm) n=[243, 243, 237, 237, 224, 224, 5, 5, 5, 5, 12, 12, 8, 8]  tape=0.248km B=10.02T unif=5.948% hoop=112MPa
  [ 875] OK     f=   0.245  a=22.5 b=28.4 gap=29.5 (face=3.0mm) n=[240, 240, 238, 238, 228, 228, 8, 8, 3, 3, 10, 10, 2, 2]  tape=0.245km B=10.03T unif=5.931% hoop=112MPa
  [ 876] viol   f=   0.247  a=22.5 b=28.2 gap=29.5 (face=3.0mm) n=[236, 236, 235, 235, 238, 238, 6, 6, 2, 2, 11, 11, 8, 8]  tape=0.245km B=9.97T unif=6.153% hoop=112MPa
  [ 877] OK     f=   0.243  a=22.6 b=28.3 gap=29.5 (face=3.0mm) n=[246, 246, 231, 231, 233, 233, 7, 7, 3, 3, 2, 2, 1, 1]  tape=0.243km B=10.06T unif=6.059% hoop=113MPa
  [ 878] OK     f=   0.244  a=22.6 b=28.3 gap=29.5 (face=3.0mm) n=[243, 243, 232, 232, 236, 236, 4, 4, 6, 6, 7, 7, 1, 1]  tape=0.244km B=10.02T unif=6.051% hoop=112MPa
  [ 879] OK     f=   0.249  a=22.6 b=28.1 gap=29.5 (face=3.0mm) n=[241, 241, 240, 240, 231, 231, 6, 6, 7, 7, 8, 8, 10, 10]  tape=0.249km B=10.12T unif=5.836% hoop=113MPa
  [ 880] viol   f=   0.249  a=22.5 b=28.3 gap=29.5 (face=3.0mm) n=[238, 238, 238, 238, 229, 229, 2, 2, 3, 3, 17, 17, 5, 5]  tape=0.245km B=9.95T unif=5.300% hoop=111MPa
  [a=22 b=28 nt=1462] KSP converged reason: 4, iterations: 1
  [a=22 b=28 nt=1470] KSP converged reason: 4, iterations: 1
  [a=23 b=28 nt=1436] KSP converged reason: 4, iterations: 1
  [a=22 b=28 nt=1472] KSP converged reason: 4, iterations: 1
  [a=22 b=28 nt=1456] KSP converged reason: 4, iterations: 1
  [a=23 b=28 nt=1452] KSP converged reason: 4, iterations: 1
  [a=22 b=28 nt=1458] KSP converged reason: 4, iterations: 1
  [a=22 b=28 nt=1438] KSP converged reason: 4, iterations: 1
  [a=22 b=28 nt=1476] KSP converged reason: 4, iterations: 1
  [a=22 b=28 nt=1462] KSP converged reason: 4, iterations: 1
  [ 881] viol   f=   0.244  a=22.4 b=28.0 gap=29.5 (face=3.0mm) n=[232, 232, 241, 241, 241, 241, 6, 6, 6, 6, 3, 3, 6, 6]  tape=0.243km B=9.99T unif=5.524% hoop=112MPa
  [ 882] viol   f=   0.293  a=22.4 b=28.0 gap=29.5 (face=3.0mm) n=[233, 233, 231, 231, 252, 252, 5, 5, 2, 2, 5, 5, 3, 3]  tape=0.244km B=9.84T unif=5.279% hoop=120MPa
  [ 883] OK     f=   0.245  a=22.4 b=28.2 gap=29.5 (face=3.0mm) n=[241, 241, 237, 237, 235, 235, 6, 6, 6, 6, 8, 8, 3, 3]  tape=0.245km B=10.07T unif=5.999% hoop=111MPa
  [ 884] viol   f=   0.255  a=22.5 b=28.3 gap=29.5 (face=3.0mm) n=[244, 244, 224, 224, 236, 236, 6, 6, 1, 1, 5, 5, 2, 2]  tape=0.241km B=9.92T unif=6.217% hoop=111MPa
  [ 885] viol   f=   0.244  a=22.5 b=28.2 gap=29.5 (face=3.0mm) n=[242, 242, 230, 230, 236, 236, 1, 1, 9, 9, 8, 8, 2, 2]  tape=0.243km B=9.98T unif=6.064% hoop=111MPa
  [ 886] viol   f=   0.245  a=22.5 b=28.3 gap=29.5 (face=3.0mm) n=[240, 240, 232, 232, 240, 240, 9, 9, 1, 1, 3, 3, 1, 1]  tape=0.242km B=9.96T unif=5.537% hoop=111MPa
  [ 887] viol   f=   0.271  a=22.3 b=28.2 gap=29.5 (face=3.0mm) n=[238, 238, 237, 237, 227, 227, 3, 3, 6, 6, 4, 4, 4, 4]  tape=0.239km B=9.87T unif=6.408% hoop=259MPa
  [ 888] OK     f=   0.247  a=22.4 b=28.3 gap=29.5 (face=3.0mm) n=[247, 247, 235, 235, 221, 221, 6, 6, 10, 10, 7, 7, 3, 3]  tape=0.247km B=10.08T unif=6.233% hoop=112MPa
  [ 889] OK     f=   0.248  a=22.5 b=28.3 gap=29.5 (face=3.0mm) n=[238, 238, 240, 240, 230, 230, 2, 2, 9, 9, 10, 10, 9, 9]  tape=0.248km B=10.02T unif=5.582% hoop=111MPa
  [ 890] viol   f=   0.243  a=22.4 b=28.1 gap=29.5 (face=3.0mm) n=[237, 237, 235, 235, 246, 246, 5, 5, 3, 3, 1, 1, 4, 4]  tape=0.243km B=9.98T unif=5.094% hoop=113MPa
  [a=22 b=28 nt=1452] KSP converged reason: 4, iterations: 1
  [a=22 b=28 nt=1482] KSP converged reason: 4, iterations: 1
  [a=22 b=28 nt=1492] KSP converged reason: 4, iterations: 1
  [a=23 b=28 nt=1466] KSP converged reason: 4, iterations: 1
  [a=22 b=28 nt=1464] KSP converged reason: 4, iterations: 1
  [a=22 b=28 nt=1444] KSP converged reason: 4, iterations: 1
  [a=22 b=28 nt=1448] KSP converged reason: 4, iterations: 1
  [a=23 b=28 nt=1472] KSP converged reason: 4, iterations: 1
  [a=22 b=28 nt=1482] KSP converged reason: 4, iterations: 1
  [a=22 b=28 nt=1466] KSP converged reason: 4, iterations: 1
  [ 891] OK     f=   0.246  a=22.2 b=28.1 gap=29.5 (face=3.0mm) n=[233, 233, 241, 241, 239, 239, 8, 8, 12, 12, 5, 5, 3, 3]  tape=0.246km B=10.03T unif=5.353% hoop=111MPa
  [ 892] OK     f=   0.245  a=22.4 b=28.4 gap=29.5 (face=3.0mm) n=[242, 242, 238, 238, 230, 230, 2, 2, 13, 13, 3, 3, 4, 4]  tape=0.245km B=10.05T unif=5.648% hoop=110MPa
  [ 893] viol   f=   0.242  a=22.5 b=28.2 gap=29.5 (face=3.0mm) n=[243, 243, 231, 231, 233, 233, 3, 3, 8, 8, 1, 1, 3, 3]  tape=0.241km B=9.98T unif=6.231% hoop=112MPa
  [ 894] OK     f=   0.245  a=22.6 b=28.3 gap=29.5 (face=3.0mm) n=[243, 243, 229, 229, 243, 243, 5, 5, 3, 3, 7, 7, 3, 3]  tape=0.245km B=10.01T unif=5.653% hoop=112MPa
  [ 895] viol   f=   0.260  a=22.3 b=27.9 gap=29.5 (face=3.0mm) n=[228, 228, 240, 240, 241, 241, 7, 7, 3, 3, 3, 3, 4, 4]  tape=0.239km B=9.90T unif=5.275% hoop=111MPa
  [ 896] OK     f=   0.249  a=22.5 b=28.0 gap=29.5 (face=3.0mm) n=[237, 237, 234, 234, 247, 247, 10, 10, 9, 9, 4, 4, 5, 5]  tape=0.249km B=10.04T unif=5.463% hoop=113MPa
  [ 897] viol   f=   0.331  a=22.4 b=28.2 gap=29.5 (face=3.0mm) n=[228, 228, 236, 236, 246, 246, 4, 4, 1, 1, 8, 8, 1, 1]  tape=0.242km B=9.79T unif=4.814% hoop=112MPa
  [ 898] OK     f=   0.247  a=22.5 b=28.3 gap=29.5 (face=3.0mm) n=[241, 241, 238, 238, 231, 231, 7, 7, 7, 7, 11, 11, 1, 1]  tape=0.247km B=10.08T unif=5.999% hoop=112MPa
  [ 899] OK     f=   0.242  a=22.5 b=28.0 gap=29.5 (face=3.0mm) n=[236, 236, 238, 238, 241, 241, 6, 6, 7, 7, 1, 1, 4, 4]  tape=0.242km B=10.04T unif=5.910% hoop=113MPa
  [ 900] OK     f=   0.245  a=22.4 b=28.0 gap=29.5 (face=3.0mm) n=[241, 241, 237, 237, 236, 236, 10, 10, 3, 3, 9, 9, 5, 5]  tape=0.245km B=10.11T unif=6.061% hoop=112MPa
  [a=23 b=28 nt=1480] KSP converged reason: 4, iterations: 1
  [a=22 b=28 nt=1456] KSP converged reason: 4, iterations: 1
  [a=22 b=28 nt=1462] KSP converged reason: 4, iterations: 1
  [a=22 b=28 nt=1440] KSP converged reason: 4, iterations: 1
  [a=22 b=28 nt=1464] KSP converged reason: 4, iterations: 1
  [a=22 b=28 nt=1456] KSP converged reason: 4, iterations: 1
  [a=22 b=28 nt=1458] KSP converged reason: 4, iterations: 1
  [a=23 b=28 nt=1430] KSP converged reason: 4, iterations: 1
  [a=22 b=28 nt=1452] KSP converged reason: 4, iterations: 1
  [a=22 b=28 nt=1458] KSP converged reason: 4, iterations: 1
  [ 901] OK     f=   0.242  a=22.4 b=28.3 gap=29.5 (face=3.0mm) n=[237, 237, 239, 239, 234, 234, 7, 7, 2, 2, 5, 5, 4, 4]  tape=0.242km B=10.03T unif=5.687% hoop=112MPa
  [ 902] OK     f=   0.241  a=22.4 b=28.3 gap=29.5 (face=3.0mm) n=[246, 246, 234, 234, 228, 228, 4, 4, 4, 4, 3, 3, 1, 1]  tape=0.241km B=10.04T unif=5.933% hoop=113MPa
  [ 903] OK     f=   0.244  a=22.5 b=28.2 gap=29.5 (face=3.0mm) n=[243, 243, 233, 233, 230, 230, 3, 3, 14, 14, 2, 2, 3, 3]  tape=0.244km B=10.02T unif=6.361% hoop=112MPa
  [ 904] OK     f=   0.242  a=22.4 b=28.0 gap=29.5 (face=3.0mm) n=[240, 240, 233, 233, 243, 243, 6, 6, 5, 5, 2, 2, 2, 2]  tape=0.242km B=10.04T unif=5.781% hoop=112MPa
  [ 905] viol   f=   0.259  a=22.4 b=28.1 gap=29.5 (face=3.0mm) n=[234, 234, 236, 236, 243, 243, 1, 1, 3, 3, 5, 5, 10, 10]  tape=0.243km B=9.91T unif=5.238% hoop=112MPa
  [ 906] OK     f=   0.253  a=22.6 b=28.5 gap=29.5 (face=3.0mm) n=[250, 250, 224, 224, 234, 234, 12, 12, 5, 5, 6, 6, 9, 9]  tape=0.253km B=10.06T unif=5.609% hoop=114MPa
  [ 907] viol   f=   0.242  a=22.4 b=28.0 gap=29.5 (face=3.0mm) n=[233, 233, 238, 238, 236, 236, 8, 8, 8, 8, 1, 1, 5, 5]  tape=0.241km B=9.97T unif=6.174% hoop=112MPa
  [ 908] viol   f=   0.244  a=22.5 b=28.2 gap=29.5 (face=3.0mm) n=[247, 247, 229, 229, 223, 223, 4, 4, 1, 1, 5, 5, 6, 6]  tape=0.241km B=9.97T unif=6.412% hoop=113MPa
  [ 909] viol   f=   0.245  a=22.4 b=28.2 gap=29.5 (face=3.0mm) n=[239, 239, 232, 232, 240, 240, 4, 4, 4, 4, 6, 6, 1, 1]  tape=0.241km B=9.95T unif=5.562% hoop=111MPa
  [ 910] OK     f=   0.242  a=22.4 b=28.0 gap=29.5 (face=3.0mm) n=[245, 245, 225, 225, 247, 247, 6, 6, 4, 4, 1, 1, 1, 1]  tape=0.242km B=10.07T unif=6.496% hoop=111MPa
  [a=22 b=28 nt=1478] KSP converged reason: 4, iterations: 1
  [a=22 b=28 nt=1452] KSP converged reason: 4, iterations: 1
  [a=22 b=28 nt=1446] KSP converged reason: 4, iterations: 1
  [a=22 b=28 nt=1478] KSP converged reason: 4, iterations: 1
  [a=23 b=28 nt=1434] KSP converged reason: 4, iterations: 1
  [a=22 b=28 nt=1450] KSP converged reason: 4, iterations: 1
  [a=22 b=28 nt=1482] KSP converged reason: 4, iterations: 1
  [a=23 b=28 nt=1466] KSP converged reason: 4, iterations: 1
  [a=22 b=28 nt=1440] KSP converged reason: 4, iterations: 1
  [a=22 b=28 nt=1468] KSP converged reason: 4, iterations: 1
  [ 911] OK     f=   0.250  a=22.4 b=28.3 gap=29.5 (face=3.0mm) n=[246, 246, 233, 233, 225, 225, 20, 20, 10, 10, 3, 3, 2, 2]  tape=0.250km B=10.15T unif=6.181% hoop=113MPa
  [ 912] OK     f=   0.243  a=22.6 b=28.4 gap=29.5 (face=3.0mm) n=[248, 248, 235, 235, 222, 222, 2, 2, 6, 6, 1, 1, 3, 3]  tape=0.243km B=10.01T unif=5.873% hoop=113MPa
  [ 913] OK     f=   0.241  a=22.4 b=28.3 gap=29.5 (face=3.0mm) n=[243, 243, 231, 231, 240, 240, 4, 4, 4, 4, 1, 1, 2, 2]  tape=0.241km B=10.01T unif=6.064% hoop=111MPa
  [ 914] OK     f=   0.245  a=22.5 b=28.5 gap=29.5 (face=3.0mm) n=[248, 248, 234, 234, 228, 228, 3, 3, 4, 4, 7, 7, 2, 2]  tape=0.245km B=10.08T unif=5.988% hoop=114MPa
  [ 915] OK     f=   0.241  a=22.2 b=28.2 gap=29.5 (face=3.0mm) n=[244, 244, 230, 230, 235, 235, 5, 5, 3, 3, 4, 4, 2, 2]  tape=0.241km B=10.01T unif=6.458% hoop=112MPa
  [ 916] OK     f=   0.247  a=22.4 b=28.1 gap=29.5 (face=3.0mm) n=[247, 247, 226, 226, 243, 243, 7, 7, 7, 7, 5, 5, 4, 4]  tape=0.247km B=10.14T unif=6.459% hoop=113MPa
  [ 917] OK     f=   0.248  a=22.4 b=28.3 gap=29.5 (face=3.0mm) n=[240, 240, 238, 238, 233, 233, 15, 15, 3, 3, 11, 11, 1, 1]  tape=0.248km B=10.14T unif=5.782% hoop=112MPa
  [ 918] OK     f=   0.246  a=22.5 b=28.3 gap=29.5 (face=3.0mm) n=[244, 244, 232, 232, 237, 237, 4, 4, 4, 4, 9, 9, 3, 3]  tape=0.246km B=10.04T unif=5.738% hoop=112MPa
  [ 919] OK     f=   0.242  a=22.5 b=28.4 gap=29.5 (face=3.0mm) n=[245, 245, 241, 241, 221, 221, 6, 6, 1, 1, 5, 5, 1, 1]  tape=0.242km B=10.05T unif=5.832% hoop=111MPa
  [ 920] OK     f=   0.245  a=22.3 b=28.3 gap=29.5 (face=3.0mm) n=[242, 242, 240, 240, 231, 231, 1, 1, 8, 8, 3, 3, 9, 9]  tape=0.245km B=10.11T unif=6.256% hoop=112MPa
  [a=22 b=28 nt=1440] KSP converged reason: 4, iterations: 1
  [a=22 b=28 nt=1502] KSP converged reason: 4, iterations: 1
  [a=22 b=28 nt=1456] KSP converged reason: 4, iterations: 1
  [a=22 b=28 nt=1466] KSP converged reason: 4, iterations: 1
  [a=22 b=28 nt=1488] KSP converged reason: 4, iterations: 1
  [a=22 b=28 nt=1452] KSP converged reason: 4, iterations: 1
  [a=22 b=28 nt=1492] KSP converged reason: 4, iterations: 1
  [a=22 b=28 nt=1442] KSP converged reason: 4, iterations: 1
  [a=22 b=28 nt=1460] KSP converged reason: 4, iterations: 1
  [ 921] OK     f=   0.245  a=22.4 b=28.3 gap=29.5 (face=3.0mm) n=[248, 248, 232, 232, 228, 228, 6, 6, 4, 4, 7, 7, 3, 3]  tape=0.245km B=10.09T unif=6.134% hoop=113MPa
  [ 922] OK     f=   0.249  a=22.3 b=28.3 gap=29.5 (face=3.0mm) n=[238, 238, 241, 241, 230, 230, 16, 16, 4, 4, 12, 12, 3, 3]  tape=0.249km B=10.10T unif=5.730% hoop=112MPa
  [ 923] OK     f=   0.249  a=22.5 b=28.4 gap=29.5 (face=3.0mm) n=[249, 249, 239, 239, 217, 217, 13, 13, 4, 4, 6, 6, 5, 5]  tape=0.249km B=10.15T unif=6.466% hoop=111MPa
  [ 924] OK     f=   0.255  a=22.5 b=28.3 gap=29.5 (face=3.0mm) n=[250, 250, 223, 223, 242, 242, 21, 21, 4, 4, 8, 8, 3, 3]  tape=0.255km B=10.18T unif=5.969% hoop=113MPa
  [ 925] OK     f=   0.244  a=22.4 b=28.3 gap=29.5 (face=3.0mm) n=[252, 252, 224, 224, 227, 227, 6, 6, 6, 6, 2, 2, 3, 3]  tape=0.244km B=10.07T unif=6.024% hoop=112MPa
  [ 926] viol   f=   0.240  a=22.3 b=28.2 gap=29.5 (face=3.0mm) n=[239, 239, 234, 234, 236, 236, 2, 2, 9, 9, 4, 4, 2, 2]  tape=0.240km B=9.99T unif=6.312% hoop=110MPa
  [ 927] viol   f=   0.239  a=22.3 b=28.3 gap=29.5 (face=3.0mm) n=[240, 240, 238, 238, 233, 233, 3, 3, 2, 2, 1, 1, 4, 4]  tape=0.239km B=10.00T unif=6.085% hoop=110MPa
  [ 928] OK     f=   0.251  a=22.4 b=28.2 gap=29.5 (face=3.0mm) n=[246, 246, 235, 235, 231, 231, 19, 19, 4, 4, 6, 6, 5, 5]  tape=0.251km B=10.22T unif=6.155% hoop=112MPa
  [ 929] OK     f=   0.247  a=22.5 b=28.3 gap=29.5 (face=3.0mm) n=[245, 245, 237, 237, 220, 220, 7, 7, 10, 10, 8, 8, 3, 3]  tape=0.247km B=10.09T unif=5.981% hoop=112MPa
  [ 930] INFEAS f=1000.013  a=22.1 b=28.2 gap=29.5 (face=3.0mm) n=[237, 237, 237, 237, 240, 240, 8, 8, 6, 6, 9, 9, 4, 4]  no evaluation (geometry pre-check)
  [a=22 b=28 nt=1462] KSP converged reason: 4, iterations: 1
  [a=22 b=28 nt=1456] KSP converged reason: 4, iterations: 1
  [a=22 b=28 nt=1458] KSP converged reason: 4, iterations: 1
  [a=22 b=28 nt=1452] KSP converged reason: 4, iterations: 1
  [a=22 b=28 nt=1452] KSP converged reason: 4, iterations: 1
  [a=22 b=28 nt=1456] KSP converged reason: 4, iterations: 1
  [a=23 b=28 nt=1454] KSP converged reason: 4, iterations: 1
  [ 931] INFEAS f=1000.044  a=22.1 b=28.1 gap=29.5 (face=3.0mm) n=[242, 242, 234, 234, 241, 241, 10, 10, 12, 12, 9, 9, 6, 6]  no evaluation (geometry pre-check)
  [ 932] OK     f=   0.244  a=22.4 b=28.4 gap=29.5 (face=3.0mm) n=[247, 247, 233, 233, 233, 233, 3, 3, 4, 4, 3, 3, 5, 5]  tape=0.244km B=10.09T unif=6.051% hoop=112MPa
  [ 933] INFEAS f=1000.000  a=22.2 b=28.1 gap=29.5 (face=3.0mm) n=[236, 236, 232, 232, 253, 253, 8, 8, 6, 6, 2, 2, 6, 6]  no evaluation (geometry pre-check)
  [ 934] OK     f=   0.244  a=22.3 b=28.4 gap=29.5 (face=3.0mm) n=[243, 243, 237, 237, 224, 224, 7, 7, 6, 6, 7, 7, 2, 2]  tape=0.244km B=10.03T unif=5.893% hoop=110MPa
  [ 935] OK     f=   0.250  a=22.5 b=28.5 gap=29.5 (face=3.1mm) n=[251, 251, 231, 231, 219, 219, 11, 11, 12, 12, 5, 5, 2, 2]  tape=0.250km B=10.20T unif=6.330% hoop=114MPa
  [ 936] OK     f=   0.243  a=22.3 b=28.3 gap=29.5 (face=3.0mm) n=[243, 243, 233, 233, 232, 232, 5, 5, 6, 6, 1, 1, 6, 6]  tape=0.243km B=10.03T unif=5.768% hoop=111MPa
  [ 937] viol   f=   0.242  a=22.4 b=28.2 gap=29.5 (face=3.0mm) n=[238, 238, 233, 233, 237, 237, 8, 8, 5, 5, 5, 5, 2, 2]  tape=0.241km B=9.99T unif=5.659% hoop=110MPa
  [ 938] OK     f=   0.244  a=22.3 b=28.4 gap=29.5 (face=3.0mm) n=[242, 242, 239, 239, 227, 227, 7, 7, 4, 4, 8, 8, 2, 2]  tape=0.244km B=10.08T unif=5.639% hoop=111MPa
  [ 939] INFEAS f=1000.015  a=22.1 b=28.2 gap=29.5 (face=3.0mm) n=[238, 238, 236, 236, 241, 241, 7, 7, 5, 5, 7, 7, 6, 6]  no evaluation (geometry pre-check)
  [ 940] OK     f=   0.245  a=22.5 b=28.4 gap=29.5 (face=3.0mm) n=[248, 248, 233, 233, 230, 230, 3, 3, 7, 7, 2, 2, 4, 4]  tape=0.245km B=10.08T unif=6.110% hoop=112MPa
  [a=22 b=29 nt=1450] KSP converged reason: 4, iterations: 1
  [a=22 b=28 nt=1458] KSP converged reason: 4, iterations: 1
  [a=22 b=28 nt=1450] KSP converged reason: 4, iterations: 1
  [a=22 b=28 nt=1486] KSP converged reason: 4, iterations: 1
  [a=22 b=28 nt=1452] KSP converged reason: 4, iterations: 1
  [a=22 b=28 nt=1434] KSP converged reason: 4, iterations: 1
  [a=22 b=28 nt=1456] KSP converged reason: 4, iterations: 1
  [a=22 b=28 nt=1458] KSP converged reason: 4, iterations: 1
  [a=22 b=28 nt=1440] KSP converged reason: 4, iterations: 1
  [a=22 b=28 nt=1474] KSP converged reason: 4, iterations: 1
  [ 941] viol   f=   0.244  a=22.4 b=28.5 gap=29.5 (face=3.0mm) n=[245, 245, 233, 233, 231, 231, 4, 4, 3, 3, 6, 6, 3, 3]  tape=0.244km B=10.00T unif=5.266% hoop=111MPa
  [ 942] OK     f=   0.247  a=22.3 b=28.1 gap=29.5 (face=3.0mm) n=[236, 236, 235, 235, 239, 239, 14, 14, 8, 8, 5, 5, 6, 6]  tape=0.247km B=10.12T unif=6.171% hoop=112MPa
  [ 943] viol   f=   0.254  a=22.3 b=28.2 gap=29.5 (face=3.0mm) n=[233, 233, 236, 236, 234, 234, 14, 14, 5, 5, 5, 5, 2, 2]  tape=0.242km B=9.92T unif=5.646% hoop=110MPa
  [ 944] viol   f=   0.240  a=22.4 b=28.2 gap=29.5 (face=3.0mm) n=[240, 240, 235, 235, 240, 240, 1, 1, 5, 5, 4, 4, 1, 1]  tape=0.240km B=10.00T unif=5.624% hoop=110MPa
  [ 945] viol   f=   0.241  a=22.4 b=28.3 gap=29.5 (face=3.0mm) n=[243, 243, 233, 233, 230, 230, 2, 2, 6, 6, 1, 1, 2, 2]  tape=0.239km B=9.97T unif=5.794% hoop=112MPa
  [ 946] viol   f=   0.243  a=22.5 b=28.4 gap=29.5 (face=3.0mm) n=[241, 241, 238, 238, 230, 230, 2, 2, 8, 8, 2, 2, 4, 4]  tape=0.243km B=9.98T unif=5.348% hoop=111MPa
  [ 947] OK     f=   0.243  a=22.4 b=28.3 gap=29.5 (face=3.0mm) n=[238, 238, 240, 240, 230, 230, 5, 5, 7, 7, 6, 6, 2, 2]  tape=0.243km B=10.01T unif=5.674% hoop=111MPa
  [ 948] viol   f=   0.242  a=22.3 b=28.1 gap=29.5 (face=3.0mm) n=[237, 237, 234, 234, 234, 234, 7, 7, 5, 5, 2, 2, 1, 1]  tape=0.238km B=9.95T unif=5.944% hoop=109MPa
  [ 949] OK     f=   0.245  a=22.3 b=28.4 gap=29.5 (face=3.0mm) n=[245, 245, 231, 231, 232, 232, 7, 7, 3, 3, 7, 7, 4, 4]  tape=0.245km B=10.05T unif=5.618% hoop=115MPa
  [ 950] OK     f=   0.245  a=22.3 b=28.2 gap=29.5 (face=3.0mm) n=[237, 237, 236, 236, 234, 234, 7, 7, 13, 13, 3, 3, 7, 7]  tape=0.245km B=10.03T unif=6.181% hoop=111MPa
  [a=22 b=28 nt=1436] KSP converged reason: 4, iterations: 1
  [a=22 b=28 nt=1466] KSP converged reason: 4, iterations: 1
  [a=22 b=28 nt=1458] KSP converged reason: 4, iterations: 1
  [a=22 b=28 nt=1470] KSP converged reason: 4, iterations: 1
  [a=22 b=28 nt=1464] KSP converged reason: 4, iterations: 1
  [a=22 b=28 nt=1464] KSP converged reason: 4, iterations: 1
  [a=22 b=28 nt=1452] KSP converged reason: 4, iterations: 1
  [a=22 b=28 nt=1448] KSP converged reason: 4, iterations: 1
  [a=22 b=28 nt=1454] KSP converged reason: 4, iterations: 1
  [a=22 b=28 nt=1464] KSP converged reason: 4, iterations: 1
  [ 951] OK     f=   0.242  a=22.3 b=28.1 gap=29.6 (face=3.1mm) n=[240, 240, 235, 235, 238, 238, 6, 6, 7, 7, 4, 4, 2, 2]  tape=0.242km B=10.09T unif=6.428% hoop=111MPa
  [ 952] viol   f=   0.243  a=22.4 b=28.0 gap=29.5 (face=3.0mm) n=[239, 239, 234, 234, 244, 244, 2, 2, 4, 4, 6, 6, 4, 4]  tape=0.243km B=10.00T unif=5.505% hoop=113MPa
  [ 953] OK     f=   0.239  a=22.4 b=28.2 gap=29.5 (face=3.1mm) n=[243, 243, 236, 236, 227, 227, 6, 6, 2, 2, 2, 2, 2, 2]  tape=0.239km B=10.04T unif=6.583% hoop=121MPa
  [ 954] OK     f=   0.242  a=22.3 b=28.1 gap=29.5 (face=3.0mm) n=[239, 239, 239, 239, 234, 234, 4, 4, 6, 6, 6, 6, 4, 4]  tape=0.242km B=10.07T unif=6.034% hoop=110MPa
  [ 955] OK     f=   0.243  a=22.4 b=28.2 gap=29.5 (face=3.0mm) n=[244, 244, 233, 233, 234, 234, 3, 3, 5, 5, 6, 6, 4, 4]  tape=0.243km B=10.04T unif=6.096% hoop=111MPa
  [ 956] viol   f=   0.246  a=22.3 b=28.2 gap=29.5 (face=3.0mm) n=[239, 239, 233, 233, 241, 241, 10, 10, 6, 6, 3, 3, 3, 3]  tape=0.244km B=9.97T unif=5.322% hoop=110MPa
  [ 957] viol   f=   0.241  a=22.4 b=28.2 gap=29.5 (face=3.0mm) n=[237, 237, 238, 238, 235, 235, 5, 5, 5, 5, 2, 2, 4, 4]  tape=0.240km B=9.98T unif=5.877% hoop=111MPa
  [ 958] viol   f=   0.249  a=22.4 b=28.2 gap=29.5 (face=3.0mm) n=[240, 240, 231, 231, 236, 236, 10, 10, 2, 2, 3, 3, 2, 2]  tape=0.240km B=9.93T unif=5.921% hoop=110MPa
  [ 959] OK     f=   0.241  a=22.4 b=28.3 gap=29.5 (face=3.1mm) n=[240, 240, 234, 234, 239, 239, 2, 2, 7, 7, 2, 2, 3, 3]  tape=0.241km B=10.01T unif=5.989% hoop=111MPa
  [ 960] OK     f=   0.242  a=22.3 b=28.0 gap=29.5 (face=3.0mm) n=[240, 240, 232, 232, 240, 240, 4, 4, 6, 6, 8, 8, 2, 2]  tape=0.242km B=10.04T unif=6.348% hoop=112MPa
  [a=22 b=28 nt=1470] KSP converged reason: 4, iterations: 1
  [a=22 b=28 nt=1458] KSP converged reason: 4, iterations: 1
  [a=22 b=28 nt=1456] KSP converged reason: 4, iterations: 1
  [a=22 b=28 nt=1440] KSP converged reason: 4, iterations: 1
  [a=22 b=28 nt=1458] KSP converged reason: 4, iterations: 1
  [a=22 b=28 nt=1444] KSP converged reason: 4, iterations: 1
  [a=22 b=28 nt=1440] KSP converged reason: 4, iterations: 1
  [a=22 b=28 nt=1454] KSP converged reason: 4, iterations: 1
  [a=22 b=28 nt=1462] KSP converged reason: 4, iterations: 1
  [a=22 b=28 nt=1438] KSP converged reason: 4, iterations: 1
  [ 961] OK     f=   0.241  a=22.2 b=28.3 gap=29.5 (face=3.0mm) n=[245, 245, 234, 234, 227, 227, 2, 2, 3, 3, 6, 6, 3, 3]  tape=0.241km B=10.02T unif=6.293% hoop=110MPa
  [ 962] OK     f=   0.243  a=22.5 b=28.4 gap=29.5 (face=3.0mm) n=[241, 241, 235, 235, 237, 237, 8, 8, 3, 3, 4, 4, 1, 1]  tape=0.243km B=10.02T unif=5.308% hoop=113MPa
  [ 963] viol   f=   0.258  a=22.4 b=28.0 gap=29.5 (face=3.0mm) n=[235, 235, 232, 232, 242, 242, 10, 10, 3, 3, 4, 4, 2, 2]  tape=0.242km B=9.91T unif=5.186% hoop=112MPa
  [ 964] viol   f=   0.245  a=22.2 b=28.1 gap=29.5 (face=3.0mm) n=[236, 236, 234, 234, 246, 246, 6, 6, 6, 6, 4, 4, 3, 3]  tape=0.244km B=9.98T unif=5.272% hoop=112MPa
  [ 965] viol   f=   0.238  a=22.3 b=28.1 gap=29.5 (face=3.0mm) n=[238, 238, 236, 236, 240, 240, 1, 1, 2, 2, 4, 4, 1, 1]  tape=0.237km B=9.98T unif=6.002% hoop=110MPa
  [ 966] OK     f=   0.242  a=22.3 b=28.0 gap=29.5 (face=3.0mm) n=[241, 241, 233, 233, 233, 233, 1, 1, 9, 9, 6, 6, 6, 6]  tape=0.242km B=10.00T unif=6.216% hoop=111MPa
  [ 967] OK     f=   0.239  a=22.4 b=28.3 gap=29.5 (face=3.0mm) n=[241, 241, 240, 240, 230, 230, 3, 3, 3, 3, 1, 1, 2, 2]  tape=0.239km B=10.02T unif=6.065% hoop=111MPa
  [ 968] OK     f=   0.240  a=22.4 b=28.0 gap=29.5 (face=3.0mm) n=[239, 239, 238, 238, 232, 232, 8, 8, 6, 6, 2, 2, 2, 2]  tape=0.240km B=10.10T unif=6.523% hoop=113MPa
  [ 969] OK     f=   0.244  a=22.4 b=28.3 gap=29.5 (face=3.0mm) n=[242, 242, 239, 239, 231, 231, 9, 9, 2, 2, 3, 3, 5, 5]  tape=0.244km B=10.08T unif=5.870% hoop=111MPa
  [ 970] viol   f=   0.242  a=22.4 b=28.1 gap=29.5 (face=3.0mm) n=[237, 237, 238, 238, 234, 234, 2, 2, 3, 3, 3, 3, 2, 2]  tape=0.237km B=9.95T unif=5.831% hoop=110MPa
  [a=22 b=28 nt=1448] KSP converged reason: 4, iterations: 1
  [a=22 b=28 nt=1448] KSP converged reason: 4, iterations: 1
  [a=22 b=28 nt=1458] KSP converged reason: 4, iterations: 1
  [a=22 b=28 nt=1436] KSP converged reason: 4, iterations: 1
  [a=22 b=28 nt=1456] KSP converged reason: 4, iterations: 1
  [a=22 b=28 nt=1450] KSP converged reason: 4, iterations: 1
  [a=22 b=28 nt=1432] KSP converged reason: 4, iterations: 1
  [a=22 b=28 nt=1424] KSP converged reason: 4, iterations: 1
  [a=22 b=28 nt=1462] KSP converged reason: 4, iterations: 1
  [a=22 b=28 nt=1456] KSP converged reason: 4, iterations: 1
  [ 971] OK     f=   0.242  a=22.3 b=28.2 gap=29.5 (face=3.0mm) n=[239, 239, 242, 242, 227, 227, 4, 4, 7, 7, 8, 8, 1, 1]  tape=0.242km B=10.05T unif=5.886% hoop=112MPa
  [ 972] OK     f=   0.241  a=22.3 b=28.2 gap=29.5 (face=3.0mm) n=[239, 239, 235, 235, 244, 244, 3, 3, 3, 3, 3, 3, 2, 2]  tape=0.241km B=10.02T unif=5.960% hoop=111MPa
  [ 973] OK     f=   0.241  a=22.4 b=28.2 gap=29.5 (face=3.0mm) n=[244, 244, 237, 237, 229, 229, 3, 3, 5, 5, 3, 3, 3, 3]  tape=0.241km B=10.06T unif=6.253% hoop=112MPa
  [ 974] OK     f=   0.241  a=22.4 b=28.2 gap=29.5 (face=3.0mm) n=[238, 238, 246, 246, 229, 229, 4, 4, 2, 2, 2, 2, 3, 3]  tape=0.241km B=10.03T unif=5.379% hoop=113MPa
  [ 975] OK     f=   0.238  a=22.3 b=28.2 gap=29.5 (face=3.0mm) n=[241, 241, 240, 240, 227, 227, 2, 2, 2, 2, 3, 3, 3, 3]  tape=0.238km B=10.05T unif=6.488% hoop=110MPa
  [ 976] OK     f=   0.238  a=22.2 b=27.9 gap=29.5 (face=3.0mm) n=[238, 238, 236, 236, 241, 241, 2, 2, 3, 3, 3, 3, 2, 2]  tape=0.238km B=10.04T unif=6.435% hoop=110MPa
  [ 977] viol   f=   0.239  a=22.4 b=28.1 gap=29.5 (face=3.1mm) n=[239, 239, 239, 239, 230, 230, 3, 3, 2, 2, 1, 1, 2, 2]  tape=0.236km B=9.96T unif=5.946% hoop=110MPa
  [ 978] OK     f=   0.238  a=22.4 b=28.3 gap=29.5 (face=3.0mm) n=[242, 242, 241, 241, 218, 218, 4, 4, 3, 3, 2, 2, 2, 2]  tape=0.238km B=10.00T unif=5.903% hoop=112MPa
  [ 979] OK     f=   0.242  a=22.3 b=28.1 gap=29.5 (face=3.0mm) n=[241, 241, 240, 240, 230, 230, 2, 2, 8, 8, 4, 4, 6, 6]  tape=0.242km B=10.12T unif=6.886% hoop=111MPa
  [ 980] viol   f=   0.242  a=22.4 b=28.1 gap=29.5 (face=3.0mm) n=[241, 241, 233, 233, 238, 238, 2, 2, 2, 2, 4, 4, 8, 8]  tape=0.241km B=9.98T unif=5.868% hoop=110MPa
  [a=22 b=28 nt=1444] KSP converged reason: 4, iterations: 1
  [a=22 b=28 nt=1434] KSP converged reason: 4, iterations: 1
  [a=22 b=28 nt=1448] KSP converged reason: 4, iterations: 1
  [a=22 b=28 nt=1438] KSP converged reason: 4, iterations: 1
  [a=22 b=28 nt=1460] KSP converged reason: 4, iterations: 1
  [a=22 b=28 nt=1464] KSP converged reason: 4, iterations: 1
  [a=22 b=28 nt=1440] KSP converged reason: 4, iterations: 1
  [a=22 b=28 nt=1456] KSP converged reason: 4, iterations: 1
  [a=22 b=28 nt=1432] KSP converged reason: 4, iterations: 1
  [ 981] OK     f=   0.239  a=22.3 b=27.9 gap=29.5 (face=3.1mm) n=[240, 240, 241, 241, 238, 238, 1, 1, 4, 4, 2, 2, 4, 4]  tape=0.239km B=10.14T unif=6.889% hoop=110MPa
  [ 982] viol   f=   0.251  a=22.3 b=27.9 gap=29.5 (face=3.0mm) n=[237, 237, 232, 232, 241, 241, 5, 5, 2, 2, 2, 2, 5, 5]  tape=0.238km B=9.92T unif=5.824% hoop=110MPa
  [ 983] INFEAS f=1000.002  a=22.2 b=27.9 gap=29.5 (face=3.0mm) n=[235, 235, 237, 237, 233, 233, 1, 1, 2, 2, 1, 1, 1, 1]  no evaluation (geometry pre-check)
  [ 984] viol   f=   0.240  a=22.3 b=28.4 gap=29.5 (face=3.0mm) n=[243, 243, 238, 238, 220, 220, 4, 4, 6, 6, 3, 3, 3, 3]  tape=0.240km B=9.99T unif=5.790% hoop=110MPa
  [ 985] OK     f=   0.241  a=22.3 b=27.9 gap=29.5 (face=3.0mm) n=[234, 234, 239, 239, 243, 243, 4, 4, 5, 5, 4, 4, 3, 3]  tape=0.241km B=10.02T unif=5.708% hoop=112MPa
  [ 986] OK     f=   0.241  a=22.3 b=28.1 gap=29.5 (face=3.0mm) n=[238, 238, 248, 248, 223, 223, 6, 6, 2, 2, 2, 2, 3, 3]  tape=0.241km B=10.06T unif=5.959% hoop=113MPa
  [ 987] OK     f=   0.240  a=22.4 b=28.2 gap=29.5 (face=3.0mm) n=[244, 244, 238, 238, 225, 225, 4, 4, 4, 4, 1, 1, 3, 3]  tape=0.240km B=10.02T unif=5.985% hoop=110MPa
  [ 988] viol   f=   0.237  a=22.4 b=28.0 gap=29.5 (face=3.0mm) n=[241, 241, 237, 237, 227, 227, 4, 4, 4, 4, 1, 1, 2, 2]  tape=0.237km B=9.99T unif=5.838% hoop=110MPa
  [ 989] viol   f=   0.241  a=22.4 b=28.2 gap=29.5 (face=3.0mm) n=[239, 239, 246, 246, 223, 223, 2, 2, 6, 6, 2, 2, 2, 2]  tape=0.241km B=9.99T unif=5.713% hoop=113MPa
  [ 990] viol   f=   0.242  a=22.3 b=28.2 gap=29.5 (face=3.0mm) n=[234, 234, 240, 240, 240, 240, 6, 6, 3, 3, 3, 3, 2, 2]  tape=0.240km B=9.97T unif=5.431% hoop=111MPa
  [a=23 b=28 nt=1460] KSP converged reason: 4, iterations: 1
  [a=22 b=28 nt=1460] KSP converged reason: 4, iterations: 1
  [a=22 b=28 nt=1454] KSP converged reason: 4, iterations: 1
  [a=22 b=28 nt=1458] KSP converged reason: 4, iterations: 1
  [a=22 b=28 nt=1432] KSP converged reason: 4, iterations: 1
  [a=22 b=28 nt=1440] KSP converged reason: 4, iterations: 1
  [a=22 b=28 nt=1456] KSP converged reason: 4, iterations: 1
  [a=22 b=28 nt=1440] KSP converged reason: 4, iterations: 1
  [a=22 b=28 nt=1432] KSP converged reason: 4, iterations: 1
  [a=22 b=28 nt=1452] KSP converged reason: 4, iterations: 1
  [ 991] OK     f=   0.237  a=22.4 b=28.0 gap=29.5 (face=3.0mm) n=[244, 244, 242, 242, 223, 223, 2, 2, 2, 2, 2, 2, 1, 1]  tape=0.237km B=10.08T unif=6.783% hoop=111MPa
  [ 992] OK     f=   0.239  a=22.5 b=28.1 gap=29.5 (face=3.1mm) n=[244, 244, 241, 241, 226, 226, 3, 3, 2, 2, 1, 1, 3, 3]  tape=0.239km B=10.07T unif=6.073% hoop=111MPa
  [ 993] OK     f=   0.241  a=22.5 b=28.0 gap=29.5 (face=3.0mm) n=[240, 240, 242, 242, 229, 229, 1, 1, 6, 6, 1, 1, 8, 8]  tape=0.241km B=10.06T unif=6.191% hoop=111MPa
  [ 994] OK     f=   0.240  a=22.5 b=27.8 gap=29.5 (face=3.0mm) n=[239, 239, 242, 242, 237, 237, 4, 4, 3, 3, 2, 2, 3, 3]  tape=0.240km B=10.12T unif=6.628% hoop=112MPa
  [ 995] OK     f=   0.244  a=22.5 b=28.2 gap=29.5 (face=3.0mm) n=[243, 243, 243, 243, 222, 222, 6, 6, 7, 7, 4, 4, 5, 5]  tape=0.244km B=10.12T unif=6.045% hoop=113MPa
  [ 996] OK     f=   0.244  a=22.4 b=28.1 gap=29.5 (face=3.0mm) n=[244, 244, 236, 236, 226, 226, 6, 6, 5, 5, 5, 5, 7, 7]  tape=0.244km B=10.07T unif=6.717% hoop=112MPa
  [ 997] OK     f=   0.245  a=22.4 b=28.2 gap=29.5 (face=3.0mm) n=[248, 248, 232, 232, 229, 229, 1, 1, 12, 12, 4, 4, 2, 2]  tape=0.245km B=10.09T unif=6.186% hoop=112MPa
  [ 998] OK     f=   0.240  a=22.4 b=28.1 gap=29.5 (face=3.0mm) n=[240, 240, 235, 235, 236, 236, 3, 3, 7, 7, 2, 2, 3, 3]  tape=0.240km B=10.03T unif=6.514% hoop=112MPa
  [ 999] OK     f=   0.240  a=22.4 b=28.1 gap=29.5 (face=3.1mm) n=[246, 246, 237, 237, 224, 224, 7, 7, 2, 2, 2, 2, 2, 2]  tape=0.240km B=10.12T unif=6.415% hoop=112MPa
  [1000] OK     f=   0.238  a=22.3 b=28.1 gap=29.5 (face=3.0mm) n=[245, 245, 242, 242, 216, 216, 4, 4, 3, 3, 5, 5, 1, 1]  tape=0.238km B=10.07T unif=6.375% hoop=110MPa
  [a=22 b=28 nt=1462] KSP converged reason: 4, iterations: 1
  [a=22 b=28 nt=1438] KSP converged reason: 4, iterations: 1
  [a=22 b=28 nt=1462] KSP converged reason: 4, iterations: 1
  [a=22 b=28 nt=1432] KSP converged reason: 4, iterations: 1
  [a=22 b=28 nt=1452] KSP converged reason: 4, iterations: 1
  [a=22 b=28 nt=1460] KSP converged reason: 4, iterations: 1
  [a=22 b=28 nt=1448] KSP converged reason: 4, iterations: 1
  [a=22 b=28 nt=1464] KSP converged reason: 4, iterations: 1
  [a=22 b=28 nt=1462] KSP converged reason: 4, iterations: 1
  [1001] OK     f=   0.243  a=22.2 b=28.0 gap=29.5 (face=3.0mm) n=[244, 244, 246, 246, 223, 223, 5, 5, 3, 3, 5, 5, 5, 5]  tape=0.243km B=10.20T unif=6.764% hoop=110MPa
  [1002] OK     f=   0.245  a=22.4 b=28.2 gap=29.5 (face=3.1mm) n=[247, 247, 239, 239, 224, 224, 11, 11, 4, 4, 4, 4, 1, 1]  tape=0.245km B=10.23T unif=6.527% hoop=112MPa
  [1003] OK     f=   0.239  a=22.4 b=27.8 gap=29.5 (face=3.1mm) n=[241, 241, 237, 237, 232, 232, 4, 4, 3, 3, 6, 6, 3, 3]  tape=0.239km B=10.07T unif=6.506% hoop=110MPa
  [1004] OK     f=   0.239  a=22.4 b=28.0 gap=29.5 (face=3.0mm) n=[245, 245, 241, 241, 219, 219, 2, 2, 2, 2, 7, 7, 3, 3]  tape=0.239km B=10.07T unif=6.471% hoop=110MPa
  [1005] OK     f=   0.238  a=22.3 b=28.1 gap=29.5 (face=3.0mm) n=[244, 244, 240, 240, 224, 224, 1, 1, 1, 1, 3, 3, 3, 3]  tape=0.238km B=10.05T unif=6.362% hoop=111MPa
  [1006] OK     f=   0.245  a=22.5 b=28.0 gap=29.5 (face=3.0mm) n=[251, 251, 240, 240, 221, 221, 5, 5, 8, 8, 1, 1, 5, 5]  tape=0.245km B=10.26T unif=7.080% hoop=112MPa
  [1007] INFEAS f=1000.006  a=22.1 b=28.1 gap=29.5 (face=3.0mm) n=[241, 241, 247, 247, 218, 218, 2, 2, 6, 6, 9, 9, 5, 5]  no evaluation (geometry pre-check)
  [1008] OK     f=   0.240  a=22.4 b=27.8 gap=29.5 (face=3.1mm) n=[244, 244, 242, 242, 220, 220, 4, 4, 6, 6, 1, 1, 7, 7]  tape=0.240km B=10.14T unif=7.468% hoop=111MPa
  [1009] OK     f=   0.244  a=22.5 b=28.0 gap=29.5 (face=3.0mm) n=[244, 244, 246, 246, 223, 223, 5, 5, 5, 5, 2, 2, 7, 7]  tape=0.244km B=10.21T unif=7.272% hoop=112MPa
  [1010] OK     f=   0.242  a=22.3 b=28.1 gap=29.5 (face=3.0mm) n=[240, 240, 239, 239, 230, 230, 6, 6, 10, 10, 3, 3, 3, 3]  tape=0.242km B=10.08T unif=6.293% hoop=111MPa
  [a=22 b=28 nt=1470] KSP converged reason: 4, iterations: 1
  [a=22 b=28 nt=1414] KSP converged reason: 4, iterations: 1
  [a=22 b=28 nt=1432] KSP converged reason: 4, iterations: 1
  [a=22 b=28 nt=1436] KSP converged reason: 4, iterations: 1
  [a=23 b=28 nt=1462] KSP converged reason: 4, iterations: 1
  [a=22 b=28 nt=1444] KSP converged reason: 4, iterations: 1
  [a=22 b=28 nt=1474] KSP converged reason: 4, iterations: 1
  [a=23 b=28 nt=1440] KSP converged reason: 4, iterations: 1
  [a=22 b=28 nt=1438] KSP converged reason: 4, iterations: 1
  [a=22 b=28 nt=1460] KSP converged reason: 4, iterations: 1
  [1011] OK     f=   0.239  a=22.4 b=28.1 gap=29.5 (face=3.0mm) n=[246, 246, 240, 240, 223, 223, 2, 2, 3, 3, 3, 3, 1, 1]  tape=0.239km B=10.08T unif=6.282% hoop=110MPa
  [1012] viol   f=   0.238  a=22.4 b=28.0 gap=29.5 (face=3.0mm) n=[244, 244, 235, 235, 220, 220, 1, 1, 3, 3, 1, 1, 3, 3]  tape=0.235km B=9.96T unif=6.812% hoop=110MPa
  [1013] OK     f=   0.236  a=22.2 b=27.8 gap=29.5 (face=3.0mm) n=[242, 242, 235, 235, 229, 229, 2, 2, 3, 3, 3, 3, 2, 2]  tape=0.236km B=10.02T unif=7.038% hoop=111MPa
  [1014] OK     f=   0.247  a=22.5 b=28.1 gap=29.5 (face=3.0mm) n=[241, 241, 248, 248, 212, 212, 8, 8, 3, 3, 11, 11, 8, 8]  tape=0.247km B=10.12T unif=5.792% hoop=114MPa
  [1015] OK     f=   0.239  a=22.4 b=28.1 gap=29.5 (face=3.0mm) n=[238, 238, 242, 242, 230, 230, 6, 6, 1, 1, 4, 4, 1, 1]  tape=0.239km B=10.03T unif=5.385% hoop=111MPa
  [1016] OK     f=   0.244  a=22.3 b=28.0 gap=29.5 (face=3.0mm) n=[241, 241, 237, 237, 232, 232, 8, 8, 7, 7, 5, 5, 5, 5]  tape=0.244km B=10.13T unif=6.432% hoop=111MPa
  [1017] OK     f=   0.244  a=22.4 b=28.0 gap=29.5 (face=3.0mm) n=[241, 241, 239, 239, 234, 234, 6, 6, 8, 8, 5, 5, 4, 4]  tape=0.244km B=10.15T unif=6.565% hoop=111MPa
  [1018] OK     f=   0.241  a=22.6 b=28.0 gap=29.5 (face=3.0mm) n=[247, 247, 243, 243, 212, 212, 4, 4, 6, 6, 2, 2, 6, 6]  tape=0.241km B=10.12T unif=6.805% hoop=112MPa
  [1019] OK     f=   0.240  a=22.4 b=28.2 gap=29.5 (face=3.0mm) n=[243, 243, 242, 242, 221, 221, 3, 3, 6, 6, 3, 3, 1, 1]  tape=0.240km B=10.07T unif=6.516% hoop=112MPa
  [1020] OK     f=   0.239  a=22.2 b=27.8 gap=29.5 (face=3.0mm) n=[239, 239, 235, 235, 242, 242, 4, 4, 4, 4, 1, 1, 5, 5]  tape=0.239km B=10.08T unif=6.546% hoop=111MPa
  [a=22 b=28 nt=1476] KSP converged reason: 4, iterations: 1
  [a=22 b=28 nt=1442] KSP converged reason: 4, iterations: 1
  [a=22 b=28 nt=1440] KSP converged reason: 4, iterations: 1
  [a=22 b=28 nt=1438] KSP converged reason: 4, iterations: 1
  [a=22 b=28 nt=1430] KSP converged reason: 4, iterations: 1
  [a=22 b=28 nt=1434] KSP converged reason: 4, iterations: 1
  [a=22 b=28 nt=1438] KSP converged reason: 4, iterations: 1
  [a=23 b=28 nt=1430] KSP converged reason: 4, iterations: 1
  [1021] OK     f=   0.243  a=22.4 b=27.7 gap=29.5 (face=3.0mm) n=[242, 242, 241, 241, 230, 230, 15, 15, 4, 4, 5, 5, 1, 1]  tape=0.243km B=10.26T unif=6.920% hoop=112MPa
  [1022] INFEAS f=1000.004  a=22.2 b=27.8 gap=29.5 (face=3.1mm) n=[239, 239, 237, 237, 229, 229, 13, 13, 2, 2, 10, 10, 4, 4]  no evaluation (geometry pre-check)
  [1023] OK     f=   0.242  a=22.5 b=28.1 gap=29.5 (face=3.1mm) n=[247, 247, 243, 243, 212, 212, 5, 5, 1, 1, 7, 7, 6, 6]  tape=0.242km B=10.09T unif=5.902% hoop=112MPa
  [1024] viol   f=   0.241  a=22.3 b=27.9 gap=29.5 (face=3.0mm) n=[238, 238, 244, 244, 218, 218, 2, 2, 4, 4, 8, 8, 6, 6]  tape=0.240km B=9.98T unif=6.166% hoop=111MPa
  [1025] OK     f=   0.236  a=22.3 b=27.9 gap=29.5 (face=3.1mm) n=[243, 243, 238, 238, 226, 226, 2, 2, 1, 1, 2, 2, 5, 5]  tape=0.236km B=10.05T unif=6.785% hoop=111MPa
  [1026] viol   f=   0.236  a=22.2 b=27.9 gap=29.5 (face=3.0mm) n=[241, 241, 232, 232, 229, 229, 6, 6, 2, 2, 2, 2, 3, 3]  tape=0.236km B=9.99T unif=6.795% hoop=109MPa
  [1027] OK     f=   0.239  a=22.3 b=27.9 gap=29.5 (face=3.1mm) n=[244, 244, 238, 238, 223, 223, 3, 3, 3, 3, 4, 4, 4, 4]  tape=0.239km B=10.04T unif=6.626% hoop=110MPa
  [1028] OK     f=   0.238  a=22.2 b=27.9 gap=29.5 (face=3.1mm) n=[243, 243, 238, 238, 223, 223, 3, 3, 6, 6, 2, 2, 4, 4]  tape=0.238km B=10.04T unif=6.833% hoop=109MPa
  [1029] viol   f=   0.238  a=22.6 b=28.1 gap=29.5 (face=3.0mm) n=[240, 240, 238, 238, 229, 229, 2, 2, 1, 1, 2, 2, 3, 3]  tape=0.237km B=9.97T unif=6.429% hoop=114MPa
  [1030] INFEAS f=1000.004  a=22.2 b=27.9 gap=29.5 (face=3.0mm) n=[240, 240, 233, 233, 234, 234, 1, 1, 4, 4, 3, 3, 1, 1]  no evaluation (geometry pre-check)
  [a=22 b=28 nt=1436] KSP converged reason: 4, iterations: 1
  [a=22 b=28 nt=1480] KSP converged reason: 4, iterations: 1
  [a=22 b=28 nt=1460] KSP converged reason: 4, iterations: 1
  [a=22 b=28 nt=1446] KSP converged reason: 4, iterations: 1
  [a=22 b=28 nt=1458] KSP converged reason: 4, iterations: 1
  [a=22 b=28 nt=1418] KSP converged reason: 4, iterations: 1
  [a=22 b=28 nt=1454] KSP converged reason: 4, iterations: 1
  [a=22 b=28 nt=1416] KSP converged reason: 4, iterations: 1
  [a=22 b=28 nt=1436] KSP converged reason: 4, iterations: 1
  [a=22 b=28 nt=1444] KSP converged reason: 4, iterations: 1
  [1031] OK     f=   0.238  a=22.3 b=27.9 gap=29.6 (face=3.1mm) n=[245, 245, 227, 227, 233, 233, 3, 3, 5, 5, 3, 3, 2, 2]  tape=0.238km B=10.03T unif=7.595% hoop=110MPa
  [1032] OK     f=   0.241  a=22.3 b=28.0 gap=29.6 (face=3.2mm) n=[244, 244, 233, 233, 227, 227, 8, 8, 1, 1, 7, 7, 3, 3]  tape=0.241km B=10.04T unif=6.452% hoop=111MPa
  [1033] viol   f=   0.233  a=22.3 b=27.8 gap=29.5 (face=3.0mm) n=[242, 242, 236, 236, 224, 224, 1, 1, 2, 2, 3, 3, 1, 1]  tape=0.233km B=9.99T unif=7.418% hoop=109MPa
  [1034] OK     f=   0.242  a=22.3 b=28.0 gap=29.5 (face=3.0mm) n=[239, 239, 240, 240, 224, 224, 5, 5, 12, 12, 4, 4, 5, 5]  tape=0.242km B=10.07T unif=6.496% hoop=110MPa
  [1035] OK     f=   0.243  a=22.3 b=28.0 gap=29.5 (face=3.1mm) n=[246, 246, 241, 241, 221, 221, 7, 7, 4, 4, 6, 6, 5, 5]  tape=0.243km B=10.24T unif=6.967% hoop=112MPa
  [1036] OK     f=   0.245  a=22.3 b=27.8 gap=29.5 (face=3.0mm) n=[232, 232, 245, 245, 240, 240, 2, 2, 11, 11, 6, 6, 4, 4]  tape=0.245km B=10.05T unif=6.028% hoop=113MPa
  [1037] OK     f=   0.243  a=22.3 b=27.8 gap=29.5 (face=3.0mm) n=[248, 248, 232, 232, 223, 223, 2, 2, 11, 11, 10, 10, 1, 1]  tape=0.243km B=10.12T unif=7.262% hoop=111MPa
  [1038] OK     f=   0.236  a=22.3 b=27.9 gap=29.5 (face=3.0mm) n=[238, 238, 239, 239, 233, 233, 1, 1, 6, 6, 3, 3, 2, 2]  tape=0.236km B=10.03T unif=6.494% hoop=110MPa
  [1039] OK     f=   0.237  a=22.3 b=27.9 gap=29.5 (face=3.0mm) n=[240, 240, 237, 237, 225, 225, 7, 7, 5, 5, 2, 2, 2, 2]  tape=0.237km B=10.04T unif=6.193% hoop=110MPa
  [1040] viol   f=   0.239  a=22.3 b=28.2 gap=29.5 (face=3.0mm) n=[248, 248, 230, 230, 215, 215, 2, 2, 9, 9, 3, 3, 1, 1]  tape=0.239km B=9.99T unif=6.621% hoop=111MPa
  [a=22 b=28 nt=1434] KSP converged reason: 4, iterations: 1
  [a=22 b=28 nt=1430] KSP converged reason: 4, iterations: 1
  [a=22 b=28 nt=1416] KSP converged reason: 4, iterations: 1
  [a=22 b=28 nt=1456] KSP converged reason: 4, iterations: 1
  [a=22 b=28 nt=1420] KSP converged reason: 4, iterations: 1
  [a=22 b=28 nt=1458] KSP converged reason: 4, iterations: 1
  [a=22 b=28 nt=1424] KSP converged reason: 4, iterations: 1
  [a=22 b=28 nt=1440] KSP converged reason: 4, iterations: 1
  [a=22 b=28 nt=1450] KSP converged reason: 4, iterations: 1
  [1041] OK     f=   0.240  a=22.3 b=27.9 gap=29.5 (face=3.0mm) n=[239, 239, 236, 236, 235, 235, 3, 3, 6, 6, 4, 4, 6, 6]  tape=0.240km B=10.04T unif=6.331% hoop=110MPa
  [1042] OK     f=   0.236  a=22.3 b=27.9 gap=29.5 (face=3.0mm) n=[244, 244, 239, 239, 222, 222, 2, 2, 3, 3, 1, 1, 4, 4]  tape=0.236km B=10.05T unif=6.578% hoop=110MPa
  [1043] OK     f=   0.236  a=22.2 b=27.9 gap=29.5 (face=3.0mm) n=[242, 242, 236, 236, 229, 229, 2, 2, 2, 2, 2, 2, 4, 4]  tape=0.236km B=10.02T unif=6.405% hoop=109MPa
  [1044] viol   f=   0.235  a=22.3 b=27.8 gap=29.5 (face=3.0mm) n=[241, 241, 237, 237, 221, 221, 3, 3, 2, 2, 3, 3, 1, 1]  tape=0.233km B=9.97T unif=6.935% hoop=109MPa
  [1045] OK     f=   0.234  a=22.3 b=27.9 gap=29.5 (face=3.0mm) n=[242, 242, 240, 240, 218, 218, 2, 2, 2, 2, 1, 1, 5, 5]  tape=0.234km B=10.02T unif=7.222% hoop=110MPa
  [1046] INFEAS f=1000.000  a=22.2 b=27.9 gap=29.5 (face=3.1mm) n=[243, 243, 233, 233, 232, 232, 4, 4, 4, 4, 7, 7, 4, 4]  no evaluation (geometry pre-check)
  [1047] OK     f=   0.238  a=22.2 b=27.8 gap=29.5 (face=3.0mm) n=[239, 239, 238, 238, 235, 235, 10, 10, 2, 2, 3, 3, 1, 1]  tape=0.238km B=10.17T unif=7.211% hoop=111MPa
  [1048] OK     f=   0.234  a=22.3 b=27.9 gap=29.5 (face=3.0mm) n=[241, 241, 239, 239, 225, 225, 1, 1, 2, 2, 2, 2, 2, 2]  tape=0.234km B=10.01T unif=6.842% hoop=109MPa
  [1049] viol   f=   0.237  a=22.2 b=27.9 gap=29.5 (face=3.0mm) n=[241, 241, 232, 232, 234, 234, 3, 3, 4, 4, 3, 3, 3, 3]  tape=0.237km B=10.00T unif=6.692% hoop=109MPa
  [1050] OK     f=   0.237  a=22.3 b=27.7 gap=29.5 (face=3.1mm) n=[239, 239, 239, 239, 231, 231, 3, 3, 4, 4, 8, 8, 1, 1]  tape=0.237km B=10.07T unif=6.791% hoop=109MPa
  [a=22 b=28 nt=1438] KSP converged reason: 4, iterations: 1
  [a=22 b=28 nt=1416] KSP converged reason: 4, iterations: 1
  [a=22 b=28 nt=1422] KSP converged reason: 4, iterations: 1
  [a=22 b=28 nt=1430] KSP converged reason: 4, iterations: 1
  [a=22 b=28 nt=1434] KSP converged reason: 4, iterations: 1
  [a=22 b=28 nt=1424] KSP converged reason: 4, iterations: 1
  [a=22 b=28 nt=1422] KSP converged reason: 4, iterations: 1
  [a=22 b=28 nt=1452] KSP converged reason: 4, iterations: 1
  [1051] OK     f=   0.236  a=22.3 b=27.8 gap=29.5 (face=3.0mm) n=[239, 239, 240, 240, 227, 227, 5, 5, 4, 4, 2, 2, 2, 2]  tape=0.236km B=10.05T unif=6.688% hoop=110MPa
  [1052] viol   f=   0.236  a=22.3 b=27.9 gap=29.5 (face=3.0mm) n=[241, 241, 237, 237, 224, 224, 1, 1, 5, 5, 2, 2, 5, 5]  tape=0.236km B=9.99T unif=6.597% hoop=110MPa
  [1053] INFEAS f=1000.000  a=22.2 b=27.9 gap=29.5 (face=3.0mm) n=[242, 242, 238, 238, 225, 225, 4, 4, 3, 3, 2, 2, 3, 3]  no evaluation (geometry pre-check)
  [1054] INFEAS f=1000.052  a=22.0 b=27.9 gap=29.5 (face=3.0mm) n=[237, 237, 239, 239, 235, 235, 1, 1, 6, 6, 8, 8, 2, 2]  no evaluation (geometry pre-check)
  [1055] OK     f=   0.236  a=22.4 b=28.0 gap=29.5 (face=3.0mm) n=[244, 244, 236, 236, 223, 223, 2, 2, 2, 2, 3, 3, 2, 2]  tape=0.236km B=10.02T unif=6.954% hoop=110MPa
  [1056] viol   f=   0.240  a=22.3 b=28.0 gap=29.5 (face=3.0mm) n=[241, 241, 239, 239, 215, 215, 4, 4, 4, 4, 2, 2, 3, 3]  tape=0.235km B=9.95T unif=6.616% hoop=109MPa
  [1057] viol   f=   0.238  a=22.4 b=27.9 gap=29.5 (face=3.0mm) n=[242, 242, 238, 238, 224, 224, 2, 2, 5, 5, 2, 2, 4, 4]  tape=0.237km B=9.98T unif=5.862% hoop=110MPa
  [1058] OK     f=   0.236  a=22.3 b=27.9 gap=29.5 (face=3.0mm) n=[241, 241, 240, 240, 213, 213, 5, 5, 6, 6, 4, 4, 2, 2]  tape=0.236km B=10.00T unif=6.308% hoop=111MPa
  [1059] viol   f=   0.235  a=22.3 b=27.8 gap=29.5 (face=3.0mm) n=[244, 244, 235, 235, 225, 225, 1, 1, 2, 2, 1, 1, 3, 3]  tape=0.235km B=9.99T unif=6.434% hoop=110MPa
  [1060] OK     f=   0.237  a=22.3 b=27.7 gap=29.5 (face=3.1mm) n=[240, 240, 239, 239, 235, 235, 4, 4, 2, 2, 4, 4, 2, 2]  tape=0.237km B=10.13T unif=7.057% hoop=109MPa
  [a=22 b=28 nt=1440] KSP converged reason: 4, iterations: 1
  [a=22 b=28 nt=1428] KSP converged reason: 4, iterations: 1
  [a=22 b=28 nt=1458] KSP converged reason: 4, iterations: 1
  [a=22 b=28 nt=1438] KSP converged reason: 4, iterations: 1
  [a=22 b=28 nt=1430] KSP converged reason: 4, iterations: 1
  [a=22 b=28 nt=1416] KSP converged reason: 4, iterations: 1
  [a=22 b=28 nt=1434] KSP converged reason: 4, iterations: 1
  [a=22 b=28 nt=1438] KSP converged reason: 4, iterations: 1
  [a=22 b=28 nt=1424] KSP converged reason: 4, iterations: 1
  [a=22 b=28 nt=1438] KSP converged reason: 4, iterations: 1
  [1061] OK     f=   0.238  a=22.3 b=27.8 gap=29.5 (face=3.0mm) n=[247, 247, 234, 234, 219, 219, 4, 4, 3, 3, 2, 2, 6, 6]  tape=0.238km B=10.05T unif=6.948% hoop=110MPa
  [1062] OK     f=   0.238  a=22.3 b=27.9 gap=29.5 (face=3.1mm) n=[245, 245, 235, 235, 217, 217, 6, 6, 2, 2, 5, 5, 4, 4]  tape=0.238km B=10.02T unif=6.923% hoop=110MPa
  [1063] viol   f=   0.235  a=22.3 b=27.8 gap=29.5 (face=3.0mm) n=[243, 243, 234, 234, 223, 223, 2, 2, 2, 2, 2, 2, 2, 2]  tape=0.233km B=9.98T unif=7.286% hoop=111MPa
  [1064] OK     f=   0.241  a=22.5 b=28.0 gap=29.5 (face=3.0mm) n=[246, 246, 238, 238, 217, 217, 3, 3, 7, 7, 4, 4, 5, 5]  tape=0.241km B=10.07T unif=6.907% hoop=113MPa
  [1065] OK     f=   0.236  a=22.4 b=27.7 gap=29.5 (face=3.0mm) n=[240, 240, 239, 239, 227, 227, 3, 3, 3, 3, 3, 3, 4, 4]  tape=0.236km B=10.03T unif=7.299% hoop=110MPa
  [1066] OK     f=   0.242  a=22.3 b=27.8 gap=29.5 (face=3.0mm) n=[242, 242, 236, 236, 224, 224, 10, 10, 5, 5, 8, 8, 4, 4]  tape=0.242km B=10.14T unif=7.309% hoop=111MPa
  [1067] OK     f=   0.237  a=22.4 b=28.0 gap=29.5 (face=3.0mm) n=[240, 240, 239, 239, 222, 222, 8, 8, 2, 2, 4, 4, 2, 2]  tape=0.237km B=10.01T unif=6.527% hoop=110MPa
  [1068] OK     f=   0.238  a=22.3 b=27.8 gap=29.5 (face=3.0mm) n=[245, 245, 236, 236, 223, 223, 5, 5, 2, 2, 2, 2, 6, 6]  tape=0.238km B=10.08T unif=7.570% hoop=111MPa
  [1069] viol   f=   0.242  a=22.3 b=27.9 gap=29.5 (face=3.0mm) n=[240, 240, 235, 235, 228, 228, 1, 1, 3, 3, 5, 5, 7, 7]  tape=0.237km B=9.95T unif=6.424% hoop=109MPa
  [1070] OK     f=   0.237  a=22.4 b=27.9 gap=29.5 (face=3.0mm) n=[246, 246, 237, 237, 215, 215, 4, 4, 6, 6, 1, 1, 3, 3]  tape=0.237km B=10.03T unif=6.838% hoop=112MPa
  [a=22 b=28 nt=1438] KSP converged reason: 4, iterations: 1
  [a=22 b=28 nt=1416] KSP converged reason: 4, iterations: 1
  [a=22 b=28 nt=1438] KSP converged reason: 4, iterations: 1
  [a=22 b=28 nt=1420] KSP converged reason: 4, iterations: 1
  [a=22 b=28 nt=1420] KSP converged reason: 4, iterations: 1
  [a=22 b=28 nt=1434] KSP converged reason: 4, iterations: 1
  [a=22 b=28 nt=1414] KSP converged reason: 4, iterations: 1
  [a=22 b=28 nt=1452] KSP converged reason: 4, iterations: 1
  [a=22 b=28 nt=1422] KSP converged reason: 4, iterations: 1
  [a=22 b=28 nt=1438] KSP converged reason: 4, iterations: 1
  [1071] viol   f=   0.239  a=22.3 b=27.8 gap=29.5 (face=3.0mm) n=[240, 240, 240, 240, 219, 219, 1, 1, 3, 3, 3, 3, 4, 4]  tape=0.234km B=9.95T unif=6.444% hoop=109MPa
  [1072] OK     f=   0.239  a=22.4 b=27.8 gap=29.5 (face=3.0mm) n=[245, 245, 238, 238, 219, 219, 5, 5, 6, 6, 3, 3, 3, 3]  tape=0.239km B=10.07T unif=7.332% hoop=112MPa
  [1073] OK     f=   0.236  a=22.4 b=27.7 gap=29.5 (face=3.0mm) n=[243, 243, 236, 236, 228, 228, 4, 4, 3, 3, 2, 2, 3, 3]  tape=0.236km B=10.05T unif=6.854% hoop=111MPa
  [1074] OK     f=   0.235  a=22.4 b=27.8 gap=29.5 (face=3.0mm) n=[244, 244, 234, 234, 221, 221, 3, 3, 4, 4, 2, 2, 2, 2]  tape=0.235km B=10.01T unif=7.268% hoop=112MPa
  [1075] viol   f=   0.236  a=22.4 b=27.7 gap=29.5 (face=3.0mm) n=[242, 242, 238, 238, 218, 218, 2, 2, 2, 2, 5, 5, 1, 1]  tape=0.234km B=9.97T unif=7.153% hoop=110MPa
  [1076] OK     f=   0.234  a=22.2 b=27.7 gap=29.5 (face=3.0mm) n=[239, 239, 240, 240, 227, 227, 2, 2, 5, 5, 3, 3, 1, 1]  tape=0.234km B=10.05T unif=7.122% hoop=110MPa
  [1077] OK     f=   0.233  a=22.3 b=27.7 gap=29.5 (face=3.0mm) n=[244, 244, 235, 235, 220, 220, 3, 3, 3, 3, 1, 1, 1, 1]  tape=0.233km B=10.02T unif=7.445% hoop=110MPa
  [1078] OK     f=   0.239  a=22.3 b=27.6 gap=29.5 (face=3.1mm) n=[240, 240, 237, 237, 227, 227, 6, 6, 8, 8, 6, 6, 2, 2]  tape=0.239km B=10.07T unif=7.294% hoop=110MPa
  [1079] OK     f=   0.239  a=22.5 b=28.0 gap=29.5 (face=3.0mm) n=[243, 243, 237, 237, 223, 223, 6, 6, 1, 1, 5, 5, 4, 4]  tape=0.239km B=10.03T unif=6.373% hoop=111MPa
  [1080] viol   f=   0.235  a=22.3 b=27.8 gap=29.5 (face=3.0mm) n=[245, 245, 230, 230, 226, 226, 2, 2, 2, 2, 2, 2, 4, 4]  tape=0.235km B=10.00T unif=6.988% hoop=113MPa
  [a=22 b=28 nt=1446] KSP converged reason: 4, iterations: 1
  [a=22 b=28 nt=1430] KSP converged reason: 4, iterations: 1
  [a=22 b=28 nt=1426] KSP converged reason: 4, iterations: 1
  [a=22 b=28 nt=1434] KSP converged reason: 4, iterations: 1
  [a=22 b=28 nt=1426] KSP converged reason: 4, iterations: 1
  [a=22 b=28 nt=1416] KSP converged reason: 4, iterations: 1
  [a=22 b=28 nt=1428] KSP converged reason: 4, iterations: 1
  [a=22 b=28 nt=1410] KSP converged reason: 4, iterations: 1
  [a=22 b=28 nt=1424] KSP converged reason: 4, iterations: 1
  [a=22 b=28 nt=1448] KSP converged reason: 4, iterations: 1
  [1081] OK     f=   0.235  a=22.3 b=27.8 gap=29.5 (face=3.0mm) n=[242, 242, 239, 239, 219, 219, 1, 1, 5, 5, 5, 5, 2, 2]  tape=0.235km B=10.02T unif=7.382% hoop=110MPa
  [1082] OK     f=   0.238  a=22.3 b=27.6 gap=29.5 (face=3.0mm) n=[242, 242, 237, 237, 224, 224, 3, 3, 11, 11, 3, 3, 3, 3]  tape=0.238km B=10.08T unif=7.112% hoop=110MPa
  [1083] OK     f=   0.235  a=22.3 b=27.8 gap=29.5 (face=3.0mm) n=[241, 241, 238, 238, 227, 227, 3, 3, 3, 3, 2, 2, 3, 3]  tape=0.235km B=10.05T unif=6.711% hoop=110MPa
  [1084] viol   f=   0.240  a=22.3 b=27.8 gap=29.5 (face=3.0mm) n=[243, 243, 230, 230, 227, 227, 4, 4, 1, 1, 3, 3, 5, 5]  tape=0.236km B=9.95T unif=7.214% hoop=110MPa
  [1085] OK     f=   0.234  a=22.3 b=27.7 gap=29.5 (face=3.0mm) n=[246, 246, 237, 237, 218, 218, 2, 2, 1, 1, 3, 3, 1, 1]  tape=0.234km B=10.08T unif=7.595% hoop=112MPa
  [1086] OK     f=   0.237  a=22.4 b=27.8 gap=29.5 (face=3.0mm) n=[243, 243, 234, 234, 223, 223, 6, 6, 3, 3, 3, 3, 3, 3]  tape=0.237km B=10.01T unif=6.661% hoop=112MPa
  [1087] OK     f=   0.236  a=22.3 b=27.7 gap=29.5 (face=3.0mm) n=[243, 243, 236, 236, 222, 222, 4, 4, 5, 5, 1, 1, 3, 3]  tape=0.236km B=10.05T unif=6.977% hoop=110MPa
  [1088] viol   f=   0.233  a=22.4 b=27.8 gap=29.5 (face=3.0mm) n=[245, 245, 234, 234, 219, 219, 2, 2, 2, 2, 2, 2, 1, 1]  tape=0.233km B=10.00T unif=7.459% hoop=110MPa
  [1089] OK     f=   0.234  a=22.2 b=27.7 gap=29.5 (face=3.0mm) n=[241, 241, 237, 237, 222, 222, 5, 5, 3, 3, 3, 3, 1, 1]  tape=0.234km B=10.03T unif=7.091% hoop=110MPa
  [1090] OK     f=   0.238  a=22.3 b=27.6 gap=29.5 (face=3.0mm) n=[240, 240, 237, 237, 226, 226, 3, 3, 11, 11, 5, 5, 2, 2]  tape=0.238km B=10.05T unif=6.696% hoop=111MPa
  [a=22 b=28 nt=1426] KSP converged reason: 4, iterations: 1
  [a=22 b=28 nt=1422] KSP converged reason: 4, iterations: 1
  [a=22 b=28 nt=1446] KSP converged reason: 4, iterations: 1
  [a=22 b=28 nt=1424] KSP converged reason: 4, iterations: 1
  [a=22 b=28 nt=1428] KSP converged reason: 4, iterations: 1
  [a=22 b=28 nt=1414] KSP converged reason: 4, iterations: 1
  [a=22 b=28 nt=1414] KSP converged reason: 4, iterations: 1
  [a=22 b=28 nt=1432] KSP converged reason: 4, iterations: 1
  [a=22 b=28 nt=1404] KSP converged reason: 4, iterations: 1
  [a=22 b=28 nt=1432] KSP converged reason: 4, iterations: 1
  [1091] OK     f=   0.235  a=22.4 b=27.8 gap=29.5 (face=3.0mm) n=[243, 243, 239, 239, 221, 221, 3, 3, 3, 3, 1, 1, 2, 2]  tape=0.235km B=10.05T unif=7.215% hoop=110MPa
  [1092] viol   f=   0.233  a=22.2 b=27.7 gap=29.5 (face=3.0mm) n=[245, 245, 233, 233, 220, 220, 1, 1, 5, 5, 2, 2, 1, 1]  tape=0.233km B=10.00T unif=7.382% hoop=110MPa
  [1093] OK     f=   0.236  a=22.3 b=27.7 gap=29.5 (face=3.0mm) n=[247, 247, 231, 231, 222, 222, 3, 3, 2, 2, 4, 4, 2, 2]  tape=0.236km B=10.04T unif=7.339% hoop=112MPa
  [1094] OK     f=   0.235  a=22.3 b=27.6 gap=29.5 (face=3.0mm) n=[243, 243, 236, 236, 221, 221, 3, 3, 5, 5, 4, 4, 2, 2]  tape=0.235km B=10.01T unif=7.212% hoop=110MPa
  [1095] OK     f=   0.237  a=22.3 b=27.7 gap=29.5 (face=3.0mm) n=[247, 247, 233, 233, 216, 216, 3, 3, 4, 4, 6, 6, 4, 4]  tape=0.237km B=10.04T unif=7.640% hoop=111MPa
  [1096] OK     f=   0.237  a=22.3 b=27.8 gap=29.5 (face=3.0mm) n=[239, 239, 237, 237, 232, 232, 4, 4, 7, 7, 2, 2, 2, 2]  tape=0.237km B=10.04T unif=6.630% hoop=109MPa
  [1097] OK     f=   0.234  a=22.4 b=27.7 gap=29.5 (face=3.0mm) n=[247, 247, 235, 235, 215, 215, 2, 2, 2, 2, 4, 4, 2, 2]  tape=0.234km B=10.05T unif=7.692% hoop=111MPa
  [1098] viol   f=   0.234  a=22.3 b=27.8 gap=29.5 (face=3.0mm) n=[248, 248, 232, 232, 213, 213, 3, 3, 2, 2, 1, 1, 3, 3]  tape=0.234km B=10.00T unif=7.261% hoop=111MPa
  [1099] OK     f=   0.236  a=22.3 b=27.7 gap=29.5 (face=3.0mm) n=[243, 243, 237, 237, 222, 222, 6, 6, 3, 3, 3, 3, 2, 2]  tape=0.236km B=10.10T unif=7.806% hoop=111MPa
  [1100] OK     f=   0.238  a=22.3 b=27.7 gap=29.5 (face=3.0mm) n=[247, 247, 230, 230, 223, 223, 3, 3, 3, 3, 8, 8, 2, 2]  tape=0.238km B=10.06T unif=7.226% hoop=111MPa
  [a=22 b=28 nt=1416] KSP converged reason: 4, iterations: 1
  [a=22 b=28 nt=1414] KSP converged reason: 4, iterations: 1
  [a=22 b=28 nt=1430] KSP converged reason: 4, iterations: 1
  [a=22 b=28 nt=1414] KSP converged reason: 4, iterations: 1
  [a=22 b=28 nt=1400] KSP converged reason: 4, iterations: 1
  [a=22 b=28 nt=1410] KSP converged reason: 4, iterations: 1
  [a=22 b=28 nt=1410] KSP converged reason: 4, iterations: 1
  [a=22 b=28 nt=1414] KSP converged reason: 4, iterations: 1
  [a=22 b=28 nt=1406] KSP converged reason: 4, iterations: 1
  [a=22 b=28 nt=1418] KSP converged reason: 4, iterations: 1
  [1101] OK     f=   0.234  a=22.3 b=27.6 gap=29.5 (face=3.0mm) n=[248, 248, 230, 230, 221, 221, 1, 1, 2, 2, 3, 3, 2, 2]  tape=0.234km B=10.04T unif=8.267% hoop=111MPa
  [1102] OK     f=   0.232  a=22.2 b=27.6 gap=29.5 (face=3.0mm) n=[244, 244, 234, 234, 220, 220, 3, 3, 1, 1, 2, 2, 1, 1]  tape=0.232km B=10.01T unif=7.667% hoop=110MPa
  [1103] viol   f=   0.235  a=22.3 b=27.7 gap=29.5 (face=3.0mm) n=[249, 249, 229, 229, 215, 215, 1, 1, 2, 2, 3, 3, 1, 1]  tape=0.233km B=9.97T unif=7.427% hoop=110MPa
  [1104] OK     f=   0.234  a=22.3 b=27.6 gap=29.5 (face=3.0mm) n=[245, 245, 235, 235, 217, 217, 3, 3, 3, 3, 4, 4, 1, 1]  tape=0.234km B=10.02T unif=7.722% hoop=110MPa
  [1105] OK     f=   0.235  a=22.3 b=27.9 gap=29.5 (face=3.0mm) n=[248, 248, 233, 233, 217, 217, 2, 2, 2, 2, 3, 3, 2, 2]  tape=0.235km B=10.03T unif=7.122% hoop=111MPa
  [1106] OK     f=   0.235  a=22.2 b=27.7 gap=29.5 (face=3.0mm) n=[243, 243, 232, 232, 227, 227, 4, 4, 5, 5, 1, 1, 3, 3]  tape=0.235km B=10.01T unif=7.282% hoop=111MPa
  [1107] OK     f=   0.233  a=22.3 b=27.7 gap=29.5 (face=3.0mm) n=[245, 245, 240, 240, 210, 210, 2, 2, 3, 3, 2, 2, 3, 3]  tape=0.233km B=10.01T unif=7.448% hoop=110MPa
  [1108] OK     f=   0.235  a=22.4 b=27.7 gap=29.5 (face=3.0mm) n=[249, 249, 232, 232, 216, 216, 3, 3, 4, 4, 2, 2, 1, 1]  tape=0.235km B=10.05T unif=7.725% hoop=111MPa
  [1109] viol   f=   0.232  a=22.3 b=27.7 gap=29.5 (face=3.0mm) n=[243, 243, 237, 237, 216, 216, 2, 2, 3, 3, 1, 1, 1, 1]  tape=0.232km B=10.00T unif=7.348% hoop=111MPa
  [1110] OK     f=   0.235  a=22.4 b=27.8 gap=29.5 (face=3.0mm) n=[245, 245, 235, 235, 218, 218, 2, 2, 6, 6, 1, 1, 2, 2]  tape=0.235km B=10.01T unif=7.057% hoop=110MPa
  [a=22 b=28 nt=1430] KSP converged reason: 4, iterations: 1
  [a=22 b=28 nt=1412] KSP converged reason: 4, iterations: 1
  [a=22 b=28 nt=1430] KSP converged reason: 4, iterations: 1
  [a=22 b=28 nt=1424] KSP converged reason: 4, iterations: 1
  [a=22 b=28 nt=1424] KSP converged reason: 4, iterations: 1
  [a=22 b=28 nt=1418] KSP converged reason: 4, iterations: 1
  [a=22 b=28 nt=1414] KSP converged reason: 4, iterations: 1
  [a=22 b=28 nt=1412] KSP converged reason: 4, iterations: 1
  [a=22 b=28 nt=1442] KSP converged reason: 4, iterations: 1
  [a=22 b=28 nt=1410] KSP converged reason: 4, iterations: 1
  [1111] OK     f=   0.234  a=22.2 b=27.6 gap=29.5 (face=3.0mm) n=[241, 241, 235, 235, 225, 225, 5, 5, 3, 3, 3, 3, 3, 3]  tape=0.234km B=10.03T unif=7.067% hoop=109MPa
  [1112] viol   f=   0.235  a=22.3 b=27.7 gap=29.5 (face=3.0mm) n=[243, 243, 232, 232, 224, 224, 1, 1, 3, 3, 4, 4, 2, 2]  tape=0.233km B=9.97T unif=7.487% hoop=110MPa
  [1113] OK     f=   0.237  a=22.3 b=27.6 gap=29.5 (face=3.0mm) n=[246, 246, 234, 234, 218, 218, 2, 2, 6, 6, 5, 5, 4, 4]  tape=0.237km B=10.04T unif=7.477% hoop=111MPa
  [1114] OK     f=   0.236  a=22.3 b=27.7 gap=29.5 (face=3.0mm) n=[246, 246, 231, 231, 222, 222, 3, 3, 5, 5, 3, 3, 2, 2]  tape=0.236km B=10.01T unif=7.077% hoop=111MPa
  [1115] OK     f=   0.235  a=22.3 b=27.8 gap=29.5 (face=3.0mm) n=[244, 244, 236, 236, 220, 220, 4, 4, 2, 2, 3, 3, 3, 3]  tape=0.235km B=10.03T unif=7.514% hoop=110MPa
  [1116] OK     f=   0.237  a=22.4 b=27.8 gap=29.5 (face=3.0mm) n=[249, 249, 235, 235, 209, 209, 2, 2, 7, 7, 2, 2, 2, 2]  tape=0.237km B=10.05T unif=7.125% hoop=112MPa
  [1117] OK     f=   0.236  a=22.3 b=27.7 gap=29.5 (face=3.0mm) n=[249, 249, 235, 235, 209, 209, 4, 4, 4, 4, 4, 4, 2, 2]  tape=0.236km B=10.09T unif=7.468% hoop=111MPa
  [1118] viol   f=   0.234  a=22.3 b=27.6 gap=29.5 (face=3.0mm) n=[243, 243, 234, 234, 219, 219, 2, 2, 5, 5, 1, 1, 2, 2]  tape=0.233km B=9.98T unif=7.697% hoop=110MPa
  [1119] OK     f=   0.238  a=22.3 b=27.7 gap=29.5 (face=3.0mm) n=[242, 242, 239, 239, 218, 218, 6, 6, 7, 7, 5, 5, 4, 4]  tape=0.238km B=10.06T unif=6.945% hoop=110MPa
  [1120] viol   f=   0.233  a=22.3 b=27.8 gap=29.5 (face=3.0mm) n=[245, 245, 234, 234, 218, 218, 1, 1, 2, 2, 2, 2, 3, 3]  tape=0.233km B=10.00T unif=7.683% hoop=111MPa
  [a=22 b=28 nt=1424] KSP converged reason: 4, iterations: 1
  [a=22 b=28 nt=1412] KSP converged reason: 4, iterations: 1
  [a=22 b=28 nt=1402] KSP converged reason: 4, iterations: 1
  [a=22 b=28 nt=1420] KSP converged reason: 4, iterations: 1
  [a=22 b=28 nt=1410] KSP converged reason: 4, iterations: 1
  [a=22 b=28 nt=1404] KSP converged reason: 4, iterations: 1
  [a=22 b=28 nt=1446] KSP converged reason: 4, iterations: 1
  [a=22 b=28 nt=1410] KSP converged reason: 4, iterations: 1
  [a=22 b=28 nt=1416] KSP converged reason: 4, iterations: 1
  [1121] viol   f=   0.233  a=22.4 b=27.7 gap=29.5 (face=3.0mm) n=[244, 244, 235, 235, 216, 216, 2, 2, 4, 4, 3, 3, 2, 2]  tape=0.233km B=9.99T unif=7.898% hoop=110MPa
  [1122] viol   f=   0.236  a=22.2 b=27.7 gap=29.5 (face=3.0mm) n=[241, 241, 233, 233, 228, 228, 1, 1, 4, 4, 1, 1, 2, 2]  tape=0.233km B=9.96T unif=7.304% hoop=110MPa
  [1123] viol   f=   0.237  a=22.3 b=27.7 gap=29.5 (face=3.0mm) n=[243, 243, 235, 235, 217, 217, 2, 2, 1, 1, 1, 1, 3, 3]  tape=0.231km B=9.95T unif=6.994% hoop=110MPa
  [1124] INFEAS f=1000.000  a=22.2 b=27.6 gap=29.5 (face=3.0mm) n=[243, 243, 235, 235, 223, 223, 2, 2, 4, 4, 4, 4, 2, 2]  no evaluation (geometry pre-check)
  [1125] OK     f=   0.236  a=22.3 b=27.7 gap=29.5 (face=3.0mm) n=[246, 246, 232, 232, 220, 220, 3, 3, 5, 5, 1, 1, 5, 5]  tape=0.236km B=10.03T unif=7.471% hoop=110MPa
  [1126] viol   f=   0.236  a=22.3 b=27.7 gap=29.5 (face=3.0mm) n=[242, 242, 236, 236, 219, 219, 2, 2, 2, 2, 3, 3, 1, 1]  tape=0.232km B=9.96T unif=7.125% hoop=109MPa
  [1127] viol   f=   0.239  a=22.3 b=27.6 gap=29.5 (face=3.0mm) n=[245, 245, 231, 231, 217, 217, 1, 1, 2, 2, 1, 1, 4, 4]  tape=0.232km B=9.94T unif=7.500% hoop=110MPa
  [1128] OK     f=   0.240  a=22.4 b=27.9 gap=29.5 (face=3.0mm) n=[243, 243, 235, 235, 227, 227, 4, 4, 6, 6, 4, 4, 4, 4]  tape=0.240km B=10.06T unif=6.976% hoop=111MPa
  [1129] viol   f=   0.237  a=22.3 b=27.8 gap=29.5 (face=3.0mm) n=[244, 244, 234, 234, 217, 217, 3, 3, 1, 1, 2, 2, 4, 4]  tape=0.234km B=9.96T unif=7.096% hoop=110MPa
  [1130] OK     f=   0.234  a=22.3 b=27.8 gap=29.5 (face=3.0mm) n=[245, 245, 235, 235, 220, 220, 3, 3, 1, 1, 2, 2, 2, 2]  tape=0.234km B=10.00T unif=6.846% hoop=110MPa
  [a=22 b=28 nt=1414] KSP converged reason: 4, iterations: 1
  [a=22 b=28 nt=1412] KSP converged reason: 4, iterations: 1
  [a=22 b=28 nt=1422] KSP converged reason: 4, iterations: 1
  [a=22 b=28 nt=1418] KSP converged reason: 4, iterations: 1
  [a=22 b=28 nt=1412] KSP converged reason: 4, iterations: 1
  [a=22 b=28 nt=1412] KSP converged reason: 4, iterations: 1
  [a=22 b=28 nt=1408] KSP converged reason: 4, iterations: 1
  [a=22 b=28 nt=1404] KSP converged reason: 4, iterations: 1
  [a=22 b=28 nt=1424] KSP converged reason: 4, iterations: 1
  [a=22 b=28 nt=1420] KSP converged reason: 4, iterations: 1
  [1131] viol   f=   0.233  a=22.3 b=27.7 gap=29.5 (face=3.0mm) n=[245, 245, 233, 233, 220, 220, 2, 2, 1, 1, 3, 3, 2, 2]  tape=0.233km B=9.99T unif=7.303% hoop=110MPa
  [1132] viol   f=   0.233  a=22.3 b=27.7 gap=29.5 (face=3.0mm) n=[245, 245, 232, 232, 222, 222, 2, 2, 3, 3, 1, 1, 2, 2]  tape=0.233km B=9.99T unif=7.633% hoop=110MPa
  [1133] OK     f=   0.234  a=22.3 b=27.7 gap=29.5 (face=3.0mm) n=[247, 247, 237, 237, 212, 212, 2, 2, 2, 2, 4, 4, 2, 2]  tape=0.234km B=10.05T unif=7.576% hoop=111MPa
  [1134] OK     f=   0.234  a=22.3 b=27.8 gap=29.5 (face=3.0mm) n=[245, 245, 233, 233, 223, 223, 3, 3, 1, 1, 2, 2, 2, 2]  tape=0.234km B=10.01T unif=7.387% hoop=111MPa
  [1135] OK     f=   0.235  a=22.3 b=27.7 gap=29.5 (face=3.0mm) n=[245, 245, 235, 235, 219, 219, 2, 2, 5, 5, 2, 2, 3, 3]  tape=0.235km B=10.05T unif=7.861% hoop=110MPa
  [1136] OK     f=   0.233  a=22.3 b=27.7 gap=29.5 (face=3.0mm) n=[245, 245, 235, 235, 215, 215, 2, 2, 4, 4, 2, 2, 3, 3]  tape=0.233km B=10.01T unif=7.943% hoop=110MPa
  [1137] viol   f=   0.234  a=22.3 b=27.7 gap=29.5 (face=3.0mm) n=[246, 246, 234, 234, 214, 214, 2, 2, 1, 1, 3, 3, 4, 4]  tape=0.233km B=9.99T unif=7.001% hoop=111MPa
  [1138] viol   f=   0.236  a=22.3 b=27.8 gap=29.5 (face=3.0mm) n=[246, 246, 232, 232, 215, 215, 2, 2, 3, 3, 2, 2, 2, 2]  tape=0.233km B=9.96T unif=7.166% hoop=111MPa
  [1139] OK     f=   0.236  a=22.3 b=27.8 gap=29.5 (face=3.0mm) n=[245, 245, 237, 237, 217, 217, 7, 7, 2, 2, 1, 1, 3, 3]  tape=0.236km B=10.06T unif=6.986% hoop=111MPa
  [1140] OK     f=   0.234  a=22.3 b=27.8 gap=29.5 (face=3.0mm) n=[244, 244, 234, 234, 224, 224, 3, 3, 1, 1, 3, 3, 1, 1]  tape=0.234km B=10.01T unif=7.077% hoop=110MPa
  [a=22 b=28 nt=1416] KSP converged reason: 4, iterations: 1
  [a=22 b=28 nt=1422] KSP converged reason: 4, iterations: 1
  [a=22 b=28 nt=1424] KSP converged reason: 4, iterations: 1
  [a=22 b=28 nt=1408] KSP converged reason: 4, iterations: 1
  [a=22 b=28 nt=1408] KSP converged reason: 4, iterations: 1
  [a=22 b=28 nt=1418] KSP converged reason: 4, iterations: 1
  [a=22 b=28 nt=1412] KSP converged reason: 4, iterations: 1
  [a=22 b=28 nt=1408] KSP converged reason: 4, iterations: 1
  [a=22 b=28 nt=1412] KSP converged reason: 4, iterations: 1
  [a=22 b=28 nt=1406] KSP converged reason: 4, iterations: 1
  [1141] OK     f=   0.234  a=22.3 b=27.7 gap=29.5 (face=3.0mm) n=[245, 245, 237, 237, 217, 217, 3, 3, 2, 2, 2, 2, 2, 2]  tape=0.234km B=10.02T unif=7.338% hoop=110MPa
  [1142] viol   f=   0.233  a=22.3 b=27.7 gap=29.5 (face=3.0mm) n=[246, 246, 235, 235, 215, 215, 1, 1, 4, 4, 1, 1, 2, 2]  tape=0.233km B=10.00T unif=7.507% hoop=110MPa
  [1143] viol   f=   0.232  a=22.3 b=27.6 gap=29.5 (face=3.0mm) n=[243, 243, 234, 234, 222, 222, 1, 1, 1, 1, 2, 2, 1, 1]  tape=0.231km B=9.98T unif=7.985% hoop=110MPa
  [1144] OK     f=   0.235  a=22.3 b=27.7 gap=29.5 (face=3.0mm) n=[244, 244, 235, 235, 216, 216, 5, 5, 6, 6, 2, 2, 1, 1]  tape=0.235km B=10.03T unif=7.500% hoop=110MPa
  [1145] viol   f=   0.236  a=22.2 b=27.6 gap=29.5 (face=3.0mm) n=[241, 241, 235, 235, 225, 225, 1, 1, 4, 4, 2, 2, 4, 4]  tape=0.233km B=9.96T unif=6.801% hoop=111MPa
  [1146] OK     f=   0.235  a=22.3 b=27.8 gap=29.5 (face=3.0mm) n=[244, 244, 236, 236, 218, 218, 2, 2, 4, 4, 4, 4, 3, 3]  tape=0.235km B=10.01T unif=7.579% hoop=110MPa
  [1147] OK     f=   0.234  a=22.3 b=27.7 gap=29.5 (face=3.0mm) n=[246, 246, 235, 235, 214, 214, 4, 4, 1, 1, 2, 2, 4, 4]  tape=0.234km B=10.04T unif=7.505% hoop=111MPa
  [1148] OK     f=   0.233  a=22.3 b=27.6 gap=29.5 (face=3.0mm) n=[246, 246, 231, 231, 218, 218, 3, 3, 3, 3, 1, 1, 2, 2]  tape=0.233km B=10.01T unif=7.962% hoop=111MPa
  [1149] viol   f=   0.232  a=22.3 b=27.7 gap=29.5 (face=3.0mm) n=[245, 245, 234, 234, 219, 219, 1, 1, 2, 2, 1, 1, 1, 1]  tape=0.232km B=9.99T unif=7.710% hoop=110MPa
  [1150] viol   f=   0.232  a=22.3 b=27.6 gap=29.5 (face=3.0mm) n=[244, 244, 234, 234, 221, 221, 1, 1, 2, 2, 2, 2, 2, 2]  tape=0.232km B=9.99T unif=7.210% hoop=110MPa
  [a=22 b=28 nt=1414] KSP converged reason: 4, iterations: 1
  [a=22 b=28 nt=1414] KSP converged reason: 4, iterations: 1
  [a=22 b=28 nt=1414] KSP converged reason: 4, iterations: 1
  [a=22 b=28 nt=1418] KSP converged reason: 4, iterations: 1
  [a=22 b=28 nt=1420] KSP converged reason: 4, iterations: 1
  [a=22 b=28 nt=1420] KSP converged reason: 4, iterations: 1
  [a=22 b=28 nt=1412] KSP converged reason: 4, iterations: 1
  [a=22 b=28 nt=1406] KSP converged reason: 4, iterations: 1
  [a=22 b=28 nt=1414] KSP converged reason: 4, iterations: 1
  [a=22 b=28 nt=1418] KSP converged reason: 4, iterations: 1
  [1151] OK     f=   0.233  a=22.2 b=27.6 gap=29.5 (face=3.0mm) n=[242, 242, 236, 236, 222, 222, 2, 2, 3, 3, 2, 2, 2, 2]  tape=0.233km B=10.00T unif=7.478% hoop=110MPa
  [1152] OK     f=   0.233  a=22.3 b=27.7 gap=29.5 (face=3.0mm) n=[245, 245, 233, 233, 221, 221, 2, 2, 2, 2, 2, 2, 2, 2]  tape=0.233km B=10.01T unif=7.545% hoop=110MPa
  [1153] OK     f=   0.233  a=22.3 b=27.5 gap=29.5 (face=3.0mm) n=[244, 244, 234, 234, 222, 222, 1, 1, 4, 4, 3, 3, 2, 2]  tape=0.233km B=10.03T unif=8.078% hoop=110MPa
  [1154] OK     f=   0.233  a=22.3 b=27.6 gap=29.5 (face=3.1mm) n=[245, 245, 234, 234, 219, 219, 1, 1, 2, 2, 5, 5, 1, 1]  tape=0.233km B=10.01T unif=7.431% hoop=111MPa
  [1155] OK     f=   0.235  a=22.3 b=27.7 gap=29.5 (face=3.0mm) n=[248, 248, 233, 233, 216, 216, 3, 3, 2, 2, 2, 2, 3, 3]  tape=0.235km B=10.06T unif=7.870% hoop=110MPa
  [1156] OK     f=   0.234  a=22.2 b=27.7 gap=29.5 (face=3.0mm) n=[245, 245, 233, 233, 224, 224, 2, 2, 3, 3, 2, 2, 1, 1]  tape=0.234km B=10.02T unif=7.115% hoop=110MPa
  [1157] viol   f=   0.232  a=22.3 b=27.6 gap=29.5 (face=3.0mm) n=[244, 244, 232, 232, 222, 222, 1, 1, 1, 1, 2, 2, 1, 1]  tape=0.231km B=9.97T unif=7.984% hoop=110MPa
  [1158] OK     f=   0.234  a=22.3 b=27.7 gap=29.5 (face=3.0mm) n=[246, 246, 234, 234, 216, 216, 3, 3, 3, 3, 2, 2, 2, 2]  tape=0.234km B=10.02T unif=7.657% hoop=110MPa
  [1159] viol   f=   0.233  a=22.3 b=27.7 gap=29.5 (face=3.0mm) n=[244, 244, 234, 234, 221, 221, 1, 1, 4, 4, 1, 1, 2, 2]  tape=0.233km B=9.99T unif=7.283% hoop=111MPa
  [1160] OK     f=   0.233  a=22.3 b=27.6 gap=29.5 (face=3.0mm) n=[243, 243, 234, 234, 222, 222, 3, 3, 2, 2, 4, 4, 1, 1]  tape=0.233km B=10.01T unif=7.823% hoop=110MPa
  [a=22 b=28 nt=1412] KSP converged reason: 4, iterations: 1
  [a=22 b=28 nt=1430] KSP converged reason: 4, iterations: 1
  [a=22 b=28 nt=1420] KSP converged reason: 4, iterations: 1
  [a=22 b=28 nt=1418] KSP converged reason: 4, iterations: 1
  [a=22 b=28 nt=1420] KSP converged reason: 4, iterations: 1
  [a=22 b=28 nt=1420] KSP converged reason: 4, iterations: 1
  [a=22 b=28 nt=1404] KSP converged reason: 4, iterations: 1
  [a=22 b=28 nt=1414] KSP converged reason: 4, iterations: 1
  [a=22 b=28 nt=1418] KSP converged reason: 4, iterations: 1
  [a=22 b=28 nt=1412] KSP converged reason: 4, iterations: 1
  [1161] viol   f=   0.236  a=22.3 b=27.7 gap=29.5 (face=3.0mm) n=[242, 242, 237, 237, 220, 220, 5, 5, 3, 3, 5, 5, 3, 3]  tape=0.236km B=10.00T unif=6.900% hoop=109MPa
  [1162] viol   f=   0.233  a=22.3 b=27.6 gap=29.5 (face=3.0mm) n=[244, 244, 235, 235, 218, 218, 2, 2, 2, 2, 3, 3, 2, 2]  tape=0.233km B=10.00T unif=7.233% hoop=110MPa
  [1163] OK     f=   0.233  a=22.2 b=27.6 gap=29.5 (face=3.0mm) n=[244, 244, 232, 232, 226, 226, 2, 2, 4, 4, 1, 1, 1, 1]  tape=0.233km B=10.01T unif=7.323% hoop=111MPa
  [1164] viol   f=   0.233  a=22.3 b=27.6 gap=29.5 (face=3.0mm) n=[242, 242, 237, 237, 220, 220, 2, 2, 3, 3, 4, 4, 1, 1]  tape=0.233km B=9.99T unif=7.653% hoop=109MPa
  [1165] OK     f=   0.233  a=22.3 b=27.6 gap=29.5 (face=3.0mm) n=[243, 243, 233, 233, 224, 224, 4, 4, 3, 3, 2, 2, 1, 1]  tape=0.233km B=10.02T unif=7.595% hoop=111MPa
  [1166] viol   f=   0.233  a=22.3 b=27.6 gap=29.5 (face=3.0mm) n=[242, 242, 235, 235, 225, 225, 1, 1, 2, 2, 4, 4, 1, 1]  tape=0.233km B=9.98T unif=6.925% hoop=110MPa
  [1167] viol   f=   0.233  a=22.3 b=27.7 gap=29.5 (face=3.0mm) n=[245, 245, 234, 234, 215, 215, 4, 4, 1, 1, 2, 2, 1, 1]  tape=0.232km B=9.98T unif=7.989% hoop=110MPa
  [1168] viol   f=   0.236  a=22.3 b=27.5 gap=29.5 (face=3.0mm) n=[242, 242, 233, 233, 222, 222, 3, 3, 3, 3, 2, 2, 2, 2]  tape=0.232km B=9.95T unif=7.225% hoop=110MPa
  [1169] OK     f=   0.235  a=22.3 b=27.7 gap=29.5 (face=3.0mm) n=[244, 244, 238, 238, 213, 213, 3, 3, 5, 5, 5, 5, 1, 1]  tape=0.235km B=10.02T unif=7.621% hoop=110MPa
  [1170] OK     f=   0.234  a=22.3 b=27.7 gap=29.5 (face=3.0mm) n=[245, 245, 235, 235, 215, 215, 2, 2, 5, 5, 3, 3, 1, 1]  tape=0.234km B=10.00T unif=7.294% hoop=110MPa
  [a=22 b=28 nt=1408] KSP converged reason: 4, iterations: 1
  [a=22 b=28 nt=1412] KSP converged reason: 4, iterations: 1
  [a=22 b=28 nt=1408] KSP converged reason: 4, iterations: 1
  [a=22 b=28 nt=1408] KSP converged reason: 4, iterations: 1
  [a=22 b=28 nt=1412] KSP converged reason: 4, iterations: 1
  [a=22 b=28 nt=1420] KSP converged reason: 4, iterations: 1
  [a=22 b=28 nt=1410] KSP converged reason: 4, iterations: 1
  [a=22 b=28 nt=1404] KSP converged reason: 4, iterations: 1
  [a=22 b=28 nt=1408] KSP converged reason: 4, iterations: 1
  [a=22 b=28 nt=1412] KSP converged reason: 4, iterations: 1
  [1171] viol   f=   0.232  a=22.2 b=27.6 gap=29.5 (face=3.0mm) n=[244, 244, 234, 234, 218, 218, 2, 2, 2, 2, 2, 2, 2, 2]  tape=0.232km B=9.99T unif=6.954% hoop=110MPa
  [1172] viol   f=   0.234  a=22.3 b=27.6 gap=29.5 (face=3.0mm) n=[244, 244, 234, 234, 218, 218, 1, 1, 3, 3, 2, 2, 2, 2]  tape=0.232km B=9.97T unif=7.304% hoop=110MPa
  [1173] viol   f=   0.234  a=22.2 b=27.7 gap=29.5 (face=3.0mm) n=[241, 241, 236, 236, 223, 223, 3, 3, 3, 3, 2, 2, 2, 2]  tape=0.233km B=9.98T unif=7.353% hoop=109MPa
  [1174] viol   f=   0.235  a=22.3 b=27.8 gap=29.5 (face=3.0mm) n=[245, 245, 233, 233, 217, 217, 1, 1, 2, 2, 4, 4, 4, 4]  tape=0.234km B=9.98T unif=7.616% hoop=110MPa
  [1175] viol   f=   0.234  a=22.3 b=27.7 gap=29.5 (face=3.0mm) n=[243, 243, 236, 236, 218, 218, 1, 1, 3, 3, 2, 2, 3, 3]  tape=0.233km B=9.97T unif=7.414% hoop=109MPa
  [1176] viol   f=   0.232  a=22.3 b=27.6 gap=29.5 (face=3.0mm) n=[244, 244, 235, 235, 215, 215, 4, 4, 2, 2, 2, 2, 2, 2]  tape=0.232km B=9.99T unif=7.407% hoop=110MPa
  [1177] viol   f=   0.233  a=22.3 b=27.6 gap=29.5 (face=3.0mm) n=[243, 243, 235, 235, 220, 220, 1, 1, 1, 1, 2, 2, 3, 3]  tape=0.231km B=9.97T unif=7.750% hoop=109MPa
  [1178] viol   f=   0.232  a=22.3 b=27.6 gap=29.5 (face=3.0mm) n=[246, 246, 231, 231, 217, 217, 3, 3, 2, 2, 1, 1, 2, 2]  tape=0.232km B=9.99T unif=7.434% hoop=109MPa
  [1179] OK     f=   0.231  a=22.3 b=27.6 gap=29.5 (face=3.0mm) n=[244, 244, 236, 236, 218, 218, 3, 3, 1, 1, 1, 1, 1, 1]  tape=0.231km B=10.01T unif=7.560% hoop=109MPa
  [1180] viol   f=   0.233  a=22.3 b=27.6 gap=29.5 (face=3.0mm) n=[244, 244, 235, 235, 218, 218, 2, 2, 2, 2, 4, 4, 1, 1]  tape=0.233km B=9.99T unif=7.171% hoop=110MPa
  [a=22 b=28 nt=1412] KSP converged reason: 4, iterations: 1
  [a=22 b=27 nt=1412] KSP converged reason: 4, iterations: 1
  [a=22 b=28 nt=1404] KSP converged reason: 4, iterations: 1
  [a=22 b=28 nt=1412] KSP converged reason: 4, iterations: 1
  [a=22 b=27 nt=1422] KSP converged reason: 4, iterations: 1
  [a=22 b=28 nt=1406] KSP converged reason: 4, iterations: 1
  [a=22 b=28 nt=1404] KSP converged reason: 4, iterations: 1
  [a=22 b=28 nt=1408] KSP converged reason: 4, iterations: 1
  [a=22 b=28 nt=1416] KSP converged reason: 4, iterations: 1
  [a=22 b=28 nt=1404] KSP converged reason: 4, iterations: 1
  [1181] OK     f=   0.234  a=22.3 b=27.7 gap=29.5 (face=3.0mm) n=[247, 247, 232, 232, 217, 217, 1, 1, 2, 2, 4, 4, 3, 3]  tape=0.234km B=10.01T unif=7.488% hoop=111MPa
  [1182] OK     f=   0.233  a=22.3 b=27.6 gap=29.5 (face=3.0mm) n=[247, 247, 236, 236, 211, 211, 3, 3, 1, 1, 2, 2, 2, 2]  tape=0.233km B=10.03T unif=7.819% hoop=109MPa
  [1183] OK     f=   0.231  a=22.3 b=27.5 gap=29.5 (face=3.0mm) n=[244, 244, 236, 236, 219, 219, 2, 2, 3, 3, 1, 1, 1, 1]  tape=0.231km B=10.02T unif=7.686% hoop=109MPa
  [1184] viol   f=   0.232  a=22.3 b=27.7 gap=29.5 (face=3.0mm) n=[243, 243, 235, 235, 222, 222, 2, 2, 1, 1, 2, 2, 1, 1]  tape=0.232km B=9.99T unif=7.613% hoop=111MPa
  [1185] OK     f=   0.233  a=22.2 b=27.5 gap=29.5 (face=3.0mm) n=[242, 242, 238, 238, 219, 219, 2, 2, 5, 5, 3, 3, 2, 2]  tape=0.233km B=10.04T unif=8.105% hoop=109MPa
  [1186] viol   f=   0.232  a=22.3 b=27.7 gap=29.5 (face=3.0mm) n=[244, 244, 234, 234, 218, 218, 1, 1, 2, 2, 1, 1, 3, 3]  tape=0.232km B=9.98T unif=7.941% hoop=109MPa
  [1187] viol   f=   0.231  a=22.3 b=27.5 gap=29.5 (face=3.0mm) n=[246, 246, 231, 231, 219, 219, 1, 1, 2, 2, 2, 2, 1, 1]  tape=0.231km B=9.99T unif=7.402% hoop=111MPa
  [1188] viol   f=   0.232  a=22.3 b=27.6 gap=29.5 (face=3.0mm) n=[244, 244, 234, 234, 218, 218, 1, 1, 2, 2, 2, 2, 3, 3]  tape=0.232km B=9.98T unif=7.633% hoop=110MPa
  [1189] OK     f=   0.233  a=22.3 b=27.5 gap=29.5 (face=3.0mm) n=[243, 243, 234, 234, 220, 220, 4, 4, 4, 4, 2, 2, 1, 1]  tape=0.233km B=10.01T unif=7.703% hoop=111MPa
  [1190] viol   f=   0.233  a=22.4 b=27.7 gap=29.5 (face=3.0mm) n=[244, 244, 236, 236, 214, 214, 2, 2, 3, 3, 2, 2, 1, 1]  tape=0.232km B=9.98T unif=7.738% hoop=111MPa
  [a=22 b=27 nt=1408] KSP converged reason: 4, iterations: 1
  [a=22 b=28 nt=1410] KSP converged reason: 4, iterations: 1
  [a=22 b=27 nt=1404] KSP converged reason: 4, iterations: 1
  [a=22 b=28 nt=1410] KSP converged reason: 4, iterations: 1
  [a=22 b=28 nt=1412] KSP converged reason: 4, iterations: 1
  [a=22 b=28 nt=1410] KSP converged reason: 4, iterations: 1
  [a=22 b=28 nt=1414] KSP converged reason: 4, iterations: 1
  [a=22 b=28 nt=1412] KSP converged reason: 4, iterations: 1
  [a=22 b=28 nt=1414] KSP converged reason: 4, iterations: 1
  [a=22 b=28 nt=1410] KSP converged reason: 4, iterations: 1
  [1191] viol   f=   0.230  a=22.2 b=27.5 gap=29.5 (face=3.0mm) n=[243, 243, 235, 235, 219, 219, 1, 1, 1, 1, 2, 2, 1, 1]  tape=0.230km B=9.98T unif=7.609% hoop=109MPa
  [1192] OK     f=   0.232  a=22.3 b=27.5 gap=29.5 (face=3.0mm) n=[244, 244, 236, 236, 217, 217, 3, 3, 2, 2, 2, 2, 2, 2]  tape=0.232km B=10.03T unif=7.572% hoop=110MPa
  [1193] OK     f=   0.232  a=22.3 b=27.6 gap=29.5 (face=3.0mm) n=[245, 245, 234, 234, 218, 218, 3, 3, 2, 2, 1, 1, 2, 2]  tape=0.232km B=10.02T unif=8.131% hoop=110MPa
  [1194] viol   f=   0.231  a=22.3 b=27.5 gap=29.5 (face=3.0mm) n=[245, 245, 231, 231, 222, 222, 2, 2, 2, 2, 1, 1, 1, 1]  tape=0.231km B=10.00T unif=7.957% hoop=111MPa
  [1195] viol   f=   0.232  a=22.3 b=27.6 gap=29.5 (face=3.0mm) n=[245, 245, 235, 235, 216, 216, 2, 2, 4, 4, 1, 1, 2, 2]  tape=0.232km B=10.00T unif=7.263% hoop=111MPa
  [1196] OK     f=   0.232  a=22.3 b=27.5 gap=29.5 (face=3.0mm) n=[245, 245, 235, 235, 216, 216, 4, 4, 2, 2, 2, 2, 1, 1]  tape=0.232km B=10.03T unif=7.838% hoop=110MPa
  [1197] OK     f=   0.233  a=22.3 b=27.6 gap=29.5 (face=3.0mm) n=[244, 244, 234, 234, 219, 219, 2, 2, 4, 4, 2, 2, 2, 2]  tape=0.233km B=10.01T unif=8.031% hoop=110MPa
  [1198] OK     f=   0.232  a=22.3 b=27.6 gap=29.5 (face=3.0mm) n=[244, 244, 234, 234, 219, 219, 3, 3, 2, 2, 2, 2, 2, 2]  tape=0.232km B=10.01T unif=7.796% hoop=110MPa
  [1199] OK     f=   0.232  a=22.2 b=27.5 gap=29.5 (face=3.0mm) n=[245, 245, 232, 232, 221, 221, 1, 1, 2, 2, 2, 2, 2, 2]  tape=0.232km B=10.02T unif=8.429% hoop=110MPa
  [1200] OK     f=   0.234  a=22.3 b=27.6 gap=29.5 (face=3.0mm) n=[245, 245, 233, 233, 217, 217, 5, 5, 2, 2, 3, 3, 2, 2]  tape=0.234km B=10.01T unif=8.065% hoop=111MPa
  [a=22 b=27 nt=1406] KSP converged reason: 4, iterations: 1
  [a=22 b=27 nt=1412] KSP converged reason: 4, iterations: 1
  [a=22 b=28 nt=1408] KSP converged reason: 4, iterations: 1
  [a=22 b=28 nt=1416] KSP converged reason: 4, iterations: 1
  [a=22 b=28 nt=1406] KSP converged reason: 4, iterations: 1
  [a=22 b=27 nt=1404] KSP converged reason: 4, iterations: 1
  [a=22 b=27 nt=1404] KSP converged reason: 4, iterations: 1
  [a=22 b=28 nt=1406] KSP converged reason: 4, iterations: 1
  [a=22 b=28 nt=1412] KSP converged reason: 4, iterations: 1
  [a=22 b=28 nt=1400] KSP converged reason: 4, iterations: 1
  [1201] OK     f=   0.231  a=22.2 b=27.5 gap=29.5 (face=3.0mm) n=[246, 246, 232, 232, 218, 218, 2, 2, 2, 2, 1, 1, 2, 2]  tape=0.231km B=10.03T unif=8.530% hoop=109MPa
  [1202] OK     f=   0.232  a=22.2 b=27.5 gap=29.5 (face=3.0mm) n=[242, 242, 236, 236, 222, 222, 3, 3, 1, 1, 2, 2, 2, 2]  tape=0.232km B=10.02T unif=7.612% hoop=109MPa
  [1203] viol   f=   0.231  a=22.2 b=27.4 gap=29.5 (face=3.0mm) n=[242, 242, 234, 234, 221, 221, 2, 2, 2, 2, 3, 3, 2, 2]  tape=0.231km B=9.98T unif=7.952% hoop=109MPa
  [1204] viol   f=   0.233  a=22.3 b=27.5 gap=29.5 (face=3.0mm) n=[245, 245, 232, 232, 218, 218, 1, 1, 3, 3, 3, 3, 2, 2]  tape=0.232km B=9.98T unif=7.742% hoop=109MPa
  [1205] viol   f=   0.233  a=22.3 b=27.5 gap=29.5 (face=3.0mm) n=[243, 243, 233, 233, 222, 222, 1, 1, 1, 1, 1, 1, 2, 2]  tape=0.230km B=9.97T unif=7.565% hoop=109MPa
  [1206] viol   f=   0.229  a=22.2 b=27.4 gap=29.5 (face=3.0mm) n=[242, 242, 237, 237, 217, 217, 2, 2, 1, 1, 2, 2, 1, 1]  tape=0.229km B=10.00T unif=8.072% hoop=109MPa
  [1207] OK     f=   0.231  a=22.3 b=27.5 gap=29.5 (face=3.0mm) n=[246, 246, 234, 234, 214, 214, 2, 2, 2, 2, 2, 2, 2, 2]  tape=0.231km B=10.02T unif=7.610% hoop=109MPa
  [1208] viol   f=   0.232  a=22.3 b=27.6 gap=29.5 (face=3.0mm) n=[244, 244, 233, 233, 217, 217, 3, 3, 2, 2, 2, 2, 2, 2]  tape=0.231km B=9.98T unif=7.718% hoop=110MPa
  [1209] OK     f=   0.233  a=22.2 b=27.6 gap=29.5 (face=3.0mm) n=[246, 246, 233, 233, 218, 218, 2, 2, 2, 2, 3, 3, 2, 2]  tape=0.233km B=10.04T unif=8.091% hoop=110MPa
  [1210] viol   f=   0.232  a=22.3 b=27.6 gap=29.5 (face=3.0mm) n=[245, 245, 234, 234, 214, 214, 1, 1, 2, 2, 3, 3, 1, 1]  tape=0.231km B=9.98T unif=7.170% hoop=110MPa
  [a=22 b=28 nt=1400] KSP converged reason: 4, iterations: 1
  [a=22 b=27 nt=1404] KSP converged reason: 4, iterations: 1
  [a=22 b=27 nt=1398] KSP converged reason: 4, iterations: 1
  [a=22 b=27 nt=1404] KSP converged reason: 4, iterations: 1
  [a=22 b=27 nt=1400] KSP converged reason: 4, iterations: 1
  [a=22 b=28 nt=1404] KSP converged reason: 4, iterations: 1
  [a=22 b=27 nt=1406] KSP converged reason: 4, iterations: 1
  [a=22 b=28 nt=1408] KSP converged reason: 4, iterations: 1
  [1211] INFEAS f=1000.000  a=22.2 b=27.3 gap=29.5 (face=3.0mm) n=[244, 244, 236, 236, 217, 217, 3, 3, 1, 1, 2, 2, 2, 2]  no evaluation (geometry pre-check)
  [1212] OK     f=   0.231  a=22.3 b=27.6 gap=29.5 (face=3.0mm) n=[245, 245, 233, 233, 219, 219, 2, 2, 1, 1, 1, 1, 1, 1]  tape=0.231km B=10.01T unif=8.148% hoop=111MPa
  [1213] viol   f=   0.232  a=22.3 b=27.6 gap=29.5 (face=3.0mm) n=[247, 247, 233, 233, 212, 212, 3, 3, 2, 2, 1, 1, 2, 2]  tape=0.232km B=9.99T unif=7.317% hoop=110MPa
  [1214] OK     f=   0.230  a=22.2 b=27.4 gap=29.5 (face=3.0mm) n=[245, 245, 233, 233, 215, 215, 4, 4, 3, 3, 1, 1, 1, 1]  tape=0.230km B=10.00T unif=7.929% hoop=109MPa
  [1215] viol   f=   0.231  a=22.3 b=27.5 gap=29.5 (face=3.0mm) n=[244, 244, 233, 233, 216, 216, 2, 2, 3, 3, 1, 1, 3, 3]  tape=0.231km B=9.98T unif=8.081% hoop=110MPa
  [1216] OK     f=   0.230  a=22.2 b=27.5 gap=29.5 (face=3.0mm) n=[246, 246, 233, 233, 213, 213, 3, 3, 1, 1, 1, 1, 2, 2]  tape=0.230km B=10.00T unif=8.016% hoop=109MPa
  [1217] viol   f=   0.230  a=22.3 b=27.5 gap=29.5 (face=3.0mm) n=[242, 242, 237, 237, 216, 216, 1, 1, 1, 1, 1, 1, 2, 2]  tape=0.229km B=9.97T unif=7.359% hoop=109MPa
  [1218] viol   f=   0.230  a=22.2 b=27.4 gap=29.5 (face=3.0mm) n=[243, 243, 235, 235, 219, 219, 2, 2, 1, 1, 1, 1, 2, 2]  tape=0.229km B=9.99T unif=7.674% hoop=109MPa
  [1219] OK     f=   0.231  a=22.2 b=27.5 gap=29.5 (face=3.0mm) n=[244, 244, 235, 235, 217, 217, 2, 2, 2, 2, 2, 2, 2, 2]  tape=0.231km B=10.00T unif=7.746% hoop=110MPa
  [1220] INFEAS f=1000.000  a=22.2 b=27.5 gap=29.5 (face=3.0mm) n=[246, 246, 233, 233, 215, 215, 2, 2, 1, 1, 1, 1, 3, 3]  no evaluation (geometry pre-check)
  [a=22 b=27 nt=1412] KSP converged reason: 4, iterations: 1
  [a=22 b=27 nt=1400] KSP converged reason: 4, iterations: 1
  [a=22 b=27 nt=1406] KSP converged reason: 4, iterations: 1
  [a=22 b=27 nt=1406] KSP converged reason: 4, iterations: 1
  [a=22 b=27 nt=1406] KSP converged reason: 4, iterations: 1
  [a=22 b=27 nt=1404] KSP converged reason: 4, iterations: 1
  [a=22 b=27 nt=1406] KSP converged reason: 4, iterations: 1
  [1221] viol   f=   0.232  a=22.2 b=27.5 gap=29.5 (face=3.0mm) n=[243, 243, 237, 237, 214, 214, 3, 3, 2, 2, 3, 3, 1, 1]  tape=0.230km B=9.98T unif=7.582% hoop=109MPa
  [1222] INFEAS f=1000.000  a=22.2 b=27.5 gap=29.5 (face=3.0mm) n=[243, 243, 235, 235, 220, 220, 2, 2, 1, 1, 3, 3, 1, 1]  no evaluation (geometry pre-check)
  [1223] viol   f=   0.230  a=22.2 b=27.5 gap=29.5 (face=3.0mm) n=[242, 242, 235, 235, 220, 220, 1, 1, 1, 1, 2, 2, 1, 1]  tape=0.229km B=9.97T unif=7.986% hoop=109MPa
  [1224] viol   f=   0.231  a=22.2 b=27.5 gap=29.5 (face=3.0mm) n=[244, 244, 233, 233, 220, 220, 1, 1, 3, 3, 1, 1, 1, 1]  tape=0.230km B=9.98T unif=8.010% hoop=109MPa
  [1225] OK     f=   0.229  a=22.2 b=27.4 gap=29.5 (face=3.0mm) n=[241, 241, 238, 238, 218, 218, 2, 2, 1, 1, 2, 2, 1, 1]  tape=0.229km B=10.00T unif=7.955% hoop=109MPa
  [1226] INFEAS f=1000.001  a=22.2 b=27.3 gap=29.5 (face=3.0mm) n=[244, 244, 234, 234, 216, 216, 2, 2, 2, 2, 1, 1, 3, 3]  no evaluation (geometry pre-check)
  [1227] viol   f=   0.235  a=22.2 b=27.5 gap=29.5 (face=3.0mm) n=[244, 244, 233, 233, 217, 217, 2, 2, 1, 1, 1, 1, 2, 2]  tape=0.230km B=9.95T unif=7.788% hoop=110MPa
  [1228] INFEAS f=1000.001  a=22.2 b=27.4 gap=29.5 (face=3.0mm) n=[244, 244, 236, 236, 215, 215, 1, 1, 2, 2, 1, 1, 2, 2]  no evaluation (geometry pre-check)
  [1229] OK     f=   0.230  a=22.2 b=27.4 gap=29.5 (face=3.0mm) n=[242, 242, 236, 236, 220, 220, 2, 2, 2, 2, 2, 2, 2, 2]  tape=0.230km B=10.03T unif=8.171% hoop=109MPa
  [1230] viol   f=   0.232  a=22.2 b=27.5 gap=29.5 (face=3.0mm) n=[243, 243, 235, 235, 218, 218, 3, 3, 1, 1, 1, 1, 2, 2]  tape=0.230km B=9.97T unif=7.344% hoop=109MPa
  [a=22 b=27 nt=1416] KSP converged reason: 4, iterations: 1
  [a=22 b=27 nt=1414] KSP converged reason: 4, iterations: 1
  [a=22 b=27 nt=1406] KSP converged reason: 4, iterations: 1
  [a=22 b=27 nt=1404] KSP converged reason: 4, iterations: 1
  [a=22 b=27 nt=1412] KSP converged reason: 4, iterations: 1
  [a=22 b=27 nt=1406] KSP converged reason: 4, iterations: 1
  [a=22 b=28 nt=1410] KSP converged reason: 4, iterations: 1
  [a=22 b=27 nt=1424] KSP converged reason: 4, iterations: 1
  [a=22 b=27 nt=1412] KSP converged reason: 4, iterations: 1
  [1231] viol   f=   0.233  a=22.2 b=27.5 gap=29.5 (face=3.0mm) n=[243, 243, 234, 234, 218, 218, 1, 1, 4, 4, 1, 1, 2, 2]  tape=0.230km B=9.97T unif=7.789% hoop=109MPa
  [1232] viol   f=   0.230  a=22.3 b=27.4 gap=29.5 (face=3.0mm) n=[243, 243, 237, 237, 217, 217, 1, 1, 2, 2, 2, 2, 1, 1]  tape=0.230km B=9.99T unif=7.235% hoop=109MPa
  [1233] OK     f=   0.231  a=22.2 b=27.5 gap=29.5 (face=3.0mm) n=[243, 243, 238, 238, 217, 217, 3, 3, 3, 3, 1, 1, 2, 2]  tape=0.231km B=10.01T unif=7.323% hoop=109MPa
  [1234] OK     f=   0.232  a=22.2 b=27.5 gap=29.5 (face=3.0mm) n=[244, 244, 237, 237, 215, 215, 4, 4, 2, 2, 1, 1, 3, 3]  tape=0.232km B=10.03T unif=7.940% hoop=110MPa
  [1235] OK     f=   0.231  a=22.2 b=27.4 gap=29.5 (face=3.0mm) n=[243, 243, 236, 236, 222, 222, 2, 2, 2, 2, 2, 2, 1, 1]  tape=0.231km B=10.04T unif=8.091% hoop=109MPa
  [1236] viol   f=   0.231  a=22.3 b=27.5 gap=29.5 (face=3.0mm) n=[243, 243, 236, 236, 216, 216, 2, 2, 2, 2, 1, 1, 2, 2]  tape=0.230km B=9.98T unif=7.828% hoop=109MPa
  [1237] OK     f=   0.230  a=22.2 b=27.6 gap=29.5 (face=3.0mm) n=[241, 241, 238, 238, 219, 219, 2, 2, 2, 2, 2, 2, 1, 1]  tape=0.230km B=10.01T unif=6.549% hoop=141MPa
  [1238] INFEAS f=1000.000  a=22.2 b=27.5 gap=29.5 (face=3.0mm) n=[240, 240, 238, 238, 219, 219, 2, 2, 1, 1, 4, 4, 4, 4]  no evaluation (geometry pre-check)
  [1239] OK     f=   0.232  a=22.2 b=27.3 gap=29.5 (face=3.0mm) n=[239, 239, 241, 241, 221, 221, 2, 2, 2, 2, 3, 3, 4, 4]  tape=0.232km B=10.07T unif=7.848% hoop=109MPa
  [1240] OK     f=   0.231  a=22.2 b=27.4 gap=29.5 (face=3.0mm) n=[243, 243, 235, 235, 218, 218, 2, 2, 4, 4, 2, 2, 2, 2]  tape=0.231km B=10.01T unif=8.027% hoop=109MPa
  [a=22 b=28 nt=1406] KSP converged reason: 4, iterations: 1
  [a=22 b=28 nt=1406] KSP converged reason: 4, iterations: 1
  [a=22 b=28 nt=1410] KSP converged reason: 4, iterations: 1
  [a=22 b=27 nt=1402] KSP converged reason: 4, iterations: 1
  [a=22 b=27 nt=1408] KSP converged reason: 4, iterations: 1
  [a=22 b=27 nt=1406] KSP converged reason: 4, iterations: 1
  [a=22 b=28 nt=1408] KSP converged reason: 4, iterations: 1
  [a=22 b=27 nt=1408] KSP converged reason: 4, iterations: 1
  [a=22 b=28 nt=1406] KSP converged reason: 4, iterations: 1
  [a=22 b=27 nt=1412] KSP converged reason: 4, iterations: 1
  [1241] viol   f=   0.231  a=22.3 b=27.5 gap=29.5 (face=3.0mm) n=[242, 242, 237, 237, 218, 218, 2, 2, 2, 2, 1, 1, 2, 2]  tape=0.230km B=9.98T unif=7.654% hoop=109MPa
  [1242] OK     f=   0.231  a=22.2 b=27.5 gap=29.5 (face=3.0mm) n=[243, 243, 238, 238, 217, 217, 2, 2, 1, 1, 2, 2, 2, 2]  tape=0.231km B=10.03T unif=7.371% hoop=109MPa
  [1243] viol   f=   0.231  a=22.2 b=27.6 gap=29.5 (face=3.0mm) n=[240, 240, 238, 238, 219, 219, 2, 2, 2, 2, 1, 1, 1, 1]  tape=0.229km B=9.98T unif=7.561% hoop=149MPa
  [1244] viol   f=   0.230  a=22.2 b=27.4 gap=29.5 (face=3.0mm) n=[243, 243, 235, 235, 215, 215, 3, 3, 2, 2, 2, 2, 1, 1]  tape=0.229km B=9.98T unif=8.299% hoop=109MPa
  [1245] viol   f=   0.232  a=22.2 b=27.5 gap=29.5 (face=3.0mm) n=[244, 244, 236, 236, 215, 215, 2, 2, 2, 2, 3, 3, 1, 1]  tape=0.231km B=9.98T unif=7.446% hoop=109MPa
  [1246] OK     f=   0.230  a=22.3 b=27.5 gap=29.5 (face=3.0mm) n=[243, 243, 238, 238, 217, 217, 2, 2, 1, 1, 1, 1, 1, 1]  tape=0.230km B=10.00T unif=7.597% hoop=110MPa
  [1247] OK     f=   0.230  a=22.3 b=27.5 gap=29.5 (face=3.0mm) n=[242, 242, 239, 239, 217, 217, 2, 2, 1, 1, 1, 1, 2, 2]  tape=0.230km B=10.00T unif=7.871% hoop=109MPa
  [1248] OK     f=   0.230  a=22.2 b=27.5 gap=29.5 (face=3.0mm) n=[241, 241, 238, 238, 221, 221, 2, 2, 2, 2, 1, 1, 1, 1]  tape=0.230km B=10.00T unif=7.748% hoop=109MPa
  [1249] viol   f=   0.231  a=22.3 b=27.6 gap=29.5 (face=3.0mm) n=[244, 244, 236, 236, 215, 215, 2, 2, 3, 3, 1, 1, 2, 2]  tape=0.231km B=10.00T unif=7.645% hoop=109MPa
  [1250] viol   f=   0.236  a=22.2 b=27.5 gap=29.5 (face=3.0mm) n=[241, 241, 235, 235, 221, 221, 2, 2, 2, 2, 2, 2, 1, 1]  tape=0.230km B=9.94T unif=7.418% hoop=108MPa
  [a=22 b=27 nt=1408] KSP converged reason: 4, iterations: 1
  [a=22 b=27 nt=1414] KSP converged reason: 4, iterations: 1
  [a=22 b=27 nt=1412] KSP converged reason: 4, iterations: 1
  [a=22 b=27 nt=1406] KSP converged reason: 4, iterations: 1
  [a=22 b=27 nt=1416] KSP converged reason: 4, iterations: 1
  [a=22 b=27 nt=1408] KSP converged reason: 4, iterations: 1
  [a=22 b=27 nt=1410] KSP converged reason: 4, iterations: 1
  [a=22 b=27 nt=1408] KSP converged reason: 4, iterations: 1
  [1251] INFEAS f=1000.000  a=22.2 b=27.4 gap=29.5 (face=3.0mm) n=[242, 242, 237, 237, 220, 220, 2, 2, 2, 2, 2, 2, 2, 2]  no evaluation (geometry pre-check)
  [1252] INFEAS f=1000.000  a=22.2 b=27.4 gap=29.5 (face=3.0mm) n=[242, 242, 236, 236, 219, 219, 1, 1, 2, 2, 1, 1, 2, 2]  no evaluation (geometry pre-check)
  [1253] viol   f=   0.231  a=22.2 b=27.5 gap=29.5 (face=3.0mm) n=[243, 243, 237, 237, 217, 217, 1, 1, 1, 1, 2, 2, 3, 3]  tape=0.230km B=9.98T unif=7.325% hoop=109MPa
  [1254] viol   f=   0.230  a=22.2 b=27.5 gap=29.5 (face=3.0mm) n=[241, 241, 238, 238, 220, 220, 2, 2, 1, 1, 2, 2, 2, 2]  tape=0.230km B=9.99T unif=7.640% hoop=109MPa
  [1255] OK     f=   0.232  a=22.3 b=27.5 gap=29.5 (face=3.0mm) n=[243, 243, 236, 236, 221, 221, 1, 1, 5, 5, 1, 1, 1, 1]  tape=0.232km B=10.01T unif=7.583% hoop=109MPa
  [1256] viol   f=   0.230  a=22.2 b=27.4 gap=29.5 (face=3.0mm) n=[240, 240, 238, 238, 219, 219, 1, 1, 2, 2, 1, 1, 2, 2]  tape=0.228km B=9.97T unif=7.802% hoop=109MPa
  [1257] OK     f=   0.230  a=22.2 b=27.4 gap=29.5 (face=3.0mm) n=[242, 242, 237, 237, 221, 221, 2, 2, 3, 3, 1, 1, 1, 1]  tape=0.230km B=10.02T unif=7.909% hoop=109MPa
  [1258] OK     f=   0.230  a=22.2 b=27.5 gap=29.5 (face=3.0mm) n=[242, 242, 241, 241, 214, 214, 2, 2, 1, 1, 2, 2, 2, 2]  tape=0.230km B=10.02T unif=7.688% hoop=110MPa
  [1259] OK     f=   0.230  a=22.2 b=27.4 gap=29.5 (face=3.0mm) n=[242, 242, 237, 237, 218, 218, 3, 3, 2, 2, 1, 1, 2, 2]  tape=0.230km B=10.03T unif=8.124% hoop=109MPa
  [1260] OK     f=   0.229  a=22.2 b=27.4 gap=29.5 (face=3.0mm) n=[241, 241, 238, 238, 218, 218, 1, 1, 3, 3, 2, 2, 1, 1]  tape=0.229km B=10.00T unif=7.964% hoop=109MPa
  [a=22 b=27 nt=1410] KSP converged reason: 4, iterations: 1
  [a=22 b=27 nt=1414] KSP converged reason: 4, iterations: 1
  [a=22 b=27 nt=1402] KSP converged reason: 4, iterations: 1
  [a=22 b=27 nt=1406] KSP converged reason: 4, iterations: 1
  [a=22 b=27 nt=1408] KSP converged reason: 4, iterations: 1
  [a=22 b=27 nt=1416] KSP converged reason: 4, iterations: 1
  [a=22 b=27 nt=1410] KSP converged reason: 4, iterations: 1
  [a=22 b=27 nt=1406] KSP converged reason: 4, iterations: 1
  [a=22 b=27 nt=1408] KSP converged reason: 4, iterations: 1
  [a=22 b=27 nt=1406] KSP converged reason: 4, iterations: 1
  [1261] viol   f=   0.232  a=22.2 b=27.4 gap=29.5 (face=3.0mm) n=[243, 243, 237, 237, 214, 214, 1, 1, 4, 4, 1, 1, 1, 1]  tape=0.229km B=9.96T unif=8.366% hoop=200MPa
  [1262] OK     f=   0.228  a=22.2 b=27.4 gap=29.5 (face=3.0mm) n=[240, 240, 239, 239, 218, 218, 1, 1, 3, 3, 1, 1, 1, 1]  tape=0.228km B=10.02T unif=8.037% hoop=109MPa
  [1263] viol   f=   0.230  a=22.2 b=27.4 gap=29.5 (face=3.0mm) n=[242, 242, 238, 238, 217, 217, 1, 1, 3, 3, 2, 2, 1, 1]  tape=0.230km B=9.99T unif=7.422% hoop=109MPa
  [1264] OK     f=   0.230  a=22.2 b=27.4 gap=29.5 (face=3.0mm) n=[240, 240, 241, 241, 216, 216, 3, 3, 3, 3, 3, 3, 1, 1]  tape=0.230km B=10.02T unif=7.542% hoop=110MPa
  [1265] OK     f=   0.230  a=22.2 b=27.4 gap=29.5 (face=3.0mm) n=[241, 241, 238, 238, 221, 221, 2, 2, 3, 3, 2, 2, 1, 1]  tape=0.230km B=10.04T unif=8.068% hoop=109MPa
  [1266] OK     f=   0.230  a=22.2 b=27.4 gap=29.5 (face=3.0mm) n=[242, 242, 239, 239, 215, 215, 3, 3, 3, 3, 1, 1, 2, 2]  tape=0.230km B=10.02T unif=7.906% hoop=109MPa
  [1267] OK     f=   0.230  a=22.2 b=27.4 gap=29.5 (face=3.0mm) n=[242, 242, 238, 238, 215, 215, 3, 3, 4, 4, 1, 1, 2, 2]  tape=0.230km B=10.02T unif=7.688% hoop=109MPa
  [1268] OK     f=   0.229  a=22.2 b=27.4 gap=29.5 (face=3.0mm) n=[241, 241, 238, 238, 219, 219, 1, 1, 2, 2, 1, 1, 1, 1]  tape=0.229km B=10.01T unif=7.991% hoop=109MPa
  [1269] viol   f=   0.230  a=22.2 b=27.4 gap=29.5 (face=3.0mm) n=[240, 240, 238, 238, 219, 219, 2, 2, 2, 2, 2, 2, 1, 1]  tape=0.229km B=9.98T unif=7.221% hoop=109MPa
  [1270] viol   f=   0.229  a=22.2 b=27.4 gap=29.5 (face=3.0mm) n=[240, 240, 240, 240, 216, 216, 2, 2, 1, 1, 2, 2, 2, 2]  tape=0.229km B=10.00T unif=7.866% hoop=109MPa
  [a=22 b=27 nt=1412] KSP converged reason: 4, iterations: 1
  [a=22 b=27 nt=1408] KSP converged reason: 4, iterations: 1
  [a=22 b=27 nt=1400] KSP converged reason: 4, iterations: 1
  [a=22 b=27 nt=1402] KSP converged reason: 4, iterations: 1
  [a=22 b=27 nt=1414] KSP converged reason: 4, iterations: 1
  [a=22 b=27 nt=1410] KSP converged reason: 4, iterations: 1
  [a=22 b=27 nt=1412] KSP converged reason: 4, iterations: 1
  [a=22 b=27 nt=1410] KSP converged reason: 4, iterations: 1
  [1271] OK     f=   0.228  a=22.2 b=27.3 gap=29.5 (face=3.0mm) n=[240, 240, 238, 238, 216, 216, 1, 1, 3, 3, 1, 1, 2, 2]  tape=0.228km B=10.01T unif=8.417% hoop=110MPa
  [1272] OK     f=   0.229  a=22.2 b=27.4 gap=29.5 (face=3.0mm) n=[241, 241, 237, 237, 219, 219, 1, 1, 3, 3, 2, 2, 1, 1]  tape=0.229km B=10.01T unif=8.303% hoop=108MPa
  [1273] viol   f=   0.230  a=22.2 b=27.3 gap=29.5 (face=3.0mm) n=[241, 241, 237, 237, 218, 218, 1, 1, 5, 5, 2, 2, 1, 1]  tape=0.230km B=10.00T unif=7.930% hoop=109MPa
  [1274] INFEAS f=1000.001  a=22.2 b=27.3 gap=29.5 (face=3.0mm) n=[238, 238, 242, 242, 219, 219, 2, 2, 2, 2, 3, 3, 2, 2]  no evaluation (geometry pre-check)
  [1275] OK     f=   0.229  a=22.2 b=27.3 gap=29.5 (face=3.0mm) n=[240, 240, 239, 239, 223, 223, 2, 2, 1, 1, 1, 1, 1, 1]  tape=0.229km B=10.04T unif=7.683% hoop=109MPa
  [1276] OK     f=   0.230  a=22.2 b=27.5 gap=29.5 (face=3.0mm) n=[241, 241, 240, 240, 217, 217, 2, 2, 4, 4, 1, 1, 1, 1]  tape=0.230km B=10.02T unif=7.945% hoop=109MPa
  [1277] viol   f=   0.228  a=22.2 b=27.4 gap=29.5 (face=3.0mm) n=[240, 240, 239, 239, 214, 214, 2, 2, 1, 1, 3, 3, 1, 1]  tape=0.228km B=10.00T unif=7.910% hoop=109MPa
  [1278] OK     f=   0.229  a=22.2 b=27.4 gap=29.5 (face=3.0mm) n=[240, 240, 240, 240, 218, 218, 3, 3, 3, 3, 1, 1, 1, 1]  tape=0.229km B=10.03T unif=8.161% hoop=109MPa
  [1279] INFEAS f=1000.001  a=22.2 b=27.3 gap=29.5 (face=3.0mm) n=[238, 238, 241, 241, 217, 217, 2, 2, 3, 3, 2, 2, 1, 1]  no evaluation (geometry pre-check)
  [1280] OK     f=   0.229  a=22.2 b=27.4 gap=29.5 (face=3.0mm) n=[240, 240, 239, 239, 220, 220, 2, 2, 1, 1, 1, 1, 2, 2]  tape=0.229km B=10.02T unif=8.103% hoop=109MPa
  [a=22 b=27 nt=1410] KSP converged reason: 4, iterations: 1
  [a=22 b=27 nt=1414] KSP converged reason: 4, iterations: 1
  [a=22 b=27 nt=1412] KSP converged reason: 4, iterations: 1
  [a=22 b=27 nt=1396] KSP converged reason: 4, iterations: 1
  [a=22 b=27 nt=1408] KSP converged reason: 4, iterations: 1
  [a=22 b=27 nt=1404] KSP converged reason: 4, iterations: 1
  [a=22 b=27 nt=1406] KSP converged reason: 4, iterations: 1
  [a=22 b=27 nt=1406] KSP converged reason: 4, iterations: 1
  [a=22 b=27 nt=1406] KSP converged reason: 4, iterations: 1
  [a=22 b=27 nt=1412] KSP converged reason: 4, iterations: 1
  [1281] viol   f=   0.230  a=22.2 b=27.4 gap=29.5 (face=3.0mm) n=[242, 242, 235, 235, 218, 218, 3, 3, 1, 1, 2, 2, 1, 1]  tape=0.229km B=9.99T unif=8.042% hoop=108MPa
  [1282] viol   f=   0.230  a=22.2 b=27.3 gap=29.5 (face=3.0mm) n=[239, 239, 239, 239, 219, 219, 1, 1, 3, 3, 3, 3, 2, 2]  tape=0.229km B=9.98T unif=8.293% hoop=108MPa
  [1283] viol   f=   0.231  a=22.2 b=27.5 gap=29.5 (face=3.0mm) n=[240, 240, 239, 239, 219, 219, 1, 1, 2, 2, 2, 2, 1, 1]  tape=0.229km B=9.97T unif=7.426% hoop=109MPa
  [1284] OK     f=   0.229  a=22.2 b=27.2 gap=29.5 (face=3.0mm) n=[238, 238, 239, 239, 220, 220, 3, 3, 3, 3, 2, 2, 2, 2]  tape=0.229km B=10.01T unif=7.914% hoop=109MPa
  [1285] viol   f=   0.230  a=22.2 b=27.3 gap=29.5 (face=3.0mm) n=[241, 241, 237, 237, 220, 220, 1, 1, 2, 2, 2, 2, 2, 2]  tape=0.229km B=9.98T unif=6.956% hoop=109MPa
  [1286] OK     f=   0.227  a=22.2 b=27.3 gap=29.5 (face=3.0mm) n=[242, 242, 238, 238, 214, 214, 1, 1, 1, 1, 1, 1, 1, 1]  tape=0.227km B=10.02T unif=8.073% hoop=109MPa
  [1287] OK     f=   0.229  a=22.3 b=27.3 gap=29.5 (face=3.0mm) n=[241, 241, 239, 239, 215, 215, 2, 2, 2, 2, 3, 3, 1, 1]  tape=0.229km B=10.08T unif=7.880% hoop=109MPa
  [1288] OK     f=   0.228  a=22.2 b=27.3 gap=29.5 (face=3.0mm) n=[238, 238, 240, 240, 218, 218, 2, 2, 1, 1, 3, 3, 1, 1]  tape=0.228km B=10.01T unif=8.491% hoop=108MPa
  [1289] OK     f=   0.229  a=22.2 b=27.3 gap=29.5 (face=3.0mm) n=[241, 241, 240, 240, 212, 212, 3, 3, 2, 2, 3, 3, 2, 2]  tape=0.229km B=10.05T unif=8.529% hoop=109MPa
  [1290] OK     f=   0.230  a=22.3 b=27.4 gap=29.5 (face=3.0mm) n=[239, 239, 240, 240, 216, 216, 5, 5, 2, 2, 3, 3, 1, 1]  tape=0.230km B=10.02T unif=7.768% hoop=110MPa
  [a=22 b=27 nt=1408] KSP converged reason: 4, iterations: 1
  [a=22 b=27 nt=1406] KSP converged reason: 4, iterations: 1
  [a=22 b=27 nt=1408] KSP converged reason: 4, iterations: 1
  [a=22 b=27 nt=1394] KSP converged reason: 4, iterations: 1
  [a=22 b=27 nt=1408] KSP converged reason: 4, iterations: 1
  [a=22 b=27 nt=1404] KSP converged reason: 4, iterations: 1
  [a=22 b=27 nt=1404] KSP converged reason: 4, iterations: 1
  [1291] OK     f=   0.229  a=22.3 b=27.3 gap=29.5 (face=3.0mm) n=[240, 240, 239, 239, 218, 218, 2, 2, 2, 2, 1, 1, 2, 2]  tape=0.229km B=10.03T unif=8.967% hoop=115MPa
  [1292] viol   f=   0.229  a=22.2 b=27.3 gap=29.5 (face=3.0mm) n=[239, 239, 241, 241, 216, 216, 2, 2, 1, 1, 1, 1, 4, 4]  tape=0.229km B=9.99T unif=7.963% hoop=109MPa
  [1293] INFEAS f=1000.230  a=22.2 b=27.2 gap=29.5 (face=3.0mm) n=[238, 238, 240, 240, 218, 218, 3, 3, 2, 2, 1, 1, 2, 2]  no evaluation (geometry pre-check)
  [1294] viol   f=   0.229  a=22.2 b=27.3 gap=29.5 (face=3.0mm) n=[240, 240, 239, 239, 217, 217, 1, 1, 1, 1, 2, 2, 2, 2]  tape=0.228km B=9.97T unif=7.679% hoop=113MPa
  [1295] viol   f=   0.229  a=22.2 b=27.4 gap=29.5 (face=3.0mm) n=[241, 241, 239, 239, 214, 214, 3, 3, 2, 2, 2, 2, 2, 2]  tape=0.229km B=9.99T unif=7.748% hoop=109MPa
  [1296] viol   f=   0.233  a=22.3 b=27.4 gap=29.5 (face=3.0mm) n=[242, 242, 239, 239, 211, 211, 1, 1, 1, 1, 1, 1, 2, 2]  tape=0.227km B=9.95T unif=7.149% hoop=109MPa
  [1297] INFEAS f=1000.001  a=22.2 b=27.2 gap=29.5 (face=3.0mm) n=[241, 241, 237, 237, 219, 219, 2, 2, 3, 3, 1, 1, 2, 2]  no evaluation (geometry pre-check)
  [1298] viol   f=   0.229  a=22.3 b=27.3 gap=29.5 (face=3.0mm) n=[241, 241, 237, 237, 216, 216, 5, 5, 2, 2, 2, 2, 1, 1]  tape=0.229km B=10.00T unif=8.119% hoop=109MPa
  [1299] OK     f=   0.229  a=22.2 b=27.3 gap=29.5 (face=3.0mm) n=[243, 243, 239, 239, 212, 212, 2, 2, 2, 2, 2, 2, 2, 2]  tape=0.229km B=10.02T unif=7.854% hoop=110MPa
  [1300] INFEAS f=1000.000  a=22.2 b=27.4 gap=29.5 (face=3.0mm) n=[239, 239, 242, 242, 216, 216, 2, 2, 1, 1, 1, 1, 2, 2]  no evaluation (geometry pre-check)
  [a=22 b=27 nt=1402] KSP converged reason: 4, iterations: 1
  [a=22 b=27 nt=1406] KSP converged reason: 4, iterations: 1
  [a=22 b=27 nt=1406] KSP converged reason: 4, iterations: 1
  [a=22 b=27 nt=1406] KSP converged reason: 4, iterations: 1
  [a=22 b=27 nt=1412] KSP converged reason: 4, iterations: 1
  [a=22 b=27 nt=1406] KSP converged reason: 4, iterations: 1
  [a=22 b=27 nt=1414] KSP converged reason: 4, iterations: 1
  [1301] OK     f=   0.228  a=22.2 b=27.4 gap=29.5 (face=3.0mm) n=[240, 240, 240, 240, 217, 217, 1, 1, 1, 1, 2, 2, 2, 2]  tape=0.228km B=10.01T unif=8.429% hoop=108MPa
  [1302] OK     f=   0.228  a=22.3 b=27.3 gap=29.5 (face=3.0mm) n=[240, 240, 239, 239, 217, 217, 1, 1, 2, 2, 2, 2, 2, 2]  tape=0.228km B=10.01T unif=8.251% hoop=110MPa
  [1303] INFEAS f=1000.004  a=22.2 b=27.2 gap=29.5 (face=3.0mm) n=[238, 238, 240, 240, 218, 218, 2, 2, 1, 1, 1, 1, 2, 2]  no evaluation (geometry pre-check)
  [1304] viol   f=   0.232  a=22.2 b=27.4 gap=29.5 (face=3.0mm) n=[240, 240, 238, 238, 216, 216, 1, 1, 2, 2, 2, 2, 2, 2]  tape=0.228km B=9.96T unif=7.742% hoop=109MPa
  [1305] INFEAS f=1000.000  a=22.2 b=27.2 gap=29.5 (face=3.0mm) n=[239, 239, 238, 238, 218, 218, 2, 2, 1, 1, 1, 1, 2, 2]  no evaluation (geometry pre-check)
  [1306] viol   f=   0.229  a=22.2 b=27.4 gap=29.5 (face=3.0mm) n=[241, 241, 238, 238, 218, 218, 1, 1, 1, 1, 1, 1, 3, 3]  tape=0.229km B=9.99T unif=7.834% hoop=109MPa
  [1307] viol   f=   0.230  a=22.3 b=27.4 gap=29.5 (face=3.0mm) n=[241, 241, 237, 237, 218, 218, 2, 2, 1, 1, 2, 2, 2, 2]  tape=0.229km B=9.98T unif=7.710% hoop=109MPa
  [1308] viol   f=   0.230  a=22.2 b=27.4 gap=29.5 (face=3.0mm) n=[239, 239, 239, 239, 220, 220, 2, 2, 3, 3, 1, 1, 2, 2]  tape=0.229km B=9.98T unif=8.080% hoop=108MPa
  [1309] INFEAS f=1000.278  a=22.3 b=27.2 gap=29.5 (face=3.0mm) n=[240, 240, 240, 240, 214, 214, 2, 2, 3, 3, 3, 3, 2, 2]  no evaluation (geometry pre-check)
  [1310] OK     f=   0.230  a=22.3 b=27.4 gap=29.5 (face=3.0mm) n=[241, 241, 238, 238, 220, 220, 1, 1, 2, 2, 2, 2, 3, 3]  tape=0.230km B=10.02T unif=8.167% hoop=109MPa
  [a=22 b=27 nt=1414] KSP converged reason: 4, iterations: 1
  [a=22 b=27 nt=1400] KSP converged reason: 4, iterations: 1
  [a=22 b=27 nt=1406] KSP converged reason: 4, iterations: 1
  [a=22 b=27 nt=1398] KSP converged reason: 4, iterations: 1
  [a=22 b=27 nt=1414] KSP converged reason: 4, iterations: 1
  [a=22 b=27 nt=1414] KSP converged reason: 4, iterations: 1
  [a=22 b=27 nt=1416] KSP converged reason: 4, iterations: 1
  [a=22 b=27 nt=1412] KSP converged reason: 4, iterations: 1
  [a=22 b=27 nt=1406] KSP converged reason: 4, iterations: 1
  [1311] OK     f=   0.230  a=22.3 b=27.3 gap=29.5 (face=3.0mm) n=[240, 240, 238, 238, 220, 220, 3, 3, 2, 2, 2, 2, 2, 2]  tape=0.230km B=10.01T unif=7.792% hoop=110MPa
  [1312] viol   f=   0.228  a=22.2 b=27.4 gap=29.5 (face=3.0mm) n=[241, 241, 241, 241, 209, 209, 2, 2, 2, 2, 1, 1, 3, 3]  tape=0.228km B=9.99T unif=7.999% hoop=109MPa
  [1313] viol   f=   0.230  a=22.3 b=27.3 gap=29.5 (face=3.0mm) n=[238, 238, 240, 240, 221, 221, 2, 2, 2, 2, 2, 2, 2, 2]  tape=0.230km B=9.98T unif=7.752% hoop=110MPa
  [1314] viol   f=   0.229  a=22.2 b=27.3 gap=29.5 (face=3.0mm) n=[239, 239, 239, 239, 221, 221, 3, 3, 1, 1, 2, 2, 2, 2]  tape=0.229km B=9.99T unif=8.115% hoop=109MPa
  [1315] viol   f=   0.229  a=22.3 b=27.3 gap=29.5 (face=3.0mm) n=[241, 241, 238, 238, 214, 214, 2, 2, 2, 2, 2, 2, 1, 1]  tape=0.228km B=9.98T unif=7.409% hoop=109MPa
  [1316] OK     f=   0.229  a=22.3 b=27.4 gap=29.5 (face=3.0mm) n=[239, 239, 241, 241, 216, 216, 1, 1, 2, 2, 2, 2, 2, 2]  tape=0.229km B=10.01T unif=7.369% hoop=110MPa
  [1317] OK     f=   0.228  a=22.2 b=27.3 gap=29.5 (face=3.0mm) n=[240, 240, 239, 239, 218, 218, 2, 2, 2, 2, 1, 1, 1, 1]  tape=0.228km B=10.02T unif=8.036% hoop=109MPa
  [1318] INFEAS f=1000.000  a=22.2 b=27.3 gap=29.5 (face=3.0mm) n=[242, 242, 237, 237, 214, 214, 1, 1, 1, 1, 2, 2, 1, 1]  no evaluation (geometry pre-check)
  [1319] OK     f=   0.230  a=22.2 b=27.4 gap=29.5 (face=3.0mm) n=[240, 240, 241, 241, 218, 218, 2, 2, 2, 2, 1, 1, 2, 2]  tape=0.230km B=10.02T unif=8.175% hoop=109MPa
  [1320] OK     f=   0.230  a=22.3 b=27.3 gap=29.5 (face=3.0mm) n=[241, 241, 238, 238, 222, 222, 1, 1, 2, 2, 2, 2, 2, 2]  tape=0.230km B=10.03T unif=8.008% hoop=109MPa
  [a=22 b=27 nt=1406] KSP converged reason: 4, iterations: 1
  [a=22 b=27 nt=1406] KSP converged reason: 4, iterations: 1
  [a=22 b=27 nt=1410] KSP converged reason: 4, iterations: 1
  [a=22 b=27 nt=1404] KSP converged reason: 4, iterations: 1
  [a=22 b=27 nt=1410] KSP converged reason: 4, iterations: 1
  [a=22 b=27 nt=1406] KSP converged reason: 4, iterations: 1
  [a=22 b=27 nt=1414] KSP converged reason: 4, iterations: 1
  [a=22 b=27 nt=1402] KSP converged reason: 4, iterations: 1
  [a=22 b=27 nt=1396] KSP converged reason: 4, iterations: 1
  [1321] viol   f=   0.232  a=22.2 b=27.4 gap=29.5 (face=3.0mm) n=[238, 238, 243, 243, 215, 215, 2, 2, 2, 2, 1, 1, 2, 2]  tape=0.229km B=9.96T unif=7.268% hoop=110MPa
  [1322] INFEAS f=1000.001  a=22.2 b=27.3 gap=29.5 (face=3.0mm) n=[238, 238, 244, 244, 215, 215, 5, 5, 2, 2, 2, 2, 2, 2]  no evaluation (geometry pre-check)
  [1323] OK     f=   0.229  a=22.2 b=27.3 gap=29.5 (face=3.0mm) n=[240, 240, 240, 240, 216, 216, 3, 3, 2, 2, 1, 1, 3, 3]  tape=0.229km B=10.00T unif=7.774% hoop=109MPa
  [1324] OK     f=   0.229  a=22.2 b=27.3 gap=29.5 (face=3.0mm) n=[242, 242, 241, 241, 213, 213, 2, 2, 2, 2, 1, 1, 2, 2]  tape=0.229km B=10.07T unif=8.085% hoop=110MPa
  [1325] OK     f=   0.229  a=22.2 b=27.2 gap=29.5 (face=3.0mm) n=[239, 239, 241, 241, 215, 215, 4, 4, 2, 2, 1, 1, 3, 3]  tape=0.229km B=10.03T unif=8.417% hoop=110MPa
  [1326] OK     f=   0.229  a=22.2 b=27.3 gap=29.5 (face=3.0mm) n=[241, 241, 242, 242, 211, 211, 2, 2, 2, 2, 3, 3, 2, 2]  tape=0.229km B=10.03T unif=8.011% hoop=110MPa
  [1327] OK     f=   0.228  a=22.3 b=27.3 gap=29.5 (face=3.0mm) n=[241, 241, 240, 240, 214, 214, 2, 2, 2, 2, 1, 1, 2, 2]  tape=0.228km B=10.03T unif=7.729% hoop=110MPa
  [1328] OK     f=   0.228  a=22.2 b=27.3 gap=29.5 (face=3.0mm) n=[241, 241, 240, 240, 213, 213, 2, 2, 1, 1, 1, 1, 3, 3]  tape=0.228km B=10.01T unif=7.680% hoop=109MPa
  [1329] OK     f=   0.232  a=22.3 b=27.5 gap=29.5 (face=3.0mm) n=[241, 241, 237, 237, 217, 217, 4, 4, 3, 3, 2, 2, 3, 3]  tape=0.232km B=10.01T unif=7.979% hoop=109MPa
  [1330] viol   f=   0.228  a=22.2 b=27.3 gap=29.5 (face=3.0mm) n=[240, 240, 241, 241, 211, 211, 1, 1, 1, 1, 2, 2, 2, 2]  tape=0.227km B=9.98T unif=7.995% hoop=109MPa
  [a=22 b=27 nt=1392] KSP converged reason: 4, iterations: 1
  [a=22 b=27 nt=1400] KSP converged reason: 4, iterations: 1
  [a=22 b=27 nt=1404] KSP converged reason: 4, iterations: 1
  [a=22 b=27 nt=1404] KSP converged reason: 4, iterations: 1
  [a=22 b=27 nt=1400] KSP converged reason: 4, iterations: 1
  [a=22 b=27 nt=1402] KSP converged reason: 4, iterations: 1
  [a=22 b=27 nt=1404] KSP converged reason: 4, iterations: 1
  [a=22 b=27 nt=1398] KSP converged reason: 4, iterations: 1
  [a=22 b=27 nt=1406] KSP converged reason: 4, iterations: 1
  [a=22 b=27 nt=1398] KSP converged reason: 4, iterations: 1
  [1331] viol   f=   0.230  a=22.2 b=27.3 gap=29.5 (face=3.0mm) n=[240, 240, 244, 244, 203, 203, 2, 2, 2, 2, 3, 3, 2, 2]  tape=0.228km B=9.97T unif=8.083% hoop=110MPa
  [1332] OK     f=   0.229  a=22.2 b=27.3 gap=29.5 (face=3.0mm) n=[240, 240, 243, 243, 211, 211, 2, 2, 1, 1, 3, 3, 2, 2]  tape=0.229km B=10.03T unif=7.832% hoop=110MPa
  [1333] viol   f=   0.227  a=22.2 b=27.3 gap=29.5 (face=3.0mm) n=[240, 240, 240, 240, 216, 216, 1, 1, 2, 2, 1, 1, 1, 1]  tape=0.227km B=10.00T unif=7.786% hoop=109MPa
  [1334] viol   f=   0.229  a=22.2 b=27.3 gap=29.5 (face=3.0mm) n=[240, 240, 243, 243, 209, 209, 2, 2, 2, 2, 1, 1, 3, 3]  tape=0.228km B=9.98T unif=8.320% hoop=109MPa
  [1335] viol   f=   0.231  a=22.2 b=27.3 gap=29.5 (face=3.0mm) n=[239, 239, 240, 240, 214, 214, 2, 2, 1, 1, 2, 2, 2, 2]  tape=0.227km B=9.96T unif=8.240% hoop=109MPa
  [1336] viol   f=   0.229  a=22.2 b=27.3 gap=29.5 (face=3.0mm) n=[240, 240, 240, 240, 212, 212, 2, 2, 3, 3, 2, 2, 3, 3]  tape=0.229km B=9.98T unif=7.566% hoop=109MPa
  [1337] viol   f=   0.231  a=22.2 b=27.4 gap=29.5 (face=3.0mm) n=[240, 240, 240, 240, 215, 215, 2, 2, 2, 2, 1, 1, 2, 2]  tape=0.228km B=9.97T unif=7.128% hoop=109MPa
  [1338] viol   f=   0.230  a=22.2 b=27.4 gap=29.5 (face=3.0mm) n=[241, 241, 240, 240, 212, 212, 1, 1, 1, 1, 2, 2, 2, 2]  tape=0.228km B=9.97T unif=7.438% hoop=109MPa
  [1339] viol   f=   0.229  a=22.3 b=27.3 gap=29.5 (face=3.0mm) n=[241, 241, 239, 239, 215, 215, 3, 3, 1, 1, 1, 1, 3, 3]  tape=0.229km B=9.99T unif=7.956% hoop=109MPa
  [1340] viol   f=   0.229  a=22.2 b=27.4 gap=29.5 (face=3.0mm) n=[242, 242, 239, 239, 211, 211, 2, 2, 1, 1, 2, 2, 2, 2]  tape=0.228km B=9.97T unif=7.697% hoop=108MPa
  [a=22 b=27 nt=1398] KSP converged reason: 4, iterations: 1
  [a=22 b=27 nt=1398] KSP converged reason: 4, iterations: 1
  [a=22 b=27 nt=1402] KSP converged reason: 4, iterations: 1
  [a=22 b=27 nt=1402] KSP converged reason: 4, iterations: 1
  [a=22 b=27 nt=1402] KSP converged reason: 4, iterations: 1
  [a=22 b=27 nt=1400] KSP converged reason: 4, iterations: 1
  [a=22 b=27 nt=1398] KSP converged reason: 4, iterations: 1
  [a=22 b=27 nt=1398] KSP converged reason: 4, iterations: 1
  [a=22 b=27 nt=1406] KSP converged reason: 4, iterations: 1
  [a=22 b=27 nt=1396] KSP converged reason: 4, iterations: 1
  [1341] viol   f=   0.228  a=22.2 b=27.2 gap=29.5 (face=3.0mm) n=[239, 239, 244, 244, 211, 211, 1, 1, 1, 1, 2, 2, 1, 1]  tape=0.228km B=9.98T unif=7.316% hoop=110MPa
  [1342] viol   f=   0.229  a=22.2 b=27.3 gap=29.5 (face=3.0mm) n=[240, 240, 241, 241, 212, 212, 2, 2, 1, 1, 2, 2, 2, 2]  tape=0.227km B=9.98T unif=7.574% hoop=108MPa
  [1343] OK     f=   0.228  a=22.2 b=27.3 gap=29.5 (face=3.0mm) n=[240, 240, 242, 242, 212, 212, 1, 1, 3, 3, 2, 2, 1, 1]  tape=0.228km B=10.03T unif=8.562% hoop=109MPa
  [1344] viol   f=   0.228  a=22.2 b=27.3 gap=29.5 (face=3.0mm) n=[241, 241, 240, 240, 210, 210, 2, 2, 2, 2, 2, 2, 2, 2]  tape=0.228km B=9.99T unif=7.468% hoop=111MPa
  [1345] viol   f=   0.230  a=22.3 b=27.3 gap=29.5 (face=3.0mm) n=[239, 239, 243, 243, 213, 213, 1, 1, 1, 1, 1, 1, 3, 3]  tape=0.229km B=9.97T unif=7.191% hoop=109MPa
  [1346] viol   f=   0.231  a=22.3 b=27.3 gap=29.5 (face=3.0mm) n=[240, 240, 243, 243, 210, 210, 1, 1, 2, 2, 2, 2, 3, 3]  tape=0.229km B=9.97T unif=7.456% hoop=109MPa
  [1347] OK     f=   0.227  a=22.3 b=27.3 gap=29.5 (face=3.0mm) n=[241, 241, 240, 240, 213, 213, 1, 1, 2, 2, 1, 1, 1, 1]  tape=0.227km B=10.01T unif=7.947% hoop=109MPa
  [1348] viol   f=   0.230  a=22.2 b=27.3 gap=29.5 (face=3.0mm) n=[240, 240, 241, 241, 214, 214, 1, 1, 1, 1, 1, 1, 1, 1]  tape=0.227km B=9.96T unif=7.023% hoop=125MPa
  [1349] viol   f=   0.230  a=22.2 b=27.3 gap=29.5 (face=3.0mm) n=[239, 239, 244, 244, 212, 212, 4, 4, 2, 2, 1, 1, 1, 1]  tape=0.230km B=9.98T unif=6.864% hoop=110MPa
  [1350] viol   f=   0.227  a=22.2 b=27.3 gap=29.5 (face=3.0mm) n=[240, 240, 241, 241, 211, 211, 2, 2, 1, 1, 1, 1, 2, 2]  tape=0.227km B=10.00T unif=7.924% hoop=109MPa
  [a=22 b=27 nt=1400] KSP converged reason: 4, iterations: 1
  [a=22 b=27 nt=1400] KSP converged reason: 4, iterations: 1
  [a=22 b=27 nt=1396] KSP converged reason: 4, iterations: 1
  [a=22 b=27 nt=1394] KSP converged reason: 4, iterations: 1
  [a=22 b=27 nt=1392] KSP converged reason: 4, iterations: 1
  [a=22 b=27 nt=1398] KSP converged reason: 4, iterations: 1
  [a=22 b=27 nt=1396] KSP converged reason: 4, iterations: 1
  [a=22 b=27 nt=1396] KSP converged reason: 4, iterations: 1
  [a=22 b=27 nt=1396] KSP converged reason: 4, iterations: 1
  [1351] OK     f=   0.228  a=22.3 b=27.3 gap=29.5 (face=3.0mm) n=[241, 241, 240, 240, 211, 211, 2, 2, 2, 2, 2, 2, 2, 2]  tape=0.228km B=10.01T unif=7.597% hoop=109MPa
  [1352] viol   f=   0.232  a=22.2 b=27.3 gap=29.5 (face=3.0mm) n=[239, 239, 240, 240, 213, 213, 1, 1, 2, 2, 1, 1, 1, 1]  tape=0.226km B=9.94T unif=7.550% hoop=108MPa
  [1353] OK     f=   0.228  a=22.3 b=27.4 gap=29.5 (face=3.0mm) n=[241, 241, 240, 240, 212, 212, 2, 2, 1, 1, 2, 2, 1, 1]  tape=0.228km B=10.01T unif=8.052% hoop=109MPa
  [1354] viol   f=   0.228  a=22.3 b=27.3 gap=29.5 (face=3.0mm) n=[239, 239, 241, 241, 213, 213, 3, 3, 2, 2, 1, 1, 1, 1]  tape=0.228km B=9.99T unif=8.030% hoop=117MPa
  [1355] INFEAS f=1000.000  a=22.2 b=27.2 gap=29.5 (face=3.0mm) n=[240, 240, 240, 240, 210, 210, 2, 2, 2, 2, 1, 1, 1, 1]  no evaluation (geometry pre-check)
  [1356] viol   f=   0.228  a=22.3 b=27.3 gap=29.5 (face=3.0mm) n=[241, 241, 240, 240, 210, 210, 2, 2, 2, 2, 2, 2, 1, 1]  tape=0.227km B=9.98T unif=7.813% hoop=109MPa
  [1357] viol   f=   0.227  a=22.3 b=27.3 gap=29.5 (face=3.0mm) n=[241, 241, 243, 243, 207, 207, 2, 2, 1, 1, 1, 1, 1, 1]  tape=0.227km B=10.00T unif=8.146% hoop=110MPa
  [1358] viol   f=   0.229  a=22.2 b=27.3 gap=29.5 (face=3.0mm) n=[241, 241, 242, 242, 208, 208, 1, 1, 2, 2, 2, 2, 2, 2]  tape=0.228km B=9.97T unif=7.808% hoop=109MPa
  [1359] viol   f=   0.227  a=22.2 b=27.3 gap=29.5 (face=3.0mm) n=[240, 240, 240, 240, 212, 212, 2, 2, 1, 1, 2, 2, 1, 1]  tape=0.227km B=9.98T unif=8.577% hoop=108MPa
  [1360] viol   f=   0.230  a=22.2 b=27.2 gap=29.5 (face=3.0mm) n=[239, 239, 243, 243, 210, 210, 2, 2, 1, 1, 1, 1, 2, 2]  tape=0.227km B=9.97T unif=7.837% hoop=109MPa
  [a=22 b=27 nt=1398] KSP converged reason: 4, iterations: 1
  [a=22 b=27 nt=1400] KSP converged reason: 4, iterations: 1
  [a=22 b=27 nt=1408] KSP converged reason: 4, iterations: 1
  [a=22 b=27 nt=1398] KSP converged reason: 4, iterations: 1
  [a=22 b=27 nt=1396] KSP converged reason: 4, iterations: 1
  [a=22 b=27 nt=1398] KSP converged reason: 4, iterations: 1
  [a=22 b=27 nt=1404] KSP converged reason: 4, iterations: 1
  [a=22 b=27 nt=1394] KSP converged reason: 4, iterations: 1
  [a=22 b=27 nt=1406] KSP converged reason: 4, iterations: 1
  [a=22 b=27 nt=1398] KSP converged reason: 4, iterations: 1
  [1361] viol   f=   0.230  a=22.3 b=27.3 gap=29.5 (face=3.0mm) n=[240, 240, 241, 241, 213, 213, 1, 1, 2, 2, 1, 1, 1, 1]  tape=0.227km B=9.96T unif=7.306% hoop=109MPa
  [1362] viol   f=   0.228  a=22.2 b=27.3 gap=29.5 (face=3.0mm) n=[241, 241, 239, 239, 214, 214, 2, 2, 2, 2, 1, 1, 1, 1]  tape=0.228km B=9.99T unif=7.492% hoop=108MPa
  [1363] viol   f=   0.229  a=22.3 b=27.4 gap=29.5 (face=3.0mm) n=[241, 241, 241, 241, 211, 211, 2, 2, 1, 1, 1, 1, 2, 2]  tape=0.228km B=9.97T unif=7.250% hoop=109MPa
  [1364] viol   f=   0.228  a=22.2 b=27.3 gap=29.5 (face=3.0mm) n=[240, 240, 241, 241, 210, 210, 3, 3, 3, 3, 1, 1, 1, 1]  tape=0.228km B=9.99T unif=8.018% hoop=108MPa
  [1365] viol   f=   0.230  a=22.3 b=27.3 gap=29.5 (face=3.0mm) n=[241, 241, 241, 241, 208, 208, 3, 3, 2, 2, 1, 1, 2, 2]  tape=0.228km B=9.96T unif=7.936% hoop=108MPa
  [1366] OK     f=   0.229  a=22.3 b=27.4 gap=29.5 (face=3.0mm) n=[241, 241, 241, 241, 214, 214, 1, 1, 3, 3, 1, 1, 3, 3]  tape=0.229km B=10.02T unif=7.417% hoop=109MPa
  [1367] viol   f=   0.230  a=22.2 b=27.3 gap=29.5 (face=3.0mm) n=[240, 240, 241, 241, 211, 211, 2, 2, 3, 3, 1, 1, 4, 4]  tape=0.229km B=9.97T unif=7.830% hoop=108MPa
  [1368] viol   f=   0.228  a=22.2 b=27.3 gap=29.5 (face=3.0mm) n=[242, 242, 242, 242, 205, 205, 3, 3, 1, 1, 2, 2, 2, 2]  tape=0.228km B=9.99T unif=7.869% hoop=109MPa
  [1369] OK     f=   0.230  a=22.2 b=27.4 gap=29.5 (face=3.0mm) n=[240, 240, 242, 242, 211, 211, 3, 3, 3, 3, 1, 1, 3, 3]  tape=0.230km B=10.01T unif=8.322% hoop=109MPa
  [1370] viol   f=   0.228  a=22.2 b=27.3 gap=29.5 (face=3.0mm) n=[241, 241, 239, 239, 211, 211, 3, 3, 1, 1, 2, 2, 2, 2]  tape=0.228km B=9.99T unif=8.290% hoop=109MPa
  [a=22 b=27 nt=1396] KSP converged reason: 4, iterations: 1
  [a=22 b=27 nt=1402] KSP converged reason: 4, iterations: 1
  [a=22 b=27 nt=1402] KSP converged reason: 4, iterations: 1
  [a=22 b=27 nt=1398] KSP converged reason: 4, iterations: 1
  [a=22 b=27 nt=1404] KSP converged reason: 4, iterations: 1
  [a=22 b=27 nt=1396] KSP converged reason: 4, iterations: 1
  [a=22 b=27 nt=1404] KSP converged reason: 4, iterations: 1
  [a=22 b=27 nt=1400] KSP converged reason: 4, iterations: 1
  [1371] INFEAS f=1000.001  a=22.3 b=27.3 gap=29.5 (face=3.0mm) n=[242, 242, 240, 240, 208, 208, 1, 1, 3, 3, 3, 3, 1, 1]  no evaluation (geometry pre-check)
  [1372] INFEAS f=1000.047  a=22.2 b=27.2 gap=29.5 (face=3.0mm) n=[239, 239, 243, 243, 209, 209, 2, 2, 2, 2, 2, 2, 2, 2]  no evaluation (geometry pre-check)
  [1373] OK     f=   0.229  a=22.2 b=27.3 gap=29.5 (face=3.0mm) n=[241, 241, 240, 240, 212, 212, 4, 4, 2, 2, 2, 2, 1, 1]  tape=0.229km B=10.08T unif=8.577% hoop=117MPa
  [1374] viol   f=   0.230  a=22.2 b=27.3 gap=29.5 (face=3.0mm) n=[242, 242, 238, 238, 213, 213, 3, 3, 3, 3, 1, 1, 1, 1]  tape=0.229km B=9.98T unif=7.437% hoop=108MPa
  [1375] viol   f=   0.228  a=22.2 b=27.3 gap=29.5 (face=3.0mm) n=[242, 242, 238, 238, 213, 213, 2, 2, 2, 2, 1, 1, 1, 1]  tape=0.228km B=9.99T unif=7.668% hoop=109MPa
  [1376] OK     f=   0.227  a=22.2 b=27.3 gap=29.5 (face=3.0mm) n=[241, 241, 240, 240, 211, 211, 2, 2, 1, 1, 2, 2, 1, 1]  tape=0.227km B=10.02T unif=8.175% hoop=109MPa
  [1377] viol   f=   0.229  a=22.3 b=27.3 gap=29.5 (face=3.0mm) n=[241, 241, 241, 241, 208, 208, 3, 3, 3, 3, 3, 3, 2, 2]  tape=0.229km B=9.98T unif=8.361% hoop=109MPa
  [1378] viol   f=   0.229  a=22.3 b=27.3 gap=29.5 (face=3.0mm) n=[240, 240, 240, 240, 209, 209, 3, 3, 3, 3, 2, 2, 1, 1]  tape=0.227km B=9.97T unif=8.246% hoop=109MPa
  [1379] OK     f=   0.229  a=22.3 b=27.3 gap=29.5 (face=3.0mm) n=[240, 240, 241, 241, 212, 212, 2, 2, 3, 3, 2, 2, 2, 2]  tape=0.229km B=10.02T unif=8.333% hoop=109MPa
  [1380] OK     f=   0.228  a=22.2 b=27.3 gap=29.5 (face=3.0mm) n=[241, 241, 240, 240, 212, 212, 2, 2, 2, 2, 1, 1, 2, 2]  tape=0.228km B=10.01T unif=8.424% hoop=109MPa
  [a=22 b=27 nt=1398] KSP converged reason: 4, iterations: 1
  [a=22 b=27 nt=1400] KSP converged reason: 4, iterations: 1
  [a=22 b=27 nt=1404] KSP converged reason: 4, iterations: 1
  [a=22 b=27 nt=1398] KSP converged reason: 4, iterations: 1
  [a=22 b=27 nt=1392] KSP converged reason: 4, iterations: 1
  [a=22 b=27 nt=1396] KSP converged reason: 4, iterations: 1
  [a=22 b=27 nt=1402] KSP converged reason: 4, iterations: 1
  [a=22 b=27 nt=1398] KSP converged reason: 4, iterations: 1
  [a=22 b=27 nt=1406] KSP converged reason: 4, iterations: 1
  [1381] viol   f=   0.228  a=22.3 b=27.4 gap=29.5 (face=3.0mm) n=[241, 241, 240, 240, 210, 210, 2, 2, 1, 1, 1, 1, 1, 1]  tape=0.227km B=9.98T unif=7.888% hoop=109MPa
  [1382] viol   f=   0.230  a=22.2 b=27.4 gap=29.5 (face=3.0mm) n=[242, 242, 239, 239, 210, 210, 2, 2, 2, 2, 2, 2, 2, 2]  tape=0.228km B=9.97T unif=7.458% hoop=108MPa
  [1383] viol   f=   0.228  a=22.2 b=27.3 gap=29.5 (face=3.0mm) n=[241, 241, 240, 240, 210, 210, 3, 3, 1, 1, 2, 2, 1, 1]  tape=0.227km B=9.99T unif=7.650% hoop=109MPa
  [1384] OK     f=   0.229  a=22.3 b=27.3 gap=29.5 (face=3.0mm) n=[242, 242, 240, 240, 210, 210, 2, 2, 2, 2, 3, 3, 3, 3]  tape=0.229km B=10.02T unif=8.256% hoop=109MPa
  [1385] viol   f=   0.228  a=22.2 b=27.3 gap=29.5 (face=3.0mm) n=[241, 241, 240, 240, 210, 210, 3, 3, 2, 2, 2, 2, 2, 2]  tape=0.228km B=10.00T unif=8.270% hoop=195MPa
  [1386] viol   f=   0.232  a=22.2 b=27.4 gap=29.5 (face=3.0mm) n=[242, 242, 240, 240, 209, 209, 2, 2, 2, 2, 3, 3, 1, 1]  tape=0.228km B=9.96T unif=7.163% hoop=108MPa
  [1387] INFEAS f=1000.027  a=22.2 b=27.2 gap=29.5 (face=3.0mm) n=[240, 240, 240, 240, 213, 213, 3, 3, 3, 3, 2, 2, 1, 1]  no evaluation (geometry pre-check)
  [1388] viol   f=   0.228  a=22.3 b=27.3 gap=29.5 (face=3.0mm) n=[241, 241, 240, 240, 212, 212, 3, 3, 1, 1, 2, 2, 2, 2]  tape=0.228km B=10.00T unif=7.795% hoop=109MPa
  [1389] OK     f=   0.229  a=22.2 b=27.3 gap=29.5 (face=3.0mm) n=[241, 241, 239, 239, 215, 215, 3, 3, 2, 2, 1, 1, 2, 2]  tape=0.229km B=10.03T unif=8.091% hoop=108MPa
  [1390] viol   f=   0.231  a=22.2 b=27.3 gap=29.5 (face=3.0mm) n=[240, 240, 241, 241, 209, 209, 3, 3, 2, 2, 2, 2, 2, 2]  tape=0.228km B=9.96T unif=7.606% hoop=109MPa
  [a=22 b=27 nt=1402] KSP converged reason: 4, iterations: 1
  [a=22 b=27 nt=1402] KSP converged reason: 4, iterations: 1
  [a=22 b=27 nt=1404] KSP converged reason: 4, iterations: 1
  [a=22 b=27 nt=1392] KSP converged reason: 4, iterations: 1
  [a=22 b=27 nt=1396] KSP converged reason: 4, iterations: 1
  [a=22 b=27 nt=1402] KSP converged reason: 4, iterations: 1
  [a=22 b=27 nt=1398] KSP converged reason: 4, iterations: 1
  [a=22 b=27 nt=1394] KSP converged reason: 4, iterations: 1
  [a=22 b=27 nt=1398] KSP converged reason: 4, iterations: 1
  [a=22 b=27 nt=1396] KSP converged reason: 4, iterations: 1
  [1391] viol   f=   0.231  a=22.2 b=27.3 gap=29.5 (face=3.0mm) n=[241, 241, 238, 238, 212, 212, 3, 3, 2, 2, 3, 3, 3, 3]  tape=0.229km B=9.97T unif=7.152% hoop=109MPa
  [1392] viol   f=   0.228  a=22.2 b=27.3 gap=29.5 (face=3.0mm) n=[243, 243, 240, 240, 208, 208, 2, 2, 1, 1, 1, 1, 1, 1]  tape=0.227km B=9.98T unif=7.857% hoop=108MPa
  [1393] viol   f=   0.231  a=22.3 b=27.3 gap=29.5 (face=3.0mm) n=[241, 241, 238, 238, 211, 211, 4, 4, 2, 2, 3, 3, 2, 2]  tape=0.229km B=9.96T unif=7.398% hoop=109MPa
  [1394] viol   f=   0.228  a=22.3 b=27.4 gap=29.5 (face=3.0mm) n=[241, 241, 239, 239, 213, 213, 1, 1, 2, 2, 1, 1, 1, 1]  tape=0.227km B=9.98T unif=8.538% hoop=131MPa
  [1395] viol   f=   0.229  a=22.2 b=27.3 gap=29.5 (face=3.0mm) n=[241, 241, 239, 239, 212, 212, 3, 3, 2, 2, 2, 2, 2, 2]  tape=0.229km B=9.99T unif=7.401% hoop=109MPa
  [1396] viol   f=   0.229  a=22.2 b=27.3 gap=29.5 (face=3.0mm) n=[242, 242, 240, 240, 209, 209, 3, 3, 3, 3, 2, 2, 2, 2]  tape=0.229km B=9.99T unif=7.429% hoop=109MPa
  [1397] viol   f=   0.230  a=22.3 b=27.4 gap=29.5 (face=3.0mm) n=[242, 242, 240, 240, 209, 209, 3, 3, 1, 1, 2, 2, 2, 2]  tape=0.229km B=9.98T unif=7.815% hoop=109MPa
  [1398] viol   f=   0.239  a=22.3 b=27.4 gap=29.5 (face=3.0mm) n=[241, 241, 241, 241, 209, 209, 2, 2, 1, 1, 1, 1, 2, 2]  tape=0.228km B=9.92T unif=7.495% hoop=109MPa
  [1399] viol   f=   0.228  a=22.2 b=27.3 gap=29.5 (face=3.0mm) n=[241, 241, 241, 241, 209, 209, 2, 2, 2, 2, 2, 2, 2, 2]  tape=0.227km B=9.99T unif=8.387% hoop=109MPa
  [1400] OK     f=   0.228  a=22.3 b=27.3 gap=29.5 (face=3.0mm) n=[242, 242, 239, 239, 210, 210, 3, 3, 2, 2, 1, 1, 1, 1]  tape=0.228km B=10.01T unif=7.736% hoop=109MPa
  [a=22 b=27 nt=1402] KSP converged reason: 4, iterations: 1
  [a=22 b=27 nt=1398] KSP converged reason: 4, iterations: 1
  [a=22 b=27 nt=1402] KSP converged reason: 4, iterations: 1
  [a=22 b=27 nt=1396] KSP converged reason: 4, iterations: 1
  [a=22 b=27 nt=1398] KSP converged reason: 4, iterations: 1
  [a=22 b=27 nt=1396] KSP converged reason: 4, iterations: 1
  [a=22 b=27 nt=1398] KSP converged reason: 4, iterations: 1
  [a=22 b=27 nt=1396] KSP converged reason: 4, iterations: 1
  [a=22 b=27 nt=1392] KSP converged reason: 4, iterations: 1
  [a=22 b=27 nt=1396] KSP converged reason: 4, iterations: 1
  [1401] viol   f=   0.229  a=22.3 b=27.4 gap=29.5 (face=3.0mm) n=[242, 242, 240, 240, 207, 207, 4, 4, 2, 2, 1, 1, 2, 2]  tape=0.229km B=9.99T unif=8.352% hoop=109MPa
  [1402] viol   f=   0.228  a=22.2 b=27.3 gap=29.5 (face=3.0mm) n=[241, 241, 240, 240, 209, 209, 3, 3, 2, 2, 2, 2, 1, 1]  tape=0.228km B=10.00T unif=8.371% hoop=109MPa
  [1403] viol   f=   0.229  a=22.2 b=27.3 gap=29.5 (face=3.0mm) n=[241, 241, 241, 241, 208, 208, 3, 3, 3, 3, 3, 3, 2, 2]  tape=0.229km B=9.98T unif=8.324% hoop=109MPa
  [1404] viol   f=   0.229  a=22.2 b=27.3 gap=29.5 (face=3.0mm) n=[240, 240, 241, 241, 211, 211, 2, 2, 2, 2, 2, 2, 3, 3]  tape=0.228km B=9.98T unif=7.654% hoop=116MPa
  [1405] OK     f=   0.228  a=22.2 b=27.3 gap=29.5 (face=3.0mm) n=[242, 242, 238, 238, 213, 213, 3, 3, 1, 1, 1, 1, 1, 1]  tape=0.228km B=10.01T unif=7.417% hoop=109MPa
  [1406] OK     f=   0.228  a=22.2 b=27.4 gap=29.5 (face=3.0mm) n=[242, 242, 239, 239, 212, 212, 1, 1, 2, 2, 1, 1, 2, 2]  tape=0.228km B=10.02T unif=8.281% hoop=109MPa
  [1407] OK     f=   0.228  a=22.2 b=27.3 gap=29.5 (face=3.0mm) n=[242, 242, 239, 239, 211, 211, 3, 3, 2, 2, 1, 1, 1, 1]  tape=0.228km B=10.01T unif=7.995% hoop=108MPa
  [1408] OK     f=   0.228  a=22.2 b=27.3 gap=29.5 (face=3.0mm) n=[242, 242, 240, 240, 209, 209, 2, 2, 1, 1, 2, 2, 2, 2]  tape=0.228km B=10.02T unif=8.593% hoop=109MPa
  [1409] viol   f=   0.231  a=22.3 b=27.3 gap=29.5 (face=3.0mm) n=[242, 242, 242, 242, 204, 204, 4, 4, 2, 2, 1, 1, 1, 1]  tape=0.227km B=9.96T unif=7.180% hoop=109MPa
  [1410] OK     f=   0.227  a=22.2 b=27.3 gap=29.5 (face=3.0mm) n=[242, 242, 241, 241, 209, 209, 2, 2, 2, 2, 1, 1, 1, 1]  tape=0.227km B=10.00T unif=8.132% hoop=109MPa
  [a=22 b=27 nt=1398] KSP converged reason: 4, iterations: 1
  [a=22 b=27 nt=1392] KSP converged reason: 4, iterations: 1
  [a=22 b=27 nt=1394] KSP converged reason: 4, iterations: 1
  [a=22 b=27 nt=1392] KSP converged reason: 4, iterations: 1
  [a=22 b=27 nt=1388] KSP converged reason: 4, iterations: 1
  [a=22 b=27 nt=1394] KSP converged reason: 4, iterations: 1
  [a=22 b=27 nt=1394] KSP converged reason: 4, iterations: 1
  [a=22 b=27 nt=1396] KSP converged reason: 4, iterations: 1
  [a=22 b=27 nt=1396] KSP converged reason: 4, iterations: 1
  [a=22 b=27 nt=1398] KSP converged reason: 4, iterations: 1
  [1411] OK     f=   0.227  a=22.2 b=27.2 gap=29.5 (face=3.0mm) n=[241, 241, 240, 240, 210, 210, 2, 2, 1, 1, 2, 2, 1, 1]  tape=0.227km B=10.00T unif=8.609% hoop=109MPa
  [1412] viol   f=   0.231  a=22.2 b=27.3 gap=29.5 (face=3.0mm) n=[241, 241, 242, 242, 206, 206, 4, 4, 1, 1, 1, 1, 1, 1]  tape=0.227km B=9.95T unif=7.861% hoop=110MPa
  [1413] viol   f=   0.227  a=22.2 b=27.3 gap=29.5 (face=3.0mm) n=[242, 242, 240, 240, 208, 208, 3, 3, 1, 1, 2, 2, 1, 1]  tape=0.227km B=10.00T unif=8.082% hoop=109MPa
  [1414] viol   f=   0.228  a=22.2 b=27.3 gap=29.5 (face=3.0mm) n=[241, 241, 240, 240, 207, 207, 3, 3, 1, 1, 1, 1, 1, 1]  tape=0.226km B=9.97T unif=8.067% hoop=109MPa
  [1415] viol   f=   0.229  a=22.3 b=27.3 gap=29.5 (face=3.0mm) n=[242, 242, 239, 239, 211, 211, 2, 2, 2, 2, 1, 1, 2, 2]  tape=0.228km B=9.98T unif=7.661% hoop=109MPa
  [1416] viol   f=   0.226  a=22.2 b=27.2 gap=29.5 (face=3.0mm) n=[241, 241, 239, 239, 211, 211, 2, 2, 1, 1, 1, 1, 1, 1]  tape=0.226km B=9.99T unif=7.990% hoop=109MPa
  [1417] viol   f=   0.229  a=22.2 b=27.3 gap=29.5 (face=3.0mm) n=[242, 242, 240, 240, 206, 206, 3, 3, 3, 3, 1, 1, 2, 2]  tape=0.228km B=9.97T unif=7.868% hoop=109MPa
  [1418] viol   f=   0.229  a=22.2 b=27.3 gap=29.5 (face=3.0mm) n=[243, 243, 238, 238, 210, 210, 3, 3, 2, 2, 1, 1, 1, 1]  tape=0.228km B=9.98T unif=7.777% hoop=109MPa
  [1419] OK     f=   0.227  a=22.2 b=27.3 gap=29.5 (face=3.0mm) n=[240, 240, 241, 241, 209, 209, 3, 3, 2, 2, 2, 2, 1, 1]  tape=0.227km B=10.02T unif=8.294% hoop=109MPa
  [1420] viol   f=   0.228  a=22.2 b=27.3 gap=29.5 (face=3.0mm) n=[241, 241, 238, 238, 212, 212, 3, 3, 2, 2, 2, 2, 1, 1]  tape=0.228km B=9.99T unif=7.731% hoop=109MPa
  [a=22 b=27 nt=1398] KSP converged reason: 4, iterations: 1
  [a=22 b=27 nt=1392] KSP converged reason: 4, iterations: 1
  [a=22 b=27 nt=1392] KSP converged reason: 4, iterations: 1
  [a=22 b=27 nt=1394] KSP converged reason: 4, iterations: 1
  [a=22 b=27 nt=1390] KSP converged reason: 4, iterations: 1
  [a=22 b=27 nt=1396] KSP converged reason: 4, iterations: 1
  [a=22 b=27 nt=1396] KSP converged reason: 4, iterations: 1
  [1421] INFEAS f=1000.000  a=22.3 b=27.3 gap=29.5 (face=3.0mm) n=[241, 241, 240, 240, 209, 209, 1, 1, 1, 1, 1, 1, 2, 2]  no evaluation (geometry pre-check)
  [1422] viol   f=   0.227  a=22.2 b=27.3 gap=29.5 (face=3.0mm) n=[241, 241, 239, 239, 210, 210, 3, 3, 2, 2, 1, 1, 2, 2]  tape=0.227km B=10.00T unif=8.544% hoop=109MPa
  [1423] viol   f=   0.228  a=22.2 b=27.3 gap=29.5 (face=3.0mm) n=[242, 242, 238, 238, 211, 211, 2, 2, 2, 2, 2, 2, 2, 2]  tape=0.228km B=9.99T unif=7.234% hoop=109MPa
  [1424] viol   f=   0.228  a=22.2 b=27.3 gap=29.5 (face=3.0mm) n=[241, 241, 241, 241, 208, 208, 3, 3, 2, 2, 1, 1, 1, 1]  tape=0.227km B=9.98T unif=8.137% hoop=109MPa
  [1425] INFEAS f=1000.000  a=22.2 b=27.2 gap=29.5 (face=3.0mm) n=[241, 241, 240, 240, 212, 212, 1, 1, 2, 2, 1, 1, 1, 1]  no evaluation (geometry pre-check)
  [1426] viol   f=   0.227  a=22.2 b=27.2 gap=29.5 (face=3.0mm) n=[241, 241, 241, 241, 208, 208, 2, 2, 1, 1, 1, 1, 1, 1]  tape=0.226km B=9.98T unif=8.482% hoop=108MPa
  [1427] INFEAS f=1000.006  a=22.2 b=27.2 gap=29.5 (face=3.0mm) n=[241, 241, 240, 240, 208, 208, 2, 2, 1, 1, 1, 1, 1, 1]  no evaluation (geometry pre-check)
  [1428] viol   f=   0.230  a=22.2 b=27.3 gap=29.5 (face=3.0mm) n=[242, 242, 241, 241, 206, 206, 2, 2, 1, 1, 2, 2, 2, 2]  tape=0.227km B=9.96T unif=8.233% hoop=109MPa
  [1429] viol   f=   0.227  a=22.2 b=27.2 gap=29.5 (face=3.0mm) n=[242, 242, 240, 240, 207, 207, 2, 2, 2, 2, 1, 1, 2, 2]  tape=0.227km B=9.99T unif=8.275% hoop=109MPa
  [1430] viol   f=   0.228  a=22.3 b=27.3 gap=29.5 (face=3.0mm) n=[241, 241, 241, 241, 211, 211, 1, 1, 1, 1, 1, 1, 2, 2]  tape=0.227km B=9.98T unif=7.958% hoop=108MPa
  [a=22 b=27 nt=1390] KSP converged reason: 4, iterations: 1
  [a=22 b=27 nt=1394] KSP converged reason: 4, iterations: 1
  [a=22 b=27 nt=1396] KSP converged reason: 4, iterations: 1
  [a=22 b=27 nt=1390] KSP converged reason: 4, iterations: 1
  [a=22 b=27 nt=1394] KSP converged reason: 4, iterations: 1
  [a=22 b=27 nt=1394] KSP converged reason: 4, iterations: 1
  [a=22 b=27 nt=1400] KSP converged reason: 4, iterations: 1
  [a=22 b=27 nt=1392] KSP converged reason: 4, iterations: 1
  [a=22 b=27 nt=1394] KSP converged reason: 4, iterations: 1
  [1431] viol   f=   0.227  a=22.2 b=27.3 gap=29.5 (face=3.0mm) n=[240, 240, 241, 241, 211, 211, 1, 1, 1, 1, 2, 2, 1, 1]  tape=0.226km B=9.98T unif=8.429% hoop=108MPa
  [1432] viol   f=   0.230  a=22.2 b=27.3 gap=29.5 (face=3.0mm) n=[241, 241, 238, 238, 212, 212, 2, 2, 2, 2, 2, 2, 1, 1]  tape=0.227km B=9.97T unif=7.655% hoop=109MPa
  [1433] viol   f=   0.231  a=22.2 b=27.3 gap=29.5 (face=3.0mm) n=[242, 242, 239, 239, 208, 208, 2, 2, 2, 2, 1, 1, 1, 1]  tape=0.226km B=9.95T unif=8.034% hoop=108MPa
  [1434] viol   f=   0.227  a=22.2 b=27.2 gap=29.5 (face=3.0mm) n=[241, 241, 240, 240, 208, 208, 3, 3, 1, 1, 1, 1, 1, 1]  tape=0.226km B=9.97T unif=8.347% hoop=108MPa
  [1435] viol   f=   0.228  a=22.2 b=27.3 gap=29.5 (face=3.0mm) n=[240, 240, 243, 243, 209, 209, 1, 1, 1, 1, 1, 1, 2, 2]  tape=0.227km B=9.98T unif=7.999% hoop=109MPa
  [1436] viol   f=   0.227  a=22.2 b=27.3 gap=29.5 (face=3.0mm) n=[242, 242, 239, 239, 210, 210, 2, 2, 1, 1, 1, 1, 2, 2]  tape=0.227km B=9.98T unif=8.424% hoop=108MPa
  [1437] viol   f=   0.229  a=22.2 b=27.3 gap=29.5 (face=3.0mm) n=[242, 242, 241, 241, 208, 208, 1, 1, 1, 1, 2, 2, 1, 1]  tape=0.227km B=9.97T unif=8.113% hoop=109MPa
  [1438] INFEAS f=1000.176  a=22.3 b=27.2 gap=29.5 (face=3.0mm) n=[241, 241, 242, 242, 206, 206, 2, 2, 1, 1, 1, 1, 2, 2]  no evaluation (geometry pre-check)
  [1439] OK     f=   0.228  a=22.2 b=27.2 gap=29.5 (face=3.0mm) n=[241, 241, 241, 241, 209, 209, 2, 2, 2, 2, 2, 2, 3, 3]  tape=0.228km B=10.00T unif=8.271% hoop=109MPa
  [1440] viol   f=   0.229  a=22.2 b=27.3 gap=29.5 (face=3.0mm) n=[241, 241, 239, 239, 211, 211, 3, 3, 1, 1, 1, 1, 1, 1]  tape=0.227km B=9.97T unif=7.541% hoop=109MPa
  [a=22 b=27 nt=1398] KSP converged reason: 4, iterations: 1
  [a=22 b=27 nt=1396] KSP converged reason: 4, iterations: 1
  [a=22 b=27 nt=1394] KSP converged reason: 4, iterations: 1
  [a=22 b=27 nt=1396] KSP converged reason: 4, iterations: 1
  [a=22 b=27 nt=1398] KSP converged reason: 4, iterations: 1
  [a=22 b=27 nt=1394] KSP converged reason: 4, iterations: 1
  [a=22 b=27 nt=1394] KSP converged reason: 4, iterations: 1
  [a=22 b=27 nt=1394] KSP converged reason: 4, iterations: 1
  [a=22 b=27 nt=1398] KSP converged reason: 4, iterations: 1
  [1441] OK     f=   0.227  a=22.2 b=27.3 gap=29.5 (face=3.0mm) n=[240, 240, 241, 241, 210, 210, 3, 3, 2, 2, 1, 1, 2, 2]  tape=0.227km B=10.02T unif=8.738% hoop=108MPa
  [1442] viol   f=   0.228  a=22.2 b=27.3 gap=29.5 (face=3.0mm) n=[240, 240, 241, 241, 211, 211, 1, 1, 2, 2, 2, 2, 1, 1]  tape=0.227km B=9.98T unif=8.510% hoop=110MPa
  [1443] viol   f=   0.228  a=22.2 b=27.3 gap=29.5 (face=3.0mm) n=[241, 241, 240, 240, 210, 210, 2, 2, 1, 1, 1, 1, 2, 2]  tape=0.227km B=9.98T unif=8.516% hoop=108MPa
  [1444] viol   f=   0.227  a=22.2 b=27.3 gap=29.5 (face=3.0mm) n=[240, 240, 241, 241, 211, 211, 2, 2, 2, 2, 1, 1, 1, 1]  tape=0.227km B=9.98T unif=7.528% hoop=109MPa
  [1445] INFEAS f=1000.000  a=22.2 b=27.2 gap=29.5 (face=3.0mm) n=[240, 240, 241, 241, 208, 208, 2, 2, 2, 2, 2, 2, 1, 1]  no evaluation (geometry pre-check)
  [1446] OK     f=   0.227  a=22.2 b=27.3 gap=29.5 (face=3.0mm) n=[241, 241, 240, 240, 211, 211, 3, 3, 2, 2, 1, 1, 1, 1]  tape=0.227km B=10.01T unif=8.126% hoop=109MPa
  [1447] viol   f=   0.326  a=22.2 b=27.3 gap=29.5 (face=3.0mm) n=[241, 241, 240, 240, 210, 210, 2, 2, 2, 2, 1, 1, 1, 1]  tape=0.227km B=9.78T unif=9.035% hoop=307MPa
  [1448] viol   f=   0.228  a=22.2 b=27.2 gap=29.5 (face=3.0mm) n=[240, 240, 241, 241, 210, 210, 2, 2, 2, 2, 1, 1, 1, 1]  tape=0.226km B=9.97T unif=8.412% hoop=108MPa
  [1449] viol   f=   0.229  a=22.2 b=27.2 gap=29.5 (face=3.0mm) n=[240, 240, 240, 240, 210, 210, 3, 3, 2, 2, 1, 1, 1, 1]  tape=0.226km B=9.96T unif=7.825% hoop=108MPa
  [1450] viol   f=   0.227  a=22.2 b=27.3 gap=29.5 (face=3.0mm) n=[240, 240, 241, 241, 212, 212, 1, 1, 1, 1, 2, 2, 2, 2]  tape=0.227km B=9.99T unif=8.053% hoop=109MPa
  [a=22 b=27 nt=1398] KSP converged reason: 4, iterations: 1
  [a=22 b=27 nt=1396] KSP converged reason: 4, iterations: 1
  [a=22 b=27 nt=1398] KSP converged reason: 4, iterations: 1
  [a=22 b=27 nt=1398] KSP converged reason: 4, iterations: 1
  [a=22 b=27 nt=1398] KSP converged reason: 4, iterations: 1
  [a=22 b=27 nt=1394] KSP converged reason: 4, iterations: 1
  [a=22 b=27 nt=1398] KSP converged reason: 4, iterations: 1
  [a=22 b=27 nt=1398] KSP converged reason: 4, iterations: 1
  [1451] viol   f=   0.234  a=22.2 b=27.3 gap=29.5 (face=3.0mm) n=[240, 240, 241, 241, 210, 210, 2, 2, 2, 2, 2, 2, 1, 1]  tape=0.227km B=9.94T unif=7.880% hoop=110MPa
  [1452] OK     f=   0.227  a=22.2 b=27.3 gap=29.5 (face=3.0mm) n=[240, 240, 242, 242, 210, 210, 3, 3, 2, 2, 1, 1, 1, 1]  tape=0.227km B=10.02T unif=8.695% hoop=109MPa
  [1453] viol   f=   0.227  a=22.2 b=27.2 gap=29.5 (face=3.0mm) n=[240, 240, 241, 241, 211, 211, 2, 2, 2, 2, 1, 1, 2, 2]  tape=0.227km B=9.99T unif=8.036% hoop=109MPa
  [1454] viol   f=   0.230  a=22.2 b=27.3 gap=29.5 (face=3.0mm) n=[240, 240, 241, 241, 210, 210, 3, 3, 1, 1, 1, 1, 1, 1]  tape=0.227km B=9.96T unif=7.840% hoop=108MPa
  [1455] viol   f=   0.228  a=22.2 b=27.3 gap=29.5 (face=3.0mm) n=[240, 240, 241, 241, 210, 210, 3, 3, 2, 2, 2, 2, 1, 1]  tape=0.227km B=9.99T unif=7.880% hoop=109MPa
  [1456] INFEAS f=1000.000  a=22.2 b=27.2 gap=29.5 (face=3.0mm) n=[241, 241, 240, 240, 209, 209, 3, 3, 1, 1, 1, 1, 2, 2]  no evaluation (geometry pre-check)
  [1457] viol   f=   0.231  a=22.2 b=27.3 gap=29.5 (face=3.0mm) n=[241, 241, 241, 241, 210, 210, 2, 2, 1, 1, 2, 2, 2, 2]  tape=0.227km B=9.96T unif=7.389% hoop=108MPa
  [1458] viol   f=   0.228  a=22.2 b=27.3 gap=29.5 (face=3.0mm) n=[240, 240, 240, 240, 212, 212, 2, 2, 2, 2, 2, 2, 1, 1]  tape=0.227km B=9.98T unif=8.309% hoop=109MPa
  [1459] INFEAS f=1000.000  a=22.2 b=27.3 gap=29.5 (face=3.0mm) n=[241, 241, 242, 242, 208, 208, 2, 2, 1, 1, 2, 2, 1, 1]  no evaluation (geometry pre-check)
  [1460] viol   f=   0.229  a=22.2 b=27.3 gap=29.5 (face=3.0mm) n=[241, 241, 239, 239, 212, 212, 2, 2, 2, 2, 1, 1, 2, 2]  tape=0.228km B=9.98T unif=8.174% hoop=108MPa
  [a=22 b=27 nt=1402] KSP converged reason: 4, iterations: 1
  [a=22 b=27 nt=1398] KSP converged reason: 4, iterations: 1
  [a=22 b=27 nt=1400] KSP converged reason: 4, iterations: 1
  [1461] viol   f=   0.230  a=22.2 b=27.3 gap=29.5 (face=3.0mm) n=[239, 239, 242, 242, 211, 211, 3, 3, 3, 3, 2, 2, 1, 1]  tape=0.228km B=9.98T unif=7.395% hoop=109MPa
  [1462] INFEAS f=1000.000  a=22.2 b=27.3 gap=29.5 (face=3.0mm) n=[240, 240, 241, 241, 211, 211, 2, 2, 2, 2, 1, 1, 2, 2]  no evaluation (geometry pre-check)
  [1463] INFEAS f=1000.000  a=22.2 b=27.3 gap=29.5 (face=3.0mm) n=[238, 238, 242, 242, 213, 213, 3, 3, 3, 3, 1, 1, 1, 1]  no evaluation (geometry pre-check)
  [1464] OK     f=   0.228  a=22.2 b=27.3 gap=29.5 (face=3.0mm) n=[240, 240, 241, 241, 211, 211, 2, 2, 3, 3, 1, 1, 2, 2]  tape=0.228km B=10.00T unif=8.383% hoop=109MPa
  [1465] INFEAS f=1000.000  a=22.2 b=27.3 gap=29.5 (face=3.0mm) n=[240, 240, 239, 239, 214, 214, 2, 2, 1, 1, 1, 1, 1, 1]  no evaluation (geometry pre-check)
  [1466] INFEAS f=1000.060  a=22.2 b=27.2 gap=29.5 (face=3.0mm) n=[240, 240, 243, 243, 208, 208, 3, 3, 2, 2, 1, 1, 2, 2]  no evaluation (geometry pre-check)
  [1467] INFEAS f=1000.000  a=22.2 b=27.2 gap=29.5 (face=3.0mm) n=[239, 239, 241, 241, 212, 212, 2, 2, 1, 1, 1, 1, 2, 2]  no evaluation (geometry pre-check)
  [1468] INFEAS f=1000.000  a=22.2 b=27.3 gap=29.5 (face=3.0mm) n=[240, 240, 240, 240, 213, 213, 3, 3, 2, 2, 3, 3, 1, 1]  no evaluation (geometry pre-check)
  [1469] INFEAS f=1000.001  a=22.2 b=27.2 gap=29.5 (face=3.0mm) n=[239, 239, 242, 242, 210, 210, 3, 3, 2, 2, 1, 1, 1, 1]  no evaluation (geometry pre-check)
  [1470] viol   f=   0.229  a=22.2 b=27.3 gap=29.5 (face=3.0mm) n=[240, 240, 240, 240, 210, 210, 3, 3, 3, 3, 1, 1, 2, 2]  tape=0.228km B=9.97T unif=7.467% hoop=108MPa
  [a=22 b=27 nt=1402] KSP converged reason: 4, iterations: 1
  [a=22 b=27 nt=1398] KSP converged reason: 4, iterations: 1
  [a=22 b=27 nt=1400] KSP converged reason: 4, iterations: 1
  [a=22 b=27 nt=1398] KSP converged reason: 4, iterations: 1
  [a=22 b=27 nt=1396] KSP converged reason: 4, iterations: 1
  [a=22 b=27 nt=1396] KSP converged reason: 4, iterations: 1
  [1471] INFEAS f=1000.000  a=22.2 b=27.3 gap=29.5 (face=3.0mm) n=[239, 239, 241, 241, 211, 211, 2, 2, 3, 3, 1, 1, 2, 2]  no evaluation (geometry pre-check)
  [1472] INFEAS f=1000.000  a=22.2 b=27.2 gap=29.5 (face=3.0mm) n=[239, 239, 241, 241, 211, 211, 3, 3, 4, 4, 2, 2, 1, 1]  no evaluation (geometry pre-check)
  [1473] INFEAS f=1000.000  a=22.2 b=27.3 gap=29.5 (face=3.0mm) n=[238, 238, 242, 242, 214, 214, 4, 4, 4, 4, 1, 1, 2, 2]  no evaluation (geometry pre-check)
  [1474] viol   f=   0.228  a=22.2 b=27.3 gap=29.5 (face=3.0mm) n=[240, 240, 242, 242, 212, 212, 2, 2, 1, 1, 1, 1, 1, 1]  tape=0.227km B=9.98T unif=7.463% hoop=110MPa
  [1475] OK     f=   0.228  a=22.2 b=27.3 gap=29.5 (face=3.0mm) n=[240, 240, 242, 242, 211, 211, 1, 1, 3, 3, 2, 2, 2, 2]  tape=0.228km B=10.01T unif=7.604% hoop=109MPa
  [1476] viol   f=   0.229  a=22.2 b=27.3 gap=29.5 (face=3.0mm) n=[239, 239, 242, 242, 210, 210, 2, 2, 2, 2, 1, 1, 2, 2]  tape=0.227km B=9.98T unif=8.413% hoop=108MPa
  [1477] viol   f=   0.229  a=22.2 b=27.2 gap=29.5 (face=3.0mm) n=[239, 239, 240, 240, 211, 211, 3, 3, 2, 2, 1, 1, 2, 2]  tape=0.227km B=9.97T unif=8.283% hoop=108MPa
  [1478] viol   f=   0.229  a=22.2 b=27.2 gap=29.5 (face=3.0mm) n=[240, 240, 240, 240, 211, 211, 3, 3, 3, 3, 1, 1, 1, 1]  tape=0.227km B=9.97T unif=8.597% hoop=108MPa
  [1479] INFEAS f=1000.000  a=22.2 b=27.3 gap=29.5 (face=3.0mm) n=[239, 239, 241, 241, 212, 212, 2, 2, 3, 3, 1, 1, 2, 2]  no evaluation (geometry pre-check)
  [1480] OK     f=   0.228  a=22.2 b=27.2 gap=29.5 (face=3.0mm) n=[240, 240, 241, 241, 210, 210, 3, 3, 2, 2, 2, 2, 2, 2]  tape=0.228km B=10.00T unif=8.186% hoop=108MPa
  [a=22 b=27 nt=1400] KSP converged reason: 4, iterations: 1
  [a=22 b=27 nt=1400] KSP converged reason: 4, iterations: 1
  [a=22 b=27 nt=1402] KSP converged reason: 4, iterations: 1
  [a=22 b=27 nt=1388] KSP converged reason: 4, iterations: 1
  [a=22 b=27 nt=1398] KSP converged reason: 4, iterations: 1
  [a=22 b=27 nt=1398] KSP converged reason: 4, iterations: 1
  [a=22 b=27 nt=1396] KSP converged reason: 4, iterations: 1
  [a=22 b=27 nt=1396] KSP converged reason: 4, iterations: 1
  [a=22 b=27 nt=1404] KSP converged reason: 4, iterations: 1
  [1481] viol   f=   0.232  a=22.2 b=27.3 gap=29.5 (face=3.0mm) n=[240, 240, 242, 242, 209, 209, 3, 3, 2, 2, 2, 2, 2, 2]  tape=0.228km B=9.96T unif=7.581% hoop=109MPa
  [1482] INFEAS f=1000.000  a=22.2 b=27.2 gap=29.5 (face=3.0mm) n=[241, 241, 241, 241, 210, 210, 3, 3, 2, 2, 2, 2, 2, 2]  no evaluation (geometry pre-check)
  [1483] viol   f=   0.229  a=22.2 b=27.3 gap=29.5 (face=3.0mm) n=[241, 241, 241, 241, 207, 207, 2, 2, 1, 1, 1, 1, 1, 1]  tape=0.226km B=9.96T unif=8.504% hoop=109MPa
  [1484] viol   f=   0.229  a=22.2 b=27.2 gap=29.5 (face=3.0mm) n=[239, 239, 242, 242, 211, 211, 3, 3, 2, 2, 1, 1, 3, 3]  tape=0.228km B=9.99T unif=7.736% hoop=110MPa
  [1485] OK     f=   0.228  a=22.2 b=27.3 gap=29.5 (face=3.0mm) n=[241, 241, 240, 240, 211, 211, 3, 3, 3, 3, 1, 1, 1, 1]  tape=0.228km B=10.02T unif=8.267% hoop=109MPa
  [1486] viol   f=   0.229  a=22.2 b=27.2 gap=29.5 (face=3.0mm) n=[239, 239, 241, 241, 211, 211, 3, 3, 2, 2, 1, 1, 2, 2]  tape=0.227km B=9.97T unif=8.121% hoop=109MPa
  [1487] viol   f=   0.228  a=22.2 b=27.3 gap=29.5 (face=3.0mm) n=[239, 239, 242, 242, 211, 211, 2, 2, 2, 2, 1, 1, 2, 2]  tape=0.228km B=9.99T unif=8.035% hoop=109MPa
  [1488] viol   f=   0.226  a=22.2 b=27.2 gap=29.5 (face=3.0mm) n=[240, 240, 240, 240, 212, 212, 2, 2, 1, 1, 1, 1, 2, 2]  tape=0.226km B=9.99T unif=8.330% hoop=109MPa
  [1489] viol   f=   0.232  a=22.2 b=27.2 gap=29.5 (face=3.0mm) n=[239, 239, 242, 242, 209, 209, 3, 3, 2, 2, 1, 1, 2, 2]  tape=0.227km B=9.95T unif=7.351% hoop=110MPa
  [1490] OK     f=   0.229  a=22.2 b=27.3 gap=29.5 (face=3.0mm) n=[241, 241, 242, 242, 209, 209, 3, 3, 3, 3, 2, 2, 2, 2]  tape=0.229km B=10.07T unif=8.379% hoop=110MPa
  [a=22 b=27 nt=1402] KSP converged reason: 4, iterations: 1
  [a=22 b=27 nt=1396] KSP converged reason: 4, iterations: 1
  [a=22 b=27 nt=1396] KSP converged reason: 4, iterations: 1
  [a=22 b=27 nt=1400] KSP converged reason: 4, iterations: 1
  [a=22 b=27 nt=1396] KSP converged reason: 4, iterations: 1
  [a=22 b=27 nt=1404] KSP converged reason: 4, iterations: 1
  [a=22 b=27 nt=1402] KSP converged reason: 4, iterations: 1
  [1491] OK     f=   0.228  a=22.2 b=27.3 gap=29.5 (face=3.0mm) n=[240, 240, 241, 241, 213, 213, 2, 2, 3, 3, 1, 1, 2, 2]  tape=0.228km B=10.04T unif=8.378% hoop=109MPa
  [1492] viol   f=   0.227  a=22.2 b=27.2 gap=29.5 (face=3.0mm) n=[240, 240, 240, 240, 213, 213, 1, 1, 1, 1, 2, 2, 1, 1]  tape=0.226km B=9.98T unif=8.613% hoop=108MPa
  [1493] OK     f=   0.228  a=22.2 b=27.3 gap=29.5 (face=3.0mm) n=[241, 241, 240, 240, 211, 211, 3, 3, 2, 2, 1, 1, 2, 2]  tape=0.228km B=10.06T unif=8.523% hoop=109MPa
  [1494] INFEAS f=1000.000  a=22.2 b=27.3 gap=29.5 (face=3.0mm) n=[240, 240, 240, 240, 211, 211, 3, 3, 1, 1, 1, 1, 3, 3]  no evaluation (geometry pre-check)
  [1495] viol   f=   0.229  a=22.2 b=27.2 gap=29.5 (face=3.0mm) n=[239, 239, 242, 242, 211, 211, 1, 1, 2, 2, 1, 1, 2, 2]  tape=0.227km B=9.97T unif=7.915% hoop=110MPa
  [1496] viol   f=   0.229  a=22.2 b=27.2 gap=29.5 (face=3.0mm) n=[240, 240, 242, 242, 209, 209, 2, 2, 2, 2, 1, 1, 2, 2]  tape=0.227km B=9.97T unif=7.806% hoop=109MPa
  [1497] INFEAS f=1000.001  a=22.2 b=27.2 gap=29.5 (face=3.0mm) n=[241, 241, 239, 239, 211, 211, 3, 3, 2, 2, 1, 1, 2, 2]  no evaluation (geometry pre-check)
  [1498] INFEAS f=1000.021  a=22.2 b=27.2 gap=29.5 (face=3.0mm) n=[241, 241, 240, 240, 210, 210, 1, 1, 1, 1, 2, 2, 1, 1]  no evaluation (geometry pre-check)
  [1499] OK     f=   0.228  a=22.2 b=27.3 gap=29.5 (face=3.0mm) n=[241, 241, 240, 240, 211, 211, 3, 3, 2, 2, 2, 2, 2, 2]  tape=0.228km B=10.00T unif=7.495% hoop=109MPa
  [1500] OK     f=   0.228  a=22.2 b=27.3 gap=29.5 (face=3.0mm) n=[242, 242, 239, 239, 213, 213, 3, 3, 2, 2, 1, 1, 1, 1]  tape=0.228km B=10.01T unif=7.779% hoop=109MPa
  [a=22 b=27 nt=1404] KSP converged reason: 4, iterations: 1
  [a=22 b=27 nt=1396] KSP converged reason: 4, iterations: 1
  [a=22 b=27 nt=1398] KSP converged reason: 4, iterations: 1
  [a=22 b=27 nt=1396] KSP converged reason: 4, iterations: 1
  [a=22 b=27 nt=1402] KSP converged reason: 4, iterations: 1
  [a=22 b=27 nt=1398] KSP converged reason: 4, iterations: 1
  [1501] OK     f=   0.228  a=22.2 b=27.2 gap=29.5 (face=3.0mm) n=[241, 241, 240, 240, 213, 213, 2, 2, 2, 2, 2, 2, 2, 2]  tape=0.228km B=10.03T unif=8.307% hoop=109MPa
  [1502] viol   f=   0.227  a=22.2 b=27.2 gap=29.5 (face=3.0mm) n=[241, 241, 240, 240, 213, 213, 1, 1, 1, 1, 1, 1, 1, 1]  tape=0.226km B=9.98T unif=7.181% hoop=113MPa
  [1503] viol   f=   0.229  a=22.2 b=27.2 gap=29.5 (face=3.0mm) n=[242, 242, 238, 238, 211, 211, 2, 2, 2, 2, 2, 2, 2, 2]  tape=0.228km B=9.98T unif=7.806% hoop=110MPa
  [1504] INFEAS f=1000.000  a=22.2 b=27.2 gap=29.5 (face=3.0mm) n=[240, 240, 240, 240, 212, 212, 2, 2, 3, 3, 2, 2, 1, 1]  no evaluation (geometry pre-check)
  [1505] INFEAS f=1000.011  a=22.2 b=27.2 gap=29.5 (face=3.0mm) n=[241, 241, 240, 240, 211, 211, 2, 2, 2, 2, 2, 2, 1, 1]  no evaluation (geometry pre-check)
  [1506] OK     f=   0.228  a=22.2 b=27.3 gap=29.5 (face=3.0mm) n=[240, 240, 241, 241, 212, 212, 2, 2, 2, 2, 2, 2, 2, 2]  tape=0.228km B=10.01T unif=7.545% hoop=109MPa
  [1507] OK     f=   0.227  a=22.2 b=27.2 gap=29.5 (face=3.0mm) n=[242, 242, 238, 238, 213, 213, 2, 2, 2, 2, 1, 1, 1, 1]  tape=0.227km B=10.01T unif=8.518% hoop=110MPa
  [1508] INFEAS f=1000.000  a=22.2 b=27.2 gap=29.5 (face=3.0mm) n=[240, 240, 240, 240, 212, 212, 2, 2, 1, 1, 2, 2, 2, 2]  no evaluation (geometry pre-check)
  [1509] INFEAS f=1000.005  a=22.2 b=27.2 gap=29.5 (face=3.0mm) n=[241, 241, 239, 239, 213, 213, 1, 1, 1, 1, 2, 2, 2, 2]  no evaluation (geometry pre-check)
  [1510] OK     f=   0.227  a=22.2 b=27.2 gap=29.5 (face=3.0mm) n=[241, 241, 240, 240, 212, 212, 2, 2, 1, 1, 1, 1, 1, 1]  tape=0.227km B=10.01T unif=7.946% hoop=109MPa
  [a=22 b=27 nt=1404] KSP converged reason: 4, iterations: 1
  [a=22 b=27 nt=1396] KSP converged reason: 4, iterations: 1
  [a=22 b=27 nt=1402] KSP converged reason: 4, iterations: 1
  [a=22 b=27 nt=1398] KSP converged reason: 4, iterations: 1
  [a=22 b=27 nt=1398] KSP converged reason: 4, iterations: 1
  [a=22 b=27 nt=1398] KSP converged reason: 4, iterations: 1
  [a=22 b=27 nt=1400] KSP converged reason: 4, iterations: 1
  [1511] OK     f=   0.227  a=22.2 b=27.2 gap=29.5 (face=3.0mm) n=[242, 242, 239, 239, 213, 213, 1, 1, 1, 1, 1, 1, 1, 1]  tape=0.227km B=10.01T unif=7.920% hoop=109MPa
  [1512] INFEAS f=1000.045  a=22.2 b=27.2 gap=29.5 (face=3.0mm) n=[240, 240, 241, 241, 214, 214, 1, 1, 2, 2, 1, 1, 2, 2]  no evaluation (geometry pre-check)
  [1513] OK     f=   0.228  a=22.2 b=27.2 gap=29.5 (face=3.0mm) n=[241, 241, 240, 240, 214, 214, 2, 2, 2, 2, 2, 2, 1, 1]  tape=0.228km B=10.04T unif=8.214% hoop=109MPa
  [1514] OK     f=   0.227  a=22.2 b=27.2 gap=29.5 (face=3.0mm) n=[241, 241, 239, 239, 215, 215, 2, 2, 2, 2, 1, 1, 1, 1]  tape=0.227km B=10.02T unif=8.411% hoop=109MPa
  [1515] INFEAS f=1000.000  a=22.2 b=27.2 gap=29.5 (face=3.0mm) n=[240, 240, 239, 239, 214, 214, 2, 2, 2, 2, 2, 2, 2, 2]  no evaluation (geometry pre-check)
  [1516] INFEAS f=1000.002  a=22.2 b=27.2 gap=29.5 (face=3.0mm) n=[241, 241, 240, 240, 212, 212, 1, 1, 1, 1, 1, 1, 2, 2]  no evaluation (geometry pre-check)
  [1517] OK     f=   0.227  a=22.2 b=27.2 gap=29.5 (face=3.0mm) n=[241, 241, 240, 240, 212, 212, 1, 1, 2, 2, 1, 1, 2, 2]  tape=0.227km B=10.05T unif=8.697% hoop=109MPa
  [1518] OK     f=   0.227  a=22.2 b=27.3 gap=29.5 (face=3.0mm) n=[241, 241, 240, 240, 212, 212, 2, 2, 2, 2, 1, 1, 1, 1]  tape=0.227km B=10.04T unif=8.034% hoop=110MPa
  [1519] OK     f=   0.227  a=22.2 b=27.3 gap=29.5 (face=3.0mm) n=[241, 241, 240, 240, 212, 212, 2, 2, 1, 1, 2, 2, 1, 1]  tape=0.227km B=10.02T unif=8.445% hoop=109MPa
  [1520] OK     f=   0.228  a=22.2 b=27.3 gap=29.5 (face=3.0mm) n=[242, 242, 239, 239, 212, 212, 3, 3, 2, 2, 1, 1, 1, 1]  tape=0.228km B=10.01T unif=7.925% hoop=108MPa
  [a=22 b=27 nt=1400] KSP converged reason: 4, iterations: 1
  [a=22 b=27 nt=1406] KSP converged reason: 4, iterations: 1
  [a=22 b=27 nt=1400] KSP converged reason: 4, iterations: 1
  [a=22 b=27 nt=1398] KSP converged reason: 4, iterations: 1
  [a=22 b=27 nt=1400] KSP converged reason: 4, iterations: 1
  [a=22 b=27 nt=1398] KSP converged reason: 4, iterations: 1
  [1521] viol   f=   0.227  a=22.2 b=27.2 gap=29.5 (face=3.0mm) n=[240, 240, 240, 240, 213, 213, 2, 2, 2, 2, 1, 1, 1, 1]  tape=0.227km B=10.00T unif=8.681% hoop=109MPa
  [1522] viol   f=   0.228  a=22.2 b=27.3 gap=29.5 (face=3.0mm) n=[241, 241, 241, 241, 212, 212, 2, 2, 2, 2, 1, 1, 1, 1]  tape=0.228km B=9.98T unif=7.248% hoop=108MPa
  [1523] INFEAS f=1000.000  a=22.2 b=27.3 gap=29.5 (face=3.0mm) n=[242, 242, 238, 238, 213, 213, 1, 1, 1, 1, 1, 1, 1, 1]  no evaluation (geometry pre-check)
  [1524] INFEAS f=1000.000  a=22.2 b=27.2 gap=29.5 (face=3.0mm) n=[241, 241, 240, 240, 214, 214, 1, 1, 1, 1, 1, 1, 2, 2]  no evaluation (geometry pre-check)
  [1525] INFEAS f=1000.000  a=22.2 b=27.2 gap=29.5 (face=3.0mm) n=[240, 240, 241, 241, 214, 214, 1, 1, 1, 1, 1, 1, 1, 1]  no evaluation (geometry pre-check)
  [1526] viol   f=   0.227  a=22.2 b=27.3 gap=29.5 (face=3.0mm) n=[241, 241, 238, 238, 215, 215, 2, 2, 2, 2, 1, 1, 1, 1]  tape=0.227km B=9.99T unif=8.184% hoop=108MPa
  [1527] OK     f=   0.228  a=22.2 b=27.3 gap=29.5 (face=3.0mm) n=[243, 243, 239, 239, 212, 212, 1, 1, 2, 2, 1, 1, 2, 2]  tape=0.228km B=10.01T unif=7.504% hoop=110MPa
  [1528] OK     f=   0.227  a=22.2 b=27.2 gap=29.5 (face=3.0mm) n=[242, 242, 239, 239, 212, 212, 2, 2, 2, 2, 1, 1, 1, 1]  tape=0.227km B=10.06T unif=8.685% hoop=110MPa
  [1529] OK     f=   0.228  a=22.2 b=27.3 gap=29.5 (face=3.0mm) n=[241, 241, 240, 240, 216, 216, 2, 2, 2, 2, 1, 1, 1, 1]  tape=0.228km B=10.05T unif=7.620% hoop=109MPa
  [1530] INFEAS f=1000.000  a=22.2 b=27.2 gap=29.5 (face=3.0mm) n=[241, 241, 239, 239, 214, 214, 2, 2, 1, 1, 1, 1, 1, 1]  no evaluation (geometry pre-check)
  [a=22 b=27 nt=1400] KSP converged reason: 4, iterations: 1
  [a=22 b=27 nt=1400] KSP converged reason: 4, iterations: 1
  [a=22 b=27 nt=1398] KSP converged reason: 4, iterations: 1
  [a=22 b=27 nt=1398] KSP converged reason: 4, iterations: 1
  [a=22 b=27 nt=1404] KSP converged reason: 4, iterations: 1
  [a=22 b=27 nt=1398] KSP converged reason: 4, iterations: 1
  [1531] OK     f=   0.227  a=22.2 b=27.3 gap=29.5 (face=3.0mm) n=[241, 241, 240, 240, 213, 213, 2, 2, 1, 1, 1, 1, 1, 1]  tape=0.227km B=10.05T unif=8.191% hoop=110MPa
  [1532] INFEAS f=1000.000  a=22.2 b=27.3 gap=29.5 (face=3.0mm) n=[240, 240, 240, 240, 213, 213, 2, 2, 1, 1, 1, 1, 1, 1]  no evaluation (geometry pre-check)
  [1533] OK     f=   0.227  a=22.2 b=27.2 gap=29.5 (face=3.0mm) n=[241, 241, 240, 240, 213, 213, 1, 1, 1, 1, 2, 2, 1, 1]  tape=0.227km B=10.02T unif=8.277% hoop=109MPa
  [1534] OK     f=   0.227  a=22.2 b=27.3 gap=29.5 (face=3.0mm) n=[241, 241, 240, 240, 213, 213, 1, 1, 2, 2, 1, 1, 1, 1]  tape=0.227km B=10.02T unif=8.217% hoop=109MPa
  [1535] OK     f=   0.228  a=22.2 b=27.3 gap=29.5 (face=3.0mm) n=[241, 241, 239, 239, 215, 215, 2, 2, 1, 1, 2, 2, 2, 2]  tape=0.228km B=10.02T unif=7.964% hoop=110MPa
  [1536] INFEAS f=1000.002  a=22.2 b=27.2 gap=29.5 (face=3.0mm) n=[240, 240, 240, 240, 214, 214, 1, 1, 3, 3, 1, 1, 1, 1]  no evaluation (geometry pre-check)
  [1537] INFEAS f=1000.000  a=22.2 b=27.2 gap=29.5 (face=3.0mm) n=[240, 240, 242, 242, 211, 211, 2, 2, 2, 2, 1, 1, 1, 1]  no evaluation (geometry pre-check)
  [1538] INFEAS f=1000.000  a=22.2 b=27.2 gap=29.5 (face=3.0mm) n=[240, 240, 240, 240, 214, 214, 1, 1, 2, 2, 2, 2, 1, 1]  no evaluation (geometry pre-check)
  [1539] OK     f=   0.227  a=22.2 b=27.2 gap=29.5 (face=3.0mm) n=[240, 240, 239, 239, 216, 216, 1, 1, 1, 1, 2, 2, 1, 1]  tape=0.227km B=10.02T unif=8.382% hoop=110MPa
  [1540] OK     f=   0.227  a=22.2 b=27.2 gap=29.5 (face=3.0mm) n=[242, 242, 239, 239, 213, 213, 1, 1, 1, 1, 2, 2, 2, 2]  tape=0.227km B=10.01T unif=8.699% hoop=108MPa
  [a=22 b=27 nt=1400] KSP converged reason: 4, iterations: 1
  [a=22 b=27 nt=1400] KSP converged reason: 4, iterations: 1
  [a=22 b=27 nt=1398] KSP converged reason: 4, iterations: 1
  [a=22 b=27 nt=1400] KSP converged reason: 4, iterations: 1
  [a=22 b=27 nt=1402] KSP converged reason: 4, iterations: 1
  [a=22 b=27 nt=1404] KSP converged reason: 4, iterations: 1
  [a=22 b=27 nt=1400] KSP converged reason: 4, iterations: 1
  [a=22 b=27 nt=1400] KSP converged reason: 4, iterations: 1
  [1541] OK     f=   0.228  a=22.2 b=27.3 gap=29.5 (face=3.0mm) n=[242, 242, 238, 238, 215, 215, 2, 2, 1, 1, 3, 3, 1, 1]  tape=0.228km B=10.02T unif=8.388% hoop=109MPa
  [1542] viol   f=   0.227  a=22.2 b=27.2 gap=29.5 (face=3.0mm) n=[241, 241, 239, 239, 214, 214, 2, 2, 1, 1, 2, 2, 1, 1]  tape=0.227km B=10.00T unif=8.091% hoop=109MPa
  [1543] OK     f=   0.227  a=22.2 b=27.3 gap=29.5 (face=3.0mm) n=[241, 241, 240, 240, 213, 213, 2, 2, 1, 1, 1, 1, 1, 1]  tape=0.227km B=10.05T unif=8.228% hoop=109MPa
  [1544] INFEAS f=1000.021  a=22.2 b=27.2 gap=29.5 (face=3.0mm) n=[240, 240, 239, 239, 214, 214, 1, 1, 1, 1, 1, 1, 1, 1]  no evaluation (geometry pre-check)
  [1545] OK     f=   0.227  a=22.2 b=27.2 gap=29.5 (face=3.0mm) n=[241, 241, 240, 240, 215, 215, 1, 1, 1, 1, 1, 1, 2, 2]  tape=0.227km B=10.01T unif=7.541% hoop=109MPa
  [1546] OK     f=   0.227  a=22.2 b=27.3 gap=29.5 (face=3.0mm) n=[241, 241, 240, 240, 214, 214, 1, 1, 2, 2, 1, 1, 1, 1]  tape=0.227km B=10.04T unif=7.653% hoop=110MPa
  [1547] OK     f=   0.227  a=22.2 b=27.3 gap=29.5 (face=3.0mm) n=[241, 241, 240, 240, 214, 214, 1, 1, 1, 1, 1, 1, 2, 2]  tape=0.227km B=10.05T unif=7.926% hoop=123MPa
  [1548] OK     f=   0.227  a=22.2 b=27.2 gap=29.5 (face=3.0mm) n=[241, 241, 239, 239, 215, 215, 2, 2, 1, 1, 1, 1, 1, 1]  tape=0.227km B=10.01T unif=8.401% hoop=109MPa
  [1549] INFEAS f=1000.031  a=22.2 b=27.2 gap=29.5 (face=3.0mm) n=[240, 240, 240, 240, 212, 212, 2, 2, 1, 1, 1, 1, 1, 1]  no evaluation (geometry pre-check)
  [1550] OK     f=   0.227  a=22.2 b=27.3 gap=29.5 (face=3.0mm) n=[241, 241, 239, 239, 214, 214, 2, 2, 1, 1, 2, 2, 1, 1]  tape=0.227km B=10.04T unif=8.949% hoop=109MPa
  [a=22 b=27 nt=1396] KSP converged reason: 4, iterations: 1
  [a=22 b=27 nt=1396] KSP converged reason: 4, iterations: 1
  [a=22 b=27 nt=1396] KSP converged reason: 4, iterations: 1
  [a=22 b=27 nt=1402] KSP converged reason: 4, iterations: 1
  [a=22 b=27 nt=1402] KSP converged reason: 4, iterations: 1
  [a=22 b=27 nt=1400] KSP converged reason: 4, iterations: 1
  [a=22 b=27 nt=1400] KSP converged reason: 4, iterations: 1
  [a=22 b=27 nt=1398] KSP converged reason: 4, iterations: 1
  [a=22 b=27 nt=1398] KSP converged reason: 4, iterations: 1
  [a=22 b=27 nt=1400] KSP converged reason: 4, iterations: 1
  [1551] viol   f=   0.229  a=22.2 b=27.3 gap=29.5 (face=3.0mm) n=[241, 241, 240, 240, 212, 212, 1, 1, 1, 1, 1, 1, 2, 2]  tape=0.227km B=9.97T unif=7.435% hoop=108MPa
  [1552] OK     f=   0.228  a=22.2 b=27.2 gap=29.5 (face=3.0mm) n=[241, 241, 239, 239, 214, 214, 1, 1, 2, 2, 1, 1, 3, 3]  tape=0.228km B=10.03T unif=8.485% hoop=109MPa
  [1553] OK     f=   0.227  a=22.2 b=27.3 gap=29.5 (face=3.0mm) n=[242, 242, 239, 239, 212, 212, 1, 1, 2, 2, 1, 1, 1, 1]  tape=0.227km B=10.00T unif=7.583% hoop=109MPa
  [1554] viol   f=   0.227  a=22.2 b=27.2 gap=29.5 (face=3.0mm) n=[240, 240, 238, 238, 217, 217, 2, 2, 1, 1, 1, 1, 1, 1]  tape=0.227km B=9.99T unif=8.305% hoop=108MPa
  [1555] OK     f=   0.226  a=22.2 b=27.3 gap=29.5 (face=3.0mm) n=[241, 241, 239, 239, 214, 214, 1, 1, 1, 1, 1, 1, 1, 1]  tape=0.226km B=10.02T unif=7.443% hoop=109MPa
  [1556] OK     f=   0.228  a=22.2 b=27.3 gap=29.5 (face=3.0mm) n=[241, 241, 240, 240, 213, 213, 2, 2, 2, 2, 1, 1, 2, 2]  tape=0.228km B=10.03T unif=8.549% hoop=109MPa
  [1557] viol   f=   0.227  a=22.2 b=27.3 gap=29.5 (face=3.0mm) n=[241, 241, 239, 239, 214, 214, 2, 2, 2, 2, 1, 1, 1, 1]  tape=0.227km B=10.00T unif=7.358% hoop=109MPa
  [1558] OK     f=   0.227  a=22.2 b=27.2 gap=29.5 (face=3.0mm) n=[242, 242, 239, 239, 213, 213, 1, 1, 1, 1, 1, 1, 2, 2]  tape=0.227km B=10.02T unif=8.715% hoop=108MPa
  [1559] OK     f=   0.227  a=22.2 b=27.2 gap=29.5 (face=3.0mm) n=[241, 241, 240, 240, 213, 213, 1, 1, 2, 2, 1, 1, 2, 2]  tape=0.227km B=10.01T unif=9.056% hoop=109MPa
  [1560] OK     f=   0.227  a=22.2 b=27.3 gap=29.5 (face=3.0mm) n=[242, 242, 238, 238, 215, 215, 1, 1, 1, 1, 1, 1, 1, 1]  tape=0.227km B=10.04T unif=7.936% hoop=110MPa
  [a=22 b=27 nt=1400] KSP converged reason: 4, iterations: 1
  [a=22 b=27 nt=1396] KSP converged reason: 4, iterations: 1
  [a=22 b=27 nt=1396] KSP converged reason: 4, iterations: 1
  [a=22 b=27 nt=1396] KSP converged reason: 4, iterations: 1
  [a=22 b=27 nt=1402] KSP converged reason: 4, iterations: 1
  [a=22 b=27 nt=1404] KSP converged reason: 4, iterations: 1
  [a=22 b=27 nt=1404] KSP converged reason: 4, iterations: 1
  [a=22 b=27 nt=1398] KSP converged reason: 4, iterations: 1
  [a=22 b=27 nt=1398] KSP converged reason: 4, iterations: 1
  [1561] viol   f=   0.227  a=22.2 b=27.3 gap=29.5 (face=3.0mm) n=[241, 241, 238, 238, 217, 217, 1, 1, 2, 2, 1, 1, 1, 1]  tape=0.227km B=9.99T unif=7.988% hoop=108MPa
  [1562] OK     f=   0.227  a=22.2 b=27.2 gap=29.5 (face=3.0mm) n=[240, 240, 240, 240, 216, 216, 2, 2, 1, 1, 2, 2, 1, 1]  tape=0.227km B=10.01T unif=8.102% hoop=109MPa
  [1563] viol   f=   0.229  a=22.2 b=27.3 gap=29.5 (face=3.0mm) n=[241, 241, 239, 239, 214, 214, 1, 1, 1, 1, 1, 1, 1, 1]  tape=0.226km B=9.97T unif=7.196% hoop=109MPa
  [1564] viol   f=   0.227  a=22.2 b=27.2 gap=29.5 (face=3.0mm) n=[241, 241, 240, 240, 212, 212, 2, 2, 1, 1, 1, 1, 1, 1]  tape=0.227km B=9.99T unif=8.244% hoop=109MPa
  [1565] INFEAS f=1000.003  a=22.2 b=27.2 gap=29.5 (face=3.0mm) n=[241, 241, 239, 239, 214, 214, 1, 1, 1, 1, 1, 1, 1, 1]  no evaluation (geometry pre-check)
  [1566] OK     f=   0.227  a=22.2 b=27.2 gap=29.5 (face=3.0mm) n=[241, 241, 239, 239, 216, 216, 1, 1, 1, 1, 1, 1, 1, 1]  tape=0.227km B=10.03T unif=8.663% hoop=109MPa
  [1567] viol   f=   0.227  a=22.2 b=27.2 gap=29.5 (face=3.0mm) n=[241, 241, 239, 239, 214, 214, 1, 1, 1, 1, 1, 1, 1, 1]  tape=0.226km B=9.98T unif=7.529% hoop=109MPa
  [1568] OK     f=   0.228  a=22.2 b=27.3 gap=29.5 (face=3.0mm) n=[241, 241, 239, 239, 216, 216, 2, 2, 1, 1, 1, 1, 2, 2]  tape=0.228km B=10.02T unif=8.022% hoop=111MPa
  [1569] viol   f=   0.229  a=22.2 b=27.3 gap=29.5 (face=3.0mm) n=[241, 241, 239, 239, 212, 212, 2, 2, 1, 1, 2, 2, 2, 2]  tape=0.227km B=9.97T unif=7.892% hoop=109MPa
  [1570] viol   f=   0.227  a=22.2 b=27.2 gap=29.5 (face=3.0mm) n=[241, 241, 239, 239, 214, 214, 1, 1, 2, 2, 1, 1, 1, 1]  tape=0.227km B=9.99T unif=7.820% hoop=109MPa
  [a=22 b=27 nt=1396] KSP converged reason: 4, iterations: 1
  [a=22 b=27 nt=1400] KSP converged reason: 4, iterations: 1
  [a=22 b=27 nt=1396] KSP converged reason: 4, iterations: 1
  [a=22 b=27 nt=1396] KSP converged reason: 4, iterations: 1
  [a=22 b=27 nt=1396] KSP converged reason: 4, iterations: 1
  [a=22 b=27 nt=1394] KSP converged reason: 4, iterations: 1
  [a=22 b=27 nt=1400] KSP converged reason: 4, iterations: 1
  [1571] viol   f=   0.226  a=22.2 b=27.2 gap=29.5 (face=3.0mm) n=[241, 241, 239, 239, 214, 214, 1, 1, 1, 1, 1, 1, 1, 1]  tape=0.226km B=10.00T unif=8.338% hoop=109MPa
  [1572] INFEAS f=1000.004  a=22.2 b=27.2 gap=29.5 (face=3.0mm) n=[240, 240, 240, 240, 214, 214, 1, 1, 2, 2, 1, 1, 1, 1]  no evaluation (geometry pre-check)
  [1573] OK     f=   0.227  a=22.2 b=27.2 gap=29.5 (face=3.0mm) n=[241, 241, 239, 239, 213, 213, 2, 2, 1, 1, 1, 1, 1, 1]  tape=0.227km B=10.00T unif=8.557% hoop=109MPa
  [1574] viol   f=   0.226  a=22.2 b=27.2 gap=29.5 (face=3.0mm) n=[240, 240, 239, 239, 215, 215, 1, 1, 1, 1, 1, 1, 1, 1]  tape=0.226km B=9.99T unif=8.168% hoop=109MPa
  [1575] OK     f=   0.226  a=22.2 b=27.2 gap=29.5 (face=3.0mm) n=[241, 241, 239, 239, 214, 214, 1, 1, 1, 1, 1, 1, 1, 1]  tape=0.226km B=10.01T unif=8.373% hoop=109MPa
  [1576] OK     f=   0.227  a=22.2 b=27.2 gap=29.5 (face=3.0mm) n=[241, 241, 239, 239, 215, 215, 1, 1, 1, 1, 1, 1, 2, 2]  tape=0.227km B=10.04T unif=8.389% hoop=109MPa
  [1577] viol   f=   0.227  a=22.2 b=27.3 gap=29.5 (face=3.0mm) n=[241, 241, 239, 239, 213, 213, 1, 1, 1, 1, 1, 1, 1, 1]  tape=0.226km B=9.98T unif=7.446% hoop=109MPa
  [1578] INFEAS f=1000.000  a=22.2 b=27.2 gap=29.5 (face=3.0mm) n=[242, 242, 239, 239, 214, 214, 1, 1, 1, 1, 1, 1, 1, 1]  no evaluation (geometry pre-check)
  [1579] OK     f=   0.227  a=22.2 b=27.2 gap=29.5 (face=3.0mm) n=[241, 241, 239, 239, 215, 215, 2, 2, 1, 1, 1, 1, 1, 1]  tape=0.227km B=10.02T unif=8.460% hoop=109MPa
  [1580] INFEAS f=1000.002  a=22.2 b=27.2 gap=29.5 (face=3.0mm) n=[241, 241, 240, 240, 213, 213, 1, 1, 1, 1, 1, 1, 1, 1]  no evaluation (geometry pre-check)
  [a=22 b=27 nt=1398] KSP converged reason: 4, iterations: 1
  [a=22 b=27 nt=1396] KSP converged reason: 4, iterations: 1
  [a=22 b=27 nt=1400] KSP converged reason: 4, iterations: 1
  [a=22 b=27 nt=1396] KSP converged reason: 4, iterations: 1
  [a=22 b=27 nt=1398] KSP converged reason: 4, iterations: 1
  [a=22 b=27 nt=1400] KSP converged reason: 4, iterations: 1
  [a=22 b=27 nt=1400] KSP converged reason: 4, iterations: 1
  [a=22 b=27 nt=1402] KSP converged reason: 4, iterations: 1
  [1581] OK     f=   0.227  a=22.2 b=27.3 gap=29.5 (face=3.0mm) n=[241, 241, 240, 240, 215, 215, 1, 1, 1, 1, 1, 1, 1, 1]  tape=0.227km B=10.04T unif=7.820% hoop=109MPa
  [1582] OK     f=   0.226  a=22.2 b=27.3 gap=29.5 (face=3.0mm) n=[241, 241, 239, 239, 214, 214, 1, 1, 1, 1, 1, 1, 1, 1]  tape=0.226km B=10.01T unif=7.738% hoop=109MPa
  [1583] viol   f=   0.227  a=22.2 b=27.2 gap=29.5 (face=3.0mm) n=[241, 241, 238, 238, 216, 216, 1, 1, 1, 1, 1, 1, 1, 1]  tape=0.227km B=9.99T unif=7.850% hoop=109MPa
  [1584] viol   f=   0.226  a=22.2 b=27.2 gap=29.5 (face=3.0mm) n=[241, 241, 239, 239, 214, 214, 1, 1, 1, 1, 1, 1, 1, 1]  tape=0.226km B=10.00T unif=7.696% hoop=109MPa
  [1585] OK     f=   0.227  a=22.2 b=27.2 gap=29.5 (face=3.0mm) n=[240, 240, 241, 241, 214, 214, 1, 1, 1, 1, 2, 2, 1, 1]  tape=0.227km B=10.03T unif=8.489% hoop=109MPa
  [1586] viol   f=   0.227  a=22.2 b=27.2 gap=29.5 (face=3.0mm) n=[240, 240, 241, 241, 213, 213, 1, 1, 2, 2, 1, 1, 1, 1]  tape=0.227km B=9.99T unif=8.183% hoop=110MPa
  [1587] OK     f=   0.227  a=22.2 b=27.3 gap=29.5 (face=3.0mm) n=[241, 241, 239, 239, 214, 214, 1, 1, 2, 2, 2, 2, 1, 1]  tape=0.227km B=10.01T unif=7.640% hoop=109MPa
  [1588] INFEAS f=1000.008  a=22.2 b=27.2 gap=29.5 (face=3.0mm) n=[241, 241, 239, 239, 214, 214, 1, 1, 1, 1, 1, 1, 1, 1]  no evaluation (geometry pre-check)
  [1589] OK     f=   0.228  a=22.2 b=27.2 gap=29.5 (face=3.0mm) n=[241, 241, 239, 239, 215, 215, 1, 1, 2, 2, 1, 1, 2, 2]  tape=0.228km B=10.06T unif=8.625% hoop=109MPa
  [1590] INFEAS f=1000.001  a=22.2 b=27.2 gap=29.5 (face=3.0mm) n=[241, 241, 239, 239, 213, 213, 1, 1, 1, 1, 1, 1, 1, 1]  no evaluation (geometry pre-check)
  [a=22 b=27 nt=1396] KSP converged reason: 4, iterations: 1
  [a=22 b=27 nt=1398] KSP converged reason: 4, iterations: 1
  [a=22 b=27 nt=1396] KSP converged reason: 4, iterations: 1
  [a=22 b=27 nt=1400] KSP converged reason: 4, iterations: 1
  [a=22 b=27 nt=1398] KSP converged reason: 4, iterations: 1
  [a=22 b=27 nt=1398] KSP converged reason: 4, iterations: 1
  [a=22 b=27 nt=1400] KSP converged reason: 4, iterations: 1
  [a=22 b=27 nt=1398] KSP converged reason: 4, iterations: 1
  [a=22 b=27 nt=1398] KSP converged reason: 4, iterations: 1
  [1591] viol   f=   0.228  a=22.2 b=27.2 gap=29.5 (face=3.0mm) n=[241, 241, 240, 240, 213, 213, 1, 1, 1, 1, 2, 2, 1, 1]  tape=0.227km B=9.97T unif=7.398% hoop=127MPa
  [1592] OK     f=   0.227  a=22.2 b=27.3 gap=29.5 (face=3.0mm) n=[241, 241, 240, 240, 212, 212, 2, 2, 1, 1, 2, 2, 2, 2]  tape=0.227km B=10.03T unif=8.286% hoop=110MPa
  [1593] OK     f=   0.226  a=22.2 b=27.2 gap=29.5 (face=3.0mm) n=[241, 241, 240, 240, 213, 213, 1, 1, 1, 1, 1, 1, 1, 1]  tape=0.226km B=10.01T unif=8.361% hoop=109MPa
  [1594] viol   f=   0.227  a=22.2 b=27.2 gap=29.5 (face=3.0mm) n=[241, 241, 240, 240, 213, 213, 1, 1, 1, 1, 1, 1, 2, 2]  tape=0.227km B=9.98T unif=7.482% hoop=109MPa
  [1595] viol   f=   0.227  a=22.2 b=27.3 gap=29.5 (face=3.0mm) n=[241, 241, 239, 239, 214, 214, 1, 1, 1, 1, 1, 1, 1, 1]  tape=0.226km B=9.98T unif=7.457% hoop=110MPa
  [1596] viol   f=   0.228  a=22.2 b=27.3 gap=29.5 (face=3.0mm) n=[242, 242, 239, 239, 213, 213, 1, 1, 1, 1, 1, 1, 2, 2]  tape=0.227km B=9.99T unif=8.111% hoop=108MPa
  [1597] OK     f=   0.227  a=22.2 b=27.2 gap=29.5 (face=3.0mm) n=[241, 241, 239, 239, 215, 215, 2, 2, 1, 1, 1, 1, 1, 1]  tape=0.227km B=10.02T unif=8.363% hoop=109MPa
  [1598] OK     f=   0.227  a=22.2 b=27.2 gap=29.5 (face=3.0mm) n=[242, 242, 239, 239, 214, 214, 1, 1, 1, 1, 1, 1, 1, 1]  tape=0.227km B=10.01T unif=7.790% hoop=109MPa
  [1599] OK     f=   0.227  a=22.2 b=27.3 gap=29.5 (face=3.0mm) n=[242, 242, 239, 239, 213, 213, 1, 1, 1, 1, 2, 2, 1, 1]  tape=0.227km B=10.01T unif=8.670% hoop=108MPa
  [1600] INFEAS f=1000.001  a=22.2 b=27.2 gap=29.5 (face=3.0mm) n=[240, 240, 240, 240, 216, 216, 1, 1, 1, 1, 1, 1, 2, 2]  no evaluation (geometry pre-check)
  [a=22 b=27 nt=1398] KSP converged reason: 4, iterations: 1
  [a=22 b=27 nt=1400] KSP converged reason: 4, iterations: 1
  [a=22 b=27 nt=1398] KSP converged reason: 4, iterations: 1
  [a=22 b=27 nt=1398] KSP converged reason: 4, iterations: 1
  [a=22 b=27 nt=1400] KSP converged reason: 4, iterations: 1
  [a=22 b=27 nt=1400] KSP converged reason: 4, iterations: 1
  [a=22 b=27 nt=1396] KSP converged reason: 4, iterations: 1
  [a=22 b=27 nt=1398] KSP converged reason: 4, iterations: 1
  [a=22 b=27 nt=1396] KSP converged reason: 4, iterations: 1
  [1601] OK     f=   0.227  a=22.2 b=27.2 gap=29.5 (face=3.0mm) n=[241, 241, 240, 240, 214, 214, 1, 1, 1, 1, 1, 1, 1, 1]  tape=0.227km B=10.01T unif=7.621% hoop=109MPa
  [1602] viol   f=   0.227  a=22.2 b=27.3 gap=29.5 (face=3.0mm) n=[241, 241, 239, 239, 215, 215, 2, 2, 1, 1, 1, 1, 1, 1]  tape=0.227km B=10.00T unif=8.280% hoop=109MPa
  [1603] OK     f=   0.227  a=22.2 b=27.2 gap=29.5 (face=3.0mm) n=[240, 240, 239, 239, 214, 214, 2, 2, 1, 1, 1, 1, 2, 2]  tape=0.227km B=10.01T unif=8.181% hoop=109MPa
  [1604] viol   f=   0.227  a=22.2 b=27.3 gap=29.5 (face=3.0mm) n=[241, 241, 238, 238, 216, 216, 1, 1, 1, 1, 1, 1, 2, 2]  tape=0.227km B=10.00T unif=8.067% hoop=109MPa
  [1605] INFEAS f=1000.006  a=22.2 b=27.2 gap=29.5 (face=3.0mm) n=[240, 240, 240, 240, 214, 214, 1, 1, 1, 1, 2, 2, 2, 2]  no evaluation (geometry pre-check)
  [1606] OK     f=   0.227  a=22.2 b=27.2 gap=29.5 (face=3.0mm) n=[240, 240, 240, 240, 215, 215, 2, 2, 1, 1, 1, 1, 1, 1]  tape=0.227km B=10.01T unif=8.515% hoop=109MPa
  [1607] OK     f=   0.226  a=22.2 b=27.2 gap=29.5 (face=3.0mm) n=[241, 241, 239, 239, 215, 215, 1, 1, 1, 1, 1, 1, 1, 1]  tape=0.226km B=10.02T unif=8.022% hoop=109MPa
  [1608] viol   f=   0.229  a=22.2 b=27.2 gap=29.5 (face=3.0mm) n=[242, 242, 238, 238, 214, 214, 1, 1, 1, 1, 1, 1, 1, 1]  tape=0.227km B=9.97T unif=7.342% hoop=109MPa
  [1609] OK     f=   0.227  a=22.2 b=27.3 gap=29.5 (face=3.0mm) n=[241, 241, 239, 239, 215, 215, 1, 1, 1, 1, 1, 1, 1, 1]  tape=0.227km B=10.02T unif=8.348% hoop=109MPa
  [1610] OK     f=   0.226  a=22.2 b=27.2 gap=29.5 (face=3.0mm) n=[241, 241, 239, 239, 214, 214, 1, 1, 1, 1, 1, 1, 1, 1]  tape=0.226km B=10.03T unif=8.326% hoop=109MPa
  [a=22 b=27 nt=1402] KSP converged reason: 4, iterations: 1
  [a=22 b=27 nt=1404] KSP converged reason: 4, iterations: 1
  [a=22 b=27 nt=1402] KSP converged reason: 4, iterations: 1
  [a=22 b=27 nt=1400] KSP converged reason: 4, iterations: 1
  [a=22 b=27 nt=1400] KSP converged reason: 4, iterations: 1
  [a=22 b=27 nt=1398] KSP converged reason: 4, iterations: 1
  [a=22 b=27 nt=1394] KSP converged reason: 4, iterations: 1
  [a=22 b=27 nt=1396] KSP converged reason: 4, iterations: 1
  [a=22 b=27 nt=1398] KSP converged reason: 4, iterations: 1
  [1611] viol   f=   0.228  a=22.2 b=27.2 gap=29.5 (face=3.0mm) n=[240, 240, 240, 240, 215, 215, 2, 2, 1, 1, 2, 2, 1, 1]  tape=0.227km B=9.98T unif=7.323% hoop=109MPa
  [1612] OK     f=   0.228  a=22.2 b=27.2 gap=29.5 (face=3.0mm) n=[241, 241, 240, 240, 214, 214, 1, 1, 2, 2, 2, 2, 2, 2]  tape=0.228km B=10.03T unif=8.361% hoop=109MPa
  [1613] OK     f=   0.227  a=22.2 b=27.2 gap=29.5 (face=3.0mm) n=[241, 241, 239, 239, 216, 216, 2, 2, 1, 1, 1, 1, 1, 1]  tape=0.227km B=10.00T unif=7.600% hoop=109MPa
  [1614] OK     f=   0.227  a=22.2 b=27.3 gap=29.5 (face=3.0mm) n=[240, 240, 241, 241, 213, 213, 1, 1, 1, 1, 2, 2, 1, 1]  tape=0.227km B=10.01T unif=8.241% hoop=109MPa
  [1615] OK     f=   0.227  a=22.2 b=27.3 gap=29.5 (face=3.0mm) n=[241, 241, 240, 240, 214, 214, 1, 1, 1, 1, 2, 2, 1, 1]  tape=0.227km B=10.04T unif=8.624% hoop=109MPa
  [1616] INFEAS f=1000.000  a=22.2 b=27.2 gap=29.5 (face=3.0mm) n=[241, 241, 239, 239, 214, 214, 1, 1, 1, 1, 1, 1, 2, 2]  no evaluation (geometry pre-check)
  [1617] OK     f=   0.227  a=22.2 b=27.2 gap=29.5 (face=3.0mm) n=[241, 241, 239, 239, 214, 214, 1, 1, 2, 2, 1, 1, 2, 2]  tape=0.227km B=10.04T unif=8.773% hoop=109MPa
  [1618] viol   f=   0.226  a=22.2 b=27.2 gap=29.5 (face=3.0mm) n=[241, 241, 239, 239, 213, 213, 1, 1, 1, 1, 1, 1, 1, 1]  tape=0.226km B=9.99T unif=7.661% hoop=109MPa
  [1619] OK     f=   0.226  a=22.2 b=27.2 gap=29.5 (face=3.0mm) n=[241, 241, 239, 239, 214, 214, 1, 1, 1, 1, 1, 1, 1, 1]  tape=0.226km B=10.01T unif=7.771% hoop=109MPa
  [1620] OK     f=   0.227  a=22.2 b=27.2 gap=29.5 (face=3.0mm) n=[241, 241, 239, 239, 213, 213, 1, 1, 1, 1, 2, 2, 2, 2]  tape=0.227km B=10.00T unif=8.123% hoop=109MPa
  [a=22 b=27 nt=1400] KSP converged reason: 4, iterations: 1
  [a=22 b=27 nt=1392] KSP converged reason: 4, iterations: 1
  [a=22 b=27 nt=1398] KSP converged reason: 4, iterations: 1
  [a=22 b=27 nt=1394] KSP converged reason: 4, iterations: 1
  [a=22 b=27 nt=1396] KSP converged reason: 4, iterations: 1
  [a=22 b=27 nt=1396] KSP converged reason: 4, iterations: 1
  [a=22 b=27 nt=1394] KSP converged reason: 4, iterations: 1
  [a=22 b=27 nt=1396] KSP converged reason: 4, iterations: 1
  [a=22 b=27 nt=1394] KSP converged reason: 4, iterations: 1
  [1621] OK     f=   0.227  a=22.2 b=27.2 gap=29.5 (face=3.0mm) n=[241, 241, 239, 239, 213, 213, 1, 1, 1, 1, 1, 1, 2, 2]  tape=0.227km B=10.01T unif=8.225% hoop=109MPa
  [1622] OK     f=   0.226  a=22.2 b=27.2 gap=29.5 (face=3.0mm) n=[241, 241, 240, 240, 211, 211, 1, 1, 1, 1, 1, 1, 1, 1]  tape=0.226km B=10.02T unif=8.368% hoop=109MPa
  [1623] OK     f=   0.227  a=22.2 b=27.3 gap=29.5 (face=3.0mm) n=[241, 241, 239, 239, 214, 214, 1, 1, 1, 1, 1, 1, 2, 2]  tape=0.227km B=10.01T unif=8.075% hoop=109MPa
  [1624] OK     f=   0.227  a=22.2 b=27.3 gap=29.5 (face=3.0mm) n=[241, 241, 238, 238, 215, 215, 2, 2, 2, 2, 1, 1, 1, 1]  tape=0.227km B=10.01T unif=8.119% hoop=108MPa
  [1625] OK     f=   0.227  a=22.2 b=27.2 gap=29.5 (face=3.0mm) n=[241, 241, 239, 239, 213, 213, 1, 1, 2, 2, 1, 1, 1, 1]  tape=0.227km B=10.02T unif=8.841% hoop=109MPa
  [1626] OK     f=   0.226  a=22.2 b=27.2 gap=29.5 (face=3.0mm) n=[241, 241, 239, 239, 213, 213, 1, 1, 1, 1, 1, 1, 1, 1]  tape=0.226km B=10.01T unif=8.294% hoop=109MPa
  [1627] viol   f=   0.230  a=22.2 b=27.2 gap=29.5 (face=3.0mm) n=[241, 241, 238, 238, 214, 214, 1, 1, 1, 1, 1, 1, 1, 1]  tape=0.226km B=9.95T unif=7.719% hoop=108MPa
  [1628] OK     f=   0.226  a=22.2 b=27.2 gap=29.5 (face=3.0mm) n=[241, 241, 239, 239, 214, 214, 1, 1, 1, 1, 1, 1, 1, 1]  tape=0.226km B=10.01T unif=7.560% hoop=109MPa
  [1629] viol   f=   0.227  a=22.2 b=27.2 gap=29.5 (face=3.0mm) n=[241, 241, 240, 240, 211, 211, 1, 1, 1, 1, 2, 2, 1, 1]  tape=0.226km B=9.98T unif=7.786% hoop=109MPa
  [1630] INFEAS f=1000.002  a=22.2 b=27.2 gap=29.5 (face=3.0mm) n=[241, 241, 238, 238, 213, 213, 1, 1, 1, 1, 1, 1, 2, 2]  no evaluation (geometry pre-check)
  [a=22 b=27 nt=1392] KSP converged reason: 4, iterations: 1
  [a=22 b=27 nt=1396] KSP converged reason: 4, iterations: 1
  [a=22 b=27 nt=1392] KSP converged reason: 4, iterations: 1
  [a=22 b=27 nt=1398] KSP converged reason: 4, iterations: 1
  [a=22 b=27 nt=1396] KSP converged reason: 4, iterations: 1
  [a=22 b=27 nt=1394] KSP converged reason: 4, iterations: 1
  [a=22 b=27 nt=1396] KSP converged reason: 4, iterations: 1
  [a=22 b=27 nt=1396] KSP converged reason: 4, iterations: 1
  [1631] OK     f=   0.226  a=22.2 b=27.2 gap=29.5 (face=3.0mm) n=[241, 241, 240, 240, 211, 211, 1, 1, 2, 2, 1, 1, 1, 1]  tape=0.226km B=10.02T unif=8.756% hoop=109MPa
  [1632] viol   f=   0.228  a=22.2 b=27.3 gap=29.5 (face=3.0mm) n=[241, 241, 239, 239, 214, 214, 1, 1, 1, 1, 1, 1, 2, 2]  tape=0.227km B=9.98T unif=7.601% hoop=109MPa
  [1633] INFEAS f=1000.001  a=22.2 b=27.2 gap=29.5 (face=3.0mm) n=[241, 241, 239, 239, 214, 214, 1, 1, 1, 1, 1, 1, 1, 1]  no evaluation (geometry pre-check)
  [1634] viol   f=   0.227  a=22.2 b=27.2 gap=29.5 (face=3.0mm) n=[241, 241, 239, 239, 213, 213, 1, 1, 2, 2, 1, 1, 1, 1]  tape=0.227km B=9.99T unif=7.743% hoop=109MPa
  [1635] viol   f=   0.227  a=22.2 b=27.3 gap=29.5 (face=3.0mm) n=[242, 242, 239, 239, 211, 211, 1, 1, 1, 1, 1, 1, 1, 1]  tape=0.226km B=9.98T unif=7.710% hoop=108MPa
  [1636] INFEAS f=1000.000  a=22.2 b=27.2 gap=29.5 (face=3.0mm) n=[241, 241, 240, 240, 212, 212, 1, 1, 1, 1, 1, 1, 1, 1]  no evaluation (geometry pre-check)
  [1637] OK     f=   0.226  a=22.2 b=27.2 gap=29.5 (face=3.0mm) n=[241, 241, 239, 239, 212, 212, 1, 1, 1, 1, 1, 1, 1, 1]  tape=0.226km B=10.01T unif=8.335% hoop=109MPa
  [1638] OK     f=   0.227  a=22.2 b=27.3 gap=29.5 (face=3.0mm) n=[241, 241, 239, 239, 213, 213, 2, 2, 1, 1, 1, 1, 1, 1]  tape=0.227km B=10.01T unif=8.375% hoop=109MPa
  [1639] OK     f=   0.226  a=22.2 b=27.2 gap=29.5 (face=3.0mm) n=[241, 241, 239, 239, 214, 214, 1, 1, 1, 1, 1, 1, 1, 1]  tape=0.226km B=10.04T unif=7.646% hoop=109MPa
  [1640] viol   f=   0.227  a=22.2 b=27.2 gap=29.5 (face=3.0mm) n=[241, 241, 240, 240, 212, 212, 1, 1, 1, 1, 1, 1, 2, 2]  tape=0.226km B=9.99T unif=7.703% hoop=109MPa
  [a=22 b=27 nt=1392] KSP converged reason: 4, iterations: 1
  [a=22 b=27 nt=1392] KSP converged reason: 4, iterations: 1
  [a=22 b=27 nt=1394] KSP converged reason: 4, iterations: 1
  [a=22 b=27 nt=1394] KSP converged reason: 4, iterations: 1
  [a=22 b=27 nt=1396] KSP converged reason: 4, iterations: 1
  [a=22 b=27 nt=1392] KSP converged reason: 4, iterations: 1
  [a=22 b=27 nt=1392] KSP converged reason: 4, iterations: 1
  [a=22 b=27 nt=1394] KSP converged reason: 4, iterations: 1
  [a=22 b=27 nt=1394] KSP converged reason: 4, iterations: 1
  [1641] viol   f=   0.227  a=22.2 b=27.2 gap=29.5 (face=3.0mm) n=[242, 242, 239, 239, 211, 211, 1, 1, 1, 1, 1, 1, 1, 1]  tape=0.226km B=9.98T unif=7.693% hoop=109MPa
  [1642] viol   f=   0.227  a=22.2 b=27.3 gap=29.5 (face=3.0mm) n=[241, 241, 239, 239, 213, 213, 1, 1, 1, 1, 1, 1, 1, 1]  tape=0.226km B=9.98T unif=7.474% hoop=109MPa
  [1643] viol   f=   0.226  a=22.2 b=27.2 gap=29.5 (face=3.0mm) n=[241, 241, 239, 239, 211, 211, 1, 1, 2, 2, 1, 1, 1, 1]  tape=0.226km B=9.99T unif=8.047% hoop=109MPa
  [1644] OK     f=   0.227  a=22.2 b=27.2 gap=29.5 (face=3.0mm) n=[241, 241, 240, 240, 211, 211, 2, 2, 1, 1, 1, 1, 2, 2]  tape=0.227km B=10.03T unif=8.549% hoop=109MPa
  [1645] OK     f=   0.226  a=22.2 b=27.2 gap=29.5 (face=3.0mm) n=[241, 241, 239, 239, 213, 213, 1, 1, 1, 1, 1, 1, 1, 1]  tape=0.226km B=10.00T unif=7.780% hoop=109MPa
  [1646] OK     f=   0.226  a=22.2 b=27.2 gap=29.5 (face=3.0mm) n=[241, 241, 239, 239, 212, 212, 1, 1, 1, 1, 1, 1, 1, 1]  tape=0.226km B=10.01T unif=7.779% hoop=109MPa
  [1647] OK     f=   0.226  a=22.2 b=27.2 gap=29.5 (face=3.0mm) n=[241, 241, 239, 239, 212, 212, 1, 1, 1, 1, 1, 1, 1, 1]  tape=0.226km B=10.00T unif=8.366% hoop=108MPa
  [1648] INFEAS f=1000.002  a=22.2 b=27.2 gap=29.5 (face=3.0mm) n=[241, 241, 240, 240, 213, 213, 1, 1, 1, 1, 1, 1, 1, 1]  no evaluation (geometry pre-check)
  [1649] viol   f=   0.226  a=22.2 b=27.2 gap=29.5 (face=3.0mm) n=[241, 241, 239, 239, 212, 212, 1, 1, 2, 2, 1, 1, 1, 1]  tape=0.226km B=9.99T unif=7.843% hoop=109MPa
  [1650] viol   f=   0.228  a=22.2 b=27.2 gap=29.5 (face=3.0mm) n=[241, 241, 239, 239, 211, 211, 2, 2, 2, 2, 1, 1, 1, 1]  tape=0.226km B=9.98T unif=7.621% hoop=109MPa
  [a=22 b=27 nt=1394] KSP converged reason: 4, iterations: 1
  [a=22 b=27 nt=1394] KSP converged reason: 4, iterations: 1
  [a=22 b=27 nt=1394] KSP converged reason: 4, iterations: 1
  [a=22 b=27 nt=1396] KSP converged reason: 4, iterations: 1
  [a=22 b=27 nt=1396] KSP converged reason: 4, iterations: 1
  [a=22 b=27 nt=1394] KSP converged reason: 4, iterations: 1
  [a=22 b=27 nt=1394] KSP converged reason: 4, iterations: 1
  [a=22 b=27 nt=1394] KSP converged reason: 4, iterations: 1
  [a=22 b=27 nt=1396] KSP converged reason: 4, iterations: 1
  [a=22 b=27 nt=1396] KSP converged reason: 4, iterations: 1
  [1651] viol   f=   0.228  a=22.2 b=27.2 gap=29.5 (face=3.0mm) n=[241, 241, 239, 239, 212, 212, 1, 1, 1, 1, 1, 1, 2, 2]  tape=0.226km B=9.97T unif=7.617% hoop=109MPa
  [1652] viol   f=   0.227  a=22.2 b=27.2 gap=29.5 (face=3.0mm) n=[241, 241, 239, 239, 213, 213, 1, 1, 1, 1, 1, 1, 1, 1]  tape=0.226km B=9.98T unif=7.655% hoop=109MPa
  [1653] viol   f=   0.228  a=22.2 b=27.2 gap=29.5 (face=3.0mm) n=[241, 241, 239, 239, 212, 212, 1, 1, 2, 2, 1, 1, 1, 1]  tape=0.226km B=9.97T unif=7.659% hoop=108MPa
  [1654] viol   f=   0.227  a=22.2 b=27.2 gap=29.5 (face=3.0mm) n=[241, 241, 239, 239, 213, 213, 1, 1, 2, 2, 1, 1, 1, 1]  tape=0.227km B=10.00T unif=8.250% hoop=109MPa
  [1655] OK     f=   0.227  a=22.2 b=27.2 gap=29.5 (face=3.0mm) n=[242, 242, 239, 239, 212, 212, 1, 1, 1, 1, 1, 1, 2, 2]  tape=0.227km B=10.01T unif=7.594% hoop=109MPa
  [1656] OK     f=   0.226  a=22.2 b=27.2 gap=29.5 (face=3.0mm) n=[242, 242, 239, 239, 211, 211, 1, 1, 2, 2, 1, 1, 1, 1]  tape=0.226km B=10.03T unif=8.762% hoop=108MPa
  [1657] OK     f=   0.226  a=22.2 b=27.2 gap=29.5 (face=3.0mm) n=[241, 241, 238, 238, 214, 214, 1, 1, 1, 1, 1, 1, 1, 1]  tape=0.226km B=10.00T unif=8.241% hoop=109MPa
  [1658] viol   f=   0.227  a=22.2 b=27.2 gap=29.5 (face=3.0mm) n=[241, 241, 239, 239, 212, 212, 2, 2, 1, 1, 1, 1, 1, 1]  tape=0.226km B=9.98T unif=7.838% hoop=109MPa
  [1659] viol   f=   0.228  a=22.2 b=27.2 gap=29.5 (face=3.0mm) n=[240, 240, 240, 240, 211, 211, 2, 2, 1, 1, 2, 2, 2, 2]  tape=0.226km B=9.98T unif=7.913% hoop=108MPa
  [1660] viol   f=   0.226  a=22.2 b=27.2 gap=29.5 (face=3.0mm) n=[241, 241, 240, 240, 212, 212, 1, 1, 1, 1, 1, 1, 2, 2]  tape=0.226km B=10.00T unif=7.793% hoop=109MPa
  [a=22 b=27 nt=1394] KSP converged reason: 4, iterations: 1
  [a=22 b=27 nt=1398] KSP converged reason: 4, iterations: 1
  [a=22 b=27 nt=1394] KSP converged reason: 4, iterations: 1
  [a=22 b=27 nt=1394] KSP converged reason: 4, iterations: 1
  [a=22 b=27 nt=1396] KSP converged reason: 4, iterations: 1
  [a=22 b=27 nt=1394] KSP converged reason: 4, iterations: 1
  [a=22 b=27 nt=1394] KSP converged reason: 4, iterations: 1
  [a=22 b=27 nt=1392] KSP converged reason: 4, iterations: 1
  [a=22 b=27 nt=1396] KSP converged reason: 4, iterations: 1
  [a=22 b=27 nt=1398] KSP converged reason: 4, iterations: 1
  [1661] viol   f=   0.227  a=22.2 b=27.3 gap=29.5 (face=3.0mm) n=[242, 242, 238, 238, 212, 212, 1, 1, 1, 1, 1, 1, 2, 2]  tape=0.227km B=9.99T unif=7.499% hoop=109MPa
  [1662] OK     f=   0.226  a=22.2 b=27.2 gap=29.5 (face=3.0mm) n=[241, 241, 238, 238, 214, 214, 1, 1, 1, 1, 1, 1, 1, 1]  tape=0.226km B=10.01T unif=8.267% hoop=109MPa
  [1663] OK     f=   0.226  a=22.2 b=27.2 gap=29.5 (face=3.0mm) n=[241, 241, 240, 240, 213, 213, 1, 1, 1, 1, 1, 1, 1, 1]  tape=0.226km B=10.02T unif=8.143% hoop=109MPa
  [1664] viol   f=   0.226  a=22.2 b=27.2 gap=29.5 (face=3.0mm) n=[241, 241, 239, 239, 212, 212, 1, 1, 2, 2, 1, 1, 1, 1]  tape=0.226km B=10.00T unif=8.064% hoop=109MPa
  [1665] viol   f=   0.228  a=22.2 b=27.2 gap=29.5 (face=3.0mm) n=[241, 241, 239, 239, 213, 213, 1, 1, 1, 1, 2, 2, 2, 2]  tape=0.227km B=9.98T unif=7.998% hoop=109MPa
  [1666] viol   f=   0.226  a=22.2 b=27.2 gap=29.5 (face=3.0mm) n=[241, 241, 238, 238, 213, 213, 1, 1, 1, 1, 1, 1, 2, 2]  tape=0.226km B=9.99T unif=8.174% hoop=109MPa
  [1667] OK     f=   0.227  a=22.2 b=27.2 gap=29.5 (face=3.0mm) n=[242, 242, 239, 239, 211, 211, 1, 1, 1, 1, 1, 1, 2, 2]  tape=0.227km B=10.01T unif=8.756% hoop=108MPa
  [1668] OK     f=   0.226  a=22.2 b=27.2 gap=29.5 (face=3.0mm) n=[241, 241, 238, 238, 215, 215, 1, 1, 1, 1, 1, 1, 1, 1]  tape=0.226km B=10.00T unif=8.236% hoop=109MPa
  [1669] viol   f=   0.226  a=22.2 b=27.2 gap=29.5 (face=3.0mm) n=[241, 241, 239, 239, 212, 212, 1, 1, 1, 1, 1, 1, 1, 1]  tape=0.226km B=10.00T unif=8.432% hoop=109MPa
  [1670] viol   f=   0.227  a=22.2 b=27.2 gap=29.5 (face=3.0mm) n=[242, 242, 239, 239, 212, 212, 1, 1, 2, 2, 1, 1, 2, 2]  tape=0.227km B=9.99T unif=8.305% hoop=109MPa
  [a=22 b=27 nt=1396] KSP converged reason: 4, iterations: 1
  [a=22 b=27 nt=1398] KSP converged reason: 4, iterations: 1
  [a=22 b=27 nt=1392] KSP converged reason: 4, iterations: 1
  [a=22 b=27 nt=1392] KSP converged reason: 4, iterations: 1
  [a=22 b=27 nt=1394] KSP converged reason: 4, iterations: 1
  [a=22 b=27 nt=1396] KSP converged reason: 4, iterations: 1
  [a=22 b=27 nt=1400] KSP converged reason: 4, iterations: 1
  [a=22 b=27 nt=1392] KSP converged reason: 4, iterations: 1
  [a=22 b=27 nt=1394] KSP converged reason: 4, iterations: 1
  [1671] viol   f=   0.227  a=22.2 b=27.3 gap=29.5 (face=3.0mm) n=[241, 241, 239, 239, 213, 213, 2, 2, 1, 1, 1, 1, 2, 2]  tape=0.227km B=9.99T unif=7.965% hoop=109MPa
  [1672] INFEAS f=1000.000  a=22.2 b=27.2 gap=29.5 (face=3.0mm) n=[241, 241, 239, 239, 211, 211, 2, 2, 1, 1, 1, 1, 1, 1]  no evaluation (geometry pre-check)
  [1673] viol   f=   0.226  a=22.2 b=27.2 gap=29.5 (face=3.0mm) n=[241, 241, 239, 239, 213, 213, 1, 1, 2, 2, 1, 1, 1, 1]  tape=0.226km B=10.00T unif=8.128% hoop=109MPa
  [1674] viol   f=   0.227  a=22.2 b=27.2 gap=29.5 (face=3.0mm) n=[241, 241, 239, 239, 211, 211, 2, 2, 1, 1, 1, 1, 1, 1]  tape=0.226km B=9.98T unif=8.402% hoop=109MPa
  [1675] OK     f=   0.226  a=22.2 b=27.2 gap=29.5 (face=3.0mm) n=[242, 242, 238, 238, 214, 214, 1, 1, 1, 1, 1, 1, 1, 1]  tape=0.226km B=10.00T unif=7.537% hoop=109MPa
  [1676] viol   f=   0.229  a=22.2 b=27.2 gap=29.5 (face=3.0mm) n=[242, 242, 238, 238, 212, 212, 1, 1, 1, 1, 1, 1, 1, 1]  tape=0.226km B=9.96T unif=7.816% hoop=110MPa
  [1677] OK     f=   0.226  a=22.2 b=27.2 gap=29.5 (face=3.0mm) n=[241, 241, 239, 239, 213, 213, 1, 1, 1, 1, 1, 1, 1, 1]  tape=0.226km B=10.00T unif=7.612% hoop=109MPa
  [1678] viol   f=   0.228  a=22.2 b=27.2 gap=29.5 (face=3.0mm) n=[241, 241, 238, 238, 214, 214, 1, 1, 2, 2, 2, 2, 2, 2]  tape=0.227km B=9.99T unif=7.636% hoop=109MPa
  [1679] viol   f=   0.226  a=22.2 b=27.2 gap=29.5 (face=3.0mm) n=[241, 241, 239, 239, 212, 212, 1, 1, 1, 1, 1, 1, 1, 1]  tape=0.226km B=9.99T unif=8.364% hoop=109MPa
  [1680] viol   f=   0.227  a=22.2 b=27.2 gap=29.5 (face=3.0mm) n=[241, 241, 238, 238, 213, 213, 1, 1, 1, 1, 1, 1, 2, 2]  tape=0.226km B=9.98T unif=8.179% hoop=109MPa
  [a=22 b=27 nt=1394] KSP converged reason: 4, iterations: 1
  [a=22 b=27 nt=1394] KSP converged reason: 4, iterations: 1
  [a=22 b=27 nt=1396] KSP converged reason: 4, iterations: 1
  [a=22 b=27 nt=1394] KSP converged reason: 4, iterations: 1
  [a=22 b=27 nt=1394] KSP converged reason: 4, iterations: 1
  [a=22 b=27 nt=1392] KSP converged reason: 4, iterations: 1
  [a=22 b=27 nt=1396] KSP converged reason: 4, iterations: 1
  [a=22 b=27 nt=1394] KSP converged reason: 4, iterations: 1
  [1681] OK     f=   0.226  a=22.2 b=27.2 gap=29.5 (face=3.0mm) n=[240, 240, 240, 240, 212, 212, 2, 2, 1, 1, 1, 1, 1, 1]  tape=0.226km B=10.01T unif=8.294% hoop=109MPa
  [1682] INFEAS f=1000.000  a=22.2 b=27.2 gap=29.5 (face=3.0mm) n=[241, 241, 239, 239, 213, 213, 1, 1, 1, 1, 1, 1, 1, 1]  no evaluation (geometry pre-check)
  [1683] viol   f=   0.227  a=22.2 b=27.2 gap=29.5 (face=3.0mm) n=[241, 241, 239, 239, 212, 212, 2, 2, 1, 1, 1, 1, 1, 1]  tape=0.226km B=9.98T unif=7.597% hoop=108MPa
  [1684] viol   f=   0.227  a=22.2 b=27.2 gap=29.5 (face=3.0mm) n=[240, 240, 240, 240, 213, 213, 1, 1, 1, 1, 1, 1, 1, 1]  tape=0.226km B=9.98T unif=7.607% hoop=108MPa
  [1685] INFEAS f=1000.012  a=22.2 b=27.2 gap=29.5 (face=3.0mm) n=[241, 241, 238, 238, 214, 214, 1, 1, 1, 1, 1, 1, 1, 1]  no evaluation (geometry pre-check)
  [1686] viol   f=   0.226  a=22.2 b=27.2 gap=29.5 (face=3.0mm) n=[241, 241, 239, 239, 213, 213, 1, 1, 1, 1, 1, 1, 1, 1]  tape=0.226km B=9.99T unif=7.747% hoop=109MPa
  [1687] viol   f=   0.227  a=22.2 b=27.3 gap=29.5 (face=3.0mm) n=[241, 241, 239, 239, 213, 213, 2, 2, 1, 1, 1, 1, 1, 1]  tape=0.227km B=10.00T unif=8.500% hoop=109MPa
  [1688] viol   f=   0.231  a=22.2 b=27.2 gap=29.5 (face=3.0mm) n=[240, 240, 239, 239, 212, 212, 1, 1, 1, 1, 1, 1, 2, 2]  tape=0.226km B=9.95T unif=8.242% hoop=109MPa
  [1689] OK     f=   0.226  a=22.2 b=27.2 gap=29.5 (face=3.0mm) n=[241, 241, 239, 239, 213, 213, 1, 1, 1, 1, 2, 2, 1, 1]  tape=0.226km B=10.01T unif=8.653% hoop=109MPa
  [1690] viol   f=   0.227  a=22.2 b=27.2 gap=29.5 (face=3.0mm) n=[241, 241, 239, 239, 213, 213, 1, 1, 1, 1, 1, 1, 1, 1]  tape=0.226km B=9.98T unif=7.715% hoop=109MPa
  [a=22 b=27 nt=1394] KSP converged reason: 4, iterations: 1
  [a=22 b=27 nt=1394] KSP converged reason: 4, iterations: 1
  [a=22 b=27 nt=1394] KSP converged reason: 4, iterations: 1
  [a=22 b=27 nt=1394] KSP converged reason: 4, iterations: 1
  [a=22 b=27 nt=1394] KSP converged reason: 4, iterations: 1
  [a=22 b=27 nt=1394] KSP converged reason: 4, iterations: 1
  [a=22 b=27 nt=1390] KSP converged reason: 4, iterations: 1
  [a=22 b=27 nt=1394] KSP converged reason: 4, iterations: 1
  [a=22 b=27 nt=1394] KSP converged reason: 4, iterations: 1
  [a=22 b=27 nt=1394] KSP converged reason: 4, iterations: 1
  [1691] viol   f=   0.226  a=22.2 b=27.2 gap=29.5 (face=3.0mm) n=[241, 241, 239, 239, 213, 213, 1, 1, 1, 1, 1, 1, 1, 1]  tape=0.226km B=10.00T unif=8.235% hoop=109MPa
  [1692] viol   f=   0.227  a=22.2 b=27.2 gap=29.5 (face=3.0mm) n=[241, 241, 239, 239, 213, 213, 1, 1, 1, 1, 1, 1, 1, 1]  tape=0.226km B=9.98T unif=8.265% hoop=108MPa
  [1693] OK     f=   0.226  a=22.2 b=27.2 gap=29.5 (face=3.0mm) n=[241, 241, 239, 239, 213, 213, 1, 1, 1, 1, 1, 1, 1, 1]  tape=0.226km B=10.00T unif=8.411% hoop=109MPa
  [1694] viol   f=   0.226  a=22.2 b=27.2 gap=29.5 (face=3.0mm) n=[241, 241, 239, 239, 212, 212, 1, 1, 2, 2, 1, 1, 1, 1]  tape=0.226km B=10.00T unif=8.281% hoop=109MPa
  [1695] viol   f=   0.227  a=22.2 b=27.2 gap=29.5 (face=3.0mm) n=[241, 241, 239, 239, 213, 213, 1, 1, 1, 1, 1, 1, 1, 1]  tape=0.226km B=9.98T unif=8.305% hoop=109MPa
  [1696] viol   f=   0.226  a=22.2 b=27.2 gap=29.5 (face=3.0mm) n=[241, 241, 239, 239, 211, 211, 1, 1, 2, 2, 1, 1, 2, 2]  tape=0.226km B=10.00T unif=8.450% hoop=125MPa
  [1697] OK     f=   0.226  a=22.2 b=27.2 gap=29.5 (face=3.0mm) n=[241, 241, 240, 240, 212, 212, 1, 1, 1, 1, 1, 1, 1, 1]  tape=0.226km B=10.03T unif=8.639% hoop=109MPa
  [1698] viol   f=   0.230  a=22.2 b=27.2 gap=29.5 (face=3.0mm) n=[241, 241, 239, 239, 212, 212, 1, 1, 1, 1, 1, 1, 2, 2]  tape=0.226km B=9.96T unif=7.452% hoop=108MPa
  [1699] OK     f=   0.226  a=22.2 b=27.2 gap=29.5 (face=3.0mm) n=[241, 241, 239, 239, 213, 213, 1, 1, 1, 1, 1, 1, 1, 1]  tape=0.226km B=10.02T unif=8.306% hoop=109MPa
  [1700] viol   f=   0.226  a=22.2 b=27.2 gap=29.5 (face=3.0mm) n=[241, 241, 239, 239, 211, 211, 1, 1, 1, 1, 1, 1, 1, 1]  tape=0.226km B=10.00T unif=7.770% hoop=109MPa
  [a=22 b=27 nt=1392] KSP converged reason: 4, iterations: 1
  [a=22 b=27 nt=1394] KSP converged reason: 4, iterations: 1
  [a=22 b=27 nt=1394] KSP converged reason: 4, iterations: 1
  [a=22 b=27 nt=1394] KSP converged reason: 4, iterations: 1
  [a=22 b=27 nt=1394] KSP converged reason: 4, iterations: 1
  [a=22 b=27 nt=1396] KSP converged reason: 4, iterations: 1
  [a=22 b=27 nt=1392] KSP converged reason: 4, iterations: 1
  [a=22 b=27 nt=1394] KSP converged reason: 4, iterations: 1
  [a=22 b=27 nt=1394] KSP converged reason: 4, iterations: 1
  [a=22 b=27 nt=1396] KSP converged reason: 4, iterations: 1
  [1701] viol   f=   0.226  a=22.2 b=27.2 gap=29.5 (face=3.0mm) n=[240, 240, 240, 240, 212, 212, 1, 1, 1, 1, 2, 2, 1, 1]  tape=0.226km B=9.99T unif=8.562% hoop=108MPa
  [1702] viol   f=   0.228  a=22.2 b=27.2 gap=29.5 (face=3.0mm) n=[240, 240, 240, 240, 212, 212, 2, 2, 1, 1, 1, 1, 1, 1]  tape=0.226km B=9.97T unif=8.544% hoop=109MPa
  [1703] OK     f=   0.226  a=22.2 b=27.2 gap=29.5 (face=3.0mm) n=[241, 241, 240, 240, 212, 212, 1, 1, 1, 1, 1, 1, 1, 1]  tape=0.226km B=10.01T unif=8.455% hoop=109MPa
  [1704] OK     f=   0.226  a=22.2 b=27.2 gap=29.5 (face=3.0mm) n=[241, 241, 240, 240, 212, 212, 1, 1, 1, 1, 1, 1, 1, 1]  tape=0.226km B=10.03T unif=8.623% hoop=109MPa
  [1705] OK     f=   0.227  a=22.2 b=27.2 gap=29.5 (face=3.0mm) n=[241, 241, 239, 239, 212, 212, 1, 1, 2, 2, 1, 1, 2, 2]  tape=0.227km B=10.02T unif=8.585% hoop=109MPa
  [1706] viol   f=   0.226  a=22.2 b=27.2 gap=29.5 (face=3.0mm) n=[241, 241, 239, 239, 212, 212, 1, 1, 1, 1, 1, 1, 1, 1]  tape=0.226km B=9.99T unif=8.462% hoop=108MPa
  [1707] viol   f=   0.226  a=22.2 b=27.2 gap=29.5 (face=3.0mm) n=[241, 241, 239, 239, 212, 212, 1, 1, 1, 1, 1, 1, 1, 1]  tape=0.226km B=9.99T unif=7.762% hoop=109MPa
  [1708] OK     f=   0.226  a=22.2 b=27.2 gap=29.5 (face=3.0mm) n=[241, 241, 240, 240, 212, 212, 1, 1, 1, 1, 1, 1, 1, 1]  tape=0.226km B=10.00T unif=8.320% hoop=109MPa
  [1709] OK     f=   0.226  a=22.2 b=27.2 gap=29.5 (face=3.0mm) n=[241, 241, 240, 240, 212, 212, 1, 1, 1, 1, 1, 1, 1, 1]  tape=0.226km B=10.02T unif=8.528% hoop=109MPa
  [1710] OK     f=   0.226  a=22.2 b=27.2 gap=29.5 (face=3.0mm) n=[241, 241, 239, 239, 213, 213, 1, 1, 2, 2, 1, 1, 1, 1]  tape=0.226km B=10.00T unif=8.437% hoop=109MPa
  [a=22 b=27 nt=1394] KSP converged reason: 4, iterations: 1
  [a=22 b=27 nt=1394] KSP converged reason: 4, iterations: 1
  [a=22 b=27 nt=1394] KSP converged reason: 4, iterations: 1
  [a=22 b=27 nt=1392] KSP converged reason: 4, iterations: 1
  [a=22 b=27 nt=1392] KSP converged reason: 4, iterations: 1
  [a=22 b=27 nt=1394] KSP converged reason: 4, iterations: 1
  [a=22 b=27 nt=1392] KSP converged reason: 4, iterations: 1
  [1711] viol   f=   0.226  a=22.2 b=27.2 gap=29.5 (face=3.0mm) n=[241, 241, 239, 239, 213, 213, 1, 1, 1, 1, 1, 1, 1, 1]  tape=0.226km B=10.00T unif=8.489% hoop=109MPa
  [1712] INFEAS f=1000.000  a=22.2 b=27.2 gap=29.5 (face=3.0mm) n=[241, 241, 241, 241, 210, 210, 2, 2, 1, 1, 1, 1, 1, 1]  no evaluation (geometry pre-check)
  [1713] OK     f=   0.226  a=22.2 b=27.2 gap=29.5 (face=3.0mm) n=[241, 241, 239, 239, 212, 212, 1, 1, 1, 1, 1, 1, 1, 1]  tape=0.226km B=10.02T unif=8.347% hoop=109MPa
  [1714] viol   f=   0.226  a=22.2 b=27.2 gap=29.5 (face=3.0mm) n=[241, 241, 239, 239, 213, 213, 1, 1, 1, 1, 1, 1, 1, 1]  tape=0.226km B=10.00T unif=8.676% hoop=109MPa
  [1715] INFEAS f=1000.000  a=22.2 b=27.2 gap=29.5 (face=3.0mm) n=[241, 241, 240, 240, 212, 212, 1, 1, 1, 1, 1, 1, 1, 1]  no evaluation (geometry pre-check)
  [1716] INFEAS f=1000.011  a=22.2 b=27.2 gap=29.5 (face=3.0mm) n=[241, 241, 239, 239, 212, 212, 1, 1, 1, 1, 1, 1, 1, 1]  no evaluation (geometry pre-check)
  [1717] viol   f=   0.226  a=22.2 b=27.2 gap=29.5 (face=3.0mm) n=[241, 241, 239, 239, 213, 213, 1, 1, 1, 1, 1, 1, 1, 1]  tape=0.226km B=9.99T unif=7.852% hoop=108MPa
  [1718] viol   f=   0.227  a=22.2 b=27.2 gap=29.5 (face=3.0mm) n=[241, 241, 239, 239, 212, 212, 1, 1, 1, 1, 1, 1, 1, 1]  tape=0.226km B=9.97T unif=8.363% hoop=108MPa
  [1719] viol   f=   0.231  a=22.2 b=27.2 gap=29.5 (face=3.0mm) n=[241, 241, 239, 239, 212, 212, 1, 1, 2, 2, 1, 1, 1, 1]  tape=0.226km B=9.95T unif=7.313% hoop=126MPa
  [1720] viol   f=   0.226  a=22.2 b=27.2 gap=29.5 (face=3.0mm) n=[241, 241, 239, 239, 212, 212, 1, 1, 1, 1, 1, 1, 1, 1]  tape=0.226km B=9.99T unif=7.799% hoop=109MPa
  [a=22 b=27 nt=1394] KSP converged reason: 4, iterations: 1
  [a=22 b=27 nt=1394] KSP converged reason: 4, iterations: 1
  [a=22 b=27 nt=1394] KSP converged reason: 4, iterations: 1
  [a=22 b=27 nt=1392] KSP converged reason: 4, iterations: 1
  [a=22 b=27 nt=1394] KSP converged reason: 4, iterations: 1
  [a=22 b=27 nt=1394] KSP converged reason: 4, iterations: 1
  [a=22 b=27 nt=1392] KSP converged reason: 4, iterations: 1
  [a=22 b=27 nt=1392] KSP converged reason: 4, iterations: 1
  [a=22 b=27 nt=1394] KSP converged reason: 4, iterations: 1
  [1721] viol   f=   0.226  a=22.2 b=27.2 gap=29.5 (face=3.0mm) n=[241, 241, 239, 239, 212, 212, 1, 1, 2, 2, 1, 1, 1, 1]  tape=0.226km B=9.99T unif=7.736% hoop=108MPa
  [1722] OK     f=   0.226  a=22.2 b=27.2 gap=29.5 (face=3.0mm) n=[241, 241, 240, 240, 212, 212, 1, 1, 1, 1, 1, 1, 1, 1]  tape=0.226km B=10.02T unif=7.937% hoop=109MPa
  [1723] OK     f=   0.226  a=22.2 b=27.2 gap=29.5 (face=3.0mm) n=[241, 241, 239, 239, 213, 213, 1, 1, 1, 1, 1, 1, 1, 1]  tape=0.226km B=10.01T unif=7.664% hoop=109MPa
  [1724] INFEAS f=1000.001  a=22.2 b=27.2 gap=29.5 (face=3.0mm) n=[241, 241, 239, 239, 212, 212, 1, 1, 2, 2, 1, 1, 1, 1]  no evaluation (geometry pre-check)
  [1725] OK     f=   0.226  a=22.2 b=27.2 gap=29.5 (face=3.0mm) n=[241, 241, 240, 240, 212, 212, 1, 1, 1, 1, 1, 1, 1, 1]  tape=0.226km B=10.02T unif=8.445% hoop=109MPa
  [1726] viol   f=   0.226  a=22.2 b=27.2 gap=29.5 (face=3.0mm) n=[241, 241, 239, 239, 212, 212, 1, 1, 2, 2, 1, 1, 1, 1]  tape=0.226km B=9.99T unif=7.995% hoop=109MPa
  [1727] OK     f=   0.226  a=22.2 b=27.2 gap=29.5 (face=3.0mm) n=[241, 241, 239, 239, 212, 212, 1, 1, 1, 1, 1, 1, 1, 1]  tape=0.226km B=10.01T unif=7.748% hoop=109MPa
  [1728] viol   f=   0.226  a=22.2 b=27.2 gap=29.5 (face=3.0mm) n=[241, 241, 239, 239, 212, 212, 1, 1, 1, 1, 1, 1, 1, 1]  tape=0.226km B=9.99T unif=8.345% hoop=109MPa
  [1729] OK     f=   0.226  a=22.2 b=27.2 gap=29.5 (face=3.0mm) n=[241, 241, 239, 239, 212, 212, 1, 1, 1, 1, 1, 1, 1, 1]  tape=0.226km B=10.02T unif=6.954% hoop=114MPa
  [1730] OK     f=   0.226  a=22.2 b=27.2 gap=29.5 (face=3.0mm) n=[241, 241, 240, 240, 212, 212, 1, 1, 1, 1, 1, 1, 1, 1]  tape=0.226km B=10.03T unif=8.234% hoop=109MPa
  [a=22 b=27 nt=1394] KSP converged reason: 4, iterations: 1
  [a=22 b=27 nt=1394] KSP converged reason: 4, iterations: 1
  [a=22 b=27 nt=1394] KSP converged reason: 4, iterations: 1
  [a=22 b=27 nt=1392] KSP converged reason: 4, iterations: 1
  [a=22 b=27 nt=1392] KSP converged reason: 4, iterations: 1
  [a=22 b=27 nt=1394] KSP converged reason: 4, iterations: 1
  [a=22 b=27 nt=1392] KSP converged reason: 4, iterations: 1
  [a=22 b=27 nt=1398] KSP converged reason: 4, iterations: 1
  [a=22 b=27 nt=1394] KSP converged reason: 4, iterations: 1
  [1731] OK     f=   0.226  a=22.2 b=27.2 gap=29.5 (face=3.0mm) n=[241, 241, 240, 240, 212, 212, 1, 1, 1, 1, 1, 1, 1, 1]  tape=0.226km B=10.01T unif=7.867% hoop=109MPa
  [1732] OK     f=   0.226  a=22.2 b=27.2 gap=29.5 (face=3.0mm) n=[241, 241, 239, 239, 213, 213, 1, 1, 1, 1, 1, 1, 1, 1]  tape=0.226km B=10.02T unif=7.828% hoop=109MPa
  [1733] OK     f=   0.226  a=22.2 b=27.2 gap=29.5 (face=3.0mm) n=[241, 241, 240, 240, 212, 212, 1, 1, 1, 1, 1, 1, 1, 1]  tape=0.226km B=10.05T unif=8.504% hoop=110MPa
  [1734] OK     f=   0.226  a=22.2 b=27.2 gap=29.5 (face=3.0mm) n=[241, 241, 239, 239, 212, 212, 1, 1, 1, 1, 1, 1, 1, 1]  tape=0.226km B=10.01T unif=7.806% hoop=109MPa
  [1735] OK     f=   0.226  a=22.2 b=27.2 gap=29.5 (face=3.0mm) n=[241, 241, 239, 239, 212, 212, 1, 1, 1, 1, 1, 1, 1, 1]  tape=0.226km B=10.02T unif=8.375% hoop=109MPa
  [1736] viol   f=   0.227  a=22.2 b=27.2 gap=29.5 (face=3.0mm) n=[242, 242, 239, 239, 212, 212, 1, 1, 1, 1, 1, 1, 1, 1]  tape=0.226km B=9.98T unif=7.674% hoop=109MPa
  [1737] viol   f=   0.226  a=22.2 b=27.2 gap=29.5 (face=3.0mm) n=[241, 241, 239, 239, 212, 212, 1, 1, 1, 1, 1, 1, 1, 1]  tape=0.226km B=9.99T unif=8.447% hoop=108MPa
  [1738] INFEAS f=1000.000  a=22.2 b=27.2 gap=29.5 (face=3.0mm) n=[241, 241, 240, 240, 211, 211, 1, 1, 1, 1, 1, 1, 1, 1]  no evaluation (geometry pre-check)
  [1739] OK     f=   0.227  a=22.2 b=27.2 gap=29.5 (face=3.0mm) n=[242, 242, 239, 239, 213, 213, 1, 1, 2, 2, 1, 1, 1, 1]  tape=0.227km B=10.06T unif=8.632% hoop=109MPa
  [1740] OK     f=   0.226  a=22.2 b=27.2 gap=29.5 (face=3.0mm) n=[241, 241, 239, 239, 213, 213, 1, 1, 1, 1, 1, 1, 1, 1]  tape=0.226km B=10.00T unif=7.714% hoop=109MPa
  [a=22 b=27 nt=1390] KSP converged reason: 4, iterations: 1
  [a=22 b=27 nt=1392] KSP converged reason: 4, iterations: 1
  [a=22 b=27 nt=1394] KSP converged reason: 4, iterations: 1
  [a=22 b=27 nt=1392] KSP converged reason: 4, iterations: 1
  [a=22 b=27 nt=1394] KSP converged reason: 4, iterations: 1
  [a=22 b=27 nt=1392] KSP converged reason: 4, iterations: 1
  [a=22 b=27 nt=1392] KSP converged reason: 4, iterations: 1
  [a=22 b=27 nt=1390] KSP converged reason: 4, iterations: 1
  [1741] OK     f=   0.226  a=22.2 b=27.2 gap=29.5 (face=3.0mm) n=[241, 241, 239, 239, 212, 212, 1, 1, 1, 1, 1, 1, 1, 1]  tape=0.226km B=10.00T unif=8.429% hoop=109MPa
  [1742] viol   f=   0.227  a=22.2 b=27.2 gap=29.5 (face=3.0mm) n=[241, 241, 238, 238, 213, 213, 1, 1, 1, 1, 1, 1, 1, 1]  tape=0.226km B=9.97T unif=8.337% hoop=108MPa
  [1743] INFEAS f=1000.001  a=22.2 b=27.2 gap=29.5 (face=3.0mm) n=[241, 241, 239, 239, 212, 212, 1, 1, 2, 2, 1, 1, 1, 1]  no evaluation (geometry pre-check)
  [1744] viol   f=   0.228  a=22.2 b=27.2 gap=29.5 (face=3.0mm) n=[241, 241, 239, 239, 211, 211, 1, 1, 1, 1, 1, 1, 1, 1]  tape=0.225km B=9.96T unif=8.426% hoop=108MPa
  [1745] viol   f=   0.226  a=22.2 b=27.2 gap=29.5 (face=3.0mm) n=[241, 241, 239, 239, 213, 213, 1, 1, 1, 1, 1, 1, 1, 1]  tape=0.226km B=9.99T unif=7.825% hoop=109MPa
  [1746] viol   f=   0.227  a=22.2 b=27.2 gap=29.5 (face=3.0mm) n=[241, 241, 239, 239, 212, 212, 1, 1, 1, 1, 1, 1, 1, 1]  tape=0.226km B=9.98T unif=7.793% hoop=108MPa
  [1747] OK     f=   0.226  a=22.2 b=27.2 gap=29.5 (face=3.0mm) n=[241, 241, 240, 240, 212, 212, 1, 1, 1, 1, 1, 1, 1, 1]  tape=0.226km B=10.02T unif=8.495% hoop=109MPa
  [1748] viol   f=   0.226  a=22.2 b=27.2 gap=29.5 (face=3.0mm) n=[241, 241, 239, 239, 212, 212, 1, 1, 1, 1, 1, 1, 1, 1]  tape=0.226km B=9.99T unif=8.363% hoop=109MPa
  [1749] viol   f=   0.226  a=22.2 b=27.2 gap=29.5 (face=3.0mm) n=[241, 241, 239, 239, 211, 211, 1, 1, 1, 1, 1, 1, 1, 1]  tape=0.226km B=9.98T unif=7.790% hoop=109MPa
  [1750] INFEAS f=1000.000  a=22.2 b=27.2 gap=29.5 (face=3.0mm) n=[241, 241, 239, 239, 212, 212, 1, 1, 1, 1, 1, 1, 1, 1]  no evaluation (geometry pre-check)
  [a=22 b=27 nt=1390] KSP converged reason: 4, iterations: 1
  [a=22 b=27 nt=1394] KSP converged reason: 4, iterations: 1
  [a=22 b=27 nt=1392] KSP converged reason: 4, iterations: 1
  [a=22 b=27 nt=1392] KSP converged reason: 4, iterations: 1
  [a=22 b=27 nt=1394] KSP converged reason: 4, iterations: 1
  [a=22 b=27 nt=1392] KSP converged reason: 4, iterations: 1
  [a=22 b=27 nt=1392] KSP converged reason: 4, iterations: 1
  [1751] viol   f=   0.226  a=22.2 b=27.2 gap=29.5 (face=3.0mm) n=[241, 241, 239, 239, 213, 213, 1, 1, 1, 1, 1, 1, 1, 1]  tape=0.226km B=9.99T unif=8.257% hoop=109MPa
  [1752] INFEAS f=1000.000  a=22.2 b=27.2 gap=29.5 (face=3.0mm) n=[241, 241, 239, 239, 212, 212, 1, 1, 1, 1, 1, 1, 1, 1]  no evaluation (geometry pre-check)
  [1753] viol   f=   0.226  a=22.2 b=27.2 gap=29.5 (face=3.0mm) n=[241, 241, 239, 239, 212, 212, 1, 1, 1, 1, 1, 1, 1, 1]  tape=0.226km B=9.99T unif=7.730% hoop=109MPa
  [1754] viol   f=   0.230  a=22.2 b=27.2 gap=29.5 (face=3.0mm) n=[241, 241, 239, 239, 213, 213, 1, 1, 1, 1, 1, 1, 1, 1]  tape=0.226km B=9.95T unif=8.355% hoop=114MPa
  [1755] viol   f=   0.226  a=22.2 b=27.2 gap=29.5 (face=3.0mm) n=[241, 241, 240, 240, 211, 211, 1, 1, 1, 1, 1, 1, 1, 1]  tape=0.226km B=9.99T unif=7.924% hoop=109MPa
  [1756] viol   f=   0.226  a=22.2 b=27.2 gap=29.5 (face=3.0mm) n=[241, 241, 239, 239, 212, 212, 1, 1, 1, 1, 1, 1, 1, 1]  tape=0.226km B=10.00T unif=8.463% hoop=109MPa
  [1757] INFEAS f=1000.000  a=22.2 b=27.2 gap=29.5 (face=3.0mm) n=[241, 241, 239, 239, 213, 213, 1, 1, 1, 1, 1, 1, 1, 1]  no evaluation (geometry pre-check)
  [1758] viol   f=   0.226  a=22.2 b=27.2 gap=29.5 (face=3.0mm) n=[241, 241, 239, 239, 211, 211, 1, 1, 1, 1, 1, 1, 1, 1]  tape=0.225km B=9.98T unif=8.524% hoop=108MPa
  [1759] viol   f=   0.226  a=22.2 b=27.2 gap=29.5 (face=3.0mm) n=[241, 241, 239, 239, 212, 212, 1, 1, 1, 1, 1, 1, 1, 1]  tape=0.226km B=9.99T unif=7.818% hoop=108MPa
  [1760] INFEAS f=1000.000  a=22.2 b=27.2 gap=29.5 (face=3.0mm) n=[241, 241, 239, 239, 212, 212, 1, 1, 1, 1, 1, 1, 1, 1]  no evaluation (geometry pre-check)
  [a=22 b=27 nt=1392] KSP converged reason: 4, iterations: 1
  [a=22 b=27 nt=1392] KSP converged reason: 4, iterations: 1
  [a=22 b=27 nt=1394] KSP converged reason: 4, iterations: 1
  [a=22 b=27 nt=1394] KSP converged reason: 4, iterations: 1
  [a=22 b=27 nt=1392] KSP converged reason: 4, iterations: 1
  [a=22 b=27 nt=1394] KSP converged reason: 4, iterations: 1
  [a=22 b=27 nt=1394] KSP converged reason: 4, iterations: 1
  [a=22 b=27 nt=1394] KSP converged reason: 4, iterations: 1
  [a=22 b=27 nt=1390] KSP converged reason: 4, iterations: 1
  [1761] OK     f=   0.226  a=22.2 b=27.2 gap=29.5 (face=3.0mm) n=[241, 241, 239, 239, 212, 212, 1, 1, 1, 1, 1, 1, 1, 1]  tape=0.226km B=10.00T unif=8.263% hoop=108MPa
  [1762] OK     f=   0.226  a=22.2 b=27.2 gap=29.5 (face=3.0mm) n=[241, 241, 240, 240, 212, 212, 1, 1, 1, 1, 1, 1, 1, 1]  tape=0.226km B=10.03T unif=8.640% hoop=109MPa
  [1763] OK     f=   0.226  a=22.2 b=27.2 gap=29.5 (face=3.0mm) n=[241, 241, 240, 240, 212, 212, 1, 1, 1, 1, 1, 1, 1, 1]  tape=0.226km B=10.03T unif=8.554% hoop=109MPa
  [1764] OK     f=   0.226  a=22.2 b=27.2 gap=29.5 (face=3.0mm) n=[241, 241, 240, 240, 212, 212, 1, 1, 1, 1, 1, 1, 1, 1]  tape=0.226km B=10.02T unif=7.967% hoop=109MPa
  [1765] viol   f=   0.227  a=22.2 b=27.2 gap=29.5 (face=3.0mm) n=[241, 241, 239, 239, 212, 212, 1, 1, 1, 1, 1, 1, 1, 1]  tape=0.226km B=9.97T unif=8.383% hoop=108MPa
  [1766] OK     f=   0.226  a=22.2 b=27.2 gap=29.5 (face=3.0mm) n=[241, 241, 240, 240, 211, 211, 1, 1, 1, 1, 1, 1, 1, 1]  tape=0.226km B=10.01T unif=7.829% hoop=109MPa
  [1767] OK     f=   0.226  a=22.2 b=27.2 gap=29.5 (face=3.0mm) n=[241, 241, 239, 239, 213, 213, 1, 1, 1, 1, 1, 1, 1, 1]  tape=0.226km B=10.00T unif=8.604% hoop=109MPa
  [1768] OK     f=   0.226  a=22.2 b=27.2 gap=29.5 (face=3.0mm) n=[241, 241, 240, 240, 212, 212, 1, 1, 1, 1, 1, 1, 1, 1]  tape=0.226km B=10.04T unif=8.662% hoop=109MPa
  [1769] INFEAS f=1000.000  a=22.2 b=27.2 gap=29.5 (face=3.0mm) n=[241, 241, 240, 240, 212, 212, 1, 1, 1, 1, 1, 1, 1, 1]  no evaluation (geometry pre-check)
  [1770] OK     f=   0.225  a=22.2 b=27.2 gap=29.5 (face=3.0mm) n=[241, 241, 239, 239, 211, 211, 1, 1, 1, 1, 1, 1, 1, 1]  tape=0.225km B=10.00T unif=8.408% hoop=108MPa
  [a=22 b=27 nt=1392] KSP converged reason: 4, iterations: 1
  [a=22 b=27 nt=1392] KSP converged reason: 4, iterations: 1
  [a=22 b=27 nt=1392] KSP converged reason: 4, iterations: 1
  [a=22 b=27 nt=1390] KSP converged reason: 4, iterations: 1
  [a=22 b=27 nt=1390] KSP converged reason: 4, iterations: 1
  [a=22 b=27 nt=1394] KSP converged reason: 4, iterations: 1
  [a=22 b=27 nt=1392] KSP converged reason: 4, iterations: 1
  [a=22 b=27 nt=1392] KSP converged reason: 4, iterations: 1
  [a=22 b=27 nt=1392] KSP converged reason: 4, iterations: 1
  [1771] OK     f=   0.226  a=22.2 b=27.2 gap=29.5 (face=3.0mm) n=[241, 241, 239, 239, 212, 212, 1, 1, 1, 1, 1, 1, 1, 1]  tape=0.226km B=10.04T unif=8.385% hoop=109MPa
  [1772] viol   f=   0.225  a=22.2 b=27.2 gap=29.5 (face=3.0mm) n=[241, 241, 239, 239, 211, 211, 1, 1, 1, 1, 1, 1, 1, 1]  tape=0.225km B=10.00T unif=8.213% hoop=110MPa
  [1773] viol   f=  19.888  a=22.2 b=27.2 gap=29.5 (face=3.0mm) n=[241, 241, 239, 239, 211, 211, 1, 1, 1, 1, 1, 1, 1, 1]  tape=0.225km B=6.86T unif=9.586% hoop=400MPa
  [1774] viol   f=   0.226  a=22.2 b=27.2 gap=29.5 (face=3.0mm) n=[241, 241, 239, 239, 212, 212, 1, 1, 1, 1, 1, 1, 1, 1]  tape=0.226km B=9.99T unif=7.861% hoop=108MPa
  [1775] OK     f=   0.226  a=22.2 b=27.2 gap=29.5 (face=3.0mm) n=[241, 241, 240, 240, 212, 212, 1, 1, 1, 1, 1, 1, 1, 1]  tape=0.226km B=10.01T unif=8.569% hoop=109MPa
  [1776] INFEAS f=1000.000  a=22.2 b=27.2 gap=29.5 (face=3.0mm) n=[241, 241, 239, 239, 211, 211, 1, 1, 1, 1, 1, 1, 1, 1]  no evaluation (geometry pre-check)
  [1777] OK     f=   0.226  a=22.2 b=27.2 gap=29.5 (face=3.0mm) n=[241, 241, 239, 239, 212, 212, 1, 1, 1, 1, 1, 1, 1, 1]  tape=0.226km B=10.03T unif=7.845% hoop=109MPa
  [1778] viol   f=   0.226  a=22.2 b=27.2 gap=29.5 (face=3.0mm) n=[241, 241, 239, 239, 212, 212, 1, 1, 1, 1, 1, 1, 1, 1]  tape=0.226km B=9.99T unif=8.435% hoop=109MPa
  [1779] viol   f=   0.227  a=22.2 b=27.2 gap=29.5 (face=3.0mm) n=[241, 241, 239, 239, 212, 212, 1, 1, 1, 1, 1, 1, 1, 1]  tape=0.226km B=9.98T unif=8.423% hoop=109MPa
  [1780] viol   f=   0.227  a=22.2 b=27.2 gap=29.5 (face=3.0mm) n=[241, 241, 239, 239, 212, 212, 1, 1, 1, 1, 1, 1, 1, 1]  tape=0.226km B=9.97T unif=8.333% hoop=108MPa
  [a=22 b=27 nt=1392] KSP converged reason: 4, iterations: 1
  [a=22 b=27 nt=1392] KSP converged reason: 4, iterations: 1
  [a=22 b=27 nt=1392] KSP converged reason: 4, iterations: 1
  [a=22 b=27 nt=1392] KSP converged reason: 4, iterations: 1
  [a=22 b=27 nt=1392] KSP converged reason: 4, iterations: 1
  [a=22 b=27 nt=1390] KSP converged reason: 4, iterations: 1
  [a=22 b=27 nt=1392] KSP converged reason: 4, iterations: 1
  [a=22 b=27 nt=1392] KSP converged reason: 4, iterations: 1
  [a=22 b=27 nt=1394] KSP converged reason: 4, iterations: 1
  [1781] OK     f=   0.226  a=22.2 b=27.2 gap=29.5 (face=3.0mm) n=[241, 241, 239, 239, 212, 212, 1, 1, 1, 1, 1, 1, 1, 1]  tape=0.226km B=10.00T unif=7.771% hoop=109MPa
  [1782] OK     f=   0.226  a=22.2 b=27.2 gap=29.5 (face=3.0mm) n=[241, 241, 239, 239, 212, 212, 1, 1, 1, 1, 1, 1, 1, 1]  tape=0.226km B=10.00T unif=7.934% hoop=109MPa
  [1783] viol   f=   0.226  a=22.2 b=27.2 gap=29.5 (face=3.0mm) n=[241, 241, 239, 239, 212, 212, 1, 1, 1, 1, 1, 1, 1, 1]  tape=0.226km B=9.99T unif=8.365% hoop=109MPa
  [1784] OK     f=   0.226  a=22.2 b=27.2 gap=29.5 (face=3.0mm) n=[241, 241, 239, 239, 212, 212, 1, 1, 1, 1, 1, 1, 1, 1]  tape=0.226km B=10.03T unif=7.663% hoop=109MPa
  [1785] viol   f=   0.226  a=22.2 b=27.2 gap=29.5 (face=3.0mm) n=[241, 241, 239, 239, 212, 212, 1, 1, 1, 1, 1, 1, 1, 1]  tape=0.226km B=9.99T unif=8.288% hoop=109MPa
  [1786] viol   f=   0.227  a=22.2 b=27.2 gap=29.5 (face=3.0mm) n=[241, 241, 239, 239, 211, 211, 1, 1, 1, 1, 1, 1, 1, 1]  tape=0.225km B=9.97T unif=7.904% hoop=109MPa
  [1787] OK     f=   0.226  a=22.2 b=27.2 gap=29.5 (face=3.0mm) n=[241, 241, 240, 240, 211, 211, 1, 1, 1, 1, 1, 1, 1, 1]  tape=0.226km B=10.01T unif=7.883% hoop=109MPa
  [1788] OK     f=   0.226  a=22.2 b=27.2 gap=29.5 (face=3.0mm) n=[241, 241, 240, 240, 211, 211, 1, 1, 2, 2, 1, 1, 1, 1]  tape=0.226km B=10.00T unif=8.530% hoop=109MPa
  [1789] INFEAS f=1000.000  a=22.2 b=27.2 gap=29.5 (face=3.0mm) n=[241, 241, 239, 239, 212, 212, 1, 1, 1, 1, 1, 1, 1, 1]  no evaluation (geometry pre-check)
  [1790] viol   f=   0.226  a=22.2 b=27.2 gap=29.5 (face=3.0mm) n=[241, 241, 239, 239, 212, 212, 1, 1, 1, 1, 1, 1, 1, 1]  tape=0.226km B=9.99T unif=8.462% hoop=108MPa
  [a=22 b=27 nt=1390] KSP converged reason: 4, iterations: 1
  [a=22 b=27 nt=1392] KSP converged reason: 4, iterations: 1
  [a=22 b=27 nt=1392] KSP converged reason: 4, iterations: 1
  [a=22 b=27 nt=1392] KSP converged reason: 4, iterations: 1
  [a=22 b=27 nt=1392] KSP converged reason: 4, iterations: 1
  [a=22 b=27 nt=1390] KSP converged reason: 4, iterations: 1
  [a=22 b=27 nt=1394] KSP converged reason: 4, iterations: 1
  [1791] viol   f=   0.227  a=22.2 b=27.2 gap=29.5 (face=3.0mm) n=[241, 241, 239, 239, 212, 212, 1, 1, 1, 1, 1, 1, 1, 1]  tape=0.226km B=9.98T unif=8.368% hoop=108MPa
  [1792] INFEAS f=1000.000  a=22.2 b=27.2 gap=29.5 (face=3.0mm) n=[241, 241, 239, 239, 211, 211, 1, 1, 1, 1, 1, 1, 1, 1]  no evaluation (geometry pre-check)
  [1793] viol   f=   0.226  a=22.2 b=27.2 gap=29.5 (face=3.0mm) n=[241, 241, 240, 240, 211, 211, 1, 1, 1, 1, 1, 1, 1, 1]  tape=0.226km B=9.99T unif=7.837% hoop=109MPa
  [1794] INFEAS f=1000.000  a=22.2 b=27.2 gap=29.5 (face=3.0mm) n=[241, 241, 239, 239, 212, 212, 1, 1, 1, 1, 1, 1, 1, 1]  no evaluation (geometry pre-check)
  [1795] viol   f=   0.227  a=22.2 b=27.2 gap=29.5 (face=3.0mm) n=[241, 241, 239, 239, 211, 211, 1, 1, 1, 1, 1, 1, 1, 1]  tape=0.225km B=9.97T unif=7.853% hoop=108MPa
  [1796] viol   f=   0.227  a=22.2 b=27.2 gap=29.5 (face=3.0mm) n=[241, 241, 240, 240, 211, 211, 1, 1, 1, 1, 1, 1, 1, 1]  tape=0.226km B=9.97T unif=7.846% hoop=109MPa
  [1797] viol   f=   0.226  a=22.2 b=27.2 gap=29.5 (face=3.0mm) n=[241, 241, 239, 239, 212, 212, 1, 1, 1, 1, 1, 1, 1, 1]  tape=0.226km B=9.99T unif=7.847% hoop=108MPa
  [1798] viol   f=   0.226  a=22.2 b=27.2 gap=29.5 (face=3.0mm) n=[241, 241, 239, 239, 211, 211, 1, 1, 1, 1, 1, 1, 1, 1]  tape=0.225km B=9.99T unif=7.922% hoop=108MPa
  [1799] INFEAS f=1000.000  a=22.2 b=27.2 gap=29.5 (face=3.0mm) n=[241, 241, 239, 239, 212, 212, 1, 1, 1, 1, 1, 1, 1, 1]  no evaluation (geometry pre-check)
  [1800] OK     f=   0.226  a=22.2 b=27.2 gap=29.5 (face=3.0mm) n=[241, 241, 240, 240, 212, 212, 1, 1, 1, 1, 1, 1, 1, 1]  tape=0.226km B=10.01T unif=8.373% hoop=109MPa
  [a=22 b=27 nt=1390] KSP converged reason: 4, iterations: 1
  [a=22 b=27 nt=1392] KSP converged reason: 4, iterations: 1
  [a=22 b=27 nt=1392] KSP converged reason: 4, iterations: 1
  [a=22 b=27 nt=1392] KSP converged reason: 4, iterations: 1
  [a=22 b=27 nt=1392] KSP converged reason: 4, iterations: 1
  [a=22 b=27 nt=1394] KSP converged reason: 4, iterations: 1
  [a=22 b=27 nt=1394] KSP converged reason: 4, iterations: 1
  [a=22 b=27 nt=1394] KSP converged reason: 4, iterations: 1
  [a=22 b=27 nt=1392] KSP converged reason: 4, iterations: 1
  [a=22 b=27 nt=1392] KSP converged reason: 4, iterations: 1
  [1801] viol   f=   0.226  a=22.2 b=27.2 gap=29.5 (face=3.0mm) n=[241, 241, 240, 240, 211, 211, 1, 1, 1, 1, 1, 1, 1, 1]  tape=0.226km B=9.99T unif=8.381% hoop=110MPa
  [1802] OK     f=   0.226  a=22.2 b=27.2 gap=29.5 (face=3.0mm) n=[241, 241, 240, 240, 211, 211, 1, 1, 1, 1, 1, 1, 1, 1]  tape=0.226km B=10.01T unif=7.849% hoop=109MPa
  [1803] viol   f=   0.226  a=22.2 b=27.2 gap=29.5 (face=3.0mm) n=[241, 241, 239, 239, 211, 211, 1, 1, 1, 1, 1, 1, 1, 1]  tape=0.225km B=9.99T unif=7.929% hoop=108MPa
  [1804] viol   f=   0.226  a=22.2 b=27.2 gap=29.5 (face=3.0mm) n=[241, 241, 240, 240, 211, 211, 1, 1, 1, 1, 1, 1, 1, 1]  tape=0.226km B=10.00T unif=7.805% hoop=109MPa
  [1805] OK     f=   0.226  a=22.2 b=27.2 gap=29.5 (face=3.0mm) n=[241, 241, 240, 240, 211, 211, 1, 1, 1, 1, 2, 2, 1, 1]  tape=0.226km B=10.00T unif=7.988% hoop=109MPa
  [1806] OK     f=   0.226  a=22.2 b=27.2 gap=29.5 (face=3.0mm) n=[241, 241, 240, 240, 211, 211, 1, 1, 1, 1, 1, 1, 1, 1]  tape=0.226km B=10.01T unif=7.883% hoop=109MPa
  [1807] viol   f=   0.226  a=22.2 b=27.2 gap=29.5 (face=3.0mm) n=[241, 241, 240, 240, 212, 212, 1, 1, 1, 1, 1, 1, 1, 1]  tape=0.226km B=9.99T unif=8.447% hoop=108MPa
  [1808] OK     f=   0.226  a=22.2 b=27.2 gap=29.5 (face=3.0mm) n=[241, 241, 240, 240, 212, 212, 1, 1, 1, 1, 1, 1, 1, 1]  tape=0.226km B=10.01T unif=8.661% hoop=109MPa
  [1809] OK     f=   0.226  a=22.2 b=27.2 gap=29.5 (face=3.0mm) n=[241, 241, 239, 239, 212, 212, 1, 1, 1, 1, 1, 1, 1, 1]  tape=0.226km B=10.01T unif=7.883% hoop=109MPa
  [1810] viol   f=   0.226  a=22.2 b=27.2 gap=29.5 (face=3.0mm) n=[241, 241, 240, 240, 211, 211, 1, 1, 1, 1, 1, 1, 1, 1]  tape=0.226km B=9.98T unif=7.804% hoop=109MPa
  [a=22 b=27 nt=1394] KSP converged reason: 4, iterations: 1
  [a=22 b=27 nt=1390] KSP converged reason: 4, iterations: 1
  [a=22 b=27 nt=1394] KSP converged reason: 4, iterations: 1
  [a=22 b=27 nt=1396] KSP converged reason: 4, iterations: 1
  [a=22 b=27 nt=1392] KSP converged reason: 4, iterations: 1
  [a=22 b=27 nt=1394] KSP converged reason: 4, iterations: 1
  [a=22 b=27 nt=1392] KSP converged reason: 4, iterations: 1
  [a=22 b=27 nt=1394] KSP converged reason: 4, iterations: 1
  [1811] OK     f=   0.226  a=22.2 b=27.2 gap=29.5 (face=3.0mm) n=[241, 241, 240, 240, 211, 211, 1, 1, 2, 2, 1, 1, 1, 1]  tape=0.226km B=10.00T unif=8.666% hoop=109MPa
  [1812] OK     f=   0.226  a=22.2 b=27.2 gap=29.5 (face=3.0mm) n=[241, 241, 240, 240, 211, 211, 1, 1, 2, 2, 1, 1, 1, 1]  tape=0.226km B=10.00T unif=8.485% hoop=109MPa
  [1813] OK     f=   0.225  a=22.2 b=27.2 gap=29.5 (face=3.0mm) n=[241, 241, 239, 239, 211, 211, 1, 1, 1, 1, 1, 1, 1, 1]  tape=0.225km B=10.05T unif=8.666% hoop=117MPa
  [1814] INFEAS f=1000.000  a=22.2 b=27.2 gap=29.5 (face=3.0mm) n=[241, 241, 240, 240, 212, 212, 1, 1, 1, 1, 1, 1, 1, 1]  no evaluation (geometry pre-check)
  [1815] OK     f=   0.226  a=22.2 b=27.2 gap=29.5 (face=3.0mm) n=[241, 241, 240, 240, 212, 212, 1, 1, 1, 1, 2, 2, 1, 1]  tape=0.226km B=10.04T unif=8.591% hoop=110MPa
  [1816] INFEAS f=1000.000  a=22.2 b=27.2 gap=29.5 (face=3.0mm) n=[241, 241, 240, 240, 211, 211, 1, 1, 1, 1, 1, 1, 1, 1]  no evaluation (geometry pre-check)
  [1817] OK     f=   0.226  a=22.2 b=27.2 gap=29.5 (face=3.0mm) n=[241, 241, 240, 240, 212, 212, 1, 1, 1, 1, 1, 1, 1, 1]  tape=0.226km B=10.00T unif=8.694% hoop=109MPa
  [1818] OK     f=   0.226  a=22.2 b=27.2 gap=29.5 (face=3.0mm) n=[241, 241, 240, 240, 211, 211, 1, 1, 1, 1, 1, 1, 1, 1]  tape=0.226km B=10.01T unif=7.913% hoop=109MPa
  [1819] OK     f=   0.226  a=22.2 b=27.2 gap=29.5 (face=3.0mm) n=[241, 241, 240, 240, 211, 211, 1, 1, 1, 1, 1, 1, 1, 1]  tape=0.226km B=10.04T unif=8.261% hoop=136MPa
  [1820] OK     f=   0.226  a=22.2 b=27.2 gap=29.5 (face=3.0mm) n=[241, 241, 240, 240, 212, 212, 1, 1, 1, 1, 1, 1, 1, 1]  tape=0.226km B=10.04T unif=8.574% hoop=109MPa
  [a=22 b=27 nt=1392] KSP converged reason: 4, iterations: 1
  [a=22 b=27 nt=1392] KSP converged reason: 4, iterations: 1
  [a=22 b=27 nt=1392] KSP converged reason: 4, iterations: 1
  [a=22 b=27 nt=1392] KSP converged reason: 4, iterations: 1
  [a=22 b=27 nt=1392] KSP converged reason: 4, iterations: 1
  [a=22 b=27 nt=1392] KSP converged reason: 4, iterations: 1
  [a=22 b=27 nt=1392] KSP converged reason: 4, iterations: 1
  [a=22 b=27 nt=1390] KSP converged reason: 4, iterations: 1
  [1821] viol   f=   0.227  a=22.2 b=27.2 gap=29.5 (face=3.0mm) n=[241, 241, 240, 240, 211, 211, 1, 1, 1, 1, 1, 1, 1, 1]  tape=0.226km B=9.97T unif=7.710% hoop=131MPa
  [1822] viol   f=   0.226  a=22.2 b=27.2 gap=29.5 (face=3.0mm) n=[241, 241, 240, 240, 211, 211, 1, 1, 1, 1, 1, 1, 1, 1]  tape=0.226km B=10.00T unif=8.541% hoop=109MPa
  [1823] viol   f=   0.226  a=22.2 b=27.2 gap=29.5 (face=3.0mm) n=[241, 241, 240, 240, 211, 211, 1, 1, 1, 1, 1, 1, 1, 1]  tape=0.226km B=9.98T unif=8.404% hoop=109MPa
  [1824] viol   f=   0.226  a=22.2 b=27.2 gap=29.5 (face=3.0mm) n=[241, 241, 240, 240, 211, 211, 1, 1, 1, 1, 1, 1, 1, 1]  tape=0.226km B=9.98T unif=7.946% hoop=109MPa
  [1825] OK     f=   0.226  a=22.2 b=27.2 gap=29.5 (face=3.0mm) n=[241, 241, 240, 240, 211, 211, 1, 1, 1, 1, 1, 1, 1, 1]  tape=0.226km B=10.01T unif=8.494% hoop=109MPa
  [1826] viol   f=   0.226  a=22.2 b=27.2 gap=29.5 (face=3.0mm) n=[241, 241, 240, 240, 211, 211, 1, 1, 1, 1, 1, 1, 1, 1]  tape=0.226km B=9.99T unif=8.454% hoop=109MPa
  [1827] INFEAS f=1000.000  a=22.2 b=27.2 gap=29.5 (face=3.0mm) n=[241, 241, 240, 240, 211, 211, 1, 1, 1, 1, 1, 1, 1, 1]  no evaluation (geometry pre-check)
  [1828] viol   f=   0.227  a=22.2 b=27.2 gap=29.5 (face=3.0mm) n=[241, 241, 240, 240, 211, 211, 1, 1, 1, 1, 1, 1, 1, 1]  tape=0.226km B=9.98T unif=7.801% hoop=109MPa
  [1829] viol   f=   0.228  a=22.2 b=27.2 gap=29.5 (face=3.0mm) n=[241, 241, 240, 240, 210, 210, 1, 1, 1, 1, 1, 1, 1, 1]  tape=0.225km B=9.96T unif=9.619% hoop=262MPa
  [1830] INFEAS f=1000.000  a=22.2 b=27.2 gap=29.5 (face=3.0mm) n=[241, 241, 240, 240, 211, 211, 1, 1, 1, 1, 1, 1, 1, 1]  no evaluation (geometry pre-check)
  [a=22 b=27 nt=1392] KSP converged reason: 4, iterations: 1
  [a=22 b=27 nt=1392] KSP converged reason: 4, iterations: 1
  [a=22 b=27 nt=1394] KSP converged reason: 4, iterations: 1
  [a=22 b=27 nt=1392] KSP converged reason: 4, iterations: 1
  [a=22 b=27 nt=1394] KSP converged reason: 4, iterations: 1
  [a=22 b=27 nt=1392] KSP converged reason: 4, iterations: 1
  [1831] INFEAS f=1000.001  a=22.2 b=27.2 gap=29.5 (face=3.0mm) n=[241, 241, 240, 240, 211, 211, 1, 1, 1, 1, 1, 1, 1, 1]  no evaluation (geometry pre-check)
  [1832] viol   f=   0.226  a=22.2 b=27.2 gap=29.5 (face=3.0mm) n=[241, 241, 240, 240, 211, 211, 1, 1, 1, 1, 1, 1, 1, 1]  tape=0.226km B=10.00T unif=7.874% hoop=109MPa
  [1833] viol   f=   0.226  a=22.2 b=27.2 gap=29.5 (face=3.0mm) n=[241, 241, 240, 240, 211, 211, 1, 1, 2, 2, 1, 1, 1, 1]  tape=0.226km B=10.00T unif=7.888% hoop=109MPa
  [1834] INFEAS f=1000.000  a=22.2 b=27.2 gap=29.5 (face=3.0mm) n=[241, 241, 240, 240, 211, 211, 1, 1, 1, 1, 1, 1, 1, 1]  no evaluation (geometry pre-check)
  [1835] INFEAS f=1000.000  a=22.2 b=27.2 gap=29.5 (face=3.0mm) n=[241, 241, 240, 240, 211, 211, 2, 2, 1, 1, 1, 1, 1, 1]  no evaluation (geometry pre-check)
  [1836] OK     f=   0.226  a=22.2 b=27.2 gap=29.5 (face=3.0mm) n=[241, 241, 240, 240, 211, 211, 1, 1, 1, 1, 1, 1, 1, 1]  tape=0.226km B=10.00T unif=7.916% hoop=109MPa
  [1837] OK     f=   0.226  a=22.2 b=27.2 gap=29.5 (face=3.0mm) n=[241, 241, 240, 240, 211, 211, 1, 1, 1, 1, 1, 1, 1, 1]  tape=0.226km B=10.01T unif=8.087% hoop=115MPa
  [1838] viol   f=   0.226  a=22.2 b=27.2 gap=29.5 (face=3.0mm) n=[242, 242, 240, 240, 211, 211, 1, 1, 1, 1, 1, 1, 1, 1]  tape=0.226km B=9.99T unif=8.295% hoop=109MPa
  [1839] OK     f=   0.226  a=22.2 b=27.2 gap=29.5 (face=3.0mm) n=[241, 241, 240, 240, 211, 211, 1, 1, 1, 1, 1, 1, 1, 1]  tape=0.226km B=10.00T unif=7.854% hoop=109MPa
  [1840] INFEAS f=1000.000  a=22.2 b=27.2 gap=29.5 (face=3.0mm) n=[241, 241, 240, 240, 210, 210, 1, 1, 1, 1, 1, 1, 1, 1]  no evaluation (geometry pre-check)
  [a=22 b=27 nt=1392] KSP converged reason: 4, iterations: 1
  [a=22 b=27 nt=1392] KSP converged reason: 4, iterations: 1
  [a=22 b=27 nt=1392] KSP converged reason: 4, iterations: 1
  [a=22 b=27 nt=1392] KSP converged reason: 4, iterations: 1
  [a=22 b=27 nt=1392] KSP converged reason: 4, iterations: 1
  [a=22 b=27 nt=1390] KSP converged reason: 4, iterations: 1
  [a=22 b=27 nt=1392] KSP converged reason: 4, iterations: 1
  [a=22 b=27 nt=1392] KSP converged reason: 4, iterations: 1
  [a=22 b=27 nt=1392] KSP converged reason: 4, iterations: 1
  [1841] viol   f=   0.226  a=22.2 b=27.2 gap=29.5 (face=3.0mm) n=[241, 241, 240, 240, 211, 211, 1, 1, 1, 1, 1, 1, 1, 1]  tape=0.226km B=9.99T unif=7.654% hoop=114MPa
  [1842] viol   f=   0.226  a=22.2 b=27.2 gap=29.5 (face=3.0mm) n=[241, 241, 240, 240, 211, 211, 1, 1, 1, 1, 1, 1, 1, 1]  tape=0.226km B=9.99T unif=7.769% hoop=109MPa
  [1843] viol   f=   0.226  a=22.2 b=27.2 gap=29.5 (face=3.0mm) n=[241, 241, 239, 239, 212, 212, 1, 1, 1, 1, 1, 1, 1, 1]  tape=0.226km B=9.99T unif=8.344% hoop=109MPa
  [1844] viol   f=   0.226  a=22.2 b=27.2 gap=29.5 (face=3.0mm) n=[241, 241, 239, 239, 212, 212, 1, 1, 1, 1, 1, 1, 1, 1]  tape=0.226km B=9.99T unif=8.291% hoop=109MPa
  [1845] viol   f=   0.226  a=22.2 b=27.2 gap=29.5 (face=3.0mm) n=[241, 241, 240, 240, 211, 211, 1, 1, 1, 1, 1, 1, 1, 1]  tape=0.226km B=9.99T unif=7.830% hoop=109MPa
  [1846] viol   f=   0.225  a=22.2 b=27.2 gap=29.5 (face=3.0mm) n=[241, 241, 239, 239, 211, 211, 1, 1, 1, 1, 1, 1, 1, 1]  tape=0.225km B=10.00T unif=7.883% hoop=109MPa
  [1847] viol   f=   0.226  a=22.2 b=27.2 gap=29.5 (face=3.0mm) n=[241, 241, 240, 240, 211, 211, 1, 1, 1, 1, 1, 1, 1, 1]  tape=0.226km B=9.99T unif=7.955% hoop=109MPa
  [1848] viol   f=   0.226  a=22.2 b=27.2 gap=29.5 (face=3.0mm) n=[241, 241, 240, 240, 211, 211, 1, 1, 1, 1, 1, 1, 1, 1]  tape=0.226km B=10.00T unif=7.825% hoop=109MPa
  [1849] INFEAS f=1000.000  a=22.2 b=27.2 gap=29.5 (face=3.0mm) n=[241, 241, 239, 239, 211, 211, 1, 1, 1, 1, 1, 1, 1, 1]  no evaluation (geometry pre-check)
  [1850] viol   f=   0.226  a=22.2 b=27.2 gap=29.5 (face=3.0mm) n=[241, 241, 240, 240, 211, 211, 1, 1, 1, 1, 1, 1, 1, 1]  tape=0.226km B=9.98T unif=8.394% hoop=109MPa
  [a=22 b=27 nt=1390] KSP converged reason: 4, iterations: 1
  [a=22 b=27 nt=1390] KSP converged reason: 4, iterations: 1
  [a=22 b=27 nt=1392] KSP converged reason: 4, iterations: 1
  [a=22 b=27 nt=1392] KSP converged reason: 4, iterations: 1
  [a=22 b=27 nt=1394] KSP converged reason: 4, iterations: 1
  [a=22 b=27 nt=1394] KSP converged reason: 4, iterations: 1
  [a=22 b=27 nt=1392] KSP converged reason: 4, iterations: 1
  [a=22 b=27 nt=1392] KSP converged reason: 4, iterations: 1
  [1851] viol   f=   0.226  a=22.2 b=27.2 gap=29.5 (face=3.0mm) n=[241, 241, 239, 239, 211, 211, 1, 1, 1, 1, 1, 1, 1, 1]  tape=0.225km B=9.99T unif=7.883% hoop=108MPa
  [1852] OK     f=   0.226  a=22.2 b=27.2 gap=29.5 (face=3.0mm) n=[241, 241, 240, 240, 211, 211, 1, 1, 2, 2, 1, 1, 1, 1]  tape=0.226km B=10.00T unif=8.570% hoop=109MPa
  [1853] viol   f=   0.228  a=22.2 b=27.2 gap=29.5 (face=3.0mm) n=[241, 241, 239, 239, 211, 211, 1, 1, 1, 1, 1, 1, 1, 1]  tape=0.225km B=9.97T unif=8.417% hoop=108MPa
  [1854] OK     f=   0.226  a=22.2 b=27.2 gap=29.5 (face=3.0mm) n=[241, 241, 240, 240, 211, 211, 1, 1, 2, 2, 1, 1, 1, 1]  tape=0.226km B=10.01T unif=8.599% hoop=109MPa
  [1855] INFEAS f=1000.000  a=22.2 b=27.2 gap=29.5 (face=3.0mm) n=[241, 241, 240, 240, 212, 212, 1, 1, 1, 1, 1, 1, 1, 1]  no evaluation (geometry pre-check)
  [1856] viol   f=   0.226  a=22.2 b=27.2 gap=29.5 (face=3.0mm) n=[241, 241, 239, 239, 212, 212, 1, 1, 1, 1, 1, 1, 1, 1]  tape=0.226km B=9.99T unif=8.345% hoop=109MPa
  [1857] INFEAS f=1000.000  a=22.2 b=27.2 gap=29.5 (face=3.0mm) n=[241, 241, 240, 240, 211, 211, 1, 1, 1, 1, 1, 1, 1, 1]  no evaluation (geometry pre-check)
  [1858] OK     f=   0.226  a=22.2 b=27.2 gap=29.5 (face=3.0mm) n=[241, 241, 240, 240, 211, 211, 1, 1, 1, 1, 1, 1, 1, 1]  tape=0.226km B=10.01T unif=7.914% hoop=109MPa
  [1859] OK     f=   0.226  a=22.2 b=27.2 gap=29.5 (face=3.0mm) n=[241, 241, 240, 240, 211, 211, 1, 1, 1, 1, 1, 1, 1, 1]  tape=0.226km B=10.02T unif=7.942% hoop=109MPa
  [1860] OK     f=   0.226  a=22.2 b=27.2 gap=29.5 (face=3.0mm) n=[241, 241, 240, 240, 211, 211, 1, 1, 1, 1, 1, 1, 1, 1]  tape=0.226km B=10.01T unif=8.158% hoop=112MPa
  [a=22 b=27 nt=1392] KSP converged reason: 4, iterations: 1
  [a=22 b=27 nt=1392] KSP converged reason: 4, iterations: 1
  [a=22 b=27 nt=1392] KSP converged reason: 4, iterations: 1
  [a=22 b=27 nt=1392] KSP converged reason: 4, iterations: 1
  [a=22 b=27 nt=1392] KSP converged reason: 4, iterations: 1
  [a=22 b=27 nt=1390] KSP converged reason: 4, iterations: 1
  [a=22 b=27 nt=1390] KSP converged reason: 4, iterations: 1
  [a=22 b=27 nt=1392] KSP converged reason: 4, iterations: 1
  [a=22 b=27 nt=1392] KSP converged reason: 4, iterations: 1
  [1861] viol   f=   0.227  a=22.2 b=27.2 gap=29.5 (face=3.0mm) n=[241, 241, 239, 239, 212, 212, 1, 1, 1, 1, 1, 1, 1, 1]  tape=0.226km B=9.97T unif=8.384% hoop=108MPa
  [1862] viol   f=   0.226  a=22.2 b=27.2 gap=29.5 (face=3.0mm) n=[241, 241, 240, 240, 211, 211, 1, 1, 1, 1, 1, 1, 1, 1]  tape=0.226km B=10.00T unif=7.819% hoop=109MPa
  [1863] viol   f=   0.226  a=22.2 b=27.2 gap=29.5 (face=3.0mm) n=[241, 241, 239, 239, 211, 211, 1, 1, 1, 1, 1, 1, 1, 1]  tape=0.225km B=9.98T unif=7.915% hoop=108MPa
  [1864] viol   f=   0.226  a=22.2 b=27.2 gap=29.5 (face=3.0mm) n=[241, 241, 239, 239, 212, 212, 1, 1, 1, 1, 1, 1, 1, 1]  tape=0.226km B=9.98T unif=8.328% hoop=109MPa
  [1865] INFEAS f=1000.000  a=22.2 b=27.2 gap=29.5 (face=3.0mm) n=[241, 241, 240, 240, 212, 212, 1, 1, 1, 1, 1, 1, 1, 1]  no evaluation (geometry pre-check)
  [1866] OK     f=   0.226  a=22.2 b=27.2 gap=29.5 (face=3.0mm) n=[241, 241, 240, 240, 211, 211, 1, 1, 1, 1, 1, 1, 1, 1]  tape=0.226km B=10.00T unif=7.906% hoop=109MPa
  [1867] viol   f=   0.226  a=22.2 b=27.2 gap=29.5 (face=3.0mm) n=[241, 241, 240, 240, 211, 211, 1, 1, 1, 1, 1, 1, 1, 1]  tape=0.226km B=10.00T unif=7.851% hoop=109MPa
  [1868] viol   f=   0.225  a=22.2 b=27.2 gap=29.5 (face=3.0mm) n=[241, 241, 239, 239, 211, 211, 1, 1, 1, 1, 1, 1, 1, 1]  tape=0.225km B=10.00T unif=7.879% hoop=109MPa
  [1869] viol   f=   0.226  a=22.2 b=27.2 gap=29.5 (face=3.0mm) n=[241, 241, 239, 239, 211, 211, 1, 1, 2, 2, 1, 1, 1, 1]  tape=0.226km B=10.00T unif=8.696% hoop=109MPa
  [1870] viol   f=   0.226  a=22.2 b=27.2 gap=29.5 (face=3.0mm) n=[241, 241, 240, 240, 211, 211, 1, 1, 1, 1, 1, 1, 1, 1]  tape=0.226km B=9.99T unif=7.888% hoop=109MPa
  [a=22 b=27 nt=1392] KSP converged reason: 4, iterations: 1
  [a=22 b=27 nt=1392] KSP converged reason: 4, iterations: 1
  [a=22 b=27 nt=1390] KSP converged reason: 4, iterations: 1
  [a=22 b=27 nt=1392] KSP converged reason: 4, iterations: 1
  [a=22 b=27 nt=1390] KSP converged reason: 4, iterations: 1
  [a=22 b=27 nt=1392] KSP converged reason: 4, iterations: 1
  [a=22 b=27 nt=1392] KSP converged reason: 4, iterations: 1
  [a=22 b=27 nt=1390] KSP converged reason: 4, iterations: 1
  [a=22 b=27 nt=1392] KSP converged reason: 4, iterations: 1
  [a=22 b=27 nt=1392] KSP converged reason: 4, iterations: 1
  [1871] OK     f=   0.226  a=22.2 b=27.2 gap=29.5 (face=3.0mm) n=[241, 241, 239, 239, 212, 212, 1, 1, 1, 1, 1, 1, 1, 1]  tape=0.226km B=10.01T unif=7.824% hoop=109MPa
  [1872] viol   f=   0.228  a=22.2 b=27.2 gap=29.5 (face=3.0mm) n=[241, 241, 239, 239, 211, 211, 1, 1, 1, 1, 1, 1, 1, 1]  tape=0.225km B=9.97T unif=7.930% hoop=108MPa
  [1873] OK     f=   0.226  a=22.2 b=27.2 gap=29.5 (face=3.0mm) n=[241, 241, 240, 240, 211, 211, 1, 1, 1, 1, 1, 1, 1, 1]  tape=0.226km B=10.01T unif=7.855% hoop=109MPa
  [1874] viol   f=   0.230  a=22.2 b=27.2 gap=29.5 (face=3.0mm) n=[241, 241, 240, 240, 210, 210, 1, 1, 1, 1, 1, 1, 1, 1]  tape=0.225km B=9.95T unif=7.853% hoop=110MPa
  [1875] viol   f=   0.226  a=22.2 b=27.2 gap=29.5 (face=3.0mm) n=[241, 241, 240, 240, 211, 211, 1, 1, 1, 1, 1, 1, 1, 1]  tape=0.226km B=9.98T unif=7.792% hoop=109MPa
  [1876] OK     f=   0.226  a=22.2 b=27.2 gap=29.5 (face=3.0mm) n=[241, 241, 239, 239, 212, 212, 1, 1, 1, 1, 1, 1, 1, 1]  tape=0.226km B=10.00T unif=7.873% hoop=109MPa
  [1877] OK     f=   0.226  a=22.2 b=27.2 gap=29.5 (face=3.0mm) n=[241, 241, 240, 240, 211, 211, 1, 1, 1, 1, 1, 1, 1, 1]  tape=0.226km B=10.01T unif=7.792% hoop=109MPa
  [1878] OK     f=   0.225  a=22.2 b=27.2 gap=29.5 (face=3.0mm) n=[241, 241, 239, 239, 211, 211, 1, 1, 1, 1, 1, 1, 1, 1]  tape=0.225km B=10.00T unif=7.888% hoop=109MPa
  [1879] OK     f=   0.226  a=22.2 b=27.2 gap=29.5 (face=3.0mm) n=[241, 241, 240, 240, 211, 211, 1, 1, 1, 1, 1, 1, 1, 1]  tape=0.226km B=10.01T unif=7.833% hoop=109MPa
  [1880] viol   f=   0.226  a=22.2 b=27.2 gap=29.5 (face=3.0mm) n=[241, 241, 240, 240, 211, 211, 1, 1, 1, 1, 1, 1, 1, 1]  tape=0.226km B=9.98T unif=7.886% hoop=108MPa
  [a=22 b=27 nt=1392] KSP converged reason: 4, iterations: 1
  [a=22 b=27 nt=1392] KSP converged reason: 4, iterations: 1
  [a=22 b=27 nt=1392] KSP converged reason: 4, iterations: 1
  [a=22 b=27 nt=1394] KSP converged reason: 4, iterations: 1
  [a=22 b=27 nt=1392] KSP converged reason: 4, iterations: 1
  [a=22 b=27 nt=1392] KSP converged reason: 4, iterations: 1
  [a=22 b=27 nt=1394] KSP converged reason: 4, iterations: 1
  [a=22 b=27 nt=1392] KSP converged reason: 4, iterations: 1
  [a=22 b=27 nt=1392] KSP converged reason: 4, iterations: 1
  [a=22 b=27 nt=1390] KSP converged reason: 4, iterations: 1
  [1881] viol   f=   0.226  a=22.2 b=27.2 gap=29.5 (face=3.0mm) n=[241, 241, 240, 240, 211, 211, 1, 1, 1, 1, 1, 1, 1, 1]  tape=0.226km B=9.99T unif=7.743% hoop=109MPa
  [1882] OK     f=   0.226  a=22.2 b=27.2 gap=29.5 (face=3.0mm) n=[241, 241, 240, 240, 211, 211, 1, 1, 2, 2, 1, 1, 1, 1]  tape=0.226km B=10.01T unif=8.623% hoop=109MPa
  [1883] viol   f=   0.226  a=22.2 b=27.2 gap=29.5 (face=3.0mm) n=[241, 241, 240, 240, 211, 211, 1, 1, 1, 1, 1, 1, 1, 1]  tape=0.226km B=10.00T unif=7.718% hoop=115MPa
  [1884] viol   f=   0.227  a=22.2 b=27.2 gap=29.5 (face=3.0mm) n=[241, 241, 240, 240, 211, 211, 1, 1, 1, 1, 1, 1, 1, 1]  tape=0.226km B=9.98T unif=8.356% hoop=109MPa
  [1885] viol   f=   0.226  a=22.2 b=27.2 gap=29.5 (face=3.0mm) n=[241, 241, 240, 240, 211, 211, 1, 1, 1, 1, 1, 1, 1, 1]  tape=0.226km B=10.00T unif=7.871% hoop=109MPa
  [1886] viol   f=   0.226  a=22.2 b=27.2 gap=29.5 (face=3.0mm) n=[241, 241, 240, 240, 211, 211, 1, 1, 1, 1, 1, 1, 1, 1]  tape=0.226km B=10.00T unif=7.768% hoop=109MPa
  [1887] viol   f=   0.227  a=22.2 b=27.2 gap=29.5 (face=3.0mm) n=[241, 241, 240, 240, 211, 211, 1, 1, 2, 2, 1, 1, 1, 1]  tape=0.226km B=9.98T unif=8.224% hoop=108MPa
  [1888] viol   f=   0.226  a=22.2 b=27.2 gap=29.5 (face=3.0mm) n=[241, 241, 240, 240, 211, 211, 1, 1, 1, 1, 1, 1, 1, 1]  tape=0.226km B=10.00T unif=7.717% hoop=109MPa
  [1889] viol   f=   0.228  a=22.2 b=27.2 gap=29.5 (face=3.0mm) n=[241, 241, 240, 240, 211, 211, 1, 1, 1, 1, 1, 1, 1, 1]  tape=0.226km B=9.97T unif=8.209% hoop=109MPa
  [1890] OK     f=   0.225  a=22.2 b=27.2 gap=29.5 (face=3.0mm) n=[241, 241, 239, 239, 211, 211, 1, 1, 1, 1, 1, 1, 1, 1]  tape=0.225km B=10.00T unif=7.868% hoop=108MPa
  [a=22 b=27 nt=1390] KSP converged reason: 4, iterations: 1
  [a=22 b=27 nt=1390] KSP converged reason: 4, iterations: 1
  [a=22 b=27 nt=1392] KSP converged reason: 4, iterations: 1
  [a=22 b=27 nt=1392] KSP converged reason: 4, iterations: 1
  [a=22 b=27 nt=1390] KSP converged reason: 4, iterations: 1
  [a=22 b=27 nt=1392] KSP converged reason: 4, iterations: 1
  [a=22 b=27 nt=1392] KSP converged reason: 4, iterations: 1
  [a=22 b=27 nt=1390] KSP converged reason: 4, iterations: 1
  [a=22 b=27 nt=1390] KSP converged reason: 4, iterations: 1
  [a=22 b=27 nt=1390] KSP converged reason: 4, iterations: 1
  [1891] viol   f=   0.226  a=22.2 b=27.2 gap=29.5 (face=3.0mm) n=[241, 241, 239, 239, 211, 211, 1, 1, 1, 1, 1, 1, 1, 1]  tape=0.225km B=9.98T unif=7.860% hoop=109MPa
  [1892] viol   f=   0.226  a=22.2 b=27.2 gap=29.5 (face=3.0mm) n=[241, 241, 239, 239, 211, 211, 1, 1, 2, 2, 1, 1, 1, 1]  tape=0.226km B=9.99T unif=8.692% hoop=108MPa
  [1893] OK     f=   0.225  a=22.2 b=27.2 gap=29.5 (face=3.0mm) n=[241, 241, 239, 239, 211, 211, 1, 1, 1, 1, 1, 1, 1, 1]  tape=0.225km B=10.00T unif=7.913% hoop=109MPa
  [1894] viol   f=   0.226  a=22.2 b=27.2 gap=29.5 (face=3.0mm) n=[241, 241, 239, 239, 211, 211, 1, 1, 1, 1, 1, 1, 1, 1]  tape=0.225km B=9.98T unif=7.870% hoop=109MPa
  [1895] viol   f=   0.226  a=22.2 b=27.2 gap=29.5 (face=3.0mm) n=[241, 241, 239, 239, 211, 211, 1, 1, 2, 2, 1, 1, 1, 1]  tape=0.226km B=9.98T unif=8.678% hoop=108MPa
  [1896] OK     f=   0.226  a=22.2 b=27.2 gap=29.5 (face=3.0mm) n=[241, 241, 240, 240, 211, 211, 1, 1, 1, 1, 1, 1, 1, 1]  tape=0.226km B=10.02T unif=8.492% hoop=120MPa
  [1897] viol   f=   0.226  a=22.2 b=27.2 gap=29.5 (face=3.0mm) n=[242, 242, 239, 239, 211, 211, 1, 1, 1, 1, 1, 1, 1, 1]  tape=0.226km B=9.99T unif=7.896% hoop=109MPa
  [1898] viol   f=   0.226  a=22.2 b=27.2 gap=29.5 (face=3.0mm) n=[241, 241, 239, 239, 211, 211, 1, 1, 1, 1, 1, 1, 1, 1]  tape=0.225km B=9.98T unif=7.923% hoop=108MPa
  [1899] viol   f=   0.227  a=22.2 b=27.2 gap=29.5 (face=3.0mm) n=[241, 241, 240, 240, 210, 210, 1, 1, 1, 1, 1, 1, 1, 1]  tape=0.225km B=9.97T unif=8.148% hoop=109MPa
  [1900] viol   f=   0.226  a=22.2 b=27.2 gap=29.5 (face=3.0mm) n=[241, 241, 239, 239, 211, 211, 1, 1, 1, 1, 1, 1, 1, 1]  tape=0.225km B=9.98T unif=7.846% hoop=108MPa
  [a=22 b=27 nt=1392] KSP converged reason: 4, iterations: 1
  [a=22 b=27 nt=1392] KSP converged reason: 4, iterations: 1
  [a=22 b=27 nt=1390] KSP converged reason: 4, iterations: 1
  [a=22 b=27 nt=1390] KSP converged reason: 4, iterations: 1
  [a=22 b=27 nt=1390] KSP converged reason: 4, iterations: 1
  [a=22 b=27 nt=1392] KSP converged reason: 4, iterations: 1
  [a=22 b=27 nt=1392] KSP converged reason: 4, iterations: 1
  [a=22 b=27 nt=1390] KSP converged reason: 4, iterations: 1
  [a=22 b=27 nt=1390] KSP converged reason: 4, iterations: 1
  [a=22 b=27 nt=1390] KSP converged reason: 4, iterations: 1
  [1901] viol   f=   0.226  a=22.2 b=27.2 gap=29.5 (face=3.0mm) n=[241, 241, 239, 239, 211, 211, 1, 1, 1, 1, 1, 1, 1, 1]  tape=0.225km B=9.98T unif=7.940% hoop=109MPa
  [1902] viol   f=   0.227  a=22.2 b=27.2 gap=29.5 (face=3.0mm) n=[241, 241, 239, 239, 211, 211, 1, 1, 1, 1, 1, 1, 1, 1]  tape=0.225km B=9.97T unif=8.407% hoop=108MPa
  [1903] viol   f=   0.226  a=22.2 b=27.2 gap=29.5 (face=3.0mm) n=[241, 241, 240, 240, 211, 211, 1, 1, 1, 1, 1, 1, 1, 1]  tape=0.226km B=10.00T unif=7.868% hoop=109MPa
  [1904] viol   f=   0.226  a=22.2 b=27.2 gap=29.5 (face=3.0mm) n=[241, 241, 239, 239, 211, 211, 1, 1, 2, 2, 1, 1, 1, 1]  tape=0.226km B=10.00T unif=8.668% hoop=109MPa
  [1905] OK     f=   0.226  a=22.2 b=27.2 gap=29.5 (face=3.0mm) n=[241, 241, 239, 239, 211, 211, 1, 1, 2, 2, 1, 1, 1, 1]  tape=0.226km B=10.00T unif=8.694% hoop=109MPa
  [1906] viol   f=   0.226  a=22.2 b=27.2 gap=29.5 (face=3.0mm) n=[241, 241, 239, 239, 211, 211, 1, 1, 1, 1, 1, 1, 1, 1]  tape=0.225km B=9.98T unif=7.886% hoop=108MPa
  [1907] OK     f=   0.226  a=22.2 b=27.2 gap=29.5 (face=3.0mm) n=[241, 241, 240, 240, 211, 211, 1, 1, 1, 1, 1, 1, 1, 1]  tape=0.226km B=10.01T unif=7.922% hoop=109MPa
  [1908] OK     f=   0.225  a=22.2 b=27.2 gap=29.5 (face=3.0mm) n=[241, 241, 239, 239, 211, 211, 1, 1, 1, 1, 1, 1, 1, 1]  tape=0.225km B=10.00T unif=7.892% hoop=109MPa
  [1909] OK     f=   0.225  a=22.2 b=27.2 gap=29.5 (face=3.0mm) n=[241, 241, 239, 239, 211, 211, 1, 1, 1, 1, 1, 1, 1, 1]  tape=0.225km B=10.02T unif=7.826% hoop=109MPa
  [1910] viol   f=   0.225  a=22.2 b=27.2 gap=29.5 (face=3.0mm) n=[241, 241, 239, 239, 211, 211, 1, 1, 1, 1, 1, 1, 1, 1]  tape=0.225km B=10.00T unif=7.920% hoop=109MPa
  [a=22 b=27 nt=1390] KSP converged reason: 4, iterations: 1
  [a=22 b=27 nt=1390] KSP converged reason: 4, iterations: 1
  [a=22 b=27 nt=1390] KSP converged reason: 4, iterations: 1
  [a=22 b=27 nt=1392] KSP converged reason: 4, iterations: 1
  [a=22 b=27 nt=1390] KSP converged reason: 4, iterations: 1
  [a=22 b=27 nt=1390] KSP converged reason: 4, iterations: 1
  [a=22 b=27 nt=1390] KSP converged reason: 4, iterations: 1
  [a=22 b=27 nt=1390] KSP converged reason: 4, iterations: 1
  [a=22 b=27 nt=1392] KSP converged reason: 4, iterations: 1
  [a=22 b=27 nt=1390] KSP converged reason: 4, iterations: 1
  [1911] viol   f=   0.226  a=22.2 b=27.2 gap=29.5 (face=3.0mm) n=[241, 241, 239, 239, 211, 211, 1, 1, 1, 1, 1, 1, 1, 1]  tape=0.225km B=9.98T unif=7.904% hoop=108MPa
  [1912] viol   f=   0.226  a=22.2 b=27.2 gap=29.5 (face=3.0mm) n=[241, 241, 239, 239, 211, 211, 1, 1, 2, 2, 1, 1, 1, 1]  tape=0.226km B=9.99T unif=8.780% hoop=111MPa
  [1913] viol   f=   0.225  a=22.2 b=27.2 gap=29.5 (face=3.0mm) n=[241, 241, 239, 239, 211, 211, 1, 1, 1, 1, 1, 1, 1, 1]  tape=0.225km B=10.00T unif=7.914% hoop=108MPa
  [1914] viol   f=   0.226  a=22.2 b=27.2 gap=29.5 (face=3.0mm) n=[241, 241, 239, 239, 211, 211, 1, 1, 1, 1, 1, 1, 1, 1]  tape=0.225km B=9.99T unif=7.860% hoop=108MPa
  [1915] viol   f=   0.226  a=22.2 b=27.2 gap=29.5 (face=3.0mm) n=[241, 241, 239, 239, 211, 211, 1, 1, 1, 1, 1, 1, 1, 1]  tape=0.225km B=9.98T unif=7.903% hoop=108MPa
  [1916] viol   f=   0.226  a=22.2 b=27.2 gap=29.5 (face=3.0mm) n=[241, 241, 239, 239, 211, 211, 1, 1, 1, 1, 1, 1, 1, 1]  tape=0.225km B=9.99T unif=7.805% hoop=109MPa
  [1917] viol   f=   0.226  a=22.2 b=27.2 gap=29.5 (face=3.0mm) n=[241, 241, 239, 239, 211, 211, 1, 1, 1, 1, 1, 1, 1, 1]  tape=0.225km B=9.99T unif=7.936% hoop=108MPa
  [1918] viol   f=   0.226  a=22.2 b=27.2 gap=29.5 (face=3.0mm) n=[241, 241, 239, 239, 211, 211, 1, 1, 1, 1, 1, 1, 1, 1]  tape=0.225km B=9.98T unif=7.922% hoop=108MPa
  [1919] viol   f=   0.226  a=22.2 b=27.2 gap=29.5 (face=3.0mm) n=[241, 241, 240, 240, 211, 211, 1, 1, 1, 1, 1, 1, 1, 1]  tape=0.226km B=10.00T unif=7.856% hoop=109MPa
  [1920] viol   f=   0.228  a=22.2 b=27.2 gap=29.5 (face=3.0mm) n=[241, 241, 239, 239, 211, 211, 1, 1, 1, 1, 1, 1, 1, 1]  tape=0.225km B=9.96T unif=7.819% hoop=108MPa
  [a=22 b=27 nt=1390] KSP converged reason: 4, iterations: 1
  [a=22 b=27 nt=1390] KSP converged reason: 4, iterations: 1
  [a=22 b=27 nt=1390] KSP converged reason: 4, iterations: 1
  [a=22 b=27 nt=1390] KSP converged reason: 4, iterations: 1
  [a=22 b=27 nt=1392] KSP converged reason: 4, iterations: 1
  [a=22 b=27 nt=1392] KSP converged reason: 4, iterations: 1
  [a=22 b=27 nt=1392] KSP converged reason: 4, iterations: 1
  [a=22 b=27 nt=1390] KSP converged reason: 4, iterations: 1
  [a=22 b=27 nt=1394] KSP converged reason: 4, iterations: 1
  [a=22 b=27 nt=1394] KSP converged reason: 4, iterations: 1
  [1921] viol   f=   0.225  a=22.2 b=27.2 gap=29.5 (face=3.0mm) n=[241, 241, 239, 239, 211, 211, 1, 1, 1, 1, 1, 1, 1, 1]  tape=0.225km B=10.00T unif=7.911% hoop=109MPa
  [1922] viol   f=   0.228  a=22.2 b=27.2 gap=29.5 (face=3.0mm) n=[241, 241, 239, 239, 211, 211, 1, 1, 1, 1, 1, 1, 1, 1]  tape=0.225km B=9.96T unif=7.906% hoop=108MPa
  [1923] viol   f=   0.228  a=22.2 b=27.2 gap=29.5 (face=3.0mm) n=[241, 241, 239, 239, 211, 211, 1, 1, 1, 1, 1, 1, 1, 1]  tape=0.225km B=9.97T unif=8.445% hoop=108MPa
  [1924] viol   f=   0.226  a=22.2 b=27.2 gap=29.5 (face=3.0mm) n=[241, 241, 239, 239, 211, 211, 1, 1, 2, 2, 1, 1, 1, 1]  tape=0.226km B=9.99T unif=8.671% hoop=108MPa
  [1925] viol   f=   0.226  a=22.2 b=27.2 gap=29.5 (face=3.0mm) n=[241, 241, 239, 239, 211, 211, 1, 1, 1, 1, 1, 1, 1, 1]  tape=0.225km B=9.99T unif=7.897% hoop=108MPa
  [1926] viol   f=   0.226  a=22.2 b=27.2 gap=29.5 (face=3.0mm) n=[241, 241, 239, 239, 211, 211, 1, 1, 2, 2, 1, 1, 1, 1]  tape=0.226km B=10.00T unif=8.717% hoop=109MPa
  [1927] OK     f=   0.226  a=22.2 b=27.2 gap=29.5 (face=3.0mm) n=[241, 241, 239, 239, 211, 211, 1, 1, 2, 2, 1, 1, 1, 1]  tape=0.226km B=10.00T unif=8.721% hoop=109MPa
  [1928] viol   f=   0.227  a=22.2 b=27.2 gap=29.5 (face=3.0mm) n=[241, 241, 239, 239, 211, 211, 1, 1, 1, 1, 1, 1, 1, 1]  tape=0.225km B=9.97T unif=8.342% hoop=108MPa
  [1929] OK     f=   0.226  a=22.2 b=27.2 gap=29.5 (face=3.0mm) n=[241, 241, 240, 240, 211, 211, 1, 1, 2, 2, 1, 1, 1, 1]  tape=0.226km B=10.01T unif=8.463% hoop=109MPa
  [1930] OK     f=   0.226  a=22.2 b=27.2 gap=29.5 (face=3.0mm) n=[241, 241, 240, 240, 211, 211, 1, 1, 2, 2, 1, 1, 1, 1]  tape=0.226km B=10.01T unif=8.622% hoop=109MPa
  [a=22 b=27 nt=1392] KSP converged reason: 4, iterations: 1
  [a=22 b=27 nt=1390] KSP converged reason: 4, iterations: 1
  [a=22 b=27 nt=1392] KSP converged reason: 4, iterations: 1
  [a=22 b=27 nt=1390] KSP converged reason: 4, iterations: 1
  [a=22 b=27 nt=1390] KSP converged reason: 4, iterations: 1
  [a=22 b=27 nt=1392] KSP converged reason: 4, iterations: 1
  [a=22 b=27 nt=1392] KSP converged reason: 4, iterations: 1
  [a=22 b=27 nt=1390] KSP converged reason: 4, iterations: 1
  [a=22 b=27 nt=1392] KSP converged reason: 4, iterations: 1
  [a=22 b=27 nt=1394] KSP converged reason: 4, iterations: 1
  [1931] OK     f=   0.226  a=22.2 b=27.2 gap=29.5 (face=3.0mm) n=[241, 241, 240, 240, 211, 211, 1, 1, 1, 1, 1, 1, 1, 1]  tape=0.226km B=10.00T unif=7.975% hoop=109MPa
  [1932] OK     f=   0.226  a=22.2 b=27.2 gap=29.5 (face=3.0mm) n=[241, 241, 240, 240, 211, 211, 1, 1, 1, 1, 1, 1, 1, 1]  tape=0.226km B=10.00T unif=7.742% hoop=110MPa
  [1933] OK     f=   0.226  a=22.2 b=27.2 gap=29.5 (face=3.0mm) n=[241, 241, 240, 240, 211, 211, 1, 1, 1, 1, 1, 1, 1, 1]  tape=0.226km B=10.01T unif=7.986% hoop=109MPa
  [1934] viol   f=   0.227  a=22.2 b=27.2 gap=29.5 (face=3.0mm) n=[241, 241, 239, 239, 211, 211, 1, 1, 1, 1, 1, 1, 1, 1]  tape=0.225km B=9.98T unif=7.925% hoop=108MPa
  [1935] viol   f=   0.226  a=22.2 b=27.2 gap=29.5 (face=3.0mm) n=[241, 241, 239, 239, 211, 211, 1, 1, 1, 1, 1, 1, 1, 1]  tape=0.225km B=9.98T unif=7.826% hoop=109MPa
  [1936] viol   f=   0.226  a=22.2 b=27.2 gap=29.5 (face=3.0mm) n=[241, 241, 239, 239, 211, 211, 1, 1, 1, 1, 1, 1, 1, 1]  tape=0.225km B=9.99T unif=7.926% hoop=108MPa
  [1937] OK     f=   0.226  a=22.2 b=27.2 gap=29.5 (face=3.0mm) n=[241, 241, 239, 239, 211, 211, 1, 1, 2, 2, 1, 1, 1, 1]  tape=0.226km B=10.00T unif=8.698% hoop=109MPa
  [1938] viol   f=   0.226  a=22.2 b=27.2 gap=29.5 (face=3.0mm) n=[241, 241, 239, 239, 211, 211, 1, 1, 2, 2, 1, 1, 1, 1]  tape=0.226km B=10.00T unif=8.653% hoop=109MPa
  [1939] viol   f=   0.226  a=22.2 b=27.2 gap=29.5 (face=3.0mm) n=[241, 241, 239, 239, 211, 211, 1, 1, 1, 1, 1, 1, 1, 1]  tape=0.225km B=9.99T unif=7.904% hoop=108MPa
  [1940] OK     f=   0.226  a=22.2 b=27.2 gap=29.5 (face=3.0mm) n=[241, 241, 240, 240, 211, 211, 1, 1, 2, 2, 1, 1, 1, 1]  tape=0.226km B=10.01T unif=8.547% hoop=109MPa
  [a=22 b=27 nt=1392] KSP converged reason: 4, iterations: 1
  [a=22 b=27 nt=1392] KSP converged reason: 4, iterations: 1
  [a=22 b=27 nt=1392] KSP converged reason: 4, iterations: 1
  [a=22 b=27 nt=1390] KSP converged reason: 4, iterations: 1
  [a=22 b=27 nt=1390] KSP converged reason: 4, iterations: 1
  [a=22 b=27 nt=1394] KSP converged reason: 4, iterations: 1
  [a=22 b=27 nt=1390] KSP converged reason: 4, iterations: 1
  [a=22 b=27 nt=1392] KSP converged reason: 4, iterations: 1
  [a=22 b=27 nt=1392] KSP converged reason: 4, iterations: 1
  [a=22 b=27 nt=1390] KSP converged reason: 4, iterations: 1
  [1941] OK     f=   0.226  a=22.2 b=27.2 gap=29.5 (face=3.0mm) n=[241, 241, 240, 240, 211, 211, 1, 1, 1, 1, 1, 1, 1, 1]  tape=0.226km B=10.02T unif=7.754% hoop=109MPa
  [1942] viol   f=   0.226  a=22.2 b=27.2 gap=29.5 (face=3.0mm) n=[241, 241, 240, 240, 211, 211, 1, 1, 2, 2, 1, 1, 1, 1]  tape=0.226km B=9.99T unif=8.511% hoop=109MPa
  [1943] viol   f=   0.227  a=22.2 b=27.2 gap=29.5 (face=3.0mm) n=[241, 241, 240, 240, 211, 211, 1, 1, 1, 1, 1, 1, 1, 1]  tape=0.226km B=9.98T unif=7.853% hoop=110MPa
  [1944] OK     f=   0.226  a=22.2 b=27.2 gap=29.5 (face=3.0mm) n=[241, 241, 240, 240, 211, 211, 1, 1, 1, 1, 1, 1, 1, 1]  tape=0.226km B=10.00T unif=7.920% hoop=109MPa
  [1945] OK     f=   0.225  a=22.2 b=27.2 gap=29.5 (face=3.0mm) n=[241, 241, 239, 239, 211, 211, 1, 1, 1, 1, 1, 1, 1, 1]  tape=0.225km B=10.00T unif=7.894% hoop=109MPa
  [1946] viol   f=   0.225  a=22.2 b=27.2 gap=29.5 (face=3.0mm) n=[241, 241, 239, 239, 211, 211, 1, 1, 1, 1, 1, 1, 1, 1]  tape=0.225km B=10.00T unif=7.904% hoop=109MPa
  [1947] viol   f=   0.226  a=22.2 b=27.2 gap=29.5 (face=3.0mm) n=[241, 241, 239, 239, 211, 211, 1, 1, 1, 1, 1, 1, 1, 1]  tape=0.225km B=9.99T unif=7.903% hoop=108MPa
  [1948] viol   f=   0.226  a=22.2 b=27.2 gap=29.5 (face=3.0mm) n=[241, 241, 239, 239, 211, 211, 1, 1, 1, 1, 1, 1, 1, 1]  tape=0.225km B=9.98T unif=7.885% hoop=109MPa
  [1949] viol   f=   0.226  a=22.2 b=27.2 gap=29.5 (face=3.0mm) n=[241, 241, 240, 240, 211, 211, 1, 1, 1, 1, 1, 1, 1, 1]  tape=0.226km B=9.99T unif=8.436% hoop=109MPa
  [1950] OK     f=   0.226  a=22.2 b=27.2 gap=29.5 (face=3.0mm) n=[241, 241, 240, 240, 211, 211, 1, 1, 1, 1, 1, 1, 1, 1]  tape=0.226km B=10.01T unif=7.898% hoop=109MPa
  [a=22 b=27 nt=1392] KSP converged reason: 4, iterations: 1
  [a=22 b=27 nt=1392] KSP converged reason: 4, iterations: 1
  [a=22 b=27 nt=1392] KSP converged reason: 4, iterations: 1
  [a=22 b=27 nt=1392] KSP converged reason: 4, iterations: 1
  [a=22 b=27 nt=1390] KSP converged reason: 4, iterations: 1
  [a=22 b=27 nt=1390] KSP converged reason: 4, iterations: 1
  [a=22 b=27 nt=1390] KSP converged reason: 4, iterations: 1
  [a=22 b=27 nt=1390] KSP converged reason: 4, iterations: 1
  [a=22 b=27 nt=1390] KSP converged reason: 4, iterations: 1
  [a=22 b=27 nt=1392] KSP converged reason: 4, iterations: 1
  [1951] OK     f=   0.226  a=22.2 b=27.2 gap=29.5 (face=3.0mm) n=[241, 241, 240, 240, 211, 211, 1, 1, 1, 1, 1, 1, 1, 1]  tape=0.226km B=10.02T unif=7.876% hoop=109MPa
  [1952] viol   f=   0.225  a=22.2 b=27.2 gap=29.5 (face=3.0mm) n=[241, 241, 239, 239, 211, 211, 1, 1, 1, 1, 1, 1, 1, 1]  tape=0.225km B=10.00T unif=7.913% hoop=109MPa
  [1953] viol   f=   0.226  a=22.2 b=27.2 gap=29.5 (face=3.0mm) n=[241, 241, 239, 239, 211, 211, 1, 1, 1, 1, 1, 1, 1, 1]  tape=0.225km B=9.99T unif=7.909% hoop=108MPa
  [1954] OK     f=   0.226  a=22.2 b=27.2 gap=29.5 (face=3.0mm) n=[241, 241, 240, 240, 211, 211, 1, 1, 1, 1, 1, 1, 1, 1]  tape=0.226km B=10.01T unif=8.385% hoop=109MPa
  [1955] OK     f=   0.226  a=22.2 b=27.2 gap=29.5 (face=3.0mm) n=[241, 241, 240, 240, 211, 211, 1, 1, 1, 1, 1, 1, 1, 1]  tape=0.226km B=10.01T unif=7.909% hoop=109MPa
  [1956] viol   f=   0.226  a=22.2 b=27.2 gap=29.5 (face=3.0mm) n=[241, 241, 240, 240, 211, 211, 1, 1, 1, 1, 1, 1, 1, 1]  tape=0.226km B=9.98T unif=8.407% hoop=110MPa
  [1957] viol   f=   0.227  a=22.2 b=27.2 gap=29.5 (face=3.0mm) n=[241, 241, 239, 239, 211, 211, 1, 1, 1, 1, 1, 1, 1, 1]  tape=0.225km B=9.97T unif=8.429% hoop=108MPa
  [1958] viol   f=   0.226  a=22.2 b=27.2 gap=29.5 (face=3.0mm) n=[241, 241, 239, 239, 211, 211, 1, 1, 1, 1, 1, 1, 1, 1]  tape=0.225km B=9.98T unif=8.428% hoop=109MPa
  [1959] viol   f=   0.226  a=22.2 b=27.2 gap=29.5 (face=3.0mm) n=[241, 241, 239, 239, 211, 211, 1, 1, 1, 1, 1, 1, 1, 1]  tape=0.225km B=9.99T unif=7.840% hoop=109MPa
  [1960] viol   f=   0.226  a=22.2 b=27.2 gap=29.5 (face=3.0mm) n=[241, 241, 240, 240, 211, 211, 1, 1, 1, 1, 1, 1, 1, 1]  tape=0.226km B=10.00T unif=7.929% hoop=109MPa
  [a=22 b=27 nt=1390] KSP converged reason: 4, iterations: 1
  [a=22 b=27 nt=1390] KSP converged reason: 4, iterations: 1
  [a=22 b=27 nt=1390] KSP converged reason: 4, iterations: 1
  [a=22 b=27 nt=1390] KSP converged reason: 4, iterations: 1
  [a=22 b=27 nt=1390] KSP converged reason: 4, iterations: 1
  [a=22 b=27 nt=1390] KSP converged reason: 4, iterations: 1
  [a=22 b=27 nt=1390] KSP converged reason: 4, iterations: 1
  [a=22 b=27 nt=1390] KSP converged reason: 4, iterations: 1
  [a=22 b=27 nt=1390] KSP converged reason: 4, iterations: 1
  [1961] viol   f=   0.227  a=22.2 b=27.2 gap=29.5 (face=3.0mm) n=[241, 241, 239, 239, 211, 211, 1, 1, 1, 1, 1, 1, 1, 1]  tape=0.225km B=9.97T unif=8.442% hoop=108MPa
  [1962] viol   f=   0.227  a=22.2 b=27.2 gap=29.5 (face=3.0mm) n=[241, 241, 239, 239, 211, 211, 1, 1, 1, 1, 1, 1, 1, 1]  tape=0.225km B=9.97T unif=8.509% hoop=108MPa
  [1963] viol   f=   0.226  a=22.2 b=27.2 gap=29.5 (face=3.0mm) n=[241, 241, 239, 239, 211, 211, 1, 1, 1, 1, 1, 1, 1, 1]  tape=0.225km B=9.99T unif=7.915% hoop=108MPa
  [1964] viol   f=   0.226  a=22.2 b=27.2 gap=29.5 (face=3.0mm) n=[241, 241, 239, 239, 211, 211, 1, 1, 1, 1, 1, 1, 1, 1]  tape=0.225km B=9.99T unif=7.940% hoop=109MPa
  [1965] INFEAS f=1000.000  a=22.2 b=27.2 gap=29.5 (face=3.0mm) n=[241, 241, 239, 239, 211, 211, 1, 1, 1, 1, 1, 1, 1, 1]  no evaluation (geometry pre-check)
  [1966] viol   f=   0.226  a=22.2 b=27.2 gap=29.5 (face=3.0mm) n=[241, 241, 239, 239, 211, 211, 1, 1, 1, 1, 1, 1, 1, 1]  tape=0.225km B=9.98T unif=7.894% hoop=108MPa
  [1967] viol   f=   0.226  a=22.2 b=27.2 gap=29.5 (face=3.0mm) n=[241, 241, 239, 239, 211, 211, 1, 1, 1, 1, 1, 1, 1, 1]  tape=0.225km B=9.98T unif=7.932% hoop=108MPa
  [1968] viol   f=   0.226  a=22.2 b=27.2 gap=29.5 (face=3.0mm) n=[241, 241, 239, 239, 211, 211, 1, 1, 1, 1, 1, 1, 1, 1]  tape=0.225km B=9.99T unif=7.950% hoop=108MPa
  [1969] viol   f=   0.226  a=22.2 b=27.2 gap=29.5 (face=3.0mm) n=[241, 241, 239, 239, 211, 211, 1, 1, 1, 1, 1, 1, 1, 1]  tape=0.225km B=9.99T unif=7.942% hoop=108MPa
  [1970] OK     f=   0.225  a=22.2 b=27.2 gap=29.5 (face=3.0mm) n=[241, 241, 239, 239, 211, 211, 1, 1, 1, 1, 1, 1, 1, 1]  tape=0.225km B=10.00T unif=7.964% hoop=109MPa
  [a=22 b=27 nt=1390] KSP converged reason: 4, iterations: 1
  [a=22 b=27 nt=1390] KSP converged reason: 4, iterations: 1
  [a=22 b=27 nt=1390] KSP converged reason: 4, iterations: 1
  [a=22 b=27 nt=1390] KSP converged reason: 4, iterations: 1
  [a=22 b=27 nt=1390] KSP converged reason: 4, iterations: 1
  [a=22 b=27 nt=1390] KSP converged reason: 4, iterations: 1
  [a=22 b=27 nt=1390] KSP converged reason: 4, iterations: 1
  [a=22 b=27 nt=1390] KSP converged reason: 4, iterations: 1
  [a=22 b=27 nt=1390] KSP converged reason: 4, iterations: 1
  [1971] viol   f=   0.225  a=22.2 b=27.2 gap=29.5 (face=3.0mm) n=[241, 241, 239, 239, 211, 211, 1, 1, 1, 1, 1, 1, 1, 1]  tape=0.225km B=10.00T unif=7.946% hoop=109MPa
  [1972] viol   f=   0.226  a=22.2 b=27.2 gap=29.5 (face=3.0mm) n=[241, 241, 239, 239, 211, 211, 1, 1, 1, 1, 1, 1, 1, 1]  tape=0.225km B=9.99T unif=7.896% hoop=108MPa
  [1973] viol   f=   0.226  a=22.2 b=27.2 gap=29.5 (face=3.0mm) n=[241, 241, 239, 239, 211, 211, 1, 1, 1, 1, 1, 1, 1, 1]  tape=0.225km B=9.99T unif=7.922% hoop=108MPa
  [1974] OK     f=   0.225  a=22.2 b=27.2 gap=29.5 (face=3.0mm) n=[241, 241, 239, 239, 211, 211, 1, 1, 1, 1, 1, 1, 1, 1]  tape=0.225km B=10.00T unif=7.927% hoop=109MPa
  [1975] viol   f=   0.228  a=22.2 b=27.2 gap=29.5 (face=3.0mm) n=[241, 241, 239, 239, 211, 211, 1, 1, 1, 1, 1, 1, 1, 1]  tape=0.225km B=9.96T unif=8.422% hoop=108MPa
  [1976] INFEAS f=1000.000  a=22.2 b=27.2 gap=29.5 (face=3.0mm) n=[241, 241, 239, 239, 211, 211, 1, 1, 1, 1, 1, 1, 1, 1]  no evaluation (geometry pre-check)
  [1977] viol   f=   0.225  a=22.2 b=27.2 gap=29.5 (face=3.0mm) n=[241, 241, 239, 239, 211, 211, 1, 1, 1, 1, 1, 1, 1, 1]  tape=0.225km B=10.00T unif=8.007% hoop=109MPa
  [1978] OK     f=   0.225  a=22.2 b=27.2 gap=29.5 (face=3.0mm) n=[241, 241, 239, 239, 211, 211, 1, 1, 1, 1, 1, 1, 1, 1]  tape=0.225km B=10.00T unif=7.903% hoop=109MPa
  [1979] viol   f=   0.227  a=22.2 b=27.2 gap=29.5 (face=3.0mm) n=[241, 241, 239, 239, 211, 211, 1, 1, 1, 1, 1, 1, 1, 1]  tape=0.225km B=9.98T unif=8.421% hoop=109MPa
  [1980] viol   f=   0.226  a=22.2 b=27.2 gap=29.5 (face=3.0mm) n=[241, 241, 239, 239, 211, 211, 1, 1, 1, 1, 1, 1, 1, 1]  tape=0.225km B=9.99T unif=8.028% hoop=114MPa
  [a=22 b=27 nt=1390] KSP converged reason: 4, iterations: 1
  [a=22 b=27 nt=1390] KSP converged reason: 4, iterations: 1
  [a=22 b=27 nt=1390] KSP converged reason: 4, iterations: 1
  [a=22 b=27 nt=1392] KSP converged reason: 4, iterations: 1
  [a=22 b=27 nt=1390] KSP converged reason: 4, iterations: 1
  [a=22 b=27 nt=1390] KSP converged reason: 4, iterations: 1
  [a=22 b=27 nt=1392] KSP converged reason: 4, iterations: 1
  [a=22 b=27 nt=1392] KSP converged reason: 4, iterations: 1
  [a=22 b=27 nt=1392] KSP converged reason: 4, iterations: 1
  [a=22 b=27 nt=1390] KSP converged reason: 4, iterations: 1
  [1981] OK     f=   0.226  a=22.2 b=27.2 gap=29.5 (face=3.0mm) n=[241, 241, 240, 240, 211, 211, 1, 1, 1, 1, 1, 1, 1, 1]  tape=0.226km B=10.01T unif=7.976% hoop=109MPa
  [1982] viol   f=   0.226  a=22.2 b=27.2 gap=29.5 (face=3.0mm) n=[241, 241, 239, 239, 211, 211, 1, 1, 1, 1, 1, 1, 1, 1]  tape=0.225km B=9.98T unif=7.916% hoop=108MPa
  [1983] viol   f=   0.226  a=22.2 b=27.2 gap=29.5 (face=3.0mm) n=[241, 241, 239, 239, 211, 211, 1, 1, 1, 1, 1, 1, 1, 1]  tape=0.225km B=9.98T unif=7.912% hoop=108MPa
  [1984] viol   f=   0.226  a=22.2 b=27.2 gap=29.5 (face=3.0mm) n=[241, 241, 239, 239, 211, 211, 1, 1, 1, 1, 1, 1, 1, 1]  tape=0.225km B=9.99T unif=7.935% hoop=108MPa
  [1985] viol   f=   0.227  a=22.2 b=27.2 gap=29.5 (face=3.0mm) n=[241, 241, 239, 239, 211, 211, 1, 1, 1, 1, 1, 1, 1, 1]  tape=0.225km B=9.98T unif=7.936% hoop=108MPa
  [1986] OK     f=   0.225  a=22.2 b=27.2 gap=29.5 (face=3.0mm) n=[241, 241, 239, 239, 211, 211, 1, 1, 1, 1, 1, 1, 1, 1]  tape=0.225km B=10.00T unif=7.958% hoop=109MPa
  [1987] viol   f=   0.226  a=22.2 b=27.2 gap=29.5 (face=3.0mm) n=[241, 241, 240, 240, 211, 211, 1, 1, 1, 1, 1, 1, 1, 1]  tape=0.226km B=9.99T unif=7.819% hoop=110MPa
  [1988] viol   f=   0.226  a=22.2 b=27.2 gap=29.5 (face=3.0mm) n=[241, 241, 240, 240, 211, 211, 1, 1, 1, 1, 1, 1, 1, 1]  tape=0.226km B=10.00T unif=7.893% hoop=109MPa
  [1989] OK     f=   0.226  a=22.2 b=27.2 gap=29.5 (face=3.0mm) n=[241, 241, 240, 240, 211, 211, 1, 1, 1, 1, 1, 1, 1, 1]  tape=0.226km B=10.01T unif=7.878% hoop=109MPa
  [1990] viol   f=   0.226  a=22.2 b=27.2 gap=29.5 (face=3.0mm) n=[241, 241, 239, 239, 211, 211, 1, 1, 1, 1, 1, 1, 1, 1]  tape=0.225km B=9.99T unif=7.916% hoop=108MPa
  [a=22 b=27 nt=1392] KSP converged reason: 4, iterations: 1
  [a=22 b=27 nt=1390] KSP converged reason: 4, iterations: 1
  [a=22 b=27 nt=1394] KSP converged reason: 4, iterations: 1
  [a=22 b=27 nt=1392] KSP converged reason: 4, iterations: 1
  [a=22 b=27 nt=1394] KSP converged reason: 4, iterations: 1
  [a=22 b=27 nt=1392] KSP converged reason: 4, iterations: 1
  [a=22 b=27 nt=1390] KSP converged reason: 4, iterations: 1
  [a=22 b=27 nt=1394] KSP converged reason: 4, iterations: 1
  [a=22 b=27 nt=1390] KSP converged reason: 4, iterations: 1
  [1991] viol   f=   0.227  a=22.2 b=27.2 gap=29.5 (face=3.0mm) n=[241, 241, 239, 239, 211, 211, 1, 1, 1, 1, 1, 1, 1, 1]  tape=0.225km B=9.97T unif=7.865% hoop=108MPa
  [1992] viol   f=   0.226  a=22.2 b=27.2 gap=29.5 (face=3.0mm) n=[241, 241, 239, 239, 211, 211, 1, 1, 2, 2, 1, 1, 1, 1]  tape=0.226km B=9.99T unif=8.693% hoop=108MPa
  [1993] OK     f=   0.226  a=22.2 b=27.2 gap=29.5 (face=3.0mm) n=[241, 241, 240, 240, 211, 211, 1, 1, 2, 2, 1, 1, 1, 1]  tape=0.226km B=10.01T unif=8.612% hoop=109MPa
  [1994] OK     f=   0.226  a=22.2 b=27.2 gap=29.5 (face=3.0mm) n=[241, 241, 240, 240, 211, 211, 1, 1, 2, 2, 1, 1, 1, 1]  tape=0.226km B=10.02T unif=8.649% hoop=109MPa
  [1995] viol   f=   0.226  a=22.2 b=27.2 gap=29.5 (face=3.0mm) n=[241, 241, 239, 239, 211, 211, 1, 1, 2, 2, 1, 1, 1, 1]  tape=0.226km B=9.99T unif=8.692% hoop=108MPa
  [1996] viol   f=   0.226  a=22.2 b=27.2 gap=29.5 (face=3.0mm) n=[241, 241, 239, 239, 211, 211, 1, 1, 2, 2, 1, 1, 1, 1]  tape=0.226km B=9.99T unif=8.731% hoop=108MPa
  [1997] INFEAS f=1000.000  a=22.2 b=27.2 gap=29.5 (face=3.0mm) n=[241, 241, 239, 239, 211, 211, 1, 1, 2, 2, 1, 1, 1, 1]  no evaluation (geometry pre-check)
  [1998] viol   f=   0.226  a=22.2 b=27.2 gap=29.5 (face=3.0mm) n=[241, 241, 239, 239, 211, 211, 1, 1, 1, 1, 1, 1, 1, 1]  tape=0.225km B=9.98T unif=7.906% hoop=108MPa
  [1999] viol   f=   0.226  a=22.2 b=27.2 gap=29.5 (face=3.0mm) n=[241, 241, 240, 240, 211, 211, 1, 1, 2, 2, 1, 1, 1, 1]  tape=0.226km B=9.99T unif=8.650% hoop=109MPa
  [2000] viol   f=   0.227  a=22.2 b=27.2 gap=29.5 (face=3.0mm) n=[241, 241, 239, 239, 211, 211, 1, 1, 1, 1, 1, 1, 1, 1]  tape=0.225km B=9.97T unif=8.460% hoop=108MPa
  [a=22 b=27 nt=1392] KSP converged reason: 4, iterations: 1
  [a=22 b=27 nt=1392] KSP converged reason: 4, iterations: 1
  [a=22 b=27 nt=1392] KSP converged reason: 4, iterations: 1
  [a=22 b=27 nt=1392] KSP converged reason: 4, iterations: 1
  [a=22 b=27 nt=1392] KSP converged reason: 4, iterations: 1
  [a=22 b=27 nt=1394] KSP converged reason: 4, iterations: 1
  [a=22 b=27 nt=1392] KSP converged reason: 4, iterations: 1
  [a=22 b=27 nt=1392] KSP converged reason: 4, iterations: 1
  [a=22 b=27 nt=1390] KSP converged reason: 4, iterations: 1
  [2001] viol   f=   0.226  a=22.2 b=27.2 gap=29.5 (face=3.0mm) n=[241, 241, 240, 240, 211, 211, 1, 1, 2, 2, 1, 1, 1, 1]  tape=0.226km B=9.99T unif=8.663% hoop=109MPa
  [2002] OK     f=   0.226  a=22.2 b=27.2 gap=29.5 (face=3.0mm) n=[241, 241, 240, 240, 211, 211, 1, 1, 1, 1, 1, 1, 1, 1]  tape=0.226km B=10.01T unif=7.931% hoop=109MPa
  [2003] INFEAS f=1000.000  a=22.2 b=27.2 gap=29.5 (face=3.0mm) n=[241, 241, 239, 239, 211, 211, 1, 1, 1, 1, 1, 1, 1, 1]  no evaluation (geometry pre-check)
  [2004] OK     f=   0.226  a=22.2 b=27.2 gap=29.5 (face=3.0mm) n=[241, 241, 239, 239, 211, 211, 1, 1, 2, 2, 1, 1, 1, 1]  tape=0.226km B=10.00T unif=8.665% hoop=109MPa
  [2005] OK     f=   0.226  a=22.2 b=27.2 gap=29.5 (face=3.0mm) n=[241, 241, 240, 240, 211, 211, 1, 1, 1, 1, 1, 1, 1, 1]  tape=0.226km B=10.01T unif=8.180% hoop=110MPa
  [2006] OK     f=   0.226  a=22.2 b=27.2 gap=29.5 (face=3.0mm) n=[241, 241, 240, 240, 211, 211, 1, 1, 1, 1, 1, 1, 1, 1]  tape=0.226km B=10.00T unif=8.373% hoop=109MPa
  [2007] viol   f=   0.226  a=22.2 b=27.2 gap=29.5 (face=3.0mm) n=[241, 241, 239, 239, 211, 211, 1, 1, 2, 2, 1, 1, 1, 1]  tape=0.226km B=9.99T unif=8.636% hoop=109MPa
  [2008] viol   f=   0.226  a=22.2 b=27.2 gap=29.5 (face=3.0mm) n=[241, 241, 239, 239, 211, 211, 1, 1, 2, 2, 1, 1, 1, 1]  tape=0.226km B=9.99T unif=8.702% hoop=108MPa
  [2009] viol   f=   0.226  a=22.2 b=27.2 gap=29.5 (face=3.0mm) n=[241, 241, 239, 239, 211, 211, 1, 1, 2, 2, 1, 1, 1, 1]  tape=0.226km B=9.99T unif=8.092% hoop=109MPa
  [2010] viol   f=   0.227  a=22.2 b=27.2 gap=29.5 (face=3.0mm) n=[241, 241, 239, 239, 211, 211, 1, 1, 1, 1, 1, 1, 1, 1]  tape=0.225km B=9.97T unif=8.447% hoop=108MPa
  [a=22 b=27 nt=1392] KSP converged reason: 4, iterations: 1
  [a=22 b=27 nt=1392] KSP converged reason: 4, iterations: 1
  [a=22 b=27 nt=1392] KSP converged reason: 4, iterations: 1
  [a=22 b=27 nt=1392] KSP converged reason: 4, iterations: 1
  [a=22 b=27 nt=1392] KSP converged reason: 4, iterations: 1
  [a=22 b=27 nt=1392] KSP converged reason: 4, iterations: 1
  [a=22 b=27 nt=1392] KSP converged reason: 4, iterations: 1
  [2011] INFEAS f=1000.000  a=22.2 b=27.2 gap=29.5 (face=3.0mm) n=[241, 241, 240, 240, 210, 210, 1, 1, 2, 2, 1, 1, 1, 1]  no evaluation (geometry pre-check)
  [2012] OK     f=   0.226  a=22.2 b=27.2 gap=29.5 (face=3.0mm) n=[241, 241, 240, 240, 211, 211, 1, 1, 1, 1, 1, 1, 1, 1]  tape=0.226km B=10.01T unif=8.060% hoop=108MPa
  [2013] OK     f=   0.226  a=22.2 b=27.2 gap=29.5 (face=3.0mm) n=[241, 241, 240, 240, 211, 211, 1, 1, 1, 1, 1, 1, 1, 1]  tape=0.226km B=10.00T unif=7.889% hoop=109MPa
  [2014] INFEAS f=1000.000  a=22.2 b=27.2 gap=29.5 (face=3.0mm) n=[241, 241, 240, 240, 210, 210, 1, 1, 2, 2, 1, 1, 1, 1]  no evaluation (geometry pre-check)
  [2015] OK     f=   0.226  a=22.2 b=27.2 gap=29.5 (face=3.0mm) n=[241, 241, 240, 240, 211, 211, 1, 1, 1, 1, 1, 1, 1, 1]  tape=0.226km B=10.03T unif=7.688% hoop=113MPa
  [2016] viol   f=   0.226  a=22.2 b=27.2 gap=29.5 (face=3.0mm) n=[241, 241, 240, 240, 211, 211, 1, 1, 1, 1, 1, 1, 1, 1]  tape=0.226km B=10.00T unif=7.863% hoop=109MPa
  [2017] OK     f=   0.226  a=22.2 b=27.2 gap=29.5 (face=3.0mm) n=[241, 241, 240, 240, 211, 211, 1, 1, 1, 1, 1, 1, 1, 1]  tape=0.226km B=10.02T unif=7.885% hoop=109MPa
  [2018] INFEAS f=1000.000  a=22.2 b=27.2 gap=29.5 (face=3.0mm) n=[241, 241, 240, 240, 211, 211, 1, 1, 1, 1, 1, 1, 1, 1]  no evaluation (geometry pre-check)
  [2019] OK     f=   0.226  a=22.2 b=27.2 gap=29.5 (face=3.0mm) n=[241, 241, 240, 240, 211, 211, 1, 1, 1, 1, 1, 1, 1, 1]  tape=0.226km B=10.01T unif=7.851% hoop=109MPa
  [2020] OK     f=   0.226  a=22.2 b=27.2 gap=29.5 (face=3.0mm) n=[241, 241, 240, 240, 211, 211, 1, 1, 1, 1, 1, 1, 1, 1]  tape=0.226km B=10.00T unif=7.907% hoop=109MPa
  [a=22 b=27 nt=1392] KSP converged reason: 4, iterations: 1
  [a=22 b=27 nt=1392] KSP converged reason: 4, iterations: 1
  [a=22 b=27 nt=1392] KSP converged reason: 4, iterations: 1
  [a=22 b=27 nt=1390] KSP converged reason: 4, iterations: 1
  [a=22 b=27 nt=1392] KSP converged reason: 4, iterations: 1
  [a=22 b=27 nt=1394] KSP converged reason: 4, iterations: 1
  [a=22 b=27 nt=1392] KSP converged reason: 4, iterations: 1
  [a=22 b=27 nt=1392] KSP converged reason: 4, iterations: 1
  [2021] viol   f=   0.226  a=22.2 b=27.2 gap=29.5 (face=3.0mm) n=[241, 241, 240, 240, 211, 211, 1, 1, 1, 1, 1, 1, 1, 1]  tape=0.226km B=10.00T unif=7.888% hoop=109MPa
  [2022] viol   f=   0.226  a=22.2 b=27.2 gap=29.5 (face=3.0mm) n=[241, 241, 240, 240, 211, 211, 1, 1, 1, 1, 1, 1, 1, 1]  tape=0.226km B=9.99T unif=7.844% hoop=109MPa
  [2023] viol   f=   0.226  a=22.2 b=27.2 gap=29.5 (face=3.0mm) n=[241, 241, 240, 240, 211, 211, 1, 1, 1, 1, 1, 1, 1, 1]  tape=0.226km B=10.00T unif=7.920% hoop=109MPa
  [2024] OK     f=   0.226  a=22.2 b=27.2 gap=29.5 (face=3.0mm) n=[241, 241, 240, 240, 211, 211, 1, 1, 2, 2, 1, 1, 1, 1]  tape=0.226km B=10.01T unif=8.814% hoop=108MPa
  [2025] viol   f=   0.226  a=22.2 b=27.2 gap=29.5 (face=3.0mm) n=[241, 241, 239, 239, 211, 211, 1, 1, 1, 1, 1, 1, 1, 1]  tape=0.225km B=9.98T unif=7.944% hoop=108MPa
  [2026] INFEAS f=1000.000  a=22.2 b=27.2 gap=29.5 (face=3.0mm) n=[241, 241, 240, 240, 211, 211, 1, 1, 1, 1, 1, 1, 1, 1]  no evaluation (geometry pre-check)
  [2027] viol   f=   0.226  a=22.2 b=27.2 gap=29.5 (face=3.0mm) n=[241, 241, 240, 240, 211, 211, 1, 1, 1, 1, 1, 1, 1, 1]  tape=0.226km B=9.99T unif=7.961% hoop=109MPa
  [2028] viol   f=   0.226  a=22.2 b=27.2 gap=29.5 (face=3.0mm) n=[241, 241, 240, 240, 211, 211, 1, 1, 1, 1, 1, 1, 1, 1]  tape=0.226km B=9.99T unif=8.390% hoop=109MPa
  [2029] INFEAS f=1000.000  a=22.2 b=27.2 gap=29.5 (face=3.0mm) n=[241, 241, 240, 240, 211, 211, 1, 1, 1, 1, 1, 1, 1, 1]  no evaluation (geometry pre-check)
  [2030] viol   f=   0.226  a=22.2 b=27.2 gap=29.5 (face=3.0mm) n=[241, 241, 239, 239, 211, 211, 1, 1, 2, 2, 1, 1, 1, 1]  tape=0.226km B=10.00T unif=8.729% hoop=109MPa
  [a=22 b=27 nt=1392] KSP converged reason: 4, iterations: 1
  [a=22 b=27 nt=1392] KSP converged reason: 4, iterations: 1
  [a=22 b=27 nt=1392] KSP converged reason: 4, iterations: 1
  [a=22 b=27 nt=1392] KSP converged reason: 4, iterations: 1
  [a=22 b=27 nt=1392] KSP converged reason: 4, iterations: 1
  [a=22 b=27 nt=1392] KSP converged reason: 4, iterations: 1
  [a=22 b=27 nt=1392] KSP converged reason: 4, iterations: 1
  [2031] INFEAS f=1000.000  a=22.2 b=27.2 gap=29.5 (face=3.0mm) n=[241, 241, 240, 240, 211, 211, 1, 1, 2, 2, 1, 1, 1, 1]  no evaluation (geometry pre-check)
  [2032] viol   f=   0.226  a=22.2 b=27.2 gap=29.5 (face=3.0mm) n=[241, 241, 240, 240, 211, 211, 1, 1, 1, 1, 1, 1, 1, 1]  tape=0.226km B=9.99T unif=7.836% hoop=108MPa
  [2033] viol   f=   0.226  a=22.2 b=27.2 gap=29.5 (face=3.0mm) n=[241, 241, 240, 240, 211, 211, 1, 1, 1, 1, 1, 1, 1, 1]  tape=0.226km B=10.00T unif=8.212% hoop=112MPa
  [2034] viol   f=   0.226  a=22.2 b=27.2 gap=29.5 (face=3.0mm) n=[241, 241, 240, 240, 211, 211, 1, 1, 1, 1, 1, 1, 1, 1]  tape=0.226km B=9.99T unif=7.751% hoop=115MPa
  [2035] OK     f=   0.226  a=22.2 b=27.2 gap=29.5 (face=3.0mm) n=[241, 241, 240, 240, 211, 211, 1, 1, 1, 1, 1, 1, 1, 1]  tape=0.226km B=10.01T unif=7.923% hoop=109MPa
  [2036] OK     f=   0.226  a=22.2 b=27.2 gap=29.5 (face=3.0mm) n=[241, 241, 240, 240, 211, 211, 1, 1, 1, 1, 1, 1, 1, 1]  tape=0.226km B=10.01T unif=7.870% hoop=109MPa
  [2037] INFEAS f=1000.000  a=22.2 b=27.2 gap=29.5 (face=3.0mm) n=[241, 241, 239, 239, 211, 211, 1, 1, 1, 1, 1, 1, 1, 1]  no evaluation (geometry pre-check)
  [2038] viol   f=   0.226  a=22.2 b=27.2 gap=29.5 (face=3.0mm) n=[241, 241, 240, 240, 211, 211, 1, 1, 1, 1, 1, 1, 1, 1]  tape=0.226km B=10.00T unif=7.917% hoop=109MPa
  [2039] INFEAS f=1000.000  a=22.2 b=27.2 gap=29.5 (face=3.0mm) n=[241, 241, 240, 240, 211, 211, 1, 1, 1, 1, 1, 1, 1, 1]  no evaluation (geometry pre-check)
  [2040] OK     f=   0.226  a=22.2 b=27.2 gap=29.5 (face=3.0mm) n=[241, 241, 240, 240, 211, 211, 1, 1, 1, 1, 1, 1, 1, 1]  tape=0.226km B=10.01T unif=7.886% hoop=110MPa
  [a=22 b=27 nt=1392] KSP converged reason: 4, iterations: 1
  [a=22 b=27 nt=1390] KSP converged reason: 4, iterations: 1
  [a=22 b=27 nt=1392] KSP converged reason: 4, iterations: 1
  [a=22 b=27 nt=1392] KSP converged reason: 4, iterations: 1
  [a=22 b=27 nt=1392] KSP converged reason: 4, iterations: 1
  [a=22 b=27 nt=1394] KSP converged reason: 4, iterations: 1
  [a=22 b=27 nt=1392] KSP converged reason: 4, iterations: 1
  [2041] viol   f=   0.226  a=22.2 b=27.2 gap=29.5 (face=3.0mm) n=[241, 241, 240, 240, 211, 211, 1, 1, 1, 1, 1, 1, 1, 1]  tape=0.226km B=9.99T unif=7.890% hoop=109MPa
  [2042] INFEAS f=1000.000  a=22.2 b=27.2 gap=29.5 (face=3.0mm) n=[241, 241, 240, 240, 211, 211, 1, 1, 1, 1, 1, 1, 1, 1]  no evaluation (geometry pre-check)
  [2043] viol   f=   0.226  a=22.2 b=27.2 gap=29.5 (face=3.0mm) n=[241, 241, 239, 239, 211, 211, 1, 1, 1, 1, 1, 1, 1, 1]  tape=0.225km B=9.98T unif=8.446% hoop=109MPa
  [2044] viol   f=   0.226  a=22.2 b=27.2 gap=29.5 (face=3.0mm) n=[241, 241, 240, 240, 211, 211, 1, 1, 2, 2, 1, 1, 1, 1]  tape=0.226km B=10.00T unif=8.709% hoop=109MPa
  [2045] OK     f=   0.226  a=22.2 b=27.2 gap=29.5 (face=3.0mm) n=[241, 241, 240, 240, 211, 211, 1, 1, 1, 1, 1, 1, 1, 1]  tape=0.226km B=10.01T unif=7.892% hoop=109MPa
  [2046] viol   f=   0.226  a=22.2 b=27.2 gap=29.5 (face=3.0mm) n=[241, 241, 240, 240, 211, 211, 1, 1, 1, 1, 1, 1, 1, 1]  tape=0.226km B=9.98T unif=8.428% hoop=109MPa
  [2047] viol   f=   0.226  a=22.2 b=27.2 gap=29.5 (face=3.0mm) n=[241, 241, 240, 240, 211, 211, 1, 1, 1, 1, 1, 1, 1, 1]  tape=0.226km B=10.00T unif=7.931% hoop=109MPa
  [2048] INFEAS f=1000.000  a=22.2 b=27.2 gap=29.5 (face=3.0mm) n=[241, 241, 239, 239, 211, 211, 1, 1, 1, 1, 1, 1, 1, 1]  no evaluation (geometry pre-check)
  [2049] viol   f=   0.226  a=22.2 b=27.2 gap=29.5 (face=3.0mm) n=[241, 241, 240, 240, 211, 211, 1, 1, 1, 1, 1, 1, 1, 1]  tape=0.226km B=9.99T unif=8.431% hoop=109MPa
  [2050] INFEAS f=1000.000  a=22.2 b=27.2 gap=29.5 (face=3.0mm) n=[241, 241, 240, 240, 211, 211, 1, 1, 1, 1, 1, 1, 1, 1]  no evaluation (geometry pre-check)
  [a=22 b=27 nt=1392] KSP converged reason: 4, iterations: 1
  [a=22 b=27 nt=1392] KSP converged reason: 4, iterations: 1
  [a=22 b=27 nt=1392] KSP converged reason: 4, iterations: 1
  [a=22 b=27 nt=1392] KSP converged reason: 4, iterations: 1
  [a=22 b=27 nt=1392] KSP converged reason: 4, iterations: 1
  [a=22 b=27 nt=1392] KSP converged reason: 4, iterations: 1
  [2051] OK     f=   0.226  a=22.2 b=27.2 gap=29.5 (face=3.0mm) n=[241, 241, 240, 240, 211, 211, 1, 1, 1, 1, 1, 1, 1, 1]  tape=0.226km B=10.00T unif=7.806% hoop=109MPa
  [2052] INFEAS f=1000.000  a=22.2 b=27.2 gap=29.5 (face=3.0mm) n=[241, 241, 240, 240, 211, 211, 1, 1, 1, 1, 1, 1, 1, 1]  no evaluation (geometry pre-check)
  [2053] viol   f=   0.226  a=22.2 b=27.2 gap=29.5 (face=3.0mm) n=[241, 241, 240, 240, 211, 211, 1, 1, 1, 1, 1, 1, 1, 1]  tape=0.226km B=9.98T unif=7.895% hoop=109MPa
  [2054] OK     f=   0.226  a=22.2 b=27.2 gap=29.5 (face=3.0mm) n=[241, 241, 240, 240, 211, 211, 1, 1, 1, 1, 1, 1, 1, 1]  tape=0.226km B=10.01T unif=7.880% hoop=109MPa
  [2055] viol   f=   0.226  a=22.2 b=27.2 gap=29.5 (face=3.0mm) n=[241, 241, 240, 240, 211, 211, 1, 1, 1, 1, 1, 1, 1, 1]  tape=0.226km B=9.98T unif=8.405% hoop=109MPa
  [2056] INFEAS f=1000.000  a=22.2 b=27.2 gap=29.5 (face=3.0mm) n=[241, 241, 240, 240, 211, 211, 1, 1, 1, 1, 1, 1, 1, 1]  no evaluation (geometry pre-check)
  [2057] INFEAS f=1000.000  a=22.2 b=27.2 gap=29.5 (face=3.0mm) n=[241, 241, 240, 240, 211, 211, 1, 1, 1, 1, 1, 1, 1, 1]  no evaluation (geometry pre-check)
  [2058] OK     f=   0.226  a=22.2 b=27.2 gap=29.5 (face=3.0mm) n=[241, 241, 240, 240, 211, 211, 1, 1, 1, 1, 1, 1, 1, 1]  tape=0.226km B=10.02T unif=7.886% hoop=110MPa
  [2059] INFEAS f=1000.000  a=22.2 b=27.2 gap=29.5 (face=3.0mm) n=[241, 241, 240, 240, 211, 211, 1, 1, 1, 1, 1, 1, 1, 1]  no evaluation (geometry pre-check)
  [2060] viol   f=   0.226  a=22.2 b=27.2 gap=29.5 (face=3.0mm) n=[241, 241, 240, 240, 211, 211, 1, 1, 1, 1, 1, 1, 1, 1]  tape=0.226km B=10.00T unif=7.863% hoop=109MPa
  [a=22 b=27 nt=1392] KSP converged reason: 4, iterations: 1
  [a=22 b=27 nt=1392] KSP converged reason: 4, iterations: 1
  [a=22 b=27 nt=1392] KSP converged reason: 4, iterations: 1
  [a=22 b=27 nt=1392] KSP converged reason: 4, iterations: 1
  [a=22 b=27 nt=1392] KSP converged reason: 4, iterations: 1
  [a=22 b=27 nt=1394] KSP converged reason: 4, iterations: 1
  [a=22 b=27 nt=1392] KSP converged reason: 4, iterations: 1
  [a=22 b=27 nt=1392] KSP converged reason: 4, iterations: 1
  [a=22 b=27 nt=1392] KSP converged reason: 4, iterations: 1
  [a=22 b=27 nt=1392] KSP converged reason: 4, iterations: 1
  [2061] OK     f=   0.226  a=22.2 b=27.2 gap=29.5 (face=3.0mm) n=[241, 241, 240, 240, 211, 211, 1, 1, 1, 1, 1, 1, 1, 1]  tape=0.226km B=10.01T unif=8.162% hoop=112MPa
  [2062] OK     f=   0.226  a=22.2 b=27.2 gap=29.5 (face=3.0mm) n=[241, 241, 240, 240, 211, 211, 1, 1, 1, 1, 1, 1, 1, 1]  tape=0.226km B=10.02T unif=7.925% hoop=109MPa
  [2063] viol   f=   0.226  a=22.2 b=27.2 gap=29.5 (face=3.0mm) n=[241, 241, 240, 240, 211, 211, 1, 1, 1, 1, 1, 1, 1, 1]  tape=0.226km B=9.99T unif=8.436% hoop=109MPa
  [2064] viol   f=   0.226  a=22.2 b=27.2 gap=29.5 (face=3.0mm) n=[241, 241, 240, 240, 211, 211, 1, 1, 1, 1, 1, 1, 1, 1]  tape=0.226km B=10.00T unif=7.843% hoop=109MPa
  [2065] OK     f=   0.226  a=22.2 b=27.2 gap=29.5 (face=3.0mm) n=[241, 241, 240, 240, 211, 211, 1, 1, 1, 1, 1, 1, 1, 1]  tape=0.226km B=10.00T unif=7.908% hoop=109MPa
  [2066] OK     f=   0.226  a=22.2 b=27.2 gap=29.5 (face=3.0mm) n=[241, 241, 240, 240, 211, 211, 1, 1, 2, 2, 1, 1, 1, 1]  tape=0.226km B=10.01T unif=8.552% hoop=109MPa
  [2067] OK     f=   0.226  a=22.2 b=27.2 gap=29.5 (face=3.0mm) n=[241, 241, 240, 240, 211, 211, 1, 1, 1, 1, 1, 1, 1, 1]  tape=0.226km B=10.00T unif=7.905% hoop=109MPa
  [2068] OK     f=   0.226  a=22.2 b=27.2 gap=29.5 (face=3.0mm) n=[241, 241, 240, 240, 211, 211, 1, 1, 1, 1, 1, 1, 1, 1]  tape=0.226km B=10.00T unif=7.896% hoop=109MPa
  [2069] viol   f=   0.226  a=22.2 b=27.2 gap=29.5 (face=3.0mm) n=[241, 241, 240, 240, 211, 211, 1, 1, 1, 1, 1, 1, 1, 1]  tape=0.226km B=9.98T unif=8.011% hoop=117MPa
  [2070] viol   f=   0.226  a=22.2 b=27.2 gap=29.5 (face=3.0mm) n=[241, 241, 240, 240, 211, 211, 1, 1, 1, 1, 1, 1, 1, 1]  tape=0.226km B=9.99T unif=8.393% hoop=109MPa
  [a=22 b=27 nt=1392] KSP converged reason: 4, iterations: 1
  [a=22 b=27 nt=1392] KSP converged reason: 4, iterations: 1
  [a=22 b=27 nt=1392] KSP converged reason: 4, iterations: 1
  [a=22 b=27 nt=1392] KSP converged reason: 4, iterations: 1
  [a=22 b=27 nt=1392] KSP converged reason: 4, iterations: 1
  [a=22 b=27 nt=1392] KSP converged reason: 4, iterations: 1
  [a=22 b=27 nt=1390] KSP converged reason: 4, iterations: 1
  [a=22 b=27 nt=1392] KSP converged reason: 4, iterations: 1
  [a=22 b=27 nt=1392] KSP converged reason: 4, iterations: 1
  [a=22 b=27 nt=1392] KSP converged reason: 4, iterations: 1
  [2071] OK     f=   0.226  a=22.2 b=27.2 gap=29.5 (face=3.0mm) n=[241, 241, 240, 240, 211, 211, 1, 1, 1, 1, 1, 1, 1, 1]  tape=0.226km B=10.00T unif=7.952% hoop=109MPa
  [2072] OK     f=   0.226  a=22.2 b=27.2 gap=29.5 (face=3.0mm) n=[241, 241, 240, 240, 211, 211, 1, 1, 1, 1, 1, 1, 1, 1]  tape=0.226km B=10.02T unif=7.985% hoop=109MPa
  [2073] OK     f=   0.226  a=22.2 b=27.2 gap=29.5 (face=3.0mm) n=[241, 241, 240, 240, 211, 211, 1, 1, 1, 1, 1, 1, 1, 1]  tape=0.226km B=10.00T unif=7.914% hoop=109MPa
  [2074] viol   f=   0.226  a=22.2 b=27.2 gap=29.5 (face=3.0mm) n=[241, 241, 240, 240, 211, 211, 1, 1, 1, 1, 1, 1, 1, 1]  tape=0.226km B=9.98T unif=7.272% hoop=113MPa
  [2075] OK     f=   0.226  a=22.2 b=27.2 gap=29.5 (face=3.0mm) n=[241, 241, 240, 240, 211, 211, 1, 1, 1, 1, 1, 1, 1, 1]  tape=0.226km B=10.00T unif=7.849% hoop=109MPa
  [2076] viol   f=   0.226  a=22.2 b=27.2 gap=29.5 (face=3.0mm) n=[241, 241, 240, 240, 211, 211, 1, 1, 1, 1, 1, 1, 1, 1]  tape=0.226km B=9.99T unif=7.878% hoop=109MPa
  [2077] viol   f=   0.229  a=22.2 b=27.2 gap=29.5 (face=3.0mm) n=[241, 241, 240, 240, 210, 210, 1, 1, 1, 1, 1, 1, 1, 1]  tape=0.225km B=9.96T unif=7.998% hoop=108MPa
  [2078] OK     f=   0.226  a=22.2 b=27.2 gap=29.5 (face=3.0mm) n=[241, 241, 240, 240, 211, 211, 1, 1, 1, 1, 1, 1, 1, 1]  tape=0.226km B=10.01T unif=7.913% hoop=109MPa
  [2079] OK     f=   0.226  a=22.2 b=27.2 gap=29.5 (face=3.0mm) n=[241, 241, 240, 240, 211, 211, 1, 1, 1, 1, 1, 1, 1, 1]  tape=0.226km B=10.01T unif=7.775% hoop=109MPa
  [2080] OK     f=   0.226  a=22.2 b=27.2 gap=29.5 (face=3.0mm) n=[241, 241, 240, 240, 211, 211, 1, 1, 1, 1, 1, 1, 1, 1]  tape=0.226km B=10.01T unif=7.907% hoop=109MPa
  [a=22 b=27 nt=1392] KSP converged reason: 4, iterations: 1
  [a=22 b=27 nt=1392] KSP converged reason: 4, iterations: 1
  [a=22 b=27 nt=1392] KSP converged reason: 4, iterations: 1
  [a=22 b=27 nt=1392] KSP converged reason: 4, iterations: 1
  [a=22 b=27 nt=1392] KSP converged reason: 4, iterations: 1
  [a=22 b=27 nt=1392] KSP converged reason: 4, iterations: 1
  [a=22 b=27 nt=1392] KSP converged reason: 4, iterations: 1
  [a=22 b=27 nt=1392] KSP converged reason: 4, iterations: 1
  [2081] OK     f=   0.226  a=22.2 b=27.2 gap=29.5 (face=3.0mm) n=[241, 241, 240, 240, 211, 211, 1, 1, 1, 1, 1, 1, 1, 1]  tape=0.226km B=10.00T unif=7.876% hoop=109MPa
  [2082] viol   f=   0.226  a=22.2 b=27.2 gap=29.5 (face=3.0mm) n=[241, 241, 240, 240, 211, 211, 1, 1, 1, 1, 1, 1, 1, 1]  tape=0.226km B=10.00T unif=8.027% hoop=109MPa
  [2083] INFEAS f=1000.000  a=22.2 b=27.2 gap=29.5 (face=3.0mm) n=[241, 241, 240, 240, 210, 210, 1, 1, 1, 1, 1, 1, 1, 1]  no evaluation (geometry pre-check)
  [2084] OK     f=   0.226  a=22.2 b=27.2 gap=29.5 (face=3.0mm) n=[241, 241, 240, 240, 211, 211, 1, 1, 1, 1, 1, 1, 1, 1]  tape=0.226km B=10.01T unif=7.778% hoop=109MPa
  [2085] OK     f=   0.226  a=22.2 b=27.2 gap=29.5 (face=3.0mm) n=[241, 241, 240, 240, 211, 211, 1, 1, 1, 1, 1, 1, 1, 1]  tape=0.226km B=10.01T unif=7.916% hoop=109MPa
  [2086] INFEAS f=1000.000  a=22.2 b=27.2 gap=29.5 (face=3.0mm) n=[241, 241, 240, 240, 211, 211, 1, 1, 1, 1, 1, 1, 1, 1]  no evaluation (geometry pre-check)
  [2087] viol   f=   0.289  a=22.2 b=27.2 gap=29.5 (face=3.0mm) n=[241, 241, 240, 240, 211, 211, 1, 1, 1, 1, 1, 1, 1, 1]  tape=0.226km B=9.82T unif=8.078% hoop=233MPa
  [2088] OK     f=   0.226  a=22.2 b=27.2 gap=29.5 (face=3.0mm) n=[241, 241, 240, 240, 211, 211, 1, 1, 1, 1, 1, 1, 1, 1]  tape=0.226km B=10.02T unif=7.928% hoop=109MPa
  [2089] OK     f=   0.226  a=22.2 b=27.2 gap=29.5 (face=3.0mm) n=[241, 241, 240, 240, 211, 211, 1, 1, 1, 1, 1, 1, 1, 1]  tape=0.226km B=10.01T unif=7.885% hoop=109MPa
  [2090] viol   f=   0.226  a=22.2 b=27.2 gap=29.5 (face=3.0mm) n=[241, 241, 240, 240, 211, 211, 1, 1, 1, 1, 1, 1, 1, 1]  tape=0.226km B=9.99T unif=7.830% hoop=109MPa
  [a=22 b=27 nt=1392] KSP converged reason: 4, iterations: 1
  [a=22 b=27 nt=1392] KSP converged reason: 4, iterations: 1
  [a=22 b=27 nt=1390] KSP converged reason: 4, iterations: 1
  [a=22 b=27 nt=1390] KSP converged reason: 4, iterations: 1
  [a=22 b=27 nt=1392] KSP converged reason: 4, iterations: 1
  [a=22 b=27 nt=1392] KSP converged reason: 4, iterations: 1
  [a=22 b=27 nt=1392] KSP converged reason: 4, iterations: 1
  [a=22 b=27 nt=1392] KSP converged reason: 4, iterations: 1
  [2091] OK     f=   0.226  a=22.2 b=27.2 gap=29.5 (face=3.0mm) n=[241, 241, 240, 240, 211, 211, 1, 1, 1, 1, 1, 1, 1, 1]  tape=0.226km B=10.02T unif=8.061% hoop=109MPa
  [2092] OK     f=   0.226  a=22.2 b=27.2 gap=29.5 (face=3.0mm) n=[241, 241, 240, 240, 211, 211, 1, 1, 1, 1, 1, 1, 1, 1]  tape=0.226km B=10.01T unif=7.897% hoop=109MPa
  [2093] viol   f=   0.225  a=22.2 b=27.2 gap=29.5 (face=3.0mm) n=[241, 241, 239, 239, 211, 211, 1, 1, 1, 1, 1, 1, 1, 1]  tape=0.225km B=10.00T unif=7.903% hoop=109MPa
  [2094] INFEAS f=1000.000  a=22.2 b=27.2 gap=29.5 (face=3.0mm) n=[241, 241, 240, 240, 211, 211, 1, 1, 2, 2, 1, 1, 1, 1]  no evaluation (geometry pre-check)
  [2095] INFEAS f=1000.000  a=22.2 b=27.2 gap=29.5 (face=3.0mm) n=[241, 241, 240, 240, 211, 211, 1, 1, 1, 1, 1, 1, 1, 1]  no evaluation (geometry pre-check)
  [2096] viol   f=   0.226  a=22.2 b=27.2 gap=29.5 (face=3.0mm) n=[241, 241, 240, 240, 211, 211, 1, 1, 1, 1, 1, 1, 1, 1]  tape=0.226km B=9.99T unif=7.816% hoop=109MPa
  [2097] OK     f=   0.226  a=22.2 b=27.2 gap=29.5 (face=3.0mm) n=[241, 241, 240, 240, 211, 211, 1, 1, 1, 1, 1, 1, 1, 1]  tape=0.226km B=10.01T unif=7.865% hoop=109MPa
  [2098] viol   f=   0.225  a=22.2 b=27.2 gap=29.5 (face=3.0mm) n=[241, 241, 240, 240, 210, 210, 1, 1, 1, 1, 1, 1, 1, 1]  tape=0.225km B=9.99T unif=8.177% hoop=109MPa
  [2099] OK     f=   0.226  a=22.2 b=27.2 gap=29.5 (face=3.0mm) n=[241, 241, 240, 240, 211, 211, 1, 1, 1, 1, 1, 1, 1, 1]  tape=0.226km B=10.02T unif=7.921% hoop=109MPa
  [2100] OK     f=   0.226  a=22.2 b=27.2 gap=29.5 (face=3.0mm) n=[241, 241, 240, 240, 211, 211, 1, 1, 1, 1, 1, 1, 1, 1]  tape=0.226km B=10.00T unif=7.827% hoop=109MPa
  [a=22 b=27 nt=1392] KSP converged reason: 4, iterations: 1
  [a=22 b=27 nt=1392] KSP converged reason: 4, iterations: 1
  [a=22 b=27 nt=1392] KSP converged reason: 4, iterations: 1
  [a=22 b=27 nt=1392] KSP converged reason: 4, iterations: 1
  [a=22 b=27 nt=1390] KSP converged reason: 4, iterations: 1
  [a=22 b=27 nt=1392] KSP converged reason: 4, iterations: 1
  [a=22 b=27 nt=1392] KSP converged reason: 4, iterations: 1
  [a=22 b=27 nt=1390] KSP converged reason: 4, iterations: 1
  [a=22 b=27 nt=1390] KSP converged reason: 4, iterations: 1
  [2101] viol   f=   0.226  a=22.2 b=27.2 gap=29.5 (face=3.0mm) n=[241, 241, 240, 240, 211, 211, 1, 1, 1, 1, 1, 1, 1, 1]  tape=0.226km B=9.99T unif=7.924% hoop=109MPa
  [2102] INFEAS f=1000.000  a=22.2 b=27.2 gap=29.5 (face=3.0mm) n=[241, 241, 240, 240, 211, 211, 1, 1, 1, 1, 1, 1, 1, 1]  no evaluation (geometry pre-check)
  [2103] OK     f=   0.226  a=22.2 b=27.2 gap=29.5 (face=3.0mm) n=[241, 241, 240, 240, 211, 211, 1, 1, 1, 1, 1, 1, 1, 1]  tape=0.226km B=10.01T unif=7.919% hoop=109MPa
  [2104] viol   f=   0.226  a=22.2 b=27.2 gap=29.5 (face=3.0mm) n=[241, 241, 240, 240, 211, 211, 1, 1, 1, 1, 1, 1, 1, 1]  tape=0.226km B=9.99T unif=7.902% hoop=109MPa
  [2105] viol   f=   0.229  a=22.2 b=27.2 gap=29.5 (face=3.0mm) n=[241, 241, 240, 240, 211, 211, 1, 1, 1, 1, 1, 1, 1, 1]  tape=0.226km B=9.96T unif=7.159% hoop=115MPa
  [2106] viol   f=   0.228  a=22.2 b=27.2 gap=29.5 (face=3.0mm) n=[241, 241, 239, 239, 211, 211, 1, 1, 1, 1, 1, 1, 1, 1]  tape=0.225km B=9.96T unif=8.412% hoop=108MPa
  [2107] viol   f=   0.226  a=22.2 b=27.2 gap=29.5 (face=3.0mm) n=[241, 241, 240, 240, 211, 211, 1, 1, 1, 1, 1, 1, 1, 1]  tape=0.226km B=9.99T unif=7.945% hoop=109MPa
  [2108] viol   f=   0.225  a=22.2 b=27.2 gap=29.5 (face=3.0mm) n=[241, 241, 239, 239, 211, 211, 1, 1, 1, 1, 1, 1, 1, 1]  tape=0.225km B=10.00T unif=7.908% hoop=109MPa
  [2109] viol   f=   0.226  a=22.2 b=27.2 gap=29.5 (face=3.0mm) n=[241, 241, 240, 240, 211, 211, 1, 1, 1, 1, 1, 1, 1, 1]  tape=0.226km B=9.99T unif=7.826% hoop=109MPa
  [2110] viol   f=   0.229  a=22.2 b=27.2 gap=29.5 (face=3.0mm) n=[241, 241, 240, 240, 210, 210, 1, 1, 1, 1, 1, 1, 1, 1]  tape=0.225km B=9.96T unif=7.880% hoop=109MPa
  [a=22 b=27 nt=1390] KSP converged reason: 4, iterations: 1
  [a=22 b=27 nt=1390] KSP converged reason: 4, iterations: 1
  [a=22 b=27 nt=1390] KSP converged reason: 4, iterations: 1
  [a=22 b=27 nt=1390] KSP converged reason: 4, iterations: 1
  [a=22 b=27 nt=1390] KSP converged reason: 4, iterations: 1
  [a=22 b=27 nt=1390] KSP converged reason: 4, iterations: 1
  [a=22 b=27 nt=1392] KSP converged reason: 4, iterations: 1
  [2111] viol   f=   0.226  a=22.2 b=27.2 gap=29.5 (face=3.0mm) n=[241, 241, 239, 239, 211, 211, 1, 1, 1, 1, 1, 1, 1, 1]  tape=0.225km B=9.98T unif=7.932% hoop=108MPa
  [2112] INFEAS f=1000.000  a=22.2 b=27.2 gap=29.5 (face=3.0mm) n=[241, 241, 240, 240, 211, 211, 1, 1, 1, 1, 1, 1, 1, 1]  no evaluation (geometry pre-check)
  [2113] viol   f=   0.226  a=22.2 b=27.2 gap=29.5 (face=3.0mm) n=[241, 241, 239, 239, 211, 211, 1, 1, 1, 1, 1, 1, 1, 1]  tape=0.225km B=9.98T unif=7.946% hoop=108MPa
  [2114] INFEAS f=1000.000  a=22.2 b=27.2 gap=29.5 (face=3.0mm) n=[241, 241, 240, 240, 211, 211, 1, 1, 1, 1, 1, 1, 1, 1]  no evaluation (geometry pre-check)
  [2115] viol   f=   0.226  a=22.2 b=27.2 gap=29.5 (face=3.0mm) n=[241, 241, 239, 239, 211, 211, 1, 1, 1, 1, 1, 1, 1, 1]  tape=0.225km B=9.99T unif=7.939% hoop=108MPa
  [2116] viol   f=   0.226  a=22.2 b=27.2 gap=29.5 (face=3.0mm) n=[241, 241, 240, 240, 210, 210, 1, 1, 1, 1, 1, 1, 1, 1]  tape=0.225km B=9.99T unif=8.188% hoop=109MPa
  [2117] viol   f=   0.226  a=22.2 b=27.2 gap=29.5 (face=3.0mm) n=[241, 241, 240, 240, 210, 210, 1, 1, 1, 1, 1, 1, 1, 1]  tape=0.225km B=9.99T unif=7.866% hoop=109MPa
  [2118] viol   f=   0.227  a=22.2 b=27.2 gap=29.5 (face=3.0mm) n=[241, 241, 239, 239, 211, 211, 1, 1, 1, 1, 1, 1, 1, 1]  tape=0.225km B=9.97T unif=8.444% hoop=108MPa
  [2119] viol   f=   0.227  a=22.2 b=27.2 gap=29.5 (face=3.0mm) n=[241, 241, 240, 240, 211, 211, 1, 1, 1, 1, 1, 1, 1, 1]  tape=0.226km B=9.98T unif=8.379% hoop=109MPa
  [2120] INFEAS f=1000.000  a=22.2 b=27.2 gap=29.5 (face=3.0mm) n=[241, 241, 240, 240, 211, 211, 1, 1, 1, 1, 1, 1, 1, 1]  no evaluation (geometry pre-check)
  [a=22 b=27 nt=1388] KSP converged reason: 4, iterations: 1
  [a=22 b=27 nt=1390] KSP converged reason: 4, iterations: 1
  [a=22 b=27 nt=1392] KSP converged reason: 4, iterations: 1
  [a=22 b=27 nt=1392] KSP converged reason: 4, iterations: 1
  [a=22 b=27 nt=1390] KSP converged reason: 4, iterations: 1
  [a=22 b=27 nt=1388] KSP converged reason: 4, iterations: 1
  [a=22 b=27 nt=1390] KSP converged reason: 4, iterations: 1
  [a=22 b=27 nt=1390] KSP converged reason: 4, iterations: 1
  [2121] viol   f=   0.231  a=22.2 b=27.2 gap=29.5 (face=3.0mm) n=[241, 241, 239, 239, 210, 210, 1, 1, 1, 1, 1, 1, 1, 1]  tape=0.225km B=9.94T unif=7.939% hoop=108MPa
  [2122] viol   f=   0.229  a=22.2 b=27.2 gap=29.5 (face=3.0mm) n=[241, 241, 240, 240, 210, 210, 1, 1, 1, 1, 1, 1, 1, 1]  tape=0.225km B=9.96T unif=8.063% hoop=108MPa
  [2123] viol   f=   0.226  a=22.2 b=27.2 gap=29.5 (face=3.0mm) n=[241, 241, 240, 240, 211, 211, 1, 1, 1, 1, 1, 1, 1, 1]  tape=0.226km B=9.99T unif=8.391% hoop=109MPa
  [2124] INFEAS f=1000.000  a=22.2 b=27.2 gap=29.5 (face=3.0mm) n=[241, 241, 239, 239, 210, 210, 1, 1, 1, 1, 1, 1, 1, 1]  no evaluation (geometry pre-check)
  [2125] viol   f=   0.228  a=22.2 b=27.2 gap=29.5 (face=3.0mm) n=[241, 241, 240, 240, 210, 210, 1, 1, 1, 1, 1, 1, 1, 1]  tape=0.225km B=9.96T unif=7.915% hoop=108MPa
  [2126] viol   f=   0.228  a=22.2 b=27.2 gap=29.5 (face=3.0mm) n=[241, 241, 239, 239, 210, 210, 1, 1, 1, 1, 1, 1, 1, 1]  tape=0.225km B=9.96T unif=8.125% hoop=109MPa
  [2127] OK     f=   0.226  a=22.2 b=27.2 gap=29.5 (face=3.0mm) n=[241, 241, 239, 239, 211, 211, 1, 1, 2, 2, 1, 1, 1, 1]  tape=0.226km B=10.00T unif=8.757% hoop=108MPa
  [2128] viol   f=   0.226  a=22.2 b=27.2 gap=29.5 (face=3.0mm) n=[241, 241, 239, 239, 211, 211, 1, 1, 1, 1, 1, 1, 1, 1]  tape=0.225km B=9.98T unif=7.938% hoop=108MPa
  [2129] INFEAS f=1000.000  a=22.2 b=27.2 gap=29.5 (face=3.0mm) n=[241, 241, 240, 240, 210, 210, 1, 1, 1, 1, 1, 1, 1, 1]  no evaluation (geometry pre-check)
  [2130] viol   f=   0.225  a=22.2 b=27.2 gap=29.5 (face=3.0mm) n=[241, 241, 239, 239, 211, 211, 1, 1, 1, 1, 1, 1, 1, 1]  tape=0.225km B=9.99T unif=7.955% hoop=108MPa
  [a=22 b=27 nt=1390] KSP converged reason: 4, iterations: 1
  [a=22 b=27 nt=1390] KSP converged reason: 4, iterations: 1
  [a=22 b=27 nt=1390] KSP converged reason: 4, iterations: 1
  [a=22 b=27 nt=1388] KSP converged reason: 4, iterations: 1
  [a=22 b=27 nt=1392] KSP converged reason: 4, iterations: 1
  [a=22 b=27 nt=1390] KSP converged reason: 4, iterations: 1
  [a=22 b=27 nt=1390] KSP converged reason: 4, iterations: 1
  [a=22 b=27 nt=1390] KSP converged reason: 4, iterations: 1
  [2131] INFEAS f=1000.000  a=22.2 b=27.2 gap=29.5 (face=3.0mm) n=[241, 241, 240, 240, 211, 211, 1, 1, 1, 1, 1, 1, 1, 1]  no evaluation (geometry pre-check)
  [2132] viol   f=   0.226  a=22.2 b=27.2 gap=29.5 (face=3.0mm) n=[241, 241, 239, 239, 211, 211, 1, 1, 1, 1, 1, 1, 1, 1]  tape=0.225km B=9.99T unif=7.904% hoop=108MPa
  [2133] viol   f=   0.225  a=22.2 b=27.2 gap=29.5 (face=3.0mm) n=[241, 241, 239, 239, 211, 211, 1, 1, 1, 1, 1, 1, 1, 1]  tape=0.225km B=9.99T unif=7.906% hoop=109MPa
  [2134] viol   f=   0.226  a=22.2 b=27.2 gap=29.5 (face=3.0mm) n=[241, 241, 239, 239, 211, 211, 1, 1, 2, 2, 1, 1, 1, 1]  tape=0.226km B=9.99T unif=8.701% hoop=108MPa
  [2135] viol   f=   0.226  a=22.2 b=27.2 gap=29.5 (face=3.0mm) n=[241, 241, 239, 239, 211, 211, 1, 1, 1, 1, 1, 1, 1, 1]  tape=0.225km B=9.98T unif=8.454% hoop=108MPa
  [2136] viol   f=   0.230  a=22.2 b=27.2 gap=29.5 (face=3.0mm) n=[241, 241, 239, 239, 210, 210, 1, 1, 1, 1, 1, 1, 1, 1]  tape=0.225km B=9.95T unif=7.889% hoop=108MPa
  [2137] INFEAS f=1000.000  a=22.2 b=27.2 gap=29.5 (face=3.0mm) n=[241, 241, 240, 240, 210, 210, 1, 1, 1, 1, 1, 1, 1, 1]  no evaluation (geometry pre-check)
  [2138] viol   f=   0.226  a=22.2 b=27.2 gap=29.5 (face=3.0mm) n=[241, 241, 239, 239, 211, 211, 1, 1, 1, 1, 1, 1, 1, 1]  tape=0.225km B=9.99T unif=8.431% hoop=109MPa
  [2139] viol   f=   0.225  a=22.2 b=27.2 gap=29.5 (face=3.0mm) n=[241, 241, 239, 239, 211, 211, 1, 1, 1, 1, 1, 1, 1, 1]  tape=0.225km B=10.00T unif=7.947% hoop=109MPa
  [2140] OK     f=   0.225  a=22.2 b=27.2 gap=29.5 (face=3.0mm) n=[241, 241, 239, 239, 211, 211, 1, 1, 1, 1, 1, 1, 1, 1]  tape=0.225km B=10.00T unif=7.961% hoop=109MPa
  [a=22 b=27 nt=1390] KSP converged reason: 4, iterations: 1
  [a=22 b=27 nt=1388] KSP converged reason: 4, iterations: 1
  [a=22 b=27 nt=1390] KSP converged reason: 4, iterations: 1
  [a=22 b=27 nt=1388] KSP converged reason: 4, iterations: 1
  [a=22 b=27 nt=1392] KSP converged reason: 4, iterations: 1
  [a=22 b=27 nt=1392] KSP converged reason: 4, iterations: 1
  [a=22 b=27 nt=1390] KSP converged reason: 4, iterations: 1
  [a=22 b=27 nt=1392] KSP converged reason: 4, iterations: 1
  [a=22 b=27 nt=1390] KSP converged reason: 4, iterations: 1
  [a=22 b=27 nt=1392] KSP converged reason: 4, iterations: 1
  [2141] viol   f=   0.228  a=22.2 b=27.2 gap=29.5 (face=3.0mm) n=[241, 241, 239, 239, 210, 210, 1, 1, 1, 1, 1, 1, 1, 1]  tape=0.225km B=9.96T unif=8.034% hoop=109MPa
  [2142] viol   f=   0.226  a=22.2 b=27.2 gap=29.5 (face=3.0mm) n=[241, 241, 239, 239, 211, 211, 1, 1, 1, 1, 1, 1, 1, 1]  tape=0.225km B=9.98T unif=7.870% hoop=108MPa
  [2143] viol   f=   0.226  a=22.2 b=27.2 gap=29.5 (face=3.0mm) n=[241, 241, 240, 240, 210, 210, 1, 1, 1, 1, 1, 1, 1, 1]  tape=0.225km B=9.98T unif=7.831% hoop=109MPa
  [2144] viol   f=   0.226  a=22.2 b=27.2 gap=29.5 (face=3.0mm) n=[241, 241, 239, 239, 210, 210, 1, 1, 1, 1, 1, 1, 1, 1]  tape=0.225km B=9.98T unif=8.139% hoop=109MPa
  [2145] viol   f=   0.227  a=22.2 b=27.2 gap=29.5 (face=3.0mm) n=[241, 241, 239, 239, 211, 211, 1, 1, 2, 2, 1, 1, 1, 1]  tape=0.226km B=9.98T unif=8.712% hoop=108MPa
  [2146] viol   f=   0.226  a=22.2 b=27.2 gap=29.5 (face=3.0mm) n=[241, 241, 239, 239, 211, 211, 1, 1, 2, 2, 1, 1, 1, 1]  tape=0.226km B=9.99T unif=8.699% hoop=109MPa
  [2147] viol   f=   0.225  a=22.2 b=27.2 gap=29.5 (face=3.0mm) n=[241, 241, 239, 239, 211, 211, 1, 1, 1, 1, 1, 1, 1, 1]  tape=0.225km B=9.99T unif=7.935% hoop=109MPa
  [2148] OK     f=   0.226  a=22.2 b=27.2 gap=29.5 (face=3.0mm) n=[241, 241, 240, 240, 211, 211, 1, 1, 1, 1, 1, 1, 1, 1]  tape=0.226km B=10.00T unif=8.372% hoop=109MPa
  [2149] viol   f=   0.227  a=22.2 b=27.2 gap=29.5 (face=3.0mm) n=[241, 241, 239, 239, 211, 211, 1, 1, 2, 2, 1, 1, 1, 1]  tape=0.226km B=9.98T unif=8.709% hoop=108MPa
  [2150] viol   f=   0.226  a=22.2 b=27.2 gap=29.5 (face=3.0mm) n=[241, 241, 239, 239, 211, 211, 1, 1, 1, 1, 1, 1, 1, 1]  tape=0.225km B=9.99T unif=7.899% hoop=108MPa
  [a=22 b=27 nt=1392] KSP converged reason: 4, iterations: 1
  [a=22 b=27 nt=1392] KSP converged reason: 4, iterations: 1
  [a=22 b=27 nt=1392] KSP converged reason: 4, iterations: 1
  [a=22 b=27 nt=1390] KSP converged reason: 4, iterations: 1
  [a=22 b=27 nt=1390] KSP converged reason: 4, iterations: 1
  [a=22 b=27 nt=1392] KSP converged reason: 4, iterations: 1
  [a=22 b=27 nt=1390] KSP converged reason: 4, iterations: 1
  [a=22 b=27 nt=1390] KSP converged reason: 4, iterations: 1
  [a=22 b=27 nt=1390] KSP converged reason: 4, iterations: 1
  [a=22 b=27 nt=1390] KSP converged reason: 4, iterations: 1
  [2151] viol   f=   0.227  a=22.2 b=27.2 gap=29.5 (face=3.0mm) n=[241, 241, 240, 240, 211, 211, 1, 1, 1, 1, 1, 1, 1, 1]  tape=0.226km B=9.98T unif=7.882% hoop=121MPa
  [2152] viol   f=   0.226  a=22.2 b=27.2 gap=29.5 (face=3.0mm) n=[241, 241, 239, 239, 211, 211, 1, 1, 2, 2, 1, 1, 1, 1]  tape=0.226km B=10.00T unif=8.737% hoop=108MPa
  [2153] OK     f=   0.226  a=22.2 b=27.2 gap=29.5 (face=3.0mm) n=[241, 241, 240, 240, 211, 211, 1, 1, 1, 1, 1, 1, 1, 1]  tape=0.226km B=10.02T unif=8.072% hoop=109MPa
  [2154] viol   f=   0.226  a=22.2 b=27.2 gap=29.5 (face=3.0mm) n=[241, 241, 239, 239, 211, 211, 1, 1, 2, 2, 1, 1, 1, 1]  tape=0.226km B=9.99T unif=8.654% hoop=108MPa
  [2155] viol   f=   0.225  a=22.2 b=27.2 gap=29.5 (face=3.0mm) n=[241, 241, 239, 239, 211, 211, 1, 1, 1, 1, 1, 1, 1, 1]  tape=0.225km B=10.00T unif=7.895% hoop=109MPa
  [2156] OK     f=   0.225  a=22.2 b=27.2 gap=29.5 (face=3.0mm) n=[241, 241, 239, 239, 211, 211, 1, 1, 1, 1, 1, 1, 1, 1]  tape=0.225km B=10.00T unif=7.933% hoop=109MPa
  [2157] OK     f=   0.225  a=22.2 b=27.2 gap=29.5 (face=3.0mm) n=[241, 241, 239, 239, 211, 211, 1, 1, 1, 1, 1, 1, 1, 1]  tape=0.225km B=10.00T unif=7.941% hoop=109MPa
  [2158] viol   f=   0.225  a=22.2 b=27.2 gap=29.5 (face=3.0mm) n=[241, 241, 239, 239, 211, 211, 1, 1, 1, 1, 1, 1, 1, 1]  tape=0.225km B=10.00T unif=7.832% hoop=111MPa
  [2159] viol   f=   0.226  a=22.2 b=27.2 gap=29.5 (face=3.0mm) n=[241, 241, 239, 239, 211, 211, 1, 1, 1, 1, 1, 1, 1, 1]  tape=0.225km B=9.98T unif=7.911% hoop=108MPa
  [2160] viol   f=   0.226  a=22.2 b=27.2 gap=29.5 (face=3.0mm) n=[241, 241, 240, 240, 210, 210, 1, 1, 1, 1, 1, 1, 1, 1]  tape=0.225km B=9.98T unif=8.107% hoop=109MPa
  [a=22 b=27 nt=1390] KSP converged reason: 4, iterations: 1
  [a=22 b=27 nt=1390] KSP converged reason: 4, iterations: 1
  [a=22 b=27 nt=1390] KSP converged reason: 4, iterations: 1
  [a=22 b=27 nt=1390] KSP converged reason: 4, iterations: 1
  [a=22 b=27 nt=1390] KSP converged reason: 4, iterations: 1
  [a=22 b=27 nt=1390] KSP converged reason: 4, iterations: 1
  [a=22 b=27 nt=1390] KSP converged reason: 4, iterations: 1
  [a=22 b=27 nt=1390] KSP converged reason: 4, iterations: 1
  [a=22 b=27 nt=1390] KSP converged reason: 4, iterations: 1
  [a=22 b=27 nt=1392] KSP converged reason: 4, iterations: 1
  [2161] viol   f=   0.226  a=22.2 b=27.2 gap=29.5 (face=3.0mm) n=[241, 241, 239, 239, 211, 211, 1, 1, 1, 1, 1, 1, 1, 1]  tape=0.225km B=9.98T unif=8.409% hoop=108MPa
  [2162] viol   f=   0.226  a=22.2 b=27.2 gap=29.5 (face=3.0mm) n=[241, 241, 239, 239, 211, 211, 1, 1, 1, 1, 1, 1, 1, 1]  tape=0.225km B=9.99T unif=7.907% hoop=108MPa
  [2163] viol   f=   0.226  a=22.2 b=27.2 gap=29.5 (face=3.0mm) n=[241, 241, 239, 239, 211, 211, 1, 1, 1, 1, 1, 1, 1, 1]  tape=0.225km B=9.98T unif=7.948% hoop=108MPa
  [2164] viol   f=   0.226  a=22.2 b=27.2 gap=29.5 (face=3.0mm) n=[241, 241, 239, 239, 211, 211, 1, 1, 1, 1, 1, 1, 1, 1]  tape=0.225km B=9.98T unif=7.945% hoop=108MPa
  [2165] viol   f=   0.226  a=22.2 b=27.2 gap=29.5 (face=3.0mm) n=[241, 241, 239, 239, 211, 211, 1, 1, 1, 1, 1, 1, 1, 1]  tape=0.225km B=9.98T unif=7.968% hoop=108MPa
  [2166] viol   f=   0.226  a=22.2 b=27.2 gap=29.5 (face=3.0mm) n=[241, 241, 239, 239, 211, 211, 1, 1, 1, 1, 1, 1, 1, 1]  tape=0.225km B=9.98T unif=7.952% hoop=108MPa
  [2167] viol   f=   0.226  a=22.2 b=27.2 gap=29.5 (face=3.0mm) n=[241, 241, 239, 239, 211, 211, 1, 1, 1, 1, 1, 1, 1, 1]  tape=0.225km B=9.99T unif=7.947% hoop=108MPa
  [2168] viol   f=   0.227  a=22.2 b=27.2 gap=29.5 (face=3.0mm) n=[241, 241, 239, 239, 211, 211, 1, 1, 1, 1, 1, 1, 1, 1]  tape=0.225km B=9.97T unif=8.426% hoop=108MPa
  [2169] viol   f=   0.226  a=22.2 b=27.2 gap=29.5 (face=3.0mm) n=[241, 241, 239, 239, 211, 211, 1, 1, 1, 1, 1, 1, 1, 1]  tape=0.225km B=9.99T unif=7.912% hoop=108MPa
  [2170] viol   f=   0.226  a=22.2 b=27.2 gap=29.5 (face=3.0mm) n=[241, 241, 239, 239, 211, 211, 2, 2, 1, 1, 1, 1, 1, 1]  tape=0.226km B=9.98T unif=8.434% hoop=108MPa
  [a=22 b=27 nt=1390] KSP converged reason: 4, iterations: 1
  [a=22 b=27 nt=1390] KSP converged reason: 4, iterations: 1
  [a=22 b=27 nt=1390] KSP converged reason: 4, iterations: 1
  [a=22 b=27 nt=1390] KSP converged reason: 4, iterations: 1
  [a=22 b=27 nt=1392] KSP converged reason: 4, iterations: 1
  [a=22 b=27 nt=1390] KSP converged reason: 4, iterations: 1
  [a=22 b=27 nt=1390] KSP converged reason: 4, iterations: 1
  [a=22 b=27 nt=1390] KSP converged reason: 4, iterations: 1
  [a=22 b=27 nt=1390] KSP converged reason: 4, iterations: 1
  [2171] viol   f=   0.226  a=22.2 b=27.2 gap=29.5 (face=3.0mm) n=[241, 241, 239, 239, 211, 211, 1, 1, 1, 1, 1, 1, 1, 1]  tape=0.225km B=9.99T unif=7.912% hoop=108MPa
  [2172] viol   f=   0.226  a=22.2 b=27.2 gap=29.5 (face=3.0mm) n=[241, 241, 239, 239, 211, 211, 1, 1, 1, 1, 1, 1, 1, 1]  tape=0.225km B=9.98T unif=7.922% hoop=108MPa
  [2173] viol   f=   0.227  a=22.2 b=27.2 gap=29.5 (face=3.0mm) n=[241, 241, 239, 239, 211, 211, 1, 1, 2, 2, 1, 1, 1, 1]  tape=0.226km B=9.97T unif=8.171% hoop=108MPa
  [2174] INFEAS f=1000.000  a=22.2 b=27.2 gap=29.5 (face=3.0mm) n=[241, 241, 239, 239, 211, 211, 2, 2, 1, 1, 1, 1, 1, 1]  no evaluation (geometry pre-check)
  [2175] viol   f=   0.226  a=22.2 b=27.2 gap=29.5 (face=3.0mm) n=[241, 241, 239, 239, 211, 211, 1, 1, 1, 1, 1, 1, 1, 1]  tape=0.225km B=9.99T unif=7.936% hoop=108MPa
  [2176] OK     f=   0.225  a=22.2 b=27.2 gap=29.5 (face=3.0mm) n=[241, 241, 239, 239, 211, 211, 1, 1, 1, 1, 1, 1, 1, 1]  tape=0.225km B=10.01T unif=7.939% hoop=109MPa
  [2177] viol   f=   0.225  a=22.2 b=27.2 gap=29.5 (face=3.0mm) n=[241, 241, 239, 239, 211, 211, 1, 1, 1, 1, 1, 1, 1, 1]  tape=0.225km B=10.00T unif=7.914% hoop=109MPa
  [2178] viol   f=   0.227  a=22.2 b=27.2 gap=29.5 (face=3.0mm) n=[241, 241, 239, 239, 211, 211, 1, 1, 1, 1, 1, 1, 1, 1]  tape=0.225km B=9.97T unif=8.435% hoop=108MPa
  [2179] viol   f=   0.226  a=22.2 b=27.2 gap=29.5 (face=3.0mm) n=[241, 241, 239, 239, 211, 211, 1, 1, 1, 1, 1, 1, 1, 1]  tape=0.225km B=9.98T unif=8.060% hoop=108MPa
  [2180] viol   f=   0.225  a=22.2 b=27.2 gap=29.5 (face=3.0mm) n=[241, 241, 239, 239, 211, 211, 1, 1, 1, 1, 1, 1, 1, 1]  tape=0.225km B=9.99T unif=7.897% hoop=108MPa
  [a=22 b=27 nt=1390] KSP converged reason: 4, iterations: 1
  [a=22 b=27 nt=1390] KSP converged reason: 4, iterations: 1
  [a=22 b=27 nt=1390] KSP converged reason: 4, iterations: 1
  [a=22 b=27 nt=1392] KSP converged reason: 4, iterations: 1
  [a=22 b=27 nt=1390] KSP converged reason: 4, iterations: 1
  [a=22 b=27 nt=1390] KSP converged reason: 4, iterations: 1
  [a=22 b=27 nt=1390] KSP converged reason: 4, iterations: 1
  [a=22 b=27 nt=1392] KSP converged reason: 4, iterations: 1
  [a=22 b=27 nt=1390] KSP converged reason: 4, iterations: 1
  [a=22 b=27 nt=1390] KSP converged reason: 4, iterations: 1
  [2181] viol   f=   0.227  a=22.2 b=27.2 gap=29.5 (face=3.0mm) n=[241, 241, 239, 239, 211, 211, 1, 1, 1, 1, 1, 1, 1, 1]  tape=0.225km B=9.97T unif=7.937% hoop=108MPa
  [2182] OK     f=   0.226  a=22.2 b=27.2 gap=29.5 (face=3.0mm) n=[241, 241, 240, 240, 211, 211, 1, 1, 1, 1, 1, 1, 1, 1]  tape=0.226km B=10.02T unif=7.784% hoop=109MPa
  [2183] viol   f=   0.226  a=22.2 b=27.2 gap=29.5 (face=3.0mm) n=[241, 241, 239, 239, 211, 211, 1, 1, 1, 1, 1, 1, 1, 1]  tape=0.225km B=9.98T unif=7.900% hoop=108MPa
  [2184] viol   f=   0.226  a=22.2 b=27.2 gap=29.5 (face=3.0mm) n=[241, 241, 239, 239, 211, 211, 1, 1, 1, 1, 1, 1, 1, 1]  tape=0.225km B=9.99T unif=7.916% hoop=108MPa
  [2185] viol   f=   0.229  a=22.2 b=27.2 gap=29.5 (face=3.0mm) n=[241, 241, 239, 239, 211, 211, 1, 1, 1, 1, 1, 1, 1, 1]  tape=0.225km B=9.96T unif=7.684% hoop=149MPa
  [2186] viol   f=   0.225  a=22.2 b=27.2 gap=29.5 (face=3.0mm) n=[241, 241, 239, 239, 211, 211, 1, 1, 1, 1, 1, 1, 1, 1]  tape=0.225km B=10.00T unif=7.909% hoop=109MPa
  [2187] viol   f=   0.226  a=22.2 b=27.2 gap=29.5 (face=3.0mm) n=[241, 241, 239, 239, 211, 211, 1, 1, 1, 1, 1, 1, 1, 1]  tape=0.225km B=9.99T unif=7.915% hoop=108MPa
  [2188] viol   f=   0.226  a=22.2 b=27.2 gap=29.5 (face=3.0mm) n=[241, 241, 240, 240, 211, 211, 1, 1, 1, 1, 1, 1, 1, 1]  tape=0.226km B=10.00T unif=7.912% hoop=109MPa
  [2189] OK     f=   0.225  a=22.2 b=27.2 gap=29.5 (face=3.0mm) n=[241, 241, 239, 239, 211, 211, 1, 1, 1, 1, 1, 1, 1, 1]  tape=0.225km B=10.01T unif=7.918% hoop=110MPa
  [2190] viol   f=   0.228  a=22.2 b=27.2 gap=29.5 (face=3.0mm) n=[241, 241, 239, 239, 211, 211, 1, 1, 1, 1, 1, 1, 1, 1]  tape=0.225km B=9.97T unif=7.885% hoop=126MPa
  [a=22 b=27 nt=1390] KSP converged reason: 4, iterations: 1
  [a=22 b=27 nt=1392] KSP converged reason: 4, iterations: 1
  [a=22 b=27 nt=1390] KSP converged reason: 4, iterations: 1
  [a=22 b=27 nt=1390] KSP converged reason: 4, iterations: 1
  [a=22 b=27 nt=1390] KSP converged reason: 4, iterations: 1
  [a=22 b=27 nt=1390] KSP converged reason: 4, iterations: 1
  [a=22 b=27 nt=1390] KSP converged reason: 4, iterations: 1
  [a=22 b=27 nt=1390] KSP converged reason: 4, iterations: 1
  [a=22 b=27 nt=1392] KSP converged reason: 4, iterations: 1
  [a=22 b=27 nt=1390] KSP converged reason: 4, iterations: 1
  [2191] viol   f=   0.225  a=22.2 b=27.2 gap=29.5 (face=3.0mm) n=[241, 241, 239, 239, 211, 211, 1, 1, 1, 1, 1, 1, 1, 1]  tape=0.225km B=10.00T unif=7.903% hoop=108MPa
  [2192] OK     f=   0.225  a=22.2 b=27.2 gap=29.5 (face=3.0mm) n=[241, 241, 239, 239, 211, 211, 1, 1, 1, 1, 1, 1, 1, 1]  tape=0.225km B=10.00T unif=7.897% hoop=109MPa
  [2193] viol   f=   0.225  a=22.2 b=27.2 gap=29.5 (face=3.0mm) n=[241, 241, 239, 239, 211, 211, 1, 1, 1, 1, 1, 1, 1, 1]  tape=0.225km B=10.00T unif=7.887% hoop=109MPa
  [2194] viol   f=   0.225  a=22.2 b=27.2 gap=29.5 (face=3.0mm) n=[241, 241, 239, 239, 211, 211, 1, 1, 1, 1, 1, 1, 1, 1]  tape=0.225km B=10.00T unif=7.925% hoop=109MPa
  [2195] viol   f=   0.230  a=22.2 b=27.2 gap=29.5 (face=3.0mm) n=[241, 241, 240, 240, 211, 211, 1, 1, 1, 1, 1, 1, 1, 1]  tape=0.226km B=9.95T unif=7.584% hoop=110MPa
  [2196] viol   f=   0.225  a=22.2 b=27.2 gap=29.5 (face=3.0mm) n=[241, 241, 239, 239, 211, 211, 1, 1, 1, 1, 1, 1, 1, 1]  tape=0.225km B=9.99T unif=7.849% hoop=109MPa
  [2197] viol   f=   0.226  a=22.2 b=27.2 gap=29.5 (face=3.0mm) n=[241, 241, 239, 239, 211, 211, 1, 1, 1, 1, 1, 1, 1, 1]  tape=0.225km B=9.98T unif=7.947% hoop=108MPa
  [2198] viol   f=   0.225  a=22.2 b=27.2 gap=29.5 (face=3.0mm) n=[241, 241, 239, 239, 211, 211, 1, 1, 1, 1, 1, 1, 1, 1]  tape=0.225km B=10.00T unif=7.915% hoop=109MPa
  [2199] OK     f=   0.226  a=22.2 b=27.2 gap=29.5 (face=3.0mm) n=[241, 241, 240, 240, 211, 211, 1, 1, 1, 1, 1, 1, 1, 1]  tape=0.226km B=10.01T unif=7.953% hoop=109MPa
  [2200] viol   f=   0.227  a=22.2 b=27.2 gap=29.5 (face=3.0mm) n=[241, 241, 239, 239, 211, 211, 1, 1, 1, 1, 1, 1, 1, 1]  tape=0.225km B=9.97T unif=8.426% hoop=108MPa
  [a=22 b=27 nt=1390] KSP converged reason: 4, iterations: 1
  [a=22 b=27 nt=1390] KSP converged reason: 4, iterations: 1
  [a=22 b=27 nt=1390] KSP converged reason: 4, iterations: 1
  [a=22 b=27 nt=1390] KSP converged reason: 4, iterations: 1
  [a=22 b=27 nt=1390] KSP converged reason: 4, iterations: 1
  [a=22 b=27 nt=1392] KSP converged reason: 4, iterations: 1
  [a=22 b=27 nt=1390] KSP converged reason: 4, iterations: 1
  [a=22 b=27 nt=1390] KSP converged reason: 4, iterations: 1
  [a=22 b=27 nt=1390] KSP converged reason: 4, iterations: 1
  [a=22 b=27 nt=1390] KSP converged reason: 4, iterations: 1
  [2201] viol   f=   0.226  a=22.2 b=27.2 gap=29.5 (face=3.0mm) n=[241, 241, 239, 239, 211, 211, 1, 1, 1, 1, 1, 1, 1, 1]  tape=0.225km B=9.98T unif=7.924% hoop=108MPa
  [2202] viol   f=   0.226  a=22.2 b=27.2 gap=29.5 (face=3.0mm) n=[241, 241, 239, 239, 211, 211, 1, 1, 1, 1, 1, 1, 1, 1]  tape=0.225km B=9.98T unif=7.945% hoop=108MPa
  [2203] viol   f=   0.227  a=22.2 b=27.2 gap=29.5 (face=3.0mm) n=[241, 241, 239, 239, 211, 211, 1, 1, 1, 1, 1, 1, 1, 1]  tape=0.225km B=9.97T unif=8.422% hoop=108MPa
  [2204] OK     f=   0.225  a=22.2 b=27.2 gap=29.5 (face=3.0mm) n=[241, 241, 239, 239, 211, 211, 1, 1, 1, 1, 1, 1, 1, 1]  tape=0.225km B=10.00T unif=7.940% hoop=109MPa
  [2205] viol   f=   0.226  a=22.2 b=27.2 gap=29.5 (face=3.0mm) n=[241, 241, 240, 240, 211, 211, 1, 1, 1, 1, 1, 1, 1, 1]  tape=0.226km B=9.99T unif=8.495% hoop=109MPa
  [2206] OK     f=   0.225  a=22.2 b=27.2 gap=29.5 (face=3.0mm) n=[241, 241, 239, 239, 211, 211, 1, 1, 1, 1, 1, 1, 1, 1]  tape=0.225km B=10.00T unif=7.933% hoop=109MPa
  [2207] viol   f=   0.225  a=22.2 b=27.2 gap=29.5 (face=3.0mm) n=[241, 241, 239, 239, 211, 211, 1, 1, 1, 1, 1, 1, 1, 1]  tape=0.225km B=10.00T unif=7.948% hoop=109MPa
  [2208] viol   f=   0.226  a=22.2 b=27.2 gap=29.5 (face=3.0mm) n=[241, 241, 239, 239, 211, 211, 1, 1, 1, 1, 1, 1, 1, 1]  tape=0.225km B=9.98T unif=7.917% hoop=108MPa
  [2209] OK     f=   0.225  a=22.2 b=27.2 gap=29.5 (face=3.0mm) n=[241, 241, 239, 239, 211, 211, 1, 1, 1, 1, 1, 1, 1, 1]  tape=0.225km B=10.01T unif=7.801% hoop=109MPa
  [2210] viol   f=   0.226  a=22.2 b=27.2 gap=29.5 (face=3.0mm) n=[241, 241, 239, 239, 211, 211, 1, 1, 1, 1, 1, 1, 1, 1]  tape=0.225km B=9.99T unif=7.927% hoop=108MPa
  [a=22 b=27 nt=1390] KSP converged reason: 4, iterations: 1
  [a=22 b=27 nt=1392] KSP converged reason: 4, iterations: 1
  [a=22 b=27 nt=1390] KSP converged reason: 4, iterations: 1
  [a=22 b=27 nt=1390] KSP converged reason: 4, iterations: 1
  [a=22 b=27 nt=1390] KSP converged reason: 4, iterations: 1
  [a=22 b=27 nt=1390] KSP converged reason: 4, iterations: 1
  [a=22 b=27 nt=1390] KSP converged reason: 4, iterations: 1
  [a=22 b=27 nt=1392] KSP converged reason: 4, iterations: 1
  [a=22 b=27 nt=1390] KSP converged reason: 4, iterations: 1
  [a=22 b=27 nt=1390] KSP converged reason: 4, iterations: 1
  [2211] viol   f=   0.226  a=22.2 b=27.2 gap=29.5 (face=3.0mm) n=[241, 241, 239, 239, 211, 211, 1, 1, 1, 1, 1, 1, 1, 1]  tape=0.225km B=9.99T unif=7.908% hoop=108MPa
  [2212] viol   f=   0.537  a=22.2 b=27.2 gap=29.5 (face=3.0mm) n=[241, 241, 240, 240, 211, 211, 1, 1, 1, 1, 1, 1, 1, 1]  tape=0.226km B=9.61T unif=7.591% hoop=400MPa
  [2213] viol   f=   0.226  a=22.2 b=27.2 gap=29.5 (face=3.0mm) n=[241, 241, 239, 239, 211, 211, 1, 1, 1, 1, 1, 1, 1, 1]  tape=0.225km B=9.98T unif=7.961% hoop=109MPa
  [2214] viol   f=   0.226  a=22.2 b=27.2 gap=29.5 (face=3.0mm) n=[241, 241, 239, 239, 211, 211, 1, 1, 1, 1, 1, 1, 1, 1]  tape=0.225km B=9.99T unif=7.939% hoop=108MPa
  [2215] viol   f=   0.226  a=22.2 b=27.2 gap=29.5 (face=3.0mm) n=[241, 241, 239, 239, 211, 211, 1, 1, 1, 1, 1, 1, 1, 1]  tape=0.225km B=9.98T unif=7.945% hoop=108MPa
  [2216] viol   f=   0.227  a=22.2 b=27.2 gap=29.5 (face=3.0mm) n=[241, 241, 239, 239, 211, 211, 1, 1, 1, 1, 1, 1, 1, 1]  tape=0.225km B=9.98T unif=8.424% hoop=108MPa
  [2217] viol   f=   0.225  a=22.2 b=27.2 gap=29.5 (face=3.0mm) n=[241, 241, 239, 239, 211, 211, 1, 1, 1, 1, 1, 1, 1, 1]  tape=0.225km B=9.99T unif=7.911% hoop=109MPa
  [2218] viol   f=   0.226  a=22.2 b=27.2 gap=29.5 (face=3.0mm) n=[241, 241, 240, 240, 211, 211, 1, 1, 1, 1, 1, 1, 1, 1]  tape=0.226km B=10.00T unif=7.876% hoop=109MPa
  [2219] OK     f=   0.225  a=22.2 b=27.2 gap=29.5 (face=3.0mm) n=[241, 241, 239, 239, 211, 211, 1, 1, 1, 1, 1, 1, 1, 1]  tape=0.225km B=10.00T unif=7.910% hoop=109MPa
  [2220] viol   f=   0.226  a=22.2 b=27.2 gap=29.5 (face=3.0mm) n=[241, 241, 239, 239, 211, 211, 1, 1, 1, 1, 1, 1, 1, 1]  tape=0.225km B=9.98T unif=7.925% hoop=108MPa
  [a=22 b=27 nt=1390] KSP converged reason: 4, iterations: 1
  [a=22 b=27 nt=1390] KSP converged reason: 4, iterations: 1
  [a=22 b=27 nt=1390] KSP converged reason: 4, iterations: 1
  [a=22 b=27 nt=1390] KSP converged reason: 4, iterations: 1
  [a=22 b=27 nt=1390] KSP converged reason: 4, iterations: 1
  [a=22 b=27 nt=1390] KSP converged reason: 4, iterations: 1
  [a=22 b=27 nt=1390] KSP converged reason: 4, iterations: 1
  [a=22 b=27 nt=1390] KSP converged reason: 4, iterations: 1
  [a=22 b=27 nt=1390] KSP converged reason: 4, iterations: 1
  [a=22 b=27 nt=1390] KSP converged reason: 4, iterations: 1
  [2221] viol   f=   0.225  a=22.2 b=27.2 gap=29.5 (face=3.0mm) n=[241, 241, 239, 239, 211, 211, 1, 1, 1, 1, 1, 1, 1, 1]  tape=0.225km B=9.99T unif=7.911% hoop=109MPa
  [2222] OK     f=   0.225  a=22.2 b=27.2 gap=29.5 (face=3.0mm) n=[241, 241, 239, 239, 211, 211, 1, 1, 1, 1, 1, 1, 1, 1]  tape=0.225km B=10.00T unif=7.872% hoop=109MPa
  [2223] viol   f=   0.225  a=22.2 b=27.2 gap=29.5 (face=3.0mm) n=[241, 241, 239, 239, 211, 211, 1, 1, 1, 1, 1, 1, 1, 1]  tape=0.225km B=9.99T unif=7.865% hoop=108MPa
  [2224] viol   f=   0.226  a=22.2 b=27.2 gap=29.5 (face=3.0mm) n=[241, 241, 239, 239, 211, 211, 1, 1, 1, 1, 1, 1, 1, 1]  tape=0.225km B=9.99T unif=7.965% hoop=108MPa
  [2225] viol   f=   0.227  a=22.2 b=27.2 gap=29.5 (face=3.0mm) n=[241, 241, 239, 239, 211, 211, 1, 1, 1, 1, 1, 1, 1, 1]  tape=0.225km B=9.98T unif=7.926% hoop=108MPa
  [2226] viol   f=   0.225  a=22.2 b=27.2 gap=29.5 (face=3.0mm) n=[241, 241, 239, 239, 211, 211, 1, 1, 1, 1, 1, 1, 1, 1]  tape=0.225km B=10.00T unif=7.905% hoop=109MPa
  [2227] viol   f=   0.226  a=22.2 b=27.2 gap=29.5 (face=3.0mm) n=[241, 241, 239, 239, 211, 211, 1, 1, 1, 1, 1, 1, 1, 1]  tape=0.225km B=9.99T unif=7.988% hoop=108MPa
  [2228] viol   f=   0.226  a=22.2 b=27.2 gap=29.5 (face=3.0mm) n=[241, 241, 239, 239, 211, 211, 1, 1, 1, 1, 1, 1, 1, 1]  tape=0.225km B=9.98T unif=7.917% hoop=108MPa
  [2229] viol   f=   0.226  a=22.2 b=27.2 gap=29.5 (face=3.0mm) n=[241, 241, 239, 239, 211, 211, 1, 1, 1, 1, 1, 1, 1, 1]  tape=0.225km B=9.98T unif=8.437% hoop=109MPa
  [2230] viol   f=   0.226  a=22.2 b=27.2 gap=29.5 (face=3.0mm) n=[241, 241, 239, 239, 211, 211, 1, 1, 1, 1, 1, 1, 1, 1]  tape=0.225km B=9.98T unif=7.940% hoop=108MPa
  [a=22 b=27 nt=1392] KSP converged reason: 4, iterations: 1
  [a=22 b=27 nt=1390] KSP converged reason: 4, iterations: 1
  [a=22 b=27 nt=1390] KSP converged reason: 4, iterations: 1
  [a=22 b=27 nt=1390] KSP converged reason: 4, iterations: 1
  [a=22 b=27 nt=1390] KSP converged reason: 4, iterations: 1
  [a=22 b=27 nt=1390] KSP converged reason: 4, iterations: 1
  [a=22 b=27 nt=1390] KSP converged reason: 4, iterations: 1
  [a=22 b=27 nt=1390] KSP converged reason: 4, iterations: 1
  [a=22 b=27 nt=1390] KSP converged reason: 4, iterations: 1
  [a=22 b=27 nt=1390] KSP converged reason: 4, iterations: 1
  [2231] viol   f=   0.226  a=22.2 b=27.2 gap=29.5 (face=3.0mm) n=[241, 241, 239, 239, 211, 211, 1, 1, 1, 1, 1, 1, 1, 1]  tape=0.225km B=9.99T unif=7.912% hoop=108MPa
  [2232] OK     f=   0.225  a=22.2 b=27.2 gap=29.5 (face=3.0mm) n=[241, 241, 239, 239, 211, 211, 1, 1, 1, 1, 1, 1, 1, 1]  tape=0.225km B=10.00T unif=7.930% hoop=109MPa
  [2233] viol   f=   0.225  a=22.2 b=27.2 gap=29.5 (face=3.0mm) n=[241, 241, 239, 239, 211, 211, 1, 1, 1, 1, 1, 1, 1, 1]  tape=0.225km B=9.99T unif=7.925% hoop=108MPa
  [2234] viol   f=   0.226  a=22.2 b=27.2 gap=29.5 (face=3.0mm) n=[241, 241, 240, 240, 211, 211, 1, 1, 1, 1, 1, 1, 1, 1]  tape=0.226km B=9.99T unif=8.460% hoop=109MPa
  [2235] viol   f=   0.225  a=22.2 b=27.2 gap=29.5 (face=3.0mm) n=[241, 241, 239, 239, 211, 211, 1, 1, 1, 1, 1, 1, 1, 1]  tape=0.225km B=10.00T unif=7.925% hoop=109MPa
  [2236] viol   f=   0.226  a=22.2 b=27.2 gap=29.5 (face=3.0mm) n=[241, 241, 239, 239, 211, 211, 1, 1, 1, 1, 1, 1, 1, 1]  tape=0.225km B=9.99T unif=7.923% hoop=108MPa
  [2237] viol   f=   0.227  a=22.2 b=27.2 gap=29.5 (face=3.0mm) n=[241, 241, 239, 239, 211, 211, 1, 1, 1, 1, 1, 1, 1, 1]  tape=0.225km B=9.98T unif=8.402% hoop=108MPa
  [2238] viol   f=   0.226  a=22.2 b=27.2 gap=29.5 (face=3.0mm) n=[241, 241, 239, 239, 211, 211, 1, 1, 1, 1, 1, 1, 1, 1]  tape=0.225km B=9.99T unif=7.911% hoop=108MPa
  [2239] viol   f=   0.225  a=22.2 b=27.2 gap=29.5 (face=3.0mm) n=[241, 241, 239, 239, 211, 211, 1, 1, 1, 1, 1, 1, 1, 1]  tape=0.225km B=10.00T unif=7.887% hoop=109MPa
  [2240] viol   f=   0.225  a=22.2 b=27.2 gap=29.5 (face=3.0mm) n=[241, 241, 239, 239, 211, 211, 1, 1, 1, 1, 1, 1, 1, 1]  tape=0.225km B=9.99T unif=7.946% hoop=108MPa
  [a=22 b=27 nt=1390] KSP converged reason: 4, iterations: 1
  [a=22 b=27 nt=1390] KSP converged reason: 4, iterations: 1
  [a=22 b=27 nt=1390] KSP converged reason: 4, iterations: 1
  [a=22 b=27 nt=1390] KSP converged reason: 4, iterations: 1
  [a=22 b=27 nt=1390] KSP converged reason: 4, iterations: 1
  [a=22 b=27 nt=1390] KSP converged reason: 4, iterations: 1
  [a=22 b=27 nt=1390] KSP converged reason: 4, iterations: 1
  [a=22 b=27 nt=1390] KSP converged reason: 4, iterations: 1
  [a=22 b=27 nt=1390] KSP converged reason: 4, iterations: 1
  [a=22 b=27 nt=1390] KSP converged reason: 4, iterations: 1
  [2241] viol   f=   0.225  a=22.2 b=27.2 gap=29.5 (face=3.0mm) n=[241, 241, 239, 239, 211, 211, 1, 1, 1, 1, 1, 1, 1, 1]  tape=0.225km B=9.99T unif=7.959% hoop=108MPa
  [2242] viol   f=   0.226  a=22.2 b=27.2 gap=29.5 (face=3.0mm) n=[241, 241, 239, 239, 211, 211, 1, 1, 1, 1, 1, 1, 1, 1]  tape=0.225km B=9.99T unif=7.899% hoop=108MPa
  [2243] viol   f=   0.225  a=22.2 b=27.2 gap=29.5 (face=3.0mm) n=[241, 241, 239, 239, 211, 211, 1, 1, 1, 1, 1, 1, 1, 1]  tape=0.225km B=9.99T unif=7.907% hoop=108MPa
  [2244] OK     f=   0.225  a=22.2 b=27.2 gap=29.5 (face=3.0mm) n=[241, 241, 239, 239, 211, 211, 1, 1, 1, 1, 1, 1, 1, 1]  tape=0.225km B=10.00T unif=7.885% hoop=109MPa
  [2245] viol   f=   0.227  a=22.2 b=27.2 gap=29.5 (face=3.0mm) n=[241, 241, 239, 239, 211, 211, 1, 1, 1, 1, 1, 1, 1, 1]  tape=0.225km B=9.98T unif=7.927% hoop=108MPa
  [2246] OK     f=   0.225  a=22.2 b=27.2 gap=29.5 (face=3.0mm) n=[241, 241, 239, 239, 211, 211, 1, 1, 1, 1, 1, 1, 1, 1]  tape=0.225km B=10.01T unif=7.873% hoop=109MPa
  [2247] viol   f=   0.225  a=22.2 b=27.2 gap=29.5 (face=3.0mm) n=[241, 241, 239, 239, 211, 211, 1, 1, 1, 1, 1, 1, 1, 1]  tape=0.225km B=10.00T unif=7.937% hoop=109MPa
  [2248] viol   f=   0.225  a=22.2 b=27.2 gap=29.5 (face=3.0mm) n=[241, 241, 239, 239, 211, 211, 1, 1, 1, 1, 1, 1, 1, 1]  tape=0.225km B=10.00T unif=7.898% hoop=109MPa
  [2249] viol   f=   0.226  a=22.2 b=27.2 gap=29.5 (face=3.0mm) n=[241, 241, 239, 239, 211, 211, 1, 1, 1, 1, 1, 1, 1, 1]  tape=0.225km B=9.99T unif=8.447% hoop=109MPa
  [2250] OK     f=   0.225  a=22.2 b=27.2 gap=29.5 (face=3.0mm) n=[241, 241, 239, 239, 211, 211, 1, 1, 1, 1, 1, 1, 1, 1]  tape=0.225km B=10.00T unif=7.930% hoop=109MPa
  [a=22 b=27 nt=1390] KSP converged reason: 4, iterations: 1
  [a=22 b=27 nt=1390] KSP converged reason: 4, iterations: 1
  [a=22 b=27 nt=1390] KSP converged reason: 4, iterations: 1
  [a=22 b=27 nt=1390] KSP converged reason: 4, iterations: 1
  [a=22 b=27 nt=1390] KSP converged reason: 4, iterations: 1
  [a=22 b=27 nt=1390] KSP converged reason: 4, iterations: 1
  [a=22 b=27 nt=1394] KSP converged reason: 4, iterations: 1
  [a=22 b=27 nt=1390] KSP converged reason: 4, iterations: 1
  [a=22 b=27 nt=1390] KSP converged reason: 4, iterations: 1
  [a=22 b=27 nt=1390] KSP converged reason: 4, iterations: 1
  [2251] viol   f=   0.226  a=22.2 b=27.2 gap=29.5 (face=3.0mm) n=[241, 241, 239, 239, 211, 211, 1, 1, 1, 1, 1, 1, 1, 1]  tape=0.225km B=9.99T unif=7.917% hoop=108MPa
  [2252] viol   f=   0.227  a=22.2 b=27.2 gap=29.5 (face=3.0mm) n=[241, 241, 239, 239, 211, 211, 1, 1, 1, 1, 1, 1, 1, 1]  tape=0.225km B=9.97T unif=8.520% hoop=109MPa
  [2253] viol   f=   0.226  a=22.2 b=27.2 gap=29.5 (face=3.0mm) n=[241, 241, 239, 239, 211, 211, 1, 1, 1, 1, 1, 1, 1, 1]  tape=0.225km B=9.99T unif=7.914% hoop=108MPa
  [2254] viol   f=   0.226  a=22.2 b=27.2 gap=29.5 (face=3.0mm) n=[241, 241, 239, 239, 211, 211, 1, 1, 1, 1, 1, 1, 1, 1]  tape=0.225km B=9.99T unif=7.906% hoop=108MPa
  [2255] viol   f=   0.226  a=22.2 b=27.2 gap=29.5 (face=3.0mm) n=[241, 241, 239, 239, 211, 211, 1, 1, 1, 1, 1, 1, 1, 1]  tape=0.225km B=9.98T unif=7.930% hoop=108MPa
  [2256] viol   f=   0.226  a=22.2 b=27.2 gap=29.5 (face=3.0mm) n=[241, 241, 239, 239, 211, 211, 1, 1, 1, 1, 1, 1, 1, 1]  tape=0.225km B=9.98T unif=7.944% hoop=108MPa
  [2257] viol   f=   0.226  a=22.2 b=27.2 gap=29.5 (face=3.0mm) n=[241, 241, 239, 239, 211, 211, 2, 2, 2, 2, 1, 1, 1, 1]  tape=0.226km B=9.99T unif=8.412% hoop=109MPa
  [2258] viol   f=   0.226  a=22.2 b=27.2 gap=29.5 (face=3.0mm) n=[241, 241, 239, 239, 211, 211, 1, 1, 1, 1, 1, 1, 1, 1]  tape=0.225km B=9.98T unif=7.487% hoop=113MPa
  [2259] viol   f=   0.227  a=22.2 b=27.2 gap=29.5 (face=3.0mm) n=[241, 241, 239, 239, 211, 211, 1, 1, 1, 1, 1, 1, 1, 1]  tape=0.225km B=9.97T unif=8.427% hoop=108MPa
  [2260] viol   f=   0.226  a=22.2 b=27.2 gap=29.5 (face=3.0mm) n=[241, 241, 239, 239, 211, 211, 1, 1, 1, 1, 1, 1, 1, 1]  tape=0.225km B=9.98T unif=7.925% hoop=108MPa
  [a=22 b=27 nt=1390] KSP converged reason: 4, iterations: 1
  [a=22 b=27 nt=1390] KSP converged reason: 4, iterations: 1
  [a=22 b=27 nt=1392] KSP converged reason: 4, iterations: 1
  [a=22 b=27 nt=1390] KSP converged reason: 4, iterations: 1
  [a=22 b=27 nt=1390] KSP converged reason: 4, iterations: 1
  [a=22 b=27 nt=1392] KSP converged reason: 4, iterations: 1
  [a=22 b=27 nt=1390] KSP converged reason: 4, iterations: 1
  [a=22 b=27 nt=1390] KSP converged reason: 4, iterations: 1
  [a=22 b=27 nt=1390] KSP converged reason: 4, iterations: 1
  [a=22 b=27 nt=1390] KSP converged reason: 4, iterations: 1
  [2261] viol   f=   0.226  a=22.2 b=27.2 gap=29.5 (face=3.0mm) n=[241, 241, 239, 239, 211, 211, 1, 1, 2, 2, 1, 1, 1, 1]  tape=0.226km B=9.98T unif=8.714% hoop=108MPa
  [2262] OK     f=   0.225  a=22.2 b=27.2 gap=29.5 (face=3.0mm) n=[241, 241, 239, 239, 211, 211, 1, 1, 1, 1, 1, 1, 1, 1]  tape=0.225km B=10.00T unif=7.882% hoop=109MPa
  [2263] viol   f=   0.226  a=22.2 b=27.2 gap=29.5 (face=3.0mm) n=[241, 241, 239, 239, 211, 211, 1, 1, 1, 1, 1, 1, 1, 1]  tape=0.225km B=9.98T unif=7.820% hoop=108MPa
  [2264] viol   f=   0.226  a=22.2 b=27.2 gap=29.5 (face=3.0mm) n=[241, 241, 239, 239, 211, 211, 1, 1, 1, 1, 1, 1, 1, 1]  tape=0.225km B=9.98T unif=7.878% hoop=108MPa
  [2265] OK     f=   0.226  a=22.2 b=27.2 gap=29.5 (face=3.0mm) n=[241, 241, 239, 239, 211, 211, 1, 1, 2, 2, 1, 1, 1, 1]  tape=0.226km B=10.00T unif=8.703% hoop=109MPa
  [2266] viol   f=   0.633  a=22.2 b=27.2 gap=29.5 (face=3.0mm) n=[241, 241, 239, 239, 211, 211, 1, 1, 1, 1, 1, 1, 1, 1]  tape=0.225km B=9.55T unif=8.300% hoop=172MPa
  [2267] viol   f=   0.226  a=22.2 b=27.2 gap=29.5 (face=3.0mm) n=[241, 241, 239, 239, 211, 211, 1, 1, 1, 1, 1, 1, 1, 1]  tape=0.225km B=9.98T unif=7.944% hoop=108MPa
  [2268] viol   f=   0.226  a=22.2 b=27.2 gap=29.5 (face=3.0mm) n=[241, 241, 239, 239, 211, 211, 1, 1, 1, 1, 1, 1, 1, 1]  tape=0.225km B=9.98T unif=7.832% hoop=114MPa
  [2269] viol   f=   0.226  a=22.2 b=27.2 gap=29.5 (face=3.0mm) n=[241, 241, 239, 239, 211, 211, 1, 1, 1, 1, 1, 1, 1, 1]  tape=0.225km B=9.98T unif=7.908% hoop=108MPa
  [2270] viol   f=   0.225  a=22.2 b=27.2 gap=29.5 (face=3.0mm) n=[241, 241, 239, 239, 211, 211, 1, 1, 1, 1, 1, 1, 1, 1]  tape=0.225km B=9.99T unif=7.905% hoop=108MPa
  [a=22 b=27 nt=1390] KSP converged reason: 4, iterations: 1
  [a=22 b=27 nt=1390] KSP converged reason: 4, iterations: 1
  [a=22 b=27 nt=1390] KSP converged reason: 4, iterations: 1
  [a=22 b=27 nt=1390] KSP converged reason: 4, iterations: 1
  [a=22 b=27 nt=1390] KSP converged reason: 4, iterations: 1
  [a=22 b=27 nt=1390] KSP converged reason: 4, iterations: 1
  [a=22 b=27 nt=1390] KSP converged reason: 4, iterations: 1
  [a=22 b=27 nt=1390] KSP converged reason: 4, iterations: 1
  [a=22 b=27 nt=1390] KSP converged reason: 4, iterations: 1
  [a=22 b=27 nt=1390] KSP converged reason: 4, iterations: 1
  [2271] viol   f=   0.227  a=22.2 b=27.2 gap=29.5 (face=3.0mm) n=[241, 241, 239, 239, 211, 211, 1, 1, 1, 1, 1, 1, 1, 1]  tape=0.225km B=9.97T unif=8.416% hoop=108MPa
  [2272] OK     f=   0.225  a=22.2 b=27.2 gap=29.5 (face=3.0mm) n=[241, 241, 239, 239, 211, 211, 1, 1, 1, 1, 1, 1, 1, 1]  tape=0.225km B=10.00T unif=7.940% hoop=109MPa
  [2273] viol   f=   0.226  a=22.2 b=27.2 gap=29.5 (face=3.0mm) n=[241, 241, 239, 239, 211, 211, 1, 1, 1, 1, 1, 1, 1, 1]  tape=0.225km B=9.99T unif=7.923% hoop=108MPa
  [2274] viol   f=   0.226  a=22.2 b=27.2 gap=29.5 (face=3.0mm) n=[241, 241, 239, 239, 211, 211, 1, 1, 1, 1, 1, 1, 1, 1]  tape=0.225km B=9.99T unif=7.914% hoop=108MPa
  [2275] viol   f=   0.225  a=22.2 b=27.2 gap=29.5 (face=3.0mm) n=[241, 241, 239, 239, 211, 211, 1, 1, 1, 1, 1, 1, 1, 1]  tape=0.225km B=10.00T unif=7.930% hoop=108MPa
  [2276] viol   f=   0.226  a=22.2 b=27.2 gap=29.5 (face=3.0mm) n=[241, 241, 239, 239, 211, 211, 1, 1, 1, 1, 1, 1, 1, 1]  tape=0.225km B=9.99T unif=7.928% hoop=108MPa
  [2277] viol   f=   0.228  a=22.2 b=27.2 gap=29.5 (face=3.0mm) n=[241, 241, 239, 239, 211, 211, 1, 1, 1, 1, 1, 1, 1, 1]  tape=0.225km B=9.97T unif=8.455% hoop=108MPa
  [2278] viol   f=   0.225  a=22.2 b=27.2 gap=29.5 (face=3.0mm) n=[241, 241, 239, 239, 211, 211, 1, 1, 1, 1, 1, 1, 1, 1]  tape=0.225km B=10.00T unif=7.908% hoop=109MPa
  [2279] OK     f=   0.225  a=22.2 b=27.2 gap=29.5 (face=3.0mm) n=[241, 241, 239, 239, 211, 211, 1, 1, 1, 1, 1, 1, 1, 1]  tape=0.225km B=10.00T unif=7.928% hoop=109MPa
  [2280] viol   f=   0.226  a=22.2 b=27.2 gap=29.5 (face=3.0mm) n=[241, 241, 239, 239, 211, 211, 1, 1, 1, 1, 1, 1, 1, 1]  tape=0.225km B=9.98T unif=8.430% hoop=109MPa
  [a=22 b=27 nt=1390] KSP converged reason: 4, iterations: 1
  [a=22 b=27 nt=1390] KSP converged reason: 4, iterations: 1
  [a=22 b=27 nt=1390] KSP converged reason: 4, iterations: 1
  [a=22 b=27 nt=1390] KSP converged reason: 4, iterations: 1
  [a=22 b=27 nt=1390] KSP converged reason: 4, iterations: 1
  [a=22 b=27 nt=1390] KSP converged reason: 4, iterations: 1
  [a=22 b=27 nt=1390] KSP converged reason: 4, iterations: 1
  [a=22 b=27 nt=1390] KSP converged reason: 4, iterations: 1
  [a=22 b=27 nt=1390] KSP converged reason: 4, iterations: 1
  [a=22 b=27 nt=1390] KSP converged reason: 4, iterations: 1
  [2281] OK     f=   0.225  a=22.2 b=27.2 gap=29.5 (face=3.0mm) n=[241, 241, 239, 239, 211, 211, 1, 1, 1, 1, 1, 1, 1, 1]  tape=0.225km B=10.00T unif=7.936% hoop=109MPa
  [2282] viol   f=   0.226  a=22.2 b=27.2 gap=29.5 (face=3.0mm) n=[241, 241, 239, 239, 211, 211, 1, 1, 1, 1, 1, 1, 1, 1]  tape=0.225km B=9.98T unif=7.918% hoop=108MPa
  [2283] viol   f=   0.226  a=22.2 b=27.2 gap=29.5 (face=3.0mm) n=[241, 241, 239, 239, 211, 211, 1, 1, 1, 1, 1, 1, 1, 1]  tape=0.225km B=9.99T unif=7.923% hoop=108MPa
  [2284] viol   f=   0.225  a=22.2 b=27.2 gap=29.5 (face=3.0mm) n=[241, 241, 239, 239, 211, 211, 1, 1, 1, 1, 1, 1, 1, 1]  tape=0.225km B=9.99T unif=7.916% hoop=108MPa
  [2285] viol   f=   0.225  a=22.2 b=27.2 gap=29.5 (face=3.0mm) n=[241, 241, 239, 239, 211, 211, 1, 1, 1, 1, 1, 1, 1, 1]  tape=0.225km B=10.00T unif=7.885% hoop=109MPa
  [2286] viol   f=   0.225  a=22.2 b=27.2 gap=29.5 (face=3.0mm) n=[241, 241, 239, 239, 211, 211, 1, 1, 1, 1, 1, 1, 1, 1]  tape=0.225km B=10.00T unif=7.946% hoop=109MPa
  [2287] viol   f=   0.226  a=22.2 b=27.2 gap=29.5 (face=3.0mm) n=[241, 241, 239, 239, 211, 211, 1, 1, 1, 1, 1, 1, 1, 1]  tape=0.225km B=9.98T unif=7.932% hoop=108MPa
  [2288] OK     f=   0.225  a=22.2 b=27.2 gap=29.5 (face=3.0mm) n=[241, 241, 239, 239, 211, 211, 1, 1, 1, 1, 1, 1, 1, 1]  tape=0.225km B=10.02T unif=8.159% hoop=109MPa
  [2289] viol   f=   0.227  a=22.2 b=27.2 gap=29.5 (face=3.0mm) n=[241, 241, 239, 239, 211, 211, 1, 1, 1, 1, 1, 1, 1, 1]  tape=0.225km B=9.97T unif=8.440% hoop=108MPa
  [2290] OK     f=   0.225  a=22.2 b=27.2 gap=29.5 (face=3.0mm) n=[241, 241, 239, 239, 211, 211, 1, 1, 1, 1, 1, 1, 1, 1]  tape=0.225km B=10.00T unif=7.921% hoop=109MPa
  [a=22 b=27 nt=1390] KSP converged reason: 4, iterations: 1
  [a=22 b=27 nt=1390] KSP converged reason: 4, iterations: 1
  [a=22 b=27 nt=1390] KSP converged reason: 4, iterations: 1
  [a=22 b=27 nt=1390] KSP converged reason: 4, iterations: 1
  [a=22 b=27 nt=1390] KSP converged reason: 4, iterations: 1
  [a=22 b=27 nt=1390] KSP converged reason: 4, iterations: 1
  [a=22 b=27 nt=1390] KSP converged reason: 4, iterations: 1
  [a=22 b=27 nt=1390] KSP converged reason: 4, iterations: 1
  [a=22 b=27 nt=1390] KSP converged reason: 4, iterations: 1
  [a=22 b=27 nt=1390] KSP converged reason: 4, iterations: 1
  [2291] viol   f=   0.226  a=22.2 b=27.2 gap=29.5 (face=3.0mm) n=[241, 241, 239, 239, 211, 211, 1, 1, 1, 1, 1, 1, 1, 1]  tape=0.225km B=9.98T unif=7.938% hoop=108MPa
  [2292] OK     f=   0.225  a=22.2 b=27.2 gap=29.5 (face=3.0mm) n=[241, 241, 239, 239, 211, 211, 1, 1, 1, 1, 1, 1, 1, 1]  tape=0.225km B=10.00T unif=7.927% hoop=109MPa
  [2293] viol   f=   0.226  a=22.2 b=27.2 gap=29.5 (face=3.0mm) n=[241, 241, 239, 239, 211, 211, 1, 1, 1, 1, 1, 1, 1, 1]  tape=0.225km B=9.98T unif=7.920% hoop=108MPa
  [2294] viol   f=   0.226  a=22.2 b=27.2 gap=29.5 (face=3.0mm) n=[241, 241, 239, 239, 211, 211, 1, 1, 1, 1, 1, 1, 1, 1]  tape=0.225km B=9.99T unif=7.901% hoop=108MPa
  [2295] viol   f=   0.225  a=22.2 b=27.2 gap=29.5 (face=3.0mm) n=[241, 241, 239, 239, 211, 211, 1, 1, 1, 1, 1, 1, 1, 1]  tape=0.225km B=10.00T unif=7.930% hoop=109MPa
  [2296] viol   f=   0.226  a=22.2 b=27.2 gap=29.5 (face=3.0mm) n=[241, 241, 239, 239, 211, 211, 1, 1, 1, 1, 1, 1, 1, 1]  tape=0.225km B=9.99T unif=7.909% hoop=109MPa
  [2297] viol   f=   0.226  a=22.2 b=27.2 gap=29.5 (face=3.0mm) n=[241, 241, 239, 239, 211, 211, 1, 1, 1, 1, 1, 1, 1, 1]  tape=0.225km B=9.99T unif=7.918% hoop=108MPa
  [2298] viol   f=   0.226  a=22.2 b=27.2 gap=29.5 (face=3.0mm) n=[241, 241, 239, 239, 211, 211, 1, 1, 1, 1, 1, 1, 1, 1]  tape=0.225km B=9.99T unif=8.419% hoop=109MPa
  [2299] viol   f=   0.227  a=22.2 b=27.2 gap=29.5 (face=3.0mm) n=[241, 241, 239, 239, 211, 211, 1, 1, 1, 1, 1, 1, 1, 1]  tape=0.225km B=9.97T unif=8.468% hoop=108MPa
  [2300] OK     f=   0.225  a=22.2 b=27.2 gap=29.5 (face=3.0mm) n=[241, 241, 239, 239, 211, 211, 1, 1, 1, 1, 1, 1, 1, 1]  tape=0.225km B=10.00T unif=7.940% hoop=109MPa
  [a=22 b=27 nt=1390] KSP converged reason: 4, iterations: 1
  [a=22 b=27 nt=1390] KSP converged reason: 4, iterations: 1
  [a=22 b=27 nt=1390] KSP converged reason: 4, iterations: 1
  [a=22 b=27 nt=1390] KSP converged reason: 4, iterations: 1
  [a=22 b=27 nt=1390] KSP converged reason: 4, iterations: 1
  [a=22 b=27 nt=1390] KSP converged reason: 4, iterations: 1
  [a=22 b=27 nt=1390] KSP converged reason: 4, iterations: 1
  [a=22 b=27 nt=1390] KSP converged reason: 4, iterations: 1
  [a=22 b=27 nt=1390] KSP converged reason: 4, iterations: 1
  [a=22 b=27 nt=1390] KSP converged reason: 4, iterations: 1
  [2301] viol   f=   0.226  a=22.2 b=27.2 gap=29.5 (face=3.0mm) n=[241, 241, 239, 239, 211, 211, 1, 1, 1, 1, 1, 1, 1, 1]  tape=0.225km B=9.98T unif=7.906% hoop=108MPa
  [2302] viol   f=   0.225  a=22.2 b=27.2 gap=29.5 (face=3.0mm) n=[241, 241, 239, 239, 211, 211, 1, 1, 1, 1, 1, 1, 1, 1]  tape=0.225km B=10.00T unif=7.918% hoop=108MPa
  [2303] viol   f=   0.226  a=22.2 b=27.2 gap=29.5 (face=3.0mm) n=[241, 241, 239, 239, 211, 211, 1, 1, 1, 1, 1, 1, 1, 1]  tape=0.225km B=9.98T unif=7.952% hoop=109MPa
  [2304] OK     f=   0.225  a=22.2 b=27.2 gap=29.5 (face=3.0mm) n=[241, 241, 239, 239, 211, 211, 1, 1, 1, 1, 1, 1, 1, 1]  tape=0.225km B=10.00T unif=7.926% hoop=109MPa
  [2305] viol   f=   0.226  a=22.2 b=27.2 gap=29.5 (face=3.0mm) n=[241, 241, 239, 239, 211, 211, 1, 1, 1, 1, 1, 1, 1, 1]  tape=0.225km B=9.98T unif=8.444% hoop=108MPa
  [2306] viol   f=   0.227  a=22.2 b=27.2 gap=29.5 (face=3.0mm) n=[241, 241, 239, 239, 211, 211, 1, 1, 1, 1, 1, 1, 1, 1]  tape=0.225km B=9.98T unif=7.936% hoop=108MPa
  [2307] viol   f=   0.225  a=22.2 b=27.2 gap=29.5 (face=3.0mm) n=[241, 241, 239, 239, 211, 211, 1, 1, 1, 1, 1, 1, 1, 1]  tape=0.225km B=10.00T unif=7.949% hoop=109MPa
  [2308] viol   f=   0.226  a=22.2 b=27.2 gap=29.5 (face=3.0mm) n=[241, 241, 239, 239, 211, 211, 1, 1, 1, 1, 1, 1, 1, 1]  tape=0.225km B=9.99T unif=7.923% hoop=108MPa
  [2309] viol   f=   0.226  a=22.2 b=27.2 gap=29.5 (face=3.0mm) n=[241, 241, 239, 239, 211, 211, 1, 1, 1, 1, 1, 1, 1, 1]  tape=0.225km B=9.98T unif=7.951% hoop=108MPa
  [2310] viol   f=   0.226  a=22.2 b=27.2 gap=29.5 (face=3.0mm) n=[241, 241, 239, 239, 211, 211, 1, 1, 1, 1, 1, 1, 1, 1]  tape=0.225km B=9.98T unif=7.866% hoop=108MPa
  [a=22 b=27 nt=1390] KSP converged reason: 4, iterations: 1
  [a=22 b=27 nt=1390] KSP converged reason: 4, iterations: 1
  [a=22 b=27 nt=1390] KSP converged reason: 4, iterations: 1
  [a=22 b=27 nt=1390] KSP converged reason: 4, iterations: 1
  [a=22 b=27 nt=1390] KSP converged reason: 4, iterations: 1
  [a=22 b=27 nt=1390] KSP converged reason: 4, iterations: 1
  [a=22 b=27 nt=1390] KSP converged reason: 4, iterations: 1
  [a=22 b=27 nt=1390] KSP converged reason: 4, iterations: 1
  [a=22 b=27 nt=1390] KSP converged reason: 4, iterations: 1
  [a=22 b=27 nt=1390] KSP converged reason: 4, iterations: 1
  [2311] viol   f=   0.226  a=22.2 b=27.2 gap=29.5 (face=3.0mm) n=[241, 241, 239, 239, 211, 211, 1, 1, 1, 1, 1, 1, 1, 1]  tape=0.225km B=9.99T unif=7.917% hoop=108MPa
  [2312] OK     f=   0.225  a=22.2 b=27.2 gap=29.5 (face=3.0mm) n=[241, 241, 239, 239, 211, 211, 1, 1, 1, 1, 1, 1, 1, 1]  tape=0.225km B=10.00T unif=7.942% hoop=109MPa
  [2313] OK     f=   0.225  a=22.2 b=27.2 gap=29.5 (face=3.0mm) n=[241, 241, 239, 239, 211, 211, 1, 1, 1, 1, 1, 1, 1, 1]  tape=0.225km B=10.03T unif=7.686% hoop=109MPa
  [2314] OK     f=   0.225  a=22.2 b=27.2 gap=29.5 (face=3.0mm) n=[241, 241, 239, 239, 211, 211, 1, 1, 1, 1, 1, 1, 1, 1]  tape=0.225km B=10.00T unif=7.921% hoop=109MPa
  [2315] viol   f=   0.225  a=22.2 b=27.2 gap=29.5 (face=3.0mm) n=[241, 241, 239, 239, 211, 211, 1, 1, 1, 1, 1, 1, 1, 1]  tape=0.225km B=9.99T unif=7.915% hoop=109MPa
  [2316] viol   f=   0.225  a=22.2 b=27.2 gap=29.5 (face=3.0mm) n=[241, 241, 239, 239, 211, 211, 1, 1, 1, 1, 1, 1, 1, 1]  tape=0.225km B=9.99T unif=7.907% hoop=109MPa
  [2317] viol   f=   0.226  a=22.2 b=27.2 gap=29.5 (face=3.0mm) n=[241, 241, 239, 239, 211, 211, 1, 1, 1, 1, 1, 1, 1, 1]  tape=0.225km B=9.98T unif=7.993% hoop=108MPa
  [2318] viol   f=   0.226  a=22.2 b=27.2 gap=29.5 (face=3.0mm) n=[241, 241, 239, 239, 211, 211, 1, 1, 1, 1, 1, 1, 1, 1]  tape=0.225km B=9.98T unif=7.917% hoop=108MPa
  [2319] viol   f=   0.226  a=22.2 b=27.2 gap=29.5 (face=3.0mm) n=[241, 241, 239, 239, 211, 211, 1, 1, 1, 1, 1, 1, 1, 1]  tape=0.225km B=9.99T unif=7.933% hoop=108MPa
  [2320] viol   f=   0.226  a=22.2 b=27.2 gap=29.5 (face=3.0mm) n=[241, 241, 239, 239, 211, 211, 1, 1, 1, 1, 1, 1, 1, 1]  tape=0.225km B=9.99T unif=7.919% hoop=108MPa
  [a=22 b=27 nt=1390] KSP converged reason: 4, iterations: 1
  [a=22 b=27 nt=1390] KSP converged reason: 4, iterations: 1
  [a=22 b=27 nt=1390] KSP converged reason: 4, iterations: 1
  [a=22 b=27 nt=1390] KSP converged reason: 4, iterations: 1
  [a=22 b=27 nt=1390] KSP converged reason: 4, iterations: 1
  [a=22 b=27 nt=1390] KSP converged reason: 4, iterations: 1
  [a=22 b=27 nt=1390] KSP converged reason: 4, iterations: 1
  [a=22 b=27 nt=1390] KSP converged reason: 4, iterations: 1
  [a=22 b=27 nt=1390] KSP converged reason: 4, iterations: 1
  [a=22 b=27 nt=1390] KSP converged reason: 4, iterations: 1
  [2321] viol   f=   0.226  a=22.2 b=27.2 gap=29.5 (face=3.0mm) n=[241, 241, 239, 239, 211, 211, 1, 1, 1, 1, 1, 1, 1, 1]  tape=0.225km B=9.98T unif=8.449% hoop=109MPa
  [2322] viol   f=   0.226  a=22.2 b=27.2 gap=29.5 (face=3.0mm) n=[241, 241, 239, 239, 211, 211, 1, 1, 1, 1, 1, 1, 1, 1]  tape=0.225km B=9.98T unif=7.901% hoop=108MPa
  [2323] viol   f=   0.226  a=22.2 b=27.2 gap=29.5 (face=3.0mm) n=[241, 241, 239, 239, 211, 211, 1, 1, 1, 1, 1, 1, 1, 1]  tape=0.225km B=9.99T unif=7.912% hoop=108MPa
  [2324] viol   f=   0.227  a=22.2 b=27.2 gap=29.5 (face=3.0mm) n=[241, 241, 239, 239, 211, 211, 1, 1, 1, 1, 1, 1, 1, 1]  tape=0.225km B=9.97T unif=7.938% hoop=108MPa
  [2325] viol   f=   0.226  a=22.2 b=27.2 gap=29.5 (face=3.0mm) n=[241, 241, 239, 239, 211, 211, 1, 1, 1, 1, 1, 1, 1, 1]  tape=0.225km B=9.98T unif=7.964% hoop=108MPa
  [2326] viol   f=   0.225  a=22.2 b=27.2 gap=29.5 (face=3.0mm) n=[241, 241, 239, 239, 211, 211, 1, 1, 1, 1, 1, 1, 1, 1]  tape=0.225km B=10.00T unif=7.936% hoop=109MPa
  [2327] viol   f=   0.226  a=22.2 b=27.2 gap=29.5 (face=3.0mm) n=[241, 241, 239, 239, 211, 211, 1, 1, 1, 1, 1, 1, 1, 1]  tape=0.225km B=9.99T unif=7.905% hoop=108MPa
  [2328] OK     f=   0.225  a=22.2 b=27.2 gap=29.5 (face=3.0mm) n=[241, 241, 239, 239, 211, 211, 1, 1, 1, 1, 1, 1, 1, 1]  tape=0.225km B=10.01T unif=7.768% hoop=109MPa
  [2329] viol   f=   0.225  a=22.2 b=27.2 gap=29.5 (face=3.0mm) n=[241, 241, 239, 239, 211, 211, 1, 1, 1, 1, 1, 1, 1, 1]  tape=0.225km B=10.00T unif=7.919% hoop=109MPa
  [2330] viol   f=   0.226  a=22.2 b=27.2 gap=29.5 (face=3.0mm) n=[241, 241, 239, 239, 211, 211, 1, 1, 1, 1, 1, 1, 1, 1]  tape=0.225km B=9.98T unif=7.907% hoop=108MPa
  [a=22 b=27 nt=1390] KSP converged reason: 4, iterations: 1
  [a=22 b=27 nt=1390] KSP converged reason: 4, iterations: 1
  [a=22 b=27 nt=1390] KSP converged reason: 4, iterations: 1
  [a=22 b=27 nt=1390] KSP converged reason: 4, iterations: 1
  [a=22 b=27 nt=1390] KSP converged reason: 4, iterations: 1
  [a=22 b=27 nt=1390] KSP converged reason: 4, iterations: 1
  [a=22 b=27 nt=1390] KSP converged reason: 4, iterations: 1
  [a=22 b=27 nt=1390] KSP converged reason: 4, iterations: 1
  [a=22 b=27 nt=1390] KSP converged reason: 4, iterations: 1
  [a=22 b=27 nt=1390] KSP converged reason: 4, iterations: 1
  [2331] viol   f=   0.226  a=22.2 b=27.2 gap=29.5 (face=3.0mm) n=[241, 241, 239, 239, 211, 211, 1, 1, 1, 1, 1, 1, 1, 1]  tape=0.225km B=9.98T unif=7.962% hoop=108MPa
  [2332] viol   f=   0.226  a=22.2 b=27.2 gap=29.5 (face=3.0mm) n=[241, 241, 239, 239, 211, 211, 1, 1, 1, 1, 1, 1, 1, 1]  tape=0.225km B=9.98T unif=7.937% hoop=108MPa
  [2333] viol   f=   0.227  a=22.2 b=27.2 gap=29.5 (face=3.0mm) n=[241, 241, 239, 239, 211, 211, 1, 1, 1, 1, 1, 1, 1, 1]  tape=0.225km B=9.97T unif=8.439% hoop=108MPa
  [2334] viol   f=   0.226  a=22.2 b=27.2 gap=29.5 (face=3.0mm) n=[241, 241, 239, 239, 211, 211, 1, 1, 1, 1, 1, 1, 1, 1]  tape=0.225km B=9.98T unif=7.928% hoop=108MPa
  [2335] viol   f=   0.226  a=22.2 b=27.2 gap=29.5 (face=3.0mm) n=[241, 241, 239, 239, 211, 211, 1, 1, 1, 1, 1, 1, 1, 1]  tape=0.225km B=9.99T unif=7.928% hoop=108MPa
  [2336] viol   f=   0.226  a=22.2 b=27.2 gap=29.5 (face=3.0mm) n=[241, 241, 239, 239, 211, 211, 1, 1, 1, 1, 1, 1, 1, 1]  tape=0.225km B=9.99T unif=7.942% hoop=108MPa
  [2337] viol   f=   0.226  a=22.2 b=27.2 gap=29.5 (face=3.0mm) n=[241, 241, 239, 239, 211, 211, 1, 1, 1, 1, 1, 1, 1, 1]  tape=0.225km B=9.99T unif=7.915% hoop=108MPa
  [2338] viol   f=   0.226  a=22.2 b=27.2 gap=29.5 (face=3.0mm) n=[241, 241, 239, 239, 211, 211, 1, 1, 1, 1, 1, 1, 1, 1]  tape=0.225km B=9.99T unif=7.928% hoop=108MPa
  [2339] viol   f=   0.226  a=22.2 b=27.2 gap=29.5 (face=3.0mm) n=[241, 241, 239, 239, 211, 211, 1, 1, 1, 1, 1, 1, 1, 1]  tape=0.225km B=9.99T unif=7.930% hoop=108MPa
  [2340] viol   f=   0.226  a=22.2 b=27.2 gap=29.5 (face=3.0mm) n=[241, 241, 239, 239, 211, 211, 1, 1, 1, 1, 1, 1, 1, 1]  tape=0.225km B=9.98T unif=7.923% hoop=108MPa
  [a=22 b=27 nt=1390] KSP converged reason: 4, iterations: 1
  [a=22 b=27 nt=1390] KSP converged reason: 4, iterations: 1
  [a=22 b=27 nt=1390] KSP converged reason: 4, iterations: 1
  [a=22 b=27 nt=1390] KSP converged reason: 4, iterations: 1
  [a=22 b=27 nt=1390] KSP converged reason: 4, iterations: 1
  [a=22 b=27 nt=1390] KSP converged reason: 4, iterations: 1
  [a=22 b=27 nt=1390] KSP converged reason: 4, iterations: 1
  [a=22 b=27 nt=1390] KSP converged reason: 4, iterations: 1
  [a=22 b=27 nt=1390] KSP converged reason: 4, iterations: 1
  [a=22 b=27 nt=1390] KSP converged reason: 4, iterations: 1
  [2341] OK     f=   0.225  a=22.2 b=27.2 gap=29.5 (face=3.0mm) n=[241, 241, 239, 239, 211, 211, 1, 1, 1, 1, 1, 1, 1, 1]  tape=0.225km B=10.00T unif=7.902% hoop=108MPa
  [2342] viol   f=   0.225  a=22.2 b=27.2 gap=29.5 (face=3.0mm) n=[241, 241, 239, 239, 211, 211, 1, 1, 1, 1, 1, 1, 1, 1]  tape=0.225km B=10.00T unif=7.902% hoop=109MPa
  [2343] viol   f=   0.226  a=22.2 b=27.2 gap=29.5 (face=3.0mm) n=[241, 241, 239, 239, 211, 211, 1, 1, 1, 1, 1, 1, 1, 1]  tape=0.225km B=9.99T unif=7.931% hoop=108MPa
  [2344] viol   f=   0.226  a=22.2 b=27.2 gap=29.5 (face=3.0mm) n=[241, 241, 239, 239, 211, 211, 1, 1, 1, 1, 1, 1, 1, 1]  tape=0.225km B=9.98T unif=8.430% hoop=109MPa
  [2345] viol   f=   0.225  a=22.2 b=27.2 gap=29.5 (face=3.0mm) n=[241, 241, 239, 239, 211, 211, 1, 1, 1, 1, 1, 1, 1, 1]  tape=0.225km B=10.00T unif=7.919% hoop=109MPa
  [2346] viol   f=   0.225  a=22.2 b=27.2 gap=29.5 (face=3.0mm) n=[241, 241, 239, 239, 211, 211, 1, 1, 1, 1, 1, 1, 1, 1]  tape=0.225km B=9.99T unif=7.898% hoop=109MPa
  [2347] viol   f=   0.226  a=22.2 b=27.2 gap=29.5 (face=3.0mm) n=[241, 241, 239, 239, 211, 211, 1, 1, 1, 1, 1, 1, 1, 1]  tape=0.225km B=9.98T unif=7.908% hoop=109MPa
  [2348] viol   f=   0.225  a=22.2 b=27.2 gap=29.5 (face=3.0mm) n=[241, 241, 239, 239, 211, 211, 1, 1, 1, 1, 1, 1, 1, 1]  tape=0.225km B=10.00T unif=7.940% hoop=109MPa
  [2349] viol   f=   0.227  a=22.2 b=27.2 gap=29.5 (face=3.0mm) n=[241, 241, 239, 239, 211, 211, 1, 1, 1, 1, 1, 1, 1, 1]  tape=0.225km B=9.97T unif=8.414% hoop=108MPa
  [2350] viol   f=   0.226  a=22.2 b=27.2 gap=29.5 (face=3.0mm) n=[241, 241, 239, 239, 211, 211, 1, 1, 1, 1, 1, 1, 1, 1]  tape=0.225km B=9.98T unif=7.933% hoop=108MPa
  [a=22 b=27 nt=1390] KSP converged reason: 4, iterations: 1
  [a=22 b=27 nt=1390] KSP converged reason: 4, iterations: 1
  [a=22 b=27 nt=1390] KSP converged reason: 4, iterations: 1
  [a=22 b=27 nt=1390] KSP converged reason: 4, iterations: 1
  [a=22 b=27 nt=1390] KSP converged reason: 4, iterations: 1
  [a=22 b=27 nt=1390] KSP converged reason: 4, iterations: 1
  [a=22 b=27 nt=1390] KSP converged reason: 4, iterations: 1
  [a=22 b=27 nt=1390] KSP converged reason: 4, iterations: 1
  [a=22 b=27 nt=1390] KSP converged reason: 4, iterations: 1
  [a=22 b=27 nt=1390] KSP converged reason: 4, iterations: 1
  [2351] viol   f=   0.226  a=22.2 b=27.2 gap=29.5 (face=3.0mm) n=[241, 241, 239, 239, 211, 211, 1, 1, 1, 1, 1, 1, 1, 1]  tape=0.225km B=9.99T unif=8.055% hoop=109MPa
  [2352] viol   f=   0.225  a=22.2 b=27.2 gap=29.5 (face=3.0mm) n=[241, 241, 239, 239, 211, 211, 1, 1, 1, 1, 1, 1, 1, 1]  tape=0.225km B=10.00T unif=7.922% hoop=109MPa
  [2353] viol   f=  86.530  a=22.2 b=27.2 gap=29.5 (face=3.0mm) n=[241, 241, 239, 239, 211, 211, 1, 1, 1, 1, 1, 1, 1, 1]  tape=0.225km B=3.43T unif=30.070% hoop=400MPa
  [2354] OK     f=   0.225  a=22.2 b=27.2 gap=29.5 (face=3.0mm) n=[241, 241, 239, 239, 211, 211, 1, 1, 1, 1, 1, 1, 1, 1]  tape=0.225km B=10.00T unif=7.930% hoop=109MPa
  [2355] viol   f=   0.226  a=22.2 b=27.2 gap=29.5 (face=3.0mm) n=[241, 241, 239, 239, 211, 211, 1, 1, 1, 1, 1, 1, 1, 1]  tape=0.225km B=9.98T unif=7.933% hoop=108MPa
  [2356] viol   f=   0.225  a=22.2 b=27.2 gap=29.5 (face=3.0mm) n=[241, 241, 239, 239, 211, 211, 1, 1, 1, 1, 1, 1, 1, 1]  tape=0.225km B=10.00T unif=7.949% hoop=109MPa
  [2357] viol   f=   0.226  a=22.2 b=27.2 gap=29.5 (face=3.0mm) n=[241, 241, 239, 239, 211, 211, 1, 1, 1, 1, 1, 1, 1, 1]  tape=0.225km B=9.99T unif=7.894% hoop=108MPa
  [2358] viol   f=   0.225  a=22.2 b=27.2 gap=29.5 (face=3.0mm) n=[241, 241, 239, 239, 211, 211, 1, 1, 1, 1, 1, 1, 1, 1]  tape=0.225km B=9.99T unif=7.932% hoop=108MPa
  [2359] viol   f=   0.226  a=22.2 b=27.2 gap=29.5 (face=3.0mm) n=[241, 241, 239, 239, 211, 211, 1, 1, 1, 1, 1, 1, 1, 1]  tape=0.225km B=9.99T unif=7.918% hoop=108MPa
  [2360] viol   f=   0.225  a=22.2 b=27.2 gap=29.5 (face=3.0mm) n=[241, 241, 239, 239, 211, 211, 1, 1, 1, 1, 1, 1, 1, 1]  tape=0.225km B=10.00T unif=7.918% hoop=109MPa
  [a=22 b=27 nt=1390] KSP converged reason: 4, iterations: 1
  [a=22 b=27 nt=1390] KSP converged reason: 4, iterations: 1
  [a=22 b=27 nt=1390] KSP converged reason: 4, iterations: 1
  [a=22 b=27 nt=1390] KSP converged reason: 4, iterations: 1
  [a=22 b=27 nt=1390] KSP converged reason: 4, iterations: 1
  [a=22 b=27 nt=1390] KSP converged reason: 4, iterations: 1
  [a=22 b=27 nt=1390] KSP converged reason: 4, iterations: 1
  [a=22 b=27 nt=1390] KSP converged reason: 4, iterations: 1
  [a=22 b=27 nt=1390] KSP converged reason: 4, iterations: 1
  [a=22 b=27 nt=1390] KSP converged reason: 4, iterations: 1
  [2361] OK     f=   0.225  a=22.2 b=27.2 gap=29.5 (face=3.0mm) n=[241, 241, 239, 239, 211, 211, 1, 1, 1, 1, 1, 1, 1, 1]  tape=0.225km B=10.00T unif=7.899% hoop=109MPa
  [2362] viol   f=   0.226  a=22.2 b=27.2 gap=29.5 (face=3.0mm) n=[241, 241, 239, 239, 211, 211, 1, 1, 1, 1, 1, 1, 1, 1]  tape=0.225km B=9.99T unif=7.924% hoop=108MPa
  [2363] viol   f=   0.226  a=22.2 b=27.2 gap=29.5 (face=3.0mm) n=[241, 241, 239, 239, 211, 211, 1, 1, 1, 1, 1, 1, 1, 1]  tape=0.225km B=9.99T unif=7.920% hoop=108MPa
  [2364] viol   f=   0.228  a=22.2 b=27.2 gap=29.5 (face=3.0mm) n=[241, 241, 239, 239, 211, 211, 1, 1, 1, 1, 1, 1, 1, 1]  tape=0.225km B=9.96T unif=8.463% hoop=108MPa
  [2365] viol   f=   0.225  a=22.2 b=27.2 gap=29.5 (face=3.0mm) n=[241, 241, 239, 239, 211, 211, 1, 1, 1, 1, 1, 1, 1, 1]  tape=0.225km B=9.99T unif=7.919% hoop=108MPa
  [2366] OK     f=   0.225  a=22.2 b=27.2 gap=29.5 (face=3.0mm) n=[241, 241, 239, 239, 211, 211, 1, 1, 1, 1, 1, 1, 1, 1]  tape=0.225km B=10.00T unif=7.934% hoop=109MPa
  [2367] viol   f=   0.225  a=22.2 b=27.2 gap=29.5 (face=3.0mm) n=[241, 241, 239, 239, 211, 211, 1, 1, 1, 1, 1, 1, 1, 1]  tape=0.225km B=10.00T unif=7.928% hoop=109MPa
  [2368] viol   f=   0.226  a=22.2 b=27.2 gap=29.5 (face=3.0mm) n=[241, 241, 239, 239, 211, 211, 1, 1, 1, 1, 1, 1, 1, 1]  tape=0.225km B=9.99T unif=8.440% hoop=109MPa
  [2369] viol   f=   0.227  a=22.2 b=27.2 gap=29.5 (face=3.0mm) n=[241, 241, 239, 239, 211, 211, 1, 1, 1, 1, 1, 1, 1, 1]  tape=0.225km B=9.97T unif=8.442% hoop=108MPa
  [2370] OK     f=   0.225  a=22.2 b=27.2 gap=29.5 (face=3.0mm) n=[241, 241, 239, 239, 211, 211, 1, 1, 1, 1, 1, 1, 1, 1]  tape=0.225km B=10.00T unif=7.945% hoop=109MPa
  [a=22 b=27 nt=1390] KSP converged reason: 4, iterations: 1
  [a=22 b=27 nt=1390] KSP converged reason: 4, iterations: 1
  [a=22 b=27 nt=1390] KSP converged reason: 4, iterations: 1
  [a=22 b=27 nt=1390] KSP converged reason: 4, iterations: 1
  [a=22 b=27 nt=1390] KSP converged reason: 4, iterations: 1
  [a=22 b=27 nt=1390] KSP converged reason: 4, iterations: 1
  [a=22 b=27 nt=1390] KSP converged reason: 4, iterations: 1
  [a=22 b=27 nt=1390] KSP converged reason: 4, iterations: 1
  [a=22 b=27 nt=1390] KSP converged reason: 4, iterations: 1
  [a=22 b=27 nt=1390] KSP converged reason: 4, iterations: 1
  [2371] viol   f=   0.226  a=22.2 b=27.2 gap=29.5 (face=3.0mm) n=[241, 241, 239, 239, 211, 211, 1, 1, 1, 1, 1, 1, 1, 1]  tape=0.225km B=9.99T unif=7.949% hoop=108MPa
  [2372] viol   f=   0.226  a=22.2 b=27.2 gap=29.5 (face=3.0mm) n=[241, 241, 239, 239, 211, 211, 1, 1, 1, 1, 1, 1, 1, 1]  tape=0.225km B=9.98T unif=7.944% hoop=108MPa
  [2373] viol   f=   0.226  a=22.2 b=27.2 gap=29.5 (face=3.0mm) n=[241, 241, 239, 239, 211, 211, 1, 1, 1, 1, 1, 1, 1, 1]  tape=0.225km B=9.98T unif=7.908% hoop=108MPa
  [2374] viol   f=   0.228  a=22.2 b=27.2 gap=29.5 (face=3.0mm) n=[241, 241, 239, 239, 211, 211, 1, 1, 1, 1, 1, 1, 1, 1]  tape=0.225km B=9.97T unif=7.702% hoop=110MPa
  [2375] viol   f=   0.226  a=22.2 b=27.2 gap=29.5 (face=3.0mm) n=[241, 241, 239, 239, 211, 211, 1, 1, 1, 1, 1, 1, 1, 1]  tape=0.225km B=9.99T unif=7.917% hoop=108MPa
  [2376] OK     f=   0.225  a=22.2 b=27.2 gap=29.5 (face=3.0mm) n=[241, 241, 239, 239, 211, 211, 1, 1, 1, 1, 1, 1, 1, 1]  tape=0.225km B=10.00T unif=7.921% hoop=109MPa
  [2377] OK     f=   0.225  a=22.2 b=27.2 gap=29.5 (face=3.0mm) n=[241, 241, 239, 239, 211, 211, 1, 1, 1, 1, 1, 1, 1, 1]  tape=0.225km B=10.00T unif=8.115% hoop=108MPa
  [2378] viol   f=   0.225  a=22.2 b=27.2 gap=29.5 (face=3.0mm) n=[241, 241, 239, 239, 211, 211, 1, 1, 1, 1, 1, 1, 1, 1]  tape=0.225km B=9.99T unif=7.907% hoop=109MPa
  [2379] viol   f=   0.226  a=22.2 b=27.2 gap=29.5 (face=3.0mm) n=[241, 241, 239, 239, 211, 211, 1, 1, 1, 1, 1, 1, 1, 1]  tape=0.225km B=9.99T unif=7.917% hoop=108MPa
  [2380] viol   f=   0.226  a=22.2 b=27.2 gap=29.5 (face=3.0mm) n=[241, 241, 239, 239, 211, 211, 1, 1, 1, 1, 1, 1, 1, 1]  tape=0.225km B=9.99T unif=7.872% hoop=108MPa
  [a=22 b=27 nt=1390] KSP converged reason: 4, iterations: 1
  [a=22 b=27 nt=1390] KSP converged reason: 4, iterations: 1
  [a=22 b=27 nt=1390] KSP converged reason: 4, iterations: 1
  [a=22 b=27 nt=1390] KSP converged reason: 4, iterations: 1
  [a=22 b=27 nt=1390] KSP converged reason: 4, iterations: 1
  [a=22 b=27 nt=1390] KSP converged reason: 4, iterations: 1
  [a=22 b=27 nt=1390] KSP converged reason: 4, iterations: 1
  [a=22 b=27 nt=1390] KSP converged reason: 4, iterations: 1
  [a=22 b=27 nt=1390] KSP converged reason: 4, iterations: 1
  [a=22 b=27 nt=1390] KSP converged reason: 4, iterations: 1
  [2381] OK     f=   0.225  a=22.2 b=27.2 gap=29.5 (face=3.0mm) n=[241, 241, 239, 239, 211, 211, 1, 1, 1, 1, 1, 1, 1, 1]  tape=0.225km B=10.01T unif=7.931% hoop=109MPa
  [2382] viol   f=   0.226  a=22.2 b=27.2 gap=29.5 (face=3.0mm) n=[241, 241, 239, 239, 211, 211, 1, 1, 1, 1, 1, 1, 1, 1]  tape=0.225km B=9.98T unif=8.472% hoop=109MPa
  [2383] viol   f=   0.226  a=22.2 b=27.2 gap=29.5 (face=3.0mm) n=[241, 241, 239, 239, 211, 211, 1, 1, 1, 1, 1, 1, 1, 1]  tape=0.225km B=9.99T unif=7.927% hoop=108MPa
  [2384] viol   f=   0.227  a=22.2 b=27.2 gap=29.5 (face=3.0mm) n=[241, 241, 239, 239, 211, 211, 1, 1, 1, 1, 1, 1, 1, 1]  tape=0.225km B=9.98T unif=8.490% hoop=108MPa
  [2385] viol   f=   0.225  a=22.2 b=27.2 gap=29.5 (face=3.0mm) n=[241, 241, 239, 239, 211, 211, 1, 1, 1, 1, 1, 1, 1, 1]  tape=0.225km B=10.00T unif=7.907% hoop=108MPa
  [2386] OK     f=   0.225  a=22.2 b=27.2 gap=29.5 (face=3.0mm) n=[241, 241, 239, 239, 211, 211, 1, 1, 1, 1, 1, 1, 1, 1]  tape=0.225km B=10.01T unif=7.940% hoop=109MPa
  [2387] OK     f=   0.225  a=22.2 b=27.2 gap=29.5 (face=3.0mm) n=[241, 241, 239, 239, 211, 211, 1, 1, 1, 1, 1, 1, 1, 1]  tape=0.225km B=10.00T unif=7.932% hoop=109MPa
  [2388] viol   f=   0.225  a=22.2 b=27.2 gap=29.5 (face=3.0mm) n=[241, 241, 239, 239, 211, 211, 1, 1, 1, 1, 1, 1, 1, 1]  tape=0.225km B=10.00T unif=8.030% hoop=109MPa
  [2389] viol   f=   0.226  a=22.2 b=27.2 gap=29.5 (face=3.0mm) n=[241, 241, 239, 239, 211, 211, 1, 1, 1, 1, 1, 1, 1, 1]  tape=0.225km B=9.99T unif=7.926% hoop=108MPa
  [2390] OK     f=   0.225  a=22.2 b=27.2 gap=29.5 (face=3.0mm) n=[241, 241, 239, 239, 211, 211, 1, 1, 1, 1, 1, 1, 1, 1]  tape=0.225km B=10.00T unif=7.856% hoop=109MPa
  [a=22 b=27 nt=1390] KSP converged reason: 4, iterations: 1
  [a=22 b=27 nt=1390] KSP converged reason: 4, iterations: 1
  [a=22 b=27 nt=1390] KSP converged reason: 4, iterations: 1
  [a=22 b=27 nt=1390] KSP converged reason: 4, iterations: 1
  [a=22 b=27 nt=1390] KSP converged reason: 4, iterations: 1
  [a=22 b=27 nt=1390] KSP converged reason: 4, iterations: 1
  [a=22 b=27 nt=1390] KSP converged reason: 4, iterations: 1
  [a=22 b=27 nt=1390] KSP converged reason: 4, iterations: 1
  [a=22 b=27 nt=1390] KSP converged reason: 4, iterations: 1
  [a=22 b=27 nt=1390] KSP converged reason: 4, iterations: 1
  [2391] viol   f=   0.226  a=22.2 b=27.2 gap=29.5 (face=3.0mm) n=[241, 241, 239, 239, 211, 211, 1, 1, 1, 1, 1, 1, 1, 1]  tape=0.225km B=9.98T unif=7.993% hoop=108MPa
  [2392] viol   f=   0.227  a=22.2 b=27.2 gap=29.5 (face=3.0mm) n=[241, 241, 239, 239, 211, 211, 1, 1, 1, 1, 1, 1, 1, 1]  tape=0.225km B=9.97T unif=7.957% hoop=108MPa
  [2393] OK     f=   0.225  a=22.2 b=27.2 gap=29.5 (face=3.0mm) n=[241, 241, 239, 239, 211, 211, 1, 1, 1, 1, 1, 1, 1, 1]  tape=0.225km B=10.01T unif=7.993% hoop=109MPa
  [2394] viol   f=   0.226  a=22.2 b=27.2 gap=29.5 (face=3.0mm) n=[241, 241, 239, 239, 211, 211, 1, 1, 1, 1, 1, 1, 1, 1]  tape=0.225km B=9.99T unif=7.922% hoop=108MPa
  [2395] viol   f=   0.226  a=22.2 b=27.2 gap=29.5 (face=3.0mm) n=[241, 241, 239, 239, 211, 211, 1, 1, 1, 1, 1, 1, 1, 1]  tape=0.225km B=9.98T unif=8.423% hoop=109MPa
  [2396] viol   f=   0.225  a=22.2 b=27.2 gap=29.5 (face=3.0mm) n=[241, 241, 239, 239, 211, 211, 1, 1, 1, 1, 1, 1, 1, 1]  tape=0.225km B=10.00T unif=8.091% hoop=108MPa
  [2397] viol   f=   0.225  a=22.2 b=27.2 gap=29.5 (face=3.0mm) n=[241, 241, 239, 239, 211, 211, 1, 1, 1, 1, 1, 1, 1, 1]  tape=0.225km B=9.99T unif=7.916% hoop=109MPa
  [2398] viol   f=   0.226  a=22.2 b=27.2 gap=29.5 (face=3.0mm) n=[241, 241, 239, 239, 211, 211, 1, 1, 1, 1, 1, 1, 1, 1]  tape=0.225km B=9.99T unif=8.422% hoop=109MPa
  [2399] viol   f=   0.226  a=22.2 b=27.2 gap=29.5 (face=3.0mm) n=[241, 241, 239, 239, 211, 211, 1, 1, 1, 1, 1, 1, 1, 1]  tape=0.225km B=9.99T unif=7.919% hoop=108MPa
  [2400] viol   f=   0.226  a=22.2 b=27.2 gap=29.5 (face=3.0mm) n=[241, 241, 239, 239, 211, 211, 1, 1, 1, 1, 1, 1, 1, 1]  tape=0.225km B=9.99T unif=7.928% hoop=108MPa
  [a=22 b=27 nt=1390] KSP converged reason: 4, iterations: 1
  [a=22 b=27 nt=1390] KSP converged reason: 4, iterations: 1
  [a=22 b=27 nt=1390] KSP converged reason: 4, iterations: 1
  [a=22 b=27 nt=1390] KSP converged reason: 4, iterations: 1
  [a=22 b=27 nt=1390] KSP converged reason: 4, iterations: 1
  [a=22 b=27 nt=1390] KSP converged reason: 4, iterations: 1
  [a=22 b=27 nt=1390] KSP converged reason: 4, iterations: 1
  [a=22 b=27 nt=1390] KSP converged reason: 4, iterations: 1
  [a=22 b=27 nt=1390] KSP converged reason: 4, iterations: 1
  [a=22 b=27 nt=1390] KSP converged reason: 4, iterations: 1
  [2401] viol   f=   0.226  a=22.2 b=27.2 gap=29.5 (face=3.0mm) n=[241, 241, 239, 239, 211, 211, 1, 1, 1, 1, 1, 1, 1, 1]  tape=0.225km B=9.99T unif=7.910% hoop=108MPa
  [2402] viol   f=   0.225  a=22.2 b=27.2 gap=29.5 (face=3.0mm) n=[241, 241, 239, 239, 211, 211, 1, 1, 1, 1, 1, 1, 1, 1]  tape=0.225km B=10.00T unif=7.912% hoop=108MPa
  [2403] viol   f=   0.227  a=22.2 b=27.2 gap=29.5 (face=3.0mm) n=[241, 241, 239, 239, 211, 211, 1, 1, 1, 1, 1, 1, 1, 1]  tape=0.225km B=9.97T unif=8.458% hoop=108MPa
  [2404] OK     f=   0.225  a=22.2 b=27.2 gap=29.5 (face=3.0mm) n=[241, 241, 239, 239, 211, 211, 1, 1, 1, 1, 1, 1, 1, 1]  tape=0.225km B=10.00T unif=7.942% hoop=109MPa
  [2405] viol   f=   0.226  a=22.2 b=27.2 gap=29.5 (face=3.0mm) n=[241, 241, 239, 239, 211, 211, 1, 1, 1, 1, 1, 1, 1, 1]  tape=0.225km B=9.99T unif=7.919% hoop=108MPa
  [2406] viol   f=   0.226  a=22.2 b=27.2 gap=29.5 (face=3.0mm) n=[241, 241, 239, 239, 211, 211, 1, 1, 1, 1, 1, 1, 1, 1]  tape=0.225km B=9.98T unif=7.916% hoop=108MPa
  [2407] viol   f=   0.226  a=22.2 b=27.2 gap=29.5 (face=3.0mm) n=[241, 241, 239, 239, 211, 211, 1, 1, 1, 1, 1, 1, 1, 1]  tape=0.225km B=9.98T unif=7.945% hoop=108MPa
  [2408] viol   f=   0.226  a=22.2 b=27.2 gap=29.5 (face=3.0mm) n=[241, 241, 239, 239, 211, 211, 1, 1, 1, 1, 1, 1, 1, 1]  tape=0.225km B=9.98T unif=7.932% hoop=108MPa
  [2409] viol   f=   0.226  a=22.2 b=27.2 gap=29.5 (face=3.0mm) n=[241, 241, 239, 239, 211, 211, 1, 1, 1, 1, 1, 1, 1, 1]  tape=0.225km B=9.99T unif=7.926% hoop=108MPa
  [2410] viol   f=   0.225  a=22.2 b=27.2 gap=29.5 (face=3.0mm) n=[241, 241, 239, 239, 211, 211, 1, 1, 1, 1, 1, 1, 1, 1]  tape=0.225km B=10.00T unif=7.973% hoop=109MPa
  [a=22 b=27 nt=1390] KSP converged reason: 4, iterations: 1
  [a=22 b=27 nt=1390] KSP converged reason: 4, iterations: 1
  [a=22 b=27 nt=1390] KSP converged reason: 4, iterations: 1
  [a=22 b=27 nt=1390] KSP converged reason: 4, iterations: 1
  [a=22 b=27 nt=1390] KSP converged reason: 4, iterations: 1
  [a=22 b=27 nt=1390] KSP converged reason: 4, iterations: 1
  [a=22 b=27 nt=1390] KSP converged reason: 4, iterations: 1
  [a=22 b=27 nt=1390] KSP converged reason: 4, iterations: 1
  [a=22 b=27 nt=1390] KSP converged reason: 4, iterations: 1
  [a=22 b=27 nt=1390] KSP converged reason: 4, iterations: 1
  [2411] viol   f=   0.226  a=22.2 b=27.2 gap=29.5 (face=3.0mm) n=[241, 241, 239, 239, 211, 211, 1, 1, 1, 1, 1, 1, 1, 1]  tape=0.225km B=9.98T unif=8.438% hoop=109MPa
  [2412] OK     f=   0.225  a=22.2 b=27.2 gap=29.5 (face=3.0mm) n=[241, 241, 239, 239, 211, 211, 1, 1, 1, 1, 1, 1, 1, 1]  tape=0.225km B=10.00T unif=7.921% hoop=109MPa
  [2413] OK     f=   0.225  a=22.2 b=27.2 gap=29.5 (face=3.0mm) n=[241, 241, 239, 239, 211, 211, 1, 1, 1, 1, 1, 1, 1, 1]  tape=0.225km B=10.01T unif=7.939% hoop=109MPa
  [2414] viol   f=   0.226  a=22.2 b=27.2 gap=29.5 (face=3.0mm) n=[241, 241, 239, 239, 211, 211, 1, 1, 1, 1, 1, 1, 1, 1]  tape=0.225km B=9.99T unif=7.924% hoop=108MPa
  [2415] viol   f=   0.227  a=22.2 b=27.2 gap=29.5 (face=3.0mm) n=[241, 241, 239, 239, 211, 211, 1, 1, 1, 1, 1, 1, 1, 1]  tape=0.225km B=9.97T unif=8.430% hoop=108MPa
  [2416] viol   f=   0.225  a=22.2 b=27.2 gap=29.5 (face=3.0mm) n=[241, 241, 239, 239, 211, 211, 1, 1, 1, 1, 1, 1, 1, 1]  tape=0.225km B=10.00T unif=7.919% hoop=109MPa
  [2417] OK     f=   0.225  a=22.2 b=27.2 gap=29.5 (face=3.0mm) n=[241, 241, 239, 239, 211, 211, 1, 1, 1, 1, 1, 1, 1, 1]  tape=0.225km B=10.01T unif=8.060% hoop=112MPa
  [2418] viol   f=   0.226  a=22.2 b=27.2 gap=29.5 (face=3.0mm) n=[241, 241, 239, 239, 211, 211, 1, 1, 1, 1, 1, 1, 1, 1]  tape=0.225km B=9.99T unif=7.944% hoop=108MPa
  [2419] viol   f=   0.225  a=22.2 b=27.2 gap=29.5 (face=3.0mm) n=[241, 241, 239, 239, 211, 211, 1, 1, 1, 1, 1, 1, 1, 1]  tape=0.225km B=10.00T unif=7.806% hoop=109MPa
  [2420] viol   f=   0.225  a=22.2 b=27.2 gap=29.5 (face=3.0mm) n=[241, 241, 239, 239, 211, 211, 1, 1, 1, 1, 1, 1, 1, 1]  tape=0.225km B=10.00T unif=7.920% hoop=109MPa
  [a=22 b=27 nt=1390] KSP converged reason: 4, iterations: 1
  [a=22 b=27 nt=1390] KSP converged reason: 4, iterations: 1
  [a=22 b=27 nt=1390] KSP converged reason: 4, iterations: 1
  [a=22 b=27 nt=1390] KSP converged reason: 4, iterations: 1
  [a=22 b=27 nt=1390] KSP converged reason: 4, iterations: 1
  [a=22 b=27 nt=1390] KSP converged reason: 4, iterations: 1
  [a=22 b=27 nt=1390] KSP converged reason: 4, iterations: 1
  [a=22 b=27 nt=1390] KSP converged reason: 4, iterations: 1
  [a=22 b=27 nt=1390] KSP converged reason: 4, iterations: 1
  [a=22 b=27 nt=1390] KSP converged reason: 4, iterations: 1
  [2421] viol   f=   0.227  a=22.2 b=27.2 gap=29.5 (face=3.0mm) n=[241, 241, 239, 239, 211, 211, 1, 1, 1, 1, 1, 1, 1, 1]  tape=0.225km B=9.97T unif=8.441% hoop=108MPa
  [2422] viol   f=   0.226  a=22.2 b=27.2 gap=29.5 (face=3.0mm) n=[241, 241, 239, 239, 211, 211, 1, 1, 1, 1, 1, 1, 1, 1]  tape=0.225km B=9.99T unif=7.907% hoop=108MPa
  [2423] viol   f=   0.226  a=22.2 b=27.2 gap=29.5 (face=3.0mm) n=[241, 241, 239, 239, 211, 211, 1, 1, 1, 1, 1, 1, 1, 1]  tape=0.225km B=9.98T unif=8.584% hoop=109MPa
  [2424] viol   f=   0.225  a=22.2 b=27.2 gap=29.5 (face=3.0mm) n=[241, 241, 239, 239, 211, 211, 1, 1, 1, 1, 1, 1, 1, 1]  tape=0.225km B=10.00T unif=7.964% hoop=108MPa
  [2425] OK     f=   0.225  a=22.2 b=27.2 gap=29.5 (face=3.0mm) n=[241, 241, 239, 239, 211, 211, 1, 1, 1, 1, 1, 1, 1, 1]  tape=0.225km B=10.01T unif=7.937% hoop=109MPa
  [2426] viol   f=   0.226  a=22.2 b=27.2 gap=29.5 (face=3.0mm) n=[241, 241, 239, 239, 211, 211, 1, 1, 1, 1, 1, 1, 1, 1]  tape=0.225km B=9.98T unif=7.931% hoop=108MPa
  [2427] viol   f=   0.226  a=22.2 b=27.2 gap=29.5 (face=3.0mm) n=[241, 241, 239, 239, 211, 211, 1, 1, 1, 1, 1, 1, 1, 1]  tape=0.225km B=9.98T unif=7.950% hoop=108MPa
  [2428] viol   f=   0.226  a=22.2 b=27.2 gap=29.5 (face=3.0mm) n=[241, 241, 239, 239, 211, 211, 1, 1, 1, 1, 1, 1, 1, 1]  tape=0.225km B=9.98T unif=7.939% hoop=108MPa
  [2429] viol   f=   0.226  a=22.2 b=27.2 gap=29.5 (face=3.0mm) n=[241, 241, 239, 239, 211, 211, 1, 1, 1, 1, 1, 1, 1, 1]  tape=0.225km B=9.98T unif=7.920% hoop=108MPa
  [2430] viol   f=   0.226  a=22.2 b=27.2 gap=29.5 (face=3.0mm) n=[241, 241, 239, 239, 211, 211, 1, 1, 1, 1, 1, 1, 1, 1]  tape=0.225km B=9.99T unif=7.919% hoop=108MPa
  [a=22 b=27 nt=1390] KSP converged reason: 4, iterations: 1
  [a=22 b=27 nt=1390] KSP converged reason: 4, iterations: 1
  [a=22 b=27 nt=1390] KSP converged reason: 4, iterations: 1
  [a=22 b=27 nt=1390] KSP converged reason: 4, iterations: 1
  [a=22 b=27 nt=1390] KSP converged reason: 4, iterations: 1
  [a=22 b=27 nt=1390] KSP converged reason: 4, iterations: 1
  [a=22 b=27 nt=1390] KSP converged reason: 4, iterations: 1
  [a=22 b=27 nt=1390] KSP converged reason: 4, iterations: 1
  [a=22 b=27 nt=1390] KSP converged reason: 4, iterations: 1
  [a=22 b=27 nt=1390] KSP converged reason: 4, iterations: 1
  [2431] viol   f=   0.225  a=22.2 b=27.2 gap=29.5 (face=3.0mm) n=[241, 241, 239, 239, 211, 211, 1, 1, 1, 1, 1, 1, 1, 1]  tape=0.225km B=9.99T unif=7.909% hoop=108MPa
  [2432] viol   f=   0.226  a=22.2 b=27.2 gap=29.5 (face=3.0mm) n=[241, 241, 239, 239, 211, 211, 1, 1, 1, 1, 1, 1, 1, 1]  tape=0.225km B=9.99T unif=7.961% hoop=108MPa
  [2433] OK     f=   0.225  a=22.2 b=27.2 gap=29.5 (face=3.0mm) n=[241, 241, 239, 239, 211, 211, 1, 1, 1, 1, 1, 1, 1, 1]  tape=0.225km B=10.01T unif=7.854% hoop=109MPa
  [2434] viol   f=   0.226  a=22.2 b=27.2 gap=29.5 (face=3.0mm) n=[241, 241, 239, 239, 211, 211, 1, 1, 1, 1, 1, 1, 1, 1]  tape=0.225km B=9.98T unif=7.927% hoop=108MPa
  [2435] viol   f=   0.226  a=22.2 b=27.2 gap=29.5 (face=3.0mm) n=[241, 241, 239, 239, 211, 211, 1, 1, 1, 1, 1, 1, 1, 1]  tape=0.225km B=9.98T unif=8.428% hoop=109MPa
  [2436] viol   f=   0.225  a=22.2 b=27.2 gap=29.5 (face=3.0mm) n=[241, 241, 239, 239, 211, 211, 1, 1, 1, 1, 1, 1, 1, 1]  tape=0.225km B=10.00T unif=7.923% hoop=109MPa
  [2437] viol   f=   0.227  a=22.2 b=27.2 gap=29.5 (face=3.0mm) n=[241, 241, 239, 239, 211, 211, 1, 1, 1, 1, 1, 1, 1, 1]  tape=0.225km B=9.97T unif=8.467% hoop=108MPa
  [2438] viol   f=   0.226  a=22.2 b=27.2 gap=29.5 (face=3.0mm) n=[241, 241, 239, 239, 211, 211, 1, 1, 1, 1, 1, 1, 1, 1]  tape=0.225km B=9.98T unif=7.900% hoop=109MPa
  [2439] OK     f=   0.225  a=22.2 b=27.2 gap=29.5 (face=3.0mm) n=[241, 241, 239, 239, 211, 211, 1, 1, 1, 1, 1, 1, 1, 1]  tape=0.225km B=10.00T unif=7.947% hoop=109MPa
  [2440] viol   f=   0.225  a=22.2 b=27.2 gap=29.5 (face=3.0mm) n=[241, 241, 239, 239, 211, 211, 1, 1, 1, 1, 1, 1, 1, 1]  tape=0.225km B=9.99T unif=7.937% hoop=108MPa
  [a=22 b=27 nt=1390] KSP converged reason: 4, iterations: 1
  [a=22 b=27 nt=1390] KSP converged reason: 4, iterations: 1
  [a=22 b=27 nt=1390] KSP converged reason: 4, iterations: 1
  [a=22 b=27 nt=1390] KSP converged reason: 4, iterations: 1
  [a=22 b=27 nt=1390] KSP converged reason: 4, iterations: 1
  [a=22 b=27 nt=1390] KSP converged reason: 4, iterations: 1
  [a=22 b=27 nt=1390] KSP converged reason: 4, iterations: 1
  [a=22 b=27 nt=1390] KSP converged reason: 4, iterations: 1
  [a=22 b=27 nt=1390] KSP converged reason: 4, iterations: 1
  [a=22 b=27 nt=1390] KSP converged reason: 4, iterations: 1
  [2441] viol   f=   0.225  a=22.2 b=27.2 gap=29.5 (face=3.0mm) n=[241, 241, 239, 239, 211, 211, 1, 1, 1, 1, 1, 1, 1, 1]  tape=0.225km B=10.00T unif=7.913% hoop=108MPa
  [2442] viol   f=   0.226  a=22.2 b=27.2 gap=29.5 (face=3.0mm) n=[241, 241, 239, 239, 211, 211, 1, 1, 1, 1, 1, 1, 1, 1]  tape=0.225km B=9.99T unif=7.928% hoop=108MPa
  [2443] viol   f=   0.225  a=22.2 b=27.2 gap=29.5 (face=3.0mm) n=[241, 241, 239, 239, 211, 211, 1, 1, 1, 1, 1, 1, 1, 1]  tape=0.225km B=10.00T unif=7.922% hoop=109MPa
  [2444] viol   f=   0.226  a=22.2 b=27.2 gap=29.5 (face=3.0mm) n=[241, 241, 239, 239, 211, 211, 1, 1, 1, 1, 1, 1, 1, 1]  tape=0.225km B=9.98T unif=7.915% hoop=108MPa
  [2445] viol   f=   0.225  a=22.2 b=27.2 gap=29.5 (face=3.0mm) n=[241, 241, 239, 239, 211, 211, 1, 1, 1, 1, 1, 1, 1, 1]  tape=0.225km B=10.00T unif=7.917% hoop=108MPa
  [2446] viol   f=   0.226  a=22.2 b=27.2 gap=29.5 (face=3.0mm) n=[241, 241, 239, 239, 211, 211, 1, 1, 1, 1, 1, 1, 1, 1]  tape=0.225km B=9.98T unif=7.937% hoop=108MPa
  [2447] viol   f=   0.226  a=22.2 b=27.2 gap=29.5 (face=3.0mm) n=[241, 241, 239, 239, 211, 211, 1, 1, 1, 1, 1, 1, 1, 1]  tape=0.225km B=9.98T unif=7.916% hoop=108MPa
  [2448] viol   f=   0.322  a=22.2 b=27.2 gap=29.5 (face=3.0mm) n=[241, 241, 239, 239, 211, 211, 1, 1, 1, 1, 1, 1, 1, 1]  tape=0.225km B=9.78T unif=8.076% hoop=252MPa
  [2449] viol   f=   0.226  a=22.2 b=27.2 gap=29.5 (face=3.0mm) n=[241, 241, 239, 239, 211, 211, 1, 1, 1, 1, 1, 1, 1, 1]  tape=0.225km B=9.99T unif=7.912% hoop=108MPa
  [2450] viol   f=   0.226  a=22.2 b=27.2 gap=29.5 (face=3.0mm) n=[241, 241, 239, 239, 211, 211, 1, 1, 1, 1, 1, 1, 1, 1]  tape=0.225km B=9.98T unif=7.904% hoop=108MPa
  [a=22 b=27 nt=1390] KSP converged reason: 4, iterations: 1
  [a=22 b=27 nt=1390] KSP converged reason: 4, iterations: 1
  [a=22 b=27 nt=1390] KSP converged reason: 4, iterations: 1
  [a=22 b=27 nt=1390] KSP converged reason: 4, iterations: 1
  [a=22 b=27 nt=1390] KSP converged reason: 4, iterations: 1
  [a=22 b=27 nt=1390] KSP converged reason: 4, iterations: 1
  [a=22 b=27 nt=1390] KSP converged reason: 4, iterations: 1
  [a=22 b=27 nt=1390] KSP converged reason: 4, iterations: 1
  [a=22 b=27 nt=1390] KSP converged reason: 4, iterations: 1
  [a=22 b=27 nt=1390] KSP converged reason: 4, iterations: 1
  [2451] viol   f=   0.225  a=22.2 b=27.2 gap=29.5 (face=3.0mm) n=[241, 241, 239, 239, 211, 211, 1, 1, 1, 1, 1, 1, 1, 1]  tape=0.225km B=10.00T unif=7.894% hoop=109MPa
  [2452] viol   f=   0.227  a=22.2 b=27.2 gap=29.5 (face=3.0mm) n=[241, 241, 239, 239, 211, 211, 1, 1, 1, 1, 1, 1, 1, 1]  tape=0.225km B=9.98T unif=7.889% hoop=108MPa
  [2453] viol   f=   0.226  a=22.2 b=27.2 gap=29.5 (face=3.0mm) n=[241, 241, 239, 239, 211, 211, 1, 1, 1, 1, 1, 1, 1, 1]  tape=0.225km B=9.98T unif=7.924% hoop=108MPa
  [2454] OK     f=   0.225  a=22.2 b=27.2 gap=29.5 (face=3.0mm) n=[241, 241, 239, 239, 211, 211, 1, 1, 1, 1, 1, 1, 1, 1]  tape=0.225km B=10.01T unif=8.059% hoop=114MPa
  [2455] viol   f=   0.226  a=22.2 b=27.2 gap=29.5 (face=3.0mm) n=[241, 241, 239, 239, 211, 211, 1, 1, 1, 1, 1, 1, 1, 1]  tape=0.225km B=9.99T unif=7.918% hoop=108MPa
  [2456] viol   f=   0.226  a=22.2 b=27.2 gap=29.5 (face=3.0mm) n=[241, 241, 239, 239, 211, 211, 1, 1, 1, 1, 1, 1, 1, 1]  tape=0.225km B=9.99T unif=7.904% hoop=108MPa
  [2457] OK     f=   0.225  a=22.2 b=27.2 gap=29.5 (face=3.0mm) n=[241, 241, 239, 239, 211, 211, 1, 1, 1, 1, 1, 1, 1, 1]  tape=0.225km B=10.00T unif=7.926% hoop=109MPa
  [2458] OK     f=   0.225  a=22.2 b=27.2 gap=29.5 (face=3.0mm) n=[241, 241, 239, 239, 211, 211, 1, 1, 1, 1, 1, 1, 1, 1]  tape=0.225km B=10.00T unif=7.895% hoop=109MPa
  [2459] viol   f=   0.225  a=22.2 b=27.2 gap=29.5 (face=3.0mm) n=[241, 241, 239, 239, 211, 211, 1, 1, 1, 1, 1, 1, 1, 1]  tape=0.225km B=9.99T unif=7.914% hoop=108MPa
  [2460] viol   f=   0.225  a=22.2 b=27.2 gap=29.5 (face=3.0mm) n=[241, 241, 239, 239, 211, 211, 1, 1, 1, 1, 1, 1, 1, 1]  tape=0.225km B=10.00T unif=7.950% hoop=108MPa
  [a=22 b=27 nt=1390] KSP converged reason: 4, iterations: 1
  [a=22 b=27 nt=1390] KSP converged reason: 4, iterations: 1
  [a=22 b=27 nt=1390] KSP converged reason: 4, iterations: 1
  [a=22 b=27 nt=1390] KSP converged reason: 4, iterations: 1
  [a=22 b=27 nt=1390] KSP converged reason: 4, iterations: 1
  [a=22 b=27 nt=1390] KSP converged reason: 4, iterations: 1
  [a=22 b=27 nt=1390] KSP converged reason: 4, iterations: 1
  [a=22 b=27 nt=1390] KSP converged reason: 4, iterations: 1
  [a=22 b=27 nt=1390] KSP converged reason: 4, iterations: 1
  [a=22 b=27 nt=1390] KSP converged reason: 4, iterations: 1
  [2461] OK     f=   0.225  a=22.2 b=27.2 gap=29.5 (face=3.0mm) n=[241, 241, 239, 239, 211, 211, 1, 1, 1, 1, 1, 1, 1, 1]  tape=0.225km B=10.00T unif=7.911% hoop=109MPa
  [2462] viol   f=   0.226  a=22.2 b=27.2 gap=29.5 (face=3.0mm) n=[241, 241, 239, 239, 211, 211, 1, 1, 1, 1, 1, 1, 1, 1]  tape=0.225km B=9.98T unif=7.932% hoop=108MPa
  [2463] viol   f=   0.226  a=22.2 b=27.2 gap=29.5 (face=3.0mm) n=[241, 241, 239, 239, 211, 211, 1, 1, 1, 1, 1, 1, 1, 1]  tape=0.225km B=9.98T unif=8.404% hoop=108MPa
  [2464] OK     f=   0.225  a=22.2 b=27.2 gap=29.5 (face=3.0mm) n=[241, 241, 239, 239, 211, 211, 1, 1, 1, 1, 1, 1, 1, 1]  tape=0.225km B=10.00T unif=7.947% hoop=109MPa
  [2465] viol   f=   0.229  a=22.2 b=27.2 gap=29.5 (face=3.0mm) n=[241, 241, 239, 239, 211, 211, 1, 1, 1, 1, 1, 1, 1, 1]  tape=0.225km B=9.96T unif=8.253% hoop=108MPa
  [2466] viol   f=   0.225  a=22.2 b=27.2 gap=29.5 (face=3.0mm) n=[241, 241, 239, 239, 211, 211, 1, 1, 1, 1, 1, 1, 1, 1]  tape=0.225km B=10.00T unif=7.888% hoop=109MPa
  [2467] viol   f=   0.225  a=22.2 b=27.2 gap=29.5 (face=3.0mm) n=[241, 241, 239, 239, 211, 211, 1, 1, 1, 1, 1, 1, 1, 1]  tape=0.225km B=10.00T unif=7.898% hoop=108MPa
  [2468] viol   f=   0.226  a=22.2 b=27.2 gap=29.5 (face=3.0mm) n=[241, 241, 239, 239, 211, 211, 1, 1, 1, 1, 1, 1, 1, 1]  tape=0.225km B=9.99T unif=7.900% hoop=108MPa
  [2469] viol   f=   0.226  a=22.2 b=27.2 gap=29.5 (face=3.0mm) n=[241, 241, 239, 239, 211, 211, 1, 1, 1, 1, 1, 1, 1, 1]  tape=0.225km B=9.98T unif=7.911% hoop=108MPa
  [2470] viol   f=   0.226  a=22.2 b=27.2 gap=29.5 (face=3.0mm) n=[241, 241, 239, 239, 211, 211, 1, 1, 1, 1, 1, 1, 1, 1]  tape=0.225km B=9.99T unif=7.916% hoop=108MPa
  [a=22 b=27 nt=1390] KSP converged reason: 4, iterations: 1
  [a=22 b=27 nt=1390] KSP converged reason: 4, iterations: 1
  [a=22 b=27 nt=1390] KSP converged reason: 4, iterations: 1
  [a=22 b=27 nt=1390] KSP converged reason: 4, iterations: 1
  [a=22 b=27 nt=1390] KSP converged reason: 4, iterations: 1
  [a=22 b=27 nt=1390] KSP converged reason: 4, iterations: 1
  [a=22 b=27 nt=1390] KSP converged reason: 4, iterations: 1
  [a=22 b=27 nt=1390] KSP converged reason: 4, iterations: 1
  [a=22 b=27 nt=1390] KSP converged reason: 4, iterations: 1
  [a=22 b=27 nt=1390] KSP converged reason: 4, iterations: 1
  [2471] viol   f=   0.226  a=22.2 b=27.2 gap=29.5 (face=3.0mm) n=[241, 241, 239, 239, 211, 211, 1, 1, 1, 1, 1, 1, 1, 1]  tape=0.225km B=9.98T unif=8.423% hoop=108MPa
  [2472] OK     f=   0.225  a=22.2 b=27.2 gap=29.5 (face=3.0mm) n=[241, 241, 239, 239, 211, 211, 1, 1, 1, 1, 1, 1, 1, 1]  tape=0.225km B=10.01T unif=9.502% hoop=115MPa
  [2473] viol   f=   0.227  a=22.2 b=27.2 gap=29.5 (face=3.0mm) n=[241, 241, 239, 239, 211, 211, 1, 1, 1, 1, 1, 1, 1, 1]  tape=0.225km B=9.97T unif=8.431% hoop=108MPa
  [2474] OK     f=   0.225  a=22.2 b=27.2 gap=29.5 (face=3.0mm) n=[241, 241, 239, 239, 211, 211, 1, 1, 1, 1, 1, 1, 1, 1]  tape=0.225km B=10.00T unif=7.894% hoop=109MPa
  [2475] OK     f=   0.225  a=22.2 b=27.2 gap=29.5 (face=3.0mm) n=[241, 241, 239, 239, 211, 211, 1, 1, 1, 1, 1, 1, 1, 1]  tape=0.225km B=10.02T unif=7.886% hoop=110MPa
  [2476] viol   f=   0.226  a=22.2 b=27.2 gap=29.5 (face=3.0mm) n=[241, 241, 239, 239, 211, 211, 1, 1, 1, 1, 1, 1, 1, 1]  tape=0.225km B=9.99T unif=7.921% hoop=108MPa
  [2477] viol   f=   0.226  a=22.2 b=27.2 gap=29.5 (face=3.0mm) n=[241, 241, 239, 239, 211, 211, 1, 1, 1, 1, 1, 1, 1, 1]  tape=0.225km B=9.99T unif=7.920% hoop=108MPa
  [2478] viol   f=   0.226  a=22.2 b=27.2 gap=29.5 (face=3.0mm) n=[241, 241, 239, 239, 211, 211, 1, 1, 1, 1, 1, 1, 1, 1]  tape=0.225km B=9.99T unif=7.912% hoop=108MPa
  [2479] viol   f=   0.226  a=22.2 b=27.2 gap=29.5 (face=3.0mm) n=[241, 241, 239, 239, 211, 211, 1, 1, 1, 1, 1, 1, 1, 1]  tape=0.225km B=9.99T unif=8.414% hoop=109MPa
  [2480] viol   f=   0.226  a=22.2 b=27.2 gap=29.5 (face=3.0mm) n=[241, 241, 239, 239, 211, 211, 1, 1, 1, 1, 1, 1, 1, 1]  tape=0.225km B=9.98T unif=7.929% hoop=108MPa
  [a=22 b=27 nt=1390] KSP converged reason: 4, iterations: 1
  [a=22 b=27 nt=1390] KSP converged reason: 4, iterations: 1
  [a=22 b=27 nt=1390] KSP converged reason: 4, iterations: 1
  [a=22 b=27 nt=1390] KSP converged reason: 4, iterations: 1
  [a=22 b=27 nt=1390] KSP converged reason: 4, iterations: 1
  [a=22 b=27 nt=1390] KSP converged reason: 4, iterations: 1
  [a=22 b=27 nt=1390] KSP converged reason: 4, iterations: 1
  [a=22 b=27 nt=1390] KSP converged reason: 4, iterations: 1
  [a=22 b=27 nt=1390] KSP converged reason: 4, iterations: 1
  [a=22 b=27 nt=1390] KSP converged reason: 4, iterations: 1
  [2481] viol   f=   0.226  a=22.2 b=27.2 gap=29.5 (face=3.0mm) n=[241, 241, 239, 239, 211, 211, 1, 1, 1, 1, 1, 1, 1, 1]  tape=0.225km B=9.99T unif=7.907% hoop=109MPa
  [2482] OK     f=   0.225  a=22.2 b=27.2 gap=29.5 (face=3.0mm) n=[241, 241, 239, 239, 211, 211, 1, 1, 1, 1, 1, 1, 1, 1]  tape=0.225km B=10.01T unif=7.989% hoop=117MPa
  [2483] viol   f=   0.227  a=22.2 b=27.2 gap=29.5 (face=3.0mm) n=[241, 241, 239, 239, 211, 211, 1, 1, 1, 1, 1, 1, 1, 1]  tape=0.225km B=9.98T unif=8.417% hoop=108MPa
  [2484] OK     f=   0.225  a=22.2 b=27.2 gap=29.5 (face=3.0mm) n=[241, 241, 239, 239, 211, 211, 1, 1, 1, 1, 1, 1, 1, 1]  tape=0.225km B=10.00T unif=7.974% hoop=108MPa
  [2485] viol   f=   0.226  a=22.2 b=27.2 gap=29.5 (face=3.0mm) n=[241, 241, 239, 239, 211, 211, 1, 1, 1, 1, 1, 1, 1, 1]  tape=0.225km B=9.99T unif=7.920% hoop=108MPa
  [2486] OK     f=   0.225  a=22.2 b=27.2 gap=29.5 (face=3.0mm) n=[241, 241, 239, 239, 211, 211, 1, 1, 1, 1, 1, 1, 1, 1]  tape=0.225km B=10.00T unif=7.914% hoop=109MPa
  [2487] viol   f=   0.225  a=22.2 b=27.2 gap=29.5 (face=3.0mm) n=[241, 241, 239, 239, 211, 211, 1, 1, 1, 1, 1, 1, 1, 1]  tape=0.225km B=10.00T unif=7.888% hoop=108MPa
  [2488] viol   f=   0.226  a=22.2 b=27.2 gap=29.5 (face=3.0mm) n=[241, 241, 239, 239, 211, 211, 1, 1, 1, 1, 1, 1, 1, 1]  tape=0.225km B=9.99T unif=7.927% hoop=108MPa
  [2489] viol   f=   0.227  a=22.2 b=27.2 gap=29.5 (face=3.0mm) n=[241, 241, 239, 239, 211, 211, 1, 1, 1, 1, 1, 1, 1, 1]  tape=0.225km B=9.97T unif=8.426% hoop=108MPa
  [2490] viol   f=   0.225  a=22.2 b=27.2 gap=29.5 (face=3.0mm) n=[241, 241, 239, 239, 211, 211, 1, 1, 1, 1, 1, 1, 1, 1]  tape=0.225km B=10.00T unif=7.893% hoop=108MPa
  [a=22 b=27 nt=1390] KSP converged reason: 4, iterations: 1
  [a=22 b=27 nt=1390] KSP converged reason: 4, iterations: 1
  [a=22 b=27 nt=1390] KSP converged reason: 4, iterations: 1
  [a=22 b=27 nt=1390] KSP converged reason: 4, iterations: 1
  [a=22 b=27 nt=1390] KSP converged reason: 4, iterations: 1
  [a=22 b=27 nt=1390] KSP converged reason: 4, iterations: 1
  [a=22 b=27 nt=1390] KSP converged reason: 4, iterations: 1
  [a=22 b=27 nt=1390] KSP converged reason: 4, iterations: 1
  [a=22 b=27 nt=1390] KSP converged reason: 4, iterations: 1
  [a=22 b=27 nt=1390] KSP converged reason: 4, iterations: 1
  [2491] viol   f=   0.225  a=22.2 b=27.2 gap=29.5 (face=3.0mm) n=[241, 241, 239, 239, 211, 211, 1, 1, 1, 1, 1, 1, 1, 1]  tape=0.225km B=10.00T unif=7.922% hoop=108MPa
  [2492] OK     f=   0.225  a=22.2 b=27.2 gap=29.5 (face=3.0mm) n=[241, 241, 239, 239, 211, 211, 1, 1, 1, 1, 1, 1, 1, 1]  tape=0.225km B=10.01T unif=7.906% hoop=109MPa
  [2493] viol   f=   0.226  a=22.2 b=27.2 gap=29.5 (face=3.0mm) n=[241, 241, 239, 239, 211, 211, 1, 1, 1, 1, 1, 1, 1, 1]  tape=0.225km B=9.98T unif=7.923% hoop=108MPa
  [2494] viol   f=   0.225  a=22.2 b=27.2 gap=29.5 (face=3.0mm) n=[241, 241, 239, 239, 211, 211, 1, 1, 1, 1, 1, 1, 1, 1]  tape=0.225km B=9.99T unif=7.963% hoop=109MPa
  [2495] viol   f=   0.225  a=22.2 b=27.2 gap=29.5 (face=3.0mm) n=[241, 241, 239, 239, 211, 211, 1, 1, 1, 1, 1, 1, 1, 1]  tape=0.225km B=9.99T unif=7.965% hoop=109MPa
  [2496] viol   f=   0.226  a=22.2 b=27.2 gap=29.5 (face=3.0mm) n=[241, 241, 239, 239, 211, 211, 1, 1, 1, 1, 1, 1, 1, 1]  tape=0.225km B=9.99T unif=7.914% hoop=108MPa
  [2497] viol   f=   0.226  a=22.2 b=27.2 gap=29.5 (face=3.0mm) n=[241, 241, 239, 239, 211, 211, 1, 1, 1, 1, 1, 1, 1, 1]  tape=0.225km B=9.98T unif=7.965% hoop=108MPa
  [2498] viol   f=   0.226  a=22.2 b=27.2 gap=29.5 (face=3.0mm) n=[241, 241, 239, 239, 211, 211, 1, 1, 1, 1, 1, 1, 1, 1]  tape=0.225km B=9.98T unif=8.420% hoop=109MPa
  [2499] viol   f=   0.226  a=22.2 b=27.2 gap=29.5 (face=3.0mm) n=[241, 241, 239, 239, 211, 211, 1, 1, 1, 1, 1, 1, 1, 1]  tape=0.225km B=9.99T unif=7.905% hoop=108MPa
  [2500] viol   f=   0.226  a=22.2 b=27.2 gap=29.5 (face=3.0mm) n=[241, 241, 239, 239, 211, 211, 1, 1, 1, 1, 1, 1, 1, 1]  tape=0.225km B=9.99T unif=7.921% hoop=108MPa
  [a=22 b=27 nt=1390] KSP converged reason: 4, iterations: 1
  [a=22 b=27 nt=1390] KSP converged reason: 4, iterations: 1
  [a=22 b=27 nt=1390] KSP converged reason: 4, iterations: 1
  [a=22 b=27 nt=1390] KSP converged reason: 4, iterations: 1
  [a=22 b=27 nt=1390] KSP converged reason: 4, iterations: 1
  [a=22 b=27 nt=1390] KSP converged reason: 4, iterations: 1
  [a=22 b=27 nt=1390] KSP converged reason: 4, iterations: 1
  [a=22 b=27 nt=1390] KSP converged reason: 4, iterations: 1
  [a=22 b=27 nt=1390] KSP converged reason: 4, iterations: 1
  [a=22 b=27 nt=1392] KSP converged reason: 4, iterations: 1
  [2501] OK     f=   0.225  a=22.2 b=27.2 gap=29.5 (face=3.0mm) n=[241, 241, 239, 239, 211, 211, 1, 1, 1, 1, 1, 1, 1, 1]  tape=0.225km B=10.01T unif=8.099% hoop=111MPa
  [2502] OK     f=   0.225  a=22.2 b=27.2 gap=29.5 (face=3.0mm) n=[241, 241, 239, 239, 211, 211, 1, 1, 1, 1, 1, 1, 1, 1]  tape=0.225km B=10.01T unif=7.939% hoop=109MPa
  [2503] viol   f=   0.226  a=22.2 b=27.2 gap=29.5 (face=3.0mm) n=[241, 241, 239, 239, 211, 211, 1, 1, 1, 1, 1, 1, 1, 1]  tape=0.225km B=9.99T unif=7.915% hoop=108MPa
  [2504] OK     f=   0.225  a=22.2 b=27.2 gap=29.5 (face=3.0mm) n=[241, 241, 239, 239, 211, 211, 1, 1, 1, 1, 1, 1, 1, 1]  tape=0.225km B=10.01T unif=8.037% hoop=109MPa
  [2505] viol   f=   0.226  a=22.2 b=27.2 gap=29.5 (face=3.0mm) n=[241, 241, 239, 239, 211, 211, 1, 1, 1, 1, 1, 1, 1, 1]  tape=0.225km B=9.98T unif=7.932% hoop=108MPa
  [2506] OK     f=   0.225  a=22.2 b=27.2 gap=29.5 (face=3.0mm) n=[241, 241, 239, 239, 211, 211, 1, 1, 1, 1, 1, 1, 1, 1]  tape=0.225km B=10.00T unif=7.914% hoop=109MPa
  [2507] viol   f=   0.226  a=22.2 b=27.2 gap=29.5 (face=3.0mm) n=[241, 241, 239, 239, 211, 211, 1, 1, 1, 1, 1, 1, 1, 1]  tape=0.225km B=9.98T unif=7.960% hoop=108MPa
  [2508] viol   f=   0.226  a=22.2 b=27.2 gap=29.5 (face=3.0mm) n=[241, 241, 239, 239, 211, 211, 1, 1, 1, 1, 1, 1, 1, 1]  tape=0.225km B=9.99T unif=7.889% hoop=108MPa
  [2509] viol   f=   0.226  a=22.2 b=27.2 gap=29.5 (face=3.0mm) n=[241, 241, 239, 239, 211, 211, 1, 1, 1, 1, 1, 1, 1, 1]  tape=0.225km B=9.98T unif=8.422% hoop=109MPa
  [2510] viol   f=   0.228  a=22.2 b=27.2 gap=29.5 (face=3.0mm) n=[241, 241, 239, 239, 211, 211, 2, 2, 1, 1, 1, 1, 1, 1]  tape=0.226km B=9.97T unif=8.387% hoop=135MPa

==========================================================================================
CMA-ES finished: 2510 evaluations in 116.8 min
==========================================================================================

Best feasible design found:
  a_mm             22.201902535901947
  b_mm             27.203613160965787
  gap_mm           29.50000677696849
  face_gap_mm      3.0000135539369825
  n_turns          [241, 241, 239, 239, 211, 211, 1, 1, 1, 1, 1, 1, 1, 1]
  n_total          1390
  tape_km          0.22537324308428497
  B_target_T       10.002520067437748
  uniformity_pct   8.115009206325624
  hoop_MPa         108.37780457947788
  delam_MPa        4.957130256128423
  I_quench_A       407.36848217474375
  I_op_A           224.0750727033794
  binding          quench/SF
  clip_frac        0.09737931034482758

Full evaluation history -> /home/gerrityjack/fenicsx/Racetrack-Coil-Optimization/optimize/day_search_phaseA_n14_history.csv
Best design            -> /home/gerrityjack/fenicsx/Racetrack-Coil-Optimization/optimize/day_search_phaseA_n14_results.csv
This run's 2510 rows are in the cumulative master log -> optimize/cmaes_all_evaluations.csv (flushed incrementally every 20 evals during the run, not just now at the end)

Figures -> /home/gerrityjack/fenicsx/Racetrack-Coil-Optimization/visualization/cmaes_convergence.png, cmaes_constraints.png, cmaes_variables.png, cmaes_overview.png
Cumulative parameter-space map -> visualization/cmaes_param_map.png (99149 evaluations, 130 runs)
