Starting CMA-ES: 7 variables, budget 6000 evaluations, target B >= 10.0 T, uniformity <= 1.0%, hoop <= 400 MPa, coil-coil face gap >= 3 mm

Parallel mode: 6 worker processes per generation.
  [a=19 b=26 nt=1538] KSP converged reason: 4, iterations: 1
  [a=19 b=25 nt=1278] KSP converged reason: 4, iterations: 1
  [   1] viol   f=4968.857  a=18.5 b=25.5 gap=17.5 (face=3.0mm) n=[70, 70, 197, 197, 243, 243, 259, 259]  tape=0.236km B=7.94T unif=5.980% hoop=86MPa
  [   2] INFEAS f=1495.049  a=18.6 b=26.6 gap=17.8 (face=3.7mm) n=[295, 295, 436, 436, 352, 352, 145, 145]  no evaluation (geometry pre-check)
  [   3] viol   f=2682.970  a=18.6 b=25.1 gap=17.6 (face=3.2mm) n=[177, 177, 141, 141, 243, 243, 78, 78]  tape=0.201km B=8.14T unif=4.658% hoop=92MPa
  [   4] INFEAS f=1033.339  a=18.1 b=22.2 gap=17.6 (face=3.2mm) n=[97, 97, 92, 92, 211, 211, 168, 168]  no evaluation (geometry pre-check)
  [   5] INFEAS f=1535.301  a=19.2 b=25.6 gap=17.6 (face=3.1mm) n=[459, 459, 69, 69, 231, 231, 291, 291]  no evaluation (geometry pre-check)
  [   6] INFEAS f=1136.914  a=15.4 b=21.5 gap=17.5 (face=3.0mm) n=[186, 186, 61, 61, 107, 107, 285, 285]  no evaluation (geometry pre-check)
  [   7] INFEAS f=1450.520  a=20.1 b=23.6 gap=17.5 (face=3.0mm) n=[102, 102, 456, 456, 13, 13, 235, 235]  no evaluation (geometry pre-check)
  [   8] INFEAS f=1607.064  a=18.5 b=20.6 gap=17.6 (face=3.2mm) n=[1, 1, 117, 117, 396, 396, 152, 152]  no evaluation (geometry pre-check)
  [   9] INFEAS f=2001.395  a=18.6 b=26.2 gap=17.5 (face=3.0mm) n=[494, 494, 253, 253, 497, 497, 396, 396]  no evaluation (geometry pre-check)
  [  10] INFEAS f=1456.644  a=15.8 b=23.0 gap=17.5 (face=3.0mm) n=[69, 69, 59, 59, 242, 242, 357, 357]  no evaluation (geometry pre-check)
  [  11] INFEAS f=1337.089  a=18.5 b=20.7 gap=17.5 (face=3.0mm) n=[253, 253, 152, 152, 72, 72, 332, 332]  no evaluation (geometry pre-check)
  [  12] INFEAS f=1048.944  a=18.3 b=22.2 gap=17.5 (face=3.1mm) n=[256, 256, 84, 84, 102, 102, 138, 138]  no evaluation (geometry pre-check)
  [  13] INFEAS f=1329.726  a=18.2 b=20.5 gap=17.5 (face=3.1mm) n=[55, 55, 318, 318, 89, 89, 100, 100]  no evaluation (geometry pre-check)
  [  14] INFEAS f=1178.817  a=16.9 b=23.5 gap=17.7 (face=3.4mm) n=[335, 335, 336, 336, 312, 312, 240, 240]  no evaluation (geometry pre-check)
  [  15] INFEAS f=1073.889  a=18.5 b=22.2 gap=17.5 (face=3.0mm) n=[155, 155, 160, 160, 84, 84, 194, 194]  no evaluation (geometry pre-check)
  [  16] INFEAS f=1023.116  a=16.7 b=21.4 gap=17.6 (face=3.2mm) n=[51, 51, 273, 273, 224, 224, 262, 262]  no evaluation (geometry pre-check)
  [  17] INFEAS f=1093.994  a=18.4 b=22.7 gap=17.5 (face=3.1mm) n=[246, 246, 9, 9, 346, 346, 181, 181]  no evaluation (geometry pre-check)
  [  18] INFEAS f=1004.029  a=16.4 b=21.0 gap=17.6 (face=3.1mm) n=[167, 167, 37, 37, 229, 229, 213, 213]  no evaluation (geometry pre-check)
  [a=18 b=23 nt=710] KSP converged reason: 4, iterations: 1
  [  19] INFEAS f=1040.370  a=14.7 b=19.9 gap=17.5 (face=3.1mm) n=[45, 45, 231, 231, 51, 51, 136, 136]  no evaluation (geometry pre-check)
  [  20] INFEAS f=1014.867  a=17.5 b=21.9 gap=17.6 (face=3.1mm) n=[202, 202, 9, 9, 106, 106, 205, 205]  no evaluation (geometry pre-check)
  [  21] INFEAS f=1968.017  a=19.1 b=19.4 gap=17.6 (face=3.2mm) n=[105, 105, 179, 179, 366, 366, 130, 130]  no evaluation (geometry pre-check)
  [  22] INFEAS f=2280.502  a=16.8 b=25.3 gap=17.7 (face=3.5mm) n=[473, 473, 110, 110, 198, 198, 172, 172]  no evaluation (geometry pre-check)
  [  23] INFEAS f=1026.006  a=16.5 b=21.9 gap=17.6 (face=3.1mm) n=[25, 25, 5, 5, 271, 271, 108, 108]  no evaluation (geometry pre-check)
  [  24] viol   f=  76.774  a=18.0 b=23.4 gap=17.5 (face=3.1mm) n=[97, 97, 27, 27, 20, 20, 211, 211]  tape=0.105km B=3.89T unif=1.098% hoop=57MPa
  [  25] INFEAS f=1384.062  a=17.1 b=19.2 gap=17.6 (face=3.2mm) n=[67, 67, 275, 275, 264, 264, 300, 300]  no evaluation (geometry pre-check)
  [  26] INFEAS f=1865.544  a=16.9 b=19.1 gap=17.7 (face=3.4mm) n=[156, 156, 183, 183, 210, 210, 400, 400]  no evaluation (geometry pre-check)
  [  27] INFEAS f=1060.599  a=15.6 b=19.4 gap=17.8 (face=3.6mm) n=[69, 69, 24, 24, 45, 45, 222, 222]  no evaluation (geometry pre-check)
  [a=16 b=25 nt=908] KSP converged reason: 4, iterations: 1
  [a=18 b=27 nt=1232] KSP converged reason: 4, iterations: 1
  [  28] INFEAS f=1565.251  a=16.9 b=21.3 gap=17.5 (face=3.0mm) n=[399, 399, 94, 94, 191, 191, 153, 153]  no evaluation (geometry pre-check)
  [  29] INFEAS f=1030.674  a=16.8 b=20.9 gap=17.5 (face=3.1mm) n=[55, 55, 74, 74, 168, 168, 141, 141]  no evaluation (geometry pre-check)
  [  30] INFEAS f=1077.524  a=16.9 b=20.5 gap=17.5 (face=3.0mm) n=[22, 22, 36, 36, 35, 35, 257, 257]  no evaluation (geometry pre-check)
  [  31] viol   f=  46.555  a=16.3 b=24.6 gap=17.5 (face=3.0mm) n=[141, 141, 10, 10, 77, 77, 226, 226]  tape=0.135km B=5.18T unif=0.997% hoop=57MPa
  [  32] INFEAS f=1473.591  a=15.9 b=19.6 gap=17.5 (face=3.0mm) n=[224, 224, 24, 24, 352, 352, 190, 190]  no evaluation (geometry pre-check)
  [  33] INFEAS f=1034.561  a=18.7 b=22.8 gap=17.6 (face=3.2mm) n=[79, 79, 31, 31, 99, 99, 227, 227]  no evaluation (geometry pre-check)
  [  34] viol   f=  20.381  a=18.1 b=27.2 gap=17.5 (face=3.0mm) n=[175, 175, 21, 21, 183, 183, 237, 237]  tape=0.197km B=6.82T unif=0.731% hoop=71MPa
  [  35] INFEAS f=1048.692  a=20.4 b=24.3 gap=17.6 (face=3.2mm) n=[33, 33, 57, 57, 284, 284, 201, 201]  no evaluation (geometry pre-check)
  [  36] INFEAS f=1011.087  a=16.2 b=20.7 gap=17.5 (face=3.0mm) n=[57, 57, 173, 173, 133, 133, 56, 56]  no evaluation (geometry pre-check)
  [a=17 b=27 nt=924] KSP converged reason: 4, iterations: 1
  [a=18 b=29 nt=1050] KSP converged reason: 4, iterations: 1
  [a=18 b=26 nt=1052] KSP converged reason: 4, iterations: 1
  [a=17 b=26 nt=286] KSP converged reason: 4, iterations: 1
  [  37] viol   f=  28.183  a=17.7 b=28.9 gap=17.5 (face=3.0mm) n=[105, 105, 194, 194, 41, 41, 185, 185]  tape=0.172km B=6.26T unif=0.590% hoop=64MPa
  [  38] viol   f=1397.492  a=17.7 b=26.4 gap=17.5 (face=3.0mm) n=[113, 113, 166, 166, 126, 126, 121, 121]  tape=0.162km B=6.95T unif=3.626% hoop=71MPa
  [  39] INFEAS f=1211.197  a=17.7 b=25.1 gap=17.5 (face=3.0mm) n=[47, 47, 19, 19, 43, 43, 364, 364]  no evaluation (geometry pre-check)
  [  40] INFEAS f=1021.585  a=18.9 b=23.2 gap=17.5 (face=3.1mm) n=[53, 53, 63, 63, 124, 124, 270, 270]  no evaluation (geometry pre-check)
  [  41] viol   f=1692.374  a=16.7 b=26.0 gap=17.5 (face=3.0mm) n=[33, 33, 75, 75, 14, 14, 21, 21]  tape=0.042km B=2.85T unif=3.820% hoop=53MPa
  [  42] INFEAS f=1054.295  a=18.8 b=22.6 gap=17.5 (face=3.0mm) n=[114, 114, 240, 240, 117, 117, 157, 157]  no evaluation (geometry pre-check)
  [  43] INFEAS f=1035.268  a=16.8 b=20.9 gap=17.5 (face=3.0mm) n=[263, 263, 130, 130, 34, 34, 195, 195]  no evaluation (geometry pre-check)
  [  44] INFEAS f=1165.372  a=15.8 b=27.3 gap=17.5 (face=3.0mm) n=[200, 200, 158, 158, 228, 228, 302, 302]  no evaluation (geometry pre-check)
  [  45] viol   f=1421.099  a=16.9 b=27.3 gap=17.5 (face=3.0mm) n=[34, 34, 85, 85, 156, 156, 187, 187]  tape=0.146km B=4.65T unif=3.611% hoop=61MPa
  [a=18 b=23 nt=1258] KSP converged reason: 4, iterations: 1
  [a=19 b=27 nt=1170] KSP converged reason: 4, iterations: 1
  [a=18 b=28 nt=692] KSP converged reason: 4, iterations: 1
  [a=19 b=29 nt=704] KSP converged reason: 4, iterations: 1
  [a=19 b=24 nt=580] KSP converged reason: 4, iterations: 1
  [a=17 b=24 nt=678] KSP converged reason: 4, iterations: 1
  [  46] viol   f=5910.181  a=17.8 b=23.5 gap=17.5 (face=3.0mm) n=[170, 170, 162, 162, 56, 56, 241, 241]  tape=0.186km B=7.39T unif=6.430% hoop=86MPa
  [  47] INFEAS f=1067.672  a=17.4 b=26.4 gap=17.5 (face=3.0mm) n=[238, 238, 26, 26, 78, 78, 315, 315]  no evaluation (geometry pre-check)
  [  48] viol   f=15821.054  a=19.1 b=24.5 gap=17.5 (face=3.0mm) n=[138, 138, 68, 68, 22, 22, 62, 62]  tape=0.088km B=5.09T unif=9.881% hoop=72MPa
  [  49] viol   f=4808.750  a=17.6 b=28.0 gap=17.5 (face=3.0mm) n=[1, 1, 71, 71, 92, 92, 182, 182]  tape=0.113km B=3.33T unif=5.858% hoop=57MPa
  [  50] viol   f=2495.969  a=19.4 b=28.9 gap=17.5 (face=3.0mm) n=[164, 164, 16, 16, 54, 54, 118, 118]  tape=0.119km B=5.21T unif=4.500% hoop=68MPa
  [  51] viol   f=  92.303  a=17.0 b=23.9 gap=17.5 (face=3.0mm) n=[41, 41, 102, 102, 121, 121, 75, 75]  tape=0.095km B=4.36T unif=1.378% hoop=54MPa
  [  52] viol   f= 501.089  a=19.2 b=27.4 gap=17.5 (face=3.0mm) n=[195, 195, 39, 39, 179, 179, 172, 172]  tape=0.185km B=7.21T unif=2.558% hoop=72MPa
  [  53] INFEAS f=1045.516  a=20.2 b=24.1 gap=17.5 (face=3.0mm) n=[269, 269, 99, 99, 14, 14, 202, 202]  no evaluation (geometry pre-check)
  [  54] INFEAS f=1003.023  a=19.0 b=26.6 gap=17.5 (face=3.0mm) n=[74, 74, 110, 110, 80, 80, 318, 318]  no evaluation (geometry pre-check)
  [a=18 b=24 nt=1000] KSP converged reason: 4, iterations: 1
  [a=16 b=26 nt=966] KSP converged reason: 4, iterations: 1
  [a=18 b=24 nt=652] KSP converged reason: 4, iterations: 1
  [a=16 b=23 nt=1046] KSP converged reason: 4, iterations: 1
  [a=18 b=23 nt=878] KSP converged reason: 4, iterations: 1
  [a=21 b=29 nt=730] KSP converged reason: 4, iterations: 1
  [a=18 b=26 nt=414] KSP converged reason: 4, iterations: 1
  [  55] viol   f=19172.383  a=17.8 b=23.8 gap=17.5 (face=3.0mm) n=[213, 213, 58, 58, 83, 83, 146, 146]  tape=0.150km B=7.45T unif=10.788% hoop=69MPa
  [  56] viol   f=  62.635  a=21.2 b=28.8 gap=17.5 (face=3.0mm) n=[108, 108, 5, 5, 130, 130, 122, 122]  tape=0.121km B=4.41T unif=0.239% hoop=71MPa
  [  57] viol   f=2793.829  a=15.8 b=22.6 gap=17.5 (face=3.1mm) n=[109, 109, 168, 168, 114, 114, 132, 132]  tape=0.140km B=7.25T unif=4.727% hoop=63MPa
  [  58] viol   f=20373.489  a=16.1 b=25.6 gap=17.5 (face=3.1mm) n=[201, 201, 193, 193, 73, 73, 16, 16]  tape=0.141km B=8.43T unif=11.092% hoop=67MPa
  [  59] INFEAS f=1070.298  a=18.2 b=21.9 gap=17.5 (face=3.0mm) n=[88, 88, 31, 31, 54, 54, 124, 124]  no evaluation (geometry pre-check)
  [  60] viol   f=4103.568  a=18.3 b=24.0 gap=17.5 (face=3.0mm) n=[54, 54, 199, 199, 62, 62, 11, 11]  tape=0.098km B=5.21T unif=5.504% hoop=59MPa
  [  61] viol   f=5273.402  a=17.7 b=22.7 gap=17.6 (face=3.1mm) n=[35, 35, 103, 103, 138, 138, 163, 163]  tape=0.122km B=4.82T unif=6.109% hoop=64MPa
  [  62] viol   f=1642.919  a=17.9 b=26.1 gap=17.5 (face=3.1mm) n=[43, 43, 62, 62, 18, 18, 84, 84]  tape=0.062km B=3.19T unif=3.784% hoop=55MPa
  [  63] INFEAS f=1001.002  a=19.5 b=27.0 gap=17.5 (face=3.1mm) n=[325, 325, 108, 108, 38, 38, 200, 200]  no evaluation (geometry pre-check)
  [a=21 b=28 nt=1034] KSP converged reason: 4, iterations: 1
  [a=21 b=30 nt=1022] KSP converged reason: 4, iterations: 1
  [a=21 b=28 nt=842] KSP converged reason: 4, iterations: 1
  [a=20 b=32 nt=1024] KSP converged reason: 4, iterations: 1
  [a=22 b=29 nt=442] KSP converged reason: 4, iterations: 1
  [a=20 b=27 nt=480] KSP converged reason: 4, iterations: 1
  [a=18 b=30 nt=832] KSP converged reason: 4, iterations: 1
  [  64] INFEAS f=1000.436  a=19.3 b=27.8 gap=17.5 (face=3.0mm) n=[320, 320, 107, 107, 7, 7, 3, 3]  no evaluation (geometry pre-check)
  [  65] viol   f=4110.167  a=20.7 b=28.1 gap=17.5 (face=3.0mm) n=[228, 228, 96, 96, 63, 63, 34, 34]  tape=0.148km B=7.27T unif=5.525% hoop=88MPa
  [  66] viol   f= 350.795  a=20.0 b=27.2 gap=17.5 (face=3.1mm) n=[69, 69, 30, 30, 74, 74, 67, 67]  tape=0.075km B=3.64T unif=2.162% hoop=66MPa
  [  67] viol   f= 226.643  a=21.4 b=27.9 gap=17.5 (face=3.0mm) n=[293, 293, 127, 127, 81, 81, 16, 16]  tape=0.186km B=8.78T unif=2.057% hoop=93MPa
  [  68] viol   f=1402.470  a=20.3 b=31.6 gap=17.5 (face=3.0mm) n=[205, 205, 95, 95, 157, 157, 55, 55]  tape=0.189km B=7.06T unif=3.632% hoop=84MPa
  [  69] viol   f=2557.937  a=21.8 b=29.4 gap=17.5 (face=3.0mm) n=[101, 101, 36, 36, 25, 25, 59, 59]  tape=0.077km B=3.36T unif=4.514% hoop=70MPa
  [  70] INFEAS f=1178.118  a=19.5 b=22.4 gap=17.6 (face=3.1mm) n=[84, 84, 12, 12, 45, 45, 10, 10]  no evaluation (geometry pre-check)
  [  71] viol   f=  41.080  a=20.7 b=29.7 gap=17.6 (face=3.1mm) n=[170, 170, 13, 13, 65, 65, 263, 263]  tape=0.185km B=5.48T unif=0.898% hoop=80MPa
  [  72] viol   f=2694.038  a=17.8 b=29.6 gap=17.7 (face=3.3mm) n=[194, 194, 28, 28, 79, 79, 115, 115]  tape=0.143km B=6.32T unif=4.652% hoop=67MPa
  [a=19 b=27 nt=1886] KSP converged reason: 4, iterations: 1
  [a=21 b=27 nt=920] KSP converged reason: 4, iterations: 1
  [a=19 b=26 nt=1046] KSP converged reason: 4, iterations: 1
  [a=21 b=32 nt=788] KSP converged reason: 4, iterations: 1
  [a=23 b=29 nt=1036] KSP converged reason: 4, iterations: 1
  [a=16 b=31 nt=770] KSP converged reason: 4, iterations: 1
  [a=21 b=28 nt=1578] KSP converged reason: 4, iterations: 1
  [a=22 b=30 nt=1476] KSP converged reason: 4, iterations: 1
  [  73] viol   f=21391.295  a=19.5 b=27.3 gap=17.6 (face=3.1mm) n=[282, 282, 158, 158, 242, 242, 261, 261]  tape=0.306km B=11.43T unif=11.342% hoop=98MPa
  [  74] viol   f=  61.877  a=19.1 b=26.4 gap=17.5 (face=3.0mm) n=[193, 193, 3, 3, 225, 225, 102, 102]  tape=0.165km B=7.00T unif=1.468% hoop=74MPa
  [  75] viol   f=  28.583  a=23.0 b=29.0 gap=17.5 (face=3.0mm) n=[114, 114, 204, 204, 20, 20, 180, 180]  tape=0.183km B=6.23T unif=0.345% hoop=86MPa
  [  76] viol   f= 337.888  a=20.9 b=27.1 gap=17.5 (face=3.0mm) n=[279, 279, 115, 115, 52, 52, 14, 14]  tape=0.160km B=7.91T unif=2.283% hoop=80MPa
  [  77] viol   f=  66.333  a=16.2 b=30.8 gap=17.5 (face=3.0mm) n=[42, 42, 91, 91, 70, 70, 182, 182]  tape=0.134km B=4.25T unif=0.194% hoop=59MPa
  [  78] viol   f=4615.912  a=21.0 b=31.7 gap=17.5 (face=3.0mm) n=[223, 223, 81, 81, 58, 58, 32, 32]  tape=0.151km B=6.72T unif=5.793% hoop=92MPa
  [  79] viol   f=   6.824  a=21.0 b=27.7 gap=17.6 (face=3.1mm) n=[139, 139, 134, 134, 240, 240, 276, 276]  tape=0.272km B=8.19T unif=0.412% hoop=107MPa
  [  80] viol   f= 831.553  a=21.8 b=29.9 gap=17.5 (face=3.0mm) n=[339, 339, 35, 35, 68, 68, 296, 296]  tape=0.270km B=9.52T unif=3.038% hoop=89MPa
  [  81] INFEAS f=1081.878  a=20.2 b=27.0 gap=17.5 (face=3.0mm) n=[395, 395, 92, 92, 61, 61, 160, 160]  no evaluation (geometry pre-check)
  [a=23 b=29 nt=1440] KSP converged reason: 4, iterations: 1
  [a=21 b=31 nt=1250] KSP converged reason: 4, iterations: 1
  [a=22 b=33 nt=1174] KSP converged reason: 4, iterations: 1
  [a=21 b=33 nt=1272] KSP converged reason: 4, iterations: 1
  [a=19 b=31 nt=1042] KSP converged reason: 4, iterations: 1
  [a=22 b=27 nt=780] KSP converged reason: 4, iterations: 1
  [a=22 b=29 nt=1252] KSP converged reason: 4, iterations: 1
  [a=22 b=27 nt=964] KSP converged reason: 4, iterations: 1
  [  82] viol   f= 258.919  a=21.0 b=32.6 gap=17.5 (face=3.0mm) n=[205, 205, 107, 107, 171, 171, 153, 153]  tape=0.238km B=7.48T unif=2.109% hoop=89MPa
  [  83] viol   f=1381.435  a=21.8 b=27.0 gap=17.8 (face=3.6mm) n=[134, 134, 16, 16, 94, 94, 146, 146]  tape=0.127km B=4.99T unif=3.580% hoop=73MPa
  [  84] viol   f=1108.500  a=19.3 b=31.2 gap=17.5 (face=3.1mm) n=[183, 183, 156, 156, 16, 16, 166, 166]  tape=0.180km B=7.01T unif=3.335% hoop=82MPa
  [  85] viol   f= 259.195  a=22.6 b=28.7 gap=17.7 (face=3.4mm) n=[236, 236, 134, 134, 14, 14, 336, 336]  tape=0.265km B=7.89T unif=2.118% hoop=113MPa
  [  86] viol   f= 404.880  a=21.7 b=32.6 gap=17.5 (face=3.0mm) n=[230, 230, 38, 38, 208, 208, 111, 111]  tape=0.223km B=7.28T unif=2.396% hoop=84MPa
  [  87] viol   f=  25.439  a=21.1 b=31.4 gap=17.5 (face=3.0mm) n=[127, 127, 194, 194, 8, 8, 296, 296]  tape=0.238km B=6.45T unif=0.239% hoop=95MPa
  [  88] viol   f=  42.164  a=21.9 b=29.4 gap=17.5 (face=3.0mm) n=[111, 111, 251, 251, 48, 48, 216, 216]  tape=0.225km B=7.16T unif=1.359% hoop=84MPa
  [  89] INFEAS f=1026.057  a=20.6 b=28.0 gap=17.5 (face=3.0mm) n=[228, 228, 382, 382, 184, 184, 312, 312]  no evaluation (geometry pre-check)
  [  90] viol   f=  54.842  a=21.9 b=27.0 gap=17.5 (face=3.0mm) n=[67, 67, 113, 113, 56, 56, 246, 246]  tape=0.170km B=4.77T unif=0.509% hoop=77MPa
  [a=21 b=27 nt=1412] KSP converged reason: 4, iterations: 1
  [a=22 b=33 nt=1740] KSP converged reason: 4, iterations: 1
  [a=21 b=32 nt=1252] KSP converged reason: 4, iterations: 1
  [a=20 b=27 nt=1182] KSP converged reason: 4, iterations: 1
  [  91] INFEAS f=1367.562  a=21.5 b=30.8 gap=17.5 (face=3.1mm) n=[16, 16, 495, 495, 241, 241, 344, 344]  no evaluation (geometry pre-check)
  [  92] viol   f=1147.856  a=21.5 b=32.2 gap=17.5 (face=3.1mm) n=[219, 219, 148, 148, 20, 20, 239, 239]  tape=0.233km B=7.65T unif=3.384% hoop=99MPa
  [  93] INFEAS f=1003.847  a=22.0 b=30.0 gap=17.5 (face=3.0mm) n=[83, 83, 400, 400, 282, 282, 378, 378]  no evaluation (geometry pre-check)
  [  94] INFEAS f=1000.089  a=20.0 b=25.0 gap=17.5 (face=3.0mm) n=[60, 60, 196, 196, 123, 123, 224, 224]  no evaluation (geometry pre-check)
  [  95] viol   f=6619.175  a=21.2 b=26.6 gap=17.5 (face=3.1mm) n=[113, 113, 322, 322, 152, 152, 119, 119]  tape=0.253km B=8.76T unif=6.751% hoop=92MPa
  [  96] viol   f=   7.329  a=22.5 b=32.8 gap=17.6 (face=3.1mm) n=[118, 118, 209, 209, 184, 184, 359, 359]  tape=0.361km B=8.13T unif=0.355% hoop=127MPa
  [  97] INFEAS f=1116.600  a=21.3 b=29.2 gap=17.5 (face=3.1mm) n=[163, 163, 110, 110, 75, 75, 436, 436]  no evaluation (geometry pre-check)
  [  98] INFEAS f=1002.386  a=23.9 b=33.3 gap=17.5 (face=3.0mm) n=[289, 289, 218, 218, 31, 31, 448, 448]  no evaluation (geometry pre-check)
  [  99] viol   f= 747.758  a=19.7 b=27.4 gap=17.5 (face=3.1mm) n=[55, 55, 130, 130, 197, 197, 209, 209]  tape=0.193km B=6.08T unif=2.893% hoop=76MPa
  [a=20 b=26 nt=1672] KSP converged reason: 4, iterations: 1
  [a=20 b=29 nt=1332] KSP converged reason: 4, iterations: 1
  [a=19 b=29 nt=1376] KSP converged reason: 4, iterations: 1
  [a=20 b=30 nt=1012] KSP converged reason: 4, iterations: 1
  [a=23 b=35 nt=1038] KSP converged reason: 4, iterations: 1
  [a=20 b=27 nt=1028] KSP converged reason: 4, iterations: 1
  [ 100] INFEAS f=1021.394  a=21.0 b=28.4 gap=17.5 (face=3.1mm) n=[191, 191, 204, 204, 183, 183, 389, 389]  no evaluation (geometry pre-check)
  [ 101] viol   f=  38.462  a=20.1 b=26.7 gap=17.7 (face=3.4mm) n=[74, 74, 87, 87, 180, 180, 173, 173]  tape=0.165km B=5.62T unif=0.185% hoop=75MPa
  [ 102] viol   f=1684.770  a=20.5 b=28.6 gap=17.5 (face=3.0mm) n=[278, 278, 71, 71, 214, 214, 103, 103]  tape=0.236km B=8.89T unif=3.900% hoop=85MPa
  [ 103] viol   f=  44.821  a=20.2 b=30.0 gap=17.5 (face=3.0mm) n=[96, 96, 130, 130, 49, 49, 231, 231]  tape=0.185km B=5.28T unif=0.489% hoop=82MPa
  [ 104] viol   f=   7.652  a=19.0 b=28.9 gap=17.5 (face=3.1mm) n=[217, 217, 63, 63, 275, 275, 133, 133]  tape=0.240km B=8.07T unif=0.662% hoop=86MPa
  [ 105] viol   f= 136.434  a=22.6 b=34.9 gap=17.5 (face=3.0mm) n=[179, 179, 43, 43, 67, 67, 230, 230]  tape=0.212km B=5.53T unif=1.694% hoop=91MPa
  [ 106] viol   f=54697.421  a=19.6 b=26.1 gap=17.5 (face=3.0mm) n=[278, 278, 193, 193, 225, 225, 140, 140]  tape=0.272km B=11.47T unif=17.537% hoop=103MPa
  [ 107] INFEAS f=1345.779  a=20.5 b=26.9 gap=17.5 (face=3.1mm) n=[119, 119, 137, 137, 465, 465, 113, 113]  no evaluation (geometry pre-check)
  [ 108] INFEAS f=1053.068  a=20.2 b=31.3 gap=17.6 (face=3.2mm) n=[85, 85, 100, 100, 384, 384, 274, 274]  no evaluation (geometry pre-check)
  [a=21 b=29 nt=1598] KSP converged reason: 4, iterations: 1
  [a=20 b=26 nt=1608] KSP converged reason: 4, iterations: 1
  [a=18 b=26 nt=1248] KSP converged reason: 4, iterations: 1
  [a=20 b=29 nt=1010] KSP converged reason: 4, iterations: 1
  [a=19 b=29 nt=668] KSP converged reason: 4, iterations: 1
  [ 109] INFEAS f=1006.695  a=19.8 b=24.4 gap=17.7 (face=3.5mm) n=[149, 149, 51, 51, 100, 100, 207, 207]  no evaluation (geometry pre-check)
  [ 110] INFEAS f=1117.596  a=17.8 b=26.7 gap=17.5 (face=3.0mm) n=[14, 14, 109, 109, 343, 343, 101, 101]  no evaluation (geometry pre-check)
  [ 111] viol   f=1238.523  a=19.2 b=29.1 gap=17.6 (face=3.1mm) n=[105, 105, 147, 147, 45, 45, 37, 37]  tape=0.113km B=5.08T unif=3.439% hoop=71MPa
  [ 112] viol   f=3221.366  a=20.8 b=28.9 gap=17.6 (face=3.3mm) n=[318, 318, 69, 69, 188, 188, 224, 224]  tape=0.291km B=10.25T unif=5.013% hoop=97MPa
  [ 113] viol   f=18236.565  a=20.3 b=26.1 gap=17.5 (face=3.1mm) n=[265, 265, 130, 130, 161, 161, 248, 248]  tape=0.261km B=9.85T unif=10.549% hoop=96MPa
  [ 114] viol   f=  75.599  a=19.7 b=29.5 gap=17.6 (face=3.2mm) n=[164, 164, 80, 80, 195, 195, 66, 66]  tape=0.175km B=6.40T unif=1.498% hoop=81MPa
  [ 115] viol   f= 336.428  a=18.3 b=25.7 gap=17.5 (face=3.0mm) n=[153, 153, 218, 218, 190, 190, 63, 63]  tape=0.192km B=8.79T unif=2.291% hoop=85MPa
  [ 116] INFEAS f=1008.202  a=19.5 b=27.9 gap=17.6 (face=3.1mm) n=[69, 69, 263, 263, 339, 339, 187, 187]  no evaluation (geometry pre-check)
  [ 117] INFEAS f=1004.719  a=17.6 b=29.2 gap=17.5 (face=3.0mm) n=[79, 79, 49, 49, 282, 282, 257, 257]  no evaluation (geometry pre-check)
  [a=22 b=29 nt=1470] KSP converged reason: 4, iterations: 1
  [a=19 b=29 nt=1304] KSP converged reason: 4, iterations: 1
  [a=23 b=33 nt=1688] KSP converged reason: 4, iterations: 1
  [a=20 b=26 nt=1388] KSP converged reason: 4, iterations: 1
  [a=17 b=27 nt=834] KSP converged reason: 4, iterations: 1
  [a=17 b=28 nt=1276] KSP converged reason: 4, iterations: 1
  [a=21 b=27 nt=1352] KSP converged reason: 4, iterations: 1
  [a=17 b=26 nt=1388] KSP converged reason: 4, iterations: 1
  [ 118] viol   f=  38.302  a=17.4 b=27.0 gap=17.5 (face=3.1mm) n=[138, 138, 22, 22, 191, 191, 66, 66]  tape=0.132km B=5.63T unif=0.524% hoop=66MPa
  [ 119] viol   f=5076.306  a=17.3 b=28.2 gap=17.6 (face=3.2mm) n=[194, 194, 143, 143, 147, 147, 154, 154]  tape=0.204km B=8.07T unif=6.034% hoop=77MPa
  [ 120] viol   f=   3.283  a=23.3 b=32.5 gap=17.5 (face=3.0mm) n=[128, 128, 193, 193, 283, 283, 240, 240]  tape=0.332km B=8.79T unif=0.889% hoop=118MPa
  [ 121] INFEAS f=1033.643  a=17.1 b=26.4 gap=17.5 (face=3.0mm) n=[177, 177, 78, 78, 293, 293, 140, 140]  no evaluation (geometry pre-check)
  [ 122] viol   f= 169.194  a=20.1 b=26.1 gap=17.5 (face=3.0mm) n=[126, 126, 130, 130, 226, 226, 212, 212]  tape=0.222km B=7.79T unif=1.892% hoop=93MPa
  [ 123] viol   f=  12.467  a=18.8 b=29.5 gap=17.6 (face=3.2mm) n=[112, 112, 186, 186, 263, 263, 91, 91]  tape=0.232km B=7.53T unif=0.441% hoop=89MPa
  [ 124] viol   f=1825.321  a=21.7 b=28.7 gap=17.6 (face=3.1mm) n=[184, 184, 65, 65, 373, 373, 113, 113]  tape=0.281km B=7.58T unif=4.011% hoop=98MPa
  [ 125] viol   f=   7.480  a=20.6 b=27.4 gap=17.5 (face=3.0mm) n=[122, 122, 199, 199, 206, 206, 149, 149]  tape=0.221km B=8.09T unif=0.357% hoop=91MPa
  [ 126] viol   f=1864.911  a=17.1 b=25.7 gap=17.5 (face=3.0mm) n=[178, 178, 138, 138, 241, 241, 137, 137]  tape=0.216km B=8.27T unif=4.049% hoop=80MPa
  [a=20 b=28 nt=1284] KSP converged reason: 4, iterations: 1
  [a=21 b=32 nt=1590] KSP converged reason: 4, iterations: 1
  [a=20 b=32 nt=1388] KSP converged reason: 4, iterations: 1
  [a=22 b=30 nt=1036] KSP converged reason: 4, iterations: 1
  [a=20 b=27 nt=1188] KSP converged reason: 4, iterations: 1
  [a=21 b=33 nt=910] KSP converged reason: 4, iterations: 1
  [a=21 b=31 nt=1144] KSP converged reason: 4, iterations: 1
  [a=24 b=32 nt=1746] KSP converged reason: 4, iterations: 1
  [a=22 b=32 nt=1448] KSP converged reason: 4, iterations: 1
  [ 127] viol   f=  30.514  a=19.7 b=32.3 gap=17.5 (face=3.0mm) n=[145, 145, 130, 130, 319, 319, 100, 100]  tape=0.275km B=7.37T unif=1.287% hoop=104MPa
  [ 128] viol   f= 433.135  a=20.7 b=32.6 gap=17.5 (face=3.0mm) n=[173, 173, 17, 17, 172, 172, 93, 93]  tape=0.166km B=6.01T unif=2.416% hoop=75MPa
  [ 129] viol   f= 595.155  a=21.5 b=31.9 gap=17.5 (face=3.1mm) n=[63, 63, 215, 215, 321, 321, 196, 196]  tape=0.311km B=8.15T unif=2.715% hoop=104MPa
  [ 130] viol   f=2887.510  a=22.4 b=30.3 gap=17.5 (face=3.0mm) n=[6, 6, 269, 269, 51, 51, 192, 192]  tape=0.191km B=5.56T unif=4.774% hoop=71MPa
  [ 131] viol   f=1725.544  a=19.7 b=27.9 gap=17.5 (face=3.1mm) n=[67, 67, 188, 188, 315, 315, 72, 72]  tape=0.228km B=7.24T unif=3.924% hoop=93MPa
  [ 132] viol   f= 680.524  a=20.4 b=27.0 gap=17.6 (face=3.2mm) n=[192, 192, 71, 71, 205, 205, 126, 126]  tape=0.194km B=7.27T unif=2.824% hoop=80MPa
  [ 133] viol   f= 802.938  a=21.1 b=31.2 gap=17.5 (face=3.1mm) n=[99, 99, 12, 12, 148, 148, 313, 313]  tape=0.221km B=5.10T unif=2.943% hoop=77MPa
  [ 134] viol   f= 426.237  a=23.9 b=32.5 gap=17.6 (face=3.1mm) n=[69, 69, 331, 331, 247, 247, 226, 226]  tape=0.352km B=9.48T unif=2.458% hoop=124MPa
  [ 135] viol   f=  12.751  a=21.8 b=31.8 gap=17.6 (face=3.2mm) n=[107, 107, 167, 167, 198, 198, 252, 252]  tape=0.275km B=7.50T unif=0.340% hoop=104MPa
  [a=22 b=30 nt=1348] KSP converged reason: 4, iterations: 1
  [a=23 b=36 nt=1838] KSP converged reason: 4, iterations: 1
  [a=20 b=28 nt=1240] KSP converged reason: 4, iterations: 1
  [a=21 b=31 nt=1554] KSP converged reason: 4, iterations: 1
  [a=22 b=32 nt=1736] KSP converged reason: 4, iterations: 1
  [a=23 b=33 nt=1492] KSP converged reason: 4, iterations: 1
  [a=18 b=31 nt=820] KSP converged reason: 4, iterations: 1
  [a=22 b=32 nt=1960] KSP converged reason: 4, iterations: 1
  [ 136] INFEAS f=1196.672  a=19.1 b=29.2 gap=17.7 (face=3.4mm) n=[21, 21, 180, 180, 398, 398, 86, 86]  no evaluation (geometry pre-check)
  [ 137] viol   f=   9.539  a=23.5 b=33.4 gap=17.6 (face=3.2mm) n=[163, 163, 127, 127, 238, 238, 218, 218]  tape=0.294km B=7.85T unif=0.455% hoop=114MPa
  [ 138] viol   f=  93.592  a=22.5 b=35.8 gap=17.5 (face=3.1mm) n=[155, 155, 119, 119, 340, 340, 305, 305]  tape=0.389km B=8.67T unif=1.670% hoop=114MPa
  [ 139] viol   f= 746.386  a=21.5 b=31.6 gap=17.6 (face=3.2mm) n=[97, 97, 272, 272, 273, 273, 226, 226]  tape=0.318km B=9.45T unif=2.931% hoop=101MPa
  [ 140] viol   f=  23.619  a=20.5 b=30.8 gap=17.6 (face=3.2mm) n=[80, 80, 198, 198, 212, 212, 287, 287]  tape=0.288km B=7.77T unif=1.258% hoop=103MPa
  [ 141] viol   f= 729.809  a=20.1 b=28.4 gap=17.5 (face=3.1mm) n=[140, 140, 52, 52, 267, 267, 161, 161]  tape=0.220km B=6.50T unif=2.878% hoop=82MPa
  [ 142] viol   f=1852.834  a=21.5 b=30.4 gap=17.5 (face=3.1mm) n=[49, 49, 321, 321, 172, 172, 132, 132]  tape=0.260km B=7.87T unif=4.036% hoop=97MPa
  [ 143] viol   f=2539.546  a=18.0 b=31.2 gap=17.5 (face=3.1mm) n=[189, 189, 100, 100, 101, 101, 20, 20]  tape=0.146km B=6.47T unif=4.546% hoop=70MPa
  [ 144] viol   f=1239.501  a=21.9 b=32.2 gap=17.6 (face=3.2mm) n=[89, 89, 214, 214, 357, 357, 320, 320]  tape=0.382km B=9.29T unif=3.488% hoop=115MPa
  [a=21 b=34 nt=1794] KSP converged reason: 4, iterations: 1
  [a=22 b=33 nt=1856] KSP converged reason: 4, iterations: 1
  [a=24 b=32 nt=1428] KSP converged reason: 4, iterations: 1
  [a=23 b=33 nt=1668] KSP converged reason: 4, iterations: 1
  [a=23 b=34 nt=1470] KSP converged reason: 4, iterations: 1
  [a=23 b=35 nt=1282] KSP converged reason: 4, iterations: 1
  [a=24 b=33 nt=2166] KSP converged reason: 4, iterations: 1
  [ 145] viol   f=  20.045  a=23.3 b=33.2 gap=17.6 (face=3.3mm) n=[200, 200, 182, 182, 197, 197, 255, 255]  tape=0.327km B=8.81T unif=1.291% hoop=125MPa
  [ 146] viol   f=   0.776  a=21.6 b=32.6 gap=17.6 (face=3.2mm) n=[181, 181, 188, 188, 249, 249, 310, 310]  tape=0.362km B=9.55T unif=0.802% hoop=130MPa
  [ 147] viol   f=  23.975  a=23.1 b=35.3 gap=17.5 (face=3.1mm) n=[139, 139, 109, 109, 173, 173, 220, 220]  tape=0.263km B=6.56T unif=0.810% hoop=99MPa
  [ 148] viol   f=  10.818  a=23.1 b=33.9 gap=17.6 (face=3.2mm) n=[210, 210, 33, 33, 241, 241, 251, 251]  tape=0.286km B=7.71T unif=0.382% hoop=98MPa
  [ 149] viol   f=   7.354  a=23.6 b=32.0 gap=17.5 (face=3.1mm) n=[138, 138, 272, 272, 96, 96, 208, 208]  tape=0.283km B=8.12T unif=0.547% hoop=100MPa
  [ 150] viol   f=   0.553  a=21.5 b=33.9 gap=17.8 (face=3.5mm) n=[170, 170, 244, 244, 331, 331, 152, 152]  tape=0.367km B=9.70T unif=0.172% hoop=121MPa
  [ 151] viol   f= 787.300  a=23.9 b=33.4 gap=17.6 (face=3.2mm) n=[174, 174, 168, 168, 435, 435, 306, 306]  tape=0.469km B=10.23T unif=2.983% hoop=155MPa
  [ 152] INFEAS f=1032.085  a=19.7 b=30.9 gap=17.7 (face=3.3mm) n=[108, 108, 72, 72, 360, 360, 218, 218]  no evaluation (geometry pre-check)
  [ 153] INFEAS f=1411.249  a=20.9 b=33.6 gap=17.6 (face=3.2mm) n=[70, 70, 66, 66, 486, 486, 262, 262]  no evaluation (geometry pre-check)
  [a=23 b=32 nt=1468] KSP converged reason: 4, iterations: 1
  [a=24 b=33 nt=2004] KSP converged reason: 4, iterations: 1
  [a=21 b=30 nt=1516] KSP converged reason: 4, iterations: 1
  [a=21 b=33 nt=1448] KSP converged reason: 4, iterations: 1
  [a=21 b=31 nt=1782] KSP converged reason: 4, iterations: 1
  [a=21 b=35 nt=2052] KSP converged reason: 4, iterations: 1
  [a=20 b=31 nt=1066] KSP converged reason: 4, iterations: 1
  [a=21 b=32 nt=1398] KSP converged reason: 4, iterations: 1
  [ 154] INFEAS f=1003.483  a=23.3 b=34.0 gap=17.9 (face=3.8mm) n=[142, 142, 433, 433, 149, 149, 226, 226]  no evaluation (geometry pre-check)
  [ 155] OK     f=   0.315  a=20.7 b=31.3 gap=17.6 (face=3.3mm) n=[167, 167, 248, 248, 247, 247, 229, 229]  tape=0.315km B=10.15T unif=0.370% hoop=103MPa
  [ 156] viol   f=   9.870  a=21.3 b=30.0 gap=17.7 (face=3.4mm) n=[122, 122, 147, 147, 227, 227, 262, 262]  tape=0.275km B=7.81T unif=0.054% hoop=102MPa
  [ 157] viol   f=  28.563  a=23.5 b=33.4 gap=17.6 (face=3.1mm) n=[228, 228, 275, 275, 306, 306, 193, 193]  tape=0.398km B=11.47T unif=1.375% hoop=139MPa
  [ 158] viol   f= 603.178  a=21.3 b=34.5 gap=17.7 (face=3.4mm) n=[269, 269, 263, 263, 251, 251, 243, 243]  tape=0.389km B=12.10T unif=2.736% hoop=118MPa
  [ 159] viol   f=  17.979  a=23.2 b=32.0 gap=17.5 (face=3.0mm) n=[146, 146, 136, 136, 150, 150, 302, 302]  tape=0.298km B=7.03T unif=0.247% hoop=123MPa
  [ 160] viol   f=  14.304  a=20.6 b=32.8 gap=17.6 (face=3.2mm) n=[111, 111, 143, 143, 210, 210, 260, 260]  tape=0.279km B=7.35T unif=0.239% hoop=95MPa
  [ 161] viol   f=1357.944  a=20.3 b=31.3 gap=17.9 (face=3.8mm) n=[48, 48, 83, 83, 265, 265, 137, 137]  tape=0.203km B=5.29T unif=3.562% hoop=70MPa
  [ 162] viol   f=  11.603  a=20.5 b=31.7 gap=17.8 (face=3.7mm) n=[189, 189, 96, 96, 264, 264, 150, 150]  tape=0.265km B=7.62T unif=0.170% hoop=94MPa
  [a=21 b=32 nt=2096] KSP converged reason: 4, iterations: 1
  [a=24 b=33 nt=1794] KSP converged reason: 4, iterations: 1
  [a=22 b=32 nt=1966] KSP converged reason: 4, iterations: 1
  [a=21 b=29 nt=1938] KSP converged reason: 4, iterations: 1
  [a=20 b=30 nt=1436] KSP converged reason: 4, iterations: 1
  [a=19 b=31 nt=1518] KSP converged reason: 4, iterations: 1
  [a=21 b=32 nt=1730] KSP converged reason: 4, iterations: 1
  [ 163] viol   f= 171.261  a=24.1 b=33.3 gap=17.7 (face=3.3mm) n=[117, 117, 311, 311, 337, 337, 132, 132]  tape=0.366km B=9.79T unif=1.924% hoop=120MPa
  [ 164] OK     f=   0.377  a=21.7 b=31.9 gap=17.6 (face=3.1mm) n=[193, 193, 274, 274, 198, 198, 318, 318]  tape=0.377km B=10.55T unif=0.806% hoop=124MPa
  [ 165] viol   f=   9.084  a=19.5 b=30.7 gap=17.7 (face=3.4mm) n=[133, 133, 156, 156, 200, 200, 270, 270]  tape=0.277km B=7.90T unif=0.801% hoop=98MPa
  [ 166] OK     f=   0.404  a=21.5 b=32.0 gap=17.8 (face=3.6mm) n=[204, 204, 338, 338, 252, 252, 254, 254]  tape=0.404km B=11.86T unif=0.885% hoop=127MPa
  [ 167] INFEAS f=1075.819  a=19.9 b=28.9 gap=17.7 (face=3.3mm) n=[124, 124, 212, 212, 208, 208, 385, 385]  no evaluation (geometry pre-check)
  [ 168] OK     f=   0.338  a=20.9 b=28.9 gap=17.7 (face=3.4mm) n=[181, 181, 260, 260, 297, 297, 231, 231]  tape=0.338km B=10.86T unif=0.643% hoop=115MPa
  [ 169] viol   f=  45.287  a=20.1 b=30.4 gap=17.6 (face=3.3mm) n=[126, 126, 100, 100, 284, 284, 208, 208]  tape=0.266km B=7.36T unif=1.394% hoop=90MPa
  [ 170] INFEAS f=1000.184  a=22.6 b=28.9 gap=17.6 (face=3.2mm) n=[9, 9, 203, 203, 405, 405, 257, 257]  no evaluation (geometry pre-check)
  [ 171] viol   f=   0.629  a=20.7 b=31.6 gap=17.7 (face=3.4mm) n=[242, 242, 146, 146, 301, 301, 176, 176]  tape=0.328km B=9.61T unif=0.782% hoop=108MPa
  [a=22 b=31 nt=1920] KSP converged reason: 4, iterations: 1
  [a=20 b=27 nt=1946] KSP converged reason: 4, iterations: 1
  [a=23 b=32 nt=2020] KSP converged reason: 4, iterations: 1
  [a=22 b=31 nt=1586] KSP converged reason: 4, iterations: 1
  [a=19 b=26 nt=902] KSP converged reason: 4, iterations: 1
  [ 172] INFEAS f=1009.983  a=20.4 b=29.8 gap=17.8 (face=3.6mm) n=[120, 120, 302, 302, 365, 365, 239, 239]  no evaluation (geometry pre-check)
  [ 173] INFEAS f=1136.908  a=20.7 b=31.3 gap=17.7 (face=3.5mm) n=[188, 188, 302, 302, 426, 426, 302, 302]  no evaluation (geometry pre-check)
  [ 174] INFEAS f=1000.002  a=23.4 b=32.0 gap=17.7 (face=3.4mm) n=[255, 255, 327, 327, 263, 263, 424, 424]  no evaluation (geometry pre-check)
  [ 175] INFEAS f=1189.846  a=22.2 b=29.3 gap=17.8 (face=3.5mm) n=[297, 297, 478, 478, 362, 362, 302, 302]  no evaluation (geometry pre-check)
  [ 176] viol   f=  70.479  a=21.7 b=30.9 gap=17.6 (face=3.3mm) n=[262, 262, 265, 265, 85, 85, 348, 348]  tape=0.364km B=10.45T unif=1.592% hoop=127MPa
  [ 177] viol   f=   0.846  a=23.1 b=31.9 gap=17.6 (face=3.3mm) n=[261, 261, 180, 180, 256, 256, 313, 313]  tape=0.389km B=10.64T unif=1.048% hoop=132MPa
  [ 178] viol   f= 234.185  a=21.7 b=31.2 gap=17.6 (face=3.2mm) n=[204, 204, 253, 253, 141, 141, 195, 195]  tape=0.294km B=9.50T unif=2.080% hoop=113MPa
  [ 179] viol   f=1685.966  a=18.8 b=25.9 gap=17.7 (face=3.3mm) n=[37, 37, 73, 73, 145, 145, 196, 196]  tape=0.142km B=4.47T unif=3.850% hoop=65MPa
  [ 180] viol   f=2850.157  a=19.8 b=27.3 gap=17.8 (face=3.5mm) n=[222, 222, 237, 237, 287, 287, 227, 227]  tape=0.319km B=11.58T unif=4.775% hoop=114MPa
  [a=23 b=29 nt=2610] KSP converged reason: 4, iterations: 1
  [a=24 b=34 nt=2430] KSP converged reason: 4, iterations: 1
  [a=24 b=33 nt=1990] KSP converged reason: 4, iterations: 1
  [a=24 b=29 nt=1732] KSP converged reason: 4, iterations: 1
  [a=22 b=31 nt=1926] KSP converged reason: 4, iterations: 1
  [a=20 b=29 nt=1552] KSP converged reason: 4, iterations: 1
  [a=20 b=30 nt=1966] KSP converged reason: 4, iterations: 1
  [ 181] viol   f= 270.031  a=23.6 b=29.2 gap=17.6 (face=3.2mm) n=[270, 270, 110, 110, 174, 174, 312, 312]  tape=0.323km B=9.33T unif=2.159% hoop=118MPa
  [ 182] viol   f=  54.170  a=20.3 b=28.7 gap=17.6 (face=3.1mm) n=[146, 146, 190, 190, 161, 161, 279, 279]  tape=0.276km B=8.16T unif=1.485% hoop=105MPa
  [ 183] INFEAS f=1001.728  a=23.7 b=33.2 gap=17.8 (face=3.6mm) n=[355, 355, 397, 397, 219, 219, 441, 441]  no evaluation (geometry pre-check)
  [ 184] INFEAS f=1333.860  a=21.8 b=32.7 gap=17.7 (face=3.4mm) n=[250, 250, 497, 497, 40, 40, 281, 281]  no evaluation (geometry pre-check)
  [ 185] viol   f= 266.972  a=24.1 b=33.9 gap=17.7 (face=3.4mm) n=[337, 337, 299, 299, 180, 180, 399, 399]  tape=0.506km B=13.19T unif=2.154% hoop=162MPa
  [ 186] viol   f= 460.044  a=21.8 b=31.2 gap=17.6 (face=3.2mm) n=[316, 316, 170, 170, 226, 226, 251, 251]  tape=0.365km B=11.52T unif=2.516% hoop=121MPa
  [ 187] viol   f=   0.880  a=23.8 b=32.8 gap=17.5 (face=3.1mm) n=[267, 267, 162, 162, 225, 225, 341, 341]  tape=0.404km B=10.20T unif=1.049% hoop=137MPa
  [ 188] viol   f=2204.186  a=23.2 b=29.4 gap=17.6 (face=3.3mm) n=[303, 303, 336, 336, 294, 294, 372, 372]  tape=0.471km B=14.81T unif=4.319% hoop=155MPa
  [ 189] OK     f=   0.354  a=20.2 b=30.1 gap=17.6 (face=3.1mm) n=[204, 204, 319, 319, 165, 165, 295, 295]  tape=0.354km B=11.20T unif=0.711% hoop=115MPa
  [a=21 b=34 nt=2052] KSP converged reason: 4, iterations: 1
  [a=20 b=28 nt=1904] KSP converged reason: 4, iterations: 1
  [a=21 b=30 nt=1758] KSP converged reason: 4, iterations: 1
  [a=21 b=29 nt=1284] KSP converged reason: 4, iterations: 1
  [a=20 b=28 nt=1350] KSP converged reason: 4, iterations: 1
  [a=21 b=30 nt=1506] KSP converged reason: 4, iterations: 1
  [a=21 b=29 nt=1984] KSP converged reason: 4, iterations: 1
  [ 190] viol   f=4677.344  a=19.9 b=28.0 gap=17.6 (face=3.2mm) n=[243, 243, 181, 181, 8, 8, 243, 243]  tape=0.219km B=8.87T unif=5.835% hoop=88MPa
  [ 191] INFEAS f=1000.431  a=19.9 b=28.4 gap=17.6 (face=3.1mm) n=[152, 152, 334, 334, 251, 251, 245, 245]  no evaluation (geometry pre-check)
  [ 192] INFEAS f=1009.779  a=20.9 b=30.2 gap=17.5 (face=3.1mm) n=[153, 153, 240, 240, 376, 376, 162, 162]  no evaluation (geometry pre-check)
  [ 193] viol   f=   3.301  a=20.8 b=30.5 gap=17.5 (face=3.0mm) n=[194, 194, 162, 162, 204, 204, 319, 319]  tape=0.332km B=8.78T unif=0.631% hoop=117MPa
  [ 194] viol   f=1998.055  a=20.9 b=29.9 gap=17.6 (face=3.2mm) n=[230, 230, 232, 232, 171, 171, 120, 120]  tape=0.263km B=9.93T unif=4.161% hoop=103MPa
  [ 195] viol   f=  26.411  a=20.5 b=29.5 gap=17.5 (face=3.0mm) n=[141, 141, 145, 145, 84, 84, 272, 272]  tape=0.236km B=6.38T unif=0.577% hoop=102MPa
  [ 196] viol   f=1343.093  a=19.9 b=27.7 gap=17.6 (face=3.2mm) n=[141, 141, 289, 289, 214, 214, 308, 308]  tape=0.320km B=10.14T unif=3.591% hoop=104MPa
  [ 197] viol   f=  15.494  a=21.3 b=33.7 gap=17.5 (face=3.1mm) n=[169, 169, 356, 356, 199, 199, 302, 302]  tape=0.413km B=11.14T unif=1.275% hoop=119MPa
  [ 198] viol   f=1040.479  a=21.1 b=29.3 gap=17.7 (face=3.4mm) n=[270, 270, 317, 317, 164, 164, 241, 241]  tape=0.355km B=12.18T unif=3.280% hoop=122MPa
  [a=20 b=29 nt=1492] KSP converged reason: 4, iterations: 1
  [a=23 b=31 nt=2244] KSP converged reason: 4, iterations: 1
  [a=24 b=33 nt=1894] KSP converged reason: 4, iterations: 1
  [a=20 b=32 nt=1472] KSP converged reason: 4, iterations: 1
  [a=20 b=32 nt=1610] KSP converged reason: 4, iterations: 1
  [a=20 b=29 nt=1340] KSP converged reason: 4, iterations: 1
  [ 199] viol   f=   3.884  a=20.3 b=32.2 gap=17.5 (face=3.1mm) n=[187, 187, 137, 137, 248, 248, 233, 233]  tape=0.296km B=8.66T unif=0.438% hoop=101MPa
  [ 200] INFEAS f=1017.416  a=21.5 b=31.9 gap=17.5 (face=3.0mm) n=[132, 132, 400, 400, 210, 210, 380, 380]  no evaluation (geometry pre-check)
  [ 201] viol   f=   6.240  a=20.0 b=32.0 gap=17.6 (face=3.1mm) n=[116, 116, 264, 264, 140, 140, 216, 216]  tape=0.277km B=8.27T unif=0.702% hoop=87MPa
  [ 202] INFEAS f=1000.190  a=19.7 b=28.6 gap=17.5 (face=3.1mm) n=[223, 223, 236, 236, 115, 115, 327, 327]  no evaluation (geometry pre-check)
  [ 203] viol   f=  14.346  a=20.2 b=29.4 gap=17.5 (face=3.1mm) n=[137, 137, 108, 108, 200, 200, 301, 301]  tape=0.274km B=7.35T unif=0.191% hoop=96MPa
  [ 204] viol   f=  30.431  a=20.3 b=28.7 gap=17.5 (face=3.1mm) n=[212, 212, 37, 37, 227, 227, 194, 194]  tape=0.224km B=7.87T unif=1.325% hoop=80MPa
  [ 205] viol   f= 115.031  a=22.7 b=31.0 gap=17.7 (face=3.3mm) n=[189, 189, 286, 286, 340, 340, 307, 307]  tape=0.420km B=11.79T unif=1.757% hoop=134MPa
  [ 206] INFEAS f=1003.445  a=21.3 b=32.2 gap=17.5 (face=3.0mm) n=[107, 107, 381, 381, 54, 54, 273, 273]  no evaluation (geometry pre-check)
  [ 207] OK     f=   0.376  a=23.5 b=33.4 gap=17.6 (face=3.3mm) n=[143, 143, 260, 260, 299, 299, 245, 245]  tape=0.376km B=10.02T unif=0.819% hoop=128MPa
  [a=25 b=35 nt=2334] KSP converged reason: 4, iterations: 1
  [a=21 b=34 nt=1974] KSP converged reason: 4, iterations: 1
  [a=21 b=34 nt=1830] KSP converged reason: 4, iterations: 1
  [a=22 b=34 nt=2086] KSP converged reason: 4, iterations: 1
  [a=22 b=34 nt=1774] KSP converged reason: 4, iterations: 1
  [a=22 b=33 nt=1610] KSP converged reason: 4, iterations: 1
  [a=22 b=31 nt=1998] KSP converged reason: 4, iterations: 1
  [ 208] viol   f=  12.899  a=24.9 b=34.7 gap=17.7 (face=3.3mm) n=[223, 223, 185, 185, 351, 351, 408, 408]  tape=0.505km B=10.87T unif=1.249% hoop=161MPa
  [ 209] INFEAS f=1006.036  a=23.0 b=33.4 gap=17.8 (face=3.6mm) n=[213, 213, 167, 167, 428, 428, 175, 175]  no evaluation (geometry pre-check)
  [ 210] INFEAS f=1000.351  a=20.3 b=30.7 gap=17.6 (face=3.2mm) n=[124, 124, 34, 34, 227, 227, 345, 345]  no evaluation (geometry pre-check)
  [ 211] OK     f=   0.385  a=20.5 b=33.9 gap=17.7 (face=3.4mm) n=[188, 188, 307, 307, 319, 319, 173, 173]  tape=0.385km B=11.12T unif=0.560% hoop=115MPa
  [ 212] OK     f=   0.429  a=21.6 b=34.4 gap=17.6 (face=3.2mm) n=[216, 216, 238, 238, 351, 351, 238, 238]  tape=0.429km B=11.06T unif=0.347% hoop=138MPa
  [ 213] viol   f= 162.905  a=22.4 b=32.6 gap=17.5 (face=3.1mm) n=[195, 195, 237, 237, 137, 137, 236, 236]  tape=0.303km B=9.20T unif=1.898% hoop=113MPa
  [ 214] viol   f=   0.840  a=22.3 b=33.7 gap=17.7 (face=3.3mm) n=[187, 187, 183, 183, 275, 275, 242, 242]  tape=0.349km B=9.50T unif=0.800% hoop=128MPa
  [ 215] viol   f=   3.270  a=20.8 b=34.1 gap=17.6 (face=3.2mm) n=[162, 162, 171, 171, 234, 234, 348, 348]  tape=0.378km B=8.80T unif=0.224% hoop=128MPa
  [ 216] viol   f=1347.243  a=22.0 b=31.2 gap=17.7 (face=3.3mm) n=[127, 127, 191, 191, 383, 383, 298, 298]  tape=0.394km B=9.50T unif=3.595% hoop=120MPa
  [a=23 b=36 nt=2376] KSP converged reason: 4, iterations: 1
  [a=21 b=33 nt=1644] KSP converged reason: 4, iterations: 1
  [a=22 b=32 nt=1388] KSP converged reason: 4, iterations: 1
  [a=20 b=30 nt=1232] KSP converged reason: 4, iterations: 1
  [ 217] viol   f= 954.353  a=22.2 b=32.4 gap=17.6 (face=3.2mm) n=[232, 232, 180, 180, 69, 69, 213, 213]  tape=0.262km B=8.39T unif=3.178% hoop=102MPa
  [ 218] INFEAS f=1097.405  a=20.8 b=37.7 gap=17.9 (face=3.8mm) n=[178, 178, 215, 215, 417, 417, 336, 336]  no evaluation (geometry pre-check)
  [ 219] viol   f=  28.392  a=20.9 b=32.9 gap=17.6 (face=3.2mm) n=[225, 225, 136, 136, 225, 225, 236, 236]  tape=0.304km B=9.10T unif=1.364% hoop=99MPa
  [ 220] viol   f= 427.523  a=19.8 b=29.8 gap=17.6 (face=3.1mm) n=[151, 151, 119, 119, 155, 155, 191, 191]  tape=0.212km B=6.80T unif=2.426% hoop=83MPa
  [ 221] INFEAS f=1124.839  a=19.5 b=32.8 gap=17.7 (face=3.4mm) n=[33, 33, 147, 147, 390, 390, 233, 233]  no evaluation (geometry pre-check)
  [ 222] viol   f=   2.450  a=22.6 b=35.9 gap=17.8 (face=3.6mm) n=[209, 209, 365, 365, 396, 396, 218, 218]  tape=0.506km B=12.69T unif=1.099% hoop=142MPa
  [ 223] INFEAS f=1162.803  a=20.1 b=36.6 gap=17.9 (face=3.8mm) n=[145, 145, 408, 408, 417, 417, 283, 283]  no evaluation (geometry pre-check)
  [ 224] INFEAS f=1442.093  a=20.2 b=33.9 gap=17.8 (face=3.5mm) n=[100, 100, 67, 67, 471, 471, 92, 92]  no evaluation (geometry pre-check)
  [ 225] INFEAS f=1236.437  a=22.3 b=35.7 gap=17.7 (face=3.3mm) n=[180, 180, 247, 247, 492, 492, 149, 149]  no evaluation (geometry pre-check)
  [a=24 b=39 nt=2338] KSP converged reason: 4, iterations: 1
  [a=22 b=37 nt=2060] KSP converged reason: 4, iterations: 1
  [a=23 b=35 nt=1984] KSP converged reason: 4, iterations: 1
  [a=22 b=35 nt=1934] KSP converged reason: 4, iterations: 1
  [a=23 b=34 nt=1996] KSP converged reason: 4, iterations: 1
  [a=21 b=32 nt=1604] KSP converged reason: 4, iterations: 1
  [ 226] viol   f=   0.560  a=23.2 b=34.4 gap=17.8 (face=3.6mm) n=[195, 195, 186, 186, 265, 265, 352, 352]  tape=0.420km B=9.74T unif=0.384% hoop=148MPa
  [ 227] viol   f=  74.061  a=20.8 b=31.7 gap=17.7 (face=3.5mm) n=[99, 99, 243, 243, 274, 274, 186, 186]  tape=0.299km B=8.74T unif=1.594% hoop=100MPa
  [ 228] INFEAS f=1007.131  a=20.5 b=32.4 gap=17.7 (face=3.4mm) n=[169, 169, 363, 363, 249, 249, 232, 232]  no evaluation (geometry pre-check)
  [ 229] viol   f=  15.417  a=22.1 b=36.5 gap=17.9 (face=3.7mm) n=[102, 102, 322, 322, 352, 352, 254, 254]  tape=0.433km B=10.60T unif=1.274% hoop=116MPa
  [ 230] viol   f=   1.263  a=24.2 b=38.7 gap=17.7 (face=3.3mm) n=[246, 246, 329, 329, 366, 366, 228, 228]  tape=0.525km B=12.68T unif=1.061% hoop=162MPa
  [ 231] INFEAS f=1265.269  a=20.2 b=32.7 gap=17.9 (face=3.7mm) n=[198, 198, 395, 395, 443, 443, 89, 89]  no evaluation (geometry pre-check)
  [ 232] viol   f=   0.587  a=22.3 b=35.0 gap=17.6 (face=3.2mm) n=[235, 235, 189, 189, 216, 216, 327, 327]  tape=0.403km B=9.70T unif=0.804% hoop=133MPa
  [ 233] viol   f= 468.879  a=22.8 b=34.5 gap=17.8 (face=3.6mm) n=[333, 333, 166, 166, 261, 261, 232, 232]  tape=0.410km B=11.69T unif=2.530% hoop=124MPa
  [ 234] INFEAS f=1301.420  a=20.3 b=34.1 gap=17.7 (face=3.3mm) n=[242, 242, 236, 236, 452, 452, 21, 21]  no evaluation (geometry pre-check)
  [a=23 b=37 nt=2616] KSP converged reason: 4, iterations: 1
  [a=21 b=35 nt=1972] KSP converged reason: 4, iterations: 1
  [a=25 b=37 nt=2314] KSP converged reason: 4, iterations: 1
  [a=22 b=37 nt=1940] KSP converged reason: 4, iterations: 1
  [a=23 b=36 nt=1898] KSP converged reason: 4, iterations: 1
  [a=22 b=34 nt=2098] KSP converged reason: 4, iterations: 1
  [a=23 b=37 nt=2364] KSP converged reason: 4, iterations: 1
  [a=23 b=35 nt=1686] KSP converged reason: 4, iterations: 1
  [a=23 b=34 nt=2006] KSP converged reason: 4, iterations: 1
  [ 235] OK     f=   0.417  a=21.8 b=34.2 gap=17.7 (face=3.4mm) n=[271, 271, 178, 178, 325, 325, 275, 275]  tape=0.417km B=11.21T unif=0.334% hoop=126MPa
  [ 236] viol   f=   0.511  a=22.1 b=37.3 gap=17.9 (face=3.7mm) n=[87, 87, 293, 293, 358, 358, 232, 232]  tape=0.421km B=9.79T unif=0.957% hoop=117MPa
  [ 237] viol   f=   0.897  a=21.2 b=34.9 gap=17.7 (face=3.3mm) n=[233, 233, 139, 139, 255, 255, 359, 359]  tape=0.411km B=9.51T unif=0.103% hoop=125MPa
  [ 238] viol   f=   1.653  a=23.3 b=35.9 gap=17.8 (face=3.6mm) n=[196, 196, 176, 176, 242, 242, 335, 335]  tape=0.410km B=9.21T unif=0.516% hoop=141MPa
  [ 239] viol   f= 225.619  a=25.2 b=37.2 gap=17.7 (face=3.4mm) n=[158, 158, 211, 211, 395, 395, 393, 393]  tape=0.513km B=10.54T unif=2.061% hoop=155MPa
  [ 240] OK     f=   0.571  a=23.3 b=37.2 gap=17.8 (face=3.6mm) n=[276, 276, 257, 257, 368, 368, 407, 407]  tape=0.571km B=12.82T unif=0.040% hoop=168MPa
  [ 241] OK     f=   0.523  a=23.4 b=37.3 gap=17.8 (face=3.6mm) n=[252, 252, 388, 388, 424, 424, 118, 118]  tape=0.523km B=13.01T unif=0.438% hoop=157MPa
  [ 242] viol   f= 335.968  a=23.2 b=34.8 gap=17.7 (face=3.5mm) n=[294, 294, 75, 75, 197, 197, 277, 277]  tape=0.343km B=9.44T unif=2.294% hoop=104MPa
  [ 243] viol   f=   0.708  a=22.9 b=33.8 gap=17.6 (face=3.3mm) n=[197, 197, 210, 210, 225, 225, 371, 371]  tape=0.424km B=9.62T unif=0.525% hoop=150MPa
  [a=25 b=38 nt=2456] KSP converged reason: 4, iterations: 1
  [a=23 b=36 nt=2182] KSP converged reason: 4, iterations: 1
  [a=26 b=38 nt=2006] KSP converged reason: 4, iterations: 1
  [a=23 b=36 nt=2156] KSP converged reason: 4, iterations: 1
  [a=24 b=37 nt=2030] KSP converged reason: 4, iterations: 1
  [a=22 b=38 nt=2326] KSP converged reason: 4, iterations: 1
  [ 244] OK     f=   0.462  a=22.9 b=35.6 gap=17.8 (face=3.6mm) n=[163, 163, 312, 312, 379, 379, 224, 224]  tape=0.462km B=11.20T unif=0.833% hoop=134MPa
  [ 245] OK     f=   0.515  a=22.1 b=38.3 gap=18.1 (face=4.3mm) n=[239, 239, 269, 269, 375, 375, 280, 280]  tape=0.515km B=11.94T unif=0.486% hoop=150MPa
  [ 246] INFEAS f=1001.298  a=22.5 b=34.8 gap=17.8 (face=3.6mm) n=[244, 244, 37, 37, 408, 408, 359, 359]  no evaluation (geometry pre-check)
  [ 247] OK     f=   0.565  a=25.2 b=37.5 gap=17.8 (face=3.7mm) n=[232, 232, 434, 434, 372, 372, 190, 190]  tape=0.565km B=13.43T unif=0.658% hoop=163MPa
  [ 248] viol   f=  13.438  a=24.0 b=36.6 gap=17.7 (face=3.5mm) n=[184, 184, 144, 144, 337, 337, 350, 350]  tape=0.439km B=9.50T unif=1.250% hoop=135MPa
  [ 249] INFEAS f=1050.939  a=21.7 b=33.8 gap=17.8 (face=3.5mm) n=[140, 140, 185, 185, 424, 424, 213, 213]  no evaluation (geometry pre-check)
  [ 250] viol   f=   0.638  a=25.6 b=37.5 gap=17.8 (face=3.6mm) n=[215, 215, 149, 149, 369, 369, 270, 270]  tape=0.462km B=9.70T unif=0.804% hoop=152MPa
  [ 251] OK     f=   0.470  a=22.6 b=36.0 gap=17.9 (face=3.8mm) n=[206, 206, 371, 371, 274, 274, 240, 240]  tape=0.470km B=12.03T unif=0.673% hoop=138MPa
  [ 252] INFEAS f=1033.150  a=20.0 b=33.1 gap=17.7 (face=3.3mm) n=[177, 177, 75, 75, 369, 369, 99, 99]  no evaluation (geometry pre-check)
  [a=26 b=36 nt=2226] KSP converged reason: 4, iterations: 1
  [a=24 b=37 nt=1834] KSP converged reason: 4, iterations: 1
  [a=24 b=36 nt=2410] KSP converged reason: 4, iterations: 1
  [a=23 b=35 nt=2156] KSP converged reason: 4, iterations: 1
  [a=23 b=35 nt=1980] KSP converged reason: 4, iterations: 1
  [a=24 b=32 nt=1808] KSP converged reason: 4, iterations: 1
  [ 253] INFEAS f=1046.504  a=21.1 b=36.2 gap=18.1 (face=4.2mm) n=[178, 178, 279, 279, 406, 406, 290, 290]  no evaluation (geometry pre-check)
  [ 254] viol   f= 508.787  a=23.7 b=36.7 gap=18.1 (face=4.2mm) n=[8, 8, 387, 387, 361, 361, 161, 161]  tape=0.392km B=9.68T unif=2.594% hoop=107MPa
  [ 255] INFEAS f=1014.264  a=23.0 b=37.9 gap=17.9 (face=3.8mm) n=[138, 138, 309, 309, 436, 436, 172, 172]  no evaluation (geometry pre-check)
  [ 256] viol   f=   0.541  a=26.0 b=35.6 gap=17.8 (face=3.7mm) n=[178, 178, 399, 399, 305, 305, 231, 231]  tape=0.500km B=11.98T unif=1.014% hoop=158MPa
  [ 257] OK     f=   0.411  a=23.4 b=34.9 gap=18.1 (face=4.1mm) n=[165, 165, 284, 284, 324, 324, 217, 217]  tape=0.411km B=10.43T unif=0.687% hoop=129MPa
  [ 258] viol   f=  57.388  a=23.7 b=31.8 gap=17.7 (face=3.3mm) n=[183, 183, 216, 216, 233, 233, 272, 272]  tape=0.345km B=9.70T unif=1.533% hoop=131MPa
  [ 259] OK     f=   0.440  a=23.4 b=35.2 gap=18.0 (face=3.9mm) n=[227, 227, 320, 320, 307, 307, 224, 224]  tape=0.440km B=12.06T unif=0.675% hoop=139MPa
  [ 260] INFEAS f=1038.863  a=21.2 b=35.6 gap=18.1 (face=4.1mm) n=[191, 191, 297, 297, 404, 404, 103, 103]  no evaluation (geometry pre-check)
  [ 261] OK     f=   0.510  a=24.3 b=35.9 gap=18.0 (face=3.9mm) n=[287, 287, 377, 377, 371, 371, 170, 170]  tape=0.510km B=13.81T unif=0.626% hoop=160MPa
  [a=23 b=35 nt=2006] KSP converged reason: 4, iterations: 1
  [a=24 b=34 nt=2286] KSP converged reason: 4, iterations: 1
  [a=25 b=33 nt=2006] KSP converged reason: 4, iterations: 1
  [a=23 b=33 nt=2024] KSP converged reason: 4, iterations: 1
  [a=26 b=38 nt=2176] KSP converged reason: 4, iterations: 1
  [a=23 b=30 nt=1676] KSP converged reason: 4, iterations: 1
  [a=22 b=34 nt=2368] KSP converged reason: 4, iterations: 1
  [a=25 b=34 nt=2136] KSP converged reason: 4, iterations: 1
  [a=25 b=38 nt=2128] KSP converged reason: 4, iterations: 1
  [ 262] viol   f= 314.607  a=25.2 b=32.8 gap=18.0 (face=4.0mm) n=[130, 130, 343, 343, 236, 236, 294, 294]  tape=0.410km B=10.45T unif=2.253% hoop=135MPa
  [ 263] OK     f=   0.477  a=26.0 b=37.6 gap=18.1 (face=4.2mm) n=[231, 231, 254, 254, 316, 316, 287, 287]  tape=0.477km B=11.20T unif=0.931% hoop=160MPa
  [ 264] viol   f= 317.132  a=23.1 b=30.4 gap=17.7 (face=3.4mm) n=[219, 219, 254, 254, 276, 276, 89, 89]  tape=0.309km B=10.34T unif=2.259% hoop=126MPa
  [ 265] viol   f= 176.287  a=22.7 b=33.5 gap=17.8 (face=3.6mm) n=[158, 158, 360, 360, 301, 301, 193, 193]  tape=0.415km B=11.20T unif=1.938% hoop=123MPa
  [ 266] viol   f=   0.527  a=23.9 b=33.8 gap=18.2 (face=4.4mm) n=[223, 223, 354, 354, 343, 343, 223, 223]  tape=0.464km B=12.54T unif=1.018% hoop=145MPa
  [ 267] viol   f= 132.625  a=23.1 b=35.4 gap=18.1 (face=4.2mm) n=[109, 109, 345, 345, 387, 387, 162, 162]  tape=0.428km B=10.49T unif=1.813% hoop=119MPa
  [ 268] viol   f=   1.245  a=22.1 b=34.3 gap=17.8 (face=3.6mm) n=[222, 222, 355, 355, 358, 358, 249, 249]  tape=0.472km B=12.94T unif=1.062% hoop=139MPa
  [ 269] viol   f= 206.213  a=25.2 b=34.2 gap=18.3 (face=4.7mm) n=[170, 170, 371, 371, 336, 336, 191, 191]  tape=0.453km B=11.47T unif=2.014% hoop=136MPa
  [ 270] viol   f=   2.156  a=25.2 b=37.9 gap=18.0 (face=4.1mm) n=[222, 222, 320, 320, 221, 221, 301, 301]  tape=0.468km B=11.34T unif=1.092% hoop=148MPa
  [a=25 b=35 nt=2300] KSP converged reason: 4, iterations: 1
  [a=25 b=36 nt=2460] KSP converged reason: 4, iterations: 1
  [a=24 b=37 nt=2252] KSP converged reason: 4, iterations: 1
  [a=23 b=34 nt=2200] KSP converged reason: 4, iterations: 1
  [a=26 b=38 nt=2510] KSP converged reason: 4, iterations: 1
  [a=25 b=37 nt=2414] KSP converged reason: 4, iterations: 1
  [a=24 b=35 nt=1998] KSP converged reason: 4, iterations: 1
  [a=24 b=36 nt=2230] KSP converged reason: 4, iterations: 1
  [a=25 b=36 nt=2268] KSP converged reason: 4, iterations: 1
  [ 271] OK     f=   0.558  a=26.1 b=38.0 gap=18.1 (face=4.2mm) n=[256, 256, 347, 347, 365, 365, 287, 287]  tape=0.558km B=13.26T unif=0.735% hoop=172MPa
  [ 272] viol   f= 470.395  a=25.3 b=37.3 gap=18.1 (face=4.2mm) n=[356, 356, 220, 220, 298, 298, 333, 333]  tape=0.525km B=13.16T unif=2.533% hoop=156MPa
  [ 273] OK     f=   0.508  a=24.1 b=37.5 gap=18.2 (face=4.4mm) n=[207, 207, 391, 391, 324, 324, 204, 204]  tape=0.508km B=12.21T unif=0.593% hoop=147MPa
  [ 274] OK     f=   0.495  a=25.0 b=35.2 gap=17.9 (face=3.9mm) n=[222, 222, 389, 389, 364, 364, 175, 175]  tape=0.495km B=12.68T unif=0.981% hoop=152MPa
  [ 275] viol   f= 552.708  a=23.4 b=34.2 gap=17.9 (face=3.9mm) n=[162, 162, 364, 364, 365, 365, 209, 209]  tape=0.450km B=11.84T unif=2.662% hoop=127MPa
  [ 276] OK     f=   0.528  a=24.7 b=36.0 gap=18.0 (face=3.9mm) n=[262, 262, 376, 376, 341, 341, 251, 251]  tape=0.528km B=13.66T unif=0.648% hoop=165MPa
  [ 277] OK     f=   0.415  a=24.4 b=34.6 gap=17.8 (face=3.6mm) n=[212, 212, 316, 316, 201, 201, 270, 270]  tape=0.415km B=11.07T unif=0.968% hoop=138MPa
  [ 278] viol   f=  14.225  a=24.1 b=36.0 gap=18.3 (face=4.6mm) n=[255, 255, 325, 325, 309, 309, 226, 226]  tape=0.465km B=12.53T unif=1.262% hoop=148MPa
  [ 279] viol   f=   8.854  a=25.0 b=36.2 gap=17.8 (face=3.5mm) n=[268, 268, 259, 259, 276, 276, 331, 331]  tape=0.482km B=11.82T unif=1.205% hoop=164MPa
  [a=26 b=37 nt=2412] KSP converged reason: 4, iterations: 1
  [a=26 b=37 nt=2050] KSP converged reason: 4, iterations: 1
  [a=24 b=33 nt=2430] KSP converged reason: 4, iterations: 1
  [a=25 b=36 nt=2076] KSP converged reason: 4, iterations: 1
  [a=26 b=34 nt=1716] KSP converged reason: 4, iterations: 1
  [a=26 b=38 nt=1778] KSP converged reason: 4, iterations: 1
  [a=26 b=37 nt=2122] KSP converged reason: 4, iterations: 1
  [ 280] viol   f=  40.637  a=26.0 b=34.4 gap=17.7 (face=3.4mm) n=[233, 233, 168, 168, 180, 180, 277, 277]  tape=0.360km B=8.93T unif=1.436% hoop=144MPa
  [ 281] OK     f=   0.550  a=25.6 b=36.6 gap=18.0 (face=4.0mm) n=[243, 243, 424, 424, 330, 330, 209, 209]  tape=0.550km B=13.34T unif=0.667% hoop=166MPa
  [ 282] INFEAS f=1000.355  a=26.0 b=35.0 gap=17.9 (face=3.9mm) n=[201, 201, 498, 498, 281, 281, 233, 233]  no evaluation (geometry pre-check)
  [ 283] OK     f=   0.482  a=23.8 b=33.1 gap=17.7 (face=3.5mm) n=[259, 259, 355, 355, 306, 306, 295, 295]  tape=0.482km B=13.68T unif=0.511% hoop=156MPa
  [ 284] OK     f=   0.469  a=25.8 b=37.1 gap=18.0 (face=4.1mm) n=[202, 202, 419, 419, 340, 340, 64, 64]  tape=0.469km B=11.61T unif=0.603% hoop=146MPa
  [ 285] OK     f=   0.457  a=25.3 b=36.2 gap=17.9 (face=3.9mm) n=[205, 205, 260, 260, 346, 346, 227, 227]  tape=0.457km B=10.73T unif=0.521% hoop=156MPa
  [ 286] viol   f= 123.214  a=26.4 b=38.2 gap=17.7 (face=3.4mm) n=[221, 221, 266, 266, 216, 216, 186, 186]  tape=0.396km B=9.93T unif=1.784% hoop=147MPa
  [ 287] viol   f= 140.964  a=26.1 b=37.4 gap=17.8 (face=3.6mm) n=[261, 261, 276, 276, 229, 229, 295, 295]  tape=0.458km B=11.46T unif=1.838% hoop=160MPa
  [ 288] INFEAS f=1010.020  a=25.5 b=36.3 gap=18.1 (face=4.1mm) n=[187, 187, 499, 499, 300, 300, 126, 126]  no evaluation (geometry pre-check)
  [a=25 b=38 nt=2640] KSP converged reason: 4, iterations: 1
  [a=28 b=38 nt=2730] KSP converged reason: 4, iterations: 1
  [a=26 b=35 nt=1934] KSP converged reason: 4, iterations: 1
  [a=24 b=37 nt=2188] KSP converged reason: 4, iterations: 1
  [a=24 b=35 nt=1864] KSP converged reason: 4, iterations: 1
  [a=28 b=39 nt=2406] KSP converged reason: 4, iterations: 1
  [a=28 b=36 nt=2230] KSP converged reason: 4, iterations: 1
  [a=26 b=38 nt=2638] KSP converged reason: 4, iterations: 1
  [ 289] viol   f=   3.701  a=27.6 b=38.5 gap=18.1 (face=4.3mm) n=[282, 282, 347, 347, 395, 395, 179, 179]  tape=0.563km B=12.88T unif=1.125% hoop=186MPa
  [ 290] INFEAS f=1007.933  a=23.7 b=38.0 gap=17.9 (face=3.8mm) n=[187, 187, 368, 368, 449, 449, 332, 332]  no evaluation (geometry pre-check)
  [ 291] OK     f=   0.493  a=24.5 b=36.9 gap=17.8 (face=3.6mm) n=[177, 177, 392, 392, 316, 316, 209, 209]  tape=0.493km B=11.89T unif=0.687% hoop=144MPa
  [ 292] OK     f=   0.629  a=25.5 b=37.8 gap=18.1 (face=4.2mm) n=[297, 297, 475, 475, 297, 297, 251, 251]  tape=0.629km B=14.45T unif=0.590% hoop=189MPa
  [ 293] OK     f=   0.409  a=23.9 b=34.8 gap=17.7 (face=3.5mm) n=[170, 170, 369, 369, 221, 221, 172, 172]  tape=0.409km B=10.67T unif=0.789% hoop=134MPa
  [ 294] OK     f=   0.419  a=25.6 b=34.6 gap=18.0 (face=3.9mm) n=[244, 244, 295, 295, 406, 406, 22, 22]  tape=0.419km B=10.68T unif=0.333% hoop=157MPa
  [ 295] OK     f=   0.631  a=27.8 b=38.0 gap=18.2 (face=4.5mm) n=[311, 311, 430, 430, 413, 413, 211, 211]  tape=0.631km B=14.82T unif=0.644% hoop=198MPa
  [ 296] OK     f=   0.496  a=28.1 b=36.1 gap=17.9 (face=3.8mm) n=[276, 276, 359, 359, 157, 157, 323, 323]  tape=0.496km B=11.90T unif=0.764% hoop=177MPa
  [ 297] OK     f=   0.599  a=26.3 b=37.5 gap=18.1 (face=4.1mm) n=[302, 302, 408, 408, 286, 286, 323, 323]  tape=0.599km B=14.33T unif=0.845% hoop=186MPa
  [a=23 b=35 nt=1598] KSP converged reason: 4, iterations: 1
  [a=24 b=36 nt=1774] KSP converged reason: 4, iterations: 1
  [a=26 b=35 nt=1826] KSP converged reason: 4, iterations: 1
  [a=24 b=34 nt=2078] KSP converged reason: 4, iterations: 1
  [a=25 b=36 nt=1946] KSP converged reason: 4, iterations: 1
  [a=24 b=36 nt=1640] KSP converged reason: 4, iterations: 1
  [a=22 b=34 nt=2260] KSP converged reason: 4, iterations: 1
  [a=24 b=30 nt=1620] KSP converged reason: 4, iterations: 1
  [a=25 b=35 nt=1990] KSP converged reason: 4, iterations: 1
  [ 298] viol   f=   4.619  a=24.3 b=36.3 gap=17.7 (face=3.5mm) n=[204, 204, 295, 295, 287, 287, 34, 34]  tape=0.343km B=9.91T unif=1.146% hoop=129MPa
  [ 299] viol   f=   0.659  a=23.4 b=34.5 gap=17.9 (face=3.8mm) n=[166, 166, 393, 393, 213, 213, 27, 27]  tape=0.346km B=9.75T unif=1.031% hoop=117MPa
  [ 300] OK     f=   0.420  a=24.1 b=34.3 gap=18.0 (face=4.0mm) n=[235, 235, 306, 306, 313, 313, 185, 185]  tape=0.420km B=11.86T unif=0.873% hoop=142MPa
  [ 301] viol   f= 250.836  a=24.8 b=35.6 gap=17.8 (face=3.5mm) n=[268, 268, 294, 294, 238, 238, 173, 173]  tape=0.407km B=11.48T unif=2.119% hoop=145MPa
  [ 302] OK     f=   0.397  a=25.8 b=34.6 gap=17.6 (face=3.3mm) n=[197, 197, 331, 331, 156, 156, 229, 229]  tape=0.397km B=10.19T unif=0.681% hoop=139MPa
  [ 303] viol   f=   1.695  a=24.0 b=36.0 gap=17.9 (face=3.7mm) n=[198, 198, 213, 213, 370, 370, 106, 106]  tape=0.398km B=9.19T unif=0.159% hoop=151MPa
  [ 304] viol   f=   1.868  a=22.4 b=34.5 gap=17.8 (face=3.6mm) n=[270, 270, 348, 348, 315, 315, 197, 197]  tape=0.456km B=13.37T unif=1.084% hoop=143MPa
  [ 305] viol   f=   0.341  a=24.2 b=29.7 gap=17.6 (face=3.2mm) n=[201, 201, 291, 291, 172, 172, 146, 146]  tape=0.310km B=9.88T unif=0.876% hoop=127MPa
  [ 306] viol   f=  48.347  a=24.7 b=35.1 gap=17.9 (face=3.8mm) n=[293, 293, 346, 346, 323, 323, 33, 33]  tape=0.407km B=12.22T unif=1.490% hoop=148MPa
  [a=23 b=33 nt=2094] KSP converged reason: 4, iterations: 1
  [a=23 b=33 nt=1856] KSP converged reason: 4, iterations: 1
  [a=26 b=34 nt=1826] KSP converged reason: 4, iterations: 1
  [a=25 b=33 nt=2076] KSP converged reason: 4, iterations: 1
  [a=24 b=31 nt=1696] KSP converged reason: 4, iterations: 1
  [a=25 b=30 nt=1616] KSP converged reason: 4, iterations: 1
  [a=26 b=37 nt=2336] KSP converged reason: 4, iterations: 1
  [a=24 b=31 nt=1456] KSP converged reason: 4, iterations: 1
  [ 307] viol   f= 217.721  a=22.8 b=33.4 gap=17.6 (face=3.1mm) n=[149, 149, 360, 360, 306, 306, 113, 113]  tape=0.380km B=10.64T unif=2.042% hoop=116MPa
  [ 308] viol   f= 133.784  a=23.8 b=30.7 gap=17.6 (face=3.3mm) n=[138, 138, 304, 304, 228, 228, 178, 178]  tape=0.330km B=9.62T unif=1.816% hoop=123MPa
  [ 309] INFEAS f=1184.557  a=25.9 b=28.8 gap=17.9 (face=3.9mm) n=[250, 250, 360, 360, 138, 138, 181, 181]  no evaluation (geometry pre-check)
  [ 310] OK     f=   0.426  a=23.2 b=33.3 gap=17.7 (face=3.5mm) n=[312, 312, 400, 400, 288, 288, 47, 47]  tape=0.426km B=13.05T unif=0.854% hoop=147MPa
  [ 311] viol   f= 142.216  a=24.6 b=33.3 gap=17.8 (face=3.6mm) n=[244, 244, 267, 267, 324, 324, 203, 203]  tape=0.421km B=11.57T unif=1.842% hoop=152MPa
  [ 312] OK     f=   0.398  a=26.2 b=34.2 gap=17.7 (face=3.4mm) n=[272, 272, 371, 371, 79, 79, 191, 191]  tape=0.398km B=10.72T unif=0.392% hoop=152MPa
  [ 313] viol   f=1122.327  a=24.8 b=30.0 gap=17.7 (face=3.5mm) n=[230, 230, 235, 235, 260, 260, 83, 83]  tape=0.298km B=10.04T unif=3.369% hoop=136MPa
  [ 314] OK     f=   0.544  a=26.1 b=36.6 gap=18.0 (face=4.0mm) n=[232, 232, 429, 429, 228, 228, 279, 279]  tape=0.544km B=12.62T unif=0.675% hoop=166MPa
  [ 315] viol   f=   3.132  a=24.2 b=31.1 gap=17.7 (face=3.4mm) n=[146, 146, 312, 312, 155, 155, 115, 115]  tape=0.295km B=8.81T unif=0.901% hoop=108MPa
  [a=27 b=37 nt=2140] KSP converged reason: 4, iterations: 1
  [a=24 b=34 nt=1762] KSP converged reason: 4, iterations: 1
  [a=28 b=38 nt=1934] KSP converged reason: 4, iterations: 1
  [a=26 b=33 nt=2064] KSP converged reason: 4, iterations: 1
  [a=24 b=32 nt=1696] KSP converged reason: 4, iterations: 1
  [a=26 b=33 nt=1900] KSP converged reason: 4, iterations: 1
  [a=26 b=35 nt=1592] KSP converged reason: 4, iterations: 1
  [a=25 b=35 nt=2140] KSP converged reason: 4, iterations: 1
  [a=25 b=32 nt=1864] KSP converged reason: 4, iterations: 1
  [ 316] OK     f=   0.479  a=28.5 b=38.2 gap=18.2 (face=4.4mm) n=[228, 228, 421, 421, 207, 207, 111, 111]  tape=0.479km B=10.70T unif=0.840% hoop=168MPa
  [ 317] OK     f=   0.496  a=26.9 b=36.6 gap=17.9 (face=3.9mm) n=[284, 284, 400, 400, 236, 236, 150, 150]  tape=0.496km B=12.12T unif=0.690% hoop=176MPa
  [ 318] viol   f= 969.741  a=25.8 b=33.4 gap=18.0 (face=4.1mm) n=[303, 303, 282, 282, 224, 224, 141, 141]  tape=0.388km B=11.73T unif=3.202% hoop=148MPa
  [ 319] viol   f= 270.957  a=25.8 b=33.3 gap=17.9 (face=3.7mm) n=[304, 304, 333, 333, 157, 157, 238, 238]  tape=0.424km B=12.21T unif=2.163% hoop=154MPa
  [ 320] viol   f=1049.728  a=24.3 b=32.3 gap=17.8 (face=3.6mm) n=[304, 304, 315, 315, 162, 162, 67, 67]  tape=0.334km B=11.49T unif=3.291% hoop=133MPa
  [ 321] OK     f=   0.373  a=24.4 b=34.4 gap=17.8 (face=3.7mm) n=[187, 187, 340, 340, 269, 269, 85, 85]  tape=0.373km B=10.42T unif=0.619% hoop=130MPa
  [ 322] viol   f=   2.191  a=25.6 b=35.2 gap=17.8 (face=3.6mm) n=[174, 174, 342, 342, 103, 103, 177, 177]  tape=0.356km B=9.04T unif=0.772% hoop=129MPa
  [ 323] viol   f= 300.143  a=24.6 b=35.2 gap=18.1 (face=4.2mm) n=[315, 315, 355, 355, 225, 225, 175, 175]  tape=0.456km B=12.84T unif=2.224% hoop=150MPa
  [ 324] viol   f=  45.997  a=24.9 b=32.1 gap=17.6 (face=3.1mm) n=[237, 237, 372, 372, 35, 35, 288, 288]  tape=0.377km B=10.55T unif=1.478% hoop=138MPa
  [a=26 b=35 nt=2070] KSP converged reason: 4, iterations: 1
  [a=26 b=37 nt=1882] KSP converged reason: 4, iterations: 1
  [a=25 b=38 nt=1920] KSP converged reason: 4, iterations: 1
  [a=24 b=31 nt=1348] KSP converged reason: 4, iterations: 1
  [a=22 b=31 nt=1322] KSP converged reason: 4, iterations: 1
  [a=27 b=37 nt=1776] KSP converged reason: 4, iterations: 1
  [a=25 b=34 nt=1426] KSP converged reason: 4, iterations: 1
  [a=23 b=32 nt=1686] KSP converged reason: 4, iterations: 1
  [a=26 b=36 nt=1586] KSP converged reason: 4, iterations: 1
  [ 325] viol   f= 215.344  a=26.4 b=35.4 gap=17.7 (face=3.4mm) n=[239, 239, 483, 483, 127, 127, 186, 186]  tape=0.493km B=11.56T unif=2.036% hoop=161MPa
  [ 326] viol   f=   4.882  a=24.0 b=30.8 gap=17.7 (face=3.3mm) n=[175, 175, 293, 293, 127, 127, 79, 79]  tape=0.268km B=8.48T unif=0.530% hoop=114MPa
  [ 327] viol   f= 175.311  a=27.5 b=37.4 gap=17.9 (face=3.8mm) n=[237, 237, 269, 269, 258, 258, 124, 124]  tape=0.390km B=10.14T unif=1.935% hoop=153MPa
  [ 328] OK     f=   0.460  a=25.0 b=37.9 gap=18.1 (face=4.2mm) n=[150, 150, 422, 422, 235, 235, 153, 153]  tape=0.460km B=10.67T unif=0.886% hoop=143MPa
  [ 329] viol   f=   4.176  a=21.8 b=31.2 gap=17.8 (face=3.5mm) n=[183, 183, 273, 273, 198, 198, 7, 7]  tape=0.246km B=8.67T unif=1.045% hoop=103MPa
  [ 330] viol   f=  92.965  a=25.9 b=37.4 gap=18.1 (face=4.2mm) n=[100, 100, 486, 486, 286, 286, 69, 69]  tape=0.452km B=10.52T unif=1.680% hoop=133MPa
  [ 331] viol   f=   5.467  a=24.9 b=33.6 gap=17.9 (face=3.7mm) n=[153, 153, 258, 258, 285, 285, 17, 17]  tape=0.288km B=8.39T unif=0.455% hoop=118MPa
  [ 332] viol   f= 168.997  a=23.3 b=32.4 gap=17.8 (face=3.6mm) n=[116, 116, 285, 285, 347, 347, 95, 95]  tape=0.341km B=9.13T unif=1.914% hoop=115MPa
  [ 333] viol   f=   1.114  a=25.8 b=36.5 gap=18.2 (face=4.4mm) n=[130, 130, 438, 438, 223, 223, 2, 2]  tape=0.367km B=9.39T unif=0.972% hoop=118MPa
  [a=24 b=37 nt=1646] KSP converged reason: 4, iterations: 1
  [a=24 b=35 nt=1608] KSP converged reason: 4, iterations: 1
  [a=23 b=32 nt=1788] KSP converged reason: 4, iterations: 1
  [a=24 b=36 nt=1828] KSP converged reason: 4, iterations: 1
  [a=26 b=35 nt=1608] KSP converged reason: 4, iterations: 1
  [a=24 b=35 nt=1616] KSP converged reason: 4, iterations: 1
  [a=27 b=37 nt=1648] KSP converged reason: 4, iterations: 1
  [a=26 b=36 nt=1578] KSP converged reason: 4, iterations: 1
  [ 334] viol   f= 515.906  a=24.0 b=36.0 gap=18.1 (face=4.1mm) n=[113, 113, 386, 386, 402, 402, 13, 13]  tape=0.384km B=10.01T unif=2.605% hoop=110MPa
  [ 335] viol   f=  69.750  a=22.7 b=31.6 gap=17.8 (face=3.5mm) n=[223, 223, 388, 388, 191, 191, 92, 92]  tape=0.367km B=10.89T unif=1.589% hoop=132MPa
  [ 336] viol   f=  14.231  a=24.2 b=35.4 gap=18.0 (face=4.0mm) n=[108, 108, 407, 407, 175, 175, 114, 114]  tape=0.366km B=9.31T unif=1.254% hoop=114MPa
  [ 337] viol   f= 175.772  a=23.6 b=36.7 gap=18.0 (face=4.1mm) n=[67, 67, 429, 429, 294, 294, 33, 33]  tape=0.367km B=9.32T unif=1.934% hoop=112MPa
  [ 338] viol   f=   3.980  a=24.4 b=34.7 gap=18.0 (face=4.1mm) n=[112, 112, 245, 245, 259, 259, 192, 192]  tape=0.330km B=8.65T unif=0.460% hoop=120MPa
  [ 339] viol   f=  37.460  a=25.7 b=35.0 gap=18.0 (face=3.9mm) n=[98, 98, 327, 327, 298, 298, 81, 81]  tape=0.343km B=8.95T unif=1.418% hoop=120MPa
  [ 340] viol   f=  12.446  a=26.8 b=36.7 gap=18.2 (face=4.5mm) n=[157, 157, 459, 459, 149, 149, 59, 59]  tape=0.398km B=9.47T unif=1.240% hoop=125MPa
  [ 341] viol   f=   2.020  a=25.6 b=36.2 gap=17.9 (face=3.7mm) n=[195, 195, 354, 354, 97, 97, 143, 143]  tape=0.361km B=9.09T unif=0.839% hoop=136MPa
  [ 342] INFEAS f=1008.779  a=22.5 b=38.7 gap=18.1 (face=4.2mm) n=[146, 146, 420, 420, 152, 152, 155, 155]  no evaluation (geometry pre-check)
  [a=23 b=32 nt=1524] KSP converged reason: 4, iterations: 1
  [a=26 b=38 nt=1658] KSP converged reason: 4, iterations: 1
  [a=24 b=40 nt=1598] KSP converged reason: 4, iterations: 1
  [a=22 b=35 nt=1312] KSP converged reason: 4, iterations: 1
  [a=25 b=33 nt=1402] KSP converged reason: 4, iterations: 1
  [a=22 b=33 nt=1358] KSP converged reason: 4, iterations: 1
  [a=25 b=35 nt=1818] KSP converged reason: 4, iterations: 1
  [a=26 b=37 nt=1520] KSP converged reason: 4, iterations: 1
  [a=27 b=36 nt=1728] KSP converged reason: 4, iterations: 1
  [ 343] viol   f=   5.625  a=24.8 b=32.6 gap=17.7 (face=3.4mm) n=[131, 131, 300, 300, 147, 147, 123, 123]  tape=0.294km B=8.37T unif=0.759% hoop=107MPa
  [ 344] viol   f=  17.117  a=22.2 b=34.6 gap=17.9 (face=3.8mm) n=[119, 119, 185, 185, 325, 325, 27, 27]  tape=0.276km B=7.10T unif=0.793% hoop=108MPa
  [ 345] viol   f=   1.385  a=26.1 b=38.0 gap=18.2 (face=4.4mm) n=[182, 182, 373, 373, 153, 153, 121, 121]  tape=0.397km B=9.32T unif=1.016% hoop=133MPa
  [ 346] viol   f=   8.269  a=21.7 b=33.3 gap=18.1 (face=4.2mm) n=[147, 147, 225, 225, 270, 270, 37, 37]  tape=0.266km B=8.00T unif=0.687% hoop=104MPa
  [ 347] viol   f=  31.361  a=24.4 b=39.6 gap=18.2 (face=4.5mm) n=[167, 167, 377, 377, 102, 102, 153, 153]  tape=0.388km B=8.91T unif=1.378% hoop=119MPa
  [ 348] viol   f=  20.816  a=23.3 b=32.4 gap=17.6 (face=3.3mm) n=[161, 161, 356, 356, 145, 145, 100, 100]  tape=0.320km B=9.27T unif=1.312% hoop=112MPa
  [ 349] OK     f=   0.374  a=25.0 b=34.6 gap=18.0 (face=4.0mm) n=[198, 198, 293, 293, 293, 293, 125, 125]  tape=0.374km B=10.40T unif=0.819% hoop=132MPa
  [ 350] viol   f=   3.781  a=25.8 b=37.0 gap=18.0 (face=3.9mm) n=[112, 112, 353, 353, 212, 212, 83, 83]  tape=0.352km B=8.69T unif=0.883% hoop=120MPa
  [ 351] viol   f=  15.376  a=26.6 b=35.9 gap=18.1 (face=4.2mm) n=[212, 212, 460, 460, 139, 139, 53, 53]  tape=0.409km B=10.08T unif=1.274% hoop=145MPa
  [a=24 b=38 nt=2056] KSP converged reason: 4, iterations: 1
  [a=26 b=36 nt=1574] KSP converged reason: 4, iterations: 1
  [a=27 b=36 nt=2008] KSP converged reason: 4, iterations: 1
  [a=24 b=36 nt=1728] KSP converged reason: 4, iterations: 1
  [a=27 b=37 nt=1620] KSP converged reason: 4, iterations: 1
  [a=24 b=35 nt=1224] KSP converged reason: 4, iterations: 1
  [a=24 b=39 nt=1786] KSP converged reason: 4, iterations: 1
  [a=27 b=34 nt=1556] KSP converged reason: 4, iterations: 1
  [a=26 b=35 nt=1666] KSP converged reason: 4, iterations: 1
  [ 352] viol   f=  20.079  a=24.0 b=34.7 gap=18.0 (face=3.9mm) n=[107, 107, 191, 191, 199, 199, 115, 115]  tape=0.247km B=6.85T unif=0.938% hoop=104MPa
  [ 353] viol   f= 103.779  a=27.0 b=35.7 gap=17.8 (face=3.6mm) n=[269, 269, 304, 304, 153, 153, 278, 278]  tape=0.430km B=11.15T unif=1.719% hoop=158MPa
  [ 354] viol   f= 127.241  a=24.0 b=35.7 gap=17.9 (face=3.8mm) n=[223, 223, 267, 267, 261, 261, 113, 113]  tape=0.355km B=10.26T unif=1.797% hoop=132MPa
  [ 355] viol   f= 282.927  a=27.1 b=37.0 gap=18.1 (face=4.3mm) n=[210, 210, 248, 248, 203, 203, 149, 149]  tape=0.355km B=9.14T unif=2.185% hoop=141MPa
  [ 356] viol   f=  11.923  a=26.4 b=36.0 gap=17.9 (face=3.8mm) n=[214, 214, 312, 312, 167, 167, 94, 94]  tape=0.353km B=9.25T unif=1.229% hoop=141MPa
  [ 357] viol   f=   7.041  a=23.9 b=37.5 gap=17.8 (face=3.6mm) n=[229, 229, 348, 348, 313, 313, 138, 138]  tape=0.452km B=11.79T unif=1.181% hoop=142MPa
  [ 358] viol   f=   0.438  a=24.1 b=38.8 gap=18.3 (face=4.6mm) n=[122, 122, 415, 415, 287, 287, 69, 69]  tape=0.421km B=9.91T unif=0.888% hoop=124MPa
  [ 359] viol   f=  72.976  a=26.7 b=33.9 gap=17.8 (face=3.6mm) n=[197, 197, 277, 277, 197, 197, 107, 107]  tape=0.329km B=9.14T unif=1.597% hoop=135MPa
  [ 360] viol   f=   0.522  a=25.6 b=35.2 gap=18.0 (face=4.0mm) n=[146, 146, 371, 371, 258, 258, 58, 58]  tape=0.369km B=9.72T unif=0.665% hoop=126MPa
  [a=25 b=37 nt=1840] KSP converged reason: 4, iterations: 1
  [a=24 b=34 nt=1718] KSP converged reason: 4, iterations: 1
  [a=24 b=36 nt=1740] KSP converged reason: 4, iterations: 1
  [a=25 b=37 nt=1654] KSP converged reason: 4, iterations: 1
  [a=24 b=37 nt=1808] KSP converged reason: 4, iterations: 1
  [a=23 b=37 nt=1620] KSP converged reason: 4, iterations: 1
  [a=25 b=38 nt=1750] KSP converged reason: 4, iterations: 1
  [a=25 b=36 nt=1612] KSP converged reason: 4, iterations: 1
  [a=24 b=38 nt=1942] KSP converged reason: 4, iterations: 1
  [ 361] OK     f=   0.375  a=24.3 b=34.0 gap=18.1 (face=4.3mm) n=[205, 205, 387, 387, 199, 199, 68, 68]  tape=0.375km B=10.29T unif=0.915% hoop=136MPa
  [ 362] OK     f=   0.430  a=24.9 b=37.3 gap=18.2 (face=4.4mm) n=[179, 179, 419, 419, 257, 257, 65, 65]  tape=0.430km B=10.59T unif=0.880% hoop=135MPa
  [ 363] OK     f=   0.411  a=23.9 b=36.6 gap=18.2 (face=4.4mm) n=[137, 137, 383, 383, 250, 250, 134, 134]  tape=0.411km B=10.01T unif=0.702% hoop=129MPa
  [ 364] viol   f=   1.446  a=25.2 b=37.0 gap=18.0 (face=4.1mm) n=[154, 154, 375, 375, 253, 253, 45, 45]  tape=0.377km B=9.65T unif=1.064% hoop=125MPa
  [ 365] viol   f=  26.619  a=23.4 b=36.9 gap=18.2 (face=4.4mm) n=[112, 112, 349, 349, 335, 335, 14, 14]  tape=0.342km B=9.09T unif=1.351% hoop=102MPa
  [ 366] viol   f=   0.600  a=24.0 b=36.2 gap=17.8 (face=3.5mm) n=[153, 153, 371, 371, 127, 127, 219, 219]  tape=0.394km B=9.68T unif=0.978% hoop=118MPa
  [ 367] viol   f=  33.311  a=25.3 b=38.2 gap=18.1 (face=4.2mm) n=[191, 191, 342, 342, 259, 259, 83, 83]  tape=0.402km B=10.06T unif=1.406% hoop=137MPa
  [ 368] viol   f=   1.357  a=25.0 b=36.4 gap=18.1 (face=4.2mm) n=[115, 115, 398, 398, 250, 250, 43, 43]  tape=0.367km B=9.30T unif=0.830% hoop=120MPa
  [ 369] viol   f=  38.299  a=23.5 b=38.1 gap=17.9 (face=3.7mm) n=[208, 208, 422, 422, 207, 207, 134, 134]  tape=0.460km B=11.06T unif=1.435% hoop=138MPa
  [a=26 b=40 nt=2318] KSP converged reason: 4, iterations: 1
  [a=28 b=39 nt=2336] KSP converged reason: 4, iterations: 1
  [a=23 b=33 nt=1460] KSP converged reason: 4, iterations: 1
  [a=26 b=37 nt=1764] KSP converged reason: 4, iterations: 1
  [a=24 b=36 nt=2120] KSP converged reason: 4, iterations: 1
  [a=24 b=36 nt=1746] KSP converged reason: 4, iterations: 1
  [a=24 b=34 nt=1426] KSP converged reason: 4, iterations: 1
  [a=25 b=39 nt=2018] KSP converged reason: 4, iterations: 1
  [ 370] viol   f=  13.512  a=23.9 b=36.3 gap=18.0 (face=4.1mm) n=[244, 244, 333, 333, 221, 221, 262, 262]  tape=0.454km B=11.81T unif=1.256% hoop=147MPa
  [ 371] viol   f=   0.764  a=24.1 b=36.0 gap=18.3 (face=4.6mm) n=[137, 137, 319, 319, 287, 287, 130, 130]  tape=0.375km B=9.56T unif=0.714% hoop=119MPa
  [ 372] OK     f=   0.415  a=26.2 b=37.0 gap=18.1 (face=4.3mm) n=[201, 201, 397, 397, 206, 206, 78, 78]  tape=0.415km B=10.15T unif=0.710% hoop=144MPa
  [ 373] viol   f= 327.668  a=22.9 b=32.6 gap=17.9 (face=3.8mm) n=[108, 108, 371, 371, 178, 178, 73, 73]  tape=0.306km B=8.92T unif=2.275% hoop=104MPa
  [ 374] OK     f=   0.571  a=25.6 b=39.8 gap=18.4 (face=4.8mm) n=[194, 194, 478, 478, 362, 362, 125, 125]  tape=0.571km B=12.35T unif=0.742% hoop=151MPa
  [ 375] INFEAS f=1086.208  a=24.0 b=36.9 gap=18.4 (face=4.7mm) n=[180, 180, 499, 499, 187, 187, 87, 87]  no evaluation (geometry pre-check)
  [ 376] OK     f=   0.582  a=27.9 b=38.7 gap=18.4 (face=4.7mm) n=[237, 237, 456, 456, 278, 278, 197, 197]  tape=0.582km B=12.52T unif=0.597% hoop=178MPa
  [ 377] viol   f=   3.114  a=23.6 b=33.7 gap=18.2 (face=4.3mm) n=[160, 160, 342, 342, 191, 191, 20, 20]  tape=0.299km B=8.81T unif=0.616% hoop=109MPa
  [ 378] viol   f=   4.203  a=25.3 b=38.8 gap=18.4 (face=4.8mm) n=[192, 192, 431, 431, 259, 259, 127, 127]  tape=0.490km B=11.22T unif=1.136% hoop=147MPa
  [a=27 b=39 nt=2444] KSP converged reason: 4, iterations: 1
  [a=25 b=36 nt=2030] KSP converged reason: 4, iterations: 1
  [a=26 b=38 nt=2246] KSP converged reason: 4, iterations: 1
  [a=26 b=38 nt=1822] KSP converged reason: 4, iterations: 1
  [a=26 b=39 nt=2094] KSP converged reason: 4, iterations: 1
  [a=25 b=38 nt=1976] KSP converged reason: 4, iterations: 1
  [a=25 b=34 nt=1710] KSP converged reason: 4, iterations: 1
  [a=28 b=39 nt=1996] KSP converged reason: 4, iterations: 1
  [a=27 b=38 nt=1784] KSP converged reason: 4, iterations: 1
  [ 379] OK     f=   0.533  a=25.5 b=37.6 gap=18.3 (face=4.5mm) n=[231, 231, 451, 451, 310, 310, 131, 131]  tape=0.533km B=12.51T unif=0.765% hoop=160MPa
  [ 380] viol   f=   0.977  a=26.4 b=38.0 gap=18.2 (face=4.3mm) n=[197, 197, 405, 405, 230, 230, 79, 79]  tape=0.437km B=10.36T unif=1.052% hoop=143MPa
  [ 381] OK     f=   0.496  a=25.9 b=39.5 gap=18.2 (face=4.5mm) n=[213, 213, 440, 440, 363, 363, 31, 31]  tape=0.496km B=11.76T unif=0.830% hoop=151MPa
  [ 382] OK     f=   0.619  a=27.1 b=39.2 gap=18.3 (face=4.5mm) n=[246, 246, 495, 495, 290, 290, 191, 191]  tape=0.619km B=13.18T unif=0.993% hoop=184MPa
  [ 383] OK     f=   0.454  a=25.3 b=38.0 gap=18.3 (face=4.7mm) n=[134, 134, 343, 343, 394, 394, 117, 117]  tape=0.454km B=10.17T unif=0.769% hoop=130MPa
  [ 384] OK     f=   0.461  a=24.7 b=35.9 gap=18.3 (face=4.5mm) n=[200, 200, 398, 398, 245, 245, 172, 172]  tape=0.461km B=11.35T unif=0.684% hoop=144MPa
  [ 385] viol   f=   0.834  a=25.5 b=34.3 gap=18.0 (face=3.9mm) n=[169, 169, 310, 310, 164, 164, 212, 212]  tape=0.367km B=9.52T unif=0.682% hoop=128MPa
  [ 386] viol   f=   0.441  a=26.9 b=37.6 gap=18.2 (face=4.4mm) n=[183, 183, 340, 340, 289, 289, 80, 80]  tape=0.408km B=10.05T unif=1.013% hoop=140MPa
  [ 387] OK     f=   0.512  a=27.7 b=39.5 gap=18.3 (face=4.6mm) n=[234, 234, 484, 484, 188, 188, 92, 92]  tape=0.512km B=10.95T unif=0.802% hoop=164MPa
  [a=26 b=39 nt=2164] KSP converged reason: 4, iterations: 1
  [a=25 b=38 nt=1850] KSP converged reason: 4, iterations: 1
  [a=23 b=36 nt=1770] KSP converged reason: 4, iterations: 1
  [a=25 b=35 nt=1698] KSP converged reason: 4, iterations: 1
  [a=26 b=37 nt=1802] KSP converged reason: 4, iterations: 1
  [a=25 b=37 nt=1594] KSP converged reason: 4, iterations: 1
  [a=29 b=41 nt=2224] KSP converged reason: 4, iterations: 1
  [a=26 b=40 nt=2342] KSP converged reason: 4, iterations: 1
  [a=27 b=37 nt=1744] KSP converged reason: 4, iterations: 1
  [ 388] viol   f=   0.711  a=25.9 b=37.4 gap=18.2 (face=4.4mm) n=[143, 143, 313, 313, 328, 328, 117, 117]  tape=0.402km B=9.61T unif=0.511% hoop=131MPa
  [ 389] viol   f=   4.039  a=25.0 b=36.5 gap=18.2 (face=4.5mm) n=[134, 134, 273, 273, 284, 284, 106, 106]  tape=0.344km B=8.64T unif=0.382% hoop=122MPa
  [ 390] viol   f=   4.204  a=23.5 b=36.4 gap=18.1 (face=4.1mm) n=[105, 105, 317, 317, 354, 354, 109, 109]  tape=0.383km B=9.44T unif=1.127% hoop=114MPa
  [ 391] OK     f=   0.505  a=26.4 b=39.1 gap=18.3 (face=4.6mm) n=[206, 206, 411, 411, 389, 389, 76, 76]  tape=0.505km B=11.73T unif=0.483% hoop=148MPa
  [ 392] OK     f=   0.428  a=25.4 b=37.8 gap=18.3 (face=4.6mm) n=[182, 182, 387, 387, 287, 287, 69, 69]  tape=0.428km B=10.53T unif=0.929% hoop=136MPa
  [ 393] viol   f=   0.841  a=25.5 b=34.8 gap=18.1 (face=4.2mm) n=[165, 165, 293, 293, 321, 321, 70, 70]  tape=0.359km B=9.51T unif=0.311% hoop=129MPa
  [ 394] viol   f=  34.355  a=28.6 b=41.2 gap=18.4 (face=4.7mm) n=[230, 230, 398, 398, 301, 301, 183, 183]  tape=0.563km B=11.78T unif=1.411% hoop=176MPa
  [ 395] viol   f=   0.666  a=26.7 b=37.4 gap=18.3 (face=4.6mm) n=[161, 161, 330, 330, 262, 262, 119, 119]  tape=0.400km B=9.64T unif=0.878% hoop=137MPa
  [ 396] OK     f=   0.553  a=25.5 b=39.8 gap=18.3 (face=4.6mm) n=[200, 200, 396, 396, 417, 417, 158, 158]  tape=0.553km B=12.17T unif=0.470% hoop=149MPa
  [a=25 b=39 nt=2218] KSP converged reason: 4, iterations: 1
  [a=27 b=40 nt=1878] KSP converged reason: 4, iterations: 1
  [a=27 b=41 nt=2246] KSP converged reason: 4, iterations: 1
  [a=25 b=37 nt=2044] KSP converged reason: 4, iterations: 1
  [a=28 b=39 nt=2138] KSP converged reason: 4, iterations: 1
  [a=25 b=40 nt=1868] KSP converged reason: 4, iterations: 1
  [a=25 b=38 nt=2182] KSP converged reason: 4, iterations: 1
  [a=26 b=39 nt=2256] KSP converged reason: 4, iterations: 1
  [a=27 b=38 nt=1844] KSP converged reason: 4, iterations: 1
  [ 397] OK     f=   0.517  a=27.5 b=38.6 gap=18.3 (face=4.7mm) n=[215, 215, 408, 408, 308, 308, 138, 138]  tape=0.517km B=11.67T unif=0.951% hoop=162MPa
  [ 398] viol   f=   0.586  a=27.0 b=40.5 gap=18.4 (face=4.8mm) n=[160, 160, 446, 446, 325, 325, 8, 8]  tape=0.462km B=10.45T unif=1.025% hoop=140MPa
  [ 399] viol   f=   0.441  a=24.7 b=40.2 gap=18.4 (face=4.8mm) n=[111, 111, 403, 403, 357, 357, 63, 63]  tape=0.439km B=9.97T unif=0.754% hoop=119MPa
  [ 400] OK     f=   0.466  a=24.9 b=37.1 gap=18.2 (face=4.3mm) n=[217, 217, 392, 392, 300, 300, 113, 113]  tape=0.466km B=11.62T unif=0.777% hoop=147MPa
  [ 401] viol   f=   1.633  a=25.3 b=38.8 gap=18.3 (face=4.5mm) n=[236, 236, 419, 419, 339, 339, 115, 115]  tape=0.522km B=12.34T unif=1.075% hoop=157MPa
  [ 402] viol   f=  22.827  a=27.2 b=41.5 gap=18.3 (face=4.5mm) n=[237, 237, 471, 471, 349, 349, 66, 66]  tape=0.571km B=12.38T unif=1.334% hoop=169MPa
  [ 403] OK     f=   0.508  a=25.5 b=37.6 gap=18.3 (face=4.6mm) n=[218, 218, 338, 338, 434, 434, 101, 101]  tape=0.508km B=11.27T unif=0.260% hoop=156MPa
  [ 404] OK     f=   0.540  a=26.0 b=39.2 gap=18.2 (face=4.4mm) n=[214, 214, 433, 433, 357, 357, 124, 124]  tape=0.540km B=12.28T unif=0.778% hoop=156MPa
  [ 405] viol   f=   3.228  a=26.6 b=38.2 gap=18.3 (face=4.6mm) n=[194, 194, 401, 401, 248, 248, 79, 79]  tape=0.443km B=10.40T unif=1.118% hoop=143MPa
  [a=26 b=40 nt=2214] KSP converged reason: 4, iterations: 1
  [a=24 b=37 nt=1864] KSP converged reason: 4, iterations: 1
  [a=25 b=38 nt=1966] KSP converged reason: 4, iterations: 1
  [a=26 b=39 nt=1730] KSP converged reason: 4, iterations: 1
  [a=25 b=40 nt=1982] KSP converged reason: 4, iterations: 1
  [a=25 b=40 nt=2026] KSP converged reason: 4, iterations: 1
  [a=24 b=35 nt=1876] KSP converged reason: 4, iterations: 1
  [a=26 b=39 nt=2036] KSP converged reason: 4, iterations: 1
  [ 406] viol   f=   1.450  a=24.9 b=37.6 gap=18.2 (face=4.4mm) n=[183, 183, 391, 391, 260, 260, 149, 149]  tape=0.459km B=10.95T unif=1.070% hoop=141MPa
  [ 407] viol   f=   0.932  a=26.2 b=38.7 gap=18.3 (face=4.6mm) n=[126, 126, 377, 377, 300, 300, 62, 62]  tape=0.406km B=9.49T unif=0.497% hoop=128MPa
  [ 408] OK     f=   0.467  a=25.3 b=40.3 gap=18.4 (face=4.8mm) n=[140, 140, 384, 384, 416, 416, 51, 51]  tape=0.467km B=10.36T unif=0.687% hoop=129MPa
  [ 409] OK     f=   0.476  a=25.0 b=39.6 gap=18.4 (face=4.8mm) n=[139, 139, 396, 396, 356, 356, 122, 122]  tape=0.476km B=10.67T unif=0.713% hoop=128MPa
  [ 410] OK     f=   0.537  a=25.7 b=39.8 gap=18.3 (face=4.6mm) n=[197, 197, 435, 435, 350, 350, 125, 125]  tape=0.537km B=11.96T unif=0.885% hoop=153MPa
  [ 411] viol   f= 100.295  a=23.6 b=36.5 gap=18.3 (face=4.6mm) n=[137, 137, 382, 382, 356, 356, 57, 57]  tape=0.402km B=10.31T unif=1.707% hoop=113MPa
  [ 412] INFEAS f=1006.005  a=24.8 b=41.5 gap=18.4 (face=4.8mm) n=[212, 212, 476, 476, 418, 418, 103, 103]  no evaluation (geometry pre-check)
  [ 413] OK     f=   0.410  a=24.2 b=35.0 gap=18.3 (face=4.5mm) n=[189, 189, 389, 389, 279, 279, 81, 81]  tape=0.410km B=10.84T unif=0.870% hoop=131MPa
  [ 414] viol   f=   6.492  a=26.3 b=39.4 gap=18.3 (face=4.5mm) n=[195, 195, 410, 410, 283, 283, 130, 130]  tape=0.497km B=11.21T unif=1.173% hoop=153MPa
  [a=24 b=37 nt=2012] KSP converged reason: 4, iterations: 1
  [a=26 b=40 nt=2110] KSP converged reason: 4, iterations: 1
  [a=25 b=37 nt=2048] KSP converged reason: 4, iterations: 1
  [a=25 b=39 nt=1986] KSP converged reason: 4, iterations: 1
  [a=24 b=39 nt=1832] KSP converged reason: 4, iterations: 1
  [a=26 b=36 nt=1894] KSP converged reason: 4, iterations: 1
  [a=25 b=39 nt=1974] KSP converged reason: 4, iterations: 1
  [a=25 b=35 nt=1650] KSP converged reason: 4, iterations: 1
  [a=25 b=37 nt=1686] KSP converged reason: 4, iterations: 1
  [ 415] viol   f=  16.985  a=25.3 b=38.8 gap=18.4 (face=4.7mm) n=[152, 152, 412, 412, 410, 410, 19, 19]  tape=0.445km B=10.78T unif=1.288% hoop=125MPa
  [ 416] viol   f=   1.099  a=24.2 b=38.6 gap=18.4 (face=4.7mm) n=[105, 105, 326, 326, 390, 390, 95, 95]  tape=0.422km B=9.42T unif=0.617% hoop=121MPa
  [ 417] viol   f= 115.201  a=23.9 b=36.9 gap=18.3 (face=4.6mm) n=[177, 177, 412, 412, 398, 398, 19, 19]  tape=0.433km B=11.17T unif=1.758% hoop=127MPa
  [ 418] OK     f=   0.512  a=25.8 b=39.6 gap=18.4 (face=4.8mm) n=[173, 173, 414, 414, 316, 316, 152, 152]  tape=0.512km B=11.25T unif=0.738% hoop=148MPa
  [ 419] OK     f=   0.421  a=25.6 b=35.6 gap=18.3 (face=4.6mm) n=[181, 181, 353, 353, 262, 262, 151, 151]  tape=0.421km B=10.54T unif=0.559% hoop=139MPa
  [ 420] OK     f=   0.465  a=25.2 b=36.7 gap=18.3 (face=4.5mm) n=[232, 232, 404, 404, 300, 300, 88, 88]  tape=0.465km B=11.77T unif=0.672% hoop=150MPa
  [ 421] OK     f=   0.466  a=24.5 b=39.1 gap=18.4 (face=4.9mm) n=[134, 134, 430, 430, 338, 338, 85, 85]  tape=0.466km B=10.62T unif=0.990% hoop=128MPa
  [ 422] viol   f=   0.753  a=24.6 b=34.9 gap=18.0 (face=4.1mm) n=[152, 152, 390, 390, 159, 159, 124, 124]  tape=0.373km B=9.56T unif=0.850% hoop=122MPa
  [ 423] viol   f=   2.577  a=24.6 b=37.5 gap=18.2 (face=4.4mm) n=[120, 120, 287, 287, 307, 307, 129, 129]  tape=0.372km B=8.95T unif=0.432% hoop=120MPa
  [a=25 b=39 nt=1866] KSP converged reason: 4, iterations: 1
  [a=25 b=37 nt=1876] KSP converged reason: 4, iterations: 1
  [a=25 b=36 nt=1748] KSP converged reason: 4, iterations: 1
  [a=25 b=37 nt=2066] KSP converged reason: 4, iterations: 1
  [a=26 b=35 nt=1774] KSP converged reason: 4, iterations: 1
  [a=25 b=34 nt=1590] KSP converged reason: 4, iterations: 1
  [a=26 b=40 nt=2126] KSP converged reason: 4, iterations: 1
  [a=26 b=38 nt=2024] KSP converged reason: 4, iterations: 1
  [a=26 b=33 nt=1852] KSP converged reason: 4, iterations: 1
  [ 424] OK     f=   0.389  a=25.6 b=35.3 gap=18.2 (face=4.3mm) n=[193, 193, 333, 333, 246, 246, 115, 115]  tape=0.389km B=10.22T unif=0.863% hoop=137MPa
  [ 425] OK     f=   0.392  a=24.6 b=35.6 gap=18.2 (face=4.4mm) n=[165, 165, 380, 380, 238, 238, 91, 91]  tape=0.392km B=10.11T unif=0.786% hoop=130MPa
  [ 426] viol   f=   0.737  a=25.5 b=39.4 gap=18.4 (face=4.8mm) n=[147, 147, 422, 422, 277, 277, 87, 87]  tape=0.454km B=10.28T unif=1.038% hoop=136MPa
  [ 427] OK     f=   0.463  a=24.7 b=37.1 gap=18.3 (face=4.6mm) n=[200, 200, 387, 387, 336, 336, 110, 110]  tape=0.463km B=11.45T unif=0.576% hoop=141MPa
  [ 428] OK     f=   0.430  a=25.3 b=36.9 gap=18.3 (face=4.5mm) n=[184, 184, 386, 386, 277, 277, 91, 91]  tape=0.430km B=10.68T unif=0.948% hoop=137MPa
  [ 429] viol   f=   1.775  a=25.2 b=34.1 gap=18.2 (face=4.5mm) n=[165, 165, 305, 305, 191, 191, 134, 134]  tape=0.341km B=9.15T unif=0.910% hoop=123MPa
  [ 430] OK     f=   0.510  a=25.5 b=40.2 gap=18.5 (face=5.0mm) n=[125, 125, 387, 387, 433, 433, 118, 118]  tape=0.510km B=10.70T unif=0.849% hoop=133MPa
  [ 431] OK     f=   0.467  a=25.8 b=37.5 gap=18.5 (face=4.9mm) n=[175, 175, 420, 420, 347, 347, 70, 70]  tape=0.467km B=11.12T unif=0.905% hoop=135MPa
  [ 432] OK     f=   0.401  a=25.6 b=33.4 gap=18.1 (face=4.2mm) n=[228, 228, 364, 364, 161, 161, 173, 173]  tape=0.401km B=10.65T unif=0.436% hoop=144MPa
  [a=25 b=37 nt=1882] KSP converged reason: 4, iterations: 1
  [a=25 b=35 nt=1886] KSP converged reason: 4, iterations: 1
  [a=24 b=37 nt=1512] KSP converged reason: 4, iterations: 1
  [a=24 b=35 nt=1892] KSP converged reason: 4, iterations: 1
  [a=25 b=34 nt=1718] KSP converged reason: 4, iterations: 1
  [a=25 b=35 nt=1930] KSP converged reason: 4, iterations: 1
  [a=27 b=37 nt=1962] KSP converged reason: 4, iterations: 1
  [a=25 b=39 nt=2124] KSP converged reason: 4, iterations: 1
  [a=25 b=36 nt=1772] KSP converged reason: 4, iterations: 1
  [ 433] OK     f=   0.407  a=24.5 b=35.3 gap=18.1 (face=4.3mm) n=[225, 225, 354, 354, 282, 282, 85, 85]  tape=0.407km B=11.15T unif=0.711% hoop=139MPa
  [ 434] OK     f=   0.420  a=25.4 b=35.3 gap=18.1 (face=4.3mm) n=[210, 210, 341, 341, 266, 266, 148, 148]  tape=0.420km B=11.01T unif=0.857% hoop=142MPa
  [ 435] OK     f=   0.412  a=24.9 b=34.7 gap=18.1 (face=4.3mm) n=[229, 229, 367, 367, 232, 232, 115, 115]  tape=0.412km B=11.03T unif=0.632% hoop=146MPa
  [ 436] OK     f=   0.431  a=25.4 b=36.8 gap=18.3 (face=4.5mm) n=[198, 198, 387, 387, 271, 271, 85, 85]  tape=0.431km B=10.78T unif=0.921% hoop=141MPa
  [ 437] OK     f=   0.378  a=25.2 b=34.3 gap=18.2 (face=4.3mm) n=[188, 188, 365, 365, 204, 204, 102, 102]  tape=0.378km B=10.06T unif=0.719% hoop=131MPa
  [ 438] viol   f=   3.285  a=23.5 b=36.8 gap=18.1 (face=4.3mm) n=[97, 97, 386, 386, 198, 198, 75, 75]  tape=0.345km B=8.79T unif=0.834% hoop=110MPa
  [ 439] OK     f=   0.456  a=26.5 b=37.1 gap=18.2 (face=4.3mm) n=[224, 224, 380, 380, 255, 255, 122, 122]  tape=0.456km B=11.09T unif=0.840% hoop=155MPa
  [ 440] OK     f=   0.501  a=24.8 b=38.9 gap=18.3 (face=4.6mm) n=[184, 184, 413, 413, 332, 332, 133, 133]  tape=0.501km B=11.51T unif=0.778% hoop=140MPa
  [ 441] OK     f=   0.392  a=25.2 b=35.8 gap=18.2 (face=4.3mm) n=[217, 217, 367, 367, 254, 254, 48, 48]  tape=0.392km B=10.49T unif=0.585% hoop=142MPa
  [a=25 b=37 nt=1938] KSP converged reason: 4, iterations: 1
  [a=26 b=35 nt=1510] KSP converged reason: 4, iterations: 1
  [a=24 b=34 nt=1720] KSP converged reason: 4, iterations: 1
  [a=25 b=34 nt=1602] KSP converged reason: 4, iterations: 1
  [a=24 b=31 nt=1604] KSP converged reason: 4, iterations: 1
  [a=25 b=35 nt=1722] KSP converged reason: 4, iterations: 1
  [a=26 b=36 nt=1876] KSP converged reason: 4, iterations: 1
  [a=25 b=37 nt=1998] KSP converged reason: 4, iterations: 1
  [a=25 b=34 nt=1530] KSP converged reason: 4, iterations: 1
  [ 442] viol   f=   2.265  a=25.6 b=35.0 gap=18.1 (face=4.1mm) n=[169, 169, 360, 360, 168, 168, 58, 58]  tape=0.338km B=9.02T unif=0.529% hoop=124MPa
  [ 443] OK     f=   0.366  a=24.9 b=34.9 gap=18.1 (face=4.2mm) n=[186, 186, 317, 317, 266, 266, 92, 92]  tape=0.366km B=10.01T unif=0.933% hoop=127MPa
  [ 444] viol   f=   0.446  a=24.2 b=31.4 gap=17.8 (face=3.6mm) n=[226, 226, 312, 312, 122, 122, 142, 142]  tape=0.322km B=9.75T unif=0.786% hoop=130MPa
  [ 445] OK     f=   0.432  a=25.3 b=36.9 gap=18.3 (face=4.5mm) n=[188, 188, 370, 370, 327, 327, 84, 84]  tape=0.432km B=10.83T unif=0.480% hoop=135MPa
  [ 446] viol   f=   0.846  a=25.1 b=34.1 gap=18.1 (face=4.2mm) n=[158, 158, 334, 334, 235, 235, 74, 74]  tape=0.344km B=9.50T unif=0.784% hoop=124MPa
  [ 447] OK     f=   0.363  a=24.5 b=33.7 gap=18.1 (face=4.1mm) n=[213, 213, 349, 349, 234, 234, 64, 64]  tape=0.363km B=10.38T unif=0.639% hoop=133MPa
  [ 448] OK     f=   0.422  a=25.7 b=36.1 gap=18.2 (face=4.5mm) n=[202, 202, 381, 381, 278, 278, 77, 77]  tape=0.422km B=10.80T unif=0.748% hoop=143MPa
  [ 449] OK     f=   0.447  a=25.2 b=36.5 gap=18.2 (face=4.3mm) n=[242, 242, 376, 376, 285, 285, 96, 96]  tape=0.447km B=11.58T unif=0.937% hoop=153MPa
  [ 450] viol   f=   1.511  a=24.7 b=33.8 gap=18.2 (face=4.4mm) n=[168, 168, 319, 319, 233, 233, 45, 45]  tape=0.320km B=9.23T unif=0.775% hoop=119MPa
  [a=25 b=33 nt=1634] KSP converged reason: 4, iterations: 1
  [a=25 b=34 nt=1852] KSP converged reason: 4, iterations: 1
  [a=25 b=35 nt=1782] KSP converged reason: 4, iterations: 1
  [a=24 b=37 nt=1966] KSP converged reason: 4, iterations: 1
  [a=26 b=36 nt=1678] KSP converged reason: 4, iterations: 1
  [a=25 b=37 nt=1828] KSP converged reason: 4, iterations: 1
  [a=25 b=35 nt=1970] KSP converged reason: 4, iterations: 1
  [a=25 b=32 nt=1756] KSP converged reason: 4, iterations: 1
  [a=25 b=36 nt=1880] KSP converged reason: 4, iterations: 1
  [ 451] OK     f=   0.341  a=24.6 b=33.4 gap=18.1 (face=4.1mm) n=[219, 219, 358, 358, 225, 225, 15, 15]  tape=0.341km B=10.07T unif=0.495% hoop=131MPa
  [ 452] viol   f=   0.404  a=24.7 b=37.1 gap=18.2 (face=4.4mm) n=[166, 166, 304, 304, 318, 318, 126, 126]  tape=0.399km B=9.95T unif=0.413% hoop=128MPa
  [ 453] viol   f=   0.574  a=25.8 b=35.6 gap=18.1 (face=4.2mm) n=[168, 168, 332, 332, 304, 304, 35, 35]  tape=0.360km B=9.67T unif=0.452% hoop=125MPa
  [ 454] OK     f=   0.398  a=24.8 b=34.5 gap=18.1 (face=4.1mm) n=[226, 226, 367, 367, 264, 264, 69, 69]  tape=0.398km B=11.04T unif=0.507% hoop=142MPa
  [ 455] OK     f=   0.382  a=25.0 b=35.0 gap=18.1 (face=4.2mm) n=[184, 184, 329, 329, 276, 276, 102, 102]  tape=0.382km B=10.21T unif=0.638% hoop=132MPa
  [ 456] OK     f=   0.434  a=24.1 b=37.1 gap=18.3 (face=4.7mm) n=[190, 190, 356, 356, 319, 319, 118, 118]  tape=0.434km B=10.88T unif=0.501% hoop=133MPa
  [ 457] OK     f=   0.424  a=25.0 b=35.3 gap=18.2 (face=4.5mm) n=[198, 198, 359, 359, 323, 323, 105, 105]  tape=0.424km B=11.11T unif=0.610% hoop=139MPa
  [ 458] viol   f=   0.988  a=25.4 b=35.6 gap=18.1 (face=4.3mm) n=[216, 216, 338, 338, 288, 288, 98, 98]  tape=0.407km B=10.90T unif=1.054% hoop=140MPa
  [ 459] OK     f=   0.364  a=25.1 b=32.4 gap=18.0 (face=4.1mm) n=[219, 219, 335, 335, 210, 210, 114, 114]  tape=0.364km B=10.51T unif=0.669% hoop=137MPa
  [a=25 b=35 nt=1740] KSP converged reason: 4, iterations: 1
  [a=26 b=35 nt=1938] KSP converged reason: 4, iterations: 1
  [a=26 b=35 nt=1702] KSP converged reason: 4, iterations: 1
  [a=25 b=35 nt=1852] KSP converged reason: 4, iterations: 1
  [a=24 b=32 nt=1744] KSP converged reason: 4, iterations: 1
  [a=25 b=33 nt=1536] KSP converged reason: 4, iterations: 1
  [a=25 b=33 nt=1924] KSP converged reason: 4, iterations: 1
  [a=25 b=34 nt=1624] KSP converged reason: 4, iterations: 1
  [a=26 b=32 nt=1664] KSP converged reason: 4, iterations: 1
  [ 460] OK     f=   0.372  a=25.8 b=34.6 gap=18.2 (face=4.3mm) n=[207, 207, 390, 390, 247, 247, 7, 7]  tape=0.372km B=10.26T unif=0.690% hoop=139MPa
  [ 461] viol   f=   0.383  a=24.3 b=31.9 gap=18.0 (face=4.0mm) n=[212, 212, 305, 305, 251, 251, 104, 104]  tape=0.345km B=10.57T unif=1.014% hoop=133MPa
  [ 462] OK     f=   0.430  a=25.9 b=34.9 gap=18.2 (face=4.3mm) n=[222, 222, 390, 390, 271, 271, 86, 86]  tape=0.430km B=11.22T unif=0.503% hoop=148MPa
  [ 463] OK     f=   0.388  a=25.1 b=35.5 gap=18.1 (face=4.2mm) n=[192, 192, 413, 413, 253, 253, 12, 12]  tape=0.388km B=10.42T unif=0.873% hoop=133MPa
  [ 464] viol   f=   1.211  a=25.5 b=33.0 gap=18.1 (face=4.2mm) n=[190, 190, 321, 321, 211, 211, 46, 46]  tape=0.321km B=9.33T unif=0.484% hoop=127MPa
  [ 465] OK     f=   0.390  a=25.0 b=34.6 gap=18.2 (face=4.3mm) n=[205, 205, 298, 298, 334, 334, 89, 89]  tape=0.390km B=10.44T unif=0.561% hoop=138MPa
  [ 466] viol   f=   5.844  a=25.2 b=33.2 gap=18.1 (face=4.1mm) n=[273, 273, 353, 353, 259, 259, 77, 77]  tape=0.398km B=11.66T unif=1.165% hoop=151MPa
  [ 467] viol   f=   0.459  a=25.5 b=34.4 gap=18.1 (face=4.3mm) n=[180, 180, 346, 346, 232, 232, 54, 54]  tape=0.352km B=9.77T unif=0.785% hoop=129MPa
  [ 468] OK     f=   0.352  a=26.0 b=31.7 gap=17.9 (face=3.9mm) n=[233, 233, 375, 375, 149, 149, 75, 75]  tape=0.352km B=10.18T unif=0.850% hoop=145MPa
  [a=25 b=32 nt=1724] KSP converged reason: 4, iterations: 1
  [a=26 b=33 nt=1654] KSP converged reason: 4, iterations: 1
  [a=26 b=35 nt=1778] KSP converged reason: 4, iterations: 1
  [a=25 b=34 nt=1714] KSP converged reason: 4, iterations: 1
  [a=25 b=32 nt=1442] KSP converged reason: 4, iterations: 1
  [a=25 b=31 nt=1510] KSP converged reason: 4, iterations: 1
  [a=26 b=33 nt=1852] KSP converged reason: 4, iterations: 1
  [a=27 b=33 nt=1770] KSP converged reason: 4, iterations: 1
  [ 469] viol   f=   1.179  a=25.4 b=31.2 gap=17.9 (face=3.7mm) n=[209, 209, 297, 297, 173, 173, 76, 76]  tape=0.303km B=9.34T unif=0.890% hoop=130MPa
  [ 470] viol   f=   2.241  a=24.5 b=32.4 gap=17.9 (face=3.8mm) n=[195, 195, 335, 335, 147, 147, 44, 44]  tape=0.300km B=9.01T unif=0.552% hoop=126MPa
  [ 471] OK     f=   0.375  a=25.4 b=33.9 gap=18.2 (face=4.3mm) n=[206, 206, 387, 387, 214, 214, 50, 50]  tape=0.375km B=10.26T unif=0.842% hoop=140MPa
  [ 472] viol   f= 540.579  a=25.4 b=31.7 gap=18.0 (face=3.9mm) n=[253, 253, 427, 427, 167, 167, 15, 15]  tape=0.363km B=10.63T unif=2.643% hoop=146MPa
  [ 473] INFEAS f=1007.593  a=24.6 b=29.2 gap=17.8 (face=3.6mm) n=[241, 241, 337, 337, 131, 131, 5, 5]  no evaluation (geometry pre-check)
  [ 474] OK     f=   0.406  a=26.4 b=35.4 gap=18.1 (face=4.3mm) n=[181, 181, 423, 423, 252, 252, 33, 33]  tape=0.406km B=10.42T unif=0.864% hoop=135MPa
  [ 475] OK     f=   0.359  a=26.4 b=32.8 gap=18.1 (face=4.1mm) n=[230, 230, 382, 382, 157, 157, 58, 58]  tape=0.359km B=10.01T unif=0.898% hoop=145MPa
  [ 476] OK     f=   0.388  a=26.7 b=33.5 gap=18.1 (face=4.1mm) n=[205, 205, 358, 358, 208, 208, 114, 114]  tape=0.388km B=10.28T unif=0.369% hoop=144MPa
  [ 477] viol   f=  12.106  a=26.3 b=33.4 gap=17.9 (face=3.8mm) n=[232, 232, 415, 415, 245, 245, 34, 34]  tape=0.404km B=11.09T unif=1.242% hoop=151MPa
  [a=27 b=33 nt=1698] KSP converged reason: 4, iterations: 1
  [a=25 b=34 nt=1862] KSP converged reason: 4, iterations: 1
  [a=25 b=34 nt=1692] KSP converged reason: 4, iterations: 1
  [a=26 b=35 nt=1790] KSP converged reason: 4, iterations: 1
  [a=26 b=32 nt=1624] KSP converged reason: 4, iterations: 1
  [a=26 b=35 nt=1874] KSP converged reason: 4, iterations: 1
  [ 478] INFEAS f=1025.599  a=26.8 b=31.0 gap=17.8 (face=3.6mm) n=[266, 266, 351, 351, 142, 142, 136, 136]  no evaluation (geometry pre-check)
  [ 479] viol   f= 246.206  a=26.5 b=33.0 gap=18.2 (face=4.3mm) n=[208, 208, 424, 424, 169, 169, 48, 48]  tape=0.377km B=10.13T unif=2.109% hoop=138MPa
  [ 480] OK     f=   0.378  a=25.9 b=34.9 gap=18.3 (face=4.5mm) n=[204, 204, 360, 360, 325, 325, 6, 6]  tape=0.378km B=10.52T unif=0.599% hoop=135MPa
  [ 481] OK     f=   0.353  a=25.3 b=33.5 gap=18.1 (face=4.3mm) n=[189, 189, 353, 353, 278, 278, 26, 26]  tape=0.353km B=10.17T unif=0.831% hoop=130MPa
  [ 482] viol   f=   1.002  a=25.7 b=32.3 gap=18.1 (face=4.2mm) n=[168, 168, 327, 327, 168, 168, 149, 149]  tape=0.342km B=9.43T unif=0.574% hoop=126MPa
  [ 483] viol   f=  75.578  a=25.4 b=33.5 gap=18.1 (face=4.2mm) n=[239, 239, 422, 422, 163, 163, 107, 107]  tape=0.414km B=10.94T unif=1.613% hoop=152MPa
  [ 484] OK     f=   0.399  a=26.5 b=34.8 gap=18.2 (face=4.4mm) n=[192, 192, 316, 316, 302, 302, 127, 127]  tape=0.399km B=10.49T unif=0.454% hoop=139MPa
  [ 485] INFEAS f=1012.387  a=26.6 b=31.1 gap=18.0 (face=4.0mm) n=[243, 243, 322, 322, 136, 136, 79, 79]  no evaluation (geometry pre-check)
  [ 486] INFEAS f=1020.415  a=26.3 b=30.6 gap=17.8 (face=3.7mm) n=[239, 239, 364, 364, 72, 72, 82, 82]  no evaluation (geometry pre-check)
  [a=27 b=35 nt=1924] KSP converged reason: 4, iterations: 1
  [a=25 b=33 nt=1894] KSP converged reason: 4, iterations: 1
  [a=25 b=35 nt=1872] KSP converged reason: 4, iterations: 1
  [a=27 b=36 nt=1756] KSP converged reason: 4, iterations: 1
  [a=26 b=34 nt=1894] KSP converged reason: 4, iterations: 1
  [a=25 b=33 nt=1396] KSP converged reason: 4, iterations: 1
  [a=26 b=34 nt=1854] KSP converged reason: 4, iterations: 1
  [a=25 b=32 nt=1662] KSP converged reason: 4, iterations: 1
  [a=26 b=35 nt=1980] KSP converged reason: 4, iterations: 1
  [ 487] viol   f=   3.991  a=25.2 b=32.9 gap=18.1 (face=4.1mm) n=[166, 166, 298, 298, 226, 226, 8, 8]  tape=0.283km B=8.64T unif=0.758% hoop=116MPa
  [ 488] viol   f=   2.363  a=26.8 b=35.2 gap=18.2 (face=4.4mm) n=[208, 208, 445, 445, 207, 207, 102, 102]  tape=0.451km B=10.95T unif=1.098% hoop=151MPa
  [ 489] OK     f=   0.405  a=26.7 b=35.9 gap=18.3 (face=4.6mm) n=[173, 173, 396, 396, 243, 243, 66, 66]  tape=0.405km B=10.12T unif=0.752% hoop=138MPa
  [ 490] OK     f=   0.395  a=26.1 b=34.3 gap=18.2 (face=4.5mm) n=[217, 217, 310, 310, 297, 297, 123, 123]  tape=0.395km B=10.84T unif=0.703% hoop=144MPa
  [ 491] viol   f=  56.643  a=25.3 b=33.5 gap=18.2 (face=4.4mm) n=[205, 205, 392, 392, 311, 311, 39, 39]  tape=0.399km B=11.20T unif=1.530% hoop=139MPa
  [ 492] viol   f=   0.828  a=25.3 b=35.5 gap=18.2 (face=4.4mm) n=[155, 155, 275, 275, 393, 393, 113, 113]  tape=0.421km B=9.55T unif=0.814% hoop=144MPa
  [ 493] OK     f=   0.399  a=26.1 b=33.8 gap=18.2 (face=4.3mm) n=[224, 224, 359, 359, 258, 258, 86, 86]  tape=0.399km B=10.91T unif=0.552% hoop=145MPa
  [ 494] OK     f=   0.342  a=25.5 b=32.5 gap=18.1 (face=4.2mm) n=[228, 228, 336, 336, 225, 225, 42, 42]  tape=0.342km B=10.22T unif=0.728% hoop=139MPa
  [ 495] viol   f=   1.858  a=26.0 b=34.8 gap=18.3 (face=4.6mm) n=[171, 171, 367, 367, 297, 297, 155, 155]  tape=0.434km B=10.82T unif=1.084% hoop=141MPa
  [a=25 b=33 nt=1702] KSP converged reason: 4, iterations: 1
  [a=25 b=34 nt=1874] KSP converged reason: 4, iterations: 1
  [a=26 b=32 nt=1756] KSP converged reason: 4, iterations: 1
  [a=25 b=33 nt=1582] KSP converged reason: 4, iterations: 1
  [a=26 b=32 nt=1642] KSP converged reason: 4, iterations: 1
  [a=25 b=34 nt=1740] KSP converged reason: 4, iterations: 1
  [a=25 b=32 nt=1520] KSP converged reason: 4, iterations: 1
  [a=27 b=35 nt=2044] KSP converged reason: 4, iterations: 1
  [ 496] OK     f=   0.353  a=25.4 b=33.6 gap=18.2 (face=4.4mm) n=[206, 206, 301, 301, 289, 289, 74, 74]  tape=0.353km B=10.29T unif=0.715% hoop=135MPa
  [ 497] OK     f=   0.363  a=25.4 b=33.0 gap=18.2 (face=4.4mm) n=[223, 223, 360, 360, 189, 189, 79, 79]  tape=0.363km B=10.21T unif=0.454% hoop=138MPa
  [ 498] viol   f=  34.673  a=25.0 b=33.6 gap=18.1 (face=4.2mm) n=[194, 194, 348, 348, 353, 353, 42, 42]  tape=0.380km B=10.76T unif=1.414% hoop=131MPa
  [ 499] viol   f=   0.688  a=25.3 b=32.6 gap=18.0 (face=3.9mm) n=[200, 200, 314, 314, 196, 196, 81, 81]  tape=0.328km B=9.58T unif=0.801% hoop=132MPa
  [ 500] viol   f= 277.785  a=25.7 b=31.5 gap=18.1 (face=4.2mm) n=[230, 230, 285, 285, 200, 200, 106, 106]  tape=0.326km B=9.99T unif=2.178% hoop=138MPa
  [ 501] OK     f=   0.369  a=25.9 b=32.5 gap=18.0 (face=4.0mm) n=[220, 220, 338, 338, 200, 200, 120, 120]  tape=0.369km B=10.43T unif=0.612% hoop=141MPa
  [ 502] INFEAS f=1001.354  a=27.6 b=32.4 gap=18.1 (face=4.2mm) n=[266, 266, 341, 341, 186, 186, 97, 97]  no evaluation (geometry pre-check)
  [ 503] OK     f=   0.441  a=26.7 b=34.8 gap=18.2 (face=4.4mm) n=[227, 227, 345, 345, 303, 303, 147, 147]  tape=0.441km B=11.55T unif=0.729% hoop=154MPa
  [ 504] viol   f=   0.823  a=25.1 b=31.9 gap=17.9 (face=3.9mm) n=[219, 219, 355, 355, 155, 155, 31, 31]  tape=0.314km B=9.50T unif=0.829% hoop=130MPa
  [a=26 b=33 nt=1736] KSP converged reason: 4, iterations: 1
  [a=25 b=33 nt=2002] KSP converged reason: 4, iterations: 1
  [a=25 b=34 nt=1832] KSP converged reason: 4, iterations: 1
  [a=26 b=34 nt=1608] KSP converged reason: 4, iterations: 1
  [a=25 b=33 nt=1780] KSP converged reason: 4, iterations: 1
  [a=25 b=33 nt=1658] KSP converged reason: 4, iterations: 1
  [a=26 b=34 nt=1866] KSP converged reason: 4, iterations: 1
  [a=26 b=33 nt=1740] KSP converged reason: 4, iterations: 1
  [a=25 b=35 nt=1782] KSP converged reason: 4, iterations: 1
  [ 505] OK     f=   0.379  a=24.8 b=33.9 gap=18.2 (face=4.4mm) n=[215, 215, 353, 353, 307, 307, 41, 41]  tape=0.379km B=10.92T unif=0.588% hoop=135MPa
  [ 506] OK     f=   0.361  a=25.5 b=33.0 gap=18.1 (face=4.1mm) n=[219, 219, 363, 363, 261, 261, 25, 25]  tape=0.361km B=10.56T unif=0.655% hoop=141MPa
  [ 507] viol   f=   0.383  a=25.3 b=32.6 gap=18.0 (face=4.0mm) n=[216, 216, 316, 316, 175, 175, 122, 122]  tape=0.345km B=9.86T unif=0.732% hoop=136MPa
  [ 508] OK     f=   0.358  a=24.8 b=32.7 gap=18.1 (face=4.1mm) n=[231, 231, 326, 326, 274, 274, 59, 59]  tape=0.358km B=10.88T unif=0.884% hoop=139MPa
  [ 509] OK     f=   0.421  a=25.2 b=33.5 gap=18.2 (face=4.5mm) n=[233, 233, 359, 359, 281, 281, 128, 128]  tape=0.421km B=11.66T unif=0.509% hoop=147MPa
  [ 510] viol   f=   0.655  a=26.0 b=34.1 gap=18.1 (face=4.1mm) n=[184, 184, 357, 357, 201, 201, 62, 62]  tape=0.353km B=9.61T unif=0.475% hoop=133MPa
  [ 511] viol   f=  23.921  a=25.6 b=33.3 gap=18.0 (face=4.0mm) n=[211, 211, 277, 277, 263, 263, 119, 119]  tape=0.350km B=10.20T unif=1.343% hoop=138MPa
  [ 512] OK     f=   0.385  a=25.7 b=34.4 gap=18.3 (face=4.6mm) n=[227, 227, 326, 326, 321, 321, 59, 59]  tape=0.385km B=10.98T unif=0.664% hoop=142MPa
  [ 513] OK     f=   0.372  a=25.1 b=34.5 gap=18.3 (face=4.6mm) n=[218, 218, 357, 357, 303, 303, 13, 13]  tape=0.372km B=10.68T unif=0.453% hoop=135MPa
  [a=25 b=35 nt=1902] KSP converged reason: 4, iterations: 1
  [a=26 b=32 nt=1848] KSP converged reason: 4, iterations: 1
  [a=25 b=34 nt=1844] KSP converged reason: 4, iterations: 1
  [a=24 b=33 nt=1742] KSP converged reason: 4, iterations: 1
  [a=26 b=33 nt=1886] KSP converged reason: 4, iterations: 1
  [a=26 b=35 nt=1756] KSP converged reason: 4, iterations: 1
  [a=26 b=33 nt=1710] KSP converged reason: 4, iterations: 1
  [a=24 b=34 nt=1840] KSP converged reason: 4, iterations: 1
  [a=25 b=34 nt=1786] KSP converged reason: 4, iterations: 1
  [ 514] OK     f=   0.380  a=26.1 b=31.9 gap=18.1 (face=4.1mm) n=[265, 265, 357, 357, 234, 234, 68, 68]  tape=0.380km B=11.30T unif=0.957% hoop=153MPa
  [ 515] OK     f=   0.381  a=25.7 b=33.1 gap=18.2 (face=4.3mm) n=[243, 243, 337, 337, 317, 317, 46, 46]  tape=0.381km B=11.34T unif=0.628% hoop=145MPa
  [ 516] OK     f=   0.406  a=24.9 b=35.5 gap=18.3 (face=4.5mm) n=[186, 186, 356, 356, 396, 396, 13, 13]  tape=0.406km B=10.56T unif=0.862% hoop=132MPa
  [ 517] OK     f=   0.350  a=23.8 b=33.0 gap=18.1 (face=4.1mm) n=[220, 220, 343, 343, 279, 279, 29, 29]  tape=0.350km B=10.76T unif=0.536% hoop=128MPa
  [ 518] OK     f=   0.384  a=25.5 b=34.2 gap=18.1 (face=4.2mm) n=[240, 240, 367, 367, 307, 307, 8, 8]  tape=0.384km B=11.21T unif=0.497% hoop=145MPa
  [ 519] OK     f=   0.365  a=25.6 b=34.8 gap=18.2 (face=4.4mm) n=[183, 183, 337, 337, 347, 347, 11, 11]  tape=0.365km B=10.07T unif=0.819% hoop=128MPa
  [ 520] OK     f=   0.367  a=26.1 b=33.1 gap=18.1 (face=4.1mm) n=[203, 203, 354, 354, 221, 221, 77, 77]  tape=0.367km B=10.16T unif=0.537% hoop=138MPa
  [ 521] OK     f=   0.393  a=24.3 b=33.9 gap=18.2 (face=4.3mm) n=[219, 219, 384, 384, 257, 257, 60, 60]  tape=0.393km B=11.02T unif=0.691% hoop=137MPa
  [ 522] OK     f=   0.367  a=24.6 b=34.5 gap=18.2 (face=4.4mm) n=[194, 194, 326, 326, 320, 320, 53, 53]  tape=0.367km B=10.43T unif=0.438% hoop=129MPa
  [a=26 b=34 nt=1902] KSP converged reason: 4, iterations: 1
  [a=24 b=34 nt=1746] KSP converged reason: 4, iterations: 1
  [a=24 b=34 nt=1864] KSP converged reason: 4, iterations: 1
  [a=24 b=32 nt=1644] KSP converged reason: 4, iterations: 1
  [a=25 b=32 nt=1824] KSP converged reason: 4, iterations: 1
  [a=24 b=31 nt=1570] KSP converged reason: 4, iterations: 1
  [a=24 b=32 nt=1766] KSP converged reason: 4, iterations: 1
  [a=25 b=35 nt=1770] KSP converged reason: 4, iterations: 1
  [a=25 b=32 nt=1762] KSP converged reason: 4, iterations: 1
  [ 523] OK     f=   0.318  a=24.4 b=32.2 gap=18.0 (face=4.0mm) n=[212, 212, 312, 312, 287, 287, 11, 11]  tape=0.318km B=10.25T unif=0.554% hoop=127MPa
  [ 524] viol   f=  30.229  a=24.5 b=31.8 gap=18.0 (face=4.1mm) n=[253, 253, 320, 320, 293, 293, 46, 46]  tape=0.352km B=11.36T unif=1.387% hoop=140MPa
  [ 525] OK     f=   0.384  a=24.5 b=33.9 gap=18.2 (face=4.4mm) n=[228, 228, 347, 347, 300, 300, 57, 57]  tape=0.384km B=11.18T unif=0.543% hoop=136MPa
  [ 526] OK     f=   0.358  a=24.4 b=33.7 gap=18.1 (face=4.1mm) n=[193, 193, 352, 352, 303, 303, 25, 25]  tape=0.358km B=10.44T unif=0.900% hoop=127MPa
  [ 527] OK     f=   0.399  a=25.6 b=33.8 gap=18.2 (face=4.4mm) n=[248, 248, 390, 390, 305, 305, 8, 8]  tape=0.399km B=11.47T unif=0.698% hoop=147MPa
  [ 528] viol   f=   0.847  a=23.6 b=31.3 gap=17.9 (face=3.8mm) n=[177, 177, 268, 268, 242, 242, 98, 98]  tape=0.300km B=9.48T unif=0.862% hoop=115MPa
  [ 529] OK     f=   0.342  a=24.0 b=32.2 gap=18.0 (face=4.1mm) n=[229, 229, 333, 333, 305, 305, 16, 16]  tape=0.342km B=10.94T unif=0.437% hoop=131MPa
  [ 530] OK     f=   0.354  a=25.1 b=32.2 gap=18.1 (face=4.3mm) n=[204, 204, 315, 315, 270, 270, 92, 92]  tape=0.354km B=10.46T unif=0.441% hoop=133MPa
  [ 531] viol   f=   0.595  a=24.8 b=35.1 gap=18.3 (face=4.5mm) n=[177, 177, 299, 299, 368, 368, 41, 41]  tape=0.381km B=9.67T unif=0.326% hoop=131MPa
  [a=25 b=31 nt=1860] KSP converged reason: 4, iterations: 1
  [a=23 b=32 nt=1890] KSP converged reason: 4, iterations: 1
  [a=23 b=30 nt=1694] KSP converged reason: 4, iterations: 1
  [a=25 b=32 nt=1602] KSP converged reason: 4, iterations: 1
  [a=23 b=32 nt=1684] KSP converged reason: 4, iterations: 1
  [a=24 b=32 nt=1762] KSP converged reason: 4, iterations: 1
  [a=24 b=32 nt=1744] KSP converged reason: 4, iterations: 1
  [a=24 b=33 nt=1712] KSP converged reason: 4, iterations: 1
  [a=25 b=32 nt=1676] KSP converged reason: 4, iterations: 1
  [ 532] viol   f= 108.291  a=23.5 b=30.2 gap=17.9 (face=3.7mm) n=[253, 253, 318, 318, 271, 271, 5, 5]  tape=0.310km B=11.03T unif=1.735% hoop=130MPa
  [ 533] OK     f=   0.379  a=24.8 b=31.1 gap=17.9 (face=3.7mm) n=[273, 273, 388, 388, 210, 210, 59, 59]  tape=0.379km B=11.49T unif=0.627% hoop=150MPa
  [ 534] OK     f=   0.364  a=23.2 b=31.6 gap=18.1 (face=4.1mm) n=[236, 236, 337, 337, 304, 304, 68, 68]  tape=0.364km B=11.64T unif=0.439% hoop=134MPa
  [ 535] viol   f=   0.334  a=24.8 b=31.9 gap=18.0 (face=4.0mm) n=[199, 199, 305, 305, 239, 239, 58, 58]  tape=0.319km B=9.92T unif=0.815% hoop=129MPa
  [ 536] viol   f=   1.206  a=24.5 b=31.6 gap=18.0 (face=4.0mm) n=[204, 204, 272, 272, 265, 265, 140, 140]  tape=0.338km B=10.40T unif=1.066% hoop=129MPa
  [ 537] OK     f=   0.326  a=23.4 b=31.7 gap=18.0 (face=4.0mm) n=[197, 197, 275, 275, 309, 309, 61, 61]  tape=0.326km B=10.05T unif=0.503% hoop=124MPa
  [ 538] OK     f=   0.340  a=24.1 b=31.9 gap=17.9 (face=3.8mm) n=[207, 207, 297, 297, 266, 266, 102, 102]  tape=0.340km B=10.54T unif=0.914% hoop=128MPa
  [ 539] OK     f=   0.336  a=24.1 b=32.7 gap=18.0 (face=4.0mm) n=[204, 204, 322, 322, 302, 302, 28, 28]  tape=0.336km B=10.41T unif=0.534% hoop=124MPa
  [ 540] OK     f=   0.340  a=25.1 b=32.1 gap=18.0 (face=4.1mm) n=[199, 199, 327, 327, 249, 249, 63, 63]  tape=0.340km B=10.26T unif=0.412% hoop=134MPa
  [a=24 b=30 nt=1620] KSP converged reason: 4, iterations: 1
  [a=24 b=32 nt=1722] KSP converged reason: 4, iterations: 1
  [a=25 b=33 nt=1730] KSP converged reason: 4, iterations: 1
  [a=24 b=31 nt=1668] KSP converged reason: 4, iterations: 1
  [a=24 b=31 nt=1536] KSP converged reason: 4, iterations: 1
  [a=24 b=32 nt=1646] KSP converged reason: 4, iterations: 1
  [a=24 b=32 nt=1758] KSP converged reason: 4, iterations: 1
  [a=25 b=34 nt=1606] KSP converged reason: 4, iterations: 1
  [a=25 b=30 nt=1620] KSP converged reason: 4, iterations: 1
  [ 541] OK     f=   0.311  a=24.1 b=31.9 gap=18.0 (face=4.0mm) n=[209, 209, 300, 300, 301, 301, 13, 13]  tape=0.311km B=10.19T unif=0.462% hoop=123MPa
  [ 542] OK     f=   0.314  a=24.4 b=30.5 gap=18.0 (face=3.9mm) n=[249, 249, 346, 346, 206, 206, 9, 9]  tape=0.314km B=10.40T unif=0.424% hoop=134MPa
  [ 543] viol   f=   0.320  a=23.6 b=31.5 gap=18.0 (face=4.0mm) n=[190, 190, 284, 284, 311, 311, 49, 49]  tape=0.320km B=10.00T unif=0.292% hoop=123MPa
  [ 544] OK     f=   0.351  a=24.7 b=32.5 gap=18.1 (face=4.1mm) n=[211, 211, 337, 337, 268, 268, 49, 49]  tape=0.351km B=10.59T unif=0.431% hoop=132MPa
  [ 545] viol   f=   0.869  a=23.8 b=31.6 gap=18.1 (face=4.1mm) n=[188, 188, 246, 246, 350, 350, 77, 77]  tape=0.348km B=9.49T unif=0.254% hoop=134MPa
  [ 546] viol   f=   0.452  a=24.3 b=30.6 gap=18.0 (face=4.0mm) n=[203, 203, 292, 292, 253, 253, 20, 20]  tape=0.289km B=9.71T unif=0.622% hoop=121MPa
  [ 547] OK     f=   0.341  a=23.7 b=32.0 gap=18.0 (face=4.0mm) n=[213, 213, 329, 329, 303, 303, 34, 34]  tape=0.341km B=10.79T unif=0.634% hoop=127MPa
  [ 548] viol   f=   0.826  a=24.6 b=33.5 gap=18.1 (face=4.3mm) n=[169, 169, 301, 301, 285, 285, 48, 48]  tape=0.324km B=9.50T unif=0.457% hoop=119MPa
  [ 549] viol   f= 702.547  a=24.8 b=30.3 gap=17.8 (face=3.7mm) n=[222, 222, 266, 266, 197, 197, 125, 125]  tape=0.307km B=9.99T unif=2.874% hoop=132MPa
  [a=25 b=31 nt=1780] KSP converged reason: 4, iterations: 1
  [a=25 b=33 nt=1816] KSP converged reason: 4, iterations: 1
  [a=23 b=30 nt=1756] KSP converged reason: 4, iterations: 1
  [a=25 b=32 nt=1700] KSP converged reason: 4, iterations: 1
  [a=24 b=32 nt=1704] KSP converged reason: 4, iterations: 1
  [a=24 b=32 nt=1542] KSP converged reason: 4, iterations: 1
  [a=24 b=30 nt=1556] KSP converged reason: 4, iterations: 1
  [a=24 b=32 nt=1770] KSP converged reason: 4, iterations: 1
  [a=24 b=31 nt=1708] KSP converged reason: 4, iterations: 1
  [ 550] OK     f=   0.372  a=24.8 b=33.3 gap=18.1 (face=4.2mm) n=[215, 215, 353, 353, 300, 300, 40, 40]  tape=0.372km B=10.93T unif=0.690% hoop=135MPa
  [ 551] OK     f=   0.327  a=23.1 b=30.2 gap=17.9 (face=3.8mm) n=[213, 213, 291, 291, 322, 322, 52, 52]  tape=0.327km B=10.67T unif=0.358% hoop=127MPa
  [ 552] OK     f=   0.358  a=25.0 b=31.4 gap=18.1 (face=4.1mm) n=[242, 242, 358, 358, 242, 242, 48, 48]  tape=0.358km B=11.01T unif=0.476% hoop=139MPa
  [ 553] OK     f=   0.330  a=23.8 b=32.1 gap=18.0 (face=4.0mm) n=[210, 210, 312, 312, 289, 289, 41, 41]  tape=0.330km B=10.51T unif=0.496% hoop=124MPa
  [ 554] OK     f=   0.339  a=24.8 b=32.3 gap=18.1 (face=4.2mm) n=[201, 201, 316, 316, 276, 276, 57, 57]  tape=0.339km B=10.31T unif=0.463% hoop=130MPa
  [ 555] viol   f=   0.386  a=24.5 b=31.6 gap=17.9 (face=3.8mm) n=[213, 213, 304, 304, 247, 247, 7, 7]  tape=0.298km B=9.79T unif=0.812% hoop=125MPa
  [ 556] OK     f=   0.298  a=24.2 b=30.5 gap=17.9 (face=3.8mm) n=[225, 225, 319, 319, 221, 221, 13, 13]  tape=0.298km B=10.02T unif=0.456% hoop=129MPa
  [ 557] OK     f=   0.357  a=24.4 b=31.9 gap=18.0 (face=4.0mm) n=[238, 238, 365, 365, 248, 248, 34, 34]  tape=0.357km B=10.98T unif=0.645% hoop=139MPa
  [ 558] viol   f=  10.890  a=24.3 b=30.7 gap=17.9 (face=3.9mm) n=[228, 228, 302, 302, 259, 259, 65, 65]  tape=0.325km B=10.76T unif=1.230% hoop=135MPa
  [a=24 b=30 nt=1800] KSP converged reason: 4, iterations: 1
  [a=24 b=30 nt=1538] KSP converged reason: 4, iterations: 1
  [a=24 b=31 nt=1574] KSP converged reason: 4, iterations: 1
  [a=24 b=30 nt=1658] KSP converged reason: 4, iterations: 1
  [a=24 b=32 nt=1594] KSP converged reason: 4, iterations: 1
  [a=24 b=30 nt=1696] KSP converged reason: 4, iterations: 1
  [a=25 b=31 nt=1644] KSP converged reason: 4, iterations: 1
  [a=23 b=30 nt=1428] KSP converged reason: 4, iterations: 1
  [a=23 b=30 nt=1674] KSP converged reason: 4, iterations: 1
  [ 559] OK     f=   0.346  a=23.6 b=30.3 gap=17.8 (face=3.7mm) n=[240, 240, 353, 353, 263, 263, 44, 44]  tape=0.346km B=11.32T unif=0.760% hoop=138MPa
  [ 560] viol   f= 429.846  a=24.4 b=30.0 gap=17.8 (face=3.7mm) n=[257, 257, 299, 299, 285, 285, 7, 7]  tape=0.306km B=11.01T unif=2.466% hoop=134MPa
  [ 561] viol   f=   0.884  a=23.7 b=31.7 gap=17.9 (face=3.8mm) n=[195, 195, 271, 271, 330, 330, 1, 1]  tape=0.308km B=9.46T unif=0.233% hoop=125MPa
  [ 562] OK     f=   0.307  a=23.8 b=30.6 gap=17.8 (face=3.5mm) n=[219, 219, 340, 340, 207, 207, 21, 21]  tape=0.307km B=10.06T unif=0.581% hoop=129MPa
  [ 563] viol   f=   0.372  a=24.3 b=30.4 gap=17.9 (face=3.7mm) n=[227, 227, 346, 346, 168, 168, 28, 28]  tape=0.303km B=9.81T unif=0.631% hoop=129MPa
  [ 564] viol   f= 214.511  a=23.6 b=29.7 gap=17.8 (face=3.7mm) n=[247, 247, 315, 315, 232, 232, 35, 35]  tape=0.308km B=10.77T unif=2.035% hoop=131MPa
  [ 565] OK     f=   0.308  a=24.6 b=30.8 gap=18.0 (face=4.0mm) n=[227, 227, 303, 303, 279, 279, 13, 13]  tape=0.308km B=10.36T unif=0.668% hoop=130MPa
  [ 566] viol   f=   1.230  a=23.0 b=29.8 gap=17.9 (face=3.7mm) n=[189, 189, 279, 279, 234, 234, 12, 12]  tape=0.260km B=9.30T unif=0.555% hoop=113MPa
  [ 567] OK     f=   0.316  a=23.5 b=29.7 gap=17.9 (face=3.7mm) n=[225, 225, 337, 337, 240, 240, 35, 35]  tape=0.316km B=10.71T unif=0.632% hoop=127MPa
  [a=24 b=29 nt=1586] KSP converged reason: 4, iterations: 1
  [a=25 b=32 nt=1654] KSP converged reason: 4, iterations: 1
  [a=23 b=30 nt=1656] KSP converged reason: 4, iterations: 1
  [a=25 b=32 nt=1662] KSP converged reason: 4, iterations: 1
  [a=24 b=30 nt=1616] KSP converged reason: 4, iterations: 1
  [a=23 b=30 nt=1582] KSP converged reason: 4, iterations: 1
  [a=24 b=30 nt=1616] KSP converged reason: 4, iterations: 1
  [a=24 b=32 nt=1828] KSP converged reason: 4, iterations: 1
  [a=24 b=31 nt=1638] KSP converged reason: 4, iterations: 1
  [ 568] OK     f=   0.288  a=23.1 b=30.1 gap=17.8 (face=3.7mm) n=[226, 226, 303, 303, 255, 255, 7, 7]  tape=0.288km B=10.32T unif=0.934% hoop=123MPa
  [ 569] OK     f=   0.305  a=24.2 b=30.2 gap=17.8 (face=3.7mm) n=[234, 234, 314, 314, 237, 237, 23, 23]  tape=0.305km B=10.42T unif=0.868% hoop=133MPa
  [ 570] OK     f=   0.325  a=24.9 b=31.7 gap=17.9 (face=3.9mm) n=[232, 232, 334, 334, 254, 254, 7, 7]  tape=0.325km B=10.39T unif=0.417% hoop=135MPa
  [ 571] OK     f=   0.319  a=24.6 b=31.7 gap=18.0 (face=4.0mm) n=[219, 219, 321, 321, 289, 289, 2, 2]  tape=0.319km B=10.41T unif=0.380% hoop=129MPa
  [ 572] OK     f=   0.297  a=23.5 b=29.4 gap=17.7 (face=3.5mm) n=[240, 240, 327, 327, 200, 200, 26, 26]  tape=0.297km B=10.35T unif=0.747% hoop=129MPa
  [ 573] OK     f=   0.309  a=23.4 b=30.0 gap=17.8 (face=3.6mm) n=[224, 224, 316, 316, 253, 253, 35, 35]  tape=0.309km B=10.59T unif=0.418% hoop=125MPa
  [ 574] OK     f=   0.306  a=23.7 b=29.9 gap=17.8 (face=3.6mm) n=[238, 238, 330, 330, 215, 215, 25, 25]  tape=0.306km B=10.44T unif=0.540% hoop=131MPa
  [ 575] OK     f=   0.361  a=24.2 b=32.0 gap=17.9 (face=3.8mm) n=[229, 229, 349, 349, 296, 296, 40, 40]  tape=0.361km B=11.30T unif=0.638% hoop=137MPa
  [ 576] OK     f=   0.318  a=24.2 b=31.3 gap=17.9 (face=3.9mm) n=[204, 204, 333, 333, 268, 268, 14, 14]  tape=0.318km B=10.28T unif=0.794% hoop=127MPa
  [a=23 b=29 nt=1820] KSP converged reason: 4, iterations: 1
  [a=24 b=31 nt=1664] KSP converged reason: 4, iterations: 1
  [a=23 b=29 nt=1460] KSP converged reason: 4, iterations: 1
  [a=24 b=31 nt=1646] KSP converged reason: 4, iterations: 1
  [a=24 b=31 nt=1608] KSP converged reason: 4, iterations: 1
  [a=24 b=32 nt=1798] KSP converged reason: 4, iterations: 1
  [a=23 b=29 nt=1614] KSP converged reason: 4, iterations: 1
  [a=23 b=30 nt=1614] KSP converged reason: 4, iterations: 1
  [ 577] OK     f=   0.339  a=23.6 b=31.6 gap=17.9 (face=3.8mm) n=[233, 233, 307, 307, 312, 312, 47, 47]  tape=0.339km B=11.13T unif=0.616% hoop=133MPa
  [ 578] viol   f= 182.676  a=23.3 b=29.0 gap=17.7 (face=3.5mm) n=[232, 232, 298, 298, 187, 187, 13, 13]  tape=0.266km B=9.79T unif=1.955% hoop=123MPa
  [ 579] INFEAS f=1001.812  a=24.0 b=28.8 gap=17.8 (face=3.6mm) n=[230, 230, 300, 300, 181, 181, 23, 23]  no evaluation (geometry pre-check)
  [ 580] OK     f=   0.317  a=23.5 b=30.7 gap=17.9 (face=3.8mm) n=[241, 241, 343, 343, 244, 244, 4, 4]  tape=0.317km B=10.73T unif=0.350% hoop=130MPa
  [ 581] OK     f=   0.311  a=23.8 b=31.1 gap=17.9 (face=3.9mm) n=[224, 224, 325, 325, 235, 235, 20, 20]  tape=0.311km B=10.26T unif=0.602% hoop=127MPa
  [ 582] OK     f=   0.317  a=24.1 b=31.1 gap=18.0 (face=4.0mm) n=[221, 221, 318, 318, 255, 255, 29, 29]  tape=0.317km B=10.38T unif=0.623% hoop=131MPa
  [ 583] viol   f=  63.731  a=22.7 b=29.4 gap=17.8 (face=3.6mm) n=[248, 248, 312, 312, 294, 294, 56, 56]  tape=0.325km B=11.65T unif=1.563% hoop=131MPa
  [ 584] viol   f= 761.927  a=23.3 b=28.7 gap=17.8 (face=3.7mm) n=[252, 252, 302, 302, 234, 234, 19, 19]  tape=0.287km B=10.76T unif=2.951% hoop=128MPa
  [ 585] viol   f=  17.723  a=23.1 b=29.9 gap=17.7 (face=3.5mm) n=[232, 232, 300, 300, 266, 266, 9, 9]  tape=0.291km B=10.53T unif=1.295% hoop=124MPa
  [a=24 b=32 nt=1584] KSP converged reason: 4, iterations: 1
  [a=25 b=32 nt=1672] KSP converged reason: 4, iterations: 1
  [a=24 b=33 nt=1664] KSP converged reason: 4, iterations: 1
  [a=24 b=33 nt=1718] KSP converged reason: 4, iterations: 1
  [a=23 b=31 nt=1592] KSP converged reason: 4, iterations: 1
  [a=24 b=31 nt=1650] KSP converged reason: 4, iterations: 1
  [a=23 b=30 nt=1598] KSP converged reason: 4, iterations: 1
  [a=23 b=31 nt=1686] KSP converged reason: 4, iterations: 1
  [a=24 b=32 nt=1666] KSP converged reason: 4, iterations: 1
  [ 586] OK     f=   0.332  a=23.8 b=32.6 gap=17.9 (face=3.9mm) n=[206, 206, 321, 321, 314, 314, 18, 18]  tape=0.332km B=10.49T unif=0.614% hoop=123MPa
  [ 587] OK     f=   0.338  a=24.7 b=32.1 gap=18.0 (face=4.0mm) n=[228, 228, 344, 344, 233, 233, 31, 31]  tape=0.338km B=10.42T unif=0.379% hoop=134MPa
  [ 588] OK     f=   0.298  a=23.1 b=30.6 gap=17.9 (face=3.8mm) n=[223, 223, 307, 307, 241, 241, 25, 25]  tape=0.298km B=10.27T unif=0.812% hoop=125MPa
  [ 589] viol   f=   2.236  a=23.6 b=31.3 gap=17.8 (face=3.6mm) n=[236, 236, 313, 313, 215, 215, 61, 61]  tape=0.321km B=10.49T unif=1.098% hoop=133MPa
  [ 590] OK     f=   0.311  a=24.0 b=31.5 gap=18.0 (face=4.0mm) n=[227, 227, 333, 333, 225, 225, 7, 7]  tape=0.311km B=10.07T unif=0.300% hoop=127MPa
  [ 591] OK     f=   0.335  a=23.5 b=32.6 gap=18.0 (face=4.0mm) n=[211, 211, 335, 335, 244, 244, 42, 42]  tape=0.335km B=10.35T unif=0.498% hoop=125MPa
  [ 592] viol   f=  75.794  a=23.4 b=29.6 gap=17.9 (face=3.9mm) n=[255, 255, 325, 325, 209, 209, 10, 10]  tape=0.296km B=10.59T unif=1.614% hoop=128MPa
  [ 593] viol   f=  77.419  a=23.2 b=30.7 gap=18.0 (face=4.1mm) n=[200, 200, 342, 342, 281, 281, 20, 20]  tape=0.321km B=10.47T unif=1.621% hoop=120MPa
  [ 594] OK     f=   0.326  a=23.8 b=32.2 gap=18.0 (face=4.0mm) n=[210, 210, 324, 324, 275, 275, 24, 24]  tape=0.326km B=10.39T unif=0.507% hoop=126MPa
  [a=24 b=31 nt=1636] KSP converged reason: 4, iterations: 1
  [a=24 b=31 nt=1560] KSP converged reason: 4, iterations: 1
  [a=23 b=31 nt=1566] KSP converged reason: 4, iterations: 1
  [a=24 b=32 nt=1688] KSP converged reason: 4, iterations: 1
  [a=23 b=31 nt=1556] KSP converged reason: 4, iterations: 1
  [a=24 b=31 nt=1582] KSP converged reason: 4, iterations: 1
  [a=23 b=32 nt=1628] KSP converged reason: 4, iterations: 1
  [a=24 b=32 nt=1658] KSP converged reason: 4, iterations: 1
  [a=24 b=31 nt=1576] KSP converged reason: 4, iterations: 1
  [ 595] viol   f=   0.300  a=23.7 b=30.6 gap=18.0 (face=4.0mm) n=[213, 213, 335, 335, 230, 230, 2, 2]  tape=0.299km B=9.98T unif=0.692% hoop=122MPa
  [ 596] OK     f=   0.305  a=23.5 b=31.1 gap=17.9 (face=3.8mm) n=[203, 203, 305, 305, 238, 238, 45, 45]  tape=0.305km B=10.01T unif=0.797% hoop=122MPa
  [ 597] OK     f=   0.337  a=23.8 b=31.7 gap=17.9 (face=3.9mm) n=[216, 216, 323, 323, 219, 219, 86, 86]  tape=0.337km B=10.40T unif=0.788% hoop=130MPa
  [ 598] viol   f=   0.304  a=23.2 b=30.8 gap=17.9 (face=3.8mm) n=[201, 201, 302, 302, 234, 234, 46, 46]  tape=0.299km B=9.95T unif=0.684% hoop=120MPa
  [ 599] OK     f=   0.321  a=23.9 b=31.1 gap=17.9 (face=3.8mm) n=[226, 226, 332, 332, 224, 224, 36, 36]  tape=0.321km B=10.33T unif=0.502% hoop=131MPa
  [ 600] OK     f=   0.295  a=22.7 b=31.0 gap=17.9 (face=3.8mm) n=[212, 212, 323, 323, 237, 237, 6, 6]  tape=0.295km B=10.05T unif=0.616% hoop=120MPa
  [ 601] OK     f=   0.319  a=23.3 b=31.6 gap=17.9 (face=3.9mm) n=[228, 228, 336, 336, 229, 229, 21, 21]  tape=0.319km B=10.36T unif=0.374% hoop=128MPa
  [ 602] OK     f=   0.317  a=23.6 b=31.7 gap=18.0 (face=3.9mm) n=[238, 238, 324, 324, 265, 265, 2, 2]  tape=0.317km B=10.61T unif=0.738% hoop=129MPa
  [ 603] viol   f=   0.334  a=24.2 b=31.2 gap=17.9 (face=3.8mm) n=[202, 202, 325, 325, 227, 227, 34, 34]  tape=0.310km B=9.89T unif=0.481% hoop=127MPa
  [a=23 b=30 nt=1538] KSP converged reason: 4, iterations: 1
  [a=23 b=31 nt=1488] KSP converged reason: 4, iterations: 1
  [a=24 b=32 nt=1660] KSP converged reason: 4, iterations: 1
  [a=24 b=32 nt=1680] KSP converged reason: 4, iterations: 1
  [a=23 b=30 nt=1538] KSP converged reason: 4, iterations: 1
  [a=23 b=31 nt=1530] KSP converged reason: 4, iterations: 1
  [a=23 b=31 nt=1652] KSP converged reason: 4, iterations: 1
  [a=23 b=31 nt=1498] KSP converged reason: 4, iterations: 1
  [a=23 b=31 nt=1522] KSP converged reason: 4, iterations: 1
  [ 604] viol   f=   0.661  a=22.6 b=30.6 gap=17.9 (face=3.9mm) n=[208, 208, 334, 334, 193, 193, 9, 9]  tape=0.285km B=9.57T unif=0.805% hoop=117MPa
  [ 605] viol   f=  21.612  a=23.0 b=30.5 gap=17.9 (face=3.8mm) n=[200, 200, 343, 343, 191, 191, 35, 35]  tape=0.300km B=9.74T unif=1.325% hoop=119MPa
  [ 606] viol   f=   0.328  a=23.1 b=30.7 gap=17.8 (face=3.7mm) n=[208, 208, 323, 323, 221, 221, 13, 13]  tape=0.293km B=9.87T unif=0.600% hoop=120MPa
  [ 607] OK     f=   0.329  a=23.7 b=32.2 gap=18.0 (face=4.1mm) n=[208, 208, 335, 335, 263, 263, 24, 24]  tape=0.329km B=10.32T unif=0.620% hoop=123MPa
  [ 608] viol   f=   0.295  a=23.2 b=30.0 gap=17.8 (face=3.6mm) n=[204, 204, 309, 309, 240, 240, 16, 16]  tape=0.287km B=9.93T unif=0.390% hoop=119MPa
  [ 609] OK     f=   0.327  a=23.9 b=32.3 gap=18.0 (face=4.1mm) n=[205, 205, 333, 333, 299, 299, 3, 3]  tape=0.327km B=10.40T unif=0.762% hoop=124MPa
  [ 610] viol   f=   0.688  a=23.5 b=31.0 gap=17.9 (face=3.7mm) n=[196, 196, 312, 312, 217, 217, 24, 24]  tape=0.290km B=9.55T unif=0.493% hoop=121MPa
  [ 611] viol   f=   0.685  a=22.6 b=31.4 gap=17.9 (face=3.8mm) n=[202, 202, 348, 348, 234, 234, 42, 42]  tape=0.325km B=10.37T unif=1.042% hoop=121MPa
  [ 612] viol   f=   0.355  a=22.7 b=30.9 gap=17.9 (face=3.9mm) n=[211, 211, 327, 327, 219, 219, 4, 4]  tape=0.290km B=9.82T unif=0.423% hoop=119MPa
  [a=23 b=32 nt=1592] KSP converged reason: 4, iterations: 1
  [a=23 b=30 nt=1518] KSP converged reason: 4, iterations: 1
  [a=23 b=30 nt=1632] KSP converged reason: 4, iterations: 1
  [a=24 b=32 nt=1634] KSP converged reason: 4, iterations: 1
  [a=23 b=31 nt=1614] KSP converged reason: 4, iterations: 1
  [a=23 b=31 nt=1630] KSP converged reason: 4, iterations: 1
  [a=24 b=32 nt=1590] KSP converged reason: 4, iterations: 1
  [a=23 b=30 nt=1570] KSP converged reason: 4, iterations: 1
  [a=23 b=31 nt=1716] KSP converged reason: 4, iterations: 1
  [ 613] OK     f=   0.309  a=23.1 b=31.2 gap=17.9 (face=3.8mm) n=[202, 202, 323, 323, 275, 275, 15, 15]  tape=0.309km B=10.29T unif=0.818% hoop=120MPa
  [ 614] viol   f=   1.728  a=23.5 b=31.6 gap=17.9 (face=3.8mm) n=[194, 194, 331, 331, 274, 274, 18, 18]  tape=0.317km B=10.15T unif=1.084% hoop=121MPa
  [ 615] viol   f=   0.323  a=23.3 b=30.2 gap=17.8 (face=3.5mm) n=[216, 216, 322, 322, 213, 213, 8, 8]  tape=0.287km B=9.87T unif=0.400% hoop=123MPa
  [ 616] OK     f=   0.307  a=23.5 b=30.2 gap=17.8 (face=3.6mm) n=[219, 219, 318, 318, 247, 247, 32, 32]  tape=0.307km B=10.43T unif=0.360% hoop=127MPa
  [ 617] viol   f=   2.514  a=22.8 b=31.3 gap=17.9 (face=3.8mm) n=[179, 179, 317, 317, 278, 278, 33, 33]  tape=0.307km B=9.95T unif=1.105% hoop=113MPa
  [ 618] viol   f=   0.325  a=23.4 b=31.6 gap=17.9 (face=3.8mm) n=[192, 192, 345, 345, 236, 236, 23, 23]  tape=0.316km B=9.99T unif=1.007% hoop=120MPa
  [ 619] viol   f=   0.319  a=23.7 b=31.6 gap=17.9 (face=3.7mm) n=[196, 196, 305, 305, 285, 285, 9, 9]  tape=0.301km B=9.91T unif=0.544% hoop=119MPa
  [ 620] OK     f=   0.301  a=23.1 b=30.2 gap=17.8 (face=3.7mm) n=[209, 209, 330, 330, 210, 210, 36, 36]  tape=0.301km B=10.01T unif=0.706% hoop=124MPa
  [ 621] OK     f=   0.322  a=23.2 b=31.3 gap=17.9 (face=3.8mm) n=[208, 208, 307, 307, 323, 323, 20, 20]  tape=0.322km B=10.51T unif=0.465% hoop=122MPa
  [a=24 b=30 nt=1692] KSP converged reason: 4, iterations: 1
  [a=25 b=32 nt=1656] KSP converged reason: 4, iterations: 1
  [a=24 b=32 nt=1644] KSP converged reason: 4, iterations: 1
  [a=24 b=31 nt=1622] KSP converged reason: 4, iterations: 1
  [a=24 b=30 nt=1550] KSP converged reason: 4, iterations: 1
  [a=24 b=29 nt=1450] KSP converged reason: 4, iterations: 1
  [a=24 b=31 nt=1576] KSP converged reason: 4, iterations: 1
  [a=25 b=31 nt=1676] KSP converged reason: 4, iterations: 1
  [a=22 b=30 nt=1560] KSP converged reason: 4, iterations: 1
  [ 622] viol   f=   0.305  a=23.7 b=29.9 gap=17.8 (face=3.6mm) n=[209, 209, 321, 321, 213, 213, 32, 32]  tape=0.295km B=9.93T unif=0.482% hoop=122MPa
  [ 623] OK     f=   0.329  a=23.6 b=30.2 gap=17.8 (face=3.7mm) n=[221, 221, 347, 347, 224, 224, 54, 54]  tape=0.329km B=10.73T unif=0.890% hoop=133MPa
  [ 624] viol   f=   0.679  a=23.7 b=29.4 gap=17.8 (face=3.6mm) n=[226, 226, 313, 313, 173, 173, 13, 13]  tape=0.271km B=9.55T unif=0.635% hoop=123MPa
  [ 625] OK     f=   0.319  a=23.7 b=31.3 gap=17.9 (face=3.7mm) n=[217, 217, 347, 347, 233, 233, 14, 14]  tape=0.319km B=10.32T unif=0.637% hoop=127MPa
  [ 626] viol   f=   5.575  a=24.2 b=31.8 gap=18.0 (face=4.0mm) n=[205, 205, 351, 351, 245, 245, 21, 21]  tape=0.329km B=10.22T unif=1.162% hoop=126MPa
  [ 627] viol   f=   7.775  a=24.6 b=31.8 gap=18.0 (face=4.0mm) n=[202, 202, 356, 356, 257, 257, 13, 13]  tape=0.332km B=10.28T unif=1.193% hoop=129MPa
  [ 628] OK     f=   0.302  a=23.9 b=30.8 gap=17.8 (face=3.6mm) n=[213, 213, 326, 326, 243, 243, 6, 6]  tape=0.302km B=10.10T unif=0.461% hoop=126MPa
  [ 629] OK     f=   0.325  a=24.6 b=31.1 gap=17.9 (face=3.8mm) n=[231, 231, 328, 328, 258, 258, 21, 21]  tape=0.325km B=10.62T unif=0.702% hoop=135MPa
  [ 630] OK     f=   0.285  a=22.1 b=30.1 gap=17.8 (face=3.5mm) n=[207, 207, 295, 295, 247, 247, 31, 31]  tape=0.285km B=10.07T unif=0.545% hoop=116MPa
  [a=24 b=31 nt=1704] KSP converged reason: 4, iterations: 1
  [a=24 b=32 nt=1626] KSP converged reason: 4, iterations: 1
  [a=23 b=31 nt=1556] KSP converged reason: 4, iterations: 1
  [a=23 b=31 nt=1514] KSP converged reason: 4, iterations: 1
  [a=23 b=30 nt=1612] KSP converged reason: 4, iterations: 1
  [a=23 b=31 nt=1572] KSP converged reason: 4, iterations: 1
  [a=24 b=31 nt=1594] KSP converged reason: 4, iterations: 1
  [a=23 b=30 nt=1568] KSP converged reason: 4, iterations: 1
  [a=23 b=31 nt=1612] KSP converged reason: 4, iterations: 1
  [ 631] viol   f=   0.354  a=22.6 b=31.2 gap=17.8 (face=3.7mm) n=[200, 200, 276, 276, 292, 292, 18, 18]  tape=0.290km B=9.82T unif=0.706% hoop=115MPa
  [ 632] viol   f=  29.438  a=23.6 b=31.1 gap=17.8 (face=3.7mm) n=[194, 194, 346, 346, 263, 263, 49, 49]  tape=0.335km B=10.57T unif=1.381% hoop=124MPa
  [ 633] viol   f=   0.311  a=23.4 b=31.4 gap=17.9 (face=3.8mm) n=[209, 209, 320, 320, 235, 235, 14, 14]  tape=0.301km B=9.93T unif=0.560% hoop=123MPa
  [ 634] OK     f=   0.291  a=22.8 b=30.1 gap=17.8 (face=3.7mm) n=[211, 211, 292, 292, 277, 277, 26, 26]  tape=0.291km B=10.30T unif=0.572% hoop=119MPa
  [ 635] viol   f=   0.335  a=22.9 b=30.6 gap=17.8 (face=3.6mm) n=[211, 211, 303, 303, 229, 229, 14, 14]  tape=0.283km B=9.84T unif=0.546% hoop=121MPa
  [ 636] OK     f=   0.315  a=23.5 b=31.5 gap=17.9 (face=3.8mm) n=[220, 220, 322, 322, 249, 249, 22, 22]  tape=0.315km B=10.33T unif=0.539% hoop=125MPa
  [ 637] OK     f=   0.305  a=23.6 b=30.5 gap=17.8 (face=3.7mm) n=[217, 217, 326, 326, 234, 234, 20, 20]  tape=0.305km B=10.17T unif=0.477% hoop=127MPa
  [ 638] OK     f=   0.288  a=23.1 b=30.3 gap=17.8 (face=3.7mm) n=[212, 212, 296, 296, 261, 261, 15, 15]  tape=0.288km B=10.07T unif=0.575% hoop=120MPa
  [ 639] OK     f=   0.303  a=23.4 b=30.7 gap=17.8 (face=3.6mm) n=[221, 221, 312, 312, 254, 254, 19, 19]  tape=0.303km B=10.30T unif=0.451% hoop=124MPa
  [a=23 b=29 nt=1516] KSP converged reason: 4, iterations: 1
  [a=24 b=31 nt=1686] KSP converged reason: 4, iterations: 1
  [a=23 b=30 nt=1572] KSP converged reason: 4, iterations: 1
  [a=24 b=31 nt=1622] KSP converged reason: 4, iterations: 1
  [a=24 b=31 nt=1598] KSP converged reason: 4, iterations: 1
  [a=23 b=31 nt=1576] KSP converged reason: 4, iterations: 1
  [a=24 b=30 nt=1562] KSP converged reason: 4, iterations: 1
  [a=22 b=30 nt=1540] KSP converged reason: 4, iterations: 1
  [a=23 b=30 nt=1484] KSP converged reason: 4, iterations: 1
  [ 640] viol   f=  35.785  a=22.7 b=30.0 gap=17.8 (face=3.6mm) n=[215, 215, 269, 269, 287, 287, 15, 15]  tape=0.282km B=10.02T unif=1.421% hoop=119MPa
  [ 641] viol   f=   0.389  a=23.4 b=30.9 gap=17.9 (face=3.7mm) n=[208, 208, 278, 278, 274, 274, 28, 28]  tape=0.290km B=9.97T unif=1.022% hoop=121MPa
  [ 642] OK     f=   0.300  a=24.1 b=31.0 gap=17.9 (face=3.7mm) n=[213, 213, 297, 297, 294, 294, 7, 7]  tape=0.300km B=10.22T unif=0.434% hoop=124MPa
  [ 643] viol   f=   0.315  a=23.4 b=29.4 gap=17.8 (face=3.7mm) n=[216, 216, 304, 304, 225, 225, 13, 13]  tape=0.278km B=9.87T unif=0.572% hoop=120MPa
  [ 644] OK     f=   0.298  a=23.5 b=30.9 gap=17.9 (face=3.8mm) n=[210, 210, 300, 300, 270, 270, 19, 19]  tape=0.298km B=10.17T unif=0.628% hoop=120MPa
  [ 645] OK     f=   0.319  a=23.8 b=30.6 gap=17.9 (face=3.8mm) n=[238, 238, 321, 321, 255, 255, 29, 29]  tape=0.319km B=10.74T unif=0.763% hoop=132MPa
  [ 646] OK     f=   0.297  a=23.8 b=29.7 gap=17.8 (face=3.6mm) n=[232, 232, 331, 331, 199, 199, 19, 19]  tape=0.297km B=10.13T unif=0.225% hoop=129MPa
  [ 647] viol   f=   0.491  a=22.3 b=30.1 gap=17.8 (face=3.6mm) n=[198, 198, 269, 269, 291, 291, 12, 12]  tape=0.277km B=9.67T unif=0.585% hoop=113MPa
  [ 648] viol   f=   0.665  a=23.0 b=30.5 gap=17.9 (face=3.7mm) n=[204, 204, 287, 287, 223, 223, 28, 28]  tape=0.277km B=9.56T unif=0.767% hoop=116MPa
  [a=24 b=29 nt=1554] KSP converged reason: 4, iterations: 1
  [a=24 b=31 nt=1602] KSP converged reason: 4, iterations: 1
  [a=24 b=30 nt=1658] KSP converged reason: 4, iterations: 1
  [a=23 b=31 nt=1630] KSP converged reason: 4, iterations: 1
  [a=24 b=31 nt=1664] KSP converged reason: 4, iterations: 1
  [a=24 b=31 nt=1566] KSP converged reason: 4, iterations: 1
  [a=24 b=30 nt=1588] KSP converged reason: 4, iterations: 1
  [a=24 b=30 nt=1512] KSP converged reason: 4, iterations: 1
  [a=24 b=30 nt=1506] KSP converged reason: 4, iterations: 1
  [ 649] OK     f=   0.310  a=24.4 b=30.5 gap=17.9 (face=3.7mm) n=[239, 239, 334, 334, 211, 211, 17, 17]  tape=0.310km B=10.26T unif=0.616% hoop=135MPa
  [ 650] OK     f=   0.293  a=23.9 b=29.1 gap=17.8 (face=3.6mm) n=[236, 236, 337, 337, 188, 188, 16, 16]  tape=0.293km B=10.12T unif=0.207% hoop=130MPa
  [ 651] OK     f=   0.310  a=23.4 b=30.9 gap=17.9 (face=3.7mm) n=[220, 220, 322, 322, 250, 250, 23, 23]  tape=0.310km B=10.43T unif=0.419% hoop=126MPa
  [ 652] OK     f=   0.316  a=24.1 b=30.5 gap=17.8 (face=3.6mm) n=[242, 242, 322, 322, 244, 244, 24, 24]  tape=0.316km B=10.67T unif=0.689% hoop=134MPa
  [ 653] OK     f=   0.315  a=23.7 b=29.8 gap=17.8 (face=3.6mm) n=[228, 228, 323, 323, 227, 227, 51, 51]  tape=0.315km B=10.64T unif=0.391% hoop=134MPa
  [ 654] viol   f=   0.317  a=24.0 b=30.8 gap=18.0 (face=4.0mm) n=[205, 205, 298, 298, 269, 269, 11, 11]  tape=0.293km B=9.89T unif=0.480% hoop=120MPa
  [ 655] OK     f=   0.304  a=24.2 b=30.5 gap=17.8 (face=3.7mm) n=[223, 223, 329, 329, 234, 234, 8, 8]  tape=0.304km B=10.20T unif=0.455% hoop=128MPa
  [ 656] viol   f=   0.301  a=23.7 b=29.6 gap=17.7 (face=3.5mm) n=[230, 230, 313, 313, 202, 202, 11, 11]  tape=0.282km B=9.90T unif=0.961% hoop=126MPa
  [ 657] viol   f=   0.408  a=24.1 b=30.4 gap=17.9 (face=3.8mm) n=[218, 218, 324, 324, 210, 210, 1, 1]  tape=0.288km B=9.76T unif=0.406% hoop=125MPa
  [a=24 b=30 nt=1550] KSP converged reason: 4, iterations: 1
  [a=24 b=30 nt=1516] KSP converged reason: 4, iterations: 1
  [a=24 b=31 nt=1640] KSP converged reason: 4, iterations: 1
  [a=24 b=29 nt=1552] KSP converged reason: 4, iterations: 1
  [a=24 b=30 nt=1542] KSP converged reason: 4, iterations: 1
  [a=24 b=31 nt=1530] KSP converged reason: 4, iterations: 1
  [a=24 b=30 nt=1576] KSP converged reason: 4, iterations: 1
  [a=24 b=30 nt=1506] KSP converged reason: 4, iterations: 1
  [ 658] OK     f=   0.316  a=24.0 b=31.1 gap=17.8 (face=3.6mm) n=[221, 221, 336, 336, 257, 257, 6, 6]  tape=0.316km B=10.42T unif=0.540% hoop=129MPa
  [ 659] viol   f=   0.287  a=24.0 b=29.5 gap=17.7 (face=3.4mm) n=[236, 236, 325, 325, 192, 192, 5, 5]  tape=0.285km B=9.97T unif=0.393% hoop=129MPa
  [ 660] viol   f=   0.342  a=24.3 b=31.0 gap=17.9 (face=3.7mm) n=[221, 221, 327, 327, 215, 215, 2, 2]  tape=0.297km B=9.85T unif=0.572% hoop=130MPa
  [ 661] OK     f=   0.289  a=23.8 b=29.4 gap=17.8 (face=3.5mm) n=[224, 224, 311, 311, 216, 216, 25, 25]  tape=0.289km B=10.06T unif=0.777% hoop=126MPa
  [ 662] viol   f=   0.290  a=23.7 b=30.0 gap=17.9 (face=3.7mm) n=[213, 213, 314, 314, 237, 237, 7, 7]  tape=0.288km B=9.97T unif=0.352% hoop=123MPa
  [ 663] viol   f=   0.766  a=24.1 b=30.0 gap=17.8 (face=3.7mm) n=[216, 216, 344, 344, 192, 192, 23, 23]  tape=0.302km B=9.88T unif=1.047% hoop=126MPa
  [ 664] INFEAS f=1000.036  a=24.0 b=29.0 gap=17.7 (face=3.4mm) n=[232, 232, 310, 310, 202, 202, 22, 22]  no evaluation (geometry pre-check)
  [ 665] viol   f=  44.710  a=23.8 b=30.0 gap=17.8 (face=3.6mm) n=[222, 222, 290, 290, 256, 256, 20, 20]  tape=0.289km B=10.16T unif=1.471% hoop=126MPa
  [ 666] viol   f=   0.469  a=23.8 b=30.1 gap=17.8 (face=3.7mm) n=[223, 223, 328, 328, 185, 185, 17, 17]  tape=0.289km B=9.70T unif=0.285% hoop=125MPa
  [a=24 b=31 nt=1560] KSP converged reason: 4, iterations: 1
  [a=24 b=30 nt=1538] KSP converged reason: 4, iterations: 1
  [a=25 b=30 nt=1552] KSP converged reason: 4, iterations: 1
  [a=23 b=29 nt=1472] KSP converged reason: 4, iterations: 1
  [a=24 b=30 nt=1606] KSP converged reason: 4, iterations: 1
  [a=23 b=29 nt=1408] KSP converged reason: 4, iterations: 1
  [a=24 b=31 nt=1656] KSP converged reason: 4, iterations: 1
  [ 667] viol   f=   1.198  a=22.7 b=29.0 gap=17.7 (face=3.4mm) n=[201, 201, 283, 283, 208, 208, 12, 12]  tape=0.253km B=9.31T unif=0.713% hoop=114MPa
  [ 668] viol   f=   0.360  a=23.4 b=29.4 gap=17.7 (face=3.5mm) n=[231, 231, 310, 310, 194, 194, 1, 1]  tape=0.271km B=9.79T unif=0.822% hoop=124MPa
  [ 669] viol   f=   0.324  a=24.4 b=30.6 gap=17.8 (face=3.6mm) n=[208, 208, 332, 332, 221, 221, 19, 19]  tape=0.304km B=9.90T unif=0.666% hoop=125MPa
  [ 670] INFEAS f=1000.052  a=23.8 b=28.8 gap=17.7 (face=3.4mm) n=[229, 229, 318, 318, 188, 188, 17, 17]  no evaluation (geometry pre-check)
  [ 671] viol   f= 198.144  a=24.5 b=29.6 gap=17.8 (face=3.7mm) n=[234, 234, 300, 300, 225, 225, 17, 17]  tape=0.288km B=10.15T unif=1.995% hoop=132MPa
  [ 672] INFEAS f=1000.540  a=24.7 b=29.6 gap=17.8 (face=3.6mm) n=[234, 234, 329, 329, 169, 169, 42, 42]  no evaluation (geometry pre-check)
  [ 673] viol   f=   0.290  a=23.6 b=30.0 gap=17.8 (face=3.6mm) n=[218, 218, 320, 320, 222, 222, 9, 9]  tape=0.290km B=9.98T unif=0.366% hoop=125MPa
  [ 674] OK     f=   0.299  a=23.9 b=30.5 gap=17.8 (face=3.7mm) n=[217, 217, 296, 296, 262, 262, 28, 28]  tape=0.299km B=10.20T unif=0.832% hoop=126MPa
  [ 675] OK     f=   0.312  a=23.9 b=31.3 gap=17.9 (face=3.8mm) n=[218, 218, 312, 312, 289, 289, 9, 9]  tape=0.312km B=10.41T unif=0.504% hoop=127MPa
  [a=24 b=30 nt=1588] KSP converged reason: 4, iterations: 1
  [a=24 b=32 nt=1696] KSP converged reason: 4, iterations: 1
  [a=24 b=31 nt=1612] KSP converged reason: 4, iterations: 1
  [a=23 b=31 nt=1614] KSP converged reason: 4, iterations: 1
  [a=24 b=32 nt=1700] KSP converged reason: 4, iterations: 1
  [a=23 b=29 nt=1554] KSP converged reason: 4, iterations: 1
  [a=24 b=31 nt=1632] KSP converged reason: 4, iterations: 1
  [a=24 b=31 nt=1586] KSP converged reason: 4, iterations: 1
  [a=23 b=30 nt=1548] KSP converged reason: 4, iterations: 1
  [ 676] OK     f=   0.302  a=23.2 b=31.5 gap=17.9 (face=3.8mm) n=[199, 199, 303, 303, 290, 290, 15, 15]  tape=0.302km B=10.06T unif=0.505% hoop=116MPa
  [ 677] OK     f=   0.335  a=24.2 b=31.7 gap=17.9 (face=3.9mm) n=[221, 221, 353, 353, 262, 262, 12, 12]  tape=0.335km B=10.59T unif=0.961% hoop=131MPa
  [ 678] OK     f=   0.302  a=24.2 b=29.5 gap=17.8 (face=3.5mm) n=[242, 242, 343, 343, 198, 198, 11, 11]  tape=0.302km B=10.27T unif=0.234% hoop=132MPa
  [ 679] OK     f=   0.331  a=24.2 b=31.8 gap=17.9 (face=3.8mm) n=[218, 218, 323, 323, 281, 281, 28, 28]  tape=0.331km B=10.60T unif=0.529% hoop=131MPa
  [ 680] viol   f=  50.362  a=22.7 b=29.3 gap=17.8 (face=3.6mm) n=[219, 219, 290, 290, 251, 251, 17, 17]  tape=0.277km B=10.13T unif=1.500% hoop=119MPa
  [ 681] OK     f=   0.309  a=24.4 b=30.9 gap=17.9 (face=3.8mm) n=[212, 212, 310, 310, 254, 254, 30, 30]  tape=0.309km B=10.16T unif=0.561% hoop=128MPa
  [ 682] OK     f=   0.304  a=23.6 b=31.2 gap=17.9 (face=3.8mm) n=[200, 200, 292, 292, 295, 295, 29, 29]  tape=0.304km B=10.12T unif=0.397% hoop=120MPa
  [ 683] viol   f=   0.305  a=23.8 b=31.2 gap=17.9 (face=3.7mm) n=[202, 202, 312, 312, 261, 261, 18, 18]  tape=0.303km B=9.97T unif=0.455% hoop=122MPa
  [ 684] OK     f=   0.284  a=23.3 b=30.1 gap=17.8 (face=3.7mm) n=[215, 215, 299, 299, 252, 252, 8, 8]  tape=0.284km B=10.04T unif=0.731% hoop=120MPa
  [a=24 b=30 nt=1580] KSP converged reason: 4, iterations: 1
  [a=24 b=30 nt=1620] KSP converged reason: 4, iterations: 1
  [a=24 b=31 nt=1608] KSP converged reason: 4, iterations: 1
  [a=24 b=31 nt=1626] KSP converged reason: 4, iterations: 1
  [a=24 b=30 nt=1566] KSP converged reason: 4, iterations: 1
  [a=24 b=30 nt=1594] KSP converged reason: 4, iterations: 1
  [a=24 b=30 nt=1562] KSP converged reason: 4, iterations: 1
  [a=24 b=30 nt=1562] KSP converged reason: 4, iterations: 1
  [a=24 b=29 nt=1534] KSP converged reason: 4, iterations: 1
  [ 685] OK     f=   0.308  a=23.5 b=31.3 gap=17.9 (face=3.7mm) n=[219, 219, 326, 326, 256, 256, 3, 3]  tape=0.308km B=10.33T unif=0.517% hoop=126MPa
  [ 686] OK     f=   0.298  a=23.9 b=30.1 gap=17.9 (face=3.7mm) n=[222, 222, 304, 304, 243, 243, 28, 28]  tape=0.298km B=10.26T unif=0.623% hoop=129MPa
  [ 687] OK     f=   0.304  a=24.2 b=30.4 gap=17.8 (face=3.6mm) n=[235, 235, 327, 327, 208, 208, 20, 20]  tape=0.304km B=10.18T unif=0.599% hoop=132MPa
  [ 688] OK     f=   0.310  a=24.0 b=31.2 gap=17.9 (face=3.8mm) n=[216, 216, 313, 313, 265, 265, 19, 19]  tape=0.310km B=10.25T unif=0.485% hoop=126MPa
  [ 689] OK     f=   0.308  a=24.1 b=30.3 gap=17.8 (face=3.6mm) n=[229, 229, 327, 327, 238, 238, 16, 16]  tape=0.308km B=10.42T unif=0.375% hoop=128MPa
  [ 690] OK     f=   0.291  a=23.9 b=30.0 gap=17.9 (face=3.8mm) n=[214, 214, 302, 302, 247, 247, 20, 20]  tape=0.291km B=10.10T unif=0.542% hoop=126MPa
  [ 691] OK     f=   0.293  a=24.1 b=30.2 gap=17.8 (face=3.6mm) n=[220, 220, 315, 315, 245, 245, 1, 1]  tape=0.293km B=10.12T unif=0.455% hoop=125MPa
  [ 692] viol   f=  65.387  a=23.6 b=29.6 gap=17.8 (face=3.6mm) n=[229, 229, 294, 294, 255, 255, 3, 3]  tape=0.281km B=10.26T unif=1.571% hoop=125MPa
  [ 693] OK     f=   0.281  a=23.6 b=29.3 gap=17.7 (face=3.5mm) n=[221, 221, 305, 305, 228, 228, 13, 13]  tape=0.281km B=10.02T unif=0.702% hoop=124MPa
  [a=24 b=30 nt=1514] KSP converged reason: 4, iterations: 1
  [a=24 b=30 nt=1590] KSP converged reason: 4, iterations: 1
  [a=23 b=29 nt=1504] KSP converged reason: 4, iterations: 1
  [a=24 b=31 nt=1578] KSP converged reason: 4, iterations: 1
  [a=24 b=30 nt=1538] KSP converged reason: 4, iterations: 1
  [a=24 b=31 nt=1630] KSP converged reason: 4, iterations: 1
  [a=23 b=29 nt=1554] KSP converged reason: 4, iterations: 1
  [a=24 b=30 nt=1604] KSP converged reason: 4, iterations: 1
  [a=24 b=30 nt=1490] KSP converged reason: 4, iterations: 1
  [ 694] OK     f=   0.308  a=24.1 b=30.8 gap=17.9 (face=3.8mm) n=[204, 204, 290, 290, 267, 267, 54, 54]  tape=0.308km B=10.20T unif=0.568% hoop=127MPa
  [ 695] OK     f=   0.302  a=24.4 b=30.5 gap=17.8 (face=3.6mm) n=[211, 211, 310, 310, 251, 251, 23, 23]  tape=0.302km B=10.14T unif=0.496% hoop=127MPa
  [ 696] viol   f=   0.288  a=23.7 b=30.0 gap=17.8 (face=3.6mm) n=[207, 207, 295, 295, 253, 253, 14, 14]  tape=0.283km B=9.95T unif=0.631% hoop=122MPa
  [ 697] OK     f=   0.297  a=23.5 b=30.6 gap=17.9 (face=3.7mm) n=[212, 212, 308, 308, 250, 250, 19, 19]  tape=0.297km B=10.10T unif=0.546% hoop=123MPa
  [ 698] viol   f=   0.281  a=23.0 b=29.2 gap=17.8 (face=3.5mm) n=[215, 215, 296, 296, 234, 234, 7, 7]  tape=0.271km B=9.93T unif=0.888% hoop=120MPa
  [ 699] viol   f=   0.313  a=24.2 b=29.9 gap=17.8 (face=3.7mm) n=[222, 222, 315, 315, 217, 217, 3, 3]  tape=0.285km B=9.88T unif=0.777% hoop=126MPa
  [ 700] OK     f=   0.288  a=23.2 b=29.5 gap=17.8 (face=3.5mm) n=[208, 208, 310, 310, 233, 233, 26, 26]  tape=0.288km B=10.10T unif=0.462% hoop=120MPa
  [ 701] OK     f=   0.294  a=23.7 b=29.6 gap=17.8 (face=3.6mm) n=[226, 226, 308, 308, 254, 254, 14, 14]  tape=0.294km B=10.40T unif=0.489% hoop=126MPa
  [ 702] viol   f=   0.457  a=23.9 b=29.8 gap=17.8 (face=3.6mm) n=[208, 208, 301, 301, 232, 232, 4, 4]  tape=0.276km B=9.70T unif=0.418% hoop=122MPa
  [a=23 b=29 nt=1608] KSP converged reason: 4, iterations: 1
  [a=23 b=29 nt=1508] KSP converged reason: 4, iterations: 1
  [a=24 b=29 nt=1482] KSP converged reason: 4, iterations: 1
  [a=24 b=30 nt=1524] KSP converged reason: 4, iterations: 1
  [a=23 b=29 nt=1540] KSP converged reason: 4, iterations: 1
  [a=23 b=30 nt=1582] KSP converged reason: 4, iterations: 1
  [a=24 b=29 nt=1504] KSP converged reason: 4, iterations: 1
  [a=23 b=29 nt=1538] KSP converged reason: 4, iterations: 1
  [a=23 b=29 nt=1518] KSP converged reason: 4, iterations: 1
  [ 703] viol   f=   0.308  a=23.8 b=30.0 gap=17.8 (face=3.5mm) n=[211, 211, 316, 316, 230, 230, 5, 5]  tape=0.286km B=9.90T unif=0.439% hoop=122MPa
  [ 704] OK     f=   0.301  a=23.4 b=29.2 gap=17.8 (face=3.6mm) n=[233, 233, 327, 327, 211, 211, 33, 33]  tape=0.301km B=10.41T unif=0.495% hoop=128MPa
  [ 705] OK     f=   0.282  a=22.6 b=29.7 gap=17.7 (face=3.4mm) n=[197, 197, 288, 288, 280, 280, 26, 26]  tape=0.282km B=10.11T unif=0.352% hoop=114MPa
  [ 706] viol   f=   0.450  a=23.6 b=29.3 gap=17.7 (face=3.5mm) n=[216, 216, 308, 308, 211, 211, 6, 6]  tape=0.273km B=9.70T unif=0.500% hoop=121MPa
  [ 707] OK     f=   0.281  a=23.4 b=29.3 gap=17.7 (face=3.4mm) n=[223, 223, 304, 304, 232, 232, 11, 11]  tape=0.281km B=10.06T unif=0.808% hoop=123MPa
  [ 708] viol   f=   0.290  a=23.3 b=28.7 gap=17.7 (face=3.4mm) n=[222, 222, 312, 312, 196, 196, 24, 24]  tape=0.276km B=9.92T unif=0.343% hoop=123MPa
  [ 709] viol   f=   0.361  a=22.7 b=29.1 gap=17.8 (face=3.6mm) n=[194, 194, 274, 274, 280, 280, 21, 21]  tape=0.270km B=9.79T unif=0.417% hoop=112MPa
  [ 710] viol   f=   0.308  a=23.7 b=29.0 gap=17.7 (face=3.5mm) n=[211, 211, 294, 294, 234, 234, 13, 13]  tape=0.272km B=9.87T unif=0.947% hoop=122MPa
  [ 711] viol   f=   0.302  a=22.9 b=29.5 gap=17.8 (face=3.5mm) n=[206, 206, 308, 308, 233, 233, 12, 12]  tape=0.278km B=9.89T unif=0.384% hoop=117MPa
  [a=24 b=31 nt=1612] KSP converged reason: 4, iterations: 1
  [a=23 b=30 nt=1600] KSP converged reason: 4, iterations: 1
  [a=23 b=29 nt=1476] KSP converged reason: 4, iterations: 1
  [a=23 b=31 nt=1550] KSP converged reason: 4, iterations: 1
  [a=24 b=30 nt=1574] KSP converged reason: 4, iterations: 1
  [a=23 b=30 nt=1558] KSP converged reason: 4, iterations: 1
  [a=23 b=29 nt=1544] KSP converged reason: 4, iterations: 1
  [a=23 b=29 nt=1682] KSP converged reason: 4, iterations: 1
  [a=23 b=30 nt=1586] KSP converged reason: 4, iterations: 1
  [ 712] OK     f=   0.290  a=23.8 b=30.0 gap=17.8 (face=3.6mm) n=[219, 219, 307, 307, 258, 258, 3, 3]  tape=0.290km B=10.21T unif=0.498% hoop=125MPa
  [ 713] OK     f=   0.292  a=23.1 b=29.7 gap=17.8 (face=3.5mm) n=[216, 216, 299, 299, 257, 257, 28, 28]  tape=0.292km B=10.32T unif=0.559% hoop=120MPa
  [ 714] viol   f=   0.292  a=23.2 b=30.7 gap=17.9 (face=3.7mm) n=[207, 207, 309, 309, 256, 256, 3, 3]  tape=0.289km B=9.96T unif=0.427% hoop=118MPa
  [ 715] viol   f=   0.281  a=22.7 b=30.0 gap=17.8 (face=3.5mm) n=[198, 198, 290, 290, 277, 277, 14, 14]  tape=0.280km B=9.98T unif=0.366% hoop=114MPa
  [ 716] OK     f=   0.303  a=23.6 b=30.8 gap=17.9 (face=3.7mm) n=[219, 219, 316, 316, 264, 264, 7, 7]  tape=0.303km B=10.31T unif=0.421% hoop=124MPa
  [ 717] viol   f=   0.453  a=23.2 b=28.9 gap=17.7 (face=3.5mm) n=[208, 208, 302, 302, 221, 221, 7, 7]  tape=0.268km B=9.70T unif=0.301% hoop=117MPa
  [ 718] OK     f=   0.285  a=23.0 b=29.4 gap=17.7 (face=3.5mm) n=[208, 208, 310, 310, 228, 228, 26, 26]  tape=0.285km B=10.02T unif=0.436% hoop=118MPa
  [ 719] OK     f=   0.309  a=23.2 b=29.5 gap=17.7 (face=3.4mm) n=[217, 217, 308, 308, 259, 259, 57, 57]  tape=0.309km B=10.77T unif=0.418% hoop=126MPa
  [ 720] OK     f=   0.289  a=23.4 b=30.4 gap=17.8 (face=3.7mm) n=[213, 213, 297, 297, 276, 276, 7, 7]  tape=0.289km B=10.15T unif=0.558% hoop=120MPa
  [a=23 b=30 nt=1654] KSP converged reason: 4, iterations: 1
  [a=23 b=31 nt=1592] KSP converged reason: 4, iterations: 1
  [a=23 b=30 nt=1590] KSP converged reason: 4, iterations: 1
  [a=23 b=30 nt=1568] KSP converged reason: 4, iterations: 1
  [a=23 b=30 nt=1524] KSP converged reason: 4, iterations: 1
  [a=22 b=29 nt=1514] KSP converged reason: 4, iterations: 1
  [a=23 b=29 nt=1568] KSP converged reason: 4, iterations: 1
  [a=23 b=30 nt=1640] KSP converged reason: 4, iterations: 1
  [a=23 b=30 nt=1528] KSP converged reason: 4, iterations: 1
  [ 721] OK     f=   0.287  a=23.1 b=30.1 gap=17.8 (face=3.6mm) n=[207, 207, 302, 302, 266, 266, 9, 9]  tape=0.287km B=10.10T unif=0.368% hoop=120MPa
  [ 722] viol   f=   0.801  a=22.4 b=28.5 gap=17.7 (face=3.4mm) n=[210, 210, 285, 285, 240, 240, 22, 22]  tape=0.266km B=10.00T unif=1.052% hoop=116MPa
  [ 723] OK     f=   0.282  a=22.6 b=29.8 gap=17.8 (face=3.5mm) n=[207, 207, 289, 289, 286, 286, 13, 13]  tape=0.282km B=10.16T unif=0.361% hoop=115MPa
  [ 724] viol   f=   0.300  a=22.7 b=30.2 gap=17.8 (face=3.6mm) n=[203, 203, 304, 304, 252, 252, 3, 3]  tape=0.279km B=9.90T unif=0.401% hoop=115MPa
  [ 725] OK     f=   0.301  a=23.1 b=30.2 gap=17.8 (face=3.6mm) n=[216, 216, 306, 306, 287, 287, 18, 18]  tape=0.301km B=10.50T unif=0.327% hoop=122MPa
  [ 726] viol   f=   0.422  a=23.0 b=30.8 gap=17.9 (face=3.7mm) n=[188, 188, 301, 301, 295, 295, 12, 12]  tape=0.292km B=9.91T unif=1.024% hoop=115MPa
  [ 727] OK     f=   0.287  a=22.7 b=29.0 gap=17.7 (face=3.4mm) n=[205, 205, 308, 308, 229, 229, 42, 42]  tape=0.287km B=10.18T unif=0.529% hoop=117MPa
  [ 728] OK     f=   0.302  a=23.3 b=29.6 gap=17.7 (face=3.5mm) n=[213, 213, 310, 310, 257, 257, 40, 40]  tape=0.302km B=10.48T unif=0.388% hoop=124MPa
  [ 729] viol   f=   0.306  a=23.2 b=30.3 gap=17.8 (face=3.6mm) n=[208, 208, 310, 310, 240, 240, 6, 6]  tape=0.285km B=9.90T unif=0.429% hoop=118MPa
  [a=22 b=30 nt=1646] KSP converged reason: 4, iterations: 1
  [a=23 b=30 nt=1614] KSP converged reason: 4, iterations: 1
  [a=22 b=30 nt=1576] KSP converged reason: 4, iterations: 1
  [a=22 b=30 nt=1626] KSP converged reason: 4, iterations: 1
  [a=23 b=30 nt=1604] KSP converged reason: 4, iterations: 1
  [a=22 b=30 nt=1536] KSP converged reason: 4, iterations: 1
  [a=23 b=30 nt=1592] KSP converged reason: 4, iterations: 1
  [a=23 b=30 nt=1570] KSP converged reason: 4, iterations: 1
  [a=23 b=29 nt=1656] KSP converged reason: 4, iterations: 1
  [ 730] OK     f=   0.297  a=22.3 b=29.9 gap=17.7 (face=3.5mm) n=[192, 192, 291, 291, 303, 303, 37, 37]  tape=0.297km B=10.17T unif=0.884% hoop=114MPa
  [ 731] OK     f=   0.285  a=22.0 b=29.6 gap=17.7 (face=3.4mm) n=[204, 204, 301, 301, 254, 254, 29, 29]  tape=0.285km B=10.24T unif=0.493% hoop=116MPa
  [ 732] OK     f=   0.289  a=22.6 b=30.4 gap=17.8 (face=3.7mm) n=[208, 208, 301, 301, 289, 289, 4, 4]  tape=0.289km B=10.26T unif=0.415% hoop=118MPa
  [ 733] viol   f=   0.298  a=22.5 b=29.6 gap=17.8 (face=3.5mm) n=[199, 199, 281, 281, 279, 279, 9, 9]  tape=0.270km B=9.88T unif=0.310% hoop=112MPa
  [ 734] OK     f=   0.293  a=22.5 b=30.3 gap=17.8 (face=3.7mm) n=[203, 203, 295, 295, 292, 292, 23, 23]  tape=0.293km B=10.26T unif=0.429% hoop=117MPa
  [ 735] OK     f=   0.293  a=22.7 b=29.8 gap=17.8 (face=3.5mm) n=[206, 206, 300, 300, 270, 270, 31, 31]  tape=0.293km B=10.31T unif=0.355% hoop=118MPa
  [ 736] OK     f=   0.290  a=23.2 b=30.3 gap=17.8 (face=3.6mm) n=[206, 206, 302, 302, 283, 283, 5, 5]  tape=0.290km B=10.20T unif=0.397% hoop=119MPa
  [ 737] OK     f=   0.285  a=23.2 b=30.2 gap=17.8 (face=3.6mm) n=[200, 200, 298, 298, 281, 281, 6, 6]  tape=0.285km B=10.01T unif=0.468% hoop=115MPa
  [ 738] OK     f=   0.300  a=23.0 b=28.5 gap=17.7 (face=3.4mm) n=[234, 234, 316, 316, 230, 230, 48, 48]  tape=0.300km B=10.86T unif=0.986% hoop=128MPa
  [a=23 b=29 nt=1584] KSP converged reason: 4, iterations: 1
  [a=22 b=29 nt=1558] KSP converged reason: 4, iterations: 1
  [a=23 b=30 nt=1654] KSP converged reason: 4, iterations: 1
  [a=23 b=30 nt=1548] KSP converged reason: 4, iterations: 1
  [a=22 b=30 nt=1558] KSP converged reason: 4, iterations: 1
  [a=22 b=31 nt=1526] KSP converged reason: 4, iterations: 1
  [a=22 b=30 nt=1618] KSP converged reason: 4, iterations: 1
  [a=23 b=30 nt=1590] KSP converged reason: 4, iterations: 1
  [a=23 b=30 nt=1552] KSP converged reason: 4, iterations: 1
  [ 739] OK     f=   0.304  a=22.6 b=30.1 gap=17.8 (face=3.6mm) n=[208, 208, 314, 314, 275, 275, 30, 30]  tape=0.304km B=10.54T unif=0.763% hoop=119MPa
  [ 740] OK     f=   0.276  a=22.4 b=30.3 gap=17.8 (face=3.5mm) n=[207, 207, 284, 284, 285, 285, 3, 3]  tape=0.276km B=10.06T unif=0.410% hoop=115MPa
  [ 741] viol   f=   0.364  a=22.6 b=29.2 gap=17.7 (face=3.4mm) n=[203, 203, 314, 314, 244, 244, 31, 31]  tape=0.290km B=10.25T unif=1.019% hoop=119MPa
  [ 742] OK     f=   0.280  a=22.2 b=29.3 gap=17.7 (face=3.4mm) n=[214, 214, 298, 298, 240, 240, 27, 27]  tape=0.280km B=10.23T unif=0.552% hoop=118MPa
  [ 743] viol   f=   0.289  a=23.0 b=30.1 gap=17.8 (face=3.5mm) n=[203, 203, 291, 291, 263, 263, 17, 17]  tape=0.282km B=9.94T unif=0.591% hoop=117MPa
  [ 744] viol   f=   0.322  a=22.4 b=30.5 gap=17.8 (face=3.6mm) n=[198, 198, 306, 306, 254, 254, 5, 5]  tape=0.281km B=9.86T unif=0.578% hoop=112MPa
  [ 745] OK     f=   0.297  a=22.1 b=29.8 gap=17.8 (face=3.6mm) n=[206, 206, 320, 320, 258, 258, 25, 25]  tape=0.297km B=10.44T unif=0.886% hoop=116MPa
  [ 746] OK     f=   0.286  a=22.8 b=30.0 gap=17.8 (face=3.5mm) n=[203, 203, 294, 294, 283, 283, 15, 15]  tape=0.286km B=10.15T unif=0.340% hoop=118MPa
  [ 747] OK     f=   0.286  a=22.6 b=29.5 gap=17.7 (face=3.4mm) n=[204, 204, 313, 313, 234, 234, 25, 25]  tape=0.286km B=10.08T unif=0.732% hoop=117MPa
  [a=23 b=32 nt=1688] KSP converged reason: 4, iterations: 1
  [a=22 b=30 nt=1556] KSP converged reason: 4, iterations: 1
  [a=22 b=29 nt=1574] KSP converged reason: 4, iterations: 1
  [a=22 b=30 nt=1574] KSP converged reason: 4, iterations: 1
  [a=22 b=30 nt=1570] KSP converged reason: 4, iterations: 1
  [a=23 b=30 nt=1594] KSP converged reason: 4, iterations: 1
  [a=22 b=29 nt=1572] KSP converged reason: 4, iterations: 1
  [a=22 b=31 nt=1602] KSP converged reason: 4, iterations: 1
  [a=23 b=30 nt=1526] KSP converged reason: 4, iterations: 1
  [ 748] OK     f=   0.285  a=22.5 b=30.2 gap=17.8 (face=3.6mm) n=[216, 216, 299, 299, 260, 260, 10, 10]  tape=0.285km B=10.19T unif=0.757% hoop=117MPa
  [ 749] viol   f=  28.338  a=22.8 b=30.1 gap=17.9 (face=3.7mm) n=[219, 219, 276, 276, 289, 289, 13, 13]  tape=0.286km B=10.13T unif=1.375% hoop=121MPa
  [ 750] OK     f=   0.280  a=22.3 b=30.2 gap=17.7 (face=3.5mm) n=[200, 200, 286, 286, 287, 287, 14, 14]  tape=0.280km B=10.04T unif=0.332% hoop=113MPa
  [ 751] OK     f=   0.277  a=21.8 b=29.1 gap=17.7 (face=3.3mm) n=[199, 199, 284, 284, 262, 262, 42, 42]  tape=0.277km B=10.18T unif=0.438% hoop=112MPa
  [ 752] OK     f=   0.319  a=22.8 b=31.7 gap=17.9 (face=3.8mm) n=[200, 200, 304, 304, 327, 327, 13, 13]  tape=0.319km B=10.23T unif=0.625% hoop=117MPa
  [ 753] viol   f=   0.493  a=21.9 b=30.2 gap=17.8 (face=3.5mm) n=[194, 194, 272, 272, 310, 310, 2, 2]  tape=0.282km B=9.67T unif=0.292% hoop=112MPa
  [ 754] OK     f=   0.286  a=22.5 b=29.4 gap=17.7 (face=3.5mm) n=[221, 221, 313, 313, 235, 235, 17, 17]  tape=0.286km B=10.31T unif=0.260% hoop=121MPa
  [ 755] OK     f=   0.289  a=22.2 b=30.6 gap=17.8 (face=3.6mm) n=[203, 203, 289, 289, 299, 299, 10, 10]  tape=0.289km B=10.10T unif=0.377% hoop=114MPa
  [ 756] viol   f=   0.329  a=22.8 b=29.8 gap=17.8 (face=3.6mm) n=[206, 206, 283, 283, 261, 261, 13, 13]  tape=0.273km B=9.83T unif=0.694% hoop=115MPa
  [a=22 b=31 nt=1614] KSP converged reason: 4, iterations: 1
  [a=21 b=29 nt=1584] KSP converged reason: 4, iterations: 1
  [a=22 b=30 nt=1566] KSP converged reason: 4, iterations: 1
  [a=22 b=30 nt=1576] KSP converged reason: 4, iterations: 1
  [a=22 b=30 nt=1536] KSP converged reason: 4, iterations: 1
  [a=22 b=29 nt=1544] KSP converged reason: 4, iterations: 1
  [a=21 b=30 nt=1620] KSP converged reason: 4, iterations: 1
  [a=22 b=29 nt=1542] KSP converged reason: 4, iterations: 1
  [a=22 b=30 nt=1636] KSP converged reason: 4, iterations: 1
  [ 757] OK     f=   0.282  a=21.4 b=29.5 gap=17.7 (face=3.4mm) n=[199, 199, 289, 289, 254, 254, 50, 50]  tape=0.282km B=10.26T unif=0.364% hoop=112MPa
  [ 758] OK     f=   0.277  a=21.7 b=29.6 gap=17.7 (face=3.4mm) n=[204, 204, 275, 275, 268, 268, 41, 41]  tape=0.277km B=10.13T unif=0.622% hoop=111MPa
  [ 759] viol   f=   0.354  a=21.9 b=30.6 gap=17.7 (face=3.5mm) n=[192, 192, 272, 272, 318, 318, 25, 25]  tape=0.299km B=9.83T unif=0.209% hoop=116MPa
  [ 760] viol   f=   0.303  a=21.7 b=29.5 gap=17.7 (face=3.4mm) n=[195, 195, 271, 271, 272, 272, 34, 34]  tape=0.270km B=9.87T unif=0.502% hoop=109MPa
  [ 761] OK     f=   0.279  a=22.1 b=29.8 gap=17.8 (face=3.5mm) n=[199, 199, 288, 288, 274, 274, 22, 22]  tape=0.279km B=10.06T unif=0.356% hoop=113MPa
  [ 762] viol   f=   0.274  a=22.2 b=29.8 gap=17.8 (face=3.5mm) n=[205, 205, 278, 278, 282, 282, 3, 3]  tape=0.269km B=9.95T unif=0.618% hoop=114MPa
  [ 763] OK     f=   0.290  a=21.1 b=30.3 gap=17.7 (face=3.3mm) n=[195, 195, 286, 286, 297, 297, 32, 32]  tape=0.290km B=10.20T unif=0.381% hoop=110MPa
  [ 764] OK     f=   0.278  a=22.4 b=29.3 gap=17.7 (face=3.5mm) n=[214, 214, 294, 294, 236, 236, 27, 27]  tape=0.278km B=10.13T unif=0.924% hoop=117MPa
  [ 765] OK     f=   0.295  a=21.9 b=29.5 gap=17.7 (face=3.4mm) n=[205, 205, 298, 298, 257, 257, 58, 58]  tape=0.295km B=10.54T unif=0.473% hoop=116MPa
  [a=22 b=30 nt=1528] KSP converged reason: 4, iterations: 1
  [a=22 b=29 nt=1584] KSP converged reason: 4, iterations: 1
  [a=22 b=30 nt=1536] KSP converged reason: 4, iterations: 1
  [a=22 b=29 nt=1576] KSP converged reason: 4, iterations: 1
  [a=22 b=29 nt=1558] KSP converged reason: 4, iterations: 1
  [a=22 b=29 nt=1470] KSP converged reason: 4, iterations: 1
  [a=22 b=30 nt=1474] KSP converged reason: 4, iterations: 1
  [a=22 b=31 nt=1546] KSP converged reason: 4, iterations: 1
  [a=23 b=30 nt=1574] KSP converged reason: 4, iterations: 1
  [ 766] OK     f=   0.276  a=22.5 b=29.3 gap=17.8 (face=3.5mm) n=[205, 205, 280, 280, 258, 258, 36, 36]  tape=0.276km B=10.06T unif=0.920% hoop=116MPa
  [ 767] viol   f=   0.292  a=22.3 b=30.4 gap=17.8 (face=3.6mm) n=[205, 205, 284, 284, 270, 270, 9, 9]  tape=0.276km B=9.91T unif=0.594% hoop=113MPa
  [ 768] viol   f=   0.282  a=21.8 b=29.8 gap=17.7 (face=3.5mm) n=[203, 203, 277, 277, 268, 268, 16, 16]  tape=0.268km B=9.92T unif=0.479% hoop=111MPa
  [ 769] OK     f=   0.275  a=21.6 b=28.7 gap=17.7 (face=3.4mm) n=[201, 201, 281, 281, 260, 260, 50, 50]  tape=0.275km B=10.31T unif=0.613% hoop=112MPa
  [ 770] OK     f=   0.277  a=22.3 b=29.5 gap=17.7 (face=3.5mm) n=[210, 210, 281, 281, 271, 271, 26, 26]  tape=0.277km B=10.20T unif=0.757% hoop=116MPa
  [ 771] viol   f=   5.197  a=22.3 b=29.2 gap=17.7 (face=3.4mm) n=[206, 206, 274, 274, 247, 247, 8, 8]  tape=0.257km B=9.70T unif=1.154% hoop=112MPa
  [ 772] viol   f=   0.543  a=22.3 b=29.6 gap=17.8 (face=3.5mm) n=[196, 196, 280, 280, 256, 256, 5, 5]  tape=0.261km B=9.62T unif=0.418% hoop=111MPa
  [ 773] viol   f=   0.872  a=22.3 b=30.6 gap=17.8 (face=3.6mm) n=[184, 184, 273, 273, 306, 306, 10, 10]  tape=0.284km B=9.46T unif=0.321% hoop=110MPa
  [ 774] OK     f=   0.284  a=22.8 b=29.6 gap=17.8 (face=3.5mm) n=[219, 219, 303, 303, 256, 256, 9, 9]  tape=0.284km B=10.28T unif=0.346% hoop=119MPa
  [a=21 b=29 nt=1584] KSP converged reason: 4, iterations: 1
  [a=22 b=29 nt=1606] KSP converged reason: 4, iterations: 1
  [a=22 b=29 nt=1636] KSP converged reason: 4, iterations: 1
  [a=22 b=29 nt=1598] KSP converged reason: 4, iterations: 1
  [a=22 b=29 nt=1518] KSP converged reason: 4, iterations: 1
  [a=21 b=29 nt=1536] KSP converged reason: 4, iterations: 1
  [a=21 b=29 nt=1604] KSP converged reason: 4, iterations: 1
  [a=22 b=29 nt=1634] KSP converged reason: 4, iterations: 1
  [a=21 b=29 nt=1614] KSP converged reason: 4, iterations: 1
  [ 775] viol   f=   0.333  a=22.3 b=29.3 gap=17.8 (face=3.6mm) n=[204, 204, 277, 277, 267, 267, 11, 11]  tape=0.265km B=9.81T unif=0.735% hoop=112MPa
  [ 776] OK     f=   0.284  a=21.5 b=28.7 gap=17.7 (face=3.4mm) n=[212, 212, 306, 306, 223, 223, 51, 51]  tape=0.284km B=10.43T unif=0.376% hoop=117MPa
  [ 777] OK     f=   0.285  a=22.0 b=28.5 gap=17.7 (face=3.4mm) n=[209, 209, 281, 281, 264, 264, 64, 64]  tape=0.285km B=10.55T unif=0.937% hoop=118MPa
  [ 778] viol   f=   0.307  a=21.2 b=28.7 gap=17.7 (face=3.3mm) n=[187, 187, 260, 260, 265, 265, 56, 56]  tape=0.263km B=9.85T unif=0.611% hoop=106MPa
  [ 779] OK     f=   0.277  a=21.6 b=28.7 gap=17.7 (face=3.3mm) n=[199, 199, 277, 277, 266, 266, 57, 57]  tape=0.277km B=10.32T unif=0.712% hoop=113MPa
  [ 780] OK     f=   0.281  a=22.0 b=28.8 gap=17.7 (face=3.4mm) n=[195, 195, 277, 277, 288, 288, 43, 43]  tape=0.281km B=10.14T unif=0.361% hoop=111MPa
  [ 781] OK     f=   0.275  a=21.2 b=28.7 gap=17.7 (face=3.4mm) n=[197, 197, 272, 272, 268, 268, 65, 65]  tape=0.275km B=10.31T unif=0.575% hoop=110MPa
  [ 782] OK     f=   0.291  a=22.4 b=29.1 gap=17.7 (face=3.4mm) n=[207, 207, 292, 292, 266, 266, 52, 52]  tape=0.291km B=10.53T unif=0.507% hoop=118MPa
  [ 783] OK     f=   0.276  a=20.5 b=28.9 gap=17.6 (face=3.3mm) n=[192, 192, 270, 270, 273, 273, 72, 72]  tape=0.276km B=10.33T unif=0.460% hoop=106MPa
  [a=21 b=29 nt=1602] KSP converged reason: 4, iterations: 1
  [a=21 b=28 nt=1590] KSP converged reason: 4, iterations: 1
  [a=21 b=29 nt=1652] KSP converged reason: 4, iterations: 1
  [a=21 b=29 nt=1622] KSP converged reason: 4, iterations: 1
  [a=21 b=29 nt=1614] KSP converged reason: 4, iterations: 1
  [a=21 b=29 nt=1598] KSP converged reason: 4, iterations: 1
  [a=20 b=30 nt=1672] KSP converged reason: 4, iterations: 1
  [a=20 b=29 nt=1624] KSP converged reason: 4, iterations: 1
  [a=21 b=28 nt=1558] KSP converged reason: 4, iterations: 1
  [ 784] OK     f=   0.280  a=21.0 b=28.7 gap=17.6 (face=3.3mm) n=[188, 188, 288, 288, 259, 259, 66, 66]  tape=0.280km B=10.29T unif=0.690% hoop=107MPa
  [ 785] OK     f=   0.286  a=20.6 b=28.7 gap=17.6 (face=3.3mm) n=[191, 191, 260, 260, 281, 281, 94, 94]  tape=0.286km B=10.17T unif=0.904% hoop=107MPa
  [ 786] OK     f=   0.285  a=21.3 b=29.0 gap=17.7 (face=3.4mm) n=[198, 198, 270, 270, 292, 292, 51, 51]  tape=0.285km B=10.27T unif=0.749% hoop=113MPa
  [ 787] OK     f=   0.280  a=21.3 b=28.9 gap=17.7 (face=3.3mm) n=[199, 199, 274, 274, 265, 265, 69, 69]  tape=0.280km B=10.36T unif=0.564% hoop=112MPa
  [ 788] OK     f=   0.276  a=21.1 b=28.5 gap=17.6 (face=3.3mm) n=[194, 194, 278, 278, 247, 247, 76, 76]  tape=0.276km B=10.23T unif=0.439% hoop=108MPa
  [ 789] viol   f=  47.534  a=20.9 b=28.5 gap=17.6 (face=3.3mm) n=[206, 206, 271, 271, 256, 256, 66, 66]  tape=0.273km B=10.46T unif=1.486% hoop=111MPa
  [ 790] viol   f=   0.697  a=20.3 b=29.6 gap=17.7 (face=3.4mm) n=[165, 165, 254, 254, 331, 331, 86, 86]  tape=0.307km B=9.56T unif=0.775% hoop=107MPa
  [ 791] OK     f=   0.284  a=20.4 b=29.4 gap=17.7 (face=3.3mm) n=[183, 183, 275, 275, 285, 285, 69, 69]  tape=0.284km B=10.17T unif=0.629% hoop=106MPa
  [ 792] viol   f=  16.821  a=21.1 b=28.3 gap=17.6 (face=3.2mm) n=[200, 200, 275, 275, 224, 224, 80, 80]  tape=0.271km B=10.16T unif=1.288% hoop=109MPa
  [a=22 b=29 nt=1658] KSP converged reason: 4, iterations: 1
  [a=21 b=28 nt=1592] KSP converged reason: 4, iterations: 1
  [a=22 b=28 nt=1564] KSP converged reason: 4, iterations: 1
  [a=20 b=29 nt=1648] KSP converged reason: 4, iterations: 1
  [a=21 b=30 nt=1614] KSP converged reason: 4, iterations: 1
  [a=22 b=30 nt=1598] KSP converged reason: 4, iterations: 1
  [a=21 b=29 nt=1570] KSP converged reason: 4, iterations: 1
  [a=21 b=28 nt=1608] KSP converged reason: 4, iterations: 1
  [a=22 b=30 nt=1658] KSP converged reason: 4, iterations: 1
  [ 793] OK     f=   0.283  a=20.6 b=29.7 gap=17.7 (face=3.4mm) n=[186, 186, 288, 288, 284, 284, 49, 49]  tape=0.283km B=10.24T unif=0.809% hoop=106MPa
  [ 794] viol   f=   0.287  a=19.6 b=29.2 gap=17.7 (face=3.3mm) n=[173, 173, 267, 267, 288, 288, 96, 96]  tape=0.287km B=9.99T unif=0.625% hoop=99MPa
  [ 795] OK     f=   0.278  a=21.9 b=28.4 gap=17.6 (face=3.3mm) n=[201, 201, 296, 296, 231, 231, 54, 54]  tape=0.278km B=10.24T unif=0.448% hoop=116MPa
  [ 796] OK     f=   0.275  a=20.9 b=27.7 gap=17.6 (face=3.2mm) n=[195, 195, 284, 284, 228, 228, 89, 89]  tape=0.275km B=10.36T unif=0.560% hoop=109MPa
  [ 797] viol   f=   4.773  a=21.5 b=29.1 gap=17.7 (face=3.4mm) n=[199, 199, 317, 317, 245, 245, 68, 68]  tape=0.302km B=10.65T unif=1.150% hoop=115MPa
  [ 798] OK     f=   0.283  a=21.7 b=29.6 gap=17.7 (face=3.4mm) n=[187, 187, 281, 281, 284, 284, 47, 47]  tape=0.283km B=10.07T unif=0.694% hoop=110MPa
  [ 799] OK     f=   0.276  a=21.1 b=29.0 gap=17.6 (face=3.3mm) n=[186, 186, 284, 284, 257, 257, 58, 58]  tape=0.276km B=10.10T unif=0.563% hoop=107MPa
  [ 800] viol   f=   0.310  a=21.1 b=27.7 gap=17.6 (face=3.2mm) n=[205, 205, 289, 289, 221, 221, 89, 89]  tape=0.279km B=10.50T unif=1.012% hoop=113MPa
  [ 801] OK     f=   0.299  a=21.7 b=30.2 gap=17.8 (face=3.6mm) n=[206, 206, 288, 288, 309, 309, 26, 26]  tape=0.299km B=10.39T unif=0.568% hoop=116MPa
  [a=21 b=28 nt=1570] KSP converged reason: 4, iterations: 1
  [a=21 b=28 nt=1588] KSP converged reason: 4, iterations: 1
  [a=21 b=27 nt=1564] KSP converged reason: 4, iterations: 1
  [a=22 b=29 nt=1600] KSP converged reason: 4, iterations: 1
  [a=20 b=28 nt=1602] KSP converged reason: 4, iterations: 1
  [a=21 b=29 nt=1548] KSP converged reason: 4, iterations: 1
  [a=21 b=28 nt=1630] KSP converged reason: 4, iterations: 1
  [a=21 b=27 nt=1546] KSP converged reason: 4, iterations: 1
  [a=22 b=29 nt=1636] KSP converged reason: 4, iterations: 1
  [ 802] OK     f=   0.275  a=21.4 b=27.6 gap=17.6 (face=3.2mm) n=[189, 189, 293, 293, 217, 217, 86, 86]  tape=0.275km B=10.18T unif=0.741% hoop=111MPa
  [ 803] viol   f=   0.361  a=21.4 b=28.8 gap=17.7 (face=3.4mm) n=[185, 185, 262, 262, 281, 281, 46, 46]  tape=0.270km B=9.79T unif=0.396% hoop=107MPa
  [ 804] OK     f=   0.270  a=20.8 b=27.2 gap=17.6 (face=3.1mm) n=[195, 195, 289, 289, 200, 200, 98, 98]  tape=0.270km B=10.20T unif=0.346% hoop=108MPa
  [ 805] OK     f=   0.276  a=21.2 b=28.2 gap=17.6 (face=3.3mm) n=[189, 189, 288, 288, 253, 253, 64, 64]  tape=0.276km B=10.25T unif=0.873% hoop=109MPa
  [ 806] OK     f=   0.287  a=22.2 b=28.6 gap=17.7 (face=3.3mm) n=[202, 202, 299, 299, 235, 235, 64, 64]  tape=0.287km B=10.39T unif=0.406% hoop=117MPa
  [ 807] OK     f=   0.270  a=20.5 b=28.2 gap=17.6 (face=3.2mm) n=[190, 190, 270, 270, 273, 273, 68, 68]  tape=0.270km B=10.29T unif=0.333% hoop=105MPa
  [ 808] OK     f=   0.290  a=21.3 b=28.4 gap=17.6 (face=3.2mm) n=[209, 209, 305, 305, 229, 229, 72, 72]  tape=0.290km B=10.67T unif=0.360% hoop=117MPa
  [ 809] OK     f=   0.267  a=21.3 b=27.3 gap=17.6 (face=3.2mm) n=[198, 198, 283, 283, 206, 206, 86, 86]  tape=0.267km B=10.12T unif=0.705% hoop=110MPa
  [ 810] viol   f=  21.159  a=21.5 b=29.2 gap=17.7 (face=3.3mm) n=[193, 193, 315, 315, 243, 243, 67, 67]  tape=0.298km B=10.50T unif=1.323% hoop=114MPa
  [a=21 b=27 nt=1582] KSP converged reason: 4, iterations: 1
  [a=22 b=27 nt=1542] KSP converged reason: 4, iterations: 1
  [a=21 b=27 nt=1540] KSP converged reason: 4, iterations: 1
  [a=21 b=28 nt=1562] KSP converged reason: 4, iterations: 1
  [a=21 b=29 nt=1502] KSP converged reason: 4, iterations: 1
  [a=21 b=29 nt=1582] KSP converged reason: 4, iterations: 1
  [a=21 b=27 nt=1582] KSP converged reason: 4, iterations: 1
  [a=21 b=28 nt=1642] KSP converged reason: 4, iterations: 1
  [a=21 b=27 nt=1556] KSP converged reason: 4, iterations: 1
  [ 811] OK     f=   0.271  a=21.9 b=27.4 gap=17.6 (face=3.2mm) n=[194, 194, 290, 290, 209, 209, 78, 78]  tape=0.271km B=10.03T unif=0.355% hoop=111MPa
  [ 812] OK     f=   0.270  a=21.4 b=27.1 gap=17.6 (face=3.2mm) n=[201, 201, 285, 285, 227, 227, 78, 78]  tape=0.270km B=10.47T unif=0.680% hoop=113MPa
  [ 813] viol   f=   0.517  a=20.7 b=28.8 gap=17.7 (face=3.3mm) n=[183, 183, 265, 265, 272, 272, 31, 31]  tape=0.256km B=9.64T unif=0.329% hoop=102MPa
  [ 814] viol   f=   7.594  a=20.8 b=27.1 gap=17.6 (face=3.2mm) n=[196, 196, 275, 275, 212, 212, 87, 87]  tape=0.261km B=10.15T unif=1.191% hoop=108MPa
  [ 815] OK     f=   0.267  a=21.0 b=27.8 gap=17.6 (face=3.2mm) n=[201, 201, 277, 277, 235, 235, 68, 68]  tape=0.267km B=10.36T unif=0.966% hoop=112MPa
  [ 816] OK     f=   0.275  a=21.3 b=28.8 gap=17.7 (face=3.4mm) n=[187, 187, 276, 276, 259, 259, 69, 69]  tape=0.275km B=10.11T unif=0.416% hoop=107MPa
  [ 817] OK     f=   0.267  a=21.0 b=27.0 gap=17.6 (face=3.2mm) n=[190, 190, 272, 272, 232, 232, 97, 97]  tape=0.267km B=10.25T unif=0.585% hoop=108MPa
  [ 818] OK     f=   0.295  a=21.5 b=28.1 gap=17.6 (face=3.2mm) n=[201, 201, 309, 309, 214, 214, 97, 97]  tape=0.295km B=10.57T unif=0.671% hoop=116MPa
  [ 819] viol   f=   1.131  a=21.0 b=27.1 gap=17.6 (face=3.2mm) n=[196, 196, 273, 273, 225, 225, 84, 84]  tape=0.263km B=10.20T unif=1.066% hoop=107MPa
  [a=22 b=27 nt=1556] KSP converged reason: 4, iterations: 1
  [a=22 b=29 nt=1592] KSP converged reason: 4, iterations: 1
  [a=22 b=29 nt=1554] KSP converged reason: 4, iterations: 1
  [a=21 b=28 nt=1622] KSP converged reason: 4, iterations: 1
  [a=21 b=28 nt=1588] KSP converged reason: 4, iterations: 1
  [a=20 b=27 nt=1606] KSP converged reason: 4, iterations: 1
  [a=22 b=29 nt=1568] KSP converged reason: 4, iterations: 1
  [a=20 b=27 nt=1604] KSP converged reason: 4, iterations: 1
  [a=21 b=27 nt=1570] KSP converged reason: 4, iterations: 1
  [ 820] OK     f=   0.279  a=20.9 b=28.3 gap=17.7 (face=3.3mm) n=[196, 196, 279, 279, 257, 257, 79, 79]  tape=0.279km B=10.36T unif=0.426% hoop=109MPa
  [ 821] viol   f=  76.334  a=21.7 b=26.9 gap=17.6 (face=3.2mm) n=[198, 198, 270, 270, 224, 224, 86, 86]  tape=0.264km B=10.15T unif=1.617% hoop=111MPa
  [ 822] OK     f=   0.279  a=21.9 b=29.1 gap=17.7 (face=3.4mm) n=[189, 189, 296, 296, 248, 248, 44, 44]  tape=0.279km B=10.03T unif=0.883% hoop=110MPa
  [ 823] viol   f=   3.578  a=20.3 b=26.6 gap=17.6 (face=3.1mm) n=[183, 183, 255, 255, 242, 242, 123, 123]  tape=0.261km B=10.19T unif=1.129% hoop=101MPa
  [ 824] OK     f=   0.281  a=22.2 b=29.3 gap=17.7 (face=3.5mm) n=[209, 209, 287, 287, 267, 267, 33, 33]  tape=0.281km B=10.25T unif=0.539% hoop=116MPa
  [ 825] OK     f=   0.271  a=21.1 b=27.9 gap=17.6 (face=3.2mm) n=[198, 198, 272, 272, 246, 246, 78, 78]  tape=0.271km B=10.27T unif=0.964% hoop=109MPa
  [ 826] viol   f=   0.276  a=21.9 b=28.8 gap=17.7 (face=3.4mm) n=[187, 187, 283, 283, 271, 271, 43, 43]  tape=0.274km B=9.97T unif=0.666% hoop=108MPa
  [ 827] OK     f=   0.269  a=20.1 b=26.8 gap=17.5 (face=3.1mm) n=[188, 188, 281, 281, 220, 220, 113, 113]  tape=0.269km B=10.36T unif=0.361% hoop=104MPa
  [ 828] OK     f=   0.259  a=20.8 b=27.0 gap=17.6 (face=3.2mm) n=[186, 186, 264, 264, 255, 255, 80, 80]  tape=0.259km B=10.14T unif=0.430% hoop=106MPa
  [a=20 b=28 nt=1546] KSP converged reason: 4, iterations: 1
  [a=20 b=28 nt=1640] KSP converged reason: 4, iterations: 1
  [a=21 b=28 nt=1602] KSP converged reason: 4, iterations: 1
  [a=21 b=27 nt=1612] KSP converged reason: 4, iterations: 1
  [a=20 b=28 nt=1596] KSP converged reason: 4, iterations: 1
  [a=21 b=28 nt=1604] KSP converged reason: 4, iterations: 1
  [a=22 b=28 nt=1590] KSP converged reason: 4, iterations: 1
  [a=20 b=28 nt=1512] KSP converged reason: 4, iterations: 1
  [a=21 b=27 nt=1522] KSP converged reason: 4, iterations: 1
  [ 829] OK     f=   0.271  a=21.2 b=27.7 gap=17.6 (face=3.2mm) n=[197, 197, 262, 262, 275, 275, 67, 67]  tape=0.271km B=10.27T unif=0.896% hoop=110MPa
  [ 830] OK     f=   0.281  a=19.7 b=28.1 gap=17.6 (face=3.1mm) n=[182, 182, 255, 255, 294, 294, 89, 89]  tape=0.281km B=10.09T unif=0.451% hoop=104MPa
  [ 831] OK     f=   0.274  a=21.0 b=27.4 gap=17.6 (face=3.2mm) n=[194, 194, 279, 279, 241, 241, 92, 92]  tape=0.274km B=10.39T unif=0.460% hoop=109MPa
  [ 832] viol   f=   0.421  a=20.8 b=27.5 gap=17.6 (face=3.2mm) n=[174, 174, 270, 270, 260, 260, 98, 98]  tape=0.270km B=10.04T unif=1.027% hoop=102MPa
  [ 833] OK     f=   0.266  a=20.1 b=27.8 gap=17.6 (face=3.2mm) n=[185, 185, 269, 269, 262, 262, 82, 82]  tape=0.266km B=10.21T unif=0.381% hoop=101MPa
  [ 834] viol   f=   0.966  a=20.4 b=28.4 gap=17.6 (face=3.2mm) n=[165, 165, 256, 256, 302, 302, 50, 50]  tape=0.270km B=9.41T unif=0.847% hoop=102MPa
  [ 835] OK     f=   0.274  a=21.6 b=28.0 gap=17.6 (face=3.3mm) n=[204, 204, 281, 281, 248, 248, 62, 62]  tape=0.274km B=10.41T unif=0.924% hoop=113MPa
  [ 836] viol   f=   0.323  a=20.3 b=28.1 gap=17.6 (face=3.2mm) n=[178, 178, 265, 265, 250, 250, 63, 63]  tape=0.255km B=9.82T unif=0.375% hoop=99MPa
  [ 837] OK     f=   0.256  a=21.3 b=27.4 gap=17.6 (face=3.1mm) n=[191, 191, 268, 268, 246, 246, 56, 56]  tape=0.256km B=10.00T unif=0.624% hoop=108MPa
  [a=21 b=28 nt=1610] KSP converged reason: 4, iterations: 1
  [a=21 b=27 nt=1560] KSP converged reason: 4, iterations: 1
  [a=22 b=28 nt=1512] KSP converged reason: 4, iterations: 1
  [a=22 b=28 nt=1502] KSP converged reason: 4, iterations: 1
  [a=21 b=28 nt=1624] KSP converged reason: 4, iterations: 1
  [a=22 b=28 nt=1504] KSP converged reason: 4, iterations: 1
  [a=21 b=28 nt=1590] KSP converged reason: 4, iterations: 1
  [a=21 b=28 nt=1560] KSP converged reason: 4, iterations: 1
  [a=22 b=28 nt=1546] KSP converged reason: 4, iterations: 1
  [ 838] OK     f=   0.276  a=21.1 b=28.2 gap=17.6 (face=3.2mm) n=[189, 189, 273, 273, 275, 275, 75, 75]  tape=0.276km B=10.27T unif=0.333% hoop=108MPa
  [ 839] OK     f=   0.275  a=20.9 b=28.0 gap=17.6 (face=3.3mm) n=[188, 188, 284, 284, 265, 265, 68, 68]  tape=0.275km B=10.34T unif=0.765% hoop=108MPa
  [ 840] OK     f=   0.262  a=22.1 b=27.9 gap=17.6 (face=3.2mm) n=[202, 202, 291, 291, 231, 231, 27, 27]  tape=0.262km B=10.02T unif=0.282% hoop=113MPa
  [ 841] viol   f=   0.265  a=21.8 b=27.5 gap=17.6 (face=3.1mm) n=[189, 189, 276, 276, 228, 228, 63, 63]  tape=0.261km B=9.96T unif=0.598% hoop=109MPa
  [ 842] viol   f=   0.305  a=21.6 b=28.1 gap=17.6 (face=3.2mm) n=[194, 194, 266, 266, 258, 258, 34, 34]  tape=0.255km B=9.84T unif=0.796% hoop=108MPa
  [ 843] viol   f=   0.310  a=21.0 b=27.4 gap=17.6 (face=3.1mm) n=[182, 182, 250, 250, 278, 278, 70, 70]  tape=0.264km B=9.85T unif=0.832% hoop=108MPa
  [ 844] viol   f=   0.281  a=21.4 b=28.1 gap=17.6 (face=3.3mm) n=[184, 184, 260, 260, 290, 290, 61, 61]  tape=0.276km B=9.95T unif=0.314% hoop=110MPa
  [ 845] OK     f=   0.264  a=21.2 b=27.6 gap=17.6 (face=3.2mm) n=[187, 187, 274, 274, 257, 257, 62, 62]  tape=0.264km B=10.08T unif=0.336% hoop=108MPa
  [ 846] OK     f=   0.268  a=22.0 b=27.8 gap=17.6 (face=3.3mm) n=[193, 193, 280, 280, 243, 243, 57, 57]  tape=0.268km B=10.11T unif=0.390% hoop=112MPa
  [a=23 b=28 nt=1478] KSP converged reason: 4, iterations: 1
  [a=22 b=29 nt=1532] KSP converged reason: 4, iterations: 1
  [a=21 b=29 nt=1570] KSP converged reason: 4, iterations: 1
  [a=22 b=29 nt=1542] KSP converged reason: 4, iterations: 1
  [a=21 b=28 nt=1556] KSP converged reason: 4, iterations: 1
  [a=22 b=27 nt=1512] KSP converged reason: 4, iterations: 1
  [a=22 b=27 nt=1508] KSP converged reason: 4, iterations: 1
  [a=23 b=29 nt=1586] KSP converged reason: 4, iterations: 1
  [a=22 b=27 nt=1512] KSP converged reason: 4, iterations: 1
  [ 847] viol   f=   0.324  a=21.7 b=28.7 gap=17.6 (face=3.1mm) n=[186, 186, 273, 273, 281, 281, 31, 31]  tape=0.266km B=9.83T unif=0.402% hoop=107MPa
  [ 848] OK     f=   0.276  a=21.4 b=29.1 gap=17.7 (face=3.3mm) n=[186, 186, 287, 287, 268, 268, 44, 44]  tape=0.276km B=10.03T unif=0.820% hoop=107MPa
  [ 849] viol   f=   0.381  a=22.7 b=27.9 gap=17.7 (face=3.3mm) n=[202, 202, 299, 299, 213, 213, 25, 25]  tape=0.263km B=9.76T unif=0.315% hoop=115MPa
  [ 850] OK     f=   0.264  a=21.4 b=27.8 gap=17.6 (face=3.2mm) n=[196, 196, 275, 275, 258, 258, 49, 49]  tape=0.264km B=10.18T unif=0.496% hoop=110MPa
  [ 851] viol   f=   0.847  a=21.8 b=27.4 gap=17.6 (face=3.2mm) n=[196, 196, 264, 264, 254, 254, 42, 42]  tape=0.252km B=9.97T unif=1.054% hoop=110MPa
  [ 852] viol   f=  92.874  a=21.9 b=29.4 gap=17.6 (face=3.3mm) n=[182, 182, 300, 300, 278, 278, 6, 6]  tape=0.270km B=9.82T unif=1.680% hoop=108MPa
  [ 853] viol   f=   0.268  a=22.3 b=27.5 gap=17.6 (face=3.3mm) n=[197, 197, 279, 279, 225, 225, 53, 53]  tape=0.261km B=9.94T unif=0.523% hoop=114MPa
  [ 854] OK     f=   0.286  a=23.5 b=29.2 gap=17.7 (face=3.4mm) n=[201, 201, 291, 291, 264, 264, 37, 37]  tape=0.286km B=10.14T unif=0.460% hoop=120MPa
  [ 855] viol   f=  84.606  a=21.7 b=27.1 gap=17.6 (face=3.1mm) n=[203, 203, 272, 272, 223, 223, 58, 58]  tape=0.257km B=10.06T unif=1.649% hoop=112MPa
  [a=21 b=28 nt=1568] KSP converged reason: 4, iterations: 1
  [a=21 b=27 nt=1544] KSP converged reason: 4, iterations: 1
  [a=21 b=28 nt=1518] KSP converged reason: 4, iterations: 1
  [a=22 b=28 nt=1482] KSP converged reason: 4, iterations: 1
  [a=23 b=29 nt=1496] KSP converged reason: 4, iterations: 1
  [a=21 b=29 nt=1510] KSP converged reason: 4, iterations: 1
  [a=22 b=28 nt=1598] KSP converged reason: 4, iterations: 1
  [ 856] viol   f=   0.302  a=20.7 b=28.2 gap=17.6 (face=3.2mm) n=[189, 189, 257, 257, 293, 293, 45, 45]  tape=0.270km B=9.87T unif=0.450% hoop=108MPa
  [ 857] viol   f=   0.287  a=22.7 b=28.6 gap=17.7 (face=3.4mm) n=[208, 208, 287, 287, 237, 237, 16, 16]  tape=0.264km B=9.89T unif=0.588% hoop=115MPa
  [ 858] viol   f=   0.266  a=21.1 b=28.0 gap=17.6 (face=3.2mm) n=[187, 187, 291, 291, 228, 228, 53, 53]  tape=0.265km B=9.98T unif=0.697% hoop=108MPa
  [ 859] INFEAS f=1001.474  a=23.4 b=28.2 gap=17.7 (face=3.3mm) n=[212, 212, 299, 299, 218, 218, 20, 20]  no evaluation (geometry pre-check)
  [ 860] viol   f=   0.331  a=20.9 b=27.5 gap=17.6 (face=3.1mm) n=[179, 179, 257, 257, 275, 275, 61, 61]  tape=0.260km B=9.81T unif=0.277% hoop=104MPa
  [ 861] INFEAS f=1000.482  a=23.2 b=28.1 gap=17.6 (face=3.3mm) n=[207, 207, 299, 299, 214, 214, 13, 13]  no evaluation (geometry pre-check)
  [ 862] viol   f=   0.356  a=22.2 b=27.9 gap=17.6 (face=3.3mm) n=[196, 196, 278, 278, 232, 232, 35, 35]  tape=0.257km B=9.78T unif=0.625% hoop=110MPa
  [ 863] viol   f=   0.362  a=21.2 b=28.6 gap=17.6 (face=3.3mm) n=[188, 188, 259, 259, 270, 270, 38, 38]  tape=0.258km B=9.77T unif=0.740% hoop=109MPa
  [ 864] OK     f=   0.274  a=21.6 b=28.4 gap=17.6 (face=3.3mm) n=[197, 197, 273, 273, 280, 280, 49, 49]  tape=0.274km B=10.27T unif=0.387% hoop=111MPa
  [a=21 b=28 nt=1570] KSP converged reason: 4, iterations: 1
  [a=21 b=27 nt=1536] KSP converged reason: 4, iterations: 1
  [a=22 b=29 nt=1542] KSP converged reason: 4, iterations: 1
  [a=22 b=28 nt=1572] KSP converged reason: 4, iterations: 1
  [a=22 b=28 nt=1530] KSP converged reason: 4, iterations: 1
  [a=21 b=29 nt=1514] KSP converged reason: 4, iterations: 1
  [a=21 b=28 nt=1564] KSP converged reason: 4, iterations: 1
  [a=22 b=28 nt=1596] KSP converged reason: 4, iterations: 1
  [a=22 b=28 nt=1480] KSP converged reason: 4, iterations: 1
  [ 865] OK     f=   0.273  a=22.1 b=28.2 gap=17.6 (face=3.3mm) n=[202, 202, 280, 280, 256, 256, 48, 48]  tape=0.273km B=10.24T unif=0.537% hoop=114MPa
  [ 866] viol   f=   0.491  a=22.0 b=29.2 gap=17.7 (face=3.3mm) n=[190, 190, 272, 272, 300, 300, 9, 9]  tape=0.272km B=9.67T unif=0.304% hoop=109MPa
  [ 867] viol   f=   0.259  a=21.7 b=27.7 gap=17.6 (face=3.2mm) n=[192, 192, 276, 276, 265, 265, 32, 32]  tape=0.258km B=9.98T unif=0.307% hoop=108MPa
  [ 868] viol   f=   0.418  a=21.1 b=28.7 gap=17.6 (face=3.2mm) n=[182, 182, 272, 272, 270, 270, 33, 33]  tape=0.258km B=9.72T unif=0.495% hoop=103MPa
  [ 869] OK     f=   0.271  a=21.2 b=27.6 gap=17.6 (face=3.3mm) n=[186, 186, 288, 288, 238, 238, 73, 73]  tape=0.271km B=10.16T unif=0.961% hoop=106MPa
  [ 870] viol   f=   6.100  a=21.0 b=27.0 gap=17.6 (face=3.2mm) n=[205, 205, 280, 280, 216, 216, 67, 67]  tape=0.260km B=10.27T unif=1.171% hoop=111MPa
  [ 871] OK     f=   0.270  a=21.4 b=28.5 gap=17.7 (face=3.3mm) n=[196, 196, 286, 286, 266, 266, 34, 34]  tape=0.270km B=10.15T unif=0.445% hoop=109MPa
  [ 872] OK     f=   0.276  a=21.8 b=27.9 gap=17.6 (face=3.2mm) n=[200, 200, 285, 285, 250, 250, 63, 63]  tape=0.276km B=10.39T unif=0.372% hoop=114MPa
  [ 873] viol   f=   0.278  a=22.4 b=28.0 gap=17.6 (face=3.3mm) n=[210, 210, 293, 293, 223, 223, 14, 14]  tape=0.259km B=9.90T unif=0.633% hoop=115MPa
  [a=21 b=29 nt=1596] KSP converged reason: 4, iterations: 1
  [a=22 b=29 nt=1556] KSP converged reason: 4, iterations: 1
  [a=21 b=28 nt=1542] KSP converged reason: 4, iterations: 1
  [a=22 b=28 nt=1554] KSP converged reason: 4, iterations: 1
  [a=21 b=28 nt=1588] KSP converged reason: 4, iterations: 1
  [a=21 b=28 nt=1574] KSP converged reason: 4, iterations: 1
  [a=21 b=28 nt=1568] KSP converged reason: 4, iterations: 1
  [a=23 b=29 nt=1552] KSP converged reason: 4, iterations: 1
  [a=21 b=28 nt=1540] KSP converged reason: 4, iterations: 1
  [ 874] OK     f=   0.265  a=21.7 b=27.7 gap=17.6 (face=3.2mm) n=[201, 201, 277, 277, 251, 251, 48, 48]  tape=0.265km B=10.22T unif=0.821% hoop=112MPa
  [ 875] viol   f=   0.476  a=21.2 b=29.3 gap=17.7 (face=3.3mm) n=[183, 183, 266, 266, 311, 311, 38, 38]  tape=0.286km B=9.69T unif=0.346% hoop=109MPa
  [ 876] OK     f=   0.275  a=20.8 b=28.5 gap=17.6 (face=3.3mm) n=[188, 188, 287, 287, 262, 262, 57, 57]  tape=0.275km B=10.25T unif=0.729% hoop=108MPa
  [ 877] OK     f=   0.267  a=21.1 b=28.1 gap=17.6 (face=3.3mm) n=[194, 194, 281, 281, 266, 266, 46, 46]  tape=0.267km B=10.23T unif=0.351% hoop=107MPa
  [ 878] viol   f=   0.453  a=21.6 b=28.8 gap=17.7 (face=3.4mm) n=[190, 190, 260, 260, 296, 296, 32, 32]  tape=0.274km B=9.70T unif=0.339% hoop=110MPa
  [ 879] OK     f=   0.262  a=20.9 b=27.7 gap=17.6 (face=3.2mm) n=[194, 194, 289, 289, 249, 249, 39, 39]  tape=0.262km B=10.18T unif=0.683% hoop=108MPa
  [ 880] OK     f=   0.270  a=20.6 b=27.9 gap=17.6 (face=3.2mm) n=[192, 192, 288, 288, 240, 240, 64, 64]  tape=0.270km B=10.29T unif=0.717% hoop=108MPa
  [ 881] viol   f=   0.510  a=22.8 b=29.5 gap=17.7 (face=3.5mm) n=[197, 197, 270, 270, 307, 307, 2, 2]  tape=0.279km B=9.66T unif=0.146% hoop=116MPa
  [ 882] OK     f=   0.260  a=21.5 b=27.7 gap=17.6 (face=3.2mm) n=[190, 190, 272, 272, 260, 260, 48, 48]  tape=0.260km B=10.04T unif=0.397% hoop=108MPa
  [a=21 b=28 nt=1514] KSP converged reason: 4, iterations: 1
  [a=21 b=28 nt=1550] KSP converged reason: 4, iterations: 1
  [a=23 b=28 nt=1548] KSP converged reason: 4, iterations: 1
  [a=21 b=29 nt=1502] KSP converged reason: 4, iterations: 1
  [a=21 b=28 nt=1516] KSP converged reason: 4, iterations: 1
  [a=22 b=28 nt=1538] KSP converged reason: 4, iterations: 1
  [a=21 b=28 nt=1542] KSP converged reason: 4, iterations: 1
  [a=21 b=28 nt=1558] KSP converged reason: 4, iterations: 1
  [a=21 b=28 nt=1530] KSP converged reason: 4, iterations: 1
  [ 883] viol   f=  20.531  a=22.0 b=28.3 gap=17.7 (face=3.3mm) n=[212, 212, 275, 275, 260, 260, 22, 22]  tape=0.262km B=10.13T unif=1.318% hoop=112MPa
  [ 884] viol   f=   0.265  a=21.4 b=27.7 gap=17.6 (face=3.2mm) n=[188, 188, 283, 283, 247, 247, 39, 39]  tape=0.259km B=9.95T unif=0.743% hoop=108MPa
  [ 885] viol   f=   0.488  a=21.2 b=28.6 gap=17.6 (face=3.3mm) n=[183, 183, 278, 278, 278, 278, 12, 12]  tape=0.254km B=9.66T unif=0.993% hoop=101MPa
  [ 886] OK     f=   0.271  a=22.6 b=28.2 gap=17.7 (face=3.3mm) n=[215, 215, 291, 291, 244, 244, 24, 24]  tape=0.271km B=10.21T unif=0.961% hoop=118MPa
  [ 887] viol   f=   0.291  a=21.3 b=27.9 gap=17.6 (face=3.3mm) n=[186, 186, 268, 268, 270, 270, 34, 34]  tape=0.255km B=9.86T unif=0.362% hoop=105MPa
  [ 888] OK     f=   0.261  a=20.6 b=28.3 gap=17.6 (face=3.2mm) n=[196, 196, 280, 280, 268, 268, 31, 31]  tape=0.261km B=10.17T unif=0.414% hoop=106MPa
  [ 889] viol   f=   0.261  a=20.7 b=28.1 gap=17.6 (face=3.2mm) n=[186, 186, 274, 274, 275, 275, 36, 36]  tape=0.258km B=9.96T unif=0.697% hoop=103MPa
  [ 890] OK     f=   0.263  a=20.7 b=27.5 gap=17.6 (face=3.2mm) n=[184, 184, 280, 280, 256, 256, 59, 59]  tape=0.263km B=10.10T unif=0.920% hoop=104MPa
  [ 891] viol   f=   0.261  a=21.4 b=27.6 gap=17.6 (face=3.2mm) n=[187, 187, 271, 271, 267, 267, 40, 40]  tape=0.256km B=9.95T unif=0.378% hoop=107MPa
  [a=22 b=28 nt=1524] KSP converged reason: 4, iterations: 1
  [a=21 b=29 nt=1540] KSP converged reason: 4, iterations: 1
  [a=22 b=28 nt=1502] KSP converged reason: 4, iterations: 1
  [a=21 b=29 nt=1538] KSP converged reason: 4, iterations: 1
  [a=21 b=27 nt=1516] KSP converged reason: 4, iterations: 1
  [a=22 b=28 nt=1488] KSP converged reason: 4, iterations: 1
  [a=20 b=28 nt=1522] KSP converged reason: 4, iterations: 1
  [a=20 b=28 nt=1600] KSP converged reason: 4, iterations: 1
  [a=21 b=27 nt=1562] KSP converged reason: 4, iterations: 1
  [ 892] viol   f=   0.595  a=21.8 b=28.3 gap=17.7 (face=3.4mm) n=[190, 190, 265, 265, 306, 306, 1, 1]  tape=0.264km B=9.59T unif=0.198% hoop=109MPa
  [ 893] OK     f=   0.252  a=20.7 b=26.9 gap=17.6 (face=3.1mm) n=[199, 199, 280, 280, 233, 233, 46, 46]  tape=0.252km B=10.15T unif=0.735% hoop=107MPa
  [ 894] viol   f=   0.329  a=20.8 b=28.7 gap=17.7 (face=3.3mm) n=[182, 182, 278, 278, 282, 282, 28, 28]  tape=0.262km B=9.82T unif=0.940% hoop=102MPa
  [ 895] viol   f=   0.265  a=21.9 b=27.9 gap=17.6 (face=3.3mm) n=[199, 199, 288, 288, 247, 247, 10, 10]  tape=0.255km B=9.93T unif=0.397% hoop=112MPa
  [ 896] OK     f=   0.267  a=20.9 b=28.9 gap=17.6 (face=3.3mm) n=[195, 195, 285, 285, 257, 257, 32, 32]  tape=0.267km B=10.04T unif=0.351% hoop=106MPa
  [ 897] viol   f=   0.271  a=21.7 b=28.1 gap=17.6 (face=3.2mm) n=[200, 200, 288, 288, 249, 249, 14, 14]  tape=0.258km B=9.92T unif=0.316% hoop=108MPa
  [ 898] viol   f=   0.331  a=20.2 b=27.5 gap=17.6 (face=3.1mm) n=[176, 176, 268, 268, 272, 272, 45, 45]  tape=0.251km B=9.80T unif=0.915% hoop=98MPa
  [ 899] OK     f=   0.267  a=20.0 b=27.5 gap=17.6 (face=3.2mm) n=[184, 184, 278, 278, 261, 261, 77, 77]  tape=0.267km B=10.25T unif=0.706% hoop=102MPa
  [ 900] OK     f=   0.259  a=20.5 b=27.2 gap=17.6 (face=3.1mm) n=[189, 189, 277, 277, 258, 258, 57, 57]  tape=0.259km B=10.22T unif=0.450% hoop=104MPa
  [a=21 b=27 nt=1532] KSP converged reason: 4, iterations: 1
  [a=21 b=27 nt=1474] KSP converged reason: 4, iterations: 1
  [a=21 b=27 nt=1512] KSP converged reason: 4, iterations: 1
  [a=20 b=27 nt=1556] KSP converged reason: 4, iterations: 1
  [a=21 b=27 nt=1548] KSP converged reason: 4, iterations: 1
  [a=21 b=27 nt=1534] KSP converged reason: 4, iterations: 1
  [a=21 b=28 nt=1546] KSP converged reason: 4, iterations: 1
  [a=20 b=27 nt=1568] KSP converged reason: 4, iterations: 1
  [ 901] OK     f=   0.256  a=20.0 b=27.0 gap=17.5 (face=3.1mm) n=[192, 192, 277, 277, 246, 246, 63, 63]  tape=0.256km B=10.31T unif=0.270% hoop=103MPa
  [ 902] OK     f=   0.253  a=20.9 b=27.1 gap=17.6 (face=3.1mm) n=[198, 198, 280, 280, 235, 235, 43, 43]  tape=0.253km B=10.18T unif=0.612% hoop=109MPa
  [ 903] OK     f=   0.261  a=20.8 b=26.8 gap=17.6 (face=3.2mm) n=[192, 192, 286, 286, 224, 224, 72, 72]  tape=0.261km B=10.42T unif=0.615% hoop=111MPa
  [ 904] OK     f=   0.255  a=21.5 b=26.5 gap=17.5 (face=3.1mm) n=[203, 203, 283, 283, 237, 237, 43, 43]  tape=0.255km B=10.32T unif=0.584% hoop=111MPa
  [ 905] viol   f=   0.904  a=20.7 b=27.2 gap=17.6 (face=3.2mm) n=[207, 207, 285, 285, 233, 233, 42, 42]  tape=0.258km B=10.30T unif=1.057% hoop=109MPa
  [ 906] viol   f=   0.248  a=21.3 b=27.0 gap=17.6 (face=3.2mm) n=[204, 204, 287, 287, 227, 227, 19, 19]  tape=0.248km B=9.99T unif=0.651% hoop=108MPa
  [ 907] OK     f=   0.264  a=21.3 b=27.7 gap=17.6 (face=3.2mm) n=[195, 195, 290, 290, 252, 252, 36, 36]  tape=0.264km B=10.14T unif=0.943% hoop=108MPa
  [ 908] INFEAS f=1000.000  a=21.4 b=26.4 gap=17.6 (face=3.2mm) n=[192, 192, 283, 283, 242, 242, 51, 51]  no evaluation (geometry pre-check)
  [ 909] OK     f=   0.265  a=20.3 b=27.1 gap=17.6 (face=3.1mm) n=[197, 197, 287, 287, 226, 226, 74, 74]  tape=0.265km B=10.43T unif=0.420% hoop=107MPa
  [a=21 b=26 nt=1490] KSP converged reason: 4, iterations: 1
  [a=20 b=26 nt=1492] KSP converged reason: 4, iterations: 1
  [a=22 b=28 nt=1492] KSP converged reason: 4, iterations: 1
  [a=19 b=27 nt=1574] KSP converged reason: 4, iterations: 1
  [a=22 b=28 nt=1508] KSP converged reason: 4, iterations: 1
  [a=22 b=28 nt=1512] KSP converged reason: 4, iterations: 1
  [a=22 b=27 nt=1484] KSP converged reason: 4, iterations: 1
  [ 910] OK     f=   0.253  a=21.7 b=27.7 gap=17.6 (face=3.1mm) n=[211, 211, 288, 288, 242, 242, 5, 5]  tape=0.253km B=10.06T unif=0.797% hoop=112MPa
  [ 911] INFEAS f=1009.109  a=21.2 b=25.7 gap=17.5 (face=3.1mm) n=[203, 203, 277, 277, 219, 219, 38, 38]  no evaluation (geometry pre-check)
  [ 912] OK     f=   0.253  a=19.4 b=26.9 gap=17.6 (face=3.1mm) n=[190, 190, 261, 261, 269, 269, 67, 67]  tape=0.253km B=10.33T unif=0.855% hoop=101MPa
  [ 913] viol   f=  76.692  a=21.0 b=26.1 gap=17.5 (face=3.1mm) n=[213, 213, 295, 295, 207, 207, 30, 30]  tape=0.248km B=10.13T unif=1.618% hoop=110MPa
  [ 914] OK     f=   0.245  a=20.4 b=26.2 gap=17.5 (face=3.1mm) n=[192, 192, 284, 284, 225, 225, 45, 45]  tape=0.245km B=10.03T unif=0.392% hoop=102MPa
  [ 915] OK     f=   0.258  a=22.0 b=28.1 gap=17.6 (face=3.3mm) n=[209, 209, 287, 287, 258, 258, 2, 2]  tape=0.258km B=10.07T unif=0.618% hoop=113MPa
  [ 916] viol   f=   6.456  a=22.4 b=27.9 gap=17.7 (face=3.3mm) n=[211, 211, 281, 281, 250, 250, 12, 12]  tape=0.258km B=10.05T unif=1.176% hoop=114MPa
  [ 917] INFEAS f=1015.845  a=21.6 b=26.0 gap=17.6 (face=3.1mm) n=[202, 202, 279, 279, 234, 234, 35, 35]  no evaluation (geometry pre-check)
  [ 918] viol   f=   0.250  a=21.7 b=27.1 gap=17.6 (face=3.2mm) n=[200, 200, 280, 280, 241, 241, 21, 21]  tape=0.249km B=9.98T unif=0.551% hoop=110MPa
  [a=20 b=26 nt=1456] KSP converged reason: 4, iterations: 1
  [a=20 b=26 nt=1512] KSP converged reason: 4, iterations: 1
  [a=21 b=28 nt=1560] KSP converged reason: 4, iterations: 1
  [a=21 b=27 nt=1462] KSP converged reason: 4, iterations: 1
  [a=21 b=27 nt=1536] KSP converged reason: 4, iterations: 1
  [a=20 b=27 nt=1564] KSP converged reason: 4, iterations: 1
  [a=23 b=28 nt=1472] KSP converged reason: 4, iterations: 1
  [a=22 b=27 nt=1484] KSP converged reason: 4, iterations: 1
  [a=21 b=28 nt=1540] KSP converged reason: 4, iterations: 1
  [ 919] viol   f=   0.436  a=21.5 b=26.9 gap=17.6 (face=3.2mm) n=[181, 181, 272, 272, 239, 239, 39, 39]  tape=0.245km B=9.69T unif=0.660% hoop=103MPa
  [ 920] OK     f=   0.263  a=20.9 b=27.9 gap=17.6 (face=3.2mm) n=[186, 186, 272, 272, 280, 280, 42, 42]  tape=0.263km B=10.01T unif=0.470% hoop=105MPa
  [ 921] OK     f=   0.235  a=20.2 b=25.9 gap=17.5 (face=3.1mm) n=[200, 200, 281, 281, 219, 219, 28, 28]  tape=0.235km B=10.06T unif=0.965% hoop=103MPa
  [ 922] OK     f=   0.259  a=20.2 b=27.0 gap=17.6 (face=3.1mm) n=[186, 186, 276, 276, 249, 249, 71, 71]  tape=0.259km B=10.26T unif=0.564% hoop=103MPa
  [ 923] OK     f=   0.248  a=20.2 b=26.4 gap=17.5 (face=3.0mm) n=[188, 188, 271, 271, 232, 232, 65, 65]  tape=0.248km B=10.10T unif=0.288% hoop=104MPa
  [ 924] viol   f=   0.318  a=20.9 b=27.2 gap=17.5 (face=3.1mm) n=[187, 187, 260, 260, 285, 285, 36, 36]  tape=0.256km B=9.83T unif=0.352% hoop=105MPa
  [ 925] viol   f=   0.428  a=22.5 b=28.0 gap=17.7 (face=3.3mm) n=[196, 196, 276, 276, 259, 259, 5, 5]  tape=0.250km B=9.70T unif=0.310% hoop=112MPa
  [ 926] OK     f=   0.262  a=21.0 b=28.3 gap=17.6 (face=3.3mm) n=[203, 203, 288, 288, 262, 262, 17, 17]  tape=0.262km B=10.18T unif=0.274% hoop=108MPa
  [ 927] OK     f=   0.253  a=21.8 b=27.2 gap=17.6 (face=3.2mm) n=[212, 212, 298, 298, 222, 222, 10, 10]  tape=0.253km B=10.02T unif=0.596% hoop=113MPa
  [a=20 b=26 nt=1558] KSP converged reason: 4, iterations: 1
  [a=19 b=26 nt=1510] KSP converged reason: 4, iterations: 1
  [a=21 b=26 nt=1422] KSP converged reason: 4, iterations: 1
  [a=20 b=25 nt=1484] KSP converged reason: 4, iterations: 1
  [a=20 b=26 nt=1508] KSP converged reason: 4, iterations: 1
  [a=19 b=26 nt=1522] KSP converged reason: 4, iterations: 1
  [a=21 b=27 nt=1564] KSP converged reason: 4, iterations: 1
  [ 928] INFEAS f=1000.005  a=21.5 b=26.5 gap=17.6 (face=3.1mm) n=[207, 207, 288, 288, 211, 211, 37, 37]  no evaluation (geometry pre-check)
  [ 929] OK     f=   0.244  a=19.4 b=26.4 gap=17.5 (face=3.0mm) n=[203, 203, 288, 288, 234, 234, 30, 30]  tape=0.244km B=10.37T unif=0.233% hoop=102MPa
  [ 930] INFEAS f=1007.213  a=21.1 b=25.7 gap=17.5 (face=3.1mm) n=[207, 207, 289, 289, 199, 199, 20, 20]  no evaluation (geometry pre-check)
  [ 931] OK     f=   0.237  a=19.5 b=25.1 gap=17.5 (face=3.0mm) n=[185, 185, 272, 272, 199, 199, 86, 86]  tape=0.237km B=10.04T unif=0.693% hoop=99MPa
  [ 932] viol   f=   0.305  a=20.7 b=26.4 gap=17.5 (face=3.1mm) n=[205, 205, 288, 288, 206, 206, 12, 12]  tape=0.235km B=9.81T unif=0.880% hoop=105MPa
  [ 933] viol   f=  21.981  a=20.0 b=25.8 gap=17.5 (face=3.1mm) n=[186, 186, 256, 256, 249, 249, 63, 63]  tape=0.237km B=10.04T unif=1.330% hoop=100MPa
  [ 934] viol   f=   0.301  a=19.5 b=26.2 gap=17.5 (face=3.0mm) n=[177, 177, 258, 258, 274, 274, 52, 52]  tape=0.243km B=9.83T unif=0.480% hoop=96MPa
  [ 935] OK     f=   0.258  a=20.2 b=25.8 gap=17.5 (face=3.1mm) n=[204, 204, 303, 303, 211, 211, 61, 61]  tape=0.258km B=10.54T unif=0.452% hoop=108MPa
  [ 936] OK     f=   0.258  a=20.8 b=26.9 gap=17.6 (face=3.1mm) n=[208, 208, 283, 283, 253, 253, 38, 38]  tape=0.258km B=10.46T unif=0.976% hoop=109MPa
  [a=20 b=25 nt=1416] KSP converged reason: 4, iterations: 1
  [a=20 b=25 nt=1524] KSP converged reason: 4, iterations: 1
  [a=19 b=25 nt=1504] KSP converged reason: 4, iterations: 1
  [a=19 b=27 nt=1570] KSP converged reason: 4, iterations: 1
  [a=20 b=26 nt=1452] KSP converged reason: 4, iterations: 1
  [a=22 b=27 nt=1542] KSP converged reason: 4, iterations: 1
  [a=20 b=26 nt=1410] KSP converged reason: 4, iterations: 1
  [ 937] viol   f= 339.746  a=21.5 b=26.9 gap=17.6 (face=3.1mm) n=[212, 212, 279, 279, 237, 237, 43, 43]  tape=0.258km B=10.42T unif=2.303% hoop=114MPa
  [ 938] INFEAS f=1004.145  a=20.7 b=25.4 gap=17.5 (face=3.0mm) n=[211, 211, 284, 284, 187, 187, 60, 60]  no evaluation (geometry pre-check)
  [ 939] viol   f=   0.245  a=19.8 b=26.1 gap=17.5 (face=3.1mm) n=[194, 194, 275, 275, 215, 215, 42, 42]  tape=0.235km B=9.93T unif=0.839% hoop=100MPa
  [ 940] OK     f=   0.249  a=19.7 b=25.3 gap=17.5 (face=3.0mm) n=[194, 194, 285, 285, 184, 184, 99, 99]  tape=0.249km B=10.21T unif=0.848% hoop=103MPa
  [ 941] viol   f= 352.327  a=19.9 b=25.2 gap=17.5 (face=3.0mm) n=[212, 212, 292, 292, 163, 163, 41, 41]  tape=0.230km B=9.85T unif=2.327% hoop=102MPa
  [ 942] INFEAS f=1000.000  a=17.8 b=24.2 gap=17.5 (face=3.0mm) n=[190, 190, 276, 276, 180, 180, 125, 125]  no evaluation (geometry pre-check)
  [ 943] OK     f=   0.236  a=18.8 b=24.8 gap=17.5 (face=3.0mm) n=[189, 189, 275, 275, 205, 205, 83, 83]  tape=0.236km B=10.38T unif=0.830% hoop=98MPa
  [ 944] OK     f=   0.262  a=19.5 b=26.9 gap=17.5 (face=3.0mm) n=[190, 190, 290, 290, 225, 225, 80, 80]  tape=0.262km B=10.36T unif=0.798% hoop=103MPa
  [ 945] viol   f=   0.383  a=19.6 b=25.6 gap=17.5 (face=3.0mm) n=[183, 183, 271, 271, 229, 229, 22, 22]  tape=0.222km B=9.72T unif=0.566% hoop=95MPa
  [a=20 b=25 nt=1490] KSP converged reason: 4, iterations: 1
  [a=19 b=25 nt=1508] KSP converged reason: 4, iterations: 1
  [a=20 b=26 nt=1468] KSP converged reason: 4, iterations: 1
  [a=18 b=25 nt=1474] KSP converged reason: 4, iterations: 1
  [a=21 b=26 nt=1454] KSP converged reason: 4, iterations: 1
  [a=18 b=25 nt=1616] KSP converged reason: 4, iterations: 1
  [a=21 b=27 nt=1492] KSP converged reason: 4, iterations: 1
  [a=20 b=27 nt=1572] KSP converged reason: 4, iterations: 1
  [a=19 b=26 nt=1490] KSP converged reason: 4, iterations: 1
  [ 946] OK     f=   0.239  a=20.1 b=26.1 gap=17.5 (face=3.0mm) n=[193, 193, 282, 282, 225, 225, 34, 34]  tape=0.239km B=10.04T unif=0.326% hoop=103MPa
  [ 947] viol   f= 318.779  a=20.5 b=25.8 gap=17.5 (face=3.0mm) n=[204, 204, 276, 276, 210, 210, 37, 37]  tape=0.236km B=9.94T unif=2.262% hoop=104MPa
  [ 948] viol   f=  13.118  a=18.4 b=24.6 gap=17.5 (face=3.0mm) n=[187, 187, 269, 269, 223, 223, 58, 58]  tape=0.225km B=10.16T unif=1.254% hoop=93MPa
  [ 949] OK     f=   0.243  a=19.8 b=25.5 gap=17.5 (face=3.0mm) n=[197, 197, 286, 286, 194, 194, 68, 68]  tape=0.243km B=10.25T unif=0.424% hoop=103MPa
  [ 950] viol   f=  12.739  a=18.1 b=25.3 gap=17.5 (face=3.0mm) n=[185, 185, 255, 255, 256, 256, 112, 112]  tape=0.244km B=10.54T unif=1.250% hoop=92MPa
  [ 951] OK     f=   0.246  a=19.3 b=25.4 gap=17.5 (face=3.0mm) n=[192, 192, 288, 288, 187, 187, 87, 87]  tape=0.246km B=10.15T unif=0.327% hoop=101MPa
  [ 952] viol   f=  12.982  a=21.3 b=26.6 gap=17.6 (face=3.1mm) n=[198, 198, 273, 273, 214, 214, 61, 61]  tape=0.250km B=9.99T unif=1.252% hoop=109MPa
  [ 953] viol   f=   0.260  a=19.6 b=26.6 gap=17.5 (face=3.1mm) n=[179, 179, 255, 255, 285, 285, 67, 67]  tape=0.257km B=9.97T unif=0.221% hoop=100MPa
  [ 954] OK     f=   0.242  a=19.4 b=26.3 gap=17.5 (face=3.0mm) n=[195, 195, 283, 283, 224, 224, 43, 43]  tape=0.242km B=10.18T unif=0.447% hoop=100MPa
  [a=21 b=28 nt=1528] KSP converged reason: 4, iterations: 1
  [a=20 b=26 nt=1442] KSP converged reason: 4, iterations: 1
  [a=20 b=27 nt=1484] KSP converged reason: 4, iterations: 1
  [a=20 b=26 nt=1466] KSP converged reason: 4, iterations: 1
  [a=20 b=28 nt=1528] KSP converged reason: 4, iterations: 1
  [a=20 b=26 nt=1446] KSP converged reason: 4, iterations: 1
  [a=19 b=27 nt=1490] KSP converged reason: 4, iterations: 1
  [a=19 b=26 nt=1514] KSP converged reason: 4, iterations: 1
  [a=20 b=25 nt=1462] KSP converged reason: 4, iterations: 1
  [ 955] OK     f=   0.246  a=20.4 b=26.8 gap=17.5 (face=3.1mm) n=[208, 208, 290, 290, 223, 223, 21, 21]  tape=0.246km B=10.19T unif=0.355% hoop=107MPa
  [ 956] viol   f=   0.240  a=19.8 b=26.3 gap=17.5 (face=3.0mm) n=[196, 196, 285, 285, 217, 217, 35, 35]  tape=0.240km B=9.99T unif=0.290% hoop=101MPa
  [ 957] viol   f=   0.291  a=19.6 b=26.3 gap=17.5 (face=3.0mm) n=[185, 185, 270, 270, 231, 231, 37, 37]  tape=0.233km B=9.83T unif=0.373% hoop=98MPa
  [ 958] viol   f=   1.015  a=21.2 b=27.7 gap=17.6 (face=3.2mm) n=[203, 203, 307, 307, 230, 230, 24, 24]  tape=0.265km B=10.19T unif=1.061% hoop=112MPa
  [ 959] viol   f=   0.258  a=20.0 b=25.6 gap=17.5 (face=3.1mm) n=[206, 206, 292, 292, 174, 174, 49, 49]  tape=0.237km B=9.90T unif=0.932% hoop=105MPa
  [ 960] OK     f=   0.256  a=20.2 b=28.0 gap=17.5 (face=3.1mm) n=[201, 201, 285, 285, 257, 257, 21, 21]  tape=0.256km B=10.17T unif=0.241% hoop=105MPa
  [ 961] viol   f=  80.588  a=19.0 b=26.6 gap=17.5 (face=3.0mm) n=[187, 187, 298, 298, 212, 212, 48, 48]  tape=0.247km B=10.07T unif=1.634% hoop=99MPa
  [ 962] viol   f=  69.995  a=19.0 b=25.6 gap=17.5 (face=3.0mm) n=[197, 197, 271, 271, 221, 221, 68, 68]  tape=0.239km B=10.57T unif=1.591% hoop=103MPa
  [ 963] viol   f=   1.767  a=19.7 b=24.8 gap=17.5 (face=3.0mm) n=[193, 193, 277, 277, 199, 199, 62, 62]  tape=0.232km B=10.20T unif=1.088% hoop=102MPa
  [a=20 b=26 nt=1500] KSP converged reason: 4, iterations: 1
  [a=19 b=26 nt=1488] KSP converged reason: 4, iterations: 1
  [a=19 b=26 nt=1440] KSP converged reason: 4, iterations: 1
  [a=21 b=26 nt=1480] KSP converged reason: 4, iterations: 1
  [a=20 b=27 nt=1500] KSP converged reason: 4, iterations: 1
  [a=20 b=27 nt=1466] KSP converged reason: 4, iterations: 1
  [a=21 b=28 nt=1524] KSP converged reason: 4, iterations: 1
  [a=19 b=27 nt=1482] KSP converged reason: 4, iterations: 1
  [a=20 b=27 nt=1476] KSP converged reason: 4, iterations: 1
  [ 964] OK     f=   0.247  a=19.7 b=26.8 gap=17.5 (face=3.1mm) n=[203, 203, 289, 289, 224, 224, 34, 34]  tape=0.247km B=10.21T unif=0.567% hoop=103MPa
  [ 965] OK     f=   0.236  a=19.2 b=25.8 gap=17.5 (face=3.0mm) n=[195, 195, 279, 279, 229, 229, 41, 41]  tape=0.236km B=10.22T unif=0.422% hoop=99MPa
  [ 966] viol   f=   0.242  a=20.3 b=27.4 gap=17.6 (face=3.2mm) n=[203, 203, 284, 284, 243, 243, 3, 3]  tape=0.241km B=9.99T unif=0.491% hoop=103MPa
  [ 967] OK     f=   0.247  a=19.6 b=26.4 gap=17.5 (face=3.0mm) n=[194, 194, 291, 291, 221, 221, 44, 44]  tape=0.247km B=10.15T unif=0.519% hoop=102MPa
  [ 968] viol   f=   0.239  a=19.2 b=25.8 gap=17.5 (face=3.0mm) n=[197, 197, 279, 279, 195, 195, 49, 49]  tape=0.233km B=9.94T unif=0.930% hoop=98MPa
  [ 969] viol   f=   0.247  a=20.7 b=26.5 gap=17.5 (face=3.1mm) n=[200, 200, 288, 288, 215, 215, 37, 37]  tape=0.247km B=9.99T unif=0.362% hoop=107MPa
  [ 970] OK     f=   0.260  a=21.2 b=28.0 gap=17.6 (face=3.3mm) n=[209, 209, 288, 288, 244, 244, 21, 21]  tape=0.260km B=10.18T unif=0.859% hoop=110MPa
  [ 971] OK     f=   0.245  a=19.3 b=26.5 gap=17.5 (face=3.1mm) n=[193, 193, 288, 288, 208, 208, 52, 52]  tape=0.245km B=10.05T unif=0.491% hoop=100MPa
  [ 972] viol   f=   0.251  a=20.4 b=27.1 gap=17.5 (face=3.1mm) n=[198, 198, 295, 295, 209, 209, 36, 36]  tape=0.250km B=9.98T unif=0.541% hoop=106MPa
  [a=19 b=25 nt=1444] KSP converged reason: 4, iterations: 1
  [a=20 b=27 nt=1504] KSP converged reason: 4, iterations: 1
  [a=18 b=25 nt=1414] KSP converged reason: 4, iterations: 1
  [a=19 b=27 nt=1508] KSP converged reason: 4, iterations: 1
  [a=21 b=27 nt=1466] KSP converged reason: 4, iterations: 1
  [a=19 b=26 nt=1508] KSP converged reason: 4, iterations: 1
  [a=20 b=28 nt=1498] KSP converged reason: 4, iterations: 1
  [a=19 b=26 nt=1532] KSP converged reason: 4, iterations: 1
  [a=19 b=26 nt=1466] KSP converged reason: 4, iterations: 1
  [ 973] OK     f=   0.238  a=18.6 b=25.9 gap=17.5 (face=3.0mm) n=[183, 183, 268, 268, 231, 231, 72, 72]  tape=0.238km B=10.22T unif=0.368% hoop=95MPa
  [ 974] viol   f= 243.182  a=18.9 b=24.9 gap=17.5 (face=3.0mm) n=[200, 200, 279, 279, 188, 188, 55, 55]  tape=0.228km B=10.05T unif=2.102% hoop=97MPa
  [ 975] OK     f=   0.248  a=20.0 b=26.5 gap=17.6 (face=3.2mm) n=[200, 200, 292, 292, 224, 224, 36, 36]  tape=0.248km B=10.21T unif=0.467% hoop=103MPa
  [ 976] OK     f=   0.242  a=19.1 b=26.5 gap=17.5 (face=3.1mm) n=[189, 189, 273, 273, 242, 242, 50, 50]  tape=0.242km B=10.17T unif=0.358% hoop=98MPa
  [ 977] viol   f=   3.582  a=18.4 b=25.0 gap=17.5 (face=3.0mm) n=[189, 189, 270, 270, 202, 202, 46, 46]  tape=0.219km B=9.87T unif=1.129% hoop=92MPa
  [ 978] viol   f=   0.258  a=20.8 b=27.3 gap=17.6 (face=3.1mm) n=[196, 196, 292, 292, 234, 234, 11, 11]  tape=0.247km B=9.93T unif=0.631% hoop=107MPa
  [ 979] OK     f=   0.251  a=20.4 b=27.5 gap=17.6 (face=3.2mm) n=[208, 208, 297, 297, 240, 240, 4, 4]  tape=0.251km B=10.22T unif=0.383% hoop=105MPa
  [ 980] OK     f=   0.240  a=18.8 b=26.0 gap=17.5 (face=3.0mm) n=[190, 190, 266, 266, 249, 249, 61, 61]  tape=0.240km B=10.30T unif=0.778% hoop=97MPa
  [ 981] OK     f=   0.241  a=19.3 b=26.4 gap=17.5 (face=3.0mm) n=[195, 195, 290, 290, 210, 210, 38, 38]  tape=0.241km B=10.05T unif=0.372% hoop=99MPa
  [a=19 b=26 nt=1502] KSP converged reason: 4, iterations: 1
  [a=19 b=25 nt=1508] KSP converged reason: 4, iterations: 1
  [a=18 b=27 nt=1496] KSP converged reason: 4, iterations: 1
  [a=18 b=25 nt=1590] KSP converged reason: 4, iterations: 1
  [a=19 b=26 nt=1482] KSP converged reason: 4, iterations: 1
  [a=19 b=26 nt=1552] KSP converged reason: 4, iterations: 1
  [a=18 b=25 nt=1504] KSP converged reason: 4, iterations: 1
  [a=19 b=26 nt=1524] KSP converged reason: 4, iterations: 1
  [a=19 b=27 nt=1494] KSP converged reason: 4, iterations: 1
  [ 982] OK     f=   0.241  a=18.8 b=25.4 gap=17.5 (face=3.0mm) n=[194, 194, 280, 280, 202, 202, 78, 78]  tape=0.241km B=10.36T unif=0.868% hoop=100MPa
  [ 983] OK     f=   0.240  a=19.0 b=25.7 gap=17.5 (face=3.0mm) n=[187, 187, 275, 275, 219, 219, 70, 70]  tape=0.240km B=10.22T unif=0.378% hoop=98MPa
  [ 984] OK     f=   0.249  a=18.9 b=26.1 gap=17.5 (face=3.0mm) n=[184, 184, 274, 274, 236, 236, 82, 82]  tape=0.249km B=10.25T unif=0.422% hoop=97MPa
  [ 985] OK     f=   0.235  a=18.4 b=26.9 gap=17.5 (face=3.1mm) n=[190, 190, 275, 275, 266, 266, 17, 17]  tape=0.235km B=10.12T unif=0.478% hoop=93MPa
  [ 986] OK     f=   0.236  a=18.9 b=26.4 gap=17.5 (face=3.0mm) n=[189, 189, 277, 277, 241, 241, 34, 34]  tape=0.236km B=10.09T unif=0.362% hoop=96MPa
  [ 987] OK     f=   0.240  a=17.9 b=24.8 gap=17.5 (face=3.0mm) n=[174, 174, 257, 257, 229, 229, 135, 135]  tape=0.240km B=10.21T unif=0.527% hoop=88MPa
  [ 988] OK     f=   0.232  a=18.1 b=24.9 gap=17.5 (face=3.0mm) n=[188, 188, 275, 275, 220, 220, 69, 69]  tape=0.232km B=10.60T unif=0.347% hoop=97MPa
  [ 989] OK     f=   0.242  a=18.9 b=26.2 gap=17.5 (face=3.0mm) n=[181, 181, 270, 270, 245, 245, 66, 66]  tape=0.242km B=10.15T unif=0.629% hoop=97MPa
  [ 990] OK     f=   0.241  a=18.9 b=27.0 gap=17.5 (face=3.1mm) n=[192, 192, 273, 273, 245, 245, 37, 37]  tape=0.241km B=10.15T unif=0.527% hoop=97MPa
  [a=19 b=25 nt=1458] KSP converged reason: 4, iterations: 1
  [a=19 b=26 nt=1492] KSP converged reason: 4, iterations: 1
  [a=18 b=25 nt=1542] KSP converged reason: 4, iterations: 1
  [a=18 b=26 nt=1534] KSP converged reason: 4, iterations: 1
  [a=18 b=26 nt=1504] KSP converged reason: 4, iterations: 1
  [a=19 b=26 nt=1494] KSP converged reason: 4, iterations: 1
  [a=19 b=25 nt=1476] KSP converged reason: 4, iterations: 1
  [a=19 b=26 nt=1470] KSP converged reason: 4, iterations: 1
  [ 991] OK     f=   0.231  a=19.1 b=24.5 gap=17.5 (face=3.0mm) n=[195, 195, 286, 286, 175, 175, 73, 73]  tape=0.231km B=10.25T unif=0.787% hoop=102MPa
  [ 992] OK     f=   0.239  a=18.5 b=26.4 gap=17.5 (face=3.0mm) n=[193, 193, 266, 266, 276, 276, 32, 32]  tape=0.239km B=10.23T unif=0.540% hoop=95MPa
  [ 993] OK     f=   0.239  a=18.1 b=25.5 gap=17.5 (face=3.0mm) n=[191, 191, 270, 270, 232, 232, 78, 78]  tape=0.239km B=10.61T unif=0.893% hoop=96MPa
  [ 994] viol   f=  94.453  a=18.0 b=25.8 gap=17.5 (face=3.0mm) n=[200, 200, 271, 271, 238, 238, 43, 43]  tape=0.232km B=10.41T unif=1.686% hoop=94MPa
  [ 995] viol   f=   0.234  a=18.5 b=26.3 gap=17.5 (face=3.0mm) n=[182, 182, 262, 262, 265, 265, 38, 38]  tape=0.232km B=9.97T unif=0.295% hoop=91MPa
  [ 996] viol   f=   2.154  a=18.9 b=25.6 gap=17.5 (face=3.0mm) n=[197, 197, 300, 300, 211, 211, 38, 38]  tape=0.240km B=10.27T unif=1.098% hoop=100MPa
  [ 997] OK     f=   0.233  a=19.0 b=25.2 gap=17.5 (face=3.0mm) n=[197, 197, 290, 290, 216, 216, 35, 35]  tape=0.233km B=10.22T unif=0.285% hoop=97MPa
  [ 998] INFEAS f=1001.653  a=17.7 b=24.2 gap=17.5 (face=3.0mm) n=[178, 178, 280, 280, 197, 197, 86, 86]  no evaluation (geometry pre-check)
  [ 999] OK     f=   0.232  a=19.1 b=26.3 gap=17.5 (face=3.0mm) n=[196, 196, 273, 273, 245, 245, 21, 21]  tape=0.232km B=10.08T unif=0.880% hoop=97MPa
  [a=20 b=25 nt=1478] KSP converged reason: 4, iterations: 1
  [a=19 b=25 nt=1452] KSP converged reason: 4, iterations: 1
  [a=18 b=24 nt=1410] KSP converged reason: 4, iterations: 1
  [a=19 b=25 nt=1522] KSP converged reason: 4, iterations: 1
  [a=19 b=25 nt=1450] KSP converged reason: 4, iterations: 1
  [a=19 b=26 nt=1452] KSP converged reason: 4, iterations: 1
  [a=19 b=26 nt=1536] KSP converged reason: 4, iterations: 1
  [1000] INFEAS f=1004.498  a=20.3 b=25.0 gap=17.5 (face=3.0mm) n=[211, 211, 298, 298, 165, 165, 30, 30]  no evaluation (geometry pre-check)
  [1001] OK     f=   0.232  a=19.5 b=25.2 gap=17.5 (face=3.1mm) n=[201, 201, 291, 291, 203, 203, 31, 31]  tape=0.232km B=10.11T unif=0.417% hoop=101MPa
  [1002] INFEAS f=1007.078  a=20.5 b=25.0 gap=17.5 (face=3.1mm) n=[204, 204, 283, 283, 189, 189, 60, 60]  no evaluation (geometry pre-check)
  [1003] OK     f=   0.231  a=19.2 b=25.4 gap=17.5 (face=3.0mm) n=[200, 200, 285, 285, 205, 205, 35, 35]  tape=0.231km B=10.09T unif=0.929% hoop=99MPa
  [1004] viol   f= 444.734  a=18.4 b=24.2 gap=17.5 (face=3.0mm) n=[192, 192, 267, 267, 198, 198, 48, 48]  tape=0.214km B=9.95T unif=2.491% hoop=93MPa
  [1005] OK     f=   0.241  a=19.7 b=25.2 gap=17.5 (face=3.0mm) n=[192, 192, 286, 286, 179, 179, 82, 82]  tape=0.241km B=10.19T unif=0.429% hoop=106MPa
  [1006] viol   f=   0.232  a=19.0 b=26.2 gap=17.5 (face=3.0mm) n=[190, 190, 271, 271, 251, 251, 14, 14]  tape=0.227km B=9.95T unif=0.203% hoop=95MPa
  [1007] OK     f=   0.242  a=18.9 b=25.0 gap=17.5 (face=3.0mm) n=[186, 186, 280, 280, 200, 200, 95, 95]  tape=0.242km B=10.24T unif=0.286% hoop=98MPa
  [1008] OK     f=   0.243  a=19.2 b=25.8 gap=17.5 (face=3.0mm) n=[185, 185, 272, 272, 243, 243, 68, 68]  tape=0.243km B=10.27T unif=0.337% hoop=98MPa
  [a=19 b=24 nt=1464] KSP converged reason: 4, iterations: 1
  [a=19 b=25 nt=1440] KSP converged reason: 4, iterations: 1
  [a=19 b=24 nt=1440] KSP converged reason: 4, iterations: 1
  [a=19 b=26 nt=1490] KSP converged reason: 4, iterations: 1
  [a=19 b=26 nt=1460] KSP converged reason: 4, iterations: 1
  [a=19 b=25 nt=1434] KSP converged reason: 4, iterations: 1
  [a=20 b=25 nt=1430] KSP converged reason: 4, iterations: 1
  [a=20 b=27 nt=1444] KSP converged reason: 4, iterations: 1
  [a=19 b=26 nt=1490] KSP converged reason: 4, iterations: 1
  [1009] OK     f=   0.235  a=18.8 b=25.6 gap=17.5 (face=3.0mm) n=[194, 194, 280, 280, 229, 229, 42, 42]  tape=0.235km B=10.24T unif=0.454% hoop=96MPa
  [1010] viol   f= 528.706  a=18.6 b=23.9 gap=17.5 (face=3.0mm) n=[202, 202, 285, 285, 191, 191, 54, 54]  tape=0.224km B=10.30T unif=2.626% hoop=96MPa
  [1011] OK     f=   0.229  a=18.7 b=25.5 gap=17.5 (face=3.0mm) n=[190, 190, 272, 272, 224, 224, 44, 44]  tape=0.229km B=10.04T unif=0.512% hoop=95MPa
  [1012] viol   f=   0.231  a=19.5 b=24.9 gap=17.5 (face=3.0mm) n=[200, 200, 290, 290, 188, 188, 42, 42]  tape=0.230km B=9.98T unif=0.585% hoop=101MPa
  [1013] OK     f=   0.225  a=18.8 b=24.4 gap=17.5 (face=3.0mm) n=[190, 190, 279, 279, 184, 184, 67, 67]  tape=0.225km B=10.16T unif=0.692% hoop=97MPa
  [1014] viol   f=   0.234  a=19.0 b=25.4 gap=17.5 (face=3.0mm) n=[195, 195, 285, 285, 196, 196, 41, 41]  tape=0.229km B=9.95T unif=0.345% hoop=97MPa
  [1015] OK     f=   0.225  a=19.7 b=25.3 gap=17.5 (face=3.0mm) n=[204, 204, 291, 291, 218, 218, 2, 2]  tape=0.225km B=10.04T unif=0.413% hoop=99MPa
  [1016] viol   f=   0.251  a=20.5 b=26.9 gap=17.6 (face=3.2mm) n=[207, 207, 293, 293, 217, 217, 5, 5]  tape=0.240km B=9.92T unif=0.258% hoop=105MPa
  [1017] OK     f=   0.238  a=18.8 b=26.1 gap=17.5 (face=3.1mm) n=[186, 186, 277, 277, 234, 234, 48, 48]  tape=0.238km B=10.08T unif=0.609% hoop=97MPa
  [a=18 b=23 nt=1444] KSP converged reason: 4, iterations: 1
  [a=19 b=25 nt=1408] KSP converged reason: 4, iterations: 1
  [a=20 b=25 nt=1408] KSP converged reason: 4, iterations: 1
  [a=19 b=25 nt=1500] KSP converged reason: 4, iterations: 1
  [a=19 b=25 nt=1442] KSP converged reason: 4, iterations: 1
  [a=19 b=25 nt=1466] KSP converged reason: 4, iterations: 1
  [a=19 b=26 nt=1458] KSP converged reason: 4, iterations: 1
  [a=20 b=25 nt=1432] KSP converged reason: 4, iterations: 1
  [1018] OK     f=   0.226  a=18.6 b=24.8 gap=17.5 (face=3.0mm) n=[193, 193, 285, 285, 194, 194, 49, 49]  tape=0.226km B=10.05T unif=0.718% hoop=95MPa
  [1019] OK     f=   0.234  a=18.8 b=25.1 gap=17.5 (face=3.0mm) n=[191, 191, 279, 279, 226, 226, 54, 54]  tape=0.234km B=10.27T unif=0.340% hoop=97MPa
  [1020] viol   f=  89.127  a=18.0 b=23.4 gap=17.5 (face=3.0mm) n=[183, 183, 274, 274, 164, 164, 101, 101]  tape=0.219km B=9.90T unif=1.667% hoop=90MPa
  [1021] viol   f=   0.228  a=18.9 b=25.4 gap=17.5 (face=3.0mm) n=[184, 184, 265, 265, 234, 234, 50, 50]  tape=0.228km B=10.00T unif=0.476% hoop=95MPa
  [1022] viol   f=  68.892  a=19.3 b=24.6 gap=17.5 (face=3.0mm) n=[205, 205, 289, 289, 186, 186, 24, 24]  tape=0.221km B=9.95T unif=1.586% hoop=99MPa
  [1023] viol   f=  33.806  a=19.8 b=24.9 gap=17.5 (face=3.0mm) n=[200, 200, 285, 285, 180, 180, 39, 39]  tape=0.225km B=9.81T unif=1.409% hoop=101MPa
  [1024] viol   f=   0.227  a=19.3 b=25.8 gap=17.5 (face=3.0mm) n=[190, 190, 268, 268, 246, 246, 25, 25]  tape=0.227km B=10.00T unif=0.500% hoop=98MPa
  [1025] viol   f=   0.232  a=19.9 b=25.3 gap=17.5 (face=3.0mm) n=[199, 199, 290, 290, 197, 197, 30, 30]  tape=0.231km B=9.97T unif=0.302% hoop=101MPa
  [1026] INFEAS f=1006.202  a=19.4 b=24.0 gap=17.5 (face=3.0mm) n=[194, 194, 287, 287, 170, 170, 66, 66]  no evaluation (geometry pre-check)
  [a=19 b=25 nt=1432] KSP converged reason: 4, iterations: 1
  [a=19 b=25 nt=1384] KSP converged reason: 4, iterations: 1
  [a=18 b=25 nt=1438] KSP converged reason: 4, iterations: 1
  [a=19 b=24 nt=1458] KSP converged reason: 4, iterations: 1
  [a=19 b=26 nt=1480] KSP converged reason: 4, iterations: 1
  [a=19 b=26 nt=1446] KSP converged reason: 4, iterations: 1
  [a=19 b=25 nt=1442] KSP converged reason: 4, iterations: 1
  [a=18 b=25 nt=1478] KSP converged reason: 4, iterations: 1
  [a=19 b=25 nt=1444] KSP converged reason: 4, iterations: 1
  [1027] viol   f=  19.620  a=19.0 b=24.1 gap=17.5 (face=3.0mm) n=[186, 186, 269, 269, 200, 200, 74, 74]  tape=0.224km B=10.31T unif=1.311% hoop=100MPa
  [1028] viol   f=   0.317  a=19.3 b=26.3 gap=17.5 (face=3.1mm) n=[189, 189, 272, 272, 252, 252, 10, 10]  tape=0.227km B=9.79T unif=0.367% hoop=95MPa
  [1029] viol   f=   0.235  a=18.5 b=25.3 gap=17.5 (face=3.0mm) n=[190, 190, 281, 281, 212, 212, 36, 36]  tape=0.225km B=9.93T unif=0.366% hoop=93MPa
  [1030] viol   f=   0.230  a=19.3 b=25.5 gap=17.5 (face=3.0mm) n=[198, 198, 290, 290, 205, 205, 23, 23]  tape=0.229km B=9.97T unif=0.323% hoop=100MPa
  [1031] viol   f=   0.336  a=19.2 b=25.2 gap=17.5 (face=3.0mm) n=[201, 201, 290, 290, 191, 191, 10, 10]  tape=0.219km B=9.76T unif=0.538% hoop=97MPa
  [1032] OK     f=   0.232  a=18.7 b=26.4 gap=17.5 (face=3.0mm) n=[189, 189, 272, 272, 251, 251, 28, 28]  tape=0.232km B=10.08T unif=0.337% hoop=94MPa
  [1033] OK     f=   0.225  a=18.8 b=25.2 gap=17.5 (face=3.0mm) n=[195, 195, 277, 277, 217, 217, 32, 32]  tape=0.225km B=10.01T unif=0.725% hoop=94MPa
  [1034] OK     f=   0.232  a=18.4 b=24.9 gap=17.5 (face=3.0mm) n=[189, 189, 281, 281, 200, 200, 69, 69]  tape=0.232km B=10.33T unif=0.288% hoop=99MPa
  [1035] viol   f=   0.239  a=19.1 b=25.3 gap=17.5 (face=3.0mm) n=[185, 185, 267, 267, 218, 218, 52, 52]  tape=0.227km B=9.92T unif=0.634% hoop=97MPa
  [a=19 b=24 nt=1426] KSP converged reason: 4, iterations: 1
  [a=18 b=25 nt=1486] KSP converged reason: 4, iterations: 1
  [a=20 b=26 nt=1456] KSP converged reason: 4, iterations: 1
  [a=19 b=25 nt=1448] KSP converged reason: 4, iterations: 1
  [a=19 b=26 nt=1440] KSP converged reason: 4, iterations: 1
  [a=18 b=25 nt=1494] KSP converged reason: 4, iterations: 1
  [a=19 b=26 nt=1486] KSP converged reason: 4, iterations: 1
  [a=19 b=25 nt=1442] KSP converged reason: 4, iterations: 1
  [1036] viol   f=  55.457  a=18.3 b=25.0 gap=17.5 (face=3.0mm) n=[197, 197, 279, 279, 206, 206, 61, 61]  tape=0.232km B=10.31T unif=1.525% hoop=95MPa
  [1037] OK     f=   0.231  a=18.0 b=25.3 gap=17.5 (face=3.0mm) n=[189, 189, 272, 272, 223, 223, 63, 63]  tape=0.231km B=10.40T unif=0.637% hoop=94MPa
  [1038] OK     f=   0.238  a=19.7 b=26.3 gap=17.5 (face=3.0mm) n=[200, 200, 285, 285, 211, 211, 32, 32]  tape=0.238km B=10.02T unif=0.541% hoop=102MPa
  [1039] viol   f= 205.080  a=18.8 b=24.0 gap=17.5 (face=3.0mm) n=[196, 196, 279, 279, 176, 176, 62, 62]  tape=0.221km B=10.03T unif=2.012% hoop=97MPa
  [1040] OK     f=   0.230  a=18.9 b=25.5 gap=17.5 (face=3.0mm) n=[196, 196, 284, 284, 201, 201, 39, 39]  tape=0.230km B=10.00T unif=0.560% hoop=97MPa
  [1041] INFEAS f=1002.848  a=19.5 b=24.2 gap=17.5 (face=3.0mm) n=[201, 201, 297, 297, 163, 163, 45, 45]  no evaluation (geometry pre-check)
  [1042] OK     f=   0.224  a=18.5 b=25.0 gap=17.5 (face=3.0mm) n=[187, 187, 272, 272, 219, 219, 46, 46]  tape=0.224km B=10.00T unif=0.601% hoop=93MPa
  [1043] OK     f=   0.235  a=18.6 b=25.7 gap=17.5 (face=3.0mm) n=[201, 201, 290, 290, 225, 225, 27, 27]  tape=0.235km B=10.29T unif=0.430% hoop=96MPa
  [1044] OK     f=   0.227  a=18.8 b=24.9 gap=17.5 (face=3.0mm) n=[189, 189, 281, 281, 203, 203, 48, 48]  tape=0.227km B=10.00T unif=0.342% hoop=95MPa
  [a=18 b=25 nt=1446] KSP converged reason: 4, iterations: 1
  [a=19 b=25 nt=1430] KSP converged reason: 4, iterations: 1
  [a=20 b=26 nt=1444] KSP converged reason: 4, iterations: 1
  [a=20 b=26 nt=1414] KSP converged reason: 4, iterations: 1
  [a=19 b=25 nt=1468] KSP converged reason: 4, iterations: 1
  [a=19 b=26 nt=1478] KSP converged reason: 4, iterations: 1
  [a=18 b=25 nt=1440] KSP converged reason: 4, iterations: 1
  [a=19 b=26 nt=1466] KSP converged reason: 4, iterations: 1
  [1045] OK     f=   0.226  a=18.8 b=24.7 gap=17.5 (face=3.0mm) n=[181, 181, 269, 269, 223, 223, 61, 61]  tape=0.226km B=10.08T unif=0.405% hoop=95MPa
  [1046] OK     f=   0.226  a=18.5 b=24.7 gap=17.5 (face=3.0mm) n=[191, 191, 286, 286, 195, 195, 51, 51]  tape=0.226km B=10.03T unif=0.397% hoop=94MPa
  [1047] viol   f=   0.285  a=20.2 b=25.9 gap=17.5 (face=3.0mm) n=[201, 201, 287, 287, 199, 199, 20, 20]  tape=0.230km B=9.83T unif=0.500% hoop=103MPa
  [1048] OK     f=   0.234  a=19.7 b=26.2 gap=17.5 (face=3.0mm) n=[199, 199, 285, 285, 218, 218, 20, 20]  tape=0.234km B=10.03T unif=0.430% hoop=102MPa
  [1049] viol   f=   0.263  a=18.5 b=24.6 gap=17.5 (face=3.0mm) n=[185, 185, 280, 280, 193, 193, 57, 57]  tape=0.224km B=9.86T unif=0.581% hoop=92MPa
  [1050] viol   f=   0.238  a=18.7 b=26.5 gap=17.5 (face=3.0mm) n=[184, 184, 259, 259, 247, 247, 49, 49]  tape=0.232km B=9.95T unif=0.717% hoop=93MPa
  [1051] INFEAS f=1001.033  a=17.8 b=24.7 gap=17.5 (face=3.0mm) n=[183, 183, 280, 280, 210, 210, 52, 52]  no evaluation (geometry pre-check)
  [1052] OK     f=   0.220  a=18.2 b=25.0 gap=17.5 (face=3.0mm) n=[191, 191, 274, 274, 222, 222, 33, 33]  tape=0.220km B=10.08T unif=0.885% hoop=91MPa
  [1053] OK     f=   0.228  a=18.9 b=25.5 gap=17.5 (face=3.0mm) n=[191, 191, 271, 271, 233, 233, 38, 38]  tape=0.228km B=10.11T unif=0.919% hoop=95MPa
  [a=18 b=25 nt=1438] KSP converged reason: 4, iterations: 1
  [a=20 b=25 nt=1394] KSP converged reason: 4, iterations: 1
  [a=18 b=25 nt=1438] KSP converged reason: 4, iterations: 1
  [a=19 b=25 nt=1426] KSP converged reason: 4, iterations: 1
  [a=18 b=25 nt=1446] KSP converged reason: 4, iterations: 1
  [a=18 b=25 nt=1432] KSP converged reason: 4, iterations: 1
  [a=19 b=25 nt=1384] KSP converged reason: 4, iterations: 1
  [a=19 b=25 nt=1432] KSP converged reason: 4, iterations: 1
  [1054] OK     f=   0.222  a=18.5 b=25.3 gap=17.5 (face=3.0mm) n=[193, 193, 278, 278, 221, 221, 24, 24]  tape=0.222km B=10.02T unif=0.658% hoop=93MPa
  [1055] viol   f=  20.341  a=19.2 b=24.9 gap=17.5 (face=3.0mm) n=[196, 196, 276, 276, 215, 215, 26, 26]  tape=0.221km B=10.01T unif=1.317% hoop=97MPa
  [1056] viol   f=   0.221  a=18.4 b=24.6 gap=17.5 (face=3.0mm) n=[191, 191, 277, 277, 212, 212, 39, 39]  tape=0.221km B=9.99T unif=0.531% hoop=93MPa
  [1057] viol   f=   0.223  a=18.2 b=25.1 gap=17.5 (face=3.0mm) n=[186, 186, 269, 269, 218, 218, 50, 50]  tape=0.223km B=9.99T unif=0.781% hoop=91MPa
  [1058] INFEAS f=1006.241  a=17.0 b=24.3 gap=17.5 (face=3.0mm) n=[185, 185, 268, 268, 215, 215, 82, 82]  no evaluation (geometry pre-check)
  [1059] viol   f=   0.231  a=19.5 b=24.5 gap=17.5 (face=3.0mm) n=[202, 202, 297, 297, 195, 195, 3, 3]  tape=0.218km B=9.92T unif=0.742% hoop=100MPa
  [1060] OK     f=   0.223  a=18.2 b=25.0 gap=17.5 (face=3.0mm) n=[189, 189, 278, 278, 213, 213, 39, 39]  tape=0.223km B=10.00T unif=0.594% hoop=92MPa
  [1061] viol   f=   1.113  a=18.8 b=25.2 gap=17.5 (face=3.0mm) n=[199, 199, 282, 282, 209, 209, 2, 2]  tape=0.214km B=9.85T unif=1.065% hoop=95MPa
  [1062] viol   f=   0.235  a=18.9 b=24.8 gap=17.5 (face=3.0mm) n=[190, 190, 288, 288, 198, 198, 40, 40]  tape=0.226km B=9.93T unif=0.646% hoop=96MPa
  [a=19 b=24 nt=1402] KSP converged reason: 4, iterations: 1
  [a=19 b=25 nt=1436] KSP converged reason: 4, iterations: 1
  [a=18 b=25 nt=1452] KSP converged reason: 4, iterations: 1
  [a=19 b=25 nt=1414] KSP converged reason: 4, iterations: 1
  [a=18 b=25 nt=1428] KSP converged reason: 4, iterations: 1
  [a=19 b=25 nt=1438] KSP converged reason: 4, iterations: 1
  [a=18 b=25 nt=1400] KSP converged reason: 4, iterations: 1
  [a=18 b=24 nt=1444] KSP converged reason: 4, iterations: 1
  [1063] OK     f=   0.221  a=18.6 b=25.0 gap=17.5 (face=3.0mm) n=[197, 197, 279, 279, 219, 219, 23, 23]  tape=0.221km B=10.10T unif=0.929% hoop=94MPa
  [1064] OK     f=   0.221  a=18.0 b=24.9 gap=17.5 (face=3.0mm) n=[187, 187, 270, 270, 226, 226, 43, 43]  tape=0.221km B=10.08T unif=0.623% hoop=91MPa
  [1065] viol   f=  34.650  a=18.9 b=24.8 gap=17.5 (face=3.0mm) n=[201, 201, 283, 283, 206, 206, 17, 17]  tape=0.219km B=10.02T unif=1.415% hoop=95MPa
  [1066] OK     f=   0.221  a=18.8 b=25.1 gap=17.5 (face=3.0mm) n=[190, 190, 271, 271, 232, 232, 26, 26]  tape=0.221km B=10.03T unif=0.788% hoop=94MPa
  [1067] viol   f=   0.221  a=18.5 b=24.3 gap=17.5 (face=3.0mm) n=[194, 194, 287, 287, 192, 192, 28, 28]  tape=0.216km B=9.95T unif=0.563% hoop=94MPa
  [1068] viol   f=   0.222  a=18.3 b=24.5 gap=17.5 (face=3.0mm) n=[187, 187, 275, 275, 204, 204, 48, 48]  tape=0.219km B=9.97T unif=0.900% hoop=92MPa
  [1069] viol   f=   0.347  a=18.5 b=24.6 gap=17.5 (face=3.0mm) n=[182, 182, 273, 273, 199, 199, 46, 46]  tape=0.217km B=9.74T unif=0.520% hoop=91MPa
  [1070] OK     f=   0.218  a=18.0 b=24.0 gap=17.5 (face=3.0mm) n=[187, 187, 279, 279, 207, 207, 49, 49]  tape=0.218km B=10.10T unif=0.780% hoop=92MPa
  [1071] INFEAS f=1000.201  a=17.7 b=25.0 gap=17.5 (face=3.0mm) n=[192, 192, 276, 276, 210, 210, 26, 26]  no evaluation (geometry pre-check)
  [a=19 b=25 nt=1438] KSP converged reason: 4, iterations: 1
  [a=19 b=25 nt=1440] KSP converged reason: 4, iterations: 1
  [a=19 b=25 nt=1408] KSP converged reason: 4, iterations: 1
  [a=18 b=24 nt=1428] KSP converged reason: 4, iterations: 1
  [a=19 b=25 nt=1410] KSP converged reason: 4, iterations: 1
  [a=18 b=24 nt=1458] KSP converged reason: 4, iterations: 1
  [a=18 b=24 nt=1432] KSP converged reason: 4, iterations: 1
  [a=19 b=24 nt=1428] KSP converged reason: 4, iterations: 1
  [a=18 b=25 nt=1454] KSP converged reason: 4, iterations: 1
  [1072] OK     f=   0.220  a=17.9 b=24.4 gap=17.5 (face=3.0mm) n=[189, 189, 273, 273, 223, 223, 44, 44]  tape=0.220km B=10.18T unif=0.926% hoop=91MPa
  [1073] viol   f=   0.241  a=19.1 b=24.8 gap=17.5 (face=3.0mm) n=[194, 194, 282, 282, 203, 203, 25, 25]  tape=0.220km B=9.90T unif=0.600% hoop=96MPa
  [1074] viol   f=   0.226  a=19.0 b=24.7 gap=17.5 (face=3.0mm) n=[189, 189, 285, 285, 208, 208, 37, 37]  tape=0.225km B=9.98T unif=0.738% hoop=96MPa
  [1075] OK     f=   0.220  a=18.6 b=24.8 gap=17.5 (face=3.0mm) n=[192, 192, 280, 280, 226, 226, 22, 22]  tape=0.220km B=10.10T unif=0.376% hoop=93MPa
  [1076] viol   f=   0.243  a=19.3 b=24.7 gap=17.5 (face=3.0mm) n=[197, 197, 285, 285, 212, 212, 11, 11]  tape=0.218km B=9.89T unif=0.555% hoop=96MPa
  [1077] viol   f=   1.140  a=18.4 b=24.2 gap=17.5 (face=3.0mm) n=[186, 186, 275, 275, 201, 201, 52, 52]  tape=0.218km B=10.00T unif=1.068% hoop=93MPa
  [1078] OK     f=   0.213  a=17.6 b=24.0 gap=17.5 (face=3.0mm) n=[183, 183, 269, 269, 216, 216, 48, 48]  tape=0.213km B=10.00T unif=0.872% hoop=87MPa
  [1079] viol   f=   0.215  a=18.7 b=24.5 gap=17.5 (face=3.0mm) n=[187, 187, 272, 272, 234, 234, 21, 21]  tape=0.215km B=10.00T unif=0.398% hoop=92MPa
  [1080] viol   f=   0.231  a=18.1 b=25.3 gap=17.5 (face=3.0mm) n=[181, 181, 266, 266, 247, 247, 33, 33]  tape=0.220km B=9.93T unif=0.371% hoop=89MPa
  [a=18 b=24 nt=1426] KSP converged reason: 4, iterations: 1
  [a=18 b=24 nt=1430] KSP converged reason: 4, iterations: 1
  [a=19 b=25 nt=1446] KSP converged reason: 4, iterations: 1
  [a=18 b=24 nt=1458] KSP converged reason: 4, iterations: 1
  [a=18 b=25 nt=1410] KSP converged reason: 4, iterations: 1
  [a=18 b=25 nt=1462] KSP converged reason: 4, iterations: 1
  [a=18 b=25 nt=1420] KSP converged reason: 4, iterations: 1
  [1081] OK     f=   0.212  a=17.9 b=23.8 gap=17.5 (face=3.0mm) n=[186, 186, 274, 274, 221, 221, 34, 34]  tape=0.212km B=10.08T unif=0.813% hoop=89MPa
  [1082] OK     f=   0.219  a=18.0 b=24.6 gap=17.5 (face=3.0mm) n=[183, 183, 264, 264, 239, 239, 45, 45]  tape=0.219km B=10.06T unif=0.790% hoop=90MPa
  [1083] OK     f=   0.222  a=18.6 b=25.1 gap=17.5 (face=3.0mm) n=[194, 194, 278, 278, 227, 227, 24, 24]  tape=0.222km B=10.10T unif=0.436% hoop=94MPa
  [1084] OK     f=   0.217  a=17.6 b=24.1 gap=17.5 (face=3.0mm) n=[179, 179, 266, 266, 224, 224, 60, 60]  tape=0.217km B=10.14T unif=0.373% hoop=90MPa
  [1085] viol   f=   0.217  a=18.3 b=24.0 gap=17.5 (face=3.0mm) n=[185, 185, 275, 275, 217, 217, 36, 36]  tape=0.214km B=9.97T unif=0.678% hoop=91MPa
  [1086] viol   f=   0.305  a=18.1 b=24.6 gap=17.5 (face=3.0mm) n=[186, 186, 266, 266, 230, 230, 23, 23]  tape=0.211km B=9.91T unif=1.020% hoop=90MPa
  [1087] INFEAS f=1000.399  a=17.5 b=23.6 gap=17.6 (face=3.1mm) n=[184, 184, 270, 270, 193, 193, 56, 56]  no evaluation (geometry pre-check)
  [1088] INFEAS f=1000.523  a=17.4 b=23.6 gap=17.5 (face=3.0mm) n=[186, 186, 269, 269, 218, 218, 36, 36]  no evaluation (geometry pre-check)
  [1089] OK     f=   0.210  a=17.9 b=24.6 gap=17.5 (face=3.0mm) n=[190, 190, 269, 269, 236, 236, 15, 15]  tape=0.210km B=10.03T unif=0.930% hoop=90MPa
  [a=18 b=24 nt=1440] KSP converged reason: 4, iterations: 1
  [a=17 b=24 nt=1458] KSP converged reason: 4, iterations: 1
  [a=18 b=24 nt=1394] KSP converged reason: 4, iterations: 1
  [a=18 b=25 nt=1422] KSP converged reason: 4, iterations: 1
  [a=18 b=25 nt=1416] KSP converged reason: 4, iterations: 1
  [a=18 b=25 nt=1464] KSP converged reason: 4, iterations: 1
  [1090] INFEAS f=1000.000  a=17.5 b=23.8 gap=17.5 (face=3.0mm) n=[184, 184, 266, 266, 233, 233, 36, 36]  no evaluation (geometry pre-check)
  [1091] viol   f=   3.370  a=17.7 b=23.5 gap=17.5 (face=3.0mm) n=[183, 183, 264, 264, 237, 237, 13, 13]  tape=0.199km B=9.88T unif=1.125% hoop=86MPa
  [1092] INFEAS f=1000.009  a=17.8 b=23.7 gap=17.5 (face=3.0mm) n=[189, 189, 275, 275, 215, 215, 30, 30]  no evaluation (geometry pre-check)
  [1093] viol   f=  28.840  a=18.3 b=24.6 gap=17.5 (face=3.0mm) n=[191, 191, 269, 269, 234, 234, 14, 14]  tape=0.211km B=10.02T unif=1.378% hoop=91MPa
  [1094] OK     f=   0.224  a=18.5 b=25.1 gap=17.5 (face=3.0mm) n=[187, 187, 270, 270, 239, 239, 36, 36]  tape=0.224km B=10.09T unif=0.293% hoop=92MPa
  [1095] viol   f=   0.212  a=17.3 b=24.2 gap=17.5 (face=3.0mm) n=[174, 174, 253, 253, 247, 247, 55, 55]  tape=0.211km B=9.98T unif=0.802% hoop=84MPa
  [1096] OK     f=   0.216  a=18.1 b=24.3 gap=17.5 (face=3.0mm) n=[189, 189, 279, 279, 224, 224, 28, 28]  tape=0.216km B=10.11T unif=0.480% hoop=91MPa
  [1097] OK     f=   0.212  a=18.1 b=24.6 gap=17.5 (face=3.0mm) n=[188, 188, 275, 275, 237, 237, 11, 11]  tape=0.212km B=10.01T unif=0.371% hoop=90MPa
  [1098] INFEAS f=1002.747  a=16.9 b=23.3 gap=17.5 (face=3.0mm) n=[182, 182, 261, 261, 232, 232, 48, 48]  no evaluation (geometry pre-check)
  [a=18 b=25 nt=1440] KSP converged reason: 4, iterations: 1
  [a=18 b=25 nt=1468] KSP converged reason: 4, iterations: 1
  [a=18 b=25 nt=1414] KSP converged reason: 4, iterations: 1
  [a=18 b=25 nt=1426] KSP converged reason: 4, iterations: 1
  [a=17 b=24 nt=1440] KSP converged reason: 4, iterations: 1
  [a=18 b=25 nt=1476] KSP converged reason: 4, iterations: 1
  [a=18 b=25 nt=1424] KSP converged reason: 4, iterations: 1
  [1099] viol   f=   0.221  a=18.1 b=25.0 gap=17.5 (face=3.0mm) n=[180, 180, 266, 266, 254, 254, 34, 34]  tape=0.220km B=9.97T unif=0.471% hoop=89MPa
  [1100] viol   f=   0.233  a=18.3 b=25.0 gap=17.5 (face=3.0mm) n=[190, 190, 269, 269, 249, 249, 5, 5]  tape=0.212km B=9.90T unif=0.661% hoop=90MPa
  [1101] viol   f=   0.226  a=18.0 b=24.6 gap=17.5 (face=3.0mm) n=[186, 186, 278, 278, 220, 220, 36, 36]  tape=0.219km B=9.94T unif=0.402% hoop=89MPa
  [1102] INFEAS f=1001.014  a=17.6 b=23.6 gap=17.5 (face=3.0mm) n=[181, 181, 275, 275, 220, 220, 39, 39]  no evaluation (geometry pre-check)
  [1103] INFEAS f=1000.949  a=17.6 b=23.9 gap=17.5 (face=3.0mm) n=[193, 193, 276, 276, 208, 208, 36, 36]  no evaluation (geometry pre-check)
  [1104] OK     f=   0.218  a=17.8 b=24.9 gap=17.5 (face=3.0mm) n=[180, 180, 263, 263, 260, 260, 35, 35]  tape=0.218km B=10.00T unif=0.324% hoop=87MPa
  [1105] viol   f=  92.705  a=17.1 b=24.3 gap=17.5 (face=3.0mm) n=[175, 175, 249, 249, 243, 243, 53, 53]  tape=0.208km B=10.01T unif=1.680% hoop=84MPa
  [1106] viol   f=   0.297  a=17.8 b=24.8 gap=17.5 (face=3.0mm) n=[179, 179, 260, 260, 249, 249, 19, 19]  tape=0.208km B=9.79T unif=0.502% hoop=86MPa
  [1107] viol   f=   0.221  a=18.2 b=25.0 gap=17.5 (face=3.0mm) n=[191, 191, 271, 271, 246, 246, 4, 4]  tape=0.212km B=9.93T unif=0.374% hoop=90MPa
  [a=19 b=26 nt=1488] KSP converged reason: 4, iterations: 1
  [a=18 b=24 nt=1458] KSP converged reason: 4, iterations: 1
  [a=18 b=25 nt=1464] KSP converged reason: 4, iterations: 1
  [a=19 b=26 nt=1480] KSP converged reason: 4, iterations: 1
  [a=19 b=24 nt=1422] KSP converged reason: 4, iterations: 1
  [a=19 b=26 nt=1454] KSP converged reason: 4, iterations: 1
  [a=18 b=25 nt=1458] KSP converged reason: 4, iterations: 1
  [1108] OK     f=   0.214  a=18.5 b=24.5 gap=17.5 (face=3.0mm) n=[190, 190, 276, 276, 228, 228, 17, 17]  tape=0.214km B=10.04T unif=0.547% hoop=94MPa
  [1109] INFEAS f=1000.313  a=16.9 b=23.9 gap=17.5 (face=3.0mm) n=[173, 173, 254, 254, 242, 242, 65, 65]  no evaluation (geometry pre-check)
  [1110] INFEAS f=1000.025  a=17.4 b=24.5 gap=17.5 (face=3.0mm) n=[179, 179, 264, 264, 252, 252, 47, 47]  no evaluation (geometry pre-check)
  [1111] OK     f=   0.216  a=17.7 b=24.3 gap=17.5 (face=3.0mm) n=[181, 181, 267, 267, 233, 233, 48, 48]  tape=0.216km B=10.05T unif=0.560% hoop=88MPa
  [1112] OK     f=   0.213  a=17.8 b=24.6 gap=17.5 (face=3.0mm) n=[184, 184, 264, 264, 262, 262, 22, 22]  tape=0.213km B=10.03T unif=0.401% hoop=88MPa
  [1113] OK     f=   0.225  a=18.6 b=25.6 gap=17.5 (face=3.0mm) n=[192, 192, 280, 280, 242, 242, 13, 13]  tape=0.225km B=10.07T unif=0.420% hoop=93MPa
  [1114] OK     f=   0.229  a=18.9 b=25.7 gap=17.5 (face=3.0mm) n=[193, 193, 275, 275, 250, 250, 22, 22]  tape=0.229km B=10.13T unif=0.238% hoop=94MPa
  [1115] OK     f=   0.226  a=19.2 b=25.6 gap=17.5 (face=3.0mm) n=[194, 194, 272, 272, 269, 269, 9, 9]  tape=0.226km B=10.05T unif=0.281% hoop=95MPa
  [1116] viol   f=   0.227  a=17.6 b=24.6 gap=17.5 (face=3.0mm) n=[178, 178, 261, 261, 251, 251, 39, 39]  tape=0.215km B=9.92T unif=0.413% hoop=86MPa
  [a=19 b=25 nt=1444] KSP converged reason: 4, iterations: 1
  [a=19 b=24 nt=1422] KSP converged reason: 4, iterations: 1
  [a=19 b=25 nt=1468] KSP converged reason: 4, iterations: 1
  [a=19 b=25 nt=1470] KSP converged reason: 4, iterations: 1
  [a=19 b=25 nt=1452] KSP converged reason: 4, iterations: 1
  [a=18 b=25 nt=1456] KSP converged reason: 4, iterations: 1
  [a=18 b=25 nt=1446] KSP converged reason: 4, iterations: 1
  [1117] INFEAS f=1000.005  a=17.7 b=24.3 gap=17.5 (face=3.0mm) n=[184, 184, 272, 272, 249, 249, 14, 14]  no evaluation (geometry pre-check)
  [1118] OK     f=   0.222  a=18.7 b=25.1 gap=17.5 (face=3.0mm) n=[191, 191, 278, 278, 241, 241, 16, 16]  tape=0.222km B=10.05T unif=0.458% hoop=92MPa
  [1119] viol   f=   2.501  a=18.9 b=24.9 gap=17.5 (face=3.0mm) n=[195, 195, 276, 276, 220, 220, 31, 31]  tape=0.223km B=10.10T unif=1.107% hoop=95MPa
  [1120] OK     f=   0.223  a=18.7 b=25.1 gap=17.5 (face=3.0mm) n=[194, 194, 281, 281, 249, 249, 11, 11]  tape=0.223km B=10.22T unif=0.454% hoop=94MPa
  [1121] OK     f=   0.215  a=18.5 b=24.4 gap=17.5 (face=3.0mm) n=[195, 195, 280, 280, 218, 218, 18, 18]  tape=0.215km B=10.09T unif=0.640% hoop=93MPa
  [1122] viol   f=   0.213  a=17.9 b=24.7 gap=17.5 (face=3.0mm) n=[183, 183, 263, 263, 259, 259, 23, 23]  tape=0.213km B=10.00T unif=0.360% hoop=87MPa
  [1123] OK     f=   0.222  a=18.5 b=25.3 gap=17.5 (face=3.0mm) n=[192, 192, 274, 274, 254, 254, 14, 14]  tape=0.222km B=10.07T unif=0.352% hoop=92MPa
  [1124] viol   f=   0.225  a=18.0 b=24.8 gap=17.5 (face=3.0mm) n=[181, 181, 263, 263, 249, 249, 30, 30]  tape=0.215km B=9.93T unif=0.290% hoop=88MPa
  [1125] INFEAS f=1000.002  a=17.8 b=25.0 gap=17.5 (face=3.0mm) n=[189, 189, 274, 274, 253, 253, 8, 8]  no evaluation (geometry pre-check)
  [a=18 b=24 nt=1442] KSP converged reason: 4, iterations: 1
  [a=18 b=24 nt=1462] KSP converged reason: 4, iterations: 1
  [a=18 b=25 nt=1482] KSP converged reason: 4, iterations: 1
  [a=18 b=24 nt=1462] KSP converged reason: 4, iterations: 1
  [a=18 b=25 nt=1474] KSP converged reason: 4, iterations: 1
  [a=18 b=25 nt=1446] KSP converged reason: 4, iterations: 1
  [a=18 b=25 nt=1472] KSP converged reason: 4, iterations: 1
  [a=18 b=25 nt=1434] KSP converged reason: 4, iterations: 1
  [a=18 b=25 nt=1458] KSP converged reason: 4, iterations: 1
  [1126] OK     f=   0.217  a=17.6 b=24.8 gap=17.5 (face=3.0mm) n=[186, 186, 264, 264, 258, 258, 33, 33]  tape=0.217km B=10.14T unif=0.486% hoop=88MPa
  [1127] OK     f=   0.217  a=18.2 b=24.7 gap=17.5 (face=3.0mm) n=[187, 187, 271, 271, 236, 236, 29, 29]  tape=0.217km B=10.09T unif=0.452% hoop=91MPa
  [1128] viol   f=   0.217  a=18.1 b=24.5 gap=17.5 (face=3.0mm) n=[184, 184, 262, 262, 267, 267, 18, 18]  tape=0.213km B=9.96T unif=0.497% hoop=89MPa
  [1129] OK     f=   0.217  a=18.2 b=24.2 gap=17.5 (face=3.0mm) n=[185, 185, 268, 268, 243, 243, 35, 35]  tape=0.217km B=10.09T unif=0.683% hoop=91MPa
  [1130] OK     f=   0.223  a=18.2 b=25.0 gap=17.5 (face=3.0mm) n=[187, 187, 271, 271, 248, 248, 31, 31]  tape=0.223km B=10.16T unif=0.246% hoop=92MPa
  [1131] viol   f=   0.324  a=18.0 b=24.5 gap=17.5 (face=3.0mm) n=[193, 193, 271, 271, 250, 250, 7, 7]  tape=0.211km B=10.14T unif=1.024% hoop=89MPa
  [1132] OK     f=   0.218  a=17.8 b=24.6 gap=17.5 (face=3.0mm) n=[187, 187, 267, 267, 244, 244, 38, 38]  tape=0.218km B=10.19T unif=0.907% hoop=89MPa
  [1133] viol   f=   0.227  a=18.3 b=25.2 gap=17.5 (face=3.0mm) n=[189, 189, 271, 271, 256, 256, 1, 1]  tape=0.214km B=9.92T unif=0.335% hoop=90MPa
  [1134] OK     f=   0.218  a=18.2 b=25.0 gap=17.5 (face=3.0mm) n=[195, 195, 274, 274, 247, 247, 13, 13]  tape=0.218km B=10.21T unif=0.815% hoop=92MPa
  [a=18 b=25 nt=1446] KSP converged reason: 4, iterations: 1
  [a=19 b=25 nt=1466] KSP converged reason: 4, iterations: 1
  [a=18 b=25 nt=1492] KSP converged reason: 4, iterations: 1
  [a=19 b=25 nt=1476] KSP converged reason: 4, iterations: 1
  [a=18 b=24 nt=1462] KSP converged reason: 4, iterations: 1
  [a=18 b=25 nt=1436] KSP converged reason: 4, iterations: 1
  [a=18 b=25 nt=1472] KSP converged reason: 4, iterations: 1
  [a=18 b=25 nt=1496] KSP converged reason: 4, iterations: 1
  [1135] OK     f=   0.223  a=18.9 b=24.7 gap=17.5 (face=3.0mm) n=[187, 187, 269, 269, 250, 250, 32, 32]  tape=0.223km B=10.14T unif=0.544% hoop=95MPa
  [1136] OK     f=   0.219  a=18.2 b=24.7 gap=17.5 (face=3.0mm) n=[190, 190, 275, 275, 230, 230, 28, 28]  tape=0.219km B=10.12T unif=0.478% hoop=92MPa
  [1137] viol   f=   0.222  a=18.4 b=24.5 gap=17.5 (face=3.0mm) n=[182, 182, 264, 264, 250, 250, 22, 22]  tape=0.212km B=9.93T unif=0.302% hoop=90MPa
  [1138] OK     f=   0.221  a=18.6 b=24.7 gap=17.5 (face=3.0mm) n=[191, 191, 276, 276, 246, 246, 20, 20]  tape=0.221km B=10.19T unif=0.403% hoop=94MPa
  [1139] INFEAS f=1000.064  a=17.8 b=24.3 gap=17.5 (face=3.0mm) n=[171, 171, 250, 250, 275, 275, 47, 47]  no evaluation (geometry pre-check)
  [1140] OK     f=   0.220  a=18.1 b=24.6 gap=17.5 (face=3.0mm) n=[180, 180, 262, 262, 266, 266, 38, 38]  tape=0.220km B=10.02T unif=0.464% hoop=89MPa
  [1141] viol   f=   0.244  a=17.9 b=24.3 gap=17.5 (face=3.0mm) n=[177, 177, 258, 258, 263, 263, 33, 33]  tape=0.213km B=9.88T unif=0.319% hoop=87MPa
  [1142] OK     f=   0.220  a=18.0 b=24.9 gap=17.5 (face=3.0mm) n=[186, 186, 273, 273, 255, 255, 22, 22]  tape=0.220km B=10.11T unif=0.422% hoop=91MPa
  [1143] OK     f=   0.226  a=18.2 b=25.3 gap=17.5 (face=3.0mm) n=[186, 186, 261, 261, 273, 273, 28, 28]  tape=0.226km B=10.06T unif=0.488% hoop=91MPa
  [a=18 b=24 nt=1472] KSP converged reason: 4, iterations: 1
  [a=18 b=25 nt=1454] KSP converged reason: 4, iterations: 1
  [a=18 b=24 nt=1476] KSP converged reason: 4, iterations: 1
  [a=18 b=24 nt=1468] KSP converged reason: 4, iterations: 1
  [a=18 b=25 nt=1488] KSP converged reason: 4, iterations: 1
  [a=18 b=25 nt=1458] KSP converged reason: 4, iterations: 1
  [a=19 b=25 nt=1470] KSP converged reason: 4, iterations: 1
  [a=18 b=26 nt=1502] KSP converged reason: 4, iterations: 1
  [a=18 b=25 nt=1434] KSP converged reason: 4, iterations: 1
  [1144] viol   f=   0.218  a=17.6 b=24.5 gap=17.5 (face=3.0mm) n=[178, 178, 263, 263, 246, 246, 49, 49]  tape=0.217km B=9.99T unif=0.419% hoop=87MPa
  [1145] OK     f=   0.218  a=18.1 b=24.6 gap=17.5 (face=3.0mm) n=[182, 182, 270, 270, 238, 238, 37, 37]  tape=0.218km B=10.10T unif=0.463% hoop=91MPa
  [1146] OK     f=   0.217  a=17.6 b=24.0 gap=17.5 (face=3.0mm) n=[177, 177, 260, 260, 237, 237, 64, 64]  tape=0.217km B=10.13T unif=0.564% hoop=87MPa
  [1147] OK     f=   0.218  a=18.1 b=24.2 gap=17.5 (face=3.0mm) n=[183, 183, 268, 268, 240, 240, 43, 43]  tape=0.218km B=10.10T unif=0.430% hoop=90MPa
  [1148] OK     f=   0.227  a=18.0 b=24.7 gap=17.5 (face=3.0mm) n=[189, 189, 277, 277, 225, 225, 53, 53]  tape=0.227km B=10.29T unif=0.553% hoop=92MPa
  [1149] OK     f=   0.215  a=18.1 b=24.6 gap=17.5 (face=3.0mm) n=[186, 186, 268, 268, 255, 255, 20, 20]  tape=0.215km B=10.06T unif=0.344% hoop=89MPa
  [1150] OK     f=   0.225  a=18.6 b=24.9 gap=17.5 (face=3.0mm) n=[186, 186, 278, 278, 240, 240, 31, 31]  tape=0.225km B=10.06T unif=0.928% hoop=92MPa
  [1151] OK     f=   0.230  a=18.3 b=25.6 gap=17.5 (face=3.0mm) n=[186, 186, 271, 271, 255, 255, 39, 39]  tape=0.230km B=10.17T unif=0.320% hoop=92MPa
  [1152] viol   f=   0.239  a=18.0 b=25.0 gap=17.5 (face=3.0mm) n=[186, 186, 266, 266, 253, 253, 12, 12]  tape=0.212km B=9.88T unif=0.317% hoop=88MPa
  [a=18 b=24 nt=1478] KSP converged reason: 4, iterations: 1
  [a=18 b=24 nt=1474] KSP converged reason: 4, iterations: 1
  [a=18 b=24 nt=1504] KSP converged reason: 4, iterations: 1
  [a=17 b=24 nt=1486] KSP converged reason: 4, iterations: 1
  [a=18 b=25 nt=1470] KSP converged reason: 4, iterations: 1
  [a=18 b=24 nt=1454] KSP converged reason: 4, iterations: 1
  [a=18 b=24 nt=1476] KSP converged reason: 4, iterations: 1
  [a=18 b=25 nt=1476] KSP converged reason: 4, iterations: 1
  [a=17 b=24 nt=1452] KSP converged reason: 4, iterations: 1
  [1153] OK     f=   0.218  a=17.9 b=24.1 gap=17.5 (face=3.0mm) n=[182, 182, 266, 266, 241, 241, 50, 50]  tape=0.218km B=10.13T unif=0.581% hoop=90MPa
  [1154] OK     f=   0.222  a=18.0 b=24.3 gap=17.5 (face=3.0mm) n=[185, 185, 265, 265, 246, 246, 56, 56]  tape=0.222km B=10.26T unif=0.895% hoop=90MPa
  [1155] OK     f=   0.216  a=17.3 b=24.2 gap=17.5 (face=3.0mm) n=[179, 179, 260, 260, 246, 246, 58, 58]  tape=0.216km B=10.12T unif=0.803% hoop=86MPa
  [1156] viol   f=   0.212  a=18.0 b=24.0 gap=17.5 (face=3.0mm) n=[182, 182, 263, 263, 252, 252, 30, 30]  tape=0.211km B=9.98T unif=0.576% hoop=87MPa
  [1157] OK     f=   0.216  a=17.5 b=24.3 gap=17.5 (face=3.0mm) n=[177, 177, 263, 263, 248, 248, 49, 49]  tape=0.216km B=10.01T unif=0.432% hoop=86MPa
  [1158] OK     f=   0.217  a=17.7 b=24.6 gap=17.5 (face=3.0mm) n=[181, 181, 261, 261, 249, 249, 44, 44]  tape=0.217km B=10.05T unif=0.636% hoop=88MPa
  [1159] viol   f=   0.220  a=17.8 b=24.5 gap=17.5 (face=3.0mm) n=[176, 176, 257, 257, 251, 251, 54, 54]  tape=0.217km B=9.96T unif=0.446% hoop=86MPa
  [1160] viol   f=   0.214  a=17.4 b=24.2 gap=17.5 (face=3.0mm) n=[178, 178, 260, 260, 245, 245, 43, 43]  tape=0.212km B=9.97T unif=0.586% hoop=85MPa
  [1161] viol   f=   0.220  a=18.0 b=24.6 gap=17.5 (face=3.0mm) n=[182, 182, 259, 259, 271, 271, 26, 26]  tape=0.218km B=9.97T unif=0.542% hoop=90MPa
  [a=18 b=24 nt=1458] KSP converged reason: 4, iterations: 1
  [a=18 b=24 nt=1460] KSP converged reason: 4, iterations: 1
  [a=18 b=23 nt=1466] KSP converged reason: 4, iterations: 1
  [a=18 b=24 nt=1464] KSP converged reason: 4, iterations: 1
  [a=18 b=24 nt=1460] KSP converged reason: 4, iterations: 1
  [a=18 b=24 nt=1458] KSP converged reason: 4, iterations: 1
  [a=18 b=24 nt=1452] KSP converged reason: 4, iterations: 1
  [a=18 b=24 nt=1448] KSP converged reason: 4, iterations: 1
  [a=18 b=25 nt=1464] KSP converged reason: 4, iterations: 1
  [1162] OK     f=   0.215  a=17.8 b=23.7 gap=17.5 (face=3.0mm) n=[185, 185, 269, 269, 224, 224, 51, 51]  tape=0.215km B=10.12T unif=0.948% hoop=89MPa
  [1163] OK     f=   0.210  a=17.7 b=24.2 gap=17.5 (face=3.0mm) n=[182, 182, 259, 259, 259, 259, 30, 30]  tape=0.210km B=10.03T unif=0.914% hoop=86MPa
  [1164] viol   f=   0.227  a=17.6 b=24.2 gap=17.5 (face=3.0mm) n=[176, 176, 259, 259, 256, 256, 41, 41]  tape=0.212km B=9.91T unif=0.405% hoop=86MPa
  [1165] viol   f=   7.965  a=17.6 b=23.5 gap=17.5 (face=3.0mm) n=[176, 176, 253, 253, 251, 251, 53, 53]  tape=0.208km B=10.05T unif=1.197% hoop=86MPa
  [1166] viol   f=   0.221  a=17.7 b=24.4 gap=17.5 (face=3.0mm) n=[178, 178, 258, 258, 255, 255, 38, 38]  tape=0.212km B=9.93T unif=0.770% hoop=85MPa
  [1167] viol   f=   0.214  a=17.9 b=24.1 gap=17.5 (face=3.0mm) n=[179, 179, 267, 267, 252, 252, 32, 32]  tape=0.213km B=9.97T unif=0.576% hoop=88MPa
  [1168] viol   f=   0.213  a=17.7 b=24.2 gap=17.5 (face=3.0mm) n=[180, 180, 263, 263, 246, 246, 37, 37]  tape=0.212km B=9.99T unif=0.574% hoop=86MPa
  [1169] viol   f=   0.208  a=17.6 b=23.7 gap=17.5 (face=3.0mm) n=[178, 178, 260, 260, 246, 246, 40, 40]  tape=0.208km B=9.98T unif=0.817% hoop=85MPa
  [1170] viol   f=   0.228  a=18.1 b=24.7 gap=17.5 (face=3.0mm) n=[179, 179, 261, 261, 259, 259, 33, 33]  tape=0.216km B=9.92T unif=0.283% hoop=88MPa
  [a=17 b=23 nt=1468] KSP converged reason: 4, iterations: 1
  [a=18 b=23 nt=1432] KSP converged reason: 4, iterations: 1
  [a=18 b=24 nt=1442] KSP converged reason: 4, iterations: 1
  [a=17 b=24 nt=1464] KSP converged reason: 4, iterations: 1
  [a=18 b=24 nt=1456] KSP converged reason: 4, iterations: 1
  [a=17 b=24 nt=1442] KSP converged reason: 4, iterations: 1
  [a=18 b=24 nt=1466] KSP converged reason: 4, iterations: 1
  [a=18 b=24 nt=1426] KSP converged reason: 4, iterations: 1
  [1171] INFEAS f=1000.076  a=17.3 b=23.9 gap=17.5 (face=3.0mm) n=[181, 181, 262, 262, 259, 259, 35, 35]  no evaluation (geometry pre-check)
  [1172] viol   f=  14.364  a=17.5 b=23.4 gap=17.5 (face=3.0mm) n=[179, 179, 260, 260, 241, 241, 36, 36]  tape=0.204km B=9.94T unif=1.266% hoop=84MPa
  [1173] OK     f=   0.212  a=18.0 b=24.1 gap=17.5 (face=3.0mm) n=[182, 182, 263, 263, 250, 250, 33, 33]  tape=0.212km B=10.03T unif=0.633% hoop=88MPa
  [1174] OK     f=   0.211  a=17.4 b=23.4 gap=17.5 (face=3.1mm) n=[178, 178, 262, 262, 240, 240, 54, 54]  tape=0.211km B=10.09T unif=0.936% hoop=85MPa
  [1175] viol   f=  30.108  a=18.1 b=23.7 gap=17.5 (face=3.0mm) n=[184, 184, 263, 263, 238, 238, 36, 36]  tape=0.210km B=10.08T unif=1.387% hoop=89MPa
  [1176] viol   f=   0.208  a=17.2 b=23.7 gap=17.5 (face=3.0mm) n=[175, 175, 254, 254, 254, 254, 49, 49]  tape=0.207km B=9.99T unif=0.803% hoop=84MPa
  [1177] viol   f=   0.216  a=17.4 b=23.8 gap=17.5 (face=3.0mm) n=[177, 177, 259, 259, 246, 246, 39, 39]  tape=0.207km B=9.93T unif=0.703% hoop=84MPa
  [1178] OK     f=   0.212  a=17.6 b=23.9 gap=17.5 (face=3.0mm) n=[179, 179, 262, 262, 247, 247, 45, 45]  tape=0.212km B=10.04T unif=0.627% hoop=87MPa
  [1179] viol   f=   0.293  a=17.7 b=23.6 gap=17.5 (face=3.0mm) n=[178, 178, 255, 255, 266, 266, 14, 14]  tape=0.203km B=9.79T unif=0.720% hoop=86MPa
  [a=18 b=24 nt=1460] KSP converged reason: 4, iterations: 1
  [a=17 b=24 nt=1464] KSP converged reason: 4, iterations: 1
  [a=18 b=24 nt=1462] KSP converged reason: 4, iterations: 1
  [a=18 b=23 nt=1472] KSP converged reason: 4, iterations: 1
  [a=17 b=24 nt=1454] KSP converged reason: 4, iterations: 1
  [a=17 b=23 nt=1462] KSP converged reason: 4, iterations: 1
  [1180] OK     f=   0.212  a=17.6 b=23.9 gap=17.5 (face=3.0mm) n=[181, 181, 265, 265, 247, 247, 38, 38]  tape=0.212km B=10.07T unif=0.624% hoop=86MPa
  [1181] INFEAS f=1000.023  a=17.3 b=23.4 gap=17.5 (face=3.0mm) n=[179, 179, 261, 261, 239, 239, 49, 49]  no evaluation (geometry pre-check)
  [1182] INFEAS f=1005.188  a=17.1 b=23.6 gap=17.5 (face=3.0mm) n=[172, 172, 253, 253, 270, 270, 39, 39]  no evaluation (geometry pre-check)
  [1183] viol   f=   0.211  a=17.3 b=24.0 gap=17.5 (face=3.0mm) n=[177, 177, 256, 256, 250, 250, 44, 44]  tape=0.209km B=9.97T unif=0.865% hoop=85MPa
  [1184] viol   f=   0.212  a=17.5 b=23.4 gap=17.5 (face=3.0mm) n=[174, 174, 260, 260, 245, 245, 57, 57]  tape=0.211km B=9.98T unif=0.653% hoop=84MPa
  [1185] viol   f=   0.211  a=17.5 b=23.9 gap=17.5 (face=3.0mm) n=[178, 178, 260, 260, 253, 253, 39, 39]  tape=0.210km B=9.98T unif=0.713% hoop=85MPa
  [1186] INFEAS f=1000.000  a=17.1 b=23.4 gap=17.5 (face=3.1mm) n=[178, 178, 257, 257, 253, 253, 38, 38]  no evaluation (geometry pre-check)
  [1187] viol   f=   0.226  a=17.5 b=24.1 gap=17.5 (face=3.0mm) n=[176, 176, 254, 254, 261, 261, 41, 41]  tape=0.211km B=9.92T unif=0.593% hoop=85MPa
  [1188] OK     f=   0.205  a=16.9 b=23.2 gap=17.5 (face=3.1mm) n=[171, 171, 250, 250, 243, 243, 67, 67]  tape=0.205km B=10.22T unif=0.981% hoop=85MPa
  [a=17 b=24 nt=1472] KSP converged reason: 4, iterations: 1
  [a=17 b=24 nt=1472] KSP converged reason: 4, iterations: 1
  [a=17 b=24 nt=1454] KSP converged reason: 4, iterations: 1
  [a=17 b=24 nt=1438] KSP converged reason: 4, iterations: 1
  [a=18 b=24 nt=1456] KSP converged reason: 4, iterations: 1
  [a=17 b=23 nt=1444] KSP converged reason: 4, iterations: 1
  [1189] viol   f=   4.761  a=17.2 b=23.6 gap=17.5 (face=3.0mm) n=[174, 174, 252, 252, 253, 253, 48, 48]  tape=0.206km B=9.93T unif=1.151% hoop=83MPa
  [1190] viol   f=   1.545  a=17.7 b=23.9 gap=17.5 (face=3.0mm) n=[178, 178, 257, 257, 243, 243, 50, 50]  tape=0.211km B=10.01T unif=1.082% hoop=86MPa
  [1191] viol   f=   0.233  a=17.1 b=23.6 gap=17.5 (face=3.0mm) n=[174, 174, 254, 254, 241, 241, 50, 50]  tape=0.205km B=9.88T unif=0.973% hoop=82MPa
  [1192] INFEAS f=1000.378  a=17.0 b=23.3 gap=17.5 (face=3.1mm) n=[170, 170, 248, 248, 258, 258, 50, 50]  no evaluation (geometry pre-check)
  [1193] INFEAS f=1000.001  a=17.0 b=23.0 gap=17.5 (face=3.0mm) n=[175, 175, 250, 250, 253, 253, 53, 53]  no evaluation (geometry pre-check)
  [1194] INFEAS f=1000.165  a=16.9 b=23.5 gap=17.5 (face=3.1mm) n=[171, 171, 253, 253, 228, 228, 66, 66]  no evaluation (geometry pre-check)
  [1195] viol   f=  18.659  a=17.0 b=23.1 gap=17.5 (face=3.0mm) n=[173, 173, 250, 250, 251, 251, 48, 48]  tape=0.201km B=9.93T unif=1.304% hoop=82MPa
  [1196] viol   f=  66.610  a=17.2 b=23.6 gap=17.5 (face=3.0mm) n=[179, 179, 257, 257, 251, 251, 49, 49]  tape=0.209km B=10.12T unif=1.576% hoop=84MPa
  [1197] viol   f=   0.211  a=17.4 b=23.6 gap=17.5 (face=3.0mm) n=[174, 174, 257, 257, 249, 249, 56, 56]  tape=0.210km B=9.98T unif=0.647% hoop=84MPa
  [a=18 b=24 nt=1440] KSP converged reason: 4, iterations: 1
  [a=17 b=23 nt=1484] KSP converged reason: 4, iterations: 1
  [a=18 b=24 nt=1440] KSP converged reason: 4, iterations: 1
  [a=17 b=23 nt=1446] KSP converged reason: 4, iterations: 1
  [a=17 b=24 nt=1448] KSP converged reason: 4, iterations: 1
  [a=18 b=24 nt=1456] KSP converged reason: 4, iterations: 1
  [a=17 b=23 nt=1462] KSP converged reason: 4, iterations: 1
  [a=18 b=24 nt=1462] KSP converged reason: 4, iterations: 1
  [1198] OK     f=   0.217  a=18.2 b=23.9 gap=17.5 (face=3.0mm) n=[186, 186, 277, 277, 214, 214, 43, 43]  tape=0.217km B=10.06T unif=0.556% hoop=92MPa
  [1199] OK     f=   0.213  a=17.5 b=23.4 gap=17.5 (face=3.0mm) n=[172, 172, 256, 256, 239, 239, 75, 75]  tape=0.213km B=10.25T unif=0.480% hoop=88MPa
  [1200] INFEAS f=1000.488  a=17.0 b=23.6 gap=17.5 (face=3.1mm) n=[170, 170, 247, 247, 257, 257, 48, 48]  no evaluation (geometry pre-check)
  [1201] viol   f=   0.213  a=17.7 b=24.1 gap=17.5 (face=3.0mm) n=[180, 180, 266, 266, 234, 234, 40, 40]  tape=0.212km B=9.98T unif=0.489% hoop=88MPa
  [1202] viol   f=   1.510  a=17.4 b=23.4 gap=17.5 (face=3.0mm) n=[174, 174, 256, 256, 235, 235, 58, 58]  tape=0.207km B=9.90T unif=1.080% hoop=83MPa
  [1203] OK     f=   0.209  a=17.5 b=23.9 gap=17.5 (face=3.0mm) n=[180, 180, 261, 261, 255, 255, 32, 32]  tape=0.209km B=10.02T unif=0.982% hoop=85MPa
  [1204] viol   f=   0.345  a=17.3 b=23.7 gap=17.5 (face=3.0mm) n=[175, 175, 256, 256, 231, 231, 62, 62]  tape=0.209km B=10.01T unif=1.026% hoop=85MPa
  [1205] viol   f=   0.223  a=17.0 b=23.4 gap=17.5 (face=3.1mm) n=[170, 170, 251, 251, 252, 252, 58, 58]  tape=0.205km B=9.91T unif=0.739% hoop=83MPa
  [1206] viol   f=   0.225  a=17.6 b=24.0 gap=17.5 (face=3.0mm) n=[176, 176, 255, 255, 257, 257, 43, 43]  tape=0.210km B=9.91T unif=0.618% hoop=84MPa
  [a=18 b=24 nt=1468] KSP converged reason: 4, iterations: 1
  [a=18 b=24 nt=1448] KSP converged reason: 4, iterations: 1
  [a=17 b=24 nt=1456] KSP converged reason: 4, iterations: 1
  [a=17 b=23 nt=1468] KSP converged reason: 4, iterations: 1
  [a=17 b=24 nt=1464] KSP converged reason: 4, iterations: 1
  [a=18 b=24 nt=1454] KSP converged reason: 4, iterations: 1
  [a=18 b=24 nt=1440] KSP converged reason: 4, iterations: 1
  [a=18 b=24 nt=1456] KSP converged reason: 4, iterations: 1
  [1207] OK     f=   0.209  a=17.3 b=23.4 gap=17.5 (face=3.0mm) n=[177, 177, 260, 260, 244, 244, 53, 53]  tape=0.209km B=10.05T unif=0.860% hoop=84MPa
  [1208] OK     f=   0.213  a=17.7 b=23.8 gap=17.5 (face=3.0mm) n=[177, 177, 263, 263, 246, 246, 48, 48]  tape=0.213km B=10.01T unif=0.481% hoop=87MPa
  [1209] viol   f=   0.213  a=17.2 b=23.6 gap=17.5 (face=3.0mm) n=[174, 174, 259, 259, 241, 241, 58, 58]  tape=0.210km B=9.97T unif=0.533% hoop=85MPa
  [1210] OK     f=   0.211  a=17.5 b=24.1 gap=17.5 (face=3.0mm) n=[180, 180, 261, 261, 249, 249, 37, 37]  tape=0.211km B=10.02T unif=0.714% hoop=86MPa
  [1211] OK     f=   0.211  a=17.7 b=23.7 gap=17.5 (face=3.0mm) n=[180, 180, 268, 268, 239, 239, 37, 37]  tape=0.211km B=10.05T unif=0.522% hoop=88MPa
  [1212] viol   f=   0.221  a=17.5 b=23.6 gap=17.5 (face=3.0mm) n=[174, 174, 257, 257, 239, 239, 58, 58]  tape=0.210km B=9.92T unif=0.755% hoop=84MPa
  [1213] viol   f=   0.209  a=17.6 b=23.8 gap=17.5 (face=3.0mm) n=[180, 180, 268, 268, 242, 242, 30, 30]  tape=0.209km B=9.98T unif=0.490% hoop=86MPa
  [1214] OK     f=   0.215  a=17.8 b=23.9 gap=17.5 (face=3.0mm) n=[180, 180, 269, 269, 234, 234, 45, 45]  tape=0.215km B=10.06T unif=0.376% hoop=89MPa
  [1215] INFEAS f=1000.004  a=17.4 b=23.5 gap=17.5 (face=3.0mm) n=[178, 178, 264, 264, 230, 230, 51, 51]  no evaluation (geometry pre-check)
  [a=18 b=24 nt=1456] KSP converged reason: 4, iterations: 1
  [a=17 b=23 nt=1462] KSP converged reason: 4, iterations: 1
  [a=18 b=24 nt=1448] KSP converged reason: 4, iterations: 1
  [a=18 b=24 nt=1448] KSP converged reason: 4, iterations: 1
  [a=18 b=24 nt=1464] KSP converged reason: 4, iterations: 1
  [a=18 b=24 nt=1442] KSP converged reason: 4, iterations: 1
  [1216] OK     f=   0.212  a=18.0 b=24.1 gap=17.5 (face=3.0mm) n=[185, 185, 272, 272, 239, 239, 25, 25]  tape=0.212km B=10.09T unif=0.490% hoop=90MPa
  [1217] viol   f=   1.234  a=17.3 b=23.4 gap=17.5 (face=3.0mm) n=[177, 177, 261, 261, 237, 237, 56, 56]  tape=0.210km B=10.05T unif=1.072% hoop=85MPa
  [1218] OK     f=   0.215  a=17.9 b=24.3 gap=17.5 (face=3.0mm) n=[182, 182, 270, 270, 234, 234, 38, 38]  tape=0.215km B=10.03T unif=0.474% hoop=90MPa
  [1219] OK     f=   0.213  a=17.7 b=23.8 gap=17.5 (face=3.0mm) n=[182, 182, 270, 270, 230, 230, 42, 42]  tape=0.213km B=10.07T unif=0.453% hoop=88MPa
  [1220] INFEAS f=1000.520  a=17.4 b=23.5 gap=17.5 (face=3.0mm) n=[183, 183, 269, 269, 229, 229, 38, 38]  no evaluation (geometry pre-check)
  [1221] INFEAS f=1000.001  a=17.3 b=23.6 gap=17.5 (face=3.0mm) n=[177, 177, 261, 261, 239, 239, 46, 46]  no evaluation (geometry pre-check)
  [1222] INFEAS f=1001.434  a=16.8 b=23.5 gap=17.5 (face=3.1mm) n=[173, 173, 253, 253, 256, 256, 56, 56]  no evaluation (geometry pre-check)
  [1223] OK     f=   0.217  a=17.9 b=24.0 gap=17.5 (face=3.0mm) n=[183, 183, 270, 270, 230, 230, 49, 49]  tape=0.217km B=10.14T unif=0.463% hoop=90MPa
  [1224] OK     f=   0.213  a=17.6 b=23.8 gap=17.5 (face=3.0mm) n=[179, 179, 265, 265, 233, 233, 51, 51]  tape=0.213km B=10.03T unif=0.581% hoop=86MPa
  [a=18 b=25 nt=1446] KSP converged reason: 4, iterations: 1
  [a=18 b=24 nt=1444] KSP converged reason: 4, iterations: 1
  [a=18 b=24 nt=1440] KSP converged reason: 4, iterations: 1
  [a=18 b=24 nt=1460] KSP converged reason: 4, iterations: 1
  [a=18 b=24 nt=1440] KSP converged reason: 4, iterations: 1
  [a=18 b=24 nt=1438] KSP converged reason: 4, iterations: 1
  [a=18 b=24 nt=1446] KSP converged reason: 4, iterations: 1
  [1225] viol   f=   0.209  a=17.6 b=23.9 gap=17.5 (face=3.0mm) n=[181, 181, 265, 265, 240, 240, 33, 33]  tape=0.209km B=9.99T unif=0.673% hoop=88MPa
  [1226] INFEAS f=1000.333  a=17.4 b=23.9 gap=17.5 (face=3.0mm) n=[178, 178, 267, 267, 236, 236, 45, 45]  no evaluation (geometry pre-check)
  [1227] OK     f=   0.214  a=17.9 b=24.1 gap=17.5 (face=3.0mm) n=[184, 184, 272, 272, 229, 229, 35, 35]  tape=0.214km B=10.06T unif=0.499% hoop=90MPa
  [1228] INFEAS f=1000.499  a=17.5 b=23.5 gap=17.5 (face=3.0mm) n=[182, 182, 272, 272, 223, 223, 40, 40]  no evaluation (geometry pre-check)
  [1229] OK     f=   0.220  a=18.5 b=24.6 gap=17.5 (face=3.0mm) n=[192, 192, 285, 285, 227, 227, 19, 19]  tape=0.220km B=10.13T unif=0.720% hoop=94MPa
  [1230] OK     f=   0.214  a=17.8 b=24.0 gap=17.5 (face=3.0mm) n=[181, 181, 272, 272, 226, 226, 43, 43]  tape=0.214km B=10.03T unif=0.445% hoop=89MPa
  [1231] OK     f=   0.213  a=17.7 b=23.8 gap=17.5 (face=3.0mm) n=[181, 181, 271, 271, 220, 220, 48, 48]  tape=0.213km B=10.00T unif=0.482% hoop=88MPa
  [1232] viol   f=   0.214  a=17.6 b=23.9 gap=17.5 (face=3.0mm) n=[177, 177, 262, 262, 252, 252, 39, 39]  tape=0.210km B=9.96T unif=0.437% hoop=86MPa
  [1233] OK     f=   0.212  a=17.7 b=23.5 gap=17.5 (face=3.0mm) n=[182, 182, 270, 270, 224, 224, 47, 47]  tape=0.212km B=10.11T unif=0.780% hoop=88MPa
  [a=18 b=24 nt=1452] KSP converged reason: 4, iterations: 1
  [a=18 b=24 nt=1454] KSP converged reason: 4, iterations: 1
  [a=17 b=24 nt=1464] KSP converged reason: 4, iterations: 1
  [a=18 b=24 nt=1430] KSP converged reason: 4, iterations: 1
  [1234] INFEAS f=1000.119  a=17.3 b=23.8 gap=17.5 (face=3.0mm) n=[181, 181, 264, 264, 236, 236, 41, 41]  no evaluation (geometry pre-check)
  [1235] INFEAS f=1000.015  a=17.4 b=23.8 gap=17.5 (face=3.0mm) n=[179, 179, 264, 264, 236, 236, 46, 46]  no evaluation (geometry pre-check)
  [1236] INFEAS f=1000.244  a=17.5 b=23.4 gap=17.5 (face=3.1mm) n=[181, 181, 269, 269, 219, 219, 53, 53]  no evaluation (geometry pre-check)
  [1237] OK     f=   0.210  a=17.3 b=23.7 gap=17.5 (face=3.0mm) n=[178, 178, 260, 260, 247, 247, 47, 47]  tape=0.210km B=10.07T unif=0.867% hoop=85MPa
  [1238] INFEAS f=1000.006  a=17.3 b=23.7 gap=17.5 (face=3.0mm) n=[178, 178, 261, 261, 241, 241, 44, 44]  no evaluation (geometry pre-check)
  [1239] viol   f=   0.209  a=17.7 b=23.6 gap=17.5 (face=3.0mm) n=[180, 180, 270, 270, 231, 231, 34, 34]  tape=0.209km B=10.00T unif=0.590% hoop=88MPa
  [1240] INFEAS f=1000.649  a=17.5 b=23.6 gap=17.5 (face=3.0mm) n=[181, 181, 271, 271, 220, 220, 46, 46]  no evaluation (geometry pre-check)
  [1241] OK     f=   0.214  a=17.8 b=23.9 gap=17.5 (face=3.0mm) n=[182, 182, 271, 271, 233, 233, 41, 41]  tape=0.214km B=10.09T unif=0.509% hoop=89MPa
  [1242] OK     f=   0.213  a=17.7 b=23.9 gap=17.5 (face=3.0mm) n=[180, 180, 266, 266, 236, 236, 44, 44]  tape=0.213km B=10.01T unif=0.556% hoop=87MPa
  [a=18 b=24 nt=1434] KSP converged reason: 4, iterations: 1
  [a=18 b=24 nt=1440] KSP converged reason: 4, iterations: 1
  [a=18 b=24 nt=1438] KSP converged reason: 4, iterations: 1
  [a=18 b=24 nt=1458] KSP converged reason: 4, iterations: 1
  [a=18 b=24 nt=1448] KSP converged reason: 4, iterations: 1
  [a=18 b=24 nt=1450] KSP converged reason: 4, iterations: 1
[0]PETSC ERROR: ------------------------------------------------------------------------
[0]PETSC ERROR: Caught signal number 15 Terminate: Some process (or the batch system) has told this process to end
[0]PETSC ERROR: Try option -start_in_debugger or -on_error_attach_debugger
[0]PETSC ERROR: or see https://petsc.org/release/faq/#valgrind and https://petsc.org/release/faq/
[0]PETSC ERROR: configure using --with-debugging=yes, recompile, link, and run 
[0]PETSC ERROR: to get more information on the crash.
Abort(59) on node 0 (rank 0 in comm 0): application called MPI_Abort(MPI_COMM_WORLD, 59) - process 0
  [a=17 b=24 nt=1446] KSP converged reason: 4, iterations: 1
