Starting CMA-ES: 6 variables, budget 2500 evaluations, target B >= 10.0 T, uniformity <= 0.8%, hoop <= 400 MPa, coil-coil face gap >= 3 mm

Parallel mode: 6 worker processes per generation.
  [a=23 b=30 nt=1268] KSP converged reason: 4, iterations: 1
  [a=25 b=41 nt=1932] KSP converged reason: 4, iterations: 1
  [a=25 b=32 nt=1238] KSP converged reason: 4, iterations: 1
  [   1] INFEAS f=3659.643  a=29.8 b=26.6 gap=13.9 (face=3.7mm) n=[297, 297, 305, 305, 78, 78]  no evaluation (geometry pre-check)
  [   2] OK     f=   0.469  a=24.7 b=41.5 gap=14.1 (face=4.2mm) n=[427, 427, 277, 277, 262, 262]  tape=0.469km B=12.56T unif=3.789% hoop=152MPa
  [   3] viol   f=   7.660  a=23.2 b=30.0 gap=13.9 (face=3.7mm) n=[67, 67, 415, 415, 152, 152]  tape=0.249km B=8.08T unif=8.019% hoop=84MPa
  [   4] INFEAS f=2988.170  a=17.4 b=18.0 gap=14.8 (face=5.6mm) n=[486, 486, 447, 447, 46, 46]  no evaluation (geometry pre-check)
  [   5] viol   f=   1.098  a=24.8 b=31.7 gap=13.5 (face=3.0mm) n=[312, 312, 219, 219, 88, 88]  tape=0.246km B=9.35T unif=4.153% hoop=114MPa
  [   6] INFEAS f=9594.643  a=26.2 b=16.6 gap=13.5 (face=3.1mm) n=[466, 466, 354, 354, 113, 113]  no evaluation (geometry pre-check)
  [   7] INFEAS f=9417.171  a=25.9 b=16.4 gap=13.7 (face=3.5mm) n=[500, 500, 399, 399, 65, 65]  no evaluation (geometry pre-check)
  [   8] INFEAS f=4001.676  a=22.9 b=19.3 gap=14.2 (face=4.4mm) n=[82, 82, 464, 464, 120, 120]  no evaluation (geometry pre-check)
  [   9] INFEAS f=1918.390  a=14.8 b=38.3 gap=13.9 (face=3.7mm) n=[217, 217, 385, 385, 356, 356]  no evaluation (geometry pre-check)
  [a=27 b=45 nt=1532] KSP converged reason: 4, iterations: 1
  [a=29 b=38 nt=2062] KSP converged reason: 4, iterations: 1
  [a=25 b=43 nt=2106] KSP converged reason: 4, iterations: 1
  [a=33 b=50 nt=1056] KSP converged reason: 4, iterations: 1
  [  10] INFEAS f=1204.421  a=20.1 b=23.9 gap=16.1 (face=8.2mm) n=[252, 252, 413, 413, 398, 398]  no evaluation (geometry pre-check)
  [  11] INFEAS f=1904.667  a=15.8 b=26.7 gap=13.8 (face=3.5mm) n=[411, 411, 327, 327, 62, 62]  no evaluation (geometry pre-check)
  [  12] INFEAS f=2122.961  a=25.3 b=25.0 gap=13.9 (face=3.9mm) n=[250, 250, 181, 181, 300, 300]  no evaluation (geometry pre-check)
  [  13] viol   f=   0.439  a=26.9 b=44.7 gap=14.9 (face=5.8mm) n=[488, 488, 42, 42, 236, 236]  tape=0.405km B=9.87T unif=3.401% hoop=113MPa
  [  14] INFEAS f=2004.896  a=22.4 b=23.1 gap=14.6 (face=5.2mm) n=[325, 325, 500, 500, 181, 181]  no evaluation (geometry pre-check)
  [  15] viol   f=  48.700  a=33.1 b=49.7 gap=13.7 (face=3.5mm) n=[64, 64, 172, 172, 292, 292]  tape=0.307km B=5.08T unif=1.183% hoop=127MPa
  [  16] INFEAS f=18575.490  a=21.7 b=5.9 gap=14.1 (face=4.2mm) n=[324, 324, 468, 468, 53, 53]  no evaluation (geometry pre-check)
  [  17] OK     f=   0.490  a=29.4 b=38.1 gap=13.5 (face=3.0mm) n=[251, 251, 341, 341, 439, 439]  tape=0.490km B=11.18T unif=0.685% hoop=183MPa
  [  18] OK     f=   0.522  a=25.2 b=43.0 gap=13.6 (face=3.3mm) n=[286, 286, 325, 325, 442, 442]  tape=0.522km B=11.31T unif=1.120% hoop=170MPa
  [a=21 b=27 nt=1510] KSP converged reason: 4, iterations: 1
  [a=28 b=65 nt=2266] KSP converged reason: 4, iterations: 1
  [a=35 b=57 nt=1644] KSP converged reason: 4, iterations: 1
  [  19] INFEAS f=1095.405  a=21.3 b=57.3 gap=13.7 (face=3.4mm) n=[415, 415, 2, 2, 431, 431]  no evaluation (geometry pre-check)
  [  20] viol   f=   4.182  a=35.2 b=56.5 gap=14.5 (face=5.0mm) n=[475, 475, 102, 102, 245, 245]  tape=0.548km B=8.65T unif=3.074% hoop=163MPa
  [  21] INFEAS f=1164.864  a=40.7 b=43.7 gap=13.7 (face=3.3mm) n=[444, 444, 42, 42, 108, 108]  no evaluation (geometry pre-check)
  [  22] INFEAS f=2690.994  a=24.4 b=23.0 gap=13.5 (face=3.0mm) n=[247, 247, 492, 492, 302, 302]  no evaluation (geometry pre-check)
  [  23] INFEAS f=1836.483  a=19.4 b=32.8 gap=14.3 (face=4.5mm) n=[500, 500, 22, 22, 495, 495]  no evaluation (geometry pre-check)
  [  24] OK     f=   0.248  a=20.6 b=27.1 gap=13.6 (face=3.1mm) n=[325, 325, 117, 117, 313, 313]  tape=0.248km B=10.65T unif=4.453% hoop=92MPa
  [  25] OK     f=   0.780  a=27.9 b=65.1 gap=13.5 (face=3.0mm) n=[356, 356, 480, 480, 297, 297]  tape=0.780km B=11.86T unif=1.183% hoop=201MPa
  [  26] INFEAS f=1758.514  a=15.7 b=41.9 gap=13.5 (face=3.0mm) n=[392, 392, 13, 13, 216, 216]  no evaluation (geometry pre-check)
  [  27] INFEAS f=18438.712  a=33.5 b=17.6 gap=15.2 (face=6.4mm) n=[234, 234, 241, 241, 260, 260]  no evaluation (geometry pre-check)
  [a=28 b=46 nt=1828] KSP converged reason: 4, iterations: 1
  [a=29 b=36 nt=698] KSP converged reason: 4, iterations: 1
  [a=27 b=54 nt=1672] KSP converged reason: 4, iterations: 1
  [a=21 b=66 nt=1522] KSP converged reason: 4, iterations: 1
  [  28] viol   f=   0.478  a=27.5 b=46.3 gap=13.6 (face=3.3mm) n=[233, 233, 316, 316, 365, 365]  tape=0.475km B=9.96T unif=1.533% hoop=160MPa
  [  29] INFEAS f=2844.283  a=23.9 b=22.3 gap=13.5 (face=3.1mm) n=[499, 499, 450, 450, 340, 340]  no evaluation (geometry pre-check)
  [  30] viol   f=  41.781  a=28.9 b=35.5 gap=13.5 (face=3.0mm) n=[277, 277, 26, 26, 46, 46]  tape=0.153km B=5.44T unif=7.534% hoop=103MPa
  [  31] INFEAS f=1001.791  a=23.9 b=52.2 gap=16.8 (face=9.6mm) n=[167, 167, 218, 218, 445, 445]  no evaluation (geometry pre-check)
  [  32] INFEAS f=1005.346  a=22.3 b=42.3 gap=13.6 (face=3.3mm) n=[408, 408, 166, 166, 311, 311]  no evaluation (geometry pre-check)
  [  33] INFEAS f=1009.798  a=24.9 b=35.4 gap=13.8 (face=3.6mm) n=[485, 485, 343, 343, 327, 327]  no evaluation (geometry pre-check)
  [  34] viol   f=   1.037  a=26.7 b=53.9 gap=14.3 (face=4.6mm) n=[321, 321, 214, 214, 301, 301]  tape=0.476km B=9.47T unif=2.027% hoop=141MPa
  [  35] INFEAS f=1385.036  a=14.5 b=18.2 gap=14.5 (face=5.1mm) n=[75, 75, 299, 299, 46, 46]  no evaluation (geometry pre-check)
  [  36] viol   f=   4.019  a=21.2 b=66.4 gap=13.7 (face=3.5mm) n=[218, 218, 335, 335, 208, 208]  tape=0.502km B=8.67T unif=1.197% hoop=120MPa
  [a=30 b=51 nt=1310] KSP converged reason: 4, iterations: 1
  [a=30 b=56 nt=2286] KSP converged reason: 4, iterations: 1
  [a=27 b=38 nt=1704] KSP converged reason: 4, iterations: 1
  [a=23 b=49 nt=1578] KSP converged reason: 4, iterations: 1
  [a=31 b=54 nt=2356] KSP converged reason: 4, iterations: 1
  [a=32 b=56 nt=1468] KSP converged reason: 4, iterations: 1
  [a=26 b=62 nt=1282] KSP converged reason: 4, iterations: 1
  [  37] INFEAS f=1117.216  a=23.7 b=45.7 gap=13.8 (face=3.7mm) n=[149, 149, 161, 161, 500, 500]  no evaluation (geometry pre-check)
  [  38] viol   f=   3.979  a=22.9 b=48.6 gap=13.8 (face=3.6mm) n=[291, 291, 129, 129, 369, 369]  tape=0.415km B=8.67T unif=1.533% hoop=122MPa
  [  39] INFEAS f=1059.046  a=22.1 b=49.2 gap=14.1 (face=4.3mm) n=[83, 83, 330, 330, 438, 438]  no evaluation (geometry pre-check)
  [  40] viol   f=   9.070  a=31.8 b=55.6 gap=13.6 (face=3.1mm) n=[363, 363, 58, 58, 313, 313]  tape=0.449km B=7.92T unif=2.434% hoop=147MPa
  [  41] viol   f=  17.230  a=29.6 b=51.0 gap=14.2 (face=4.3mm) n=[76, 76, 432, 432, 147, 147]  tape=0.388km B=7.10T unif=1.993% hoop=106MPa
  [  42] OK     f=   0.704  a=31.4 b=54.5 gap=14.6 (face=5.1mm) n=[330, 330, 436, 436, 412, 412]  tape=0.704km B=12.10T unif=1.666% hoop=212MPa
  [  43] viol   f=   0.585  a=27.2 b=38.4 gap=14.8 (face=5.5mm) n=[282, 282, 229, 229, 341, 341]  tape=0.387km B=9.69T unif=1.970% hoop=152MPa
  [  44] OK     f=   0.706  a=29.7 b=56.2 gap=13.5 (face=3.0mm) n=[317, 317, 367, 367, 459, 459]  tape=0.706km B=11.49T unif=1.510% hoop=213MPa
  [  45] viol   f=  28.160  a=26.1 b=61.6 gap=13.7 (face=3.5mm) n=[67, 67, 247, 247, 327, 327]  tape=0.410km B=6.28T unif=1.092% hoop=117MPa
  [a=33 b=45 nt=2160] KSP converged reason: 4, iterations: 1
  [a=28 b=41 nt=1942] KSP converged reason: 4, iterations: 1
  [a=29 b=51 nt=2438] KSP converged reason: 4, iterations: 1
  [a=37 b=49 nt=2090] KSP converged reason: 4, iterations: 1
  [a=38 b=63 nt=2392] KSP converged reason: 4, iterations: 1
  [a=28 b=53 nt=1524] KSP converged reason: 4, iterations: 1
  [a=36 b=65 nt=1032] KSP converged reason: 4, iterations: 1
  [  46] INFEAS f=1297.938  a=22.0 b=46.3 gap=17.0 (face=10.0mm) n=[497, 497, 224, 224, 421, 421]  no evaluation (geometry pre-check)
  [  47] OK     f=   0.634  a=37.1 b=48.7 gap=14.6 (face=5.2mm) n=[299, 299, 473, 473, 273, 273]  tape=0.634km B=10.51T unif=1.977% hoop=232MPa
  [  48] viol   f=   3.592  a=27.9 b=52.8 gap=15.6 (face=7.2mm) n=[310, 310, 289, 289, 163, 163]  tape=0.433km B=8.74T unif=2.264% hoop=143MPa
  [  49] INFEAS f=1629.042  a=19.0 b=45.7 gap=14.0 (face=4.1mm) n=[209, 209, 352, 352, 465, 465]  no evaluation (geometry pre-check)
  [  50] OK     f=   0.598  a=33.4 b=44.7 gap=14.1 (face=4.1mm) n=[340, 340, 266, 266, 474, 474]  tape=0.598km B=10.86T unif=1.491% hoop=225MPa
  [  51] OK     f=   0.469  a=28.3 b=40.5 gap=13.5 (face=3.0mm) n=[411, 411, 201, 201, 359, 359]  tape=0.469km B=11.91T unif=3.101% hoop=158MPa
  [  52] OK     f=   0.696  a=28.6 b=51.0 gap=14.4 (face=4.8mm) n=[314, 314, 487, 487, 418, 418]  tape=0.696km B=12.95T unif=1.837% hoop=197MPa
  [  53] OK     f=   0.840  a=37.9 b=63.4 gap=13.5 (face=3.0mm) n=[410, 410, 334, 334, 452, 452]  tape=0.840km B=11.35T unif=1.934% hoop=268MPa
  [  54] viol   f=  62.336  a=35.9 b=65.3 gap=14.0 (face=4.0mm) n=[97, 97, 102, 102, 317, 317]  tape=0.374km B=4.43T unif=1.159% hoop=128MPa
  [a=30 b=41 nt=2638] KSP converged reason: 4, iterations: 1
  [a=34 b=41 nt=2214] KSP converged reason: 4, iterations: 1
  [a=32 b=45 nt=2398] KSP converged reason: 4, iterations: 1
  [a=30 b=46 nt=2228] KSP converged reason: 4, iterations: 1
  [a=32 b=44 nt=2098] KSP converged reason: 4, iterations: 1
  [a=29 b=51 nt=2096] KSP converged reason: 4, iterations: 1
  [  55] OK     f=   0.641  a=30.4 b=40.6 gap=13.6 (face=3.2mm) n=[470, 470, 353, 353, 496, 496]  tape=0.641km B=15.33T unif=2.139% hoop=210MPa
  [  56] OK     f=   0.582  a=34.3 b=40.6 gap=13.5 (face=3.1mm) n=[360, 360, 261, 261, 486, 486]  tape=0.582km B=11.54T unif=1.489% hoop=235MPa
  [  57] OK     f=   0.602  a=28.5 b=51.0 gap=14.7 (face=5.4mm) n=[456, 456, 212, 212, 380, 380]  tape=0.602km B=11.80T unif=2.307% hoop=163MPa
  [  58] OK     f=   0.593  a=30.0 b=45.8 gap=14.2 (face=4.4mm) n=[313, 313, 360, 360, 441, 441]  tape=0.593km B=11.67T unif=1.417% hoop=205MPa
  [  59] INFEAS f=1075.690  a=31.6 b=35.2 gap=13.5 (face=3.0mm) n=[192, 192, 214, 214, 392, 392]  no evaluation (geometry pre-check)
  [  60] INFEAS f=3466.299  a=34.2 b=31.3 gap=14.6 (face=5.2mm) n=[347, 347, 190, 190, 271, 271]  no evaluation (geometry pre-check)
  [  61] OK     f=   0.558  a=31.8 b=44.0 gap=13.8 (face=3.5mm) n=[377, 377, 224, 224, 448, 448]  tape=0.558km B=11.22T unif=2.140% hoop=201MPa
  [  62] INFEAS f=1035.055  a=24.8 b=45.7 gap=14.2 (face=4.4mm) n=[278, 278, 278, 278, 498, 498]  no evaluation (geometry pre-check)
  [  63] OK     f=   0.661  a=32.4 b=45.4 gap=13.8 (face=3.6mm) n=[499, 499, 362, 362, 338, 338]  tape=0.661km B=14.00T unif=3.543% hoop=227MPa
  [a=36 b=45 nt=2110] KSP converged reason: 4, iterations: 1
  [a=31 b=43 nt=2448] KSP converged reason: 4, iterations: 1
  [a=31 b=47 nt=2112] KSP converged reason: 4, iterations: 1
  [a=36 b=49 nt=1926] KSP converged reason: 4, iterations: 1
  [a=32 b=45 nt=1860] KSP converged reason: 4, iterations: 1
  [a=27 b=53 nt=1740] KSP converged reason: 4, iterations: 1
  [  64] OK     f=   0.559  a=36.0 b=48.5 gap=13.6 (face=3.2mm) n=[460, 460, 97, 97, 406, 406]  tape=0.559km B=10.42T unif=3.412% hoop=187MPa
  [  65] OK     f=   0.609  a=36.4 b=45.0 gap=14.3 (face=4.5mm) n=[350, 350, 205, 205, 500, 500]  tape=0.609km B=10.17T unif=1.241% hoop=231MPa
  [  66] OK     f=   0.491  a=27.5 b=52.7 gap=13.6 (face=3.2mm) n=[299, 299, 333, 333, 238, 238]  tape=0.491km B=10.04T unif=2.092% hoop=164MPa
  [  67] INFEAS f=1976.898  a=38.9 b=39.0 gap=13.5 (face=3.0mm) n=[454, 454, 301, 301, 491, 491]  no evaluation (geometry pre-check)
  [  68] viol   f=   0.823  a=31.9 b=45.0 gap=13.7 (face=3.3mm) n=[259, 259, 274, 274, 397, 397]  tape=0.503km B=9.60T unif=1.490% hoop=207MPa
  [  69] OK     f=   0.633  a=30.5 b=43.3 gap=13.6 (face=3.2mm) n=[500, 500, 270, 270, 454, 454]  tape=0.633km B=14.34T unif=2.619% hoop=196MPa
  [  70] INFEAS f=8749.171  a=30.1 b=21.2 gap=15.2 (face=6.3mm) n=[253, 253, 468, 468, 331, 331]  no evaluation (geometry pre-check)
  [  71] OK     f=   0.595  a=31.4 b=46.8 gap=13.6 (face=3.2mm) n=[487, 487, 206, 206, 363, 363]  tape=0.595km B=12.22T unif=3.444% hoop=183MPa
  [  72] INFEAS f=1084.925  a=17.2 b=40.9 gap=13.6 (face=3.2mm) n=[98, 98, 310, 310, 317, 317]  no evaluation (geometry pre-check)
  [a=36 b=44 nt=2094] KSP converged reason: 4, iterations: 1
  [a=30 b=46 nt=1904] KSP converged reason: 4, iterations: 1
  [a=30 b=37 nt=1758] KSP converged reason: 4, iterations: 1
  [a=28 b=55 nt=2302] KSP converged reason: 4, iterations: 1
  [a=34 b=57 nt=1888] KSP converged reason: 4, iterations: 1
  [a=30 b=46 nt=1814] KSP converged reason: 4, iterations: 1
  [a=25 b=31 nt=1308] KSP converged reason: 4, iterations: 1
  [a=37 b=52 nt=1928] KSP converged reason: 4, iterations: 1
  [a=23 b=52 nt=1402] KSP converged reason: 4, iterations: 1
  [  73] OK     f=   0.490  a=30.4 b=45.9 gap=13.9 (face=3.7mm) n=[388, 388, 271, 271, 248, 248]  tape=0.490km B=10.74T unif=3.670% hoop=180MPa
  [  74] OK     f=   0.629  a=34.3 b=57.0 gap=13.7 (face=3.5mm) n=[491, 491, 146, 146, 307, 307]  tape=0.629km B=10.01T unif=2.843% hoop=182MPa
  [  75] OK     f=   0.576  a=35.9 b=43.8 gap=14.1 (face=4.1mm) n=[347, 347, 258, 258, 442, 442]  tape=0.576km B=10.75T unif=2.000% hoop=231MPa
  [  76] OK     f=   0.680  a=27.7 b=55.0 gap=13.5 (face=3.0mm) n=[458, 458, 223, 223, 470, 470]  tape=0.680km B=12.67T unif=1.866% hoop=171MPa
  [  77] OK     f=   0.538  a=30.4 b=46.5 gap=14.5 (face=5.0mm) n=[472, 472, 235, 235, 245, 245]  tape=0.538km B=11.23T unif=3.835% hoop=187MPa
  [  78] OK     f=   0.400  a=30.1 b=37.2 gap=13.5 (face=3.0mm) n=[372, 372, 359, 359, 148, 148]  tape=0.400km B=11.73T unif=4.274% hoop=167MPa
  [  79] OK     f=   0.247  a=24.7 b=30.8 gap=14.3 (face=4.6mm) n=[360, 360, 282, 282, 12, 12]  tape=0.247km B=10.40T unif=6.364% hoop=114MPa
  [  80] viol   f=   1.388  a=36.5 b=52.1 gap=13.7 (face=3.4mm) n=[217, 217, 344, 344, 403, 403]  tape=0.592km B=9.37T unif=1.833% hoop=213MPa
  [  81] viol   f=   3.107  a=22.5 b=52.2 gap=14.2 (face=4.4mm) n=[276, 276, 244, 244, 181, 181]  tape=0.377km B=8.83T unif=2.060% hoop=114MPa
  [a=25 b=30 nt=1420] KSP converged reason: 4, iterations: 1
  [a=24 b=33 nt=1398] KSP converged reason: 4, iterations: 1
  [a=37 b=48 nt=1714] KSP converged reason: 4, iterations: 1
  [a=25 b=52 nt=1206] KSP converged reason: 4, iterations: 1
  [a=32 b=52 nt=1314] KSP converged reason: 4, iterations: 1
  [  82] viol   f=  13.320  a=32.2 b=52.4 gap=13.5 (face=3.0mm) n=[341, 341, 169, 169, 147, 147]  tape=0.399km B=7.46T unif=3.445% hoop=154MPa
  [  83] viol   f=   0.667  a=37.2 b=48.4 gap=13.5 (face=3.0mm) n=[469, 469, 262, 262, 126, 126]  tape=0.523km B=9.73T unif=4.964% hoop=199MPa
  [  84] viol   f=   6.689  a=25.2 b=52.0 gap=13.8 (face=3.5mm) n=[409, 409, 128, 128, 66, 66]  tape=0.348km B=8.22T unif=2.439% hoop=108MPa
  [  85] INFEAS f=6534.801  a=15.9 b=11.2 gap=15.0 (face=6.0mm) n=[490, 490, 199, 199, 399, 399]  no evaluation (geometry pre-check)
  [  86] INFEAS f=1588.176  a=20.5 b=64.0 gap=14.1 (face=4.3mm) n=[500, 500, 96, 96, 108, 108]  no evaluation (geometry pre-check)
  [  87] viol   f=   2.445  a=23.8 b=32.8 gap=14.5 (face=5.0mm) n=[237, 237, 402, 402, 60, 60]  tape=0.287km B=8.96T unif=1.798% hoop=124MPa
  [  88] OK     f=   0.289  a=25.0 b=30.3 gap=15.4 (face=6.7mm) n=[419, 419, 97, 97, 194, 194]  tape=0.289km B=10.26T unif=2.998% hoop=101MPa
  [  89] INFEAS f=3122.508  a=24.7 b=22.4 gap=13.5 (face=3.0mm) n=[304, 304, 184, 184, 68, 68]  no evaluation (geometry pre-check)
  [  90] INFEAS f=7427.161  a=29.7 b=22.0 gap=17.3 (face=10.5mm) n=[413, 413, 399, 399, 215, 215]  no evaluation (geometry pre-check)
  [a=33 b=44 nt=1508] KSP converged reason: 4, iterations: 1
  [a=27 b=46 nt=1562] KSP converged reason: 4, iterations: 1
  [a=25 b=42 nt=1230] KSP converged reason: 4, iterations: 1
  [a=29 b=44 nt=1352] KSP converged reason: 4, iterations: 1
  [  91] INFEAS f=1158.536  a=32.2 b=35.2 gap=15.7 (face=7.4mm) n=[310, 310, 132, 132, 92, 92]  no evaluation (geometry pre-check)
  [  92] viol   f=   5.307  a=29.0 b=44.2 gap=13.9 (face=3.7mm) n=[283, 283, 267, 267, 126, 126]  tape=0.340km B=8.42T unif=3.752% hoop=146MPa
  [  93] INFEAS f=1465.232  a=23.6 b=25.6 gap=14.1 (face=4.1mm) n=[498, 498, 22, 22, 183, 183]  no evaluation (geometry pre-check)
  [  94] viol   f=   9.563  a=25.2 b=42.2 gap=13.6 (face=3.2mm) n=[285, 285, 132, 132, 198, 198]  tape=0.296km B=7.85T unif=3.564% hoop=113MPa
  [  95] INFEAS f=1378.314  a=20.2 b=35.0 gap=13.6 (face=3.1mm) n=[461, 461, 149, 149, 302, 302]  no evaluation (geometry pre-check)
  [  96] INFEAS f=7003.104  a=31.9 b=24.6 gap=14.2 (face=4.4mm) n=[187, 187, 269, 269, 63, 63]  no evaluation (geometry pre-check)
  [  97] INFEAS f=1016.542  a=32.9 b=37.2 gap=13.5 (face=3.1mm) n=[412, 412, 32, 32, 353, 353]  no evaluation (geometry pre-check)
  [  98] viol   f=   1.000  a=26.7 b=46.5 gap=14.4 (face=4.9mm) n=[371, 371, 171, 171, 239, 239]  tape=0.416km B=9.46T unif=3.053% hoop=132MPa
  [  99] viol   f=   2.224  a=32.5 b=44.4 gap=13.7 (face=3.3mm) n=[427, 427, 123, 123, 204, 204]  tape=0.419km B=9.05T unif=4.848% hoop=151MPa
  [a=27 b=47 nt=1742] KSP converged reason: 4, iterations: 1
  [a=29 b=42 nt=1242] KSP converged reason: 4, iterations: 1
  [a=35 b=52 nt=1970] KSP converged reason: 4, iterations: 1
  [a=29 b=55 nt=1092] KSP converged reason: 4, iterations: 1
  [a=26 b=58 nt=1132] KSP converged reason: 4, iterations: 1
  [a=30 b=53 nt=1652] KSP converged reason: 4, iterations: 1
  [a=31 b=61 nt=1674] KSP converged reason: 4, iterations: 1
  [ 100] viol   f=   1.872  a=30.3 b=53.4 gap=15.6 (face=7.3mm) n=[329, 329, 324, 324, 173, 173]  tape=0.481km B=9.17T unif=2.378% hoop=160MPa
  [ 101] viol   f=   7.809  a=29.3 b=42.3 gap=14.1 (face=4.2mm) n=[392, 392, 127, 127, 102, 102]  tape=0.323km B=8.07T unif=4.959% hoop=121MPa
  [ 102] OK     f=   0.491  a=26.7 b=47.5 gap=13.7 (face=3.3mm) n=[499, 499, 159, 159, 213, 213]  tape=0.491km B=11.13T unif=3.415% hoop=143MPa
  [ 103] viol   f=  14.321  a=26.0 b=58.0 gap=13.6 (face=3.2mm) n=[366, 366, 161, 161, 39, 39]  tape=0.352km B=7.36T unif=2.291% hoop=111MPa
  [ 104] viol   f=   0.599  a=35.3 b=51.7 gap=16.4 (face=8.8mm) n=[465, 465, 120, 120, 400, 400]  tape=0.598km B=9.98T unif=2.625% hoop=168MPa
  [ 105] viol   f=  19.118  a=29.1 b=54.5 gap=14.2 (face=4.4mm) n=[408, 408, 62, 62, 76, 76]  tape=0.333km B=6.94T unif=3.163% hoop=110MPa
  [ 106] INFEAS f=1058.338  a=34.8 b=38.6 gap=13.5 (face=3.0mm) n=[465, 465, 87, 87, 237, 237]  no evaluation (geometry pre-check)
  [ 107] viol   f=   1.232  a=30.9 b=60.7 gap=13.6 (face=3.3mm) n=[498, 498, 14, 14, 325, 325]  tape=0.554km B=9.42T unif=2.038% hoop=146MPa
  [ 108] INFEAS f=1019.322  a=24.0 b=35.7 gap=14.3 (face=4.5mm) n=[468, 468, 47, 47, 56, 56]  no evaluation (geometry pre-check)
  [a=37 b=46 nt=1914] KSP converged reason: 4, iterations: 1
  [a=35 b=44 nt=1424] KSP converged reason: 4, iterations: 1
  [a=30 b=42 nt=1348] KSP converged reason: 4, iterations: 1
  [a=35 b=53 nt=2168] KSP converged reason: 4, iterations: 1
  [a=27 b=53 nt=1354] KSP converged reason: 4, iterations: 1
  [a=33 b=63 nt=1706] KSP converged reason: 4, iterations: 1
  [a=34 b=51 nt=1464] KSP converged reason: 4, iterations: 1
  [ 109] viol   f=   4.553  a=34.6 b=44.0 gap=13.8 (face=3.6mm) n=[440, 440, 110, 110, 162, 162]  tape=0.402km B=8.56T unif=5.500% hoop=152MPa
  [ 110] OK     f=   0.515  a=37.1 b=45.7 gap=13.7 (face=3.4mm) n=[477, 477, 7, 7, 473, 473]  tape=0.515km B=10.49T unif=3.037% hoop=182MPa
  [ 111] INFEAS f=1001.028  a=28.5 b=33.3 gap=14.3 (face=4.6mm) n=[492, 492, 31, 31, 384, 384]  no evaluation (geometry pre-check)
  [ 112] viol   f=   5.967  a=26.5 b=53.0 gap=15.4 (face=6.8mm) n=[421, 421, 118, 118, 138, 138]  tape=0.404km B=8.33T unif=2.622% hoop=117MPa
  [ 113] viol   f=   2.518  a=33.0 b=63.5 gap=13.6 (face=3.3mm) n=[473, 473, 111, 111, 269, 269]  tape=0.607km B=9.02T unif=2.162% hoop=164MPa
  [ 114] viol   f=   4.362  a=30.4 b=42.2 gap=14.5 (face=5.1mm) n=[433, 433, 112, 112, 129, 129]  tape=0.357km B=8.58T unif=4.821% hoop=126MPa
  [ 115] OK     f=   0.681  a=34.8 b=53.2 gap=14.6 (face=5.2mm) n=[371, 371, 228, 228, 485, 485]  tape=0.681km B=10.27T unif=1.682% hoop=219MPa
  [ 116] viol   f=   6.542  a=33.8 b=51.3 gap=13.7 (face=3.4mm) n=[439, 439, 32, 32, 261, 261]  tape=0.441km B=8.25T unif=3.720% hoop=148MPa
  [ 117] INFEAS f=1214.519  a=20.8 b=43.1 gap=14.3 (face=4.5mm) n=[447, 447, 198, 198, 87, 87]  no evaluation (geometry pre-check)
  [a=35 b=50 nt=1816] KSP converged reason: 4, iterations: 1
  [a=40 b=52 nt=2238] KSP converged reason: 4, iterations: 1
  [a=39 b=49 nt=1928] KSP converged reason: 4, iterations: 1
  [a=36 b=64 nt=2110] KSP converged reason: 4, iterations: 1
  [a=35 b=56 nt=1998] KSP converged reason: 4, iterations: 1
  [a=38 b=55 nt=1734] KSP converged reason: 4, iterations: 1
  [a=31 b=51 nt=1826] KSP converged reason: 4, iterations: 1
  [ 118] viol   f=   3.669  a=37.5 b=55.1 gap=13.5 (face=3.0mm) n=[391, 391, 95, 95, 381, 381]  tape=0.546km B=8.75T unif=2.645% hoop=194MPa
  [ 119] viol   f=   0.725  a=36.2 b=63.7 gap=16.2 (face=8.3mm) n=[497, 497, 61, 61, 497, 497]  tape=0.724km B=9.98T unif=1.574% hoop=173MPa
  [ 120] OK     f=   0.550  a=35.0 b=50.3 gap=13.7 (face=3.4mm) n=[500, 500, 69, 69, 339, 339]  tape=0.550km B=10.02T unif=3.755% hoop=171MPa
  [ 121] viol   f=   0.594  a=38.5 b=49.4 gap=14.7 (face=5.3mm) n=[458, 458, 97, 97, 409, 409]  tape=0.577km B=9.91T unif=3.205% hoop=194MPa
  [ 122] INFEAS f=1105.672  a=31.4 b=34.8 gap=13.8 (face=3.5mm) n=[499, 499, 30, 30, 359, 359]  no evaluation (geometry pre-check)
  [ 123] OK     f=   0.626  a=35.4 b=55.7 gap=13.6 (face=3.2mm) n=[433, 433, 133, 133, 433, 433]  tape=0.626km B=10.20T unif=2.358% hoop=191MPa
  [ 124] OK     f=   0.713  a=40.1 b=52.1 gap=15.5 (face=7.1mm) n=[500, 500, 185, 185, 434, 434]  tape=0.713km B=11.00T unif=2.940% hoop=218MPa
  [ 125] viol   f=   1.653  a=30.6 b=51.5 gap=13.6 (face=3.3mm) n=[333, 333, 157, 157, 423, 423]  tape=0.537km B=9.25T unif=1.757% hoop=177MPa
  [ 126] INFEAS f=1000.742  a=39.8 b=44.6 gap=13.6 (face=3.1mm) n=[406, 406, 5, 5, 466, 466]  no evaluation (geometry pre-check)
  [a=37 b=52 nt=2104] KSP converged reason: 4, iterations: 1
  [a=39 b=44 nt=2156] KSP converged reason: 4, iterations: 1
  [a=41 b=51 nt=2290] KSP converged reason: 4, iterations: 1
  [a=38 b=48 nt=1936] KSP converged reason: 4, iterations: 1
  [a=35 b=59 nt=1976] KSP converged reason: 4, iterations: 1
  [a=39 b=55 nt=2094] KSP converged reason: 4, iterations: 1
  [a=32 b=40 nt=2242] KSP converged reason: 4, iterations: 1
  [ 127] OK     f=   0.732  a=41.3 b=50.9 gap=14.9 (face=5.8mm) n=[496, 496, 268, 268, 381, 381]  tape=0.732km B=11.42T unif=3.584% hoop=244MPa
  [ 128] viol   f=   3.578  a=34.9 b=59.0 gap=13.6 (face=3.1mm) n=[289, 289, 200, 200, 499, 499]  tape=0.681km B=8.80T unif=1.260% hoop=232MPa
  [ 129] INFEAS f=1088.686  a=39.6 b=43.1 gap=13.5 (face=3.0mm) n=[416, 416, 80, 80, 396, 396]  no evaluation (geometry pre-check)
  [ 130] viol   f=   0.726  a=38.2 b=48.5 gap=14.4 (face=4.9mm) n=[440, 440, 45, 45, 483, 483]  tape=0.563km B=9.71T unif=2.190% hoop=195MPa
  [ 131] INFEAS f=1124.788  a=32.7 b=35.9 gap=14.3 (face=4.6mm) n=[319, 319, 211, 211, 304, 304]  no evaluation (geometry pre-check)
  [ 132] OK     f=   0.675  a=37.4 b=52.4 gap=13.7 (face=3.4mm) n=[499, 499, 219, 219, 334, 334]  tape=0.675km B=11.02T unif=3.625% hoop=217MPa
  [ 133] OK     f=   0.676  a=38.5 b=55.3 gap=13.5 (face=3.0mm) n=[453, 453, 94, 94, 500, 500]  tape=0.676km B=10.16T unif=2.258% hoop=217MPa
  [ 134] OK     f=   0.603  a=38.9 b=44.2 gap=13.6 (face=3.2mm) n=[478, 478, 156, 156, 444, 444]  tape=0.603km B=11.73T unif=3.532% hoop=220MPa
  [ 135] OK     f=   0.551  a=32.1 b=40.3 gap=13.5 (face=3.1mm) n=[499, 499, 133, 133, 489, 489]  tape=0.551km B=13.08T unif=1.883% hoop=176MPa
  [a=30 b=47 nt=2120] KSP converged reason: 4, iterations: 1
  [a=30 b=47 nt=1918] KSP converged reason: 4, iterations: 1
  [a=33 b=48 nt=2040] KSP converged reason: 4, iterations: 1
  [a=36 b=44 nt=1738] KSP converged reason: 4, iterations: 1
  [a=30 b=55 nt=1692] KSP converged reason: 4, iterations: 1
  [a=32 b=46 nt=1732] KSP converged reason: 4, iterations: 1
  [a=31 b=48 nt=1670] KSP converged reason: 4, iterations: 1
  [a=36 b=52 nt=2136] KSP converged reason: 4, iterations: 1
  [ 136] viol   f=   1.405  a=30.4 b=54.8 gap=14.1 (face=4.2mm) n=[436, 436, 39, 39, 371, 371]  tape=0.507km B=9.33T unif=2.375% hoop=140MPa
  [ 137] viol   f=   0.478  a=36.1 b=43.9 gap=13.5 (face=3.1mm) n=[466, 466, 52, 52, 351, 351]  tape=0.477km B=9.99T unif=4.587% hoop=176MPa
  [ 138] OK     f=   0.584  a=33.2 b=48.0 gap=13.6 (face=3.1mm) n=[487, 487, 131, 131, 402, 402]  tape=0.584km B=11.42T unif=3.306% hoop=179MPa
  [ 139] OK     f=   0.501  a=29.7 b=47.0 gap=13.5 (face=3.0mm) n=[460, 460, 44, 44, 455, 455]  tape=0.501km B=10.98T unif=2.320% hoop=145MPa
  [ 140] OK     f=   0.569  a=30.3 b=46.8 gap=13.6 (face=3.3mm) n=[464, 464, 97, 97, 499, 499]  tape=0.569km B=11.60T unif=2.092% hoop=163MPa
  [ 141] viol   f=   1.809  a=32.4 b=46.0 gap=14.0 (face=4.1mm) n=[362, 362, 101, 101, 403, 403]  tape=0.468km B=9.18T unif=2.268% hoop=165MPa
  [ 142] viol   f=   0.693  a=31.4 b=48.5 gap=14.4 (face=4.8mm) n=[465, 465, 120, 120, 250, 250]  tape=0.488km B=9.68T unif=3.709% hoop=148MPa
  [ 143] OK     f=   0.665  a=36.4 b=51.6 gap=13.7 (face=3.5mm) n=[395, 395, 175, 175, 498, 498]  tape=0.665km B=10.28T unif=1.849% hoop=227MPa
  [ 144] INFEAS f=19428.263  a=37.5 b=21.1 gap=15.1 (face=6.2mm) n=[500, 500, 54, 54, 364, 364]  no evaluation (geometry pre-check)
  [a=33 b=39 nt=1752] KSP converged reason: 4, iterations: 1
  [a=30 b=46 nt=1816] KSP converged reason: 4, iterations: 1
  [a=36 b=50 nt=2046] KSP converged reason: 4, iterations: 1
  [a=36 b=52 nt=2244] KSP converged reason: 4, iterations: 1
  [a=34 b=47 nt=1284] KSP converged reason: 4, iterations: 1
  [a=37 b=58 nt=2018] KSP converged reason: 4, iterations: 1
  [a=31 b=40 nt=1864] KSP converged reason: 4, iterations: 1
  [a=29 b=42 nt=1940] KSP converged reason: 4, iterations: 1
  [ 145] viol   f=  12.955  a=34.0 b=47.0 gap=13.9 (face=3.9mm) n=[401, 401, 39, 39, 202, 202]  tape=0.366km B=7.49T unif=4.571% hoop=143MPa
  [ 146] OK     f=   0.408  a=32.8 b=38.7 gap=13.5 (face=3.0mm) n=[423, 423, 15, 15, 438, 438]  tape=0.408km B=10.22T unif=2.489% hoop=157MPa
  [ 147] OK     f=   0.673  a=36.2 b=51.8 gap=13.5 (face=3.1mm) n=[500, 500, 122, 122, 500, 500]  tape=0.673km B=11.72T unif=2.546% hoop=204MPa
  [ 148] viol   f=   0.686  a=30.3 b=46.4 gap=14.0 (face=4.0mm) n=[416, 416, 13, 13, 479, 479]  tape=0.478km B=9.68T unif=1.777% hoop=150MPa
  [ 149] OK     f=   0.648  a=36.5 b=58.3 gap=14.3 (face=4.5mm) n=[494, 494, 30, 30, 485, 485]  tape=0.648km B=10.11T unif=2.181% hoop=180MPa
  [ 150] OK     f=   0.588  a=35.8 b=50.2 gap=13.5 (face=3.0mm) n=[490, 490, 34, 34, 499, 499]  tape=0.588km B=10.88T unif=2.621% hoop=183MPa
  [ 151] OK     f=   0.479  a=31.4 b=40.5 gap=14.0 (face=3.9mm) n=[436, 436, 232, 232, 264, 264]  tape=0.479km B=11.41T unif=4.332% hoop=178MPa
  [ 152] INFEAS f=2491.407  a=37.5 b=36.4 gap=13.5 (face=3.0mm) n=[498, 498, 117, 117, 387, 387]  no evaluation (geometry pre-check)
  [ 153] OK     f=   0.507  a=29.3 b=41.5 gap=13.8 (face=3.5mm) n=[497, 497, 181, 181, 292, 292]  tape=0.507km B=12.11T unif=3.690% hoop=160MPa
  [a=27 b=32 nt=1666] KSP converged reason: 4, iterations: 1
  [a=31 b=45 nt=2032] KSP converged reason: 4, iterations: 1
  [a=36 b=43 nt=1684] KSP converged reason: 4, iterations: 1
  [a=39 b=53 nt=1670] KSP converged reason: 4, iterations: 1
  [a=37 b=47 nt=2080] KSP converged reason: 4, iterations: 1
  [ 154] INFEAS f=1136.778  a=34.4 b=37.5 gap=13.5 (face=3.0mm) n=[469, 469, 67, 67, 495, 495]  no evaluation (geometry pre-check)
  [ 155] INFEAS f=1068.666  a=35.8 b=39.4 gap=14.3 (face=4.6mm) n=[409, 409, 64, 64, 425, 425]  no evaluation (geometry pre-check)
  [ 156] INFEAS f=4696.479  a=33.3 b=28.6 gap=13.5 (face=3.0mm) n=[432, 432, 113, 113, 169, 169]  no evaluation (geometry pre-check)
  [ 157] INFEAS f=1024.744  a=36.3 b=40.5 gap=13.6 (face=3.3mm) n=[500, 500, 159, 159, 356, 356]  no evaluation (geometry pre-check)
  [ 158] OK     f=   0.340  a=27.0 b=32.2 gap=14.7 (face=5.4mm) n=[406, 406, 80, 80, 347, 347]  tape=0.340km B=10.85T unif=6.384% hoop=120MPa
  [ 159] OK     f=   0.602  a=37.4 b=47.2 gap=13.5 (face=3.1mm) n=[448, 448, 192, 192, 400, 400]  tape=0.602km B=11.18T unif=3.613% hoop=214MPa
  [ 160] viol   f=   3.717  a=38.9 b=52.7 gap=14.0 (face=4.1mm) n=[486, 486, 81, 81, 268, 268]  tape=0.544km B=8.74T unif=3.976% hoop=184MPa
  [ 161] viol   f=   0.487  a=36.3 b=43.3 gap=13.7 (face=3.4mm) n=[497, 497, 75, 75, 270, 270]  tape=0.475km B=9.92T unif=5.251% hoop=170MPa
  [ 162] OK     f=   0.536  a=31.4 b=45.1 gap=13.5 (face=3.1mm) n=[449, 449, 75, 75, 492, 492]  tape=0.536km B=11.07T unif=2.224% hoop=167MPa
  [a=31 b=40 nt=1866] KSP converged reason: 4, iterations: 1
  [a=33 b=40 nt=1668] KSP converged reason: 4, iterations: 1
  [a=37 b=43 nt=1736] KSP converged reason: 4, iterations: 1
  [a=31 b=42 nt=1942] KSP converged reason: 4, iterations: 1
  [a=35 b=44 nt=2098] KSP converged reason: 4, iterations: 1
  [a=28 b=34 nt=1564] KSP converged reason: 4, iterations: 1
  [ 163] OK     f=   0.426  a=32.6 b=39.9 gap=13.8 (face=3.5mm) n=[472, 472, 60, 60, 302, 302]  tape=0.426km B=10.36T unif=4.540% hoop=152MPa
  [ 164] OK     f=   0.572  a=35.1 b=44.4 gap=13.5 (face=3.1mm) n=[439, 439, 121, 121, 489, 489]  tape=0.572km B=11.11T unif=2.301% hoop=198MPa
  [ 165] OK     f=   0.342  a=27.7 b=33.6 gap=14.6 (face=5.1mm) n=[373, 373, 192, 192, 217, 217]  tape=0.342km B=10.48T unif=4.654% hoop=140MPa
  [ 166] INFEAS f=1360.439  a=36.2 b=38.2 gap=14.0 (face=4.0mm) n=[476, 476, 24, 24, 394, 394]  no evaluation (geometry pre-check)
  [ 167] INFEAS f=1001.662  a=26.2 b=31.0 gap=14.6 (face=5.2mm) n=[450, 450, 51, 51, 157, 157]  no evaluation (geometry pre-check)
  [ 168] INFEAS f=1022.276  a=27.5 b=31.7 gap=19.7 (face=15.5mm) n=[481, 481, 69, 69, 302, 302]  no evaluation (geometry pre-check)
  [ 169] OK     f=   0.486  a=31.3 b=39.6 gap=13.5 (face=3.0mm) n=[496, 496, 205, 205, 232, 232]  tape=0.486km B=11.90T unif=4.278% hoop=173MPa
  [ 170] OK     f=   0.486  a=31.2 b=42.1 gap=13.5 (face=3.0mm) n=[496, 496, 38, 38, 437, 437]  tape=0.486km B=11.65T unif=2.830% hoop=154MPa
  [ 171] viol   f=   0.481  a=36.8 b=43.0 gap=14.3 (face=4.7mm) n=[496, 496, 48, 48, 324, 324]  tape=0.481km B=9.99T unif=4.713% hoop=171MPa
  [a=32 b=37 nt=1628] KSP converged reason: 4, iterations: 1
  [a=26 b=31 nt=1710] KSP converged reason: 4, iterations: 1
  [a=34 b=44 nt=1786] KSP converged reason: 4, iterations: 1
  [a=33 b=47 nt=1730] KSP converged reason: 4, iterations: 1
  [a=29 b=40 nt=1392] KSP converged reason: 4, iterations: 1
  [ 172] OK     f=   0.406  a=31.7 b=36.8 gap=14.6 (face=5.1mm) n=[475, 475, 184, 184, 155, 155]  tape=0.406km B=10.65T unif=3.258% hoop=153MPa
  [ 173] INFEAS f=1104.800  a=27.3 b=30.7 gap=18.0 (face=12.1mm) n=[460, 460, 137, 137, 141, 141]  no evaluation (geometry pre-check)
  [ 174] viol   f=   3.005  a=28.9 b=40.5 gap=14.4 (face=4.8mm) n=[307, 307, 250, 250, 139, 139]  tape=0.335km B=8.84T unif=4.368% hoop=144MPa
  [ 175] OK     f=   0.490  a=34.0 b=44.2 gap=13.9 (face=3.7mm) n=[499, 499, 50, 50, 344, 344]  tape=0.490km B=10.47T unif=4.297% hoop=162MPa
  [ 176] OK     f=   0.340  a=25.9 b=31.3 gap=15.5 (face=7.1mm) n=[405, 405, 343, 343, 107, 107]  tape=0.340km B=12.31T unif=4.935% hoop=131MPa
  [ 177] OK     f=   0.499  a=33.0 b=46.7 gap=13.6 (face=3.2mm) n=[440, 440, 198, 198, 227, 227]  tape=0.499km B=10.06T unif=4.362% hoop=179MPa
  [ 178] INFEAS f=1082.570  a=26.9 b=30.5 gap=16.5 (face=9.1mm) n=[376, 376, 56, 56, 184, 184]  no evaluation (geometry pre-check)
  [ 179] INFEAS f=1002.859  a=24.7 b=41.0 gap=15.5 (face=7.1mm) n=[469, 469, 79, 79, 172, 172]  no evaluation (geometry pre-check)
  [ 180] INFEAS f=1003.205  a=35.0 b=39.8 gap=13.5 (face=3.0mm) n=[491, 491, 58, 58, 235, 235]  no evaluation (geometry pre-check)
  [a=27 b=32 nt=1672] KSP converged reason: 4, iterations: 1
  [a=22 b=28 nt=1576] KSP converged reason: 4, iterations: 1
  [a=35 b=44 nt=1996] KSP converged reason: 4, iterations: 1
  [a=25 b=33 nt=1590] KSP converged reason: 4, iterations: 1
  [a=33 b=47 nt=1756] KSP converged reason: 4, iterations: 1
  [ 181] OK     f=   0.365  a=26.9 b=32.2 gap=19.8 (face=15.6mm) n=[496, 496, 94, 94, 246, 246]  tape=0.365km B=10.01T unif=7.187% hoop=107MPa
  [ 182] OK     f=   0.313  a=25.1 b=32.9 gap=15.4 (face=6.8mm) n=[347, 347, 355, 355, 93, 93]  tape=0.313km B=11.02T unif=3.810% hoop=120MPa
  [ 183] OK     f=   0.274  a=21.5 b=28.2 gap=14.7 (face=5.4mm) n=[362, 362, 324, 324, 102, 102]  tape=0.274km B=12.41T unif=6.573% hoop=103MPa
  [ 184] OK     f=   0.563  a=34.7 b=43.7 gap=15.8 (face=7.6mm) n=[486, 486, 262, 262, 250, 250]  tape=0.563km B=11.24T unif=3.859% hoop=213MPa
  [ 185] INFEAS f=2663.467  a=36.5 b=35.0 gap=14.1 (face=4.2mm) n=[310, 310, 218, 218, 298, 298]  no evaluation (geometry pre-check)
  [ 186] OK     f=   0.508  a=33.4 b=46.8 gap=14.0 (face=4.1mm) n=[441, 441, 231, 231, 206, 206]  tape=0.508km B=10.11T unif=4.274% hoop=191MPa
  [ 187] INFEAS f=1113.362  a=27.2 b=30.5 gap=15.0 (face=6.0mm) n=[465, 465, 179, 179, 65, 65]  no evaluation (geometry pre-check)
  [ 188] INFEAS f=1000.947  a=29.9 b=34.7 gap=15.5 (face=7.0mm) n=[323, 323, 406, 406, 214, 214]  no evaluation (geometry pre-check)
  [ 189] INFEAS f=1995.836  a=31.8 b=31.8 gap=15.5 (face=7.1mm) n=[495, 495, 158, 158, 193, 193]  no evaluation (geometry pre-check)
  [a=28 b=37 nt=1734] KSP converged reason: 4, iterations: 1
  [a=28 b=37 nt=2102] KSP converged reason: 4, iterations: 1
  [a=27 b=38 nt=2118] KSP converged reason: 4, iterations: 1
  [a=22 b=27 nt=1068] KSP converged reason: 4, iterations: 1
  [a=23 b=39 nt=1220] KSP converged reason: 4, iterations: 1
  [ 190] INFEAS f=2840.721  a=22.0 b=20.2 gap=14.5 (face=5.0mm) n=[319, 319, 367, 367, 92, 92]  no evaluation (geometry pre-check)
  [ 191] INFEAS f=1080.754  a=19.6 b=28.9 gap=15.1 (face=6.1mm) n=[379, 379, 288, 288, 9, 9]  no evaluation (geometry pre-check)
  [ 192] OK     f=   0.412  a=28.1 b=36.6 gap=14.0 (face=4.0mm) n=[499, 499, 92, 92, 276, 276]  tape=0.412km B=11.47T unif=1.665% hoop=131MPa
  [ 193] INFEAS f=1005.112  a=20.9 b=26.8 gap=18.6 (face=13.2mm) n=[372, 372, 206, 206, 2, 2]  no evaluation (geometry pre-check)
  [ 194] INFEAS f=2414.143  a=13.6 b=22.9 gap=17.7 (face=11.3mm) n=[302, 302, 400, 400, 157, 157]  no evaluation (geometry pre-check)
  [ 195] OK     f=   0.482  a=26.8 b=38.0 gap=14.3 (face=4.6mm) n=[419, 419, 319, 319, 321, 321]  tape=0.482km B=13.59T unif=3.289% hoop=169MPa
  [ 196] OK     f=   0.487  a=27.7 b=37.0 gap=14.1 (face=4.1mm) n=[458, 458, 343, 343, 250, 250]  tape=0.487km B=13.92T unif=3.754% hoop=175MPa
  [ 197] viol   f=   5.672  a=22.6 b=39.1 gap=15.2 (face=6.4mm) n=[343, 343, 91, 91, 176, 176]  tape=0.278km B=8.36T unif=4.007% hoop=88MPa
  [ 198] viol   f=  10.527  a=21.6 b=26.8 gap=16.5 (face=9.0mm) n=[292, 292, 21, 21, 221, 221]  tape=0.177km B=7.73T unif=3.848% hoop=72MPa
  [a=26 b=36 nt=1350] KSP converged reason: 4, iterations: 1
  [a=34 b=41 nt=2112] KSP converged reason: 4, iterations: 1
  [a=33 b=42 nt=1908] KSP converged reason: 4, iterations: 1
  [a=26 b=36 nt=1766] KSP converged reason: 4, iterations: 1
  [a=27 b=45 nt=2154] KSP converged reason: 4, iterations: 1
  [a=33 b=48 nt=2244] KSP converged reason: 4, iterations: 1
  [a=33 b=42 nt=2202] KSP converged reason: 4, iterations: 1
  [a=29 b=41 nt=1774] KSP converged reason: 4, iterations: 1
  [ 199] OK     f=   0.511  a=33.5 b=42.0 gap=13.5 (face=3.1mm) n=[500, 500, 104, 104, 350, 350]  tape=0.511km B=11.41T unif=4.041% hoop=171MPa
  [ 200] INFEAS f=1147.472  a=23.0 b=38.6 gap=15.8 (face=7.5mm) n=[489, 489, 292, 292, 248, 248]  no evaluation (geometry pre-check)
  [ 201] OK     f=   0.399  a=26.3 b=35.9 gap=15.5 (face=7.0mm) n=[424, 424, 176, 176, 283, 283]  tape=0.399km B=11.49T unif=5.064% hoop=129MPa
  [ 202] OK     f=   0.522  a=34.0 b=40.9 gap=13.8 (face=3.6mm) n=[500, 500, 57, 57, 499, 499]  tape=0.522km B=12.07T unif=2.298% hoop=171MPa
  [ 203] viol   f=   0.440  a=26.4 b=35.8 gap=14.0 (face=3.9mm) n=[456, 456, 7, 7, 212, 212]  tape=0.300km B=9.74T unif=2.856% hoop=106MPa
  [ 204] OK     f=   0.647  a=32.7 b=48.0 gap=13.5 (face=3.1mm) n=[387, 387, 239, 239, 496, 496]  tape=0.647km B=11.35T unif=1.841% hoop=219MPa
  [ 205] OK     f=   0.542  a=27.1 b=45.1 gap=14.1 (face=4.3mm) n=[486, 486, 96, 96, 495, 495]  tape=0.542km B=12.37T unif=2.189% hoop=138MPa
  [ 206] OK     f=   0.585  a=32.6 b=42.4 gap=13.8 (face=3.6mm) n=[486, 486, 249, 249, 366, 366]  tape=0.585km B=12.95T unif=3.624% hoop=197MPa
  [ 207] OK     f=   0.446  a=28.9 b=41.2 gap=14.2 (face=4.4mm) n=[428, 428, 146, 146, 313, 313]  tape=0.446km B=10.79T unif=3.218% hoop=144MPa
  [a=24 b=30 nt=1576] KSP converged reason: 4, iterations: 1
  [a=28 b=34 nt=1386] KSP converged reason: 4, iterations: 1
  [a=27 b=36 nt=1562] KSP converged reason: 4, iterations: 1
  [a=28 b=40 nt=1844] KSP converged reason: 4, iterations: 1
  [a=29 b=34 nt=1704] KSP converged reason: 4, iterations: 1
  [a=26 b=33 nt=1734] KSP converged reason: 4, iterations: 1
  [ 208] INFEAS f=1161.292  a=25.1 b=28.1 gap=16.4 (face=8.9mm) n=[400, 400, 8, 8, 272, 272]  no evaluation (geometry pre-check)
  [ 209] OK     f=   0.457  a=28.5 b=39.6 gap=13.9 (face=3.7mm) n=[463, 463, 305, 305, 154, 154]  tape=0.457km B=12.20T unif=3.907% hoop=165MPa
  [ 210] OK     f=   0.350  a=27.0 b=35.8 gap=13.7 (face=3.5mm) n=[476, 476, 22, 22, 283, 283]  tape=0.350km B=10.81T unif=2.017% hoop=118MPa
  [ 211] OK     f=   0.347  a=26.2 b=33.1 gap=15.0 (face=5.9mm) n=[330, 330, 221, 221, 316, 316]  tape=0.347km B=10.98T unif=3.829% hoop=133MPa
  [ 212] INFEAS f=1101.284  a=23.1 b=26.9 gap=16.2 (face=8.3mm) n=[456, 456, 136, 136, 204, 204]  no evaluation (geometry pre-check)
  [ 213] viol   f=   0.722  a=27.9 b=34.4 gap=15.6 (face=7.2mm) n=[443, 443, 98, 98, 152, 152]  tape=0.316km B=9.55T unif=3.926% hoop=110MPa
  [ 214] OK     f=   0.382  a=29.0 b=34.2 gap=14.4 (face=4.9mm) n=[398, 398, 208, 208, 246, 246]  tape=0.382km B=11.15T unif=3.754% hoop=150MPa
  [ 215] INFEAS f=1798.102  a=25.3 b=25.8 gap=14.9 (face=5.8mm) n=[476, 476, 172, 172, 215, 215]  no evaluation (geometry pre-check)
  [ 216] OK     f=   0.318  a=24.0 b=30.5 gap=15.0 (face=5.9mm) n=[413, 413, 199, 199, 176, 176]  tape=0.318km B=11.54T unif=5.654% hoop=126MPa
  [a=28 b=33 nt=1716] KSP converged reason: 4, iterations: 1
  [a=30 b=42 nt=2126] KSP converged reason: 4, iterations: 1
  [a=30 b=40 nt=1750] KSP converged reason: 4, iterations: 1
  [a=27 b=33 nt=1720] KSP converged reason: 4, iterations: 1
  [a=24 b=31 nt=1490] KSP converged reason: 4, iterations: 1
  [a=25 b=40 nt=1712] KSP converged reason: 4, iterations: 1
  [ 217] OK     f=   0.518  a=30.3 b=41.5 gap=14.2 (face=4.4mm) n=[493, 493, 84, 84, 486, 486]  tape=0.518km B=12.31T unif=1.901% hoop=151MPa
  [ 218] OK     f=   0.384  a=24.6 b=40.2 gap=15.8 (face=7.6mm) n=[330, 330, 330, 330, 196, 196]  tape=0.384km B=10.78T unif=2.667% hoop=124MPa
  [ 219] INFEAS f=1229.498  a=22.7 b=31.8 gap=15.3 (face=6.6mm) n=[500, 500, 35, 35, 250, 250]  no evaluation (geometry pre-check)
  [ 220] OK     f=   0.367  a=27.0 b=33.1 gap=15.4 (face=6.7mm) n=[390, 390, 207, 207, 263, 263]  tape=0.367km B=11.35T unif=6.395% hoop=137MPa
  [ 221] viol   f=   0.510  a=24.0 b=31.4 gap=14.7 (face=5.5mm) n=[284, 284, 177, 177, 284, 284]  tape=0.278km B=9.66T unif=4.085% hoop=110MPa
  [ 222] INFEAS f=1000.084  a=23.9 b=30.4 gap=16.5 (face=9.1mm) n=[439, 439, 134, 134, 228, 228]  no evaluation (geometry pre-check)
  [ 223] OK     f=   0.369  a=27.6 b=32.8 gap=14.7 (face=5.3mm) n=[443, 443, 101, 101, 314, 314]  tape=0.369km B=11.25T unif=2.253% hoop=128MPa
  [ 224] INFEAS f=1773.456  a=20.8 b=21.5 gap=14.9 (face=5.8mm) n=[323, 323, 386, 386, 36, 36]  no evaluation (geometry pre-check)
  [ 225] OK     f=   0.443  a=30.3 b=40.3 gap=13.6 (face=3.3mm) n=[490, 490, 70, 70, 315, 315]  tape=0.443km B=11.08T unif=3.380% hoop=146MPa
  [a=25 b=32 nt=1826] KSP converged reason: 4, iterations: 1
  [a=26 b=32 nt=1702] KSP converged reason: 4, iterations: 1
  [a=26 b=33 nt=1644] KSP converged reason: 4, iterations: 1
  [a=30 b=38 nt=1780] KSP converged reason: 4, iterations: 1
  [a=27 b=38 nt=1592] KSP converged reason: 4, iterations: 1
  [a=31 b=39 nt=1776] KSP converged reason: 4, iterations: 1
  [a=26 b=32 nt=1624] KSP converged reason: 4, iterations: 1
  [a=26 b=37 nt=1520] KSP converged reason: 4, iterations: 1
  [a=32 b=44 nt=1612] KSP converged reason: 4, iterations: 1
  [ 226] OK     f=   0.437  a=31.3 b=38.6 gap=14.7 (face=5.3mm) n=[401, 401, 264, 264, 223, 223]  tape=0.437km B=11.06T unif=5.054% hoop=175MPa
  [ 227] OK     f=   0.362  a=25.6 b=32.3 gap=15.6 (face=7.2mm) n=[424, 424, 222, 222, 205, 205]  tape=0.362km B=11.64T unif=3.830% hoop=143MPa
  [ 228] OK     f=   0.351  a=26.0 b=33.0 gap=18.4 (face=12.9mm) n=[395, 395, 190, 190, 237, 237]  tape=0.351km B=10.04T unif=1.259% hoop=124MPa
  [ 229] OK     f=   0.376  a=27.0 b=38.2 gap=15.0 (face=6.1mm) n=[416, 416, 112, 112, 268, 268]  tape=0.376km B=10.14T unif=4.127% hoop=121MPa
  [ 230] OK     f=   0.373  a=24.7 b=31.6 gap=15.2 (face=6.4mm) n=[425, 425, 297, 297, 191, 191]  tape=0.373km B=13.16T unif=7.697% hoop=139MPa
  [ 231] OK     f=   0.428  a=30.0 b=37.7 gap=14.9 (face=5.9mm) n=[414, 414, 187, 187, 289, 289]  tape=0.428km B=10.94T unif=3.878% hoop=151MPa
  [ 232] OK     f=   0.314  a=26.3 b=32.1 gap=16.5 (face=9.0mm) n=[294, 294, 270, 270, 248, 248]  tape=0.314km B=10.22T unif=2.767% hoop=135MPa
  [ 233] viol   f=   0.349  a=26.0 b=36.7 gap=15.7 (face=7.4mm) n=[372, 372, 200, 200, 188, 188]  tape=0.346km B=9.96T unif=4.886% hoop=138MPa
  [ 234] viol   f=   0.937  a=31.6 b=44.0 gap=14.3 (face=4.6mm) n=[412, 412, 150, 150, 244, 244]  tape=0.438km B=9.50T unif=4.174% hoop=151MPa
  [a=24 b=37 nt=1868] KSP converged reason: 4, iterations: 1
  [a=26 b=38 nt=1928] KSP converged reason: 4, iterations: 1
  [a=24 b=30 nt=1424] KSP converged reason: 4, iterations: 1
  [a=27 b=34 nt=1470] KSP converged reason: 4, iterations: 1
  [a=24 b=34 nt=1570] KSP converged reason: 4, iterations: 1
  [a=25 b=37 nt=1624] KSP converged reason: 4, iterations: 1
  [ 235] OK     f=   0.343  a=25.2 b=36.8 gap=16.0 (face=8.0mm) n=[307, 307, 306, 306, 199, 199]  tape=0.343km B=10.33T unif=2.952% hoop=126MPa
  [ 236] INFEAS f=1116.286  a=25.4 b=28.7 gap=18.2 (face=12.4mm) n=[310, 310, 132, 132, 211, 211]  no evaluation (geometry pre-check)
  [ 237] OK     f=   0.443  a=25.8 b=38.0 gap=15.7 (face=7.3mm) n=[422, 422, 311, 311, 231, 231]  tape=0.443km B=12.56T unif=4.949% hoop=151MPa
  [ 238] INFEAS f=1825.723  a=28.7 b=29.2 gap=14.7 (face=5.3mm) n=[405, 405, 16, 16, 451, 451]  no evaluation (geometry pre-check)
  [ 239] INFEAS f=1275.283  a=26.5 b=28.9 gap=17.9 (face=11.9mm) n=[295, 295, 82, 82, 128, 128]  no evaluation (geometry pre-check)
  [ 240] OK     f=   0.414  a=23.9 b=37.0 gap=14.8 (face=5.6mm) n=[256, 256, 272, 272, 406, 406]  tape=0.414km B=10.14T unif=0.790% hoop=148MPa
  [ 241] viol   f=   1.636  a=26.9 b=34.3 gap=16.8 (face=9.6mm) n=[354, 354, 132, 132, 249, 249]  tape=0.318km B=9.19T unif=3.908% hoop=112MPa
  [ 242] viol   f=   1.142  a=23.7 b=33.8 gap=17.9 (face=11.9mm) n=[272, 272, 321, 321, 192, 192]  tape=0.315km B=9.36T unif=0.788% hoop=116MPa
  [ 243] viol   f=   0.969  a=23.8 b=30.1 gap=18.2 (face=12.5mm) n=[338, 338, 249, 249, 125, 125]  tape=0.272km B=9.41T unif=1.446% hoop=110MPa
  [a=29 b=39 nt=2234] KSP converged reason: 4, iterations: 1
  [a=23 b=29 nt=1694] KSP converged reason: 4, iterations: 1
  [a=26 b=38 nt=1828] KSP converged reason: 4, iterations: 1
  [a=22 b=33 nt=1736] KSP converged reason: 4, iterations: 1
  [a=28 b=41 nt=1804] KSP converged reason: 4, iterations: 1
  [a=24 b=35 nt=1312] KSP converged reason: 4, iterations: 1
  [a=23 b=38 nt=1650] KSP converged reason: 4, iterations: 1
  [a=28 b=40 nt=2198] KSP converged reason: 4, iterations: 1
  [ 244] viol   f=   5.050  a=23.9 b=35.5 gap=15.7 (face=7.5mm) n=[245, 245, 228, 228, 183, 183]  tape=0.265km B=8.45T unif=3.170% hoop=110MPa
  [ 245] OK     f=   0.537  a=29.0 b=38.7 gap=14.7 (face=5.3mm) n=[500, 500, 193, 193, 424, 424]  tape=0.537km B=13.47T unif=1.620% hoop=159MPa
  [ 246] OK     f=   0.411  a=25.7 b=38.2 gap=15.2 (face=6.4mm) n=[375, 375, 315, 315, 224, 224]  tape=0.411km B=11.89T unif=4.045% hoop=143MPa
  [ 247] OK     f=   0.410  a=27.7 b=40.6 gap=16.2 (face=8.5mm) n=[285, 285, 309, 309, 308, 308]  tape=0.410km B=10.31T unif=1.948% hoop=150MPa
  [ 248] INFEAS f=1160.362  a=26.1 b=29.1 gap=17.1 (face=10.3mm) n=[267, 267, 235, 235, 301, 301]  no evaluation (geometry pre-check)
  [ 249] OK     f=   0.305  a=22.9 b=29.1 gap=17.4 (face=10.8mm) n=[295, 295, 342, 342, 210, 210]  tape=0.305km B=10.63T unif=1.008% hoop=114MPa
  [ 250] OK     f=   0.325  a=22.4 b=33.0 gap=16.5 (face=9.0mm) n=[308, 308, 253, 253, 307, 307]  tape=0.325km B=10.80T unif=2.261% hoop=116MPa
  [ 251] viol   f=   1.477  a=22.9 b=37.5 gap=15.3 (face=6.6mm) n=[164, 164, 350, 350, 311, 311]  tape=0.354km B=9.25T unif=0.707% hoop=107MPa
  [ 252] OK     f=   0.539  a=28.1 b=40.3 gap=14.0 (face=4.0mm) n=[339, 339, 293, 293, 467, 467]  tape=0.539km B=11.82T unif=1.321% hoop=192MPa
  [a=24 b=31 nt=1692] KSP converged reason: 4, iterations: 1
  [a=22 b=34 nt=1738] KSP converged reason: 4, iterations: 1
  [a=27 b=33 nt=1414] KSP converged reason: 4, iterations: 1
  [a=23 b=32 nt=1528] KSP converged reason: 4, iterations: 1
  [ 253] INFEAS f=1219.274  a=22.0 b=31.4 gap=16.9 (face=9.8mm) n=[229, 229, 481, 481, 197, 197]  no evaluation (geometry pre-check)
  [ 254] viol   f=   2.282  a=26.7 b=32.8 gap=15.7 (face=7.3mm) n=[328, 328, 111, 111, 268, 268]  tape=0.290km B=9.00T unif=4.933% hoop=111MPa
  [ 255] INFEAS f=1202.745  a=19.4 b=23.7 gap=18.6 (face=13.3mm) n=[255, 255, 404, 404, 175, 175]  no evaluation (geometry pre-check)
  [ 256] INFEAS f=1045.842  a=22.6 b=34.2 gap=16.6 (face=9.3mm) n=[291, 291, 445, 445, 180, 180]  no evaluation (geometry pre-check)
  [ 257] INFEAS f=1140.342  a=25.3 b=28.5 gap=17.7 (face=11.5mm) n=[371, 371, 276, 276, 343, 343]  no evaluation (geometry pre-check)
  [ 258] OK     f=   0.336  a=23.9 b=31.3 gap=16.5 (face=9.1mm) n=[384, 384, 196, 196, 266, 266]  tape=0.336km B=11.29T unif=3.344% hoop=117MPa
  [ 259] INFEAS f=1002.872  a=19.1 b=29.4 gap=17.0 (face=10.0mm) n=[207, 207, 321, 321, 211, 211]  no evaluation (geometry pre-check)
  [ 260] OK     f=   0.346  a=22.2 b=34.3 gap=15.5 (face=7.1mm) n=[316, 316, 351, 351, 202, 202]  tape=0.346km B=11.38T unif=2.227% hoop=114MPa
  [ 261] OK     f=   0.282  a=22.7 b=32.1 gap=15.4 (face=6.8mm) n=[275, 275, 249, 249, 240, 240]  tape=0.282km B=10.13T unif=3.875% hoop=113MPa
  [a=28 b=39 nt=1792] KSP converged reason: 4, iterations: 1
  [a=25 b=33 nt=1554] KSP converged reason: 4, iterations: 1
  [a=26 b=39 nt=1558] KSP converged reason: 4, iterations: 1
  [a=21 b=33 nt=1404] KSP converged reason: 4, iterations: 1
  [a=21 b=34 nt=1498] KSP converged reason: 4, iterations: 1
  [a=24 b=42 nt=1808] KSP converged reason: 4, iterations: 1
  [a=23 b=35 nt=1566] KSP converged reason: 4, iterations: 1
  [a=23 b=29 nt=1488] KSP converged reason: 4, iterations: 1
  [ 262] viol   f=   0.763  a=21.5 b=33.1 gap=15.1 (face=6.2mm) n=[277, 277, 209, 209, 216, 216]  tape=0.268km B=9.50T unif=3.828% hoop=106MPa
  [ 263] INFEAS f=1753.381  a=20.2 b=20.8 gap=16.2 (face=8.4mm) n=[277, 277, 254, 254, 150, 150]  no evaluation (geometry pre-check)
  [ 264] OK     f=   0.405  a=23.9 b=41.7 gap=14.8 (face=5.7mm) n=[313, 313, 293, 293, 298, 298]  tape=0.405km B=11.18T unif=2.480% hoop=130MPa
  [ 265] viol   f=   0.664  a=25.1 b=33.2 gap=15.9 (face=7.8mm) n=[326, 326, 136, 136, 315, 315]  tape=0.309km B=9.58T unif=4.059% hoop=107MPa
  [ 266] OK     f=   0.446  a=27.8 b=39.3 gap=14.2 (face=4.3mm) n=[499, 499, 124, 124, 273, 273]  tape=0.446km B=11.58T unif=3.000% hoop=139MPa
  [ 267] viol   f=   1.004  a=26.3 b=38.8 gap=16.4 (face=8.9mm) n=[345, 345, 179, 179, 255, 255]  tape=0.360km B=9.43T unif=3.735% hoop=123MPa
  [ 268] viol   f=   0.281  a=20.8 b=33.9 gap=14.1 (face=4.3mm) n=[258, 258, 231, 231, 260, 260]  tape=0.278km B=9.96T unif=2.964% hoop=103MPa
  [ 269] OK     f=   0.330  a=23.4 b=35.5 gap=15.7 (face=7.5mm) n=[363, 363, 132, 132, 288, 288]  tape=0.330km B=10.14T unif=4.081% hoop=102MPa
  [ 270] viol   f=   0.761  a=23.3 b=28.7 gap=17.4 (face=10.9mm) n=[277, 277, 239, 239, 228, 228]  tape=0.260km B=9.50T unif=1.110% hoop=110MPa
  [a=21 b=33 nt=1602] KSP converged reason: 4, iterations: 1
  [a=18 b=27 nt=1112] KSP converged reason: 4, iterations: 1
  [a=26 b=33 nt=1592] KSP converged reason: 4, iterations: 1
  [a=22 b=32 nt=1260] KSP converged reason: 4, iterations: 1
  [a=22 b=33 nt=1720] KSP converged reason: 4, iterations: 1
  [a=23 b=41 nt=1378] KSP converged reason: 4, iterations: 1
  [a=20 b=36 nt=1502] KSP converged reason: 4, iterations: 1
  [a=24 b=34 nt=1574] KSP converged reason: 4, iterations: 1
  [ 271] OK     f=   0.318  a=21.7 b=32.9 gap=15.4 (face=6.7mm) n=[305, 305, 288, 288, 267, 267]  tape=0.318km B=11.53T unif=3.725% hoop=110MPa
  [ 272] viol   f=  10.893  a=23.0 b=40.7 gap=15.5 (face=7.0mm) n=[249, 249, 138, 138, 302, 302]  tape=0.313km B=7.70T unif=1.575% hoop=105MPa
  [ 273] OK     f=   0.324  a=25.9 b=33.2 gap=15.7 (face=7.4mm) n=[319, 319, 235, 235, 242, 242]  tape=0.324km B=10.26T unif=4.548% hoop=132MPa
  [ 274] OK     f=   0.305  a=20.5 b=32.6 gap=13.6 (face=3.2mm) n=[337, 337, 186, 186, 278, 278]  tape=0.305km B=11.29T unif=3.737% hoop=106MPa
  [ 275] viol   f=   1.661  a=22.3 b=32.3 gap=15.4 (face=6.8mm) n=[298, 298, 206, 206, 126, 126]  tape=0.246km B=9.16T unif=5.662% hoop=103MPa
  [ 276] INFEAS f=1236.470  a=15.8 b=30.2 gap=14.1 (face=4.2mm) n=[188, 188, 319, 319, 187, 187]  no evaluation (geometry pre-check)
  [ 277] viol   f=  14.732  a=18.1 b=27.1 gap=16.1 (face=8.2mm) n=[160, 160, 276, 276, 120, 120]  tape=0.184km B=7.30T unif=2.604% hoop=74MPa
  [ 278] viol   f=   1.309  a=20.4 b=35.8 gap=14.8 (face=5.6mm) n=[219, 219, 253, 253, 279, 279]  tape=0.294km B=9.29T unif=1.672% hoop=103MPa
  [ 279] viol   f=   0.352  a=24.4 b=33.8 gap=18.3 (face=12.6mm) n=[310, 310, 308, 308, 169, 169]  tape=0.312km B=9.86T unif=1.407% hoop=112MPa
  [a=24 b=29 nt=1786] KSP converged reason: 4, iterations: 1
  [a=24 b=32 nt=1774] KSP converged reason: 4, iterations: 1
  [a=23 b=36 nt=1812] KSP converged reason: 4, iterations: 1
  [a=21 b=36 nt=1762] KSP converged reason: 4, iterations: 1
  [a=23 b=34 nt=1404] KSP converged reason: 4, iterations: 1
  [ 280] OK     f=   0.354  a=24.2 b=31.9 gap=14.9 (face=5.9mm) n=[380, 380, 287, 287, 220, 220]  tape=0.354km B=12.51T unif=7.284% hoop=135MPa
  [ 281] viol   f=   0.664  a=22.9 b=34.3 gap=14.2 (face=4.5mm) n=[281, 281, 208, 208, 213, 213]  tape=0.280km B=9.56T unif=4.130% hoop=113MPa
  [ 282] OK     f=   0.342  a=24.1 b=29.4 gap=13.8 (face=3.6mm) n=[416, 416, 155, 155, 322, 322]  tape=0.342km B=12.39T unif=10.573% hoop=120MPa
  [ 283] INFEAS f=1019.031  a=18.5 b=37.4 gap=13.8 (face=3.5mm) n=[321, 321, 274, 274, 265, 265]  no evaluation (geometry pre-check)
  [ 284] INFEAS f=1006.301  a=22.7 b=35.6 gap=13.6 (face=3.2mm) n=[422, 422, 272, 272, 178, 178]  no evaluation (geometry pre-check)
  [ 285] INFEAS f=1008.589  a=19.4 b=29.1 gap=16.1 (face=8.3mm) n=[94, 94, 310, 310, 335, 335]  no evaluation (geometry pre-check)
  [ 286] OK     f=   0.360  a=20.7 b=36.2 gap=13.6 (face=3.3mm) n=[270, 270, 260, 260, 351, 351]  tape=0.360km B=10.67T unif=1.534% hoop=125MPa
  [ 287] OK     f=   0.378  a=23.1 b=36.3 gap=13.5 (face=3.1mm) n=[333, 333, 209, 209, 364, 364]  tape=0.378km B=11.27T unif=2.399% hoop=126MPa
  [ 288] INFEAS f=1026.630  a=20.2 b=31.9 gap=14.0 (face=4.1mm) n=[372, 372, 230, 230, 308, 308]  no evaluation (geometry pre-check)
  [a=25 b=32 nt=1834] KSP converged reason: 4, iterations: 1
  [a=24 b=32 nt=1986] KSP converged reason: 4, iterations: 1
  [a=23 b=31 nt=1968] KSP converged reason: 4, iterations: 1
  [a=22 b=34 nt=1646] KSP converged reason: 4, iterations: 1
  [a=21 b=27 nt=1558] KSP converged reason: 4, iterations: 1
  [ 289] INFEAS f=2136.052  a=24.0 b=23.7 gap=13.6 (face=3.1mm) n=[397, 397, 101, 101, 424, 424]  no evaluation (geometry pre-check)
  [ 290] OK     f=   0.377  a=24.0 b=31.9 gap=14.0 (face=4.0mm) n=[369, 369, 270, 270, 354, 354]  tape=0.377km B=13.30T unif=4.835% hoop=139MPa
  [ 291] INFEAS f=1261.877  a=18.2 b=29.4 gap=14.4 (face=4.7mm) n=[389, 389, 286, 286, 231, 231]  no evaluation (geometry pre-check)
  [ 292] OK     f=   0.255  a=20.9 b=27.1 gap=14.9 (face=5.7mm) n=[262, 262, 294, 294, 223, 223]  tape=0.255km B=10.99T unif=4.838% hoop=104MPa
  [ 293] INFEAS f=1537.423  a=19.6 b=29.8 gap=15.4 (face=6.8mm) n=[356, 356, 470, 470, 156, 156]  no evaluation (geometry pre-check)
  [ 294] OK     f=   0.350  a=22.6 b=30.7 gap=14.2 (face=4.4mm) n=[307, 307, 333, 333, 344, 344]  tape=0.350km B=12.89T unif=3.619% hoop=128MPa
  [ 295] OK     f=   0.320  a=22.4 b=33.8 gap=14.4 (face=4.7mm) n=[341, 341, 140, 140, 342, 342]  tape=0.320km B=10.63T unif=2.904% hoop=103MPa
  [ 296] OK     f=   0.364  a=24.5 b=31.6 gap=13.8 (face=3.6mm) n=[385, 385, 279, 279, 253, 253]  tape=0.364km B=12.94T unif=3.399% hoop=146MPa
  [ 297] INFEAS f=1045.485  a=24.2 b=28.4 gap=14.1 (face=4.2mm) n=[474, 474, 133, 133, 279, 279]  no evaluation (geometry pre-check)
  [a=24 b=32 nt=1602] KSP converged reason: 4, iterations: 1
  [a=22 b=27 nt=1666] KSP converged reason: 4, iterations: 1
  [a=24 b=31 nt=1764] KSP converged reason: 4, iterations: 1
  [a=19 b=29 nt=1748] KSP converged reason: 4, iterations: 1
  [a=22 b=30 nt=1648] KSP converged reason: 4, iterations: 1
  [a=19 b=27 nt=1370] KSP converged reason: 4, iterations: 1
  [a=25 b=32 nt=1652] KSP converged reason: 4, iterations: 1
  [a=22 b=31 nt=1480] KSP converged reason: 4, iterations: 1
  [ 298] OK     f=   0.295  a=22.3 b=30.1 gap=14.2 (face=4.3mm) n=[310, 310, 251, 251, 263, 263]  tape=0.295km B=11.56T unif=6.731% hoop=120MPa
  [ 299] viol   f=   2.781  a=24.4 b=32.0 gap=14.0 (face=4.0mm) n=[276, 276, 122, 122, 403, 403]  tape=0.327km B=8.89T unif=0.256% hoop=126MPa
  [ 300] OK     f=   0.289  a=21.7 b=27.4 gap=14.2 (face=4.4mm) n=[346, 346, 246, 246, 241, 241]  tape=0.289km B=12.73T unif=11.928% hoop=122MPa
  [ 301] OK     f=   0.333  a=23.6 b=31.3 gap=15.1 (face=6.2mm) n=[352, 352, 332, 332, 198, 198]  tape=0.333km B=12.36T unif=5.456% hoop=121MPa
  [ 302] viol   f=   0.241  a=18.9 b=26.8 gap=14.9 (face=5.7mm) n=[228, 228, 231, 231, 226, 226]  tape=0.207km B=9.87T unif=6.250% hoop=84MPa
  [ 303] INFEAS f=1003.077  a=22.4 b=31.8 gap=13.7 (face=3.4mm) n=[313, 313, 377, 377, 408, 408]  no evaluation (geometry pre-check)
  [ 304] OK     f=   0.289  a=19.5 b=29.1 gap=14.3 (face=4.5mm) n=[313, 313, 264, 264, 297, 297]  tape=0.289km B=12.50T unif=9.048% hoop=102MPa
  [ 305] OK     f=   0.320  a=25.3 b=32.5 gap=14.3 (face=4.6mm) n=[381, 381, 56, 56, 389, 389]  tape=0.320km B=10.39T unif=2.564% hoop=110MPa
  [ 306] OK     f=   0.288  a=22.1 b=30.8 gap=13.7 (face=3.5mm) n=[369, 369, 153, 153, 218, 218]  tape=0.288km B=10.84T unif=4.149% hoop=106MPa
  [a=21 b=30 nt=1528] KSP converged reason: 4, iterations: 1
  [a=20 b=29 nt=1340] KSP converged reason: 4, iterations: 1
  [a=21 b=28 nt=1570] KSP converged reason: 4, iterations: 1
  [a=20 b=28 nt=1476] KSP converged reason: 4, iterations: 1
  [a=20 b=27 nt=1370] KSP converged reason: 4, iterations: 1
  [a=21 b=34 nt=1612] KSP converged reason: 4, iterations: 1
  [a=20 b=32 nt=1542] KSP converged reason: 4, iterations: 1
  [ 307] viol   f=   0.356  a=20.4 b=27.8 gap=15.6 (face=7.1mm) n=[246, 246, 223, 223, 269, 269]  tape=0.240km B=9.76T unif=4.600% hoop=98MPa
  [ 308] INFEAS f=1004.674  a=21.5 b=26.1 gap=14.5 (face=5.1mm) n=[296, 296, 241, 241, 253, 253]  no evaluation (geometry pre-check)
  [ 309] OK     f=   0.262  a=20.5 b=28.0 gap=14.8 (face=5.6mm) n=[299, 299, 218, 218, 268, 268]  tape=0.262km B=11.11T unif=7.703% hoop=103MPa
  [ 310] OK     f=   0.299  a=20.9 b=33.6 gap=13.7 (face=3.5mm) n=[263, 263, 260, 260, 283, 283]  tape=0.299km B=10.66T unif=2.430% hoop=109MPa
  [ 311] viol   f=   1.111  a=19.7 b=27.3 gap=14.9 (face=5.8mm) n=[206, 206, 259, 259, 220, 220]  tape=0.220km B=9.33T unif=2.133% hoop=92MPa
  [ 312] OK     f=   0.236  a=19.7 b=29.0 gap=13.9 (face=3.7mm) n=[308, 308, 146, 146, 216, 216]  tape=0.236km B=10.11T unif=7.125% hoop=88MPa
  [ 313] OK     f=   0.274  a=20.8 b=29.8 gap=14.8 (face=5.6mm) n=[259, 259, 322, 322, 183, 183]  tape=0.274km B=10.40T unif=2.459% hoop=107MPa
  [ 314] INFEAS f=1650.895  a=19.5 b=20.4 gap=15.0 (face=6.0mm) n=[244, 244, 196, 196, 149, 149]  no evaluation (geometry pre-check)
  [ 315] OK     f=   0.274  a=19.8 b=31.6 gap=14.4 (face=4.8mm) n=[283, 283, 242, 242, 246, 246]  tape=0.274km B=10.84T unif=5.125% hoop=100MPa
  [a=23 b=29 nt=1678] KSP converged reason: 4, iterations: 1
  [a=21 b=27 nt=1732] KSP converged reason: 4, iterations: 1
  [a=22 b=31 nt=1376] KSP converged reason: 4, iterations: 1
  [a=20 b=29 nt=1554] KSP converged reason: 4, iterations: 1
  [a=21 b=31 nt=1576] KSP converged reason: 4, iterations: 1
  [a=21 b=31 nt=1420] KSP converged reason: 4, iterations: 1
  [a=18 b=32 nt=1288] KSP converged reason: 4, iterations: 1
  [ 316] OK     f=   0.260  a=19.7 b=28.7 gap=14.1 (face=4.3mm) n=[301, 301, 189, 189, 287, 287]  tape=0.260km B=11.06T unif=8.750% hoop=98MPa
  [ 317] OK     f=   0.281  a=21.0 b=31.2 gap=14.4 (face=4.8mm) n=[289, 289, 218, 218, 281, 281]  tape=0.281km B=10.70T unif=5.087% hoop=107MPa
  [ 318] INFEAS f=1003.762  a=21.3 b=29.9 gap=14.5 (face=5.0mm) n=[379, 379, 165, 165, 176, 176]  no evaluation (geometry pre-check)
  [ 319] viol   f=   0.373  a=22.3 b=31.2 gap=14.0 (face=3.9mm) n=[322, 322, 142, 142, 224, 224]  tape=0.264km B=9.77T unif=3.635% hoop=99MPa
  [ 320] viol   f=   0.375  a=20.8 b=30.6 gap=14.4 (face=4.8mm) n=[258, 258, 209, 209, 243, 243]  tape=0.248km B=9.75T unif=4.802% hoop=101MPa
  [ 321] INFEAS f=1235.742  a=15.9 b=23.5 gap=15.3 (face=6.6mm) n=[226, 226, 320, 320, 91, 91]  no evaluation (geometry pre-check)
  [ 322] OK     f=   0.281  a=20.5 b=27.1 gap=14.3 (face=4.7mm) n=[325, 325, 225, 225, 316, 316]  tape=0.281km B=12.47T unif=9.489% hoop=107MPa
  [ 323] OK     f=   0.299  a=22.6 b=28.6 gap=13.9 (face=3.8mm) n=[338, 338, 241, 241, 260, 260]  tape=0.299km B=12.20T unif=10.196% hoop=124MPa
  [ 324] viol   f=   8.714  a=18.0 b=31.5 gap=14.4 (face=4.8mm) n=[197, 197, 175, 175, 272, 272]  tape=0.230km B=7.94T unif=1.878% hoop=88MPa
  [a=22 b=32 nt=1794] KSP converged reason: 4, iterations: 1
  [a=22 b=29 nt=1586] KSP converged reason: 4, iterations: 1
  [a=21 b=28 nt=1492] KSP converged reason: 4, iterations: 1
  [a=19 b=29 nt=1728] KSP converged reason: 4, iterations: 1
  [a=21 b=31 nt=1670] KSP converged reason: 4, iterations: 1
  [a=19 b=29 nt=1420] KSP converged reason: 4, iterations: 1
  [a=20 b=30 nt=1614] KSP converged reason: 4, iterations: 1
  [a=19 b=27 nt=1654] KSP converged reason: 4, iterations: 1
  [ 325] OK     f=   0.279  a=19.5 b=28.7 gap=14.9 (face=5.7mm) n=[298, 298, 267, 267, 299, 299]  tape=0.279km B=12.10T unif=5.350% hoop=98MPa
  [ 326] OK     f=   0.254  a=21.0 b=27.9 gap=14.4 (face=4.9mm) n=[322, 322, 132, 132, 292, 292]  tape=0.254km B=10.48T unif=7.968% hoop=91MPa
  [ 327] INFEAS f=1037.327  a=22.3 b=26.3 gap=13.6 (face=3.2mm) n=[389, 389, 217, 217, 245, 245]  no evaluation (geometry pre-check)
  [ 328] OK     f=   0.287  a=21.7 b=29.4 gap=14.4 (face=4.9mm) n=[342, 342, 168, 168, 283, 283]  tape=0.287km B=11.28T unif=9.026% hoop=103MPa
  [ 329] OK     f=   0.228  a=18.5 b=28.6 gap=14.4 (face=4.8mm) n=[255, 255, 211, 211, 244, 244]  tape=0.228km B=10.15T unif=6.883% hoop=88MPa
  [ 330] OK     f=   0.297  a=21.3 b=31.3 gap=13.9 (face=3.7mm) n=[270, 270, 295, 295, 270, 270]  tape=0.297km B=11.31T unif=3.136% hoop=112MPa
  [ 331] OK     f=   0.343  a=21.5 b=32.1 gap=14.9 (face=5.7mm) n=[226, 226, 303, 303, 368, 368]  tape=0.343km B=10.46T unif=0.361% hoop=119MPa
  [ 332] OK     f=   0.273  a=20.1 b=29.8 gap=15.2 (face=6.4mm) n=[287, 287, 245, 245, 275, 275]  tape=0.273km B=11.05T unif=4.922% hoop=101MPa
  [ 333] OK     f=   0.256  a=19.4 b=26.6 gap=14.1 (face=4.2mm) n=[291, 291, 241, 241, 295, 295]  tape=0.256km B=11.88T unif=10.479% hoop=101MPa
  [a=20 b=28 nt=1556] KSP converged reason: 4, iterations: 1
  [a=21 b=30 nt=1432] KSP converged reason: 4, iterations: 1
  [a=18 b=28 nt=1650] KSP converged reason: 4, iterations: 1
  [a=19 b=26 nt=1404] KSP converged reason: 4, iterations: 1
  [ 334] OK     f=   0.258  a=18.5 b=28.0 gap=15.7 (face=7.4mm) n=[257, 257, 285, 285, 283, 283]  tape=0.258km B=11.06T unif=1.663% hoop=88MPa
  [ 335] INFEAS f=1000.047  a=17.6 b=26.4 gap=14.3 (face=4.6mm) n=[272, 272, 229, 229, 268, 268]  no evaluation (geometry pre-check)
  [ 336] INFEAS f=1000.003  a=18.7 b=29.0 gap=14.7 (face=5.3mm) n=[249, 249, 202, 202, 300, 300]  no evaluation (geometry pre-check)
  [ 337] viol   f=   0.341  a=20.5 b=27.7 gap=14.7 (face=5.3mm) n=[274, 274, 172, 172, 332, 332]  tape=0.266km B=9.81T unif=3.712% hoop=99MPa
  [ 338] INFEAS f=1026.233  a=19.4 b=28.3 gap=15.2 (face=6.3mm) n=[256, 256, 350, 350, 240, 240]  no evaluation (geometry pre-check)
  [ 339] OK     f=   0.260  a=21.3 b=30.2 gap=13.8 (face=3.6mm) n=[346, 346, 77, 77, 293, 293]  tape=0.260km B=10.07T unif=2.781% hoop=91MPa
  [ 340] OK     f=   0.217  a=18.6 b=26.3 gap=14.8 (face=5.6mm) n=[264, 264, 217, 217, 221, 221]  tape=0.217km B=10.42T unif=7.000% hoop=88MPa
  [ 341] INFEAS f=1106.281  a=16.0 b=25.9 gap=14.5 (face=5.1mm) n=[292, 292, 208, 208, 179, 179]  no evaluation (geometry pre-check)
  [ 342] INFEAS f=1117.584  a=16.5 b=26.0 gap=13.6 (face=3.3mm) n=[308, 308, 165, 165, 270, 270]  no evaluation (geometry pre-check)
  [a=19 b=24 nt=1634] KSP converged reason: 4, iterations: 1
  [a=19 b=27 nt=1442] KSP converged reason: 4, iterations: 1
  [a=20 b=26 nt=1612] KSP converged reason: 4, iterations: 1
  [a=19 b=26 nt=1320] KSP converged reason: 4, iterations: 1
  [a=19 b=26 nt=1440] KSP converged reason: 4, iterations: 1
  [a=21 b=30 nt=1570] KSP converged reason: 4, iterations: 1
  [a=20 b=27 nt=1668] KSP converged reason: 4, iterations: 1
  [ 343] OK     f=   0.235  a=19.1 b=24.2 gap=15.1 (face=6.1mm) n=[283, 283, 289, 289, 245, 245]  tape=0.235km B=12.27T unif=9.756% hoop=90MPa
  [ 344] OK     f=   0.207  a=18.7 b=25.8 gap=14.1 (face=4.2mm) n=[275, 275, 169, 169, 216, 216]  tape=0.207km B=10.19T unif=12.509% hoop=84MPa
  [ 345] INFEAS f=1011.228  a=19.4 b=27.3 gap=14.5 (face=4.9mm) n=[338, 338, 173, 173, 237, 237]  no evaluation (geometry pre-check)
  [ 346] OK     f=   0.229  a=18.8 b=26.6 gap=15.0 (face=6.1mm) n=[296, 296, 157, 157, 268, 268]  tape=0.229km B=10.40T unif=6.205% hoop=84MPa
  [ 347] OK     f=   0.219  a=18.9 b=26.1 gap=15.8 (face=7.5mm) n=[261, 261, 240, 240, 219, 219]  tape=0.219km B=10.37T unif=2.943% hoop=86MPa
  [ 348] OK     f=   0.248  a=19.7 b=26.1 gap=14.3 (face=4.6mm) n=[263, 263, 289, 289, 254, 254]  tape=0.248km B=11.63T unif=6.854% hoop=97MPa
  [ 349] OK     f=   0.273  a=20.5 b=30.4 gap=14.1 (face=4.3mm) n=[289, 289, 205, 205, 291, 291]  tape=0.273km B=10.70T unif=4.762% hoop=103MPa
  [ 350] INFEAS f=1001.926  a=17.6 b=25.7 gap=14.3 (face=4.6mm) n=[278, 278, 229, 229, 238, 238]  no evaluation (geometry pre-check)
  [ 351] OK     f=   0.257  a=19.8 b=26.7 gap=15.3 (face=6.5mm) n=[288, 288, 273, 273, 273, 273]  tape=0.257km B=11.87T unif=3.763% hoop=96MPa
  [a=19 b=27 nt=1618] KSP converged reason: 4, iterations: 1
  [a=20 b=27 nt=1384] KSP converged reason: 4, iterations: 1
  [a=18 b=25 nt=1300] KSP converged reason: 4, iterations: 1
  [a=19 b=30 nt=1604] KSP converged reason: 4, iterations: 1
  [a=19 b=26 nt=1448] KSP converged reason: 4, iterations: 1
  [a=20 b=26 nt=1406] KSP converged reason: 4, iterations: 1
  [a=18 b=23 nt=1408] KSP converged reason: 4, iterations: 1
  [ 352] INFEAS f=1001.617  a=16.0 b=23.1 gap=15.4 (face=6.8mm) n=[229, 229, 234, 234, 173, 173]  no evaluation (geometry pre-check)
  [ 353] viol   f=   0.367  a=18.5 b=25.5 gap=14.7 (face=5.5mm) n=[271, 271, 148, 148, 231, 231]  tape=0.200km B=9.71T unif=8.288% hoop=79MPa
  [ 354] OK     f=   0.230  a=19.1 b=26.4 gap=15.1 (face=6.1mm) n=[285, 285, 221, 221, 218, 218]  tape=0.230km B=10.74T unif=5.913% hoop=93MPa
  [ 355] INFEAS f=1000.066  a=16.5 b=22.1 gap=15.3 (face=6.7mm) n=[214, 214, 241, 241, 179, 179]  no evaluation (geometry pre-check)
  [ 356] OK     f=   0.274  a=19.5 b=29.5 gap=14.1 (face=4.1mm) n=[290, 290, 201, 201, 311, 311]  tape=0.274km B=10.80T unif=5.442% hoop=101MPa
  [ 357] OK     f=   0.225  a=19.9 b=26.8 gap=14.6 (face=5.1mm) n=[299, 299, 126, 126, 267, 267]  tape=0.225km B=10.09T unif=9.294% hoop=84MPa
  [ 358] OK     f=   0.228  a=19.5 b=26.3 gap=14.5 (face=5.1mm) n=[294, 294, 203, 203, 206, 206]  tape=0.228km B=10.90T unif=10.227% hoop=97MPa
  [ 359] OK     f=   0.254  a=19.4 b=26.8 gap=14.7 (face=5.5mm) n=[298, 298, 227, 227, 284, 284]  tape=0.254km B=11.61T unif=6.754% hoop=99MPa
  [ 360] OK     f=   0.187  a=17.8 b=23.0 gap=14.8 (face=5.7mm) n=[236, 236, 235, 235, 233, 233]  tape=0.187km B=10.68T unif=7.841% hoop=78MPa
  [a=20 b=25 nt=1536] KSP converged reason: 4, iterations: 1
  [a=17 b=23 nt=1456] KSP converged reason: 4, iterations: 1
  [a=20 b=26 nt=1388] KSP converged reason: 4, iterations: 1
  [a=19 b=24 nt=1394] KSP converged reason: 4, iterations: 1
  [a=17 b=26 nt=1398] KSP converged reason: 4, iterations: 1
  [a=17 b=24 nt=1336] KSP converged reason: 4, iterations: 1
  [ 361] OK     f=   0.209  a=17.2 b=26.3 gap=15.4 (face=6.8mm) n=[258, 258, 196, 196, 245, 245]  tape=0.209km B=10.00T unif=4.251% hoop=80MPa
  [ 362] OK     f=   0.180  a=17.1 b=23.7 gap=15.0 (face=6.1mm) n=[225, 225, 216, 216, 227, 227]  tape=0.180km B=10.03T unif=5.384% hoop=73MPa
  [ 363] OK     f=   0.229  a=20.4 b=26.3 gap=14.5 (face=4.9mm) n=[298, 298, 190, 190, 206, 206]  tape=0.229km B=10.75T unif=10.908% hoop=99MPa
  [ 364] INFEAS f=1001.412  a=18.5 b=27.2 gap=14.1 (face=4.1mm) n=[289, 289, 196, 196, 300, 300]  no evaluation (geometry pre-check)
  [ 365] OK     f=   0.238  a=19.6 b=25.1 gap=13.7 (face=3.3mm) n=[301, 301, 216, 216, 251, 251]  tape=0.238km B=11.81T unif=12.061% hoop=101MPa
  [ 366] OK     f=   0.208  a=19.1 b=24.2 gap=13.9 (face=3.8mm) n=[276, 276, 186, 186, 235, 235]  tape=0.208km B=10.82T unif=12.140% hoop=90MPa
  [ 367] INFEAS f=1002.612  a=19.4 b=28.2 gap=14.0 (face=4.0mm) n=[285, 285, 206, 206, 328, 328]  no evaluation (geometry pre-check)
  [ 368] OK     f=   0.195  a=17.2 b=22.9 gap=14.6 (face=5.1mm) n=[239, 239, 233, 233, 256, 256]  tape=0.195km B=11.00T unif=6.859% hoop=79MPa
  [ 369] INFEAS f=1000.116  a=17.4 b=23.8 gap=15.5 (face=6.9mm) n=[223, 223, 266, 266, 201, 201]  no evaluation (geometry pre-check)
  [a=18 b=25 nt=1404] KSP converged reason: 4, iterations: 1
  [a=18 b=23 nt=1404] KSP converged reason: 4, iterations: 1
  [a=19 b=27 nt=1326] KSP converged reason: 4, iterations: 1
  [a=19 b=24 nt=1340] KSP converged reason: 4, iterations: 1
  [a=18 b=24 nt=1406] KSP converged reason: 4, iterations: 1
  [a=18 b=24 nt=1382] KSP converged reason: 4, iterations: 1
  [ 370] INFEAS f=1101.486  a=15.3 b=26.4 gap=14.2 (face=4.4mm) n=[168, 168, 240, 240, 272, 272]  no evaluation (geometry pre-check)
  [ 371] viol   f=   0.326  a=18.9 b=26.9 gap=13.7 (face=3.5mm) n=[295, 295, 96, 96, 272, 272]  tape=0.212km B=9.76T unif=11.036% hoop=78MPa
  [ 372] OK     f=   0.208  a=18.1 b=24.5 gap=14.0 (face=4.0mm) n=[281, 281, 172, 172, 249, 249]  tape=0.208km B=10.87T unif=11.863% hoop=85MPa
  [ 373] viol   f=   0.196  a=18.6 b=24.1 gap=14.5 (face=5.0mm) n=[268, 268, 147, 147, 255, 255]  tape=0.196km B=10.00T unif=9.173% hoop=79MPa
  [ 374] OK     f=   0.201  a=18.4 b=23.9 gap=14.3 (face=4.6mm) n=[260, 260, 190, 190, 253, 253]  tape=0.201km B=10.45T unif=8.844% hoop=86MPa
  [ 375] INFEAS f=1144.262  a=19.1 b=22.2 gap=14.3 (face=4.6mm) n=[277, 277, 163, 163, 254, 254]  no evaluation (geometry pre-check)
  [ 376] OK     f=   0.201  a=18.1 b=23.5 gap=14.0 (face=4.0mm) n=[269, 269, 202, 202, 231, 231]  tape=0.201km B=10.99T unif=12.084% hoop=87MPa
  [ 377] INFEAS f=1000.417  a=16.9 b=22.4 gap=14.7 (face=5.3mm) n=[255, 255, 220, 220, 202, 202]  no evaluation (geometry pre-check)
  [ 378] OK     f=   0.196  a=18.3 b=23.8 gap=15.3 (face=6.6mm) n=[231, 231, 251, 251, 209, 209]  tape=0.196km B=10.17T unif=3.441% hoop=80MPa
  [a=20 b=26 nt=1420] KSP converged reason: 4, iterations: 1
  [a=18 b=23 nt=1282] KSP converged reason: 4, iterations: 1
  [a=18 b=23 nt=1406] KSP converged reason: 4, iterations: 1
  [a=19 b=24 nt=1438] KSP converged reason: 4, iterations: 1
  [a=18 b=26 nt=1320] KSP converged reason: 4, iterations: 1
  [a=18 b=25 nt=1310] KSP converged reason: 4, iterations: 1
  [a=18 b=25 nt=1372] KSP converged reason: 4, iterations: 1
  [ 379] viol   f=   2.295  a=17.8 b=26.0 gap=15.8 (face=7.5mm) n=[205, 205, 256, 256, 199, 199]  tape=0.201km B=8.98T unif=0.750% hoop=78MPa
  [ 380] OK     f=   0.183  a=18.0 b=23.1 gap=14.2 (face=4.4mm) n=[255, 255, 186, 186, 200, 200]  tape=0.183km B=10.23T unif=10.692% hoop=83MPa
  [ 381] OK     f=   0.189  a=17.6 b=22.9 gap=14.5 (face=5.0mm) n=[246, 246, 215, 215, 242, 242]  tape=0.189km B=10.81T unif=8.105% hoop=81MPa
  [ 382] OK     f=   0.224  a=19.5 b=26.0 gap=15.9 (face=7.7mm) n=[252, 252, 286, 286, 172, 172]  tape=0.224km B=10.09T unif=2.120% hoop=90MPa
  [ 383] OK     f=   0.207  a=18.6 b=24.4 gap=13.9 (face=3.7mm) n=[258, 258, 220, 220, 241, 241]  tape=0.207km B=10.99T unif=12.046% hoop=88MPa
  [ 384] INFEAS f=1004.339  a=19.1 b=23.8 gap=16.2 (face=8.4mm) n=[256, 256, 263, 263, 172, 172]  no evaluation (geometry pre-check)
  [ 385] viol   f=   0.201  a=18.2 b=24.7 gap=14.2 (face=4.4mm) n=[256, 256, 171, 171, 228, 228]  tape=0.194km B=9.94T unif=10.197% hoop=81MPa
  [ 386] INFEAS f=1002.184  a=19.7 b=24.5 gap=15.0 (face=6.1mm) n=[240, 240, 229, 229, 228, 228]  no evaluation (geometry pre-check)
  [ 387] OK     f=   0.199  a=18.3 b=24.7 gap=14.2 (face=4.4mm) n=[249, 249, 206, 206, 231, 231]  tape=0.199km B=10.35T unif=11.221% hoop=86MPa
  [a=18 b=23 nt=1402] KSP converged reason: 4, iterations: 1
  [a=18 b=25 nt=1430] KSP converged reason: 4, iterations: 1
  [ 388] INFEAS f=1007.778  a=17.9 b=22.5 gap=14.3 (face=4.7mm) n=[263, 263, 137, 137, 209, 209]  no evaluation (geometry pre-check)
  [ 389] INFEAS f=1004.267  a=16.9 b=25.0 gap=13.8 (face=3.6mm) n=[265, 265, 138, 138, 132, 132]  no evaluation (geometry pre-check)
  [ 390] INFEAS f=1000.034  a=16.7 b=21.6 gap=14.5 (face=5.1mm) n=[216, 216, 240, 240, 227, 227]  no evaluation (geometry pre-check)
  [ 391] INFEAS f=1003.582  a=15.4 b=20.2 gap=14.4 (face=4.8mm) n=[220, 220, 213, 213, 190, 190]  no evaluation (geometry pre-check)
  [ 392] INFEAS f=1005.960  a=16.5 b=21.1 gap=13.6 (face=3.3mm) n=[231, 231, 175, 175, 175, 175]  no evaluation (geometry pre-check)
  [ 393] viol   f=   0.287  a=18.5 b=25.4 gap=14.8 (face=5.6mm) n=[206, 206, 256, 256, 253, 253]  tape=0.211km B=9.80T unif=1.790% hoop=87MPa
  [ 394] INFEAS f=1014.644  a=18.0 b=22.4 gap=13.8 (face=3.6mm) n=[259, 259, 194, 194, 194, 194]  no evaluation (geometry pre-check)
  [ 395] INFEAS f=1060.632  a=17.3 b=21.0 gap=14.3 (face=4.6mm) n=[262, 262, 196, 196, 216, 216]  no evaluation (geometry pre-check)
  [ 396] OK     f=   0.199  a=18.2 b=23.4 gap=13.6 (face=3.2mm) n=[264, 264, 205, 205, 232, 232]  tape=0.199km B=11.05T unif=15.778% hoop=89MPa
  [a=17 b=25 nt=1368] KSP converged reason: 4, iterations: 1
  [a=17 b=25 nt=1262] KSP converged reason: 4, iterations: 1
  [a=17 b=23 nt=1272] KSP converged reason: 4, iterations: 1
  [a=16 b=23 nt=1304] KSP converged reason: 4, iterations: 1
  [ 397] viol   f=   0.203  a=17.5 b=24.6 gap=14.2 (face=4.3mm) n=[245, 245, 192, 192, 194, 194]  tape=0.184km B=9.90T unif=12.733% hoop=79MPa
  [ 398] INFEAS f=1602.891  a=17.8 b=19.1 gap=14.5 (face=5.0mm) n=[215, 215, 329, 329, 207, 207]  no evaluation (geometry pre-check)
  [ 399] INFEAS f=1006.264  a=15.7 b=21.4 gap=13.8 (face=3.7mm) n=[202, 202, 190, 190, 234, 234]  no evaluation (geometry pre-check)
  [ 400] viol   f=   0.800  a=16.7 b=22.7 gap=14.6 (face=5.3mm) n=[214, 214, 189, 189, 233, 233]  tape=0.170km B=9.44T unif=8.197% hoop=73MPa
  [ 401] OK     f=   0.192  a=16.9 b=24.5 gap=14.4 (face=4.8mm) n=[226, 226, 216, 216, 242, 242]  tape=0.192km B=10.19T unif=9.217% hoop=77MPa
  [ 402] INFEAS f=1032.554  a=17.5 b=21.6 gap=13.8 (face=3.7mm) n=[244, 244, 179, 179, 232, 232]  no evaluation (geometry pre-check)
  [ 403] INFEAS f=1147.629  a=16.2 b=19.3 gap=13.8 (face=3.6mm) n=[211, 211, 235, 235, 212, 212]  no evaluation (geometry pre-check)
  [ 404] OK     f=   0.169  a=16.0 b=23.1 gap=14.1 (face=4.1mm) n=[212, 212, 220, 220, 220, 220]  tape=0.169km B=10.23T unif=9.407% hoop=68MPa
  [ 405] INFEAS f=1014.522  a=18.7 b=23.1 gap=13.9 (face=3.8mm) n=[249, 249, 239, 239, 213, 213]  no evaluation (geometry pre-check)
  [a=18 b=24 nt=1414] KSP converged reason: 4, iterations: 1
  [a=17 b=24 nt=1382] KSP converged reason: 4, iterations: 1
  [a=18 b=26 nt=1274] KSP converged reason: 4, iterations: 1
  [a=16 b=24 nt=1190] KSP converged reason: 4, iterations: 1
  [ 406] OK     f=   0.192  a=17.1 b=24.4 gap=14.7 (face=5.5mm) n=[220, 220, 240, 240, 231, 231]  tape=0.192km B=10.26T unif=5.625% hoop=76MPa
  [ 407] OK     f=   0.198  a=17.8 b=23.6 gap=13.9 (face=3.8mm) n=[239, 239, 211, 211, 257, 257]  tape=0.198km B=10.48T unif=13.105% hoop=85MPa
  [ 408] INFEAS f=1375.454  a=15.3 b=20.2 gap=14.7 (face=5.4mm) n=[167, 167, 330, 330, 204, 204]  no evaluation (geometry pre-check)
  [ 409] viol   f=   0.529  a=17.9 b=26.1 gap=14.2 (face=4.4mm) n=[236, 236, 202, 202, 199, 199]  tape=0.192km B=9.59T unif=10.248% hoop=81MPa
  [ 410] INFEAS f=1048.804  a=14.8 b=21.6 gap=14.5 (face=5.1mm) n=[179, 179, 238, 238, 234, 234]  no evaluation (geometry pre-check)
  [ 411] INFEAS f=1006.158  a=16.5 b=25.0 gap=14.7 (face=5.5mm) n=[221, 221, 170, 170, 257, 257]  no evaluation (geometry pre-check)
  [ 412] viol   f=   1.366  a=16.2 b=23.6 gap=14.0 (face=3.9mm) n=[219, 219, 167, 167, 209, 209]  tape=0.162km B=9.22T unif=14.343% hoop=70MPa
  [ 413] INFEAS f=1000.073  a=15.9 b=22.7 gap=14.2 (face=4.4mm) n=[225, 225, 166, 166, 203, 203]  no evaluation (geometry pre-check)
  [ 414] INFEAS f=1125.292  a=15.3 b=22.3 gap=14.9 (face=5.9mm) n=[197, 197, 278, 278, 254, 254]  no evaluation (geometry pre-check)
  [a=18 b=24 nt=1432] KSP converged reason: 4, iterations: 1
  [a=18 b=25 nt=1374] KSP converged reason: 4, iterations: 1
  [a=18 b=24 nt=1396] KSP converged reason: 4, iterations: 1
  [a=18 b=25 nt=1414] KSP converged reason: 4, iterations: 1
  [a=17 b=25 nt=1388] KSP converged reason: 4, iterations: 1
  [a=17 b=25 nt=1282] KSP converged reason: 4, iterations: 1
  [a=19 b=26 nt=1364] KSP converged reason: 4, iterations: 1
  [ 415] OK     f=   0.195  a=17.1 b=24.9 gap=14.6 (face=5.2mm) n=[228, 228, 227, 227, 239, 239]  tape=0.195km B=10.38T unif=7.242% hoop=76MPa
  [ 416] INFEAS f=1102.787  a=15.4 b=23.9 gap=14.4 (face=4.9mm) n=[193, 193, 238, 238, 276, 276]  no evaluation (geometry pre-check)
  [ 417] viol   f=   0.437  a=16.9 b=24.8 gap=14.9 (face=5.8mm) n=[214, 214, 226, 226, 201, 201]  tape=0.180km B=9.64T unif=5.868% hoop=71MPa
  [ 418] INFEAS f=1009.904  a=16.7 b=24.8 gap=13.9 (face=3.8mm) n=[213, 213, 264, 264, 226, 226]  no evaluation (geometry pre-check)
  [ 419] OK     f=   0.197  a=17.6 b=24.1 gap=14.1 (face=4.1mm) n=[257, 257, 187, 187, 254, 254]  tape=0.197km B=10.57T unif=10.855% hoop=83MPa
  [ 420] OK     f=   0.205  a=17.9 b=24.8 gap=13.7 (face=3.5mm) n=[274, 274, 187, 187, 226, 226]  tape=0.205km B=10.91T unif=14.270% hoop=85MPa
  [ 421] OK     f=   0.204  a=18.3 b=23.9 gap=14.0 (face=3.9mm) n=[262, 262, 215, 215, 239, 239]  tape=0.204km B=11.08T unif=11.386% hoop=88MPa
  [ 422] OK     f=   0.207  a=18.1 b=25.3 gap=14.1 (face=4.1mm) n=[246, 246, 254, 254, 207, 207]  tape=0.207km B=10.85T unif=11.096% hoop=82MPa
  [ 423] OK     f=   0.212  a=18.8 b=25.9 gap=13.9 (face=3.7mm) n=[278, 278, 145, 145, 259, 259]  tape=0.212km B=10.15T unif=15.029% hoop=82MPa
  [a=17 b=25 nt=1382] KSP converged reason: 4, iterations: 1
  [a=17 b=24 nt=1308] KSP converged reason: 4, iterations: 1
  [a=18 b=25 nt=1334] KSP converged reason: 4, iterations: 1
  [a=18 b=25 nt=1392] KSP converged reason: 4, iterations: 1
  [a=18 b=24 nt=1392] KSP converged reason: 4, iterations: 1
  [a=18 b=26 nt=1336] KSP converged reason: 4, iterations: 1
  [ 424] OK     f=   0.204  a=18.1 b=24.8 gap=13.8 (face=3.7mm) n=[266, 266, 173, 173, 257, 257]  tape=0.204km B=10.51T unif=13.521% hoop=83MPa
  [ 425] INFEAS f=1022.095  a=16.4 b=25.4 gap=14.0 (face=4.1mm) n=[235, 235, 185, 185, 268, 268]  no evaluation (geometry pre-check)
  [ 426] OK     f=   0.195  a=17.7 b=24.8 gap=13.7 (face=3.4mm) n=[253, 253, 198, 198, 216, 216]  tape=0.195km B=10.41T unif=15.142% hoop=84MPa
  [ 427] OK     f=   0.200  a=17.2 b=24.9 gap=13.9 (face=3.8mm) n=[234, 234, 200, 200, 257, 257]  tape=0.200km B=10.00T unif=12.927% hoop=82MPa
  [ 428] INFEAS f=1001.146  a=16.4 b=22.2 gap=13.9 (face=3.8mm) n=[224, 224, 224, 224, 244, 244]  no evaluation (geometry pre-check)
  [ 429] OK     f=   0.194  a=18.0 b=23.7 gap=14.4 (face=4.8mm) n=[247, 247, 234, 234, 215, 215]  tape=0.194km B=10.92T unif=8.647% hoop=81MPa
  [ 430] OK     f=   0.183  a=17.0 b=23.9 gap=14.1 (face=4.1mm) n=[247, 247, 163, 163, 244, 244]  tape=0.183km B=10.00T unif=13.163% hoop=75MPa
  [ 431] INFEAS f=1010.600  a=16.1 b=25.2 gap=14.2 (face=4.4mm) n=[239, 239, 184, 184, 251, 251]  no evaluation (geometry pre-check)
  [ 432] OK     f=   0.198  a=17.8 b=25.6 gap=14.2 (face=4.4mm) n=[244, 244, 206, 206, 218, 218]  tape=0.198km B=10.10T unif=11.251% hoop=82MPa
  [a=17 b=25 nt=1374] KSP converged reason: 4, iterations: 1
  [a=17 b=24 nt=1328] KSP converged reason: 4, iterations: 1
  [a=16 b=23 nt=1288] KSP converged reason: 4, iterations: 1
  [a=18 b=24 nt=1382] KSP converged reason: 4, iterations: 1
  [a=16 b=23 nt=1252] KSP converged reason: 4, iterations: 1
  [a=17 b=25 nt=1300] KSP converged reason: 4, iterations: 1
  [ 433] OK     f=   0.171  a=16.4 b=22.8 gap=13.8 (face=3.6mm) n=[233, 233, 190, 190, 221, 221]  tape=0.171km B=10.20T unif=14.469% hoop=74MPa
  [ 434] OK     f=   0.189  a=17.3 b=24.4 gap=13.8 (face=3.6mm) n=[246, 246, 202, 202, 216, 216]  tape=0.189km B=10.42T unif=16.375% hoop=80MPa
  [ 435] INFEAS f=1000.108  a=18.6 b=25.2 gap=14.2 (face=4.3mm) n=[297, 297, 153, 153, 239, 239]  no evaluation (geometry pre-check)
  [ 436] OK     f=   0.196  a=18.0 b=24.4 gap=14.3 (face=4.6mm) n=[243, 243, 228, 228, 220, 220]  tape=0.196km B=10.65T unif=10.058% hoop=81MPa
  [ 437] viol   f=   0.242  a=17.2 b=24.6 gap=14.4 (face=4.9mm) n=[232, 232, 196, 196, 222, 222]  tape=0.183km B=9.83T unif=9.941% hoop=77MPa
  [ 438] INFEAS f=1002.880  a=16.8 b=23.2 gap=14.0 (face=4.0mm) n=[249, 249, 165, 165, 259, 259]  no evaluation (geometry pre-check)
  [ 439] INFEAS f=1001.863  a=16.9 b=24.4 gap=14.4 (face=4.8mm) n=[260, 260, 184, 184, 233, 233]  no evaluation (geometry pre-check)
  [ 440] OK     f=   0.192  a=17.0 b=24.5 gap=14.4 (face=4.8mm) n=[238, 238, 205, 205, 244, 244]  tape=0.192km B=10.27T unif=9.097% hoop=78MPa
  [ 441] viol   f=   0.166  a=16.4 b=23.1 gap=14.4 (face=4.7mm) n=[220, 220, 208, 208, 198, 198]  tape=0.166km B=9.98T unif=8.840% hoop=70MPa
  [a=16 b=23 nt=1270] KSP converged reason: 4, iterations: 1
  [a=17 b=23 nt=1334] KSP converged reason: 4, iterations: 1
  [a=17 b=23 nt=1346] KSP converged reason: 4, iterations: 1
  [a=17 b=24 nt=1362] KSP converged reason: 4, iterations: 1
  [a=17 b=23 nt=1248] KSP converged reason: 4, iterations: 1
  [a=15 b=22 nt=1178] KSP converged reason: 4, iterations: 1
  [a=16 b=23 nt=1210] KSP converged reason: 4, iterations: 1
  [a=17 b=24 nt=1332] KSP converged reason: 4, iterations: 1
  [ 442] OK     f=   0.179  a=16.5 b=23.2 gap=14.1 (face=4.1mm) n=[234, 234, 223, 223, 216, 216]  tape=0.179km B=10.74T unif=10.750% hoop=72MPa
  [ 443] INFEAS f=1000.719  a=17.1 b=24.9 gap=14.2 (face=4.4mm) n=[262, 262, 161, 161, 228, 228]  no evaluation (geometry pre-check)
  [ 444] viol   f=   0.633  a=15.3 b=22.0 gap=13.8 (face=3.6mm) n=[199, 199, 187, 187, 203, 203]  tape=0.146km B=9.51T unif=13.713% hoop=63MPa
  [ 445] viol   f=   0.208  a=16.6 b=23.4 gap=13.9 (face=3.7mm) n=[236, 236, 179, 179, 209, 209]  tape=0.172km B=9.87T unif=14.859% hoop=75MPa
  [ 446] OK     f=   0.189  a=17.2 b=24.2 gap=14.1 (face=4.2mm) n=[228, 228, 215, 215, 238, 238]  tape=0.189km B=10.29T unif=10.919% hoop=79MPa
  [ 447] OK     f=   0.180  a=17.3 b=22.5 gap=14.5 (face=5.0mm) n=[248, 248, 205, 205, 214, 214]  tape=0.180km B=10.47T unif=10.320% hoop=78MPa
  [ 448] OK     f=   0.173  a=16.5 b=23.2 gap=14.0 (face=4.1mm) n=[239, 239, 188, 188, 208, 208]  tape=0.173km B=10.04T unif=12.419% hoop=74MPa
  [ 449] viol   f=   0.613  a=16.1 b=22.9 gap=14.3 (face=4.5mm) n=[210, 210, 190, 190, 205, 205]  tape=0.157km B=9.52T unif=10.158% hoop=67MPa
  [ 450] OK     f=   0.184  a=16.6 b=24.2 gap=14.7 (face=5.3mm) n=[238, 238, 223, 223, 205, 205]  tape=0.184km B=10.48T unif=7.229% hoop=71MPa
  [a=17 b=23 nt=1440] KSP converged reason: 4, iterations: 1
  [a=16 b=24 nt=1240] KSP converged reason: 4, iterations: 1
  [a=17 b=23 nt=1332] KSP converged reason: 4, iterations: 1
  [a=16 b=22 nt=1322] KSP converged reason: 4, iterations: 1
  [a=17 b=23 nt=1370] KSP converged reason: 4, iterations: 1
  [ 451] INFEAS f=1018.383  a=15.7 b=22.4 gap=13.8 (face=3.7mm) n=[246, 246, 183, 183, 200, 200]  no evaluation (geometry pre-check)
  [ 452] OK     f=   0.189  a=16.8 b=23.0 gap=14.7 (face=5.4mm) n=[240, 240, 237, 237, 243, 243]  tape=0.189km B=11.07T unif=8.223% hoop=73MPa
  [ 453] INFEAS f=1003.119  a=16.8 b=24.7 gap=13.8 (face=3.6mm) n=[258, 258, 205, 205, 227, 227]  no evaluation (geometry pre-check)
  [ 454] viol   f=   0.176  a=16.3 b=23.9 gap=14.0 (face=4.0mm) n=[232, 232, 198, 198, 190, 190]  tape=0.171km B=9.95T unif=13.595% hoop=72MPa
  [ 455] OK     f=   0.181  a=16.6 b=23.2 gap=14.0 (face=4.0mm) n=[235, 235, 235, 235, 215, 215]  tape=0.181km B=11.04T unif=11.398% hoop=71MPa
  [ 456] OK     f=   0.174  a=17.1 b=22.8 gap=14.4 (face=4.7mm) n=[222, 222, 223, 223, 221, 221]  tape=0.174km B=10.42T unif=8.182% hoop=72MPa
  [ 457] OK     f=   0.169  a=16.5 b=21.9 gap=13.9 (face=3.8mm) n=[230, 230, 206, 206, 225, 225]  tape=0.169km B=10.60T unif=12.351% hoop=73MPa
  [ 458] INFEAS f=1034.893  a=14.7 b=22.6 gap=14.1 (face=4.2mm) n=[198, 198, 229, 229, 162, 162]  no evaluation (geometry pre-check)
  [ 459] INFEAS f=1002.580  a=16.0 b=23.2 gap=13.8 (face=3.6mm) n=[238, 238, 170, 170, 201, 201]  no evaluation (geometry pre-check)
  [a=17 b=24 nt=1298] KSP converged reason: 4, iterations: 1
  [a=16 b=23 nt=1306] KSP converged reason: 4, iterations: 1
  [a=17 b=23 nt=1258] KSP converged reason: 4, iterations: 1
  [a=17 b=24 nt=1314] KSP converged reason: 4, iterations: 1
  [a=16 b=22 nt=1356] KSP converged reason: 4, iterations: 1
  [a=17 b=23 nt=1284] KSP converged reason: 4, iterations: 1
  [a=16 b=22 nt=1254] KSP converged reason: 4, iterations: 1
  [ 460] OK     f=   0.175  a=16.4 b=22.5 gap=13.9 (face=3.8mm) n=[226, 226, 217, 217, 235, 235]  tape=0.175km B=10.70T unif=11.963% hoop=73MPa
  [ 461] OK     f=   0.180  a=17.0 b=23.5 gap=14.2 (face=4.4mm) n=[244, 244, 187, 187, 218, 218]  tape=0.180km B=10.09T unif=10.978% hoop=77MPa
  [ 462] INFEAS f=1017.490  a=16.0 b=22.0 gap=14.1 (face=4.2mm) n=[186, 186, 254, 254, 237, 237]  no evaluation (geometry pre-check)
  [ 463] OK     f=   0.176  a=17.3 b=23.0 gap=14.1 (face=4.2mm) n=[249, 249, 180, 180, 200, 200]  tape=0.176km B=10.09T unif=12.810% hoop=78MPa
  [ 464] OK     f=   0.182  a=16.9 b=23.7 gap=13.9 (face=3.8mm) n=[242, 242, 210, 210, 205, 205]  tape=0.182km B=10.52T unif=13.939% hoop=77MPa
  [ 465] OK     f=   0.172  a=16.4 b=22.8 gap=14.6 (face=5.2mm) n=[232, 232, 214, 214, 207, 207]  tape=0.172km B=10.36T unif=7.869% hoop=71MPa
  [ 466] OK     f=   0.176  a=16.9 b=23.5 gap=14.6 (face=5.3mm) n=[235, 235, 219, 219, 188, 188]  tape=0.176km B=10.29T unif=7.837% hoop=74MPa
  [ 467] viol   f=   0.158  a=15.9 b=22.0 gap=13.9 (face=3.8mm) n=[205, 205, 208, 208, 214, 214]  tape=0.157km B=9.97T unif=11.499% hoop=67MPa
  [ 468] INFEAS f=1002.831  a=16.1 b=20.9 gap=14.0 (face=4.0mm) n=[217, 217, 236, 236, 209, 209]  no evaluation (geometry pre-check)
  [a=17 b=23 nt=1334] KSP converged reason: 4, iterations: 1
  [a=16 b=22 nt=1308] KSP converged reason: 4, iterations: 1
  [a=16 b=22 nt=1256] KSP converged reason: 4, iterations: 1
  [a=16 b=23 nt=1254] KSP converged reason: 4, iterations: 1
  [a=17 b=24 nt=1270] KSP converged reason: 4, iterations: 1
  [a=16 b=23 nt=1208] KSP converged reason: 4, iterations: 1
  [a=16 b=23 nt=1296] KSP converged reason: 4, iterations: 1
  [ 469] viol   f=   0.404  a=15.8 b=22.5 gap=14.1 (face=4.2mm) n=[200, 200, 211, 211, 193, 193]  tape=0.155km B=9.65T unif=10.102% hoop=65MPa
  [ 470] INFEAS f=1000.024  a=15.6 b=21.4 gap=13.9 (face=3.9mm) n=[216, 216, 206, 206, 195, 195]  no evaluation (geometry pre-check)
  [ 471] INFEAS f=1000.076  a=16.0 b=22.7 gap=13.9 (face=3.8mm) n=[229, 229, 205, 205, 225, 225]  no evaluation (geometry pre-check)
  [ 472] OK     f=   0.179  a=17.0 b=23.1 gap=14.0 (face=4.1mm) n=[235, 235, 208, 208, 224, 224]  tape=0.179km B=10.51T unif=12.382% hoop=76MPa
  [ 473] OK     f=   0.159  a=15.6 b=22.7 gap=14.0 (face=4.0mm) n=[211, 211, 210, 210, 206, 206]  tape=0.159km B=10.08T unif=9.949% hoop=66MPa
  [ 474] OK     f=   0.168  a=16.4 b=22.2 gap=14.1 (face=4.1mm) n=[223, 223, 204, 204, 227, 227]  tape=0.168km B=10.30T unif=11.093% hoop=72MPa
  [ 475] OK     f=   0.175  a=16.9 b=23.7 gap=13.9 (face=3.9mm) n=[232, 232, 211, 211, 192, 192]  tape=0.175km B=10.21T unif=13.189% hoop=75MPa
  [ 476] OK     f=   0.157  a=15.9 b=21.5 gap=13.9 (face=3.8mm) n=[221, 221, 200, 200, 207, 207]  tape=0.157km B=10.26T unif=13.950% hoop=68MPa
  [ 477] OK     f=   0.172  a=16.4 b=23.1 gap=14.4 (face=4.7mm) n=[229, 229, 201, 201, 218, 218]  tape=0.172km B=10.12T unif=9.600% hoop=72MPa
  [a=16 b=22 nt=1246] KSP converged reason: 4, iterations: 1
  [ 478] INFEAS f=1001.430  a=15.9 b=21.6 gap=14.0 (face=4.1mm) n=[207, 207, 232, 232, 213, 213]  no evaluation (geometry pre-check)
  [ 479] INFEAS f=1002.688  a=15.4 b=22.2 gap=14.2 (face=4.5mm) n=[206, 206, 202, 202, 222, 222]  no evaluation (geometry pre-check)
  [ 480] INFEAS f=1002.166  a=15.4 b=21.3 gap=13.8 (face=3.5mm) n=[219, 219, 185, 185, 214, 214]  no evaluation (geometry pre-check)
  [ 481] INFEAS f=1001.828  a=16.6 b=21.4 gap=14.1 (face=4.2mm) n=[232, 232, 208, 208, 220, 220]  no evaluation (geometry pre-check)
  [ 482] INFEAS f=1018.924  a=15.5 b=21.7 gap=14.1 (face=4.1mm) n=[212, 212, 183, 183, 240, 240]  no evaluation (geometry pre-check)
  [ 483] INFEAS f=1000.224  a=16.3 b=22.3 gap=14.4 (face=4.8mm) n=[237, 237, 229, 229, 211, 211]  no evaluation (geometry pre-check)
  [ 484] INFEAS f=1000.918  a=15.4 b=21.5 gap=14.1 (face=4.2mm) n=[217, 217, 185, 185, 205, 205]  no evaluation (geometry pre-check)
  [ 485] INFEAS f=1001.135  a=15.7 b=21.6 gap=13.9 (face=3.8mm) n=[226, 226, 180, 180, 196, 196]  no evaluation (geometry pre-check)
  [ 486] OK     f=   0.156  a=15.8 b=22.0 gap=13.8 (face=3.6mm) n=[214, 214, 199, 199, 210, 210]  tape=0.156km B=10.08T unif=13.823% hoop=67MPa
  [a=16 b=23 nt=1288] KSP converged reason: 4, iterations: 1
  [a=16 b=22 nt=1302] KSP converged reason: 4, iterations: 1
  [a=16 b=22 nt=1256] KSP converged reason: 4, iterations: 1
  [a=16 b=22 nt=1238] KSP converged reason: 4, iterations: 1
  [ 487] OK     f=   0.165  a=15.9 b=22.2 gap=14.0 (face=4.0mm) n=[225, 225, 205, 205, 221, 221]  tape=0.165km B=10.48T unif=11.179% hoop=69MPa
  [ 488] INFEAS f=1008.234  a=15.4 b=21.8 gap=14.4 (face=4.7mm) n=[229, 229, 189, 189, 192, 192]  no evaluation (geometry pre-check)
  [ 489] OK     f=   0.155  a=15.6 b=22.0 gap=14.0 (face=4.0mm) n=[215, 215, 212, 212, 192, 192]  tape=0.155km B=10.25T unif=11.462% hoop=63MPa
  [ 490] INFEAS f=1000.664  a=15.1 b=21.9 gap=14.0 (face=3.9mm) n=[206, 206, 207, 207, 200, 200]  no evaluation (geometry pre-check)
  [ 491] OK     f=   0.169  a=16.3 b=22.7 gap=14.0 (face=3.9mm) n=[224, 224, 191, 191, 229, 229]  tape=0.169km B=10.01T unif=12.467% hoop=73MPa
  [ 492] INFEAS f=1003.750  a=15.8 b=21.6 gap=14.3 (face=4.6mm) n=[206, 206, 233, 233, 200, 200]  no evaluation (geometry pre-check)
  [ 493] viol   f=   0.207  a=15.9 b=22.4 gap=13.9 (face=3.8mm) n=[214, 214, 192, 192, 222, 222]  tape=0.162km B=9.85T unif=13.023% hoop=70MPa
  [ 494] INFEAS f=1000.437  a=15.7 b=21.2 gap=14.2 (face=4.5mm) n=[223, 223, 219, 219, 212, 212]  no evaluation (geometry pre-check)
  [ 495] INFEAS f=1001.678  a=15.9 b=22.6 gap=14.3 (face=4.6mm) n=[233, 233, 220, 220, 212, 212]  no evaluation (geometry pre-check)
  [a=16 b=24 nt=1302] KSP converged reason: 4, iterations: 1
  [a=16 b=22 nt=1236] KSP converged reason: 4, iterations: 1
  [a=16 b=22 nt=1240] KSP converged reason: 4, iterations: 1
  [a=16 b=23 nt=1322] KSP converged reason: 4, iterations: 1
  [a=15 b=21 nt=1214] KSP converged reason: 4, iterations: 1
  [ 496] OK     f=   0.178  a=16.4 b=23.8 gap=13.9 (face=3.8mm) n=[235, 235, 202, 202, 214, 214]  tape=0.178km B=10.30T unif=13.428% hoop=75MPa
  [ 497] OK     f=   0.149  a=15.5 b=21.5 gap=14.1 (face=4.2mm) n=[208, 208, 208, 208, 191, 191]  tape=0.149km B=10.00T unif=12.356% hoop=62MPa
  [ 498] INFEAS f=1000.214  a=16.1 b=22.5 gap=14.4 (face=4.8mm) n=[223, 223, 233, 233, 215, 215]  no evaluation (geometry pre-check)
  [ 499] INFEAS f=1000.211  a=15.9 b=21.8 gap=14.0 (face=3.9mm) n=[228, 228, 216, 216, 185, 185]  no evaluation (geometry pre-check)
  [ 500] OK     f=   0.156  a=15.8 b=22.0 gap=14.1 (face=4.1mm) n=[215, 215, 207, 207, 196, 196]  tape=0.156km B=10.06T unif=10.526% hoop=66MPa
  [ 501] OK     f=   0.170  a=15.9 b=22.9 gap=14.1 (face=4.3mm) n=[218, 218, 220, 220, 223, 223]  tape=0.170km B=10.46T unif=9.140% hoop=67MPa
  [ 502] OK     f=   0.155  a=15.7 b=21.8 gap=14.1 (face=4.1mm) n=[217, 217, 200, 200, 203, 203]  tape=0.155km B=10.16T unif=12.098% hoop=76MPa
  [ 503] INFEAS f=1000.000  a=15.8 b=22.2 gap=14.0 (face=4.0mm) n=[219, 219, 222, 222, 208, 208]  no evaluation (geometry pre-check)
  [ 504] INFEAS f=1000.068  a=15.6 b=22.2 gap=14.0 (face=4.0mm) n=[217, 217, 217, 217, 216, 216]  no evaluation (geometry pre-check)
  [a=16 b=22 nt=1258] KSP converged reason: 4, iterations: 1
  [a=15 b=20 nt=1202] KSP converged reason: 4, iterations: 1
  [a=16 b=22 nt=1308] KSP converged reason: 4, iterations: 1
  [a=16 b=21 nt=1244] KSP converged reason: 4, iterations: 1
  [a=16 b=22 nt=1242] KSP converged reason: 4, iterations: 1
  [a=16 b=22 nt=1220] KSP converged reason: 4, iterations: 1
  [a=16 b=22 nt=1244] KSP converged reason: 4, iterations: 1
  [ 505] OK     f=   0.152  a=15.7 b=21.3 gap=14.1 (face=4.2mm) n=[213, 213, 196, 196, 213, 213]  tape=0.152km B=10.00T unif=14.220% hoop=66MPa
  [ 506] OK     f=   0.159  a=15.8 b=22.2 gap=14.1 (face=4.1mm) n=[217, 217, 212, 212, 200, 200]  tape=0.159km B=10.28T unif=10.494% hoop=66MPa
  [ 507] viol   f=   0.149  a=15.3 b=20.4 gap=14.0 (face=4.0mm) n=[202, 202, 202, 202, 197, 197]  tape=0.140km B=9.93T unif=19.829% hoop=61MPa
  [ 508] viol   f=   0.163  a=15.9 b=21.8 gap=13.9 (face=3.9mm) n=[219, 219, 189, 189, 213, 213]  tape=0.157km B=9.94T unif=13.140% hoop=68MPa
  [ 509] OK     f=   0.167  a=16.1 b=22.3 gap=14.0 (face=4.1mm) n=[226, 226, 205, 205, 223, 223]  tape=0.167km B=10.42T unif=11.077% hoop=70MPa
  [ 510] viol   f=   0.159  a=15.7 b=21.9 gap=14.0 (face=4.0mm) n=[210, 210, 205, 205, 195, 195]  tape=0.153km B=9.94T unif=11.085% hoop=64MPa
  [ 511] OK     f=   0.154  a=15.5 b=21.7 gap=14.0 (face=3.9mm) n=[213, 213, 198, 198, 211, 211]  tape=0.154km B=10.10T unif=11.911% hoop=65MPa
  [ 512] INFEAS f=1000.486  a=16.0 b=22.5 gap=13.8 (face=3.6mm) n=[230, 230, 202, 202, 222, 222]  no evaluation (geometry pre-check)
  [ 513] INFEAS f=1027.975  a=15.1 b=20.7 gap=14.0 (face=4.0mm) n=[195, 195, 237, 237, 192, 192]  no evaluation (geometry pre-check)
  [a=16 b=22 nt=1244] KSP converged reason: 4, iterations: 1
  [a=15 b=21 nt=1182] KSP converged reason: 4, iterations: 1
  [a=16 b=21 nt=1266] KSP converged reason: 4, iterations: 1
  [a=16 b=22 nt=1244] KSP converged reason: 4, iterations: 1
  [a=15 b=21 nt=1182] KSP converged reason: 4, iterations: 1
  [ 514] viol   f=   0.234  a=15.2 b=21.2 gap=13.8 (face=3.7mm) n=[202, 202, 197, 197, 192, 192]  tape=0.142km B=9.79T unif=14.492% hoop=61MPa
  [ 515] INFEAS f=1000.520  a=15.0 b=20.1 gap=14.0 (face=4.0mm) n=[205, 205, 200, 200, 189, 189]  no evaluation (geometry pre-check)
  [ 516] INFEAS f=1000.002  a=15.4 b=20.6 gap=13.8 (face=3.7mm) n=[193, 193, 199, 199, 210, 210]  no evaluation (geometry pre-check)
  [ 517] viol   f=   0.169  a=16.3 b=21.7 gap=13.9 (face=3.7mm) n=[231, 231, 171, 171, 220, 220]  tape=0.160km B=9.93T unif=15.012% hoop=71MPa
  [ 518] OK     f=   0.156  a=16.0 b=21.5 gap=14.2 (face=4.4mm) n=[215, 215, 216, 216, 202, 202]  tape=0.156km B=10.29T unif=13.869% hoop=65MPa
  [ 519] viol   f=   0.213  a=15.0 b=20.7 gap=13.7 (face=3.4mm) n=[200, 200, 191, 191, 200, 200]  tape=0.139km B=9.81T unif=18.215% hoop=62MPa
  [ 520] INFEAS f=1000.684  a=15.2 b=20.7 gap=14.1 (face=4.2mm) n=[204, 204, 210, 210, 194, 194]  no evaluation (geometry pre-check)
  [ 521] viol   f=   0.154  a=15.7 b=21.6 gap=13.8 (face=3.6mm) n=[208, 208, 201, 201, 213, 213]  tape=0.154km B=9.99T unif=12.761% hoop=66MPa
  [ 522] INFEAS f=1000.038  a=15.7 b=21.6 gap=14.0 (face=4.0mm) n=[219, 219, 191, 191, 194, 194]  no evaluation (geometry pre-check)
  [a=16 b=21 nt=1246] KSP converged reason: 4, iterations: 1
  [a=16 b=22 nt=1256] KSP converged reason: 4, iterations: 1
  [a=16 b=22 nt=1254] KSP converged reason: 4, iterations: 1
  [a=15 b=22 nt=1240] KSP converged reason: 4, iterations: 1
  [a=15 b=21 nt=1194] KSP converged reason: 4, iterations: 1
  [a=16 b=22 nt=1230] KSP converged reason: 4, iterations: 1
  [ 523] OK     f=   0.157  a=15.9 b=21.6 gap=13.8 (face=3.6mm) n=[218, 218, 207, 207, 202, 202]  tape=0.157km B=10.35T unif=14.239% hoop=67MPa
  [ 524] OK     f=   0.160  a=16.2 b=21.9 gap=14.0 (face=3.9mm) n=[222, 222, 196, 196, 210, 210]  tape=0.160km B=10.10T unif=12.744% hoop=70MPa
  [ 525] viol   f=   0.165  a=16.1 b=21.3 gap=14.0 (face=3.9mm) n=[222, 222, 184, 184, 217, 217]  tape=0.156km B=9.93T unif=15.149% hoop=70MPa
  [ 526] viol   f=   0.227  a=15.3 b=21.0 gap=14.0 (face=3.9mm) n=[206, 206, 191, 191, 200, 200]  tape=0.144km B=9.80T unif=15.043% hoop=63MPa
  [ 527] OK     f=   0.155  a=15.4 b=22.3 gap=14.0 (face=3.9mm) n=[209, 209, 210, 210, 201, 201]  tape=0.155km B=10.13T unif=10.618% hoop=61MPa
  [ 528] viol   f=   0.159  a=15.8 b=22.1 gap=13.9 (face=3.8mm) n=[212, 212, 200, 200, 203, 203]  tape=0.155km B=9.96T unif=12.322% hoop=65MPa
  [ 529] INFEAS f=1000.490  a=15.4 b=20.4 gap=14.0 (face=4.0mm) n=[215, 215, 184, 184, 208, 208]  no evaluation (geometry pre-check)
  [ 530] INFEAS f=1000.543  a=16.2 b=21.1 gap=14.0 (face=4.1mm) n=[229, 229, 177, 177, 203, 203]  no evaluation (geometry pre-check)
  [ 531] INFEAS f=1000.032  a=15.1 b=20.5 gap=14.0 (face=4.0mm) n=[193, 193, 204, 204, 192, 192]  no evaluation (geometry pre-check)
  [a=16 b=22 nt=1278] KSP converged reason: 4, iterations: 1
  [a=16 b=22 nt=1222] KSP converged reason: 4, iterations: 1
  [a=16 b=22 nt=1228] KSP converged reason: 4, iterations: 1
  [ 532] INFEAS f=1003.869  a=15.2 b=22.0 gap=13.9 (face=3.7mm) n=[219, 219, 196, 196, 198, 198]  no evaluation (geometry pre-check)
  [ 533] viol   f=   0.153  a=15.7 b=21.7 gap=13.9 (face=3.7mm) n=[210, 210, 201, 201, 200, 200]  tape=0.152km B=9.98T unif=12.456% hoop=65MPa
  [ 534] OK     f=   0.150  a=15.5 b=21.7 gap=13.8 (face=3.6mm) n=[206, 206, 204, 204, 204, 204]  tape=0.150km B=10.04T unif=12.574% hoop=63MPa
  [ 535] INFEAS f=1000.068  a=15.5 b=22.8 gap=13.9 (face=3.8mm) n=[212, 212, 216, 216, 206, 206]  no evaluation (geometry pre-check)
  [ 536] INFEAS f=1000.278  a=15.4 b=22.1 gap=13.8 (face=3.7mm) n=[213, 213, 203, 203, 196, 196]  no evaluation (geometry pre-check)
  [ 537] INFEAS f=1000.200  a=15.4 b=21.9 gap=14.1 (face=4.3mm) n=[205, 205, 214, 214, 188, 188]  no evaluation (geometry pre-check)
  [ 538] INFEAS f=1005.012  a=14.7 b=20.7 gap=14.1 (face=4.2mm) n=[199, 199, 205, 205, 182, 182]  no evaluation (geometry pre-check)
  [ 539] INFEAS f=1000.016  a=14.7 b=21.3 gap=13.8 (face=3.5mm) n=[194, 194, 190, 190, 192, 192]  no evaluation (geometry pre-check)
  [ 540] OK     f=   0.161  a=15.9 b=21.9 gap=14.0 (face=3.9mm) n=[223, 223, 209, 209, 207, 207]  tape=0.161km B=10.44T unif=12.978% hoop=67MPa
  [a=16 b=22 nt=1258] KSP converged reason: 4, iterations: 1
  [a=15 b=22 nt=1216] KSP converged reason: 4, iterations: 1
  [a=16 b=22 nt=1238] KSP converged reason: 4, iterations: 1
  [a=16 b=21 nt=1270] KSP converged reason: 4, iterations: 1
  [a=16 b=21 nt=1238] KSP converged reason: 4, iterations: 1
  [a=16 b=22 nt=1272] KSP converged reason: 4, iterations: 1
  [a=15 b=21 nt=1222] KSP converged reason: 4, iterations: 1
  [ 541] OK     f=   0.161  a=15.9 b=22.3 gap=13.9 (face=3.7mm) n=[221, 221, 206, 206, 202, 202]  tape=0.161km B=10.28T unif=13.405% hoop=67MPa
  [ 542] OK     f=   0.155  a=15.8 b=21.9 gap=13.7 (face=3.4mm) n=[213, 213, 201, 201, 205, 205]  tape=0.155km B=10.09T unif=14.183% hoop=66MPa
  [ 543] OK     f=   0.162  a=16.0 b=22.3 gap=14.0 (face=3.9mm) n=[217, 217, 216, 216, 203, 203]  tape=0.162km B=10.38T unif=11.401% hoop=66MPa
  [ 544] viol   f=   0.178  a=15.3 b=21.8 gap=13.9 (face=3.7mm) n=[201, 201, 201, 201, 206, 206]  tape=0.150km B=9.88T unif=12.203% hoop=63MPa
  [ 545] INFEAS f=1000.282  a=15.2 b=20.8 gap=13.7 (face=3.4mm) n=[200, 200, 179, 179, 210, 210]  no evaluation (geometry pre-check)
  [ 546] OK     f=   0.156  a=15.9 b=21.3 gap=13.9 (face=3.7mm) n=[217, 217, 203, 203, 215, 215]  tape=0.156km B=10.39T unif=16.499% hoop=67MPa
  [ 547] OK     f=   0.151  a=15.6 b=21.4 gap=13.8 (face=3.7mm) n=[211, 211, 205, 205, 203, 203]  tape=0.151km B=10.18T unif=13.678% hoop=63MPa
  [ 548] viol   f=   0.146  a=15.3 b=21.0 gap=13.8 (face=3.7mm) n=[199, 199, 206, 206, 206, 206]  tape=0.146km B=10.00T unif=13.614% hoop=63MPa
  [ 549] INFEAS f=1001.738  a=15.2 b=21.7 gap=13.9 (face=3.8mm) n=[203, 203, 215, 215, 209, 209]  no evaluation (geometry pre-check)
  [a=16 b=21 nt=1262] KSP converged reason: 4, iterations: 1
  [a=16 b=22 nt=1276] KSP converged reason: 4, iterations: 1
  [a=16 b=21 nt=1262] KSP converged reason: 4, iterations: 1
  [a=15 b=21 nt=1204] KSP converged reason: 4, iterations: 1
  [a=15 b=21 nt=1218] KSP converged reason: 4, iterations: 1
  [a=15 b=22 nt=1222] KSP converged reason: 4, iterations: 1
[0]PETSC ERROR: ------------------------------------------------------------------------
[0]PETSC ERROR: Caught signal number 15 Terminate: Some process (or the batch system) has told this process to end
[0]PETSC ERROR: Try option -start_in_debugger or -on_error_attach_debugger
[0]PETSC ERROR: or see https://petsc.org/release/faq/#valgrind and https://petsc.org/release/faq/
[0]PETSC ERROR: configure using --with-debugging=yes, recompile, link, and run 
[0]PETSC ERROR: to get more information on the crash.
Abort(59) on node 0 (rank 0 in comm 0): application called MPI_Abort(MPI_COMM_WORLD, 59) - process 0
[0]PETSC ERROR: ------------------------------------------------------------------------
[0]PETSC ERROR: Caught signal number 15 Terminate: Some process (or the batch system) has told this process to end
[0]PETSC ERROR: Try option -start_in_debugger or -on_error_attach_debugger
[0]PETSC ERROR: or see https://petsc.org/release/faq/#valgrind and https://petsc.org/release/faq/
[0]PETSC ERROR: configure using --with-debugging=yes, recompile, link, and run 
[0]PETSC ERROR: to get more information on the crash.
Abort(59) on node 0 (rank 0 in comm 0): application called MPI_Abort(MPI_COMM_WORLD, 59) - process 0
[0]PETSC ERROR: ------------------------------------------------------------------------
[0]PETSC ERROR: Caught signal number 15 Terminate: Some process (or the batch system) has told this process to end
[0]PETSC ERROR: Try option -start_in_debugger or -on_error_attach_debugger
[0]PETSC ERROR: or see https://petsc.org/release/faq/#valgrind and https://petsc.org/release/faq/
[0]PETSC ERROR: configure using --with-debugging=yes, recompile, link, and run 
[0]PETSC ERROR: to get more information on the crash.
Abort(59) on node 0 (rank 0 in comm 0): application called MPI_Abort(MPI_COMM_WORLD, 59) - process 0
[0]PETSC ERROR: ------------------------------------------------------------------------
[0]PETSC ERROR: Caught signal number 15 Terminate: Some process (or the batch system) has told this process to end
[0]PETSC ERROR: Try option -start_in_debugger or -on_error_attach_debugger
[0]PETSC ERROR: or see https://petsc.org/release/faq/#valgrind and https://petsc.org/release/faq/
[0]PETSC ERROR: configure using --with-debugging=yes, recompile, link, and run 
[0]PETSC ERROR: to get more information on the crash.
Abort(59) on node 0 (rank 0 in comm 0): application called MPI_Abort(MPI_COMM_WORLD, 59) - process 0
[0]PETSC ERROR: ------------------------------------------------------------------------
[0]PETSC ERROR: Caught signal number 15 Terminate: Some process (or the batch system) has told this process to end
[0]PETSC ERROR: Try option -start_in_debugger or -on_error_attach_debugger
[0]PETSC ERROR: or see https://petsc.org/release/faq/#valgrind and https://petsc.org/release/faq/
[0]PETSC ERROR: configure using --with-debugging=yes, recompile, link, and run 
[0]PETSC ERROR: to get more information on the crash.
Abort(59) on node 0 (rank 0 in comm 0): application called MPI_Abort(MPI_COMM_WORLD, 59) - process 0
[0]PETSC ERROR: ------------------------------------------------------------------------
[0]PETSC ERROR: Caught signal number 15 Terminate: Some process (or the batch system) has told this process to end
[0]PETSC ERROR: Try option -start_in_debugger or -on_error_attach_debugger
[0]PETSC ERROR: or see https://petsc.org/release/faq/#valgrind and https://petsc.org/release/faq/
[0]PETSC ERROR: configure using --with-debugging=yes, recompile, link, and run 
[0]PETSC ERROR: to get more information on the crash.
Abort(59) on node 0 (rank 0 in comm 0): application called MPI_Abort(MPI_COMM_WORLD, 59) - process 0
[0]PETSC ERROR: ------------------------------------------------------------------------
[0]PETSC ERROR: Caught signal number 15 Terminate: Some process (or the batch system) has told this process to end
[0]PETSC ERROR: Try option -start_in_debugger or -on_error_attach_debugger
[0]PETSC ERROR: or see https://petsc.org/release/faq/#valgrind and https://petsc.org/release/faq/
[0]PETSC ERROR: configure using --with-debugging=yes, recompile, link, and run 
[0]PETSC ERROR: to get more information on the crash.
Abort(59) on node 0 (rank 0 in comm 0): application called MPI_Abort(MPI_COMM_WORLD, 59) - process 0
/home/gerrityjack/miniconda3/envs/fenicsx-env/lib/python3.11/multiprocessing/resource_tracker.py:254: UserWarning: resource_tracker: There appear to be 5 leaked semaphore objects to clean up at shutdown
  warnings.warn('resource_tracker: There appear to be %d '
