Starting CMA-ES: 12 variables, budget 6000 evaluations, target B >= 10.0 T, uniformity <= 1.0%, hoop <= 400 MPa, coil-coil face gap >= 3 mm

Parallel mode: 6 worker processes per generation.
  [   1] INFEAS f=2206.548  a=12.8 b=19.4 gap=19.5 (face=3.0mm) n=[316, 114, 221, 350, 245, 237, 62, 176, 173]  no evaluation (geometry pre-check)
  [   2] INFEAS f=2881.518  a=11.8 b=17.8 gap=19.6 (face=3.2mm) n=[299, 220, 284, 282, 123, 172, 51, 51, 345]  no evaluation (geometry pre-check)
  [   3] INFEAS f=2200.363  a=13.2 b=20.0 gap=19.5 (face=3.0mm) n=[137, 91, 359, 59, 198, 98, 107, 122, 246]  no evaluation (geometry pre-check)
  [   4] INFEAS f=9089.637  a=12.4 b=18.0 gap=19.5 (face=3.0mm) n=[313, 360, 168, 102, 478, 108, 193, 214, 126]  no evaluation (geometry pre-check)
  [   5] INFEAS f=2575.942  a=11.5 b=19.2 gap=19.5 (face=3.0mm) n=[327, 293, 103, 76, 279, 148, 207, 256, 166]  no evaluation (geometry pre-check)
  [   6] INFEAS f=6205.687  a=13.3 b=18.3 gap=19.6 (face=3.2mm) n=[203, 50, 201, 281, 456, 88, 144, 201, 185]  no evaluation (geometry pre-check)
  [   7] INFEAS f=2189.437  a=12.5 b=18.8 gap=19.5 (face=3.1mm) n=[109, 171, 96, 108, 66, 180, 340, 129, 222]  no evaluation (geometry pre-check)
  [   8] INFEAS f=1701.566  a=11.2 b=18.0 gap=19.5 (face=3.1mm) n=[83, 57, 285, 86, 132, 157, 146, 211, 58]  no evaluation (geometry pre-check)
  [   9] INFEAS f=5239.771  a=12.8 b=17.4 gap=19.5 (face=3.0mm) n=[148, 83, 66, 275, 81, 236, 69, 427, 155]  no evaluation (geometry pre-check)
  [  10] INFEAS f=11554.533  a=11.1 b=21.2 gap=19.5 (face=3.0mm) n=[179, 190, 335, 477, 67, 312, 153, 183, 253]  no evaluation (geometry pre-check)
  [  11] INFEAS f=1050.241  a=12.7 b=18.1 gap=19.5 (face=3.0mm) n=[86, 175, 67, 121, 277, 217, 193, 223, 91]  no evaluation (geometry pre-check)
  [a=12 b=18 nt=1168] KSP converged reason: 4, iterations: 1
  [a=12 b=18 nt=1403] KSP converged reason: 4, iterations: 1
  [a=14 b=19 nt=1316] KSP converged reason: 4, iterations: 1
  [  12] INFEAS f=8659.840  a=12.0 b=18.2 gap=19.5 (face=3.0mm) n=[298, 178, 226, 85, 462, 135, 308, 116, 160]  no evaluation (geometry pre-check)
  [  13] INFEAS f=1065.033  a=12.8 b=17.0 gap=19.6 (face=3.3mm) n=[142, 149, 121, 52, 278, 272, 233, 177, 73]  no evaluation (geometry pre-check)
  [  14] viol   f=61805.730  a=13.7 b=18.8 gap=19.5 (face=3.0mm) n=[95, 234, 190, 62, 204, 75, 55, 198, 203]  tape=0.157km B=8.08T unif=18.578% hoop=55MPa
  [  15] viol   f=12235.066  a=11.9 b=18.0 gap=19.5 (face=3.0mm) n=[105, 65, 94, 132, 171, 193, 51, 142, 215]  tape=0.134km B=7.21T unif=8.816% hoop=57MPa
  [  16] INFEAS f=4936.416  a=13.2 b=18.3 gap=19.5 (face=3.0mm) n=[50, 68, 432, 231, 103, 155, 308, 88, 81]  no evaluation (geometry pre-check)
  [  17] viol   f=42030.206  a=12.3 b=17.5 gap=19.5 (face=3.0mm) n=[202, 96, 77, 133, 83, 163, 203, 224, 222]  tape=0.154km B=8.24T unif=15.495% hoop=48MPa
  [  18] INFEAS f=1070.403  a=13.1 b=18.8 gap=19.5 (face=3.0mm) n=[257, 128, 86, 96, 153, 97, 291, 59, 156]  no evaluation (geometry pre-check)
  [  19] INFEAS f=1204.451  a=11.7 b=17.2 gap=19.6 (face=3.1mm) n=[59, 265, 83, 141, 269, 145, 91, 165, 131]  no evaluation (geometry pre-check)
  [  20] INFEAS f=1300.697  a=11.9 b=17.8 gap=19.5 (face=3.0mm) n=[281, 226, 99, 142, 158, 91, 154, 193, 79]  no evaluation (geometry pre-check)
  [  21] INFEAS f=2808.598  a=12.5 b=17.9 gap=19.5 (face=3.0mm) n=[115, 155, 361, 51, 119, 113, 195, 71, 119]  no evaluation (geometry pre-check)
  [  22] INFEAS f=3878.691  a=11.3 b=17.7 gap=19.7 (face=3.3mm) n=[356, 281, 229, 53, 100, 58, 118, 66, 59]  no evaluation (geometry pre-check)
  [a=13 b=18 nt=1520] KSP converged reason: 4, iterations: 1
  [  23] INFEAS f=3020.611  a=12.4 b=18.5 gap=19.5 (face=3.1mm) n=[195, 92, 91, 87, 96, 365, 90, 121, 232]  no evaluation (geometry pre-check)
  [  24] viol   f=50540.203  a=12.7 b=18.1 gap=19.5 (face=3.0mm) n=[209, 83, 55, 180, 169, 245, 238, 216, 125]  tape=0.172km B=8.68T unif=16.896% hoop=55MPa
  [  25] INFEAS f=1039.512  a=12.7 b=17.3 gap=19.6 (face=3.3mm) n=[190, 114, 260, 174, 119, 274, 270, 164, 63]  no evaluation (geometry pre-check)
  [  26] INFEAS f=1184.393  a=13.3 b=16.1 gap=19.7 (face=3.3mm) n=[201, 77, 106, 74, 259, 107, 93, 96, 167]  no evaluation (geometry pre-check)
  [  27] INFEAS f=2668.634  a=12.6 b=16.9 gap=19.5 (face=3.0mm) n=[302, 154, 135, 68, 254, 288, 358, 81, 136]  no evaluation (geometry pre-check)
  [  28] INFEAS f=1010.074  a=12.7 b=17.5 gap=19.5 (face=3.0mm) n=[52, 164, 120, 224, 266, 192, 59, 107, 67]  no evaluation (geometry pre-check)
  [  29] INFEAS f=1951.108  a=13.0 b=17.9 gap=19.5 (face=3.0mm) n=[229, 342, 234, 221, 77, 275, 203, 118, 345]  no evaluation (geometry pre-check)
  [  30] INFEAS f=9338.729  a=13.1 b=17.2 gap=19.5 (face=3.1mm) n=[190, 137, 277, 75, 211, 500, 379, 56, 178]  no evaluation (geometry pre-check)
  [  31] INFEAS f=5239.791  a=11.6 b=15.5 gap=19.6 (face=3.2mm) n=[130, 393, 136, 114, 196, 161, 294, 111, 152]  no evaluation (geometry pre-check)
  [  32] INFEAS f=2689.178  a=12.8 b=17.8 gap=19.5 (face=3.0mm) n=[116, 141, 366, 125, 199, 88, 115, 181, 73]  no evaluation (geometry pre-check)
  [  33] INFEAS f=4697.328  a=13.2 b=19.3 gap=19.5 (face=3.0mm) n=[127, 370, 96, 222, 116, 131, 140, 426, 183]  no evaluation (geometry pre-check)
  [  34] INFEAS f=1184.156  a=12.4 b=18.2 gap=19.5 (face=3.0mm) n=[195, 277, 149, 286, 110, 102, 76, 184, 101]  no evaluation (geometry pre-check)
  [  35] INFEAS f=1351.446  a=11.6 b=17.9 gap=19.5 (face=3.1mm) n=[229, 102, 114, 66, 277, 53, 146, 72, 113]  no evaluation (geometry pre-check)
  [  36] INFEAS f=4569.588  a=13.3 b=17.1 gap=19.5 (face=3.0mm) n=[277, 151, 424, 216, 408, 111, 99, 130, 187]  no evaluation (geometry pre-check)
  [  37] INFEAS f=1012.146  a=12.7 b=17.1 gap=20.0 (face=4.1mm) n=[151, 146, 108, 248, 200, 60, 108, 190, 253]  no evaluation (geometry pre-check)
  [  38] INFEAS f=2849.387  a=12.0 b=19.1 gap=19.8 (face=3.5mm) n=[190, 56, 272, 152, 222, 58, 51, 349, 157]  no evaluation (geometry pre-check)
  [  39] INFEAS f=1286.396  a=12.8 b=18.4 gap=19.5 (face=3.0mm) n=[190, 305, 128, 115, 207, 156, 126, 116, 64]  no evaluation (geometry pre-check)
  [  40] INFEAS f=1168.871  a=12.9 b=17.4 gap=19.6 (face=3.2mm) n=[102, 79, 128, 295, 206, 195, 75, 191, 51]  no evaluation (geometry pre-check)
  [  41] INFEAS f=1409.191  a=13.0 b=17.4 gap=19.7 (face=3.4mm) n=[303, 142, 292, 316, 201, 298, 215, 151, 282]  no evaluation (geometry pre-check)
  [  42] INFEAS f=1128.009  a=13.9 b=17.1 gap=19.6 (face=3.3mm) n=[115, 285, 294, 165, 231, 272, 109, 87, 222]  no evaluation (geometry pre-check)
  [  43] INFEAS f=1027.158  a=13.0 b=17.2 gap=19.5 (face=3.0mm) n=[105, 117, 165, 134, 158, 264, 195, 177, 202]  no evaluation (geometry pre-check)
  [  44] INFEAS f=1137.283  a=12.1 b=17.9 gap=19.5 (face=3.0mm) n=[272, 129, 109, 66, 64, 110, 143, 74, 129]  no evaluation (geometry pre-check)
  [  45] INFEAS f=8343.034  a=13.8 b=15.8 gap=20.0 (face=4.0mm) n=[196, 448, 140, 138, 369, 193, 193, 197, 499]  no evaluation (geometry pre-check)
  [  46] INFEAS f=2068.335  a=13.2 b=16.0 gap=19.6 (face=3.3mm) n=[52, 102, 347, 326, 255, 274, 121, 111, 122]  no evaluation (geometry pre-check)
  [  47] INFEAS f=1279.154  a=12.8 b=17.5 gap=19.7 (face=3.5mm) n=[201, 175, 216, 304, 83, 145, 64, 163, 94]  no evaluation (geometry pre-check)
  [  48] INFEAS f=1165.210  a=12.5 b=17.2 gap=19.5 (face=3.0mm) n=[69, 286, 226, 128, 231, 80, 159, 61, 108]  no evaluation (geometry pre-check)
  [  49] INFEAS f=1465.543  a=13.7 b=15.7 gap=19.6 (face=3.3mm) n=[117, 106, 263, 192, 312, 155, 140, 66, 83]  no evaluation (geometry pre-check)
  [  50] INFEAS f=1487.473  a=13.3 b=17.3 gap=19.6 (face=3.2mm) n=[228, 59, 139, 256, 306, 264, 192, 149, 328]  no evaluation (geometry pre-check)
  [  51] INFEAS f=1099.946  a=12.7 b=16.1 gap=19.7 (face=3.3mm) n=[183, 87, 197, 183, 223, 168, 153, 178, 146]  no evaluation (geometry pre-check)
  [  52] INFEAS f=1414.520  a=13.4 b=16.9 gap=19.6 (face=3.1mm) n=[282, 279, 106, 142, 165, 322, 215, 249, 138]  no evaluation (geometry pre-check)
  [  53] INFEAS f=1465.857  a=13.0 b=17.5 gap=19.8 (face=3.5mm) n=[147, 126, 321, 151, 51, 164, 167, 257, 207]  no evaluation (geometry pre-check)
  [  54] INFEAS f=1003.548  a=12.5 b=17.2 gap=19.9 (face=3.8mm) n=[60, 140, 199, 94, 121, 166, 161, 52, 115]  no evaluation (geometry pre-check)
  [  55] INFEAS f=8477.058  a=13.4 b=17.4 gap=20.0 (face=4.0mm) n=[377, 52, 148, 495, 331, 133, 250, 163, 58]  no evaluation (geometry pre-check)
  [a=12 b=18 nt=1141] KSP converged reason: 4, iterations: 1
  [  56] INFEAS f=1141.229  a=13.1 b=17.4 gap=20.1 (face=4.3mm) n=[189, 289, 287, 122, 298, 123, 227, 83, 65]  no evaluation (geometry pre-check)
  [  57] INFEAS f=2619.853  a=12.1 b=16.5 gap=19.7 (face=3.4mm) n=[137, 287, 75, 220, 343, 86, 161, 96, 212]  no evaluation (geometry pre-check)
  [  58] INFEAS f=1938.130  a=13.7 b=16.3 gap=19.8 (face=3.6mm) n=[218, 222, 262, 108, 227, 224, 202, 353, 64]  no evaluation (geometry pre-check)
  [  59] INFEAS f=1051.414  a=12.6 b=16.5 gap=19.5 (face=3.0mm) n=[210, 166, 185, 190, 87, 177, 120, 71, 158]  no evaluation (geometry pre-check)
  [  60] INFEAS f=1186.587  a=12.2 b=17.2 gap=19.6 (face=3.3mm) n=[84, 280, 100, 108, 176, 88, 78, 93, 160]  no evaluation (geometry pre-check)
  [  61] INFEAS f=1226.127  a=11.8 b=16.1 gap=19.8 (face=3.5mm) n=[64, 177, 215, 83, 212, 241, 270, 200, 208]  no evaluation (geometry pre-check)
  [  62] viol   f=81660.966  a=11.9 b=17.7 gap=19.9 (face=3.8mm) n=[157, 125, 60, 118, 180, 122, 71, 181, 127]  tape=0.123km B=8.11T unif=21.206% hoop=48MPa
  [  63] INFEAS f=1369.238  a=12.9 b=16.7 gap=20.1 (face=4.3mm) n=[83, 110, 308, 189, 88, 270, 101, 73, 51]  no evaluation (geometry pre-check)
  [  64] INFEAS f=1016.217  a=12.5 b=16.9 gap=19.7 (face=3.3mm) n=[121, 252, 188, 234, 144, 208, 71, 60, 60]  no evaluation (geometry pre-check)
  [  65] INFEAS f=4206.229  a=12.0 b=15.5 gap=19.9 (face=3.7mm) n=[268, 253, 382, 121, 311, 74, 171, 103, 167]  no evaluation (geometry pre-check)
  [  66] INFEAS f=3996.275  a=13.1 b=16.8 gap=20.1 (face=4.2mm) n=[207, 156, 339, 139, 407, 391, 53, 258, 100]  no evaluation (geometry pre-check)
  [a=13 b=18 nt=902] KSP converged reason: 4, iterations: 1
  [  67] INFEAS f=1059.538  a=12.3 b=17.7 gap=19.5 (face=3.0mm) n=[116, 69, 58, 186, 267, 67, 113, 143, 82]  no evaluation (geometry pre-check)
  [  68] INFEAS f=5762.519  a=11.8 b=16.6 gap=19.8 (face=3.7mm) n=[125, 90, 409, 255, 197, 66, 168, 94, 103]  no evaluation (geometry pre-check)
  [  69] INFEAS f=1114.721  a=12.1 b=15.4 gap=19.5 (face=3.0mm) n=[78, 168, 98, 79, 89, 77, 147, 105, 79]  no evaluation (geometry pre-check)
  [  70] viol   f=146822.242  a=13.0 b=18.1 gap=19.5 (face=3.0mm) n=[223, 54, 95, 107, 80, 85, 96, 70, 92]  tape=0.114km B=7.16T unif=28.093% hoop=68MPa
  [  71] INFEAS f=1341.543  a=14.0 b=17.4 gap=19.5 (face=3.1mm) n=[240, 181, 94, 185, 332, 208, 74, 158, 50]  no evaluation (geometry pre-check)
  [  72] INFEAS f=7924.075  a=12.7 b=17.1 gap=19.5 (face=3.0mm) n=[142, 281, 287, 178, 54, 468, 173, 77, 77]  no evaluation (geometry pre-check)
  [  73] INFEAS f=1142.349  a=13.3 b=16.6 gap=19.5 (face=3.0mm) n=[102, 287, 239, 196, 174, 182, 148, 82, 73]  no evaluation (geometry pre-check)
  [  74] INFEAS f=3739.967  a=12.6 b=15.8 gap=19.8 (face=3.7mm) n=[209, 296, 141, 386, 264, 201, 279, 200, 62]  no evaluation (geometry pre-check)
  [  75] INFEAS f=3507.914  a=11.9 b=16.3 gap=19.6 (face=3.2mm) n=[112, 141, 333, 53, 245, 363, 275, 72, 134]  no evaluation (geometry pre-check)
  [  76] INFEAS f=1496.128  a=12.4 b=17.2 gap=19.6 (face=3.2mm) n=[163, 150, 307, 193, 184, 138, 298, 142, 187]  no evaluation (geometry pre-check)
  [  77] INFEAS f=1005.136  a=13.0 b=17.8 gap=19.5 (face=3.1mm) n=[238, 231, 271, 154, 159, 75, 210, 100, 118]  no evaluation (geometry pre-check)
  [  78] INFEAS f=1429.467  a=12.1 b=17.1 gap=19.5 (face=3.0mm) n=[162, 122, 265, 124, 296, 62, 97, 172, 104]  no evaluation (geometry pre-check)
  [  79] INFEAS f=1464.130  a=12.3 b=15.9 gap=19.5 (face=3.0mm) n=[59, 124, 199, 298, 232, 155, 235, 266, 160]  no evaluation (geometry pre-check)
  [  80] INFEAS f=1215.933  a=13.7 b=16.5 gap=19.5 (face=3.0mm) n=[92, 235, 71, 129, 214, 182, 288, 111, 299]  no evaluation (geometry pre-check)
  [  81] INFEAS f=1313.225  a=11.7 b=16.5 gap=19.5 (face=3.0mm) n=[116, 96, 74, 73, 276, 90, 107, 122, 108]  no evaluation (geometry pre-check)
  [  82] INFEAS f=1551.165  a=12.3 b=16.1 gap=19.6 (face=3.1mm) n=[50, 50, 113, 52, 167, 303, 116, 147, 118]  no evaluation (geometry pre-check)
  [  83] INFEAS f=1850.256  a=13.2 b=17.0 gap=19.6 (face=3.2mm) n=[69, 135, 343, 75, 165, 59, 114, 80, 99]  no evaluation (geometry pre-check)
  [  84] INFEAS f=2334.415  a=12.8 b=17.1 gap=19.5 (face=3.1mm) n=[198, 217, 135, 219, 353, 215, 155, 200, 51]  no evaluation (geometry pre-check)
  [  85] INFEAS f=1249.322  a=13.4 b=18.2 gap=19.5 (face=3.0mm) n=[269, 120, 119, 181, 148, 100, 154, 317, 96]  no evaluation (geometry pre-check)
  [  86] INFEAS f=8544.945  a=13.6 b=15.9 gap=19.8 (face=3.6mm) n=[167, 498, 195, 443, 73, 144, 297, 82, 290]  no evaluation (geometry pre-check)
  [  87] INFEAS f=2016.831  a=12.2 b=18.2 gap=19.5 (face=3.0mm) n=[114, 54, 91, 153, 247, 98, 244, 240, 325]  no evaluation (geometry pre-check)
  [  88] INFEAS f=1618.521  a=13.3 b=17.2 gap=19.5 (face=3.1mm) n=[256, 279, 173, 312, 264, 309, 335, 177, 241]  no evaluation (geometry pre-check)
  [  89] INFEAS f=1200.369  a=13.5 b=17.7 gap=19.5 (face=3.0mm) n=[177, 153, 195, 120, 282, 252, 314, 212, 88]  no evaluation (geometry pre-check)
  [  90] INFEAS f=1886.806  a=11.7 b=17.1 gap=19.5 (face=3.0mm) n=[132, 117, 116, 187, 226, 174, 307, 266, 162]  no evaluation (geometry pre-check)
  [  91] INFEAS f=1639.493  a=13.0 b=17.8 gap=19.5 (face=3.0mm) n=[110, 216, 275, 64, 181, 179, 282, 330, 182]  no evaluation (geometry pre-check)
  [  92] INFEAS f=7752.668  a=13.5 b=16.8 gap=19.5 (face=3.0mm) n=[53, 90, 145, 169, 97, 149, 485, 309, 131]  no evaluation (geometry pre-check)
  [  93] INFEAS f=2488.289  a=12.5 b=16.8 gap=19.6 (face=3.1mm) n=[135, 306, 99, 351, 251, 80, 86, 183, 89]  no evaluation (geometry pre-check)
  [  94] INFEAS f=1904.352  a=12.9 b=16.8 gap=19.5 (face=3.1mm) n=[63, 108, 168, 338, 155, 112, 303, 138, 304]  no evaluation (geometry pre-check)
  [  95] INFEAS f=1081.594  a=13.8 b=17.3 gap=19.5 (face=3.0mm) n=[220, 81, 58, 117, 227, 151, 184, 62, 189]  no evaluation (geometry pre-check)
  [  96] INFEAS f=1152.254  a=13.0 b=17.0 gap=19.6 (face=3.2mm) n=[180, 140, 148, 68, 293, 193, 156, 216, 51]  no evaluation (geometry pre-check)
  [  97] INFEAS f=1771.572  a=12.4 b=17.3 gap=19.5 (face=3.0mm) n=[50, 65, 153, 234, 284, 97, 143, 187, 320]  no evaluation (geometry pre-check)
  [  98] INFEAS f=1820.006  a=12.6 b=17.0 gap=19.5 (face=3.0mm) n=[122, 289, 65, 138, 74, 328, 260, 83, 127]  no evaluation (geometry pre-check)
  [  99] INFEAS f=1062.515  a=13.1 b=16.9 gap=19.6 (face=3.2mm) n=[190, 70, 107, 78, 134, 219, 174, 122, 185]  no evaluation (geometry pre-check)
  [ 100] INFEAS f=1918.792  a=12.8 b=17.7 gap=19.6 (face=3.1mm) n=[104, 165, 148, 128, 328, 337, 109, 66, 90]  no evaluation (geometry pre-check)
  [ 101] INFEAS f=3553.114  a=13.2 b=16.5 gap=19.6 (face=3.2mm) n=[199, 201, 154, 103, 113, 132, 397, 63, 172]  no evaluation (geometry pre-check)
  [ 102] INFEAS f=1074.452  a=13.3 b=17.0 gap=19.5 (face=3.0mm) n=[170, 94, 66, 128, 78, 97, 64, 100, 77]  no evaluation (geometry pre-check)
  [ 103] INFEAS f=4053.120  a=13.3 b=17.1 gap=19.5 (face=3.0mm) n=[157, 76, 56, 281, 79, 414, 77, 259, 189]  no evaluation (geometry pre-check)
  [ 104] INFEAS f=1909.528  a=12.7 b=16.6 gap=19.5 (face=3.0mm) n=[103, 126, 120, 148, 143, 100, 74, 124, 332]  no evaluation (geometry pre-check)
  [ 105] INFEAS f=1098.192  a=14.5 b=17.9 gap=19.6 (face=3.1mm) n=[302, 51, 173, 76, 305, 139, 88, 206, 252]  no evaluation (geometry pre-check)
  [ 106] INFEAS f=1040.647  a=12.5 b=17.3 gap=19.5 (face=3.1mm) n=[135, 269, 141, 69, 65, 155, 109, 199, 269]  no evaluation (geometry pre-check)
  [ 107] INFEAS f=5153.574  a=12.3 b=16.6 gap=19.7 (face=3.4mm) n=[410, 59, 64, 77, 215, 376, 335, 238, 177]  no evaluation (geometry pre-check)
  [ 108] INFEAS f=1324.043  a=14.4 b=16.7 gap=19.8 (face=3.5mm) n=[178, 52, 100, 60, 296, 219, 316, 141, 136]  no evaluation (geometry pre-check)
  [ 109] INFEAS f=2144.785  a=12.9 b=16.3 gap=19.5 (face=3.0mm) n=[346, 134, 63, 67, 174, 178, 117, 151, 77]  no evaluation (geometry pre-check)
  [ 110] INFEAS f=1106.025  a=13.6 b=17.0 gap=19.5 (face=3.1mm) n=[101, 103, 261, 85, 238, 186, 184, 99, 267]  no evaluation (geometry pre-check)
  [ 111] INFEAS f=2821.339  a=13.0 b=14.9 gap=19.5 (face=3.0mm) n=[249, 210, 238, 91, 112, 230, 72, 160, 363]  no evaluation (geometry pre-check)
  [ 112] INFEAS f=3323.176  a=14.0 b=18.0 gap=19.7 (face=3.5mm) n=[215, 135, 208, 93, 171, 415, 53, 325, 253]  no evaluation (geometry pre-check)
  [ 113] INFEAS f=1033.749  a=13.1 b=18.0 gap=19.5 (face=3.1mm) n=[92, 69, 105, 51, 238, 65, 209, 122, 284]  no evaluation (geometry pre-check)
  [ 114] INFEAS f=1226.593  a=13.0 b=15.6 gap=19.5 (face=3.1mm) n=[134, 57, 147, 50, 75, 87, 183, 91, 256]  no evaluation (geometry pre-check)
  [ 115] INFEAS f=1489.664  a=13.3 b=16.1 gap=19.5 (face=3.1mm) n=[169, 81, 318, 117, 193, 68, 138, 306, 167]  no evaluation (geometry pre-check)
  [ 116] INFEAS f=2481.723  a=13.2 b=16.0 gap=19.5 (face=3.0mm) n=[220, 237, 175, 82, 90, 261, 67, 138, 362]  no evaluation (geometry pre-check)
  [ 117] INFEAS f=1022.644  a=12.9 b=17.1 gap=19.8 (face=3.6mm) n=[61, 229, 184, 50, 181, 117, 137, 113, 214]  no evaluation (geometry pre-check)
  [ 118] INFEAS f=1183.338  a=13.4 b=16.7 gap=19.5 (face=3.0mm) n=[52, 297, 127, 165, 125, 181, 87, 178, 94]  no evaluation (geometry pre-check)
  [ 119] INFEAS f=1040.839  a=13.1 b=17.1 gap=19.7 (face=3.5mm) n=[116, 176, 149, 56, 217, 75, 111, 172, 265]  no evaluation (geometry pre-check)
  [ 120] INFEAS f=1364.689  a=13.8 b=15.8 gap=19.5 (face=3.1mm) n=[156, 75, 180, 147, 118, 131, 175, 279, 268]  no evaluation (geometry pre-check)
  [ 121] INFEAS f=1115.062  a=13.6 b=16.9 gap=19.5 (face=3.0mm) n=[179, 97, 254, 81, 216, 121, 177, 146, 250]  no evaluation (geometry pre-check)
  [ 122] INFEAS f=1044.033  a=13.4 b=17.7 gap=20.2 (face=4.3mm) n=[190, 289, 172, 218, 116, 97, 148, 91, 211]  no evaluation (geometry pre-check)
  [ 123] INFEAS f=5090.090  a=14.1 b=17.8 gap=19.6 (face=3.2mm) n=[72, 197, 159, 243, 457, 89, 149, 112, 120]  no evaluation (geometry pre-check)
  [ 124] INFEAS f=5252.072  a=12.7 b=17.5 gap=20.0 (face=4.0mm) n=[203, 75, 424, 138, 290, 79, 300, 177, 208]  no evaluation (geometry pre-check)
  [ 125] INFEAS f=4429.024  a=12.6 b=16.8 gap=19.7 (face=3.3mm) n=[171, 56, 266, 104, 403, 77, 70, 179, 120]  no evaluation (geometry pre-check)
  [ 126] INFEAS f=1396.553  a=13.3 b=15.8 gap=19.7 (face=3.4mm) n=[133, 65, 195, 64, 305, 83, 56, 137, 265]  no evaluation (geometry pre-check)
  [ 127] INFEAS f=6928.369  a=13.1 b=17.8 gap=19.7 (face=3.3mm) n=[53, 250, 463, 95, 248, 144, 51, 87, 242]  no evaluation (geometry pre-check)
  [ 128] INFEAS f=1622.701  a=12.5 b=17.2 gap=19.8 (face=3.5mm) n=[100, 255, 123, 107, 86, 183, 98, 217, 316]  no evaluation (geometry pre-check)
  [ 129] INFEAS f=1307.011  a=13.3 b=17.2 gap=19.8 (face=3.5mm) n=[114, 207, 288, 214, 168, 221, 189, 98, 316]  no evaluation (geometry pre-check)
  [ 130] INFEAS f=2740.940  a=12.8 b=16.9 gap=19.5 (face=3.0mm) n=[263, 120, 335, 174, 144, 367, 157, 281, 340]  no evaluation (geometry pre-check)
  [ 131] INFEAS f=1107.994  a=13.9 b=17.3 gap=19.5 (face=3.1mm) n=[85, 189, 53, 229, 159, 112, 141, 139, 224]  no evaluation (geometry pre-check)
  [ 132] INFEAS f=1811.290  a=13.2 b=18.1 gap=19.8 (face=3.7mm) n=[76, 258, 282, 152, 325, 50, 251, 137, 345]  no evaluation (geometry pre-check)
  [ 133] INFEAS f=1004.149  a=13.9 b=18.5 gap=19.6 (face=3.2mm) n=[282, 175, 263, 203, 243, 121, 77, 73, 230]  no evaluation (geometry pre-check)
  [ 134] INFEAS f=7747.592  a=12.6 b=17.7 gap=19.7 (face=3.4mm) n=[112, 207, 124, 140, 83, 217, 90, 54, 465]  no evaluation (geometry pre-check)
  [ 135] INFEAS f=1852.821  a=13.0 b=17.4 gap=19.6 (face=3.3mm) n=[83, 277, 78, 89, 210, 100, 209, 185, 341]  no evaluation (geometry pre-check)
  [ 136] INFEAS f=1308.314  a=14.3 b=17.4 gap=20.2 (face=4.5mm) n=[281, 264, 76, 142, 168, 136, 133, 290, 334]  no evaluation (geometry pre-check)
  [ 137] INFEAS f=1059.265  a=13.9 b=17.7 gap=20.2 (face=4.4mm) n=[94, 157, 132, 96, 238, 159, 136, 168, 222]  no evaluation (geometry pre-check)
  [ 138] INFEAS f=1772.171  a=14.1 b=17.2 gap=19.6 (face=3.2mm) n=[55, 283, 168, 128, 143, 359, 91, 104, 302]  no evaluation (geometry pre-check)
  [ 139] INFEAS f=1205.880  a=14.1 b=16.8 gap=20.1 (face=4.2mm) n=[61, 168, 66, 157, 266, 114, 137, 180, 218]  no evaluation (geometry pre-check)
  [ 140] INFEAS f=1815.425  a=13.7 b=17.9 gap=19.8 (face=3.6mm) n=[148, 65, 357, 281, 186, 90, 310, 353, 255]  no evaluation (geometry pre-check)
  [ 141] INFEAS f=3182.387  a=14.5 b=16.2 gap=19.5 (face=3.1mm) n=[109, 288, 144, 124, 241, 184, 148, 159, 412]  no evaluation (geometry pre-check)
  [ 142] INFEAS f=1623.792  a=14.3 b=16.5 gap=20.0 (face=3.9mm) n=[155, 197, 312, 258, 296, 124, 183, 65, 345]  no evaluation (geometry pre-check)
  [ 143] INFEAS f=2142.254  a=13.1 b=18.2 gap=19.7 (face=3.5mm) n=[60, 356, 245, 90, 119, 133, 247, 177, 206]  no evaluation (geometry pre-check)
  [ 144] INFEAS f=1245.160  a=14.5 b=17.3 gap=20.0 (face=4.1mm) n=[234, 325, 65, 110, 228, 62, 174, 129, 298]  no evaluation (geometry pre-check)
  [ 145] INFEAS f=1129.918  a=14.8 b=18.0 gap=20.2 (face=4.5mm) n=[156, 125, 144, 50, 231, 84, 112, 58, 164]  no evaluation (geometry pre-check)
  [ 146] INFEAS f=1094.551  a=13.7 b=17.2 gap=19.5 (face=3.1mm) n=[112, 116, 161, 241, 289, 126, 150, 56, 81]  no evaluation (geometry pre-check)
  [ 147] INFEAS f=1070.274  a=14.0 b=17.6 gap=19.7 (face=3.5mm) n=[96, 190, 254, 183, 215, 86, 179, 202, 205]  no evaluation (geometry pre-check)
  [ 148] INFEAS f=3242.562  a=12.9 b=17.2 gap=20.1 (face=4.2mm) n=[365, 180, 51, 196, 195, 77, 112, 220, 383]  no evaluation (geometry pre-check)
  [ 149] INFEAS f=2532.909  a=13.1 b=17.0 gap=20.1 (face=4.1mm) n=[366, 202, 81, 287, 73, 73, 119, 180, 269]  no evaluation (geometry pre-check)
  [ 150] INFEAS f=2847.061  a=13.7 b=17.7 gap=20.0 (face=4.1mm) n=[165, 51, 164, 95, 254, 64, 104, 126, 392]  no evaluation (geometry pre-check)
  [ 151] INFEAS f=1477.259  a=13.7 b=17.3 gap=19.9 (face=3.8mm) n=[222, 112, 336, 209, 233, 64, 86, 72, 287]  no evaluation (geometry pre-check)
  [ 152] INFEAS f=1012.203  a=14.2 b=18.7 gap=20.1 (face=4.1mm) n=[139, 176, 73, 301, 175, 184, 82, 225, 115]  no evaluation (geometry pre-check)
  [ 153] INFEAS f=2637.145  a=14.1 b=19.4 gap=20.0 (face=4.1mm) n=[235, 262, 110, 70, 50, 170, 132, 79, 398]  no evaluation (geometry pre-check)
  [ 154] INFEAS f=2726.055  a=13.3 b=18.1 gap=20.4 (face=4.7mm) n=[195, 380, 288, 128, 94, 264, 226, 152, 164]  no evaluation (geometry pre-check)
  [ 155] INFEAS f=1131.548  a=14.0 b=18.2 gap=19.7 (face=3.5mm) n=[194, 133, 92, 120, 319, 211, 108, 119, 68]  no evaluation (geometry pre-check)
  [ 156] INFEAS f=1482.133  a=14.1 b=18.1 gap=19.8 (face=3.6mm) n=[263, 349, 209, 205, 73, 62, 270, 121, 93]  no evaluation (geometry pre-check)
  [ 157] INFEAS f=1196.912  a=14.4 b=17.3 gap=19.8 (face=3.7mm) n=[82, 76, 98, 312, 186, 61, 125, 119, 82]  no evaluation (geometry pre-check)
  [ 158] INFEAS f=1150.003  a=14.4 b=18.9 gap=19.9 (face=3.8mm) n=[256, 172, 126, 178, 334, 80, 79, 193, 257]  no evaluation (geometry pre-check)
  [ 159] INFEAS f=1050.787  a=14.6 b=18.5 gap=19.6 (face=3.1mm) n=[199, 100, 236, 72, 167, 71, 124, 133, 144]  no evaluation (geometry pre-check)
  [ 160] INFEAS f=1086.145  a=14.2 b=19.0 gap=20.3 (face=4.5mm) n=[213, 323, 128, 251, 261, 258, 195, 231, 242]  no evaluation (geometry pre-check)
  [ 161] INFEAS f=1079.327  a=14.4 b=18.0 gap=19.9 (face=3.8mm) n=[157, 50, 61, 51, 156, 77, 118, 143, 82]  no evaluation (geometry pre-check)
  [ 162] INFEAS f=1296.623  a=13.4 b=18.7 gap=19.6 (face=3.2mm) n=[75, 110, 202, 152, 252, 105, 201, 320, 77]  no evaluation (geometry pre-check)
  [ 163] INFEAS f=1004.319  a=14.4 b=19.1 gap=19.6 (face=3.1mm) n=[207, 144, 54, 265, 243, 73, 117, 138, 205]  no evaluation (geometry pre-check)
  [ 164] INFEAS f=4019.655  a=15.2 b=17.5 gap=19.8 (face=3.7mm) n=[158, 154, 226, 458, 164, 53, 161, 68, 354]  no evaluation (geometry pre-check)
  [ 165] INFEAS f=3859.602  a=14.0 b=16.6 gap=19.6 (face=3.2mm) n=[110, 422, 68, 188, 81, 246, 98, 133, 147]  no evaluation (geometry pre-check)
  [a=14 b=20 nt=998] KSP converged reason: 4, iterations: 1
  [ 166] INFEAS f=1111.689  a=14.3 b=20.0 gap=19.6 (face=3.2mm) n=[53, 203, 89, 328, 252, 163, 72, 287, 140]  no evaluation (geometry pre-check)
  [ 167] INFEAS f=1008.302  a=14.3 b=21.1 gap=19.8 (face=3.5mm) n=[291, 299, 130, 198, 225, 88, 115, 309, 75]  no evaluation (geometry pre-check)
  [ 168] INFEAS f=1043.209  a=14.3 b=18.3 gap=19.6 (face=3.2mm) n=[209, 84, 85, 308, 189, 164, 158, 100, 57]  no evaluation (geometry pre-check)
  [ 169] INFEAS f=1796.592  a=14.0 b=18.5 gap=19.5 (face=3.1mm) n=[107, 264, 163, 289, 329, 63, 156, 75, 364]  no evaluation (geometry pre-check)
  [ 170] INFEAS f=1297.760  a=16.0 b=18.3 gap=19.7 (face=3.5mm) n=[186, 183, 53, 79, 59, 187, 111, 52, 68]  no evaluation (geometry pre-check)
  [ 171] viol   f=12646.843  a=14.4 b=19.7 gap=19.5 (face=3.1mm) n=[141, 63, 146, 76, 249, 64, 50, 145, 64]  tape=0.136km B=6.92T unif=8.946% hoop=68MPa
  [ 172] INFEAS f=5162.780  a=14.6 b=19.2 gap=19.8 (face=3.7mm) n=[473, 300, 76, 186, 150, 148, 188, 121, 52]  no evaluation (geometry pre-check)
  [ 173] INFEAS f=1480.554  a=15.2 b=17.9 gap=19.9 (face=3.8mm) n=[299, 69, 320, 321, 119, 367, 51, 126, 341]  no evaluation (geometry pre-check)
  [ 174] INFEAS f=1096.738  a=15.1 b=19.3 gap=19.5 (face=3.0mm) n=[54, 81, 150, 79, 344, 213, 234, 108, 237]  no evaluation (geometry pre-check)
  [ 175] INFEAS f=1117.232  a=13.7 b=20.0 gap=19.5 (face=3.1mm) n=[205, 181, 122, 191, 277, 244, 74, 66, 314]  no evaluation (geometry pre-check)
  [ 176] INFEAS f=4023.898  a=14.4 b=18.6 gap=19.6 (face=3.1mm) n=[443, 69, 175, 95, 176, 68, 191, 91, 250]  no evaluation (geometry pre-check)
  [a=15 b=20 nt=1600] KSP converged reason: 4, iterations: 1
  [a=15 b=21 nt=1646] KSP converged reason: 4, iterations: 1
  [ 177] INFEAS f=1212.215  a=14.4 b=18.7 gap=19.7 (face=3.4mm) n=[239, 68, 92, 261, 340, 257, 88, 172, 182]  no evaluation (geometry pre-check)
  [ 178] INFEAS f=1011.183  a=14.8 b=19.3 gap=19.5 (face=3.0mm) n=[131, 89, 118, 274, 119, 278, 75, 159, 50]  no evaluation (geometry pre-check)
  [ 179] INFEAS f=4001.334  a=13.7 b=19.9 gap=19.5 (face=3.0mm) n=[145, 333, 63, 424, 236, 309, 302, 246, 221]  no evaluation (geometry pre-check)
  [ 180] INFEAS f=2796.496  a=14.4 b=20.1 gap=19.7 (face=3.4mm) n=[120, 117, 129, 239, 410, 299, 122, 246, 272]  no evaluation (geometry pre-check)
  [ 181] viol   f=71522.309  a=15.1 b=20.2 gap=19.6 (face=3.2mm) n=[286, 70, 254, 73, 266, 66, 173, 154, 258]  tape=0.209km B=9.66T unif=19.911% hoop=69MPa
  [ 182] INFEAS f=1019.709  a=15.0 b=19.3 gap=19.6 (face=3.3mm) n=[195, 53, 55, 312, 209, 58, 166, 153, 110]  no evaluation (geometry pre-check)
  [ 183] INFEAS f=1126.016  a=14.8 b=19.4 gap=19.7 (face=3.4mm) n=[265, 342, 196, 113, 176, 75, 71, 101, 289]  no evaluation (geometry pre-check)
  [ 184] INFEAS f=1420.973  a=14.9 b=19.0 gap=20.0 (face=3.9mm) n=[268, 368, 139, 269, 298, 56, 109, 60, 145]  no evaluation (geometry pre-check)
  [ 185] INFEAS f=1416.697  a=13.7 b=19.3 gap=19.6 (face=3.2mm) n=[54, 259, 333, 286, 172, 338, 222, 190, 242]  no evaluation (geometry pre-check)
  [ 186] INFEAS f=1248.108  a=14.9 b=19.0 gap=19.5 (face=3.0mm) n=[280, 64, 170, 83, 355, 160, 120, 126, 194]  no evaluation (geometry pre-check)
  [ 187] viol   f=  21.469  a=14.6 b=20.8 gap=19.6 (face=3.1mm) n=[145, 206, 163, 232, 310, 111, 89, 299, 91]  tape=0.228km B=9.73T unif=1.325% hoop=78MPa
  [a=14 b=21 nt=1239] KSP converged reason: 4, iterations: 1
  [ 188] INFEAS f=1003.579  a=15.2 b=19.9 gap=19.6 (face=3.1mm) n=[173, 85, 94, 313, 220, 122, 235, 259, 58]  no evaluation (geometry pre-check)
  [ 189] INFEAS f=1134.847  a=16.3 b=21.3 gap=19.7 (face=3.4mm) n=[242, 110, 54, 337, 385, 78, 72, 132, 129]  no evaluation (geometry pre-check)
  [ 190] INFEAS f=1008.399  a=13.3 b=20.5 gap=19.6 (face=3.2mm) n=[282, 106, 118, 254, 154, 127, 107, 52, 50]  no evaluation (geometry pre-check)
  [ 191] INFEAS f=1883.819  a=14.5 b=20.3 gap=19.5 (face=3.0mm) n=[383, 127, 159, 245, 154, 262, 53, 171, 106]  no evaluation (geometry pre-check)
  [ 192] INFEAS f=4927.154  a=15.5 b=20.9 gap=19.6 (face=3.3mm) n=[182, 51, 228, 388, 492, 182, 191, 292, 355]  no evaluation (geometry pre-check)
  [ 193] INFEAS f=1613.127  a=15.8 b=20.8 gap=19.7 (face=3.4mm) n=[191, 398, 315, 92, 403, 141, 108, 297, 180]  no evaluation (geometry pre-check)
  [ 194] viol   f=8233.676  a=14.3 b=21.3 gap=19.5 (face=3.1mm) n=[51, 214, 65, 269, 218, 205, 102, 50, 65]  tape=0.170km B=8.42T unif=7.414% hoop=60MPa
  [ 195] INFEAS f=1162.561  a=16.0 b=19.0 gap=19.6 (face=3.3mm) n=[212, 209, 271, 188, 182, 80, 74, 104, 136]  no evaluation (geometry pre-check)
  [ 196] INFEAS f=1000.994  a=14.4 b=19.3 gap=19.5 (face=3.0mm) n=[128, 91, 96, 193, 104, 116, 122, 217, 103]  no evaluation (geometry pre-check)
  [ 197] INFEAS f=2820.929  a=14.4 b=18.4 gap=19.5 (face=3.0mm) n=[107, 196, 136, 197, 411, 173, 58, 62, 175]  no evaluation (geometry pre-check)
  [ 198] INFEAS f=1017.542  a=15.1 b=19.5 gap=19.9 (face=3.7mm) n=[116, 190, 109, 283, 226, 222, 107, 72, 199]  no evaluation (geometry pre-check)
  [a=15 b=20 nt=1190] KSP converged reason: 4, iterations: 1
  [ 199] INFEAS f=1576.972  a=14.3 b=19.9 gap=19.5 (face=3.0mm) n=[252, 180, 123, 183, 59, 251, 78, 268, 361]  no evaluation (geometry pre-check)
  [ 200] INFEAS f=1035.280  a=14.6 b=18.7 gap=19.5 (face=3.1mm) n=[225, 102, 239, 212, 83, 86, 185, 153, 91]  no evaluation (geometry pre-check)
  [ 201] INFEAS f=1017.207  a=15.3 b=19.9 gap=19.6 (face=3.1mm) n=[337, 192, 116, 78, 336, 64, 128, 217, 253]  no evaluation (geometry pre-check)
  [ 202] INFEAS f=1996.729  a=15.0 b=18.9 gap=19.5 (face=3.0mm) n=[270, 83, 176, 330, 169, 163, 187, 399, 165]  no evaluation (geometry pre-check)
  [ 203] INFEAS f=7192.781  a=13.8 b=19.1 gap=19.6 (face=3.1mm) n=[137, 82, 169, 112, 295, 174, 486, 193, 94]  no evaluation (geometry pre-check)
  [ 204] INFEAS f=3516.984  a=13.8 b=20.3 gap=19.5 (face=3.0mm) n=[276, 180, 70, 125, 196, 106, 414, 108, 90]  no evaluation (geometry pre-check)
  [ 205] viol   f=10085.405  a=15.0 b=20.1 gap=19.7 (face=3.5mm) n=[71, 73, 192, 280, 63, 122, 137, 98, 154]  tape=0.169km B=6.58T unif=8.093% hoop=69MPa
  [ 206] INFEAS f=1017.758  a=15.0 b=19.4 gap=19.5 (face=3.0mm) n=[96, 170, 58, 186, 244, 80, 187, 79, 73]  no evaluation (geometry pre-check)
  [ 207] INFEAS f=1022.062  a=15.2 b=19.4 gap=19.5 (face=3.1mm) n=[136, 50, 178, 57, 74, 151, 290, 86, 126]  no evaluation (geometry pre-check)
  [ 208] INFEAS f=4299.255  a=16.2 b=20.4 gap=20.1 (face=4.2mm) n=[207, 496, 165, 129, 198, 80, 131, 156, 64]  no evaluation (geometry pre-check)
  [ 209] INFEAS f=2780.946  a=14.3 b=19.3 gap=19.5 (face=3.0mm) n=[315, 56, 122, 407, 144, 257, 98, 376, 78]  no evaluation (geometry pre-check)
  [a=16 b=22 nt=1411] KSP converged reason: 4, iterations: 1
  [a=15 b=21 nt=1368] KSP converged reason: 4, iterations: 1
  [ 210] INFEAS f=1027.663  a=15.1 b=19.3 gap=19.5 (face=3.1mm) n=[273, 152, 84, 191, 66, 178, 142, 116, 51]  no evaluation (geometry pre-check)
  [ 211] INFEAS f=1002.158  a=15.6 b=20.4 gap=19.5 (face=3.0mm) n=[283, 228, 108, 225, 79, 111, 330, 107, 109]  no evaluation (geometry pre-check)
  [ 212] viol   f=1384.106  a=15.0 b=21.1 gap=19.5 (face=3.0mm) n=[170, 207, 254, 104, 70, 109, 134, 54, 266]  tape=0.188km B=9.71T unif=3.630% hoop=85MPa
  [ 213] viol   f=8601.310  a=15.8 b=21.5 gap=19.6 (face=3.1mm) n=[240, 138, 86, 217, 278, 65, 81, 152, 154]  tape=0.202km B=8.83T unif=7.557% hoop=71MPa
  [ 214] INFEAS f=2632.817  a=15.0 b=19.8 gap=19.6 (face=3.2mm) n=[58, 221, 101, 119, 75, 421, 64, 132, 224]  no evaluation (geometry pre-check)
  [ 215] INFEAS f=1026.347  a=13.9 b=18.1 gap=19.5 (face=3.1mm) n=[156, 67, 89, 169, 206, 174, 83, 67, 195]  no evaluation (geometry pre-check)
  [ 216] INFEAS f=2094.035  a=15.5 b=21.1 gap=19.6 (face=3.2mm) n=[299, 271, 79, 97, 132, 57, 417, 93, 51]  no evaluation (geometry pre-check)
  [ 217] INFEAS f=5509.042  a=15.1 b=20.1 gap=19.6 (face=3.1mm) n=[135, 493, 221, 83, 190, 307, 119, 234, 187]  no evaluation (geometry pre-check)
  [ 218] INFEAS f=1006.746  a=14.5 b=20.1 gap=19.5 (face=3.0mm) n=[77, 102, 181, 149, 182, 54, 313, 63, 128]  no evaluation (geometry pre-check)
  [ 219] INFEAS f=1000.077  a=15.0 b=19.9 gap=19.7 (face=3.4mm) n=[234, 69, 176, 71, 55, 74, 115, 143, 179]  no evaluation (geometry pre-check)
  [ 220] INFEAS f=1197.032  a=15.2 b=19.0 gap=19.7 (face=3.4mm) n=[248, 328, 221, 172, 355, 76, 258, 229, 303]  no evaluation (geometry pre-check)
  [ 221] INFEAS f=1001.472  a=15.1 b=19.9 gap=19.7 (face=3.4mm) n=[243, 208, 198, 80, 52, 69, 181, 85, 206]  no evaluation (geometry pre-check)
  [ 222] INFEAS f=1463.845  a=15.8 b=19.4 gap=19.5 (face=3.0mm) n=[267, 249, 309, 92, 172, 55, 390, 122, 223]  no evaluation (geometry pre-check)
  [ 223] INFEAS f=1033.565  a=14.9 b=19.3 gap=19.7 (face=3.3mm) n=[74, 264, 73, 200, 55, 149, 294, 328, 52]  no evaluation (geometry pre-check)
  [ 224] INFEAS f=1000.358  a=13.9 b=18.8 gap=19.8 (face=3.6mm) n=[120, 155, 51, 95, 83, 83, 214, 76, 150]  no evaluation (geometry pre-check)
  [ 225] INFEAS f=1470.392  a=14.7 b=20.1 gap=19.7 (face=3.4mm) n=[366, 127, 334, 193, 98, 86, 123, 50, 189]  no evaluation (geometry pre-check)
  [ 226] INFEAS f=1043.787  a=14.5 b=21.8 gap=19.6 (face=3.2mm) n=[323, 217, 96, 67, 54, 254, 97, 101, 166]  no evaluation (geometry pre-check)
  [ 227] INFEAS f=1196.269  a=15.5 b=20.2 gap=19.5 (face=3.0mm) n=[368, 136, 69, 359, 138, 273, 146, 187, 236]  no evaluation (geometry pre-check)
  [ 228] INFEAS f=1073.813  a=14.8 b=19.2 gap=19.5 (face=3.0mm) n=[334, 234, 189, 176, 253, 61, 273, 180, 236]  no evaluation (geometry pre-check)
  [ 229] INFEAS f=2602.395  a=16.6 b=19.7 gap=19.6 (face=3.1mm) n=[459, 159, 91, 54, 51, 60, 189, 209, 216]  no evaluation (geometry pre-check)
  [ 230] INFEAS f=5119.345  a=15.4 b=20.9 gap=19.6 (face=3.3mm) n=[185, 110, 330, 78, 139, 73, 412, 494, 213]  no evaluation (geometry pre-check)
  [ 231] INFEAS f=1027.060  a=15.5 b=20.1 gap=19.6 (face=3.3mm) n=[100, 75, 345, 182, 64, 209, 138, 289, 292]  no evaluation (geometry pre-check)
  [a=15 b=20 nt=1791] KSP converged reason: 4, iterations: 1
  [a=14 b=20 nt=1306] KSP converged reason: 4, iterations: 1
  [a=13 b=19 nt=977] KSP converged reason: 4, iterations: 1
  [a=15 b=21 nt=1498] KSP converged reason: 4, iterations: 1
  [ 232] INFEAS f=1082.989  a=14.0 b=18.8 gap=19.6 (face=3.2mm) n=[87, 95, 110, 241, 162, 178, 203, 193, 317]  no evaluation (geometry pre-check)
  [ 233] INFEAS f=2393.496  a=14.3 b=20.0 gap=19.5 (face=3.0mm) n=[199, 153, 145, 117, 342, 152, 396, 54, 296]  no evaluation (geometry pre-check)
  [ 234] INFEAS f=2341.909  a=14.9 b=20.3 gap=19.6 (face=3.2mm) n=[153, 185, 106, 72, 217, 187, 168, 175, 409]  no evaluation (geometry pre-check)
  [ 235] viol   f=  57.325  a=15.2 b=20.3 gap=19.5 (face=3.0mm) n=[178, 236, 106, 263, 229, 209, 81, 196, 293]  tape=0.238km B=10.55T unif=1.534% hoop=72MPa
  [ 236] viol   f=1389.339  a=14.8 b=20.5 gap=19.8 (face=3.5mm) n=[169, 231, 197, 122, 189, 65, 235, 161, 129]  tape=0.192km B=9.78T unif=3.635% hoop=67MPa
  [ 237] viol   f=7273.406  a=13.5 b=19.2 gap=19.5 (face=3.0mm) n=[110, 123, 97, 230, 50, 50, 100, 55, 162]  tape=0.127km B=6.68T unif=7.021% hoop=73MPa
  [ 238] INFEAS f=1001.953  a=13.6 b=18.3 gap=19.6 (face=3.3mm) n=[88, 126, 165, 268, 64, 186, 205, 180, 58]  no evaluation (geometry pre-check)
  [ 239] viol   f=136573.827  a=14.3 b=19.9 gap=19.7 (face=3.3mm) n=[264, 228, 194, 147, 50, 52, 77, 83, 211]  tape=0.170km B=10.71T unif=27.132% hoop=69MPa
  [ 240] INFEAS f=3199.533  a=15.7 b=19.3 gap=19.5 (face=3.1mm) n=[60, 137, 193, 51, 68, 310, 456, 238, 283]  no evaluation (geometry pre-check)
  [ 241] INFEAS f=1155.784  a=14.5 b=17.5 gap=19.6 (face=3.3mm) n=[138, 167, 74, 147, 86, 90, 121, 68, 156]  no evaluation (geometry pre-check)
  [ 242] INFEAS f=1407.613  a=14.1 b=20.2 gap=19.8 (face=3.5mm) n=[86, 235, 95, 109, 125, 50, 347, 131, 65]  no evaluation (geometry pre-check)
  [a=15 b=21 nt=1455] KSP converged reason: 4, iterations: 1
  [a=14 b=19 nt=1213] KSP converged reason: 4, iterations: 1
  [ 243] INFEAS f=1285.941  a=14.5 b=18.4 gap=19.6 (face=3.1mm) n=[185, 202, 77, 346, 283, 264, 153, 122, 52]  no evaluation (geometry pre-check)
  [ 244] INFEAS f=1364.018  a=14.0 b=18.5 gap=19.6 (face=3.1mm) n=[204, 221, 135, 98, 177, 159, 124, 59, 340]  no evaluation (geometry pre-check)
  [ 245] INFEAS f=1007.908  a=14.1 b=18.7 gap=19.6 (face=3.3mm) n=[59, 102, 120, 220, 60, 135, 185, 193, 140]  no evaluation (geometry pre-check)
  [ 246] INFEAS f=5282.938  a=15.2 b=20.0 gap=19.5 (face=3.1mm) n=[64, 330, 174, 492, 221, 114, 102, 255, 118]  no evaluation (geometry pre-check)
  [ 247] INFEAS f=2266.666  a=13.7 b=18.3 gap=19.5 (face=3.0mm) n=[77, 73, 51, 169, 264, 363, 307, 83, 376]  no evaluation (geometry pre-check)
  [ 248] INFEAS f=1004.208  a=14.1 b=18.8 gap=19.5 (face=3.0mm) n=[63, 280, 200, 203, 142, 121, 214, 144, 286]  no evaluation (geometry pre-check)
  [ 249] viol   f=  27.237  a=14.7 b=20.6 gap=19.5 (face=3.0mm) n=[91, 145, 55, 139, 207, 197, 172, 288, 161]  tape=0.204km B=7.55T unif=1.274% hoop=67MPa
  [ 250] INFEAS f=1090.816  a=13.9 b=19.7 gap=19.5 (face=3.0mm) n=[162, 50, 94, 210, 55, 91, 314, 194, 191]  no evaluation (geometry pre-check)
  [ 251] INFEAS f=1000.236  a=14.8 b=19.7 gap=19.5 (face=3.0mm) n=[179, 201, 79, 269, 235, 50, 58, 108, 92]  no evaluation (geometry pre-check)
  [ 252] viol   f=2327.592  a=13.8 b=19.0 gap=19.9 (face=3.9mm) n=[50, 183, 81, 94, 143, 173, 61, 268, 160]  tape=0.159km B=7.03T unif=4.398% hoop=58MPa
  [ 253] INFEAS f=5580.315  a=15.6 b=17.7 gap=19.6 (face=3.2mm) n=[340, 79, 129, 500, 86, 143, 195, 67, 108]  no evaluation (geometry pre-check)
  [a=15 b=20 nt=1144] KSP converged reason: 4, iterations: 1
  [a=14 b=20 nt=1246] KSP converged reason: 4, iterations: 1
  [a=15 b=22 nt=1131] KSP converged reason: 4, iterations: 1
  [ 254] INFEAS f=1000.310  a=14.0 b=18.9 gap=19.6 (face=3.1mm) n=[62, 249, 86, 52, 236, 82, 55, 71, 75]  no evaluation (geometry pre-check)
  [ 255] INFEAS f=1010.198  a=14.5 b=19.0 gap=19.6 (face=3.3mm) n=[65, 142, 152, 305, 193, 141, 88, 58, 229]  no evaluation (geometry pre-check)
  [ 256] INFEAS f=1086.310  a=14.3 b=19.5 gap=19.5 (face=3.1mm) n=[183, 182, 166, 197, 108, 229, 185, 326, 141]  no evaluation (geometry pre-check)
  [ 257] INFEAS f=1048.320  a=14.9 b=18.8 gap=19.5 (face=3.0mm) n=[61, 115, 228, 134, 232, 80, 200, 50, 197]  no evaluation (geometry pre-check)
  [ 258] INFEAS f=1347.841  a=14.2 b=20.1 gap=19.8 (face=3.5mm) n=[103, 53, 159, 207, 98, 142, 148, 347, 140]  no evaluation (geometry pre-check)
  [ 259] INFEAS f=1004.132  a=13.8 b=18.8 gap=19.5 (face=3.0mm) n=[292, 57, 124, 229, 147, 91, 186, 248, 69]  no evaluation (geometry pre-check)
  [ 260] viol   f=17889.894  a=14.3 b=19.7 gap=19.6 (face=3.1mm) n=[119, 108, 108, 116, 224, 129, 51, 181, 210]  tape=0.158km B=7.67T unif=10.455% hoop=69MPa
  [ 261] INFEAS f=1249.077  a=13.6 b=20.1 gap=19.5 (face=3.0mm) n=[105, 50, 74, 251, 99, 67, 73, 322, 141]  no evaluation (geometry pre-check)
  [ 262] viol   f=5229.297  a=15.2 b=21.7 gap=19.6 (face=3.3mm) n=[58, 205, 111, 104, 108, 163, 103, 157, 122]  tape=0.155km B=7.37T unif=6.107% hoop=67MPa
  [ 263] INFEAS f=1497.094  a=14.5 b=20.5 gap=19.5 (face=3.0mm) n=[106, 219, 170, 363, 353, 179, 144, 302, 123]  no evaluation (geometry pre-check)
  [ 264] viol   f=13670.640  a=14.7 b=20.1 gap=19.5 (face=3.0mm) n=[209, 88, 89, 228, 103, 114, 89, 119, 105]  tape=0.152km B=7.85T unif=9.265% hoop=67MPa
  [a=14 b=19 nt=1193] KSP converged reason: 4, iterations: 1
  [a=14 b=20 nt=1343] KSP converged reason: 4, iterations: 1
  [ 265] INFEAS f=4862.996  a=13.6 b=18.7 gap=19.6 (face=3.2mm) n=[94, 121, 196, 439, 369, 81, 94, 142, 216]  no evaluation (geometry pre-check)
  [ 266] INFEAS f=1553.847  a=14.6 b=19.3 gap=19.5 (face=3.1mm) n=[123, 165, 69, 129, 368, 143, 143, 136, 199]  no evaluation (geometry pre-check)
  [ 267] INFEAS f=4460.418  a=14.1 b=18.2 gap=19.5 (face=3.0mm) n=[197, 121, 155, 129, 443, 71, 142, 129, 68]  no evaluation (geometry pre-check)
  [ 268] INFEAS f=1011.506  a=14.2 b=18.6 gap=19.5 (face=3.0mm) n=[110, 201, 236, 159, 292, 164, 91, 122, 96]  no evaluation (geometry pre-check)
  [ 269] viol   f=6107.445  a=14.0 b=19.0 gap=19.6 (face=3.2mm) n=[127, 90, 184, 102, 92, 265, 128, 131, 74]  tape=0.159km B=7.45T unif=6.520% hoop=62MPa
  [ 270] INFEAS f=1244.377  a=14.6 b=19.3 gap=19.5 (face=3.0mm) n=[90, 144, 205, 349, 298, 135, 146, 98, 201]  no evaluation (geometry pre-check)
  [ 271] INFEAS f=1099.799  a=13.2 b=16.6 gap=19.5 (face=3.0mm) n=[74, 111, 196, 163, 98, 94, 92, 119, 87]  no evaluation (geometry pre-check)
  [ 272] INFEAS f=1067.920  a=14.4 b=18.1 gap=19.5 (face=3.0mm) n=[154, 282, 137, 284, 245, 84, 60, 124, 146]  no evaluation (geometry pre-check)
  [ 273] INFEAS f=1010.212  a=14.6 b=19.1 gap=19.6 (face=3.3mm) n=[55, 80, 226, 68, 161, 253, 224, 92, 97]  no evaluation (geometry pre-check)
  [ 274] viol   f=1435.608  a=14.5 b=20.4 gap=19.6 (face=3.1mm) n=[150, 232, 113, 152, 130, 97, 187, 229, 53]  tape=0.173km B=8.46T unif=3.675% hoop=68MPa
  [ 275] INFEAS f=1212.457  a=14.6 b=18.7 gap=19.7 (face=3.3mm) n=[344, 172, 169, 151, 84, 152, 207, 179, 65]  no evaluation (geometry pre-check)
  [ 276] INFEAS f=1034.562  a=14.6 b=19.8 gap=19.6 (face=3.3mm) n=[153, 104, 226, 86, 323, 232, 267, 258, 181]  no evaluation (geometry pre-check)
  [ 277] INFEAS f=1166.852  a=14.6 b=20.1 gap=19.6 (face=3.1mm) n=[63, 64, 79, 342, 178, 223, 97, 57, 122]  no evaluation (geometry pre-check)
  [ 278] INFEAS f=1025.942  a=14.1 b=18.3 gap=19.6 (face=3.2mm) n=[134, 138, 98, 96, 167, 56, 112, 63, 98]  no evaluation (geometry pre-check)
  [ 279] INFEAS f=1062.190  a=14.9 b=18.7 gap=19.5 (face=3.1mm) n=[102, 251, 216, 263, 199, 92, 98, 127, 50]  no evaluation (geometry pre-check)
  [ 280] INFEAS f=1201.142  a=15.0 b=17.7 gap=19.6 (face=3.2mm) n=[108, 319, 104, 195, 167, 94, 224, 108, 183]  no evaluation (geometry pre-check)
  [ 281] INFEAS f=1009.807  a=13.9 b=18.6 gap=19.8 (face=3.6mm) n=[297, 127, 186, 145, 214, 176, 181, 77, 100]  no evaluation (geometry pre-check)
  [ 282] INFEAS f=1074.260  a=14.4 b=18.0 gap=19.5 (face=3.1mm) n=[78, 70, 153, 101, 64, 82, 169, 193, 70]  no evaluation (geometry pre-check)
  [ 283] INFEAS f=1047.374  a=14.3 b=18.3 gap=19.5 (face=3.0mm) n=[168, 82, 175, 246, 119, 128, 67, 153, 81]  no evaluation (geometry pre-check)
  [ 284] INFEAS f=1358.274  a=14.4 b=19.4 gap=19.5 (face=3.0mm) n=[93, 140, 216, 123, 352, 229, 342, 103, 74]  no evaluation (geometry pre-check)
  [ 285] INFEAS f=1204.615  a=14.1 b=18.3 gap=19.6 (face=3.2mm) n=[260, 226, 144, 292, 50, 329, 185, 205, 180]  no evaluation (geometry pre-check)
  [ 286] INFEAS f=1125.630  a=13.4 b=16.6 gap=19.5 (face=3.0mm) n=[218, 101, 183, 66, 122, 266, 174, 114, 104]  no evaluation (geometry pre-check)
  [a=13 b=19 nt=1076] KSP converged reason: 4, iterations: 1
  [ 287] INFEAS f=1379.752  a=13.9 b=19.1 gap=19.6 (face=3.2mm) n=[237, 339, 77, 299, 230, 70, 151, 138, 109]  no evaluation (geometry pre-check)
  [ 288] INFEAS f=1000.230  a=13.7 b=18.6 gap=19.7 (face=3.3mm) n=[109, 51, 141, 139, 177, 132, 159, 154, 182]  no evaluation (geometry pre-check)
  [ 289] INFEAS f=1010.806  a=14.0 b=18.5 gap=19.6 (face=3.1mm) n=[131, 93, 137, 279, 149, 139, 90, 52, 114]  no evaluation (geometry pre-check)
  [ 290] INFEAS f=1019.513  a=13.9 b=19.0 gap=20.1 (face=4.1mm) n=[75, 161, 303, 114, 271, 214, 255, 147, 156]  no evaluation (geometry pre-check)
  [ 291] INFEAS f=1002.369  a=14.0 b=18.8 gap=19.6 (face=3.2mm) n=[89, 73, 68, 148, 87, 174, 184, 80, 64]  no evaluation (geometry pre-check)
  [ 292] INFEAS f=1000.333  a=14.1 b=19.0 gap=19.5 (face=3.0mm) n=[204, 116, 256, 158, 171, 235, 65, 73, 78]  no evaluation (geometry pre-check)
  [ 293] INFEAS f=1034.826  a=13.1 b=17.8 gap=19.5 (face=3.0mm) n=[236, 68, 268, 186, 156, 284, 132, 282, 258]  no evaluation (geometry pre-check)
  [ 294] viol   f=133800.275  a=13.1 b=18.8 gap=19.5 (face=3.0mm) n=[259, 77, 159, 126, 113, 55, 113, 123, 51]  tape=0.141km B=8.21T unif=26.864% hoop=70MPa
  [ 295] INFEAS f=1424.051  a=14.1 b=19.1 gap=19.6 (face=3.2mm) n=[207, 51, 67, 180, 347, 65, 233, 52, 218]  no evaluation (geometry pre-check)
  [ 296] INFEAS f=1031.023  a=14.9 b=19.0 gap=19.6 (face=3.2mm) n=[114, 116, 153, 58, 165, 149, 174, 102, 105]  no evaluation (geometry pre-check)
  [ 297] INFEAS f=1064.015  a=13.9 b=17.6 gap=19.6 (face=3.2mm) n=[226, 193, 69, 123, 211, 251, 249, 121, 161]  no evaluation (geometry pre-check)
  [a=13 b=19 nt=1172] KSP converged reason: 4, iterations: 1
  [a=14 b=21 nt=1166] KSP converged reason: 4, iterations: 1
  [ 298] INFEAS f=3597.413  a=13.9 b=18.1 gap=19.9 (face=3.7mm) n=[131, 161, 159, 77, 81, 354, 419, 156, 210]  no evaluation (geometry pre-check)
  [ 299] INFEAS f=1000.316  a=13.7 b=18.6 gap=19.5 (face=3.1mm) n=[76, 59, 103, 207, 88, 147, 214, 85, 51]  no evaluation (geometry pre-check)
  [ 300] viol   f=27535.388  a=13.7 b=21.4 gap=19.5 (face=3.0mm) n=[159, 65, 109, 111, 190, 76, 190, 90, 176]  tape=0.148km B=7.59T unif=12.731% hoop=64MPa
  [ 301] INFEAS f=1000.065  a=13.8 b=18.8 gap=19.6 (face=3.1mm) n=[157, 91, 139, 241, 193, 59, 196, 176, 117]  no evaluation (geometry pre-check)
  [ 302] INFEAS f=1003.532  a=14.2 b=18.9 gap=19.5 (face=3.0mm) n=[67, 89, 282, 286, 139, 176, 120, 272, 89]  no evaluation (geometry pre-check)
  [ 303] INFEAS f=2801.459  a=13.6 b=18.6 gap=19.7 (face=3.4mm) n=[391, 59, 297, 87, 196, 84, 186, 91, 137]  no evaluation (geometry pre-check)
  [ 304] viol   f=1485.468  a=13.3 b=19.5 gap=19.7 (face=3.5mm) n=[54, 93, 102, 160, 160, 120, 107, 205, 171]  tape=0.143km B=6.28T unif=3.700% hoop=56MPa
  [ 305] INFEAS f=1268.365  a=13.7 b=19.1 gap=19.8 (face=3.5mm) n=[249, 57, 325, 160, 180, 93, 327, 122, 116]  no evaluation (geometry pre-check)
  [ 306] INFEAS f=1012.849  a=13.9 b=18.4 gap=19.9 (face=3.7mm) n=[51, 56, 73, 155, 207, 143, 73, 123, 87]  no evaluation (geometry pre-check)
  [ 307] INFEAS f=1004.445  a=13.6 b=18.3 gap=19.7 (face=3.3mm) n=[54, 245, 252, 91, 129, 245, 209, 215, 92]  no evaluation (geometry pre-check)
  [ 308] INFEAS f=1000.000  a=13.5 b=18.6 gap=19.6 (face=3.2mm) n=[197, 105, 240, 279, 132, 150, 111, 119, 233]  no evaluation (geometry pre-check)
  [a=14 b=19 nt=1525] KSP converged reason: 4, iterations: 1
  [a=14 b=20 nt=1090] KSP converged reason: 4, iterations: 1
  [a=14 b=20 nt=1334] KSP converged reason: 4, iterations: 1
  [ 309] viol   f=19824.722  a=14.1 b=20.0 gap=19.6 (face=3.1mm) n=[76, 66, 222, 252, 85, 80, 155, 66, 88]  tape=0.146km B=7.12T unif=10.952% hoop=62MPa
  [ 310] INFEAS f=1013.455  a=13.8 b=18.3 gap=19.6 (face=3.1mm) n=[67, 109, 164, 188, 50, 62, 230, 126, 260]  no evaluation (geometry pre-check)
  [ 311] INFEAS f=1008.336  a=14.3 b=18.9 gap=19.5 (face=3.0mm) n=[80, 75, 145, 123, 242, 124, 306, 62, 226]  no evaluation (geometry pre-check)
  [ 312] viol   f=21529.168  a=13.7 b=19.5 gap=19.8 (face=3.6mm) n=[234, 100, 130, 147, 163, 190, 97, 154, 119]  tape=0.169km B=9.47T unif=11.375% hoop=66MPa
  [ 313] INFEAS f=1115.392  a=14.1 b=19.1 gap=19.5 (face=3.1mm) n=[205, 51, 199, 322, 143, 129, 113, 102, 50]  no evaluation (geometry pre-check)
  [ 314] INFEAS f=1006.283  a=13.4 b=18.0 gap=19.7 (face=3.4mm) n=[253, 144, 182, 143, 105, 56, 263, 212, 145]  no evaluation (geometry pre-check)
  [ 315] INFEAS f=1057.844  a=12.3 b=17.9 gap=19.5 (face=3.0mm) n=[117, 224, 268, 236, 241, 93, 101, 51, 175]  no evaluation (geometry pre-check)
  [ 316] viol   f=24061.239  a=13.8 b=19.1 gap=19.5 (face=3.1mm) n=[217, 85, 213, 190, 203, 156, 273, 50, 138]  tape=0.192km B=10.73T unif=11.968% hoop=72MPa
  [ 317] INFEAS f=1000.356  a=13.1 b=18.1 gap=19.5 (face=3.1mm) n=[162, 120, 138, 271, 108, 59, 63, 91, 114]  no evaluation (geometry pre-check)
  [ 318] INFEAS f=1012.803  a=14.2 b=18.7 gap=19.5 (face=3.0mm) n=[295, 118, 139, 249, 116, 105, 239, 109, 86]  no evaluation (geometry pre-check)
  [ 319] INFEAS f=1592.256  a=14.0 b=18.0 gap=19.6 (face=3.2mm) n=[128, 106, 352, 271, 73, 92, 167, 92, 166]  no evaluation (geometry pre-check)
  [a=14 b=19 nt=1175] KSP converged reason: 4, iterations: 1
  [a=14 b=19 nt=1151] KSP converged reason: 4, iterations: 1
  [a=14 b=19 nt=1086] KSP converged reason: 4, iterations: 1
  [a=13 b=19 nt=850] KSP converged reason: 4, iterations: 1
  [ 320] INFEAS f=1024.762  a=13.4 b=17.6 gap=19.6 (face=3.2mm) n=[105, 240, 98, 106, 64, 126, 140, 161, 141]  no evaluation (geometry pre-check)
  [ 321] viol   f=20907.947  a=14.1 b=19.3 gap=19.5 (face=3.0mm) n=[182, 91, 88, 166, 250, 185, 71, 62, 56]  tape=0.150km B=8.06T unif=11.223% hoop=61MPa
  [ 322] INFEAS f=1014.830  a=13.5 b=17.9 gap=19.7 (face=3.4mm) n=[68, 99, 225, 240, 51, 75, 241, 57, 137]  no evaluation (geometry pre-check)
  [ 323] viol   f=23409.061  a=13.9 b=19.0 gap=19.6 (face=3.2mm) n=[160, 94, 75, 210, 57, 88, 166, 92, 144]  tape=0.135km B=7.04T unif=11.815% hoop=55MPa
  [ 324] INFEAS f=1001.856  a=13.4 b=18.1 gap=19.5 (face=3.1mm) n=[96, 51, 58, 142, 156, 111, 165, 98, 142]  no evaluation (geometry pre-check)
  [ 325] viol   f=2828.822  a=13.5 b=18.8 gap=19.5 (face=3.1mm) n=[50, 68, 69, 185, 133, 59, 62, 83, 141]  tape=0.104km B=5.52T unif=4.734% hoop=53MPa
  [ 326] INFEAS f=1029.128  a=13.2 b=17.3 gap=19.6 (face=3.2mm) n=[113, 94, 269, 207, 62, 52, 272, 122, 69]  no evaluation (geometry pre-check)
  [ 327] INFEAS f=1001.062  a=14.1 b=19.0 gap=19.5 (face=3.1mm) n=[134, 74, 85, 215, 166, 160, 287, 182, 85]  no evaluation (geometry pre-check)
  [ 328] INFEAS f=1015.298  a=13.8 b=18.1 gap=19.5 (face=3.0mm) n=[55, 71, 89, 132, 196, 133, 141, 124, 212]  no evaluation (geometry pre-check)
  [ 329] viol   f=12048.413  a=13.5 b=18.6 gap=19.5 (face=3.0mm) n=[53, 162, 202, 153, 64, 66, 256, 55, 164]  tape=0.148km B=7.40T unif=8.757% hoop=63MPa
  [ 330] INFEAS f=1006.099  a=13.6 b=18.2 gap=19.7 (face=3.3mm) n=[80, 118, 80, 185, 107, 105, 212, 116, 186]  no evaluation (geometry pre-check)
  [ 331] INFEAS f=1000.000  a=13.9 b=18.9 gap=19.6 (face=3.1mm) n=[51, 63, 84, 116, 152, 65, 127, 224, 112]  no evaluation (geometry pre-check)
  [ 332] INFEAS f=1219.527  a=13.9 b=19.4 gap=19.6 (face=3.3mm) n=[78, 96, 72, 171, 132, 111, 328, 107, 243]  no evaluation (geometry pre-check)
  [ 333] INFEAS f=1036.555  a=13.6 b=17.7 gap=19.6 (face=3.1mm) n=[74, 73, 55, 181, 245, 55, 269, 74, 165]  no evaluation (geometry pre-check)
  [ 334] INFEAS f=1042.909  a=13.6 b=17.6 gap=19.6 (face=3.1mm) n=[107, 93, 52, 178, 108, 259, 238, 51, 220]  no evaluation (geometry pre-check)
  [ 335] INFEAS f=1014.083  a=13.7 b=18.1 gap=19.6 (face=3.1mm) n=[150, 148, 77, 135, 209, 51, 243, 95, 267]  no evaluation (geometry pre-check)
  [ 336] INFEAS f=1001.040  a=13.6 b=18.4 gap=19.6 (face=3.2mm) n=[210, 73, 109, 55, 139, 97, 226, 98, 173]  no evaluation (geometry pre-check)
  [ 337] INFEAS f=1067.893  a=14.2 b=18.9 gap=19.5 (face=3.1mm) n=[120, 83, 126, 158, 71, 192, 319, 112, 138]  no evaluation (geometry pre-check)
  [ 338] INFEAS f=1026.084  a=13.4 b=18.5 gap=19.5 (face=3.0mm) n=[61, 56, 73, 253, 172, 126, 290, 253, 221]  no evaluation (geometry pre-check)
  [ 339] INFEAS f=1052.520  a=13.7 b=18.4 gap=19.6 (face=3.2mm) n=[143, 156, 144, 112, 77, 142, 304, 180, 119]  no evaluation (geometry pre-check)
  [ 340] INFEAS f=1312.597  a=13.7 b=18.5 gap=19.6 (face=3.1mm) n=[154, 236, 93, 331, 167, 137, 184, 177, 217]  no evaluation (geometry pre-check)
  [ 341] INFEAS f=4357.943  a=13.8 b=17.8 gap=19.5 (face=3.0mm) n=[182, 203, 131, 230, 85, 94, 434, 186, 275]  no evaluation (geometry pre-check)
  [a=14 b=19 nt=1148] KSP converged reason: 4, iterations: 1
  [a=14 b=19 nt=1214] KSP converged reason: 4, iterations: 1
  [ 342] INFEAS f=1000.042  a=13.9 b=18.9 gap=19.5 (face=3.0mm) n=[131, 83, 103, 220, 153, 111, 193, 72, 62]  no evaluation (geometry pre-check)
  [ 343] INFEAS f=1002.708  a=13.7 b=18.4 gap=19.5 (face=3.0mm) n=[76, 58, 74, 50, 125, 123, 243, 228, 55]  no evaluation (geometry pre-check)
  [ 344] INFEAS f=1000.631  a=13.7 b=18.6 gap=19.5 (face=3.1mm) n=[75, 114, 60, 122, 173, 116, 73, 139, 173]  no evaluation (geometry pre-check)
  [ 345] INFEAS f=1077.098  a=14.0 b=18.5 gap=19.5 (face=3.1mm) n=[58, 120, 77, 132, 166, 67, 178, 313, 63]  no evaluation (geometry pre-check)
  [ 346] INFEAS f=1045.206  a=13.8 b=17.7 gap=19.5 (face=3.0mm) n=[152, 73, 86, 97, 122, 61, 136, 198, 106]  no evaluation (geometry pre-check)
  [ 347] INFEAS f=1029.138  a=14.1 b=18.2 gap=19.7 (face=3.4mm) n=[114, 60, 191, 91, 128, 98, 237, 64, 152]  no evaluation (geometry pre-check)
  [ 348] INFEAS f=1025.252  a=13.8 b=18.0 gap=19.6 (face=3.1mm) n=[65, 61, 119, 55, 174, 98, 124, 140, 54]  no evaluation (geometry pre-check)
  [ 349] viol   f=7023.691  a=14.0 b=19.2 gap=19.5 (face=3.1mm) n=[132, 83, 56, 224, 173, 55, 204, 190, 97]  tape=0.150km B=7.21T unif=6.919% hoop=56MPa
  [ 350] viol   f= 233.501  a=13.6 b=19.2 gap=19.6 (face=3.3mm) n=[77, 50, 50, 129, 154, 119, 239, 230, 100]  tape=0.145km B=5.76T unif=1.994% hoop=57MPa
  [ 351] INFEAS f=1015.686  a=14.1 b=18.5 gap=19.5 (face=3.1mm) n=[69, 132, 62, 115, 108, 155, 73, 99, 116]  no evaluation (geometry pre-check)
  [ 352] INFEAS f=1000.076  a=13.6 b=18.6 gap=19.6 (face=3.1mm) n=[94, 116, 138, 227, 230, 93, 251, 201, 77]  no evaluation (geometry pre-check)
  [a=14 b=19 nt=1348] KSP converged reason: 4, iterations: 1
  [a=13 b=19 nt=1323] KSP converged reason: 4, iterations: 1
  [a=14 b=19 nt=1227] KSP converged reason: 4, iterations: 1
  [a=14 b=20 nt=998] KSP converged reason: 4, iterations: 1
  [a=14 b=19 nt=1007] KSP converged reason: 4, iterations: 1
  [ 353] viol   f=4743.370  a=13.3 b=19.3 gap=19.6 (face=3.3mm) n=[154, 88, 61, 83, 179, 163, 243, 250, 102]  tape=0.165km B=7.30T unif=5.862% hoop=57MPa
  [ 354] viol   f=4213.037  a=13.6 b=18.9 gap=19.6 (face=3.1mm) n=[61, 89, 80, 172, 194, 196, 250, 119, 66]  tape=0.155km B=6.62T unif=5.577% hoop=59MPa
  [ 355] INFEAS f=1012.386  a=13.8 b=18.2 gap=19.5 (face=3.0mm) n=[61, 192, 229, 108, 202, 99, 165, 146, 245]  no evaluation (geometry pre-check)
  [ 356] INFEAS f=1037.390  a=13.7 b=19.1 gap=19.7 (face=3.3mm) n=[62, 128, 65, 184, 74, 168, 301, 190, 96]  no evaluation (geometry pre-check)
  [ 357] INFEAS f=1004.141  a=14.1 b=18.8 gap=19.5 (face=3.0mm) n=[73, 68, 211, 208, 211, 87, 153, 55, 60]  no evaluation (geometry pre-check)
  [ 358] viol   f= 395.789  a=13.7 b=20.0 gap=19.6 (face=3.1mm) n=[61, 79, 58, 75, 253, 55, 154, 194, 69]  tape=0.135km B=5.59T unif=2.336% hoop=54MPa
  [ 359] viol   f=2689.125  a=13.6 b=19.0 gap=19.5 (face=3.1mm) n=[90, 76, 88, 54, 222, 66, 160, 175, 76]  tape=0.128km B=6.23T unif=4.647% hoop=58MPa
  [ 360] INFEAS f=1667.751  a=13.9 b=18.7 gap=19.6 (face=3.1mm) n=[50, 132, 135, 180, 190, 83, 58, 356, 115]  no evaluation (geometry pre-check)
  [ 361] INFEAS f=1031.143  a=14.0 b=19.6 gap=19.8 (face=3.6mm) n=[74, 74, 94, 72, 216, 86, 307, 194, 59]  no evaluation (geometry pre-check)
  [ 362] viol   f=2646.293  a=13.7 b=18.9 gap=19.5 (face=3.0mm) n=[50, 168, 85, 191, 204, 107, 272, 177, 94]  tape=0.174km B=7.72T unif=4.630% hoop=61MPa
  [ 363] INFEAS f=1061.254  a=13.5 b=18.5 gap=19.7 (face=3.5mm) n=[82, 153, 84, 143, 132, 171, 214, 299, 50]  no evaluation (geometry pre-check)
  [a=14 b=19 nt=1421] KSP converged reason: 4, iterations: 1
  [a=14 b=19 nt=1442] KSP converged reason: 4, iterations: 1
  [a=13 b=20 nt=1328] KSP converged reason: 4, iterations: 1
  [a=14 b=20 nt=1108] KSP converged reason: 4, iterations: 1
  [a=14 b=19 nt=1178] KSP converged reason: 4, iterations: 1
  [a=14 b=19 nt=1188] KSP converged reason: 4, iterations: 1
  [a=13 b=19 nt=1179] KSP converged reason: 4, iterations: 1
  [ 364] viol   f=1620.375  a=14.0 b=19.6 gap=19.5 (face=3.0mm) n=[64, 103, 177, 104, 245, 50, 121, 171, 73]  tape=0.147km B=6.82T unif=3.828% hoop=59MPa
  [ 365] viol   f= 248.037  a=14.0 b=19.5 gap=19.5 (face=3.0mm) n=[98, 144, 158, 180, 146, 67, 290, 58, 280]  tape=0.188km B=8.11T unif=2.097% hoop=81MPa
  [ 366] viol   f=6312.047  a=13.8 b=19.5 gap=19.5 (face=3.1mm) n=[52, 144, 132, 262, 210, 107, 159, 195, 181]  tape=0.186km B=7.76T unif=6.613% hoop=61MPa
  [ 367] viol   f=23292.822  a=14.0 b=19.4 gap=19.5 (face=3.1mm) n=[55, 92, 219, 73, 245, 133, 107, 129, 125]  tape=0.153km B=7.10T unif=11.788% hoop=61MPa
  [ 368] INFEAS f=1004.827  a=14.7 b=19.4 gap=19.5 (face=3.1mm) n=[91, 179, 211, 157, 196, 74, 146, 68, 51]  no evaluation (geometry pre-check)
  [ 369] INFEAS f=1000.000  a=14.1 b=19.1 gap=19.5 (face=3.1mm) n=[176, 51, 146, 145, 200, 77, 203, 118, 73]  no evaluation (geometry pre-check)
  [ 370] INFEAS f=1031.117  a=14.6 b=18.7 gap=19.5 (face=3.1mm) n=[60, 60, 139, 131, 189, 50, 229, 100, 50]  no evaluation (geometry pre-check)
  [ 371] INFEAS f=1000.000  a=13.7 b=18.7 gap=19.6 (face=3.3mm) n=[100, 69, 123, 51, 178, 97, 246, 136, 116]  no evaluation (geometry pre-check)
  [ 372] viol   f=22304.303  a=13.9 b=19.1 gap=19.6 (face=3.1mm) n=[53, 175, 169, 187, 240, 51, 158, 60, 95]  tape=0.149km B=8.28T unif=11.559% hoop=71MPa
  [ 373] viol   f=49917.042  a=13.5 b=19.8 gap=19.5 (face=3.0mm) n=[171, 108, 164, 152, 251, 106, 119, 169, 88]  tape=0.174km B=9.19T unif=16.798% hoop=69MPa
  [ 374] viol   f=34592.977  a=13.4 b=18.7 gap=19.6 (face=3.2mm) n=[164, 125, 70, 177, 135, 106, 270, 50, 82]  tape=0.155km B=8.00T unif=14.150% hoop=67MPa
  [a=14 b=19 nt=1511] KSP converged reason: 4, iterations: 1
  [a=14 b=19 nt=1498] KSP converged reason: 4, iterations: 1
  [a=14 b=19 nt=1171] KSP converged reason: 4, iterations: 1
  [a=14 b=19 nt=1325] KSP converged reason: 4, iterations: 1
  [ 375] INFEAS f=1011.969  a=14.6 b=19.0 gap=19.5 (face=3.0mm) n=[71, 72, 117, 115, 112, 50, 233, 143, 167]  no evaluation (geometry pre-check)
  [ 376] INFEAS f=1009.101  a=13.9 b=18.4 gap=19.5 (face=3.0mm) n=[126, 114, 131, 178, 212, 50, 215, 143, 172]  no evaluation (geometry pre-check)
  [ 377] viol   f=7788.296  a=14.2 b=19.4 gap=19.5 (face=3.1mm) n=[116, 128, 65, 141, 168, 142, 231, 111, 69]  tape=0.152km B=7.38T unif=7.235% hoop=62MPa
  [ 378] INFEAS f=1011.297  a=14.2 b=18.6 gap=19.5 (face=3.0mm) n=[56, 116, 151, 249, 261, 68, 234, 52, 115]  no evaluation (geometry pre-check)
  [ 379] INFEAS f=1069.652  a=13.9 b=18.4 gap=19.5 (face=3.1mm) n=[216, 158, 252, 68, 150, 88, 239, 75, 310]  no evaluation (geometry pre-check)
  [ 380] viol   f=11132.390  a=13.6 b=19.0 gap=19.5 (face=3.0mm) n=[77, 189, 239, 116, 184, 117, 282, 70, 224]  tape=0.191km B=8.91T unif=8.460% hoop=70MPa
  [ 381] viol   f=2263.143  a=14.2 b=19.4 gap=19.5 (face=3.0mm) n=[115, 190, 225, 109, 192, 78, 194, 90, 132]  tape=0.165km B=8.62T unif=4.361% hoop=62MPa
  [ 382] INFEAS f=1032.979  a=14.2 b=19.0 gap=19.5 (face=3.1mm) n=[98, 72, 128, 314, 123, 104, 234, 113, 192]  no evaluation (geometry pre-check)
  [ 383] viol   f=70316.117  a=14.4 b=19.4 gap=19.6 (face=3.2mm) n=[208, 161, 222, 67, 159, 61, 274, 66, 293]  tape=0.197km B=9.34T unif=19.750% hoop=77MPa
  [ 384] INFEAS f=1385.371  a=13.8 b=18.5 gap=19.6 (face=3.3mm) n=[142, 138, 125, 196, 113, 97, 337, 88, 136]  no evaluation (geometry pre-check)
  [ 385] INFEAS f=1005.300  a=13.6 b=18.2 gap=19.5 (face=3.0mm) n=[76, 78, 95, 253, 163, 86, 212, 70, 129]  no evaluation (geometry pre-check)
  [a=14 b=19 nt=1194] KSP converged reason: 4, iterations: 1
  [a=14 b=19 nt=1215] KSP converged reason: 4, iterations: 1
  [ 386] INFEAS f=1033.438  a=14.7 b=18.8 gap=19.5 (face=3.0mm) n=[100, 76, 197, 222, 218, 73, 219, 106, 238]  no evaluation (geometry pre-check)
  [ 387] INFEAS f=1001.787  a=13.3 b=18.3 gap=19.5 (face=3.0mm) n=[51, 189, 136, 219, 121, 52, 278, 72, 102]  no evaluation (geometry pre-check)
  [ 388] INFEAS f=1000.005  a=13.5 b=18.5 gap=19.5 (face=3.0mm) n=[53, 80, 140, 236, 232, 60, 281, 56, 59]  no evaluation (geometry pre-check)
  [ 389] viol   f=  14.485  a=13.9 b=19.0 gap=19.5 (face=3.0mm) n=[96, 64, 147, 168, 210, 69, 215, 67, 179]  tape=0.147km B=7.32T unif=0.890% hoop=62MPa
  [ 390] INFEAS f=1610.914  a=14.5 b=19.6 gap=19.5 (face=3.0mm) n=[147, 60, 70, 198, 189, 70, 368, 149, 102]  no evaluation (geometry pre-check)
  [ 391] INFEAS f=1040.075  a=14.3 b=18.3 gap=19.5 (face=3.0mm) n=[158, 85, 116, 176, 198, 72, 291, 117, 53]  no evaluation (geometry pre-check)
  [ 392] viol   f=3041.542  a=14.1 b=19.4 gap=19.5 (face=3.0mm) n=[81, 101, 112, 284, 150, 50, 230, 86, 100]  tape=0.163km B=7.14T unif=4.889% hoop=69MPa
  [ 393] INFEAS f=1015.319  a=14.0 b=18.4 gap=19.5 (face=3.0mm) n=[67, 106, 214, 179, 143, 79, 286, 182, 142]  no evaluation (geometry pre-check)
  [ 394] INFEAS f=1095.773  a=14.4 b=17.8 gap=19.6 (face=3.1mm) n=[73, 112, 125, 203, 207, 220, 228, 50, 238]  no evaluation (geometry pre-check)
  [ 395] INFEAS f=1314.814  a=13.5 b=18.3 gap=19.6 (face=3.1mm) n=[85, 193, 143, 325, 169, 167, 172, 137, 167]  no evaluation (geometry pre-check)
  [ 396] INFEAS f=1001.468  a=13.9 b=18.8 gap=19.5 (face=3.0mm) n=[176, 62, 95, 238, 213, 118, 196, 54, 193]  no evaluation (geometry pre-check)
  [a=14 b=19 nt=1276] KSP converged reason: 4, iterations: 1
  [a=14 b=19 nt=1335] KSP converged reason: 4, iterations: 1
  [ 397] INFEAS f=1032.066  a=13.7 b=19.1 gap=19.6 (face=3.2mm) n=[69, 123, 81, 300, 200, 102, 173, 53, 102]  no evaluation (geometry pre-check)
  [ 398] INFEAS f=1436.282  a=13.5 b=18.2 gap=19.5 (face=3.0mm) n=[117, 183, 203, 249, 180, 62, 332, 139, 185]  no evaluation (geometry pre-check)
  [ 399] INFEAS f=1665.834  a=13.4 b=18.9 gap=19.6 (face=3.1mm) n=[90, 51, 88, 200, 266, 94, 342, 141, 152]  no evaluation (geometry pre-check)
  [ 400] INFEAS f=1046.569  a=13.8 b=18.7 gap=19.5 (face=3.0mm) n=[155, 87, 155, 226, 183, 116, 306, 88, 176]  no evaluation (geometry pre-check)
  [ 401] viol   f=4721.699  a=13.9 b=19.0 gap=19.5 (face=3.0mm) n=[143, 70, 56, 205, 239, 81, 245, 91, 205]  tape=0.163km B=7.36T unif=5.852% hoop=55MPa
  [ 402] INFEAS f=1017.268  a=13.6 b=18.0 gap=19.5 (face=3.0mm) n=[103, 96, 93, 234, 198, 118, 262, 98, 76]  no evaluation (geometry pre-check)
  [ 403] INFEAS f=1432.336  a=13.7 b=18.8 gap=19.5 (face=3.0mm) n=[154, 124, 169, 339, 238, 50, 114, 109, 118]  no evaluation (geometry pre-check)
  [ 404] INFEAS f=1045.407  a=13.5 b=19.0 gap=19.5 (face=3.0mm) n=[92, 64, 92, 192, 177, 57, 296, 156, 103]  no evaluation (geometry pre-check)
  [ 405] INFEAS f=1007.760  a=14.2 b=18.8 gap=19.6 (face=3.2mm) n=[99, 87, 95, 181, 286, 55, 278, 76, 105]  no evaluation (geometry pre-check)
  [ 406] INFEAS f=1039.289  a=13.4 b=18.5 gap=19.5 (face=3.0mm) n=[72, 77, 52, 292, 209, 66, 170, 137, 59]  no evaluation (geometry pre-check)
  [ 407] viol   f=  24.133  a=13.8 b=19.4 gap=19.5 (face=3.0mm) n=[104, 74, 76, 194, 218, 69, 280, 181, 80]  tape=0.169km B=6.83T unif=1.140% hoop=59MPa
  [a=14 b=19 nt=1244] KSP converged reason: 4, iterations: 1
  [a=14 b=19 nt=1238] KSP converged reason: 4, iterations: 1
  [ 408] viol   f=14996.166  a=13.9 b=19.5 gap=19.6 (face=3.2mm) n=[148, 80, 103, 167, 222, 112, 255, 93, 64]  tape=0.163km B=7.94T unif=9.657% hoop=65MPa
  [ 409] INFEAS f=1275.824  a=14.0 b=18.4 gap=19.5 (face=3.0mm) n=[169, 145, 135, 125, 172, 82, 335, 91, 220]  no evaluation (geometry pre-check)
  [ 410] INFEAS f=1014.437  a=14.1 b=18.5 gap=19.5 (face=3.1mm) n=[50, 76, 94, 240, 244, 65, 224, 162, 135]  no evaluation (geometry pre-check)
  [ 411] INFEAS f=1234.351  a=14.2 b=19.1 gap=19.5 (face=3.1mm) n=[100, 81, 107, 172, 214, 70, 337, 54, 50]  no evaluation (geometry pre-check)
  [ 412] viol   f=16858.433  a=13.8 b=18.8 gap=19.6 (face=3.3mm) n=[121, 93, 134, 128, 227, 119, 207, 133, 76]  tape=0.154km B=7.95T unif=10.179% hoop=64MPa
  [ 413] INFEAS f=1031.185  a=13.6 b=18.3 gap=19.5 (face=3.1mm) n=[86, 52, 157, 295, 212, 140, 202, 82, 59]  no evaluation (geometry pre-check)
  [ 414] INFEAS f=1011.145  a=13.8 b=18.3 gap=19.6 (face=3.1mm) n=[82, 146, 83, 273, 132, 60, 220, 213, 64]  no evaluation (geometry pre-check)
  [ 415] INFEAS f=1007.770  a=13.8 b=19.0 gap=19.6 (face=3.1mm) n=[119, 69, 59, 195, 108, 63, 295, 124, 165]  no evaluation (geometry pre-check)
  [ 416] INFEAS f=1203.143  a=14.4 b=18.7 gap=19.5 (face=3.0mm) n=[147, 109, 52, 194, 338, 79, 205, 114, 120]  no evaluation (geometry pre-check)
  [ 417] INFEAS f=1198.571  a=13.6 b=18.4 gap=19.5 (face=3.1mm) n=[199, 112, 80, 279, 242, 69, 317, 78, 74]  no evaluation (geometry pre-check)
  [ 418] INFEAS f=1209.066  a=13.7 b=18.6 gap=19.5 (face=3.0mm) n=[184, 95, 64, 323, 239, 100, 288, 119, 159]  no evaluation (geometry pre-check)
  [a=14 b=19 nt=1336] KSP converged reason: 4, iterations: 1
  [a=14 b=19 nt=1326] KSP converged reason: 4, iterations: 1
  [ 419] INFEAS f=1000.332  a=13.8 b=18.7 gap=19.5 (face=3.0mm) n=[79, 50, 71, 117, 221, 109, 270, 169, 88]  no evaluation (geometry pre-check)
  [ 420] INFEAS f=1033.422  a=14.1 b=18.2 gap=19.6 (face=3.3mm) n=[98, 137, 122, 264, 108, 76, 181, 175, 93]  no evaluation (geometry pre-check)
  [ 421] INFEAS f=1024.737  a=14.1 b=18.3 gap=19.6 (face=3.1mm) n=[88, 142, 69, 243, 233, 99, 298, 162, 141]  no evaluation (geometry pre-check)
  [ 422] INFEAS f=1027.770  a=13.9 b=18.2 gap=19.5 (face=3.1mm) n=[60, 69, 59, 249, 136, 98, 298, 102, 101]  no evaluation (geometry pre-check)
  [ 423] viol   f=19287.369  a=13.7 b=19.2 gap=19.5 (face=3.1mm) n=[169, 100, 74, 235, 135, 77, 250, 94, 192]  tape=0.167km B=8.05T unif=10.818% hoop=59MPa
  [ 424] INFEAS f=1002.956  a=13.8 b=18.5 gap=19.5 (face=3.1mm) n=[51, 51, 97, 272, 161, 95, 260, 141, 157]  no evaluation (geometry pre-check)
  [ 425] INFEAS f=1000.039  a=14.1 b=19.1 gap=19.5 (face=3.1mm) n=[79, 88, 63, 256, 174, 77, 260, 187, 103]  no evaluation (geometry pre-check)
  [ 426] INFEAS f=1033.049  a=14.2 b=18.2 gap=19.5 (face=3.0mm) n=[87, 114, 56, 236, 187, 142, 251, 135, 98]  no evaluation (geometry pre-check)
  [ 427] INFEAS f=1000.117  a=13.8 b=18.7 gap=19.6 (face=3.2mm) n=[72, 61, 120, 272, 168, 66, 217, 223, 78]  no evaluation (geometry pre-check)
  [ 428] INFEAS f=1260.519  a=14.0 b=18.1 gap=19.6 (face=3.3mm) n=[139, 163, 80, 331, 227, 57, 210, 226, 81]  no evaluation (geometry pre-check)
  [ 429] viol   f=2556.795  a=13.7 b=19.1 gap=19.6 (face=3.1mm) n=[132, 55, 123, 241, 195, 61, 252, 89, 188]  tape=0.166km B=7.82T unif=4.569% hoop=59MPa
  [a=13 b=19 nt=1099] KSP converged reason: 4, iterations: 1
  [ 430] INFEAS f=1007.240  a=13.7 b=18.3 gap=19.6 (face=3.2mm) n=[60, 101, 57, 247, 202, 123, 229, 146, 115]  no evaluation (geometry pre-check)
  [ 431] INFEAS f=1036.689  a=14.3 b=19.1 gap=19.7 (face=3.3mm) n=[91, 102, 67, 277, 148, 77, 317, 267, 107]  no evaluation (geometry pre-check)
  [ 432] INFEAS f=1001.273  a=14.1 b=18.9 gap=19.6 (face=3.2mm) n=[101, 75, 81, 228, 180, 61, 243, 158, 94]  no evaluation (geometry pre-check)
  [ 433] viol   f=2259.780  a=13.4 b=18.7 gap=19.6 (face=3.2mm) n=[106, 97, 65, 228, 63, 50, 245, 173, 72]  tape=0.137km B=6.28T unif=4.341% hoop=59MPa
  [ 434] INFEAS f=1000.496  a=14.0 b=18.9 gap=19.5 (face=3.1mm) n=[127, 85, 62, 207, 55, 101, 269, 244, 145]  no evaluation (geometry pre-check)
  [ 435] INFEAS f=1025.315  a=14.2 b=18.8 gap=19.6 (face=3.1mm) n=[140, 89, 94, 192, 239, 96, 194, 309, 60]  no evaluation (geometry pre-check)
  [ 436] INFEAS f=1029.914  a=14.0 b=18.5 gap=19.6 (face=3.2mm) n=[57, 92, 89, 288, 167, 69, 304, 151, 151]  no evaluation (geometry pre-check)
  [ 437] INFEAS f=1000.379  a=14.3 b=19.2 gap=19.5 (face=3.0mm) n=[65, 66, 51, 277, 209, 122, 277, 300, 52]  no evaluation (geometry pre-check)
  [ 438] INFEAS f=1002.801  a=13.9 b=18.7 gap=19.6 (face=3.1mm) n=[101, 51, 89, 274, 169, 99, 234, 248, 125]  no evaluation (geometry pre-check)
  [ 439] INFEAS f=1039.971  a=14.1 b=19.1 gap=19.5 (face=3.0mm) n=[50, 161, 81, 311, 161, 114, 256, 125, 168]  no evaluation (geometry pre-check)
  [ 440] INFEAS f=1000.300  a=13.7 b=18.6 gap=19.5 (face=3.0mm) n=[73, 57, 65, 245, 194, 61, 236, 138, 63]  no evaluation (geometry pre-check)
  [a=14 b=19 nt=1102] KSP converged reason: 4, iterations: 1
  [a=14 b=19 nt=1236] KSP converged reason: 4, iterations: 1
  [a=14 b=20 nt=1249] KSP converged reason: 4, iterations: 1
  [ 441] INFEAS f=1001.239  a=13.8 b=19.0 gap=19.5 (face=3.1mm) n=[57, 69, 86, 254, 205, 96, 292, 88, 92]  no evaluation (geometry pre-check)
  [ 442] viol   f=  33.312  a=13.9 b=18.9 gap=19.5 (face=3.1mm) n=[87, 84, 111, 186, 145, 57, 212, 225, 129]  tape=0.151km B=6.80T unif=1.252% hoop=55MPa
  [ 443] INFEAS f=1025.174  a=13.9 b=18.1 gap=19.5 (face=3.1mm) n=[110, 105, 64, 202, 188, 145, 279, 218, 104]  no evaluation (geometry pre-check)
  [ 444] viol   f= 686.566  a=14.1 b=19.1 gap=19.5 (face=3.0mm) n=[86, 61, 58, 212, 168, 68, 262, 129, 58]  tape=0.145km B=6.11T unif=2.811% hoop=58MPa
  [ 445] INFEAS f=1000.431  a=14.2 b=19.1 gap=19.5 (face=3.0mm) n=[51, 51, 59, 211, 201, 57, 241, 291, 112]  no evaluation (geometry pre-check)
  [ 446] viol   f=  20.067  a=14.3 b=19.9 gap=19.5 (face=3.0mm) n=[81, 112, 60, 191, 187, 93, 214, 207, 104]  tape=0.156km B=6.84T unif=0.662% hoop=53MPa
  [ 447] INFEAS f=1007.779  a=13.9 b=18.4 gap=19.6 (face=3.1mm) n=[56, 55, 69, 213, 192, 133, 291, 268, 57]  no evaluation (geometry pre-check)
  [ 448] INFEAS f=1007.074  a=13.9 b=18.5 gap=19.5 (face=3.1mm) n=[90, 165, 123, 261, 118, 58, 243, 236, 91]  no evaluation (geometry pre-check)
  [ 449] INFEAS f=1000.008  a=13.9 b=18.9 gap=19.6 (face=3.1mm) n=[89, 111, 107, 182, 135, 73, 248, 265, 94]  no evaluation (geometry pre-check)
  [ 450] INFEAS f=1566.341  a=13.8 b=19.1 gap=19.5 (face=3.1mm) n=[100, 72, 53, 290, 166, 122, 348, 173, 127]  no evaluation (geometry pre-check)
  [ 451] INFEAS f=1003.906  a=14.3 b=19.0 gap=19.5 (face=3.0mm) n=[130, 93, 115, 272, 193, 79, 301, 127, 80]  no evaluation (geometry pre-check)
  [a=14 b=20 nt=1381] KSP converged reason: 4, iterations: 1
  [a=14 b=19 nt=1232] KSP converged reason: 4, iterations: 1
  [a=14 b=20 nt=1278] KSP converged reason: 4, iterations: 1
  [a=14 b=19 nt=1202] KSP converged reason: 4, iterations: 1
  [a=14 b=20 nt=1325] KSP converged reason: 4, iterations: 1
  [a=14 b=19 nt=1345] KSP converged reason: 4, iterations: 1
  [a=14 b=20 nt=1157] KSP converged reason: 4, iterations: 1
  [a=14 b=20 nt=1235] KSP converged reason: 4, iterations: 1
  [ 452] viol   f=3700.166  a=14.1 b=19.7 gap=19.5 (face=3.0mm) n=[61, 153, 70, 227, 209, 136, 246, 160, 63]  tape=0.168km B=7.54T unif=5.294% hoop=58MPa
  [ 453] viol   f=2244.915  a=13.8 b=19.3 gap=19.6 (face=3.1mm) n=[53, 150, 69, 236, 81, 56, 214, 250, 123]  tape=0.155km B=6.73T unif=4.334% hoop=48MPa
  [ 454] INFEAS f=1019.753  a=14.1 b=19.6 gap=19.6 (face=3.2mm) n=[63, 51, 92, 246, 88, 72, 235, 307, 101]  no evaluation (geometry pre-check)
  [ 455] viol   f= 696.075  a=14.0 b=19.7 gap=19.5 (face=3.1mm) n=[67, 101, 115, 188, 183, 63, 287, 271, 106]  tape=0.183km B=6.87T unif=2.839% hoop=63MPa
  [ 456] viol   f=1752.633  a=14.3 b=19.5 gap=19.5 (face=3.0mm) n=[109, 177, 50, 220, 177, 82, 210, 204, 116]  tape=0.164km B=8.00T unif=3.953% hoop=54MPa
  [ 457] viol   f=  15.010  a=14.5 b=19.8 gap=19.6 (face=3.1mm) n=[82, 127, 81, 225, 129, 69, 252, 243, 70]  tape=0.165km B=7.28T unif=0.626% hoop=62MPa
  [ 458] viol   f=6535.651  a=13.8 b=19.5 gap=19.5 (face=3.1mm) n=[59, 91, 50, 223, 235, 85, 209, 175, 75]  tape=0.149km B=6.18T unif=6.704% hoop=49MPa
  [ 459] INFEAS f=1004.097  a=14.3 b=19.0 gap=19.6 (face=3.1mm) n=[59, 119, 83, 115, 205, 52, 223, 184, 74]  no evaluation (geometry pre-check)
  [ 460] viol   f= 268.126  a=14.0 b=19.9 gap=19.6 (face=3.1mm) n=[78, 50, 74, 165, 131, 66, 283, 240, 70]  tape=0.158km B=5.83T unif=2.080% hoop=59MPa
  [ 461] INFEAS f=1014.838  a=14.6 b=19.0 gap=19.5 (face=3.0mm) n=[109, 104, 58, 159, 149, 100, 182, 149, 63]  no evaluation (geometry pre-check)
  [ 462] viol   f=  24.690  a=14.3 b=20.0 gap=19.5 (face=3.1mm) n=[97, 83, 57, 140, 202, 63, 289, 236, 68]  tape=0.169km B=6.50T unif=0.735% hoop=62MPa
  [a=14 b=19 nt=1287] KSP converged reason: 4, iterations: 1
  [a=14 b=20 nt=1298] KSP converged reason: 4, iterations: 1
  [a=14 b=20 nt=1119] KSP converged reason: 4, iterations: 1
  [a=14 b=20 nt=1310] KSP converged reason: 4, iterations: 1
  [a=14 b=20 nt=1246] KSP converged reason: 4, iterations: 1
  [ 463] viol   f=36201.141  a=14.4 b=19.6 gap=19.6 (face=3.1mm) n=[151, 106, 98, 185, 118, 97, 241, 241, 73]  tape=0.167km B=7.98T unif=14.452% hoop=66MPa
  [ 464] INFEAS f=1000.060  a=14.1 b=19.1 gap=19.6 (face=3.2mm) n=[92, 51, 72, 234, 111, 73, 206, 126, 93]  no evaluation (geometry pre-check)
  [ 465] viol   f= 190.602  a=14.0 b=19.2 gap=19.6 (face=3.2mm) n=[103, 56, 152, 219, 118, 55, 246, 262, 76]  tape=0.164km B=6.99T unif=1.928% hoop=59MPa
  [ 466] INFEAS f=1244.675  a=14.6 b=20.4 gap=19.5 (face=3.1mm) n=[69, 85, 116, 265, 213, 54, 286, 348, 61]  no evaluation (geometry pre-check)
  [ 467] INFEAS f=1013.516  a=13.9 b=19.6 gap=19.6 (face=3.1mm) n=[51, 62, 93, 197, 154, 80, 299, 253, 54]  no evaluation (geometry pre-check)
  [ 468] INFEAS f=1000.310  a=14.2 b=19.1 gap=19.6 (face=3.2mm) n=[50, 112, 62, 177, 198, 122, 214, 266, 102]  no evaluation (geometry pre-check)
  [ 469] viol   f= 124.492  a=14.1 b=20.0 gap=19.6 (face=3.1mm) n=[114, 107, 67, 223, 163, 77, 263, 222, 62]  tape=0.171km B=7.43T unif=1.745% hoop=66MPa
  [ 470] viol   f=2110.512  a=14.0 b=20.1 gap=19.5 (face=3.0mm) n=[52, 141, 85, 221, 199, 73, 184, 226, 65]  tape=0.156km B=7.19T unif=4.236% hoop=55MPa
  [ 471] INFEAS f=1000.097  a=14.3 b=19.3 gap=19.6 (face=3.1mm) n=[85, 91, 57, 187, 188, 52, 297, 178, 87]  no evaluation (geometry pre-check)
  [ 472] viol   f= 507.633  a=14.2 b=20.2 gap=19.5 (face=3.0mm) n=[82, 109, 56, 148, 153, 54, 248, 218, 51]  tape=0.149km B=6.15T unif=2.546% hoop=63MPa
  [ 473] INFEAS f=1000.088  a=14.0 b=19.3 gap=19.5 (face=3.0mm) n=[109, 106, 73, 136, 152, 62, 295, 285, 83]  no evaluation (geometry pre-check)
  [a=14 b=20 nt=1235] KSP converged reason: 4, iterations: 1
  [a=14 b=20 nt=1247] KSP converged reason: 4, iterations: 1
  [a=14 b=20 nt=1226] KSP converged reason: 4, iterations: 1
  [a=14 b=20 nt=1156] KSP converged reason: 4, iterations: 1
  [a=14 b=20 nt=1192] KSP converged reason: 4, iterations: 1
  [a=14 b=19 nt=1231] KSP converged reason: 4, iterations: 1
  [ 474] INFEAS f=1000.784  a=14.5 b=19.4 gap=19.5 (face=3.1mm) n=[112, 58, 80, 246, 157, 65, 307, 223, 69]  no evaluation (geometry pre-check)
  [ 475] INFEAS f=1657.791  a=14.5 b=20.3 gap=19.6 (face=3.1mm) n=[112, 69, 70, 204, 178, 51, 353, 371, 79]  no evaluation (geometry pre-check)
  [ 476] INFEAS f=1095.444  a=13.7 b=19.7 gap=19.6 (face=3.3mm) n=[82, 68, 96, 308, 217, 66, 309, 212, 144]  no evaluation (geometry pre-check)
  [ 477] viol   f=  20.736  a=14.4 b=20.3 gap=19.6 (face=3.2mm) n=[85, 121, 134, 231, 52, 59, 283, 207, 63]  tape=0.170km B=6.80T unif=1.022% hoop=73MPa
  [ 478] INFEAS f=1064.818  a=14.4 b=20.3 gap=19.5 (face=3.1mm) n=[107, 148, 79, 231, 215, 128, 205, 325, 66]  no evaluation (geometry pre-check)
  [ 479] viol   f= 823.306  a=14.1 b=19.9 gap=19.5 (face=3.0mm) n=[72, 112, 82, 240, 105, 61, 232, 256, 66]  tape=0.159km B=6.73T unif=3.002% hoop=59MPa
  [ 480] INFEAS f=1000.010  a=14.2 b=19.1 gap=19.6 (face=3.1mm) n=[97, 57, 58, 238, 89, 57, 233, 176, 51]  no evaluation (geometry pre-check)
  [ 481] viol   f= 969.762  a=14.3 b=20.1 gap=19.5 (face=3.0mm) n=[73, 158, 85, 158, 142, 90, 259, 160, 67]  tape=0.163km B=7.21T unif=3.184% hoop=65MPa
  [ 482] viol   f= 259.307  a=14.3 b=19.9 gap=19.5 (face=3.1mm) n=[61, 137, 62, 216, 161, 67, 260, 210, 73]  tape=0.164km B=7.01T unif=2.098% hoop=61MPa
  [ 483] viol   f=  14.287  a=13.8 b=19.5 gap=19.5 (face=3.0mm) n=[87, 106, 126, 206, 194, 50, 204, 184, 74]  tape=0.148km B=7.34T unif=0.750% hoop=59MPa
  [ 484] viol   f=1544.715  a=14.3 b=20.3 gap=19.5 (face=3.1mm) n=[50, 103, 50, 200, 104, 54, 272, 222, 101]  tape=0.158km B=6.05T unif=3.751% hoop=53MPa
  [a=14 b=19 nt=1031] KSP converged reason: 4, iterations: 1
  [a=15 b=20 nt=1233] KSP converged reason: 4, iterations: 1
  [a=14 b=20 nt=1340] KSP converged reason: 4, iterations: 1
  [a=14 b=20 nt=1241] KSP converged reason: 4, iterations: 1
  [a=14 b=20 nt=1265] KSP converged reason: 4, iterations: 1
  [a=14 b=20 nt=1253] KSP converged reason: 4, iterations: 1
  [ 485] viol   f=1654.481  a=14.3 b=20.2 gap=19.5 (face=3.1mm) n=[138, 50, 111, 233, 207, 50, 222, 181, 73]  tape=0.161km B=7.32T unif=3.863% hoop=56MPa
  [ 486] INFEAS f=1012.895  a=14.0 b=19.8 gap=19.6 (face=3.2mm) n=[90, 67, 101, 162, 73, 89, 302, 204, 173]  no evaluation (geometry pre-check)
  [ 487] INFEAS f=1020.777  a=13.9 b=20.4 gap=19.5 (face=3.0mm) n=[127, 113, 159, 293, 164, 52, 192, 301, 150]  no evaluation (geometry pre-check)
  [ 488] viol   f=  18.689  a=14.6 b=20.5 gap=19.5 (face=3.0mm) n=[77, 110, 108, 195, 155, 66, 199, 268, 55]  tape=0.170km B=6.96T unif=0.571% hoop=70MPa
  [ 489] viol   f=3663.933  a=14.3 b=20.0 gap=19.5 (face=3.0mm) n=[111, 125, 115, 185, 183, 54, 242, 202, 123]  tape=0.174km B=7.61T unif=5.273% hoop=66MPa
  [ 490] viol   f=  69.951  a=14.4 b=20.2 gap=19.5 (face=3.1mm) n=[89, 92, 158, 228, 79, 69, 210, 214, 114]  tape=0.161km B=6.77T unif=1.495% hoop=58MPa
  [ 491] viol   f= 408.411  a=14.1 b=19.8 gap=19.5 (face=3.0mm) n=[107, 111, 67, 235, 180, 71, 240, 150, 80]  tape=0.160km B=7.24T unif=2.402% hoop=65MPa
  [ 492] INFEAS f=1042.908  a=14.0 b=19.8 gap=19.5 (face=3.0mm) n=[100, 184, 114, 158, 138, 52, 310, 204, 82]  no evaluation (geometry pre-check)
  [ 493] INFEAS f=1006.783  a=13.9 b=19.8 gap=19.5 (face=3.1mm) n=[133, 81, 83, 296, 82, 58, 258, 169, 128]  no evaluation (geometry pre-check)
  [ 494] viol   f= 417.695  a=13.9 b=19.2 gap=19.6 (face=3.1mm) n=[125, 77, 64, 289, 67, 53, 195, 104, 57]  tape=0.142km B=6.28T unif=2.396% hoop=61MPa
  [ 495] INFEAS f=1484.967  a=14.2 b=20.1 gap=19.5 (face=3.1mm) n=[97, 111, 132, 354, 85, 51, 305, 231, 50]  no evaluation (geometry pre-check)
  [a=15 b=20 nt=1395] KSP converged reason: 4, iterations: 1
  [a=14 b=21 nt=1496] KSP converged reason: 4, iterations: 1
  [a=14 b=20 nt=1326] KSP converged reason: 4, iterations: 1
  [a=14 b=20 nt=1255] KSP converged reason: 4, iterations: 1
  [a=14 b=20 nt=1187] KSP converged reason: 4, iterations: 1
  [a=15 b=20 nt=1186] KSP converged reason: 4, iterations: 1
  [a=15 b=20 nt=1133] KSP converged reason: 4, iterations: 1
  [a=14 b=20 nt=1210] KSP converged reason: 4, iterations: 1
  [a=14 b=20 nt=1098] KSP converged reason: 4, iterations: 1
  [a=14 b=20 nt=1187] KSP converged reason: 4, iterations: 1
  [ 496] viol   f=1335.813  a=14.5 b=20.2 gap=19.5 (face=3.0mm) n=[100, 127, 55, 197, 176, 104, 187, 135, 105]  tape=0.149km B=7.22T unif=3.569% hoop=55MPa
  [ 497] viol   f=24767.425  a=14.4 b=21.1 gap=19.5 (face=3.0mm) n=[167, 145, 164, 185, 145, 53, 245, 270, 122]  tape=0.204km B=8.57T unif=12.127% hoop=73MPa
  [ 498] viol   f=1286.857  a=14.4 b=20.1 gap=19.5 (face=3.1mm) n=[105, 146, 68, 208, 115, 98, 210, 245, 60]  tape=0.165km B=7.44T unif=3.524% hoop=63MPa
  [ 499] viol   f=9641.457  a=14.6 b=20.2 gap=19.5 (face=3.0mm) n=[221, 130, 82, 186, 121, 75, 289, 201, 90]  tape=0.193km B=8.26T unif=7.941% hoop=67MPa
  [ 500] viol   f=  15.701  a=13.7 b=19.7 gap=19.6 (face=3.2mm) n=[98, 82, 156, 196, 133, 133, 231, 227, 70]  tape=0.165km B=7.56T unif=1.134% hoop=61MPa
  [ 501] viol   f= 360.224  a=14.1 b=19.7 gap=19.5 (face=3.0mm) n=[65, 135, 64, 229, 151, 61, 189, 223, 70]  tape=0.150km B=7.03T unif=2.309% hoop=56MPa
  [ 502] viol   f= 128.467  a=14.6 b=20.2 gap=19.5 (face=3.0mm) n=[66, 105, 81, 201, 141, 56, 228, 192, 63]  tape=0.148km B=6.44T unif=1.717% hoop=61MPa
  [ 503] viol   f=1265.621  a=14.1 b=20.4 gap=19.6 (face=3.1mm) n=[87, 70, 107, 233, 164, 87, 235, 122, 105]  tape=0.159km B=6.80T unif=3.495% hoop=58MPa
  [ 504] viol   f= 581.732  a=14.2 b=20.5 gap=19.6 (face=3.1mm) n=[93, 68, 137, 162, 78, 59, 178, 249, 74]  tape=0.151km B=6.16T unif=2.661% hoop=61MPa
  [ 505] INFEAS f=1000.011  a=14.7 b=19.7 gap=19.5 (face=3.0mm) n=[74, 140, 50, 159, 167, 52, 303, 153, 73]  no evaluation (geometry pre-check)
  [ 506] viol   f=1622.103  a=14.0 b=19.7 gap=19.6 (face=3.1mm) n=[114, 72, 110, 216, 90, 98, 172, 244, 71]  tape=0.155km B=6.79T unif=3.830% hoop=56MPa
  [a=14 b=20 nt=1105] KSP converged reason: 4, iterations: 1
  [a=15 b=20 nt=1368] KSP converged reason: 4, iterations: 1
  [a=14 b=20 nt=1313] KSP converged reason: 4, iterations: 1
  [a=14 b=19 nt=1254] KSP converged reason: 4, iterations: 1
  [a=14 b=20 nt=1406] KSP converged reason: 4, iterations: 1
  [a=14 b=20 nt=1188] KSP converged reason: 4, iterations: 1
  [a=14 b=20 nt=1133] KSP converged reason: 4, iterations: 1
  [a=14 b=19 nt=1253] KSP converged reason: 4, iterations: 1
  [a=14 b=20 nt=1289] KSP converged reason: 4, iterations: 1
  [a=14 b=20 nt=1403] KSP converged reason: 4, iterations: 1
  [ 507] viol   f= 103.304  a=14.2 b=20.1 gap=19.5 (face=3.1mm) n=[185, 54, 67, 104, 119, 59, 277, 160, 80]  tape=0.155km B=6.52T unif=1.628% hoop=68MPa
  [ 508] viol   f= 766.342  a=14.1 b=19.3 gap=19.5 (face=3.1mm) n=[104, 95, 105, 230, 122, 109, 231, 169, 89]  tape=0.158km B=7.51T unif=2.941% hoop=65MPa
  [ 509] viol   f=1458.064  a=14.3 b=19.8 gap=19.5 (face=3.0mm) n=[89, 134, 93, 209, 111, 57, 188, 184, 123]  tape=0.149km B=7.12T unif=3.685% hoop=55MPa
  [ 510] viol   f=5925.198  a=14.3 b=19.9 gap=19.5 (face=3.0mm) n=[130, 94, 131, 195, 236, 74, 219, 239, 88]  tape=0.177km B=8.23T unif=6.440% hoop=64MPa
  [ 511] viol   f= 130.388  a=14.5 b=20.4 gap=19.6 (face=3.1mm) n=[139, 144, 81, 231, 65, 79, 244, 302, 83]  tape=0.191km B=7.20T unif=1.757% hoop=77MPa
  [ 512] INFEAS f=1071.569  a=13.7 b=19.5 gap=19.6 (face=3.1mm) n=[95, 80, 134, 307, 109, 53, 178, 242, 66]  no evaluation (geometry pre-check)
  [ 513] viol   f=  66.050  a=14.0 b=20.2 gap=19.6 (face=3.1mm) n=[93, 149, 102, 233, 99, 100, 246, 209, 82]  tape=0.171km B=7.79T unif=1.530% hoop=64MPa
  [ 514] viol   f=  17.914  a=14.1 b=20.2 gap=19.5 (face=3.1mm) n=[91, 154, 58, 222, 78, 99, 163, 204, 64]  tape=0.147km B=7.02T unif=0.644% hoop=55MPa
  [ 515] viol   f= 262.538  a=13.6 b=19.1 gap=19.5 (face=3.1mm) n=[72, 81, 122, 139, 191, 117, 217, 253, 61]  tape=0.160km B=6.80T unif=2.100% hoop=64MPa
  [ 516] viol   f=6172.560  a=14.3 b=20.4 gap=19.6 (face=3.2mm) n=[107, 117, 111, 127, 159, 127, 228, 217, 96]  tape=0.169km B=7.61T unif=6.550% hoop=67MPa
  [ 517] viol   f=4299.314  a=13.6 b=19.8 gap=19.5 (face=3.1mm) n=[61, 101, 138, 241, 130, 97, 204, 280, 151]  tape=0.186km B=7.14T unif=5.628% hoop=58MPa
  [a=14 b=20 nt=1167] KSP converged reason: 4, iterations: 1
  [a=14 b=20 nt=1139] KSP converged reason: 4, iterations: 1
  [a=14 b=20 nt=1206] KSP converged reason: 4, iterations: 1
  [a=14 b=20 nt=1138] KSP converged reason: 4, iterations: 1
  [a=14 b=20 nt=1104] KSP converged reason: 4, iterations: 1
  [a=14 b=20 nt=1099] KSP converged reason: 4, iterations: 1
  [a=14 b=20 nt=1164] KSP converged reason: 4, iterations: 1
  [a=15 b=20 nt=1223] KSP converged reason: 4, iterations: 1
  [a=14 b=20 nt=1119] KSP converged reason: 4, iterations: 1
  [a=14 b=20 nt=1163] KSP converged reason: 4, iterations: 1
  [ 518] INFEAS f=1005.676  a=14.1 b=20.0 gap=19.8 (face=3.5mm) n=[64, 155, 130, 150, 80, 104, 180, 301, 62]  no evaluation (geometry pre-check)
  [ 519] viol   f=4502.575  a=14.1 b=20.1 gap=19.5 (face=3.0mm) n=[105, 128, 82, 200, 131, 88, 214, 134, 56]  tape=0.146km B=7.32T unif=5.737% hoop=60MPa
  [ 520] viol   f=3454.657  a=14.0 b=19.7 gap=19.5 (face=3.0mm) n=[83, 129, 105, 162, 90, 64, 202, 207, 62]  tape=0.138km B=6.81T unif=5.144% hoop=61MPa
  [ 521] viol   f= 826.371  a=14.2 b=19.8 gap=19.5 (face=3.0mm) n=[107, 149, 66, 215, 145, 56, 166, 226, 76]  tape=0.153km B=7.68T unif=3.019% hoop=63MPa
  [ 522] viol   f= 285.418  a=14.3 b=20.0 gap=19.6 (face=3.1mm) n=[72, 128, 50, 241, 133, 108, 189, 133, 113]  tape=0.156km B=6.89T unif=2.153% hoop=63MPa
  [ 523] viol   f=  21.797  a=13.9 b=20.2 gap=19.6 (face=3.2mm) n=[93, 77, 88, 221, 130, 101, 232, 145, 52]  tape=0.149km B=6.71T unif=0.834% hoop=59MPa
  [ 524] viol   f= 155.726  a=13.9 b=20.3 gap=19.5 (face=3.0mm) n=[58, 139, 52, 196, 90, 107, 190, 190, 77]  tape=0.137km B=6.81T unif=1.822% hoop=54MPa
  [ 525] viol   f=  19.846  a=14.0 b=20.3 gap=19.6 (face=3.1mm) n=[65, 128, 135, 214, 87, 94, 152, 186, 58]  tape=0.145km B=6.86T unif=0.928% hoop=65MPa
  [ 526] viol   f=  43.527  a=14.0 b=20.3 gap=19.6 (face=3.1mm) n=[50, 148, 89, 170, 77, 78, 266, 212, 74]  tape=0.159km B=6.72T unif=1.331% hoop=59MPa
  [ 527] viol   f=  98.654  a=14.6 b=20.4 gap=19.6 (face=3.2mm) n=[67, 137, 72, 153, 64, 119, 277, 253, 81]  tape=0.169km B=6.74T unif=1.621% hoop=61MPa
  [ 528] viol   f= 473.438  a=14.0 b=19.6 gap=19.5 (face=3.1mm) n=[138, 215, 110, 181, 135, 80, 196, 55, 53]  tape=0.145km B=8.68T unif=2.533% hoop=65MPa
  [a=15 b=20 nt=1362] KSP converged reason: 4, iterations: 1
  [a=14 b=20 nt=1241] KSP converged reason: 4, iterations: 1
  [a=14 b=20 nt=1296] KSP converged reason: 4, iterations: 1
  [a=14 b=20 nt=1208] KSP converged reason: 4, iterations: 1
  [a=14 b=20 nt=1091] KSP converged reason: 4, iterations: 1
  [a=14 b=20 nt=1167] KSP converged reason: 4, iterations: 1
  [a=14 b=20 nt=1145] KSP converged reason: 4, iterations: 1
  [a=13 b=20 nt=1171] KSP converged reason: 4, iterations: 1
  [a=14 b=21 nt=1224] KSP converged reason: 4, iterations: 1
  [a=15 b=21 nt=1267] KSP converged reason: 4, iterations: 1
  [ 529] viol   f=5962.817  a=14.6 b=20.4 gap=19.5 (face=3.0mm) n=[50, 130, 92, 271, 136, 142, 256, 176, 109]  tape=0.185km B=7.29T unif=6.453% hoop=69MPa
  [ 530] viol   f=3370.838  a=13.9 b=20.2 gap=19.6 (face=3.3mm) n=[54, 125, 153, 245, 57, 89, 236, 201, 81]  tape=0.160km B=6.73T unif=5.092% hoop=58MPa
  [ 531] viol   f=2735.366  a=14.0 b=19.7 gap=19.5 (face=3.0mm) n=[50, 97, 86, 218, 109, 76, 202, 140, 113]  tape=0.140km B=6.14T unif=4.678% hoop=54MPa
  [ 532] viol   f=1070.817  a=13.7 b=19.6 gap=19.5 (face=3.1mm) n=[112, 165, 87, 198, 144, 79, 251, 179, 81]  tape=0.168km B=8.12T unif=3.306% hoop=62MPa
  [ 533] viol   f=91513.305  a=13.7 b=20.4 gap=19.6 (face=3.1mm) n=[148, 125, 106, 161, 95, 103, 199, 179, 51]  tape=0.147km B=7.60T unif=22.389% hoop=60MPa
  [ 534] viol   f=1219.472  a=14.0 b=19.8 gap=19.6 (face=3.2mm) n=[61, 120, 124, 231, 106, 111, 183, 194, 78]  tape=0.156km B=6.97T unif=3.450% hoop=64MPa
  [ 535] INFEAS f=1879.275  a=13.8 b=20.6 gap=19.6 (face=3.2mm) n=[105, 124, 212, 164, 124, 143, 263, 363, 202]  no evaluation (geometry pre-check)
  [ 536] viol   f=27502.579  a=13.5 b=19.6 gap=19.5 (face=3.0mm) n=[118, 110, 147, 170, 91, 184, 159, 86, 106]  tape=0.140km B=8.10T unif=12.725% hoop=60MPa
  [ 537] viol   f=  35.483  a=14.5 b=20.8 gap=19.5 (face=3.1mm) n=[81, 157, 98, 210, 111, 62, 228, 215, 62]  tape=0.160km B=7.41T unif=1.331% hoop=64MPa
  [ 538] viol   f=9734.066  a=13.8 b=20.3 gap=19.5 (face=3.1mm) n=[52, 91, 121, 251, 178, 89, 215, 80, 68]  tape=0.153km B=6.84T unif=7.969% hoop=62MPa
  [ 539] viol   f=9482.357  a=14.5 b=20.7 gap=19.6 (face=3.1mm) n=[139, 135, 155, 246, 56, 63, 237, 155, 81]  tape=0.170km B=7.63T unif=7.881% hoop=71MPa
  [a=14 b=20 nt=1455] KSP converged reason: 4, iterations: 1
  [a=14 b=20 nt=1382] KSP converged reason: 4, iterations: 1
  [a=14 b=20 nt=1266] KSP converged reason: 4, iterations: 1
  [a=14 b=20 nt=1187] KSP converged reason: 4, iterations: 1
  [a=14 b=20 nt=1196] KSP converged reason: 4, iterations: 1
  [a=14 b=20 nt=1311] KSP converged reason: 4, iterations: 1
  [a=14 b=20 nt=1071] KSP converged reason: 4, iterations: 1
  [a=14 b=20 nt=1200] KSP converged reason: 4, iterations: 1
  [a=14 b=21 nt=1172] KSP converged reason: 4, iterations: 1
  [a=14 b=20 nt=1263] KSP converged reason: 4, iterations: 1
  [a=14 b=20 nt=1392] KSP converged reason: 4, iterations: 1
  [ 540] viol   f=14030.008  a=13.8 b=20.4 gap=19.5 (face=3.1mm) n=[97, 58, 222, 241, 159, 107, 248, 233, 90]  tape=0.184km B=7.89T unif=9.373% hoop=61MPa
  [ 541] viol   f=  20.904  a=13.9 b=20.3 gap=19.6 (face=3.2mm) n=[73, 112, 57, 190, 142, 106, 233, 202, 72]  tape=0.155km B=6.78T unif=0.869% hoop=59MPa
  [ 542] viol   f=3313.354  a=14.2 b=20.2 gap=19.5 (face=3.1mm) n=[78, 162, 192, 175, 58, 151, 232, 236, 98]  tape=0.175km B=8.05T unif=5.065% hoop=62MPa
  [ 543] viol   f=  20.265  a=14.2 b=20.5 gap=19.5 (face=3.1mm) n=[85, 96, 69, 193, 178, 123, 224, 173, 55]  tape=0.156km B=6.83T unif=0.712% hoop=57MPa
  [ 544] viol   f=  81.450  a=14.2 b=20.1 gap=19.6 (face=3.1mm) n=[76, 131, 172, 198, 86, 66, 245, 188, 104]  tape=0.166km B=7.23T unif=1.574% hoop=61MPa
  [ 545] viol   f= 371.138  a=13.9 b=20.0 gap=19.5 (face=3.0mm) n=[115, 188, 81, 177, 145, 136, 185, 178, 106]  tape=0.157km B=8.65T unif=2.355% hoop=57MPa
  [ 546] viol   f= 289.991  a=13.9 b=19.7 gap=19.5 (face=3.1mm) n=[51, 113, 114, 177, 112, 74, 204, 174, 52]  tape=0.134km B=6.30T unif=2.146% hoop=61MPa
  [ 547] viol   f= 252.034  a=14.2 b=19.9 gap=19.5 (face=3.1mm) n=[81, 98, 81, 236, 113, 77, 249, 212, 53]  tape=0.156km B=6.69T unif=2.072% hoop=59MPa
  [ 548] viol   f=6124.562  a=14.3 b=20.6 gap=19.6 (face=3.2mm) n=[105, 142, 118, 204, 101, 80, 208, 154, 60]  tape=0.151km B=7.43T unif=6.528% hoop=62MPa
  [ 549] viol   f=11330.156  a=14.0 b=19.8 gap=19.7 (face=3.3mm) n=[158, 68, 119, 154, 60, 168, 255, 163, 118]  tape=0.168km B=7.27T unif=8.522% hoop=56MPa
  [ 550] viol   f=   9.937  a=14.3 b=20.5 gap=19.6 (face=3.3mm) n=[129, 62, 163, 219, 149, 90, 236, 281, 63]  tape=0.189km B=7.79T unif=0.546% hoop=66MPa
  [a=14 b=20 nt=1525] KSP converged reason: 4, iterations: 1
  [a=14 b=20 nt=1162] KSP converged reason: 4, iterations: 1
  [a=14 b=21 nt=1223] KSP converged reason: 4, iterations: 1
  [a=14 b=20 nt=1168] KSP converged reason: 4, iterations: 1
  [a=14 b=21 nt=1268] KSP converged reason: 4, iterations: 1
  [a=14 b=20 nt=1236] KSP converged reason: 4, iterations: 1
  [a=14 b=20 nt=1364] KSP converged reason: 4, iterations: 1
  [a=14 b=20 nt=1253] KSP converged reason: 4, iterations: 1
  [a=14 b=21 nt=1516] KSP converged reason: 4, iterations: 1
  [a=14 b=20 nt=1329] KSP converged reason: 4, iterations: 1
  [a=14 b=21 nt=1307] KSP converged reason: 4, iterations: 1
  [ 551] viol   f=2865.334  a=14.0 b=20.2 gap=19.6 (face=3.2mm) n=[107, 103, 170, 290, 180, 144, 241, 239, 51]  tape=0.204km B=8.45T unif=4.782% hoop=69MPa
  [ 552] viol   f=1397.664  a=14.4 b=20.7 gap=19.6 (face=3.2mm) n=[86, 75, 122, 224, 163, 68, 254, 176, 55]  tape=0.166km B=6.82T unif=3.624% hoop=62MPa
  [ 553] viol   f= 148.331  a=14.1 b=20.2 gap=19.6 (face=3.1mm) n=[113, 100, 56, 228, 124, 83, 248, 161, 55]  tape=0.155km B=6.87T unif=1.802% hoop=62MPa
  [ 554] viol   f= 223.298  a=14.5 b=20.8 gap=19.6 (face=3.2mm) n=[82, 85, 116, 203, 132, 71, 263, 245, 71]  tape=0.173km B=6.81T unif=2.007% hoop=63MPa
  [ 555] viol   f=18836.446  a=14.1 b=19.9 gap=19.6 (face=3.2mm) n=[51, 63, 83, 283, 121, 68, 286, 121, 86]  tape=0.157km B=6.06T unif=10.697% hoop=57MPa
  [ 556] viol   f=1645.445  a=14.0 b=20.5 gap=19.6 (face=3.1mm) n=[111, 93, 106, 227, 112, 95, 199, 222, 71]  tape=0.160km B=7.30T unif=3.855% hoop=62MPa
  [ 557] viol   f= 523.380  a=14.1 b=20.2 gap=19.5 (face=3.1mm) n=[116, 53, 133, 251, 192, 82, 227, 210, 100]  tape=0.177km B=7.54T unif=2.599% hoop=58MPa
  [ 558] viol   f=  22.792  a=14.1 b=20.2 gap=19.6 (face=3.2mm) n=[92, 73, 140, 175, 133, 168, 244, 178, 50]  tape=0.166km B=7.26T unif=1.195% hoop=63MPa
  [ 559] viol   f=2949.140  a=14.4 b=20.3 gap=19.6 (face=3.2mm) n=[83, 98, 152, 243, 155, 125, 194, 193, 86]  tape=0.176km B=7.57T unif=4.832% hoop=65MPa
  [ 560] viol   f=   6.074  a=14.3 b=20.9 gap=19.6 (face=3.2mm) n=[130, 69, 185, 194, 167, 165, 233, 280, 93]  tape=0.208km B=8.29T unif=0.503% hoop=72MPa
  [ 561] viol   f=20945.455  a=13.9 b=20.6 gap=19.6 (face=3.2mm) n=[51, 215, 61, 248, 146, 130, 230, 140, 86]  tape=0.171km B=8.51T unif=11.233% hoop=66MPa
  [a=14 b=21 nt=1450] KSP converged reason: 4, iterations: 1
  [a=14 b=20 nt=1401] KSP converged reason: 4, iterations: 1
  [a=14 b=20 nt=1556] KSP converged reason: 4, iterations: 1
  [a=14 b=20 nt=1438] KSP converged reason: 4, iterations: 1
  [a=14 b=21 nt=1335] KSP converged reason: 4, iterations: 1
  [a=15 b=21 nt=1205] KSP converged reason: 4, iterations: 1
  [a=14 b=20 nt=1346] KSP converged reason: 4, iterations: 1
  [a=14 b=21 nt=1321] KSP converged reason: 4, iterations: 1
  [a=14 b=21 nt=1370] KSP converged reason: 4, iterations: 1
  [a=14 b=20 nt=1529] KSP converged reason: 4, iterations: 1
  [a=14 b=20 nt=1508] KSP converged reason: 4, iterations: 1
  [ 562] viol   f=  12.625  a=14.2 b=21.0 gap=19.6 (face=3.2mm) n=[86, 104, 145, 151, 99, 192, 228, 241, 89]  tape=0.178km B=7.51T unif=0.155% hoop=70MPa
  [ 563] viol   f=7219.304  a=14.6 b=20.8 gap=19.6 (face=3.1mm) n=[62, 51, 145, 181, 139, 145, 228, 169, 85]  tape=0.161km B=6.74T unif=6.999% hoop=71MPa
  [ 564] viol   f=  29.067  a=14.2 b=20.1 gap=19.5 (face=3.1mm) n=[119, 67, 148, 238, 180, 103, 215, 260, 71]  tape=0.183km B=7.91T unif=1.318% hoop=64MPa
  [ 565] viol   f=5663.944  a=14.0 b=20.1 gap=19.5 (face=3.1mm) n=[162, 82, 210, 224, 156, 113, 253, 270, 86]  tape=0.201km B=9.18T unif=6.321% hoop=66MPa
  [ 566] viol   f=   9.170  a=14.4 b=20.7 gap=19.6 (face=3.3mm) n=[110, 130, 179, 226, 71, 129, 247, 261, 97]  tape=0.193km B=7.88T unif=0.214% hoop=68MPa
  [ 567] viol   f=11913.002  a=14.0 b=19.9 gap=19.5 (face=3.1mm) n=[144, 82, 130, 191, 178, 141, 226, 248, 98]  tape=0.185km B=8.35T unif=8.716% hoop=64MPa
  [ 568] viol   f= 836.713  a=13.8 b=20.3 gap=19.6 (face=3.3mm) n=[93, 51, 162, 168, 120, 183, 283, 235, 51]  tape=0.182km B=7.17T unif=3.025% hoop=65MPa
  [ 569] viol   f=12776.888  a=14.3 b=20.5 gap=19.6 (face=3.2mm) n=[157, 78, 129, 169, 109, 99, 262, 244, 74]  tape=0.179km B=7.60T unif=8.989% hoop=65MPa
  [ 570] viol   f=11389.236  a=13.8 b=19.7 gap=19.6 (face=3.2mm) n=[149, 86, 143, 116, 147, 262, 260, 247, 119]  tape=0.193km B=8.51T unif=8.545% hoop=63MPa
  [ 571] viol   f=4286.125  a=14.2 b=20.5 gap=19.6 (face=3.3mm) n=[95, 52, 211, 221, 111, 114, 293, 205, 68]  tape=0.190km B=7.25T unif=5.621% hoop=65MPa
  [ 572] viol   f=2695.174  a=14.2 b=20.4 gap=19.6 (face=3.1mm) n=[167, 106, 68, 132, 194, 198, 281, 260, 102]  tape=0.202km B=8.07T unif=4.666% hoop=63MPa
  [a=14 b=20 nt=1192] KSP converged reason: 4, iterations: 1
  [a=14 b=21 nt=1372] KSP converged reason: 4, iterations: 1
  [a=14 b=21 nt=1432] KSP converged reason: 4, iterations: 1
  [a=14 b=21 nt=1205] KSP converged reason: 4, iterations: 1
  [a=14 b=20 nt=1398] KSP converged reason: 4, iterations: 1
  [a=14 b=21 nt=1321] KSP converged reason: 4, iterations: 1
  [a=15 b=21 nt=1409] KSP converged reason: 4, iterations: 1
  [a=14 b=20 nt=1533] KSP converged reason: 4, iterations: 1
  [a=14 b=21 nt=1336] KSP converged reason: 4, iterations: 1
  [a=14 b=20 nt=1438] KSP converged reason: 4, iterations: 1
  [ 573] viol   f=38412.779  a=14.3 b=20.6 gap=19.6 (face=3.3mm) n=[167, 92, 127, 173, 105, 151, 220, 230, 56]  tape=0.171km B=8.40T unif=14.858% hoop=64MPa
  [ 574] viol   f= 482.436  a=14.2 b=20.8 gap=19.7 (face=3.3mm) n=[53, 180, 140, 99, 134, 57, 203, 244, 95]  tape=0.163km B=7.02T unif=2.524% hoop=62MPa
  [ 575] viol   f=  24.439  a=14.0 b=19.9 gap=19.6 (face=3.1mm) n=[71, 115, 65, 190, 136, 58, 283, 196, 78]  tape=0.164km B=6.52T unif=0.274% hoop=58MPa
  [ 576] viol   f=  18.584  a=14.0 b=20.0 gap=19.6 (face=3.2mm) n=[98, 89, 132, 188, 237, 132, 223, 237, 62]  tape=0.175km B=7.55T unif=1.179% hoop=59MPa
  [ 577] viol   f=  14.274  a=14.3 b=20.7 gap=19.6 (face=3.3mm) n=[108, 60, 143, 152, 141, 172, 195, 281, 120]  tape=0.193km B=7.35T unif=0.717% hoop=74MPa
  [ 578] INFEAS f=1654.842  a=14.1 b=20.5 gap=19.7 (face=3.5mm) n=[120, 86, 234, 230, 127, 150, 361, 260, 72]  no evaluation (geometry pre-check)
  [ 579] viol   f=11450.863  a=13.9 b=20.7 gap=19.6 (face=3.3mm) n=[79, 83, 202, 213, 111, 201, 237, 250, 56]  tape=0.184km B=7.81T unif=8.563% hoop=64MPa
  [ 580] viol   f= 724.101  a=14.5 b=20.7 gap=19.5 (face=3.1mm) n=[81, 207, 155, 299, 84, 89, 202, 214, 78]  tape=0.199km B=8.31T unif=2.895% hoop=68MPa
  [ 581] viol   f=2203.696  a=14.1 b=20.3 gap=19.6 (face=3.2mm) n=[169, 69, 185, 294, 138, 105, 234, 274, 65]  tape=0.205km B=8.87T unif=4.317% hoop=68MPa
  [ 582] viol   f=3811.164  a=14.4 b=20.8 gap=19.6 (face=3.2mm) n=[177, 53, 107, 221, 82, 175, 221, 243, 57]  tape=0.174km B=8.04T unif=5.361% hoop=59MPa
  [ 583] viol   f=28138.803  a=13.7 b=19.8 gap=19.7 (face=3.4mm) n=[158, 132, 137, 201, 142, 176, 267, 160, 65]  tape=0.189km B=9.28T unif=12.861% hoop=74MPa
  [a=14 b=20 nt=1332] KSP converged reason: 4, iterations: 1
  [a=14 b=20 nt=1343] KSP converged reason: 4, iterations: 1
  [a=14 b=21 nt=1316] KSP converged reason: 4, iterations: 1
  [a=14 b=21 nt=1305] KSP converged reason: 4, iterations: 1
  [a=14 b=20 nt=1369] KSP converged reason: 4, iterations: 1
  [a=14 b=20 nt=1208] KSP converged reason: 4, iterations: 1
  [a=14 b=20 nt=1365] KSP converged reason: 4, iterations: 1
  [a=14 b=20 nt=1355] KSP converged reason: 4, iterations: 1
  [a=14 b=19 nt=1134] KSP converged reason: 4, iterations: 1
  [ 584] viol   f=5386.847  a=14.4 b=20.5 gap=19.6 (face=3.2mm) n=[123, 132, 72, 156, 157, 130, 246, 216, 111]  tape=0.179km B=7.60T unif=6.184% hoop=66MPa
  [ 585] viol   f=6567.525  a=14.3 b=20.1 gap=19.6 (face=3.2mm) n=[135, 109, 61, 131, 121, 199, 209, 251, 116]  tape=0.176km B=7.47T unif=6.725% hoop=67MPa
  [ 586] viol   f=5622.898  a=14.5 b=20.7 gap=19.7 (face=3.5mm) n=[128, 66, 121, 98, 158, 148, 209, 230, 147]  tape=0.172km B=7.31T unif=6.295% hoop=62MPa
  [ 587] INFEAS f=1009.686  a=14.0 b=20.6 gap=19.7 (face=3.3mm) n=[81, 102, 129, 136, 232, 111, 196, 302, 68]  no evaluation (geometry pre-check)
  [ 588] INFEAS f=1015.005  a=13.8 b=20.4 gap=19.6 (face=3.2mm) n=[104, 64, 157, 172, 187, 159, 215, 299, 84]  no evaluation (geometry pre-check)
  [ 589] viol   f=2190.916  a=14.3 b=20.2 gap=19.7 (face=3.3mm) n=[90, 64, 119, 210, 184, 141, 217, 212, 132]  tape=0.170km B=7.23T unif=4.298% hoop=59MPa
  [ 590] viol   f=14771.553  a=14.3 b=20.8 gap=19.6 (face=3.3mm) n=[66, 62, 198, 190, 102, 147, 232, 225, 94]  tape=0.171km B=7.13T unif=9.589% hoop=60MPa
  [ 591] viol   f=  95.089  a=14.5 b=20.3 gap=19.6 (face=3.2mm) n=[88, 77, 122, 53, 193, 146, 206, 199, 124]  tape=0.153km B=6.72T unif=1.606% hoop=56MPa
  [ 592] viol   f= 113.235  a=14.3 b=20.4 gap=19.6 (face=3.2mm) n=[154, 50, 56, 156, 251, 160, 218, 207, 113]  tape=0.179km B=7.39T unif=1.705% hoop=60MPa
  [ 593] viol   f=3467.624  a=14.0 b=20.4 gap=19.6 (face=3.2mm) n=[81, 50, 125, 151, 221, 167, 220, 243, 97]  tape=0.175km B=6.85T unif=5.152% hoop=61MPa
  [ 594] viol   f=11150.143  a=14.2 b=19.4 gap=19.6 (face=3.2mm) n=[120, 74, 76, 208, 145, 95, 175, 173, 68]  tape=0.141km B=7.15T unif=8.461% hoop=57MPa
  [a=14 b=20 nt=1420] KSP converged reason: 4, iterations: 1
  [a=15 b=20 nt=1196] KSP converged reason: 4, iterations: 1
  [a=14 b=20 nt=1140] KSP converged reason: 4, iterations: 1
  [a=14 b=20 nt=1480] KSP converged reason: 4, iterations: 1
  [a=15 b=20 nt=1545] KSP converged reason: 4, iterations: 1
  [a=14 b=20 nt=1166] KSP converged reason: 4, iterations: 1
  [a=14 b=20 nt=1312] KSP converged reason: 4, iterations: 1
  [a=14 b=20 nt=1386] KSP converged reason: 4, iterations: 1
  [a=14 b=20 nt=1505] KSP converged reason: 4, iterations: 1
  [ 595] viol   f=4076.976  a=14.5 b=20.4 gap=19.6 (face=3.2mm) n=[125, 64, 109, 121, 135, 100, 201, 270, 71]  tape=0.168km B=6.92T unif=5.504% hoop=74MPa
  [ 596] INFEAS f=1000.032  a=14.0 b=20.5 gap=19.6 (face=3.1mm) n=[148, 60, 66, 130, 200, 146, 294, 183, 119]  no evaluation (geometry pre-check)
  [ 597] viol   f=7045.920  a=13.9 b=20.4 gap=19.8 (face=3.7mm) n=[142, 121, 152, 93, 247, 167, 202, 254, 102]  tape=0.192km B=8.57T unif=6.934% hoop=64MPa
  [ 598] viol   f=3027.715  a=14.1 b=20.3 gap=19.6 (face=3.2mm) n=[60, 59, 75, 132, 214, 153, 122, 267, 58]  tape=0.157km B=5.97T unif=4.870% hoop=64MPa
  [ 599] viol   f=10022.253  a=14.5 b=20.2 gap=19.7 (face=3.3mm) n=[210, 80, 112, 84, 216, 199, 234, 247, 163]  tape=0.195km B=8.85T unif=8.078% hoop=61MPa
  [ 600] viol   f=5307.479  a=14.5 b=20.3 gap=19.6 (face=3.2mm) n=[159, 84, 124, 121, 268, 171, 148, 277, 68]  tape=0.192km B=8.32T unif=6.149% hoop=74MPa
  [ 601] viol   f=3206.860  a=14.3 b=20.4 gap=19.6 (face=3.2mm) n=[101, 87, 142, 93, 192, 148, 132, 167, 104]  tape=0.148km B=7.35T unif=4.995% hoop=56MPa
  [ 602] viol   f=  68.936  a=14.2 b=20.5 gap=19.7 (face=3.3mm) n=[110, 60, 92, 95, 188, 126, 245, 288, 108]  tape=0.183km B=6.58T unif=1.476% hoop=60MPa
  [ 603] viol   f= 658.842  a=14.5 b=20.3 gap=19.6 (face=3.2mm) n=[124, 67, 113, 81, 243, 214, 167, 257, 120]  tape=0.183km B=7.30T unif=2.795% hoop=59MPa
  [ 604] INFEAS f=1290.854  a=14.7 b=21.3 gap=19.6 (face=3.2mm) n=[179, 74, 59, 91, 255, 208, 240, 354, 146]  no evaluation (geometry pre-check)
  [ 605] viol   f= 175.812  a=14.1 b=20.5 gap=19.7 (face=3.3mm) n=[173, 105, 73, 57, 281, 180, 216, 284, 136]  tape=0.200km B=7.62T unif=1.906% hoop=62MPa
  [a=15 b=20 nt=1327] KSP converged reason: 4, iterations: 1
  [a=14 b=20 nt=1638] KSP converged reason: 4, iterations: 1
  [a=14 b=20 nt=1252] KSP converged reason: 4, iterations: 1
  [a=14 b=21 nt=1127] KSP converged reason: 4, iterations: 1
  [a=14 b=20 nt=1379] KSP converged reason: 4, iterations: 1
  [a=14 b=21 nt=1183] KSP converged reason: 4, iterations: 1
  [ 606] viol   f=3355.313  a=14.5 b=20.6 gap=19.6 (face=3.2mm) n=[140, 69, 65, 102, 100, 210, 222, 188, 87]  tape=0.155km B=6.78T unif=5.083% hoop=62MPa
  [ 607] viol   f= 288.209  a=13.8 b=20.0 gap=19.6 (face=3.2mm) n=[123, 82, 58, 92, 255, 190, 208, 246, 125]  tape=0.177km B=6.96T unif=2.161% hoop=59MPa
  [ 608] INFEAS f=1011.695  a=14.2 b=20.6 gap=19.6 (face=3.2mm) n=[132, 156, 68, 81, 308, 132, 284, 279, 125]  no evaluation (geometry pre-check)
  [ 609] viol   f=11324.734  a=13.8 b=20.2 gap=19.6 (face=3.2mm) n=[185, 96, 111, 168, 249, 184, 210, 283, 152]  tape=0.216km B=9.21T unif=8.524% hoop=66MPa
  [ 610] viol   f=  37.989  a=13.9 b=20.6 gap=19.6 (face=3.3mm) n=[84, 51, 71, 53, 132, 166, 233, 270, 67]  tape=0.154km B=5.65T unif=0.626% hoop=60MPa
  [ 611] INFEAS f=1000.764  a=14.2 b=20.5 gap=19.7 (face=3.3mm) n=[191, 67, 110, 69, 198, 140, 171, 301, 183]  no evaluation (geometry pre-check)
  [ 612] viol   f= 187.050  a=14.6 b=20.3 gap=19.7 (face=3.4mm) n=[114, 59, 87, 121, 132, 107, 293, 298, 116]  tape=0.185km B=6.45T unif=1.899% hoop=68MPa
  [ 613] viol   f= 144.374  a=14.1 b=20.2 gap=19.6 (face=3.2mm) n=[129, 51, 64, 64, 270, 146, 224, 175, 129]  tape=0.170km B=6.37T unif=1.768% hoop=56MPa
  [ 614] INFEAS f=1079.665  a=13.8 b=20.3 gap=19.7 (face=3.3mm) n=[110, 59, 91, 128, 210, 156, 206, 310, 65]  no evaluation (geometry pre-check)
  [ 615] INFEAS f=1033.781  a=14.1 b=20.4 gap=19.7 (face=3.4mm) n=[63, 55, 90, 104, 206, 171, 249, 310, 148]  no evaluation (geometry pre-check)
  [ 616] INFEAS f=2030.073  a=14.1 b=20.3 gap=19.6 (face=3.3mm) n=[128, 124, 84, 74, 318, 235, 222, 377, 173]  no evaluation (geometry pre-check)
  [a=14 b=20 nt=1371] KSP converged reason: 4, iterations: 1
  [a=15 b=21 nt=1367] KSP converged reason: 4, iterations: 1
  [a=14 b=21 nt=1169] KSP converged reason: 4, iterations: 1
  [a=14 b=21 nt=1373] KSP converged reason: 4, iterations: 1
  [a=14 b=21 nt=1332] KSP converged reason: 4, iterations: 1
  [a=14 b=20 nt=1243] KSP converged reason: 4, iterations: 1
  [a=14 b=20 nt=1196] KSP converged reason: 4, iterations: 1
  [a=14 b=21 nt=1346] KSP converged reason: 4, iterations: 1
  [a=14 b=20 nt=1170] KSP converged reason: 4, iterations: 1
  [ 617] viol   f=  61.312  a=14.7 b=21.1 gap=19.7 (face=3.3mm) n=[126, 58, 69, 66, 206, 195, 282, 218, 147]  tape=0.191km B=6.56T unif=1.433% hoop=63MPa
  [ 618] viol   f=  16.700  a=14.3 b=20.5 gap=19.6 (face=3.2mm) n=[70, 159, 94, 52, 180, 142, 244, 273, 157]  tape=0.186km B=7.13T unif=0.730% hoop=58MPa
  [ 619] viol   f=  88.835  a=14.4 b=21.0 gap=19.6 (face=3.2mm) n=[125, 50, 70, 60, 196, 189, 280, 281, 122]  tape=0.187km B=6.41T unif=1.561% hoop=61MPa
  [ 620] viol   f= 375.848  a=14.2 b=21.3 gap=19.7 (face=3.3mm) n=[114, 53, 110, 78, 108, 110, 233, 297, 66]  tape=0.171km B=6.23T unif=2.318% hoop=70MPa
  [ 621] viol   f=  20.222  a=14.2 b=20.5 gap=19.6 (face=3.1mm) n=[62, 123, 83, 119, 167, 134, 236, 194, 125]  tape=0.165km B=6.83T unif=0.864% hoop=59MPa
  [ 622] INFEAS f=1156.168  a=14.0 b=20.9 gap=19.7 (face=3.4mm) n=[110, 68, 85, 50, 186, 268, 187, 324, 69]  no evaluation (geometry pre-check)
  [ 623] viol   f= 300.407  a=14.2 b=21.0 gap=19.6 (face=3.2mm) n=[134, 90, 71, 104, 211, 166, 282, 180, 94]  tape=0.188km B=7.07T unif=2.190% hoop=61MPa
  [ 624] viol   f=  37.869  a=14.4 b=20.4 gap=19.6 (face=3.1mm) n=[76, 82, 95, 64, 229, 80, 221, 240, 109]  tape=0.157km B=6.27T unif=1.223% hoop=58MPa
  [ 625] INFEAS f=1085.379  a=14.3 b=20.4 gap=19.7 (face=3.5mm) n=[163, 79, 56, 104, 230, 130, 326, 241, 116]  no evaluation (geometry pre-check)
  [ 626] viol   f=  56.643  a=13.9 b=19.7 gap=19.6 (face=3.2mm) n=[85, 85, 69, 116, 186, 144, 186, 243, 56]  tape=0.153km B=6.59T unif=1.407% hoop=61MPa
  [ 627] viol   f=  14.612  a=14.1 b=20.9 gap=19.6 (face=3.2mm) n=[121, 54, 165, 55, 170, 183, 236, 293, 69]  tape=0.189km B=7.31T unif=0.284% hoop=68MPa
  [a=14 b=20 nt=1350] KSP converged reason: 4, iterations: 1
  [a=14 b=20 nt=1273] KSP converged reason: 4, iterations: 1
  [a=14 b=21 nt=1366] KSP converged reason: 4, iterations: 1
  [a=14 b=21 nt=1301] KSP converged reason: 4, iterations: 1
  [a=14 b=20 nt=1360] KSP converged reason: 4, iterations: 1
  [a=14 b=21 nt=1340] KSP converged reason: 4, iterations: 1
  [a=14 b=21 nt=1321] KSP converged reason: 4, iterations: 1
  [ 628] INFEAS f=1037.303  a=14.5 b=21.0 gap=19.6 (face=3.2mm) n=[65, 61, 96, 86, 155, 175, 256, 321, 67]  no evaluation (geometry pre-check)
  [ 629] viol   f=  64.647  a=14.4 b=20.9 gap=19.6 (face=3.1mm) n=[78, 155, 87, 117, 199, 121, 196, 198, 189]  tape=0.168km B=7.80T unif=1.523% hoop=57MPa
  [ 630] INFEAS f=1363.273  a=14.1 b=21.1 gap=19.7 (face=3.4mm) n=[105, 70, 123, 113, 147, 172, 273, 345, 113]  no evaluation (geometry pre-check)
  [ 631] viol   f=  11.443  a=13.9 b=20.3 gap=19.6 (face=3.2mm) n=[82, 132, 91, 138, 239, 143, 220, 265, 50]  tape=0.180km B=7.63T unif=0.480% hoop=64MPa
  [ 632] viol   f=  16.571  a=14.0 b=20.4 gap=19.5 (face=3.1mm) n=[74, 166, 57, 84, 120, 222, 265, 270, 92]  tape=0.178km B=7.16T unif=1.035% hoop=57MPa
  [ 633] viol   f= 588.314  a=14.4 b=20.5 gap=19.5 (face=3.1mm) n=[83, 72, 66, 59, 217, 176, 219, 262, 147]  tape=0.174km B=6.21T unif=2.673% hoop=60MPa
  [ 634] INFEAS f=1002.542  a=13.9 b=20.4 gap=19.7 (face=3.4mm) n=[143, 73, 63, 74, 207, 201, 249, 294, 104]  no evaluation (geometry pre-check)
  [ 635] viol   f= 835.060  a=14.3 b=20.8 gap=19.6 (face=3.1mm) n=[53, 89, 106, 58, 176, 215, 202, 289, 178]  tape=0.191km B=6.31T unif=3.010% hoop=62MPa
  [ 636] viol   f= 177.602  a=13.9 b=20.3 gap=19.6 (face=3.3mm) n=[71, 62, 135, 68, 129, 201, 265, 277, 65]  tape=0.170km B=6.47T unif=1.873% hoop=60MPa
  [ 637] INFEAS f=1087.870  a=14.3 b=20.9 gap=19.7 (face=3.3mm) n=[155, 103, 103, 99, 168, 181, 270, 326, 70]  no evaluation (geometry pre-check)
  [ 638] viol   f=1542.940  a=14.5 b=20.7 gap=19.6 (face=3.1mm) n=[107, 157, 137, 50, 132, 151, 218, 261, 108]  tape=0.181km B=7.21T unif=3.763% hoop=64MPa
  [a=14 b=20 nt=1354] KSP converged reason: 4, iterations: 1
  [a=14 b=21 nt=1381] KSP converged reason: 4, iterations: 1
  [a=14 b=21 nt=1343] KSP converged reason: 4, iterations: 1
  [a=14 b=20 nt=1319] KSP converged reason: 4, iterations: 1
  [a=14 b=21 nt=1363] KSP converged reason: 4, iterations: 1
  [a=14 b=20 nt=1286] KSP converged reason: 4, iterations: 1
  [a=14 b=21 nt=1364] KSP converged reason: 4, iterations: 1
  [a=14 b=20 nt=1463] KSP converged reason: 4, iterations: 1
  [a=14 b=20 nt=1294] KSP converged reason: 4, iterations: 1
  [a=14 b=21 nt=1313] KSP converged reason: 4, iterations: 1
  [ 639] viol   f= 440.431  a=13.9 b=20.3 gap=19.6 (face=3.1mm) n=[56, 126, 81, 102, 256, 219, 209, 240, 65]  tape=0.174km B=6.87T unif=2.450% hoop=55MPa
  [ 640] viol   f=  28.485  a=14.1 b=20.4 gap=19.6 (face=3.1mm) n=[85, 173, 105, 59, 201, 165, 258, 162, 111]  tape=0.178km B=7.64T unif=1.293% hoop=62MPa
  [ 641] viol   f=  23.241  a=14.5 b=20.7 gap=19.6 (face=3.1mm) n=[110, 116, 62, 67, 214, 185, 208, 263, 138]  tape=0.185km B=6.93T unif=1.144% hoop=62MPa
  [ 642] viol   f=  18.356  a=14.0 b=20.8 gap=19.6 (face=3.2mm) n=[54, 142, 65, 102, 192, 232, 197, 253, 144]  tape=0.182km B=6.99T unif=0.766% hoop=57MPa
  [ 643] viol   f= 973.479  a=13.7 b=20.6 gap=19.6 (face=3.2mm) n=[91, 205, 64, 80, 166, 140, 237, 262, 98]  tape=0.179km B=7.78T unif=3.195% hoop=60MPa
  [ 644] viol   f=1321.861  a=13.8 b=20.2 gap=19.6 (face=3.1mm) n=[57, 109, 74, 158, 175, 196, 224, 232, 61]  tape=0.162km B=6.67T unif=3.549% hoop=58MPa
  [ 645] viol   f=  21.946  a=14.4 b=20.7 gap=19.6 (face=3.2mm) n=[104, 73, 88, 106, 133, 175, 290, 304, 91]  tape=0.192km B=6.76T unif=1.060% hoop=69MPa
  [ 646] viol   f=3263.413  a=14.1 b=20.5 gap=19.6 (face=3.1mm) n=[53, 108, 84, 71, 269, 142, 271, 291, 174]  tape=0.195km B=6.57T unif=5.025% hoop=56MPa
  [ 647] viol   f= 338.063  a=14.1 b=20.2 gap=19.6 (face=3.1mm) n=[64, 173, 51, 86, 201, 128, 239, 249, 103]  tape=0.168km B=7.35T unif=2.273% hoop=57MPa
  [ 648] INFEAS f=1778.332  a=14.1 b=20.7 gap=19.6 (face=3.2mm) n=[92, 183, 138, 50, 149, 172, 294, 366, 107]  no evaluation (geometry pre-check)
  [ 649] viol   f= 157.835  a=14.1 b=20.5 gap=19.6 (face=3.1mm) n=[89, 169, 108, 56, 142, 176, 250, 270, 53]  tape=0.177km B=7.37T unif=1.848% hoop=62MPa
  [a=15 b=21 nt=1471] KSP converged reason: 4, iterations: 1
  [a=14 b=21 nt=1467] KSP converged reason: 4, iterations: 1
  [a=14 b=21 nt=1400] KSP converged reason: 4, iterations: 1
  [a=14 b=21 nt=1322] KSP converged reason: 4, iterations: 1
  [a=14 b=20 nt=1265] KSP converged reason: 4, iterations: 1
  [a=14 b=21 nt=1258] KSP converged reason: 4, iterations: 1
  [a=15 b=21 nt=1486] KSP converged reason: 4, iterations: 1
  [a=15 b=21 nt=1310] KSP converged reason: 4, iterations: 1
  [a=14 b=21 nt=1400] KSP converged reason: 4, iterations: 1
  [ 650] viol   f=  21.535  a=14.2 b=20.6 gap=19.6 (face=3.2mm) n=[121, 140, 56, 50, 197, 174, 214, 274, 96]  tape=0.181km B=6.74T unif=1.021% hoop=61MPa
  [ 651] viol   f=1098.242  a=14.1 b=20.3 gap=19.6 (face=3.2mm) n=[73, 66, 93, 118, 204, 160, 239, 214, 98]  tape=0.165km B=6.47T unif=3.316% hoop=60MPa
  [ 652] viol   f=  88.245  a=14.4 b=20.5 gap=19.6 (face=3.3mm) n=[78, 113, 70, 67, 194, 122, 236, 221, 157]  tape=0.165km B=6.49T unif=1.563% hoop=53MPa
  [ 653] viol   f= 376.257  a=14.4 b=21.2 gap=19.6 (face=3.2mm) n=[76, 102, 75, 100, 231, 187, 230, 287, 112]  tape=0.196km B=6.81T unif=2.334% hoop=64MPa
  [ 654] INFEAS f=1017.362  a=14.2 b=20.9 gap=19.6 (face=3.2mm) n=[67, 69, 111, 66, 111, 237, 261, 310, 124]  no evaluation (geometry pre-check)
  [ 655] viol   f= 149.990  a=14.6 b=21.1 gap=19.6 (face=3.2mm) n=[103, 131, 82, 99, 185, 177, 199, 308, 187]  tape=0.214km B=7.37T unif=1.824% hoop=71MPa
  [ 656] viol   f= 254.573  a=14.2 b=20.9 gap=19.5 (face=3.1mm) n=[125, 163, 72, 95, 171, 150, 254, 297, 140]  tape=0.207km B=7.61T unif=2.102% hoop=67MPa
  [ 657] viol   f=  11.438  a=14.6 b=21.3 gap=19.6 (face=3.2mm) n=[98, 142, 130, 50, 191, 248, 259, 258, 110]  tape=0.198km B=7.63T unif=0.788% hoop=66MPa
  [ 658] viol   f= 145.627  a=14.6 b=21.0 gap=19.6 (face=3.1mm) n=[96, 81, 111, 57, 191, 195, 220, 195, 164]  tape=0.170km B=6.86T unif=1.793% hoop=56MPa
  [ 659] viol   f= 637.423  a=14.4 b=20.9 gap=19.5 (face=3.0mm) n=[61, 107, 83, 78, 190, 247, 217, 276, 141]  tape=0.191km B=6.65T unif=2.753% hoop=60MPa
  [ 660] INFEAS f=1206.881  a=14.0 b=20.5 gap=19.5 (face=3.1mm) n=[61, 138, 114, 57, 205, 224, 218, 330, 116]  no evaluation (geometry pre-check)
  [a=14 b=21 nt=1380] KSP converged reason: 4, iterations: 1
  [a=14 b=21 nt=1387] KSP converged reason: 4, iterations: 1
  [a=14 b=21 nt=1548] KSP converged reason: 4, iterations: 1
  [a=15 b=21 nt=1457] KSP converged reason: 4, iterations: 1
  [a=15 b=21 nt=1467] KSP converged reason: 4, iterations: 1
  [a=14 b=21 nt=1232] KSP converged reason: 4, iterations: 1
  [a=14 b=21 nt=1391] KSP converged reason: 4, iterations: 1
  [a=14 b=21 nt=1434] KSP converged reason: 4, iterations: 1
  [a=15 b=21 nt=1198] KSP converged reason: 4, iterations: 1
  [a=14 b=21 nt=1572] KSP converged reason: 4, iterations: 1
  [a=14 b=21 nt=1466] KSP converged reason: 4, iterations: 1
  [ 661] viol   f=  11.188  a=14.9 b=21.2 gap=19.6 (face=3.1mm) n=[113, 177, 67, 62, 228, 234, 161, 249, 176]  tape=0.195km B=7.66T unif=0.901% hoop=59MPa
  [ 662] viol   f=  14.930  a=14.4 b=20.7 gap=19.6 (face=3.1mm) n=[99, 154, 62, 76, 219, 135, 197, 211, 79]  tape=0.159km B=7.28T unif=0.691% hoop=61MPa
  [ 663] viol   f= 652.001  a=14.4 b=21.1 gap=19.6 (face=3.3mm) n=[117, 120, 90, 83, 198, 168, 227, 301, 83]  tape=0.200km B=7.44T unif=2.787% hoop=74MPa
  [ 664] viol   f=6951.691  a=14.3 b=21.4 gap=19.8 (face=3.5mm) n=[162, 102, 129, 84, 167, 244, 266, 263, 131]  tape=0.208km B=8.38T unif=6.893% hoop=65MPa
  [ 665] viol   f=1166.829  a=14.5 b=21.1 gap=19.6 (face=3.2mm) n=[148, 135, 86, 70, 181, 207, 224, 284, 122]  tape=0.204km B=7.58T unif=3.403% hoop=68MPa
  [ 666] viol   f= 449.335  a=14.3 b=20.8 gap=19.6 (face=3.2mm) n=[80, 51, 162, 90, 125, 186, 237, 285, 164]  tape=0.192km B=6.76T unif=2.463% hoop=61MPa
  [ 667] viol   f=  10.221  a=14.4 b=21.1 gap=19.6 (face=3.2mm) n=[67, 165, 130, 73, 189, 200, 225, 273, 112]  tape=0.197km B=7.76T unif=0.581% hoop=64MPa
  [ 668] viol   f=  21.757  a=14.4 b=21.4 gap=19.6 (face=3.2mm) n=[94, 152, 65, 56, 122, 191, 293, 250, 168]  tape=0.198km B=6.72T unif=0.477% hoop=58MPa
  [ 669] viol   f=2298.707  a=14.6 b=20.9 gap=19.5 (face=3.1mm) n=[91, 190, 70, 61, 155, 145, 184, 206, 96]  tape=0.155km B=7.42T unif=4.380% hoop=62MPa
  [ 670] viol   f= 269.266  a=14.4 b=20.7 gap=19.7 (face=3.3mm) n=[154, 52, 104, 129, 256, 223, 220, 280, 154]  tape=0.210km B=7.92T unif=2.141% hoop=63MPa
  [ 671] viol   f=1325.862  a=14.3 b=20.9 gap=19.6 (face=3.2mm) n=[119, 152, 104, 75, 220, 235, 195, 229, 137]  tape=0.189km B=8.14T unif=3.568% hoop=61MPa
  [a=15 b=21 nt=1475] KSP converged reason: 4, iterations: 1
  [a=14 b=21 nt=1496] KSP converged reason: 4, iterations: 1
  [a=15 b=21 nt=1397] KSP converged reason: 4, iterations: 1
  [a=14 b=21 nt=1291] KSP converged reason: 4, iterations: 1
  [a=14 b=21 nt=1466] KSP converged reason: 4, iterations: 1
  [a=14 b=21 nt=1301] KSP converged reason: 4, iterations: 1
  [a=15 b=21 nt=1344] KSP converged reason: 4, iterations: 1
  [a=14 b=20 nt=1409] KSP converged reason: 4, iterations: 1
  [a=15 b=21 nt=1426] KSP converged reason: 4, iterations: 1
  [a=15 b=22 nt=1574] KSP converged reason: 4, iterations: 1
  [a=14 b=21 nt=1354] KSP converged reason: 4, iterations: 1
  [ 672] viol   f=1957.613  a=14.1 b=20.9 gap=19.6 (face=3.2mm) n=[53, 106, 136, 146, 166, 218, 252, 263, 156]  tape=0.198km B=7.31T unif=4.117% hoop=67MPa
  [ 673] viol   f=18129.653  a=14.4 b=20.8 gap=19.6 (face=3.1mm) n=[51, 215, 140, 98, 146, 209, 232, 192, 183]  tape=0.187km B=8.70T unif=10.520% hoop=60MPa
  [ 674] viol   f=  24.825  a=14.6 b=21.0 gap=19.6 (face=3.2mm) n=[99, 132, 66, 53, 229, 211, 209, 254, 144]  tape=0.186km B=7.00T unif=1.181% hoop=59MPa
  [ 675] viol   f= 470.189  a=14.3 b=21.1 gap=19.7 (face=3.3mm) n=[109, 139, 60, 62, 154, 208, 223, 219, 117]  tape=0.168km B=6.77T unif=2.498% hoop=54MPa
  [ 676] viol   f=1019.911  a=14.7 b=21.4 gap=19.5 (face=3.1mm) n=[105, 216, 57, 85, 285, 158, 170, 267, 132]  tape=0.206km B=8.10T unif=3.250% hoop=67MPa
  [ 677] viol   f=  23.007  a=14.4 b=20.9 gap=19.6 (face=3.1mm) n=[73, 108, 72, 74, 233, 167, 196, 221, 157]  tape=0.171km B=6.62T unif=0.850% hoop=58MPa
  [ 678] viol   f=23736.992  a=14.6 b=21.3 gap=19.6 (face=3.1mm) n=[52, 240, 52, 62, 133, 223, 225, 223, 134]  tape=0.176km B=7.85T unif=11.892% hoop=55MPa
  [ 679] viol   f=   9.425  a=14.5 b=20.5 gap=19.5 (face=3.1mm) n=[83, 173, 68, 99, 261, 180, 175, 199, 171]  tape=0.189km B=7.85T unif=0.974% hoop=65MPa
  [ 680] viol   f=  79.980  a=14.6 b=21.1 gap=19.6 (face=3.2mm) n=[101, 146, 62, 86, 180, 256, 204, 229, 162]  tape=0.193km B=7.38T unif=1.575% hoop=60MPa
  [ 681] viol   f=24994.369  a=14.9 b=21.6 gap=19.6 (face=3.1mm) n=[51, 214, 150, 156, 217, 212, 211, 208, 155]  tape=0.199km B=9.24T unif=12.179% hoop=68MPa
  [ 682] viol   f=  53.903  a=14.3 b=21.1 gap=19.6 (face=3.1mm) n=[74, 153, 83, 81, 177, 226, 204, 240, 116]  tape=0.179km B=7.44T unif=1.450% hoop=58MPa
  [a=15 b=21 nt=1478] KSP converged reason: 4, iterations: 1
  [a=14 b=20 nt=1418] KSP converged reason: 4, iterations: 1
  [a=15 b=22 nt=1503] KSP converged reason: 4, iterations: 1
  [a=14 b=21 nt=1400] KSP converged reason: 4, iterations: 1
  [a=14 b=21 nt=1329] KSP converged reason: 4, iterations: 1
  [a=14 b=21 nt=1267] KSP converged reason: 4, iterations: 1
  [a=15 b=21 nt=1447] KSP converged reason: 4, iterations: 1
  [a=15 b=21 nt=1319] KSP converged reason: 4, iterations: 1
  [a=14 b=20 nt=1463] KSP converged reason: 4, iterations: 1
  [a=15 b=21 nt=1349] KSP converged reason: 4, iterations: 1
  [a=14 b=21 nt=1373] KSP converged reason: 4, iterations: 1
  [ 683] viol   f=  24.633  a=14.4 b=20.8 gap=19.5 (face=3.0mm) n=[84, 152, 53, 83, 229, 215, 227, 218, 139]  tape=0.178km B=7.41T unif=1.235% hoop=57MPa
  [ 684] viol   f=  20.417  a=14.5 b=20.8 gap=19.5 (face=3.1mm) n=[76, 92, 91, 134, 181, 199, 186, 204, 104]  tape=0.161km B=6.82T unif=0.558% hoop=56MPa
  [ 685] viol   f=  10.511  a=14.6 b=21.5 gap=19.5 (face=3.1mm) n=[89, 148, 87, 90, 272, 176, 201, 270, 170]  tape=0.207km B=7.73T unif=0.928% hoop=65MPa
  [ 686] viol   f=5419.173  a=14.5 b=20.7 gap=19.5 (face=3.0mm) n=[91, 229, 88, 126, 203, 110, 224, 266, 141]  tape=0.199km B=8.82T unif=6.204% hoop=63MPa
  [ 687] viol   f=  19.117  a=14.1 b=20.4 gap=19.5 (face=3.1mm) n=[106, 98, 91, 63, 283, 216, 164, 235, 162]  tape=0.193km B=7.08T unif=1.098% hoop=60MPa
  [ 688] viol   f=  17.211  a=14.4 b=21.0 gap=19.6 (face=3.2mm) n=[54, 146, 82, 76, 230, 194, 173, 222, 152]  tape=0.173km B=7.08T unif=0.596% hoop=59MPa
  [ 689] viol   f= 500.835  a=14.6 b=20.8 gap=19.6 (face=3.1mm) n=[50, 155, 81, 82, 227, 202, 209, 175, 138]  tape=0.171km B=7.33T unif=2.560% hoop=75MPa
  [ 690] viol   f=  11.112  a=14.5 b=20.9 gap=19.5 (face=3.1mm) n=[109, 155, 111, 54, 290, 184, 184, 192, 168]  tape=0.205km B=7.66T unif=0.824% hoop=66MPa
  [ 691] viol   f=9703.530  a=14.6 b=20.9 gap=19.6 (face=3.3mm) n=[146, 100, 84, 63, 221, 200, 186, 180, 169]  tape=0.175km B=7.43T unif=7.961% hoop=59MPa
  [ 692] viol   f=  11.438  a=14.5 b=20.4 gap=19.5 (face=3.1mm) n=[116, 159, 96, 65, 304, 178, 178, 253, 114]  tape=0.205km B=7.63T unif=0.946% hoop=66MPa
  [ 693] viol   f=2417.848  a=14.4 b=20.9 gap=19.5 (face=3.1mm) n=[60, 188, 50, 97, 221, 213, 165, 237, 142]  tape=0.178km B=7.81T unif=4.470% hoop=59MPa
  [a=15 b=21 nt=1430] KSP converged reason: 4, iterations: 1
  [a=15 b=21 nt=1489] KSP converged reason: 4, iterations: 1
  [a=14 b=21 nt=1508] KSP converged reason: 4, iterations: 1
  [a=15 b=22 nt=1510] KSP converged reason: 4, iterations: 1
  [a=14 b=21 nt=1448] KSP converged reason: 4, iterations: 1
  [a=15 b=21 nt=1526] KSP converged reason: 4, iterations: 1
  [a=15 b=21 nt=1572] KSP converged reason: 4, iterations: 1
  [a=15 b=21 nt=1502] KSP converged reason: 4, iterations: 1
  [ 694] viol   f=1385.238  a=14.3 b=20.9 gap=19.5 (face=3.1mm) n=[140, 149, 96, 95, 286, 179, 178, 171, 154]  tape=0.205km B=7.98T unif=3.624% hoop=74MPa
  [ 695] viol   f=1123.731  a=14.7 b=20.6 gap=19.6 (face=3.2mm) n=[124, 194, 51, 65, 269, 192, 229, 228, 174]  tape=0.202km B=7.97T unif=3.361% hoop=63MPa
  [ 696] viol   f=  21.076  a=14.5 b=20.9 gap=19.6 (face=3.1mm) n=[105, 147, 79, 59, 268, 200, 197, 293, 160]  tape=0.208km B=7.44T unif=1.198% hoop=65MPa
  [ 697] viol   f= 220.085  a=14.5 b=21.2 gap=19.5 (face=3.1mm) n=[66, 142, 84, 71, 301, 164, 179, 244, 179]  tape=0.205km B=7.12T unif=2.008% hoop=68MPa
  [ 698] viol   f=   9.339  a=14.7 b=20.8 gap=19.6 (face=3.1mm) n=[98, 148, 78, 124, 294, 191, 171, 215, 170]  tape=0.211km B=7.86T unif=0.738% hoop=68MPa
  [ 699] INFEAS f=1083.160  a=14.7 b=21.8 gap=19.6 (face=3.1mm) n=[96, 161, 89, 102, 336, 187, 156, 284, 168]  no evaluation (geometry pre-check)
  [ 700] viol   f=  10.569  a=14.8 b=21.6 gap=19.5 (face=3.1mm) n=[79, 158, 58, 123, 260, 181, 180, 282, 189]  tape=0.211km B=7.72T unif=0.691% hoop=71MPa
  [ 701] INFEAS f=1000.018  a=14.5 b=21.2 gap=19.5 (face=3.1mm) n=[50, 180, 67, 87, 205, 80, 306, 218, 93]  no evaluation (geometry pre-check)
  [ 702] INFEAS f=1023.391  a=14.5 b=21.5 gap=19.5 (face=3.0mm) n=[114, 162, 138, 132, 320, 175, 194, 217, 249]  no evaluation (geometry pre-check)
  [ 703] viol   f=  90.276  a=14.7 b=20.6 gap=19.5 (face=3.1mm) n=[119, 147, 89, 51, 305, 193, 182, 267, 219]  tape=0.218km B=7.66T unif=1.629% hoop=70MPa
  [ 704] viol   f= 167.388  a=14.8 b=21.3 gap=19.5 (face=3.1mm) n=[102, 154, 80, 50, 288, 145, 223, 262, 198]  tape=0.209km B=7.47T unif=1.879% hoop=61MPa
  [a=15 b=21 nt=1404] KSP converged reason: 4, iterations: 1
  [a=15 b=22 nt=1688] KSP converged reason: 4, iterations: 1
  [a=14 b=21 nt=1507] KSP converged reason: 4, iterations: 1
  [a=15 b=21 nt=1514] KSP converged reason: 4, iterations: 1
  [a=15 b=21 nt=1290] KSP converged reason: 4, iterations: 1
  [a=15 b=21 nt=1387] KSP converged reason: 4, iterations: 1
  [a=15 b=21 nt=1314] KSP converged reason: 4, iterations: 1
  [a=15 b=21 nt=1549] KSP converged reason: 4, iterations: 1
  [a=15 b=21 nt=1381] KSP converged reason: 4, iterations: 1
  [ 705] INFEAS f=1070.508  a=14.4 b=20.8 gap=19.6 (face=3.2mm) n=[122, 131, 115, 60, 256, 211, 202, 324, 200]  no evaluation (geometry pre-check)
  [ 706] viol   f=  58.606  a=14.5 b=20.9 gap=19.5 (face=3.1mm) n=[62, 191, 75, 82, 281, 136, 203, 154, 106]  tape=0.183km B=7.58T unif=1.483% hoop=59MPa
  [ 707] viol   f= 548.244  a=14.7 b=20.6 gap=19.6 (face=3.1mm) n=[112, 140, 132, 51, 247, 170, 195, 224, 116]  tape=0.184km B=7.60T unif=2.638% hoop=66MPa
  [ 708] viol   f=   7.002  a=14.8 b=21.3 gap=19.5 (face=3.1mm) n=[78, 189, 77, 86, 280, 178, 213, 269, 144]  tape=0.209km B=8.16T unif=0.749% hoop=64MPa
  [ 709] viol   f=1085.951  a=14.9 b=21.6 gap=19.6 (face=3.2mm) n=[151, 113, 123, 117, 295, 219, 187, 284, 199]  tape=0.237km B=8.83T unif=3.327% hoop=76MPa
  [ 710] viol   f=  72.765  a=14.5 b=21.1 gap=19.6 (face=3.2mm) n=[69, 151, 51, 87, 277, 181, 155, 292, 141]  tape=0.197km B=7.06T unif=1.526% hoop=65MPa
  [ 711] viol   f=   6.451  a=14.2 b=20.9 gap=19.5 (face=3.1mm) n=[93, 196, 73, 99, 288, 174, 177, 282, 125]  tape=0.206km B=8.24T unif=1.009% hoop=66MPa
  [ 712] INFEAS f=1037.454  a=14.8 b=20.9 gap=19.6 (face=3.1mm) n=[77, 87, 53, 117, 329, 191, 160, 215, 163]  no evaluation (geometry pre-check)
  [ 713] viol   f=2441.662  a=15.0 b=21.3 gap=19.6 (face=3.1mm) n=[134, 120, 77, 65, 211, 164, 156, 237, 150]  tape=0.179km B=7.01T unif=4.481% hoop=64MPa
  [ 714] viol   f=   7.978  a=14.8 b=20.8 gap=19.5 (face=3.0mm) n=[112, 167, 112, 66, 314, 203, 146, 270, 159]  tape=0.221km B=8.03T unif=0.732% hoop=67MPa
  [ 715] viol   f=  17.460  a=14.7 b=21.1 gap=19.5 (face=3.1mm) n=[95, 106, 62, 124, 205, 229, 210, 220, 130]  tape=0.180km B=7.23T unif=1.099% hoop=60MPa
  [a=15 b=21 nt=1464] KSP converged reason: 4, iterations: 1
  [a=15 b=21 nt=1634] KSP converged reason: 4, iterations: 1
  [a=15 b=21 nt=1552] KSP converged reason: 4, iterations: 1
  [a=14 b=21 nt=1439] KSP converged reason: 4, iterations: 1
  [a=14 b=21 nt=1383] KSP converged reason: 4, iterations: 1
  [a=15 b=21 nt=1345] KSP converged reason: 4, iterations: 1
  [a=15 b=21 nt=1549] KSP converged reason: 4, iterations: 1
  [a=14 b=21 nt=1426] KSP converged reason: 4, iterations: 1
  [ 716] viol   f=1419.165  a=14.8 b=21.5 gap=19.5 (face=3.1mm) n=[91, 224, 61, 183, 296, 223, 176, 233, 147]  tape=0.229km B=9.45T unif=3.663% hoop=70MPa
  [ 717] INFEAS f=1002.418  a=14.7 b=21.0 gap=19.5 (face=3.0mm) n=[109, 170, 55, 63, 293, 141, 197, 315, 182]  no evaluation (geometry pre-check)
  [ 718] viol   f=12131.348  a=14.6 b=20.9 gap=19.5 (face=3.0mm) n=[110, 235, 56, 70, 268, 222, 206, 177, 208]  tape=0.206km B=8.59T unif=8.787% hoop=62MPa
  [ 719] viol   f= 154.617  a=14.8 b=21.3 gap=19.5 (face=3.1mm) n=[96, 203, 69, 61, 309, 140, 182, 276, 128]  tape=0.210km B=7.74T unif=1.849% hoop=64MPa
  [ 720] viol   f=6156.689  a=14.4 b=20.8 gap=19.5 (face=3.0mm) n=[68, 210, 75, 85, 242, 161, 160, 179, 203]  tape=0.181km B=8.34T unif=6.546% hoop=68MPa
  [ 721] viol   f=1280.326  a=14.7 b=21.2 gap=19.5 (face=3.0mm) n=[79, 199, 84, 80, 212, 202, 132, 236, 121]  tape=0.179km B=8.03T unif=3.522% hoop=59MPa
  [ 722] INFEAS f=1190.071  a=14.3 b=21.1 gap=19.5 (face=3.1mm) n=[99, 211, 97, 142, 252, 188, 196, 336, 148]  no evaluation (geometry pre-check)
  [ 723] viol   f=2197.487  a=14.3 b=20.8 gap=19.5 (face=3.1mm) n=[51, 209, 68, 106, 281, 197, 198, 234, 95]  tape=0.195km B=8.14T unif=4.309% hoop=63MPa
  [ 724] INFEAS f=1000.328  a=14.6 b=20.7 gap=19.5 (face=3.0mm) n=[56, 144, 74, 176, 310, 213, 182, 228, 199]  no evaluation (geometry pre-check)
  [ 725] viol   f=2413.903  a=14.9 b=21.5 gap=19.5 (face=3.0mm) n=[88, 249, 82, 106, 214, 177, 166, 302, 165]  tape=0.223km B=9.02T unif=4.473% hoop=74MPa
  [ 726] viol   f=3079.549  a=14.3 b=20.9 gap=19.6 (face=3.1mm) n=[52, 186, 51, 143, 241, 163, 209, 243, 138]  tape=0.185km B=7.96T unif=4.919% hoop=60MPa
  [a=15 b=21 nt=1496] KSP converged reason: 4, iterations: 1
  [a=15 b=21 nt=1473] KSP converged reason: 4, iterations: 1
  [a=15 b=21 nt=1535] KSP converged reason: 4, iterations: 1
  [a=15 b=21 nt=1361] KSP converged reason: 4, iterations: 1
  [ 727] INFEAS f=1048.866  a=14.7 b=21.1 gap=19.5 (face=3.0mm) n=[108, 151, 51, 152, 330, 235, 174, 295, 184]  no evaluation (geometry pre-check)
  [ 728] INFEAS f=1010.325  a=14.8 b=21.3 gap=19.5 (face=3.0mm) n=[105, 206, 86, 61, 322, 149, 151, 275, 173]  no evaluation (geometry pre-check)
  [ 729] viol   f=  11.633  a=14.6 b=21.1 gap=19.5 (face=3.1mm) n=[54, 178, 92, 79, 263, 127, 199, 303, 178]  tape=0.208km B=7.61T unif=0.480% hoop=61MPa
  [ 730] INFEAS f=1040.586  a=14.7 b=20.9 gap=19.5 (face=3.0mm) n=[81, 203, 82, 108, 329, 162, 171, 287, 231]  no evaluation (geometry pre-check)
  [ 731] viol   f=2506.435  a=14.7 b=21.0 gap=19.5 (face=3.0mm) n=[50, 229, 77, 99, 301, 146, 202, 230, 162]  tape=0.211km B=8.53T unif=4.537% hoop=64MPa
  [ 732] viol   f=   7.743  a=14.5 b=20.8 gap=19.5 (face=3.0mm) n=[63, 186, 111, 87, 297, 129, 199, 303, 160]  tape=0.213km B=8.06T unif=0.580% hoop=62MPa
  [ 733] INFEAS f=1139.202  a=14.6 b=20.6 gap=19.5 (face=3.1mm) n=[137, 145, 125, 127, 340, 150, 215, 278, 184]  no evaluation (geometry pre-check)
  [ 734] INFEAS f=1341.737  a=14.3 b=21.0 gap=19.5 (face=3.1mm) n=[82, 157, 59, 129, 347, 176, 146, 211, 89]  no evaluation (geometry pre-check)
  [ 735] viol   f=2452.866  a=14.8 b=21.3 gap=19.5 (face=3.1mm) n=[77, 212, 51, 56, 257, 149, 161, 270, 128]  tape=0.187km B=7.53T unif=4.493% hoop=62MPa
  [ 736] INFEAS f=1046.537  a=14.3 b=20.8 gap=19.5 (face=3.0mm) n=[96, 119, 85, 135, 319, 130, 176, 295, 150]  no evaluation (geometry pre-check)
  [ 737] INFEAS f=1354.034  a=14.6 b=21.3 gap=19.5 (face=3.1mm) n=[94, 184, 50, 162, 356, 199, 244, 349, 129]  no evaluation (geometry pre-check)
  [a=14 b=21 nt=1533] KSP converged reason: 4, iterations: 1
  [a=15 b=21 nt=1470] KSP converged reason: 4, iterations: 1
  [a=14 b=21 nt=1347] KSP converged reason: 4, iterations: 1
  [a=14 b=21 nt=1364] KSP converged reason: 4, iterations: 1
  [a=15 b=21 nt=1344] KSP converged reason: 4, iterations: 1
  [ 738] INFEAS f=1006.191  a=14.8 b=21.2 gap=19.5 (face=3.0mm) n=[97, 174, 50, 139, 322, 170, 190, 317, 224]  no evaluation (geometry pre-check)
  [ 739] viol   f= 915.077  a=14.6 b=21.2 gap=19.5 (face=3.1mm) n=[54, 127, 59, 55, 279, 158, 187, 270, 155]  tape=0.186km B=6.43T unif=3.109% hoop=60MPa
  [ 740] viol   f=  80.029  a=14.6 b=21.1 gap=19.5 (face=3.0mm) n=[71, 155, 59, 86, 292, 166, 184, 255, 202]  tape=0.205km B=7.38T unif=1.575% hoop=67MPa
  [ 741] INFEAS f=1001.833  a=14.5 b=20.6 gap=19.5 (face=3.0mm) n=[111, 200, 77, 119, 311, 170, 205, 285, 210]  no evaluation (geometry pre-check)
  [ 742] viol   f= 221.077  a=14.3 b=20.5 gap=19.5 (face=3.0mm) n=[59, 201, 102, 81, 298, 124, 181, 298, 189]  tape=0.208km B=8.16T unif=2.035% hoop=61MPa
  [ 743] INFEAS f=1084.171  a=14.7 b=20.9 gap=19.5 (face=3.0mm) n=[71, 149, 50, 93, 308, 96, 231, 334, 78]  no evaluation (geometry pre-check)
  [ 744] INFEAS f=1388.014  a=14.6 b=20.9 gap=19.5 (face=3.0mm) n=[76, 221, 104, 54, 358, 91, 165, 308, 148]  no evaluation (geometry pre-check)
  [ 745] viol   f=1185.715  a=14.3 b=20.5 gap=19.5 (face=3.0mm) n=[52, 118, 75, 112, 260, 88, 224, 247, 188]  tape=0.180km B=6.67T unif=3.412% hoop=55MPa
  [ 746] INFEAS f=1095.456  a=14.6 b=21.0 gap=19.5 (face=3.0mm) n=[82, 110, 105, 58, 306, 165, 222, 335, 203]  no evaluation (geometry pre-check)
  [ 747] viol   f= 106.863  a=14.4 b=20.8 gap=19.5 (face=3.1mm) n=[66, 131, 74, 71, 259, 159, 209, 291, 87]  tape=0.187km B=6.89T unif=1.661% hoop=63MPa
  [ 748] INFEAS f=1333.960  a=14.6 b=21.4 gap=19.5 (face=3.1mm) n=[91, 173, 58, 57, 282, 191, 184, 355, 154]  no evaluation (geometry pre-check)
  [a=14 b=21 nt=1444] KSP converged reason: 4, iterations: 1
  [a=15 b=21 nt=1262] KSP converged reason: 4, iterations: 1
  [a=15 b=21 nt=1583] KSP converged reason: 4, iterations: 1
  [a=14 b=21 nt=1490] KSP converged reason: 4, iterations: 1
  [a=14 b=21 nt=1310] KSP converged reason: 4, iterations: 1
  [a=14 b=21 nt=1382] KSP converged reason: 4, iterations: 1
  [a=14 b=21 nt=1470] KSP converged reason: 4, iterations: 1
  [a=14 b=21 nt=1453] KSP converged reason: 4, iterations: 1
  [ 749] viol   f=  70.847  a=14.5 b=21.2 gap=19.5 (face=3.0mm) n=[120, 182, 55, 90, 292, 173, 195, 285, 191]  tape=0.218km B=8.04T unif=1.561% hoop=66MPa
  [ 750] viol   f= 249.474  a=14.4 b=20.9 gap=19.5 (face=3.1mm) n=[97, 110, 63, 51, 253, 192, 237, 238, 141]  tape=0.181km B=6.80T unif=2.070% hoop=59MPa
  [ 751] INFEAS f=1489.734  a=14.3 b=21.1 gap=19.5 (face=3.0mm) n=[51, 145, 122, 79, 253, 162, 179, 356, 183]  no evaluation (geometry pre-check)
  [ 752] viol   f=  20.114  a=14.6 b=20.6 gap=19.5 (face=3.0mm) n=[57, 148, 70, 76, 275, 126, 180, 207, 123]  tape=0.176km B=6.84T unif=0.314% hoop=59MPa
  [ 753] viol   f=16262.956  a=14.3 b=20.7 gap=19.5 (face=3.0mm) n=[55, 247, 90, 58, 271, 122, 161, 284, 202]  tape=0.198km B=8.46T unif=10.016% hoop=59MPa
  [ 754] INFEAS f=1005.047  a=14.9 b=21.6 gap=19.5 (face=3.0mm) n=[87, 182, 56, 83, 295, 82, 185, 323, 180]  no evaluation (geometry pre-check)
  [ 755] viol   f= 935.845  a=14.4 b=21.0 gap=19.5 (face=3.0mm) n=[50, 123, 53, 66, 277, 167, 160, 258, 156]  tape=0.181km B=6.30T unif=3.131% hoop=64MPa
  [ 756] viol   f=  15.807  a=14.3 b=21.3 gap=19.5 (face=3.0mm) n=[72, 194, 71, 52, 254, 189, 204, 283, 125]  tape=0.198km B=7.83T unif=1.176% hoop=64MPa
  [ 757] viol   f=7941.075  a=14.0 b=21.3 gap=19.5 (face=3.1mm) n=[61, 242, 56, 109, 192, 225, 194, 285, 106]  tape=0.201km B=8.64T unif=7.300% hoop=62MPa
  [ 758] INFEAS f=1107.084  a=14.6 b=21.1 gap=19.5 (face=3.1mm) n=[72, 124, 53, 104, 335, 189, 183, 272, 197]  no evaluation (geometry pre-check)
  [ 759] viol   f=   9.810  a=14.0 b=20.6 gap=19.5 (face=3.0mm) n=[70, 179, 102, 82, 243, 191, 167, 274, 145]  tape=0.196km B=7.99T unif=1.087% hoop=60MPa
  [a=14 b=21 nt=1396] KSP converged reason: 4, iterations: 1
  [a=14 b=20 nt=1520] KSP converged reason: 4, iterations: 1
  [a=15 b=21 nt=1503] KSP converged reason: 4, iterations: 1
  [a=14 b=20 nt=1514] KSP converged reason: 4, iterations: 1
  [a=14 b=21 nt=1576] KSP converged reason: 4, iterations: 1
  [a=14 b=21 nt=1463] KSP converged reason: 4, iterations: 1
  [a=15 b=21 nt=1582] KSP converged reason: 4, iterations: 1
  [a=14 b=20 nt=1346] KSP converged reason: 4, iterations: 1
  [a=14 b=21 nt=1223] KSP converged reason: 4, iterations: 1
  [ 760] viol   f=1643.900  a=14.4 b=21.0 gap=19.5 (face=3.0mm) n=[72, 199, 148, 103, 235, 200, 181, 259, 179]  tape=0.209km B=9.01T unif=3.865% hoop=64MPa
  [ 761] viol   f=1321.960  a=14.4 b=21.2 gap=19.5 (face=3.0mm) n=[76, 214, 77, 74, 259, 207, 165, 273, 118]  tape=0.199km B=8.28T unif=3.565% hoop=60MPa
  [ 762] viol   f=1985.279  a=14.0 b=20.5 gap=19.5 (face=3.0mm) n=[142, 177, 81, 88, 247, 197, 187, 234, 161]  tape=0.194km B=8.35T unif=4.146% hoop=62MPa
  [ 763] viol   f=  59.160  a=14.3 b=20.9 gap=19.5 (face=3.0mm) n=[52, 151, 104, 56, 273, 131, 179, 289, 161]  tape=0.193km B=7.03T unif=1.455% hoop=60MPa
  [ 764] INFEAS f=1940.718  a=14.0 b=21.2 gap=19.5 (face=3.0mm) n=[91, 206, 59, 171, 254, 213, 193, 370, 129]  no evaluation (geometry pre-check)
  [ 765] viol   f=   9.448  a=14.6 b=21.0 gap=19.5 (face=3.0mm) n=[95, 195, 76, 58, 224, 149, 227, 297, 182]  tape=0.211km B=7.85T unif=0.957% hoop=62MPa
  [ 766] viol   f=  12.388  a=13.9 b=20.4 gap=19.5 (face=3.0mm) n=[133, 174, 58, 87, 274, 209, 158, 277, 150]  tape=0.200km B=7.88T unif=1.126% hoop=59MPa
  [ 767] viol   f=  19.584  a=13.9 b=20.3 gap=19.5 (face=3.0mm) n=[73, 135, 56, 73, 245, 197, 208, 265, 94]  tape=0.176km B=6.89T unif=1.015% hoop=59MPa
  [ 768] viol   f=  14.478  a=14.7 b=20.7 gap=19.5 (face=3.0mm) n=[110, 154, 99, 119, 304, 195, 206, 242, 153]  tape=0.223km B=8.43T unif=1.216% hoop=71MPa
  [ 769] viol   f=  23.445  a=14.4 b=20.6 gap=19.5 (face=3.0mm) n=[61, 120, 55, 96, 200, 167, 177, 168, 179]  tape=0.154km B=6.59T unif=0.244% hoop=57MPa
  [ 770] INFEAS f=1184.673  a=14.2 b=20.7 gap=19.5 (face=3.0mm) n=[70, 151, 120, 183, 334, 202, 205, 318, 144]  no evaluation (geometry pre-check)
  [a=14 b=20 nt=1541] KSP converged reason: 4, iterations: 1
  [a=14 b=20 nt=1480] KSP converged reason: 4, iterations: 1
  [a=15 b=21 nt=1474] KSP converged reason: 4, iterations: 1
  [a=15 b=21 nt=1549] KSP converged reason: 4, iterations: 1
  [a=14 b=21 nt=1436] KSP converged reason: 4, iterations: 1
  [a=14 b=21 nt=1471] KSP converged reason: 4, iterations: 1
  [a=14 b=20 nt=1386] KSP converged reason: 4, iterations: 1
  [ 771] viol   f=3083.978  a=14.4 b=20.5 gap=19.5 (face=3.0mm) n=[97, 212, 55, 58, 293, 158, 196, 240, 171]  tape=0.202km B=7.91T unif=4.921% hoop=61MPa
  [ 772] viol   f= 580.527  a=14.3 b=20.6 gap=19.5 (face=3.0mm) n=[76, 191, 80, 97, 233, 160, 200, 255, 179]  tape=0.193km B=8.26T unif=2.694% hoop=62MPa
  [ 773] INFEAS f=1023.860  a=14.0 b=20.2 gap=19.5 (face=3.0mm) n=[109, 170, 57, 53, 218, 127, 187, 306, 171]  no evaluation (geometry pre-check)
  [ 774] viol   f=   9.358  a=14.4 b=20.2 gap=19.5 (face=3.0mm) n=[90, 166, 59, 101, 254, 181, 197, 300, 193]  tape=0.211km B=7.86T unif=0.253% hoop=67MPa
  [ 775] viol   f= 269.667  a=14.2 b=20.8 gap=19.5 (face=3.0mm) n=[78, 182, 58, 86, 253, 152, 215, 247, 165]  tape=0.188km B=7.80T unif=2.140% hoop=58MPa
  [ 776] INFEAS f=1083.188  a=14.3 b=20.9 gap=19.5 (face=3.0mm) n=[93, 195, 71, 69, 274, 138, 189, 325, 155]  no evaluation (geometry pre-check)
  [ 777] INFEAS f=1023.654  a=14.3 b=20.6 gap=19.5 (face=3.0mm) n=[129, 175, 58, 73, 240, 182, 200, 314, 100]  no evaluation (geometry pre-check)
  [ 778] INFEAS f=1308.459  a=14.3 b=20.5 gap=19.5 (face=3.0mm) n=[91, 101, 95, 109, 317, 147, 212, 345, 137]  no evaluation (geometry pre-check)
  [ 779] viol   f=   9.949  a=14.6 b=20.9 gap=19.5 (face=3.1mm) n=[88, 162, 92, 76, 239, 167, 256, 271, 123]  tape=0.199km B=7.79T unif=0.545% hoop=61MPa
  [ 780] viol   f= 192.814  a=14.6 b=20.9 gap=19.5 (face=3.1mm) n=[112, 134, 93, 69, 254, 212, 239, 252, 184]  tape=0.201km B=7.87T unif=1.958% hoop=63MPa
  [ 781] viol   f= 228.748  a=14.4 b=20.1 gap=19.5 (face=3.0mm) n=[119, 128, 57, 58, 243, 144, 238, 246, 153]  tape=0.177km B=7.10T unif=2.029% hoop=62MPa
  [a=15 b=21 nt=1749] KSP converged reason: 4, iterations: 1
  [a=14 b=20 nt=1629] KSP converged reason: 4, iterations: 1
  [a=14 b=20 nt=1394] KSP converged reason: 4, iterations: 1
  [a=15 b=21 nt=1754] KSP converged reason: 4, iterations: 1
  [a=14 b=21 nt=1287] KSP converged reason: 4, iterations: 1
  [a=14 b=20 nt=1477] KSP converged reason: 4, iterations: 1
  [a=14 b=20 nt=1339] KSP converged reason: 4, iterations: 1
  [a=15 b=21 nt=1628] KSP converged reason: 4, iterations: 1
  [a=15 b=21 nt=1434] KSP converged reason: 4, iterations: 1
  [a=14 b=20 nt=1379] KSP converged reason: 4, iterations: 1
  [ 782] viol   f= 935.029  a=14.3 b=19.8 gap=19.5 (face=3.0mm) n=[96, 162, 50, 55, 258, 182, 220, 210, 161]  tape=0.180km B=7.15T unif=3.143% hoop=58MPa
  [ 783] viol   f=  29.735  a=14.1 b=20.0 gap=19.5 (face=3.0mm) n=[82, 164, 65, 70, 226, 168, 261, 260, 181]  tape=0.188km B=7.58T unif=1.299% hoop=59MPa
  [ 784] viol   f= 160.288  a=14.6 b=20.8 gap=19.5 (face=3.0mm) n=[106, 136, 83, 177, 257, 213, 257, 310, 210]  tape=0.241km B=8.51T unif=1.882% hoop=74MPa
  [ 785] viol   f= 187.046  a=14.3 b=20.4 gap=19.5 (face=3.0mm) n=[111, 156, 119, 136, 263, 183, 227, 268, 166]  tape=0.213km B=8.86T unif=1.960% hoop=69MPa
  [ 786] viol   f=  25.391  a=14.2 b=20.6 gap=19.5 (face=3.1mm) n=[52, 121, 107, 58, 197, 160, 228, 242, 122]  tape=0.169km B=6.71T unif=1.133% hoop=58MPa
  [ 787] viol   f=2704.145  a=15.0 b=20.9 gap=19.5 (face=3.0mm) n=[155, 154, 140, 103, 293, 239, 222, 285, 163]  tape=0.239km B=9.35T unif=4.676% hoop=86MPa
  [ 788] viol   f= 823.720  a=14.2 b=20.4 gap=19.5 (face=3.0mm) n=[50, 177, 73, 58, 257, 175, 222, 223, 104]  tape=0.175km B=7.45T unif=3.013% hoop=60MPa
  [ 789] INFEAS f=1107.362  a=14.4 b=20.4 gap=19.5 (face=3.0mm) n=[119, 157, 51, 64, 275, 158, 222, 331, 175]  no evaluation (geometry pre-check)
  [ 790] viol   f=   4.704  a=14.6 b=20.8 gap=19.5 (face=3.0mm) n=[117, 177, 72, 113, 268, 149, 239, 287, 206]  tape=0.220km B=8.50T unif=0.448% hoop=64MPa
  [ 791] viol   f=  16.116  a=14.5 b=20.6 gap=19.5 (face=3.1mm) n=[97, 115, 122, 54, 202, 154, 254, 306, 130]  tape=0.203km B=7.18T unif=0.764% hoop=69MPa
  [ 792] viol   f= 947.643  a=14.2 b=20.5 gap=19.5 (face=3.0mm) n=[118, 138, 77, 71, 213, 156, 221, 256, 129]  tape=0.183km B=7.30T unif=3.160% hoop=61MPa
  [a=14 b=20 nt=1369] KSP converged reason: 4, iterations: 1
  [a=14 b=20 nt=1438] KSP converged reason: 4, iterations: 1
  [a=15 b=21 nt=1511] KSP converged reason: 4, iterations: 1
  [a=15 b=21 nt=1430] KSP converged reason: 4, iterations: 1
  [a=14 b=21 nt=1292] KSP converged reason: 4, iterations: 1
  [a=15 b=21 nt=1418] KSP converged reason: 4, iterations: 1
  [a=14 b=20 nt=1521] KSP converged reason: 4, iterations: 1
  [a=14 b=21 nt=1312] KSP converged reason: 4, iterations: 1
  [a=14 b=21 nt=1629] KSP converged reason: 4, iterations: 1
  [ 793] viol   f= 786.007  a=14.0 b=20.2 gap=19.5 (face=3.0mm) n=[66, 90, 82, 54, 213, 172, 248, 285, 159]  tape=0.184km B=6.31T unif=2.948% hoop=59MPa
  [ 794] viol   f= 164.007  a=14.6 b=21.0 gap=19.5 (face=3.0mm) n=[104, 149, 54, 53, 252, 157, 216, 274, 159]  tape=0.194km B=6.98T unif=1.853% hoop=59MPa
  [ 795] viol   f=  12.089  a=14.8 b=20.8 gap=19.5 (face=3.1mm) n=[88, 140, 60, 121, 232, 142, 230, 291, 207]  tape=0.210km B=7.56T unif=0.461% hoop=63MPa
  [ 796] viol   f= 441.807  a=14.5 b=20.6 gap=19.5 (face=3.0mm) n=[80, 100, 52, 80, 247, 101, 271, 254, 107]  tape=0.174km B=6.30T unif=2.439% hoop=54MPa
  [ 797] viol   f=  27.559  a=14.5 b=20.7 gap=19.5 (face=3.0mm) n=[100, 114, 102, 102, 247, 131, 221, 290, 123]  tape=0.200km B=7.45T unif=1.268% hoop=67MPa
  [ 798] viol   f=  14.683  a=14.4 b=20.3 gap=19.5 (face=3.0mm) n=[71, 132, 123, 60, 216, 130, 244, 279, 183]  tape=0.194km B=7.31T unif=0.395% hoop=64MPa
  [ 799] viol   f= 961.524  a=14.1 b=20.1 gap=19.5 (face=3.0mm) n=[50, 155, 80, 133, 213, 218, 239, 270, 163]  tape=0.197km B=7.60T unif=3.179% hoop=60MPa
  [ 800] viol   f=1336.225  a=14.2 b=20.6 gap=19.5 (face=3.0mm) n=[50, 179, 69, 52, 247, 136, 194, 242, 143]  tape=0.171km B=7.25T unif=3.570% hoop=56MPa
  [ 801] viol   f=   5.202  a=14.4 b=20.6 gap=19.5 (face=3.0mm) n=[128, 159, 53, 139, 266, 187, 239, 268, 190]  tape=0.212km B=8.45T unif=1.031% hoop=66MPa
  [ 802] INFEAS f=1000.011  a=14.3 b=21.0 gap=19.5 (face=3.1mm) n=[124, 140, 76, 80, 210, 204, 273, 301, 114]  no evaluation (geometry pre-check)
  [ 803] INFEAS f=1109.845  a=14.4 b=20.7 gap=19.5 (face=3.0mm) n=[106, 169, 63, 59, 232, 111, 247, 330, 204]  no evaluation (geometry pre-check)
  [a=15 b=20 nt=1516] KSP converged reason: 4, iterations: 1
  [a=15 b=21 nt=1595] KSP converged reason: 4, iterations: 1
  [a=15 b=21 nt=1640] KSP converged reason: 4, iterations: 1
  [a=15 b=21 nt=1459] KSP converged reason: 4, iterations: 1
  [a=14 b=20 nt=1413] KSP converged reason: 4, iterations: 1
  [a=15 b=21 nt=1263] KSP converged reason: 4, iterations: 1
  [a=15 b=21 nt=1604] KSP converged reason: 4, iterations: 1
  [a=15 b=21 nt=1611] KSP converged reason: 4, iterations: 1
  [a=14 b=20 nt=1563] KSP converged reason: 4, iterations: 1
  [ 804] viol   f=  13.333  a=14.7 b=20.5 gap=19.5 (face=3.0mm) n=[88, 146, 59, 84, 266, 199, 203, 242, 172]  tape=0.195km B=7.44T unif=0.809% hoop=63MPa
  [ 805] viol   f=  89.283  a=14.6 b=20.7 gap=19.5 (face=3.0mm) n=[124, 114, 57, 119, 302, 177, 215, 301, 186]  tape=0.219km B=7.69T unif=1.626% hoop=66MPa
  [ 806] INFEAS f=1002.822  a=14.4 b=20.3 gap=19.5 (face=3.0mm) n=[115, 203, 50, 120, 222, 161, 228, 308, 225]  no evaluation (geometry pre-check)
  [ 807] viol   f=   4.713  a=14.9 b=20.9 gap=19.5 (face=3.0mm) n=[109, 163, 59, 163, 294, 165, 214, 238, 235]  tape=0.227km B=8.50T unif=0.475% hoop=69MPa
  [ 808] viol   f=  28.312  a=14.2 b=20.5 gap=19.5 (face=3.0mm) n=[61, 144, 50, 126, 218, 166, 245, 216, 187]  tape=0.182km B=7.26T unif=1.256% hoop=59MPa
  [ 809] viol   f= 723.053  a=14.6 b=20.7 gap=19.5 (face=3.0mm) n=[95, 123, 77, 57, 186, 147, 218, 220, 140]  tape=0.164km B=6.80T unif=2.874% hoop=57MPa
  [ 810] viol   f=1174.167  a=14.6 b=20.4 gap=19.5 (face=3.1mm) n=[118, 114, 133, 91, 207, 173, 209, 294, 177]  tape=0.211km B=7.96T unif=3.414% hoop=70MPa
  [ 811] viol   f=  18.217  a=14.8 b=20.7 gap=19.5 (face=3.0mm) n=[117, 122, 85, 113, 263, 203, 213, 293, 195]  tape=0.221km B=8.00T unif=1.224% hoop=71MPa
  [ 812] INFEAS f=1024.696  a=14.6 b=20.7 gap=19.5 (face=3.1mm) n=[113, 109, 143, 62, 232, 130, 193, 323, 204]  no evaluation (geometry pre-check)
  [ 813] viol   f= 409.342  a=14.6 b=20.7 gap=19.5 (face=3.1mm) n=[139, 133, 65, 135, 242, 153, 284, 262, 198]  tape=0.218km B=8.21T unif=2.419% hoop=71MPa
  [ 814] viol   f=3393.513  a=14.4 b=20.3 gap=19.5 (face=3.1mm) n=[137, 127, 99, 125, 260, 153, 230, 285, 147]  tape=0.211km B=8.37T unif=5.116% hoop=69MPa
  [a=15 b=21 nt=1596] KSP converged reason: 4, iterations: 1
  [a=15 b=20 nt=1562] KSP converged reason: 4, iterations: 1
  [a=15 b=21 nt=1613] KSP converged reason: 4, iterations: 1
  [a=15 b=21 nt=1685] KSP converged reason: 4, iterations: 1
  [a=15 b=21 nt=1604] KSP converged reason: 4, iterations: 1
  [a=15 b=21 nt=1453] KSP converged reason: 4, iterations: 1
  [a=15 b=21 nt=1546] KSP converged reason: 4, iterations: 1
  [a=14 b=21 nt=1412] KSP converged reason: 4, iterations: 1
  [a=15 b=21 nt=1737] KSP converged reason: 4, iterations: 1
  [a=15 b=21 nt=1574] KSP converged reason: 4, iterations: 1
  [a=15 b=21 nt=1640] KSP converged reason: 4, iterations: 1
  [ 815] viol   f=  65.468  a=14.6 b=20.0 gap=19.5 (face=3.0mm) n=[113, 114, 85, 133, 284, 171, 246, 192, 224]  tape=0.209km B=8.02T unif=1.536% hoop=72MPa
  [ 816] viol   f= 333.268  a=14.6 b=20.9 gap=19.5 (face=3.0mm) n=[116, 140, 119, 138, 243, 210, 201, 288, 158]  tape=0.223km B=8.61T unif=2.283% hoop=74MPa
  [ 817] viol   f=  60.801  a=14.8 b=20.8 gap=19.5 (face=3.0mm) n=[84, 108, 91, 70, 250, 198, 240, 230, 182]  tape=0.190km B=7.18T unif=1.473% hoop=61MPa
  [ 818] viol   f= 725.394  a=14.6 b=20.7 gap=19.5 (face=3.0mm) n=[127, 192, 58, 76, 292, 129, 260, 263, 199]  tape=0.215km B=8.09T unif=2.895% hoop=60MPa
  [ 819] viol   f=  18.399  a=14.8 b=20.7 gap=19.5 (face=3.0mm) n=[100, 151, 81, 182, 270, 163, 274, 230, 234]  tape=0.221km B=8.53T unif=1.263% hoop=66MPa
  [ 820] viol   f=   2.532  a=14.8 b=21.2 gap=19.5 (face=3.1mm) n=[100, 163, 164, 131, 214, 226, 199, 269, 138]  tape=0.219km B=8.92T unif=0.651% hoop=77MPa
  [ 821] viol   f=2556.489  a=14.8 b=21.0 gap=19.5 (face=3.1mm) n=[82, 97, 72, 143, 285, 169, 272, 228, 198]  tape=0.211km B=7.27T unif=4.565% hoop=66MPa
  [ 822] viol   f=6678.832  a=14.7 b=21.0 gap=19.5 (face=3.1mm) n=[161, 154, 120, 105, 261, 196, 258, 287, 195]  tape=0.235km B=9.27T unif=6.778% hoop=75MPa
  [ 823] viol   f=  31.319  a=14.5 b=20.7 gap=19.5 (face=3.0mm) n=[121, 95, 86, 58, 203, 155, 250, 297, 147]  tape=0.198km B=6.99T unif=1.255% hoop=61MPa
  [ 824] viol   f=  29.321  a=14.9 b=20.9 gap=19.5 (face=3.0mm) n=[116, 128, 66, 95, 284, 186, 201, 267, 231]  tape=0.214km B=7.77T unif=1.309% hoop=69MPa
  [ 825] viol   f=   3.924  a=14.9 b=20.8 gap=19.5 (face=3.0mm) n=[102, 162, 100, 150, 304, 191, 164, 257, 210]  tape=0.231km B=8.64T unif=0.448% hoop=72MPa
  [a=15 b=21 nt=1692] KSP converged reason: 4, iterations: 1
  [a=15 b=21 nt=1577] KSP converged reason: 4, iterations: 1
  [a=15 b=21 nt=1690] KSP converged reason: 4, iterations: 1
  [a=15 b=21 nt=1569] KSP converged reason: 4, iterations: 1
  [a=15 b=22 nt=1862] KSP converged reason: 4, iterations: 1
  [a=15 b=21 nt=1656] KSP converged reason: 4, iterations: 1
  [a=15 b=21 nt=1811] KSP converged reason: 4, iterations: 1
  [a=15 b=21 nt=1467] KSP converged reason: 4, iterations: 1
  [a=15 b=20 nt=1578] KSP converged reason: 4, iterations: 1
  [a=15 b=21 nt=1603] KSP converged reason: 4, iterations: 1
  [ 826] viol   f=   3.994  a=15.0 b=21.1 gap=19.5 (face=3.1mm) n=[115, 126, 163, 141, 272, 217, 149, 230, 156]  tape=0.217km B=8.63T unif=0.419% hoop=73MPa
  [ 827] viol   f=   0.871  a=14.7 b=20.8 gap=19.5 (face=3.1mm) n=[121, 150, 180, 151, 257, 229, 183, 242, 143]  tape=0.217km B=9.43T unif=0.449% hoop=70MPa
  [ 828] INFEAS f=1144.096  a=15.1 b=21.6 gap=19.5 (face=3.1mm) n=[117, 154, 164, 146, 233, 173, 231, 353, 208]  no evaluation (geometry pre-check)
  [ 829] viol   f=   8.628  a=14.6 b=21.1 gap=19.6 (face=3.1mm) n=[81, 139, 110, 117, 235, 240, 188, 282, 185]  tape=0.216km B=7.95T unif=0.429% hoop=68MPa
  [ 830] viol   f= 484.614  a=14.8 b=21.4 gap=19.5 (face=3.1mm) n=[129, 204, 113, 147, 221, 173, 212, 267, 224]  tape=0.229km B=9.57T unif=2.556% hoop=70MPa
  [ 831] viol   f= 421.065  a=15.1 b=21.5 gap=19.5 (face=3.0mm) n=[125, 195, 102, 251, 268, 246, 213, 246, 216]  tape=0.245km B=10.19T unif=2.451% hoop=69MPa
  [ 832] viol   f=   2.590  a=15.2 b=21.0 gap=19.5 (face=3.0mm) n=[117, 166, 140, 153, 290, 200, 200, 228, 198]  tape=0.237km B=9.30T unif=1.083% hoop=82MPa
  [ 833] viol   f=  72.443  a=14.9 b=21.2 gap=19.5 (face=3.1mm) n=[136, 227, 105, 176, 306, 215, 175, 251, 220]  tape=0.253km B=10.25T unif=1.601% hoop=74MPa
  [ 834] viol   f= 134.722  a=14.7 b=21.0 gap=19.5 (face=3.1mm) n=[76, 111, 139, 120, 245, 163, 196, 275, 142]  tape=0.203km B=7.58T unif=1.784% hoop=70MPa
  [ 835] viol   f=4014.043  a=14.7 b=20.2 gap=19.5 (face=3.0mm) n=[138, 95, 98, 107, 256, 174, 252, 233, 225]  tape=0.202km B=8.14T unif=5.476% hoop=64MPa
  [ 836] viol   f=1831.145  a=14.8 b=20.8 gap=19.5 (face=3.1mm) n=[50, 133, 148, 129, 280, 164, 235, 301, 163]  tape=0.222km B=7.87T unif=4.018% hoop=73MPa
  [a=15 b=21 nt=1802] KSP converged reason: 4, iterations: 1
  [a=15 b=21 nt=1712] KSP converged reason: 4, iterations: 1
  [a=15 b=21 nt=1705] KSP converged reason: 4, iterations: 1
  [a=15 b=21 nt=1587] KSP converged reason: 4, iterations: 1
  [a=15 b=21 nt=1509] KSP converged reason: 4, iterations: 1
  [a=15 b=21 nt=1769] KSP converged reason: 4, iterations: 1
  [a=15 b=21 nt=1587] KSP converged reason: 4, iterations: 1
  [a=15 b=21 nt=1740] KSP converged reason: 4, iterations: 1
  [a=15 b=21 nt=1840] KSP converged reason: 4, iterations: 1
  [ 837] viol   f= 443.368  a=14.5 b=20.9 gap=19.5 (face=3.1mm) n=[87, 194, 165, 111, 208, 192, 228, 267, 135]  tape=0.213km B=9.11T unif=2.486% hoop=68MPa
  [ 838] viol   f=4713.857  a=15.0 b=20.9 gap=19.5 (face=3.1mm) n=[171, 117, 141, 133, 305, 186, 226, 297, 226]  tape=0.248km B=9.56T unif=5.854% hoop=82MPa
  [ 839] viol   f=   2.547  a=15.2 b=21.2 gap=19.5 (face=3.1mm) n=[121, 132, 176, 176, 258, 243, 192, 247, 160]  tape=0.226km B=9.31T unif=1.082% hoop=74MPa
  [ 840] viol   f=   0.256  a=14.9 b=20.9 gap=19.6 (face=3.1mm) n=[125, 182, 166, 163, 275, 239, 207, 207, 148]  tape=0.231km B=9.89T unif=0.734% hoop=79MPa
  [ 841] viol   f= 367.460  a=14.6 b=21.0 gap=19.6 (face=3.2mm) n=[112, 138, 128, 85, 268, 258, 161, 196, 163]  tape=0.205km B=8.12T unif=2.342% hoop=70MPa
  [ 842] viol   f=10314.948  a=15.3 b=21.3 gap=19.6 (face=3.2mm) n=[124, 98, 261, 147, 264, 236, 210, 270, 159]  tape=0.235km B=9.55T unif=8.181% hoop=69MPa
  [ 843] viol   f= 771.936  a=14.8 b=20.9 gap=19.5 (face=3.0mm) n=[124, 146, 122, 147, 275, 264, 132, 229, 148]  tape=0.216km B=8.73T unif=2.960% hoop=74MPa
  [ 844] INFEAS f=1001.698  a=14.9 b=20.7 gap=19.5 (face=3.1mm) n=[108, 90, 88, 112, 321, 219, 167, 205, 202]  no evaluation (geometry pre-check)
  [ 845] viol   f= 208.902  a=15.2 b=21.0 gap=19.5 (face=3.1mm) n=[143, 170, 135, 176, 315, 237, 221, 178, 165]  tape=0.251km B=9.69T unif=2.021% hoop=80MPa
  [ 846] viol   f=10502.332  a=14.9 b=21.3 gap=19.6 (face=3.2mm) n=[86, 172, 212, 239, 262, 242, 189, 246, 192]  tape=0.239km B=9.88T unif=8.246% hoop=72MPa
  [ 847] INFEAS f=1011.092  a=14.9 b=20.5 gap=19.5 (face=3.0mm) n=[93, 182, 60, 146, 326, 236, 189, 131, 161]  no evaluation (geometry pre-check)
  [a=15 b=21 nt=1930] KSP converged reason: 4, iterations: 1
  [a=15 b=21 nt=1784] KSP converged reason: 4, iterations: 1
  [a=15 b=21 nt=1679] KSP converged reason: 4, iterations: 1
  [a=15 b=20 nt=1601] KSP converged reason: 4, iterations: 1
  [a=15 b=21 nt=1640] KSP converged reason: 4, iterations: 1
  [a=15 b=21 nt=1461] KSP converged reason: 4, iterations: 1
  [a=15 b=21 nt=1859] KSP converged reason: 4, iterations: 1
  [a=15 b=21 nt=1702] KSP converged reason: 4, iterations: 1
  [a=15 b=21 nt=1763] KSP converged reason: 4, iterations: 1
  [a=15 b=21 nt=1605] KSP converged reason: 4, iterations: 1
  [a=14 b=20 nt=1636] KSP converged reason: 4, iterations: 1
  [ 848] viol   f=   0.435  a=14.9 b=21.0 gap=19.5 (face=3.1mm) n=[134, 142, 188, 137, 292, 263, 202, 219, 207]  tape=0.244km B=9.69T unif=0.287% hoop=79MPa
  [ 849] OK     f=   0.254  a=14.7 b=21.1 gap=19.5 (face=3.1mm) n=[150, 169, 220, 190, 283, 267, 236, 270, 145]  tape=0.254km B=10.89T unif=0.983% hoop=79MPa
  [ 850] viol   f=2047.933  a=15.0 b=21.2 gap=19.5 (face=3.1mm) n=[123, 140, 76, 121, 240, 163, 182, 231, 185]  tape=0.195km B=7.98T unif=4.193% hoop=65MPa
  [ 851] viol   f=   3.916  a=14.6 b=21.0 gap=19.6 (face=3.2mm) n=[126, 104, 131, 198, 241, 275, 180, 242, 143]  tape=0.221km B=8.64T unif=0.883% hoop=67MPa
  [ 852] viol   f=   4.830  a=14.9 b=21.0 gap=19.5 (face=3.1mm) n=[139, 205, 165, 102, 296, 236, 209, 200, 127]  tape=0.235km B=9.59T unif=1.146% hoop=72MPa
  [ 853] viol   f=10134.649  a=14.7 b=20.1 gap=19.6 (face=3.1mm) n=[152, 146, 140, 119, 279, 235, 244, 161, 125]  tape=0.214km B=9.28T unif=8.118% hoop=76MPa
  [ 854] OK     f=   0.252  a=15.3 b=21.4 gap=19.6 (face=3.2mm) n=[139, 161, 202, 167, 282, 264, 226, 247, 171]  tape=0.252km B=10.26T unif=0.862% hoop=81MPa
  [ 855] viol   f= 457.785  a=14.8 b=20.9 gap=19.5 (face=3.1mm) n=[117, 212, 151, 131, 282, 241, 251, 181, 136]  tape=0.230km B=9.97T unif=2.513% hoop=76MPa
  [ 856] viol   f=9323.524  a=15.4 b=21.4 gap=19.5 (face=3.1mm) n=[82, 106, 228, 172, 313, 243, 155, 256, 208]  tape=0.251km B=8.99T unif=7.827% hoop=75MPa
  [ 857] viol   f=   2.822  a=14.9 b=20.9 gap=19.5 (face=3.0mm) n=[106, 147, 156, 154, 281, 197, 178, 238, 148]  tape=0.222km B=8.86T unif=0.109% hoop=77MPa
  [ 858] viol   f= 626.376  a=14.4 b=20.3 gap=19.5 (face=3.1mm) n=[125, 155, 113, 175, 245, 221, 233, 226, 143]  tape=0.206km B=9.22T unif=2.768% hoop=69MPa
  [a=15 b=21 nt=1763] KSP converged reason: 4, iterations: 1
  [a=15 b=21 nt=1556] KSP converged reason: 4, iterations: 1
  [a=15 b=21 nt=1624] KSP converged reason: 4, iterations: 1
  [a=15 b=21 nt=1761] KSP converged reason: 4, iterations: 1
  [a=16 b=22 nt=2222] KSP converged reason: 4, iterations: 1
  [a=15 b=21 nt=2091] KSP converged reason: 4, iterations: 1
  [a=15 b=21 nt=1978] KSP converged reason: 4, iterations: 1
  [ 859] INFEAS f=1006.204  a=15.3 b=21.4 gap=19.6 (face=3.2mm) n=[110, 208, 210, 266, 333, 242, 241, 267, 114]  no evaluation (geometry pre-check)
  [ 860] viol   f=1794.229  a=14.8 b=21.4 gap=19.6 (face=3.2mm) n=[199, 181, 258, 212, 312, 290, 143, 307, 189]  tape=0.282km B=12.03T unif=3.995% hoop=83MPa
  [ 861] viol   f=2954.831  a=14.8 b=20.6 gap=19.6 (face=3.2mm) n=[75, 166, 198, 108, 271, 194, 204, 250, 158]  tape=0.216km B=8.93T unif=4.842% hoop=68MPa
  [ 862] viol   f=   7.206  a=15.1 b=20.9 gap=19.5 (face=3.1mm) n=[92, 148, 112, 101, 254, 232, 287, 193, 137]  tape=0.216km B=8.13T unif=0.669% hoop=67MPa
  [ 863] INFEAS f=1133.417  a=14.7 b=21.0 gap=19.5 (face=3.1mm) n=[138, 175, 141, 250, 342, 220, 170, 296, 241]  no evaluation (geometry pre-check)
  [ 864] viol   f=  33.174  a=15.2 b=21.4 gap=19.6 (face=3.2mm) n=[124, 192, 171, 145, 225, 245, 231, 312, 118]  tape=0.252km B=9.73T unif=1.405% hoop=82MPa
  [ 865] INFEAS f=1107.204  a=15.0 b=20.9 gap=19.5 (face=3.1mm) n=[140, 142, 211, 206, 345, 290, 210, 173, 175]  no evaluation (geometry pre-check)
  [ 866] viol   f=1166.164  a=14.7 b=20.8 gap=19.6 (face=3.1mm) n=[101, 186, 165, 168, 249, 247, 204, 263, 178]  tape=0.229km B=9.80T unif=3.414% hoop=78MPa
  [ 867] INFEAS f=1000.031  a=15.0 b=21.6 gap=19.5 (face=3.1mm) n=[136, 234, 190, 183, 273, 275, 201, 320, 149]  no evaluation (geometry pre-check)
  [ 868] viol   f=4619.646  a=15.6 b=21.8 gap=19.6 (face=3.2mm) n=[175, 264, 254, 186, 300, 306, 210, 290, 237]  tape=0.299km B=12.60T unif=5.806% hoop=84MPa
  [ 869] OK     f=   0.269  a=15.5 b=21.3 gap=19.5 (face=3.1mm) n=[142, 203, 196, 114, 303, 280, 228, 220, 292]  tape=0.269km B=10.41T unif=0.630% hoop=81MPa
  [a=15 b=21 nt=1882] KSP converged reason: 4, iterations: 1
  [a=15 b=22 nt=1950] KSP converged reason: 4, iterations: 1
  [a=15 b=22 nt=1834] KSP converged reason: 4, iterations: 1
  [a=15 b=21 nt=1806] KSP converged reason: 4, iterations: 1
  [a=16 b=22 nt=1911] KSP converged reason: 4, iterations: 1
  [a=15 b=21 nt=1723] KSP converged reason: 4, iterations: 1
  [a=15 b=21 nt=1825] KSP converged reason: 4, iterations: 1
  [a=15 b=21 nt=1534] KSP converged reason: 4, iterations: 1
  [a=15 b=20 nt=1564] KSP converged reason: 4, iterations: 1
  [ 870] INFEAS f=1141.646  a=15.0 b=21.5 gap=19.5 (face=3.1mm) n=[133, 244, 214, 91, 234, 350, 222, 244, 124]  no evaluation (geometry pre-check)
  [ 871] viol   f=8510.244  a=15.2 b=21.1 gap=19.5 (face=3.1mm) n=[168, 154, 213, 115, 205, 227, 252, 269, 120]  tape=0.231km B=10.09T unif=7.523% hoop=75MPa
  [ 872] viol   f=3859.857  a=15.2 b=21.0 gap=19.5 (face=3.1mm) n=[101, 137, 222, 136, 281, 257, 203, 230, 239]  tape=0.241km B=9.49T unif=5.393% hoop=72MPa
  [ 873] viol   f=   0.877  a=15.2 b=21.1 gap=19.6 (face=3.1mm) n=[139, 144, 125, 166, 312, 246, 289, 245, 216]  tape=0.261km B=9.46T unif=1.013% hoop=82MPa
  [ 874] viol   f=18628.812  a=15.3 b=21.5 gap=19.6 (face=3.2mm) n=[97, 148, 291, 155, 248, 275, 187, 288, 145]  tape=0.250km B=10.00T unif=10.651% hoop=74MPa
  [ 875] viol   f= 129.923  a=15.9 b=22.0 gap=19.6 (face=3.2mm) n=[175, 214, 257, 123, 230, 277, 219, 209, 207]  tape=0.263km B=11.03T unif=1.805% hoop=80MPa
  [ 876] OK     f=   0.272  a=15.4 b=21.5 gap=19.6 (face=3.1mm) n=[141, 216, 116, 167, 289, 312, 201, 261, 247]  tape=0.272km B=10.39T unif=0.933% hoop=77MPa
  [ 877] viol   f=   0.260  a=15.3 b=21.1 gap=19.6 (face=3.2mm) n=[131, 194, 101, 181, 285, 278, 200, 203, 252]  tape=0.246km B=9.92T unif=0.457% hoop=73MPa
  [ 878] viol   f=  49.731  a=15.1 b=21.2 gap=19.6 (face=3.2mm) n=[86, 131, 104, 58, 253, 264, 238, 241, 159]  tape=0.205km B=7.51T unif=1.431% hoop=63MPa
  [ 879] INFEAS f=1147.420  a=15.0 b=21.4 gap=19.6 (face=3.1mm) n=[155, 202, 189, 175, 232, 350, 259, 197, 160]  no evaluation (geometry pre-check)
  [ 880] viol   f=7480.402  a=15.0 b=20.3 gap=19.5 (face=3.1mm) n=[76, 204, 186, 55, 277, 242, 229, 146, 149]  tape=0.208km B=8.73T unif=7.114% hoop=64MPa
  [a=16 b=22 nt=2189] KSP converged reason: 4, iterations: 1
  [a=16 b=22 nt=1673] KSP converged reason: 4, iterations: 1
  [a=15 b=21 nt=1933] KSP converged reason: 4, iterations: 1
  [a=16 b=21 nt=1949] KSP converged reason: 4, iterations: 1
  [a=15 b=21 nt=1899] KSP converged reason: 4, iterations: 1
  [a=15 b=21 nt=1808] KSP converged reason: 4, iterations: 1
  [a=15 b=21 nt=1591] KSP converged reason: 4, iterations: 1
  [a=15 b=21 nt=1902] KSP converged reason: 4, iterations: 1
  [a=16 b=22 nt=1781] KSP converged reason: 4, iterations: 1
  [ 881] viol   f=  71.616  a=15.4 b=21.4 gap=19.6 (face=3.1mm) n=[130, 214, 112, 150, 254, 271, 237, 210, 230]  tape=0.243km B=10.16T unif=1.597% hoop=72MPa
  [ 882] viol   f=37821.134  a=15.4 b=20.8 gap=19.6 (face=3.1mm) n=[94, 285, 129, 162, 273, 297, 256, 186, 251]  tape=0.256km B=10.97T unif=14.752% hoop=75MPa
  [ 883] viol   f= 763.502  a=15.6 b=21.5 gap=19.6 (face=3.1mm) n=[119, 165, 80, 65, 318, 248, 242, 195, 241]  tape=0.242km B=8.13T unif=2.945% hoop=71MPa
  [ 884] viol   f=1546.065  a=15.1 b=21.1 gap=19.6 (face=3.1mm) n=[103, 218, 75, 187, 286, 293, 200, 261, 276]  tape=0.251km B=9.88T unif=3.780% hoop=72MPa
  [ 885] viol   f= 539.282  a=15.7 b=21.6 gap=19.6 (face=3.2mm) n=[188, 197, 156, 267, 329, 277, 184, 279, 312]  tape=0.304km B=11.63T unif=2.642% hoop=92MPa
  [ 886] viol   f= 585.455  a=15.6 b=21.5 gap=19.6 (face=3.2mm) n=[163, 207, 130, 114, 304, 259, 261, 222, 289]  tape=0.268km B=10.19T unif=2.711% hoop=77MPa
  [ 887] viol   f= 395.339  a=14.7 b=20.7 gap=19.6 (face=3.3mm) n=[120, 174, 85, 82, 157, 249, 259, 210, 255]  tape=0.206km B=8.19T unif=2.394% hoop=65MPa
  [ 888] INFEAS f=1012.924  a=14.8 b=21.5 gap=19.6 (face=3.1mm) n=[79, 180, 96, 85, 254, 241, 185, 323, 235]  no evaluation (geometry pre-check)
  [ 889] viol   f=  10.193  a=15.4 b=21.1 gap=19.5 (face=3.1mm) n=[147, 211, 109, 174, 305, 225, 227, 251, 253]  tape=0.263km B=10.32T unif=1.223% hoop=78MPa
  [ 890] INFEAS f=1112.519  a=15.1 b=21.1 gap=19.6 (face=3.2mm) n=[139, 194, 135, 178, 349, 203, 176, 290, 253]  no evaluation (geometry pre-check)
  [ 891] viol   f= 124.842  a=16.1 b=21.8 gap=19.6 (face=3.3mm) n=[143, 206, 60, 105, 331, 284, 176, 166, 310]  tape=0.260km B=8.87T unif=1.781% hoop=81MPa
  [a=16 b=21 nt=2102] KSP converged reason: 4, iterations: 1
  [a=15 b=21 nt=1883] KSP converged reason: 4, iterations: 1
  [a=16 b=22 nt=2203] KSP converged reason: 4, iterations: 1
  [a=15 b=21 nt=1904] KSP converged reason: 4, iterations: 1
  [a=16 b=21 nt=1633] KSP converged reason: 4, iterations: 1
  [a=15 b=21 nt=1732] KSP converged reason: 4, iterations: 1
  [a=15 b=21 nt=1820] KSP converged reason: 4, iterations: 1
  [ 892] viol   f=13822.621  a=16.0 b=22.2 gap=19.6 (face=3.1mm) n=[162, 301, 172, 240, 318, 207, 260, 272, 271]  tape=0.309km B=12.74T unif=9.313% hoop=87MPa
  [ 893] viol   f=  64.332  a=15.8 b=20.9 gap=19.7 (face=3.4mm) n=[111, 150, 70, 63, 237, 274, 258, 234, 236]  tape=0.218km B=7.78T unif=1.521% hoop=63MPa
  [ 894] viol   f=1391.895  a=15.4 b=20.7 gap=19.5 (face=3.0mm) n=[166, 221, 113, 164, 307, 195, 229, 188, 300]  tape=0.258km B=10.42T unif=3.638% hoop=77MPa
  [ 895] INFEAS f=1000.982  a=15.5 b=20.4 gap=19.6 (face=3.3mm) n=[129, 150, 82, 170, 260, 335, 251, 105, 221]  no evaluation (geometry pre-check)
  [ 896] INFEAS f=1115.940  a=15.1 b=21.2 gap=19.6 (face=3.1mm) n=[162, 178, 78, 141, 350, 261, 209, 224, 286]  no evaluation (geometry pre-check)
  [ 897] viol   f=1593.516  a=15.3 b=21.4 gap=19.6 (face=3.3mm) n=[163, 169, 197, 139, 255, 257, 256, 281, 187]  tape=0.256km B=10.56T unif=3.822% hoop=82MPa
  [ 898] INFEAS f=1543.498  a=15.3 b=20.8 gap=19.5 (face=3.0mm) n=[149, 225, 128, 206, 387, 236, 179, 112, 321]  no evaluation (geometry pre-check)
  [ 899] viol   f= 793.775  a=15.2 b=21.3 gap=19.6 (face=3.2mm) n=[138, 245, 151, 91, 171, 185, 285, 249, 217]  tape=0.238km B=9.59T unif=2.991% hoop=76MPa
  [ 900] INFEAS f=1007.549  a=15.4 b=21.3 gap=19.6 (face=3.2mm) n=[174, 146, 126, 143, 337, 290, 175, 169, 294]  no evaluation (geometry pre-check)
  [ 901] viol   f=  19.780  a=15.9 b=21.4 gap=19.6 (face=3.1mm) n=[168, 246, 117, 236, 284, 225, 224, 277, 325]  tape=0.294km B=11.59T unif=1.312% hoop=88MPa
  [ 902] viol   f=  15.070  a=15.2 b=21.4 gap=19.6 (face=3.1mm) n=[144, 190, 90, 116, 276, 237, 235, 276, 256]  tape=0.241km B=9.37T unif=1.265% hoop=70MPa
  [a=16 b=21 nt=2045] KSP converged reason: 4, iterations: 1
  [a=15 b=22 nt=2043] KSP converged reason: 4, iterations: 1
  [a=15 b=21 nt=1796] KSP converged reason: 4, iterations: 1
  [a=15 b=22 nt=1861] KSP converged reason: 4, iterations: 1
  [a=16 b=22 nt=1779] KSP converged reason: 4, iterations: 1
  [a=15 b=22 nt=1699] KSP converged reason: 4, iterations: 1
  [a=15 b=21 nt=1755] KSP converged reason: 4, iterations: 1
  [a=15 b=22 nt=1768] KSP converged reason: 4, iterations: 1
  [a=15 b=21 nt=1676] KSP converged reason: 4, iterations: 1
  [a=16 b=21 nt=1782] KSP converged reason: 4, iterations: 1
  [ 903] viol   f=   0.495  a=15.3 b=21.8 gap=19.6 (face=3.2mm) n=[136, 216, 83, 142, 322, 231, 240, 180, 311]  tape=0.266km B=9.66T unif=0.318% hoop=78MPa
  [ 904] viol   f=1425.204  a=15.0 b=22.0 gap=19.5 (face=3.1mm) n=[140, 235, 77, 73, 242, 245, 173, 281, 233]  tape=0.234km B=8.97T unif=3.667% hoop=66MPa
  [ 905] viol   f=   1.345  a=15.5 b=21.9 gap=19.6 (face=3.2mm) n=[170, 222, 53, 234, 332, 275, 203, 309, 245]  tape=0.289km B=10.63T unif=1.073% hoop=79MPa
  [ 906] INFEAS f=1002.175  a=15.0 b=21.3 gap=19.6 (face=3.2mm) n=[106, 165, 79, 73, 270, 195, 295, 212, 325]  no evaluation (geometry pre-check)
  [ 907] viol   f=3209.330  a=15.0 b=20.7 gap=19.6 (face=3.1mm) n=[184, 224, 58, 122, 243, 238, 216, 216, 295]  tape=0.241km B=9.71T unif=5.006% hoop=71MPa
  [ 908] viol   f=   1.409  a=15.8 b=21.6 gap=19.7 (face=3.3mm) n=[116, 163, 148, 170, 305, 198, 204, 218, 257]  tape=0.256km B=9.24T unif=0.233% hoop=83MPa
  [ 909] viol   f=  38.233  a=15.9 b=21.4 gap=19.6 (face=3.2mm) n=[159, 203, 161, 223, 315, 242, 231, 209, 302]  tape=0.286km B=11.14T unif=1.436% hoop=86MPa
  [ 910] viol   f=  11.933  a=15.4 b=21.2 gap=19.7 (face=3.3mm) n=[122, 207, 118, 73, 248, 196, 278, 272, 241]  tape=0.235km B=9.22T unif=1.229% hoop=71MPa
  [ 911] viol   f=   2.233  a=15.4 b=21.5 gap=19.7 (face=3.3mm) n=[99, 157, 158, 136, 194, 242, 277, 275, 230]  tape=0.241km B=9.00T unif=0.725% hoop=80MPa
  [ 912] viol   f=   3.112  a=15.1 b=21.0 gap=19.6 (face=3.3mm) n=[102, 154, 131, 151, 222, 227, 282, 221, 186]  tape=0.231km B=8.80T unif=0.183% hoop=78MPa
  [ 913] viol   f=1477.388  a=15.9 b=21.2 gap=19.6 (face=3.2mm) n=[150, 163, 146, 93, 227, 239, 259, 320, 185]  tape=0.258km B=9.19T unif=3.716% hoop=87MPa
  [a=15 b=21 nt=1857] KSP converged reason: 4, iterations: 1
  [a=16 b=22 nt=1836] KSP converged reason: 4, iterations: 1
  [a=16 b=22 nt=1993] KSP converged reason: 4, iterations: 1
  [a=16 b=22 nt=1889] KSP converged reason: 4, iterations: 1
  [a=15 b=22 nt=1932] KSP converged reason: 4, iterations: 1
  [a=16 b=22 nt=1858] KSP converged reason: 4, iterations: 1
  [a=15 b=22 nt=1782] KSP converged reason: 4, iterations: 1
  [a=15 b=21 nt=1610] KSP converged reason: 4, iterations: 1
  [a=16 b=22 nt=1657] KSP converged reason: 4, iterations: 1
  [a=15 b=21 nt=1817] KSP converged reason: 4, iterations: 1
  [ 914] INFEAS f=1416.197  a=15.6 b=21.7 gap=19.6 (face=3.1mm) n=[186, 265, 106, 170, 387, 187, 186, 219, 283]  no evaluation (geometry pre-check)
  [ 915] viol   f=4239.542  a=15.9 b=21.7 gap=19.6 (face=3.3mm) n=[112, 135, 86, 233, 319, 263, 255, 254, 336]  tape=0.284km B=9.10T unif=5.603% hoop=81MPa
  [ 916] viol   f=  86.486  a=15.3 b=20.9 gap=19.6 (face=3.1mm) n=[168, 203, 115, 82, 320, 210, 277, 248, 234]  tape=0.259km B=9.52T unif=1.655% hoop=75MPa
  [ 917] viol   f= 132.594  a=15.8 b=22.0 gap=19.6 (face=3.3mm) n=[161, 209, 117, 96, 260, 163, 255, 267, 308]  tape=0.262km B=9.39T unif=1.811% hoop=78MPa
  [ 918] OK     f=   0.271  a=15.5 b=22.1 gap=19.7 (face=3.3mm) n=[173, 208, 68, 245, 316, 268, 175, 163, 273]  tape=0.271km B=10.26T unif=0.582% hoop=78MPa
  [ 919] viol   f=  39.118  a=15.3 b=21.8 gap=19.6 (face=3.2mm) n=[156, 240, 112, 176, 291, 234, 189, 241, 293]  tape=0.265km B=10.83T unif=1.441% hoop=76MPa
  [ 920] viol   f=1867.378  a=15.7 b=21.9 gap=19.6 (face=3.2mm) n=[178, 205, 85, 129, 283, 259, 219, 258, 242]  tape=0.255km B=9.80T unif=4.055% hoop=74MPa
  [ 921] viol   f=  43.589  a=15.4 b=21.5 gap=19.6 (face=3.2mm) n=[133, 161, 127, 172, 294, 201, 232, 216, 246]  tape=0.251km B=9.47T unif=1.462% hoop=79MPa
  [ 922] viol   f=   2.658  a=15.0 b=21.2 gap=19.6 (face=3.3mm) n=[141, 203, 90, 91, 257, 258, 217, 235, 118]  tape=0.213km B=8.89T unif=0.368% hoop=64MPa
  [ 923] viol   f= 682.629  a=15.6 b=21.7 gap=19.6 (face=3.1mm) n=[84, 187, 67, 50, 288, 216, 266, 224, 275]  tape=0.227km B=8.05T unif=2.837% hoop=70MPa
  [ 924] viol   f=2509.854  a=14.9 b=21.2 gap=19.6 (face=3.3mm) n=[162, 136, 160, 146, 305, 213, 243, 239, 213]  tape=0.254km B=9.85T unif=4.542% hoop=81MPa
  [a=15 b=22 nt=1788] KSP converged reason: 4, iterations: 1
  [a=15 b=22 nt=1710] KSP converged reason: 4, iterations: 1
  [a=15 b=21 nt=1899] KSP converged reason: 4, iterations: 1
  [a=15 b=22 nt=1659] KSP converged reason: 4, iterations: 1
  [a=16 b=22 nt=1859] KSP converged reason: 4, iterations: 1
  [a=15 b=21 nt=1533] KSP converged reason: 4, iterations: 1
  [a=14 b=21 nt=1486] KSP converged reason: 4, iterations: 1
  [a=15 b=21 nt=1882] KSP converged reason: 4, iterations: 1
  [a=15 b=22 nt=1854] KSP converged reason: 4, iterations: 1
  [ 925] viol   f=7427.215  a=15.8 b=21.5 gap=19.7 (face=3.4mm) n=[195, 87, 153, 175, 286, 287, 209, 237, 230]  tape=0.254km B=10.04T unif=7.094% hoop=80MPa
  [ 926] INFEAS f=1589.540  a=15.3 b=22.0 gap=19.6 (face=3.1mm) n=[170, 190, 108, 184, 389, 260, 90, 110, 273]  no evaluation (geometry pre-check)
  [ 927] viol   f=3011.651  a=15.1 b=21.9 gap=19.7 (face=3.4mm) n=[129, 240, 61, 139, 279, 237, 220, 185, 169]  tape=0.231km B=9.56T unif=4.880% hoop=67MPa
  [ 928] viol   f= 387.074  a=15.4 b=21.0 gap=19.6 (face=3.2mm) n=[146, 232, 78, 123, 242, 188, 182, 149, 193]  tape=0.203km B=9.10T unif=2.388% hoop=67MPa
  [ 929] viol   f=  61.652  a=15.3 b=22.0 gap=19.7 (face=3.5mm) n=[147, 240, 110, 158, 183, 298, 225, 243, 184]  tape=0.256km B=10.15T unif=1.554% hoop=78MPa
  [ 930] viol   f= 124.930  a=14.9 b=21.8 gap=19.7 (face=3.3mm) n=[131, 221, 122, 104, 214, 284, 201, 275, 158]  tape=0.237km B=9.54T unif=1.788% hoop=68MPa
  [ 931] INFEAS f=1206.622  a=15.8 b=21.6 gap=19.7 (face=3.3mm) n=[189, 223, 104, 192, 379, 251, 145, 195, 246]  no evaluation (geometry pre-check)
  [ 932] viol   f=17258.779  a=14.9 b=21.2 gap=19.6 (face=3.1mm) n=[172, 298, 73, 197, 288, 183, 211, 232, 245]  tape=0.256km B=10.93T unif=10.289% hoop=73MPa
  [ 933] viol   f=2152.465  a=14.4 b=21.5 gap=19.7 (face=3.3mm) n=[127, 222, 64, 106, 251, 218, 185, 165, 148]  tape=0.200km B=8.68T unif=4.278% hoop=60MPa
  [ 934] viol   f=  15.195  a=15.4 b=21.4 gap=19.7 (face=3.4mm) n=[147, 195, 139, 218, 273, 242, 230, 169, 269]  tape=0.251km B=10.57T unif=1.273% hoop=77MPa
  [ 935] viol   f=1293.796  a=14.7 b=21.6 gap=19.6 (face=3.3mm) n=[126, 240, 131, 183, 229, 176, 290, 193, 286]  tape=0.252km B=10.57T unif=3.543% hoop=77MPa
  [a=15 b=22 nt=1877] KSP converged reason: 4, iterations: 1
  [a=15 b=22 nt=2000] KSP converged reason: 4, iterations: 1
  [a=15 b=22 nt=1804] KSP converged reason: 4, iterations: 1
  [a=15 b=22 nt=1703] KSP converged reason: 4, iterations: 1
  [a=15 b=22 nt=1840] KSP converged reason: 4, iterations: 1
  [a=15 b=22 nt=1768] KSP converged reason: 4, iterations: 1
  [a=15 b=21 nt=1767] KSP converged reason: 4, iterations: 1
  [a=16 b=22 nt=2012] KSP converged reason: 4, iterations: 1
  [a=15 b=22 nt=1880] KSP converged reason: 4, iterations: 1
  [a=15 b=22 nt=1768] KSP converged reason: 4, iterations: 1
  [a=15 b=22 nt=1800] KSP converged reason: 4, iterations: 1
  [ 936] viol   f= 368.433  a=15.3 b=21.8 gap=19.7 (face=3.5mm) n=[153, 145, 180, 200, 236, 266, 201, 259, 200]  tape=0.248km B=10.18T unif=2.357% hoop=79MPa
  [ 937] viol   f=1719.314  a=15.5 b=21.8 gap=19.7 (face=3.5mm) n=[177, 178, 102, 188, 252, 317, 212, 190, 261]  tape=0.271km B=9.96T unif=3.932% hoop=86MPa
  [ 938] viol   f= 294.269  a=15.4 b=21.5 gap=19.6 (face=3.3mm) n=[94, 186, 66, 199, 293, 209, 185, 228, 243]  tape=0.239km B=8.95T unif=2.208% hoop=73MPa
  [ 939] viol   f=  21.538  a=15.1 b=21.8 gap=19.7 (face=3.4mm) n=[134, 198, 121, 274, 260, 252, 162, 257, 146]  tape=0.244km B=10.11T unif=1.326% hoop=70MPa
  [ 940] viol   f=1719.761  a=15.4 b=21.9 gap=19.8 (face=3.6mm) n=[182, 237, 112, 118, 248, 247, 220, 221, 183]  tape=0.233km B=10.23T unif=3.932% hoop=72MPa
  [ 941] viol   f=5426.911  a=15.5 b=21.9 gap=19.6 (face=3.1mm) n=[188, 193, 161, 201, 300, 261, 240, 246, 210]  tape=0.279km B=11.47T unif=6.209% hoop=86MPa
  [ 942] viol   f= 855.973  a=14.9 b=21.2 gap=19.7 (face=3.4mm) n=[164, 174, 102, 205, 237, 315, 226, 158, 186]  tape=0.253km B=9.79T unif=3.068% hoop=80MPa
  [ 943] viol   f=4283.260  a=15.5 b=22.3 gap=19.8 (face=3.6mm) n=[140, 231, 220, 231, 272, 264, 231, 169, 254]  tape=0.270km B=11.59T unif=5.628% hoop=81MPa
  [ 944] viol   f=3427.554  a=15.3 b=21.8 gap=19.7 (face=3.5mm) n=[185, 228, 231, 120, 210, 243, 194, 205, 152]  tape=0.232km B=10.98T unif=5.140% hoop=71MPa
  [ 945] viol   f=  57.952  a=15.4 b=21.7 gap=19.8 (face=3.6mm) n=[156, 202, 198, 183, 235, 263, 209, 291, 143]  tape=0.262km B=10.78T unif=1.537% hoop=84MPa
  [ 946] viol   f= 664.750  a=15.1 b=21.7 gap=19.8 (face=3.5mm) n=[175, 206, 53, 207, 229, 263, 220, 209, 238]  tape=0.238km B=10.08T unif=2.823% hoop=70MPa
  [a=15 b=22 nt=1751] KSP converged reason: 4, iterations: 1
  [a=16 b=23 nt=2032] KSP converged reason: 4, iterations: 1
  [a=15 b=22 nt=1746] KSP converged reason: 4, iterations: 1
  [a=15 b=21 nt=1589] KSP converged reason: 4, iterations: 1
  [a=15 b=22 nt=1772] KSP converged reason: 4, iterations: 1
  [a=15 b=22 nt=1682] KSP converged reason: 4, iterations: 1
  [a=15 b=21 nt=1652] KSP converged reason: 4, iterations: 1
  [a=16 b=22 nt=2156] KSP converged reason: 4, iterations: 1
  [a=16 b=23 nt=2143] KSP converged reason: 4, iterations: 1
  [a=15 b=21 nt=1414] KSP converged reason: 4, iterations: 1
  [a=15 b=22 nt=2099] KSP converged reason: 4, iterations: 1
  [ 947] viol   f= 782.478  a=15.0 b=21.9 gap=19.9 (face=3.7mm) n=[106, 155, 181, 240, 212, 215, 173, 291, 109]  tape=0.239km B=9.12T unif=2.976% hoop=78MPa
  [ 948] viol   f= 958.485  a=14.8 b=22.2 gap=19.8 (face=3.5mm) n=[104, 188, 87, 242, 269, 283, 216, 238, 145]  tape=0.243km B=9.45T unif=3.188% hoop=68MPa
  [ 949] viol   f= 632.451  a=16.0 b=22.6 gap=19.8 (face=3.5mm) n=[194, 178, 135, 253, 333, 316, 178, 208, 237]  tape=0.301km B=11.01T unif=2.778% hoop=90MPa
  [ 950] viol   f=1889.863  a=15.1 b=21.6 gap=19.6 (face=3.2mm) n=[68, 223, 118, 218, 244, 229, 197, 304, 145]  tape=0.246km B=9.69T unif=4.074% hoop=75MPa
  [ 951] viol   f= 804.870  a=15.1 b=21.2 gap=19.7 (face=3.3mm) n=[136, 164, 105, 141, 286, 133, 198, 271, 155]  tape=0.223km B=8.52T unif=3.000% hoop=71MPa
  [ 952] viol   f=6891.969  a=15.4 b=21.6 gap=19.6 (face=3.3mm) n=[81, 169, 258, 206, 322, 176, 109, 312, 118]  tape=0.251km B=9.40T unif=6.870% hoop=81MPa
  [ 953] viol   f=7767.405  a=14.8 b=21.4 gap=19.7 (face=3.4mm) n=[64, 220, 50, 256, 185, 285, 159, 258, 175]  tape=0.223km B=9.06T unif=7.231% hoop=69MPa
  [ 954] viol   f= 112.939  a=15.7 b=22.2 gap=19.6 (face=3.3mm) n=[181, 221, 192, 304, 225, 255, 182, 292, 304]  tape=0.297km B=11.92T unif=1.750% hoop=89MPa
  [ 955] viol   f=6201.001  a=15.9 b=22.5 gap=19.6 (face=3.1mm) n=[160, 286, 226, 234, 306, 335, 129, 210, 257]  tape=0.311km B=12.49T unif=6.568% hoop=94MPa
  [ 956] viol   f= 337.776  a=15.2 b=21.1 gap=19.8 (face=3.6mm) n=[94, 132, 87, 100, 226, 168, 146, 266, 195]  tape=0.198km B=7.39T unif=2.273% hoop=69MPa
  [ 957] viol   f=1790.190  a=15.4 b=22.0 gap=19.6 (face=3.2mm) n=[156, 244, 74, 313, 328, 237, 166, 285, 296]  tape=0.292km B=11.07T unif=3.992% hoop=78MPa
  [a=16 b=22 nt=2160] KSP converged reason: 4, iterations: 1
  [a=16 b=22 nt=1816] KSP converged reason: 4, iterations: 1
  [a=15 b=21 nt=1649] KSP converged reason: 4, iterations: 1
  [a=16 b=22 nt=2059] KSP converged reason: 4, iterations: 1
  [a=15 b=22 nt=1729] KSP converged reason: 4, iterations: 1
  [a=16 b=22 nt=1900] KSP converged reason: 4, iterations: 1
  [a=16 b=22 nt=1878] KSP converged reason: 4, iterations: 1
  [a=15 b=21 nt=1736] KSP converged reason: 4, iterations: 1
  [ 958] viol   f=1666.675  a=15.6 b=21.9 gap=19.7 (face=3.5mm) n=[121, 222, 272, 116, 193, 251, 142, 299, 200]  tape=0.258km B=9.91T unif=3.887% hoop=77MPa
  [ 959] viol   f=   6.268  a=15.1 b=21.3 gap=19.7 (face=3.4mm) n=[121, 133, 63, 177, 255, 209, 171, 280, 240]  tape=0.226km B=8.26T unif=0.743% hoop=70MPa
  [ 960] viol   f= 590.528  a=15.7 b=22.0 gap=19.8 (face=3.6mm) n=[187, 158, 171, 308, 261, 209, 213, 282, 270]  tape=0.288km B=11.06T unif=2.718% hoop=88MPa
  [ 961] INFEAS f=1000.995  a=15.3 b=21.7 gap=19.8 (face=3.6mm) n=[166, 125, 178, 179, 165, 280, 207, 330, 183]  no evaluation (geometry pre-check)
  [ 962] viol   f=21437.119  a=15.8 b=22.4 gap=19.8 (face=3.5mm) n=[235, 227, 147, 299, 291, 240, 157, 282, 282]  tape=0.296km B=12.67T unif=11.353% hoop=85MPa
  [ 963] viol   f=3497.170  a=15.8 b=21.9 gap=19.8 (face=3.6mm) n=[141, 249, 100, 258, 224, 268, 150, 292, 218]  tape=0.263km B=10.89T unif=5.181% hoop=77MPa
  [ 964] viol   f= 450.187  a=15.2 b=21.6 gap=19.7 (face=3.4mm) n=[149, 135, 138, 209, 280, 226, 150, 249, 193]  tape=0.240km B=9.46T unif=2.499% hoop=82MPa
  [ 965] INFEAS f=1000.755  a=15.6 b=21.6 gap=19.9 (face=3.8mm) n=[88, 146, 226, 247, 149, 241, 198, 339, 192]  no evaluation (geometry pre-check)
  [ 966] INFEAS f=1032.513  a=14.6 b=21.6 gap=19.7 (face=3.5mm) n=[160, 214, 135, 131, 129, 219, 211, 325, 145]  no evaluation (geometry pre-check)
  [ 967] viol   f=3766.171  a=15.6 b=21.7 gap=19.6 (face=3.2mm) n=[188, 161, 124, 187, 308, 185, 128, 334, 263]  tape=0.275km B=9.64T unif=5.339% hoop=82MPa
  [ 968] viol   f=   2.255  a=15.4 b=21.2 gap=19.6 (face=3.2mm) n=[104, 153, 168, 190, 218, 200, 197, 320, 186]  tape=0.254km B=9.00T unif=0.549% hoop=84MPa
  [a=16 b=21 nt=2021] KSP converged reason: 4, iterations: 1
  [a=16 b=22 nt=1838] KSP converged reason: 4, iterations: 1
  [a=15 b=21 nt=1667] KSP converged reason: 4, iterations: 1
  [a=16 b=21 nt=1834] KSP converged reason: 4, iterations: 1
  [a=15 b=21 nt=1757] KSP converged reason: 4, iterations: 1
  [a=16 b=22 nt=1767] KSP converged reason: 4, iterations: 1
  [a=15 b=22 nt=1738] KSP converged reason: 4, iterations: 1
  [a=16 b=22 nt=1622] KSP converged reason: 4, iterations: 1
  [ 969] INFEAS f=1000.020  a=15.3 b=21.6 gap=19.8 (face=3.6mm) n=[88, 107, 142, 329, 243, 263, 163, 295, 208]  no evaluation (geometry pre-check)
  [ 970] viol   f=   0.329  a=15.9 b=21.4 gap=19.6 (face=3.3mm) n=[136, 163, 163, 247, 286, 249, 125, 199, 266]  tape=0.252km B=9.80T unif=0.932% hoop=81MPa
  [ 971] viol   f=   0.342  a=15.8 b=22.3 gap=19.7 (face=3.4mm) n=[115, 199, 122, 230, 219, 214, 207, 315, 217]  tape=0.272km B=9.81T unif=0.647% hoop=86MPa
  [ 972] viol   f=   4.463  a=15.1 b=21.2 gap=19.7 (face=3.3mm) n=[134, 154, 51, 195, 213, 196, 185, 307, 232]  tape=0.238km B=8.55T unif=0.502% hoop=77MPa
  [ 973] INFEAS f=1446.579  a=15.4 b=21.5 gap=19.8 (face=3.5mm) n=[102, 163, 105, 200, 235, 174, 207, 385, 215]  no evaluation (geometry pre-check)
  [ 974] INFEAS f=1022.931  a=14.7 b=21.4 gap=19.7 (face=3.3mm) n=[93, 99, 284, 146, 139, 190, 206, 325, 85]  no evaluation (geometry pre-check)
  [ 975] viol   f=  35.175  a=15.8 b=22.1 gap=19.8 (face=3.6mm) n=[144, 153, 82, 224, 220, 222, 201, 264, 257]  tape=0.242km B=9.37T unif=1.413% hoop=78MPa
  [ 976] viol   f= 373.476  a=15.8 b=21.4 gap=19.6 (face=3.2mm) n=[125, 212, 167, 234, 331, 270, 224, 194, 264]  tape=0.290km B=10.80T unif=2.366% hoop=86MPa
  [ 977] viol   f=3441.719  a=15.4 b=21.4 gap=19.6 (face=3.2mm) n=[114, 140, 50, 281, 194, 241, 211, 265, 261]  tape=0.236km B=8.70T unif=5.146% hoop=72MPa
  [ 978] viol   f=5633.192  a=15.5 b=21.7 gap=19.7 (face=3.3mm) n=[157, 164, 142, 131, 261, 269, 152, 259, 203]  tape=0.237km B=9.60T unif=6.307% hoop=80MPa
  [ 979] viol   f=   4.560  a=15.5 b=21.8 gap=19.7 (face=3.3mm) n=[96, 151, 201, 171, 171, 153, 203, 305, 171]  tape=0.241km B=8.53T unif=0.759% hoop=82MPa
  [a=16 b=22 nt=1950] KSP converged reason: 4, iterations: 1
  [a=16 b=22 nt=1814] KSP converged reason: 4, iterations: 1
  [a=16 b=21 nt=1638] KSP converged reason: 4, iterations: 1
  [a=15 b=21 nt=1557] KSP converged reason: 4, iterations: 1
  [a=16 b=22 nt=1629] KSP converged reason: 4, iterations: 1
  [a=16 b=22 nt=1464] KSP converged reason: 4, iterations: 1
  [a=15 b=21 nt=1549] KSP converged reason: 4, iterations: 1
  [a=16 b=21 nt=1930] KSP converged reason: 4, iterations: 1
  [a=16 b=22 nt=1782] KSP converged reason: 4, iterations: 1
  [ 980] viol   f=19207.777  a=15.8 b=21.6 gap=19.8 (face=3.5mm) n=[62, 102, 210, 181, 186, 180, 177, 188, 178]  tape=0.191km B=7.91T unif=10.798% hoop=70MPa
  [ 981] viol   f=  92.689  a=15.4 b=21.3 gap=19.6 (face=3.2mm) n=[87, 175, 108, 221, 201, 159, 210, 255, 141]  tape=0.212km B=8.64T unif=1.666% hoop=69MPa
  [ 982] INFEAS f=1000.123  a=15.5 b=20.4 gap=19.7 (face=3.5mm) n=[126, 177, 176, 243, 281, 242, 146, 166, 198]  no evaluation (geometry pre-check)
  [ 983] viol   f=  47.279  a=15.6 b=21.6 gap=19.6 (face=3.3mm) n=[83, 193, 57, 142, 190, 202, 236, 267, 259]  tape=0.221km B=8.52T unif=1.462% hoop=72MPa
  [ 984] viol   f=  66.499  a=16.0 b=22.2 gap=19.6 (face=3.3mm) n=[135, 226, 167, 230, 230, 219, 164, 313, 266]  tape=0.283km B=10.70T unif=1.575% hoop=87MPa
  [ 985] INFEAS f=1000.054  a=15.2 b=21.0 gap=19.6 (face=3.2mm) n=[124, 129, 143, 232, 327, 270, 179, 211, 230]  no evaluation (geometry pre-check)
  [ 986] viol   f=   0.439  a=15.8 b=22.4 gap=19.6 (face=3.3mm) n=[128, 172, 165, 197, 221, 298, 168, 275, 190]  tape=0.264km B=9.70T unif=0.668% hoop=87MPa
  [ 987] viol   f=  18.857  a=15.9 b=21.2 gap=19.7 (face=3.3mm) n=[111, 161, 94, 218, 210, 165, 162, 199, 318]  tape=0.242km B=8.51T unif=1.266% hoop=86MPa
  [ 988] viol   f= 129.881  a=15.4 b=21.4 gap=19.6 (face=3.3mm) n=[111, 156, 76, 134, 250, 163, 200, 231, 228]  tape=0.209km B=8.26T unif=1.786% hoop=67MPa
  [ 989] viol   f= 219.612  a=15.9 b=21.7 gap=19.7 (face=3.4mm) n=[103, 188, 78, 238, 260, 179, 185, 288, 263]  tape=0.247km B=9.13T unif=2.044% hoop=79MPa
  [ 990] viol   f= 301.193  a=15.9 b=21.3 gap=19.7 (face=3.4mm) n=[154, 196, 143, 233, 247, 270, 162, 288, 237]  tape=0.262km B=10.66T unif=2.227% hoop=81MPa
  [a=16 b=22 nt=1776] KSP converged reason: 4, iterations: 1
  [a=16 b=21 nt=1724] KSP converged reason: 4, iterations: 1
  [a=16 b=22 nt=1605] KSP converged reason: 4, iterations: 1
  [a=16 b=23 nt=1963] KSP converged reason: 4, iterations: 1
  [a=15 b=22 nt=1540] KSP converged reason: 4, iterations: 1
  [a=16 b=22 nt=1629] KSP converged reason: 4, iterations: 1
  [a=15 b=21 nt=1839] KSP converged reason: 4, iterations: 1
  [a=15 b=21 nt=1568] KSP converged reason: 4, iterations: 1
  [a=15 b=22 nt=1596] KSP converged reason: 4, iterations: 1
  [a=16 b=23 nt=1948] KSP converged reason: 4, iterations: 1
  [a=16 b=22 nt=1827] KSP converged reason: 4, iterations: 1
  [ 991] viol   f= 216.676  a=16.1 b=23.2 gap=19.8 (face=3.5mm) n=[148, 206, 135, 176, 239, 263, 235, 278, 283]  tape=0.278km B=10.49T unif=2.040% hoop=83MPa
  [ 992] viol   f= 939.289  a=16.1 b=21.6 gap=19.7 (face=3.3mm) n=[62, 133, 116, 176, 202, 219, 189, 226, 282]  tape=0.229km B=7.85T unif=3.156% hoop=77MPa
  [ 993] viol   f=   2.220  a=15.9 b=21.9 gap=19.6 (face=3.3mm) n=[129, 114, 188, 198, 219, 220, 129, 241, 191]  tape=0.221km B=9.00T unif=0.583% hoop=74MPa
  [ 994] viol   f= 686.337  a=15.7 b=21.1 gap=19.5 (face=3.0mm) n=[119, 170, 156, 112, 179, 225, 208, 283, 272]  tape=0.237km B=9.12T unif=2.850% hoop=79MPa
  [ 995] viol   f=   2.269  a=15.7 b=21.7 gap=19.7 (face=3.4mm) n=[123, 123, 178, 195, 140, 245, 248, 312, 212]  tape=0.258km B=9.00T unif=0.718% hoop=82MPa
  [ 996] viol   f=3957.376  a=15.4 b=21.7 gap=19.6 (face=3.2mm) n=[51, 216, 50, 114, 260, 201, 200, 214, 234]  tape=0.209km B=8.37T unif=5.445% hoop=69MPa
  [ 997] viol   f=   7.531  a=15.5 b=21.5 gap=19.7 (face=3.4mm) n=[129, 207, 99, 203, 220, 201, 231, 278, 271]  tape=0.248km B=10.08T unif=1.191% hoop=79MPa
  [ 998] viol   f= 546.891  a=15.3 b=22.0 gap=19.6 (face=3.2mm) n=[64, 173, 125, 201, 197, 241, 137, 262, 196]  tape=0.221km B=8.50T unif=2.647% hoop=73MPa
  [ 999] viol   f=2077.524  a=15.3 b=21.3 gap=19.6 (face=3.1mm) n=[111, 185, 134, 135, 133, 178, 198, 276, 218]  tape=0.221km B=8.68T unif=4.220% hoop=86MPa
  [1000] viol   f=3869.498  a=16.1 b=22.6 gap=19.7 (face=3.3mm) n=[138, 245, 155, 244, 258, 262, 155, 246, 245]  tape=0.264km B=11.30T unif=5.398% hoop=79MPa
  [1001] viol   f=  22.090  a=16.0 b=21.9 gap=19.7 (face=3.4mm) n=[136, 135, 166, 187, 170, 251, 264, 254, 264]  tape=0.248km B=9.53T unif=1.327% hoop=83MPa
  [a=16 b=21 nt=1760] KSP converged reason: 4, iterations: 1
  [a=16 b=21 nt=1928] KSP converged reason: 4, iterations: 1
  [a=16 b=21 nt=1816] KSP converged reason: 4, iterations: 1
  [a=16 b=23 nt=1879] KSP converged reason: 4, iterations: 1
  [a=16 b=22 nt=1829] KSP converged reason: 4, iterations: 1
  [a=16 b=21 nt=1722] KSP converged reason: 4, iterations: 1
  [a=16 b=22 nt=1599] KSP converged reason: 4, iterations: 1
  [a=16 b=23 nt=1992] KSP converged reason: 4, iterations: 1
  [a=16 b=22 nt=1711] KSP converged reason: 4, iterations: 1
  [a=16 b=21 nt=1622] KSP converged reason: 4, iterations: 1
  [1002] viol   f=1444.410  a=15.8 b=21.3 gap=19.5 (face=3.1mm) n=[125, 102, 197, 229, 222, 222, 173, 225, 227]  tape=0.220km B=9.26T unif=3.686% hoop=69MPa
  [1003] viol   f=   0.305  a=15.6 b=22.1 gap=19.6 (face=3.3mm) n=[114, 193, 129, 188, 234, 256, 237, 277, 201]  tape=0.253km B=9.84T unif=0.685% hoop=78MPa
  [1004] viol   f=  43.608  a=15.9 b=21.3 gap=19.7 (face=3.3mm) n=[162, 106, 137, 230, 224, 243, 238, 273, 315]  tape=0.272km B=9.71T unif=1.465% hoop=85MPa
  [1005] viol   f= 291.633  a=15.8 b=22.6 gap=19.6 (face=3.3mm) n=[130, 222, 147, 145, 175, 295, 199, 305, 261]  tape=0.272km B=9.99T unif=2.207% hoop=90MPa
  [1006] viol   f=   0.520  a=16.1 b=21.3 gap=19.6 (face=3.2mm) n=[114, 167, 170, 200, 200, 233, 210, 302, 220]  tape=0.259km B=9.64T unif=0.703% hoop=90MPa
  [1007] viol   f=   1.066  a=15.6 b=21.3 gap=19.6 (face=3.2mm) n=[103, 178, 171, 226, 192, 195, 201, 312, 182]  tape=0.255km B=9.36T unif=0.854% hoop=85MPa
  [1008] INFEAS f=1052.848  a=15.7 b=22.3 gap=19.7 (face=3.4mm) n=[127, 140, 172, 200, 115, 294, 204, 357, 193]  no evaluation (geometry pre-check)
  [1009] viol   f= 130.848  a=15.7 b=21.9 gap=19.6 (face=3.2mm) n=[99, 129, 161, 218, 210, 192, 122, 285, 183]  tape=0.232km B=8.42T unif=1.793% hoop=76MPa
  [1010] viol   f=1708.926  a=16.1 b=22.6 gap=19.6 (face=3.2mm) n=[124, 182, 223, 266, 215, 267, 180, 251, 284]  tape=0.278km B=10.59T unif=3.923% hoop=85MPa
  [1011] viol   f=   5.550  a=16.0 b=22.1 gap=19.8 (face=3.5mm) n=[140, 92, 102, 170, 223, 219, 201, 293, 271]  tape=0.246km B=8.37T unif=0.637% hoop=78MPa
  [1012] viol   f=   5.912  a=15.6 b=21.3 gap=19.6 (face=3.2mm) n=[116, 113, 151, 154, 214, 160, 230, 311, 173]  tape=0.238km B=8.32T unif=0.448% hoop=85MPa
  [a=16 b=22 nt=2018] KSP converged reason: 4, iterations: 1
  [a=16 b=22 nt=1871] KSP converged reason: 4, iterations: 1
  [a=16 b=22 nt=1681] KSP converged reason: 4, iterations: 1
  [a=15 b=22 nt=1609] KSP converged reason: 4, iterations: 1
  [a=15 b=21 nt=1426] KSP converged reason: 4, iterations: 1
  [a=15 b=22 nt=1600] KSP converged reason: 4, iterations: 1
  [a=16 b=22 nt=1823] KSP converged reason: 4, iterations: 1
  [a=16 b=21 nt=1832] KSP converged reason: 4, iterations: 1
  [a=16 b=21 nt=1944] KSP converged reason: 4, iterations: 1
  [a=16 b=22 nt=1782] KSP converged reason: 4, iterations: 1
  [1013] viol   f=1300.352  a=15.5 b=21.6 gap=19.7 (face=3.4mm) n=[123, 164, 120, 150, 206, 205, 194, 265, 173]  tape=0.223km B=8.94T unif=3.547% hoop=75MPa
  [1014] viol   f=  77.558  a=16.1 b=22.0 gap=19.7 (face=3.4mm) n=[146, 235, 243, 182, 216, 205, 253, 322, 216]  tape=0.294km B=11.06T unif=1.622% hoop=92MPa
  [1015] INFEAS f=1087.231  a=15.2 b=21.4 gap=19.6 (face=3.2mm) n=[67, 177, 109, 233, 181, 229, 232, 350, 176]  no evaluation (geometry pre-check)
  [1016] viol   f= 443.610  a=15.8 b=22.0 gap=19.6 (face=3.1mm) n=[96, 157, 74, 213, 258, 198, 198, 296, 191]  tape=0.242km B=8.56T unif=2.482% hoop=78MPa
  [1017] viol   f= 666.540  a=15.7 b=22.1 gap=19.7 (face=3.3mm) n=[93, 168, 184, 228, 180, 236, 233, 316, 233]  tape=0.273km B=9.59T unif=2.825% hoop=86MPa
  [1018] viol   f= 140.972  a=15.5 b=21.6 gap=19.6 (face=3.2mm) n=[97, 133, 115, 192, 239, 218, 207, 276, 132]  tape=0.225km B=8.43T unif=1.824% hoop=73MPa
  [1019] viol   f=  16.486  a=15.3 b=21.0 gap=19.7 (face=3.4mm) n=[74, 105, 157, 78, 118, 187, 230, 270, 207]  tape=0.198km B=7.15T unif=0.894% hoop=63MPa
  [1020] viol   f=   0.718  a=15.8 b=21.8 gap=19.7 (face=3.3mm) n=[123, 167, 147, 174, 219, 239, 253, 299, 202]  tape=0.261km B=9.52T unif=0.594% hoop=84MPa
  [1021] viol   f= 903.051  a=16.2 b=21.2 gap=19.6 (face=3.2mm) n=[120, 125, 191, 214, 260, 184, 225, 280, 233]  tape=0.250km B=9.38T unif=3.124% hoop=80MPa
  [1022] viol   f=1664.418  a=15.9 b=21.4 gap=19.7 (face=3.3mm) n=[108, 202, 93, 279, 264, 271, 181, 221, 325]  tape=0.276km B=10.00T unif=3.885% hoop=79MPa
  [1023] viol   f=   1.429  a=15.8 b=21.6 gap=19.6 (face=3.1mm) n=[141, 187, 56, 162, 229, 235, 267, 265, 240]  tape=0.238km B=9.23T unif=0.726% hoop=70MPa
  [a=15 b=21 nt=1657] KSP converged reason: 4, iterations: 1
  [a=16 b=22 nt=1725] KSP converged reason: 4, iterations: 1
  [a=15 b=21 nt=1679] KSP converged reason: 4, iterations: 1
  [a=15 b=22 nt=1650] KSP converged reason: 4, iterations: 1
  [a=16 b=21 nt=1766] KSP converged reason: 4, iterations: 1
  [a=16 b=22 nt=1783] KSP converged reason: 4, iterations: 1
  [a=16 b=21 nt=1749] KSP converged reason: 4, iterations: 1
  [a=16 b=21 nt=1882] KSP converged reason: 4, iterations: 1
  [a=16 b=22 nt=1675] KSP converged reason: 4, iterations: 1
  [a=16 b=22 nt=1783] KSP converged reason: 4, iterations: 1
  [a=16 b=21 nt=1904] KSP converged reason: 4, iterations: 1
  [1024] viol   f=   5.588  a=15.3 b=21.8 gap=19.7 (face=3.4mm) n=[119, 152, 165, 158, 181, 274, 206, 280, 115]  tape=0.232km B=9.06T unif=1.134% hoop=81MPa
  [1025] viol   f=  32.096  a=15.8 b=22.0 gap=19.7 (face=3.3mm) n=[128, 172, 150, 170, 227, 237, 227, 272, 200]  tape=0.248km B=9.74T unif=1.398% hoop=83MPa
  [1026] viol   f=1670.941  a=15.5 b=21.3 gap=19.7 (face=3.3mm) n=[138, 165, 131, 155, 200, 246, 260, 267, 204]  tape=0.237km B=9.62T unif=3.890% hoop=78MPa
  [1027] viol   f=   5.907  a=15.3 b=21.0 gap=19.7 (face=3.3mm) n=[122, 103, 191, 84, 148, 205, 310, 295, 199]  tape=0.234km B=8.32T unif=0.191% hoop=70MPa
  [1028] viol   f= 575.199  a=15.4 b=21.4 gap=19.7 (face=3.3mm) n=[125, 145, 131, 132, 234, 183, 251, 298, 180]  tape=0.240km B=8.79T unif=2.691% hoop=82MPa
  [1029] viol   f=  14.764  a=15.9 b=21.6 gap=19.7 (face=3.4mm) n=[130, 116, 136, 190, 200, 183, 216, 287, 267]  tape=0.243km B=8.75T unif=1.239% hoop=81MPa
  [1030] viol   f=11430.148  a=15.6 b=21.4 gap=19.7 (face=3.4mm) n=[171, 131, 132, 133, 249, 187, 211, 277, 258]  tape=0.240km B=9.52T unif=8.560% hoop=81MPa
  [1031] viol   f= 316.126  a=15.9 b=21.5 gap=19.6 (face=3.1mm) n=[147, 195, 194, 179, 193, 235, 215, 295, 229]  tape=0.265km B=10.44T unif=2.257% hoop=87MPa
  [1032] viol   f=   3.755  a=16.0 b=21.6 gap=19.6 (face=3.2mm) n=[91, 158, 198, 109, 168, 190, 271, 318, 172]  tape=0.248km B=8.68T unif=0.528% hoop=79MPa
  [1033] viol   f= 318.488  a=15.8 b=22.0 gap=19.6 (face=3.2mm) n=[132, 204, 98, 135, 206, 209, 267, 298, 234]  tape=0.255km B=9.38T unif=2.260% hoop=79MPa
  [1034] viol   f=  19.754  a=15.9 b=21.5 gap=19.7 (face=3.4mm) n=[115, 185, 178, 174, 255, 204, 298, 234, 261]  tape=0.266km B=10.00T unif=1.312% hoop=88MPa
  [a=16 b=22 nt=1517] KSP converged reason: 4, iterations: 1
  [a=15 b=22 nt=1587] KSP converged reason: 4, iterations: 1
  [a=16 b=21 nt=1658] KSP converged reason: 4, iterations: 1
  [a=16 b=22 nt=1421] KSP converged reason: 4, iterations: 1
  [a=15 b=21 nt=1577] KSP converged reason: 4, iterations: 1
  [a=15 b=22 nt=1534] KSP converged reason: 4, iterations: 1
  [a=16 b=22 nt=1616] KSP converged reason: 4, iterations: 1
  [a=16 b=22 nt=1543] KSP converged reason: 4, iterations: 1
  [a=16 b=22 nt=1871] KSP converged reason: 4, iterations: 1
  [a=16 b=21 nt=1689] KSP converged reason: 4, iterations: 1
  [1035] viol   f=2830.275  a=15.9 b=21.5 gap=19.6 (face=3.3mm) n=[68, 101, 237, 101, 139, 195, 261, 319, 96]  tape=0.225km B=7.99T unif=4.756% hoop=75MPa
  [1036] viol   f= 711.756  a=15.7 b=21.4 gap=19.7 (face=3.4mm) n=[94, 118, 189, 167, 132, 263, 256, 295, 144]  tape=0.235km B=8.46T unif=2.880% hoop=76MPa
  [1037] viol   f= 541.090  a=15.4 b=21.6 gap=19.6 (face=3.3mm) n=[107, 145, 244, 115, 150, 225, 190, 306, 105]  tape=0.232km B=8.64T unif=2.639% hoop=72MPa
  [1038] viol   f= 140.289  a=15.7 b=21.7 gap=19.7 (face=3.4mm) n=[73, 110, 161, 65, 121, 273, 251, 234, 133]  tape=0.202km B=7.17T unif=1.788% hoop=63MPa
  [1039] viol   f=1425.886  a=15.4 b=21.3 gap=19.6 (face=3.2mm) n=[111, 148, 113, 136, 189, 225, 200, 244, 211]  tape=0.211km B=8.52T unif=3.666% hoop=70MPa
  [1040] viol   f= 496.452  a=15.4 b=21.6 gap=19.7 (face=3.4mm) n=[108, 155, 124, 119, 179, 223, 226, 208, 192]  tape=0.202km B=8.60T unif=2.569% hoop=71MPa
  [1041] viol   f=   4.682  a=15.8 b=21.6 gap=19.7 (face=3.4mm) n=[101, 142, 162, 124, 161, 210, 277, 255, 184]  tape=0.229km B=8.51T unif=0.977% hoop=78MPa
  [1042] viol   f=   5.330  a=15.6 b=21.7 gap=19.7 (face=3.4mm) n=[112, 125, 216, 124, 150, 156, 220, 280, 160]  tape=0.223km B=8.40T unif=0.844% hoop=78MPa
  [1043] viol   f=  92.307  a=15.9 b=21.8 gap=19.7 (face=3.5mm) n=[139, 114, 227, 129, 185, 279, 279, 309, 210]  tape=0.266km B=9.62T unif=1.677% hoop=79MPa
  [1044] INFEAS f=1491.257  a=15.2 b=21.4 gap=19.7 (face=3.4mm) n=[144, 145, 214, 175, 120, 226, 251, 382, 171]  no evaluation (geometry pre-check)
  [1045] viol   f=  14.206  a=15.5 b=21.2 gap=19.6 (face=3.2mm) n=[93, 108, 145, 143, 189, 221, 283, 309, 198]  tape=0.241km B=7.36T unif=0.559% hoop=400MPa
  [a=16 b=21 nt=1547] KSP converged reason: 4, iterations: 1
  [a=15 b=22 nt=1648] KSP converged reason: 4, iterations: 1
  [a=16 b=22 nt=1508] KSP converged reason: 4, iterations: 1
  [a=16 b=22 nt=1641] KSP converged reason: 4, iterations: 1
  [a=16 b=22 nt=1632] KSP converged reason: 4, iterations: 1
  [a=16 b=22 nt=1657] KSP converged reason: 4, iterations: 1
  [a=16 b=22 nt=1584] KSP converged reason: 4, iterations: 1
  [a=15 b=21 nt=1505] KSP converged reason: 4, iterations: 1
  [a=16 b=22 nt=1516] KSP converged reason: 4, iterations: 1
  [a=16 b=22 nt=1563] KSP converged reason: 4, iterations: 1
  [a=16 b=22 nt=1561] KSP converged reason: 4, iterations: 1
  [1046] viol   f= 513.281  a=15.7 b=21.6 gap=19.7 (face=3.3mm) n=[71, 86, 133, 128, 135, 208, 269, 244, 234]  tape=0.211km B=7.14T unif=2.576% hoop=73MPa
  [1047] viol   f= 208.948  a=15.6 b=21.6 gap=19.7 (face=3.5mm) n=[96, 160, 205, 139, 134, 261, 268, 235, 134]  tape=0.225km B=8.92T unif=2.016% hoop=79MPa
  [1048] viol   f=  94.988  a=15.8 b=21.3 gap=19.6 (face=3.2mm) n=[99, 130, 151, 100, 170, 167, 270, 300, 160]  tape=0.225km B=7.88T unif=1.655% hoop=80MPa
  [1049] viol   f=   3.845  a=15.5 b=21.7 gap=19.6 (face=3.3mm) n=[113, 130, 124, 184, 233, 237, 221, 273, 126]  tape=0.229km B=8.66T unif=0.676% hoop=77MPa
  [1050] viol   f= 416.202  a=15.5 b=21.8 gap=19.7 (face=3.3mm) n=[110, 94, 148, 210, 194, 195, 232, 272, 193]  tape=0.230km B=8.43T unif=2.434% hoop=78MPa
  [1051] viol   f=2722.419  a=15.8 b=21.8 gap=19.7 (face=3.4mm) n=[133, 149, 148, 147, 167, 214, 228, 263, 208]  tape=0.231km B=9.16T unif=4.688% hoop=84MPa
  [1052] viol   f=   9.136  a=15.9 b=21.7 gap=19.7 (face=3.3mm) n=[118, 139, 200, 80, 147, 139, 230, 335, 196]  tape=0.244km B=7.89T unif=0.886% hoop=81MPa
  [1053] viol   f=  16.758  a=15.4 b=21.1 gap=19.7 (face=3.3mm) n=[103, 77, 100, 110, 177, 197, 295, 259, 187]  tape=0.214km B=7.12T unif=0.640% hoop=71MPa
  [1054] viol   f=  10.030  a=15.7 b=22.0 gap=19.7 (face=3.5mm) n=[110, 81, 207, 81, 147, 198, 266, 308, 118]  tape=0.225km B=7.89T unif=1.067% hoop=72MPa
  [1055] viol   f=   7.046  a=15.6 b=21.9 gap=19.7 (face=3.4mm) n=[112, 95, 190, 103, 143, 215, 286, 259, 160]  tape=0.225km B=8.15T unif=0.389% hoop=70MPa
  [1056] viol   f=18043.677  a=15.7 b=21.5 gap=19.8 (face=3.5mm) n=[68, 104, 264, 52, 120, 241, 289, 284, 139]  tape=0.215km B=7.90T unif=10.496% hoop=62MPa
  [a=16 b=22 nt=1612] KSP converged reason: 4, iterations: 1
  [a=15 b=21 nt=1383] KSP converged reason: 4, iterations: 1
  [a=16 b=21 nt=1644] KSP converged reason: 4, iterations: 1
  [a=15 b=21 nt=1301] KSP converged reason: 4, iterations: 1
  [a=16 b=22 nt=1778] KSP converged reason: 4, iterations: 1
  [a=16 b=22 nt=1512] KSP converged reason: 4, iterations: 1
  [a=16 b=22 nt=1789] KSP converged reason: 4, iterations: 1
  [a=16 b=22 nt=1617] KSP converged reason: 4, iterations: 1
  [a=16 b=22 nt=1559] KSP converged reason: 4, iterations: 1
  [a=16 b=22 nt=1667] KSP converged reason: 4, iterations: 1
  [1057] viol   f=   4.372  a=16.1 b=22.0 gap=19.7 (face=3.3mm) n=[119, 181, 128, 182, 234, 182, 257, 265, 230]  tape=0.245km B=9.53T unif=1.136% hoop=77MPa
  [1058] viol   f=  30.107  a=15.5 b=22.2 gap=19.6 (face=3.3mm) n=[88, 121, 180, 163, 210, 181, 240, 323, 106]  tape=0.245km B=8.23T unif=1.343% hoop=81MPa
  [1059] viol   f= 145.768  a=15.4 b=21.2 gap=19.7 (face=3.3mm) n=[96, 100, 83, 60, 167, 161, 264, 248, 122]  tape=0.183km B=6.55T unif=1.780% hoop=66MPa
  [1060] viol   f= 205.206  a=15.9 b=21.5 gap=19.6 (face=3.2mm) n=[138, 100, 137, 180, 236, 146, 224, 279, 204]  tape=0.232km B=8.58T unif=2.002% hoop=76MPa
  [1061] viol   f=  21.195  a=15.0 b=21.4 gap=19.7 (face=3.4mm) n=[86, 90, 133, 70, 154, 175, 266, 304, 105]  tape=0.202km B=6.76T unif=0.127% hoop=68MPa
  [1062] viol   f= 340.736  a=15.6 b=22.0 gap=19.7 (face=3.3mm) n=[118, 146, 79, 127, 223, 186, 246, 259, 128]  tape=0.211km B=8.07T unif=2.291% hoop=69MPa
  [1063] INFEAS f=1069.606  a=15.5 b=21.6 gap=19.7 (face=3.4mm) n=[139, 118, 176, 110, 152, 154, 291, 355, 122]  no evaluation (geometry pre-check)
  [1064] viol   f=   1.253  a=16.0 b=22.1 gap=19.7 (face=3.5mm) n=[144, 112, 181, 202, 179, 229, 205, 313, 224]  tape=0.265km B=9.30T unif=0.554% hoop=88MPa
  [1065] viol   f=   8.551  a=16.0 b=22.0 gap=19.7 (face=3.3mm) n=[111, 124, 144, 88, 193, 181, 315, 290, 171]  tape=0.242km B=7.96T unif=0.897% hoop=80MPa
  [1066] viol   f=  98.974  a=15.6 b=22.0 gap=19.6 (face=3.2mm) n=[136, 156, 177, 102, 240, 192, 292, 261, 111]  tape=0.240km B=8.97T unif=1.695% hoop=80MPa
  [1067] viol   f= 162.647  a=15.8 b=21.5 gap=19.7 (face=3.4mm) n=[107, 155, 151, 101, 162, 207, 229, 306, 141]  tape=0.231km B=8.21T unif=1.883% hoop=83MPa
  [a=16 b=21 nt=1861] KSP converged reason: 4, iterations: 1
  [a=16 b=22 nt=1721] KSP converged reason: 4, iterations: 1
  [a=16 b=22 nt=1663] KSP converged reason: 4, iterations: 1
  [a=16 b=22 nt=1651] KSP converged reason: 4, iterations: 1
  [a=16 b=22 nt=1626] KSP converged reason: 4, iterations: 1
  [a=16 b=22 nt=1778] KSP converged reason: 4, iterations: 1
  [a=16 b=22 nt=1652] KSP converged reason: 4, iterations: 1
  [a=16 b=22 nt=1823] KSP converged reason: 4, iterations: 1
  [a=16 b=22 nt=1807] KSP converged reason: 4, iterations: 1
  [a=16 b=22 nt=1450] KSP converged reason: 4, iterations: 1
  [1068] viol   f=   2.109  a=15.9 b=21.7 gap=19.7 (face=3.4mm) n=[133, 133, 183, 149, 189, 182, 255, 282, 145]  tape=0.237km B=9.03T unif=0.983% hoop=161MPa
  [1069] INFEAS f=1019.162  a=15.7 b=22.0 gap=19.7 (face=3.3mm) n=[103, 146, 129, 148, 212, 216, 273, 350, 208]  no evaluation (geometry pre-check)
  [1070] viol   f=1236.192  a=15.6 b=21.7 gap=19.7 (face=3.4mm) n=[90, 119, 192, 160, 165, 207, 254, 262, 177]  tape=0.224km B=8.54T unif=3.482% hoop=80MPa
  [1071] viol   f=2662.013  a=15.7 b=21.4 gap=19.6 (face=3.2mm) n=[166, 187, 148, 142, 188, 231, 266, 329, 204]  tape=0.273km B=9.86T unif=4.648% hoop=89MPa
  [1072] viol   f=   3.254  a=15.8 b=21.6 gap=19.7 (face=3.3mm) n=[116, 124, 176, 170, 211, 173, 263, 289, 141]  tape=0.238km B=8.77T unif=0.388% hoop=83MPa
  [1073] viol   f=   3.614  a=15.7 b=21.8 gap=19.7 (face=3.4mm) n=[135, 92, 148, 195, 201, 218, 244, 314, 174]  tape=0.254km B=8.70T unif=0.479% hoop=85MPa
  [1074] viol   f= 107.436  a=16.0 b=22.2 gap=19.7 (face=3.4mm) n=[127, 126, 198, 171, 228, 234, 218, 241, 235]  tape=0.237km B=9.50T unif=1.730% hoop=77MPa
  [1075] viol   f=   7.233  a=15.5 b=21.9 gap=19.7 (face=3.4mm) n=[88, 133, 150, 177, 187, 194, 246, 326, 151]  tape=0.250km B=8.29T unif=1.074% hoop=87MPa
  [1076] viol   f=  21.722  a=16.3 b=21.9 gap=19.7 (face=3.4mm) n=[136, 123, 143, 163, 201, 194, 281, 325, 257]  tape=0.270km B=8.86T unif=1.307% hoop=90MPa
  [1077] viol   f=  46.848  a=15.9 b=21.5 gap=19.6 (face=3.3mm) n=[134, 95, 182, 205, 226, 200, 231, 338, 196]  tape=0.271km B=9.08T unif=1.474% hoop=86MPa
  [1078] viol   f=  14.431  a=15.8 b=22.0 gap=19.7 (face=3.3mm) n=[108, 89, 140, 69, 179, 185, 245, 276, 159]  tape=0.210km B=7.33T unif=0.980% hoop=73MPa
  [a=16 b=22 nt=1631] KSP converged reason: 4, iterations: 1
  [a=16 b=22 nt=1731] KSP converged reason: 4, iterations: 1
  [a=15 b=21 nt=1598] KSP converged reason: 4, iterations: 1
  [a=16 b=21 nt=1735] KSP converged reason: 4, iterations: 1
  [a=16 b=22 nt=1667] KSP converged reason: 4, iterations: 1
  [a=16 b=21 nt=1515] KSP converged reason: 4, iterations: 1
  [a=16 b=22 nt=1660] KSP converged reason: 4, iterations: 1
  [a=15 b=22 nt=1626] KSP converged reason: 4, iterations: 1
  [a=16 b=22 nt=1777] KSP converged reason: 4, iterations: 1
  [a=16 b=22 nt=1657] KSP converged reason: 4, iterations: 1
  [a=16 b=22 nt=1705] KSP converged reason: 4, iterations: 1
  [1079] viol   f= 623.884  a=15.9 b=21.6 gap=19.7 (face=3.4mm) n=[134, 128, 159, 164, 198, 147, 263, 286, 188]  tape=0.238km B=8.80T unif=2.762% hoop=85MPa
  [1080] viol   f=   6.534  a=15.4 b=21.2 gap=19.7 (face=3.4mm) n=[105, 102, 161, 168, 173, 211, 211, 309, 158]  tape=0.234km B=8.23T unif=0.967% hoop=84MPa
  [1081] viol   f=   5.482  a=16.0 b=21.5 gap=19.7 (face=3.3mm) n=[137, 109, 85, 193, 221, 162, 311, 259, 258]  tape=0.250km B=8.38T unif=0.776% hoop=78MPa
  [1082] viol   f=  13.832  a=16.1 b=21.9 gap=19.7 (face=3.4mm) n=[113, 122, 164, 186, 198, 224, 230, 311, 183]  tape=0.257km B=8.79T unif=1.231% hoop=86MPa
  [1083] viol   f=   5.991  a=15.5 b=21.5 gap=19.6 (face=3.3mm) n=[117, 105, 196, 151, 196, 129, 264, 273, 84]  tape=0.212km B=8.30T unif=0.548% hoop=75MPa
  [1084] viol   f=   7.749  a=15.9 b=21.9 gap=19.7 (face=3.4mm) n=[102, 118, 131, 154, 219, 161, 322, 274, 150]  tape=0.246km B=8.06T unif=0.722% hoop=84MPa
  [1085] viol   f= 204.560  a=15.5 b=21.6 gap=19.7 (face=3.4mm) n=[114, 118, 199, 203, 212, 173, 234, 313, 94]  tape=0.243km B=8.76T unif=2.003% hoop=82MPa
  [1086] viol   f= 281.046  a=15.5 b=21.7 gap=19.7 (face=3.5mm) n=[95, 99, 165, 149, 187, 218, 264, 312, 137]  tape=0.239km B=8.06T unif=2.169% hoop=82MPa
  [1087] viol   f= 531.497  a=15.8 b=21.7 gap=19.7 (face=3.3mm) n=[163, 97, 184, 170, 227, 183, 247, 320, 186]  tape=0.262km B=9.39T unif=2.629% hoop=85MPa
  [1088] viol   f= 361.512  a=15.7 b=21.6 gap=19.7 (face=3.5mm) n=[138, 94, 241, 178, 176, 155, 249, 276, 150]  tape=0.232km B=9.06T unif=2.341% hoop=82MPa
  [1089] viol   f=1405.389  a=16.0 b=22.0 gap=19.7 (face=3.4mm) n=[134, 70, 207, 198, 206, 260, 268, 260, 102]  tape=0.234km B=9.04T unif=3.649% hoop=78MPa
  [a=16 b=22 nt=1775] KSP converged reason: 4, iterations: 1
  [a=16 b=21 nt=1750] KSP converged reason: 4, iterations: 1
  [a=16 b=21 nt=1617] KSP converged reason: 4, iterations: 1
  [a=16 b=22 nt=1753] KSP converged reason: 4, iterations: 1
  [a=16 b=22 nt=1620] KSP converged reason: 4, iterations: 1
  [a=16 b=22 nt=1607] KSP converged reason: 4, iterations: 1
  [a=16 b=21 nt=1571] KSP converged reason: 4, iterations: 1
  [a=16 b=22 nt=1594] KSP converged reason: 4, iterations: 1
  [a=16 b=22 nt=1661] KSP converged reason: 4, iterations: 1
  [a=16 b=21 nt=1663] KSP converged reason: 4, iterations: 1
  [a=16 b=21 nt=1613] KSP converged reason: 4, iterations: 1
  [1090] viol   f=   7.124  a=15.8 b=21.9 gap=19.7 (face=3.4mm) n=[113, 110, 114, 160, 207, 171, 268, 262, 215]  tape=0.227km B=8.14T unif=0.463% hoop=75MPa
  [1091] viol   f= 438.520  a=15.6 b=21.7 gap=19.6 (face=3.2mm) n=[142, 102, 83, 194, 224, 155, 239, 260, 208]  tape=0.220km B=8.37T unif=2.471% hoop=69MPa
  [1092] viol   f=   7.906  a=15.8 b=21.5 gap=19.6 (face=3.2mm) n=[117, 106, 100, 169, 221, 137, 267, 281, 219]  tape=0.227km B=8.04T unif=0.494% hoop=71MPa
  [1093] viol   f=   1.079  a=15.9 b=21.7 gap=19.6 (face=3.3mm) n=[120, 144, 218, 149, 175, 206, 270, 317, 176]  tape=0.261km B=9.36T unif=0.575% hoop=84MPa
  [1094] viol   f= 771.869  a=15.7 b=21.4 gap=19.6 (face=3.3mm) n=[150, 111, 168, 184, 240, 161, 282, 280, 174]  tape=0.242km B=9.27T unif=2.963% hoop=79MPa
  [1095] viol   f= 255.799  a=15.9 b=21.5 gap=19.7 (face=3.3mm) n=[114, 109, 128, 210, 219, 160, 276, 291, 246]  tape=0.245km B=8.52T unif=2.121% hoop=77MPa
  [1096] viol   f=  10.019  a=15.7 b=21.4 gap=19.7 (face=3.3mm) n=[106, 105, 141, 153, 174, 151, 313, 266, 162]  tape=0.233km B=7.79T unif=0.413% hoop=83MPa
  [1097] viol   f= 687.843  a=15.9 b=21.7 gap=19.6 (face=3.3mm) n=[128, 120, 151, 153, 198, 178, 252, 253, 161]  tape=0.220km B=8.65T unif=2.849% hoop=80MPa
  [1098] viol   f=1284.640  a=15.8 b=21.5 gap=19.7 (face=3.3mm) n=[127, 137, 122, 148, 225, 176, 238, 255, 233]  tape=0.225km B=8.75T unif=3.531% hoop=77MPa
  [1099] viol   f=1779.998  a=15.7 b=21.5 gap=19.7 (face=3.4mm) n=[130, 141, 121, 138, 170, 188, 302, 263, 210]  tape=0.241km B=8.63T unif=3.980% hoop=80MPa
  [1100] viol   f=2395.048  a=15.8 b=21.4 gap=19.7 (face=3.3mm) n=[146, 92, 147, 126, 168, 195, 248, 284, 207]  tape=0.229km B=8.53T unif=4.457% hoop=78MPa
  [a=16 b=21 nt=1634] KSP converged reason: 4, iterations: 1
  [a=16 b=21 nt=1779] KSP converged reason: 4, iterations: 1
  [a=16 b=21 nt=1526] KSP converged reason: 4, iterations: 1
  [a=16 b=21 nt=1581] KSP converged reason: 4, iterations: 1
  [a=16 b=21 nt=1691] KSP converged reason: 4, iterations: 1
  [a=16 b=21 nt=1667] KSP converged reason: 4, iterations: 1
  [a=16 b=22 nt=1780] KSP converged reason: 4, iterations: 1
  [a=16 b=22 nt=1619] KSP converged reason: 4, iterations: 1
  [a=16 b=22 nt=1764] KSP converged reason: 4, iterations: 1
  [a=16 b=22 nt=1687] KSP converged reason: 4, iterations: 1
  [a=16 b=22 nt=1626] KSP converged reason: 4, iterations: 1
  [1101] viol   f=  16.964  a=15.6 b=21.3 gap=19.6 (face=3.2mm) n=[85, 154, 120, 185, 217, 137, 271, 267, 231]  tape=0.227km B=8.39T unif=1.241% hoop=72MPa
  [1102] viol   f=   1.975  a=15.7 b=21.2 gap=19.6 (face=3.2mm) n=[125, 124, 179, 130, 259, 170, 302, 281, 209]  tape=0.249km B=9.07T unif=0.318% hoop=80MPa
  [1103] viol   f=  98.918  a=15.8 b=21.3 gap=19.6 (face=3.1mm) n=[102, 142, 111, 153, 212, 124, 289, 274, 174]  tape=0.225km B=8.04T unif=1.675% hoop=72MPa
  [1104] viol   f=   3.273  a=15.6 b=21.5 gap=19.6 (face=3.2mm) n=[118, 127, 156, 154, 218, 207, 247, 302, 162]  tape=0.244km B=8.77T unif=0.385% hoop=84MPa
  [1105] viol   f=  11.689  a=15.7 b=21.3 gap=19.6 (face=3.3mm) n=[100, 90, 135, 113, 211, 174, 287, 262, 154]  tape=0.217km B=7.61T unif=0.605% hoop=72MPa
  [1106] viol   f=  73.995  a=15.7 b=21.4 gap=19.6 (face=3.2mm) n=[111, 126, 135, 123, 198, 171, 297, 259, 214]  tape=0.235km B=8.33T unif=1.584% hoop=81MPa
  [1107] viol   f=   5.393  a=16.1 b=22.0 gap=19.6 (face=3.3mm) n=[92, 150, 117, 182, 213, 161, 234, 251, 219]  tape=0.223km B=8.39T unif=0.765% hoop=73MPa
  [1108] viol   f=1397.200  a=16.0 b=21.5 gap=19.6 (face=3.2mm) n=[133, 158, 160, 152, 203, 172, 264, 245, 200]  tape=0.234km B=9.40T unif=3.642% hoop=84MPa
  [1109] viol   f=   4.478  a=16.0 b=22.1 gap=19.7 (face=3.4mm) n=[112, 124, 131, 164, 192, 214, 305, 276, 246]  tape=0.256km B=8.55T unif=0.408% hoop=83MPa
  [1110] viol   f=   3.668  a=15.8 b=21.5 gap=19.6 (face=3.3mm) n=[126, 113, 167, 185, 198, 134, 324, 303, 230]  tape=0.260km B=8.69T unif=0.137% hoop=87MPa
  [1111] viol   f=   6.305  a=15.6 b=21.6 gap=19.6 (face=3.2mm) n=[123, 95, 144, 164, 218, 165, 259, 302, 156]  tape=0.237km B=8.26T unif=0.246% hoop=81MPa
  [a=16 b=21 nt=1856] KSP converged reason: 4, iterations: 1
  [a=16 b=22 nt=1792] KSP converged reason: 4, iterations: 1
  [a=16 b=22 nt=1652] KSP converged reason: 4, iterations: 1
  [a=16 b=21 nt=1759] KSP converged reason: 4, iterations: 1
  [a=16 b=21 nt=1751] KSP converged reason: 4, iterations: 1
  [a=16 b=22 nt=1706] KSP converged reason: 4, iterations: 1
  [a=16 b=22 nt=1910] KSP converged reason: 4, iterations: 1
  [a=16 b=21 nt=1735] KSP converged reason: 4, iterations: 1
  [a=16 b=21 nt=1718] KSP converged reason: 4, iterations: 1
  [a=16 b=21 nt=1813] KSP converged reason: 4, iterations: 1
  [1112] viol   f= 179.823  a=15.7 b=20.9 gap=19.7 (face=3.3mm) n=[116, 123, 192, 178, 208, 201, 288, 241, 212]  tape=0.243km B=9.21T unif=1.944% hoop=81MPa
  [1113] viol   f=   4.717  a=15.8 b=21.7 gap=19.6 (face=3.2mm) n=[121, 115, 155, 108, 211, 192, 283, 283, 238]  tape=0.238km B=8.56T unif=1.039% hoop=75MPa
  [1114] viol   f=   3.535  a=15.5 b=21.2 gap=19.6 (face=3.2mm) n=[103, 143, 122, 176, 254, 196, 296, 295, 166]  tape=0.242km B=8.75T unif=1.030% hoop=77MPa
  [1115] INFEAS f=1025.008  a=15.6 b=21.8 gap=19.7 (face=3.4mm) n=[116, 122, 212, 175, 193, 207, 310, 349, 145]  no evaluation (geometry pre-check)
  [1116] viol   f=   2.464  a=15.9 b=21.7 gap=19.6 (face=3.2mm) n=[129, 129, 163, 129, 249, 149, 318, 285, 241]  tape=0.260km B=8.95T unif=0.659% hoop=84MPa
  [1117] viol   f=   8.323  a=15.9 b=21.6 gap=19.6 (face=3.3mm) n=[129, 110, 192, 125, 200, 141, 290, 306, 159]  tape=0.241km B=8.57T unif=1.141% hoop=77MPa
  [1118] viol   f=  29.732  a=15.8 b=21.2 gap=19.6 (face=3.2mm) n=[149, 127, 159, 177, 228, 215, 297, 314, 190]  tape=0.263km B=9.48T unif=1.380% hoop=85MPa
  [1119] viol   f= 513.786  a=15.6 b=21.5 gap=19.7 (face=3.3mm) n=[90, 144, 196, 140, 213, 211, 290, 255, 196]  tape=0.244km B=9.04T unif=2.600% hoop=77MPa
  [1120] viol   f= 512.294  a=16.0 b=21.5 gap=19.6 (face=3.2mm) n=[105, 152, 182, 184, 261, 186, 331, 256, 253]  tape=0.279km B=9.48T unif=2.599% hoop=93MPa
  [1121] viol   f=   8.171  a=15.6 b=21.2 gap=19.6 (face=3.3mm) n=[117, 95, 143, 131, 198, 125, 327, 323, 259]  tape=0.247km B=8.01T unif=0.391% hoop=81MPa
  [1122] viol   f=   1.779  a=15.7 b=21.3 gap=19.6 (face=3.2mm) n=[135, 107, 146, 201, 217, 185, 278, 277, 267]  tape=0.244km B=9.12T unif=0.660% hoop=77MPa
  [a=16 b=21 nt=1552] KSP converged reason: 4, iterations: 1
  [a=16 b=21 nt=1838] KSP converged reason: 4, iterations: 1
  [a=16 b=21 nt=1671] KSP converged reason: 4, iterations: 1
  [a=16 b=21 nt=1806] KSP converged reason: 4, iterations: 1
  [a=15 b=21 nt=1701] KSP converged reason: 4, iterations: 1
  [a=16 b=21 nt=1806] KSP converged reason: 4, iterations: 1
  [a=16 b=22 nt=1769] KSP converged reason: 4, iterations: 1
  [a=16 b=21 nt=1841] KSP converged reason: 4, iterations: 1
  [a=16 b=22 nt=1702] KSP converged reason: 4, iterations: 1
  [a=16 b=22 nt=1930] KSP converged reason: 4, iterations: 1
  [a=16 b=22 nt=1713] KSP converged reason: 4, iterations: 1
  [1123] viol   f=   1.369  a=15.6 b=21.2 gap=19.6 (face=3.2mm) n=[137, 128, 157, 158, 239, 194, 304, 296, 225]  tape=0.256km B=9.25T unif=0.911% hoop=87MPa
  [1124] viol   f=  86.456  a=15.4 b=21.2 gap=19.6 (face=3.2mm) n=[108, 116, 131, 190, 238, 164, 285, 282, 187]  tape=0.234km B=8.50T unif=1.639% hoop=75MPa
  [1125] viol   f=   1.242  a=15.8 b=21.5 gap=19.7 (face=3.4mm) n=[128, 134, 155, 209, 222, 182, 274, 256, 246]  tape=0.246km B=9.29T unif=0.645% hoop=82MPa
  [1126] viol   f= 272.950  a=15.5 b=21.3 gap=19.6 (face=3.1mm) n=[100, 111, 99, 148, 253, 124, 310, 293, 233]  tape=0.236km B=7.84T unif=2.148% hoop=72MPa
  [1127] viol   f=  15.725  a=15.7 b=21.4 gap=19.6 (face=3.3mm) n=[93, 103, 104, 110, 184, 125, 332, 286, 215]  tape=0.232km B=7.22T unif=0.540% hoop=73MPa
  [1128] viol   f= 497.070  a=15.8 b=21.2 gap=19.6 (face=3.2mm) n=[155, 98, 195, 172, 199, 176, 266, 300, 245]  tape=0.254km B=9.53T unif=2.575% hoop=84MPa
  [1129] viol   f=   4.526  a=15.7 b=21.5 gap=19.6 (face=3.2mm) n=[120, 127, 113, 153, 218, 185, 300, 290, 263]  tape=0.249km B=8.54T unif=0.831% hoop=82MPa
  [1130] viol   f= 224.643  a=15.8 b=21.5 gap=19.6 (face=3.2mm) n=[116, 108, 162, 159, 249, 190, 282, 305, 270]  tape=0.258km B=8.83T unif=2.053% hoop=84MPa
  [1131] viol   f=1437.231  a=16.0 b=21.8 gap=19.7 (face=3.3mm) n=[136, 158, 153, 154, 212, 172, 259, 251, 207]  tape=0.235km B=9.40T unif=3.680% hoop=85MPa
  [1132] viol   f=1398.722  a=15.7 b=21.8 gap=19.6 (face=3.2mm) n=[140, 131, 130, 154, 193, 177, 296, 270, 222]  tape=0.246km B=8.90T unif=3.642% hoop=84MPa
  [1133] viol   f=  50.131  a=15.9 b=21.9 gap=19.6 (face=3.2mm) n=[154, 123, 170, 170, 223, 199, 336, 299, 256]  tape=0.285km B=9.58T unif=1.497% hoop=88MPa
  [a=16 b=21 nt=1635] KSP converged reason: 4, iterations: 1
  [a=16 b=22 nt=1757] KSP converged reason: 4, iterations: 1
  [a=16 b=21 nt=1759] KSP converged reason: 4, iterations: 1
  [a=16 b=21 nt=1772] KSP converged reason: 4, iterations: 1
  [a=16 b=22 nt=1741] KSP converged reason: 4, iterations: 1
  [a=16 b=22 nt=1797] KSP converged reason: 4, iterations: 1
  [a=16 b=21 nt=1796] KSP converged reason: 4, iterations: 1
  [a=16 b=22 nt=1904] KSP converged reason: 4, iterations: 1
  [a=16 b=21 nt=1804] KSP converged reason: 4, iterations: 1
  [a=16 b=21 nt=1701] KSP converged reason: 4, iterations: 1
  [a=16 b=21 nt=1843] KSP converged reason: 4, iterations: 1
  [1134] viol   f=   0.877  a=15.9 b=21.8 gap=19.7 (face=3.3mm) n=[115, 159, 165, 176, 219, 194, 283, 275, 211]  tape=0.251km B=9.44T unif=0.410% hoop=86MPa
  [1135] viol   f=   2.714  a=15.7 b=21.3 gap=19.6 (face=3.2mm) n=[109, 142, 141, 187, 234, 161, 298, 280, 220]  tape=0.249km B=8.89T unif=0.664% hoop=84MPa
  [1136] viol   f=   2.042  a=15.6 b=21.5 gap=19.6 (face=3.2mm) n=[123, 133, 168, 181, 175, 178, 289, 298, 212]  tape=0.249km B=9.05T unif=0.586% hoop=86MPa
  [1137] viol   f=   4.036  a=15.9 b=21.4 gap=19.6 (face=3.2mm) n=[123, 123, 123, 153, 237, 166, 291, 283, 260]  tape=0.244km B=8.62T unif=0.802% hoop=77MPa
  [1138] viol   f=   9.181  a=15.5 b=21.1 gap=19.6 (face=3.2mm) n=[109, 116, 128, 113, 182, 151, 330, 270, 236]  tape=0.241km B=7.90T unif=1.028% hoop=78MPa
  [1139] viol   f=1031.417  a=15.8 b=21.5 gap=19.7 (face=3.4mm) n=[132, 164, 111, 180, 175, 175, 272, 274, 258]  tape=0.239km B=9.16T unif=3.269% hoop=80MPa
  [1140] viol   f= 126.884  a=15.8 b=21.4 gap=19.6 (face=3.3mm) n=[112, 133, 123, 198, 242, 204, 283, 271, 230]  tape=0.246km B=8.93T unif=1.789% hoop=78MPa
  [1141] viol   f=  70.301  a=15.9 b=21.5 gap=19.7 (face=3.3mm) n=[137, 114, 154, 226, 229, 204, 298, 279, 263]  tape=0.264km B=9.41T unif=1.589% hoop=80MPa
  [1142] viol   f=   2.069  a=15.7 b=21.0 gap=19.7 (face=3.3mm) n=[132, 123, 125, 180, 269, 197, 314, 241, 223]  tape=0.256km B=9.05T unif=0.733% hoop=82MPa
  [1143] viol   f=1076.565  a=15.6 b=21.3 gap=19.6 (face=3.2mm) n=[133, 127, 150, 149, 190, 145, 290, 258, 259]  tape=0.238km B=8.75T unif=3.316% hoop=82MPa
  [1144] viol   f= 961.473  a=15.6 b=21.2 gap=19.7 (face=3.3mm) n=[123, 113, 211, 197, 234, 159, 309, 291, 206]  tape=0.259km B=9.35T unif=3.191% hoop=83MPa
  [a=16 b=21 nt=1638] KSP converged reason: 4, iterations: 1
  [a=16 b=22 nt=1933] KSP converged reason: 4, iterations: 1
  [a=16 b=22 nt=1795] KSP converged reason: 4, iterations: 1
  [a=16 b=22 nt=1756] KSP converged reason: 4, iterations: 1
  [a=16 b=22 nt=1869] KSP converged reason: 4, iterations: 1
  [a=16 b=22 nt=1681] KSP converged reason: 4, iterations: 1
  [a=16 b=22 nt=1748] KSP converged reason: 4, iterations: 1
  [a=15 b=21 nt=1728] KSP converged reason: 4, iterations: 1
  [a=16 b=22 nt=1909] KSP converged reason: 4, iterations: 1
  [a=16 b=22 nt=1806] KSP converged reason: 4, iterations: 1
  [a=16 b=22 nt=1916] KSP converged reason: 4, iterations: 1
  [1145] viol   f= 711.943  a=15.6 b=21.5 gap=19.6 (face=3.3mm) n=[135, 123, 132, 174, 215, 182, 264, 255, 201]  tape=0.230km B=8.94T unif=2.883% hoop=78MPa
  [1146] viol   f=   0.698  a=15.9 b=21.6 gap=19.6 (face=3.3mm) n=[137, 172, 164, 194, 239, 199, 271, 289, 204]  tape=0.260km B=10.06T unif=1.047% hoop=86MPa
  [1147] viol   f= 188.801  a=15.8 b=21.9 gap=19.7 (face=3.4mm) n=[111, 115, 158, 205, 191, 195, 251, 296, 234]  tape=0.252km B=8.79T unif=1.963% hoop=84MPa
  [1148] viol   f= 744.722  a=15.8 b=21.7 gap=19.7 (face=3.3mm) n=[129, 135, 162, 227, 257, 230, 293, 290, 210]  tape=0.266km B=9.76T unif=2.929% hoop=83MPa
  [1149] viol   f=  10.692  a=15.7 b=21.3 gap=19.7 (face=3.3mm) n=[89, 105, 131, 136, 166, 181, 317, 260, 253]  tape=0.239km B=7.71T unif=0.925% hoop=83MPa
  [1150] viol   f=   1.869  a=15.7 b=21.5 gap=19.7 (face=3.3mm) n=[135, 106, 189, 184, 220, 169, 259, 325, 208]  tape=0.264km B=9.10T unif=0.394% hoop=86MPa
  [1151] viol   f=   2.365  a=15.8 b=21.6 gap=19.6 (face=3.3mm) n=[115, 130, 175, 146, 198, 200, 280, 291, 213]  tape=0.247km B=8.97T unif=0.126% hoop=81MPa
  [1152] viol   f=  37.235  a=15.5 b=21.4 gap=19.7 (face=3.4mm) n=[113, 119, 150, 210, 205, 149, 305, 288, 189]  tape=0.246km B=8.54T unif=1.404% hoop=78MPa
  [1153] viol   f=  50.539  a=16.0 b=21.9 gap=19.6 (face=3.3mm) n=[140, 165, 151, 175, 220, 247, 299, 296, 216]  tape=0.269km B=9.91T unif=1.501% hoop=87MPa
  [1154] viol   f=   2.720  a=16.1 b=21.9 gap=19.7 (face=3.4mm) n=[116, 130, 149, 206, 205, 180, 292, 276, 252]  tape=0.256km B=8.96T unif=1.039% hoop=88MPa
  [1155] viol   f=   0.472  a=15.8 b=21.5 gap=19.7 (face=3.3mm) n=[143, 128, 150, 205, 259, 223, 278, 269, 261]  tape=0.257km B=9.67T unif=0.672% hoop=80MPa
  [a=16 b=21 nt=1739] KSP converged reason: 4, iterations: 1
  [a=16 b=22 nt=1947] KSP converged reason: 4, iterations: 1
  [a=16 b=22 nt=1986] KSP converged reason: 4, iterations: 1
  [a=16 b=22 nt=1958] KSP converged reason: 4, iterations: 1
  [a=16 b=21 nt=1959] KSP converged reason: 4, iterations: 1
  [a=16 b=22 nt=1820] KSP converged reason: 4, iterations: 1
  [a=16 b=21 nt=1804] KSP converged reason: 4, iterations: 1
  [a=16 b=21 nt=1839] KSP converged reason: 4, iterations: 1
  [a=16 b=22 nt=1882] KSP converged reason: 4, iterations: 1
  [a=16 b=22 nt=1965] KSP converged reason: 4, iterations: 1
  [a=16 b=22 nt=1978] KSP converged reason: 4, iterations: 1
  [1156] OK     f=   0.275  a=16.1 b=21.8 gap=19.6 (face=3.3mm) n=[134, 177, 164, 200, 245, 211, 277, 301, 238]  tape=0.275km B=10.19T unif=0.410% hoop=88MPa
  [1157] viol   f=   4.859  a=15.6 b=21.2 gap=19.6 (face=3.3mm) n=[111, 114, 164, 143, 203, 181, 321, 306, 196]  tape=0.251km B=8.48T unif=0.482% hoop=81MPa
  [1158] OK     f=   0.264  a=15.9 b=21.4 gap=19.7 (face=3.3mm) n=[150, 144, 195, 213, 229, 229, 281, 261, 257]  tape=0.264km B=10.32T unif=0.395% hoop=83MPa
  [1159] viol   f= 142.223  a=15.8 b=21.5 gap=19.6 (face=3.3mm) n=[156, 120, 178, 195, 243, 217, 287, 280, 282]  tape=0.265km B=10.05T unif=1.842% hoop=83MPa
  [1160] viol   f=  29.914  a=15.9 b=21.7 gap=19.6 (face=3.3mm) n=[154, 153, 130, 242, 266, 204, 287, 283, 267]  tape=0.269km B=10.19T unif=1.385% hoop=86MPa
  [1161] viol   f=   2.080  a=15.7 b=21.7 gap=19.7 (face=3.4mm) n=[140, 103, 167, 159, 222, 201, 305, 274, 249]  tape=0.259km B=9.05T unif=0.540% hoop=83MPa
  [1162] viol   f=   4.237  a=15.7 b=21.3 gap=19.6 (face=3.2mm) n=[126, 144, 135, 162, 226, 219, 322, 251, 219]  tape=0.262km B=9.11T unif=1.109% hoop=85MPa
  [1163] viol   f=   1.428  a=15.9 b=21.4 gap=19.7 (face=3.3mm) n=[141, 100, 168, 168, 246, 208, 288, 282, 238]  tape=0.253km B=9.23T unif=0.445% hoop=79MPa
  [1164] viol   f=  12.273  a=15.6 b=21.5 gap=19.6 (face=3.2mm) n=[122, 149, 127, 209, 271, 227, 232, 284, 261]  tape=0.255km B=9.46T unif=1.239% hoop=80MPa
  [1165] viol   f= 420.399  a=15.9 b=21.7 gap=19.6 (face=3.2mm) n=[159, 172, 199, 204, 219, 176, 319, 287, 230]  tape=0.283km B=10.45T unif=2.449% hoop=91MPa
  [1166] OK     f=   0.269  a=16.1 b=21.5 gap=19.7 (face=3.4mm) n=[154, 123, 201, 202, 257, 197, 290, 286, 268]  tape=0.269km B=10.16T unif=0.428% hoop=86MPa
  [a=16 b=21 nt=1967] KSP converged reason: 4, iterations: 1
  [a=16 b=21 nt=1991] KSP converged reason: 4, iterations: 1
  [a=16 b=21 nt=2055] KSP converged reason: 4, iterations: 1
  [a=16 b=22 nt=2038] KSP converged reason: 4, iterations: 1
  [a=16 b=21 nt=1856] KSP converged reason: 4, iterations: 1
  [a=16 b=22 nt=1999] KSP converged reason: 4, iterations: 1
  [a=16 b=21 nt=1901] KSP converged reason: 4, iterations: 1
  [a=16 b=21 nt=2016] KSP converged reason: 4, iterations: 1
  [a=16 b=22 nt=1958] KSP converged reason: 4, iterations: 1
  [a=16 b=22 nt=2012] KSP converged reason: 4, iterations: 1
  [a=16 b=22 nt=1926] KSP converged reason: 4, iterations: 1
  [1167] viol   f= 119.071  a=15.8 b=21.4 gap=19.7 (face=3.4mm) n=[164, 147, 174, 202, 259, 259, 314, 261, 275]  tape=0.286km B=10.50T unif=1.771% hoop=87MPa
  [1168] viol   f=  12.891  a=16.3 b=21.5 gap=19.7 (face=3.4mm) n=[161, 133, 198, 211, 240, 217, 306, 225, 300]  tape=0.279km B=10.39T unif=1.251% hoop=88MPa
  [1169] OK     f=   0.267  a=15.8 b=21.3 gap=19.6 (face=3.3mm) n=[152, 138, 188, 209, 255, 208, 293, 288, 236]  tape=0.267km B=10.21T unif=0.787% hoop=83MPa
  [1170] viol   f=   1.416  a=16.0 b=21.2 gap=19.7 (face=3.3mm) n=[131, 126, 185, 170, 196, 183, 336, 294, 235]  tape=0.273km B=9.24T unif=0.099% hoop=91MPa
  [1171] OK     f=   0.279  a=15.9 b=21.6 gap=19.7 (face=3.3mm) n=[162, 166, 230, 226, 256, 244, 240, 295, 219]  tape=0.279km B=11.23T unif=0.961% hoop=90MPa
  [1172] viol   f=1006.228  a=15.8 b=21.5 gap=19.6 (face=3.3mm) n=[169, 160, 178, 236, 267, 254, 246, 248, 241]  tape=0.262km B=10.99T unif=3.243% hoop=84MPa
  [1173] viol   f=  90.601  a=15.6 b=21.2 gap=19.6 (face=3.2mm) n=[154, 124, 166, 187, 274, 233, 297, 256, 210]  tape=0.261km B=9.89T unif=1.672% hoop=81MPa
  [1174] OK     f=   0.275  a=16.2 b=21.4 gap=19.7 (face=3.3mm) n=[157, 127, 220, 209, 240, 224, 274, 293, 272]  tape=0.275km B=10.54T unif=0.811% hoop=87MPa
  [1175] OK     f=   0.267  a=16.0 b=21.7 gap=19.6 (face=3.3mm) n=[134, 173, 163, 213, 235, 204, 280, 284, 272]  tape=0.267km B=10.20T unif=0.253% hoop=85MPa
  [1176] viol   f= 156.961  a=16.1 b=21.7 gap=19.6 (face=3.2mm) n=[157, 171, 172, 216, 274, 207, 264, 303, 248]  tape=0.281km B=10.66T unif=1.885% hoop=94MPa
  [1177] viol   f=   6.653  a=16.2 b=21.6 gap=19.7 (face=3.4mm) n=[140, 152, 180, 223, 230, 241, 248, 246, 266]  tape=0.257km B=10.19T unif=1.179% hoop=83MPa
  [a=16 b=21 nt=2029] KSP converged reason: 4, iterations: 1
  [a=16 b=22 nt=2183] KSP converged reason: 4, iterations: 1
  [a=16 b=21 nt=2085] KSP converged reason: 4, iterations: 1
  [a=16 b=22 nt=2065] KSP converged reason: 4, iterations: 1
  [a=16 b=22 nt=1959] KSP converged reason: 4, iterations: 1
  [a=16 b=22 nt=1979] KSP converged reason: 4, iterations: 1
  [a=16 b=21 nt=2048] KSP converged reason: 4, iterations: 1
  [a=16 b=22 nt=1960] KSP converged reason: 4, iterations: 1
  [a=16 b=22 nt=1977] KSP converged reason: 4, iterations: 1
  [a=16 b=21 nt=2015] KSP converged reason: 4, iterations: 1
  [a=16 b=21 nt=1804] KSP converged reason: 4, iterations: 1
  [1178] OK     f=   0.277  a=15.9 b=21.3 gap=19.6 (face=3.3mm) n=[161, 137, 187, 250, 258, 235, 280, 284, 293]  tape=0.277km B=10.65T unif=0.887% hoop=82MPa
  [1179] OK     f=   0.273  a=15.9 b=21.5 gap=19.6 (face=3.3mm) n=[144, 134, 182, 221, 240, 213, 286, 303, 236]  tape=0.273km B=10.01T unif=0.943% hoop=85MPa
  [1180] viol   f=   0.963  a=16.1 b=21.6 gap=19.7 (face=3.3mm) n=[146, 158, 176, 217, 274, 224, 283, 289, 298]  tape=0.281km B=10.39T unif=1.058% hoop=88MPa
  [1181] viol   f= 145.587  a=16.0 b=21.5 gap=19.6 (face=3.3mm) n=[146, 167, 219, 191, 265, 225, 265, 270, 231]  tape=0.263km B=10.75T unif=1.852% hoop=83MPa
  [1182] OK     f=   0.285  a=16.2 b=21.5 gap=19.7 (face=3.4mm) n=[155, 146, 232, 197, 200, 199, 315, 310, 275]  tape=0.285km B=10.42T unif=0.420% hoop=93MPa
  [1183] viol   f=1136.797  a=16.2 b=21.9 gap=19.7 (face=3.3mm) n=[168, 168, 256, 255, 282, 248, 237, 301, 268]  tape=0.298km B=11.64T unif=3.384% hoop=85MPa
  [1184] OK     f=   0.286  a=16.0 b=21.4 gap=19.6 (face=3.3mm) n=[139, 179, 140, 219, 247, 207, 321, 281, 315]  tape=0.286km B=10.26T unif=0.349% hoop=85MPa
  [1185] OK     f=   0.271  a=16.1 b=21.7 gap=19.7 (face=3.4mm) n=[143, 176, 208, 214, 222, 208, 267, 289, 233]  tape=0.271km B=10.56T unif=0.815% hoop=87MPa
  [1186] OK     f=   0.276  a=15.9 b=21.6 gap=19.6 (face=3.2mm) n=[150, 156, 190, 195, 265, 199, 272, 304, 246]  tape=0.276km B=10.36T unif=0.561% hoop=89MPa
  [1187] viol   f=  91.582  a=15.8 b=21.3 gap=19.6 (face=3.2mm) n=[165, 163, 183, 225, 294, 224, 286, 257, 218]  tape=0.273km B=10.88T unif=1.676% hoop=88MPa
  [1188] viol   f=   0.945  a=15.7 b=21.4 gap=19.6 (face=3.3mm) n=[126, 149, 164, 192, 234, 178, 248, 293, 220]  tape=0.253km B=9.41T unif=0.373% hoop=84MPa
  [a=16 b=22 nt=1984] KSP converged reason: 4, iterations: 1
  [a=16 b=21 nt=1989] KSP converged reason: 4, iterations: 1
  [a=16 b=22 nt=2022] KSP converged reason: 4, iterations: 1
  [a=16 b=22 nt=1985] KSP converged reason: 4, iterations: 1
  [a=16 b=22 nt=2057] KSP converged reason: 4, iterations: 1
  [a=16 b=22 nt=1857] KSP converged reason: 4, iterations: 1
  [a=16 b=22 nt=1980] KSP converged reason: 4, iterations: 1
  [a=16 b=22 nt=2017] KSP converged reason: 4, iterations: 1
  [a=16 b=22 nt=2088] KSP converged reason: 4, iterations: 1
  [a=16 b=21 nt=1941] KSP converged reason: 4, iterations: 1
  [a=16 b=22 nt=1927] KSP converged reason: 4, iterations: 1
  [1189] viol   f= 313.916  a=16.1 b=21.6 gap=19.7 (face=3.4mm) n=[163, 162, 195, 214, 222, 216, 268, 313, 231]  tape=0.283km B=10.48T unif=2.252% hoop=91MPa
  [1190] viol   f=   0.427  a=15.9 b=21.6 gap=19.7 (face=3.4mm) n=[130, 151, 180, 186, 241, 189, 271, 283, 226]  tape=0.256km B=9.71T unif=0.433% hoop=86MPa
  [1191] OK     f=   0.278  a=16.1 b=21.8 gap=19.7 (face=3.4mm) n=[155, 179, 207, 208, 233, 228, 291, 278, 243]  tape=0.278km B=11.00T unif=0.545% hoop=90MPa
  [1192] viol   f=  25.937  a=15.9 b=21.5 gap=19.6 (face=3.3mm) n=[147, 184, 207, 223, 244, 249, 269, 299, 235]  tape=0.282km B=10.98T unif=1.358% hoop=86MPa
  [1193] viol   f=  72.990  a=16.0 b=21.5 gap=19.6 (face=3.3mm) n=[140, 140, 160, 225, 266, 221, 276, 293, 268]  tape=0.271km B=9.95T unif=1.603% hoop=86MPa
  [1194] viol   f= 723.811  a=16.0 b=21.7 gap=19.7 (face=3.3mm) n=[170, 130, 202, 196, 231, 220, 299, 293, 244]  tape=0.276km B=10.49T unif=2.902% hoop=86MPa
  [1195] OK     f=   0.275  a=16.1 b=21.8 gap=19.7 (face=3.3mm) n=[151, 152, 206, 226, 238, 221, 258, 291, 237]  tape=0.275km B=10.53T unif=0.615% hoop=96MPa
  [1196] OK     f=   0.271  a=16.1 b=21.7 gap=19.7 (face=3.3mm) n=[157, 171, 215, 235, 235, 223, 265, 277, 239]  tape=0.271km B=11.02T unif=0.452% hoop=86MPa
  [1197] viol   f=1373.166  a=16.3 b=21.7 gap=19.7 (face=3.4mm) n=[178, 197, 200, 222, 259, 215, 270, 268, 279]  tape=0.280km B=11.70T unif=3.620% hoop=90MPa
  [1198] viol   f=  27.075  a=15.9 b=21.4 gap=19.7 (face=3.4mm) n=[147, 142, 207, 232, 241, 207, 252, 323, 190]  tape=0.280km B=10.17T unif=1.366% hoop=87MPa
  [1199] viol   f=  68.628  a=16.0 b=21.7 gap=19.7 (face=3.3mm) n=[123, 169, 211, 181, 206, 198, 302, 295, 242]  tape=0.271km B=10.06T unif=1.585% hoop=87MPa
  [a=16 b=22 nt=1841] KSP converged reason: 4, iterations: 1
  [a=16 b=22 nt=1954] KSP converged reason: 4, iterations: 1
  [a=16 b=22 nt=1858] KSP converged reason: 4, iterations: 1
  [a=16 b=22 nt=2013] KSP converged reason: 4, iterations: 1
  [a=16 b=22 nt=1994] KSP converged reason: 4, iterations: 1
  [a=16 b=22 nt=1899] KSP converged reason: 4, iterations: 1
  [a=16 b=22 nt=2080] KSP converged reason: 4, iterations: 1
  [a=16 b=22 nt=2014] KSP converged reason: 4, iterations: 1
  [a=16 b=22 nt=1888] KSP converged reason: 4, iterations: 1
  [a=16 b=22 nt=2060] KSP converged reason: 4, iterations: 1
  [a=16 b=22 nt=2007] KSP converged reason: 4, iterations: 1
  [1200] viol   f=  71.357  a=16.1 b=21.8 gap=19.7 (face=3.3mm) n=[132, 164, 209, 200, 234, 192, 276, 273, 219]  tape=0.260km B=10.17T unif=1.596% hoop=84MPa
  [1201] viol   f= 137.797  a=15.8 b=21.6 gap=19.7 (face=3.3mm) n=[142, 134, 232, 164, 228, 204, 255, 292, 207]  tape=0.260km B=10.03T unif=1.829% hoop=81MPa
  [1202] OK     f=   0.281  a=15.8 b=21.8 gap=19.7 (face=3.4mm) n=[160, 165, 224, 213, 226, 255, 267, 301, 202]  tape=0.281km B=10.98T unif=0.281% hoop=90MPa
  [1203] viol   f= 340.751  a=16.3 b=22.0 gap=19.7 (face=3.3mm) n=[168, 149, 171, 243, 241, 227, 272, 284, 239]  tape=0.275km B=10.59T unif=2.305% hoop=87MPa
  [1204] OK     f=   0.272  a=16.1 b=21.9 gap=19.7 (face=3.4mm) n=[153, 168, 223, 233, 224, 205, 259, 287, 202]  tape=0.272km B=10.76T unif=0.777% hoop=87MPa
  [1205] viol   f=   0.584  a=15.8 b=21.6 gap=19.7 (face=3.3mm) n=[134, 149, 177, 186, 213, 188, 278, 301, 215]  tape=0.261km B=9.60T unif=0.623% hoop=88MPa
  [1206] OK     f=   0.273  a=15.9 b=21.6 gap=19.7 (face=3.4mm) n=[165, 168, 197, 276, 240, 261, 263, 264, 246]  tape=0.273km B=11.14T unif=0.867% hoop=87MPa
  [1207] viol   f=1344.910  a=16.2 b=21.7 gap=19.7 (face=3.4mm) n=[140, 161, 211, 256, 252, 240, 224, 275, 255]  tape=0.270km B=10.60T unif=3.593% hoop=84MPa
  [1208] viol   f=  25.228  a=16.0 b=21.8 gap=19.6 (face=3.3mm) n=[148, 157, 195, 168, 244, 184, 286, 288, 218]  tape=0.263km B=10.14T unif=1.353% hoop=86MPa
  [1209] OK     f=   0.276  a=16.1 b=21.6 gap=19.7 (face=3.3mm) n=[162, 180, 201, 239, 282, 255, 241, 243, 257]  tape=0.276km B=11.25T unif=0.219% hoop=86MPa
  [1210] viol   f= 216.189  a=15.9 b=21.6 gap=19.7 (face=3.4mm) n=[154, 155, 237, 226, 230, 222, 268, 298, 217]  tape=0.277km B=10.87T unif=2.039% hoop=89MPa
  [a=16 b=22 nt=1890] KSP converged reason: 4, iterations: 1
  [a=16 b=22 nt=1982] KSP converged reason: 4, iterations: 1
  [a=16 b=22 nt=2064] KSP converged reason: 4, iterations: 1
  [a=16 b=22 nt=1960] KSP converged reason: 4, iterations: 1
  [a=16 b=22 nt=1944] KSP converged reason: 4, iterations: 1
  [a=16 b=21 nt=1994] KSP converged reason: 4, iterations: 1
  [a=16 b=22 nt=1924] KSP converged reason: 4, iterations: 1
  [a=16 b=22 nt=1856] KSP converged reason: 4, iterations: 1
  [a=16 b=22 nt=1984] KSP converged reason: 4, iterations: 1
  [a=16 b=22 nt=1959] KSP converged reason: 4, iterations: 1
  [a=16 b=22 nt=1995] KSP converged reason: 4, iterations: 1
  [1211] viol   f=  91.821  a=16.0 b=21.5 gap=19.6 (face=3.3mm) n=[149, 155, 222, 207, 247, 216, 269, 263, 216]  tape=0.259km B=10.62T unif=1.677% hoop=85MPa
  [1212] OK     f=   0.273  a=16.0 b=21.8 gap=19.7 (face=3.4mm) n=[157, 167, 239, 202, 218, 227, 266, 291, 193]  tape=0.273km B=10.82T unif=0.564% hoop=87MPa
  [1213] viol   f=   0.385  a=16.0 b=21.5 gap=19.7 (face=3.3mm) n=[174, 171, 230, 230, 252, 242, 275, 275, 215]  tape=0.273km B=11.53T unif=1.024% hoop=86MPa
  [1214] OK     f=   0.272  a=15.9 b=21.6 gap=19.7 (face=3.3mm) n=[154, 171, 160, 265, 244, 222, 246, 290, 230]  tape=0.272km B=10.65T unif=0.597% hoop=86MPa
  [1215] viol   f=  29.202  a=15.9 b=21.7 gap=19.7 (face=3.4mm) n=[137, 144, 213, 202, 204, 211, 253, 303, 223]  tape=0.269km B=9.98T unif=1.380% hoop=88MPa
  [1216] viol   f=  36.297  a=16.0 b=21.4 gap=19.7 (face=3.4mm) n=[147, 174, 206, 233, 223, 229, 280, 278, 224]  tape=0.268km B=10.73T unif=1.424% hoop=84MPa
  [1217] viol   f= 252.380  a=15.9 b=21.8 gap=19.7 (face=3.4mm) n=[147, 170, 237, 204, 206, 242, 277, 277, 164]  tape=0.262km B=10.61T unif=2.123% hoop=85MPa
  [1218] viol   f= 683.399  a=15.8 b=21.5 gap=19.7 (face=3.3mm) n=[140, 151, 234, 208, 222, 217, 244, 282, 158]  tape=0.255km B=10.28T unif=2.848% hoop=83MPa
  [1219] viol   f= 638.749  a=16.0 b=21.5 gap=19.7 (face=3.3mm) n=[144, 162, 228, 242, 196, 236, 276, 271, 229]  tape=0.266km B=10.63T unif=2.787% hoop=84MPa
  [1220] OK     f=   0.270  a=16.0 b=21.9 gap=19.7 (face=3.3mm) n=[146, 180, 202, 212, 242, 229, 241, 283, 224]  tape=0.270km B=10.70T unif=0.735% hoop=85MPa
  [1221] viol   f= 139.754  a=16.1 b=21.7 gap=19.7 (face=3.4mm) n=[167, 161, 194, 237, 278, 217, 254, 257, 230]  tape=0.270km B=10.91T unif=1.835% hoop=87MPa
  [a=16 b=22 nt=1987] KSP converged reason: 4, iterations: 1
  [a=16 b=22 nt=1963] KSP converged reason: 4, iterations: 1
  [a=16 b=22 nt=2138] KSP converged reason: 4, iterations: 1
  [a=16 b=22 nt=2086] KSP converged reason: 4, iterations: 1
  [a=16 b=22 nt=1973] KSP converged reason: 4, iterations: 1
  [a=16 b=21 nt=2004] KSP converged reason: 4, iterations: 1
  [a=16 b=22 nt=1939] KSP converged reason: 4, iterations: 1
  [a=16 b=22 nt=1955] KSP converged reason: 4, iterations: 1
  [a=16 b=22 nt=1950] KSP converged reason: 4, iterations: 1
  [a=16 b=22 nt=1854] KSP converged reason: 4, iterations: 1
  [a=16 b=22 nt=2081] KSP converged reason: 4, iterations: 1
  [1222] OK     f=   0.266  a=15.9 b=21.4 gap=19.7 (face=3.4mm) n=[157, 159, 175, 257, 263, 223, 255, 276, 239]  tape=0.266km B=10.63T unif=0.947% hoop=86MPa
  [1223] viol   f=   7.052  a=16.0 b=21.8 gap=19.6 (face=3.3mm) n=[147, 185, 238, 196, 252, 209, 237, 317, 182]  tape=0.284km B=10.75T unif=1.184% hoop=88MPa
  [1224] viol   f=  23.925  a=15.9 b=21.7 gap=19.7 (face=3.5mm) n=[157, 156, 245, 226, 211, 212, 282, 310, 188]  tape=0.281km B=10.65T unif=1.344% hoop=89MPa
  [1225] OK     f=   0.285  a=16.2 b=21.9 gap=19.6 (face=3.3mm) n=[166, 182, 207, 246, 248, 246, 265, 289, 237]  tape=0.285km B=11.32T unif=0.425% hoop=88MPa
  [1226] viol   f= 334.062  a=16.0 b=21.5 gap=19.7 (face=3.4mm) n=[170, 171, 224, 215, 222, 217, 266, 272, 216]  tape=0.264km B=11.09T unif=2.292% hoop=93MPa
  [1227] viol   f=  62.348  a=16.2 b=21.8 gap=19.7 (face=3.4mm) n=[172, 209, 249, 250, 239, 245, 244, 298, 232]  tape=0.294km B=12.02T unif=1.557% hoop=104MPa
  [1228] viol   f=  58.238  a=16.0 b=21.8 gap=19.7 (face=3.3mm) n=[151, 163, 158, 217, 267, 229, 235, 280, 239]  tape=0.265km B=10.35T unif=1.538% hoop=85MPa
  [1229] viol   f=   1.212  a=15.8 b=21.6 gap=19.6 (face=3.3mm) n=[151, 167, 188, 202, 234, 216, 281, 308, 208]  tape=0.277km B=10.47T unif=1.068% hoop=89MPa
  [1230] OK     f=   0.277  a=15.9 b=21.7 gap=19.7 (face=3.3mm) n=[151, 161, 205, 214, 249, 214, 242, 305, 209]  tape=0.277km B=10.48T unif=0.190% hoop=89MPa
  [1231] OK     f=   0.251  a=15.9 b=21.8 gap=19.7 (face=3.4mm) n=[138, 158, 182, 224, 227, 243, 226, 264, 192]  tape=0.251km B=10.12T unif=0.747% hoop=81MPa
  [1232] viol   f=   0.461  a=16.2 b=22.1 gap=19.7 (face=3.4mm) n=[161, 221, 210, 246, 239, 250, 236, 302, 216]  tape=0.293km B=11.66T unif=1.029% hoop=91MPa
  [a=16 b=22 nt=1960] KSP converged reason: 4, iterations: 1
  [a=16 b=22 nt=1939] KSP converged reason: 4, iterations: 1
  [a=16 b=22 nt=1916] KSP converged reason: 4, iterations: 1
  [a=16 b=22 nt=2006] KSP converged reason: 4, iterations: 1
  [a=16 b=22 nt=1842] KSP converged reason: 4, iterations: 1
  [a=16 b=22 nt=1908] KSP converged reason: 4, iterations: 1
  [a=16 b=21 nt=1955] KSP converged reason: 4, iterations: 1
  [a=16 b=22 nt=1963] KSP converged reason: 4, iterations: 1
  [a=16 b=22 nt=1970] KSP converged reason: 4, iterations: 1
  [a=16 b=22 nt=1921] KSP converged reason: 4, iterations: 1
  [a=16 b=22 nt=1886] KSP converged reason: 4, iterations: 1
  [1233] viol   f= 179.124  a=16.1 b=21.9 gap=19.7 (face=3.5mm) n=[159, 161, 185, 220, 248, 234, 237, 255, 209]  tape=0.254km B=10.60T unif=1.946% hoop=84MPa
  [1234] viol   f=   0.267  a=16.0 b=21.7 gap=19.7 (face=3.3mm) n=[156, 156, 156, 239, 283, 236, 249, 283, 202]  tape=0.267km B=10.44T unif=1.001% hoop=82MPa
  [1235] viol   f=   0.262  a=15.8 b=21.7 gap=19.7 (face=3.4mm) n=[141, 146, 168, 244, 225, 244, 204, 261, 209]  tape=0.248km B=9.92T unif=0.686% hoop=82MPa
  [1236] viol   f=  67.451  a=16.1 b=21.8 gap=19.6 (face=3.3mm) n=[154, 147, 169, 204, 244, 250, 253, 286, 232]  tape=0.268km B=10.22T unif=1.580% hoop=87MPa
  [1237] OK     f=   0.269  a=16.1 b=21.8 gap=19.7 (face=3.4mm) n=[158, 140, 176, 257, 253, 238, 252, 276, 256]  tape=0.269km B=10.46T unif=0.853% hoop=82MPa
  [1238] OK     f=   0.257  a=16.1 b=21.7 gap=19.7 (face=3.4mm) n=[148, 158, 191, 226, 234, 235, 241, 265, 218]  tape=0.257km B=10.44T unif=0.492% hoop=84MPa
  [1239] OK     f=   0.258  a=15.8 b=21.5 gap=19.7 (face=3.4mm) n=[149, 163, 163, 244, 245, 256, 269, 256, 210]  tape=0.258km B=10.51T unif=0.387% hoop=82MPa
  [1240] OK     f=   0.259  a=16.2 b=21.7 gap=19.7 (face=3.4mm) n=[151, 185, 173, 240, 248, 228, 255, 257, 233]  tape=0.259km B=10.86T unif=0.458% hoop=82MPa
  [1241] OK     f=   0.262  a=15.9 b=21.5 gap=19.7 (face=3.3mm) n=[149, 176, 171, 245, 264, 227, 230, 272, 229]  tape=0.262km B=10.61T unif=0.118% hoop=85MPa
  [1242] viol   f=   0.403  a=16.0 b=21.9 gap=19.7 (face=3.3mm) n=[133, 186, 194, 219, 226, 212, 239, 289, 223]  tape=0.269km B=10.35T unif=1.026% hoop=87MPa
  [1243] viol   f=   0.341  a=16.0 b=21.8 gap=19.7 (face=3.4mm) n=[134, 159, 148, 204, 241, 204, 275, 275, 246]  tape=0.257km B=9.80T unif=0.416% hoop=82MPa
  [a=16 b=22 nt=1858] KSP converged reason: 4, iterations: 1
  [a=16 b=22 nt=2029] KSP converged reason: 4, iterations: 1
  [a=16 b=22 nt=1883] KSP converged reason: 4, iterations: 1
  [a=16 b=22 nt=1820] KSP converged reason: 4, iterations: 1
  [a=16 b=22 nt=1913] KSP converged reason: 4, iterations: 1
  [a=16 b=22 nt=1936] KSP converged reason: 4, iterations: 1
  [a=16 b=22 nt=1956] KSP converged reason: 4, iterations: 1
  [a=16 b=22 nt=1996] KSP converged reason: 4, iterations: 1
  [a=16 b=22 nt=1853] KSP converged reason: 4, iterations: 1
  [a=16 b=22 nt=1937] KSP converged reason: 4, iterations: 1
  [a=16 b=22 nt=1896] KSP converged reason: 4, iterations: 1
  [1244] OK     f=   0.259  a=15.8 b=21.6 gap=19.7 (face=3.3mm) n=[149, 144, 192, 207, 229, 247, 232, 288, 170]  tape=0.259km B=10.07T unif=0.632% hoop=84MPa
  [1245] OK     f=   0.261  a=16.0 b=21.9 gap=19.6 (face=3.3mm) n=[137, 178, 184, 209, 225, 249, 236, 277, 188]  tape=0.261km B=10.31T unif=0.579% hoop=86MPa
  [1246] OK     f=   0.256  a=16.1 b=21.8 gap=19.7 (face=3.4mm) n=[153, 154, 177, 247, 258, 252, 234, 251, 210]  tape=0.256km B=10.48T unif=0.640% hoop=85MPa
  [1247] viol   f=   1.171  a=15.9 b=21.7 gap=19.7 (face=3.4mm) n=[157, 183, 180, 291, 252, 265, 232, 250, 219]  tape=0.277km B=11.02T unif=1.067% hoop=89MPa
  [1248] viol   f=  14.874  a=16.0 b=21.6 gap=19.6 (face=3.3mm) n=[139, 141, 141, 228, 240, 218, 233, 252, 228]  tape=0.241km B=9.68T unif=1.269% hoop=80MPa
  [1249] viol   f=1817.223  a=15.9 b=21.5 gap=19.7 (face=3.3mm) n=[164, 155, 167, 228, 252, 243, 250, 250, 204]  tape=0.249km B=10.67T unif=4.014% hoop=83MPa
  [1250] viol   f=  37.655  a=16.2 b=21.7 gap=19.7 (face=3.4mm) n=[159, 159, 163, 247, 270, 250, 243, 245, 220]  tape=0.262km B=10.65T unif=1.432% hoop=88MPa
  [1251] viol   f= 118.781  a=16.0 b=21.5 gap=19.7 (face=3.4mm) n=[154, 170, 208, 262, 241, 247, 255, 256, 203]  tape=0.261km B=10.95T unif=1.770% hoop=83MPa
  [1252] OK     f=   0.246  a=15.9 b=21.7 gap=19.7 (face=3.3mm) n=[139, 161, 149, 233, 242, 215, 250, 255, 209]  tape=0.246km B=10.04T unif=0.463% hoop=80MPa
  [1253] OK     f=   0.265  a=16.1 b=21.6 gap=19.7 (face=3.4mm) n=[145, 164, 175, 224, 241, 247, 281, 226, 234]  tape=0.265km B=10.36T unif=0.344% hoop=87MPa
  [1254] OK     f=   0.258  a=15.9 b=21.5 gap=19.7 (face=3.3mm) n=[147, 145, 181, 251, 279, 205, 223, 268, 197]  tape=0.258km B=10.14T unif=0.898% hoop=84MPa
  [a=16 b=22 nt=1933] KSP converged reason: 4, iterations: 1
  [a=16 b=22 nt=1871] KSP converged reason: 4, iterations: 1
  [a=16 b=22 nt=1860] KSP converged reason: 4, iterations: 1
  [a=16 b=22 nt=1961] KSP converged reason: 4, iterations: 1
  [a=16 b=22 nt=1901] KSP converged reason: 4, iterations: 1
  [a=16 b=22 nt=1862] KSP converged reason: 4, iterations: 1
  [a=16 b=22 nt=1823] KSP converged reason: 4, iterations: 1
  [a=16 b=21 nt=1811] KSP converged reason: 4, iterations: 1
  [a=16 b=22 nt=1932] KSP converged reason: 4, iterations: 1
  [a=16 b=22 nt=1902] KSP converged reason: 4, iterations: 1
  [a=16 b=22 nt=1907] KSP converged reason: 4, iterations: 1
  [1255] OK     f=   0.243  a=15.8 b=21.7 gap=19.7 (face=3.4mm) n=[146, 164, 172, 230, 245, 232, 237, 245, 191]  tape=0.243km B=10.37T unif=0.565% hoop=81MPa
  [1256] viol   f= 105.349  a=15.9 b=21.6 gap=19.7 (face=3.4mm) n=[137, 145, 140, 266, 266, 234, 244, 223, 216]  tape=0.250km B=9.86T unif=1.725% hoop=82MPa
  [1257] OK     f=   0.259  a=15.8 b=21.7 gap=19.7 (face=3.3mm) n=[149, 156, 164, 245, 240, 246, 272, 259, 202]  tape=0.259km B=10.40T unif=0.688% hoop=86MPa
  [1258] OK     f=   0.248  a=15.8 b=21.7 gap=19.7 (face=3.3mm) n=[137, 183, 133, 239, 260, 231, 244, 238, 195]  tape=0.248km B=10.35T unif=0.342% hoop=76MPa
  [1259] OK     f=   0.252  a=16.0 b=21.7 gap=19.7 (face=3.3mm) n=[153, 149, 183, 258, 252, 237, 223, 240, 206]  tape=0.252km B=10.39T unif=0.912% hoop=81MPa
  [1260] viol   f=  11.445  a=16.0 b=21.9 gap=19.6 (face=3.3mm) n=[142, 190, 144, 264, 262, 255, 248, 256, 200]  tape=0.260km B=10.67T unif=1.236% hoop=77MPa
  [1261] viol   f= 119.390  a=16.0 b=21.9 gap=19.7 (face=3.4mm) n=[135, 152, 198, 227, 207, 236, 243, 265, 160]  tape=0.249km B=9.97T unif=1.772% hoop=81MPa
  [1262] viol   f=   0.263  a=15.9 b=21.5 gap=19.7 (face=3.3mm) n=[134, 153, 165, 221, 248, 231, 212, 260, 187]  tape=0.243km B=9.90T unif=0.794% hoop=83MPa
  [1263] viol   f=  84.098  a=16.0 b=21.9 gap=19.6 (face=3.3mm) n=[157, 175, 157, 251, 267, 249, 217, 254, 205]  tape=0.260km B=10.70T unif=1.647% hoop=84MPa
  [1264] OK     f=   0.267  a=16.0 b=22.0 gap=19.7 (face=3.3mm) n=[147, 179, 172, 219, 246, 238, 234, 286, 181]  tape=0.267km B=10.45T unif=0.755% hoop=87MPa
  [1265] viol   f=  45.109  a=16.0 b=21.6 gap=19.6 (face=3.3mm) n=[155, 154, 178, 225, 258, 227, 254, 272, 184]  tape=0.258km B=10.45T unif=1.474% hoop=87MPa
  [a=16 b=21 nt=1851] KSP converged reason: 4, iterations: 1
  [a=16 b=22 nt=1836] KSP converged reason: 4, iterations: 1
  [a=16 b=22 nt=1948] KSP converged reason: 4, iterations: 1
  [a=16 b=22 nt=1912] KSP converged reason: 4, iterations: 1
  [a=16 b=22 nt=1745] KSP converged reason: 4, iterations: 1
  [a=16 b=22 nt=1865] KSP converged reason: 4, iterations: 1
  [a=16 b=22 nt=1864] KSP converged reason: 4, iterations: 1
  [a=16 b=22 nt=1936] KSP converged reason: 4, iterations: 1
  [a=16 b=22 nt=1827] KSP converged reason: 4, iterations: 1
  [a=16 b=22 nt=1888] KSP converged reason: 4, iterations: 1
  [a=16 b=22 nt=1891] KSP converged reason: 4, iterations: 1
  [1266] viol   f=  12.257  a=15.6 b=21.2 gap=19.7 (face=3.3mm) n=[132, 164, 113, 259, 270, 219, 241, 224, 229]  tape=0.245km B=9.77T unif=1.244% hoop=74MPa
  [1267] OK     f=   0.252  a=16.0 b=21.7 gap=19.7 (face=3.4mm) n=[153, 149, 188, 250, 254, 229, 234, 241, 214]  tape=0.252km B=10.48T unif=0.760% hoop=81MPa
  [1268] viol   f= 100.821  a=16.0 b=21.8 gap=19.7 (face=3.4mm) n=[160, 165, 175, 227, 270, 254, 239, 239, 219]  tape=0.262km B=10.74T unif=1.709% hoop=86MPa
  [1269] viol   f= 410.234  a=15.8 b=21.6 gap=19.7 (face=3.3mm) n=[149, 159, 137, 223, 257, 231, 250, 244, 215]  tape=0.247km B=10.14T unif=2.432% hoop=80MPa
  [1270] viol   f=   0.622  a=15.7 b=21.5 gap=19.6 (face=3.3mm) n=[130, 154, 142, 209, 251, 208, 240, 250, 161]  tape=0.232km B=9.56T unif=0.753% hoop=78MPa
  [1271] viol   f=   1.875  a=15.9 b=21.7 gap=19.7 (face=3.4mm) n=[135, 154, 180, 226, 210, 248, 243, 242, 198]  tape=0.242km B=9.98T unif=1.090% hoop=78MPa
  [1272] OK     f=   0.251  a=15.8 b=21.7 gap=19.7 (face=3.3mm) n=[145, 172, 171, 239, 263, 246, 222, 226, 180]  tape=0.251km B=10.47T unif=0.132% hoop=84MPa
  [1273] viol   f= 491.581  a=15.9 b=21.6 gap=19.7 (face=3.3mm) n=[156, 138, 153, 249, 253, 222, 250, 240, 227]  tape=0.247km B=10.17T unif=2.567% hoop=79MPa
  [1274] OK     f=   0.260  a=15.9 b=21.7 gap=19.7 (face=3.3mm) n=[140, 178, 182, 211, 238, 243, 272, 260, 212]  tape=0.260km B=10.48T unif=0.585% hoop=85MPa
  [1275] viol   f=   0.264  a=15.8 b=21.8 gap=19.7 (face=3.4mm) n=[142, 154, 151, 236, 252, 230, 235, 269, 158]  tape=0.249km B=9.91T unif=0.358% hoop=82MPa
  [1276] viol   f=   4.861  a=15.9 b=21.9 gap=19.7 (face=3.3mm) n=[157, 190, 168, 253, 242, 250, 227, 234, 170]  tape=0.250km B=10.99T unif=1.152% hoop=79MPa
  [a=16 b=22 nt=1933] KSP converged reason: 4, iterations: 1
  [a=16 b=22 nt=1895] KSP converged reason: 4, iterations: 1
  [a=16 b=22 nt=1827] KSP converged reason: 4, iterations: 1
  [a=16 b=22 nt=1888] KSP converged reason: 4, iterations: 1
  [a=16 b=22 nt=1959] KSP converged reason: 4, iterations: 1
  [a=16 b=22 nt=1881] KSP converged reason: 4, iterations: 1
  [a=16 b=22 nt=1881] KSP converged reason: 4, iterations: 1
  [a=16 b=22 nt=1822] KSP converged reason: 4, iterations: 1
  [a=16 b=22 nt=1865] KSP converged reason: 4, iterations: 1
  [a=16 b=22 nt=2008] KSP converged reason: 4, iterations: 1
  [a=16 b=22 nt=1819] KSP converged reason: 4, iterations: 1
  [1277] OK     f=   0.256  a=15.7 b=21.7 gap=19.7 (face=3.3mm) n=[150, 167, 171, 235, 264, 246, 227, 263, 210]  tape=0.256km B=10.55T unif=0.542% hoop=85MPa
  [1278] viol   f=   0.252  a=16.0 b=22.0 gap=19.7 (face=3.4mm) n=[143, 159, 156, 235, 268, 226, 221, 216, 203]  tape=0.252km B=10.00T unif=0.295% hoop=83MPa
  [1279] viol   f=   4.783  a=15.9 b=21.6 gap=19.7 (face=3.3mm) n=[146, 156, 168, 257, 274, 231, 227, 229, 207]  tape=0.257km B=10.26T unif=1.150% hoop=85MPa
  [1280] OK     f=   0.252  a=16.1 b=21.9 gap=19.7 (face=3.4mm) n=[146, 182, 175, 236, 256, 241, 220, 206, 219]  tape=0.252km B=10.63T unif=0.379% hoop=83MPa
  [1281] viol   f=  79.835  a=15.9 b=21.8 gap=19.7 (face=3.4mm) n=[146, 184, 189, 241, 251, 253, 239, 258, 198]  tape=0.258km B=10.80T unif=1.631% hoop=83MPa
  [1282] viol   f= 157.001  a=15.9 b=21.7 gap=19.7 (face=3.4mm) n=[135, 166, 153, 271, 258, 222, 222, 267, 194]  tape=0.255km B=10.11T unif=1.885% hoop=82MPa
  [1283] OK     f=   0.249  a=15.9 b=21.6 gap=19.7 (face=3.3mm) n=[140, 158, 164, 243, 258, 217, 238, 238, 225]  tape=0.249km B=10.09T unif=0.798% hoop=84MPa
  [1284] viol   f=  13.423  a=15.6 b=21.5 gap=19.7 (face=3.3mm) n=[127, 160, 146, 234, 257, 221, 239, 247, 191]  tape=0.241km B=9.85T unif=1.256% hoop=79MPa
  [1285] OK     f=   0.252  a=15.8 b=21.7 gap=19.7 (face=3.3mm) n=[146, 164, 172, 242, 268, 216, 225, 252, 180]  tape=0.252km B=10.26T unif=0.312% hoop=85MPa
  [1286] viol   f=  50.649  a=16.0 b=21.7 gap=19.7 (face=3.4mm) n=[158, 167, 176, 289, 290, 260, 232, 218, 218]  tape=0.275km B=10.87T unif=1.502% hoop=88MPa
  [1287] viol   f=   0.362  a=15.7 b=21.9 gap=19.7 (face=3.4mm) n=[148, 156, 163, 229, 258, 221, 240, 226, 178]  tape=0.246km B=10.09T unif=1.024% hoop=83MPa
  [a=16 b=22 nt=1892] KSP converged reason: 4, iterations: 1
  [a=16 b=22 nt=1872] KSP converged reason: 4, iterations: 1
  [a=16 b=22 nt=1877] KSP converged reason: 4, iterations: 1
  [a=16 b=22 nt=1911] KSP converged reason: 4, iterations: 1
  [a=16 b=22 nt=1896] KSP converged reason: 4, iterations: 1
  [a=16 b=22 nt=1829] KSP converged reason: 4, iterations: 1
  [a=16 b=21 nt=1861] KSP converged reason: 4, iterations: 1
  [a=16 b=22 nt=1849] KSP converged reason: 4, iterations: 1
  [a=16 b=22 nt=1837] KSP converged reason: 4, iterations: 1
  [a=16 b=22 nt=1736] KSP converged reason: 4, iterations: 1
  [a=16 b=22 nt=1925] KSP converged reason: 4, iterations: 1
  [1288] viol   f=   4.452  a=16.1 b=21.8 gap=19.7 (face=3.3mm) n=[145, 174, 175, 217, 268, 210, 209, 216, 215]  tape=0.253km B=10.25T unif=1.145% hoop=88MPa
  [1289] OK     f=   0.259  a=15.8 b=21.7 gap=19.7 (face=3.3mm) n=[142, 178, 161, 248, 275, 216, 248, 237, 206]  tape=0.259km B=10.46T unif=0.767% hoop=82MPa
  [1290] OK     f=   0.258  a=15.9 b=21.9 gap=19.7 (face=3.4mm) n=[149, 148, 176, 253, 271, 225, 195, 251, 224]  tape=0.258km B=10.13T unif=0.740% hoop=83MPa
  [1291] OK     f=   0.255  a=16.1 b=21.6 gap=19.7 (face=3.5mm) n=[149, 143, 167, 238, 272, 231, 230, 212, 230]  tape=0.255km B=10.08T unif=0.722% hoop=83MPa
  [1292] OK     f=   0.259  a=15.9 b=21.9 gap=19.7 (face=3.4mm) n=[145, 176, 168, 262, 277, 237, 199, 221, 192]  tape=0.259km B=10.45T unif=0.956% hoop=84MPa
  [1293] viol   f=  90.157  a=16.0 b=21.8 gap=19.7 (face=3.4mm) n=[146, 147, 165, 274, 272, 226, 219, 245, 202]  tape=0.259km B=10.13T unif=1.670% hoop=86MPa
  [1294] OK     f=   0.251  a=15.9 b=21.5 gap=19.7 (face=3.4mm) n=[145, 156, 172, 226, 268, 215, 235, 229, 215]  tape=0.251km B=10.12T unif=0.334% hoop=83MPa
  [1295] viol   f=   0.249  a=16.0 b=21.7 gap=19.7 (face=3.4mm) n=[138, 170, 160, 259, 260, 220, 234, 191, 217]  tape=0.248km B=10.14T unif=1.002% hoop=81MPa
  [1296] viol   f=   0.299  a=15.8 b=21.7 gap=19.7 (face=3.4mm) n=[140, 133, 176, 233, 249, 212, 238, 239, 217]  tape=0.241km B=9.83T unif=0.933% hoop=76MPa
  [1297] viol   f=   1.009  a=15.8 b=21.5 gap=19.7 (face=3.3mm) n=[134, 142, 122, 226, 287, 214, 227, 193, 191]  tape=0.245km B=9.38T unif=0.673% hoop=83MPa
  [1298] OK     f=   0.259  a=15.9 b=21.7 gap=19.7 (face=3.3mm) n=[146, 158, 186, 225, 270, 233, 240, 249, 218]  tape=0.259km B=10.41T unif=0.949% hoop=83MPa
  [a=16 b=22 nt=1963] KSP converged reason: 4, iterations: 1
  [a=16 b=22 nt=1888] KSP converged reason: 4, iterations: 1
  [a=16 b=22 nt=1882] KSP converged reason: 4, iterations: 1
  [a=16 b=22 nt=1792] KSP converged reason: 4, iterations: 1
  [a=16 b=22 nt=1828] KSP converged reason: 4, iterations: 1
  [a=16 b=22 nt=1857] KSP converged reason: 4, iterations: 1
  [a=16 b=22 nt=1804] KSP converged reason: 4, iterations: 1
  [a=16 b=22 nt=1901] KSP converged reason: 4, iterations: 1
  [a=16 b=22 nt=1905] KSP converged reason: 4, iterations: 1
  [a=16 b=22 nt=1878] KSP converged reason: 4, iterations: 1
  [a=16 b=22 nt=1821] KSP converged reason: 4, iterations: 1
  [1299] viol   f=  31.285  a=15.9 b=21.8 gap=19.7 (face=3.5mm) n=[134, 157, 160, 250, 270, 223, 206, 214, 178]  tape=0.248km B=9.87T unif=1.394% hoop=86MPa
  [1300] viol   f=  33.129  a=16.0 b=21.8 gap=19.7 (face=3.5mm) n=[145, 171, 175, 269, 254, 234, 220, 191, 223]  tape=0.256km B=10.36T unif=1.405% hoop=86MPa
  [1301] viol   f=   0.960  a=16.1 b=21.8 gap=19.7 (face=3.4mm) n=[137, 152, 163, 243, 256, 215, 222, 224, 216]  tape=0.246km B=9.87T unif=1.058% hoop=82MPa
  [1302] OK     f=   0.257  a=16.0 b=21.8 gap=19.7 (face=3.4mm) n=[144, 183, 145, 271, 270, 208, 238, 203, 226]  tape=0.257km B=10.37T unif=0.186% hoop=79MPa
  [1303] viol   f=   1.535  a=16.0 b=21.6 gap=19.7 (face=3.3mm) n=[137, 150, 175, 231, 253, 212, 245, 240, 214]  tape=0.245km B=9.99T unif=1.080% hoop=80MPa
  [1304] OK     f=   0.264  a=16.1 b=21.5 gap=19.7 (face=3.3mm) n=[152, 159, 166, 265, 277, 222, 252, 206, 264]  tape=0.264km B=10.48T unif=0.682% hoop=87MPa
  [1305] viol   f=   0.401  a=15.9 b=21.6 gap=19.7 (face=3.3mm) n=[130, 169, 137, 232, 282, 206, 240, 179, 229]  tape=0.251km B=9.73T unif=0.454% hoop=80MPa
  [1306] viol   f= 154.609  a=16.1 b=21.8 gap=19.7 (face=3.4mm) n=[138, 171, 189, 244, 278, 211, 225, 223, 222]  tape=0.262km B=10.36T unif=1.878% hoop=84MPa
  [1307] viol   f= 322.787  a=16.1 b=21.9 gap=19.7 (face=3.4mm) n=[147, 151, 208, 251, 255, 229, 239, 222, 203]  tape=0.253km B=10.43T unif=2.270% hoop=83MPa
  [1308] OK     f=   0.258  a=15.9 b=21.7 gap=19.7 (face=3.3mm) n=[147, 195, 132, 264, 279, 239, 223, 187, 212]  tape=0.258km B=10.55T unif=0.192% hoop=80MPa
  [1309] viol   f=   0.270  a=15.9 b=21.6 gap=19.7 (face=3.4mm) n=[134, 162, 153, 241, 254, 202, 229, 233, 213]  tape=0.242km B=9.88T unif=0.393% hoop=80MPa
  [a=16 b=22 nt=1879] KSP converged reason: 4, iterations: 1
  [a=16 b=22 nt=1858] KSP converged reason: 4, iterations: 1
  [a=16 b=22 nt=1846] KSP converged reason: 4, iterations: 1
  [a=16 b=22 nt=1876] KSP converged reason: 4, iterations: 1
  [a=16 b=22 nt=1877] KSP converged reason: 4, iterations: 1
  [a=16 b=22 nt=1939] KSP converged reason: 4, iterations: 1
  [a=16 b=21 nt=1955] KSP converged reason: 4, iterations: 1
  [a=16 b=22 nt=1877] KSP converged reason: 4, iterations: 1
  [a=16 b=22 nt=2042] KSP converged reason: 4, iterations: 1
  [a=16 b=22 nt=1833] KSP converged reason: 4, iterations: 1
  [a=16 b=22 nt=1921] KSP converged reason: 4, iterations: 1
  [1310] viol   f=   0.552  a=15.8 b=21.5 gap=19.7 (face=3.4mm) n=[141, 181, 113, 271, 298, 212, 224, 191, 227]  tape=0.261km B=10.02T unif=1.038% hoop=80MPa
  [1311] viol   f=   0.402  a=15.9 b=21.7 gap=19.7 (face=3.3mm) n=[129, 170, 118, 242, 271, 199, 247, 221, 249]  tape=0.250km B=9.72T unif=0.560% hoop=76MPa
  [1312] OK     f=   0.255  a=16.1 b=21.8 gap=19.7 (face=3.4mm) n=[146, 179, 158, 249, 256, 235, 239, 223, 254]  tape=0.255km B=10.55T unif=0.332% hoop=80MPa
  [1313] OK     f=   0.249  a=16.1 b=21.8 gap=19.7 (face=3.4mm) n=[146, 180, 146, 242, 253, 235, 226, 219, 230]  tape=0.249km B=10.48T unif=0.977% hoop=79MPa
  [1314] viol   f= 167.251  a=16.0 b=21.5 gap=19.7 (face=3.3mm) n=[139, 141, 126, 268, 302, 191, 240, 222, 250]  tape=0.264km B=9.57T unif=1.913% hoop=84MPa
  [1315] viol   f= 783.304  a=15.9 b=22.0 gap=19.7 (face=3.3mm) n=[127, 191, 161, 276, 256, 232, 211, 202, 220]  tape=0.259km B=10.34T unif=2.979% hoop=79MPa
  [1316] OK     f=   0.274  a=16.0 b=21.5 gap=19.7 (face=3.3mm) n=[157, 189, 139, 294, 308, 233, 242, 152, 241]  tape=0.274km B=10.68T unif=0.508% hoop=84MPa
  [1317] OK     f=   0.257  a=16.0 b=21.7 gap=19.7 (face=3.4mm) n=[133, 181, 146, 243, 269, 200, 281, 167, 257]  tape=0.257km B=10.11T unif=0.361% hoop=80MPa
  [1318] OK     f=   0.277  a=16.1 b=21.6 gap=19.7 (face=3.3mm) n=[150, 184, 148, 281, 274, 229, 269, 215, 292]  tape=0.277km B=10.76T unif=0.673% hoop=85MPa
  [1319] OK     f=   0.260  a=15.9 b=21.7 gap=19.7 (face=3.4mm) n=[148, 171, 152, 255, 294, 234, 225, 181, 173]  tape=0.260km B=10.17T unif=0.344% hoop=87MPa
  [1320] OK     f=   0.269  a=16.1 b=21.8 gap=19.6 (face=3.3mm) n=[147, 193, 137, 278, 295, 212, 234, 179, 246]  tape=0.269km B=10.48T unif=0.405% hoop=83MPa
  [a=16 b=22 nt=1902] KSP converged reason: 4, iterations: 1
  [a=16 b=22 nt=1854] KSP converged reason: 4, iterations: 1
  [a=16 b=22 nt=1967] KSP converged reason: 4, iterations: 1
  [a=16 b=22 nt=1878] KSP converged reason: 4, iterations: 1
  [a=16 b=22 nt=1829] KSP converged reason: 4, iterations: 1
  [a=16 b=22 nt=1889] KSP converged reason: 4, iterations: 1
  [a=16 b=22 nt=1763] KSP converged reason: 4, iterations: 1
  [a=16 b=22 nt=1868] KSP converged reason: 4, iterations: 1
  [a=16 b=22 nt=1858] KSP converged reason: 4, iterations: 1
  [a=16 b=22 nt=1852] KSP converged reason: 4, iterations: 1
  [a=16 b=22 nt=1924] KSP converged reason: 4, iterations: 1
  [1321] viol   f=   2.228  a=16.1 b=21.9 gap=19.7 (face=3.5mm) n=[140, 170, 154, 243, 248, 240, 253, 221, 220]  tape=0.250km B=10.24T unif=1.099% hoop=80MPa
  [1322] viol   f=   2.652  a=15.9 b=21.8 gap=19.7 (face=3.4mm) n=[134, 195, 134, 218, 242, 224, 234, 228, 220]  tape=0.240km B=10.30T unif=1.110% hoop=72MPa
  [1323] OK     f=   0.249  a=16.0 b=21.9 gap=19.7 (face=3.4mm) n=[144, 188, 164, 249, 237, 250, 210, 218, 218]  tape=0.249km B=10.54T unif=0.745% hoop=78MPa
  [1324] viol   f=   9.375  a=16.1 b=21.8 gap=19.7 (face=3.4mm) n=[158, 185, 138, 264, 281, 243, 220, 214, 264]  tape=0.268km B=10.78T unif=1.213% hoop=83MPa
  [1325] viol   f=   0.321  a=16.0 b=21.7 gap=19.7 (face=3.4mm) n=[135, 171, 134, 235, 289, 190, 253, 192, 255]  tape=0.259km B=9.82T unif=0.220% hoop=82MPa
  [1326] OK     f=   0.262  a=16.2 b=21.6 gap=19.7 (face=3.4mm) n=[142, 179, 145, 262, 283, 201, 212, 203, 275]  tape=0.262km B=10.24T unif=0.174% hoop=82MPa
  [1327] viol   f=   0.629  a=16.0 b=21.7 gap=19.7 (face=3.4mm) n=[127, 169, 102, 219, 258, 219, 256, 195, 218]  tape=0.238km B=9.56T unif=0.373% hoop=73MPa
  [1328] OK     f=   0.250  a=16.1 b=21.6 gap=19.7 (face=3.4mm) n=[146, 180, 156, 243, 259, 223, 240, 198, 223]  tape=0.250km B=10.49T unif=0.318% hoop=80MPa
  [1329] OK     f=   0.252  a=16.0 b=21.7 gap=19.7 (face=3.4mm) n=[145, 168, 154, 251, 267, 239, 234, 195, 205]  tape=0.252km B=10.26T unif=0.434% hoop=83MPa
  [1330] OK     f=   0.245  a=16.0 b=21.9 gap=19.7 (face=3.4mm) n=[140, 172, 150, 229, 240, 241, 220, 246, 214]  tape=0.245km B=10.19T unif=0.331% hoop=78MPa
  [1331] OK     f=   0.252  a=15.9 b=21.7 gap=19.7 (face=3.4mm) n=[143, 190, 150, 228, 247, 252, 256, 236, 222]  tape=0.252km B=10.61T unif=0.602% hoop=77MPa
  [a=16 b=22 nt=1899] KSP converged reason: 4, iterations: 1
  [a=16 b=22 nt=1898] KSP converged reason: 4, iterations: 1
  [a=16 b=22 nt=1910] KSP converged reason: 4, iterations: 1
  [a=16 b=22 nt=1960] KSP converged reason: 4, iterations: 1
  [a=16 b=22 nt=1898] KSP converged reason: 4, iterations: 1
  [a=16 b=22 nt=1888] KSP converged reason: 4, iterations: 1
  [a=16 b=22 nt=1846] KSP converged reason: 4, iterations: 1
  [a=16 b=22 nt=1812] KSP converged reason: 4, iterations: 1
  [a=16 b=22 nt=1778] KSP converged reason: 4, iterations: 1
  [a=16 b=22 nt=1882] KSP converged reason: 4, iterations: 1
  [a=16 b=22 nt=1838] KSP converged reason: 4, iterations: 1
  [1332] viol   f=   0.666  a=16.1 b=21.8 gap=19.7 (face=3.5mm) n=[150, 190, 140, 239, 248, 246, 245, 215, 225]  tape=0.248km B=10.75T unif=1.046% hoop=76MPa
  [1333] OK     f=   0.252  a=16.1 b=21.7 gap=19.7 (face=3.4mm) n=[146, 183, 153, 252, 256, 240, 227, 216, 225]  tape=0.252km B=10.56T unif=0.265% hoop=79MPa
  [1334] viol   f= 186.296  a=16.2 b=22.0 gap=19.7 (face=3.4mm) n=[151, 172, 175, 206, 237, 247, 215, 242, 243]  tape=0.250km B=10.57T unif=1.964% hoop=85MPa
  [1335] OK     f=   0.258  a=16.1 b=22.0 gap=19.7 (face=3.4mm) n=[150, 202, 135, 256, 256, 243, 252, 215, 251]  tape=0.258km B=10.97T unif=0.513% hoop=77MPa
  [1336] OK     f=   0.259  a=16.2 b=22.0 gap=19.7 (face=3.4mm) n=[147, 166, 141, 272, 263, 254, 190, 216, 250]  tape=0.259km B=10.23T unif=0.755% hoop=83MPa
  [1337] OK     f=   0.255  a=16.0 b=21.8 gap=19.8 (face=3.5mm) n=[154, 170, 182, 254, 250, 261, 202, 226, 211]  tape=0.255km B=10.59T unif=0.334% hoop=83MPa
  [1338] viol   f= 527.579  a=15.9 b=21.7 gap=19.7 (face=3.4mm) n=[155, 152, 163, 205, 237, 275, 231, 232, 196]  tape=0.255km B=10.21T unif=2.624% hoop=85MPa
  [1339] OK     f=   0.246  a=16.0 b=22.0 gap=19.7 (face=3.5mm) n=[137, 167, 145, 224, 234, 258, 242, 222, 183]  tape=0.246km B=10.01T unif=0.370% hoop=80MPa
  [1340] viol   f=   0.447  a=16.0 b=21.8 gap=19.7 (face=3.4mm) n=[130, 159, 138, 234, 222, 244, 226, 215, 210]  tape=0.236km B=9.67T unif=0.435% hoop=77MPa
  [1341] viol   f=  10.609  a=16.2 b=21.8 gap=19.7 (face=3.4mm) n=[140, 187, 177, 232, 229, 207, 246, 223, 241]  tape=0.247km B=10.54T unif=1.228% hoop=81MPa
  [1342] OK     f=   0.250  a=15.9 b=21.8 gap=19.7 (face=3.4mm) n=[137, 173, 154, 243, 265, 239, 203, 216, 208]  tape=0.250km B=10.11T unif=0.619% hoop=79MPa
  [a=16 b=22 nt=1832] KSP converged reason: 4, iterations: 1
  [a=16 b=22 nt=1847] KSP converged reason: 4, iterations: 1
  [a=16 b=22 nt=1852] KSP converged reason: 4, iterations: 1
  [a=16 b=22 nt=1855] KSP converged reason: 4, iterations: 1
  [a=16 b=22 nt=1843] KSP converged reason: 4, iterations: 1
  [a=16 b=22 nt=1840] KSP converged reason: 4, iterations: 1
  [a=16 b=22 nt=1847] KSP converged reason: 4, iterations: 1
  [a=16 b=22 nt=1754] KSP converged reason: 4, iterations: 1
  [a=16 b=22 nt=1812] KSP converged reason: 4, iterations: 1
  [a=16 b=22 nt=1899] KSP converged reason: 4, iterations: 1
  [a=16 b=22 nt=1879] KSP converged reason: 4, iterations: 1
  [1343] OK     f=   0.250  a=16.1 b=21.9 gap=19.7 (face=3.5mm) n=[147, 163, 154, 241, 257, 260, 202, 210, 209]  tape=0.250km B=10.17T unif=0.637% hoop=83MPa
  [1344] viol   f=   0.275  a=16.1 b=22.1 gap=19.7 (face=3.4mm) n=[136, 167, 129, 246, 276, 235, 220, 198, 240]  tape=0.257km B=9.91T unif=0.933% hoop=80MPa
  [1345] OK     f=   0.257  a=16.0 b=22.1 gap=19.8 (face=3.6mm) n=[145, 176, 162, 206, 243, 275, 223, 215, 187]  tape=0.257km B=10.24T unif=0.998% hoop=86MPa
  [1346] OK     f=   0.245  a=16.0 b=21.9 gap=19.7 (face=3.4mm) n=[144, 161, 151, 240, 248, 249, 230, 226, 203]  tape=0.245km B=10.13T unif=0.449% hoop=80MPa
  [1347] OK     f=   0.245  a=16.1 b=22.0 gap=19.7 (face=3.4mm) n=[141, 192, 136, 223, 243, 246, 239, 218, 217]  tape=0.245km B=10.42T unif=0.791% hoop=81MPa
  [1348] OK     f=   0.242  a=16.0 b=21.9 gap=19.7 (face=3.5mm) n=[136, 167, 141, 238, 245, 236, 238, 236, 203]  tape=0.242km B=10.05T unif=0.375% hoop=77MPa
  [1349] OK     f=   0.249  a=15.8 b=21.8 gap=19.7 (face=3.4mm) n=[144, 190, 127, 251, 263, 233, 227, 202, 210]  tape=0.249km B=10.41T unif=0.430% hoop=76MPa
  [1350] viol   f=   0.271  a=15.8 b=21.9 gap=19.7 (face=3.5mm) n=[135, 172, 137, 251, 235, 258, 214, 191, 161]  tape=0.239km B=9.87T unif=0.220% hoop=77MPa
  [1351] OK     f=   0.249  a=15.9 b=22.0 gap=19.8 (face=3.5mm) n=[144, 165, 159, 249, 266, 254, 202, 206, 167]  tape=0.249km B=10.08T unif=0.343% hoop=83MPa
  [1352] OK     f=   0.251  a=16.0 b=21.8 gap=19.7 (face=3.4mm) n=[146, 183, 144, 237, 254, 238, 250, 218, 229]  tape=0.251km B=10.53T unif=0.776% hoop=79MPa
  [1353] viol   f=   0.262  a=15.9 b=21.6 gap=19.7 (face=3.4mm) n=[144, 153, 160, 248, 262, 252, 248, 200, 212]  tape=0.250km B=10.20T unif=1.008% hoop=84MPa
  [a=16 b=22 nt=1874] KSP converged reason: 4, iterations: 1
  [a=16 b=22 nt=1827] KSP converged reason: 4, iterations: 1
  [a=16 b=22 nt=1778] KSP converged reason: 4, iterations: 1
  [a=16 b=22 nt=1785] KSP converged reason: 4, iterations: 1
  [a=16 b=22 nt=1832] KSP converged reason: 4, iterations: 1
  [a=16 b=22 nt=1836] KSP converged reason: 4, iterations: 1
  [a=16 b=22 nt=1862] KSP converged reason: 4, iterations: 1
  [a=16 b=22 nt=1914] KSP converged reason: 4, iterations: 1
  [a=16 b=22 nt=1890] KSP converged reason: 4, iterations: 1
  [a=16 b=22 nt=1832] KSP converged reason: 4, iterations: 1
  [a=16 b=22 nt=1716] KSP converged reason: 4, iterations: 1
  [1354] viol   f=   0.316  a=16.0 b=22.1 gap=19.8 (face=3.5mm) n=[131, 167, 148, 231, 213, 261, 220, 230, 177]  tape=0.245km B=9.81T unif=0.164% hoop=81MPa
  [1355] viol   f=   0.276  a=15.9 b=22.0 gap=19.7 (face=3.4mm) n=[133, 171, 140, 217, 263, 240, 212, 237, 172]  tape=0.245km B=9.87T unif=0.276% hoop=79MPa
  [1356] viol   f=  33.006  a=15.9 b=21.9 gap=19.7 (face=3.5mm) n=[146, 149, 157, 220, 236, 238, 253, 249, 188]  tape=0.245km B=10.02T unif=1.405% hoop=83MPa
  [1357] OK     f=   0.252  a=16.0 b=21.8 gap=19.7 (face=3.4mm) n=[146, 178, 134, 245, 262, 231, 235, 221, 222]  tape=0.252km B=10.36T unif=0.888% hoop=78MPa
  [1358] viol   f=   0.278  a=15.9 b=21.8 gap=19.7 (face=3.4mm) n=[131, 171, 126, 231, 241, 262, 241, 228, 196]  tape=0.246km B=9.87T unif=0.578% hoop=75MPa
  [1359] viol   f=   0.285  a=15.9 b=21.8 gap=19.7 (face=3.5mm) n=[140, 150, 149, 229, 253, 223, 241, 249, 198]  tape=0.243km B=9.86T unif=0.525% hoop=80MPa
  [1360] OK     f=   0.257  a=15.9 b=22.0 gap=19.7 (face=3.4mm) n=[141, 170, 138, 236, 276, 248, 231, 226, 196]  tape=0.257km B=10.16T unif=0.531% hoop=82MPa
  [1361] viol   f=   0.512  a=15.9 b=22.1 gap=19.8 (face=3.5mm) n=[130, 163, 142, 217, 240, 248, 201, 213, 162]  tape=0.233km B=9.63T unif=0.345% hoop=77MPa
  [1362] viol   f=  79.176  a=16.0 b=21.8 gap=19.7 (face=3.5mm) n=[133, 174, 150, 247, 247, 247, 231, 194, 209]  tape=0.242km B=10.16T unif=1.628% hoop=77MPa
  [1363] OK     f=   0.259  a=16.2 b=22.0 gap=19.7 (face=3.5mm) n=[145, 200, 148, 248, 257, 265, 223, 209, 219]  tape=0.259km B=10.77T unif=0.832% hoop=80MPa
  [1364] OK     f=   0.259  a=16.1 b=22.2 gap=19.8 (face=3.5mm) n=[145, 191, 129, 253, 254, 269, 231, 188, 230]  tape=0.259km B=10.39T unif=0.163% hoop=78MPa
  [a=16 b=22 nt=1988] KSP converged reason: 4, iterations: 1
  [a=16 b=22 nt=1911] KSP converged reason: 4, iterations: 1
  [a=16 b=22 nt=1843] KSP converged reason: 4, iterations: 1
  [a=16 b=22 nt=1943] KSP converged reason: 4, iterations: 1
  [a=16 b=22 nt=1873] KSP converged reason: 4, iterations: 1
  [a=16 b=22 nt=1911] KSP converged reason: 4, iterations: 1
  [a=16 b=22 nt=1825] KSP converged reason: 4, iterations: 1
  [a=16 b=22 nt=1903] KSP converged reason: 4, iterations: 1
  [a=16 b=22 nt=1873] KSP converged reason: 4, iterations: 1
  [a=16 b=22 nt=1857] KSP converged reason: 4, iterations: 1
  [a=16 b=22 nt=1806] KSP converged reason: 4, iterations: 1
  [1365] viol   f=  21.353  a=16.0 b=22.1 gap=19.7 (face=3.4mm) n=[152, 185, 146, 248, 240, 262, 240, 242, 228]  tape=0.261km B=10.73T unif=1.325% hoop=80MPa
  [1366] viol   f=   0.289  a=16.0 b=21.9 gap=19.7 (face=3.4mm) n=[134, 188, 150, 222, 250, 247, 222, 228, 202]  tape=0.245km B=10.28T unif=1.015% hoop=77MPa
  [1367] OK     f=   0.260  a=16.0 b=21.9 gap=19.7 (face=3.4mm) n=[150, 182, 163, 241, 270, 246, 216, 246, 197]  tape=0.260km B=10.60T unif=0.549% hoop=82MPa
  [1368] OK     f=   0.251  a=16.0 b=21.9 gap=19.7 (face=3.4mm) n=[138, 175, 132, 233, 261, 230, 237, 236, 231]  tape=0.251km B=10.14T unif=0.141% hoop=77MPa
  [1369] OK     f=   0.277  a=16.0 b=22.0 gap=19.7 (face=3.4mm) n=[153, 198, 144, 296, 292, 249, 191, 211, 254]  tape=0.277km B=10.83T unif=0.887% hoop=84MPa
  [1370] OK     f=   0.255  a=16.1 b=22.0 gap=19.7 (face=3.4mm) n=[146, 186, 161, 230, 257, 241, 252, 236, 202]  tape=0.255km B=10.60T unif=0.419% hoop=79MPa
  [1371] OK     f=   0.250  a=15.9 b=21.9 gap=19.7 (face=3.4mm) n=[134, 175, 127, 243, 268, 225, 224, 228, 201]  tape=0.250km B=10.02T unif=0.538% hoop=77MPa
  [1372] OK     f=   0.255  a=16.0 b=21.7 gap=19.7 (face=3.4mm) n=[149, 170, 150, 259, 264, 235, 219, 239, 218]  tape=0.255km B=10.41T unif=0.489% hoop=83MPa
  [1373] OK     f=   0.250  a=16.0 b=21.9 gap=19.7 (face=3.4mm) n=[139, 175, 143, 228, 256, 226, 248, 225, 233]  tape=0.250km B=10.19T unif=0.374% hoop=79MPa
  [1374] viol   f=   2.581  a=16.0 b=21.9 gap=19.7 (face=3.4mm) n=[137, 196, 129, 239, 248, 247, 237, 198, 226]  tape=0.245km B=10.51T unif=1.108% hoop=75MPa
  [1375] viol   f=   0.944  a=16.0 b=22.0 gap=19.7 (face=3.4mm) n=[144, 176, 138, 235, 254, 250, 215, 196, 198]  tape=0.245km B=10.16T unif=1.059% hoop=77MPa
  [a=16 b=22 nt=1929] KSP converged reason: 4, iterations: 1
  [a=16 b=22 nt=1814] KSP converged reason: 4, iterations: 1
  [a=16 b=22 nt=1816] KSP converged reason: 4, iterations: 1
  [a=16 b=22 nt=1849] KSP converged reason: 4, iterations: 1
  [a=16 b=22 nt=1793] KSP converged reason: 4, iterations: 1
  [a=16 b=22 nt=1890] KSP converged reason: 4, iterations: 1
  [a=16 b=22 nt=1833] KSP converged reason: 4, iterations: 1
  [a=16 b=22 nt=1892] KSP converged reason: 4, iterations: 1
  [a=16 b=22 nt=1858] KSP converged reason: 4, iterations: 1
  [a=16 b=22 nt=1915] KSP converged reason: 4, iterations: 1
  [a=16 b=22 nt=1813] KSP converged reason: 4, iterations: 1
  [1376] viol   f=   0.594  a=15.9 b=21.8 gap=19.7 (face=3.3mm) n=[130, 155, 132, 233, 263, 196, 241, 251, 213]  tape=0.245km B=9.58T unif=0.420% hoop=79MPa
  [1377] OK     f=   0.248  a=16.0 b=21.9 gap=19.7 (face=3.4mm) n=[140, 174, 132, 247, 256, 234, 224, 222, 220]  tape=0.248km B=10.15T unif=0.202% hoop=76MPa
  [1378] viol   f=   0.326  a=15.8 b=21.7 gap=19.7 (face=3.3mm) n=[130, 167, 124, 233, 257, 227, 232, 239, 207]  tape=0.242km B=9.79T unif=0.629% hoop=75MPa
  [1379] OK     f=   0.257  a=15.9 b=21.8 gap=19.7 (face=3.3mm) n=[142, 182, 145, 228, 265, 245, 252, 253, 217]  tape=0.257km B=10.48T unif=0.186% hoop=78MPa
  [1380] viol   f=   0.369  a=15.9 b=21.8 gap=19.7 (face=3.4mm) n=[127, 172, 133, 222, 255, 207, 238, 221, 218]  tape=0.241km B=9.75T unif=0.195% hoop=75MPa
  [1381] viol   f=  14.372  a=16.0 b=21.8 gap=19.7 (face=3.4mm) n=[140, 158, 171, 246, 240, 225, 227, 253, 230]  tape=0.250km B=10.14T unif=1.266% hoop=81MPa
  [1382] viol   f=   0.305  a=15.9 b=21.8 gap=19.7 (face=3.3mm) n=[137, 166, 107, 238, 260, 219, 262, 209, 235]  tape=0.246km B=9.83T unif=0.502% hoop=76MPa
  [1383] OK     f=   0.262  a=16.2 b=22.0 gap=19.7 (face=3.4mm) n=[136, 195, 123, 241, 278, 230, 240, 195, 254]  tape=0.262km B=10.28T unif=0.646% hoop=78MPa
  [1384] OK     f=   0.256  a=15.9 b=21.9 gap=19.7 (face=3.4mm) n=[140, 177, 148, 251, 263, 234, 244, 230, 228]  tape=0.256km B=10.33T unif=0.580% hoop=78MPa
  [1385] viol   f=   0.250  a=16.0 b=21.9 gap=19.7 (face=3.4mm) n=[138, 160, 139, 248, 260, 231, 221, 228, 233]  tape=0.250km B=9.99T unif=0.723% hoop=81MPa
  [1386] viol   f=   0.279  a=16.1 b=22.1 gap=19.7 (face=3.4mm) n=[128, 179, 120, 225, 266, 222, 243, 202, 228]  tape=0.249km B=9.88T unif=0.643% hoop=77MPa
  [a=16 b=22 nt=1924] KSP converged reason: 4, iterations: 1
  [a=16 b=22 nt=1941] KSP converged reason: 4, iterations: 1
  [a=16 b=22 nt=1893] KSP converged reason: 4, iterations: 1
  [a=16 b=22 nt=1916] KSP converged reason: 4, iterations: 1
  [a=16 b=22 nt=1888] KSP converged reason: 4, iterations: 1
  [a=16 b=22 nt=1831] KSP converged reason: 4, iterations: 1
  [a=16 b=22 nt=1836] KSP converged reason: 4, iterations: 1
  [a=16 b=22 nt=1884] KSP converged reason: 4, iterations: 1
  [a=16 b=22 nt=1915] KSP converged reason: 4, iterations: 1
  [a=16 b=22 nt=1882] KSP converged reason: 4, iterations: 1
  [a=16 b=22 nt=1879] KSP converged reason: 4, iterations: 1
  [1387] viol   f=   2.488  a=16.0 b=21.8 gap=19.7 (face=3.4mm) n=[145, 165, 170, 251, 259, 262, 222, 249, 218]  tape=0.258km B=10.39T unif=1.106% hoop=85MPa
  [1388] viol   f=   6.473  a=16.0 b=22.0 gap=19.7 (face=3.4mm) n=[141, 164, 131, 274, 265, 227, 216, 219, 256]  tape=0.259km B=10.02T unif=1.176% hoop=81MPa
  [1389] OK     f=   0.263  a=16.1 b=22.0 gap=19.7 (face=3.5mm) n=[153, 176, 157, 268, 274, 245, 211, 212, 228]  tape=0.263km B=10.60T unif=0.430% hoop=85MPa
  [1390] OK     f=   0.257  a=15.9 b=21.9 gap=19.7 (face=3.4mm) n=[142, 174, 148, 248, 265, 256, 232, 244, 207]  tape=0.257km B=10.38T unif=0.515% hoop=81MPa
  [1391] OK     f=   0.246  a=15.9 b=21.9 gap=19.7 (face=3.4mm) n=[139, 165, 133, 233, 259, 239, 238, 230, 195]  tape=0.246km B=10.02T unif=0.452% hoop=78MPa
  [1392] OK     f=   0.248  a=16.1 b=21.9 gap=19.7 (face=3.4mm) n=[142, 165, 156, 241, 247, 239, 241, 227, 230]  tape=0.248km B=10.25T unif=0.585% hoop=80MPa
  [1393] OK     f=   0.243  a=16.0 b=21.9 gap=19.7 (face=3.4mm) n=[138, 182, 125, 224, 247, 235, 239, 208, 238]  tape=0.243km B=10.21T unif=0.842% hoop=75MPa
  [1394] viol   f=   0.261  a=16.0 b=21.9 gap=19.7 (face=3.4mm) n=[140, 171, 140, 263, 276, 237, 213, 214, 230]  tape=0.258km B=10.19T unif=1.003% hoop=82MPa
  [1395] OK     f=   0.257  a=16.0 b=21.9 gap=19.7 (face=3.4mm) n=[146, 173, 127, 268, 265, 245, 230, 210, 251]  tape=0.257km B=10.28T unif=0.652% hoop=79MPa
  [1396] viol   f=  23.351  a=16.1 b=22.0 gap=19.7 (face=3.4mm) n=[149, 179, 153, 226, 251, 240, 243, 209, 232]  tape=0.251km B=10.51T unif=1.340% hoop=80MPa
  [1397] OK     f=   0.252  a=15.9 b=21.8 gap=19.7 (face=3.4mm) n=[140, 164, 161, 237, 263, 259, 233, 223, 199]  tape=0.252km B=10.20T unif=0.730% hoop=82MPa
  [a=16 b=22 nt=1802] KSP converged reason: 4, iterations: 1
  [a=16 b=22 nt=1900] KSP converged reason: 4, iterations: 1
  [a=16 b=22 nt=1898] KSP converged reason: 4, iterations: 1
  [a=16 b=22 nt=1876] KSP converged reason: 4, iterations: 1
  [a=16 b=22 nt=1840] KSP converged reason: 4, iterations: 1
  [a=16 b=22 nt=1906] KSP converged reason: 4, iterations: 1
  [a=16 b=22 nt=1900] KSP converged reason: 4, iterations: 1
  [a=16 b=22 nt=1817] KSP converged reason: 4, iterations: 1
  [a=16 b=22 nt=1836] KSP converged reason: 4, iterations: 1
  [a=16 b=22 nt=1797] KSP converged reason: 4, iterations: 1
  [a=16 b=22 nt=1869] KSP converged reason: 4, iterations: 1
  [1398] OK     f=   0.250  a=16.0 b=21.9 gap=19.7 (face=3.4mm) n=[137, 187, 131, 239, 249, 239, 252, 231, 233]  tape=0.250km B=10.41T unif=0.605% hoop=80MPa
  [1399] viol   f=   2.469  a=16.0 b=21.9 gap=19.7 (face=3.4mm) n=[135, 153, 128, 198, 249, 241, 256, 213, 229]  tape=0.243km B=9.60T unif=1.098% hoop=80MPa
  [1400] OK     f=   0.252  a=16.1 b=21.9 gap=19.7 (face=3.5mm) n=[141, 185, 136, 252, 253, 251, 230, 218, 240]  tape=0.252km B=10.42T unif=0.338% hoop=76MPa
  [1401] viol   f=   0.368  a=16.0 b=21.9 gap=19.7 (face=3.3mm) n=[128, 178, 113, 235, 251, 229, 240, 226, 240]  tape=0.244km B=9.96T unif=1.025% hoop=73MPa
  [1402] OK     f=   0.258  a=16.2 b=22.1 gap=19.7 (face=3.4mm) n=[141, 188, 129, 230, 265, 247, 241, 222, 237]  tape=0.258km B=10.37T unif=0.250% hoop=78MPa
  [1403] OK     f=   0.254  a=16.0 b=21.9 gap=19.7 (face=3.4mm) n=[141, 174, 142, 238, 265, 256, 233, 217, 210]  tape=0.254km B=10.22T unif=0.261% hoop=81MPa
  [1404] OK     f=   0.254  a=16.2 b=22.0 gap=19.7 (face=3.4mm) n=[144, 184, 140, 244, 257, 241, 241, 213, 236]  tape=0.254km B=10.47T unif=0.287% hoop=79MPa
  [1405] OK     f=   0.239  a=15.9 b=21.9 gap=19.7 (face=3.4mm) n=[140, 162, 151, 226, 240, 242, 237, 217, 202]  tape=0.239km B=10.05T unif=0.465% hoop=79MPa
  [1406] OK     f=   0.246  a=15.9 b=21.8 gap=19.7 (face=3.4mm) n=[139, 171, 123, 236, 260, 241, 257, 200, 209]  tape=0.246km B=10.06T unif=0.280% hoop=77MPa
  [1407] viol   f=   0.243  a=15.9 b=21.9 gap=19.7 (face=3.3mm) n=[131, 181, 132, 226, 254, 238, 212, 220, 203]  tape=0.242km B=9.98T unif=0.358% hoop=74MPa
  [1408] OK     f=   0.249  a=16.0 b=22.0 gap=19.7 (face=3.4mm) n=[141, 185, 133, 245, 247, 243, 253, 224, 198]  tape=0.249km B=10.39T unif=0.316% hoop=75MPa
  [a=16 b=22 nt=1819] KSP converged reason: 4, iterations: 1
  [a=16 b=22 nt=1816] KSP converged reason: 4, iterations: 1
  [a=16 b=22 nt=1842] KSP converged reason: 4, iterations: 1
  [a=16 b=22 nt=1797] KSP converged reason: 4, iterations: 1
  [a=16 b=22 nt=1802] KSP converged reason: 4, iterations: 1
  [a=16 b=22 nt=1863] KSP converged reason: 4, iterations: 1
  [a=16 b=22 nt=1863] KSP converged reason: 4, iterations: 1
  [a=16 b=22 nt=1864] KSP converged reason: 4, iterations: 1
  [a=16 b=22 nt=1823] KSP converged reason: 4, iterations: 1
  [a=16 b=22 nt=1879] KSP converged reason: 4, iterations: 1
  [a=16 b=22 nt=1797] KSP converged reason: 4, iterations: 1
  [1409] viol   f=   0.272  a=15.9 b=22.0 gap=19.7 (face=3.4mm) n=[133, 164, 136, 239, 249, 245, 226, 206, 199]  tape=0.240km B=9.87T unif=0.497% hoop=76MPa
  [1410] OK     f=   0.248  a=15.9 b=21.9 gap=19.7 (face=3.4mm) n=[146, 162, 146, 255, 256, 246, 223, 228, 201]  tape=0.248km B=10.22T unif=0.766% hoop=82MPa
  [1411] viol   f=   0.242  a=15.9 b=21.8 gap=19.7 (face=3.4mm) n=[138, 161, 151, 219, 245, 238, 221, 225, 204]  tape=0.239km B=9.96T unif=0.667% hoop=80MPa
  [1412] OK     f=   0.244  a=15.9 b=21.9 gap=19.7 (face=3.4mm) n=[143, 161, 157, 225, 234, 248, 245, 220, 209]  tape=0.244km B=10.12T unif=0.719% hoop=80MPa
  [1413] OK     f=   0.242  a=16.0 b=21.9 gap=19.7 (face=3.4mm) n=[138, 175, 146, 232, 247, 245, 221, 210, 202]  tape=0.242km B=10.17T unif=0.387% hoop=78MPa
  [1414] viol   f=   0.260  a=15.8 b=21.8 gap=19.7 (face=3.4mm) n=[140, 157, 143, 246, 263, 232, 227, 206, 205]  tape=0.246km B=9.92T unif=0.436% hoop=80MPa
  [1415] OK     f=   0.247  a=15.9 b=21.9 gap=19.7 (face=3.3mm) n=[138, 169, 153, 235, 243, 252, 238, 234, 201]  tape=0.247km B=10.17T unif=0.542% hoop=78MPa
  [1416] OK     f=   0.243  a=16.0 b=22.0 gap=19.7 (face=3.4mm) n=[137, 174, 135, 228, 248, 248, 226, 199, 228]  tape=0.243km B=10.12T unif=0.514% hoop=81MPa
  [1417] viol   f=  39.378  a=16.1 b=22.0 gap=19.7 (face=3.4mm) n=[131, 188, 148, 236, 246, 249, 226, 215, 225]  tape=0.247km B=10.37T unif=1.442% hoop=78MPa
  [1418] OK     f=   0.254  a=16.0 b=21.9 gap=19.7 (face=3.4mm) n=[144, 175, 138, 229, 245, 236, 265, 224, 223]  tape=0.254km B=10.28T unif=0.961% hoop=81MPa
  [1419] viol   f=   0.239  a=15.8 b=21.9 gap=19.7 (face=3.4mm) n=[137, 165, 137, 245, 249, 247, 236, 201, 180]  tape=0.239km B=9.98T unif=0.334% hoop=78MPa
  [a=16 b=22 nt=1843] KSP converged reason: 4, iterations: 1
  [a=16 b=22 nt=1801] KSP converged reason: 4, iterations: 1
  [a=16 b=22 nt=1746] KSP converged reason: 4, iterations: 1
  [a=16 b=22 nt=1801] KSP converged reason: 4, iterations: 1
  [a=16 b=22 nt=1866] KSP converged reason: 4, iterations: 1
  [a=16 b=22 nt=1808] KSP converged reason: 4, iterations: 1
  [a=16 b=22 nt=1819] KSP converged reason: 4, iterations: 1
  [a=16 b=22 nt=1814] KSP converged reason: 4, iterations: 1
  [a=16 b=22 nt=1740] KSP converged reason: 4, iterations: 1
  [a=16 b=22 nt=1789] KSP converged reason: 4, iterations: 1
  [a=16 b=22 nt=1807] KSP converged reason: 4, iterations: 1
  [1420] viol   f=   0.304  a=15.8 b=22.1 gap=19.7 (face=3.4mm) n=[134, 168, 126, 242, 236, 246, 213, 193, 188]  tape=0.235km B=9.81T unif=0.332% hoop=74MPa
  [1421] OK     f=   0.244  a=15.9 b=22.0 gap=19.7 (face=3.4mm) n=[140, 175, 143, 235, 256, 245, 226, 201, 180]  tape=0.244km B=10.15T unif=0.480% hoop=78MPa
  [1422] OK     f=   0.247  a=16.0 b=21.8 gap=19.7 (face=3.4mm) n=[143, 164, 153, 237, 251, 240, 232, 222, 224]  tape=0.247km B=10.15T unif=0.332% hoop=80MPa
  [1423] OK     f=   0.249  a=15.9 b=22.0 gap=19.7 (face=3.4mm) n=[144, 178, 131, 250, 262, 251, 230, 192, 205]  tape=0.249km B=10.28T unif=0.495% hoop=77MPa
  [1424] OK     f=   0.246  a=15.9 b=22.0 gap=19.7 (face=3.4mm) n=[135, 180, 129, 242, 264, 257, 214, 194, 186]  tape=0.246km B=10.09T unif=0.468% hoop=76MPa
  [1425] viol   f=   0.254  a=15.8 b=22.0 gap=19.7 (face=3.4mm) n=[135, 164, 138, 241, 247, 248, 223, 209, 203]  tape=0.241km B=9.92T unif=0.429% hoop=77MPa
  [1426] viol   f=   3.334  a=15.8 b=22.0 gap=19.7 (face=3.3mm) n=[139, 167, 150, 202, 240, 249, 249, 234, 189]  tape=0.242km B=10.07T unif=1.124% hoop=79MPa
  [1427] viol   f=   0.355  a=15.8 b=21.9 gap=19.7 (face=3.4mm) n=[127, 168, 136, 215, 242, 243, 241, 199, 169]  tape=0.232km B=9.75T unif=0.191% hoop=75MPa
  [1428] viol   f=   0.256  a=15.9 b=22.0 gap=19.7 (face=3.4mm) n=[139, 162, 147, 233, 231, 258, 229, 216, 199]  tape=0.246km B=9.93T unif=0.509% hoop=80MPa
  [1429] viol   f=   0.260  a=16.0 b=21.9 gap=19.7 (face=3.5mm) n=[134, 169, 130, 230, 237, 258, 231, 207, 193]  tape=0.243km B=9.91T unif=0.257% hoop=77MPa
  [1430] viol   f=   3.813  a=15.9 b=22.0 gap=19.7 (face=3.4mm) n=[142, 171, 139, 236, 252, 231, 218, 217, 201]  tape=0.243km B=10.11T unif=1.134% hoop=91MPa
  [a=16 b=22 nt=1810] KSP converged reason: 4, iterations: 1
  [a=16 b=22 nt=1780] KSP converged reason: 4, iterations: 1
  [a=16 b=22 nt=1848] KSP converged reason: 4, iterations: 1
  [a=16 b=22 nt=1766] KSP converged reason: 4, iterations: 1
  [a=16 b=22 nt=1817] KSP converged reason: 4, iterations: 1
  [a=16 b=22 nt=1796] KSP converged reason: 4, iterations: 1
  [a=16 b=22 nt=1847] KSP converged reason: 4, iterations: 1
  [a=16 b=22 nt=1800] KSP converged reason: 4, iterations: 1
  [a=16 b=22 nt=1792] KSP converged reason: 4, iterations: 1
  [a=16 b=22 nt=1839] KSP converged reason: 4, iterations: 1
  [a=16 b=22 nt=1813] KSP converged reason: 4, iterations: 1
  [1431] OK     f=   0.249  a=16.0 b=21.9 gap=19.7 (face=3.4mm) n=[140, 177, 125, 249, 268, 237, 204, 216, 201]  tape=0.249km B=10.06T unif=0.214% hoop=77MPa
  [1432] OK     f=   0.247  a=15.9 b=21.9 gap=19.7 (face=3.4mm) n=[137, 180, 143, 219, 262, 245, 219, 203, 202]  tape=0.247km B=10.10T unif=0.500% hoop=77MPa
  [1433] viol   f=   0.245  a=15.8 b=21.8 gap=19.7 (face=3.4mm) n=[134, 171, 132, 223, 261, 247, 243, 199, 186]  tape=0.243km B=9.97T unif=0.161% hoop=77MPa
  [1434] viol   f=   0.310  a=15.9 b=22.0 gap=19.7 (face=3.4mm) n=[136, 165, 127, 223, 256, 245, 224, 199, 191]  tape=0.240km B=9.81T unif=0.495% hoop=77MPa
  [1435] viol   f=   0.253  a=15.8 b=21.9 gap=19.7 (face=3.4mm) n=[135, 166, 138, 235, 257, 241, 235, 195, 178]  tape=0.241km B=9.92T unif=0.299% hoop=79MPa
  [1436] OK     f=   0.250  a=16.0 b=22.1 gap=19.7 (face=3.4mm) n=[139, 179, 149, 234, 246, 255, 230, 211, 205]  tape=0.250km B=10.26T unif=0.289% hoop=77MPa
  [1437] OK     f=   0.257  a=16.0 b=21.9 gap=19.7 (face=3.4mm) n=[140, 174, 137, 252, 280, 248, 218, 194, 204]  tape=0.257km B=10.12T unif=0.761% hoop=83MPa
  [1438] viol   f=   0.246  a=15.9 b=21.9 gap=19.7 (face=3.4mm) n=[136, 176, 122, 241, 258, 230, 228, 206, 203]  tape=0.244km B=9.97T unif=0.188% hoop=75MPa
  [1439] viol   f=   0.347  a=16.0 b=22.0 gap=19.7 (face=3.4mm) n=[133, 167, 122, 238, 269, 238, 223, 190, 212]  tape=0.248km B=9.78T unif=0.673% hoop=78MPa
  [1440] OK     f=   0.244  a=15.8 b=22.0 gap=19.7 (face=3.4mm) n=[136, 177, 132, 238, 255, 247, 223, 219, 186]  tape=0.244km B=10.12T unif=0.127% hoop=75MPa
  [1441] OK     f=   0.252  a=16.0 b=22.0 gap=19.7 (face=3.5mm) n=[141, 171, 147, 268, 253, 257, 219, 186, 197]  tape=0.252km B=10.15T unif=0.673% hoop=82MPa
  [a=16 b=22 nt=1794] KSP converged reason: 4, iterations: 1
  [a=16 b=22 nt=1824] KSP converged reason: 4, iterations: 1
  [a=16 b=22 nt=1772] KSP converged reason: 4, iterations: 1
  [a=16 b=22 nt=1779] KSP converged reason: 4, iterations: 1
  [a=16 b=22 nt=1798] KSP converged reason: 4, iterations: 1
  [a=16 b=22 nt=1815] KSP converged reason: 4, iterations: 1
  [a=16 b=22 nt=1793] KSP converged reason: 4, iterations: 1
  [a=16 b=22 nt=1795] KSP converged reason: 4, iterations: 1
  [a=16 b=22 nt=1840] KSP converged reason: 4, iterations: 1
  [a=16 b=22 nt=1879] KSP converged reason: 4, iterations: 1
  [a=16 b=22 nt=1814] KSP converged reason: 4, iterations: 1
  [1442] OK     f=   0.243  a=15.7 b=21.9 gap=19.7 (face=3.4mm) n=[135, 179, 129, 233, 261, 254, 214, 210, 179]  tape=0.243km B=10.06T unif=0.181% hoop=75MPa
  [1443] OK     f=   0.251  a=15.8 b=22.0 gap=19.7 (face=3.3mm) n=[139, 188, 133, 257, 272, 249, 207, 208, 171]  tape=0.251km B=10.24T unif=0.388% hoop=78MPa
  [1444] viol   f=   0.245  a=15.8 b=21.9 gap=19.7 (face=3.4mm) n=[137, 174, 125, 234, 257, 235, 222, 206, 182]  tape=0.240km B=9.95T unif=0.550% hoop=75MPa
  [1445] OK     f=   0.243  a=15.8 b=21.9 gap=19.7 (face=3.4mm) n=[134, 177, 123, 230, 259, 242, 243, 203, 187]  tape=0.243km B=10.01T unif=0.098% hoop=76MPa
  [1446] OK     f=   0.242  a=15.8 b=21.9 gap=19.7 (face=3.4mm) n=[134, 186, 123, 237, 261, 239, 230, 186, 183]  tape=0.242km B=10.06T unif=0.456% hoop=74MPa
  [1447] OK     f=   0.238  a=15.8 b=21.7 gap=19.7 (face=3.4mm) n=[134, 165, 151, 221, 243, 241, 238, 237, 185]  tape=0.238km B=10.02T unif=0.204% hoop=78MPa
  [1448] viol   f=   0.274  a=15.8 b=21.9 gap=19.7 (face=3.4mm) n=[138, 169, 118, 230, 262, 241, 234, 201, 200]  tape=0.243km B=9.88T unif=0.576% hoop=75MPa
  [1449] OK     f=   0.246  a=15.8 b=22.0 gap=19.7 (face=3.4mm) n=[136, 185, 110, 230, 266, 236, 237, 202, 193]  tape=0.246km B=10.05T unif=0.176% hoop=74MPa
  [1450] OK     f=   0.252  a=16.0 b=21.9 gap=19.7 (face=3.4mm) n=[142, 183, 129, 240, 269, 242, 233, 183, 219]  tape=0.252km B=10.22T unif=0.330% hoop=77MPa
  [1451] OK     f=   0.252  a=15.8 b=21.9 gap=19.7 (face=3.4mm) n=[140, 181, 155, 241, 261, 246, 232, 223, 200]  tape=0.252km B=10.36T unif=0.845% hoop=77MPa
  [1452] OK     f=   0.242  a=15.8 b=21.9 gap=19.7 (face=3.4mm) n=[135, 182, 144, 239, 251, 244, 224, 221, 174]  tape=0.242km B=10.24T unif=0.468% hoop=80MPa
  [a=16 b=22 nt=1858] KSP converged reason: 4, iterations: 1
  [a=16 b=22 nt=1810] KSP converged reason: 4, iterations: 1
  [a=16 b=22 nt=1823] KSP converged reason: 4, iterations: 1
  [a=16 b=22 nt=1820] KSP converged reason: 4, iterations: 1
  [a=16 b=22 nt=1799] KSP converged reason: 4, iterations: 1
  [a=16 b=22 nt=1823] KSP converged reason: 4, iterations: 1
  [a=16 b=22 nt=1787] KSP converged reason: 4, iterations: 1
  [a=16 b=22 nt=1777] KSP converged reason: 4, iterations: 1
  [a=16 b=22 nt=1868] KSP converged reason: 4, iterations: 1
  [a=16 b=22 nt=1835] KSP converged reason: 4, iterations: 1
  [a=16 b=22 nt=1717] KSP converged reason: 4, iterations: 1
  [1453] OK     f=   0.243  a=15.9 b=21.8 gap=19.7 (face=3.4mm) n=[134, 173, 154, 236, 238, 252, 233, 210, 193]  tape=0.243km B=10.15T unif=0.923% hoop=78MPa
  [1454] OK     f=   0.242  a=15.9 b=21.8 gap=19.7 (face=3.4mm) n=[134, 184, 128, 241, 252, 235, 236, 210, 200]  tape=0.242km B=10.19T unif=0.551% hoop=79MPa
  [1455] OK     f=   0.247  a=15.7 b=21.8 gap=19.7 (face=3.4mm) n=[138, 165, 147, 227, 269, 255, 227, 205, 177]  tape=0.247km B=10.01T unif=0.264% hoop=80MPa
  [1456] OK     f=   0.244  a=15.8 b=21.9 gap=19.7 (face=3.4mm) n=[131, 181, 136, 234, 247, 234, 253, 211, 196]  tape=0.244km B=10.10T unif=0.628% hoop=75MPa
  [1457] OK     f=   0.247  a=15.9 b=21.8 gap=19.7 (face=3.4mm) n=[139, 178, 147, 235, 254, 256, 235, 214, 200]  tape=0.247km B=10.33T unif=0.285% hoop=77MPa
  [1458] OK     f=   0.242  a=15.8 b=22.0 gap=19.7 (face=3.4mm) n=[139, 176, 141, 231, 246, 253, 220, 225, 168]  tape=0.242km B=10.13T unif=0.478% hoop=77MPa
  [1459] viol   f=   0.238  a=15.8 b=21.9 gap=19.7 (face=3.4mm) n=[134, 175, 123, 240, 242, 249, 219, 215, 180]  tape=0.237km B=9.98T unif=0.101% hoop=74MPa
  [1460] viol   f=   0.254  a=15.8 b=21.7 gap=19.7 (face=3.4mm) n=[134, 166, 138, 229, 244, 223, 246, 217, 190]  tape=0.236km B=9.90T unif=0.357% hoop=76MPa
  [1461] OK     f=   0.249  a=16.0 b=21.9 gap=19.7 (face=3.4mm) n=[140, 177, 150, 240, 254, 241, 243, 213, 210]  tape=0.249km B=10.29T unif=0.510% hoop=79MPa
  [1462] viol   f=   0.572  a=15.7 b=21.7 gap=19.7 (face=3.4mm) n=[125, 167, 125, 217, 243, 235, 246, 204, 155]  tape=0.228km B=9.59T unif=0.184% hoop=72MPa
  [1463] OK     f=   0.245  a=15.8 b=21.9 gap=19.7 (face=3.4mm) n=[138, 176, 158, 220, 252, 253, 236, 217, 185]  tape=0.245km B=10.28T unif=0.403% hoop=79MPa
  [a=16 b=22 nt=1826] KSP converged reason: 4, iterations: 1
  [a=16 b=22 nt=1779] KSP converged reason: 4, iterations: 1
  [a=16 b=22 nt=1819] KSP converged reason: 4, iterations: 1
  [a=16 b=22 nt=1828] KSP converged reason: 4, iterations: 1
  [a=16 b=22 nt=1819] KSP converged reason: 4, iterations: 1
  [a=16 b=22 nt=1820] KSP converged reason: 4, iterations: 1
  [a=16 b=22 nt=1775] KSP converged reason: 4, iterations: 1
  [a=16 b=22 nt=1834] KSP converged reason: 4, iterations: 1
  [a=16 b=22 nt=1828] KSP converged reason: 4, iterations: 1
  [a=16 b=22 nt=1793] KSP converged reason: 4, iterations: 1
  [a=16 b=22 nt=1787] KSP converged reason: 4, iterations: 1
  [1464] OK     f=   0.239  a=15.9 b=21.8 gap=19.7 (face=3.4mm) n=[136, 171, 143, 234, 243, 241, 229, 228, 194]  tape=0.239km B=10.10T unif=0.165% hoop=75MPa
  [1465] OK     f=   0.244  a=15.9 b=21.9 gap=19.7 (face=3.4mm) n=[140, 186, 122, 251, 243, 254, 223, 209, 200]  tape=0.244km B=10.19T unif=0.192% hoop=74MPa
  [1466] OK     f=   0.244  a=15.9 b=22.0 gap=19.7 (face=3.4mm) n=[134, 184, 143, 239, 243, 252, 220, 217, 187]  tape=0.244km B=10.26T unif=0.682% hoop=77MPa
  [1467] OK     f=   0.245  a=15.8 b=21.9 gap=19.7 (face=3.4mm) n=[138, 179, 138, 258, 254, 250, 223, 182, 204]  tape=0.245km B=10.19T unif=0.548% hoop=77MPa
  [1468] viol   f=   0.242  a=15.8 b=21.9 gap=19.7 (face=3.4mm) n=[131, 174, 142, 221, 253, 242, 229, 219, 168]  tape=0.239km B=9.96T unif=0.211% hoop=75MPa
  [1469] OK     f=   0.241  a=15.9 b=21.9 gap=19.7 (face=3.4mm) n=[136, 179, 130, 236, 248, 245, 232, 221, 193]  tape=0.241km B=10.16T unif=0.170% hoop=75MPa
  [1470] OK     f=   0.233  a=15.9 b=21.9 gap=19.7 (face=3.4mm) n=[131, 183, 131, 225, 236, 237, 223, 219, 190]  tape=0.233km B=10.07T unif=0.591% hoop=72MPa
  [1471] OK     f=   0.243  a=15.8 b=21.8 gap=19.7 (face=3.4mm) n=[142, 179, 134, 250, 247, 253, 227, 226, 176]  tape=0.243km B=10.34T unif=0.294% hoop=76MPa
  [1472] viol   f=   0.263  a=15.8 b=21.8 gap=19.7 (face=3.4mm) n=[131, 166, 132, 235, 236, 245, 236, 232, 180]  tape=0.236km B=9.88T unif=0.332% hoop=80MPa
  [1473] OK     f=   0.249  a=15.9 b=21.9 gap=19.7 (face=3.4mm) n=[142, 179, 124, 258, 265, 249, 214, 218, 179]  tape=0.249km B=10.10T unif=0.369% hoop=75MPa
  [1474] viol   f=   0.240  a=15.7 b=21.9 gap=19.7 (face=3.4mm) n=[134, 173, 137, 244, 247, 253, 206, 219, 174]  tape=0.239km B=9.98T unif=0.369% hoop=75MPa
  [a=16 b=22 nt=1833] KSP converged reason: 4, iterations: 1
  [a=16 b=22 nt=1787] KSP converged reason: 4, iterations: 1
  [a=16 b=22 nt=1772] KSP converged reason: 4, iterations: 1
  [a=16 b=22 nt=1718] KSP converged reason: 4, iterations: 1
  [a=16 b=22 nt=1750] KSP converged reason: 4, iterations: 1
  [a=16 b=22 nt=1763] KSP converged reason: 4, iterations: 1
  [a=16 b=22 nt=1747] KSP converged reason: 4, iterations: 1
  [a=16 b=22 nt=1715] KSP converged reason: 4, iterations: 1
  [a=16 b=22 nt=1823] KSP converged reason: 4, iterations: 1
  [a=16 b=22 nt=1774] KSP converged reason: 4, iterations: 1
  [a=16 b=22 nt=1838] KSP converged reason: 4, iterations: 1
  [1475] viol   f=   0.237  a=15.8 b=21.8 gap=19.7 (face=3.3mm) n=[129, 179, 124, 236, 247, 233, 219, 232, 188]  tape=0.237km B=9.98T unif=0.694% hoop=74MPa
  [1476] viol   f=   0.261  a=15.8 b=21.8 gap=19.7 (face=3.4mm) n=[133, 158, 159, 225, 238, 241, 220, 218, 180]  tape=0.234km B=9.88T unif=0.527% hoop=82MPa
  [1477] viol   f=   0.232  a=15.9 b=21.9 gap=19.7 (face=3.3mm) n=[129, 184, 132, 217, 237, 224, 208, 221, 198]  tape=0.231km B=9.98T unif=0.722% hoop=76MPa
  [1478] OK     f=   0.244  a=15.8 b=21.8 gap=19.7 (face=3.3mm) n=[138, 178, 137, 237, 255, 246, 220, 233, 189]  tape=0.244km B=10.23T unif=0.226% hoop=77MPa
  [1479] viol   f=   0.427  a=15.7 b=21.8 gap=19.7 (face=3.4mm) n=[124, 171, 135, 206, 235, 224, 227, 224, 172]  tape=0.226km B=9.68T unif=0.454% hoop=75MPa
  [1480] viol   f=   0.246  a=15.8 b=22.0 gap=19.7 (face=3.4mm) n=[133, 177, 116, 233, 246, 247, 224, 202, 185]  tape=0.236km B=9.93T unif=0.146% hoop=72MPa
  [1481] OK     f=   0.234  a=15.7 b=21.9 gap=19.6 (face=3.3mm) n=[129, 185, 148, 209, 244, 248, 205, 224, 155]  tape=0.234km B=10.02T unif=0.630% hoop=75MPa
  [1482] viol   f=   0.566  a=15.9 b=21.9 gap=19.7 (face=3.4mm) n=[124, 172, 121, 206, 212, 233, 243, 225, 179]  tape=0.230km B=9.59T unif=0.623% hoop=73MPa
  [1483] viol   f=   0.243  a=15.8 b=21.7 gap=19.7 (face=3.4mm) n=[130, 171, 145, 221, 239, 241, 211, 231, 185]  tape=0.233km B=9.93T unif=0.317% hoop=76MPa
  [1484] OK     f=   0.245  a=15.9 b=22.0 gap=19.7 (face=3.4mm) n=[140, 182, 148, 239, 243, 254, 219, 219, 179]  tape=0.245km B=10.31T unif=0.391% hoop=76MPa
  [1485] OK     f=   0.244  a=15.9 b=21.9 gap=19.7 (face=3.4mm) n=[138, 183, 129, 245, 250, 246, 225, 220, 202]  tape=0.244km B=10.24T unif=0.267% hoop=74MPa
  [a=16 b=22 nt=1765] KSP converged reason: 4, iterations: 1
  [a=16 b=22 nt=1726] KSP converged reason: 4, iterations: 1
  [a=16 b=22 nt=1715] KSP converged reason: 4, iterations: 1
  [a=16 b=22 nt=1805] KSP converged reason: 4, iterations: 1
  [a=16 b=22 nt=1752] KSP converged reason: 4, iterations: 1
  [a=16 b=22 nt=1763] KSP converged reason: 4, iterations: 1
  [a=16 b=22 nt=1788] KSP converged reason: 4, iterations: 1
  [a=16 b=22 nt=1734] KSP converged reason: 4, iterations: 1
  [a=16 b=22 nt=1740] KSP converged reason: 4, iterations: 1
  [a=16 b=22 nt=1704] KSP converged reason: 4, iterations: 1
  [a=16 b=22 nt=1762] KSP converged reason: 4, iterations: 1
  [1486] viol   f=  13.572  a=15.8 b=22.0 gap=19.7 (face=3.3mm) n=[132, 200, 126, 214, 237, 245, 209, 230, 170]  tape=0.235km B=10.31T unif=1.258% hoop=72MPa
  [1487] viol   f=   4.782  a=15.8 b=21.9 gap=19.6 (face=3.3mm) n=[124, 187, 114, 227, 243, 231, 222, 210, 194]  tape=0.232km B=9.92T unif=1.151% hoop=71MPa
  [1488] OK     f=   0.234  a=15.8 b=21.9 gap=19.7 (face=3.4mm) n=[131, 186, 127, 228, 243, 227, 208, 221, 194]  tape=0.234km B=10.04T unif=0.544% hoop=76MPa
  [1489] viol   f=   8.927  a=15.8 b=21.9 gap=19.7 (face=3.3mm) n=[132, 188, 151, 225, 236, 244, 210, 238, 181]  tape=0.238km B=10.28T unif=1.208% hoop=76MPa
  [1490] viol   f=   0.389  a=15.7 b=21.8 gap=19.7 (face=3.3mm) n=[122, 183, 129, 205, 250, 233, 212, 226, 155]  tape=0.231km B=9.72T unif=0.668% hoop=72MPa
  [1491] OK     f=   0.232  a=15.7 b=22.0 gap=19.7 (face=3.3mm) n=[127, 193, 128, 209, 246, 234, 213, 216, 160]  tape=0.232km B=10.02T unif=0.941% hoop=71MPa
  [1492] viol   f=   0.235  a=15.9 b=21.8 gap=19.7 (face=3.3mm) n=[132, 173, 147, 228, 240, 222, 209, 236, 201]  tape=0.235km B=9.99T unif=0.299% hoop=75MPa
  [1493] viol   f=   0.286  a=15.8 b=21.8 gap=19.7 (face=3.3mm) n=[126, 181, 120, 216, 229, 230, 207, 214, 181]  tape=0.223km B=9.82T unif=0.784% hoop=70MPa
  [1494] OK     f=   0.230  a=15.9 b=21.9 gap=19.7 (face=3.4mm) n=[134, 184, 151, 225, 229, 230, 207, 219, 183]  tape=0.230km B=10.19T unif=0.875% hoop=74MPa
  [1495] viol   f=   0.265  a=15.8 b=21.7 gap=19.7 (face=3.3mm) n=[126, 177, 156, 201, 230, 227, 210, 246, 167]  tape=0.233km B=9.87T unif=0.693% hoop=77MPa
  [1496] viol   f=   2.086  a=15.9 b=21.8 gap=19.7 (face=3.3mm) n=[131, 187, 139, 200, 247, 220, 211, 217, 182]  tape=0.233km B=10.04T unif=1.096% hoop=75MPa
  [a=16 b=22 nt=1801] KSP converged reason: 4, iterations: 1
  [a=16 b=22 nt=1724] KSP converged reason: 4, iterations: 1
  [a=16 b=22 nt=1754] KSP converged reason: 4, iterations: 1
  [a=16 b=22 nt=1762] KSP converged reason: 4, iterations: 1
  [a=16 b=22 nt=1692] KSP converged reason: 4, iterations: 1
  [a=16 b=22 nt=1706] KSP converged reason: 4, iterations: 1
  [a=16 b=22 nt=1749] KSP converged reason: 4, iterations: 1
  [a=16 b=22 nt=1775] KSP converged reason: 4, iterations: 1
  [a=16 b=22 nt=1766] KSP converged reason: 4, iterations: 1
  [a=16 b=22 nt=1765] KSP converged reason: 4, iterations: 1
  [a=16 b=22 nt=1772] KSP converged reason: 4, iterations: 1
  [1497] viol   f=  32.092  a=15.7 b=21.8 gap=19.7 (face=3.3mm) n=[132, 190, 155, 186, 226, 225, 195, 225, 158]  tape=0.221km B=10.12T unif=1.399% hoop=79MPa
  [1498] OK     f=   0.238  a=15.8 b=21.9 gap=19.7 (face=3.3mm) n=[134, 187, 141, 222, 251, 228, 198, 214, 187]  tape=0.238km B=10.14T unif=0.869% hoop=79MPa
  [1499] viol   f=   0.309  a=15.8 b=21.9 gap=19.7 (face=3.4mm) n=[130, 176, 120, 232, 237, 227, 214, 205, 183]  tape=0.228km B=9.80T unif=0.420% hoop=71MPa
  [1500] viol   f=   7.608  a=15.8 b=21.9 gap=19.7 (face=3.3mm) n=[133, 195, 118, 233, 244, 231, 222, 212, 213]  tape=0.238km B=10.30T unif=1.192% hoop=76MPa
  [1501] viol   f=   1.763  a=15.8 b=22.0 gap=19.7 (face=3.3mm) n=[127, 191, 131, 233, 243, 230, 201, 198, 152]  tape=0.229km B=9.94T unif=1.087% hoop=71MPa
  [1502] OK     f=   0.232  a=15.8 b=21.9 gap=19.7 (face=3.3mm) n=[130, 185, 136, 212, 238, 217, 227, 217, 192]  tape=0.232km B=10.06T unif=0.853% hoop=77MPa
  [1503] viol   f=  30.337  a=15.8 b=21.9 gap=19.7 (face=3.3mm) n=[126, 193, 147, 204, 224, 225, 212, 241, 177]  tape=0.232km B=10.14T unif=1.388% hoop=74MPa
  [1504] viol   f=   0.430  a=15.8 b=21.9 gap=19.7 (face=3.3mm) n=[134, 195, 140, 225, 246, 242, 202, 211, 180]  tape=0.237km B=10.34T unif=1.031% hoop=74MPa
  [1505] viol   f=   7.479  a=15.9 b=21.9 gap=19.7 (face=3.3mm) n=[129, 194, 146, 198, 239, 212, 221, 233, 194]  tape=0.234km B=10.20T unif=1.190% hoop=76MPa
  [1506] OK     f=   0.237  a=15.8 b=22.0 gap=19.7 (face=3.3mm) n=[129, 192, 139, 218, 233, 247, 207, 219, 181]  tape=0.237km B=10.18T unif=0.974% hoop=75MPa
  [1507] OK     f=   0.235  a=15.8 b=21.9 gap=19.7 (face=3.3mm) n=[137, 195, 132, 225, 244, 234, 213, 216, 176]  tape=0.235km B=10.37T unif=0.966% hoop=74MPa
  [a=16 b=22 nt=1760] KSP converged reason: 4, iterations: 1
  [a=16 b=22 nt=1729] KSP converged reason: 4, iterations: 1
  [a=16 b=22 nt=1699] KSP converged reason: 4, iterations: 1
  [a=16 b=22 nt=1785] KSP converged reason: 4, iterations: 1
  [a=16 b=22 nt=1793] KSP converged reason: 4, iterations: 1
  [a=16 b=22 nt=1738] KSP converged reason: 4, iterations: 1
  [a=16 b=22 nt=1750] KSP converged reason: 4, iterations: 1
  [a=16 b=22 nt=1757] KSP converged reason: 4, iterations: 1
  [a=16 b=22 nt=1792] KSP converged reason: 4, iterations: 1
  [a=16 b=22 nt=1752] KSP converged reason: 4, iterations: 1
  [a=16 b=22 nt=1737] KSP converged reason: 4, iterations: 1
  [1508] viol   f=  30.290  a=15.9 b=22.0 gap=19.7 (face=3.3mm) n=[133, 203, 146, 215, 249, 228, 201, 189, 196]  tape=0.238km B=10.35T unif=1.388% hoop=75MPa
  [1509] viol   f=  22.778  a=15.6 b=21.9 gap=19.7 (face=3.3mm) n=[125, 192, 128, 221, 238, 220, 198, 209, 168]  tape=0.226km B=9.97T unif=1.336% hoop=70MPa
  [1510] OK     f=   0.235  a=15.8 b=21.9 gap=19.7 (face=3.3mm) n=[137, 187, 146, 228, 231, 236, 221, 214, 193]  tape=0.235km B=10.31T unif=0.743% hoop=74MPa
  [1511] OK     f=   0.228  a=15.6 b=21.7 gap=19.7 (face=3.3mm) n=[130, 190, 122, 220, 241, 236, 218, 198, 174]  tape=0.228km B=10.10T unif=0.886% hoop=71MPa
  [1512] viol   f=  17.684  a=15.7 b=21.9 gap=19.7 (face=3.3mm) n=[124, 188, 118, 227, 241, 222, 225, 218, 175]  tape=0.230km B=9.94T unif=1.295% hoop=71MPa
  [1513] viol   f= 417.736  a=15.8 b=21.9 gap=19.7 (face=3.3mm) n=[134, 208, 135, 225, 240, 239, 218, 203, 183]  tape=0.236km B=10.55T unif=2.445% hoop=72MPa
  [1514] viol   f=   0.240  a=15.8 b=21.9 gap=19.7 (face=3.3mm) n=[126, 183, 133, 214, 243, 221, 225, 221, 184]  tape=0.233km B=9.94T unif=0.637% hoop=72MPa
  [1515] viol   f=   6.109  a=15.8 b=21.8 gap=19.7 (face=3.3mm) n=[136, 191, 147, 211, 234, 240, 214, 217, 202]  tape=0.236km B=10.33T unif=1.171% hoop=74MPa
  [1516] viol   f=   0.295  a=15.7 b=22.0 gap=19.7 (face=3.3mm) n=[126, 187, 103, 222, 259, 242, 219, 204, 195]  tape=0.239km B=9.83T unif=0.620% hoop=72MPa
  [1517] OK     f=   0.232  a=15.7 b=21.8 gap=19.7 (face=3.3mm) n=[134, 183, 129, 224, 244, 236, 217, 217, 168]  tape=0.232km B=10.08T unif=0.798% hoop=73MPa
  [1518] viol   f=  18.700  a=15.8 b=21.9 gap=19.7 (face=3.3mm) n=[126, 192, 123, 224, 239, 220, 206, 218, 189]  tape=0.230km B=10.00T unif=1.304% hoop=70MPa
  [a=16 b=22 nt=1733] KSP converged reason: 4, iterations: 1
  [a=16 b=22 nt=1759] KSP converged reason: 4, iterations: 1
  [a=16 b=22 nt=1718] KSP converged reason: 4, iterations: 1
  [a=16 b=22 nt=1703] KSP converged reason: 4, iterations: 1
  [a=15 b=22 nt=1686] KSP converged reason: 4, iterations: 1
  [a=16 b=22 nt=1753] KSP converged reason: 4, iterations: 1
  [a=16 b=22 nt=1762] KSP converged reason: 4, iterations: 1
  [a=16 b=22 nt=1676] KSP converged reason: 4, iterations: 1
  [a=16 b=22 nt=1713] KSP converged reason: 4, iterations: 1
  [a=16 b=22 nt=1794] KSP converged reason: 4, iterations: 1
  [a=16 b=22 nt=1737] KSP converged reason: 4, iterations: 1
  [1519] OK     f=   0.241  a=15.7 b=21.9 gap=19.6 (face=3.3mm) n=[134, 194, 123, 244, 263, 229, 208, 187, 177]  tape=0.241km B=10.14T unif=0.697% hoop=73MPa
  [1520] viol   f=   0.257  a=15.7 b=21.9 gap=19.7 (face=3.3mm) n=[131, 187, 107, 227, 249, 217, 223, 203, 174]  tape=0.231km B=9.89T unif=0.463% hoop=72MPa
  [1521] viol   f=   0.260  a=15.7 b=21.8 gap=19.7 (face=3.3mm) n=[129, 184, 125, 223, 259, 237, 220, 195, 161]  tape=0.236km B=9.89T unif=0.571% hoop=74MPa
  [1522] viol   f=  12.098  a=15.5 b=21.8 gap=19.6 (face=3.3mm) n=[128, 187, 141, 209, 226, 236, 199, 214, 146]  tape=0.223km B=9.92T unif=1.244% hoop=71MPa
  [1523] viol   f=   0.307  a=15.6 b=21.8 gap=19.7 (face=3.3mm) n=[129, 182, 121, 217, 244, 229, 226, 203, 152]  tape=0.227km B=9.80T unif=0.725% hoop=71MPa
  [1524] viol   f=   1.386  a=15.7 b=21.9 gap=19.7 (face=3.3mm) n=[131, 192, 133, 212, 232, 234, 214, 223, 182]  tape=0.230km B=10.19T unif=1.076% hoop=71MPa
  [1525] viol   f= 316.084  a=15.7 b=22.0 gap=19.7 (face=3.3mm) n=[128, 205, 115, 229, 245, 234, 216, 203, 187]  tape=0.235km B=10.23T unif=2.257% hoop=70MPa
  [1526] viol   f=   0.255  a=15.7 b=21.7 gap=19.7 (face=3.3mm) n=[129, 176, 136, 212, 225, 233, 219, 216, 167]  tape=0.225km B=9.88T unif=0.834% hoop=71MPa
  [1527] viol   f=   1.056  a=15.7 b=21.8 gap=19.7 (face=3.3mm) n=[120, 187, 123, 203, 238, 213, 222, 199, 171]  tape=0.224km B=9.75T unif=1.060% hoop=71MPa
  [1528] viol   f=   9.186  a=15.7 b=21.8 gap=19.7 (face=3.3mm) n=[134, 190, 148, 204, 226, 245, 234, 221, 192]  tape=0.237km B=10.32T unif=1.212% hoop=76MPa
  [1529] viol   f=   0.978  a=15.8 b=21.9 gap=19.7 (face=3.3mm) n=[130, 184, 133, 197, 245, 240, 216, 217, 175]  tape=0.233km B=9.97T unif=1.061% hoop=82MPa
  [a=16 b=22 nt=1777] KSP converged reason: 4, iterations: 1
  [a=16 b=22 nt=1743] KSP converged reason: 4, iterations: 1
  [a=16 b=22 nt=1638] KSP converged reason: 4, iterations: 1
  [a=16 b=22 nt=1652] KSP converged reason: 4, iterations: 1
  [a=16 b=22 nt=1753] KSP converged reason: 4, iterations: 1
  [a=16 b=22 nt=1731] KSP converged reason: 4, iterations: 1
  [a=16 b=22 nt=1717] KSP converged reason: 4, iterations: 1
  [a=16 b=22 nt=1792] KSP converged reason: 4, iterations: 1
  [a=16 b=22 nt=1727] KSP converged reason: 4, iterations: 1
  [a=16 b=22 nt=1735] KSP converged reason: 4, iterations: 1
  [a=16 b=22 nt=1788] KSP converged reason: 4, iterations: 1
  [1530] viol   f=  43.707  a=15.9 b=21.9 gap=19.7 (face=3.4mm) n=[135, 170, 133, 211, 240, 218, 233, 195, 218]  tape=0.232km B=9.88T unif=1.466% hoop=80MPa
  [1531] viol   f=   0.260  a=15.7 b=21.7 gap=19.7 (face=3.3mm) n=[130, 173, 135, 226, 244, 248, 216, 183, 188]  tape=0.233km B=9.88T unif=0.260% hoop=80MPa
  [1532] viol   f=   0.703  a=15.5 b=22.0 gap=19.6 (face=3.3mm) n=[124, 192, 101, 207, 231, 237, 210, 191, 145]  tape=0.219km B=9.65T unif=1.034% hoop=67MPa
  [1533] OK     f=   0.240  a=15.8 b=21.9 gap=19.7 (face=3.3mm) n=[136, 182, 142, 231, 254, 236, 208, 212, 176]  tape=0.240km B=10.17T unif=0.555% hoop=78MPa
  [1534] viol   f=   0.666  a=15.5 b=21.8 gap=19.7 (face=3.3mm) n=[127, 185, 94, 221, 253, 231, 217, 181, 143]  tape=0.225km B=9.53T unif=0.446% hoop=67MPa
  [1535] viol   f=   0.225  a=15.8 b=21.9 gap=19.7 (face=3.4mm) n=[129, 183, 145, 226, 225, 226, 211, 196, 190]  tape=0.225km B=10.00T unif=0.982% hoop=72MPa
  [1536] viol   f=   0.267  a=15.6 b=21.8 gap=19.7 (face=3.3mm) n=[132, 186, 121, 221, 259, 237, 225, 189, 147]  tape=0.234km B=9.87T unif=0.582% hoop=71MPa
  [1537] OK     f=   0.239  a=15.7 b=21.9 gap=19.7 (face=3.3mm) n=[142, 194, 124, 239, 250, 230, 239, 198, 176]  tape=0.239km B=10.40T unif=0.569% hoop=73MPa
  [1538] OK     f=   0.231  a=15.6 b=22.0 gap=19.7 (face=3.3mm) n=[134, 186, 130, 238, 245, 241, 196, 194, 163]  tape=0.231km B=10.02T unif=0.728% hoop=79MPa
  [1539] viol   f=   2.194  a=15.6 b=21.6 gap=19.7 (face=3.3mm) n=[137, 173, 123, 224, 265, 224, 210, 211, 168]  tape=0.237km B=9.82T unif=1.097% hoop=74MPa
  [1540] OK     f=   0.240  a=15.6 b=21.8 gap=19.7 (face=3.3mm) n=[140, 189, 133, 244, 256, 245, 224, 188, 169]  tape=0.240km B=10.27T unif=0.716% hoop=75MPa
  [a=16 b=22 nt=1664] KSP converged reason: 4, iterations: 1
  [a=16 b=22 nt=1775] KSP converged reason: 4, iterations: 1
  [a=16 b=22 nt=1772] KSP converged reason: 4, iterations: 1
  [a=16 b=22 nt=1740] KSP converged reason: 4, iterations: 1
  [a=16 b=22 nt=1741] KSP converged reason: 4, iterations: 1
  [a=16 b=22 nt=1750] KSP converged reason: 4, iterations: 1
  [a=16 b=22 nt=1826] KSP converged reason: 4, iterations: 1
  [a=16 b=22 nt=1738] KSP converged reason: 4, iterations: 1
  [a=16 b=22 nt=1693] KSP converged reason: 4, iterations: 1
  [a=16 b=22 nt=1762] KSP converged reason: 4, iterations: 1
  [a=16 b=22 nt=1783] KSP converged reason: 4, iterations: 1
  [1541] OK     f=   0.234  a=15.7 b=22.0 gap=19.7 (face=3.4mm) n=[135, 187, 154, 235, 230, 243, 209, 191, 166]  tape=0.234km B=10.17T unif=0.856% hoop=75MPa
  [1542] OK     f=   0.233  a=15.7 b=21.9 gap=19.7 (face=3.4mm) n=[138, 177, 141, 229, 235, 237, 220, 207, 191]  tape=0.233km B=10.14T unif=0.997% hoop=74MPa
  [1543] viol   f=   0.640  a=15.8 b=21.9 gap=19.7 (face=3.4mm) n=[132, 182, 136, 215, 219, 238, 235, 195, 188]  tape=0.231km B=9.98T unif=1.045% hoop=72MPa
  [1544] OK     f=   0.231  a=15.7 b=22.0 gap=19.7 (face=3.3mm) n=[132, 190, 117, 231, 239, 220, 229, 203, 180]  tape=0.231km B=10.08T unif=0.803% hoop=70MPa
  [1545] OK     f=   0.235  a=15.7 b=21.9 gap=19.7 (face=3.4mm) n=[139, 183, 154, 223, 230, 242, 225, 191, 185]  tape=0.235km B=10.22T unif=0.850% hoop=76MPa
  [1546] viol   f=   0.391  a=15.6 b=21.9 gap=19.6 (face=3.3mm) n=[123, 190, 114, 209, 247, 212, 211, 195, 163]  tape=0.226km B=9.71T unif=0.962% hoop=70MPa
  [1547] OK     f=   0.245  a=15.9 b=22.0 gap=19.7 (face=3.3mm) n=[141, 201, 137, 244, 253, 251, 206, 193, 200]  tape=0.245km B=10.54T unif=0.809% hoop=76MPa
  [1548] viol   f= 144.504  a=15.8 b=22.0 gap=19.7 (face=3.3mm) n=[126, 198, 119, 245, 241, 225, 223, 179, 182]  tape=0.233km B=10.10T unif=1.849% hoop=70MPa
  [1549] viol   f= 215.006  a=15.7 b=21.8 gap=19.7 (face=3.4mm) n=[123, 193, 110, 234, 234, 219, 225, 173, 182]  tape=0.223km B=9.87T unif=2.036% hoop=73MPa
  [1550] OK     f=   0.238  a=15.7 b=22.0 gap=19.7 (face=3.3mm) n=[131, 184, 140, 232, 231, 252, 217, 208, 167]  tape=0.238km B=10.05T unif=0.459% hoop=75MPa
  [1551] OK     f=   0.240  a=15.6 b=21.9 gap=19.6 (face=3.3mm) n=[135, 197, 139, 231, 256, 249, 207, 203, 166]  tape=0.240km B=10.36T unif=0.853% hoop=74MPa
  [a=16 b=22 nt=1820] KSP converged reason: 4, iterations: 1
  [a=16 b=22 nt=1750] KSP converged reason: 4, iterations: 1
  [a=16 b=22 nt=1725] KSP converged reason: 4, iterations: 1
  [a=16 b=22 nt=1738] KSP converged reason: 4, iterations: 1
  [a=16 b=22 nt=1720] KSP converged reason: 4, iterations: 1
  [a=16 b=22 nt=1716] KSP converged reason: 4, iterations: 1
  [a=16 b=22 nt=1740] KSP converged reason: 4, iterations: 1
  [a=16 b=22 nt=1770] KSP converged reason: 4, iterations: 1
  [a=16 b=22 nt=1807] KSP converged reason: 4, iterations: 1
  [a=16 b=22 nt=1745] KSP converged reason: 4, iterations: 1
  [a=16 b=22 nt=1737] KSP converged reason: 4, iterations: 1
  [1552] viol   f=  12.400  a=15.7 b=22.0 gap=19.7 (face=3.3mm) n=[141, 181, 153, 229, 231, 232, 195, 217, 159]  tape=0.229km B=10.18T unif=1.247% hoop=74MPa
  [1553] OK     f=   0.227  a=15.7 b=21.9 gap=19.7 (face=3.4mm) n=[129, 187, 122, 229, 219, 235, 230, 212, 162]  tape=0.227km B=10.00T unif=0.841% hoop=70MPa
  [1554] viol   f=  23.663  a=15.7 b=22.0 gap=19.7 (face=3.3mm) n=[131, 193, 131, 216, 220, 215, 210, 212, 192]  tape=0.222km B=10.12T unif=1.342% hoop=69MPa
  [1555] OK     f=   0.243  a=15.9 b=22.0 gap=19.7 (face=3.4mm) n=[137, 172, 146, 228, 240, 235, 249, 219, 194]  tape=0.243km B=10.13T unif=0.527% hoop=78MPa
  [1556] OK     f=   0.230  a=15.8 b=22.1 gap=19.7 (face=3.4mm) n=[137, 190, 152, 233, 222, 236, 192, 189, 165]  tape=0.230km B=10.19T unif=0.875% hoop=74MPa
  [1557] viol   f=  11.064  a=15.7 b=21.9 gap=19.7 (face=3.3mm) n=[134, 197, 130, 222, 236, 227, 225, 188, 191]  tape=0.230km B=10.28T unif=1.233% hoop=71MPa
  [1558] OK     f=   0.230  a=15.7 b=22.0 gap=19.7 (face=3.4mm) n=[134, 188, 112, 240, 240, 238, 229, 184, 175]  tape=0.230km B=10.05T unif=0.735% hoop=70MPa
  [1559] OK     f=   0.240  a=15.8 b=21.9 gap=19.7 (face=3.4mm) n=[140, 174, 145, 254, 245, 228, 212, 197, 175]  tape=0.240km B=10.11T unif=0.425% hoop=79MPa
  [1560] OK     f=   0.243  a=15.8 b=21.9 gap=19.6 (face=3.3mm) n=[136, 194, 127, 219, 255, 226, 248, 202, 200]  tape=0.243km B=10.26T unif=0.793% hoop=73MPa
  [1561] viol   f=   0.276  a=15.8 b=21.9 gap=19.7 (face=3.3mm) n=[133, 166, 145, 232, 241, 226, 218, 194, 190]  tape=0.232km B=9.85T unif=0.491% hoop=76MPa
  [1562] OK     f=   0.231  a=15.7 b=21.9 gap=19.7 (face=3.3mm) n=[131, 187, 133, 219, 240, 230, 229, 206, 162]  tape=0.231km B=10.07T unif=0.669% hoop=76MPa
  [a=16 b=22 nt=1778] KSP converged reason: 4, iterations: 1
  [a=16 b=22 nt=1726] KSP converged reason: 4, iterations: 1
  [a=16 b=22 nt=1721] KSP converged reason: 4, iterations: 1
  [a=16 b=22 nt=1770] KSP converged reason: 4, iterations: 1
  [a=16 b=22 nt=1736] KSP converged reason: 4, iterations: 1
  [a=16 b=22 nt=1666] KSP converged reason: 4, iterations: 1
  [a=16 b=22 nt=1665] KSP converged reason: 4, iterations: 1
  [a=16 b=22 nt=1667] KSP converged reason: 4, iterations: 1
  [a=16 b=22 nt=1725] KSP converged reason: 4, iterations: 1
  [a=16 b=22 nt=1738] KSP converged reason: 4, iterations: 1
  [a=16 b=22 nt=1750] KSP converged reason: 4, iterations: 1
  [1563] viol   f=   0.814  a=15.8 b=22.1 gap=19.7 (face=3.4mm) n=[126, 179, 137, 212, 208, 222, 207, 206, 169]  tape=0.219km B=9.74T unif=1.048% hoop=71MPa
  [1564] OK     f=   0.243  a=15.8 b=22.0 gap=19.7 (face=3.4mm) n=[145, 181, 123, 262, 255, 259, 211, 169, 173]  tape=0.243km B=10.11T unif=0.612% hoop=76MPa
  [1565] viol   f=   0.236  a=15.8 b=22.0 gap=19.7 (face=3.4mm) n=[128, 190, 138, 231, 209, 249, 207, 205, 164]  tape=0.234km B=9.97T unif=0.860% hoop=74MPa
  [1566] OK     f=   0.234  a=15.7 b=21.9 gap=19.7 (face=3.3mm) n=[134, 186, 140, 240, 252, 238, 206, 184, 146]  tape=0.234km B=10.04T unif=0.536% hoop=74MPa
  [1567] viol   f=  40.725  a=15.7 b=22.0 gap=19.7 (face=3.4mm) n=[141, 191, 131, 225, 236, 234, 241, 196, 141]  tape=0.231km B=10.23T unif=1.450% hoop=78MPa
  [1568] OK     f=   0.235  a=15.7 b=21.9 gap=19.7 (face=3.5mm) n=[136, 185, 132, 244, 216, 243, 222, 225, 167]  tape=0.235km B=10.14T unif=0.522% hoop=74MPa
  [1569] viol   f=   0.376  a=15.7 b=21.9 gap=19.7 (face=3.4mm) n=[125, 184, 120, 226, 217, 232, 207, 207, 147]  tape=0.220km B=9.72T unif=0.786% hoop=73MPa
  [1570] viol   f=   0.630  a=15.6 b=21.9 gap=19.7 (face=3.4mm) n=[121, 171, 129, 213, 221, 227, 224, 210, 151]  tape=0.219km B=9.55T unif=0.516% hoop=71MPa
  [1571] viol   f=  19.082  a=15.7 b=22.1 gap=19.7 (face=3.4mm) n=[133, 182, 140, 211, 214, 241, 228, 221, 155]  tape=0.231km B=9.91T unif=1.307% hoop=73MPa
  [1572] viol   f=   0.624  a=15.6 b=21.9 gap=19.7 (face=3.3mm) n=[131, 188, 126, 218, 223, 220, 228, 232, 172]  tape=0.227km B=10.09T unif=1.045% hoop=71MPa
  [1573] OK     f=   0.230  a=15.7 b=21.9 gap=19.7 (face=3.4mm) n=[131, 179, 138, 231, 224, 237, 233, 202, 175]  tape=0.230km B=10.02T unif=0.556% hoop=73MPa
  [a=16 b=22 nt=1790] KSP converged reason: 4, iterations: 1
  [a=16 b=22 nt=1757] KSP converged reason: 4, iterations: 1
  [a=16 b=22 nt=1779] KSP converged reason: 4, iterations: 1
  [a=16 b=22 nt=1801] KSP converged reason: 4, iterations: 1
  [a=16 b=22 nt=1749] KSP converged reason: 4, iterations: 1
  [a=16 b=22 nt=1715] KSP converged reason: 4, iterations: 1
  [a=16 b=22 nt=1747] KSP converged reason: 4, iterations: 1
  [a=16 b=22 nt=1730] KSP converged reason: 4, iterations: 1
  [a=16 b=22 nt=1752] KSP converged reason: 4, iterations: 1
  [a=16 b=22 nt=1765] KSP converged reason: 4, iterations: 1
  [a=16 b=22 nt=1675] KSP converged reason: 4, iterations: 1
  [1574] viol   f=  27.170  a=15.7 b=21.9 gap=19.7 (face=3.3mm) n=[133, 200, 106, 240, 252, 238, 215, 194, 179]  tape=0.236km B=10.20T unif=1.367% hoop=72MPa
  [1575] OK     f=   0.235  a=15.7 b=21.8 gap=19.7 (face=3.4mm) n=[132, 184, 132, 244, 232, 243, 235, 207, 170]  tape=0.235km B=10.13T unif=0.837% hoop=82MPa
  [1576] viol   f=   0.255  a=15.8 b=21.9 gap=19.7 (face=3.4mm) n=[133, 174, 140, 221, 212, 233, 239, 216, 181]  tape=0.232km B=9.92T unif=1.007% hoop=74MPa
  [1577] viol   f=   0.279  a=15.7 b=22.0 gap=19.7 (face=3.4mm) n=[128, 177, 127, 223, 234, 226, 220, 207, 173]  tape=0.227km B=9.84T unif=0.569% hoop=72MPa
  [1578] OK     f=   0.241  a=15.7 b=21.9 gap=19.7 (face=3.3mm) n=[134, 192, 118, 235, 230, 253, 229, 219, 191]  tape=0.241km B=10.22T unif=0.824% hoop=72MPa
  [1579] OK     f=   0.240  a=15.8 b=21.9 gap=19.7 (face=3.4mm) n=[141, 178, 138, 244, 252, 242, 229, 189, 177]  tape=0.240km B=10.24T unif=0.582% hoop=77MPa
  [1580] viol   f=   0.229  a=15.7 b=21.8 gap=19.7 (face=3.4mm) n=[133, 174, 149, 237, 224, 236, 212, 192, 173]  tape=0.229km B=9.99T unif=0.390% hoop=75MPa
  [1581] viol   f=  12.472  a=15.7 b=21.7 gap=19.7 (face=3.3mm) n=[126, 184, 121, 239, 250, 234, 236, 186, 171]  tape=0.233km B=9.93T unif=1.247% hoop=74MPa
  [1582] OK     f=   0.233  a=15.7 b=21.9 gap=19.7 (face=3.4mm) n=[138, 179, 141, 239, 243, 240, 218, 198, 156]  tape=0.233km B=10.11T unif=0.710% hoop=75MPa
  [1583] OK     f=   0.235  a=15.7 b=21.9 gap=19.7 (face=3.4mm) n=[135, 185, 149, 231, 240, 243, 215, 203, 164]  tape=0.235km B=10.20T unif=0.548% hoop=76MPa
  [1584] viol   f=   0.460  a=15.7 b=21.9 gap=19.7 (face=3.5mm) n=[129, 173, 141, 222, 227, 241, 217, 179, 146]  tape=0.225km B=9.66T unif=0.713% hoop=73MPa
  [a=16 b=22 nt=1761] KSP converged reason: 4, iterations: 1
  [a=16 b=22 nt=1731] KSP converged reason: 4, iterations: 1
  [a=16 b=22 nt=1724] KSP converged reason: 4, iterations: 1
  [a=16 b=22 nt=1801] KSP converged reason: 4, iterations: 1
  [a=16 b=22 nt=1757] KSP converged reason: 4, iterations: 1
  [a=16 b=22 nt=1759] KSP converged reason: 4, iterations: 1
  [a=16 b=22 nt=1735] KSP converged reason: 4, iterations: 1
  [a=16 b=22 nt=1742] KSP converged reason: 4, iterations: 1
  [a=16 b=22 nt=1752] KSP converged reason: 4, iterations: 1
  [a=16 b=22 nt=1726] KSP converged reason: 4, iterations: 1
  [a=16 b=22 nt=1721] KSP converged reason: 4, iterations: 1
  [1585] OK     f=   0.234  a=15.7 b=21.7 gap=19.7 (face=3.4mm) n=[137, 181, 139, 248, 247, 233, 220, 178, 174]  tape=0.234km B=10.15T unif=0.297% hoop=74MPa
  [1586] viol   f=   0.251  a=15.8 b=21.8 gap=19.7 (face=3.4mm) n=[135, 176, 130, 253, 250, 238, 207, 171, 164]  tape=0.233km B=9.91T unif=0.237% hoop=75MPa
  [1587] viol   f=   0.244  a=15.7 b=21.8 gap=19.7 (face=3.4mm) n=[136, 175, 153, 235, 229, 261, 234, 189, 149]  tape=0.240km B=9.96T unif=0.275% hoop=77MPa
  [1588] OK     f=   0.232  a=15.7 b=21.9 gap=19.7 (face=3.4mm) n=[135, 186, 143, 235, 235, 245, 207, 199, 146]  tape=0.232km B=10.12T unif=0.710% hoop=74MPa
  [1589] OK     f=   0.240  a=15.8 b=21.9 gap=19.7 (face=3.5mm) n=[138, 169, 152, 249, 234, 248, 238, 203, 170]  tape=0.240km B=10.10T unif=0.790% hoop=78MPa
  [1590] OK     f=   0.232  a=15.7 b=21.7 gap=19.6 (face=3.3mm) n=[133, 184, 145, 222, 241, 232, 218, 207, 177]  tape=0.232km B=10.17T unif=0.713% hoop=75MPa
  [1591] viol   f=   0.255  a=15.7 b=22.0 gap=19.7 (face=3.4mm) n=[136, 171, 145, 236, 226, 246, 221, 194, 160]  tape=0.233km B=9.90T unif=0.493% hoop=75MPa
  [1592] viol   f=   0.289  a=15.7 b=21.8 gap=19.7 (face=3.4mm) n=[129, 172, 139, 232, 228, 234, 202, 223, 183]  tape=0.228km B=9.82T unif=0.310% hoop=72MPa
  [1593] OK     f=   0.231  a=15.8 b=21.9 gap=19.7 (face=3.3mm) n=[136, 183, 148, 233, 234, 238, 219, 202, 159]  tape=0.231km B=10.15T unif=0.724% hoop=75MPa
  [1594] viol   f=   0.228  a=15.7 b=22.0 gap=19.7 (face=3.4mm) n=[137, 176, 143, 236, 234, 234, 222, 200, 144]  tape=0.228km B=10.00T unif=0.858% hoop=73MPa
  [1595] viol   f=   0.250  a=15.8 b=21.8 gap=19.7 (face=3.4mm) n=[132, 171, 154, 226, 213, 232, 229, 208, 156]  tape=0.226km B=9.89T unif=0.415% hoop=75MPa
  [a=16 b=22 nt=1785] KSP converged reason: 4, iterations: 1
  [a=16 b=22 nt=1724] KSP converged reason: 4, iterations: 1
  [a=16 b=22 nt=1718] KSP converged reason: 4, iterations: 1
  [a=16 b=22 nt=1763] KSP converged reason: 4, iterations: 1
  [a=16 b=22 nt=1706] KSP converged reason: 4, iterations: 1
  [a=16 b=22 nt=1732] KSP converged reason: 4, iterations: 1
  [a=16 b=22 nt=1743] KSP converged reason: 4, iterations: 1
  [a=16 b=22 nt=1743] KSP converged reason: 4, iterations: 1
  [a=16 b=22 nt=1742] KSP converged reason: 4, iterations: 1
  [a=16 b=22 nt=1727] KSP converged reason: 4, iterations: 1
  [a=16 b=22 nt=1720] KSP converged reason: 4, iterations: 1
  [1596] OK     f=   0.231  a=15.8 b=21.8 gap=19.7 (face=3.3mm) n=[132, 188, 149, 221, 243, 218, 215, 189, 169]  tape=0.231km B=10.11T unif=0.777% hoop=78MPa
  [1597] viol   f=  21.780  a=15.7 b=21.9 gap=19.7 (face=3.3mm) n=[134, 193, 155, 229, 228, 241, 209, 188, 141]  tape=0.229km B=10.17T unif=1.328% hoop=73MPa
  [1598] OK     f=   0.234  a=15.8 b=21.9 gap=19.7 (face=3.3mm) n=[135, 172, 156, 227, 241, 235, 223, 201, 173]  tape=0.234km B=10.07T unif=0.327% hoop=77MPa
  [1599] OK     f=   0.243  a=15.7 b=22.0 gap=19.7 (face=3.4mm) n=[146, 195, 128, 257, 261, 240, 215, 174, 169]  tape=0.243km B=10.40T unif=0.701% hoop=75MPa
  [1600] viol   f=   3.730  a=15.8 b=22.0 gap=19.7 (face=3.3mm) n=[134, 195, 135, 235, 229, 227, 212, 195, 170]  tape=0.230km B=10.29T unif=1.132% hoop=71MPa
  [1601] OK     f=   0.224  a=15.7 b=21.9 gap=19.7 (face=3.4mm) n=[131, 185, 146, 222, 221, 230, 227, 208, 136]  tape=0.224km B=10.00T unif=0.891% hoop=72MPa
  [1602] viol   f=   0.233  a=15.6 b=21.7 gap=19.7 (face=3.3mm) n=[135, 172, 145, 225, 245, 232, 234, 197, 158]  tape=0.231km B=9.97T unif=0.900% hoop=74MPa
  [1603] OK     f=   0.234  a=15.8 b=21.9 gap=19.7 (face=3.4mm) n=[138, 183, 157, 231, 224, 244, 210, 195, 161]  tape=0.234km B=10.14T unif=0.662% hoop=76MPa
  [1604] viol   f=   0.234  a=15.7 b=21.9 gap=19.7 (face=3.4mm) n=[135, 178, 135, 246, 232, 236, 227, 198, 155]  tape=0.233km B=9.98T unif=0.373% hoop=77MPa
  [1605] viol   f=   0.232  a=15.7 b=22.0 gap=19.7 (face=3.4mm) n=[136, 177, 147, 241, 231, 246, 202, 206, 141]  tape=0.232km B=10.00T unif=0.671% hoop=75MPa
  [1606] OK     f=   0.228  a=15.8 b=21.9 gap=19.7 (face=3.3mm) n=[138, 171, 166, 222, 235, 234, 198, 199, 157]  tape=0.228km B=10.04T unif=0.657% hoop=77MPa
  [a=16 b=22 nt=1708] KSP converged reason: 4, iterations: 1
  [a=16 b=22 nt=1671] KSP converged reason: 4, iterations: 1
  [a=16 b=22 nt=1686] KSP converged reason: 4, iterations: 1
  [a=16 b=22 nt=1676] KSP converged reason: 4, iterations: 1
  [a=16 b=22 nt=1745] KSP converged reason: 4, iterations: 1
  [a=16 b=22 nt=1736] KSP converged reason: 4, iterations: 1
  [a=16 b=22 nt=1735] KSP converged reason: 4, iterations: 1
  [a=16 b=22 nt=1785] KSP converged reason: 4, iterations: 1
  [a=16 b=22 nt=1719] KSP converged reason: 4, iterations: 1
  [a=16 b=22 nt=1729] KSP converged reason: 4, iterations: 1
  [a=16 b=22 nt=1704] KSP converged reason: 4, iterations: 1
  [1607] viol   f=   0.804  a=15.8 b=21.7 gap=19.7 (face=3.3mm) n=[132, 183, 164, 208, 226, 217, 233, 219, 163]  tape=0.229km B=10.15T unif=1.054% hoop=76MPa
  [1608] OK     f=   0.230  a=15.9 b=21.9 gap=19.7 (face=3.4mm) n=[140, 175, 154, 234, 231, 237, 209, 200, 156]  tape=0.230km B=10.07T unif=0.671% hoop=76MPa
  [1609] viol   f=   0.283  a=15.7 b=21.8 gap=19.7 (face=3.3mm) n=[127, 177, 154, 208, 220, 225, 214, 211, 140]  tape=0.219km B=9.82T unif=0.845% hoop=76MPa
  [1610] viol   f=   0.244  a=15.7 b=21.9 gap=19.7 (face=3.4mm) n=[133, 178, 150, 225, 235, 235, 214, 191, 110]  tape=0.222km B=9.89T unif=0.610% hoop=74MPa
  [1611] viol   f=  10.151  a=15.7 b=21.9 gap=19.7 (face=3.4mm) n=[137, 182, 144, 235, 222, 225, 198, 206, 137]  tape=0.224km B=9.94T unif=1.223% hoop=72MPa
  [1612] viol   f=   0.338  a=15.7 b=21.8 gap=19.7 (face=3.3mm) n=[129, 171, 150, 219, 237, 200, 233, 208, 161]  tape=0.226km B=9.76T unif=0.539% hoop=75MPa
  [1613] OK     f=   0.231  a=15.8 b=21.8 gap=19.7 (face=3.4mm) n=[134, 182, 156, 219, 242, 219, 219, 211, 153]  tape=0.231km B=10.04T unif=0.753% hoop=77MPa
  [1614] OK     f=   0.243  a=15.9 b=22.0 gap=19.7 (face=3.4mm) n=[139, 188, 139, 236, 257, 231, 228, 205, 162]  tape=0.243km B=10.29T unif=0.623% hoop=77MPa
  [1615] viol   f=   0.233  a=15.7 b=22.0 gap=19.7 (face=3.4mm) n=[133, 182, 151, 222, 219, 221, 239, 201, 151]  tape=0.230km B=9.96T unif=0.849% hoop=74MPa
  [1616] OK     f=   0.231  a=15.8 b=21.9 gap=19.7 (face=3.3mm) n=[135, 175, 157, 224, 230, 242, 211, 189, 166]  tape=0.231km B=10.03T unif=0.642% hoop=77MPa
  [1617] OK     f=   0.228  a=15.8 b=22.0 gap=19.7 (face=3.3mm) n=[135, 189, 154, 231, 224, 239, 189, 213, 130]  tape=0.228km B=10.06T unif=0.989% hoop=74MPa
  [a=16 b=22 nt=1733] KSP converged reason: 4, iterations: 1
  [a=16 b=22 nt=1698] KSP converged reason: 4, iterations: 1
  [a=16 b=22 nt=1701] KSP converged reason: 4, iterations: 1
  [a=16 b=22 nt=1743] KSP converged reason: 4, iterations: 1
  [a=16 b=22 nt=1744] KSP converged reason: 4, iterations: 1
  [a=16 b=22 nt=1693] KSP converged reason: 4, iterations: 1
  [a=16 b=22 nt=1736] KSP converged reason: 4, iterations: 1
  [a=16 b=22 nt=1709] KSP converged reason: 4, iterations: 1
  [a=16 b=22 nt=1735] KSP converged reason: 4, iterations: 1
  [a=16 b=22 nt=1678] KSP converged reason: 4, iterations: 1
  [a=16 b=22 nt=1728] KSP converged reason: 4, iterations: 1
  [1618] viol   f=   0.313  a=15.9 b=22.1 gap=19.7 (face=3.4mm) n=[134, 193, 143, 227, 235, 235, 208, 208, 160]  tape=0.231km B=10.21T unif=1.020% hoop=74MPa
  [1619] viol   f=   0.314  a=15.8 b=22.0 gap=19.7 (face=3.3mm) n=[129, 174, 146, 226, 209, 227, 200, 228, 154]  tape=0.223km B=9.79T unif=0.782% hoop=73MPa
  [1620] OK     f=   0.228  a=15.8 b=22.1 gap=19.7 (face=3.4mm) n=[140, 177, 163, 236, 226, 237, 192, 190, 137]  tape=0.228km B=10.02T unif=0.883% hoop=76MPa
  [1621] viol   f=   0.272  a=15.8 b=22.0 gap=19.7 (face=3.4mm) n=[137, 171, 151, 241, 223, 237, 204, 196, 141]  tape=0.229km B=9.85T unif=0.676% hoop=75MPa
  [1622] OK     f=   0.236  a=15.7 b=22.0 gap=19.7 (face=3.4mm) n=[137, 193, 142, 245, 236, 255, 190, 185, 150]  tape=0.236km B=10.15T unif=0.684% hoop=74MPa
  [1623] OK     f=   0.232  a=15.9 b=22.0 gap=19.7 (face=3.4mm) n=[139, 179, 157, 237, 223, 230, 206, 207, 166]  tape=0.232km B=10.11T unif=0.550% hoop=76MPa
  [1624] viol   f=   0.401  a=15.9 b=22.1 gap=19.7 (face=3.3mm) n=[142, 198, 155, 239, 234, 241, 178, 202, 147]  tape=0.233km B=10.39T unif=1.029% hoop=74MPa
  [1625] viol   f=   0.247  a=15.9 b=22.0 gap=19.7 (face=3.4mm) n=[135, 180, 154, 223, 231, 244, 191, 213, 138]  tape=0.231km B=9.91T unif=0.839% hoop=76MPa
  [1626] OK     f=   0.234  a=15.9 b=22.1 gap=19.7 (face=3.3mm) n=[137, 190, 150, 224, 243, 221, 200, 214, 156]  tape=0.234km B=10.17T unif=0.934% hoop=76MPa
  [1627] viol   f=   0.456  a=15.8 b=21.9 gap=19.7 (face=3.4mm) n=[133, 176, 150, 216, 217, 231, 209, 216, 130]  tape=0.222km B=9.79T unif=1.027% hoop=72MPa
  [1628] OK     f=   0.231  a=15.8 b=21.8 gap=19.6 (face=3.3mm) n=[138, 181, 167, 223, 243, 231, 184, 231, 130]  tape=0.231km B=10.08T unif=0.865% hoop=77MPa
  [a=16 b=22 nt=1800] KSP converged reason: 4, iterations: 1
  [a=16 b=22 nt=1741] KSP converged reason: 4, iterations: 1
  [a=16 b=22 nt=1761] KSP converged reason: 4, iterations: 1
  [a=16 b=22 nt=1767] KSP converged reason: 4, iterations: 1
  [a=16 b=22 nt=1713] KSP converged reason: 4, iterations: 1
  [a=16 b=22 nt=1737] KSP converged reason: 4, iterations: 1
  [a=16 b=22 nt=1740] KSP converged reason: 4, iterations: 1
  [a=16 b=22 nt=1751] KSP converged reason: 4, iterations: 1
  [a=16 b=22 nt=1679] KSP converged reason: 4, iterations: 1
  [a=16 b=22 nt=1703] KSP converged reason: 4, iterations: 1
  [a=16 b=22 nt=1735] KSP converged reason: 4, iterations: 1
  [1629] OK     f=   0.232  a=15.9 b=22.1 gap=19.7 (face=3.4mm) n=[139, 185, 173, 236, 228, 228, 190, 205, 153]  tape=0.232km B=10.27T unif=0.884% hoop=78MPa
  [1630] OK     f=   0.241  a=15.9 b=22.1 gap=19.7 (face=3.3mm) n=[145, 184, 162, 246, 254, 239, 190, 202, 145]  tape=0.241km B=10.31T unif=0.680% hoop=78MPa
  [1631] OK     f=   0.247  a=16.0 b=21.9 gap=19.7 (face=3.4mm) n=[143, 173, 167, 262, 232, 230, 187, 218, 188]  tape=0.247km B=10.21T unif=0.381% hoop=83MPa
  [1632] OK     f=   0.237  a=15.8 b=22.1 gap=19.7 (face=3.4mm) n=[143, 187, 183, 219, 229, 252, 207, 221, 100]  tape=0.237km B=10.34T unif=0.753% hoop=81MPa
  [1633] OK     f=   0.234  a=15.9 b=21.9 gap=19.7 (face=3.4mm) n=[147, 178, 166, 240, 239, 236, 208, 208, 139]  tape=0.234km B=10.33T unif=0.965% hoop=77MPa
  [1634] OK     f=   0.226  a=15.7 b=21.9 gap=19.6 (face=3.3mm) n=[137, 190, 161, 228, 234, 228, 187, 214, 134]  tape=0.226km B=10.18T unif=0.991% hoop=73MPa
  [1635] viol   f=  46.633  a=15.8 b=21.8 gap=19.7 (face=3.3mm) n=[141, 161, 165, 221, 236, 225, 200, 205, 186]  tape=0.230km B=9.97T unif=1.482% hoop=80MPa
  [1636] OK     f=   0.238  a=15.8 b=21.9 gap=19.7 (face=3.4mm) n=[145, 174, 161, 259, 238, 257, 191, 202, 124]  tape=0.238km B=10.16T unif=0.320% hoop=80MPa
  [1637] viol   f=  31.548  a=15.8 b=22.1 gap=19.7 (face=3.3mm) n=[137, 184, 155, 218, 233, 240, 179, 203, 130]  tape=0.227km B=9.99T unif=1.396% hoop=75MPa
  [1638] viol   f=   0.235  a=15.8 b=22.0 gap=19.7 (face=3.4mm) n=[135, 175, 160, 222, 232, 235, 217, 200, 127]  tape=0.226km B=9.93T unif=0.622% hoop=75MPa
  [1639] viol   f=   4.210  a=15.9 b=21.9 gap=19.7 (face=3.4mm) n=[146, 179, 180, 232, 221, 248, 195, 199, 135]  tape=0.235km B=10.26T unif=1.141% hoop=82MPa
  [a=16 b=22 nt=1811] KSP converged reason: 4, iterations: 1
  [a=16 b=22 nt=1717] KSP converged reason: 4, iterations: 1
  [a=16 b=22 nt=1737] KSP converged reason: 4, iterations: 1
  [a=16 b=22 nt=1735] KSP converged reason: 4, iterations: 1
  [a=16 b=22 nt=1729] KSP converged reason: 4, iterations: 1
  [a=16 b=22 nt=1676] KSP converged reason: 4, iterations: 1
  [a=16 b=22 nt=1711] KSP converged reason: 4, iterations: 1
  [a=16 b=22 nt=1748] KSP converged reason: 4, iterations: 1
  [a=16 b=22 nt=1705] KSP converged reason: 4, iterations: 1
  [a=16 b=22 nt=1702] KSP converged reason: 4, iterations: 1
  [a=16 b=22 nt=1719] KSP converged reason: 4, iterations: 1
  [1640] OK     f=   0.232  a=15.8 b=22.0 gap=19.7 (face=3.4mm) n=[144, 184, 162, 240, 237, 231, 186, 187, 158]  tape=0.232km B=10.24T unif=0.922% hoop=81MPa
  [1641] viol   f= 113.411  a=15.8 b=22.0 gap=19.7 (face=3.3mm) n=[130, 195, 151, 228, 232, 227, 181, 191, 141]  tape=0.223km B=10.06T unif=1.752% hoop=72MPa
  [1642] OK     f=   0.233  a=15.9 b=22.1 gap=19.7 (face=3.4mm) n=[140, 179, 176, 244, 222, 239, 181, 208, 128]  tape=0.233km B=10.10T unif=0.427% hoop=81MPa
  [1643] OK     f=   0.249  a=16.0 b=22.0 gap=19.7 (face=3.4mm) n=[151, 194, 160, 265, 240, 247, 196, 201, 157]  tape=0.249km B=10.61T unif=0.905% hoop=80MPa
  [1644] OK     f=   0.235  a=15.7 b=21.9 gap=19.7 (face=3.3mm) n=[144, 187, 155, 240, 251, 234, 195, 197, 134]  tape=0.235km B=10.24T unif=0.979% hoop=75MPa
  [1645] viol   f=  59.357  a=15.7 b=21.9 gap=19.7 (face=3.3mm) n=[138, 193, 177, 238, 217, 213, 200, 223, 136]  tape=0.230km B=10.33T unif=1.544% hoop=76MPa
  [1646] viol   f=   2.241  a=15.7 b=21.9 gap=19.7 (face=3.4mm) n=[139, 182, 141, 231, 243, 245, 216, 195, 119]  tape=0.229km B=10.08T unif=1.100% hoop=74MPa
  [1647] OK     f=   0.233  a=15.7 b=21.9 gap=19.7 (face=3.4mm) n=[141, 181, 160, 242, 238, 238, 215, 182, 151]  tape=0.233km B=10.20T unif=0.508% hoop=75MPa
  [1648] OK     f=   0.228  a=15.8 b=22.1 gap=19.7 (face=3.4mm) n=[137, 184, 152, 221, 223, 236, 211, 201, 140]  tape=0.228km B=10.06T unif=0.960% hoop=75MPa
  [1649] viol   f=   0.253  a=15.8 b=22.1 gap=19.7 (face=3.4mm) n=[135, 171, 164, 237, 232, 218, 203, 205, 137]  tape=0.228km B=9.89T unif=0.368% hoop=76MPa
  [1650] OK     f=   0.232  a=15.8 b=22.1 gap=19.7 (face=3.4mm) n=[141, 178, 162, 238, 216, 242, 195, 200, 147]  tape=0.232km B=10.08T unif=0.745% hoop=77MPa
  [a=16 b=22 nt=1708] KSP converged reason: 4, iterations: 1
  [a=16 b=22 nt=1694] KSP converged reason: 4, iterations: 1
  [a=16 b=22 nt=1721] KSP converged reason: 4, iterations: 1
  [a=16 b=22 nt=1699] KSP converged reason: 4, iterations: 1
  [a=16 b=22 nt=1697] KSP converged reason: 4, iterations: 1
  [a=16 b=22 nt=1705] KSP converged reason: 4, iterations: 1
  [a=16 b=22 nt=1695] KSP converged reason: 4, iterations: 1
  [a=16 b=22 nt=1766] KSP converged reason: 4, iterations: 1
  [a=16 b=22 nt=1675] KSP converged reason: 4, iterations: 1
  [a=16 b=22 nt=1764] KSP converged reason: 4, iterations: 1
  [a=16 b=22 nt=1720] KSP converged reason: 4, iterations: 1
  [1651] OK     f=   0.226  a=15.8 b=22.1 gap=19.7 (face=3.4mm) n=[142, 190, 165, 232, 226, 228, 197, 185, 132]  tape=0.226km B=10.24T unif=0.995% hoop=75MPa
  [1652] viol   f=  72.076  a=15.6 b=22.1 gap=19.7 (face=3.4mm) n=[139, 186, 144, 231, 217, 250, 200, 203, 138]  tape=0.233km B=10.02T unif=1.599% hoop=74MPa
  [1653] viol   f=   1.157  a=15.7 b=22.0 gap=19.7 (face=3.4mm) n=[137, 185, 158, 222, 216, 247, 202, 199, 128]  tape=0.230km B=10.00T unif=1.068% hoop=75MPa
  [1654] OK     f=   0.230  a=15.7 b=22.1 gap=19.7 (face=3.3mm) n=[138, 188, 161, 233, 244, 220, 187, 194, 134]  tape=0.230km B=10.12T unif=0.789% hoop=74MPa
  [1655] OK     f=   0.230  a=15.8 b=22.0 gap=19.7 (face=3.4mm) n=[143, 172, 174, 241, 238, 233, 194, 200, 126]  tape=0.230km B=10.16T unif=0.526% hoop=81MPa
  [1656] viol   f=   0.241  a=15.8 b=22.0 gap=19.7 (face=3.4mm) n=[139, 176, 178, 218, 212, 246, 195, 208, 133]  tape=0.232km B=9.97T unif=1.006% hoop=80MPa
  [1657] viol   f=  65.112  a=15.9 b=22.2 gap=19.7 (face=3.4mm) n=[136, 198, 156, 218, 212, 229, 200, 192, 154]  tape=0.227km B=10.26T unif=1.570% hoop=74MPa
  [1658] viol   f=   0.235  a=15.8 b=22.1 gap=19.7 (face=3.4mm) n=[136, 181, 154, 235, 226, 229, 191, 180, 143]  tape=0.225km B=9.93T unif=0.740% hoop=74MPa
  [1659] OK     f=   0.233  a=15.8 b=21.9 gap=19.7 (face=3.4mm) n=[141, 184, 176, 232, 233, 236, 201, 207, 154]  tape=0.233km B=10.36T unif=0.726% hoop=77MPa
  [1660] viol   f=   4.636  a=15.8 b=22.0 gap=19.7 (face=3.4mm) n=[148, 182, 168, 239, 231, 239, 205, 207, 147]  tape=0.235km B=10.43T unif=1.148% hoop=77MPa
  [1661] OK     f=   0.229  a=15.9 b=22.0 gap=19.7 (face=3.4mm) n=[139, 177, 167, 231, 215, 235, 199, 209, 148]  tape=0.229km B=10.07T unif=0.587% hoop=76MPa
  [a=16 b=22 nt=1739] KSP converged reason: 4, iterations: 1
  [a=16 b=22 nt=1735] KSP converged reason: 4, iterations: 1
  [a=16 b=22 nt=1736] KSP converged reason: 4, iterations: 1
  [a=16 b=22 nt=1703] KSP converged reason: 4, iterations: 1
  [a=16 b=22 nt=1666] KSP converged reason: 4, iterations: 1
  [a=16 b=22 nt=1689] KSP converged reason: 4, iterations: 1
  [a=16 b=22 nt=1734] KSP converged reason: 4, iterations: 1
  [a=16 b=22 nt=1754] KSP converged reason: 4, iterations: 1
  [a=16 b=22 nt=1727] KSP converged reason: 4, iterations: 1
  [a=16 b=22 nt=1661] KSP converged reason: 4, iterations: 1
  [a=16 b=22 nt=1701] KSP converged reason: 4, iterations: 1
  [1662] OK     f=   0.237  a=15.8 b=22.2 gap=19.7 (face=3.4mm) n=[146, 194, 176, 247, 224, 234, 186, 189, 143]  tape=0.237km B=10.46T unif=0.821% hoop=77MPa
  [1663] OK     f=   0.235  a=15.8 b=22.2 gap=19.7 (face=3.4mm) n=[142, 175, 169, 240, 241, 246, 196, 182, 144]  tape=0.235km B=10.10T unif=0.486% hoop=78MPa
  [1664] OK     f=   0.226  a=15.9 b=22.2 gap=19.7 (face=3.4mm) n=[137, 192, 157, 235, 228, 238, 178, 177, 124]  tape=0.226km B=10.10T unif=0.840% hoop=75MPa
  [1665] OK     f=   0.232  a=15.8 b=22.0 gap=19.7 (face=3.3mm) n=[142, 181, 172, 235, 229, 240, 203, 198, 136]  tape=0.232km B=10.24T unif=0.706% hoop=76MPa
  [1666] viol   f=   0.888  a=15.7 b=21.9 gap=19.7 (face=3.4mm) n=[138, 186, 157, 230, 220, 221, 204, 216, 131]  tape=0.224km B=10.12T unif=1.058% hoop=72MPa
  [1667] viol   f=  39.805  a=15.7 b=22.1 gap=19.7 (face=3.3mm) n=[137, 194, 158, 223, 222, 221, 197, 207, 130]  tape=0.221km B=10.18T unif=1.445% hoop=72MPa
  [1668] viol   f=  21.219  a=15.9 b=22.0 gap=19.7 (face=3.4mm) n=[144, 193, 160, 225, 238, 225, 208, 190, 151]  tape=0.232km B=10.33T unif=1.324% hoop=76MPa
  [1669] OK     f=   0.229  a=15.8 b=22.0 gap=19.7 (face=3.4mm) n=[142, 180, 169, 225, 227, 226, 206, 196, 183]  tape=0.229km B=10.30T unif=0.959% hoop=75MPa
  [1670] viol   f=   0.229  a=15.8 b=22.0 gap=19.7 (face=3.4mm) n=[135, 187, 152, 235, 215, 234, 179, 187, 137]  tape=0.223km B=9.95T unif=0.889% hoop=73MPa
  [1671] OK     f=   0.232  a=15.8 b=22.0 gap=19.7 (face=3.4mm) n=[139, 189, 151, 242, 229, 235, 208, 177, 157]  tape=0.232km B=10.19T unif=0.639% hoop=74MPa
  [1672] OK     f=   0.231  a=15.8 b=22.1 gap=19.7 (face=3.4mm) n=[141, 192, 157, 244, 224, 228, 191, 190, 134]  tape=0.231km B=10.17T unif=0.798% hoop=74MPa
  [a=16 b=22 nt=1742] KSP converged reason: 4, iterations: 1
  [a=16 b=22 nt=1684] KSP converged reason: 4, iterations: 1
  [a=16 b=22 nt=1682] KSP converged reason: 4, iterations: 1
  [a=16 b=22 nt=1686] KSP converged reason: 4, iterations: 1
  [a=16 b=22 nt=1676] KSP converged reason: 4, iterations: 1
  [a=16 b=22 nt=1711] KSP converged reason: 4, iterations: 1
  [a=16 b=22 nt=1703] KSP converged reason: 4, iterations: 1
  [a=16 b=22 nt=1686] KSP converged reason: 4, iterations: 1
  [a=16 b=22 nt=1677] KSP converged reason: 4, iterations: 1
  [a=16 b=22 nt=1651] KSP converged reason: 4, iterations: 1
  [a=16 b=22 nt=1715] KSP converged reason: 4, iterations: 1
  [1673] OK     f=   0.236  a=15.8 b=22.0 gap=19.7 (face=3.4mm) n=[142, 187, 156, 250, 234, 244, 194, 177, 158]  tape=0.236km B=10.21T unif=0.462% hoop=75MPa
  [1674] viol   f= 146.631  a=15.8 b=22.2 gap=19.7 (face=3.4mm) n=[142, 178, 147, 236, 236, 235, 193, 162, 147]  tape=0.226km B=9.95T unif=1.856% hoop=73MPa
  [1675] viol   f=   0.234  a=15.8 b=22.1 gap=19.7 (face=3.4mm) n=[136, 186, 160, 235, 227, 247, 181, 185, 129]  tape=0.231km B=9.96T unif=0.729% hoop=76MPa
  [1676] viol   f=   0.232  a=15.8 b=22.0 gap=19.7 (face=3.4mm) n=[137, 174, 158, 236, 220, 221, 197, 207, 161]  tape=0.228km B=9.96T unif=0.634% hoop=76MPa
  [1677] viol   f=   0.286  a=15.9 b=22.1 gap=19.8 (face=3.6mm) n=[136, 174, 170, 248, 216, 246, 193, 168, 131]  tape=0.230km B=9.83T unif=0.577% hoop=78MPa
  [1678] OK     f=   0.231  a=15.8 b=22.3 gap=19.7 (face=3.4mm) n=[136, 195, 144, 248, 234, 242, 166, 175, 144]  tape=0.231km B=10.02T unif=0.782% hoop=74MPa
  [1679] viol   f=   1.422  a=16.0 b=22.2 gap=19.7 (face=3.4mm) n=[140, 193, 170, 234, 219, 231, 190, 176, 150]  tape=0.229km B=10.31T unif=1.077% hoop=76MPa
  [1680] viol   f=   0.246  a=15.8 b=22.2 gap=19.7 (face=3.5mm) n=[137, 189, 140, 252, 232, 251, 177, 168, 140]  tape=0.232km B=9.92T unif=0.540% hoop=74MPa
  [1681] viol   f=  11.635  a=15.8 b=22.1 gap=19.7 (face=3.4mm) n=[140, 193, 142, 237, 228, 237, 183, 172, 145]  tape=0.226km B=10.08T unif=1.239% hoop=71MPa
  [1682] viol   f=   0.447  a=15.8 b=22.1 gap=19.7 (face=3.4mm) n=[138, 188, 151, 235, 227, 232, 179, 170, 131]  tape=0.222km B=9.99T unif=1.034% hoop=73MPa
  [1683] viol   f=  70.365  a=15.9 b=22.1 gap=19.7 (face=3.4mm) n=[143, 186, 148, 239, 220, 234, 182, 198, 165]  tape=0.231km B=10.18T unif=1.592% hoop=75MPa
  [a=16 b=22 nt=1718] KSP converged reason: 4, iterations: 1
  [a=16 b=22 nt=1696] KSP converged reason: 4, iterations: 1
  [a=16 b=22 nt=1661] KSP converged reason: 4, iterations: 1
  [a=16 b=22 nt=1706] KSP converged reason: 4, iterations: 1
  [a=16 b=22 nt=1686] KSP converged reason: 4, iterations: 1
  [a=16 b=22 nt=1751] KSP converged reason: 4, iterations: 1
  [a=16 b=22 nt=1750] KSP converged reason: 4, iterations: 1
  [a=16 b=22 nt=1692] KSP converged reason: 4, iterations: 1
  [a=16 b=22 nt=1660] KSP converged reason: 4, iterations: 1
  [a=16 b=22 nt=1730] KSP converged reason: 4, iterations: 1
  [a=16 b=22 nt=1711] KSP converged reason: 4, iterations: 1
  [1684] viol   f=   0.245  a=15.9 b=22.2 gap=19.8 (face=3.5mm) n=[138, 184, 134, 251, 219, 242, 189, 166, 173]  tape=0.234km B=9.93T unif=0.777% hoop=82MPa
  [1685] OK     f=   0.231  a=15.9 b=22.2 gap=19.7 (face=3.4mm) n=[140, 189, 162, 243, 220, 229, 163, 194, 146]  tape=0.231km B=10.08T unif=0.785% hoop=75MPa
  [1686] viol   f=   0.243  a=15.9 b=22.2 gap=19.7 (face=3.5mm) n=[143, 178, 148, 264, 222, 244, 188, 162, 169]  tape=0.241km B=9.97T unif=0.704% hoop=79MPa
  [1687] viol   f=   0.233  a=15.9 b=22.2 gap=19.7 (face=3.5mm) n=[139, 178, 158, 243, 224, 234, 198, 177, 155]  tape=0.232km B=9.98T unif=0.574% hoop=77MPa
  [1688] OK     f=   0.235  a=15.8 b=22.1 gap=19.7 (face=3.3mm) n=[139, 183, 163, 237, 243, 233, 181, 217, 155]  tape=0.235km B=10.18T unif=0.539% hoop=77MPa
  [1689] viol   f=   0.250  a=15.8 b=22.3 gap=19.7 (face=3.4mm) n=[136, 186, 148, 247, 231, 231, 173, 172, 137]  tape=0.229km B=9.90T unif=0.851% hoop=75MPa
  [1690] viol   f=   5.688  a=15.7 b=22.0 gap=19.7 (face=3.4mm) n=[142, 185, 141, 239, 244, 240, 208, 186, 165]  tape=0.234km B=10.26T unif=1.165% hoop=75MPa
  [1691] viol   f=   0.233  a=15.7 b=22.1 gap=19.7 (face=3.4mm) n=[131, 192, 130, 249, 231, 230, 199, 184, 146]  tape=0.231km B=9.96T unif=0.745% hoop=76MPa
  [1692] viol   f=   0.241  a=15.9 b=22.1 gap=19.7 (face=3.4mm) n=[134, 186, 150, 230, 234, 230, 170, 176, 150]  tape=0.224km B=9.91T unif=0.931% hoop=74MPa
  [1693] OK     f=   0.237  a=15.8 b=22.1 gap=19.7 (face=3.4mm) n=[142, 179, 157, 252, 231, 231, 193, 188, 157]  tape=0.237km B=10.05T unif=0.495% hoop=77MPa
  [1694] viol   f=   2.885  a=15.9 b=22.2 gap=19.7 (face=3.4mm) n=[142, 188, 150, 240, 230, 229, 202, 183, 147]  tape=0.231km B=10.17T unif=1.115% hoop=75MPa
  [a=16 b=22 nt=1653] KSP converged reason: 4, iterations: 1
  [a=16 b=22 nt=1690] KSP converged reason: 4, iterations: 1
  [a=16 b=22 nt=1709] KSP converged reason: 4, iterations: 1
  [a=16 b=22 nt=1713] KSP converged reason: 4, iterations: 1
  [a=16 b=22 nt=1654] KSP converged reason: 4, iterations: 1
  [a=16 b=22 nt=1726] KSP converged reason: 4, iterations: 1
  [a=16 b=22 nt=1673] KSP converged reason: 4, iterations: 1
  [a=16 b=22 nt=1671] KSP converged reason: 4, iterations: 1
  [a=16 b=22 nt=1729] KSP converged reason: 4, iterations: 1
  [a=16 b=22 nt=1653] KSP converged reason: 4, iterations: 1
  [a=16 b=22 nt=1732] KSP converged reason: 4, iterations: 1
  [1695] OK     f=   0.232  a=15.7 b=22.1 gap=19.7 (face=3.4mm) n=[137, 192, 153, 251, 230, 234, 173, 185, 135]  tape=0.232km B=10.02T unif=0.662% hoop=74MPa
  [1696] viol   f=   0.247  a=15.8 b=22.3 gap=19.7 (face=3.4mm) n=[135, 188, 154, 244, 218, 222, 166, 201, 125]  tape=0.227km B=9.90T unif=0.908% hoop=78MPa
  [1697] viol   f=  38.736  a=15.8 b=22.3 gap=19.7 (face=3.4mm) n=[143, 191, 144, 242, 234, 219, 190, 188, 158]  tape=0.233km B=10.25T unif=1.439% hoop=74MPa
  [1698] viol   f=   0.503  a=15.8 b=22.1 gap=19.7 (face=3.4mm) n=[131, 177, 147, 226, 229, 234, 182, 184, 144]  tape=0.222km B=9.73T unif=1.026% hoop=73MPa
  [1699] OK     f=   0.230  a=15.9 b=22.2 gap=19.7 (face=3.4mm) n=[142, 180, 171, 230, 225, 233, 207, 198, 140]  tape=0.230km B=10.18T unif=0.828% hoop=77MPa
  [1700] OK     f=   0.228  a=15.8 b=22.0 gap=19.7 (face=3.4mm) n=[138, 179, 163, 234, 231, 226, 202, 189, 151]  tape=0.228km B=10.11T unif=0.562% hoop=75MPa
  [1701] viol   f=   4.241  a=15.8 b=22.0 gap=19.7 (face=3.3mm) n=[135, 185, 152, 227, 219, 239, 177, 199, 140]  tape=0.226km B=9.93T unif=1.142% hoop=74MPa
  [1702] OK     f=   0.230  a=16.0 b=22.2 gap=19.7 (face=3.4mm) n=[139, 189, 154, 245, 223, 217, 164, 182, 158]  tape=0.230km B=10.03T unif=0.946% hoop=76MPa
  [1703] OK     f=   0.236  a=15.7 b=22.2 gap=19.7 (face=3.3mm) n=[141, 191, 143, 246, 249, 225, 186, 190, 158]  tape=0.236km B=10.23T unif=0.987% hoop=74MPa
  [1704] viol   f=   0.281  a=16.0 b=22.3 gap=19.7 (face=3.4mm) n=[132, 183, 155, 228, 222, 217, 188, 181, 147]  tape=0.223km B=9.83T unif=0.859% hoop=73MPa
  [1705] viol   f=   0.240  a=15.9 b=22.1 gap=19.7 (face=3.5mm) n=[142, 174, 162, 258, 217, 245, 181, 197, 156]  tape=0.239km B=9.98T unif=0.556% hoop=80MPa
  [a=16 b=22 nt=1698] KSP converged reason: 4, iterations: 1
  [a=16 b=22 nt=1667] KSP converged reason: 4, iterations: 1
  [a=16 b=22 nt=1739] KSP converged reason: 4, iterations: 1
  [a=16 b=22 nt=1750] KSP converged reason: 4, iterations: 1
  [a=16 b=22 nt=1719] KSP converged reason: 4, iterations: 1
  [a=16 b=22 nt=1722] KSP converged reason: 4, iterations: 1
  [a=16 b=22 nt=1741] KSP converged reason: 4, iterations: 1
  [a=16 b=22 nt=1698] KSP converged reason: 4, iterations: 1
  [a=16 b=22 nt=1657] KSP converged reason: 4, iterations: 1
  [a=16 b=22 nt=1678] KSP converged reason: 4, iterations: 1
  [a=16 b=22 nt=1709] KSP converged reason: 4, iterations: 1
  [1706] OK     f=   0.231  a=15.8 b=22.1 gap=19.7 (face=3.4mm) n=[140, 184, 161, 228, 237, 221, 211, 180, 157]  tape=0.231km B=10.20T unif=0.919% hoop=76MPa
  [1707] OK     f=   0.234  a=15.9 b=22.1 gap=19.7 (face=3.4mm) n=[143, 184, 162, 239, 236, 215, 211, 193, 167]  tape=0.234km B=10.32T unif=0.791% hoop=77MPa
  [1708] viol   f=   1.577  a=15.8 b=22.0 gap=19.7 (face=3.4mm) n=[141, 174, 163, 241, 215, 223, 201, 191, 149]  tape=0.230km B=9.98T unif=1.082% hoop=76MPa
  [1709] OK     f=   0.232  a=16.0 b=22.1 gap=19.7 (face=3.4mm) n=[142, 182, 175, 237, 228, 236, 181, 186, 155]  tape=0.232km B=10.24T unif=0.671% hoop=78MPa
  [1710] viol   f=   0.741  a=15.8 b=22.1 gap=19.7 (face=3.4mm) n=[134, 178, 162, 222, 215, 241, 185, 190, 140]  tape=0.227km B=9.85T unif=1.049% hoop=76MPa
  [1711] OK     f=   0.235  a=15.9 b=22.2 gap=19.7 (face=3.4mm) n=[142, 196, 154, 244, 237, 225, 195, 185, 161]  tape=0.235km B=10.38T unif=0.796% hoop=76MPa
  [1712] OK     f=   0.236  a=15.9 b=22.1 gap=19.7 (face=3.4mm) n=[143, 177, 166, 244, 233, 234, 193, 197, 154]  tape=0.236km B=10.13T unif=0.617% hoop=78MPa
  [1713] OK     f=   0.233  a=15.8 b=22.2 gap=19.7 (face=3.4mm) n=[141, 186, 156, 247, 225, 237, 184, 179, 143]  tape=0.233km B=10.08T unif=0.693% hoop=75MPa
  [1714] viol   f=   0.316  a=15.8 b=22.1 gap=19.7 (face=3.4mm) n=[130, 182, 148, 232, 218, 217, 192, 190, 148]  tape=0.222km B=9.78T unif=0.948% hoop=72MPa
  [1715] viol   f=   0.229  a=15.9 b=22.2 gap=19.7 (face=3.5mm) n=[139, 173, 181, 231, 210, 223, 184, 197, 140]  tape=0.225km B=9.96T unif=0.566% hoop=77MPa
  [1716] OK     f=   0.231  a=15.9 b=22.2 gap=19.7 (face=3.4mm) n=[139, 178, 173, 233, 219, 239, 199, 186, 143]  tape=0.231km B=10.08T unif=0.557% hoop=77MPa
  [a=16 b=22 nt=1697] KSP converged reason: 4, iterations: 1
  [a=16 b=22 nt=1700] KSP converged reason: 4, iterations: 1
  [a=16 b=22 nt=1694] KSP converged reason: 4, iterations: 1
  [a=16 b=22 nt=1724] KSP converged reason: 4, iterations: 1
  [a=16 b=22 nt=1646] KSP converged reason: 4, iterations: 1
  [a=16 b=22 nt=1657] KSP converged reason: 4, iterations: 1
  [a=16 b=22 nt=1711] KSP converged reason: 4, iterations: 1
  [a=16 b=22 nt=1675] KSP converged reason: 4, iterations: 1
  [a=16 b=22 nt=1711] KSP converged reason: 4, iterations: 1
  [a=16 b=22 nt=1720] KSP converged reason: 4, iterations: 1
  [a=16 b=22 nt=1732] KSP converged reason: 4, iterations: 1
  [1717] viol   f=   0.254  a=16.0 b=22.1 gap=19.7 (face=3.5mm) n=[136, 173, 176, 223, 202, 215, 195, 171, 155]  tape=0.220km B=9.87T unif=0.848% hoop=78MPa
  [1718] OK     f=   0.229  a=16.0 b=22.2 gap=19.7 (face=3.4mm) n=[140, 181, 180, 227, 222, 233, 189, 184, 144]  tape=0.229km B=10.09T unif=0.598% hoop=85MPa
  [1719] OK     f=   0.223  a=15.9 b=22.1 gap=19.7 (face=3.4mm) n=[138, 178, 171, 218, 214, 222, 203, 199, 151]  tape=0.223km B=10.06T unif=0.876% hoop=75MPa
  [1720] viol   f=   0.235  a=15.9 b=22.2 gap=19.7 (face=3.5mm) n=[141, 179, 162, 247, 209, 239, 196, 180, 144]  tape=0.233km B=9.97T unif=0.697% hoop=77MPa
  [1721] OK     f=   0.232  a=16.0 b=22.2 gap=19.7 (face=3.5mm) n=[139, 175, 173, 234, 218, 220, 199, 185, 181]  tape=0.232km B=10.03T unif=0.589% hoop=78MPa
  [1722] viol   f=   0.282  a=15.8 b=22.1 gap=19.7 (face=3.4mm) n=[133, 176, 164, 215, 219, 226, 211, 185, 128]  tape=0.220km B=9.82T unif=0.783% hoop=74MPa
  [1723] viol   f=   0.230  a=15.9 b=22.1 gap=19.7 (face=3.4mm) n=[137, 176, 162, 237, 225, 229, 204, 184, 157]  tape=0.230km B=9.99T unif=0.445% hoop=76MPa
  [1724] viol   f=   0.224  a=15.9 b=22.1 gap=19.7 (face=3.4mm) n=[135, 181, 167, 227, 208, 221, 200, 187, 149]  tape=0.223km B=9.99T unif=0.724% hoop=75MPa
  [1725] OK     f=   0.225  a=16.0 b=22.1 gap=19.7 (face=3.4mm) n=[139, 177, 174, 222, 212, 216, 200, 217, 154]  tape=0.225km B=10.13T unif=0.870% hoop=76MPa
  [1726] viol   f=   2.220  a=15.9 b=22.2 gap=19.7 (face=3.4mm) n=[146, 180, 178, 229, 242, 232, 175, 176, 162]  tape=0.233km B=10.29T unif=1.100% hoop=98MPa
  [1727] OK     f=   0.233  a=15.9 b=22.1 gap=19.7 (face=3.4mm) n=[141, 175, 171, 228, 225, 239, 206, 192, 155]  tape=0.233km B=10.12T unif=0.656% hoop=78MPa
  [a=16 b=22 nt=1677] KSP converged reason: 4, iterations: 1
  [a=16 b=22 nt=1728] KSP converged reason: 4, iterations: 1
  [a=16 b=22 nt=1744] KSP converged reason: 4, iterations: 1
  [a=16 b=22 nt=1690] KSP converged reason: 4, iterations: 1
  [a=16 b=22 nt=1686] KSP converged reason: 4, iterations: 1
  [a=16 b=22 nt=1650] KSP converged reason: 4, iterations: 1
  [a=16 b=22 nt=1707] KSP converged reason: 4, iterations: 1
  [a=16 b=22 nt=1683] KSP converged reason: 4, iterations: 1
  [a=16 b=22 nt=1674] KSP converged reason: 4, iterations: 1
  [a=16 b=22 nt=1677] KSP converged reason: 4, iterations: 1
  [a=16 b=22 nt=1709] KSP converged reason: 4, iterations: 1
  [1728] viol   f=   0.243  a=15.9 b=22.1 gap=19.7 (face=3.4mm) n=[134, 177, 156, 221, 211, 223, 196, 201, 158]  tape=0.222km B=9.90T unif=0.941% hoop=74MPa
  [1729] viol   f=   0.694  a=16.0 b=22.3 gap=19.7 (face=3.4mm) n=[136, 180, 171, 216, 204, 225, 205, 202, 147]  tape=0.225km B=9.99T unif=1.048% hoop=76MPa
  [1730] viol   f=   0.986  a=15.9 b=22.1 gap=19.7 (face=3.4mm) n=[137, 191, 156, 227, 225, 229, 209, 193, 161]  tape=0.229km B=10.28T unif=1.062% hoop=75MPa
  [1731] OK     f=   0.229  a=16.0 b=22.0 gap=19.7 (face=3.4mm) n=[141, 179, 174, 227, 226, 217, 207, 206, 167]  tape=0.229km B=10.27T unif=0.711% hoop=77MPa
  [1732] viol   f=   0.224  a=15.9 b=22.0 gap=19.7 (face=3.4mm) n=[133, 181, 158, 221, 214, 218, 202, 195, 168]  tape=0.222km B=9.96T unif=0.805% hoop=74MPa
  [1733] viol   f=   0.240  a=15.9 b=22.2 gap=19.7 (face=3.4mm) n=[136, 173, 186, 205, 200, 215, 198, 203, 134]  tape=0.217km B=9.89T unif=0.982% hoop=73MPa
  [1734] OK     f=   0.225  a=15.9 b=22.2 gap=19.7 (face=3.4mm) n=[144, 173, 183, 223, 212, 221, 208, 199, 144]  tape=0.225km B=10.16T unif=0.891% hoop=76MPa
  [1735] viol   f=   0.263  a=15.9 b=22.1 gap=19.7 (face=3.4mm) n=[135, 186, 175, 212, 207, 231, 198, 197, 142]  tape=0.225km B=10.05T unif=1.014% hoop=76MPa
  [1736] viol   f=   2.050  a=15.9 b=22.2 gap=19.7 (face=3.4mm) n=[139, 189, 163, 233, 211, 221, 189, 184, 145]  tape=0.226km B=10.12T unif=1.095% hoop=74MPa
  [1737] viol   f=   0.238  a=15.9 b=22.2 gap=19.7 (face=3.4mm) n=[136, 175, 174, 229, 217, 236, 185, 190, 135]  tape=0.227km B=9.92T unif=0.449% hoop=78MPa
  [1738] OK     f=   0.224  a=15.9 b=22.0 gap=19.7 (face=3.4mm) n=[135, 178, 169, 213, 222, 220, 208, 203, 161]  tape=0.224km B=10.10T unif=0.748% hoop=76MPa
  [a=16 b=22 nt=1696] KSP converged reason: 4, iterations: 1
  [a=16 b=22 nt=1706] KSP converged reason: 4, iterations: 1
  [a=16 b=22 nt=1724] KSP converged reason: 4, iterations: 1
  [a=16 b=22 nt=1736] KSP converged reason: 4, iterations: 1
  [a=16 b=22 nt=1667] KSP converged reason: 4, iterations: 1
  [a=16 b=22 nt=1713] KSP converged reason: 4, iterations: 1
  [a=16 b=22 nt=1722] KSP converged reason: 4, iterations: 1
  [a=16 b=22 nt=1692] KSP converged reason: 4, iterations: 1
  [a=16 b=22 nt=1670] KSP converged reason: 4, iterations: 1
  [a=16 b=22 nt=1707] KSP converged reason: 4, iterations: 1
  [a=16 b=22 nt=1730] KSP converged reason: 4, iterations: 1
  [1739] OK     f=   0.230  a=15.9 b=22.1 gap=19.7 (face=3.4mm) n=[140, 177, 168, 234, 220, 233, 194, 186, 172]  tape=0.230km B=10.17T unif=0.620% hoop=77MPa
  [1740] OK     f=   0.226  a=15.9 b=22.2 gap=19.7 (face=3.4mm) n=[140, 184, 177, 230, 225, 228, 177, 190, 145]  tape=0.226km B=10.16T unif=0.761% hoop=76MPa
  [1741] OK     f=   0.228  a=15.9 b=22.1 gap=19.7 (face=3.4mm) n=[138, 178, 168, 232, 218, 231, 199, 190, 152]  tape=0.228km B=10.08T unif=0.718% hoop=77MPa
  [1742] OK     f=   0.224  a=15.9 b=22.1 gap=19.7 (face=3.4mm) n=[136, 178, 172, 219, 220, 220, 205, 194, 169]  tape=0.224km B=10.08T unif=0.727% hoop=74MPa
  [1743] viol   f=   7.303  a=15.9 b=22.1 gap=19.7 (face=3.4mm) n=[136, 175, 165, 217, 203, 222, 207, 197, 145]  tape=0.220km B=9.89T unif=1.188% hoop=74MPa
  [1744] OK     f=   0.228  a=15.8 b=22.0 gap=19.7 (face=3.4mm) n=[140, 179, 183, 216, 225, 227, 207, 211, 148]  tape=0.228km B=10.24T unif=0.686% hoop=76MPa
  [1745] OK     f=   0.229  a=15.9 b=22.1 gap=19.7 (face=3.4mm) n=[139, 181, 173, 231, 212, 232, 200, 195, 159]  tape=0.229km B=10.19T unif=0.656% hoop=77MPa
  [1746] viol   f=   0.224  a=15.8 b=21.9 gap=19.7 (face=3.4mm) n=[135, 180, 157, 221, 228, 222, 195, 199, 155]  tape=0.223km B=9.99T unif=0.894% hoop=80MPa
  [1747] viol   f=   1.404  a=15.9 b=21.9 gap=19.7 (face=3.4mm) n=[133, 163, 174, 200, 207, 208, 216, 220, 149]  tape=0.219km B=9.75T unif=1.073% hoop=75MPa
  [1748] OK     f=   0.228  a=15.9 b=22.1 gap=19.7 (face=3.4mm) n=[137, 178, 166, 221, 228, 232, 189, 203, 153]  tape=0.228km B=10.01T unif=0.887% hoop=75MPa
  [1749] OK     f=   0.230  a=16.0 b=22.2 gap=19.7 (face=3.4mm) n=[144, 186, 174, 227, 220, 230, 208, 191, 150]  tape=0.230km B=10.35T unif=0.984% hoop=77MPa
  [a=16 b=22 nt=1693] KSP converged reason: 4, iterations: 1
  [a=16 b=22 nt=1673] KSP converged reason: 4, iterations: 1
  [a=16 b=22 nt=1693] KSP converged reason: 4, iterations: 1
  [a=16 b=22 nt=1690] KSP converged reason: 4, iterations: 1
  [a=16 b=22 nt=1688] KSP converged reason: 4, iterations: 1
  [a=16 b=22 nt=1694] KSP converged reason: 4, iterations: 1
  [a=16 b=22 nt=1706] KSP converged reason: 4, iterations: 1
  [a=16 b=22 nt=1720] KSP converged reason: 4, iterations: 1
  [a=16 b=22 nt=1670] KSP converged reason: 4, iterations: 1
  [a=16 b=22 nt=1683] KSP converged reason: 4, iterations: 1
  [a=16 b=22 nt=1700] KSP converged reason: 4, iterations: 1
  [1750] OK     f=   0.222  a=15.9 b=22.2 gap=19.7 (face=3.4mm) n=[141, 173, 187, 219, 218, 221, 188, 202, 139]  tape=0.222km B=10.04T unif=0.724% hoop=74MPa
  [1751] viol   f=   0.252  a=15.9 b=22.1 gap=19.7 (face=3.4mm) n=[134, 171, 176, 210, 211, 226, 204, 190, 151]  tape=0.222km B=9.88T unif=0.728% hoop=77MPa
  [1752] OK     f=   0.224  a=15.9 b=22.1 gap=19.7 (face=3.4mm) n=[137, 178, 171, 221, 223, 225, 196, 197, 146]  tape=0.224km B=10.01T unif=0.850% hoop=75MPa
  [1753] viol   f=   0.413  a=15.9 b=22.2 gap=19.7 (face=3.4mm) n=[139, 176, 167, 223, 227, 226, 187, 203, 145]  tape=0.225km B=10.00T unif=1.031% hoop=77MPa
  [1754] viol   f= 241.677  a=15.8 b=22.0 gap=19.7 (face=3.4mm) n=[137, 183, 174, 225, 215, 214, 198, 201, 146]  tape=0.223km B=9.20T unif=2.096% hoop=247MPa
  [1755] OK     f=   0.225  a=15.8 b=22.2 gap=19.7 (face=3.4mm) n=[134, 184, 163, 215, 229, 224, 201, 185, 155]  tape=0.225km B=10.03T unif=0.967% hoop=76MPa
  [1756] OK     f=   0.226  a=15.8 b=22.0 gap=19.7 (face=3.4mm) n=[133, 182, 151, 223, 221, 229, 213, 185, 169]  tape=0.226km B=10.01T unif=0.766% hoop=74MPa
  [1757] viol   f=   0.225  a=15.8 b=22.0 gap=19.7 (face=3.4mm) n=[135, 174, 183, 222, 220, 218, 173, 200, 145]  tape=0.219km B=9.95T unif=0.846% hoop=74MPa
  [1758] OK     f=   0.229  a=15.9 b=22.0 gap=19.7 (face=3.4mm) n=[138, 183, 154, 232, 233, 214, 192, 202, 172]  tape=0.229km B=10.15T unif=0.836% hoop=76MPa
  [1759] viol   f=   1.943  a=15.9 b=22.1 gap=19.7 (face=3.4mm) n=[138, 178, 179, 212, 223, 215, 190, 193, 155]  tape=0.223km B=10.06T unif=1.093% hoop=77MPa
  [1760] viol   f=   0.618  a=16.0 b=22.1 gap=19.7 (face=3.4mm) n=[137, 184, 178, 216, 219, 222, 195, 191, 158]  tape=0.224km B=10.18T unif=1.044% hoop=76MPa
  [a=16 b=22 nt=1710] KSP converged reason: 4, iterations: 1
  [a=16 b=22 nt=1686] KSP converged reason: 4, iterations: 1
  [a=16 b=22 nt=1697] KSP converged reason: 4, iterations: 1
  [a=16 b=22 nt=1663] KSP converged reason: 4, iterations: 1
  [a=16 b=22 nt=1684] KSP converged reason: 4, iterations: 1
  [a=16 b=22 nt=1731] KSP converged reason: 4, iterations: 1
  [a=16 b=22 nt=1737] KSP converged reason: 4, iterations: 1
  [a=16 b=22 nt=1726] KSP converged reason: 4, iterations: 1
  [a=16 b=22 nt=1683] KSP converged reason: 4, iterations: 1
  [a=16 b=22 nt=1672] KSP converged reason: 4, iterations: 1
  [a=16 b=22 nt=1683] KSP converged reason: 4, iterations: 1
  [1761] OK     f=   0.230  a=16.0 b=22.1 gap=19.7 (face=3.4mm) n=[139, 179, 178, 221, 219, 229, 192, 203, 171]  tape=0.230km B=10.20T unif=0.740% hoop=79MPa
  [1762] viol   f=   2.054  a=15.8 b=22.1 gap=19.7 (face=3.4mm) n=[136, 180, 170, 214, 221, 219, 188, 198, 137]  tape=0.220km B=10.00T unif=1.096% hoop=75MPa
  [1763] OK     f=   0.225  a=15.9 b=22.0 gap=19.7 (face=3.4mm) n=[136, 177, 170, 217, 217, 224, 195, 216, 158]  tape=0.225km B=10.03T unif=0.831% hoop=76MPa
  [1764] OK     f=   0.223  a=15.8 b=22.2 gap=19.7 (face=3.4mm) n=[139, 174, 178, 222, 225, 225, 204, 182, 135]  tape=0.223km B=10.03T unif=0.658% hoop=76MPa
  [1765] viol   f=   0.224  a=15.9 b=22.1 gap=19.7 (face=3.4mm) n=[137, 178, 172, 221, 228, 218, 193, 193, 146]  tape=0.224km B=10.00T unif=0.828% hoop=75MPa
  [1766] OK     f=   0.226  a=15.9 b=22.2 gap=19.7 (face=3.4mm) n=[140, 181, 175, 227, 221, 224, 184, 202, 143]  tape=0.226km B=10.09T unif=0.697% hoop=75MPa
  [1767] OK     f=   0.228  a=15.9 b=22.1 gap=19.7 (face=3.4mm) n=[140, 183, 166, 224, 224, 226, 204, 212, 158]  tape=0.228km B=10.29T unif=0.837% hoop=75MPa
  [1768] OK     f=   0.225  a=16.0 b=22.1 gap=19.7 (face=3.4mm) n=[140, 175, 198, 209, 216, 219, 203, 206, 160]  tape=0.225km B=10.26T unif=0.948% hoop=75MPa
  [1769] OK     f=   0.224  a=15.9 b=22.2 gap=19.7 (face=3.4mm) n=[139, 180, 183, 212, 226, 220, 186, 206, 131]  tape=0.224km B=10.07T unif=0.859% hoop=76MPa
  [1770] viol   f=   0.265  a=15.9 b=22.1 gap=19.7 (face=3.4mm) n=[133, 167, 197, 205, 210, 213, 185, 213, 149]  tape=0.218km B=9.88T unif=1.009% hoop=72MPa
  [1771] OK     f=   0.220  a=15.9 b=22.0 gap=19.7 (face=3.3mm) n=[138, 174, 188, 208, 213, 218, 192, 208, 144]  tape=0.220km B=10.03T unif=0.780% hoop=74MPa
  [a=16 b=22 nt=1689] KSP converged reason: 4, iterations: 1
  [a=16 b=22 nt=1674] KSP converged reason: 4, iterations: 1
  [a=16 b=22 nt=1683] KSP converged reason: 4, iterations: 1
  [a=16 b=22 nt=1669] KSP converged reason: 4, iterations: 1
  [a=16 b=22 nt=1696] KSP converged reason: 4, iterations: 1
  [a=16 b=22 nt=1694] KSP converged reason: 4, iterations: 1
  [a=16 b=22 nt=1685] KSP converged reason: 4, iterations: 1
  [a=16 b=22 nt=1656] KSP converged reason: 4, iterations: 1
  [a=16 b=22 nt=1728] KSP converged reason: 4, iterations: 1
  [a=16 b=22 nt=1698] KSP converged reason: 4, iterations: 1
  [a=16 b=22 nt=1742] KSP converged reason: 4, iterations: 1
  [1772] viol   f=   0.226  a=15.9 b=22.2 gap=19.7 (face=3.4mm) n=[139, 173, 183, 215, 228, 217, 186, 194, 134]  tape=0.223km B=9.96T unif=0.865% hoop=76MPa
  [1773] OK     f=   0.223  a=15.8 b=22.1 gap=19.7 (face=3.4mm) n=[139, 170, 187, 213, 226, 224, 195, 210, 125]  tape=0.223km B=10.01T unif=0.653% hoop=74MPa
  [1774] OK     f=   0.225  a=15.8 b=22.1 gap=19.7 (face=3.4mm) n=[141, 178, 174, 230, 227, 229, 188, 187, 140]  tape=0.225km B=10.12T unif=0.643% hoop=75MPa
  [1775] OK     f=   0.222  a=15.9 b=22.2 gap=19.7 (face=3.4mm) n=[137, 181, 182, 215, 222, 219, 193, 195, 139]  tape=0.222km B=10.11T unif=0.851% hoop=76MPa
  [1776] OK     f=   0.223  a=15.9 b=22.2 gap=19.7 (face=3.4mm) n=[141, 174, 181, 225, 218, 221, 182, 196, 136]  tape=0.223km B=10.03T unif=0.859% hoop=76MPa
  [1777] OK     f=   0.223  a=15.9 b=22.2 gap=19.7 (face=3.4mm) n=[140, 174, 185, 212, 213, 218, 202, 197, 155]  tape=0.223km B=10.10T unif=0.963% hoop=75MPa
  [1778] viol   f=   0.226  a=15.9 b=22.1 gap=19.7 (face=3.4mm) n=[138, 171, 181, 217, 214, 221, 203, 203, 137]  tape=0.222km B=9.95T unif=0.681% hoop=75MPa
  [1779] viol   f=   6.091  a=15.9 b=22.1 gap=19.7 (face=3.3mm) n=[133, 183, 174, 202, 222, 211, 189, 201, 141]  tape=0.219km B=9.94T unif=1.171% hoop=75MPa
  [1780] OK     f=   0.229  a=15.9 b=22.1 gap=19.7 (face=3.4mm) n=[144, 170, 193, 219, 212, 228, 198, 211, 153]  tape=0.229km B=10.21T unif=0.680% hoop=76MPa
  [1781] OK     f=   0.223  a=15.8 b=22.0 gap=19.7 (face=3.4mm) n=[137, 180, 168, 225, 223, 213, 209, 195, 148]  tape=0.223km B=10.08T unif=0.723% hoop=74MPa
  [1782] OK     f=   0.230  a=15.9 b=22.0 gap=19.7 (face=3.4mm) n=[141, 180, 183, 220, 231, 224, 209, 199, 155]  tape=0.230km B=10.30T unif=0.686% hoop=78MPa
  [a=16 b=22 nt=1694] KSP converged reason: 4, iterations: 1
  [a=16 b=22 nt=1682] KSP converged reason: 4, iterations: 1
  [a=16 b=22 nt=1687] KSP converged reason: 4, iterations: 1
  [a=16 b=22 nt=1690] KSP converged reason: 4, iterations: 1
  [a=16 b=22 nt=1720] KSP converged reason: 4, iterations: 1
  [a=16 b=22 nt=1707] KSP converged reason: 4, iterations: 1
  [a=16 b=22 nt=1646] KSP converged reason: 4, iterations: 1
  [a=16 b=22 nt=1689] KSP converged reason: 4, iterations: 1
  [a=16 b=22 nt=1656] KSP converged reason: 4, iterations: 1
  [a=16 b=22 nt=1720] KSP converged reason: 4, iterations: 1
  [a=16 b=22 nt=1724] KSP converged reason: 4, iterations: 1
  [1783] OK     f=   0.227  a=15.9 b=22.3 gap=19.7 (face=3.3mm) n=[141, 182, 187, 213, 224, 221, 198, 213, 141]  tape=0.227km B=10.26T unif=0.824% hoop=75MPa
  [1784] OK     f=   0.223  a=16.0 b=22.2 gap=19.7 (face=3.4mm) n=[141, 175, 183, 220, 216, 216, 188, 193, 162]  tape=0.223km B=10.06T unif=0.988% hoop=75MPa
  [1785] OK     f=   0.224  a=15.9 b=22.2 gap=19.7 (face=3.4mm) n=[140, 183, 176, 225, 219, 221, 189, 181, 148]  tape=0.224km B=10.15T unif=0.860% hoop=76MPa
  [1786] OK     f=   0.225  a=15.8 b=22.2 gap=19.7 (face=3.4mm) n=[137, 178, 186, 215, 228, 211, 202, 190, 140]  tape=0.225km B=10.06T unif=0.759% hoop=75MPa
  [1787] OK     f=   0.225  a=15.9 b=22.2 gap=19.7 (face=3.4mm) n=[140, 177, 185, 223, 224, 220, 194, 199, 145]  tape=0.225km B=10.15T unif=0.598% hoop=75MPa
  [1788] viol   f=   0.223  a=15.9 b=22.1 gap=19.7 (face=3.4mm) n=[140, 169, 189, 219, 223, 222, 197, 191, 140]  tape=0.223km B=9.99T unif=0.588% hoop=73MPa
  [1789] viol   f=   0.227  a=15.9 b=22.2 gap=19.7 (face=3.4mm) n=[137, 178, 186, 217, 213, 214, 176, 185, 140]  tape=0.217km B=9.93T unif=0.807% hoop=73MPa
  [1790] OK     f=   0.219  a=15.9 b=22.2 gap=19.7 (face=3.4mm) n=[138, 171, 200, 208, 220, 220, 179, 196, 124]  tape=0.219km B=10.00T unif=0.781% hoop=74MPa
  [1791] OK     f=   0.226  a=15.9 b=22.2 gap=19.7 (face=3.4mm) n=[139, 177, 176, 219, 229, 219, 189, 198, 143]  tape=0.226km B=10.03T unif=0.908% hoop=76MPa
  [1792] OK     f=   0.228  a=15.9 b=22.1 gap=19.7 (face=3.4mm) n=[143, 176, 191, 219, 229, 215, 201, 198, 148]  tape=0.228km B=10.22T unif=0.639% hoop=75MPa
  [1793] OK     f=   0.229  a=15.9 b=22.1 gap=19.7 (face=3.4mm) n=[139, 177, 183, 224, 231, 219, 192, 199, 160]  tape=0.229km B=10.17T unif=0.669% hoop=77MPa
  [a=16 b=22 nt=1686] KSP converged reason: 4, iterations: 1
  [a=16 b=22 nt=1674] KSP converged reason: 4, iterations: 1
  [a=16 b=22 nt=1684] KSP converged reason: 4, iterations: 1
  [a=16 b=22 nt=1648] KSP converged reason: 4, iterations: 1
  [a=16 b=22 nt=1655] KSP converged reason: 4, iterations: 1
  [a=16 b=22 nt=1664] KSP converged reason: 4, iterations: 1
  [a=16 b=22 nt=1690] KSP converged reason: 4, iterations: 1
  [a=16 b=22 nt=1654] KSP converged reason: 4, iterations: 1
  [a=16 b=22 nt=1690] KSP converged reason: 4, iterations: 1
  [a=16 b=22 nt=1693] KSP converged reason: 4, iterations: 1
  [a=16 b=22 nt=1689] KSP converged reason: 4, iterations: 1
  [1794] viol   f=   0.225  a=15.9 b=22.2 gap=19.7 (face=3.4mm) n=[137, 167, 206, 202, 208, 216, 191, 203, 125]  tape=0.217km B=9.94T unif=0.801% hoop=73MPa
  [1795] OK     f=   0.228  a=15.9 b=22.3 gap=19.7 (face=3.4mm) n=[144, 173, 198, 225, 227, 236, 185, 177, 121]  tape=0.228km B=10.09T unif=0.429% hoop=75MPa
  [1796] OK     f=   0.223  a=15.9 b=22.1 gap=19.7 (face=3.4mm) n=[139, 176, 191, 210, 225, 223, 196, 197, 127]  tape=0.223km B=10.06T unif=0.717% hoop=74MPa
  [1797] OK     f=   0.218  a=15.9 b=22.2 gap=19.7 (face=3.4mm) n=[140, 169, 194, 209, 215, 218, 183, 198, 122]  tape=0.218km B=10.00T unif=0.749% hoop=74MPa
  [1798] viol   f=   0.261  a=15.9 b=22.1 gap=19.7 (face=3.4mm) n=[136, 168, 185, 208, 224, 212, 196, 194, 141]  tape=0.221km B=9.86T unif=0.752% hoop=74MPa
  [1799] OK     f=   0.225  a=15.9 b=22.3 gap=19.7 (face=3.4mm) n=[140, 179, 192, 221, 225, 231, 181, 177, 128]  tape=0.225km B=10.08T unif=0.660% hoop=75MPa
  [1800] OK     f=   0.223  a=16.0 b=22.1 gap=19.7 (face=3.4mm) n=[142, 170, 195, 215, 220, 222, 190, 190, 146]  tape=0.223km B=10.11T unif=0.646% hoop=74MPa
  [1801] OK     f=   0.218  a=15.8 b=22.2 gap=19.7 (face=3.4mm) n=[140, 174, 201, 208, 216, 219, 184, 198, 114]  tape=0.218km B=10.10T unif=0.714% hoop=73MPa
  [1802] OK     f=   0.224  a=15.9 b=22.1 gap=19.7 (face=3.4mm) n=[139, 171, 198, 209, 224, 212, 190, 206, 141]  tape=0.224km B=10.03T unif=0.606% hoop=74MPa
  [1803] OK     f=   0.221  a=16.0 b=22.1 gap=19.7 (face=3.4mm) n=[141, 165, 193, 216, 213, 215, 193, 204, 149]  tape=0.221km B=10.01T unif=0.678% hoop=73MPa
  [1804] OK     f=   0.225  a=15.9 b=22.2 gap=19.7 (face=3.4mm) n=[139, 175, 191, 211, 215, 226, 195, 197, 144]  tape=0.225km B=10.02T unif=0.700% hoop=74MPa
  [a=16 b=22 nt=1660] KSP converged reason: 4, iterations: 1
  [a=16 b=22 nt=1656] KSP converged reason: 4, iterations: 1
  [a=16 b=22 nt=1662] KSP converged reason: 4, iterations: 1
  [a=16 b=22 nt=1673] KSP converged reason: 4, iterations: 1
  [a=16 b=22 nt=1630] KSP converged reason: 4, iterations: 1
  [a=16 b=22 nt=1653] KSP converged reason: 4, iterations: 1
  [a=16 b=22 nt=1692] KSP converged reason: 4, iterations: 1
  [a=16 b=22 nt=1667] KSP converged reason: 4, iterations: 1
  [a=16 b=22 nt=1660] KSP converged reason: 4, iterations: 1
  [a=16 b=22 nt=1647] KSP converged reason: 4, iterations: 1
  [a=16 b=22 nt=1643] KSP converged reason: 4, iterations: 1
  [1805] viol   f=   0.224  a=15.9 b=22.3 gap=19.7 (face=3.5mm) n=[143, 169, 196, 221, 213, 230, 180, 196, 112]  tape=0.224km B=9.99T unif=0.535% hoop=75MPa
  [1806] viol   f=   0.229  a=15.9 b=22.1 gap=19.7 (face=3.4mm) n=[142, 162, 195, 217, 219, 230, 187, 212, 109]  tape=0.223km B=9.94T unif=0.488% hoop=76MPa
  [1807] viol   f=   0.250  a=15.8 b=22.1 gap=19.7 (face=3.4mm) n=[138, 165, 193, 213, 215, 229, 183, 200, 120]  tape=0.221km B=9.88T unif=0.553% hoop=75MPa
  [1808] viol   f=   0.343  a=15.9 b=22.2 gap=19.7 (face=3.4mm) n=[134, 168, 191, 205, 205, 214, 186, 188, 139]  tape=0.215km B=9.75T unif=0.732% hoop=72MPa
  [1809] OK     f=   0.220  a=15.9 b=22.1 gap=19.7 (face=3.3mm) n=[140, 168, 195, 204, 223, 210, 194, 206, 122]  tape=0.220km B=10.02T unif=0.765% hoop=74MPa
  [1810] OK     f=   0.219  a=15.9 b=22.2 gap=19.7 (face=3.4mm) n=[140, 173, 193, 209, 221, 218, 182, 200, 117]  tape=0.219km B=10.01T unif=0.787% hoop=73MPa
  [1811] OK     f=   0.224  a=15.9 b=22.1 gap=19.7 (face=3.4mm) n=[143, 168, 202, 214, 225, 216, 193, 197, 134]  tape=0.224km B=10.08T unif=0.518% hoop=73MPa
  [1812] viol   f=   0.245  a=16.0 b=22.1 gap=19.7 (face=3.4mm) n=[137, 167, 200, 201, 209, 218, 198, 208, 129]  tape=0.219km B=9.89T unif=0.612% hoop=73MPa
  [1813] viol   f=   0.233  a=15.8 b=22.1 gap=19.7 (face=3.4mm) n=[139, 168, 192, 215, 210, 223, 192, 193, 128]  tape=0.220km B=9.92T unif=0.700% hoop=73MPa
  [1814] viol   f=   0.238  a=15.9 b=22.2 gap=19.7 (face=3.4mm) n=[140, 165, 210, 201, 211, 227, 172, 209, 112]  tape=0.220km B=9.91T unif=0.538% hoop=75MPa
  [1815] viol   f=   0.221  a=15.8 b=22.2 gap=19.7 (face=3.4mm) n=[138, 171, 192, 209, 223, 221, 180, 191, 118]  tape=0.218km B=9.96T unif=0.643% hoop=74MPa
  [a=16 b=22 nt=1663] KSP converged reason: 4, iterations: 1
  [a=16 b=22 nt=1640] KSP converged reason: 4, iterations: 1
  [a=16 b=22 nt=1676] KSP converged reason: 4, iterations: 1
  [a=16 b=22 nt=1684] KSP converged reason: 4, iterations: 1
  [a=16 b=22 nt=1627] KSP converged reason: 4, iterations: 1
  [a=16 b=22 nt=1662] KSP converged reason: 4, iterations: 1
  [a=16 b=22 nt=1651] KSP converged reason: 4, iterations: 1
  [a=16 b=22 nt=1634] KSP converged reason: 4, iterations: 1
  [a=16 b=22 nt=1661] KSP converged reason: 4, iterations: 1
  [a=16 b=22 nt=1633] KSP converged reason: 4, iterations: 1
  [a=16 b=22 nt=1651] KSP converged reason: 4, iterations: 1
  [1816] viol   f=   0.223  a=15.9 b=22.1 gap=19.7 (face=3.4mm) n=[140, 167, 194, 213, 214, 225, 185, 207, 118]  tape=0.221km B=9.97T unif=0.575% hoop=74MPa
  [1817] viol   f=   0.219  a=16.0 b=22.2 gap=19.7 (face=3.4mm) n=[141, 166, 210, 210, 215, 217, 176, 189, 103]  tape=0.215km B=9.96T unif=0.538% hoop=73MPa
  [1818] OK     f=   0.225  a=15.9 b=22.1 gap=19.7 (face=3.3mm) n=[140, 174, 195, 208, 230, 220, 194, 202, 121]  tape=0.225km B=10.13T unif=0.592% hoop=75MPa
  [1819] OK     f=   0.220  a=15.8 b=22.3 gap=19.7 (face=3.4mm) n=[139, 177, 189, 212, 229, 222, 180, 193, 99]  tape=0.220km B=10.01T unif=0.770% hoop=75MPa
  [1820] viol   f=   0.223  a=15.9 b=22.1 gap=19.7 (face=3.4mm) n=[140, 167, 197, 210, 227, 218, 197, 194, 126]  tape=0.223km B=9.99T unif=0.479% hoop=75MPa
  [1821] OK     f=   0.217  a=15.9 b=22.1 gap=19.7 (face=3.4mm) n=[141, 171, 202, 206, 215, 213, 188, 196, 130]  tape=0.217km B=10.09T unif=0.781% hoop=76MPa
  [1822] OK     f=   0.218  a=15.9 b=22.2 gap=19.7 (face=3.4mm) n=[142, 169, 201, 207, 219, 214, 188, 204, 107]  tape=0.218km B=10.03T unif=0.770% hoop=74MPa
  [1823] viol   f=   0.218  a=15.9 b=22.2 gap=19.7 (face=3.4mm) n=[137, 171, 197, 200, 216, 216, 172, 210, 115]  tape=0.215km B=9.96T unif=0.765% hoop=74MPa
  [1824] OK     f=   0.219  a=15.8 b=22.1 gap=19.7 (face=3.3mm) n=[140, 170, 200, 201, 222, 212, 197, 209, 110]  tape=0.219km B=10.04T unif=0.802% hoop=75MPa
  [1825] viol   f=   0.245  a=15.9 b=22.3 gap=19.7 (face=3.4mm) n=[138, 169, 191, 200, 216, 219, 186, 201, 113]  tape=0.217km B=9.88T unif=0.980% hoop=73MPa
  [1826] OK     f=   0.220  a=15.8 b=22.2 gap=19.7 (face=3.4mm) n=[140, 172, 200, 210, 227, 219, 178, 203, 102]  tape=0.220km B=10.02T unif=0.601% hoop=75MPa
  [a=16 b=22 nt=1666] KSP converged reason: 4, iterations: 1
  [a=16 b=22 nt=1634] KSP converged reason: 4, iterations: 1
  [a=16 b=22 nt=1645] KSP converged reason: 4, iterations: 1
  [a=16 b=22 nt=1652] KSP converged reason: 4, iterations: 1
  [a=16 b=22 nt=1638] KSP converged reason: 4, iterations: 1
  [a=16 b=22 nt=1666] KSP converged reason: 4, iterations: 1
  [a=16 b=22 nt=1671] KSP converged reason: 4, iterations: 1
  [a=16 b=22 nt=1627] KSP converged reason: 4, iterations: 1
  [a=16 b=22 nt=1667] KSP converged reason: 4, iterations: 1
  [a=16 b=22 nt=1629] KSP converged reason: 4, iterations: 1
  [a=16 b=22 nt=1683] KSP converged reason: 4, iterations: 1
  [1827] OK     f=   0.217  a=15.9 b=22.0 gap=19.7 (face=3.3mm) n=[145, 166, 215, 197, 218, 201, 191, 210, 109]  tape=0.217km B=10.07T unif=0.743% hoop=74MPa
  [1828] OK     f=   0.215  a=15.8 b=22.2 gap=19.7 (face=3.4mm) n=[141, 170, 210, 205, 215, 212, 182, 199, 104]  tape=0.215km B=10.03T unif=0.625% hoop=72MPa
  [1829] viol   f=   0.255  a=15.9 b=22.1 gap=19.7 (face=3.4mm) n=[141, 162, 202, 205, 213, 222, 178, 195, 116]  tape=0.217km B=9.86T unif=0.806% hoop=74MPa
  [1830] OK     f=   0.222  a=15.8 b=22.0 gap=19.7 (face=3.3mm) n=[140, 174, 189, 214, 229, 223, 189, 191, 117]  tape=0.222km B=10.01T unif=0.641% hoop=74MPa
  [1831] viol   f=   0.217  a=15.8 b=21.9 gap=19.6 (face=3.3mm) n=[136, 170, 195, 194, 216, 207, 191, 212, 124]  tape=0.215km B=9.96T unif=0.791% hoop=74MPa
  [1832] OK     f=   0.222  a=15.9 b=22.2 gap=19.7 (face=3.4mm) n=[142, 174, 196, 218, 212, 225, 184, 197, 118]  tape=0.222km B=10.10T unif=0.728% hoop=75MPa
  [1833] OK     f=   0.224  a=16.0 b=22.3 gap=19.7 (face=3.4mm) n=[143, 176, 190, 227, 216, 215, 170, 199, 135]  tape=0.224km B=10.05T unif=0.875% hoop=76MPa
  [1834] viol   f=   0.240  a=15.9 b=22.2 gap=19.7 (face=3.4mm) n=[138, 170, 186, 217, 214, 223, 175, 189, 115]  tape=0.217km B=9.89T unif=0.759% hoop=75MPa
  [1835] OK     f=   0.222  a=15.8 b=22.2 gap=19.7 (face=3.4mm) n=[145, 168, 206, 207, 228, 217, 186, 197, 113]  tape=0.222km B=10.12T unif=0.767% hoop=75MPa
  [1836] viol   f=   0.255  a=16.0 b=22.2 gap=19.7 (face=3.4mm) n=[142, 162, 222, 193, 197, 211, 188, 205, 109]  tape=0.217km B=9.86T unif=0.512% hoop=75MPa
  [1837] OK     f=   0.220  a=15.9 b=22.1 gap=19.7 (face=3.4mm) n=[144, 174, 202, 209, 219, 218, 188, 201, 128]  tape=0.220km B=10.18T unif=0.832% hoop=73MPa
  [a=16 b=22 nt=1644] KSP converged reason: 4, iterations: 1
  [a=16 b=22 nt=1662] KSP converged reason: 4, iterations: 1
  [a=16 b=22 nt=1632] KSP converged reason: 4, iterations: 1
  [a=16 b=22 nt=1656] KSP converged reason: 4, iterations: 1
  [a=16 b=22 nt=1679] KSP converged reason: 4, iterations: 1
  [a=16 b=22 nt=1664] KSP converged reason: 4, iterations: 1
  [a=16 b=22 nt=1672] KSP converged reason: 4, iterations: 1
  [a=16 b=22 nt=1670] KSP converged reason: 4, iterations: 1
  [a=16 b=22 nt=1664] KSP converged reason: 4, iterations: 1
  [a=16 b=22 nt=1598] KSP converged reason: 4, iterations: 1
  [a=16 b=22 nt=1619] KSP converged reason: 4, iterations: 1
  [1838] OK     f=   0.222  a=15.8 b=22.0 gap=19.7 (face=3.3mm) n=[143, 174, 198, 203, 232, 210, 193, 203, 106]  tape=0.222km B=10.10T unif=0.974% hoop=76MPa
  [1839] viol   f=   0.261  a=15.8 b=22.0 gap=19.7 (face=3.3mm) n=[138, 163, 210, 189, 210, 207, 187, 220, 108]  tape=0.215km B=9.85T unif=0.624% hoop=74MPa
  [1840] OK     f=   0.218  a=15.9 b=22.0 gap=19.7 (face=3.4mm) n=[143, 162, 213, 202, 214, 205, 199, 212, 129]  tape=0.218km B=10.02T unif=0.613% hoop=73MPa
  [1841] OK     f=   0.217  a=15.8 b=22.0 gap=19.7 (face=3.4mm) n=[145, 161, 219, 207, 215, 215, 190, 207, 105]  tape=0.217km B=10.12T unif=0.448% hoop=74MPa
  [1842] OK     f=   0.220  a=15.9 b=22.2 gap=19.7 (face=3.4mm) n=[146, 161, 227, 208, 208, 208, 177, 207, 102]  tape=0.220km B=10.02T unif=0.410% hoop=76MPa
  [1843] OK     f=   0.219  a=15.8 b=22.1 gap=19.7 (face=3.4mm) n=[142, 167, 203, 202, 220, 210, 196, 192, 124]  tape=0.219km B=10.05T unif=0.783% hoop=73MPa
  [1844] OK     f=   0.221  a=15.8 b=22.0 gap=19.7 (face=3.3mm) n=[143, 171, 205, 212, 226, 215, 181, 202, 117]  tape=0.221km B=10.16T unif=0.570% hoop=74MPa
  [1845] OK     f=   0.218  a=15.9 b=22.1 gap=19.7 (face=3.3mm) n=[142, 173, 198, 214, 216, 210, 184, 214, 119]  tape=0.218km B=10.13T unif=0.788% hoop=73MPa
  [1846] viol   f=   0.287  a=15.8 b=22.1 gap=19.7 (face=3.4mm) n=[140, 161, 223, 187, 210, 209, 184, 197, 87]  tape=0.212km B=9.81T unif=0.532% hoop=75MPa
  [1847] OK     f=   0.222  a=15.8 b=22.2 gap=19.7 (face=3.3mm) n=[143, 174, 197, 214, 228, 212, 192, 190, 114]  tape=0.222km B=10.13T unif=0.758% hoop=75MPa
  [1848] viol   f=   0.249  a=15.9 b=22.1 gap=19.7 (face=3.4mm) n=[137, 172, 207, 201, 207, 199, 178, 193, 125]  tape=0.210km B=9.86T unif=0.922% hoop=71MPa
  [a=16 b=22 nt=1636] KSP converged reason: 4, iterations: 1
  [a=16 b=22 nt=1692] KSP converged reason: 4, iterations: 1
  [a=16 b=22 nt=1689] KSP converged reason: 4, iterations: 1
  [a=16 b=22 nt=1679] KSP converged reason: 4, iterations: 1
  [a=16 b=22 nt=1679] KSP converged reason: 4, iterations: 1
  [a=16 b=22 nt=1628] KSP converged reason: 4, iterations: 1
  [a=16 b=22 nt=1637] KSP converged reason: 4, iterations: 1
  [a=16 b=22 nt=1633] KSP converged reason: 4, iterations: 1
  [a=16 b=22 nt=1648] KSP converged reason: 4, iterations: 1
  [a=16 b=22 nt=1633] KSP converged reason: 4, iterations: 1
  [a=16 b=22 nt=1693] KSP converged reason: 4, iterations: 1
  [1849] OK     f=   0.223  a=15.9 b=22.0 gap=19.7 (face=3.4mm) n=[145, 157, 222, 198, 207, 215, 200, 227, 121]  tape=0.223km B=10.07T unif=0.349% hoop=77MPa
  [1850] viol   f=   7.704  a=15.8 b=22.0 gap=19.7 (face=3.3mm) n=[143, 173, 196, 206, 216, 205, 198, 208, 134]  tape=0.218km B=10.16T unif=1.193% hoop=73MPa
  [1851] viol   f=   0.254  a=15.8 b=22.0 gap=19.7 (face=3.3mm) n=[138, 158, 211, 198, 201, 203, 198, 207, 114]  tape=0.211km B=9.85T unif=0.506% hoop=73MPa
  [1852] viol   f=   0.403  a=15.8 b=21.9 gap=19.7 (face=3.3mm) n=[140, 174, 191, 206, 214, 211, 196, 215, 132]  tape=0.217km B=10.09T unif=1.030% hoop=72MPa
  [1853] OK     f=   0.223  a=15.8 b=22.1 gap=19.7 (face=3.4mm) n=[147, 161, 219, 208, 228, 216, 195, 205, 110]  tape=0.223km B=10.20T unif=0.371% hoop=77MPa
  [1854] viol   f=   0.218  a=15.8 b=22.1 gap=19.7 (face=3.4mm) n=[146, 161, 227, 201, 199, 214, 186, 206, 96]  tape=0.218km B=9.98T unif=0.403% hoop=77MPa
  [1855] viol   f=   0.229  a=15.8 b=22.0 gap=19.7 (face=3.4mm) n=[138, 167, 208, 206, 208, 214, 179, 217, 100]  tape=0.214km B=9.91T unif=0.773% hoop=73MPa
  [1856] OK     f=   0.211  a=15.8 b=22.0 gap=19.7 (face=3.3mm) n=[143, 167, 211, 202, 210, 204, 186, 212, 98]  tape=0.211km B=10.03T unif=0.723% hoop=72MPa
  [1857] viol   f=   7.127  a=15.9 b=22.0 gap=19.7 (face=3.4mm) n=[144, 163, 204, 205, 219, 209, 182, 194, 128]  tape=0.217km B=10.01T unif=1.186% hoop=74MPa
  [1858] viol   f=   0.227  a=15.8 b=22.0 gap=19.7 (face=3.4mm) n=[140, 166, 193, 202, 220, 207, 195, 198, 112]  tape=0.215km B=9.92T unif=0.969% hoop=73MPa
  [1859] OK     f=   0.221  a=15.8 b=22.0 gap=19.7 (face=3.4mm) n=[144, 165, 209, 206, 220, 209, 207, 200, 133]  tape=0.221km B=10.12T unif=0.561% hoop=73MPa
  [a=16 b=22 nt=1647] KSP converged reason: 4, iterations: 1
  [a=16 b=22 nt=1658] KSP converged reason: 4, iterations: 1
  [a=16 b=22 nt=1658] KSP converged reason: 4, iterations: 1
  [a=16 b=22 nt=1646] KSP converged reason: 4, iterations: 1
  [a=16 b=22 nt=1737] KSP converged reason: 4, iterations: 1
  [a=16 b=22 nt=1650] KSP converged reason: 4, iterations: 1
  [a=16 b=22 nt=1649] KSP converged reason: 4, iterations: 1
  [a=16 b=22 nt=1619] KSP converged reason: 4, iterations: 1
  [a=16 b=22 nt=1640] KSP converged reason: 4, iterations: 1
  [a=16 b=22 nt=1658] KSP converged reason: 4, iterations: 1
  [a=16 b=22 nt=1645] KSP converged reason: 4, iterations: 1
  [1860] viol   f= 142.256  a=15.9 b=22.0 gap=19.7 (face=3.3mm) n=[150, 158, 263, 194, 213, 203, 166, 219, 81]  tape=0.231km B=10.14T unif=1.843% hoop=84MPa
  [1861] OK     f=   0.226  a=15.8 b=22.0 gap=19.7 (face=3.4mm) n=[143, 180, 194, 218, 222, 219, 211, 197, 153]  tape=0.226km B=10.34T unif=0.779% hoop=74MPa
  [1862] OK     f=   0.221  a=15.9 b=22.0 gap=19.7 (face=3.4mm) n=[149, 159, 219, 229, 199, 225, 174, 194, 110]  tape=0.221km B=10.03T unif=0.595% hoop=78MPa
  [1863] OK     f=   0.217  a=15.8 b=22.0 gap=19.7 (face=3.3mm) n=[147, 168, 223, 203, 206, 199, 190, 213, 97]  tape=0.217km B=10.11T unif=0.725% hoop=74MPa
  [1864] OK     f=   0.227  a=15.8 b=22.1 gap=19.7 (face=3.4mm) n=[151, 160, 247, 206, 208, 208, 171, 217, 90]  tape=0.227km B=10.09T unif=0.648% hoop=80MPa
  [1865] OK     f=   0.215  a=15.8 b=22.0 gap=19.7 (face=3.3mm) n=[140, 174, 201, 209, 207, 219, 184, 217, 99]  tape=0.215km B=10.06T unif=0.765% hoop=73MPa
  [1866] OK     f=   0.217  a=15.8 b=22.0 gap=19.7 (face=3.3mm) n=[147, 169, 222, 201, 211, 196, 196, 215, 92]  tape=0.217km B=10.12T unif=0.691% hoop=74MPa
  [1867] viol   f=   3.637  a=15.8 b=21.9 gap=19.7 (face=3.3mm) n=[143, 157, 210, 203, 211, 207, 180, 202, 127]  tape=0.212km B=9.98T unif=1.131% hoop=74MPa
  [1868] viol   f=   0.268  a=15.8 b=21.9 gap=19.7 (face=3.3mm) n=[145, 151, 227, 203, 206, 199, 187, 216, 85]  tape=0.214km B=9.84T unif=0.341% hoop=76MPa
  [1869] OK     f=   0.216  a=15.8 b=22.0 gap=19.7 (face=3.3mm) n=[147, 170, 218, 203, 212, 210, 186, 205, 107]  tape=0.216km B=10.20T unif=0.715% hoop=73MPa
  [1870] OK     f=   0.215  a=15.8 b=22.1 gap=19.7 (face=3.4mm) n=[146, 165, 207, 216, 211, 219, 179, 210, 92]  tape=0.215km B=10.09T unif=0.899% hoop=74MPa
  [a=16 b=22 nt=1664] KSP converged reason: 4, iterations: 1
  [a=16 b=22 nt=1632] KSP converged reason: 4, iterations: 1
  [a=16 b=22 nt=1666] KSP converged reason: 4, iterations: 1
  [a=16 b=22 nt=1640] KSP converged reason: 4, iterations: 1
  [a=16 b=22 nt=1679] KSP converged reason: 4, iterations: 1
  [a=16 b=22 nt=1624] KSP converged reason: 4, iterations: 1
  [a=16 b=22 nt=1658] KSP converged reason: 4, iterations: 1
  [a=16 b=22 nt=1627] KSP converged reason: 4, iterations: 1
  [a=16 b=22 nt=1666] KSP converged reason: 4, iterations: 1
  [a=16 b=22 nt=1618] KSP converged reason: 4, iterations: 1
  [a=16 b=22 nt=1645] KSP converged reason: 4, iterations: 1
  [1871] OK     f=   0.216  a=15.7 b=22.0 gap=19.7 (face=3.3mm) n=[147, 172, 212, 220, 216, 226, 162, 209, 76]  tape=0.216km B=10.34T unif=0.470% hoop=76MPa
  [1872] viol   f=   0.216  a=15.8 b=22.0 gap=19.7 (face=3.4mm) n=[143, 171, 206, 215, 196, 223, 175, 211, 92]  tape=0.215km B=9.98T unif=0.938% hoop=73MPa
  [1873] OK     f=   0.219  a=15.7 b=21.8 gap=19.6 (face=3.3mm) n=[143, 175, 212, 201, 205, 210, 190, 229, 99]  tape=0.219km B=10.12T unif=0.776% hoop=74MPa
  [1874] viol   f=   0.221  a=15.8 b=22.1 gap=19.7 (face=3.4mm) n=[142, 169, 191, 220, 211, 214, 182, 227, 110]  tape=0.221km B=9.99T unif=0.836% hoop=75MPa
  [1875] viol   f=   0.257  a=15.8 b=22.1 gap=19.7 (face=3.4mm) n=[140, 161, 214, 210, 200, 219, 172, 198, 110]  tape=0.214km B=9.85T unif=0.434% hoop=73MPa
  [1876] OK     f=   0.218  a=15.8 b=22.0 gap=19.7 (face=3.4mm) n=[143, 166, 207, 217, 207, 213, 207, 205, 114]  tape=0.218km B=10.13T unif=0.535% hoop=72MPa
  [1877] OK     f=   0.218  a=15.8 b=22.1 gap=19.6 (face=3.3mm) n=[146, 174, 221, 199, 223, 204, 173, 224, 94]  tape=0.218km B=10.18T unif=0.570% hoop=74MPa
  [1878] OK     f=   0.216  a=15.8 b=22.2 gap=19.7 (face=3.4mm) n=[150, 170, 225, 223, 201, 223, 158, 201, 76]  tape=0.216km B=10.36T unif=0.475% hoop=78MPa
  [1879] OK     f=   0.220  a=15.8 b=22.1 gap=19.7 (face=3.4mm) n=[141, 173, 193, 224, 208, 220, 182, 215, 110]  tape=0.220km B=10.04T unif=0.627% hoop=74MPa
  [1880] OK     f=   0.212  a=15.7 b=22.1 gap=19.7 (face=3.3mm) n=[145, 176, 221, 211, 205, 220, 161, 209, 70]  tape=0.212km B=10.29T unif=0.897% hoop=75MPa
  [1881] viol   f=   0.221  a=15.8 b=22.0 gap=19.7 (face=3.3mm) n=[139, 174, 201, 209, 201, 213, 184, 225, 99]  tape=0.217km B=9.96T unif=0.830% hoop=74MPa
  [a=16 b=22 nt=1603] KSP converged reason: 4, iterations: 1
  [a=16 b=22 nt=1663] KSP converged reason: 4, iterations: 1
  [a=16 b=22 nt=1636] KSP converged reason: 4, iterations: 1
  [a=16 b=22 nt=1666] KSP converged reason: 4, iterations: 1
  [a=16 b=22 nt=1606] KSP converged reason: 4, iterations: 1
  [a=16 b=22 nt=1651] KSP converged reason: 4, iterations: 1
  [a=16 b=22 nt=1592] KSP converged reason: 4, iterations: 1
  [a=16 b=22 nt=1641] KSP converged reason: 4, iterations: 1
  [a=16 b=22 nt=1650] KSP converged reason: 4, iterations: 1
  [a=16 b=22 nt=1590] KSP converged reason: 4, iterations: 1
  [a=16 b=22 nt=1696] KSP converged reason: 4, iterations: 1
  [1882] OK     f=   0.227  a=16.0 b=22.3 gap=19.7 (face=3.4mm) n=[153, 160, 238, 216, 204, 224, 181, 197, 93]  tape=0.227km B=10.20T unif=0.325% hoop=80MPa
  [1883] viol   f=   3.533  a=15.7 b=22.0 gap=19.6 (face=3.2mm) n=[151, 179, 215, 213, 213, 207, 173, 226, 74]  tape=0.217km B=10.50T unif=1.129% hoop=77MPa
  [1884] OK     f=   0.221  a=15.8 b=22.0 gap=19.7 (face=3.4mm) n=[152, 167, 241, 223, 198, 230, 158, 187, 80]  tape=0.221km B=10.29T unif=0.503% hoop=79MPa
  [1885] OK     f=   0.223  a=15.7 b=22.1 gap=19.7 (face=3.4mm) n=[143, 174, 205, 235, 210, 227, 173, 205, 91]  tape=0.223km B=10.10T unif=0.673% hoop=74MPa
  [1886] viol   f=  35.643  a=15.7 b=22.3 gap=19.7 (face=3.3mm) n=[146, 176, 236, 209, 205, 230, 136, 200, 68]  tape=0.217km B=10.30T unif=1.421% hoop=78MPa
  [1887] viol   f=   0.230  a=15.9 b=22.1 gap=19.7 (face=3.4mm) n=[148, 153, 244, 198, 198, 205, 169, 213, 75]  tape=0.220km B=9.93T unif=0.716% hoop=82MPa
  [1888] viol   f=   0.213  a=15.8 b=22.1 gap=19.7 (face=3.4mm) n=[148, 169, 225, 209, 198, 203, 171, 209, 60]  tape=0.211km B=9.97T unif=0.854% hoop=74MPa
  [1889] OK     f=   0.221  a=15.8 b=22.2 gap=19.7 (face=3.4mm) n=[151, 174, 239, 218, 195, 229, 150, 223, 62]  tape=0.221km B=10.20T unif=0.531% hoop=76MPa
  [1890] OK     f=   0.223  a=15.8 b=22.1 gap=19.7 (face=3.3mm) n=[152, 164, 241, 209, 203, 208, 178, 218, 77]  tape=0.223km B=10.31T unif=0.417% hoop=80MPa
  [1891] viol   f= 114.689  a=15.8 b=22.0 gap=19.7 (face=3.3mm) n=[150, 168, 200, 219, 215, 225, 193, 217, 109]  tape=0.222km B=10.30T unif=1.757% hoop=76MPa
  [1892] viol   f=   6.723  a=15.7 b=21.9 gap=19.6 (face=3.2mm) n=[148, 169, 248, 202, 201, 197, 150, 216, 59]  tape=0.217km B=10.08T unif=1.180% hoop=79MPa
  [a=16 b=22 nt=1626] KSP converged reason: 4, iterations: 1
  [a=16 b=22 nt=1626] KSP converged reason: 4, iterations: 1
  [a=16 b=22 nt=1675] KSP converged reason: 4, iterations: 1
  [a=16 b=22 nt=1653] KSP converged reason: 4, iterations: 1
  [a=16 b=22 nt=1674] KSP converged reason: 4, iterations: 1
  [a=16 b=22 nt=1595] KSP converged reason: 4, iterations: 1
  [a=16 b=22 nt=1661] KSP converged reason: 4, iterations: 1
  [a=16 b=22 nt=1586] KSP converged reason: 4, iterations: 1
  [a=16 b=22 nt=1672] KSP converged reason: 4, iterations: 1
  [a=16 b=22 nt=1626] KSP converged reason: 4, iterations: 1
  [a=16 b=22 nt=1642] KSP converged reason: 4, iterations: 1
  [1893] OK     f=   0.225  a=15.9 b=22.0 gap=19.7 (face=3.3mm) n=[156, 165, 256, 213, 186, 204, 165, 229, 52]  tape=0.225km B=10.08T unif=0.379% hoop=82MPa
  [1894] OK     f=   0.226  a=15.9 b=21.9 gap=19.7 (face=3.4mm) n=[161, 163, 248, 237, 206, 238, 144, 207, 71]  tape=0.226km B=10.62T unif=0.541% hoop=85MPa
  [1895] OK     f=   0.220  a=15.7 b=22.1 gap=19.7 (face=3.4mm) n=[148, 179, 219, 229, 226, 223, 159, 216, 75]  tape=0.220km B=10.43T unif=0.972% hoop=75MPa
  [1896] OK     f=   0.228  a=16.0 b=22.2 gap=19.7 (face=3.3mm) n=[154, 162, 259, 206, 196, 212, 154, 212, 71]  tape=0.228km B=10.31T unif=0.923% hoop=87MPa
  [1897] OK     f=   0.219  a=15.8 b=22.2 gap=19.7 (face=3.4mm) n=[149, 176, 218, 228, 208, 222, 156, 221, 75]  tape=0.219km B=10.43T unif=0.492% hoop=77MPa
  [1898] OK     f=   0.212  a=15.6 b=22.1 gap=19.7 (face=3.3mm) n=[148, 169, 224, 216, 186, 229, 166, 206, 51]  tape=0.212km B=10.06T unif=0.829% hoop=76MPa
  [1899] OK     f=   0.230  a=15.6 b=22.2 gap=19.7 (face=3.3mm) n=[153, 177, 256, 208, 203, 220, 151, 210, 83]  tape=0.230km B=10.30T unif=0.999% hoop=79MPa
  [1900] viol   f=   0.221  a=15.8 b=22.2 gap=19.7 (face=3.3mm) n=[150, 168, 238, 197, 217, 202, 156, 208, 50]  tape=0.216km B=9.95T unif=0.450% hoop=77MPa
  [1901] OK     f=   0.219  a=15.9 b=22.1 gap=19.7 (face=3.4mm) n=[151, 185, 236, 230, 180, 207, 154, 216, 67]  tape=0.219km B=10.37T unif=0.933% hoop=77MPa
  [1902] OK     f=   0.223  a=15.8 b=22.0 gap=19.7 (face=3.4mm) n=[152, 167, 220, 238, 208, 231, 173, 216, 67]  tape=0.223km B=10.31T unif=0.359% hoop=79MPa
  [1903] OK     f=   0.220  a=15.7 b=21.8 gap=19.7 (face=3.3mm) n=[156, 164, 230, 244, 204, 221, 163, 207, 53]  tape=0.220km B=10.27T unif=0.783% hoop=80MPa
  [a=16 b=22 nt=1630] KSP converged reason: 4, iterations: 1
  [a=16 b=22 nt=1648] KSP converged reason: 4, iterations: 1
  [a=16 b=22 nt=1571] KSP converged reason: 4, iterations: 1
  [a=16 b=22 nt=1632] KSP converged reason: 4, iterations: 1
  [a=16 b=22 nt=1623] KSP converged reason: 4, iterations: 1
  [a=16 b=22 nt=1629] KSP converged reason: 4, iterations: 1
  [a=16 b=22 nt=1667] KSP converged reason: 4, iterations: 1
  [a=16 b=22 nt=1621] KSP converged reason: 4, iterations: 1
  [a=16 b=22 nt=1675] KSP converged reason: 4, iterations: 1
  [a=16 b=22 nt=1651] KSP converged reason: 4, iterations: 1
  [a=16 b=22 nt=1579] KSP converged reason: 4, iterations: 1
  [1904] OK     f=   0.210  a=15.6 b=22.0 gap=19.7 (face=3.4mm) n=[145, 172, 234, 214, 186, 216, 141, 209, 54]  tape=0.210km B=10.03T unif=0.801% hoop=75MPa
  [1905] viol   f=   3.223  a=15.8 b=22.2 gap=19.7 (face=3.3mm) n=[154, 180, 245, 239, 200, 205, 141, 208, 58]  tape=0.222km B=10.53T unif=1.122% hoop=78MPa
  [1906] OK     f=   0.216  a=15.7 b=22.3 gap=19.7 (face=3.4mm) n=[153, 174, 230, 230, 190, 216, 159, 217, 54]  tape=0.216km B=10.35T unif=0.596% hoop=77MPa
  [1907] viol   f=   1.144  a=15.9 b=22.4 gap=19.7 (face=3.4mm) n=[159, 194, 230, 232, 195, 205, 140, 218, 56]  tape=0.219km B=10.59T unif=1.068% hoop=81MPa
  [1908] OK     f=   0.223  a=15.7 b=22.3 gap=19.7 (face=3.3mm) n=[156, 176, 241, 236, 204, 223, 139, 197, 76]  tape=0.223km B=10.60T unif=0.580% hoop=81MPa
  [1909] viol   f=  33.573  a=15.7 b=22.1 gap=19.7 (face=3.3mm) n=[157, 169, 232, 239, 184, 222, 149, 224, 56]  tape=0.218km B=10.28T unif=1.408% hoop=80MPa
  [1910] OK     f=   0.223  a=15.7 b=21.8 gap=19.6 (face=3.3mm) n=[152, 170, 246, 210, 197, 219, 173, 241, 59]  tape=0.223km B=10.26T unif=0.549% hoop=78MPa
  [1911] viol   f= 104.088  a=15.7 b=22.0 gap=19.7 (face=3.3mm) n=[145, 181, 236, 209, 205, 234, 143, 199, 69]  tape=0.217km B=10.33T unif=1.721% hoop=77MPa
  [1912] OK     f=   0.224  a=15.8 b=22.3 gap=19.7 (face=3.3mm) n=[149, 172, 218, 235, 214, 227, 171, 206, 83]  tape=0.224km B=10.27T unif=0.422% hoop=76MPa
  [1913] OK     f=   0.210  a=15.5 b=22.1 gap=19.7 (face=3.3mm) n=[148, 172, 229, 221, 194, 205, 141, 214, 55]  tape=0.210km B=10.17T unif=0.440% hoop=75MPa
  [1914] OK     f=   0.226  a=15.6 b=22.1 gap=19.6 (face=3.3mm) n=[152, 176, 249, 217, 188, 227, 154, 204, 84]  tape=0.226km B=10.24T unif=0.585% hoop=75MPa
  [a=15 b=22 nt=1647] KSP converged reason: 4, iterations: 1
  [a=16 b=22 nt=1683] KSP converged reason: 4, iterations: 1
  [a=16 b=22 nt=1625] KSP converged reason: 4, iterations: 1
  [a=16 b=22 nt=1569] KSP converged reason: 4, iterations: 1
  [a=16 b=22 nt=1619] KSP converged reason: 4, iterations: 1
  [a=16 b=22 nt=1598] KSP converged reason: 4, iterations: 1
  [a=16 b=22 nt=1627] KSP converged reason: 4, iterations: 1
  [a=16 b=22 nt=1615] KSP converged reason: 4, iterations: 1
  [a=16 b=22 nt=1555] KSP converged reason: 4, iterations: 1
  [a=16 b=22 nt=1574] KSP converged reason: 4, iterations: 1
  [a=16 b=22 nt=1602] KSP converged reason: 4, iterations: 1
  [1915] OK     f=   0.222  a=15.6 b=22.0 gap=19.7 (face=3.3mm) n=[156, 162, 253, 238, 189, 225, 116, 222, 64]  tape=0.222km B=10.13T unif=0.935% hoop=81MPa
  [1916] viol   f=   0.211  a=15.6 b=21.9 gap=19.7 (face=3.3mm) n=[142, 169, 221, 209, 202, 203, 179, 211, 62]  tape=0.209km B=9.97T unif=0.640% hoop=72MPa
  [1917] OK     f=   0.229  a=15.6 b=22.1 gap=19.7 (face=3.3mm) n=[157, 179, 255, 225, 187, 229, 133, 235, 83]  tape=0.229km B=10.44T unif=0.722% hoop=77MPa
  [1918] OK     f=   0.227  a=15.4 b=22.1 gap=19.6 (face=3.2mm) n=[153, 168, 253, 204, 191, 198, 152, 211, 117]  tape=0.227km B=10.10T unif=0.392% hoop=78MPa
  [1919] viol   f=   0.226  a=15.6 b=22.0 gap=19.6 (face=3.3mm) n=[145, 179, 220, 220, 184, 227, 143, 201, 50]  tape=0.208km B=9.90T unif=0.823% hoop=72MPa
  [1920] viol   f=  13.845  a=15.6 b=22.1 gap=19.7 (face=3.3mm) n=[155, 189, 217, 230, 201, 224, 115, 216, 72]  tape=0.214km B=10.60T unif=1.261% hoop=80MPa
  [1921] viol   f=   0.224  a=15.7 b=22.1 gap=19.7 (face=3.3mm) n=[149, 170, 250, 210, 174, 213, 158, 239, 64]  tape=0.223km B=9.97T unif=0.805% hoop=77MPa
  [1922] OK     f=   0.217  a=15.6 b=22.0 gap=19.6 (face=3.3mm) n=[150, 172, 238, 211, 203, 204, 113, 229, 95]  tape=0.217km B=10.13T unif=0.522% hoop=75MPa
  [1923] viol   f=   0.416  a=15.7 b=22.3 gap=19.7 (face=3.3mm) n=[141, 177, 240, 195, 162, 200, 131, 225, 84]  tape=0.215km B=9.68T unif=0.751% hoop=75MPa
  [1924] viol   f=   0.232  a=15.8 b=22.2 gap=19.7 (face=3.3mm) n=[146, 173, 221, 220, 186, 202, 146, 221, 59]  tape=0.208km B=9.89T unif=0.739% hoop=73MPa
  [1925] OK     f=   0.222  a=15.8 b=22.0 gap=19.7 (face=3.3mm) n=[150, 160, 252, 209, 186, 209, 156, 213, 67]  tape=0.222km B=10.09T unif=0.758% hoop=84MPa
  [a=16 b=22 nt=1648] KSP converged reason: 4, iterations: 1
  [a=16 b=22 nt=1590] KSP converged reason: 4, iterations: 1
  [a=16 b=22 nt=1564] KSP converged reason: 4, iterations: 1
  [a=16 b=22 nt=1593] KSP converged reason: 4, iterations: 1
  [a=16 b=22 nt=1625] KSP converged reason: 4, iterations: 1
  [a=16 b=22 nt=1590] KSP converged reason: 4, iterations: 1
  [a=16 b=22 nt=1634] KSP converged reason: 4, iterations: 1
  [a=16 b=22 nt=1553] KSP converged reason: 4, iterations: 1
  [a=16 b=22 nt=1590] KSP converged reason: 4, iterations: 1
  [a=15 b=22 nt=1583] KSP converged reason: 4, iterations: 1
  [a=16 b=22 nt=1565] KSP converged reason: 4, iterations: 1
  [1926] OK     f=   0.213  a=15.7 b=22.0 gap=19.7 (face=3.4mm) n=[149, 161, 234, 224, 196, 214, 147, 205, 63]  tape=0.213km B=10.11T unif=0.654% hoop=79MPa
  [1927] viol   f=  50.774  a=15.6 b=22.0 gap=19.7 (face=3.4mm) n=[159, 151, 260, 240, 198, 225, 141, 198, 76]  tape=0.227km B=10.27T unif=1.503% hoop=80MPa
  [1928] viol   f=   7.502  a=15.6 b=21.7 gap=19.6 (face=3.3mm) n=[147, 167, 252, 210, 180, 194, 145, 236, 59]  tape=0.217km B=10.03T unif=1.191% hoop=80MPa
  [1929] viol   f=  17.664  a=15.6 b=21.8 gap=19.6 (face=3.3mm) n=[143, 184, 215, 212, 200, 203, 156, 193, 84]  tape=0.206km B=10.24T unif=1.295% hoop=72MPa
  [1930] viol   f=   0.323  a=15.7 b=22.1 gap=19.7 (face=3.3mm) n=[142, 177, 232, 206, 176, 218, 138, 214, 61]  tape=0.210km B=9.76T unif=0.953% hoop=73MPa
  [1931] viol   f=  16.613  a=15.6 b=22.0 gap=19.6 (face=3.3mm) n=[147, 164, 220, 207, 180, 218, 203, 206, 80]  tape=0.212km B=10.12T unif=1.286% hoop=76MPa
  [1932] viol   f=   0.230  a=15.7 b=22.0 gap=19.6 (face=3.3mm) n=[142, 177, 212, 214, 197, 192, 145, 215, 59]  tape=0.203km B=9.88T unif=0.896% hoop=71MPa
  [1933] viol   f=  17.590  a=15.5 b=22.0 gap=19.6 (face=3.3mm) n=[153, 155, 274, 202, 183, 216, 130, 228, 93]  tape=0.232km B=9.87T unif=1.294% hoop=82MPa
  [1934] OK     f=   0.209  a=15.6 b=21.9 gap=19.7 (face=3.3mm) n=[146, 165, 227, 225, 202, 199, 149, 221, 56]  tape=0.209km B=10.14T unif=0.494% hoop=78MPa
  [1935] viol   f=   2.720  a=15.5 b=21.7 gap=19.6 (face=3.2mm) n=[138, 177, 217, 202, 211, 201, 132, 244, 61]  tape=0.213km B=9.95T unif=1.112% hoop=78MPa
  [1936] OK     f=   0.211  a=15.6 b=22.1 gap=19.6 (face=3.3mm) n=[148, 173, 237, 216, 199, 209, 122, 207, 54]  tape=0.211km B=10.15T unif=0.747% hoop=77MPa
  [a=15 b=22 nt=1636] KSP converged reason: 4, iterations: 1
  [a=16 b=22 nt=1577] KSP converged reason: 4, iterations: 1
  [a=16 b=22 nt=1581] KSP converged reason: 4, iterations: 1
  [a=16 b=22 nt=1589] KSP converged reason: 4, iterations: 1
  [a=16 b=22 nt=1578] KSP converged reason: 4, iterations: 1
  [a=16 b=22 nt=1587] KSP converged reason: 4, iterations: 1
  [a=16 b=22 nt=1587] KSP converged reason: 4, iterations: 1
  [a=16 b=22 nt=1591] KSP converged reason: 4, iterations: 1
  [a=15 b=22 nt=1599] KSP converged reason: 4, iterations: 1
  [a=15 b=22 nt=1638] KSP converged reason: 4, iterations: 1
  [a=16 b=22 nt=1573] KSP converged reason: 4, iterations: 1
  [1937] viol   f=   0.258  a=15.7 b=22.2 gap=19.7 (face=3.4mm) n=[143, 168, 198, 246, 222, 209, 143, 175, 77]  tape=0.218km B=9.86T unif=0.342% hoop=78MPa
  [1938] viol   f=   0.321  a=15.6 b=22.1 gap=19.6 (face=3.3mm) n=[143, 165, 243, 191, 178, 207, 139, 229, 82]  tape=0.216km B=9.77T unif=0.685% hoop=79MPa
  [1939] OK     f=   0.224  a=15.4 b=22.0 gap=19.6 (face=3.3mm) n=[156, 170, 225, 253, 216, 210, 149, 185, 72]  tape=0.224km B=10.37T unif=0.772% hoop=81MPa
  [1940] OK     f=   0.214  a=15.6 b=22.0 gap=19.7 (face=3.4mm) n=[151, 177, 229, 241, 196, 210, 119, 207, 59]  tape=0.214km B=10.18T unif=0.506% hoop=75MPa
  [1941] viol   f=   1.494  a=15.7 b=21.9 gap=19.6 (face=3.3mm) n=[151, 160, 243, 198, 184, 195, 157, 239, 51]  tape=0.213km B=9.80T unif=1.078% hoop=78MPa
  [1942] OK     f=   0.211  a=15.7 b=22.0 gap=19.7 (face=3.3mm) n=[151, 171, 231, 220, 212, 203, 147, 202, 50]  tape=0.211km B=10.10T unif=0.628% hoop=74MPa
  [1943] OK     f=   0.214  a=15.7 b=22.0 gap=19.7 (face=3.3mm) n=[152, 165, 241, 227, 200, 222, 117, 213, 50]  tape=0.214km B=10.17T unif=0.593% hoop=80MPa
  [1944] viol   f=   0.281  a=15.7 b=22.1 gap=19.7 (face=3.4mm) n=[141, 180, 200, 252, 181, 218, 154, 184, 81]  tape=0.221km B=9.83T unif=0.605% hoop=78MPa
  [1945] viol   f=  12.036  a=15.4 b=22.0 gap=19.6 (face=3.2mm) n=[145, 181, 191, 251, 198, 220, 120, 207, 86]  tape=0.219km B=9.79T unif=1.242% hoop=76MPa
  [1946] OK     f=   0.216  a=15.4 b=21.8 gap=19.6 (face=3.2mm) n=[147, 171, 221, 215, 184, 218, 168, 233, 81]  tape=0.216km B=10.11T unif=0.924% hoop=74MPa
  [1947] viol   f=   0.232  a=15.6 b=22.0 gap=19.7 (face=3.3mm) n=[143, 168, 205, 234, 200, 221, 137, 213, 52]  tape=0.210km B=9.89T unif=0.423% hoop=76MPa
  [a=16 b=22 nt=1591] KSP converged reason: 4, iterations: 1
  [a=16 b=22 nt=1586] KSP converged reason: 4, iterations: 1
  [a=16 b=22 nt=1614] KSP converged reason: 4, iterations: 1
  [a=16 b=22 nt=1576] KSP converged reason: 4, iterations: 1
  [a=16 b=22 nt=1573] KSP converged reason: 4, iterations: 1
  [a=16 b=22 nt=1646] KSP converged reason: 4, iterations: 1
  [a=15 b=22 nt=1598] KSP converged reason: 4, iterations: 1
  [a=15 b=22 nt=1658] KSP converged reason: 4, iterations: 1
  [a=16 b=22 nt=1580] KSP converged reason: 4, iterations: 1
  [a=16 b=22 nt=1698] KSP converged reason: 4, iterations: 1
  [a=16 b=22 nt=1581] KSP converged reason: 4, iterations: 1
  [1948] viol   f=   1.570  a=15.6 b=21.9 gap=19.7 (face=3.4mm) n=[155, 172, 253, 242, 183, 201, 104, 216, 88]  tape=0.221km B=10.21T unif=1.082% hoop=80MPa
  [1949] OK     f=   0.217  a=15.7 b=22.0 gap=19.7 (face=3.3mm) n=[151, 171, 230, 223, 223, 208, 167, 206, 67]  tape=0.217km B=10.45T unif=0.473% hoop=78MPa
  [1950] OK     f=   0.212  a=15.7 b=22.1 gap=19.7 (face=3.3mm) n=[151, 179, 234, 218, 199, 196, 137, 207, 52]  tape=0.212km B=10.25T unif=0.628% hoop=76MPa
  [1951] OK     f=   0.218  a=15.7 b=21.9 gap=19.7 (face=3.3mm) n=[151, 161, 247, 206, 211, 183, 145, 204, 83]  tape=0.218km B=10.02T unif=0.425% hoop=80MPa
  [1952] OK     f=   0.217  a=15.6 b=22.0 gap=19.7 (face=3.3mm) n=[150, 170, 245, 212, 203, 202, 143, 192, 69]  tape=0.217km B=10.28T unif=0.778% hoop=79MPa
  [1953] OK     f=   0.211  a=15.7 b=22.1 gap=19.7 (face=3.4mm) n=[147, 177, 216, 231, 222, 215, 111, 189, 68]  tape=0.211km B=10.19T unif=0.614% hoop=77MPa
  [1954] OK     f=   0.224  a=15.5 b=21.7 gap=19.6 (face=3.2mm) n=[153, 166, 270, 197, 188, 183, 138, 226, 77]  tape=0.224km B=10.16T unif=0.744% hoop=85MPa
  [1955] viol   f= 134.897  a=15.6 b=21.9 gap=19.6 (face=3.2mm) n=[153, 176, 212, 214, 218, 210, 195, 220, 100]  tape=0.219km B=10.52T unif=1.821% hoop=72MPa
  [1956] viol   f=   0.561  a=15.5 b=21.8 gap=19.6 (face=3.3mm) n=[157, 173, 259, 221, 207, 214, 133, 223, 71]  tape=0.226km B=10.51T unif=1.041% hoop=82MPa
  [1957] viol   f=   3.452  a=15.6 b=21.9 gap=19.7 (face=3.4mm) n=[156, 152, 255, 229, 197, 196, 122, 209, 64]  tape=0.218km B=10.06T unif=1.127% hoop=81MPa
  [1958] OK     f=   0.215  a=15.7 b=21.9 gap=19.7 (face=3.3mm) n=[156, 165, 242, 219, 190, 199, 125, 214, 71]  tape=0.215km B=10.20T unif=0.894% hoop=80MPa
  [a=16 b=22 nt=1566] KSP converged reason: 4, iterations: 1
  [a=16 b=22 nt=1599] KSP converged reason: 4, iterations: 1
  [a=16 b=22 nt=1613] KSP converged reason: 4, iterations: 1
  [a=16 b=22 nt=1553] KSP converged reason: 4, iterations: 1
  [a=16 b=22 nt=1566] KSP converged reason: 4, iterations: 1
  [a=16 b=22 nt=1588] KSP converged reason: 4, iterations: 1
  [a=15 b=22 nt=1571] KSP converged reason: 4, iterations: 1
  [a=16 b=22 nt=1619] KSP converged reason: 4, iterations: 1
  [a=16 b=22 nt=1586] KSP converged reason: 4, iterations: 1
  [a=16 b=22 nt=1614] KSP converged reason: 4, iterations: 1
  [a=15 b=22 nt=1597] KSP converged reason: 4, iterations: 1
  [1959] viol   f=   0.220  a=15.9 b=22.1 gap=19.7 (face=3.4mm) n=[153, 157, 240, 215, 207, 203, 154, 220, 50]  tape=0.217km B=9.96T unif=0.395% hoop=80MPa
  [1960] viol   f= 344.553  a=15.6 b=22.2 gap=19.6 (face=3.2mm) n=[145, 201, 213, 216, 211, 183, 137, 209, 51]  tape=0.204km B=10.16T unif=2.312% hoop=69MPa
  [1961] OK     f=   0.220  a=15.8 b=22.1 gap=19.7 (face=3.3mm) n=[155, 172, 260, 203, 204, 186, 132, 201, 53]  tape=0.220km B=10.05T unif=0.738% hoop=83MPa
  [1962] OK     f=   0.217  a=15.9 b=22.2 gap=19.7 (face=3.4mm) n=[156, 176, 232, 217, 221, 203, 126, 205, 77]  tape=0.217km B=10.49T unif=0.703% hoop=80MPa
  [1963] viol   f= 141.467  a=15.8 b=22.1 gap=19.7 (face=3.3mm) n=[139, 175, 228, 208, 210, 217, 112, 199, 65]  tape=0.208km B=9.95T unif=1.840% hoop=76MPa
  [1964] viol   f=   4.686  a=15.7 b=21.9 gap=19.7 (face=3.3mm) n=[144, 172, 221, 212, 221, 215, 138, 201, 64]  tape=0.207km B=10.23T unif=1.150% hoop=75MPa
  [1965] OK     f=   0.209  a=15.5 b=22.1 gap=19.7 (face=3.3mm) n=[151, 178, 228, 227, 200, 201, 116, 194, 76]  tape=0.209km B=10.30T unif=0.687% hoop=75MPa
  [1966] OK     f=   0.221  a=15.8 b=21.9 gap=19.7 (face=3.4mm) n=[148, 181, 204, 248, 224, 210, 121, 205, 78]  tape=0.221km B=10.16T unif=0.393% hoop=79MPa
  [1967] OK     f=   0.211  a=15.7 b=22.0 gap=19.7 (face=3.4mm) n=[150, 173, 226, 232, 200, 220, 136, 195, 54]  tape=0.211km B=10.07T unif=0.588% hoop=74MPa
  [1968] viol   f=   2.266  a=15.7 b=22.1 gap=19.7 (face=3.3mm) n=[151, 185, 210, 239, 204, 212, 131, 213, 69]  tape=0.218km B=10.31T unif=1.101% hoop=78MPa
  [1969] OK     f=   0.212  a=15.5 b=21.9 gap=19.6 (face=3.3mm) n=[150, 182, 221, 232, 208, 197, 152, 196, 59]  tape=0.212km B=10.18T unif=0.795% hoop=73MPa
  [a=16 b=22 nt=1519] KSP converged reason: 4, iterations: 1
  [a=16 b=22 nt=1584] KSP converged reason: 4, iterations: 1
  [a=15 b=22 nt=1567] KSP converged reason: 4, iterations: 1
  [a=16 b=22 nt=1582] KSP converged reason: 4, iterations: 1
  [a=15 b=22 nt=1573] KSP converged reason: 4, iterations: 1
  [a=16 b=22 nt=1579] KSP converged reason: 4, iterations: 1
  [a=15 b=22 nt=1645] KSP converged reason: 4, iterations: 1
  [a=15 b=22 nt=1563] KSP converged reason: 4, iterations: 1
  [a=16 b=22 nt=1635] KSP converged reason: 4, iterations: 1
  [a=16 b=22 nt=1560] KSP converged reason: 4, iterations: 1
  [a=15 b=22 nt=1569] KSP converged reason: 4, iterations: 1
  [1970] OK     f=   0.212  a=15.7 b=22.1 gap=19.7 (face=3.4mm) n=[153, 171, 235, 214, 193, 218, 115, 220, 63]  tape=0.212km B=10.15T unif=0.885% hoop=77MPa
  [1971] viol   f=   2.247  a=15.5 b=22.0 gap=19.6 (face=3.3mm) n=[153, 180, 227, 230, 204, 199, 132, 184, 58]  tape=0.209km B=10.18T unif=1.101% hoop=72MPa
  [1972] OK     f=   0.212  a=15.7 b=22.4 gap=19.7 (face=3.5mm) n=[150, 181, 225, 232, 206, 228, 124, 180, 53]  tape=0.212km B=10.07T unif=0.607% hoop=73MPa
  [1973] OK     f=   0.217  a=15.7 b=22.2 gap=19.7 (face=3.4mm) n=[150, 186, 242, 218, 172, 213, 125, 208, 70]  tape=0.217km B=10.31T unif=0.921% hoop=78MPa
  [1974] viol   f=  27.808  a=15.7 b=22.1 gap=19.7 (face=3.4mm) n=[147, 165, 258, 200, 182, 176, 114, 224, 53]  tape=0.214km B=9.78T unif=1.371% hoop=82MPa
  [1975] viol   f=  10.586  a=15.4 b=22.1 gap=19.7 (face=3.3mm) n=[142, 190, 201, 226, 214, 212, 143, 185, 60]  tape=0.208km B=10.12T unif=1.228% hoop=71MPa
  [1976] OK     f=   0.218  a=15.5 b=22.0 gap=19.7 (face=3.4mm) n=[142, 173, 199, 231, 198, 231, 182, 187, 102]  tape=0.218km B=10.03T unif=0.571% hoop=72MPa
  [1977] OK     f=   0.216  a=15.4 b=22.1 gap=19.7 (face=3.4mm) n=[155, 180, 250, 220, 196, 183, 105, 189, 85]  tape=0.216km B=10.12T unif=0.478% hoop=74MPa
  [1978] OK     f=   0.231  a=15.6 b=22.1 gap=19.7 (face=3.4mm) n=[164, 175, 270, 231, 190, 206, 107, 201, 91]  tape=0.231km B=10.28T unif=0.805% hoop=81MPa
  [1979] viol   f=   0.212  a=15.6 b=22.1 gap=19.7 (face=3.4mm) n=[151, 175, 231, 220, 182, 200, 150, 201, 50]  tape=0.209km B=9.97T unif=0.941% hoop=74MPa
  [1980] viol   f=   0.214  a=15.5 b=22.1 gap=19.7 (face=3.4mm) n=[144, 176, 217, 220, 210, 214, 133, 199, 56]  tape=0.206km B=9.94T unif=0.691% hoop=70MPa
  [a=16 b=22 nt=1603] KSP converged reason: 4, iterations: 1
  [a=16 b=22 nt=1551] KSP converged reason: 4, iterations: 1
  [a=15 b=22 nt=1575] KSP converged reason: 4, iterations: 1
  [a=16 b=22 nt=1592] KSP converged reason: 4, iterations: 1
  [a=15 b=22 nt=1575] KSP converged reason: 4, iterations: 1
  [a=16 b=22 nt=1588] KSP converged reason: 4, iterations: 1
  [a=16 b=22 nt=1590] KSP converged reason: 4, iterations: 1
  [a=16 b=22 nt=1583] KSP converged reason: 4, iterations: 1
  [a=15 b=22 nt=1558] KSP converged reason: 4, iterations: 1
  [a=16 b=22 nt=1600] KSP converged reason: 4, iterations: 1
  [a=16 b=22 nt=1594] KSP converged reason: 4, iterations: 1
  [1981] OK     f=   0.212  a=15.7 b=21.8 gap=19.7 (face=3.3mm) n=[156, 169, 245, 212, 174, 204, 124, 199, 68]  tape=0.212km B=10.20T unif=0.959% hoop=81MPa
  [1982] OK     f=   0.212  a=15.6 b=22.2 gap=19.7 (face=3.4mm) n=[151, 180, 227, 214, 204, 217, 112, 209, 78]  tape=0.212km B=10.46T unif=0.691% hoop=78MPa
  [1983] OK     f=   0.208  a=15.6 b=21.9 gap=19.7 (face=3.3mm) n=[139, 181, 189, 218, 217, 213, 144, 204, 83]  tape=0.208km B=10.11T unif=0.938% hoop=75MPa
  [1984] viol   f=  13.153  a=15.5 b=22.0 gap=19.7 (face=3.4mm) n=[148, 174, 197, 235, 202, 217, 138, 198, 66]  tape=0.211km B=10.12T unif=1.254% hoop=77MPa
  [1985] viol   f=   0.206  a=15.5 b=22.2 gap=19.7 (face=3.4mm) n=[146, 178, 214, 218, 214, 215, 140, 198, 52]  tape=0.206km B=9.98T unif=0.752% hoop=71MPa
  [1986] OK     f=   0.221  a=15.7 b=22.3 gap=19.7 (face=3.4mm) n=[156, 170, 249, 221, 205, 205, 128, 200, 69]  tape=0.221km B=10.36T unif=0.554% hoop=82MPa
  [1987] viol   f=   0.231  a=15.6 b=22.3 gap=19.7 (face=3.3mm) n=[153, 173, 241, 212, 184, 196, 125, 211, 95]  tape=0.218km B=10.08T unif=1.008% hoop=76MPa
  [1988] OK     f=   0.214  a=15.7 b=22.1 gap=19.7 (face=3.4mm) n=[153, 168, 239, 220, 189, 205, 149, 207, 53]  tape=0.214km B=10.14T unif=0.469% hoop=78MPa
  [1989] viol   f=  59.269  a=15.4 b=22.2 gap=19.6 (face=3.3mm) n=[149, 181, 212, 209, 206, 206, 140, 198, 57]  tape=0.203km B=10.13T unif=1.543% hoop=70MPa
  [1990] OK     f=   0.215  a=15.7 b=22.0 gap=19.7 (face=3.4mm) n=[153, 177, 237, 215, 182, 218, 155, 205, 58]  tape=0.215km B=10.33T unif=0.534% hoop=76MPa
  [1991] viol   f=   0.800  a=15.8 b=22.2 gap=19.7 (face=3.4mm) n=[155, 173, 241, 210, 190, 205, 151, 219, 50]  tape=0.217km B=10.07T unif=1.054% hoop=77MPa
  [a=16 b=22 nt=1586] KSP converged reason: 4, iterations: 1
  [a=16 b=22 nt=1542] KSP converged reason: 4, iterations: 1
  [a=16 b=22 nt=1558] KSP converged reason: 4, iterations: 1
  [a=16 b=22 nt=1574] KSP converged reason: 4, iterations: 1
  [a=16 b=22 nt=1548] KSP converged reason: 4, iterations: 1
  [a=15 b=22 nt=1580] KSP converged reason: 4, iterations: 1
  [a=16 b=22 nt=1548] KSP converged reason: 4, iterations: 1
  [a=16 b=22 nt=1575] KSP converged reason: 4, iterations: 1
  [a=15 b=22 nt=1575] KSP converged reason: 4, iterations: 1
  [a=15 b=22 nt=1550] KSP converged reason: 4, iterations: 1
  [a=16 b=22 nt=1545] KSP converged reason: 4, iterations: 1
  [1992] viol   f=   0.219  a=15.7 b=22.2 gap=19.7 (face=3.4mm) n=[145, 170, 215, 218, 220, 201, 136, 209, 60]  tape=0.207km B=9.92T unif=0.589% hoop=73MPa
  [1993] viol   f=   0.307  a=15.7 b=22.0 gap=19.6 (face=3.3mm) n=[144, 174, 234, 191, 201, 202, 133, 229, 50]  tape=0.209km B=9.78T unif=0.527% hoop=75MPa
  [1994] viol   f=  27.781  a=15.5 b=22.0 gap=19.7 (face=3.4mm) n=[143, 180, 183, 227, 215, 213, 128, 199, 54]  tape=0.205km B=9.82T unif=1.371% hoop=74MPa
  [1995] viol   f=   0.214  a=15.3 b=21.7 gap=19.7 (face=3.3mm) n=[137, 174, 190, 215, 208, 226, 165, 215, 50]  tape=0.206km B=9.94T unif=0.664% hoop=74MPa
  [1996] viol   f=   0.213  a=15.5 b=22.0 gap=19.7 (face=3.4mm) n=[148, 177, 212, 236, 219, 221, 135, 188, 50]  tape=0.212km B=9.98T unif=0.469% hoop=73MPa
  [1997] viol   f=  79.078  a=15.7 b=22.1 gap=19.7 (face=3.4mm) n=[149, 176, 211, 212, 204, 212, 143, 187, 54]  tape=0.202km B=9.95T unif=1.628% hoop=70MPa
  [1998] viol   f=   0.248  a=15.6 b=22.1 gap=19.7 (face=3.4mm) n=[148, 177, 230, 199, 200, 200, 142, 195, 57]  tape=0.208km B=9.86T unif=0.725% hoop=73MPa
  [1999] viol   f=   0.211  a=15.6 b=22.0 gap=19.7 (face=3.4mm) n=[147, 173, 228, 209, 213, 217, 128, 210, 50]  tape=0.208km B=9.96T unif=0.610% hoop=73MPa
  [2000] OK     f=   0.207  a=15.5 b=22.2 gap=19.7 (face=3.3mm) n=[144, 181, 220, 200, 209, 208, 126, 218, 69]  tape=0.207km B=10.16T unif=0.835% hoop=74MPa
  [2001] viol   f=  10.323  a=15.4 b=21.9 gap=19.6 (face=3.2mm) n=[140, 173, 231, 196, 197, 202, 128, 204, 79]  tape=0.208km B=9.92T unif=1.225% hoop=75MPa
  [2002] viol   f=  63.947  a=15.6 b=22.1 gap=19.7 (face=3.3mm) n=[141, 193, 203, 205, 218, 214, 124, 193, 54]  tape=0.203km B=9.97T unif=1.565% hoop=71MPa
  [a=16 b=22 nt=1523] KSP converged reason: 4, iterations: 1
  [a=16 b=22 nt=1578] KSP converged reason: 4, iterations: 1
  [a=15 b=22 nt=1575] KSP converged reason: 4, iterations: 1
  [a=16 b=22 nt=1597] KSP converged reason: 4, iterations: 1
  [a=15 b=22 nt=1583] KSP converged reason: 4, iterations: 1
  [a=16 b=22 nt=1551] KSP converged reason: 4, iterations: 1
  [a=16 b=22 nt=1578] KSP converged reason: 4, iterations: 1
  [a=16 b=22 nt=1601] KSP converged reason: 4, iterations: 1
  [a=15 b=22 nt=1614] KSP converged reason: 4, iterations: 1
  [a=15 b=22 nt=1636] KSP converged reason: 4, iterations: 1
  [a=15 b=22 nt=1572] KSP converged reason: 4, iterations: 1
  [2003] OK     f=   0.210  a=15.5 b=22.0 gap=19.7 (face=3.3mm) n=[148, 179, 234, 206, 193, 219, 134, 211, 51]  tape=0.210km B=10.18T unif=0.669% hoop=75MPa
  [2004] viol   f=   0.812  a=15.5 b=22.1 gap=19.7 (face=3.3mm) n=[144, 178, 221, 199, 221, 201, 141, 204, 74]  tape=0.208km B=10.26T unif=1.055% hoop=76MPa
  [2005] OK     f=   0.207  a=15.5 b=22.0 gap=19.7 (face=3.4mm) n=[148, 183, 211, 217, 213, 205, 171, 191, 58]  tape=0.207km B=10.20T unif=0.997% hoop=71MPa
  [2006] viol   f=   0.362  a=15.6 b=22.0 gap=19.7 (face=3.4mm) n=[145, 161, 241, 199, 205, 189, 146, 226, 66]  tape=0.214km B=9.73T unif=0.691% hoop=76MPa
  [2007] viol   f=   0.317  a=15.7 b=22.1 gap=19.7 (face=3.3mm) n=[147, 171, 243, 200, 194, 196, 115, 203, 54]  tape=0.210km B=9.77T unif=0.493% hoop=76MPa
  [2008] viol   f=   0.238  a=15.6 b=21.9 gap=19.7 (face=3.3mm) n=[141, 162, 207, 206, 218, 195, 158, 199, 65]  tape=0.204km B=9.87T unif=0.837% hoop=74MPa
  [2009] OK     f=   0.210  a=15.7 b=22.2 gap=19.7 (face=3.3mm) n=[147, 168, 225, 206, 228, 211, 133, 207, 53]  tape=0.210km B=10.10T unif=0.508% hoop=77MPa
  [2010] viol   f=  20.997  a=15.5 b=22.1 gap=19.7 (face=3.4mm) n=[151, 183, 201, 244, 208, 209, 144, 209, 52]  tape=0.217km B=10.18T unif=1.322% hoop=78MPa
  [2011] OK     f=   0.217  a=15.4 b=22.0 gap=19.7 (face=3.3mm) n=[153, 181, 244, 206, 196, 218, 112, 228, 76]  tape=0.217km B=10.29T unif=0.486% hoop=76MPa
  [2012] viol   f=  13.215  a=15.4 b=22.1 gap=19.7 (face=3.3mm) n=[152, 185, 245, 226, 194, 222, 127, 204, 81]  tape=0.221km B=10.42T unif=1.255% hoop=75MPa
  [2013] viol   f=   0.266  a=15.5 b=22.0 gap=19.7 (face=3.3mm) n=[139, 176, 219, 201, 195, 209, 136, 232, 65]  tape=0.210km B=9.83T unif=0.742% hoop=75MPa
  [a=16 b=22 nt=1574] KSP converged reason: 4, iterations: 1
  [a=15 b=22 nt=1586] KSP converged reason: 4, iterations: 1
  [a=15 b=22 nt=1614] KSP converged reason: 4, iterations: 1
  [a=16 b=22 nt=1571] KSP converged reason: 4, iterations: 1
  [a=16 b=22 nt=1645] KSP converged reason: 4, iterations: 1
  [a=16 b=22 nt=1620] KSP converged reason: 4, iterations: 1
  [a=16 b=22 nt=1571] KSP converged reason: 4, iterations: 1
  [a=16 b=22 nt=1588] KSP converged reason: 4, iterations: 1
  [a=15 b=22 nt=1553] KSP converged reason: 4, iterations: 1
  [a=16 b=22 nt=1540] KSP converged reason: 4, iterations: 1
  [a=16 b=22 nt=1588] KSP converged reason: 4, iterations: 1
  [2014] viol   f=   0.389  a=15.7 b=22.0 gap=19.7 (face=3.4mm) n=[149, 165, 250, 182, 194, 193, 164, 226, 51]  tape=0.217km B=9.71T unif=0.435% hoop=78MPa
  [2015] viol   f=   8.764  a=15.3 b=21.7 gap=19.6 (face=3.2mm) n=[143, 186, 218, 188, 210, 184, 169, 210, 78]  tape=0.205km B=10.22T unif=1.207% hoop=73MPa
  [2016] viol   f=   0.478  a=15.7 b=22.1 gap=19.7 (face=3.4mm) n=[145, 182, 214, 214, 213, 225, 172, 194, 86]  tape=0.217km B=10.23T unif=1.036% hoop=74MPa
  [2017] viol   f=   0.210  a=15.5 b=22.2 gap=19.7 (face=3.4mm) n=[149, 183, 212, 232, 205, 220, 127, 192, 51]  tape=0.210km B=9.99T unif=0.808% hoop=73MPa
  [2018] OK     f=   0.214  a=15.4 b=22.1 gap=19.6 (face=3.3mm) n=[154, 180, 232, 209, 230, 210, 144, 198, 57]  tape=0.214km B=10.54T unif=0.601% hoop=76MPa
  [2019] OK     f=   0.211  a=15.7 b=22.0 gap=19.7 (face=3.4mm) n=[150, 174, 218, 215, 217, 211, 155, 196, 84]  tape=0.211km B=10.36T unif=0.871% hoop=74MPa
  [2020] viol   f=   1.130  a=15.7 b=22.2 gap=19.7 (face=3.4mm) n=[150, 172, 227, 218, 192, 218, 146, 197, 51]  tape=0.209km B=9.99T unif=1.068% hoop=73MPa
  [2021] OK     f=   0.212  a=15.6 b=22.0 gap=19.7 (face=3.3mm) n=[151, 168, 235, 201, 208, 222, 151, 193, 59]  tape=0.212km B=10.01T unif=0.674% hoop=76MPa
  [2022] viol   f=  22.557  a=15.5 b=22.1 gap=19.7 (face=3.4mm) n=[142, 188, 210, 204, 202, 200, 158, 196, 53]  tape=0.201km B=9.94T unif=1.334% hoop=68MPa
  [2023] viol   f=   6.463  a=15.5 b=21.9 gap=19.6 (face=3.3mm) n=[144, 183, 221, 187, 194, 181, 173, 202, 55]  tape=0.203km B=9.96T unif=1.177% hoop=75MPa
  [2024] viol   f=   0.861  a=15.6 b=22.1 gap=19.7 (face=3.4mm) n=[151, 183, 223, 214, 198, 212, 155, 193, 59]  tape=0.210km B=10.19T unif=1.057% hoop=75MPa
  [a=15 b=22 nt=1633] KSP converged reason: 4, iterations: 1
  [a=16 b=22 nt=1591] KSP converged reason: 4, iterations: 1
  [a=16 b=22 nt=1586] KSP converged reason: 4, iterations: 1
  [a=16 b=22 nt=1561] KSP converged reason: 4, iterations: 1
  [a=16 b=22 nt=1618] KSP converged reason: 4, iterations: 1
  [a=16 b=22 nt=1588] KSP converged reason: 4, iterations: 1
  [a=16 b=22 nt=1620] KSP converged reason: 4, iterations: 1
  [a=16 b=22 nt=1562] KSP converged reason: 4, iterations: 1
  [a=16 b=22 nt=1592] KSP converged reason: 4, iterations: 1
  [a=16 b=22 nt=1582] KSP converged reason: 4, iterations: 1
  [a=16 b=22 nt=1601] KSP converged reason: 4, iterations: 1
  [2025] viol   f=  12.376  a=15.7 b=22.1 gap=19.7 (face=3.4mm) n=[152, 182, 215, 226, 211, 218, 127, 201, 54]  tape=0.210km B=10.20T unif=1.247% hoop=77MPa
  [2026] OK     f=   0.211  a=15.7 b=22.2 gap=19.7 (face=3.4mm) n=[150, 179, 215, 222, 220, 213, 140, 173, 76]  tape=0.211km B=10.50T unif=0.661% hoop=78MPa
  [2027] viol   f=   0.289  a=15.6 b=22.1 gap=19.7 (face=3.4mm) n=[156, 177, 232, 222, 209, 199, 132, 202, 62]  tape=0.212km B=10.31T unif=1.020% hoop=75MPa
  [2028] viol   f=   0.239  a=15.5 b=22.0 gap=19.7 (face=3.3mm) n=[144, 175, 223, 200, 211, 200, 146, 211, 51]  tape=0.206km B=9.87T unif=0.698% hoop=70MPa
  [2029] OK     f=   0.213  a=15.7 b=22.3 gap=19.7 (face=3.4mm) n=[154, 187, 223, 223, 212, 223, 134, 196, 66]  tape=0.213km B=10.63T unif=0.826% hoop=77MPa
  [2030] OK     f=   0.217  a=15.4 b=22.1 gap=19.7 (face=3.4mm) n=[150, 184, 205, 238, 239, 234, 153, 176, 54]  tape=0.217km B=10.33T unif=0.536% hoop=75MPa
  [2031] OK     f=   0.218  a=15.6 b=22.0 gap=19.7 (face=3.4mm) n=[155, 178, 239, 219, 212, 217, 137, 191, 72]  tape=0.218km B=10.58T unif=0.637% hoop=78MPa
  [2032] OK     f=   0.208  a=15.5 b=22.0 gap=19.7 (face=3.4mm) n=[151, 179, 224, 224, 208, 220, 135, 201, 50]  tape=0.208km B=10.23T unif=0.722% hoop=75MPa
  [2033] OK     f=   0.207  a=15.5 b=22.2 gap=19.7 (face=3.4mm) n=[153, 179, 225, 227, 211, 225, 112, 176, 54]  tape=0.207km B=10.29T unif=0.756% hoop=74MPa
  [2034] OK     f=   0.214  a=15.6 b=22.0 gap=19.7 (face=3.4mm) n=[151, 176, 241, 207, 191, 207, 157, 202, 50]  tape=0.214km B=10.12T unif=0.552% hoop=76MPa
  [2035] viol   f=  39.853  a=15.7 b=22.2 gap=19.7 (face=3.4mm) n=[152, 174, 219, 216, 214, 212, 144, 212, 58]  tape=0.210km B=10.17T unif=1.445% hoop=77MPa
  [a=16 b=22 nt=1571] KSP converged reason: 4, iterations: 1
  [a=16 b=22 nt=1602] KSP converged reason: 4, iterations: 1
  [a=16 b=22 nt=1578] KSP converged reason: 4, iterations: 1
  [a=15 b=22 nt=1627] KSP converged reason: 4, iterations: 1
  [a=16 b=22 nt=1579] KSP converged reason: 4, iterations: 1
  [a=16 b=22 nt=1551] KSP converged reason: 4, iterations: 1
  [a=16 b=22 nt=1566] KSP converged reason: 4, iterations: 1
  [a=16 b=22 nt=1587] KSP converged reason: 4, iterations: 1
  [a=15 b=22 nt=1565] KSP converged reason: 4, iterations: 1
  [a=15 b=22 nt=1587] KSP converged reason: 4, iterations: 1
  [a=16 b=22 nt=1567] KSP converged reason: 4, iterations: 1
  [2036] viol   f=  12.648  a=15.5 b=22.1 gap=19.7 (face=3.4mm) n=[150, 185, 229, 225, 215, 222, 92, 190, 63]  tape=0.208km B=10.43T unif=1.249% hoop=76MPa
  [2037] OK     f=   0.216  a=15.5 b=22.2 gap=19.7 (face=3.3mm) n=[157, 180, 241, 223, 218, 222, 111, 191, 59]  tape=0.216km B=10.35T unif=0.379% hoop=75MPa
  [2038] viol   f=   3.446  a=15.5 b=22.2 gap=19.7 (face=3.4mm) n=[151, 195, 205, 237, 212, 233, 140, 172, 82]  tape=0.219km B=10.49T unif=1.127% hoop=75MPa
  [2039] viol   f=   5.446  a=15.5 b=22.3 gap=19.7 (face=3.4mm) n=[152, 191, 219, 220, 210, 217, 119, 167, 56]  tape=0.205km B=10.23T unif=1.162% hoop=71MPa
  [2040] OK     f=   0.211  a=15.6 b=22.3 gap=19.7 (face=3.4mm) n=[147, 187, 207, 227, 222, 209, 129, 194, 57]  tape=0.211km B=10.11T unif=0.906% hoop=72MPa
  [2041] OK     f=   0.212  a=15.7 b=22.1 gap=19.7 (face=3.4mm) n=[157, 178, 233, 224, 207, 205, 126, 177, 71]  tape=0.212km B=10.47T unif=0.776% hoop=78MPa
  [2042] OK     f=   0.212  a=15.5 b=22.3 gap=19.7 (face=3.3mm) n=[151, 180, 238, 220, 215, 218, 113, 181, 50]  tape=0.212km B=10.20T unif=0.725% hoop=74MPa
  [2043] viol   f=   4.105  a=15.6 b=21.9 gap=19.7 (face=3.3mm) n=[153, 171, 231, 214, 209, 208, 138, 213, 50]  tape=0.210km B=10.12T unif=1.140% hoop=74MPa
  [2044] OK     f=   0.210  a=15.4 b=22.2 gap=19.7 (face=3.3mm) n=[149, 182, 225, 204, 215, 218, 131, 190, 73]  tape=0.210km B=10.32T unif=0.686% hoop=78MPa
  [2045] OK     f=   0.207  a=15.4 b=22.2 gap=19.7 (face=3.4mm) n=[149, 185, 212, 227, 206, 226, 108, 191, 61]  tape=0.207km B=10.14T unif=0.993% hoop=73MPa
  [2046] OK     f=   0.211  a=15.6 b=22.1 gap=19.7 (face=3.4mm) n=[154, 176, 233, 239, 196, 228, 92, 190, 59]  tape=0.211km B=10.10T unif=0.385% hoop=75MPa
  [a=15 b=22 nt=1593] KSP converged reason: 4, iterations: 1
  [a=15 b=22 nt=1559] KSP converged reason: 4, iterations: 1
  [a=15 b=22 nt=1577] KSP converged reason: 4, iterations: 1
  [a=15 b=22 nt=1561] KSP converged reason: 4, iterations: 1
  [a=15 b=22 nt=1525] KSP converged reason: 4, iterations: 1
  [a=16 b=22 nt=1566] KSP converged reason: 4, iterations: 1
  [a=15 b=22 nt=1593] KSP converged reason: 4, iterations: 1
  [a=16 b=22 nt=1580] KSP converged reason: 4, iterations: 1
  [a=16 b=22 nt=1567] KSP converged reason: 4, iterations: 1
  [a=15 b=22 nt=1577] KSP converged reason: 4, iterations: 1
  [a=16 b=22 nt=1540] KSP converged reason: 4, iterations: 1
  [2047] viol   f=   0.208  a=15.4 b=22.3 gap=19.7 (face=3.4mm) n=[147, 189, 204, 231, 216, 228, 101, 195, 50]  tape=0.208km B=9.99T unif=0.986% hoop=71MPa
  [2048] viol   f=   0.202  a=15.4 b=22.1 gap=19.7 (face=3.3mm) n=[145, 185, 212, 215, 201, 213, 114, 186, 54]  tape=0.199km B=9.97T unif=0.981% hoop=70MPa
  [2049] OK     f=   0.213  a=15.4 b=22.2 gap=19.7 (face=3.3mm) n=[155, 191, 229, 238, 203, 239, 82, 182, 74]  tape=0.213km B=10.57T unif=0.768% hoop=80MPa
  [2050] viol   f=   9.873  a=15.4 b=22.0 gap=19.7 (face=3.3mm) n=[150, 166, 226, 212, 196, 215, 148, 199, 65]  tape=0.208km B=10.28T unif=1.220% hoop=77MPa
  [2051] OK     f=   0.205  a=15.4 b=22.0 gap=19.7 (face=3.3mm) n=[153, 176, 230, 224, 211, 226, 85, 200, 54]  tape=0.205km B=10.15T unif=0.615% hoop=73MPa
  [2052] OK     f=   0.210  a=15.5 b=22.1 gap=19.7 (face=3.4mm) n=[154, 173, 234, 222, 200, 215, 123, 194, 51]  tape=0.210km B=10.13T unif=0.906% hoop=75MPa
  [2053] OK     f=   0.208  a=15.6 b=22.1 gap=19.7 (face=3.4mm) n=[150, 181, 218, 217, 210, 223, 116, 192, 73]  tape=0.208km B=10.36T unif=0.867% hoop=75MPa
  [2054] OK     f=   0.216  a=15.4 b=22.3 gap=19.7 (face=3.4mm) n=[156, 186, 216, 244, 209, 241, 75, 185, 81]  tape=0.216km B=10.40T unif=0.942% hoop=77MPa
  [2055] viol   f=   0.222  a=15.5 b=22.4 gap=19.7 (face=3.4mm) n=[145, 183, 221, 221, 202, 232, 119, 189, 55]  tape=0.211km B=9.93T unif=0.810% hoop=73MPa
  [2056] viol   f=   0.202  a=15.5 b=22.1 gap=19.7 (face=3.4mm) n=[144, 183, 216, 205, 200, 215, 131, 193, 53]  tape=0.201km B=9.99T unif=0.879% hoop=70MPa
  [2057] viol   f=   3.669  a=15.4 b=22.2 gap=19.7 (face=3.4mm) n=[150, 186, 208, 236, 209, 240, 113, 181, 54]  tape=0.213km B=10.06T unif=1.131% hoop=76MPa
  [a=15 b=22 nt=1582] KSP converged reason: 4, iterations: 1
  [a=16 b=22 nt=1594] KSP converged reason: 4, iterations: 1
  [a=16 b=22 nt=1561] KSP converged reason: 4, iterations: 1
  [a=15 b=22 nt=1551] KSP converged reason: 4, iterations: 1
  [a=15 b=22 nt=1549] KSP converged reason: 4, iterations: 1
  [a=16 b=22 nt=1554] KSP converged reason: 4, iterations: 1
  [a=15 b=22 nt=1594] KSP converged reason: 4, iterations: 1
  [a=15 b=22 nt=1545] KSP converged reason: 4, iterations: 1
  [a=15 b=22 nt=1521] KSP converged reason: 4, iterations: 1
  [a=15 b=22 nt=1562] KSP converged reason: 4, iterations: 1
  [a=15 b=22 nt=1562] KSP converged reason: 4, iterations: 1
  [2058] viol   f= 224.658  a=15.5 b=22.2 gap=19.7 (face=3.3mm) n=[139, 199, 186, 225, 212, 221, 114, 183, 70]  tape=0.206km B=10.27T unif=2.059% hoop=76MPa
  [2059] OK     f=   0.204  a=15.5 b=22.0 gap=19.7 (face=3.3mm) n=[143, 183, 205, 208, 219, 200, 136, 195, 65]  tape=0.204km B=10.19T unif=0.896% hoop=75MPa
  [2060] viol   f=  18.026  a=15.5 b=22.1 gap=19.7 (face=3.3mm) n=[148, 183, 207, 232, 196, 217, 124, 194, 50]  tape=0.207km B=9.95T unif=1.298% hoop=73MPa
  [2061] OK     f=   0.214  a=15.5 b=22.1 gap=19.7 (face=3.4mm) n=[153, 185, 240, 216, 203, 218, 111, 211, 57]  tape=0.214km B=10.21T unif=0.640% hoop=74MPa
  [2062] OK     f=   0.212  a=15.4 b=21.9 gap=19.7 (face=3.3mm) n=[152, 174, 239, 208, 190, 216, 130, 213, 60]  tape=0.212km B=10.26T unif=0.521% hoop=77MPa
  [2063] OK     f=   0.206  a=15.6 b=22.1 gap=19.7 (face=3.4mm) n=[148, 182, 222, 219, 202, 214, 116, 194, 64]  tape=0.206km B=10.20T unif=0.694% hoop=75MPa
  [2064] viol   f=   0.218  a=15.5 b=22.0 gap=19.7 (face=3.3mm) n=[147, 178, 218, 204, 206, 222, 123, 197, 50]  tape=0.203km B=9.91T unif=0.991% hoop=71MPa
  [2065] OK     f=   0.211  a=15.3 b=22.1 gap=19.6 (face=3.3mm) n=[152, 185, 217, 230, 219, 234, 77, 194, 86]  tape=0.211km B=10.40T unif=0.842% hoop=80MPa
  [2066] viol   f=   0.207  a=15.5 b=22.3 gap=19.7 (face=3.4mm) n=[144, 177, 221, 200, 206, 208, 109, 193, 63]  tape=0.202km B=9.95T unif=0.704% hoop=73MPa
  [2067] viol   f=   0.748  a=15.5 b=22.2 gap=19.7 (face=3.3mm) n=[148, 178, 233, 218, 197, 224, 97, 203, 64]  tape=0.209km B=10.24T unif=1.052% hoop=77MPa
  [2068] viol   f=   0.620  a=15.3 b=22.1 gap=19.7 (face=3.3mm) n=[148, 183, 207, 219, 219, 230, 125, 180, 51]  tape=0.207km B=10.02T unif=1.045% hoop=72MPa
  [a=15 b=22 nt=1541] KSP converged reason: 4, iterations: 1
  [a=16 b=22 nt=1539] KSP converged reason: 4, iterations: 1
  [a=16 b=22 nt=1523] KSP converged reason: 4, iterations: 1
  [a=15 b=22 nt=1522] KSP converged reason: 4, iterations: 1
  [a=16 b=22 nt=1552] KSP converged reason: 4, iterations: 1
  [a=16 b=22 nt=1545] KSP converged reason: 4, iterations: 1
  [a=15 b=22 nt=1578] KSP converged reason: 4, iterations: 1
  [a=16 b=22 nt=1554] KSP converged reason: 4, iterations: 1
  [a=15 b=22 nt=1569] KSP converged reason: 4, iterations: 1
  [a=15 b=22 nt=1527] KSP converged reason: 4, iterations: 1
  [a=15 b=22 nt=1562] KSP converged reason: 4, iterations: 1
  [2069] viol   f=   0.236  a=15.5 b=22.2 gap=19.7 (face=3.4mm) n=[148, 178, 226, 209, 204, 213, 106, 187, 52]  tape=0.204km B=9.87T unif=0.762% hoop=73MPa
  [2070] viol   f=   0.249  a=15.4 b=22.2 gap=19.7 (face=3.4mm) n=[145, 182, 205, 222, 221, 224, 103, 189, 50]  tape=0.204km B=9.85T unif=0.901% hoop=70MPa
  [2071] viol   f=   0.210  a=15.5 b=22.3 gap=19.7 (face=3.3mm) n=[146, 185, 215, 207, 215, 215, 106, 200, 50]  tape=0.201km B=9.93T unif=0.972% hoop=70MPa
  [2072] viol   f=  48.107  a=15.4 b=22.0 gap=19.6 (face=3.3mm) n=[141, 183, 218, 208, 205, 209, 112, 190, 56]  tape=0.199km B=9.96T unif=1.489% hoop=71MPa
  [2073] viol   f=   0.216  a=15.6 b=22.1 gap=19.7 (face=3.3mm) n=[141, 176, 216, 198, 218, 204, 141, 198, 60]  tape=0.204km B=9.92T unif=0.759% hoop=72MPa
  [2074] viol   f=   0.265  a=15.6 b=22.0 gap=19.7 (face=3.3mm) n=[147, 176, 229, 194, 207, 196, 131, 206, 59]  tape=0.207km B=9.83T unif=0.683% hoop=74MPa
  [2075] viol   f=   9.939  a=15.4 b=22.1 gap=19.7 (face=3.3mm) n=[145, 191, 208, 216, 224, 223, 126, 189, 56]  tape=0.207km B=10.15T unif=1.221% hoop=70MPa
  [2076] viol   f=   0.238  a=15.5 b=22.2 gap=19.7 (face=3.4mm) n=[145, 180, 206, 227, 213, 229, 116, 188, 50]  tape=0.207km B=9.88T unif=0.747% hoop=73MPa
  [2077] OK     f=   0.207  a=15.3 b=21.9 gap=19.6 (face=3.2mm) n=[149, 177, 229, 210, 204, 216, 121, 202, 61]  tape=0.207km B=10.17T unif=0.564% hoop=73MPa
  [2078] viol   f=   1.217  a=15.4 b=22.1 gap=19.6 (face=3.3mm) n=[149, 184, 216, 209, 218, 211, 119, 203, 53]  tape=0.203km B=10.20T unif=1.071% hoop=72MPa
  [2079] viol   f=   0.225  a=15.4 b=22.1 gap=19.7 (face=3.3mm) n=[144, 187, 207, 221, 212, 219, 99, 188, 50]  tape=0.201km B=9.89T unif=0.996% hoop=70MPa
  [a=15 b=22 nt=1548] KSP converged reason: 4, iterations: 1
  [a=15 b=22 nt=1563] KSP converged reason: 4, iterations: 1
  [a=16 b=22 nt=1581] KSP converged reason: 4, iterations: 1
  [a=15 b=22 nt=1553] KSP converged reason: 4, iterations: 1
  [a=16 b=22 nt=1561] KSP converged reason: 4, iterations: 1
  [a=15 b=22 nt=1544] KSP converged reason: 4, iterations: 1
  [a=16 b=22 nt=1529] KSP converged reason: 4, iterations: 1
  [a=15 b=22 nt=1583] KSP converged reason: 4, iterations: 1
  [a=16 b=22 nt=1595] KSP converged reason: 4, iterations: 1
  [a=15 b=22 nt=1523] KSP converged reason: 4, iterations: 1
  [a=15 b=22 nt=1551] KSP converged reason: 4, iterations: 1
  [2080] viol   f=   0.206  a=15.5 b=22.1 gap=19.7 (face=3.3mm) n=[148, 180, 210, 219, 213, 229, 99, 190, 60]  tape=0.206km B=10.00T unif=0.979% hoop=74MPa
  [2081] viol   f=   0.230  a=15.4 b=21.9 gap=19.6 (face=3.3mm) n=[143, 176, 217, 196, 217, 204, 149, 190, 52]  tape=0.201km B=9.88T unif=0.737% hoop=70MPa
  [2082] viol   f=   7.922  a=15.4 b=22.3 gap=19.6 (face=3.3mm) n=[146, 184, 229, 202, 208, 229, 97, 200, 68]  tape=0.209km B=10.30T unif=1.196% hoop=77MPa
  [2083] OK     f=   0.202  a=15.5 b=22.1 gap=19.6 (face=3.3mm) n=[147, 177, 215, 217, 217, 207, 118, 204, 51]  tape=0.202km B=10.08T unif=0.885% hoop=75MPa
  [2084] viol   f=   0.209  a=15.5 b=22.3 gap=19.7 (face=3.3mm) n=[146, 177, 224, 209, 213, 210, 138, 186, 58]  tape=0.208km B=9.98T unif=0.644% hoop=73MPa
  [2085] OK     f=   0.208  a=15.5 b=22.0 gap=19.7 (face=3.3mm) n=[142, 180, 211, 199, 212, 222, 144, 206, 65]  tape=0.208km B=10.20T unif=0.982% hoop=75MPa
  [2086] viol   f=  19.125  a=15.5 b=22.3 gap=19.7 (face=3.3mm) n=[143, 183, 213, 194, 200, 212, 132, 197, 55]  tape=0.201km B=9.80T unif=1.307% hoop=70MPa
  [2087] OK     f=   0.208  a=15.5 b=22.0 gap=19.7 (face=3.3mm) n=[148, 180, 226, 205, 203, 222, 138, 206, 55]  tape=0.208km B=10.31T unif=0.700% hoop=75MPa
  [2088] OK     f=   0.212  a=15.6 b=22.1 gap=19.6 (face=3.3mm) n=[146, 180, 225, 200, 213, 200, 144, 210, 77]  tape=0.212km B=10.34T unif=0.837% hoop=77MPa
  [2089] viol   f=   0.620  a=15.5 b=22.0 gap=19.6 (face=3.3mm) n=[147, 179, 216, 209, 201, 212, 128, 209, 50]  tape=0.202km B=10.05T unif=1.046% hoop=72MPa
  [2090] viol   f=   0.240  a=15.5 b=22.4 gap=19.6 (face=3.3mm) n=[149, 177, 239, 198, 202, 206, 107, 184, 61]  tape=0.210km B=9.88T unif=0.559% hoop=75MPa
  [a=15 b=22 nt=1562] KSP converged reason: 4, iterations: 1
  [a=15 b=22 nt=1572] KSP converged reason: 4, iterations: 1
  [a=15 b=22 nt=1567] KSP converged reason: 4, iterations: 1
  [a=15 b=22 nt=1550] KSP converged reason: 4, iterations: 1
  [a=16 b=22 nt=1603] KSP converged reason: 4, iterations: 1
  [a=15 b=22 nt=1540] KSP converged reason: 4, iterations: 1
  [a=15 b=22 nt=1550] KSP converged reason: 4, iterations: 1
  [a=16 b=22 nt=1587] KSP converged reason: 4, iterations: 1
  [a=16 b=22 nt=1576] KSP converged reason: 4, iterations: 1
  [a=15 b=22 nt=1562] KSP converged reason: 4, iterations: 1
  [a=16 b=22 nt=1555] KSP converged reason: 4, iterations: 1
  [2091] OK     f=   0.209  a=15.6 b=22.1 gap=19.7 (face=3.3mm) n=[147, 183, 212, 212, 215, 205, 147, 201, 81]  tape=0.209km B=10.29T unif=0.854% hoop=73MPa
  [2092] viol   f=   0.485  a=15.4 b=22.1 gap=19.6 (face=3.3mm) n=[143, 176, 213, 195, 212, 213, 127, 207, 54]  tape=0.200km B=9.81T unif=1.032% hoop=69MPa
  [2093] viol   f=   0.797  a=15.5 b=22.2 gap=19.6 (face=3.3mm) n=[147, 183, 201, 229, 219, 221, 113, 193, 56]  tape=0.208km B=10.01T unif=1.054% hoop=74MPa
  [2094] OK     f=   0.206  a=15.5 b=22.1 gap=19.7 (face=3.3mm) n=[141, 184, 198, 215, 211, 224, 106, 198, 73]  tape=0.206km B=10.08T unif=0.902% hoop=75MPa
  [2095] OK     f=   0.206  a=15.5 b=22.1 gap=19.6 (face=3.3mm) n=[142, 175, 198, 217, 216, 221, 129, 192, 77]  tape=0.206km B=10.16T unif=0.828% hoop=75MPa
  [2096] viol   f=   6.030  a=15.4 b=22.1 gap=19.6 (face=3.3mm) n=[148, 183, 205, 218, 216, 229, 112, 202, 59]  tape=0.208km B=10.02T unif=1.171% hoop=72MPa
  [2097] OK     f=   0.207  a=15.5 b=22.1 gap=19.7 (face=3.3mm) n=[147, 175, 217, 218, 207, 219, 138, 199, 67]  tape=0.207km B=10.31T unif=0.531% hoop=74MPa
  [2098] OK     f=   0.206  a=15.5 b=22.1 gap=19.6 (face=3.3mm) n=[143, 182, 197, 223, 220, 216, 114, 196, 71]  tape=0.206km B=10.17T unif=0.756% hoop=76MPa
  [2099] OK     f=   0.206  a=15.5 b=22.0 gap=19.7 (face=3.3mm) n=[144, 177, 211, 213, 214, 221, 126, 208, 62]  tape=0.206km B=10.02T unif=0.666% hoop=73MPa
  [2100] viol   f=   0.378  a=15.3 b=22.0 gap=19.6 (face=3.3mm) n=[144, 182, 200, 223, 214, 242, 94, 195, 56]  tape=0.209km B=9.83T unif=1.024% hoop=75MPa
  [2101] viol   f=   0.208  a=15.5 b=22.0 gap=19.6 (face=3.3mm) n=[148, 179, 225, 208, 211, 208, 124, 201, 51]  tape=0.205km B=9.97T unif=0.699% hoop=72MPa
  [a=16 b=22 nt=1573] KSP converged reason: 4, iterations: 1
  [a=15 b=22 nt=1559] KSP converged reason: 4, iterations: 1
  [a=16 b=22 nt=1571] KSP converged reason: 4, iterations: 1
  [a=15 b=22 nt=1538] KSP converged reason: 4, iterations: 1
  [a=16 b=22 nt=1599] KSP converged reason: 4, iterations: 1
  [a=16 b=22 nt=1526] KSP converged reason: 4, iterations: 1
  [a=16 b=22 nt=1534] KSP converged reason: 4, iterations: 1
  [a=15 b=22 nt=1577] KSP converged reason: 4, iterations: 1
  [a=15 b=22 nt=1548] KSP converged reason: 4, iterations: 1
  [a=15 b=22 nt=1536] KSP converged reason: 4, iterations: 1
  [a=16 b=22 nt=1560] KSP converged reason: 4, iterations: 1
  [2102] OK     f=   0.202  a=15.5 b=22.2 gap=19.6 (face=3.3mm) n=[144, 183, 208, 216, 219, 206, 104, 192, 66]  tape=0.202km B=10.12T unif=0.873% hoop=73MPa
  [2103] viol   f=   4.679  a=15.4 b=22.0 gap=19.7 (face=3.3mm) n=[142, 186, 199, 220, 194, 233, 124, 211, 50]  tape=0.207km B=9.94T unif=1.149% hoop=74MPa
  [2104] OK     f=   0.209  a=15.5 b=22.1 gap=19.7 (face=3.3mm) n=[139, 181, 194, 219, 229, 226, 107, 208, 68]  tape=0.209km B=10.06T unif=0.995% hoop=76MPa
  [2105] OK     f=   0.210  a=15.7 b=22.1 gap=19.7 (face=3.3mm) n=[145, 172, 213, 214, 220, 216, 136, 203, 80]  tape=0.210km B=10.17T unif=0.509% hoop=74MPa
  [2106] viol   f=   0.209  a=15.5 b=22.0 gap=19.7 (face=3.3mm) n=[142, 180, 207, 216, 209, 232, 109, 211, 67]  tape=0.209km B=10.00T unif=0.727% hoop=76MPa
  [2107] viol   f=   0.239  a=15.6 b=22.1 gap=19.7 (face=3.3mm) n=[141, 179, 216, 212, 202, 220, 87, 210, 59]  tape=0.201km B=9.86T unif=0.968% hoop=73MPa
  [2108] viol   f=   0.297  a=15.6 b=22.1 gap=19.7 (face=3.3mm) n=[140, 179, 207, 212, 205, 225, 103, 202, 61]  tape=0.204km B=9.78T unif=0.803% hoop=72MPa
  [2109] viol   f=   2.965  a=15.5 b=22.1 gap=19.7 (face=3.3mm) n=[146, 190, 205, 216, 204, 222, 115, 192, 87]  tape=0.208km B=10.17T unif=1.117% hoop=72MPa
  [2110] viol   f=   0.207  a=15.5 b=22.3 gap=19.7 (face=3.4mm) n=[140, 178, 193, 216, 227, 219, 124, 186, 65]  tape=0.207km B=10.00T unif=0.662% hoop=76MPa
  [2111] OK     f=   0.208  a=15.5 b=22.2 gap=19.7 (face=3.4mm) n=[147, 185, 215, 229, 203, 223, 107, 190, 61]  tape=0.208km B=10.06T unif=0.700% hoop=74MPa
  [2112] viol   f=   0.270  a=15.4 b=22.1 gap=19.7 (face=3.3mm) n=[140, 183, 192, 227, 206, 227, 110, 193, 58]  tape=0.204km B=9.82T unif=0.986% hoop=72MPa
  [a=15 b=22 nt=1518] KSP converged reason: 4, iterations: 1
  [a=15 b=22 nt=1545] KSP converged reason: 4, iterations: 1
  [a=15 b=22 nt=1553] KSP converged reason: 4, iterations: 1
  [a=15 b=22 nt=1537] KSP converged reason: 4, iterations: 1
  [a=15 b=22 nt=1532] KSP converged reason: 4, iterations: 1
  [a=16 b=22 nt=1574] KSP converged reason: 4, iterations: 1
  [a=15 b=22 nt=1589] KSP converged reason: 4, iterations: 1
  [a=15 b=22 nt=1555] KSP converged reason: 4, iterations: 1
  [a=15 b=22 nt=1531] KSP converged reason: 4, iterations: 1
  [a=15 b=22 nt=1522] KSP converged reason: 4, iterations: 1
  [a=16 b=22 nt=1548] KSP converged reason: 4, iterations: 1
  [2113] viol   f=   4.002  a=15.5 b=22.2 gap=19.7 (face=3.3mm) n=[140, 179, 195, 207, 219, 208, 121, 183, 80]  tape=0.203km B=10.02T unif=1.138% hoop=76MPa
  [2114] viol   f=  12.521  a=15.4 b=22.2 gap=19.7 (face=3.3mm) n=[142, 188, 194, 216, 226, 211, 124, 183, 53]  tape=0.205km B=9.92T unif=1.248% hoop=71MPa
  [2115] viol   f=   0.218  a=15.4 b=21.9 gap=19.6 (face=3.3mm) n=[140, 183, 191, 219, 221, 224, 108, 209, 58]  tape=0.203km B=9.91T unif=0.912% hoop=71MPa
  [2116] OK     f=   0.212  a=15.6 b=22.1 gap=19.6 (face=3.3mm) n=[141, 176, 202, 206, 230, 207, 131, 198, 83]  tape=0.212km B=10.02T unif=0.787% hoop=77MPa
  [2117] viol   f=   0.865  a=15.4 b=22.1 gap=19.7 (face=3.3mm) n=[141, 181, 195, 221, 222, 208, 110, 186, 54]  tape=0.201km B=9.80T unif=1.054% hoop=72MPa
  [2118] viol   f=   0.210  a=15.4 b=22.2 gap=19.6 (face=3.3mm) n=[142, 187, 200, 223, 230, 225, 93, 195, 50]  tape=0.205km B=9.95T unif=0.910% hoop=72MPa
  [2119] OK     f=   0.209  a=15.5 b=22.2 gap=19.7 (face=3.3mm) n=[145, 186, 207, 223, 222, 219, 111, 207, 69]  tape=0.209km B=10.32T unif=0.997% hoop=76MPa
  [2120] viol   f=  35.458  a=15.4 b=22.1 gap=19.6 (face=3.2mm) n=[138, 186, 198, 207, 217, 210, 117, 208, 74]  tape=0.203km B=10.12T unif=1.420% hoop=73MPa
  [2121] viol   f=   0.352  a=15.4 b=22.2 gap=19.7 (face=3.3mm) n=[145, 177, 204, 223, 218, 211, 105, 188, 51]  tape=0.201km B=9.83T unif=1.022% hoop=72MPa
  [2122] viol   f=   0.208  a=15.3 b=22.1 gap=19.6 (face=3.3mm) n=[147, 184, 209, 228, 216, 225, 84, 187, 51]  tape=0.202km B=9.95T unif=0.894% hoop=72MPa
  [2123] OK     f=   0.206  a=15.5 b=22.1 gap=19.6 (face=3.3mm) n=[142, 188, 191, 226, 221, 219, 95, 192, 74]  tape=0.206km B=10.14T unif=0.966% hoop=76MPa
  [a=15 b=22 nt=1577] KSP converged reason: 4, iterations: 1
  [a=15 b=22 nt=1527] KSP converged reason: 4, iterations: 1
  [a=15 b=22 nt=1548] KSP converged reason: 4, iterations: 1
  [a=16 b=22 nt=1560] KSP converged reason: 4, iterations: 1
  [a=15 b=22 nt=1567] KSP converged reason: 4, iterations: 1
  [a=15 b=22 nt=1561] KSP converged reason: 4, iterations: 1
  [a=15 b=22 nt=1535] KSP converged reason: 4, iterations: 1
  [a=15 b=22 nt=1538] KSP converged reason: 4, iterations: 1
  [a=15 b=22 nt=1560] KSP converged reason: 4, iterations: 1
  [a=15 b=22 nt=1557] KSP converged reason: 4, iterations: 1
  [a=15 b=22 nt=1539] KSP converged reason: 4, iterations: 1
  [2124] OK     f=   0.205  a=15.4 b=22.1 gap=19.6 (face=3.3mm) n=[143, 192, 187, 237, 230, 216, 67, 186, 69]  tape=0.205km B=10.04T unif=0.845% hoop=77MPa
  [2125] viol   f=  86.815  a=15.5 b=22.0 gap=19.6 (face=3.3mm) n=[143, 194, 198, 226, 219, 217, 96, 192, 75]  tape=0.206km B=10.26T unif=1.658% hoop=75MPa
  [2126] OK     f=   0.204  a=15.5 b=22.1 gap=19.6 (face=3.3mm) n=[143, 183, 203, 222, 226, 218, 85, 199, 69]  tape=0.204km B=10.10T unif=0.861% hoop=76MPa
  [2127] OK     f=   0.212  a=15.4 b=22.1 gap=19.6 (face=3.3mm) n=[144, 180, 190, 242, 221, 231, 96, 205, 68]  tape=0.212km B=10.15T unif=0.366% hoop=80MPa
  [2128] viol   f=   0.238  a=15.4 b=21.9 gap=19.6 (face=3.2mm) n=[148, 183, 213, 218, 216, 221, 99, 213, 56]  tape=0.203km B=10.09T unif=1.013% hoop=75MPa
  [2129] OK     f=   0.206  a=15.5 b=22.1 gap=19.6 (face=3.3mm) n=[145, 183, 206, 225, 223, 205, 107, 205, 62]  tape=0.206km B=10.13T unif=0.780% hoop=74MPa
  [2130] viol   f=   1.944  a=15.4 b=22.0 gap=19.6 (face=3.2mm) n=[145, 188, 208, 216, 206, 221, 107, 191, 53]  tape=0.201km B=9.97T unif=1.093% hoop=71MPa
  [2131] viol   f=   9.668  a=15.5 b=22.2 gap=19.6 (face=3.3mm) n=[142, 190, 204, 215, 205, 221, 105, 201, 55]  tape=0.202km B=9.83T unif=1.217% hoop=70MPa
  [2132] viol   f=  49.114  a=15.4 b=22.1 gap=19.6 (face=3.3mm) n=[143, 197, 192, 227, 225, 222, 100, 203, 51]  tape=0.205km B=10.07T unif=1.495% hoop=72MPa
  [2133] OK     f=   0.206  a=15.5 b=22.2 gap=19.6 (face=3.3mm) n=[148, 182, 215, 224, 217, 226, 86, 196, 63]  tape=0.206km B=10.08T unif=0.826% hoop=74MPa
  [2134] OK     f=   0.205  a=15.4 b=22.2 gap=19.6 (face=3.3mm) n=[142, 182, 205, 224, 215, 228, 79, 189, 75]  tape=0.205km B=10.08T unif=0.929% hoop=77MPa
  [a=15 b=22 nt=1542] KSP converged reason: 4, iterations: 1
  [a=15 b=22 nt=1552] KSP converged reason: 4, iterations: 1
  [a=15 b=22 nt=1548] KSP converged reason: 4, iterations: 1
  [a=15 b=22 nt=1604] KSP converged reason: 4, iterations: 1
  [a=16 b=22 nt=1539] KSP converged reason: 4, iterations: 1
  [a=15 b=22 nt=1536] KSP converged reason: 4, iterations: 1
  [a=15 b=22 nt=1578] KSP converged reason: 4, iterations: 1
  [a=16 b=22 nt=1514] KSP converged reason: 4, iterations: 1
  [a=15 b=22 nt=1519] KSP converged reason: 4, iterations: 1
  [a=15 b=22 nt=1533] KSP converged reason: 4, iterations: 1
  [a=15 b=22 nt=1561] KSP converged reason: 4, iterations: 1
  [2135] viol   f=   8.220  a=15.4 b=22.1 gap=19.6 (face=3.3mm) n=[140, 186, 195, 217, 218, 219, 100, 192, 69]  tape=0.202km B=10.08T unif=1.200% hoop=74MPa
  [2136] viol   f=   2.176  a=15.3 b=22.0 gap=19.6 (face=3.2mm) n=[149, 181, 231, 217, 212, 220, 60, 217, 61]  tape=0.203km B=10.22T unif=1.099% hoop=75MPa
  [2137] viol   f=   6.180  a=15.6 b=22.1 gap=19.6 (face=3.3mm) n=[145, 187, 209, 218, 219, 219, 78, 205, 59]  tape=0.201km B=10.21T unif=1.173% hoop=75MPa
  [2138] viol   f=   5.934  a=15.5 b=21.9 gap=19.6 (face=3.3mm) n=[141, 181, 209, 222, 213, 215, 118, 216, 89]  tape=0.209km B=10.10T unif=1.169% hoop=73MPa
  [2139] viol   f=   0.319  a=15.4 b=22.2 gap=19.7 (face=3.3mm) n=[143, 192, 186, 233, 220, 231, 77, 171, 99]  tape=0.209km B=9.90T unif=1.021% hoop=73MPa
  [2140] OK     f=   0.210  a=15.5 b=22.2 gap=19.7 (face=3.4mm) n=[142, 191, 189, 240, 203, 225, 96, 189, 67]  tape=0.210km B=10.13T unif=0.966% hoop=80MPa
  [2141] viol   f=   0.467  a=15.5 b=22.2 gap=19.6 (face=3.3mm) n=[142, 188, 201, 217, 207, 224, 82, 189, 64]  tape=0.201km B=9.98T unif=1.036% hoop=75MPa
  [2142] OK     f=   0.214  a=15.5 b=22.0 gap=19.6 (face=3.3mm) n=[142, 185, 189, 243, 226, 219, 90, 200, 84]  tape=0.214km B=10.14T unif=0.785% hoop=79MPa
  [2143] OK     f=   0.202  a=15.3 b=22.1 gap=19.6 (face=3.3mm) n=[146, 186, 212, 233, 212, 214, 69, 197, 50]  tape=0.202km B=10.19T unif=0.963% hoop=77MPa
  [2144] OK     f=   0.203  a=15.4 b=22.1 gap=19.7 (face=3.3mm) n=[144, 178, 201, 227, 203, 226, 93, 200, 61]  tape=0.203km B=10.03T unif=0.911% hoop=77MPa
  [2145] OK     f=   0.205  a=15.5 b=22.2 gap=19.6 (face=3.2mm) n=[146, 181, 216, 220, 227, 228, 56, 213, 74]  tape=0.205km B=10.26T unif=0.926% hoop=79MPa
  [a=16 b=22 nt=1598] KSP converged reason: 4, iterations: 1
  [a=15 b=22 nt=1529] KSP converged reason: 4, iterations: 1
  [a=15 b=22 nt=1509] KSP converged reason: 4, iterations: 1
  [a=15 b=22 nt=1516] KSP converged reason: 4, iterations: 1
  [a=15 b=22 nt=1558] KSP converged reason: 4, iterations: 1
  [a=15 b=22 nt=1545] KSP converged reason: 4, iterations: 1
  [a=16 b=22 nt=1544] KSP converged reason: 4, iterations: 1
  [a=15 b=22 nt=1550] KSP converged reason: 4, iterations: 1
  [a=15 b=22 nt=1552] KSP converged reason: 4, iterations: 1
  [a=16 b=22 nt=1523] KSP converged reason: 4, iterations: 1
  [a=15 b=22 nt=1555] KSP converged reason: 4, iterations: 1
  [2146] OK     f=   0.206  a=15.3 b=22.1 gap=19.6 (face=3.3mm) n=[147, 188, 211, 232, 222, 238, 53, 211, 56]  tape=0.206km B=10.21T unif=0.870% hoop=76MPa
  [2147] OK     f=   0.203  a=15.4 b=22.2 gap=19.6 (face=3.3mm) n=[149, 184, 218, 228, 208, 214, 85, 193, 50]  tape=0.203km B=10.08T unif=0.744% hoop=73MPa
  [2148] OK     f=   0.203  a=15.3 b=22.1 gap=19.6 (face=3.3mm) n=[144, 182, 218, 224, 208, 225, 76, 204, 64]  tape=0.203km B=10.07T unif=0.995% hoop=74MPa
  [2149] viol   f=   3.343  a=15.3 b=22.1 gap=19.6 (face=3.3mm) n=[141, 191, 191, 232, 215, 221, 61, 214, 50]  tape=0.200km B=10.06T unif=1.125% hoop=77MPa
  [2150] viol   f=   0.204  a=15.3 b=22.2 gap=19.6 (face=3.3mm) n=[141, 192, 189, 243, 218, 232, 52, 190, 52]  tape=0.204km B=9.99T unif=0.999% hoop=78MPa
  [2151] OK     f=   0.218  a=15.6 b=22.2 gap=19.7 (face=3.3mm) n=[150, 179, 205, 246, 222, 226, 90, 193, 87]  tape=0.218km B=10.14T unif=0.598% hoop=78MPa
  [2152] viol   f=   5.763  a=15.5 b=22.2 gap=19.6 (face=3.3mm) n=[149, 177, 233, 224, 201, 217, 61, 203, 79]  tape=0.206km B=10.25T unif=1.167% hoop=78MPa
  [2153] viol   f=   0.258  a=15.5 b=22.2 gap=19.7 (face=3.3mm) n=[142, 172, 218, 211, 203, 212, 76, 222, 67]  tape=0.201km B=9.83T unif=0.621% hoop=74MPa
  [2154] viol   f=   1.459  a=15.4 b=22.1 gap=19.7 (face=3.3mm) n=[142, 185, 200, 229, 220, 231, 87, 178, 80]  tape=0.207km B=10.22T unif=1.079% hoop=78MPa
  [2155] OK     f=   0.210  a=15.4 b=22.0 gap=19.7 (face=3.3mm) n=[147, 180, 203, 242, 210, 212, 84, 196, 76]  tape=0.210km B=10.07T unif=0.575% hoop=79MPa
  [2156] OK     f=   0.207  a=15.4 b=22.0 gap=19.6 (face=3.3mm) n=[148, 184, 211, 235, 212, 221, 83, 206, 55]  tape=0.207km B=10.22T unif=0.567% hoop=78MPa
  [a=16 b=22 nt=1569] KSP converged reason: 4, iterations: 1
  [a=15 b=22 nt=1534] KSP converged reason: 4, iterations: 1
  [a=15 b=22 nt=1511] KSP converged reason: 4, iterations: 1
  [a=15 b=22 nt=1490] KSP converged reason: 4, iterations: 1
  [a=15 b=22 nt=1532] KSP converged reason: 4, iterations: 1
  [a=15 b=22 nt=1514] KSP converged reason: 4, iterations: 1
  [a=15 b=22 nt=1552] KSP converged reason: 4, iterations: 1
  [a=15 b=22 nt=1564] KSP converged reason: 4, iterations: 1
  [a=15 b=22 nt=1524] KSP converged reason: 4, iterations: 1
  [a=15 b=22 nt=1549] KSP converged reason: 4, iterations: 1
  [a=15 b=22 nt=1526] KSP converged reason: 4, iterations: 1
  [2157] OK     f=   0.202  a=15.3 b=22.1 gap=19.6 (face=3.3mm) n=[148, 185, 206, 229, 213, 230, 62, 202, 59]  tape=0.202km B=10.17T unif=0.797% hoop=76MPa
  [2158] OK     f=   0.203  a=15.4 b=22.2 gap=19.6 (face=3.3mm) n=[148, 188, 211, 232, 202, 230, 70, 199, 52]  tape=0.203km B=10.26T unif=0.806% hoop=77MPa
  [2159] OK     f=   0.199  a=15.3 b=22.1 gap=19.6 (face=3.3mm) n=[146, 190, 211, 233, 190, 218, 55, 190, 57]  tape=0.199km B=10.01T unif=0.892% hoop=75MPa
  [2160] viol   f=   0.209  a=15.2 b=22.0 gap=19.6 (face=3.2mm) n=[144, 180, 204, 237, 218, 223, 55, 197, 53]  tape=0.201km B=9.94T unif=0.540% hoop=78MPa
  [2161] OK     f=   0.215  a=15.6 b=22.3 gap=19.7 (face=3.3mm) n=[147, 186, 210, 244, 211, 225, 78, 184, 84]  tape=0.215km B=10.10T unif=0.604% hoop=78MPa
  [2162] viol   f=   7.986  a=15.3 b=22.2 gap=19.6 (face=3.3mm) n=[141, 181, 213, 225, 207, 226, 58, 202, 61]  tape=0.200km B=10.00T unif=1.197% hoop=76MPa
  [2163] OK     f=   0.212  a=15.4 b=22.2 gap=19.6 (face=3.3mm) n=[142, 194, 179, 246, 227, 228, 78, 191, 67]  tape=0.212km B=10.11T unif=0.853% hoop=78MPa
  [2164] OK     f=   0.201  a=15.4 b=22.1 gap=19.7 (face=3.3mm) n=[145, 184, 213, 227, 210, 224, 64, 196, 61]  tape=0.201km B=10.03T unif=0.803% hoop=75MPa
  [2165] OK     f=   0.208  a=15.2 b=22.1 gap=19.6 (face=3.3mm) n=[145, 182, 203, 233, 217, 237, 75, 201, 71]  tape=0.208km B=10.10T unif=0.558% hoop=77MPa
  [2166] OK     f=   0.205  a=15.4 b=22.1 gap=19.6 (face=3.3mm) n=[152, 184, 226, 235, 206, 222, 63, 210, 51]  tape=0.205km B=10.34T unif=0.652% hoop=77MPa
  [2167] OK     f=   0.200  a=15.3 b=22.1 gap=19.6 (face=3.2mm) n=[141, 184, 203, 225, 208, 222, 76, 217, 50]  tape=0.200km B=10.07T unif=0.951% hoop=76MPa
  [a=15 b=22 nt=1536] KSP converged reason: 4, iterations: 1
  [a=15 b=22 nt=1520] KSP converged reason: 4, iterations: 1
  [a=15 b=22 nt=1523] KSP converged reason: 4, iterations: 1
  [a=15 b=22 nt=1516] KSP converged reason: 4, iterations: 1
  [a=15 b=22 nt=1486] KSP converged reason: 4, iterations: 1
  [a=15 b=22 nt=1517] KSP converged reason: 4, iterations: 1
  [a=15 b=22 nt=1526] KSP converged reason: 4, iterations: 1
  [a=15 b=22 nt=1524] KSP converged reason: 4, iterations: 1
  [a=15 b=22 nt=1513] KSP converged reason: 4, iterations: 1
  [a=15 b=22 nt=1534] KSP converged reason: 4, iterations: 1
  [a=15 b=22 nt=1485] KSP converged reason: 4, iterations: 1
  [2168] OK     f=   0.202  a=15.4 b=22.1 gap=19.6 (face=3.3mm) n=[146, 185, 206, 235, 201, 227, 62, 204, 51]  tape=0.202km B=10.05T unif=0.726% hoop=78MPa
  [2169] viol   f=   0.207  a=15.3 b=22.1 gap=19.6 (face=3.3mm) n=[146, 193, 201, 235, 204, 228, 74, 184, 58]  tape=0.204km B=10.01T unif=1.004% hoop=74MPa
  [2170] OK     f=   0.205  a=15.4 b=22.2 gap=19.7 (face=3.3mm) n=[150, 179, 233, 221, 186, 220, 69, 210, 68]  tape=0.205km B=10.09T unif=0.544% hoop=75MPa
  [2171] OK     f=   0.201  a=15.3 b=22.0 gap=19.6 (face=3.3mm) n=[145, 190, 205, 226, 207, 231, 67, 194, 55]  tape=0.201km B=10.11T unif=0.848% hoop=76MPa
  [2172] viol   f=  19.456  a=15.4 b=22.1 gap=19.6 (face=3.3mm) n=[143, 190, 208, 222, 206, 225, 71, 201, 50]  tape=0.199km B=10.22T unif=1.310% hoop=77MPa
  [2173] viol   f=   6.308  a=15.2 b=22.1 gap=19.6 (face=3.3mm) n=[140, 190, 199, 227, 187, 224, 50, 219, 50]  tape=0.195km B=9.92T unif=1.175% hoop=75MPa
  [2174] viol   f=   3.671  a=15.3 b=22.3 gap=19.6 (face=3.3mm) n=[145, 190, 216, 232, 195, 223, 72, 187, 53]  tape=0.203km B=10.13T unif=1.132% hoop=75MPa
  [2175] viol   f=   1.766  a=15.3 b=22.2 gap=19.6 (face=3.3mm) n=[143, 193, 199, 240, 189, 225, 78, 208, 51]  tape=0.206km B=10.05T unif=1.088% hoop=76MPa
  [2176] viol   f=  11.495  a=15.2 b=22.1 gap=19.6 (face=3.3mm) n=[145, 187, 204, 231, 199, 212, 93, 195, 58]  tape=0.203km B=9.96T unif=1.238% hoop=73MPa
  [2177] OK     f=   0.206  a=15.4 b=22.1 gap=19.7 (face=3.3mm) n=[141, 186, 200, 219, 209, 236, 80, 206, 57]  tape=0.206km B=10.06T unif=0.837% hoop=78MPa
  [2178] viol   f=   0.212  a=15.4 b=22.1 gap=19.6 (face=3.2mm) n=[142, 184, 207, 227, 203, 213, 52, 197, 60]  tape=0.197km B=9.91T unif=0.857% hoop=75MPa
  [a=15 b=22 nt=1478] KSP converged reason: 4, iterations: 1
  [a=15 b=22 nt=1545] KSP converged reason: 4, iterations: 1
  [a=15 b=22 nt=1537] KSP converged reason: 4, iterations: 1
  [a=15 b=22 nt=1487] KSP converged reason: 4, iterations: 1
  [a=15 b=22 nt=1520] KSP converged reason: 4, iterations: 1
  [a=15 b=22 nt=1525] KSP converged reason: 4, iterations: 1
  [a=15 b=22 nt=1538] KSP converged reason: 4, iterations: 1
  [a=15 b=22 nt=1510] KSP converged reason: 4, iterations: 1
  [a=15 b=22 nt=1514] KSP converged reason: 4, iterations: 1
  [a=15 b=22 nt=1546] KSP converged reason: 4, iterations: 1
  [a=15 b=22 nt=1531] KSP converged reason: 4, iterations: 1
  [2179] viol   f=   0.286  a=15.3 b=22.1 gap=19.7 (face=3.3mm) n=[140, 188, 203, 226, 183, 240, 52, 195, 51]  tape=0.200km B=9.79T unif=0.937% hoop=77MPa
  [2180] OK     f=   0.206  a=15.4 b=22.1 gap=19.6 (face=3.3mm) n=[151, 186, 226, 224, 204, 234, 89, 179, 52]  tape=0.206km B=10.15T unif=0.812% hoop=73MPa
  [2181] viol   f=  47.178  a=15.2 b=22.0 gap=19.6 (face=3.3mm) n=[142, 192, 206, 222, 198, 226, 65, 216, 58]  tape=0.200km B=10.14T unif=1.485% hoop=74MPa
  [2182] viol   f=   0.413  a=15.3 b=22.2 gap=19.6 (face=3.3mm) n=[137, 183, 191, 217, 208, 238, 59, 189, 65]  tape=0.202km B=9.68T unif=0.923% hoop=77MPa
  [2183] viol   f=   0.212  a=15.3 b=22.0 gap=19.6 (face=3.2mm) n=[146, 192, 211, 240, 194, 228, 53, 205, 51]  tape=0.203km B=10.06T unif=1.007% hoop=76MPa
  [2184] viol   f=   2.844  a=15.4 b=22.2 gap=19.6 (face=3.3mm) n=[145, 193, 204, 234, 211, 230, 62, 198, 60]  tape=0.205km B=10.17T unif=1.115% hoop=76MPa
  [2185] viol   f=  54.273  a=15.2 b=22.1 gap=19.6 (face=3.3mm) n=[146, 195, 211, 224, 202, 220, 74, 200, 66]  tape=0.202km B=10.20T unif=1.520% hoop=72MPa
  [2186] OK     f=   0.202  a=15.3 b=22.1 gap=19.6 (face=3.3mm) n=[147, 195, 197, 236, 208, 226, 59, 191, 51]  tape=0.202km B=10.08T unif=0.938% hoop=76MPa
  [2187] viol   f=  45.074  a=15.2 b=22.1 gap=19.6 (face=3.2mm) n=[144, 185, 229, 213, 195, 210, 63, 223, 84]  tape=0.204km B=10.07T unif=1.474% hoop=73MPa
  [2188] OK     f=   0.200  a=15.4 b=22.0 gap=19.6 (face=3.3mm) n=[146, 185, 207, 229, 202, 223, 60, 210, 52]  tape=0.200km B=10.06T unif=0.696% hoop=76MPa
  [2189] viol   f=   0.963  a=15.3 b=22.2 gap=19.6 (face=3.3mm) n=[143, 192, 199, 226, 204, 236, 81, 193, 57]  tape=0.205km B=10.06T unif=1.062% hoop=76MPa
  [a=15 b=22 nt=1538] KSP converged reason: 4, iterations: 1
  [a=15 b=22 nt=1516] KSP converged reason: 4, iterations: 1
  [a=15 b=22 nt=1513] KSP converged reason: 4, iterations: 1
  [a=15 b=22 nt=1516] KSP converged reason: 4, iterations: 1
  [a=15 b=22 nt=1538] KSP converged reason: 4, iterations: 1
  [a=15 b=22 nt=1486] KSP converged reason: 4, iterations: 1
  [a=15 b=22 nt=1522] KSP converged reason: 4, iterations: 1
  [a=15 b=22 nt=1521] KSP converged reason: 4, iterations: 1
  [a=15 b=22 nt=1516] KSP converged reason: 4, iterations: 1
  [a=15 b=22 nt=1536] KSP converged reason: 4, iterations: 1
  [a=15 b=22 nt=1492] KSP converged reason: 4, iterations: 1
  [2190] viol   f=   0.266  a=15.4 b=22.2 gap=19.6 (face=3.3mm) n=[148, 181, 211, 224, 207, 210, 63, 192, 50]  tape=0.197km B=10.11T unif=1.019% hoop=81MPa
  [2191] viol   f=   0.231  a=15.4 b=22.0 gap=19.7 (face=3.3mm) n=[144, 183, 202, 229, 194, 239, 59, 196, 67]  tape=0.204km B=9.88T unif=0.901% hoop=78MPa
  [2192] viol   f=  12.973  a=15.4 b=21.9 gap=19.6 (face=3.2mm) n=[142, 187, 208, 221, 199, 220, 63, 215, 61]  tape=0.197km B=10.00T unif=1.253% hoop=73MPa
  [2193] viol   f=   1.569  a=15.4 b=22.1 gap=19.6 (face=3.3mm) n=[146, 189, 206, 225, 197, 230, 80, 200, 65]  tape=0.204km B=10.11T unif=1.083% hoop=74MPa
  [2194] OK     f=   0.205  a=15.5 b=22.2 gap=19.7 (face=3.3mm) n=[147, 187, 213, 232, 200, 230, 64, 203, 62]  tape=0.205km B=10.12T unif=0.915% hoop=77MPa
  [2195] viol   f=  20.645  a=15.3 b=22.0 gap=19.6 (face=3.2mm) n=[146, 183, 224, 218, 191, 218, 52, 216, 68]  tape=0.198km B=10.36T unif=1.320% hoop=78MPa
  [2196] viol   f=   0.434  a=15.4 b=22.1 gap=19.6 (face=3.3mm) n=[142, 187, 207, 210, 211, 220, 83, 200, 61]  tape=0.199km B=9.98T unif=1.034% hoop=72MPa
  [2197] OK     f=   0.203  a=15.3 b=22.1 gap=19.6 (face=3.3mm) n=[142, 184, 197, 237, 210, 231, 66, 205, 50]  tape=0.203km B=10.16T unif=0.890% hoop=80MPa
  [2198] viol   f=   6.025  a=15.3 b=22.1 gap=19.6 (face=3.2mm) n=[145, 194, 201, 229, 211, 224, 54, 203, 55]  tape=0.200km B=10.05T unif=1.171% hoop=73MPa
  [2199] OK     f=   0.204  a=15.3 b=22.1 gap=19.6 (face=3.2mm) n=[150, 192, 210, 235, 214, 233, 61, 187, 54]  tape=0.204km B=10.25T unif=0.806% hoop=76MPa
  [2200] viol   f=  58.001  a=15.3 b=22.1 gap=19.6 (face=3.2mm) n=[142, 190, 211, 217, 199, 213, 50, 217, 53]  tape=0.193km B=9.93T unif=1.538% hoop=71MPa
  [a=15 b=22 nt=1529] KSP converged reason: 4, iterations: 1
  [a=15 b=22 nt=1516] KSP converged reason: 4, iterations: 1
  [a=15 b=22 nt=1515] KSP converged reason: 4, iterations: 1
  [a=15 b=22 nt=1535] KSP converged reason: 4, iterations: 1
  [a=15 b=22 nt=1534] KSP converged reason: 4, iterations: 1
  [a=15 b=22 nt=1535] KSP converged reason: 4, iterations: 1
  [a=15 b=22 nt=1533] KSP converged reason: 4, iterations: 1
  [a=15 b=22 nt=1536] KSP converged reason: 4, iterations: 1
  [a=15 b=22 nt=1537] KSP converged reason: 4, iterations: 1
  [a=15 b=22 nt=1519] KSP converged reason: 4, iterations: 1
  [a=15 b=22 nt=1567] KSP converged reason: 4, iterations: 1
  [2201] viol   f=   0.200  a=15.3 b=22.0 gap=19.6 (face=3.2mm) n=[144, 185, 204, 227, 212, 224, 57, 203, 59]  tape=0.199km B=9.98T unif=0.803% hoop=75MPa
  [2202] OK     f=   0.206  a=15.3 b=22.2 gap=19.6 (face=3.3mm) n=[146, 193, 201, 243, 215, 235, 50, 196, 50]  tape=0.206km B=10.03T unif=0.808% hoop=76MPa
  [2203] OK     f=   0.206  a=15.4 b=22.2 gap=19.6 (face=3.3mm) n=[145, 188, 204, 238, 212, 227, 50, 203, 68]  tape=0.206km B=10.16T unif=0.798% hoop=79MPa
  [2204] viol   f=   0.203  a=15.4 b=22.0 gap=19.6 (face=3.3mm) n=[143, 184, 201, 240, 196, 234, 55, 204, 59]  tape=0.203km B=9.99T unif=0.656% hoop=79MPa
  [2205] viol   f=   0.225  a=15.4 b=22.1 gap=19.6 (face=3.3mm) n=[146, 176, 211, 224, 206, 237, 69, 201, 65]  tape=0.206km B=9.90T unif=0.663% hoop=77MPa
  [2206] OK     f=   0.206  a=15.4 b=22.1 gap=19.6 (face=3.3mm) n=[144, 188, 193, 240, 215, 237, 64, 197, 56]  tape=0.206km B=10.09T unif=0.666% hoop=78MPa
  [2207] OK     f=   0.204  a=15.4 b=22.1 gap=19.7 (face=3.3mm) n=[146, 177, 209, 228, 201, 231, 86, 204, 51]  tape=0.204km B=10.02T unif=0.634% hoop=76MPa
  [2208] viol   f=   0.208  a=15.4 b=22.1 gap=19.6 (face=3.3mm) n=[145, 185, 200, 238, 199, 232, 65, 201, 71]  tape=0.206km B=9.97T unif=0.815% hoop=77MPa
  [2209] OK     f=   0.201  a=15.3 b=22.1 gap=19.6 (face=3.3mm) n=[147, 186, 215, 233, 195, 231, 58, 204, 50]  tape=0.201km B=10.18T unif=0.883% hoop=76MPa
  [2210] viol   f=   0.208  a=15.4 b=22.1 gap=19.7 (face=3.3mm) n=[142, 188, 196, 232, 195, 230, 71, 205, 78]  tape=0.205km B=9.96T unif=0.871% hoop=75MPa
  [2211] OK     f=   0.208  a=15.3 b=22.0 gap=19.6 (face=3.3mm) n=[145, 181, 196, 237, 210, 236, 87, 210, 65]  tape=0.208km B=10.07T unif=0.642% hoop=76MPa
  [a=15 b=22 nt=1496] KSP converged reason: 4, iterations: 1
  [a=15 b=22 nt=1528] KSP converged reason: 4, iterations: 1
  [a=15 b=22 nt=1517] KSP converged reason: 4, iterations: 1
  [a=15 b=22 nt=1529] KSP converged reason: 4, iterations: 1
  [a=15 b=22 nt=1523] KSP converged reason: 4, iterations: 1
  [a=15 b=22 nt=1536] KSP converged reason: 4, iterations: 1
  [a=15 b=22 nt=1540] KSP converged reason: 4, iterations: 1
  [a=15 b=22 nt=1533] KSP converged reason: 4, iterations: 1
  [a=15 b=22 nt=1542] KSP converged reason: 4, iterations: 1
  [a=15 b=22 nt=1534] KSP converged reason: 4, iterations: 1
  [a=15 b=22 nt=1518] KSP converged reason: 4, iterations: 1
  [2212] OK     f=   0.202  a=15.3 b=22.1 gap=19.6 (face=3.3mm) n=[147, 185, 219, 229, 188, 228, 57, 214, 69]  tape=0.202km B=10.24T unif=0.966% hoop=76MPa
  [2213] OK     f=   0.199  a=15.3 b=22.0 gap=19.6 (face=3.3mm) n=[144, 180, 206, 229, 190, 235, 50, 209, 53]  tape=0.199km B=10.13T unif=0.567% hoop=81MPa
  [2214] viol   f=   0.244  a=15.4 b=21.9 gap=19.6 (face=3.3mm) n=[138, 178, 197, 224, 208, 232, 71, 195, 80]  tape=0.203km B=9.86T unif=0.651% hoop=77MPa
  [2215] OK     f=   0.203  a=15.3 b=22.1 gap=19.6 (face=3.2mm) n=[143, 190, 196, 231, 209, 235, 69, 205, 50]  tape=0.203km B=10.20T unif=0.931% hoop=78MPa
  [2216] OK     f=   0.202  a=15.2 b=22.0 gap=19.6 (face=3.2mm) n=[150, 184, 220, 235, 201, 225, 54, 204, 56]  tape=0.202km B=10.08T unif=0.693% hoop=73MPa
  [2217] viol   f= 144.201  a=15.3 b=22.0 gap=19.6 (face=3.2mm) n=[137, 189, 189, 224, 218, 222, 53, 218, 67]  tape=0.198km B=10.14T unif=1.849% hoop=78MPa
  [2218] OK     f=   0.204  a=15.3 b=21.9 gap=19.6 (face=3.2mm) n=[144, 185, 205, 234, 200, 226, 60, 206, 80]  tape=0.204km B=10.14T unif=0.746% hoop=78MPa
  [2219] OK     f=   0.206  a=15.3 b=22.2 gap=19.6 (face=3.3mm) n=[143, 188, 193, 238, 206, 237, 78, 197, 53]  tape=0.206km B=10.20T unif=0.859% hoop=79MPa
  [2220] viol   f=   0.204  a=15.4 b=22.0 gap=19.6 (face=3.3mm) n=[143, 181, 193, 230, 216, 228, 64, 195, 84]  tape=0.204km B=10.00T unif=0.600% hoop=76MPa
  [2221] OK     f=   0.206  a=15.5 b=22.1 gap=19.6 (face=3.3mm) n=[147, 187, 206, 238, 208, 238, 54, 203, 61]  tape=0.206km B=10.05T unif=0.670% hoop=78MPa
  [2222] OK     f=   0.201  a=15.4 b=22.1 gap=19.6 (face=3.3mm) n=[145, 187, 205, 234, 200, 232, 52, 206, 57]  tape=0.201km B=10.08T unif=0.769% hoop=76MPa
  [a=15 b=22 nt=1537] KSP converged reason: 4, iterations: 1
  [a=15 b=22 nt=1532] KSP converged reason: 4, iterations: 1
  [a=15 b=22 nt=1518] KSP converged reason: 4, iterations: 1
  [a=15 b=22 nt=1547] KSP converged reason: 4, iterations: 1
  [a=15 b=22 nt=1530] KSP converged reason: 4, iterations: 1
  [a=15 b=22 nt=1541] KSP converged reason: 4, iterations: 1
  [a=15 b=22 nt=1494] KSP converged reason: 4, iterations: 1
  [a=15 b=22 nt=1529] KSP converged reason: 4, iterations: 1
  [a=15 b=22 nt=1493] KSP converged reason: 4, iterations: 1
  [a=15 b=22 nt=1502] KSP converged reason: 4, iterations: 1
  [a=15 b=22 nt=1499] KSP converged reason: 4, iterations: 1
  [2223] viol   f=   0.211  a=15.3 b=22.0 gap=19.6 (face=3.3mm) n=[145, 190, 197, 242, 207, 236, 50, 199, 52]  tape=0.203km B=9.94T unif=0.832% hoop=76MPa
  [2224] OK     f=   0.203  a=15.4 b=22.1 gap=19.6 (face=3.2mm) n=[147, 189, 218, 221, 193, 234, 67, 211, 50]  tape=0.203km B=10.23T unif=0.952% hoop=77MPa
  [2225] viol   f=  21.985  a=15.4 b=22.1 gap=19.6 (face=3.2mm) n=[144, 187, 206, 234, 212, 237, 55, 213, 59]  tape=0.205km B=10.41T unif=1.330% hoop=82MPa
  [2226] viol   f=   0.210  a=15.3 b=22.1 gap=19.6 (face=3.3mm) n=[141, 190, 186, 248, 207, 240, 64, 192, 69]  tape=0.209km B=9.99T unif=0.729% hoop=79MPa
  [2227] OK     f=   0.205  a=15.3 b=22.1 gap=19.6 (face=3.2mm) n=[145, 184, 212, 235, 198, 232, 77, 206, 52]  tape=0.205km B=10.16T unif=0.834% hoop=76MPa
  [2228] OK     f=   0.203  a=15.3 b=21.9 gap=19.6 (face=3.2mm) n=[151, 184, 215, 238, 200, 231, 57, 200, 56]  tape=0.203km B=10.11T unif=0.921% hoop=75MPa
  [2229] viol   f=   1.457  a=15.3 b=22.0 gap=19.6 (face=3.3mm) n=[143, 182, 201, 226, 192, 237, 52, 209, 52]  tape=0.200km B=9.83T unif=1.077% hoop=77MPa
  [2230] OK     f=   0.200  a=15.2 b=21.9 gap=19.6 (face=3.2mm) n=[150, 177, 225, 228, 196, 219, 51, 210, 73]  tape=0.200km B=10.45T unif=0.523% hoop=78MPa
  [2231] viol   f=   0.218  a=15.4 b=22.0 gap=19.6 (face=3.2mm) n=[141, 184, 196, 228, 201, 219, 57, 209, 58]  tape=0.198km B=9.90T unif=0.884% hoop=75MPa
  [2232] viol   f=   0.224  a=15.5 b=22.2 gap=19.6 (face=3.3mm) n=[143, 183, 205, 225, 200, 226, 51, 196, 73]  tape=0.199km B=9.89T unif=0.727% hoop=76MPa
  [2233] viol   f=   0.202  a=15.3 b=22.0 gap=19.6 (face=3.2mm) n=[144, 180, 207, 228, 201, 225, 51, 206, 57]  tape=0.197km B=9.95T unif=0.667% hoop=76MPa
  [a=15 b=22 nt=1550] KSP converged reason: 4, iterations: 1
  [a=15 b=22 nt=1544] KSP converged reason: 4, iterations: 1
  [a=15 b=22 nt=1526] KSP converged reason: 4, iterations: 1
  [a=15 b=22 nt=1553] KSP converged reason: 4, iterations: 1
  [a=15 b=22 nt=1497] KSP converged reason: 4, iterations: 1
  [a=15 b=22 nt=1491] KSP converged reason: 4, iterations: 1
  [a=15 b=22 nt=1497] KSP converged reason: 4, iterations: 1
  [a=15 b=22 nt=1485] KSP converged reason: 4, iterations: 1
  [a=15 b=22 nt=1530] KSP converged reason: 4, iterations: 1
  [a=15 b=22 nt=1516] KSP converged reason: 4, iterations: 1
  [a=15 b=22 nt=1543] KSP converged reason: 4, iterations: 1
  [2234] OK     f=   0.197  a=15.4 b=22.0 gap=19.6 (face=3.2mm) n=[149, 176, 221, 225, 194, 214, 64, 204, 50]  tape=0.197km B=10.20T unif=0.666% hoop=80MPa
  [2235] OK     f=   0.206  a=15.3 b=22.0 gap=19.6 (face=3.2mm) n=[156, 180, 238, 231, 187, 223, 50, 206, 79]  tape=0.206km B=10.54T unif=0.407% hoop=79MPa
  [2236] OK     f=   0.203  a=15.2 b=21.8 gap=19.6 (face=3.2mm) n=[146, 175, 217, 218, 210, 233, 73, 229, 52]  tape=0.203km B=10.05T unif=0.460% hoop=75MPa
  [2237] OK     f=   0.201  a=15.3 b=22.0 gap=19.6 (face=3.2mm) n=[147, 179, 209, 227, 207, 233, 59, 212, 53]  tape=0.201km B=10.18T unif=0.566% hoop=79MPa
  [2238] OK     f=   0.203  a=15.2 b=22.0 gap=19.6 (face=3.2mm) n=[150, 180, 227, 230, 195, 233, 51, 210, 68]  tape=0.203km B=10.45T unif=0.681% hoop=78MPa
  [2239] OK     f=   0.192  a=15.4 b=21.9 gap=19.6 (face=3.3mm) n=[146, 173, 215, 215, 205, 214, 63, 210, 50]  tape=0.192km B=10.13T unif=0.513% hoop=76MPa
  [2240] viol   f=   0.273  a=15.3 b=21.9 gap=19.6 (face=3.2mm) n=[145, 178, 216, 220, 182, 221, 50, 222, 51]  tape=0.193km B=9.80T unif=0.897% hoop=73MPa
  [2241] viol   f=   0.756  a=15.5 b=22.0 gap=19.6 (face=3.3mm) n=[146, 179, 204, 226, 205, 209, 57, 194, 77]  tape=0.199km B=9.92T unif=1.052% hoop=76MPa
  [2242] OK     f=   0.205  a=15.2 b=21.9 gap=19.6 (face=3.2mm) n=[151, 173, 219, 243, 197, 219, 59, 206, 63]  tape=0.205km B=10.07T unif=0.923% hoop=77MPa
  [2243] viol   f=   0.208  a=15.3 b=22.0 gap=19.6 (face=3.2mm) n=[142, 188, 200, 223, 206, 236, 60, 210, 51]  tape=0.201km B=9.94T unif=0.891% hoop=76MPa
  [2244] viol   f=   0.201  a=15.2 b=21.9 gap=19.6 (face=3.2mm) n=[146, 173, 222, 223, 195, 229, 52, 228, 75]  tape=0.201km B=9.99T unif=0.418% hoop=73MPa
  [a=15 b=22 nt=1558] KSP converged reason: 4, iterations: 1
  [a=15 b=22 nt=1528] KSP converged reason: 4, iterations: 1
  [a=15 b=22 nt=1529] KSP converged reason: 4, iterations: 1
  [a=15 b=22 nt=1522] KSP converged reason: 4, iterations: 1
  [a=15 b=22 nt=1478] KSP converged reason: 4, iterations: 1
  [a=15 b=22 nt=1573] KSP converged reason: 4, iterations: 1
  [a=15 b=22 nt=1480] KSP converged reason: 4, iterations: 1
  [a=15 b=22 nt=1545] KSP converged reason: 4, iterations: 1
  [a=15 b=22 nt=1492] KSP converged reason: 4, iterations: 1
  [a=15 b=22 nt=1539] KSP converged reason: 4, iterations: 1
  [a=15 b=22 nt=1512] KSP converged reason: 4, iterations: 1
  [2245] viol   f=   0.203  a=15.5 b=22.0 gap=19.6 (face=3.3mm) n=[145, 178, 212, 223, 208, 218, 70, 212, 63]  tape=0.200km B=9.96T unif=0.801% hoop=74MPa
  [2246] OK     f=   0.207  a=15.4 b=22.1 gap=19.6 (face=3.3mm) n=[151, 175, 235, 220, 197, 229, 53, 217, 81]  tape=0.207km B=10.28T unif=0.625% hoop=78MPa
  [2247] viol   f=   0.204  a=15.3 b=21.9 gap=19.6 (face=3.2mm) n=[146, 173, 214, 215, 222, 212, 118, 215, 58]  tape=0.204km B=10.00T unif=0.918% hoop=70MPa
  [2248] viol   f=   0.409  a=15.4 b=21.9 gap=19.6 (face=3.3mm) n=[144, 164, 215, 214, 199, 217, 52, 223, 50]  tape=0.193km B=9.67T unif=0.980% hoop=75MPa
  [2249] OK     f=   0.201  a=15.2 b=21.7 gap=19.6 (face=3.2mm) n=[150, 169, 222, 232, 198, 217, 61, 209, 70]  tape=0.201km B=10.21T unif=0.989% hoop=79MPa
  [2250] viol   f=   0.228  a=15.4 b=22.0 gap=19.6 (face=3.3mm) n=[145, 176, 215, 216, 194, 221, 82, 212, 61]  tape=0.199km B=9.88T unif=0.832% hoop=72MPa
  [2251] viol   f=   0.214  a=15.4 b=21.9 gap=19.6 (face=3.3mm) n=[143, 172, 210, 223, 195, 220, 51, 207, 59]  tape=0.194km B=9.90T unif=0.588% hoop=77MPa
  [2252] OK     f=   0.205  a=15.2 b=21.9 gap=19.6 (face=3.2mm) n=[145, 175, 203, 238, 212, 227, 76, 213, 56]  tape=0.205km B=10.16T unif=0.415% hoop=79MPa
  [2253] OK     f=   0.194  a=15.3 b=21.8 gap=19.6 (face=3.3mm) n=[148, 175, 220, 221, 190, 222, 52, 207, 57]  tape=0.194km B=10.00T unif=0.751% hoop=74MPa
  [2254] viol   f=   0.199  a=15.4 b=21.9 gap=19.6 (face=3.2mm) n=[147, 175, 221, 211, 199, 222, 57, 210, 70]  tape=0.197km B=9.97T unif=0.769% hoop=74MPa
  [2255] OK     f=   0.201  a=15.3 b=21.7 gap=19.6 (face=3.2mm) n=[150, 171, 229, 217, 200, 212, 76, 232, 52]  tape=0.201km B=10.16T unif=0.649% hoop=77MPa
  [a=15 b=22 nt=1516] KSP converged reason: 4, iterations: 1
  [a=15 b=22 nt=1506] KSP converged reason: 4, iterations: 1
  [a=15 b=22 nt=1492] KSP converged reason: 4, iterations: 1
  [a=15 b=22 nt=1511] KSP converged reason: 4, iterations: 1
  [a=15 b=22 nt=1490] KSP converged reason: 4, iterations: 1
  [a=15 b=22 nt=1546] KSP converged reason: 4, iterations: 1
  [a=15 b=22 nt=1507] KSP converged reason: 4, iterations: 1
  [a=15 b=22 nt=1503] KSP converged reason: 4, iterations: 1
  [a=15 b=22 nt=1530] KSP converged reason: 4, iterations: 1
  [a=15 b=22 nt=1541] KSP converged reason: 4, iterations: 1
  [a=15 b=22 nt=1492] KSP converged reason: 4, iterations: 1
  [2256] viol   f=   1.038  a=15.4 b=22.0 gap=19.6 (face=3.3mm) n=[147, 176, 201, 228, 208, 237, 59, 205, 50]  tape=0.201km B=9.89T unif=1.064% hoop=77MPa
  [2257] OK     f=   0.201  a=15.4 b=22.0 gap=19.6 (face=3.3mm) n=[149, 184, 223, 226, 187, 235, 61, 201, 50]  tape=0.201km B=10.04T unif=0.603% hoop=76MPa
  [2258] OK     f=   0.196  a=15.5 b=21.9 gap=19.6 (face=3.2mm) n=[146, 177, 221, 213, 196, 219, 50, 213, 71]  tape=0.196km B=10.24T unif=0.794% hoop=79MPa
  [2259] OK     f=   0.195  a=15.4 b=21.9 gap=19.6 (face=3.2mm) n=[143, 177, 205, 222, 192, 218, 57, 203, 73]  tape=0.195km B=10.07T unif=0.716% hoop=78MPa
  [2260] viol   f=   0.205  a=15.4 b=21.7 gap=19.6 (face=3.2mm) n=[147, 160, 231, 206, 198, 213, 59, 223, 55]  tape=0.196km B=9.93T unif=0.330% hoop=79MPa
  [2261] viol   f=  14.626  a=15.4 b=21.7 gap=19.6 (face=3.2mm) n=[143, 172, 196, 219, 212, 214, 87, 212, 91]  tape=0.201km B=9.91T unif=1.268% hoop=72MPa
  [2262] OK     f=   0.198  a=15.3 b=21.9 gap=19.6 (face=3.2mm) n=[149, 175, 213, 222, 207, 230, 51, 201, 59]  tape=0.198km B=10.01T unif=0.874% hoop=76MPa
  [2263] OK     f=   0.194  a=15.4 b=21.8 gap=19.6 (face=3.3mm) n=[146, 174, 216, 222, 202, 217, 51, 219, 56]  tape=0.194km B=10.26T unif=0.596% hoop=78MPa
  [2264] OK     f=   0.199  a=15.3 b=22.0 gap=19.6 (face=3.2mm) n=[148, 182, 222, 227, 214, 227, 61, 199, 50]  tape=0.199km B=10.22T unif=0.838% hoop=75MPa
  [2265] OK     f=   0.206  a=15.2 b=21.8 gap=19.6 (face=3.2mm) n=[151, 170, 244, 214, 180, 226, 55, 221, 80]  tape=0.206km B=10.19T unif=0.434% hoop=78MPa
  [2266] OK     f=   0.198  a=15.4 b=21.8 gap=19.6 (face=3.2mm) n=[147, 165, 234, 207, 190, 207, 51, 226, 65]  tape=0.198km B=10.08T unif=0.621% hoop=83MPa
  [a=16 b=22 nt=1533] KSP converged reason: 4, iterations: 1
  [a=15 b=22 nt=1491] KSP converged reason: 4, iterations: 1
  [a=15 b=22 nt=1536] KSP converged reason: 4, iterations: 1
  [a=15 b=22 nt=1521] KSP converged reason: 4, iterations: 1
  [a=15 b=22 nt=1510] KSP converged reason: 4, iterations: 1
  [a=15 b=22 nt=1489] KSP converged reason: 4, iterations: 1
  [a=15 b=22 nt=1518] KSP converged reason: 4, iterations: 1
  [a=15 b=22 nt=1531] KSP converged reason: 4, iterations: 1
  [a=16 b=22 nt=1551] KSP converged reason: 4, iterations: 1
  [a=16 b=22 nt=1492] KSP converged reason: 4, iterations: 1
  [a=15 b=22 nt=1537] KSP converged reason: 4, iterations: 1
  [2267] viol   f=   0.196  a=15.5 b=21.8 gap=19.6 (face=3.2mm) n=[144, 177, 225, 205, 202, 215, 53, 202, 66]  tape=0.196km B=9.99T unif=0.780% hoop=77MPa
  [2268] viol   f=   0.791  a=15.3 b=21.9 gap=19.6 (face=3.2mm) n=[147, 176, 232, 224, 186, 235, 64, 222, 50]  tape=0.202km B=10.05T unif=1.054% hoop=75MPa
  [2269] viol   f=   0.196  a=15.4 b=21.8 gap=19.6 (face=3.2mm) n=[148, 175, 222, 214, 190, 220, 55, 191, 76]  tape=0.195km B=9.98T unif=0.751% hoop=75MPa
  [2270] OK     f=   0.197  a=15.4 b=21.9 gap=19.6 (face=3.2mm) n=[145, 181, 204, 219, 225, 212, 51, 217, 56]  tape=0.197km B=10.30T unif=0.642% hoop=80MPa
  [2271] OK     f=   0.203  a=15.5 b=21.7 gap=19.6 (face=3.2mm) n=[149, 175, 233, 204, 199, 210, 66, 220, 77]  tape=0.203km B=10.08T unif=0.420% hoop=77MPa
  [2272] viol   f=   0.201  a=15.5 b=22.0 gap=19.6 (face=3.2mm) n=[146, 179, 206, 228, 204, 226, 62, 199, 71]  tape=0.201km B=9.99T unif=0.807% hoop=76MPa
  [2273] viol   f=   0.197  a=15.3 b=21.8 gap=19.6 (face=3.2mm) n=[145, 179, 209, 221, 202, 218, 71, 207, 66]  tape=0.197km B=9.99T unif=0.911% hoop=74MPa
  [2274] OK     f=   0.200  a=15.3 b=21.7 gap=19.6 (face=3.2mm) n=[152, 176, 232, 226, 193, 217, 62, 219, 54]  tape=0.200km B=10.37T unif=0.350% hoop=78MPa
  [2275] viol   f=   0.206  a=15.5 b=21.9 gap=19.6 (face=3.3mm) n=[142, 173, 213, 220, 192, 212, 60, 211, 69]  tape=0.195km B=9.93T unif=0.567% hoop=75MPa
  [2276] viol   f=   1.577  a=15.5 b=21.8 gap=19.6 (face=3.3mm) n=[150, 173, 224, 219, 188, 222, 93, 210, 72]  tape=0.203km B=10.16T unif=1.083% hoop=77MPa
  [2277] OK     f=   0.201  a=15.3 b=21.8 gap=19.6 (face=3.2mm) n=[149, 177, 228, 216, 190, 222, 72, 220, 63]  tape=0.201km B=10.07T unif=0.570% hoop=78MPa
  [a=15 b=22 nt=1537] KSP converged reason: 4, iterations: 1
  [a=15 b=22 nt=1516] KSP converged reason: 4, iterations: 1
  [a=15 b=22 nt=1482] KSP converged reason: 4, iterations: 1
  [a=15 b=22 nt=1459] KSP converged reason: 4, iterations: 1
  [a=15 b=22 nt=1495] KSP converged reason: 4, iterations: 1
  [a=15 b=22 nt=1517] KSP converged reason: 4, iterations: 1
  [a=15 b=22 nt=1511] KSP converged reason: 4, iterations: 1
  [a=15 b=22 nt=1497] KSP converged reason: 4, iterations: 1
  [a=15 b=22 nt=1480] KSP converged reason: 4, iterations: 1
  [a=16 b=22 nt=1538] KSP converged reason: 4, iterations: 1
  [a=15 b=22 nt=1491] KSP converged reason: 4, iterations: 1
  [2278] viol   f=   0.210  a=15.3 b=21.9 gap=19.6 (face=3.3mm) n=[144, 182, 212, 210, 193, 225, 66, 208, 55]  tape=0.196km B=9.92T unif=0.887% hoop=74MPa
  [2279] viol   f=   0.277  a=15.4 b=21.8 gap=19.6 (face=3.2mm) n=[140, 176, 204, 216, 200, 204, 54, 192, 73]  tape=0.190km B=9.79T unif=0.927% hoop=75MPa
  [2280] OK     f=   0.198  a=15.3 b=22.0 gap=19.6 (face=3.2mm) n=[148, 178, 220, 222, 210, 218, 69, 198, 54]  tape=0.198km B=10.29T unif=0.572% hoop=80MPa
  [2281] OK     f=   0.198  a=15.4 b=21.8 gap=19.6 (face=3.2mm) n=[142, 181, 196, 222, 214, 214, 57, 205, 85]  tape=0.198km B=10.03T unif=0.876% hoop=76MPa
  [2282] viol   f=   4.941  a=15.4 b=21.9 gap=19.6 (face=3.3mm) n=[146, 183, 207, 216, 207, 220, 50, 181, 72]  tape=0.194km B=9.97T unif=1.154% hoop=74MPa
  [2283] OK     f=   0.202  a=15.5 b=21.7 gap=19.6 (face=3.2mm) n=[148, 177, 227, 200, 191, 224, 73, 215, 82]  tape=0.202km B=10.10T unif=0.586% hoop=76MPa
  [2284] viol   f=   0.404  a=15.4 b=21.7 gap=19.6 (face=3.2mm) n=[137, 174, 194, 216, 208, 223, 53, 207, 99]  tape=0.197km B=9.68T unif=0.712% hoop=73MPa
  [2285] OK     f=   0.194  a=15.3 b=21.8 gap=19.6 (face=3.2mm) n=[146, 175, 217, 220, 192, 216, 71, 204, 56]  tape=0.194km B=10.22T unif=0.620% hoop=76MPa
  [2286] OK     f=   0.191  a=15.2 b=21.6 gap=19.6 (face=3.2mm) n=[147, 170, 219, 210, 202, 203, 66, 208, 55]  tape=0.191km B=10.05T unif=0.926% hoop=76MPa
  [2287] OK     f=   0.199  a=15.5 b=21.8 gap=19.6 (face=3.2mm) n=[148, 175, 217, 210, 211, 212, 75, 218, 72]  tape=0.199km B=10.07T unif=0.733% hoop=74MPa
  [2288] viol   f=   0.988  a=15.3 b=21.8 gap=19.6 (face=3.2mm) n=[145, 182, 219, 221, 187, 227, 65, 195, 50]  tape=0.195km B=9.37T unif=0.400% hoop=80MPa
  [a=15 b=22 nt=1498] KSP converged reason: 4, iterations: 1
  [a=15 b=22 nt=1493] KSP converged reason: 4, iterations: 1
  [a=15 b=22 nt=1499] KSP converged reason: 4, iterations: 1
  [a=15 b=22 nt=1571] KSP converged reason: 4, iterations: 1
  [a=15 b=22 nt=1481] KSP converged reason: 4, iterations: 1
  [a=15 b=22 nt=1547] KSP converged reason: 4, iterations: 1
  [a=15 b=22 nt=1492] KSP converged reason: 4, iterations: 1
  [a=15 b=22 nt=1555] KSP converged reason: 4, iterations: 1
  [a=15 b=22 nt=1501] KSP converged reason: 4, iterations: 1
  [a=15 b=22 nt=1479] KSP converged reason: 4, iterations: 1
  [a=15 b=22 nt=1459] KSP converged reason: 4, iterations: 1
  [2289] viol   f=   0.199  a=15.4 b=21.9 gap=19.6 (face=3.2mm) n=[147, 174, 231, 211, 208, 211, 62, 198, 51]  tape=0.198km B=9.98T unif=0.681% hoop=75MPa
  [2290] viol   f=   7.333  a=15.2 b=21.8 gap=19.6 (face=3.2mm) n=[150, 179, 221, 214, 185, 218, 54, 195, 65]  tape=0.193km B=10.08T unif=1.189% hoop=73MPa
  [2291] OK     f=   0.200  a=15.3 b=21.6 gap=19.6 (face=3.2mm) n=[149, 172, 221, 218, 230, 214, 77, 212, 54]  tape=0.200km B=10.39T unif=0.423% hoop=78MPa
  [2292] OK     f=   0.198  a=15.4 b=21.7 gap=19.6 (face=3.2mm) n=[151, 178, 232, 216, 183, 200, 69, 216, 53]  tape=0.198km B=10.16T unif=0.660% hoop=76MPa
  [2293] viol   f=   0.652  a=15.3 b=21.6 gap=19.6 (face=3.2mm) n=[145, 174, 205, 231, 184, 220, 61, 207, 72]  tape=0.198km B=9.92T unif=1.047% hoop=77MPa
  [2294] OK     f=   0.203  a=15.2 b=21.8 gap=19.6 (face=3.2mm) n=[148, 178, 221, 220, 195, 224, 77, 222, 86]  tape=0.203km B=10.31T unif=0.658% hoop=74MPa
  [2295] viol   f=   0.714  a=15.2 b=21.7 gap=19.6 (face=3.2mm) n=[146, 177, 209, 214, 223, 206, 60, 203, 54]  tape=0.193km B=9.94T unif=1.051% hoop=74MPa
  [2296] OK     f=   0.202  a=15.1 b=21.7 gap=19.6 (face=3.2mm) n=[146, 177, 216, 221, 199, 228, 99, 213, 56]  tape=0.202km B=10.20T unif=0.618% hoop=75MPa
  [2297] viol   f=   0.202  a=15.4 b=22.0 gap=19.6 (face=3.2mm) n=[142, 181, 193, 228, 224, 216, 70, 188, 59]  tape=0.199km B=9.96T unif=0.742% hoop=76MPa
  [2298] viol   f=   0.275  a=15.2 b=21.7 gap=19.6 (face=3.2mm) n=[141, 169, 206, 213, 214, 210, 51, 197, 58]  tape=0.187km B=9.79T unif=0.567% hoop=73MPa
  [2299] OK     f=   0.190  a=15.2 b=21.6 gap=19.6 (face=3.2mm) n=[143, 174, 200, 217, 208, 220, 50, 207, 60]  tape=0.190km B=10.12T unif=0.849% hoop=78MPa
  [a=15 b=22 nt=1542] KSP converged reason: 4, iterations: 1
  [a=15 b=22 nt=1515] KSP converged reason: 4, iterations: 1
  [a=15 b=22 nt=1525] KSP converged reason: 4, iterations: 1
  [a=15 b=22 nt=1488] KSP converged reason: 4, iterations: 1
  [a=15 b=22 nt=1526] KSP converged reason: 4, iterations: 1
  [a=15 b=22 nt=1499] KSP converged reason: 4, iterations: 1
  [a=15 b=22 nt=1469] KSP converged reason: 4, iterations: 1
  [a=15 b=22 nt=1495] KSP converged reason: 4, iterations: 1
  [a=15 b=22 nt=1544] KSP converged reason: 4, iterations: 1
  [a=16 b=22 nt=1523] KSP converged reason: 4, iterations: 1
  [a=15 b=22 nt=1482] KSP converged reason: 4, iterations: 1
  [2300] viol   f=   2.275  a=15.3 b=21.8 gap=19.6 (face=3.2mm) n=[145, 185, 199, 228, 207, 233, 74, 188, 67]  tape=0.202km B=10.04T unif=1.102% hoop=75MPa
  [2301] OK     f=   0.195  a=15.3 b=21.8 gap=19.6 (face=3.2mm) n=[147, 181, 214, 222, 214, 222, 57, 207, 51]  tape=0.195km B=10.07T unif=0.596% hoop=78MPa
  [2302] viol   f=  16.174  a=15.2 b=21.6 gap=19.6 (face=3.2mm) n=[149, 175, 215, 218, 218, 213, 55, 194, 51]  tape=0.190km B=10.06T unif=1.283% hoop=73MPa
  [2303] OK     f=   0.201  a=15.2 b=21.7 gap=19.6 (face=3.2mm) n=[146, 180, 207, 230, 215, 228, 90, 196, 50]  tape=0.201km B=10.09T unif=0.667% hoop=74MPa
  [2304] viol   f=   0.260  a=15.4 b=21.6 gap=19.6 (face=3.2mm) n=[141, 175, 207, 206, 208, 214, 69, 214, 65]  tape=0.192km B=9.82T unif=0.940% hoop=71MPa
  [2305] viol   f=   0.196  a=15.1 b=21.8 gap=19.6 (face=3.2mm) n=[143, 177, 212, 217, 203, 218, 83, 209, 63]  tape=0.196km B=10.00T unif=0.691% hoop=72MPa
  [2306] viol   f=   0.194  a=15.2 b=21.6 gap=19.6 (face=3.2mm) n=[147, 174, 221, 213, 194, 208, 51, 208, 53]  tape=0.190km B=9.95T unif=0.836% hoop=77MPa
  [2307] viol   f=   1.279  a=15.3 b=21.6 gap=19.6 (face=3.2mm) n=[147, 166, 222, 214, 189, 216, 71, 210, 60]  tape=0.194km B=10.04T unif=1.074% hoop=78MPa
  [2308] OK     f=   0.199  a=15.3 b=21.7 gap=19.6 (face=3.2mm) n=[148, 178, 218, 222, 214, 222, 72, 201, 69]  tape=0.199km B=10.18T unif=0.618% hoop=77MPa
  [2309] OK     f=   0.199  a=15.5 b=21.9 gap=19.6 (face=3.2mm) n=[146, 181, 207, 221, 209, 206, 54, 215, 84]  tape=0.199km B=10.16T unif=0.865% hoop=78MPa
  [2310] viol   f=   0.260  a=15.2 b=21.5 gap=19.6 (face=3.1mm) n=[147, 173, 223, 207, 204, 191, 52, 233, 52]  tape=0.194km B=9.82T unif=0.946% hoop=74MPa
  [a=15 b=22 nt=1538] KSP converged reason: 4, iterations: 1
  [a=15 b=22 nt=1484] KSP converged reason: 4, iterations: 1
  [a=15 b=22 nt=1506] KSP converged reason: 4, iterations: 1
  [a=15 b=22 nt=1518] KSP converged reason: 4, iterations: 1
  [a=15 b=22 nt=1520] KSP converged reason: 4, iterations: 1
  [a=15 b=22 nt=1522] KSP converged reason: 4, iterations: 1
  [a=15 b=22 nt=1480] KSP converged reason: 4, iterations: 1
  [a=15 b=22 nt=1499] KSP converged reason: 4, iterations: 1
  [a=15 b=22 nt=1486] KSP converged reason: 4, iterations: 1
  [a=15 b=22 nt=1492] KSP converged reason: 4, iterations: 1
  [a=15 b=22 nt=1486] KSP converged reason: 4, iterations: 1
  [2311] OK     f=   0.204  a=15.3 b=21.7 gap=19.6 (face=3.2mm) n=[153, 175, 241, 203, 203, 213, 64, 224, 62]  tape=0.204km B=10.15T unif=0.281% hoop=77MPa
  [2312] OK     f=   0.196  a=15.2 b=21.7 gap=19.6 (face=3.2mm) n=[147, 175, 222, 214, 207, 222, 75, 210, 50]  tape=0.196km B=10.22T unif=0.478% hoop=75MPa
  [2313] viol   f=   5.008  a=15.2 b=21.6 gap=19.6 (face=3.2mm) n=[146, 180, 202, 228, 206, 223, 66, 208, 59]  tape=0.197km B=9.99T unif=1.155% hoop=75MPa
  [2314] viol   f=   7.046  a=15.1 b=21.8 gap=19.6 (face=3.2mm) n=[143, 182, 196, 229, 202, 215, 58, 201, 58]  tape=0.195km B=9.92T unif=1.185% hoop=75MPa
  [2315] OK     f=   0.197  a=15.3 b=21.7 gap=19.6 (face=3.2mm) n=[147, 184, 214, 227, 193, 210, 76, 191, 64]  tape=0.197km B=10.10T unif=0.829% hoop=74MPa
  [2316] OK     f=   0.199  a=15.3 b=21.8 gap=19.6 (face=3.3mm) n=[148, 177, 204, 229, 217, 223, 64, 195, 63]  tape=0.199km B=10.11T unif=0.604% hoop=76MPa
  [2317] OK     f=   0.190  a=15.2 b=21.8 gap=19.6 (face=3.2mm) n=[139, 174, 204, 214, 216, 211, 61, 209, 52]  tape=0.190km B=10.01T unif=0.786% hoop=75MPa
  [2318] OK     f=   0.199  a=15.3 b=21.8 gap=19.6 (face=3.2mm) n=[148, 166, 233, 204, 195, 202, 69, 226, 56]  tape=0.199km B=10.04T unif=0.432% hoop=80MPa
  [2319] viol   f=  18.206  a=15.3 b=21.6 gap=19.6 (face=3.2mm) n=[148, 170, 222, 209, 191, 217, 68, 196, 65]  tape=0.193km B=9.97T unif=1.300% hoop=76MPa
  [2320] OK     f=   0.195  a=15.3 b=21.8 gap=19.6 (face=3.2mm) n=[150, 175, 227, 218, 208, 216, 52, 196, 50]  tape=0.195km B=10.09T unif=0.511% hoop=74MPa
  [2321] OK     f=   0.192  a=15.3 b=21.6 gap=19.6 (face=3.2mm) n=[147, 172, 214, 221, 209, 211, 53, 199, 60]  tape=0.192km B=10.03T unif=0.916% hoop=77MPa
  [a=15 b=22 nt=1509] KSP converged reason: 4, iterations: 1
  [a=15 b=22 nt=1518] KSP converged reason: 4, iterations: 1
  [a=15 b=22 nt=1501] KSP converged reason: 4, iterations: 1
  [a=15 b=22 nt=1517] KSP converged reason: 4, iterations: 1
  [a=15 b=22 nt=1528] KSP converged reason: 4, iterations: 1
  [a=15 b=22 nt=1471] KSP converged reason: 4, iterations: 1
  [a=15 b=22 nt=1493] KSP converged reason: 4, iterations: 1
  [a=15 b=22 nt=1498] KSP converged reason: 4, iterations: 1
  [a=15 b=22 nt=1485] KSP converged reason: 4, iterations: 1
  [a=15 b=22 nt=1489] KSP converged reason: 4, iterations: 1
  [a=15 b=22 nt=1482] KSP converged reason: 4, iterations: 1
  [2322] OK     f=   0.194  a=15.2 b=21.6 gap=19.6 (face=3.2mm) n=[148, 173, 215, 224, 212, 218, 54, 213, 52]  tape=0.194km B=10.28T unif=0.513% hoop=77MPa
  [2323] viol   f=   0.389  a=15.2 b=21.6 gap=19.6 (face=3.2mm) n=[148, 172, 219, 218, 196, 213, 61, 211, 80]  tape=0.195km B=10.10T unif=1.031% hoop=74MPa
  [2324] OK     f=   0.187  a=15.1 b=21.7 gap=19.6 (face=3.2mm) n=[142, 171, 211, 211, 209, 210, 50, 205, 62]  tape=0.187km B=10.16T unif=0.565% hoop=77MPa
  [2325] OK     f=   0.196  a=15.2 b=21.8 gap=19.6 (face=3.2mm) n=[146, 177, 222, 226, 194, 216, 75, 190, 55]  tape=0.196km B=10.02T unif=0.575% hoop=73MPa
  [2326] OK     f=   0.197  a=15.3 b=21.8 gap=19.6 (face=3.2mm) n=[143, 181, 210, 214, 219, 212, 85, 209, 55]  tape=0.197km B=10.21T unif=0.913% hoop=74MPa
  [2327] OK     f=   0.194  a=15.2 b=21.7 gap=19.6 (face=3.1mm) n=[144, 176, 208, 221, 218, 221, 71, 208, 50]  tape=0.194km B=10.15T unif=0.580% hoop=75MPa
  [2328] viol   f=   0.217  a=15.3 b=21.7 gap=19.6 (face=3.2mm) n=[147, 161, 224, 212, 207, 214, 60, 209, 59]  tape=0.194km B=9.89T unif=0.829% hoop=76MPa
  [2329] viol   f=   0.196  a=15.4 b=21.8 gap=19.6 (face=3.2mm) n=[143, 179, 204, 216, 226, 213, 60, 199, 58]  tape=0.196km B=10.00T unif=0.659% hoop=76MPa
  [2330] OK     f=   0.190  a=15.3 b=21.6 gap=19.6 (face=3.2mm) n=[143, 169, 213, 211, 210, 211, 57, 217, 54]  tape=0.190km B=10.07T unif=0.424% hoop=78MPa
  [2331] OK     f=   0.194  a=15.3 b=21.8 gap=19.6 (face=3.2mm) n=[148, 171, 225, 221, 203, 221, 58, 192, 50]  tape=0.194km B=10.00T unif=0.356% hoop=77MPa
  [2332] viol   f=   0.207  a=15.3 b=21.8 gap=19.6 (face=3.2mm) n=[144, 172, 215, 218, 211, 208, 51, 209, 54]  tape=0.191km B=9.91T unif=0.321% hoop=74MPa
  [a=15 b=22 nt=1496] KSP converged reason: 4, iterations: 1
  [a=15 b=22 nt=1531] KSP converged reason: 4, iterations: 1
  [a=15 b=22 nt=1502] KSP converged reason: 4, iterations: 1
  [a=15 b=22 nt=1497] KSP converged reason: 4, iterations: 1
  [a=15 b=22 nt=1505] KSP converged reason: 4, iterations: 1
  [a=15 b=22 nt=1492] KSP converged reason: 4, iterations: 1
  [a=15 b=22 nt=1476] KSP converged reason: 4, iterations: 1
  [a=15 b=22 nt=1485] KSP converged reason: 4, iterations: 1
  [a=15 b=22 nt=1497] KSP converged reason: 4, iterations: 1
  [a=15 b=22 nt=1511] KSP converged reason: 4, iterations: 1
  [a=15 b=22 nt=1518] KSP converged reason: 4, iterations: 1
  [2333] OK     f=   0.193  a=15.2 b=21.7 gap=19.6 (face=3.2mm) n=[147, 171, 219, 215, 198, 208, 58, 215, 66]  tape=0.193km B=10.16T unif=0.594% hoop=76MPa
  [2334] OK     f=   0.194  a=15.2 b=21.8 gap=19.6 (face=3.2mm) n=[146, 165, 222, 212, 223, 222, 51, 209, 55]  tape=0.194km B=10.22T unif=0.390% hoop=81MPa
  [2335] OK     f=   0.199  a=15.1 b=21.8 gap=19.6 (face=3.2mm) n=[144, 183, 212, 220, 213, 226, 70, 206, 57]  tape=0.199km B=10.04T unif=0.826% hoop=72MPa
  [2336] viol   f=   0.218  a=15.2 b=21.6 gap=19.6 (face=3.2mm) n=[147, 167, 223, 212, 213, 212, 53, 224, 51]  tape=0.193km B=9.89T unif=0.717% hoop=74MPa
  [2337] OK     f=   0.193  a=15.2 b=21.7 gap=19.6 (face=3.2mm) n=[144, 176, 216, 222, 203, 216, 63, 202, 50]  tape=0.193km B=10.03T unif=0.664% hoop=74MPa
  [2338] viol   f=   0.194  a=15.3 b=21.7 gap=19.6 (face=3.2mm) n=[146, 174, 225, 215, 203, 221, 50, 212, 50]  tape=0.193km B=9.99T unif=0.631% hoop=74MPa
  [2339] OK     f=   0.191  a=15.3 b=21.7 gap=19.6 (face=3.2mm) n=[146, 169, 218, 212, 208, 209, 50, 210, 63]  tape=0.191km B=10.18T unif=0.390% hoop=78MPa
  [2340] viol   f=   0.194  a=15.2 b=21.6 gap=19.6 (face=3.2mm) n=[149, 173, 229, 209, 194, 206, 57, 205, 54]  tape=0.194km B=9.99T unif=0.634% hoop=75MPa
  [2341] viol   f=   0.201  a=15.2 b=21.6 gap=19.6 (face=3.2mm) n=[145, 166, 219, 207, 212, 219, 81, 197, 51]  tape=0.193km B=9.93T unif=0.736% hoop=74MPa
  [2342] OK     f=   0.197  a=15.2 b=21.7 gap=19.6 (face=3.2mm) n=[148, 166, 228, 214, 206, 208, 55, 220, 66]  tape=0.197km B=10.19T unif=0.408% hoop=80MPa
  [2343] OK     f=   0.197  a=15.2 b=21.8 gap=19.6 (face=3.2mm) n=[144, 176, 212, 227, 203, 213, 59, 219, 65]  tape=0.197km B=10.19T unif=0.585% hoop=78MPa
  [a=15 b=22 nt=1469] KSP converged reason: 4, iterations: 1
  [a=15 b=22 nt=1511] KSP converged reason: 4, iterations: 1
  [a=15 b=22 nt=1473] KSP converged reason: 4, iterations: 1
  [a=15 b=22 nt=1508] KSP converged reason: 4, iterations: 1
  [a=15 b=22 nt=1529] KSP converged reason: 4, iterations: 1
  [a=15 b=22 nt=1492] KSP converged reason: 4, iterations: 1
  [a=15 b=22 nt=1465] KSP converged reason: 4, iterations: 1
  [a=15 b=22 nt=1464] KSP converged reason: 4, iterations: 1
  [a=15 b=22 nt=1519] KSP converged reason: 4, iterations: 1
  [a=15 b=22 nt=1468] KSP converged reason: 4, iterations: 1
  [a=15 b=22 nt=1490] KSP converged reason: 4, iterations: 1
  [2344] viol   f=   0.206  a=15.3 b=21.7 gap=19.6 (face=3.2mm) n=[142, 173, 202, 212, 219, 218, 67, 203, 75]  tape=0.195km B=9.93T unif=0.910% hoop=74MPa
  [2345] viol   f=   0.243  a=15.3 b=21.7 gap=19.6 (face=3.2mm) n=[146, 167, 228, 204, 197, 206, 55, 207, 59]  tape=0.193km B=9.84T unif=0.544% hoop=76MPa
  [2346] viol   f=   0.197  a=15.2 b=21.6 gap=19.6 (face=3.2mm) n=[145, 168, 218, 220, 199, 218, 79, 215, 67]  tape=0.196km B=9.98T unif=0.687% hoop=73MPa
  [2347] viol   f=   0.241  a=15.4 b=21.6 gap=19.6 (face=3.2mm) n=[143, 166, 210, 215, 212, 216, 52, 218, 60]  tape=0.191km B=9.84T unif=0.525% hoop=75MPa
  [2348] viol   f=   0.217  a=15.3 b=21.8 gap=19.6 (face=3.2mm) n=[143, 170, 218, 208, 203, 205, 56, 214, 56]  tape=0.190km B=9.88T unif=0.467% hoop=74MPa
  [2349] viol   f=   0.196  a=15.3 b=21.7 gap=19.6 (face=3.2mm) n=[146, 179, 213, 217, 193, 216, 69, 211, 64]  tape=0.194km B=9.96T unif=0.904% hoop=72MPa
  [2350] viol   f=   1.658  a=15.2 b=21.7 gap=19.6 (face=3.2mm) n=[142, 165, 206, 220, 202, 215, 58, 199, 58]  tape=0.190km B=9.80T unif=1.083% hoop=75MPa
  [2351] OK     f=   0.197  a=15.3 b=21.7 gap=19.6 (face=3.2mm) n=[143, 177, 203, 213, 216, 223, 58, 204, 82]  tape=0.197km B=10.09T unif=0.679% hoop=77MPa
  [2352] viol   f=   0.227  a=15.3 b=21.7 gap=19.6 (face=3.2mm) n=[143, 170, 216, 215, 202, 212, 50, 200, 56]  tape=0.188km B=9.86T unif=0.399% hoop=73MPa
  [2353] viol   f=   0.190  a=15.3 b=21.7 gap=19.6 (face=3.2mm) n=[143, 173, 215, 200, 199, 205, 58, 213, 62]  tape=0.189km B=9.98T unif=0.748% hoop=75MPa
  [2354] viol   f=   0.222  a=15.2 b=21.8 gap=19.6 (face=3.2mm) n=[142, 171, 213, 217, 197, 222, 78, 198, 52]  tape=0.194km B=9.88T unif=0.678% hoop=74MPa
  [a=15 b=22 nt=1491] KSP converged reason: 4, iterations: 1
  [a=15 b=22 nt=1464] KSP converged reason: 4, iterations: 1
  [a=15 b=22 nt=1492] KSP converged reason: 4, iterations: 1
  [a=15 b=22 nt=1495] KSP converged reason: 4, iterations: 1
  [a=15 b=22 nt=1508] KSP converged reason: 4, iterations: 1
  [a=15 b=22 nt=1509] KSP converged reason: 4, iterations: 1
  [a=15 b=22 nt=1473] KSP converged reason: 4, iterations: 1
  [a=15 b=22 nt=1490] KSP converged reason: 4, iterations: 1
  [a=15 b=22 nt=1484] KSP converged reason: 4, iterations: 1
  [a=15 b=22 nt=1478] KSP converged reason: 4, iterations: 1
  [a=15 b=22 nt=1492] KSP converged reason: 4, iterations: 1
  [2355] OK     f=   0.195  a=15.3 b=21.7 gap=19.6 (face=3.2mm) n=[148, 181, 218, 220, 191, 217, 71, 203, 60]  tape=0.195km B=10.12T unif=0.843% hoop=73MPa
  [2356] OK     f=   0.196  a=15.3 b=21.7 gap=19.6 (face=3.2mm) n=[148, 172, 229, 210, 197, 206, 71, 211, 51]  tape=0.196km B=10.18T unif=0.418% hoop=77MPa
  [2357] viol   f=   0.194  a=15.3 b=21.5 gap=19.6 (face=3.1mm) n=[145, 173, 216, 210, 207, 209, 71, 217, 60]  tape=0.193km B=9.97T unif=0.800% hoop=73MPa
  [2358] viol   f=  24.159  a=15.2 b=21.7 gap=19.6 (face=3.2mm) n=[147, 177, 210, 219, 192, 211, 55, 202, 51]  tape=0.189km B=9.94T unif=1.346% hoop=74MPa
  [2359] viol   f=   0.193  a=15.3 b=21.7 gap=19.6 (face=3.2mm) n=[146, 174, 220, 209, 193, 215, 52, 222, 61]  tape=0.193km B=9.99T unif=0.574% hoop=75MPa
  [2360] viol   f=   5.045  a=15.3 b=21.7 gap=19.6 (face=3.2mm) n=[148, 168, 224, 210, 193, 216, 65, 211, 56]  tape=0.194km B=10.03T unif=1.156% hoop=77MPa
  [2361] viol   f=   0.195  a=15.2 b=21.6 gap=19.6 (face=3.2mm) n=[142, 172, 213, 199, 205, 209, 59, 216, 58]  tape=0.189km B=9.94T unif=0.682% hoop=75MPa
  [2362] OK     f=   0.190  a=15.3 b=21.5 gap=19.6 (face=3.2mm) n=[144, 173, 216, 205, 200, 214, 50, 215, 73]  tape=0.190km B=10.03T unif=0.547% hoop=75MPa
  [2363] OK     f=   0.192  a=15.3 b=21.7 gap=19.6 (face=3.2mm) n=[145, 172, 215, 201, 203, 220, 52, 210, 66]  tape=0.192km B=10.08T unif=0.721% hoop=78MPa
  [2364] OK     f=   0.190  a=15.3 b=21.7 gap=19.6 (face=3.2mm) n=[145, 172, 213, 206, 208, 215, 50, 202, 67]  tape=0.190km B=10.04T unif=0.573% hoop=75MPa
  [2365] viol   f=   0.193  a=15.3 b=21.7 gap=19.6 (face=3.2mm) n=[146, 173, 217, 208, 195, 205, 68, 219, 61]  tape=0.193km B=9.99T unif=0.897% hoop=75MPa
  [a=15 b=22 nt=1510] KSP converged reason: 4, iterations: 1
  [a=15 b=22 nt=1493] KSP converged reason: 4, iterations: 1
  [a=15 b=22 nt=1460] KSP converged reason: 4, iterations: 1
  [a=15 b=22 nt=1482] KSP converged reason: 4, iterations: 1
  [a=15 b=22 nt=1519] KSP converged reason: 4, iterations: 1
  [a=15 b=22 nt=1483] KSP converged reason: 4, iterations: 1
  [a=15 b=22 nt=1497] KSP converged reason: 4, iterations: 1
  [a=15 b=22 nt=1497] KSP converged reason: 4, iterations: 1
  [a=15 b=21 nt=1473] KSP converged reason: 4, iterations: 1
  [a=15 b=21 nt=1480] KSP converged reason: 4, iterations: 1
  [a=15 b=22 nt=1488] KSP converged reason: 4, iterations: 1
  [2366] viol   f=   0.492  a=15.4 b=21.7 gap=19.6 (face=3.2mm) n=[144, 178, 198, 217, 211, 219, 65, 202, 85]  tape=0.197km B=10.14T unif=1.038% hoop=78MPa
  [2367] viol   f=   3.332  a=15.2 b=21.6 gap=19.6 (face=3.2mm) n=[143, 174, 201, 211, 200, 215, 56, 217, 66]  tape=0.190km B=9.99T unif=1.125% hoop=76MPa
  [2368] OK     f=   0.199  a=15.3 b=21.8 gap=19.6 (face=3.2mm) n=[144, 176, 212, 215, 203, 233, 55, 214, 58]  tape=0.199km B=10.20T unif=0.635% hoop=80MPa
  [2369] viol   f=  11.699  a=15.3 b=21.5 gap=19.6 (face=3.2mm) n=[144, 171, 216, 192, 207, 209, 57, 208, 78]  tape=0.191km B=9.86T unif=1.239% hoop=74MPa
  [2370] viol   f=   0.260  a=15.3 b=21.7 gap=19.6 (face=3.2mm) n=[144, 177, 225, 195, 198, 209, 51, 204, 57]  tape=0.191km B=9.82T unif=0.684% hoop=74MPa
  [2371] OK     f=   0.191  a=15.2 b=21.6 gap=19.6 (face=3.2mm) n=[146, 169, 217, 208, 220, 217, 51, 213, 52]  tape=0.191km B=10.00T unif=0.790% hoop=74MPa
  [2372] viol   f=   0.229  a=15.2 b=21.7 gap=19.6 (face=3.2mm) n=[142, 177, 209, 207, 209, 228, 55, 215, 55]  tape=0.195km B=9.87T unif=0.757% hoop=76MPa
  [2373] OK     f=   0.193  a=15.4 b=21.8 gap=19.6 (face=3.2mm) n=[142, 172, 206, 208, 206, 216, 61, 211, 75]  tape=0.193km B=10.01T unif=0.704% hoop=76MPa
  [2374] OK     f=   0.188  a=15.2 b=21.5 gap=19.6 (face=3.1mm) n=[144, 171, 214, 202, 196, 212, 64, 214, 56]  tape=0.188km B=10.09T unif=0.650% hoop=75MPa
  [2375] OK     f=   0.189  a=15.2 b=21.5 gap=19.6 (face=3.2mm) n=[146, 175, 216, 206, 202, 214, 50, 204, 67]  tape=0.189km B=10.27T unif=0.535% hoop=80MPa
  [2376] viol   f=   6.081  a=15.3 b=21.6 gap=19.6 (face=3.2mm) n=[143, 172, 211, 187, 209, 211, 64, 202, 89]  tape=0.191km B=9.97T unif=1.172% hoop=77MPa
  [a=15 b=22 nt=1462] KSP converged reason: 4, iterations: 1
  [a=15 b=22 nt=1482] KSP converged reason: 4, iterations: 1
  [a=15 b=22 nt=1510] KSP converged reason: 4, iterations: 1
  [a=15 b=22 nt=1482] KSP converged reason: 4, iterations: 1
  [a=15 b=21 nt=1489] KSP converged reason: 4, iterations: 1
  [a=15 b=22 nt=1482] KSP converged reason: 4, iterations: 1
  [a=15 b=21 nt=1479] KSP converged reason: 4, iterations: 1
  [a=15 b=22 nt=1494] KSP converged reason: 4, iterations: 1
  [a=15 b=22 nt=1481] KSP converged reason: 4, iterations: 1
  [a=15 b=21 nt=1477] KSP converged reason: 4, iterations: 1
  [a=15 b=22 nt=1499] KSP converged reason: 4, iterations: 1
  [2377] OK     f=   0.189  a=15.1 b=21.4 gap=19.6 (face=3.1mm) n=[147, 170, 218, 205, 207, 218, 65, 208, 51]  tape=0.189km B=10.15T unif=0.834% hoop=76MPa
  [2378] viol   f=   0.331  a=15.1 b=21.6 gap=19.6 (face=3.2mm) n=[146, 169, 219, 203, 196, 212, 57, 209, 51]  tape=0.188km B=10.04T unif=1.027% hoop=76MPa
  [2379] OK     f=   0.190  a=15.2 b=21.6 gap=19.6 (face=3.2mm) n=[147, 178, 217, 211, 209, 212, 54, 199, 55]  tape=0.190km B=10.10T unif=0.778% hoop=75MPa
  [2380] OK     f=   0.190  a=15.1 b=21.5 gap=19.6 (face=3.1mm) n=[145, 166, 221, 206, 203, 216, 57, 212, 56]  tape=0.190km B=10.03T unif=0.734% hoop=76MPa
  [2381] OK     f=   0.189  a=15.1 b=21.5 gap=19.6 (face=3.2mm) n=[145, 172, 216, 211, 200, 219, 52, 212, 55]  tape=0.189km B=10.19T unif=0.499% hoop=76MPa
  [2382] OK     f=   0.196  a=15.2 b=21.5 gap=19.6 (face=3.2mm) n=[147, 170, 215, 206, 206, 226, 61, 211, 68]  tape=0.196km B=10.11T unif=0.974% hoop=77MPa
  [2383] viol   f=   9.787  a=15.2 b=21.5 gap=19.6 (face=3.2mm) n=[146, 172, 211, 209, 210, 215, 51, 204, 61]  tape=0.188km B=9.87T unif=1.219% hoop=90MPa
  [2384] viol   f=  14.745  a=15.2 b=21.5 gap=19.6 (face=3.2mm) n=[146, 176, 212, 208, 203, 218, 57, 209, 65]  tape=0.191km B=9.99T unif=1.270% hoop=72MPa
  [2385] viol   f=   0.193  a=15.2 b=21.5 gap=19.6 (face=3.1mm) n=[146, 170, 225, 198, 200, 212, 56, 218, 56]  tape=0.192km B=9.97T unif=0.604% hoop=79MPa
  [2386] viol   f=   0.191  a=15.1 b=21.4 gap=19.6 (face=3.1mm) n=[146, 174, 222, 201, 209, 212, 52, 203, 58]  tape=0.189km B=9.97T unif=0.678% hoop=77MPa
  [2387] viol   f=   0.198  a=15.1 b=21.7 gap=19.6 (face=3.2mm) n=[146, 174, 210, 216, 213, 228, 50, 203, 59]  tape=0.195km B=9.96T unif=0.934% hoop=75MPa
  [a=15 b=21 nt=1495] KSP converged reason: 4, iterations: 1
  [a=15 b=21 nt=1482] KSP converged reason: 4, iterations: 1
  [a=15 b=21 nt=1488] KSP converged reason: 4, iterations: 1
  [a=15 b=22 nt=1484] KSP converged reason: 4, iterations: 1
  [a=15 b=22 nt=1485] KSP converged reason: 4, iterations: 1
  [a=15 b=22 nt=1487] KSP converged reason: 4, iterations: 1
  [a=15 b=22 nt=1491] KSP converged reason: 4, iterations: 1
  [a=15 b=22 nt=1496] KSP converged reason: 4, iterations: 1
  [a=15 b=22 nt=1480] KSP converged reason: 4, iterations: 1
  [a=15 b=21 nt=1516] KSP converged reason: 4, iterations: 1
  [a=15 b=21 nt=1494] KSP converged reason: 4, iterations: 1
  [2388] OK     f=   0.191  a=15.1 b=21.4 gap=19.6 (face=3.1mm) n=[148, 172, 224, 213, 189, 208, 55, 217, 62]  tape=0.191km B=10.20T unif=0.457% hoop=77MPa
  [2389] OK     f=   0.192  a=15.2 b=21.6 gap=19.6 (face=3.2mm) n=[147, 171, 224, 208, 200, 217, 61, 205, 52]  tape=0.192km B=10.02T unif=0.428% hoop=78MPa
  [2390] viol   f=   2.446  a=15.2 b=21.3 gap=19.6 (face=3.1mm) n=[151, 166, 233, 205, 200, 208, 55, 213, 51]  tape=0.193km B=10.25T unif=1.106% hoop=80MPa
  [2391] OK     f=   0.189  a=15.3 b=21.6 gap=19.6 (face=3.2mm) n=[146, 176, 209, 210, 206, 211, 54, 208, 67]  tape=0.189km B=10.18T unif=0.958% hoop=75MPa
  [2392] OK     f=   0.193  a=15.1 b=21.5 gap=19.6 (face=3.2mm) n=[149, 171, 217, 215, 204, 228, 52, 209, 50]  tape=0.193km B=10.23T unif=0.701% hoop=78MPa
  [2393] OK     f=   0.192  a=15.1 b=21.6 gap=19.6 (face=3.2mm) n=[147, 167, 223, 207, 200, 209, 54, 214, 63]  tape=0.192km B=10.14T unif=0.822% hoop=78MPa
  [2394] OK     f=   0.191  a=15.1 b=21.6 gap=19.6 (face=3.1mm) n=[147, 173, 219, 210, 211, 211, 56, 207, 57]  tape=0.191km B=10.04T unif=0.493% hoop=73MPa
  [2395] OK     f=   0.192  a=15.0 b=21.5 gap=19.6 (face=3.1mm) n=[149, 171, 224, 215, 200, 225, 59, 200, 53]  tape=0.192km B=10.11T unif=0.503% hoop=74MPa
  [2396] viol   f=   0.230  a=15.1 b=21.6 gap=19.6 (face=3.2mm) n=[145, 174, 210, 206, 213, 225, 57, 197, 53]  tape=0.192km B=9.91T unif=1.010% hoop=74MPa
  [2397] OK     f=   0.194  a=15.1 b=21.4 gap=19.6 (face=3.1mm) n=[149, 175, 218, 217, 207, 227, 61, 211, 51]  tape=0.194km B=10.20T unif=0.477% hoop=75MPa
  [2398] viol   f=  37.096  a=15.1 b=21.5 gap=19.6 (face=3.2mm) n=[145, 173, 210, 204, 207, 224, 56, 206, 69]  tape=0.193km B=9.89T unif=1.429% hoop=73MPa
  [a=15 b=22 nt=1477] KSP converged reason: 4, iterations: 1
  [a=15 b=22 nt=1502] KSP converged reason: 4, iterations: 1
  [a=15 b=22 nt=1492] KSP converged reason: 4, iterations: 1
  [a=15 b=21 nt=1484] KSP converged reason: 4, iterations: 1
  [a=15 b=22 nt=1513] KSP converged reason: 4, iterations: 1
  [a=15 b=22 nt=1489] KSP converged reason: 4, iterations: 1
  [a=15 b=21 nt=1544] KSP converged reason: 4, iterations: 1
  [a=15 b=22 nt=1470] KSP converged reason: 4, iterations: 1
  [a=15 b=22 nt=1497] KSP converged reason: 4, iterations: 1
  [a=15 b=22 nt=1474] KSP converged reason: 4, iterations: 1
  [a=15 b=21 nt=1472] KSP converged reason: 4, iterations: 1
  [2399] OK     f=   0.192  a=15.0 b=21.5 gap=19.6 (face=3.2mm) n=[147, 171, 217, 214, 206, 223, 50, 211, 63]  tape=0.192km B=10.24T unif=0.371% hoop=79MPa
  [2400] OK     f=   0.192  a=15.3 b=21.8 gap=19.6 (face=3.2mm) n=[148, 177, 215, 219, 199, 219, 50, 206, 59]  tape=0.192km B=10.27T unif=0.670% hoop=77MPa
  [2401] OK     f=   0.191  a=15.2 b=21.6 gap=19.6 (face=3.2mm) n=[148, 178, 215, 216, 205, 219, 54, 204, 50]  tape=0.191km B=10.02T unif=0.826% hoop=76MPa
  [2402] OK     f=   0.194  a=15.2 b=21.6 gap=19.6 (face=3.2mm) n=[148, 175, 222, 217, 198, 215, 68, 213, 57]  tape=0.194km B=10.22T unif=0.609% hoop=78MPa
  [2403] OK     f=   0.189  a=15.1 b=21.5 gap=19.6 (face=3.1mm) n=[147, 176, 218, 206, 202, 208, 56, 215, 56]  tape=0.189km B=10.06T unif=0.800% hoop=73MPa
  [2404] viol   f=   0.193  a=15.2 b=21.5 gap=19.6 (face=3.2mm) n=[147, 173, 222, 205, 199, 212, 50, 217, 52]  tape=0.190km B=9.96T unif=0.809% hoop=77MPa
  [2405] OK     f=   0.189  a=15.2 b=21.6 gap=19.6 (face=3.2mm) n=[146, 175, 216, 204, 203, 200, 62, 209, 55]  tape=0.189km B=10.03T unif=0.920% hoop=77MPa
  [2406] viol   f=   2.659  a=15.1 b=21.5 gap=19.6 (face=3.1mm) n=[151, 169, 230, 210, 205, 219, 66, 221, 73]  tape=0.200km B=10.23T unif=1.111% hoop=76MPa
  [2407] OK     f=   0.195  a=15.2 b=21.7 gap=19.6 (face=3.2mm) n=[149, 171, 227, 207, 199, 210, 52, 221, 61]  tape=0.195km B=10.27T unif=0.384% hoop=79MPa
  [2408] viol   f=   0.190  a=15.2 b=21.8 gap=19.6 (face=3.2mm) n=[147, 174, 217, 216, 209, 202, 52, 201, 56]  tape=0.190km B=9.99T unif=0.754% hoop=74MPa
  [2409] viol   f=  24.124  a=15.2 b=21.4 gap=19.6 (face=3.1mm) n=[144, 171, 213, 200, 195, 205, 54, 221, 69]  tape=0.190km B=9.86T unif=1.346% hoop=74MPa
  [a=15 b=21 nt=1474] KSP converged reason: 4, iterations: 1
  [a=15 b=21 nt=1447] KSP converged reason: 4, iterations: 1
  [a=15 b=22 nt=1502] KSP converged reason: 4, iterations: 1
  [a=15 b=22 nt=1477] KSP converged reason: 4, iterations: 1
  [a=15 b=22 nt=1491] KSP converged reason: 4, iterations: 1
  [a=15 b=22 nt=1519] KSP converged reason: 4, iterations: 1
  [a=15 b=22 nt=1467] KSP converged reason: 4, iterations: 1
  [a=15 b=22 nt=1492] KSP converged reason: 4, iterations: 1
  [a=15 b=22 nt=1489] KSP converged reason: 4, iterations: 1
  [a=15 b=21 nt=1485] KSP converged reason: 4, iterations: 1
  [a=15 b=22 nt=1473] KSP converged reason: 4, iterations: 1
  [2410] OK     f=   0.197  a=15.2 b=21.6 gap=19.6 (face=3.2mm) n=[149, 171, 225, 206, 210, 210, 64, 214, 70]  tape=0.197km B=10.05T unif=0.736% hoop=75MPa
  [2411] OK     f=   0.191  a=15.1 b=21.6 gap=19.6 (face=3.2mm) n=[146, 177, 215, 212, 202, 214, 58, 216, 62]  tape=0.191km B=10.32T unif=0.688% hoop=76MPa
  [2412] viol   f=   8.970  a=15.1 b=21.4 gap=19.6 (face=3.1mm) n=[150, 176, 225, 208, 193, 207, 55, 208, 52]  tape=0.190km B=10.12T unif=1.210% hoop=74MPa
  [2413] viol   f= 223.963  a=15.2 b=21.6 gap=19.6 (face=3.2mm) n=[150, 180, 214, 212, 202, 205, 50, 214, 50]  tape=0.187km B=10.00T unif=2.058% hoop=71MPa
  [2414] viol   f=   7.298  a=15.2 b=21.4 gap=19.6 (face=3.1mm) n=[148, 172, 221, 195, 201, 192, 51, 210, 57]  tape=0.187km B=10.14T unif=1.189% hoop=78MPa
  [2415] OK     f=   0.193  a=15.2 b=21.6 gap=19.6 (face=3.2mm) n=[148, 174, 224, 208, 202, 209, 51, 212, 63]  tape=0.193km B=10.27T unif=0.464% hoop=81MPa
  [2416] OK     f=   0.187  a=15.2 b=21.6 gap=19.6 (face=3.2mm) n=[143, 175, 215, 207, 200, 210, 51, 210, 56]  tape=0.187km B=10.15T unif=0.785% hoop=76MPa
  [2417] OK     f=   0.193  a=15.2 b=21.7 gap=19.6 (face=3.2mm) n=[147, 180, 222, 207, 207, 198, 66, 211, 54]  tape=0.193km B=10.22T unif=0.634% hoop=79MPa
  [2418] OK     f=   0.190  a=15.2 b=21.7 gap=19.6 (face=3.2mm) n=[146, 179, 213, 215, 201, 211, 60, 208, 56]  tape=0.190km B=10.05T unif=0.903% hoop=72MPa
  [2419] viol   f=  62.880  a=15.1 b=21.5 gap=19.6 (face=3.1mm) n=[149, 173, 219, 209, 204, 206, 55, 213, 57]  tape=0.190km B=10.06T unif=1.560% hoop=74MPa
  [2420] viol   f=   0.191  a=15.2 b=21.5 gap=19.6 (face=3.2mm) n=[148, 174, 223, 207, 206, 198, 59, 206, 52]  tape=0.191km B=9.99T unif=0.953% hoop=75MPa
  [a=15 b=22 nt=1491] KSP converged reason: 4, iterations: 1
  [a=15 b=22 nt=1479] KSP converged reason: 4, iterations: 1
  [a=15 b=22 nt=1473] KSP converged reason: 4, iterations: 1
  [a=15 b=22 nt=1477] KSP converged reason: 4, iterations: 1
  [a=15 b=22 nt=1508] KSP converged reason: 4, iterations: 1
  [a=15 b=22 nt=1487] KSP converged reason: 4, iterations: 1
  [a=15 b=22 nt=1474] KSP converged reason: 4, iterations: 1
  [a=15 b=22 nt=1461] KSP converged reason: 4, iterations: 1
  [a=15 b=22 nt=1474] KSP converged reason: 4, iterations: 1
  [a=15 b=22 nt=1461] KSP converged reason: 4, iterations: 1
  [a=15 b=22 nt=1521] KSP converged reason: 4, iterations: 1
  [2421] OK     f=   0.192  a=15.2 b=21.7 gap=19.6 (face=3.2mm) n=[145, 174, 218, 204, 209, 194, 68, 214, 61]  tape=0.192km B=10.03T unif=0.658% hoop=75MPa
  [2422] viol   f=   0.192  a=15.2 b=21.6 gap=19.6 (face=3.2mm) n=[144, 173, 217, 208, 207, 206, 58, 201, 59]  tape=0.189km B=9.96T unif=0.698% hoop=73MPa
  [2423] OK     f=   0.192  a=15.1 b=21.5 gap=19.6 (face=3.2mm) n=[145, 178, 220, 210, 190, 205, 55, 213, 75]  tape=0.192km B=10.17T unif=0.658% hoop=75MPa
  [2424] OK     f=   0.193  a=15.1 b=21.7 gap=19.6 (face=3.2mm) n=[147, 178, 216, 215, 198, 213, 52, 214, 75]  tape=0.193km B=10.25T unif=0.709% hoop=75MPa
  [2425] viol   f=   0.190  a=15.2 b=21.6 gap=19.6 (face=3.2mm) n=[146, 175, 217, 212, 204, 214, 51, 208, 50]  tape=0.188km B=9.97T unif=0.647% hoop=76MPa
  [2426] viol   f=   0.206  a=15.2 b=21.6 gap=19.6 (face=3.2mm) n=[143, 178, 220, 213, 195, 219, 50, 211, 50]  tape=0.190km B=9.91T unif=0.848% hoop=73MPa
  [2427] viol   f=   0.226  a=15.2 b=21.6 gap=19.6 (face=3.2mm) n=[143, 175, 214, 207, 202, 206, 57, 213, 57]  tape=0.188km B=9.86T unif=0.676% hoop=75MPa
  [2428] viol   f=   0.208  a=15.1 b=21.5 gap=19.6 (face=3.2mm) n=[144, 173, 220, 201, 197, 201, 57, 208, 60]  tape=0.189km B=9.90T unif=0.581% hoop=74MPa
  [2429] viol   f=   0.190  a=15.2 b=21.5 gap=19.6 (face=3.2mm) n=[144, 179, 211, 216, 188, 216, 58, 207, 55]  tape=0.188km B=9.97T unif=0.815% hoop=76MPa
  [2430] viol   f=   0.211  a=15.3 b=21.7 gap=19.6 (face=3.2mm) n=[143, 181, 210, 212, 193, 213, 50, 208, 51]  tape=0.187km B=9.89T unif=0.823% hoop=73MPa
  [2431] OK     f=   0.196  a=15.1 b=21.6 gap=19.6 (face=3.1mm) n=[146, 184, 221, 211, 189, 207, 77, 213, 73]  tape=0.196km B=10.19T unif=0.873% hoop=76MPa
  [a=15 b=21 nt=1480] KSP converged reason: 4, iterations: 1
  [a=15 b=21 nt=1454] KSP converged reason: 4, iterations: 1
  [a=15 b=21 nt=1452] KSP converged reason: 4, iterations: 1
  [a=15 b=22 nt=1473] KSP converged reason: 4, iterations: 1
  [a=15 b=22 nt=1480] KSP converged reason: 4, iterations: 1
  [a=15 b=22 nt=1460] KSP converged reason: 4, iterations: 1
  [a=15 b=22 nt=1485] KSP converged reason: 4, iterations: 1
  [a=15 b=22 nt=1478] KSP converged reason: 4, iterations: 1
  [a=15 b=21 nt=1501] KSP converged reason: 4, iterations: 1
  [a=15 b=21 nt=1489] KSP converged reason: 4, iterations: 1
  [a=15 b=21 nt=1496] KSP converged reason: 4, iterations: 1
  [2432] viol   f=   8.395  a=15.2 b=21.5 gap=19.6 (face=3.2mm) n=[144, 170, 216, 201, 198, 201, 50, 220, 54]  tape=0.187km B=9.68T unif=1.200% hoop=72MPa
  [2433] OK     f=   0.190  a=15.1 b=21.5 gap=19.6 (face=3.2mm) n=[149, 176, 224, 212, 186, 217, 50, 212, 54]  tape=0.190km B=10.26T unif=0.429% hoop=77MPa
  [2434] OK     f=   0.185  a=15.3 b=21.5 gap=19.6 (face=3.2mm) n=[144, 177, 212, 205, 188, 208, 53, 213, 52]  tape=0.185km B=10.15T unif=0.650% hoop=81MPa
  [2435] viol   f=   0.221  a=15.3 b=21.6 gap=19.6 (face=3.2mm) n=[147, 176, 216, 214, 192, 216, 57, 200, 55]  tape=0.189km B=9.99T unif=1.013% hoop=74MPa
  [2436] OK     f=   0.189  a=15.1 b=21.7 gap=19.6 (face=3.2mm) n=[142, 177, 210, 212, 196, 211, 54, 206, 72]  tape=0.189km B=10.12T unif=0.653% hoop=76MPa
  [2437] viol   f=   0.215  a=15.2 b=21.6 gap=19.6 (face=3.2mm) n=[143, 174, 213, 215, 195, 207, 53, 209, 51]  tape=0.187km B=9.88T unif=0.588% hoop=76MPa
  [2438] OK     f=   0.194  a=15.3 b=21.6 gap=19.6 (face=3.2mm) n=[149, 178, 230, 216, 184, 208, 56, 213, 51]  tape=0.194km B=10.22T unif=0.570% hoop=82MPa
  [2439] OK     f=   0.192  a=15.3 b=21.6 gap=19.6 (face=3.2mm) n=[149, 177, 224, 210, 194, 209, 50, 209, 56]  tape=0.192km B=10.31T unif=0.449% hoop=79MPa
  [2440] OK     f=   0.191  a=15.0 b=21.4 gap=19.6 (face=3.1mm) n=[147, 178, 218, 213, 200, 214, 64, 203, 64]  tape=0.191km B=10.16T unif=0.800% hoop=72MPa
  [2441] viol   f=   0.188  a=15.1 b=21.4 gap=19.6 (face=3.2mm) n=[143, 170, 214, 213, 200, 211, 68, 212, 58]  tape=0.188km B=9.99T unif=0.455% hoop=73MPa
  [2442] viol   f=   0.191  a=15.1 b=21.4 gap=19.6 (face=3.2mm) n=[143, 174, 216, 218, 189, 223, 59, 211, 63]  tape=0.191km B=10.00T unif=0.513% hoop=74MPa
  [a=15 b=22 nt=1508] KSP converged reason: 4, iterations: 1
  [a=15 b=21 nt=1469] KSP converged reason: 4, iterations: 1
  [a=15 b=21 nt=1446] KSP converged reason: 4, iterations: 1
  [a=15 b=21 nt=1467] KSP converged reason: 4, iterations: 1
  [a=15 b=22 nt=1449] KSP converged reason: 4, iterations: 1
  [a=15 b=22 nt=1462] KSP converged reason: 4, iterations: 1
  [a=15 b=21 nt=1474] KSP converged reason: 4, iterations: 1
  [a=15 b=22 nt=1457] KSP converged reason: 4, iterations: 1
  [a=15 b=21 nt=1475] KSP converged reason: 4, iterations: 1
  [a=15 b=22 nt=1503] KSP converged reason: 4, iterations: 1
  [a=15 b=21 nt=1495] KSP converged reason: 4, iterations: 1
  [2443] viol   f=   0.203  a=15.3 b=21.6 gap=19.6 (face=3.2mm) n=[144, 180, 210, 211, 185, 213, 50, 200, 56]  tape=0.186km B=9.91T unif=0.968% hoop=77MPa
  [2444] viol   f=   0.218  a=15.2 b=21.6 gap=19.6 (face=3.2mm) n=[143, 170, 219, 208, 197, 218, 73, 214, 66]  tape=0.194km B=9.89T unif=0.685% hoop=74MPa
  [2445] viol   f=   0.245  a=15.2 b=21.4 gap=19.6 (face=3.2mm) n=[143, 171, 213, 200, 202, 205, 51, 207, 54]  tape=0.184km B=9.82T unif=0.928% hoop=73MPa
  [2446] OK     f=   0.186  a=15.1 b=21.4 gap=19.6 (face=3.2mm) n=[141, 178, 200, 214, 198, 217, 54, 213, 52]  tape=0.186km B=10.11T unif=0.867% hoop=79MPa
  [2447] OK     f=   0.188  a=15.1 b=21.4 gap=19.6 (face=3.2mm) n=[144, 166, 219, 202, 197, 212, 53, 214, 62]  tape=0.188km B=10.04T unif=0.664% hoop=76MPa
  [2448] viol   f=   0.200  a=15.3 b=21.6 gap=19.6 (face=3.2mm) n=[143, 179, 211, 206, 197, 211, 63, 198, 54]  tape=0.187km B=9.92T unif=0.856% hoop=73MPa
  [2449] OK     f=   0.188  a=15.1 b=21.5 gap=19.6 (face=3.2mm) n=[141, 176, 208, 208, 195, 214, 67, 212, 53]  tape=0.188km B=10.03T unif=0.718% hoop=75MPa
  [2450] viol   f=   0.265  a=15.2 b=21.6 gap=19.6 (face=3.2mm) n=[139, 175, 207, 204, 191, 207, 62, 211, 61]  tape=0.186km B=9.80T unif=0.895% hoop=71MPa
  [2451] viol   f=   0.196  a=15.2 b=21.3 gap=19.6 (face=3.2mm) n=[144, 172, 219, 201, 186, 217, 61, 213, 62]  tape=0.189km B=9.94T unif=0.727% hoop=74MPa
  [2452] OK     f=   0.193  a=15.2 b=21.8 gap=19.6 (face=3.2mm) n=[143, 180, 218, 214, 191, 220, 50, 220, 67]  tape=0.193km B=10.05T unif=0.843% hoop=74MPa
  [2453] OK     f=   0.192  a=15.1 b=21.4 gap=19.6 (face=3.2mm) n=[145, 172, 220, 208, 191, 204, 63, 215, 77]  tape=0.192km B=10.04T unif=0.704% hoop=74MPa
  [a=15 b=22 nt=1513] KSP converged reason: 4, iterations: 1
  [a=15 b=21 nt=1458] KSP converged reason: 4, iterations: 1
  [a=15 b=22 nt=1482] KSP converged reason: 4, iterations: 1
  [a=15 b=21 nt=1501] KSP converged reason: 4, iterations: 1
  [a=15 b=22 nt=1466] KSP converged reason: 4, iterations: 1
  [a=15 b=21 nt=1502] KSP converged reason: 4, iterations: 1
  [a=15 b=21 nt=1479] KSP converged reason: 4, iterations: 1
  [a=15 b=21 nt=1488] KSP converged reason: 4, iterations: 1
  [a=15 b=21 nt=1475] KSP converged reason: 4, iterations: 1
  [a=15 b=21 nt=1490] KSP converged reason: 4, iterations: 1
  [a=15 b=21 nt=1461] KSP converged reason: 4, iterations: 1
  [2454] OK     f=   0.194  a=15.2 b=21.5 gap=19.6 (face=3.2mm) n=[142, 176, 212, 209, 206, 221, 75, 217, 55]  tape=0.194km B=10.20T unif=0.775% hoop=77MPa
  [2455] viol   f=   0.230  a=15.1 b=21.5 gap=19.6 (face=3.2mm) n=[140, 178, 199, 221, 200, 211, 52, 204, 61]  tape=0.189km B=9.86T unif=0.833% hoop=74MPa
  [2456] OK     f=   0.189  a=15.3 b=21.5 gap=19.6 (face=3.2mm) n=[142, 181, 204, 216, 201, 211, 52, 212, 63]  tape=0.189km B=10.17T unif=0.932% hoop=76MPa
  [2457] viol   f=   0.193  a=15.1 b=21.5 gap=19.6 (face=3.2mm) n=[143, 170, 216, 209, 195, 220, 52, 219, 77]  tape=0.192km B=9.98T unif=0.565% hoop=77MPa
  [2458] viol   f=   0.266  a=15.0 b=21.3 gap=19.6 (face=3.2mm) n=[142, 170, 209, 208, 210, 223, 60, 220, 60]  tape=0.191km B=9.81T unif=0.725% hoop=72MPa
  [2459] viol   f=   2.383  a=15.0 b=21.3 gap=19.6 (face=3.1mm) n=[139, 172, 202, 204, 193, 214, 51, 222, 61]  tape=0.187km B=9.78T unif=1.102% hoop=74MPa
  [2460] viol   f=   8.761  a=15.1 b=21.4 gap=19.6 (face=3.2mm) n=[147, 167, 217, 210, 200, 213, 57, 218, 59]  tape=0.189km B=10.09T unif=1.207% hoop=76MPa
  [2461] viol   f=   0.190  a=15.1 b=21.4 gap=19.6 (face=3.2mm) n=[142, 173, 203, 218, 203, 225, 53, 212, 50]  tape=0.190km B=9.98T unif=0.639% hoop=76MPa
  [2462] viol   f=   4.978  a=15.1 b=21.4 gap=19.6 (face=3.1mm) n=[144, 174, 208, 206, 207, 197, 59, 215, 65]  tape=0.187km B=10.08T unif=1.155% hoop=75MPa
  [2463] viol   f=   0.193  a=15.0 b=21.2 gap=19.6 (face=3.1mm) n=[142, 176, 208, 208, 203, 225, 62, 216, 50]  tape=0.190km B=9.96T unif=0.683% hoop=74MPa
  [2464] viol   f=   0.550  a=15.1 b=21.4 gap=19.6 (face=3.2mm) n=[139, 175, 201, 211, 195, 206, 56, 221, 57]  tape=0.188km B=9.83T unif=1.039% hoop=75MPa
  [a=15 b=22 nt=1512] KSP converged reason: 4, iterations: 1
  [a=15 b=21 nt=1482] KSP converged reason: 4, iterations: 1
  [a=15 b=21 nt=1476] KSP converged reason: 4, iterations: 1
  [a=15 b=22 nt=1502] KSP converged reason: 4, iterations: 1
  [a=15 b=22 nt=1495] KSP converged reason: 4, iterations: 1
  [a=15 b=21 nt=1475] KSP converged reason: 4, iterations: 1
  [a=15 b=22 nt=1458] KSP converged reason: 4, iterations: 1
  [a=15 b=22 nt=1502] KSP converged reason: 4, iterations: 1
  [a=15 b=21 nt=1503] KSP converged reason: 4, iterations: 1
  [a=15 b=21 nt=1501] KSP converged reason: 4, iterations: 1
  [a=15 b=21 nt=1493] KSP converged reason: 4, iterations: 1
  [2465] OK     f=   0.191  a=15.2 b=21.6 gap=19.6 (face=3.2mm) n=[143, 180, 213, 213, 203, 218, 60, 210, 55]  tape=0.191km B=10.04T unif=0.803% hoop=73MPa
  [2466] viol   f=   0.271  a=15.2 b=21.5 gap=19.6 (face=3.2mm) n=[139, 176, 205, 210, 198, 213, 67, 217, 50]  tape=0.188km B=9.80T unif=0.873% hoop=72MPa
  [2467] OK     f=   0.196  a=15.2 b=21.5 gap=19.6 (face=3.2mm) n=[146, 178, 211, 231, 202, 224, 56, 214, 50]  tape=0.196km B=10.10T unif=0.445% hoop=77MPa
  [2468] viol   f=   0.702  a=15.1 b=21.5 gap=19.6 (face=3.2mm) n=[142, 179, 211, 209, 197, 220, 54, 218, 52]  tape=0.189km B=10.21T unif=1.051% hoop=77MPa
  [2469] viol   f=   0.243  a=15.1 b=21.4 gap=19.6 (face=3.2mm) n=[139, 175, 196, 212, 196, 228, 67, 213, 50]  tape=0.192km B=9.84T unif=0.988% hoop=77MPa
  [2470] OK     f=   0.193  a=15.1 b=21.5 gap=19.6 (face=3.2mm) n=[149, 181, 221, 223, 193, 219, 51, 197, 68]  tape=0.193km B=10.34T unif=0.645% hoop=75MPa
  [2471] viol   f=   0.261  a=15.2 b=21.6 gap=19.6 (face=3.2mm) n=[141, 178, 199, 219, 205, 207, 52, 206, 51]  tape=0.188km B=9.81T unif=0.955% hoop=74MPa
  [2472] OK     f=   0.195  a=15.2 b=21.6 gap=19.6 (face=3.2mm) n=[143, 183, 205, 222, 192, 229, 59, 215, 54]  tape=0.195km B=10.14T unif=0.781% hoop=78MPa
  [2473] OK     f=   0.193  a=15.3 b=21.4 gap=19.6 (face=3.2mm) n=[143, 177, 207, 214, 202, 223, 56, 215, 66]  tape=0.193km B=10.11T unif=0.655% hoop=78MPa
  [2474] OK     f=   0.192  a=15.2 b=21.4 gap=19.6 (face=3.2mm) n=[142, 178, 207, 213, 209, 220, 58, 223, 51]  tape=0.192km B=10.17T unif=0.839% hoop=78MPa
  [2475] OK     f=   0.193  a=15.2 b=21.4 gap=19.6 (face=3.2mm) n=[146, 172, 213, 229, 191, 219, 62, 211, 50]  tape=0.193km B=10.10T unif=0.421% hoop=76MPa
  [a=15 b=22 nt=1486] KSP converged reason: 4, iterations: 1
  [a=15 b=22 nt=1506] KSP converged reason: 4, iterations: 1
  [a=15 b=21 nt=1487] KSP converged reason: 4, iterations: 1
  [a=15 b=22 nt=1491] KSP converged reason: 4, iterations: 1
  [a=15 b=22 nt=1548] KSP converged reason: 4, iterations: 1
  [a=15 b=22 nt=1464] KSP converged reason: 4, iterations: 1
  [a=15 b=21 nt=1494] KSP converged reason: 4, iterations: 1
  [a=15 b=22 nt=1475] KSP converged reason: 4, iterations: 1
  [a=15 b=22 nt=1481] KSP converged reason: 4, iterations: 1
  [a=15 b=22 nt=1510] KSP converged reason: 4, iterations: 1
  [a=15 b=22 nt=1459] KSP converged reason: 4, iterations: 1
  [2476] OK     f=   0.189  a=15.3 b=21.6 gap=19.6 (face=3.2mm) n=[144, 176, 218, 205, 193, 202, 52, 211, 63]  tape=0.189km B=10.11T unif=0.569% hoop=78MPa
  [2477] OK     f=   0.198  a=15.2 b=21.6 gap=19.6 (face=3.2mm) n=[145, 181, 211, 222, 216, 223, 90, 209, 51]  tape=0.198km B=10.16T unif=0.644% hoop=73MPa
  [2478] OK     f=   0.193  a=15.2 b=21.5 gap=19.6 (face=3.2mm) n=[142, 179, 210, 213, 197, 226, 65, 209, 50]  tape=0.193km B=10.13T unif=0.744% hoop=77MPa
  [2479] OK     f=   0.194  a=15.2 b=21.6 gap=19.6 (face=3.2mm) n=[144, 183, 210, 223, 200, 221, 71, 202, 52]  tape=0.194km B=10.23T unif=0.967% hoop=75MPa
  [2480] OK     f=   0.191  a=15.1 b=21.4 gap=19.6 (face=3.2mm) n=[148, 177, 224, 215, 191, 215, 55, 203, 59]  tape=0.191km B=10.07T unif=0.517% hoop=74MPa
  [2481] OK     f=   0.192  a=15.3 b=21.5 gap=19.6 (face=3.2mm) n=[143, 174, 216, 211, 196, 225, 51, 220, 50]  tape=0.192km B=10.13T unif=0.675% hoop=78MPa
  [2482] OK     f=   0.190  a=15.2 b=21.4 gap=19.6 (face=3.2mm) n=[149, 174, 220, 218, 205, 215, 56, 207, 50]  tape=0.190km B=10.33T unif=0.588% hoop=76MPa
  [2483] viol   f=   0.207  a=15.2 b=21.5 gap=19.6 (face=3.2mm) n=[141, 179, 202, 221, 207, 214, 55, 206, 50]  tape=0.189km B=9.91T unif=0.709% hoop=74MPa
  [2484] OK     f=   0.192  a=15.3 b=21.6 gap=19.6 (face=3.2mm) n=[144, 184, 211, 221, 183, 222, 57, 198, 61]  tape=0.192km B=10.02T unif=0.832% hoop=74MPa
  [2485] OK     f=   0.194  a=15.3 b=21.5 gap=19.6 (face=3.2mm) n=[144, 178, 215, 217, 200, 221, 57, 212, 66]  tape=0.194km B=10.06T unif=0.718% hoop=74MPa
  [2486] viol   f=  36.865  a=15.1 b=21.7 gap=19.6 (face=3.2mm) n=[139, 182, 206, 205, 200, 213, 53, 211, 50]  tape=0.186km B=10.22T unif=1.428% hoop=80MPa
  [a=15 b=22 nt=1488] KSP converged reason: 4, iterations: 1
  [a=15 b=21 nt=1486] KSP converged reason: 4, iterations: 1
  [a=15 b=22 nt=1493] KSP converged reason: 4, iterations: 1
  [a=15 b=22 nt=1497] KSP converged reason: 4, iterations: 1
  [a=15 b=22 nt=1503] KSP converged reason: 4, iterations: 1
  [a=15 b=22 nt=1479] KSP converged reason: 4, iterations: 1
  [a=15 b=21 nt=1479] KSP converged reason: 4, iterations: 1
  [a=15 b=22 nt=1473] KSP converged reason: 4, iterations: 1
  [a=15 b=22 nt=1481] KSP converged reason: 4, iterations: 1
  [a=15 b=22 nt=1461] KSP converged reason: 4, iterations: 1
  [a=15 b=21 nt=1469] KSP converged reason: 4, iterations: 1
  [2487] viol   f=   0.189  a=15.2 b=21.4 gap=19.6 (face=3.2mm) n=[147, 170, 221, 212, 194, 221, 51, 217, 53]  tape=0.189km B=9.99T unif=0.874% hoop=75MPa
  [2488] OK     f=   0.194  a=15.3 b=21.6 gap=19.6 (face=3.2mm) n=[150, 172, 230, 214, 194, 215, 50, 213, 50]  tape=0.194km B=10.08T unif=0.559% hoop=76MPa
  [2489] viol   f=   0.201  a=15.3 b=21.6 gap=19.6 (face=3.2mm) n=[141, 177, 209, 207, 198, 200, 73, 213, 61]  tape=0.190km B=9.92T unif=0.895% hoop=72MPa
  [2490] viol   f=   0.224  a=15.1 b=21.5 gap=19.6 (face=3.2mm) n=[141, 177, 206, 222, 192, 216, 77, 212, 60]  tape=0.194km B=9.88T unif=0.872% hoop=73MPa
  [2491] OK     f=   0.192  a=15.3 b=21.5 gap=19.6 (face=3.2mm) n=[146, 170, 221, 210, 205, 206, 56, 220, 59]  tape=0.192km B=10.20T unif=0.487% hoop=78MPa
  [2492] OK     f=   0.193  a=15.3 b=21.5 gap=19.6 (face=3.2mm) n=[146, 182, 211, 222, 194, 217, 55, 206, 64]  tape=0.193km B=10.12T unif=0.819% hoop=75MPa
  [2493] OK     f=   0.192  a=15.3 b=21.5 gap=19.6 (face=3.2mm) n=[147, 175, 222, 209, 187, 203, 55, 207, 74]  tape=0.192km B=10.14T unif=0.559% hoop=81MPa
  [2494] viol   f=   0.199  a=15.3 b=21.5 gap=19.6 (face=3.2mm) n=[146, 171, 216, 211, 199, 208, 53, 208, 61]  tape=0.189km B=9.95T unif=1.005% hoop=74MPa
  [2495] OK     f=   0.192  a=15.3 b=21.7 gap=19.6 (face=3.2mm) n=[148, 181, 222, 210, 205, 209, 50, 205, 51]  tape=0.192km B=10.05T unif=0.785% hoop=78MPa
  [2496] OK     f=   0.188  a=15.3 b=21.6 gap=19.6 (face=3.2mm) n=[144, 174, 217, 209, 194, 204, 56, 213, 50]  tape=0.188km B=10.04T unif=0.555% hoop=79MPa
  [2497] OK     f=   0.188  a=15.2 b=21.5 gap=19.6 (face=3.2mm) n=[145, 174, 219, 205, 193, 211, 58, 212, 52]  tape=0.188km B=10.11T unif=0.585% hoop=77MPa
  [a=15 b=21 nt=1487] KSP converged reason: 4, iterations: 1
  [a=15 b=22 nt=1526] KSP converged reason: 4, iterations: 1
  [a=15 b=22 nt=1502] KSP converged reason: 4, iterations: 1
  [a=15 b=21 nt=1486] KSP converged reason: 4, iterations: 1
  [a=15 b=21 nt=1480] KSP converged reason: 4, iterations: 1
  [a=15 b=21 nt=1473] KSP converged reason: 4, iterations: 1
  [a=15 b=22 nt=1488] KSP converged reason: 4, iterations: 1
  [a=15 b=21 nt=1489] KSP converged reason: 4, iterations: 1
  [a=15 b=22 nt=1458] KSP converged reason: 4, iterations: 1
  [a=15 b=22 nt=1482] KSP converged reason: 4, iterations: 1
  [a=15 b=21 nt=1454] KSP converged reason: 4, iterations: 1
  [2498] OK     f=   0.198  a=15.1 b=21.5 gap=19.6 (face=3.2mm) n=[146, 174, 218, 219, 197, 228, 73, 210, 61]  tape=0.198km B=10.06T unif=0.632% hoop=73MPa
  [2499] OK     f=   0.192  a=15.1 b=21.4 gap=19.6 (face=3.2mm) n=[146, 173, 224, 209, 188, 211, 54, 217, 65]  tape=0.192km B=10.18T unif=0.534% hoop=80MPa
  [2500] viol   f=   0.192  a=15.3 b=21.5 gap=19.6 (face=3.2mm) n=[147, 174, 224, 208, 183, 215, 61, 223, 51]  tape=0.192km B=9.99T unif=0.548% hoop=78MPa
  [2501] viol   f=   0.197  a=15.2 b=21.4 gap=19.6 (face=3.2mm) n=[146, 171, 222, 204, 193, 206, 50, 219, 62]  tape=0.190km B=9.94T unif=0.788% hoop=78MPa
  [2502] OK     f=   0.196  a=15.2 b=21.6 gap=19.6 (face=3.2mm) n=[147, 171, 230, 209, 192, 211, 51, 220, 71]  tape=0.196km B=10.23T unif=0.592% hoop=78MPa
  [2503] OK     f=   0.188  a=15.2 b=21.4 gap=19.6 (face=3.2mm) n=[147, 173, 217, 214, 199, 216, 50, 205, 59]  tape=0.188km B=10.02T unif=0.863% hoop=73MPa
  [2504] OK     f=   0.193  a=15.2 b=21.6 gap=19.6 (face=3.2mm) n=[146, 175, 224, 207, 193, 207, 52, 218, 66]  tape=0.193km B=10.24T unif=0.526% hoop=79MPa
  [2505] OK     f=   0.191  a=15.3 b=21.5 gap=19.6 (face=3.2mm) n=[146, 180, 217, 211, 186, 210, 61, 211, 67]  tape=0.191km B=10.03T unif=0.910% hoop=73MPa
  [2506] viol   f=   0.246  a=15.3 b=21.6 gap=19.6 (face=3.2mm) n=[142, 173, 213, 209, 198, 207, 54, 209, 53]  tape=0.186km B=9.83T unif=0.530% hoop=73MPa
  [2507] viol   f=   0.315  a=15.3 b=21.6 gap=19.6 (face=3.2mm) n=[142, 177, 205, 210, 205, 212, 55, 224, 52]  tape=0.192km B=9.75T unif=0.991% hoop=74MPa
  [2508] viol   f=   0.783  a=15.2 b=21.5 gap=19.6 (face=3.2mm) n=[144, 171, 218, 203, 190, 206, 53, 219, 50]  tape=0.187km B=9.68T unif=1.044% hoop=72MPa
  [a=15 b=21 nt=1477] KSP converged reason: 4, iterations: 1
  [a=15 b=21 nt=1468] KSP converged reason: 4, iterations: 1
  [a=15 b=21 nt=1480] KSP converged reason: 4, iterations: 1
  [a=15 b=21 nt=1482] KSP converged reason: 4, iterations: 1
  [a=15 b=22 nt=1502] KSP converged reason: 4, iterations: 1
  [a=15 b=21 nt=1492] KSP converged reason: 4, iterations: 1
  [a=15 b=22 nt=1510] KSP converged reason: 4, iterations: 1
  [a=15 b=22 nt=1504] KSP converged reason: 4, iterations: 1
  [a=15 b=22 nt=1474] KSP converged reason: 4, iterations: 1
  [a=15 b=21 nt=1476] KSP converged reason: 4, iterations: 1
  [a=15 b=21 nt=1462] KSP converged reason: 4, iterations: 1
  [2509] OK     f=   0.187  a=15.2 b=21.4 gap=19.6 (face=3.2mm) n=[147, 169, 218, 210, 195, 211, 50, 210, 58]  tape=0.187km B=10.18T unif=0.902% hoop=78MPa
  [2510] OK     f=   0.188  a=15.2 b=21.4 gap=19.6 (face=3.2mm) n=[145, 174, 216, 214, 189, 211, 63, 216, 52]  tape=0.188km B=10.02T unif=0.641% hoop=77MPa
  [2511] OK     f=   0.190  a=15.2 b=21.4 gap=19.6 (face=3.2mm) n=[147, 178, 223, 210, 186, 214, 57, 208, 54]  tape=0.190km B=10.03T unif=0.686% hoop=74MPa
  [2512] OK     f=   0.193  a=15.4 b=21.6 gap=19.6 (face=3.2mm) n=[145, 177, 218, 208, 197, 214, 59, 215, 69]  tape=0.193km B=10.19T unif=0.739% hoop=78MPa
  [2513] OK     f=   0.189  a=15.3 b=21.3 gap=19.6 (face=3.2mm) n=[147, 176, 214, 217, 190, 215, 55, 206, 62]  tape=0.189km B=10.06T unif=0.931% hoop=74MPa
  [2514] OK     f=   0.190  a=15.2 b=21.4 gap=19.6 (face=3.2mm) n=[147, 178, 216, 212, 192, 215, 72, 206, 54]  tape=0.190km B=10.27T unif=0.811% hoop=76MPa
  [2515] viol   f=   5.539  a=15.3 b=21.5 gap=19.6 (face=3.2mm) n=[150, 178, 220, 222, 184, 219, 72, 205, 60]  tape=0.195km B=10.20T unif=1.163% hoop=77MPa
  [2516] OK     f=   0.195  a=15.2 b=21.5 gap=19.6 (face=3.2mm) n=[148, 175, 227, 214, 187, 219, 62, 209, 63]  tape=0.195km B=10.09T unif=0.468% hoop=78MPa
  [2517] OK     f=   0.192  a=15.3 b=21.6 gap=19.6 (face=3.2mm) n=[148, 175, 227, 213, 187, 208, 56, 208, 52]  tape=0.192km B=10.01T unif=0.497% hoop=79MPa
  [2518] OK     f=   0.186  a=15.2 b=21.3 gap=19.6 (face=3.2mm) n=[146, 174, 214, 211, 185, 215, 53, 201, 63]  tape=0.186km B=10.01T unif=0.842% hoop=75MPa
  [2519] OK     f=   0.193  a=15.1 b=21.4 gap=19.6 (face=3.2mm) n=[148, 171, 231, 207, 189, 200, 52, 212, 66]  tape=0.193km B=10.12T unif=0.362% hoop=77MPa
  [a=15 b=21 nt=1460] KSP converged reason: 4, iterations: 1
  [a=15 b=21 nt=1469] KSP converged reason: 4, iterations: 1
  [a=15 b=21 nt=1464] KSP converged reason: 4, iterations: 1
  [a=15 b=21 nt=1464] KSP converged reason: 4, iterations: 1
  [a=15 b=21 nt=1479] KSP converged reason: 4, iterations: 1
  [a=15 b=21 nt=1478] KSP converged reason: 4, iterations: 1
  [a=15 b=21 nt=1470] KSP converged reason: 4, iterations: 1
  [a=15 b=21 nt=1478] KSP converged reason: 4, iterations: 1
  [a=15 b=21 nt=1475] KSP converged reason: 4, iterations: 1
  [a=15 b=21 nt=1475] KSP converged reason: 4, iterations: 1
  [a=15 b=21 nt=1488] KSP converged reason: 4, iterations: 1
  [2520] OK     f=   0.190  a=15.3 b=21.4 gap=19.6 (face=3.2mm) n=[147, 172, 227, 202, 174, 222, 50, 211, 59]  tape=0.190km B=10.08T unif=0.447% hoop=80MPa
  [2521] OK     f=   0.187  a=15.2 b=21.3 gap=19.6 (face=3.2mm) n=[145, 173, 211, 217, 187, 219, 50, 214, 53]  tape=0.187km B=10.15T unif=0.645% hoop=80MPa
  [2522] viol   f=   0.193  a=15.2 b=21.5 gap=19.6 (face=3.2mm) n=[145, 173, 216, 214, 198, 206, 63, 205, 59]  tape=0.189km B=9.95T unif=0.558% hoop=73MPa
  [2523] viol   f=   0.238  a=15.3 b=21.4 gap=19.6 (face=3.2mm) n=[144, 170, 219, 208, 183, 215, 54, 209, 58]  tape=0.187km B=9.84T unif=0.761% hoop=74MPa
  [2524] viol   f=   0.187  a=15.2 b=21.3 gap=19.6 (face=3.2mm) n=[144, 173, 214, 211, 188, 205, 61, 202, 66]  tape=0.186km B=10.00T unif=0.863% hoop=77MPa
  [2525] viol   f=  16.547  a=15.1 b=21.2 gap=19.6 (face=3.2mm) n=[146, 169, 215, 208, 185, 224, 59, 218, 54]  tape=0.189km B=9.93T unif=1.286% hoop=77MPa
  [2526] viol   f=  36.291  a=15.1 b=21.3 gap=19.6 (face=3.2mm) n=[146, 172, 212, 214, 195, 215, 58, 199, 59]  tape=0.186km B=10.01T unif=1.425% hoop=73MPa
  [2527] OK     f=   0.187  a=15.2 b=21.3 gap=19.6 (face=3.2mm) n=[145, 173, 211, 217, 195, 217, 52, 208, 60]  tape=0.187km B=10.20T unif=0.601% hoop=76MPa
  [2528] viol   f=   3.551  a=15.3 b=21.5 gap=19.6 (face=3.2mm) n=[146, 176, 210, 219, 193, 215, 50, 204, 62]  tape=0.189km B=9.97T unif=1.130% hoop=74MPa
  [2529] viol   f=   4.677  a=15.2 b=21.3 gap=19.6 (face=3.2mm) n=[147, 173, 212, 220, 182, 208, 55, 213, 65]  tape=0.189km B=10.11T unif=1.150% hoop=76MPa
  [2530] OK     f=   0.191  a=15.1 b=21.4 gap=19.6 (face=3.2mm) n=[146, 175, 214, 212, 195, 223, 59, 207, 57]  tape=0.191km B=10.00T unif=0.852% hoop=77MPa
  [a=15 b=22 nt=1482] KSP converged reason: 4, iterations: 1
  [a=15 b=21 nt=1485] KSP converged reason: 4, iterations: 1
  [a=15 b=21 nt=1494] KSP converged reason: 4, iterations: 1
  [a=15 b=21 nt=1478] KSP converged reason: 4, iterations: 1
  [a=15 b=21 nt=1483] KSP converged reason: 4, iterations: 1
  [a=15 b=21 nt=1485] KSP converged reason: 4, iterations: 1
  [a=15 b=21 nt=1469] KSP converged reason: 4, iterations: 1
  [a=15 b=21 nt=1476] KSP converged reason: 4, iterations: 1
  [a=15 b=21 nt=1460] KSP converged reason: 4, iterations: 1
  [a=15 b=21 nt=1440] KSP converged reason: 4, iterations: 1
  [a=15 b=21 nt=1474] KSP converged reason: 4, iterations: 1
  [2531] OK     f=   0.192  a=15.2 b=21.4 gap=19.6 (face=3.2mm) n=[144, 176, 209, 215, 191, 224, 50, 207, 69]  tape=0.192km B=10.17T unif=0.686% hoop=79MPa
  [2532] OK     f=   0.191  a=15.3 b=21.3 gap=19.6 (face=3.2mm) n=[146, 173, 216, 213, 187, 214, 65, 204, 76]  tape=0.191km B=10.05T unif=0.984% hoop=73MPa
  [2533] OK     f=   0.191  a=15.3 b=21.5 gap=19.6 (face=3.2mm) n=[146, 178, 213, 220, 193, 213, 51, 207, 61]  tape=0.191km B=10.21T unif=0.627% hoop=78MPa
  [2534] OK     f=   0.188  a=15.3 b=21.3 gap=19.6 (face=3.2mm) n=[146, 176, 213, 214, 184, 210, 58, 209, 75]  tape=0.188km B=10.20T unif=0.878% hoop=79MPa
  [2535] OK     f=   0.187  a=15.2 b=21.3 gap=19.6 (face=3.2mm) n=[145, 174, 215, 213, 192, 213, 65, 202, 59]  tape=0.187km B=10.00T unif=0.727% hoop=76MPa
  [2536] OK     f=   0.188  a=15.1 b=21.2 gap=19.6 (face=3.2mm) n=[145, 169, 213, 210, 190, 218, 53, 208, 77]  tape=0.188km B=10.12T unif=0.948% hoop=76MPa
  [2537] OK     f=   0.186  a=15.1 b=21.3 gap=19.6 (face=3.2mm) n=[145, 179, 204, 217, 190, 214, 51, 214, 55]  tape=0.186km B=10.26T unif=0.955% hoop=81MPa
  [2538] OK     f=   0.188  a=15.2 b=21.3 gap=19.6 (face=3.2mm) n=[145, 171, 210, 212, 198, 219, 51, 206, 64]  tape=0.188km B=10.14T unif=0.795% hoop=76MPa
  [2539] viol   f=   0.246  a=15.1 b=21.2 gap=19.6 (face=3.2mm) n=[145, 172, 214, 215, 184, 212, 54, 208, 56]  tape=0.185km B=9.91T unif=1.015% hoop=73MPa
  [2540] viol   f=   0.259  a=15.2 b=21.4 gap=19.6 (face=3.2mm) n=[149, 171, 233, 207, 177, 196, 51, 203, 53]  tape=0.190km B=9.81T unif=0.629% hoop=75MPa
  [2541] viol   f=   9.806  a=15.1 b=21.2 gap=19.6 (face=3.2mm) n=[145, 171, 211, 214, 194, 210, 62, 215, 52]  tape=0.185km B=10.06T unif=1.219% hoop=77MPa
  [a=15 b=21 nt=1472] KSP converged reason: 4, iterations: 1
  [a=15 b=21 nt=1479] KSP converged reason: 4, iterations: 1
  [a=15 b=21 nt=1491] KSP converged reason: 4, iterations: 1
  [a=15 b=21 nt=1490] KSP converged reason: 4, iterations: 1
  [a=15 b=21 nt=1478] KSP converged reason: 4, iterations: 1
  [a=15 b=21 nt=1491] KSP converged reason: 4, iterations: 1
  [a=15 b=21 nt=1486] KSP converged reason: 4, iterations: 1
  [a=15 b=21 nt=1484] KSP converged reason: 4, iterations: 1
  [a=15 b=21 nt=1466] KSP converged reason: 4, iterations: 1
  [a=15 b=21 nt=1478] KSP converged reason: 4, iterations: 1
  [a=15 b=21 nt=1480] KSP converged reason: 4, iterations: 1
  [2542] OK     f=   0.187  a=15.2 b=21.3 gap=19.6 (face=3.2mm) n=[145, 175, 213, 215, 191, 212, 50, 209, 68]  tape=0.187km B=10.22T unif=0.594% hoop=76MPa
  [2543] OK     f=   0.190  a=15.2 b=21.3 gap=19.6 (face=3.2mm) n=[147, 180, 214, 215, 183, 220, 51, 213, 68]  tape=0.190km B=10.38T unif=0.738% hoop=78MPa
  [2544] viol   f=   0.310  a=15.1 b=21.3 gap=19.6 (face=3.2mm) n=[144, 175, 203, 219, 190, 221, 54, 213, 53]  tape=0.188km B=10.12T unif=1.025% hoop=77MPa
  [2545] OK     f=   0.187  a=15.0 b=21.2 gap=19.6 (face=3.2mm) n=[144, 175, 206, 217, 193, 219, 63, 212, 50]  tape=0.187km B=10.16T unif=0.801% hoop=76MPa
  [2546] viol   f=  61.486  a=15.0 b=21.2 gap=19.6 (face=3.2mm) n=[145, 177, 203, 221, 190, 220, 70, 206, 58]  tape=0.190km B=10.02T unif=1.554% hoop=73MPa
  [2547] viol   f=  21.197  a=15.2 b=21.3 gap=19.6 (face=3.2mm) n=[146, 175, 204, 222, 203, 211, 62, 201, 67]  tape=0.191km B=10.07T unif=1.324% hoop=75MPa
  [2548] OK     f=   0.187  a=15.0 b=21.2 gap=19.6 (face=3.1mm) n=[146, 180, 210, 215, 196, 218, 58, 212, 51]  tape=0.187km B=10.20T unif=0.857% hoop=74MPa
  [2549] OK     f=   0.188  a=15.2 b=21.3 gap=19.6 (face=3.2mm) n=[145, 175, 210, 218, 193, 218, 59, 213, 53]  tape=0.188km B=10.12T unif=0.813% hoop=78MPa
  [2550] OK     f=   0.188  a=15.1 b=21.3 gap=19.6 (face=3.2mm) n=[145, 172, 212, 216, 178, 223, 50, 211, 59]  tape=0.188km B=10.05T unif=0.618% hoop=76MPa
  [2551] viol   f=   0.241  a=15.2 b=21.4 gap=19.6 (face=3.2mm) n=[146, 173, 213, 210, 201, 212, 50, 212, 63]  tape=0.187km B=10.05T unif=1.016% hoop=74MPa
  [2552] OK     f=   0.188  a=15.1 b=21.2 gap=19.6 (face=3.2mm) n=[148, 172, 220, 211, 188, 207, 69, 209, 54]  tape=0.188km B=10.23T unif=0.986% hoop=76MPa
  [a=15 b=21 nt=1502] KSP converged reason: 4, iterations: 1
  [a=15 b=21 nt=1482] KSP converged reason: 4, iterations: 1
  [a=15 b=21 nt=1496] KSP converged reason: 4, iterations: 1
  [a=15 b=21 nt=1488] KSP converged reason: 4, iterations: 1
  [a=15 b=21 nt=1477] KSP converged reason: 4, iterations: 1
  [a=15 b=21 nt=1485] KSP converged reason: 4, iterations: 1
  [a=15 b=21 nt=1495] KSP converged reason: 4, iterations: 1
  [a=15 b=21 nt=1533] KSP converged reason: 4, iterations: 1
  [a=15 b=21 nt=1464] KSP converged reason: 4, iterations: 1
  [a=15 b=21 nt=1504] KSP converged reason: 4, iterations: 1
  [a=15 b=21 nt=1470] KSP converged reason: 4, iterations: 1
  [2553] viol   f=   0.190  a=15.2 b=21.2 gap=19.6 (face=3.2mm) n=[144, 183, 202, 217, 198, 214, 53, 208, 77]  tape=0.190km B=10.15T unif=1.001% hoop=75MPa
  [2554] viol   f=  36.238  a=15.2 b=21.3 gap=19.6 (face=3.2mm) n=[147, 175, 215, 209, 190, 220, 52, 218, 62]  tape=0.189km B=10.05T unif=1.425% hoop=74MPa
  [2555] viol   f=  12.779  a=15.2 b=21.3 gap=19.6 (face=3.2mm) n=[146, 184, 202, 227, 194, 214, 59, 214, 62]  tape=0.193km B=10.15T unif=1.251% hoop=75MPa
  [2556] OK     f=   0.190  a=15.1 b=21.2 gap=19.6 (face=3.2mm) n=[142, 177, 201, 217, 200, 214, 56, 226, 52]  tape=0.190km B=10.12T unif=0.737% hoop=78MPa
  [2557] viol   f=   1.593  a=15.1 b=21.2 gap=19.6 (face=3.2mm) n=[146, 179, 207, 222, 194, 210, 54, 210, 60]  tape=0.189km B=10.03T unif=1.084% hoop=74MPa
  [2558] OK     f=   0.188  a=15.2 b=21.3 gap=19.6 (face=3.2mm) n=[145, 176, 219, 217, 188, 213, 60, 201, 58]  tape=0.188km B=10.03T unif=0.537% hoop=74MPa
  [2559] OK     f=   0.188  a=15.1 b=21.2 gap=19.6 (face=3.1mm) n=[147, 179, 206, 215, 209, 211, 50, 210, 68]  tape=0.188km B=10.46T unif=0.864% hoop=78MPa
  [2560] OK     f=   0.196  a=15.0 b=21.2 gap=19.6 (face=3.1mm) n=[146, 176, 216, 223, 187, 229, 77, 217, 62]  tape=0.196km B=10.03T unif=0.691% hoop=72MPa
  [2561] OK     f=   0.185  a=15.0 b=21.3 gap=19.6 (face=3.2mm) n=[146, 181, 210, 217, 192, 212, 50, 204, 52]  tape=0.185km B=10.02T unif=0.986% hoop=71MPa
  [2562] OK     f=   0.192  a=15.2 b=21.2 gap=19.6 (face=3.2mm) n=[148, 184, 213, 216, 189, 225, 50, 213, 66]  tape=0.192km B=10.40T unif=0.810% hoop=78MPa
  [2563] viol   f=   2.988  a=15.0 b=21.3 gap=19.6 (face=3.1mm) n=[144, 178, 205, 211, 198, 220, 51, 208, 55]  tape=0.187km B=9.94T unif=1.118% hoop=72MPa
  [a=15 b=21 nt=1475] KSP converged reason: 4, iterations: 1
  [a=15 b=21 nt=1470] KSP converged reason: 4, iterations: 1
  [a=15 b=21 nt=1496] KSP converged reason: 4, iterations: 1
  [a=15 b=21 nt=1495] KSP converged reason: 4, iterations: 1
  [a=15 b=21 nt=1468] KSP converged reason: 4, iterations: 1
  [a=15 b=21 nt=1470] KSP converged reason: 4, iterations: 1
  [a=15 b=21 nt=1473] KSP converged reason: 4, iterations: 1
  [a=15 b=21 nt=1477] KSP converged reason: 4, iterations: 1
  [a=15 b=21 nt=1458] KSP converged reason: 4, iterations: 1
  [a=15 b=21 nt=1475] KSP converged reason: 4, iterations: 1
  [a=15 b=21 nt=1462] KSP converged reason: 4, iterations: 1
  [2564] OK     f=   0.184  a=15.1 b=21.1 gap=19.6 (face=3.1mm) n=[146, 184, 215, 213, 196, 204, 53, 209, 50]  tape=0.184km B=10.31T unif=0.924% hoop=74MPa
  [2565] OK     f=   0.191  a=15.2 b=21.4 gap=19.6 (face=3.2mm) n=[148, 181, 219, 215, 192, 205, 61, 214, 60]  tape=0.191km B=10.11T unif=0.832% hoop=73MPa
  [2566] OK     f=   0.186  a=15.1 b=21.3 gap=19.6 (face=3.2mm) n=[147, 178, 217, 214, 198, 211, 52, 202, 51]  tape=0.186km B=10.04T unif=0.867% hoop=72MPa
  [2567] OK     f=   0.187  a=15.1 b=21.2 gap=19.6 (face=3.2mm) n=[145, 181, 207, 212, 196, 219, 50, 211, 54]  tape=0.187km B=10.20T unif=0.794% hoop=77MPa
  [2568] OK     f=   0.190  a=15.1 b=21.3 gap=19.6 (face=3.2mm) n=[144, 186, 201, 221, 211, 212, 56, 208, 57]  tape=0.190km B=10.09T unif=0.906% hoop=73MPa
  [2569] OK     f=   0.185  a=15.1 b=21.3 gap=19.6 (face=3.2mm) n=[144, 178, 205, 214, 201, 213, 50, 210, 53]  tape=0.185km B=10.12T unif=0.759% hoop=78MPa
  [2570] viol   f=   4.028  a=15.1 b=21.3 gap=19.6 (face=3.2mm) n=[144, 185, 208, 210, 191, 213, 52, 217, 53]  tape=0.187km B=9.91T unif=1.138% hoop=71MPa
  [2571] OK     f=   0.184  a=15.1 b=21.3 gap=19.6 (face=3.2mm) n=[143, 182, 205, 214, 192, 206, 50, 212, 54]  tape=0.184km B=10.22T unif=0.850% hoop=80MPa
  [2572] OK     f=   0.186  a=15.1 b=21.3 gap=19.6 (face=3.2mm) n=[145, 184, 207, 216, 209, 212, 50, 203, 51]  tape=0.186km B=10.02T unif=0.977% hoop=71MPa
  [2573] viol   f=   2.937  a=15.0 b=21.2 gap=19.6 (face=3.1mm) n=[146, 173, 209, 214, 200, 215, 51, 214, 53]  tape=0.185km B=10.24T unif=1.117% hoop=76MPa
  [2574] OK     f=   0.184  a=15.1 b=21.3 gap=19.6 (face=3.2mm) n=[145, 176, 210, 214, 199, 206, 52, 210, 50]  tape=0.184km B=10.21T unif=0.642% hoop=76MPa
  [a=15 b=21 nt=1488] KSP converged reason: 4, iterations: 1
  [a=15 b=21 nt=1496] KSP converged reason: 4, iterations: 1
  [a=15 b=21 nt=1483] KSP converged reason: 4, iterations: 1
  [a=15 b=21 nt=1491] KSP converged reason: 4, iterations: 1
  [a=15 b=21 nt=1445] KSP converged reason: 4, iterations: 1
  [a=15 b=21 nt=1474] KSP converged reason: 4, iterations: 1
  [a=15 b=21 nt=1471] KSP converged reason: 4, iterations: 1
  [a=15 b=21 nt=1527] KSP converged reason: 4, iterations: 1
  [a=15 b=21 nt=1473] KSP converged reason: 4, iterations: 1
  [a=15 b=21 nt=1479] KSP converged reason: 4, iterations: 1
  [a=15 b=21 nt=1504] KSP converged reason: 4, iterations: 1
  [2575] viol   f=   2.129  a=15.1 b=21.3 gap=19.6 (face=3.2mm) n=[142, 179, 198, 212, 201, 195, 50, 214, 54]  tape=0.183km B=10.14T unif=1.099% hoop=76MPa
  [2576] viol   f=  14.202  a=15.1 b=21.2 gap=19.6 (face=3.1mm) n=[146, 176, 210, 216, 204, 201, 65, 207, 66]  tape=0.189km B=10.10T unif=1.265% hoop=73MPa
  [2577] OK     f=   0.188  a=15.1 b=21.3 gap=19.6 (face=3.1mm) n=[148, 180, 217, 215, 200, 202, 57, 213, 51]  tape=0.188km B=10.20T unif=0.801% hoop=74MPa
  [2578] OK     f=   0.187  a=15.0 b=21.1 gap=19.6 (face=3.1mm) n=[146, 177, 211, 214, 201, 213, 61, 217, 56]  tape=0.187km B=10.21T unif=0.749% hoop=74MPa
  [2579] viol   f=   0.977  a=15.1 b=21.2 gap=19.6 (face=3.1mm) n=[144, 182, 205, 212, 202, 206, 56, 222, 59]  tape=0.190km B=10.11T unif=1.063% hoop=75MPa
  [2580] OK     f=   0.185  a=15.0 b=21.3 gap=19.6 (face=3.1mm) n=[144, 183, 204, 211, 206, 205, 58, 212, 51]  tape=0.185km B=10.18T unif=0.962% hoop=77MPa
  [2581] OK     f=   0.185  a=15.1 b=21.2 gap=19.6 (face=3.1mm) n=[144, 184, 213, 213, 198, 199, 57, 206, 57]  tape=0.185km B=10.08T unif=0.911% hoop=77MPa
  [2582] viol   f=   1.036  a=15.0 b=21.2 gap=19.6 (face=3.1mm) n=[146, 178, 213, 211, 195, 211, 61, 204, 54]  tape=0.185km B=10.11T unif=1.065% hoop=72MPa
  [2583] OK     f=   0.191  a=14.9 b=21.2 gap=19.5 (face=3.1mm) n=[147, 185, 215, 214, 208, 208, 61, 208, 81]  tape=0.191km B=10.39T unif=0.993% hoop=72MPa
  [2584] OK     f=   0.186  a=15.0 b=21.2 gap=19.6 (face=3.1mm) n=[145, 180, 208, 204, 198, 208, 69, 212, 55]  tape=0.186km B=10.30T unif=0.942% hoop=75MPa
  [2585] OK     f=   0.190  a=15.1 b=21.1 gap=19.6 (face=3.1mm) n=[149, 177, 221, 217, 205, 213, 62, 207, 53]  tape=0.190km B=10.25T unif=0.638% hoop=73MPa
  [a=15 b=21 nt=1491] KSP converged reason: 4, iterations: 1
  [a=15 b=21 nt=1499] KSP converged reason: 4, iterations: 1
  [a=15 b=21 nt=1472] KSP converged reason: 4, iterations: 1
  [a=15 b=21 nt=1477] KSP converged reason: 4, iterations: 1
  [a=15 b=21 nt=1475] KSP converged reason: 4, iterations: 1
  [a=15 b=21 nt=1453] KSP converged reason: 4, iterations: 1
  [a=15 b=21 nt=1463] KSP converged reason: 4, iterations: 1
  [a=15 b=21 nt=1462] KSP converged reason: 4, iterations: 1
  [a=15 b=21 nt=1500] KSP converged reason: 4, iterations: 1
  [a=15 b=21 nt=1460] KSP converged reason: 4, iterations: 1
  [a=15 b=21 nt=1487] KSP converged reason: 4, iterations: 1
  [2586] OK     f=   0.189  a=15.1 b=21.2 gap=19.6 (face=3.1mm) n=[149, 178, 224, 206, 203, 201, 52, 198, 61]  tape=0.189km B=10.11T unif=0.769% hoop=75MPa
  [2587] OK     f=   0.184  a=15.1 b=21.1 gap=19.6 (face=3.1mm) n=[145, 184, 206, 208, 209, 202, 56, 213, 54]  tape=0.184km B=10.19T unif=0.986% hoop=73MPa
  [2588] OK     f=   0.187  a=15.2 b=21.4 gap=19.6 (face=3.2mm) n=[146, 178, 212, 208, 195, 202, 54, 213, 67]  tape=0.187km B=10.24T unif=0.886% hoop=76MPa
  [2589] viol   f=  10.300  a=15.1 b=21.2 gap=19.6 (face=3.1mm) n=[141, 183, 199, 207, 197, 202, 66, 202, 56]  tape=0.182km B=10.12T unif=1.225% hoop=72MPa
  [2590] OK     f=   0.189  a=15.0 b=21.3 gap=19.6 (face=3.2mm) n=[146, 181, 209, 216, 203, 216, 53, 208, 67]  tape=0.189km B=10.33T unif=0.841% hoop=75MPa
  [2591] OK     f=   0.190  a=15.0 b=21.4 gap=19.6 (face=3.1mm) n=[144, 185, 211, 209, 202, 196, 55, 218, 71]  tape=0.190km B=10.32T unif=0.993% hoop=75MPa
  [2592] viol   f=   0.562  a=15.1 b=21.3 gap=19.6 (face=3.1mm) n=[142, 177, 210, 199, 204, 202, 67, 212, 50]  tape=0.185km B=9.87T unif=1.041% hoop=70MPa
  [2593] viol   f=   0.262  a=15.0 b=21.1 gap=19.6 (face=3.1mm) n=[144, 176, 210, 202, 209, 197, 62, 209, 53]  tape=0.182km B=10.12T unif=1.020% hoop=73MPa
  [2594] OK     f=   0.189  a=14.9 b=21.1 gap=19.6 (face=3.1mm) n=[144, 181, 205, 220, 209, 210, 57, 215, 59]  tape=0.189km B=10.19T unif=0.718% hoop=73MPa
  [2595] viol   f=   0.297  a=15.2 b=21.3 gap=19.6 (face=3.2mm) n=[142, 183, 203, 211, 190, 211, 54, 206, 60]  tape=0.184km B=10.04T unif=1.024% hoop=74MPa
  [2596] viol   f=   0.188  a=15.0 b=21.2 gap=19.6 (face=3.1mm) n=[142, 179, 205, 211, 212, 205, 52, 221, 60]  tape=0.188km B=9.99T unif=0.838% hoop=73MPa
  [a=15 b=21 nt=1458] KSP converged reason: 4, iterations: 1
  [a=15 b=21 nt=1521] KSP converged reason: 4, iterations: 1
  [a=15 b=21 nt=1485] KSP converged reason: 4, iterations: 1
  [a=15 b=21 nt=1480] KSP converged reason: 4, iterations: 1
  [a=15 b=21 nt=1453] KSP converged reason: 4, iterations: 1
  [a=15 b=21 nt=1484] KSP converged reason: 4, iterations: 1
  [a=15 b=21 nt=1491] KSP converged reason: 4, iterations: 1
  [a=15 b=21 nt=1482] KSP converged reason: 4, iterations: 1
  [a=15 b=21 nt=1465] KSP converged reason: 4, iterations: 1
  [a=15 b=21 nt=1473] KSP converged reason: 4, iterations: 1
  [a=15 b=21 nt=1465] KSP converged reason: 4, iterations: 1
  [2597] OK     f=   0.188  a=15.1 b=21.3 gap=19.6 (face=3.1mm) n=[145, 178, 205, 218, 216, 202, 50, 212, 59]  tape=0.188km B=10.24T unif=0.901% hoop=76MPa
  [2598] OK     f=   0.184  a=15.1 b=21.0 gap=19.6 (face=3.1mm) n=[147, 176, 218, 204, 188, 206, 50, 213, 56]  tape=0.184km B=10.27T unif=0.845% hoop=77MPa
  [2599] OK     f=   0.187  a=15.2 b=21.4 gap=19.6 (face=3.2mm) n=[144, 180, 211, 205, 208, 209, 54, 201, 72]  tape=0.187km B=10.18T unif=0.575% hoop=74MPa
  [2600] OK     f=   0.188  a=15.2 b=21.3 gap=19.6 (face=3.2mm) n=[145, 185, 214, 210, 193, 203, 61, 218, 51]  tape=0.188km B=10.17T unif=0.934% hoop=73MPa
  [2601] viol   f=   9.026  a=15.2 b=21.2 gap=19.6 (face=3.1mm) n=[144, 177, 211, 195, 207, 194, 52, 212, 61]  tape=0.183km B=9.99T unif=1.210% hoop=73MPa
  [2602] OK     f=   0.193  a=15.2 b=21.2 gap=19.6 (face=3.2mm) n=[148, 179, 212, 223, 198, 220, 65, 212, 64]  tape=0.193km B=10.11T unif=0.836% hoop=73MPa
  [2603] OK     f=   0.188  a=15.1 b=21.2 gap=19.6 (face=3.1mm) n=[145, 180, 204, 215, 207, 211, 52, 210, 67]  tape=0.188km B=10.34T unif=0.917% hoop=78MPa
  [2604] OK     f=   0.188  a=15.2 b=21.2 gap=19.6 (face=3.2mm) n=[146, 175, 217, 205, 205, 204, 57, 213, 60]  tape=0.188km B=10.14T unif=0.633% hoop=74MPa
  [2605] viol   f=   2.070  a=15.0 b=21.3 gap=19.6 (face=3.1mm) n=[144, 179, 209, 205, 207, 199, 52, 220, 50]  tape=0.186km B=9.79T unif=1.095% hoop=70MPa
  [2606] viol   f=   3.480  a=14.9 b=21.1 gap=19.5 (face=3.1mm) n=[144, 185, 201, 208, 220, 199, 52, 211, 53]  tape=0.186km B=10.03T unif=1.128% hoop=72MPa
  [2607] OK     f=   0.184  a=15.0 b=21.0 gap=19.6 (face=3.2mm) n=[143, 180, 204, 217, 184, 217, 52, 213, 55]  tape=0.184km B=10.19T unif=0.895% hoop=76MPa
  [a=15 b=21 nt=1472] KSP converged reason: 4, iterations: 1
  [a=15 b=21 nt=1457] KSP converged reason: 4, iterations: 1
  [a=15 b=21 nt=1463] KSP converged reason: 4, iterations: 1
  [a=15 b=21 nt=1501] KSP converged reason: 4, iterations: 1
  [a=15 b=21 nt=1470] KSP converged reason: 4, iterations: 1
  [a=15 b=21 nt=1451] KSP converged reason: 4, iterations: 1
  [a=15 b=21 nt=1469] KSP converged reason: 4, iterations: 1
  [a=15 b=21 nt=1474] KSP converged reason: 4, iterations: 1
  [a=15 b=21 nt=1488] KSP converged reason: 4, iterations: 1
  [a=15 b=21 nt=1470] KSP converged reason: 4, iterations: 1
  [a=15 b=21 nt=1478] KSP converged reason: 4, iterations: 1
  [2608] OK     f=   0.185  a=15.0 b=21.0 gap=19.6 (face=3.1mm) n=[147, 185, 217, 218, 161, 208, 74, 212, 50]  tape=0.185km B=10.22T unif=0.780% hoop=74MPa
  [2609] OK     f=   0.189  a=15.2 b=21.2 gap=19.6 (face=3.2mm) n=[147, 179, 212, 216, 213, 212, 56, 201, 65]  tape=0.189km B=10.16T unif=0.693% hoop=76MPa
  [2610] viol   f=  13.538  a=15.0 b=21.1 gap=19.6 (face=3.2mm) n=[145, 173, 212, 212, 182, 212, 61, 210, 50]  tape=0.182km B=9.99T unif=1.258% hoop=72MPa
  [2611] OK     f=   0.183  a=15.1 b=21.1 gap=19.6 (face=3.2mm) n=[144, 181, 211, 214, 187, 214, 51, 211, 50]  tape=0.183km B=10.25T unif=0.826% hoop=76MPa
  [2612] viol   f=   3.199  a=15.2 b=21.1 gap=19.6 (face=3.2mm) n=[142, 179, 209, 197, 184, 208, 61, 210, 61]  tape=0.183km B=9.96T unif=1.123% hoop=73MPa
  [2613] OK     f=   0.186  a=15.1 b=21.1 gap=19.6 (face=3.1mm) n=[149, 183, 219, 207, 201, 204, 51, 196, 60]  tape=0.186km B=10.21T unif=0.936% hoop=73MPa
  [2614] OK     f=   0.186  a=15.1 b=21.2 gap=19.6 (face=3.1mm) n=[146, 177, 214, 206, 194, 206, 55, 219, 52]  tape=0.186km B=10.28T unif=0.731% hoop=77MPa
  [2615] viol   f=   1.814  a=15.1 b=21.0 gap=19.6 (face=3.2mm) n=[143, 184, 206, 202, 191, 211, 56, 215, 66]  tape=0.185km B=10.17T unif=1.090% hoop=75MPa
  [2616] OK     f=   0.189  a=15.2 b=21.1 gap=19.6 (face=3.2mm) n=[147, 182, 220, 205, 182, 218, 55, 212, 67]  tape=0.189km B=10.26T unif=0.806% hoop=76MPa
  [2617] OK     f=   0.184  a=15.1 b=21.0 gap=19.6 (face=3.2mm) n=[143, 180, 208, 207, 190, 211, 52, 214, 65]  tape=0.184km B=10.02T unif=0.979% hoop=73MPa
  [2618] viol   f=   9.652  a=15.0 b=21.1 gap=19.6 (face=3.1mm) n=[145, 171, 213, 210, 197, 212, 55, 223, 52]  tape=0.187km B=9.82T unif=1.217% hoop=71MPa
  [a=15 b=21 nt=1478] KSP converged reason: 4, iterations: 1
  [a=15 b=21 nt=1472] KSP converged reason: 4, iterations: 1
  [a=15 b=21 nt=1459] KSP converged reason: 4, iterations: 1
  [a=15 b=21 nt=1472] KSP converged reason: 4, iterations: 1
  [a=15 b=21 nt=1475] KSP converged reason: 4, iterations: 1
  [a=15 b=21 nt=1475] KSP converged reason: 4, iterations: 1
  [a=15 b=21 nt=1478] KSP converged reason: 4, iterations: 1
  [a=15 b=21 nt=1458] KSP converged reason: 4, iterations: 1
  [a=15 b=21 nt=1507] KSP converged reason: 4, iterations: 1
  [a=15 b=21 nt=1473] KSP converged reason: 4, iterations: 1
  [a=15 b=21 nt=1481] KSP converged reason: 4, iterations: 1
  [2619] OK     f=   0.186  a=15.1 b=21.3 gap=19.6 (face=3.2mm) n=[145, 185, 214, 216, 187, 217, 53, 204, 51]  tape=0.186km B=10.03T unif=0.901% hoop=72MPa
  [2620] viol   f=   0.866  a=15.1 b=21.1 gap=19.6 (face=3.2mm) n=[144, 179, 207, 214, 188, 208, 62, 213, 60]  tape=0.185km B=10.01T unif=1.058% hoop=72MPa
  [2621] OK     f=   0.186  a=15.0 b=21.1 gap=19.6 (face=3.1mm) n=[147, 179, 215, 214, 189, 208, 50, 219, 57]  tape=0.186km B=10.19T unif=0.970% hoop=74MPa
  [2622] OK     f=   0.185  a=15.1 b=21.0 gap=19.6 (face=3.2mm) n=[147, 186, 210, 217, 181, 214, 55, 209, 53]  tape=0.185km B=10.10T unif=0.933% hoop=72MPa
  [2623] OK     f=   0.183  a=15.1 b=21.0 gap=19.6 (face=3.1mm) n=[140, 176, 201, 209, 187, 212, 54, 210, 70]  tape=0.183km B=10.18T unif=0.888% hoop=80MPa
  [2624] OK     f=   0.185  a=15.1 b=20.8 gap=19.6 (face=3.1mm) n=[145, 180, 214, 213, 173, 219, 52, 212, 67]  tape=0.185km B=10.23T unif=0.685% hoop=76MPa
  [2625] OK     f=   0.186  a=15.0 b=21.0 gap=19.6 (face=3.1mm) n=[146, 179, 219, 211, 186, 212, 60, 211, 54]  tape=0.186km B=10.29T unif=0.541% hoop=75MPa
  [2626] OK     f=   0.183  a=15.0 b=21.0 gap=19.6 (face=3.1mm) n=[143, 184, 203, 217, 186, 211, 52, 212, 50]  tape=0.183km B=10.20T unif=0.966% hoop=76MPa
  [2627] viol   f=   5.579  a=15.0 b=21.1 gap=19.6 (face=3.1mm) n=[145, 179, 207, 225, 187, 216, 70, 211, 67]  tape=0.192km B=9.96T unif=1.164% hoop=75MPa
  [2628] viol   f=   0.190  a=15.1 b=21.0 gap=19.6 (face=3.2mm) n=[144, 180, 215, 203, 186, 208, 54, 225, 58]  tape=0.188km B=9.97T unif=0.894% hoop=74MPa
  [2629] viol   f=   3.354  a=15.0 b=21.0 gap=19.6 (face=3.2mm) n=[144, 182, 208, 211, 181, 212, 70, 217, 56]  tape=0.186km B=10.18T unif=1.126% hoop=74MPa
  [a=15 b=21 nt=1502] KSP converged reason: 4, iterations: 1
  [a=15 b=21 nt=1487] KSP converged reason: 4, iterations: 1
  [a=15 b=21 nt=1474] KSP converged reason: 4, iterations: 1
  [a=15 b=21 nt=1468] KSP converged reason: 4, iterations: 1
  [a=15 b=21 nt=1451] KSP converged reason: 4, iterations: 1
  [a=15 b=21 nt=1457] KSP converged reason: 4, iterations: 1
  [a=15 b=21 nt=1473] KSP converged reason: 4, iterations: 1
  [a=15 b=21 nt=1466] KSP converged reason: 4, iterations: 1
  [a=15 b=21 nt=1480] KSP converged reason: 4, iterations: 1
  [a=15 b=21 nt=1478] KSP converged reason: 4, iterations: 1
  [a=15 b=21 nt=1460] KSP converged reason: 4, iterations: 1
  [2630] viol   f=   0.182  a=15.0 b=20.9 gap=19.6 (face=3.1mm) n=[141, 180, 209, 207, 180, 205, 56, 214, 59]  tape=0.181km B=9.98T unif=0.942% hoop=72MPa
  [2631] OK     f=   0.183  a=15.2 b=21.1 gap=19.6 (face=3.2mm) n=[144, 186, 208, 213, 181, 205, 57, 211, 52]  tape=0.183km B=10.21T unif=0.974% hoop=75MPa
  [2632] viol   f=   1.860  a=15.1 b=21.0 gap=19.6 (face=3.1mm) n=[143, 184, 196, 225, 181, 221, 50, 206, 68]  tape=0.188km B=10.22T unif=1.091% hoop=78MPa
  [2633] viol   f=  14.333  a=15.0 b=20.9 gap=19.6 (face=3.1mm) n=[146, 189, 200, 218, 188, 208, 59, 199, 61]  tape=0.185km B=10.15T unif=1.266% hoop=73MPa
  [2634] viol   f=   9.855  a=15.1 b=21.0 gap=19.6 (face=3.2mm) n=[143, 181, 200, 216, 183, 221, 51, 214, 78]  tape=0.188km B=10.06T unif=1.220% hoop=75MPa
  [2635] viol   f=   3.759  a=15.0 b=21.0 gap=19.6 (face=3.2mm) n=[142, 181, 197, 224, 189, 229, 66, 203, 71]  tape=0.192km B=10.03T unif=1.134% hoop=74MPa
  [2636] viol   f=   2.805  a=14.9 b=20.8 gap=19.6 (face=3.1mm) n=[141, 185, 198, 214, 181, 219, 71, 214, 50]  tape=0.184km B=10.13T unif=1.114% hoop=73MPa
  [2637] viol   f=  29.953  a=15.1 b=20.9 gap=19.6 (face=3.2mm) n=[141, 186, 204, 214, 166, 221, 51, 213, 70]  tape=0.186km B=10.22T unif=1.386% hoop=77MPa
  [2638] viol   f=   8.538  a=15.0 b=21.1 gap=19.6 (face=3.2mm) n=[142, 180, 197, 214, 199, 207, 75, 204, 60]  tape=0.186km B=10.06T unif=1.204% hoop=75MPa
  [2639] viol   f=   0.188  a=15.1 b=21.1 gap=19.6 (face=3.2mm) n=[143, 172, 221, 210, 183, 217, 58, 216, 60]  tape=0.188km B=9.99T unif=0.440% hoop=74MPa
  [2640] viol   f=   6.454  a=14.9 b=20.9 gap=19.6 (face=3.1mm) n=[140, 178, 202, 202, 196, 207, 61, 223, 51]  tape=0.185km B=9.93T unif=1.177% hoop=74MPa
  [a=15 b=21 nt=1449] KSP converged reason: 4, iterations: 1
  [a=15 b=21 nt=1460] KSP converged reason: 4, iterations: 1
  [a=15 b=21 nt=1449] KSP converged reason: 4, iterations: 1
  [a=15 b=21 nt=1457] KSP converged reason: 4, iterations: 1
  [a=15 b=21 nt=1449] KSP converged reason: 4, iterations: 1
  [a=15 b=21 nt=1470] KSP converged reason: 4, iterations: 1
  [a=15 b=21 nt=1456] KSP converged reason: 4, iterations: 1
  [a=15 b=21 nt=1451] KSP converged reason: 4, iterations: 1
  [a=15 b=21 nt=1470] KSP converged reason: 4, iterations: 1
  [a=15 b=21 nt=1435] KSP converged reason: 4, iterations: 1
  [a=15 b=21 nt=1451] KSP converged reason: 4, iterations: 1
  [2641] viol   f=  15.248  a=15.1 b=21.1 gap=19.6 (face=3.2mm) n=[139, 178, 201, 219, 178, 217, 51, 216, 50]  tape=0.183km B=9.65T unif=1.272% hoop=71MPa
  [2642] OK     f=   0.182  a=15.1 b=21.0 gap=19.6 (face=3.1mm) n=[141, 182, 206, 202, 191, 199, 54, 213, 61]  tape=0.182km B=10.20T unif=0.981% hoop=76MPa
  [2643] OK     f=   0.185  a=15.0 b=21.0 gap=19.6 (face=3.2mm) n=[144, 178, 222, 207, 168, 208, 56, 215, 59]  tape=0.185km B=10.19T unif=0.706% hoop=77MPa
  [2644] OK     f=   0.184  a=15.0 b=21.0 gap=19.6 (face=3.2mm) n=[143, 181, 210, 213, 172, 213, 60, 214, 64]  tape=0.184km B=10.06T unif=0.833% hoop=73MPa
  [2645] viol   f=   0.184  a=15.1 b=21.0 gap=19.6 (face=3.1mm) n=[143, 180, 212, 211, 178, 210, 54, 217, 55]  tape=0.184km B=9.99T unif=0.927% hoop=73MPa
  [2646] viol   f=   0.306  a=15.1 b=21.1 gap=19.6 (face=3.2mm) n=[141, 184, 204, 213, 186, 209, 50, 212, 50]  tape=0.181km B=9.91T unif=1.023% hoop=72MPa
  [2647] viol   f=   0.196  a=15.1 b=20.9 gap=19.6 (face=3.2mm) n=[139, 175, 206, 216, 179, 210, 50, 215, 66]  tape=0.183km B=9.92T unif=0.712% hoop=75MPa
  [2648] viol   f=   0.280  a=15.2 b=21.1 gap=19.6 (face=3.2mm) n=[144, 176, 219, 208, 179, 208, 51, 216, 50]  tape=0.184km B=9.78T unif=0.796% hoop=72MPa
  [2649] viol   f=  69.877  a=15.1 b=21.0 gap=19.6 (face=3.2mm) n=[143, 179, 202, 219, 176, 213, 66, 201, 71]  tape=0.187km B=9.92T unif=1.590% hoop=74MPa
  [2650] viol   f=  45.422  a=15.1 b=21.0 gap=19.6 (face=3.1mm) n=[144, 177, 217, 204, 171, 202, 51, 217, 52]  tape=0.181km B=9.67T unif=1.474% hoop=70MPa
  [2651] viol   f=   0.193  a=15.2 b=21.3 gap=19.6 (face=3.2mm) n=[142, 180, 213, 208, 180, 204, 63, 211, 50]  tape=0.184km B=9.93T unif=0.774% hoop=72MPa
  [a=15 b=21 nt=1456] KSP converged reason: 4, iterations: 1
  [a=15 b=21 nt=1472] KSP converged reason: 4, iterations: 1
  [a=15 b=21 nt=1483] KSP converged reason: 4, iterations: 1
  [a=15 b=21 nt=1443] KSP converged reason: 4, iterations: 1
  [a=15 b=21 nt=1437] KSP converged reason: 4, iterations: 1
  [a=15 b=21 nt=1444] KSP converged reason: 4, iterations: 1
  [a=15 b=21 nt=1449] KSP converged reason: 4, iterations: 1
  [a=15 b=21 nt=1472] KSP converged reason: 4, iterations: 1
  [a=15 b=21 nt=1454] KSP converged reason: 4, iterations: 1
  [a=15 b=21 nt=1458] KSP converged reason: 4, iterations: 1
  [a=15 b=21 nt=1440] KSP converged reason: 4, iterations: 1
  [2652] viol   f=   0.220  a=15.0 b=21.0 gap=19.6 (face=3.2mm) n=[143, 181, 218, 206, 164, 207, 55, 209, 54]  tape=0.182km B=9.86T unif=0.852% hoop=72MPa
  [2653] viol   f=   0.190  a=15.2 b=21.1 gap=19.6 (face=3.2mm) n=[146, 182, 221, 208, 173, 195, 55, 209, 54]  tape=0.185km B=9.95T unif=0.870% hoop=73MPa
  [2654] OK     f=   0.185  a=15.1 b=21.1 gap=19.6 (face=3.1mm) n=[143, 182, 211, 215, 183, 214, 50, 217, 57]  tape=0.185km B=10.02T unif=0.845% hoop=73MPa
  [2655] OK     f=   0.186  a=15.1 b=21.0 gap=19.6 (face=3.1mm) n=[142, 182, 203, 214, 198, 204, 52, 216, 72]  tape=0.186km B=10.07T unif=0.971% hoop=74MPa
  [2656] OK     f=   0.187  a=15.0 b=21.2 gap=19.6 (face=3.1mm) n=[143, 175, 223, 200, 177, 196, 57, 218, 67]  tape=0.187km B=10.02T unif=0.612% hoop=76MPa
  [2657] viol   f=  58.217  a=15.1 b=20.9 gap=19.6 (face=3.1mm) n=[141, 176, 203, 200, 189, 206, 50, 210, 69]  tape=0.180km B=9.76T unif=1.538% hoop=71MPa
  [2658] viol   f=  11.202  a=15.2 b=21.0 gap=19.6 (face=3.1mm) n=[142, 183, 205, 205, 179, 203, 58, 211, 63]  tape=0.182km B=10.05T unif=1.235% hoop=74MPa
  [2659] OK     f=   0.181  a=15.1 b=21.0 gap=19.6 (face=3.1mm) n=[141, 177, 205, 205, 191, 206, 57, 210, 62]  tape=0.181km B=10.05T unif=0.995% hoop=74MPa
  [2660] OK     f=   0.186  a=15.0 b=21.2 gap=19.6 (face=3.2mm) n=[145, 183, 217, 212, 191, 210, 53, 199, 62]  tape=0.186km B=10.10T unif=0.819% hoop=72MPa
  [2661] viol   f=   9.436  a=15.0 b=20.9 gap=19.6 (face=3.1mm) n=[140, 177, 207, 198, 182, 207, 55, 218, 56]  tape=0.182km B=9.85T unif=1.215% hoop=74MPa
  [2662] OK     f=   0.186  a=15.1 b=21.1 gap=19.6 (face=3.1mm) n=[144, 182, 220, 209, 170, 200, 62, 216, 55]  tape=0.186km B=10.07T unif=0.824% hoop=73MPa
  [a=15 b=21 nt=1468] KSP converged reason: 4, iterations: 1
  [a=15 b=21 nt=1433] KSP converged reason: 4, iterations: 1
  [a=15 b=21 nt=1457] KSP converged reason: 4, iterations: 1
  [a=15 b=21 nt=1472] KSP converged reason: 4, iterations: 1
  [a=15 b=21 nt=1455] KSP converged reason: 4, iterations: 1
  [a=15 b=21 nt=1467] KSP converged reason: 4, iterations: 1
  [a=15 b=21 nt=1461] KSP converged reason: 4, iterations: 1
  [a=15 b=21 nt=1445] KSP converged reason: 4, iterations: 1
  [a=15 b=21 nt=1467] KSP converged reason: 4, iterations: 1
  [a=15 b=21 nt=1459] KSP converged reason: 4, iterations: 1
  [a=15 b=21 nt=1450] KSP converged reason: 4, iterations: 1
  [2663] viol   f=  27.381  a=15.0 b=20.9 gap=19.5 (face=3.1mm) n=[141, 188, 203, 210, 184, 201, 58, 213, 57]  tape=0.182km B=10.05T unif=1.369% hoop=71MPa
  [2664] viol   f=   1.560  a=15.1 b=21.3 gap=19.6 (face=3.2mm) n=[142, 184, 202, 213, 200, 210, 54, 203, 64]  tape=0.186km B=10.04T unif=1.083% hoop=73MPa
  [2665] viol   f=   0.184  a=15.2 b=21.2 gap=19.6 (face=3.2mm) n=[143, 180, 213, 210, 192, 199, 59, 205, 56]  tape=0.184km B=10.00T unif=0.752% hoop=72MPa
  [2666] OK     f=   0.187  a=15.2 b=21.1 gap=19.6 (face=3.2mm) n=[144, 176, 220, 200, 190, 203, 54, 218, 63]  tape=0.187km B=10.11T unif=0.619% hoop=77MPa
  [2667] viol   f=   1.759  a=15.1 b=21.2 gap=19.6 (face=3.1mm) n=[143, 181, 212, 213, 189, 206, 62, 209, 52]  tape=0.184km B=10.19T unif=1.089% hoop=75MPa
  [2668] viol   f=   0.217  a=15.1 b=21.0 gap=19.6 (face=3.1mm) n=[144, 180, 219, 205, 169, 205, 50, 211, 50]  tape=0.182km B=9.87T unif=0.790% hoop=73MPa
  [2669] viol   f=   4.352  a=15.0 b=20.8 gap=19.6 (face=3.1mm) n=[143, 181, 208, 213, 176, 209, 68, 212, 51]  tape=0.181km B=10.00T unif=1.144% hoop=70MPa
  [2670] OK     f=   0.182  a=15.1 b=21.1 gap=19.6 (face=3.1mm) n=[142, 176, 215, 206, 186, 202, 53, 214, 51]  tape=0.182km B=10.19T unif=0.864% hoop=77MPa
  [2671] OK     f=   0.187  a=15.0 b=21.1 gap=19.6 (face=3.1mm) n=[143, 176, 218, 207, 181, 207, 56, 225, 54]  tape=0.187km B=10.10T unif=0.706% hoop=77MPa
  [2672] viol   f=   2.480  a=15.1 b=21.1 gap=19.6 (face=3.1mm) n=[144, 180, 213, 206, 191, 209, 50, 216, 50]  tape=0.184km B=9.82T unif=1.106% hoop=70MPa
  [2673] viol   f=   6.857  a=15.2 b=21.1 gap=19.6 (face=3.1mm) n=[144, 177, 216, 197, 188, 193, 64, 211, 60]  tape=0.185km B=9.91T unif=1.182% hoop=74MPa
  [a=15 b=21 nt=1437] KSP converged reason: 4, iterations: 1
  [a=15 b=21 nt=1458] KSP converged reason: 4, iterations: 1
  [a=15 b=21 nt=1469] KSP converged reason: 4, iterations: 1
  [a=15 b=21 nt=1447] KSP converged reason: 4, iterations: 1
  [a=15 b=21 nt=1436] KSP converged reason: 4, iterations: 1
  [a=15 b=21 nt=1437] KSP converged reason: 4, iterations: 1
  [a=15 b=21 nt=1451] KSP converged reason: 4, iterations: 1
  [a=15 b=21 nt=1434] KSP converged reason: 4, iterations: 1
  [a=15 b=21 nt=1442] KSP converged reason: 4, iterations: 1
  [a=15 b=21 nt=1465] KSP converged reason: 4, iterations: 1
  [a=15 b=21 nt=1469] KSP converged reason: 4, iterations: 1
  [2674] OK     f=   0.185  a=15.2 b=21.1 gap=19.6 (face=3.2mm) n=[144, 178, 217, 208, 181, 201, 50, 213, 66]  tape=0.185km B=10.32T unif=0.855% hoop=80MPa
  [2675] OK     f=   0.187  a=15.1 b=21.4 gap=19.6 (face=3.1mm) n=[142, 182, 213, 206, 192, 204, 51, 215, 64]  tape=0.187km B=10.04T unif=0.983% hoop=73MPa
  [2676] viol   f=   0.201  a=15.2 b=21.3 gap=19.6 (face=3.2mm) n=[145, 179, 220, 207, 191, 197, 50, 207, 51]  tape=0.186km B=9.91T unif=0.820% hoop=73MPa
  [2677] viol   f=   0.186  a=15.1 b=21.1 gap=19.6 (face=3.1mm) n=[140, 175, 219, 199, 179, 198, 57, 216, 53]  tape=0.183km B=9.97T unif=0.782% hoop=76MPa
  [2678] viol   f=   0.482  a=15.1 b=21.1 gap=19.6 (face=3.2mm) n=[142, 173, 218, 207, 178, 201, 50, 217, 51]  tape=0.183km B=9.61T unif=0.739% hoop=71MPa
  [2679] viol   f=   0.184  a=15.2 b=21.1 gap=19.6 (face=3.2mm) n=[141, 179, 211, 203, 182, 200, 54, 206, 61]  tape=0.181km B=9.96T unif=0.908% hoop=73MPa
  [2680] viol   f=   0.183  a=15.1 b=21.1 gap=19.6 (face=3.1mm) n=[140, 178, 207, 207, 185, 206, 55, 211, 62]  tape=0.182km B=9.99T unif=0.774% hoop=74MPa
  [2681] viol   f=   0.233  a=15.2 b=21.1 gap=19.6 (face=3.2mm) n=[143, 177, 222, 203, 178, 198, 53, 202, 58]  tape=0.185km B=9.84T unif=0.619% hoop=74MPa
  [2682] viol   f=   1.097  a=15.2 b=21.2 gap=19.6 (face=3.2mm) n=[142, 178, 206, 203, 189, 208, 50, 215, 74]  tape=0.186km B=9.89T unif=1.067% hoop=73MPa
  [2683] viol   f=   0.218  a=15.2 b=21.1 gap=19.6 (face=3.2mm) n=[142, 181, 219, 204, 183, 198, 53, 210, 52]  tape=0.184km B=9.87T unif=0.856% hoop=73MPa
  [2684] viol   f=   0.189  a=15.2 b=21.0 gap=19.6 (face=3.2mm) n=[144, 174, 216, 210, 183, 214, 59, 211, 58]  tape=0.185km B=9.95T unif=0.636% hoop=73MPa
  [a=15 b=21 nt=1472] KSP converged reason: 4, iterations: 1
  [a=15 b=21 nt=1454] KSP converged reason: 4, iterations: 1
  [a=15 b=21 nt=1452] KSP converged reason: 4, iterations: 1
  [a=15 b=21 nt=1438] KSP converged reason: 4, iterations: 1
  [a=15 b=21 nt=1434] KSP converged reason: 4, iterations: 1
  [a=15 b=21 nt=1443] KSP converged reason: 4, iterations: 1
  [a=15 b=21 nt=1418] KSP converged reason: 4, iterations: 1
  [a=15 b=21 nt=1429] KSP converged reason: 4, iterations: 1
  [a=15 b=21 nt=1434] KSP converged reason: 4, iterations: 1
  [a=15 b=21 nt=1431] KSP converged reason: 4, iterations: 1
  [a=15 b=21 nt=1443] KSP converged reason: 4, iterations: 1
  [2685] viol   f=   0.192  a=15.1 b=21.1 gap=19.6 (face=3.2mm) n=[140, 174, 213, 203, 180, 207, 58, 215, 62]  tape=0.184km B=9.94T unif=0.620% hoop=74MPa
  [2686] viol   f=   0.209  a=15.1 b=21.0 gap=19.6 (face=3.1mm) n=[143, 178, 210, 213, 184, 204, 51, 203, 52]  tape=0.180km B=9.88T unif=0.902% hoop=72MPa
  [2687] viol   f=   0.182  a=15.1 b=20.9 gap=19.6 (face=3.1mm) n=[142, 180, 210, 207, 178, 192, 64, 205, 65]  tape=0.181km B=9.98T unif=0.965% hoop=72MPa
  [2688] viol   f=   0.195  a=15.2 b=21.1 gap=19.6 (face=3.2mm) n=[142, 176, 217, 208, 178, 208, 63, 210, 70]  tape=0.187km B=9.94T unif=0.609% hoop=73MPa
  [2689] viol   f=   0.765  a=15.1 b=21.2 gap=19.6 (face=3.1mm) n=[141, 182, 209, 212, 187, 203, 57, 210, 53]  tape=0.183km B=9.95T unif=1.054% hoop=76MPa
  [2690] viol   f=   0.277  a=15.2 b=21.2 gap=19.6 (face=3.2mm) n=[141, 180, 217, 211, 166, 209, 55, 205, 50]  tape=0.183km B=9.78T unif=0.818% hoop=72MPa
  [2691] viol   f=   0.247  a=15.2 b=21.2 gap=19.6 (face=3.1mm) n=[138, 175, 215, 196, 177, 194, 57, 216, 50]  tape=0.181km B=9.82T unif=0.734% hoop=75MPa
  [2692] OK     f=   0.180  a=15.1 b=21.1 gap=19.6 (face=3.1mm) n=[141, 177, 208, 208, 184, 196, 53, 212, 50]  tape=0.180km B=10.12T unif=0.705% hoop=76MPa
  [2693] OK     f=   0.181  a=15.1 b=21.2 gap=19.6 (face=3.1mm) n=[140, 177, 211, 202, 191, 201, 50, 209, 53]  tape=0.181km B=10.01T unif=0.814% hoop=74MPa
  [2694] viol   f=   0.207  a=15.3 b=21.1 gap=19.6 (face=3.2mm) n=[141, 169, 223, 192, 184, 192, 50, 215, 65]  tape=0.185km B=9.90T unif=0.541% hoop=77MPa
  [2695] viol   f=   1.270  a=15.2 b=21.3 gap=19.6 (face=3.2mm) n=[139, 179, 214, 201, 183, 197, 62, 215, 53]  tape=0.185km B=9.89T unif=1.073% hoop=73MPa
  [a=15 b=21 nt=1435] KSP converged reason: 4, iterations: 1
  [a=15 b=21 nt=1441] KSP converged reason: 4, iterations: 1
  [a=15 b=21 nt=1445] KSP converged reason: 4, iterations: 1
  [a=15 b=21 nt=1435] KSP converged reason: 4, iterations: 1
  [a=15 b=21 nt=1450] KSP converged reason: 4, iterations: 1
  [a=15 b=21 nt=1460] KSP converged reason: 4, iterations: 1
  [a=15 b=21 nt=1433] KSP converged reason: 4, iterations: 1
  [a=15 b=21 nt=1442] KSP converged reason: 4, iterations: 1
  [a=15 b=21 nt=1446] KSP converged reason: 4, iterations: 1
  [a=15 b=21 nt=1440] KSP converged reason: 4, iterations: 1
  [a=15 b=21 nt=1419] KSP converged reason: 4, iterations: 1
  [2696] OK     f=   0.184  a=15.1 b=21.0 gap=19.6 (face=3.1mm) n=[144, 174, 225, 201, 171, 196, 51, 215, 58]  tape=0.184km B=10.14T unif=0.449% hoop=79MPa
  [2697] viol   f=   0.274  a=15.1 b=20.9 gap=19.6 (face=3.1mm) n=[141, 174, 220, 200, 173, 201, 69, 217, 50]  tape=0.183km B=9.79T unif=0.694% hoop=73MPa
  [2698] viol   f=   0.216  a=15.0 b=21.1 gap=19.6 (face=3.1mm) n=[138, 175, 203, 211, 187, 207, 59, 219, 51]  tape=0.184km B=9.87T unif=0.948% hoop=75MPa
  [2699] OK     f=   0.183  a=15.0 b=21.1 gap=19.6 (face=3.1mm) n=[142, 176, 218, 201, 190, 188, 51, 213, 62]  tape=0.183km B=10.16T unif=0.657% hoop=77MPa
  [2700] viol   f=   3.093  a=15.0 b=21.1 gap=19.6 (face=3.1mm) n=[138, 181, 196, 211, 202, 198, 67, 212, 55]  tape=0.183km B=10.10T unif=1.121% hoop=77MPa
  [2701] viol   f=   0.221  a=15.1 b=21.0 gap=19.6 (face=3.1mm) n=[143, 175, 215, 203, 192, 199, 56, 200, 52]  tape=0.182km B=9.86T unif=0.795% hoop=73MPa
  [2702] OK     f=   0.181  a=15.2 b=21.0 gap=19.6 (face=3.1mm) n=[141, 172, 215, 203, 180, 201, 53, 212, 56]  tape=0.181km B=10.06T unif=0.583% hoop=78MPa
  [2703] viol   f=   0.184  a=15.1 b=21.1 gap=19.6 (face=3.1mm) n=[141, 176, 215, 203, 185, 200, 51, 216, 55]  tape=0.182km B=9.97T unif=0.635% hoop=75MPa
  [2704] viol   f=   0.202  a=15.2 b=21.2 gap=19.6 (face=3.1mm) n=[142, 174, 214, 203, 184, 198, 56, 209, 66]  tape=0.184km B=9.90T unif=0.714% hoop=74MPa
  [2705] viol   f=   0.227  a=15.2 b=21.2 gap=19.6 (face=3.1mm) n=[141, 177, 214, 204, 183, 195, 60, 210, 56]  tape=0.183km B=9.85T unif=0.822% hoop=72MPa
  [2706] viol   f=   0.357  a=15.1 b=21.1 gap=19.6 (face=3.1mm) n=[140, 175, 219, 197, 174, 199, 55, 208, 52]  tape=0.182km B=9.70T unif=0.720% hoop=73MPa
  [a=15 b=21 nt=1444] KSP converged reason: 4, iterations: 1
  [a=15 b=21 nt=1433] KSP converged reason: 4, iterations: 1
  [a=15 b=21 nt=1432] KSP converged reason: 4, iterations: 1
  [a=15 b=21 nt=1430] KSP converged reason: 4, iterations: 1
  [a=15 b=21 nt=1409] KSP converged reason: 4, iterations: 1
  [a=15 b=21 nt=1447] KSP converged reason: 4, iterations: 1
  [a=15 b=21 nt=1437] KSP converged reason: 4, iterations: 1
  [a=15 b=21 nt=1439] KSP converged reason: 4, iterations: 1
  [a=15 b=21 nt=1430] KSP converged reason: 4, iterations: 1
  [a=15 b=21 nt=1454] KSP converged reason: 4, iterations: 1
  [a=15 b=21 nt=1416] KSP converged reason: 4, iterations: 1
  [2707] viol   f=   0.362  a=15.0 b=21.0 gap=19.6 (face=3.1mm) n=[140, 175, 210, 207, 172, 196, 54, 205, 50]  tape=0.177km B=9.70T unif=0.952% hoop=72MPa
  [2708] viol   f=   0.200  a=15.1 b=21.1 gap=19.6 (face=3.1mm) n=[143, 175, 215, 206, 187, 199, 58, 210, 54]  tape=0.183km B=9.91T unif=0.819% hoop=73MPa
  [2709] viol   f=   0.184  a=15.1 b=21.0 gap=19.6 (face=3.1mm) n=[142, 172, 214, 203, 188, 198, 50, 213, 53]  tape=0.181km B=9.96T unif=0.571% hoop=75MPa
  [2710] viol   f=   4.533  a=15.1 b=21.0 gap=19.6 (face=3.1mm) n=[142, 178, 210, 210, 183, 203, 51, 217, 50]  tape=0.182km B=9.72T unif=1.145% hoop=70MPa
  [2711] viol   f=   0.290  a=15.1 b=21.0 gap=19.6 (face=3.1mm) n=[142, 180, 215, 203, 191, 189, 51, 209, 50]  tape=0.181km B=9.77T unif=0.764% hoop=115MPa
  [2712] viol   f=   0.367  a=15.1 b=21.1 gap=19.6 (face=3.1mm) n=[141, 176, 212, 206, 179, 204, 52, 212, 50]  tape=0.180km B=9.69T unif=0.858% hoop=70MPa
  [2713] OK     f=   0.181  a=15.0 b=21.0 gap=19.6 (face=3.1mm) n=[142, 178, 216, 208, 174, 205, 56, 208, 50]  tape=0.181km B=10.08T unif=0.691% hoop=74MPa
  [2714] OK     f=   0.181  a=15.2 b=21.0 gap=19.6 (face=3.1mm) n=[141, 175, 210, 200, 189, 189, 57, 207, 71]  tape=0.181km B=10.00T unif=0.852% hoop=75MPa
  [2715] OK     f=   0.180  a=15.1 b=20.9 gap=19.6 (face=3.1mm) n=[143, 173, 217, 202, 180, 198, 52, 215, 50]  tape=0.180km B=10.12T unif=0.707% hoop=77MPa
  [2716] viol   f=   0.197  a=15.1 b=21.1 gap=19.6 (face=3.1mm) n=[143, 178, 216, 209, 180, 198, 65, 214, 51]  tape=0.184km B=9.92T unif=0.773% hoop=72MPa
  [2717] viol   f=   0.308  a=15.1 b=21.0 gap=19.6 (face=3.1mm) n=[142, 177, 220, 203, 175, 188, 54, 206, 51]  tape=0.181km B=9.75T unif=0.697% hoop=72MPa
  [a=15 b=21 nt=1430] KSP converged reason: 4, iterations: 1
  [a=15 b=21 nt=1430] KSP converged reason: 4, iterations: 1
  [a=15 b=21 nt=1432] KSP converged reason: 4, iterations: 1
  [a=15 b=21 nt=1420] KSP converged reason: 4, iterations: 1
  [a=15 b=21 nt=1457] KSP converged reason: 4, iterations: 1
  [a=15 b=21 nt=1428] KSP converged reason: 4, iterations: 1
  [a=15 b=21 nt=1439] KSP converged reason: 4, iterations: 1
  [a=15 b=21 nt=1451] KSP converged reason: 4, iterations: 1
  [a=15 b=21 nt=1421] KSP converged reason: 4, iterations: 1
  [a=15 b=21 nt=1441] KSP converged reason: 4, iterations: 1
  [a=15 b=21 nt=1431] KSP converged reason: 4, iterations: 1
  [2718] viol   f=  14.357  a=15.0 b=20.8 gap=19.6 (face=3.1mm) n=[143, 175, 216, 201, 174, 199, 56, 211, 53]  tape=0.180km B=9.84T unif=1.266% hoop=75MPa
  [2719] viol   f=   0.397  a=15.1 b=21.0 gap=19.6 (face=3.1mm) n=[141, 171, 217, 202, 182, 200, 50, 207, 50]  tape=0.180km B=9.67T unif=0.908% hoop=72MPa
  [2720] viol   f=   0.272  a=15.1 b=21.0 gap=19.6 (face=3.1mm) n=[143, 173, 222, 200, 178, 197, 52, 210, 55]  tape=0.183km B=9.79T unif=0.917% hoop=74MPa
  [2721] OK     f=   0.181  a=15.0 b=21.0 gap=19.6 (face=3.1mm) n=[142, 172, 213, 198, 191, 194, 55, 215, 52]  tape=0.181km B=10.03T unif=0.930% hoop=76MPa
  [2722] OK     f=   0.182  a=15.1 b=20.9 gap=19.6 (face=3.1mm) n=[143, 176, 213, 206, 188, 201, 55, 213, 62]  tape=0.182km B=10.25T unif=0.607% hoop=77MPa
  [2723] viol   f=   0.439  a=15.0 b=20.8 gap=19.5 (face=3.1mm) n=[141, 174, 217, 199, 184, 198, 50, 217, 50]  tape=0.180km B=9.64T unif=0.828% hoop=70MPa
  [2724] OK     f=   0.182  a=15.1 b=21.0 gap=19.6 (face=3.1mm) n=[143, 175, 217, 210, 169, 203, 53, 211, 58]  tape=0.182km B=10.08T unif=0.551% hoop=76MPa
  [2725] OK     f=   0.182  a=15.1 b=21.0 gap=19.6 (face=3.1mm) n=[143, 179, 210, 213, 191, 199, 54, 203, 59]  tape=0.182km B=10.01T unif=0.849% hoop=73MPa
  [2726] OK     f=   0.180  a=15.1 b=21.0 gap=19.6 (face=3.1mm) n=[142, 178, 217, 205, 167, 194, 50, 211, 57]  tape=0.180km B=10.06T unif=0.647% hoop=77MPa
  [2727] OK     f=   0.182  a=15.1 b=21.0 gap=19.6 (face=3.1mm) n=[142, 175, 213, 207, 181, 199, 58, 212, 54]  tape=0.182km B=10.03T unif=0.683% hoop=76MPa
  [2728] viol   f=   0.227  a=15.0 b=20.9 gap=19.6 (face=3.1mm) n=[143, 173, 215, 209, 182, 199, 50, 210, 50]  tape=0.179km B=9.85T unif=0.954% hoop=72MPa
  [a=15 b=21 nt=1431] KSP converged reason: 4, iterations: 1
  [a=15 b=21 nt=1426] KSP converged reason: 4, iterations: 1
  [a=15 b=21 nt=1421] KSP converged reason: 4, iterations: 1
  [a=15 b=21 nt=1430] KSP converged reason: 4, iterations: 1
  [a=15 b=21 nt=1430] KSP converged reason: 4, iterations: 1
  [a=15 b=21 nt=1417] KSP converged reason: 4, iterations: 1
  [a=15 b=21 nt=1421] KSP converged reason: 4, iterations: 1
  [a=15 b=21 nt=1426] KSP converged reason: 4, iterations: 1
  [a=15 b=21 nt=1424] KSP converged reason: 4, iterations: 1
  [a=15 b=21 nt=1424] KSP converged reason: 4, iterations: 1
  [a=15 b=21 nt=1435] KSP converged reason: 4, iterations: 1
  [2729] OK     f=   0.180  a=15.0 b=20.9 gap=19.6 (face=3.1mm) n=[142, 173, 218, 200, 175, 195, 50, 215, 53]  tape=0.180km B=10.04T unif=0.628% hoop=77MPa
  [2730] viol   f=   3.185  a=15.1 b=21.0 gap=19.6 (face=3.1mm) n=[140, 173, 214, 200, 176, 193, 50, 219, 52]  tape=0.180km B=9.57T unif=1.115% hoop=71MPa
  [2731] viol   f=   0.592  a=15.1 b=20.9 gap=19.6 (face=3.1mm) n=[141, 176, 211, 205, 178, 195, 52, 215, 53]  tape=0.180km B=9.65T unif=1.029% hoop=71MPa
  [2732] OK     f=   0.184  a=15.1 b=21.0 gap=19.6 (face=3.1mm) n=[145, 174, 226, 200, 174, 189, 50, 215, 58]  tape=0.184km B=10.17T unif=0.408% hoop=79MPa
  [2733] viol   f=   1.096  a=15.1 b=21.0 gap=19.6 (face=3.1mm) n=[143, 182, 217, 206, 179, 195, 50, 206, 52]  tape=0.181km B=9.88T unif=1.067% hoop=71MPa
  [2734] OK     f=   0.179  a=15.1 b=21.0 gap=19.6 (face=3.1mm) n=[142, 178, 211, 207, 179, 198, 50, 207, 58]  tape=0.179km B=10.16T unif=0.642% hoop=76MPa
  [2735] OK     f=   0.180  a=15.0 b=21.0 gap=19.6 (face=3.1mm) n=[141, 176, 218, 204, 174, 190, 55, 213, 50]  tape=0.180km B=10.04T unif=0.585% hoop=76MPa
  [2736] viol   f=   0.243  a=15.1 b=20.9 gap=19.6 (face=3.1mm) n=[141, 177, 217, 204, 167, 194, 56, 214, 56]  tape=0.180km B=9.82T unif=0.741% hoop=73MPa
  [2737] viol   f=   0.268  a=15.1 b=21.1 gap=19.6 (face=3.1mm) n=[142, 176, 212, 205, 186, 195, 54, 203, 51]  tape=0.180km B=9.79T unif=0.961% hoop=71MPa
  [2738] viol   f=   0.225  a=15.1 b=20.9 gap=19.6 (face=3.1mm) n=[141, 177, 212, 208, 168, 197, 57, 210, 54]  tape=0.179km B=9.85T unif=0.774% hoop=72MPa
  [2739] viol   f=   0.182  a=15.1 b=21.1 gap=19.6 (face=3.1mm) n=[141, 174, 216, 203, 182, 200, 59, 209, 51]  tape=0.182km B=9.99T unif=0.594% hoop=76MPa
  [a=15 b=21 nt=1431] KSP converged reason: 4, iterations: 1
  [a=15 b=21 nt=1434] KSP converged reason: 4, iterations: 1
  [a=15 b=21 nt=1423] KSP converged reason: 4, iterations: 1
  [a=15 b=21 nt=1415] KSP converged reason: 4, iterations: 1
  [a=15 b=21 nt=1420] KSP converged reason: 4, iterations: 1
  [a=15 b=21 nt=1437] KSP converged reason: 4, iterations: 1
  [a=15 b=21 nt=1426] KSP converged reason: 4, iterations: 1
  [a=15 b=21 nt=1432] KSP converged reason: 4, iterations: 1
  [a=15 b=21 nt=1423] KSP converged reason: 4, iterations: 1
  [a=15 b=21 nt=1409] KSP converged reason: 4, iterations: 1
  [a=15 b=21 nt=1428] KSP converged reason: 4, iterations: 1
  [2740] viol   f=   0.327  a=15.1 b=20.9 gap=19.6 (face=3.1mm) n=[143, 170, 220, 204, 172, 191, 53, 214, 53]  tape=0.181km B=9.78T unif=1.015% hoop=77MPa
  [2741] viol   f=   0.712  a=15.1 b=21.0 gap=19.6 (face=3.1mm) n=[141, 175, 214, 205, 174, 194, 50, 218, 52]  tape=0.180km B=9.64T unif=1.037% hoop=71MPa
  [2742] viol   f=   0.229  a=15.2 b=21.1 gap=19.6 (face=3.1mm) n=[143, 180, 215, 209, 173, 200, 50, 206, 55]  tape=0.182km B=9.85T unif=0.864% hoop=77MPa
  [2743] viol   f=   0.368  a=15.0 b=21.0 gap=19.6 (face=3.1mm) n=[141, 175, 216, 200, 175, 193, 50, 215, 50]  tape=0.179km B=9.69T unif=0.946% hoop=71MPa
  [2744] viol   f=   0.231  a=15.1 b=21.1 gap=19.6 (face=3.1mm) n=[142, 178, 213, 208, 183, 200, 53, 207, 50]  tape=0.181km B=9.84T unif=0.759% hoop=71MPa
  [2745] OK     f=   0.181  a=15.1 b=21.1 gap=19.6 (face=3.1mm) n=[141, 179, 211, 206, 184, 195, 50, 205, 66]  tape=0.181km B=10.04T unif=0.855% hoop=74MPa
  [2746] viol   f=   0.238  a=15.0 b=21.0 gap=19.6 (face=3.1mm) n=[142, 176, 214, 212, 177, 195, 53, 206, 51]  tape=0.180km B=9.83T unif=0.743% hoop=72MPa
  [2747] viol   f=   0.187  a=15.1 b=21.0 gap=19.6 (face=3.2mm) n=[143, 171, 226, 199, 169, 193, 65, 214, 52]  tape=0.185km B=9.97T unif=0.451% hoop=77MPa
  [2748] viol   f=   0.183  a=15.0 b=20.9 gap=19.6 (face=3.1mm) n=[142, 171, 218, 199, 176, 187, 62, 214, 54]  tape=0.181km B=9.97T unif=0.952% hoop=76MPa
  [2749] viol   f=   2.107  a=15.0 b=20.9 gap=19.6 (face=3.1mm) n=[140, 172, 215, 199, 174, 196, 50, 206, 57]  tape=0.178km B=9.71T unif=1.094% hoop=71MPa
  [2750] OK     f=   0.181  a=15.1 b=20.9 gap=19.6 (face=3.1mm) n=[143, 176, 217, 205, 172, 193, 52, 212, 58]  tape=0.181km B=10.09T unif=0.693% hoop=81MPa
  [a=15 b=21 nt=1437] KSP converged reason: 4, iterations: 1
  [a=15 b=21 nt=1413] KSP converged reason: 4, iterations: 1
  [a=15 b=21 nt=1420] KSP converged reason: 4, iterations: 1
  [a=15 b=21 nt=1433] KSP converged reason: 4, iterations: 1
  [a=15 b=21 nt=1425] KSP converged reason: 4, iterations: 1
  [a=15 b=21 nt=1434] KSP converged reason: 4, iterations: 1
  [a=15 b=21 nt=1430] KSP converged reason: 4, iterations: 1
  [a=15 b=21 nt=1438] KSP converged reason: 4, iterations: 1
  [a=15 b=21 nt=1417] KSP converged reason: 4, iterations: 1
  [a=15 b=21 nt=1433] KSP converged reason: 4, iterations: 1
  [a=15 b=21 nt=1413] KSP converged reason: 4, iterations: 1
  [2751] viol   f=   0.202  a=15.1 b=21.0 gap=19.6 (face=3.1mm) n=[143, 179, 214, 210, 172, 194, 53, 204, 64]  tape=0.181km B=9.90T unif=0.885% hoop=73MPa
  [2752] viol   f=   0.278  a=15.1 b=21.1 gap=19.6 (face=3.1mm) n=[141, 176, 212, 205, 180, 191, 55, 206, 54]  tape=0.180km B=9.78T unif=0.794% hoop=72MPa
  [2753] viol   f=   0.209  a=15.1 b=21.0 gap=19.6 (face=3.1mm) n=[141, 178, 212, 204, 181, 198, 55, 205, 63]  tape=0.181km B=9.88T unif=0.879% hoop=71MPa
  [2754] viol   f=   0.559  a=15.1 b=20.9 gap=19.6 (face=3.1mm) n=[142, 179, 212, 205, 166, 194, 60, 209, 58]  tape=0.180km B=9.85T unif=1.041% hoop=72MPa
  [2755] OK     f=   0.178  a=15.1 b=21.0 gap=19.6 (face=3.1mm) n=[140, 173, 212, 206, 177, 190, 50, 209, 56]  tape=0.178km B=10.05T unif=0.622% hoop=76MPa
  [2756] viol   f=   0.226  a=15.1 b=21.0 gap=19.6 (face=3.2mm) n=[143, 176, 219, 207, 171, 194, 58, 208, 58]  tape=0.183km B=9.85T unif=0.657% hoop=73MPa
  [2757] viol   f=   0.229  a=15.2 b=21.1 gap=19.6 (face=3.1mm) n=[142, 172, 222, 198, 176, 192, 65, 213, 50]  tape=0.184km B=9.85T unif=0.554% hoop=74MPa
  [2758] viol   f=   0.184  a=15.1 b=21.0 gap=19.6 (face=3.1mm) n=[142, 174, 219, 200, 174, 194, 59, 207, 69]  tape=0.184km B=9.99T unif=0.706% hoop=76MPa
  [2759] viol   f=   0.311  a=15.1 b=21.0 gap=19.6 (face=3.1mm) n=[143, 176, 222, 204, 173, 192, 50, 204, 53]  tape=0.182km B=9.75T unif=0.633% hoop=73MPa
  [2760] viol   f=   0.282  a=15.1 b=21.0 gap=19.6 (face=3.1mm) n=[141, 175, 216, 210, 174, 193, 51, 213, 60]  tape=0.182km B=10.13T unif=1.022% hoop=78MPa
  [2761] OK     f=   0.180  a=15.1 b=21.0 gap=19.6 (face=3.1mm) n=[142, 176, 219, 200, 168, 192, 55, 210, 51]  tape=0.180km B=10.03T unif=0.570% hoop=77MPa
  [a=15 b=21 nt=1421] KSP converged reason: 4, iterations: 1
  [a=15 b=21 nt=1430] KSP converged reason: 4, iterations: 1
  [a=15 b=21 nt=1414] KSP converged reason: 4, iterations: 1
  [a=15 b=21 nt=1416] KSP converged reason: 4, iterations: 1
  [a=15 b=21 nt=1434] KSP converged reason: 4, iterations: 1
  [a=15 b=21 nt=1406] KSP converged reason: 4, iterations: 1
  [a=15 b=21 nt=1416] KSP converged reason: 4, iterations: 1
  [a=15 b=21 nt=1424] KSP converged reason: 4, iterations: 1
  [a=15 b=21 nt=1415] KSP converged reason: 4, iterations: 1
  [a=15 b=21 nt=1423] KSP converged reason: 4, iterations: 1
  [a=15 b=21 nt=1428] KSP converged reason: 4, iterations: 1
  [2762] OK     f=   0.180  a=15.1 b=21.0 gap=19.6 (face=3.1mm) n=[141, 180, 210, 207, 181, 195, 52, 211, 57]  tape=0.180km B=10.07T unif=0.869% hoop=79MPa
  [2763] viol   f=   0.186  a=15.1 b=21.0 gap=19.6 (face=3.1mm) n=[140, 176, 211, 205, 172, 188, 51, 211, 62]  tape=0.179km B=9.94T unif=0.646% hoop=75MPa
  [2764] viol   f=   0.191  a=15.1 b=21.0 gap=19.6 (face=3.1mm) n=[140, 174, 211, 205, 178, 194, 50, 209, 53]  tape=0.178km B=9.92T unif=0.654% hoop=74MPa
  [2765] viol   f=   0.373  a=15.0 b=20.9 gap=19.6 (face=3.1mm) n=[142, 171, 224, 205, 169, 198, 52, 209, 51]  tape=0.182km B=9.69T unif=0.464% hoop=72MPa
  [2766] viol   f=   0.268  a=15.1 b=21.0 gap=19.6 (face=3.1mm) n=[141, 170, 218, 208, 166, 199, 61, 210, 57]  tape=0.182km B=9.79T unif=0.845% hoop=73MPa
  [2767] viol   f= 263.226  a=15.0 b=21.0 gap=19.6 (face=3.1mm) n=[138, 175, 206, 205, 179, 196, 50, 207, 50]  tape=0.175km B=8.96T unif=2.142% hoop=88MPa
  [2768] viol   f=   0.367  a=15.1 b=21.0 gap=19.6 (face=3.1mm) n=[138, 180, 203, 205, 180, 189, 50, 203, 68]  tape=0.177km B=9.95T unif=1.030% hoop=73MPa
  [2769] viol   f=   0.200  a=15.0 b=20.9 gap=19.6 (face=3.1mm) n=[141, 172, 218, 199, 179, 189, 61, 215, 50]  tape=0.180km B=9.90T unif=0.616% hoop=74MPa
  [2770] viol   f=   0.336  a=15.1 b=21.0 gap=19.6 (face=3.1mm) n=[142, 175, 215, 205, 174, 194, 51, 207, 52]  tape=0.179km B=9.72T unif=0.838% hoop=72MPa
  [2771] viol   f=   0.181  a=15.1 b=21.0 gap=19.6 (face=3.1mm) n=[139, 177, 209, 198, 183, 189, 59, 215, 54]  tape=0.180km B=9.98T unif=0.835% hoop=75MPa
  [2772] OK     f=   0.181  a=15.1 b=20.9 gap=19.6 (face=3.1mm) n=[142, 170, 216, 203, 172, 192, 50, 211, 72]  tape=0.181km B=10.06T unif=0.730% hoop=78MPa
  [a=15 b=21 nt=1425] KSP converged reason: 4, iterations: 1
  [a=15 b=21 nt=1426] KSP converged reason: 4, iterations: 1
  [a=15 b=21 nt=1424] KSP converged reason: 4, iterations: 1
  [a=15 b=21 nt=1437] KSP converged reason: 4, iterations: 1
  [a=15 b=21 nt=1427] KSP converged reason: 4, iterations: 1
  [a=15 b=21 nt=1433] KSP converged reason: 4, iterations: 1
  [a=15 b=21 nt=1424] KSP converged reason: 4, iterations: 1
  [a=15 b=21 nt=1426] KSP converged reason: 4, iterations: 1
  [a=15 b=21 nt=1431] KSP converged reason: 4, iterations: 1
  [a=15 b=21 nt=1420] KSP converged reason: 4, iterations: 1
  [a=15 b=21 nt=1437] KSP converged reason: 4, iterations: 1
  [2773] OK     f=   0.181  a=15.1 b=21.0 gap=19.6 (face=3.1mm) n=[142, 176, 212, 207, 184, 192, 50, 206, 68]  tape=0.181km B=10.23T unif=0.637% hoop=81MPa
  [2774] viol   f=   0.204  a=15.1 b=21.0 gap=19.6 (face=3.1mm) n=[140, 177, 212, 203, 178, 196, 50, 211, 57]  tape=0.179km B=9.89T unif=0.746% hoop=73MPa
  [2775] viol   f=   0.225  a=15.1 b=21.0 gap=19.6 (face=3.1mm) n=[137, 175, 204, 203, 181, 195, 51, 212, 69]  tape=0.180km B=9.85T unif=0.917% hoop=74MPa
  [2776] viol   f=   0.184  a=15.1 b=20.9 gap=19.6 (face=3.1mm) n=[139, 179, 207, 205, 179, 195, 50, 212, 67]  tape=0.180km B=9.96T unif=0.955% hoop=78MPa
  [2777] viol   f=   0.219  a=15.1 b=21.0 gap=19.6 (face=3.1mm) n=[140, 175, 212, 197, 185, 191, 50, 218, 57]  tape=0.181km B=9.86T unif=0.867% hoop=75MPa
  [2778] viol   f=   0.208  a=15.1 b=20.9 gap=19.6 (face=3.1mm) n=[141, 176, 213, 205, 175, 194, 50, 214, 58]  tape=0.180km B=9.88T unif=0.747% hoop=75MPa
  [2779] OK     f=   0.180  a=15.1 b=20.8 gap=19.6 (face=3.1mm) n=[141, 176, 216, 196, 181, 184, 55, 212, 63]  tape=0.180km B=10.06T unif=0.701% hoop=76MPa
  [2780] viol   f=   0.222  a=15.1 b=21.0 gap=19.6 (face=3.1mm) n=[141, 177, 206, 208, 180, 196, 50, 210, 63]  tape=0.179km B=9.94T unif=1.013% hoop=78MPa
  [2781] viol   f=   0.389  a=15.0 b=20.9 gap=19.6 (face=3.1mm) n=[140, 178, 212, 207, 177, 196, 52, 213, 51]  tape=0.179km B=9.68T unif=0.888% hoop=69MPa
  [2782] viol   f=  11.470  a=15.0 b=21.0 gap=19.6 (face=3.1mm) n=[141, 178, 211, 203, 179, 193, 51, 214, 50]  tape=0.179km B=9.61T unif=1.234% hoop=73MPa
  [2783] viol   f=   0.192  a=15.1 b=21.0 gap=19.6 (face=3.1mm) n=[139, 178, 209, 205, 181, 195, 51, 212, 67]  tape=0.181km B=9.93T unif=0.848% hoop=74MPa
  [a=15 b=21 nt=1427] KSP converged reason: 4, iterations: 1
  [a=15 b=21 nt=1439] KSP converged reason: 4, iterations: 1
  [a=15 b=21 nt=1433] KSP converged reason: 4, iterations: 1
  [a=15 b=21 nt=1435] KSP converged reason: 4, iterations: 1
  [a=15 b=21 nt=1419] KSP converged reason: 4, iterations: 1
  [a=15 b=21 nt=1436] KSP converged reason: 4, iterations: 1
  [a=15 b=21 nt=1430] KSP converged reason: 4, iterations: 1
  [a=15 b=21 nt=1426] KSP converged reason: 4, iterations: 1
  [a=15 b=21 nt=1418] KSP converged reason: 4, iterations: 1
  [a=15 b=21 nt=1427] KSP converged reason: 4, iterations: 1
  [a=15 b=21 nt=1436] KSP converged reason: 4, iterations: 1
  [2784] OK     f=   0.180  a=15.1 b=20.9 gap=19.6 (face=3.1mm) n=[142, 178, 213, 203, 183, 193, 50, 208, 65]  tape=0.180km B=10.21T unif=0.746% hoop=78MPa
  [2785] OK     f=   0.180  a=15.1 b=20.9 gap=19.6 (face=3.1mm) n=[141, 175, 212, 203, 185, 193, 54, 210, 63]  tape=0.180km B=10.06T unif=0.628% hoop=75MPa
  [2786] viol   f=   0.189  a=15.1 b=20.9 gap=19.6 (face=3.1mm) n=[139, 175, 208, 198, 183, 189, 59, 213, 69]  tape=0.181km B=9.94T unif=0.973% hoop=76MPa
  [2787] viol   f=   0.186  a=15.1 b=20.9 gap=19.6 (face=3.1mm) n=[142, 178, 216, 199, 181, 183, 63, 213, 64]  tape=0.182km B=9.96T unif=0.897% hoop=74MPa
  [2788] viol   f=   0.227  a=15.1 b=20.9 gap=19.6 (face=3.1mm) n=[144, 176, 223, 200, 173, 187, 53, 207, 64]  tape=0.183km B=9.85T unif=0.841% hoop=78MPa
  [2789] viol   f=   0.180  a=15.1 b=21.0 gap=19.6 (face=3.1mm) n=[140, 177, 216, 196, 177, 184, 54, 216, 59]  tape=0.180km B=10.00T unif=0.865% hoop=80MPa
  [2790] viol   f=   0.181  a=15.1 b=20.9 gap=19.6 (face=3.1mm) n=[139, 176, 212, 198, 179, 188, 56, 208, 70]  tape=0.180km B=9.99T unif=0.710% hoop=78MPa
  [2791] OK     f=   0.182  a=15.1 b=20.9 gap=19.6 (face=3.1mm) n=[141, 177, 217, 200, 176, 184, 54, 211, 70]  tape=0.182km B=10.13T unif=0.592% hoop=78MPa
  [2792] OK     f=   0.180  a=15.2 b=21.1 gap=19.6 (face=3.1mm) n=[141, 176, 214, 205, 173, 190, 50, 211, 58]  tape=0.180km B=10.02T unif=0.688% hoop=78MPa
  [2793] OK     f=   0.179  a=15.0 b=20.8 gap=19.6 (face=3.1mm) n=[141, 180, 207, 204, 182, 195, 51, 210, 66]  tape=0.179km B=10.03T unif=0.983% hoop=74MPa
  [2794] viol   f=   0.180  a=15.1 b=20.9 gap=19.6 (face=3.1mm) n=[140, 177, 212, 196, 183, 187, 50, 210, 72]  tape=0.180km B=9.99T unif=0.969% hoop=74MPa
  [a=15 b=21 nt=1432] KSP converged reason: 4, iterations: 1
  [a=15 b=21 nt=1432] KSP converged reason: 4, iterations: 1
  [a=15 b=21 nt=1427] KSP converged reason: 4, iterations: 1
  [a=15 b=21 nt=1440] KSP converged reason: 4, iterations: 1
  [a=15 b=21 nt=1425] KSP converged reason: 4, iterations: 1
  [a=15 b=21 nt=1442] KSP converged reason: 4, iterations: 1
  [a=15 b=21 nt=1430] KSP converged reason: 4, iterations: 1
  [a=15 b=21 nt=1438] KSP converged reason: 4, iterations: 1
  [a=15 b=21 nt=1424] KSP converged reason: 4, iterations: 1
  [a=15 b=21 nt=1453] KSP converged reason: 4, iterations: 1
  [a=15 b=21 nt=1442] KSP converged reason: 4, iterations: 1
  [2795] viol   f=   0.215  a=15.1 b=20.9 gap=19.6 (face=3.1mm) n=[139, 179, 207, 201, 177, 190, 50, 213, 69]  tape=0.180km B=9.87T unif=0.969% hoop=75MPa
  [2796] viol   f=   7.186  a=15.1 b=20.8 gap=19.6 (face=3.1mm) n=[140, 177, 213, 193, 179, 180, 69, 210, 71]  tape=0.181km B=9.79T unif=1.186% hoop=72MPa
  [2797] viol   f=   0.225  a=15.1 b=20.8 gap=19.6 (face=3.1mm) n=[139, 178, 206, 201, 187, 197, 50, 208, 76]  tape=0.179km B=9.85T unif=0.952% hoop=71MPa
  [2798] OK     f=   0.181  a=15.1 b=20.9 gap=19.6 (face=3.1mm) n=[143, 177, 219, 200, 180, 190, 50, 207, 61]  tape=0.181km B=10.11T unif=0.613% hoop=77MPa
  [2799] viol   f=   0.183  a=15.1 b=20.9 gap=19.6 (face=3.1mm) n=[141, 177, 215, 205, 180, 198, 50, 212, 54]  tape=0.180km B=9.97T unif=0.669% hoop=74MPa
  [2800] viol   f=   2.032  a=15.1 b=20.9 gap=19.6 (face=3.1mm) n=[140, 182, 204, 205, 181, 192, 50, 208, 78]  tape=0.180km B=9.90T unif=1.096% hoop=72MPa
  [2801] viol   f=   1.539  a=15.0 b=20.8 gap=19.6 (face=3.1mm) n=[141, 180, 210, 201, 181, 195, 54, 207, 61]  tape=0.178km B=10.00T unif=1.082% hoop=73MPa
  [2802] viol   f=   0.191  a=15.1 b=20.9 gap=19.6 (face=3.1mm) n=[140, 181, 206, 205, 181, 195, 55, 210, 65]  tape=0.180km B=9.92T unif=0.952% hoop=72MPa
  [2803] viol   f=   0.186  a=15.1 b=20.9 gap=19.6 (face=3.1mm) n=[139, 178, 211, 200, 174, 192, 52, 211, 67]  tape=0.179km B=9.94T unif=0.864% hoop=74MPa
  [2804] OK     f=   0.182  a=15.2 b=20.9 gap=19.6 (face=3.1mm) n=[141, 179, 208, 203, 186, 194, 56, 205, 81]  tape=0.182km B=10.10T unif=0.905% hoop=75MPa
  [2805] OK     f=   0.181  a=15.1 b=20.9 gap=19.6 (face=3.1mm) n=[141, 176, 211, 202, 177, 196, 54, 209, 76]  tape=0.181km B=10.03T unif=0.857% hoop=75MPa
  [a=15 b=21 nt=1442] KSP converged reason: 4, iterations: 1
  [a=15 b=21 nt=1454] KSP converged reason: 4, iterations: 1
  [a=15 b=21 nt=1444] KSP converged reason: 4, iterations: 1
  [a=15 b=21 nt=1423] KSP converged reason: 4, iterations: 1
  [a=15 b=21 nt=1436] KSP converged reason: 4, iterations: 1
  [a=15 b=21 nt=1437] KSP converged reason: 4, iterations: 1
  [a=15 b=21 nt=1446] KSP converged reason: 4, iterations: 1
  [a=15 b=21 nt=1419] KSP converged reason: 4, iterations: 1
  [a=15 b=21 nt=1448] KSP converged reason: 4, iterations: 1
  [a=15 b=21 nt=1455] KSP converged reason: 4, iterations: 1
  [a=15 b=21 nt=1452] KSP converged reason: 4, iterations: 1
  [2806] viol   f=   0.181  a=15.2 b=21.0 gap=19.6 (face=3.2mm) n=[140, 180, 210, 204, 178, 199, 52, 204, 70]  tape=0.181km B=10.00T unif=0.833% hoop=74MPa
  [2807] OK     f=   0.179  a=15.1 b=20.8 gap=19.6 (face=3.1mm) n=[140, 177, 208, 202, 179, 193, 50, 204, 83]  tape=0.179km B=10.12T unif=0.811% hoop=76MPa
  [2808] OK     f=   0.182  a=15.2 b=20.9 gap=19.6 (face=3.1mm) n=[140, 177, 210, 199, 182, 189, 56, 207, 84]  tape=0.182km B=10.12T unif=0.880% hoop=76MPa
  [2809] OK     f=   0.179  a=15.1 b=20.8 gap=19.6 (face=3.1mm) n=[139, 175, 213, 199, 177, 192, 50, 209, 69]  tape=0.179km B=10.11T unif=0.980% hoop=77MPa
  [2810] OK     f=   0.184  a=15.2 b=20.9 gap=19.6 (face=3.1mm) n=[143, 178, 217, 202, 176, 191, 50, 206, 79]  tape=0.184km B=10.04T unif=0.770% hoop=79MPa
  [2811] viol   f=   0.195  a=15.1 b=20.9 gap=19.6 (face=3.1mm) n=[142, 180, 214, 204, 184, 197, 55, 206, 72]  tape=0.183km B=10.19T unif=1.008% hoop=76MPa
  [2812] OK     f=   0.184  a=15.2 b=21.0 gap=19.6 (face=3.2mm) n=[142, 177, 215, 204, 181, 194, 51, 208, 74]  tape=0.184km B=10.12T unif=0.753% hoop=77MPa
  [2813] OK     f=   0.178  a=15.1 b=20.7 gap=19.6 (face=3.1mm) n=[139, 173, 213, 197, 180, 187, 52, 210, 68]  tape=0.178km B=10.06T unif=0.662% hoop=76MPa
  [2814] OK     f=   0.182  a=15.2 b=21.1 gap=19.6 (face=3.1mm) n=[142, 176, 211, 207, 185, 197, 53, 207, 70]  tape=0.182km B=10.04T unif=0.709% hoop=75MPa
  [2815] viol   f=   0.206  a=15.2 b=21.0 gap=19.6 (face=3.2mm) n=[141, 176, 215, 205, 178, 198, 51, 207, 84]  tape=0.185km B=9.90T unif=0.634% hoop=75MPa
  [2816] OK     f=   0.182  a=15.2 b=20.9 gap=19.6 (face=3.1mm) n=[141, 177, 212, 204, 179, 198, 51, 209, 81]  tape=0.182km B=10.04T unif=0.745% hoop=75MPa
  [a=15 b=21 nt=1423] KSP converged reason: 4, iterations: 1
  [a=15 b=21 nt=1415] KSP converged reason: 4, iterations: 1
  [a=15 b=21 nt=1442] KSP converged reason: 4, iterations: 1
  [a=15 b=21 nt=1424] KSP converged reason: 4, iterations: 1
  [a=15 b=21 nt=1409] KSP converged reason: 4, iterations: 1
  [a=15 b=21 nt=1437] KSP converged reason: 4, iterations: 1
  [a=15 b=21 nt=1426] KSP converged reason: 4, iterations: 1
  [a=15 b=21 nt=1431] KSP converged reason: 4, iterations: 1
  [a=15 b=21 nt=1423] KSP converged reason: 4, iterations: 1
  [a=15 b=21 nt=1408] KSP converged reason: 4, iterations: 1
  [a=15 b=21 nt=1444] KSP converged reason: 4, iterations: 1
  [2817] OK     f=   0.182  a=15.1 b=20.8 gap=19.6 (face=3.1mm) n=[143, 173, 221, 197, 184, 182, 50, 204, 69]  tape=0.182km B=10.07T unif=0.702% hoop=78MPa
  [2818] viol   f=   0.180  a=15.1 b=20.8 gap=19.6 (face=3.1mm) n=[141, 176, 214, 200, 176, 191, 51, 203, 72]  tape=0.180km B=9.98T unif=0.774% hoop=75MPa
  [2819] viol   f=   0.224  a=15.1 b=20.8 gap=19.6 (face=3.1mm) n=[141, 177, 213, 203, 178, 191, 56, 200, 83]  tape=0.182km B=9.85T unif=0.948% hoop=77MPa
  [2820] OK     f=   0.177  a=15.1 b=20.7 gap=19.6 (face=3.1mm) n=[141, 173, 213, 201, 171, 187, 50, 207, 66]  tape=0.177km B=10.05T unif=0.601% hoop=77MPa
  [2821] viol   f=   0.179  a=15.0 b=20.7 gap=19.6 (face=3.1mm) n=[139, 175, 214, 194, 177, 185, 55, 211, 65]  tape=0.178km B=9.98T unif=0.717% hoop=75MPa
  [2822] viol   f=   0.183  a=15.2 b=20.9 gap=19.6 (face=3.1mm) n=[139, 175, 208, 202, 182, 193, 51, 203, 84]  tape=0.180km B=9.96T unif=0.858% hoop=74MPa
  [2823] OK     f=   0.179  a=15.1 b=20.8 gap=19.6 (face=3.1mm) n=[139, 175, 214, 196, 185, 188, 50, 211, 68]  tape=0.179km B=10.11T unif=0.831% hoop=78MPa
  [2824] OK     f=   0.182  a=15.1 b=20.9 gap=19.6 (face=3.2mm) n=[141, 176, 219, 201, 172, 197, 51, 214, 60]  tape=0.182km B=10.11T unif=0.816% hoop=78MPa
  [2825] OK     f=   0.178  a=15.1 b=20.7 gap=19.6 (face=3.1mm) n=[138, 178, 207, 196, 178, 186, 53, 204, 83]  tape=0.178km B=10.05T unif=0.983% hoop=75MPa
  [2826] OK     f=   0.182  a=15.1 b=20.8 gap=19.6 (face=3.1mm) n=[140, 179, 209, 199, 182, 190, 59, 213, 73]  tape=0.182km B=10.05T unif=0.945% hoop=74MPa
  [2827] viol   f=   0.196  a=15.1 b=20.8 gap=19.6 (face=3.1mm) n=[139, 172, 217, 193, 177, 181, 53, 212, 64]  tape=0.179km B=9.91T unif=0.644% hoop=77MPa
  [a=15 b=21 nt=1436] KSP converged reason: 4, iterations: 1
  [a=15 b=21 nt=1433] KSP converged reason: 4, iterations: 1
  [a=15 b=21 nt=1403] KSP converged reason: 4, iterations: 1
  [a=15 b=21 nt=1417] KSP converged reason: 4, iterations: 1
  [a=15 b=21 nt=1440] KSP converged reason: 4, iterations: 1
  [a=15 b=21 nt=1421] KSP converged reason: 4, iterations: 1
  [a=15 b=21 nt=1424] KSP converged reason: 4, iterations: 1
  [a=15 b=21 nt=1417] KSP converged reason: 4, iterations: 1
  [a=15 b=21 nt=1422] KSP converged reason: 4, iterations: 1
  [a=15 b=21 nt=1424] KSP converged reason: 4, iterations: 1
  [a=15 b=21 nt=1410] KSP converged reason: 4, iterations: 1
  [2828] viol   f=   0.302  a=15.0 b=20.8 gap=19.6 (face=3.1mm) n=[140, 176, 216, 195, 175, 181, 56, 203, 61]  tape=0.178km B=9.75T unif=0.955% hoop=72MPa
  [2829] viol   f=   0.305  a=15.1 b=20.8 gap=19.6 (face=3.1mm) n=[140, 176, 206, 203, 181, 186, 51, 203, 71]  tape=0.177km B=9.96T unif=1.025% hoop=73MPa
  [2830] viol   f=   0.183  a=15.1 b=20.8 gap=19.6 (face=3.1mm) n=[138, 178, 203, 203, 178, 192, 52, 210, 67]  tape=0.178km B=9.95T unif=0.959% hoop=74MPa
  [2831] OK     f=   0.179  a=15.1 b=20.8 gap=19.6 (face=3.1mm) n=[137, 176, 201, 202, 189, 193, 51, 204, 87]  tape=0.179km B=10.01T unif=0.985% hoop=74MPa
  [2832] viol   f=   4.011  a=15.2 b=20.7 gap=19.6 (face=3.1mm) n=[139, 176, 211, 194, 178, 189, 51, 211, 84]  tape=0.180km B=9.83T unif=1.137% hoop=72MPa
  [2833] viol   f=   0.261  a=15.1 b=20.9 gap=19.6 (face=3.1mm) n=[140, 176, 215, 201, 181, 192, 57, 204, 70]  tape=0.182km B=9.80T unif=0.781% hoop=73MPa
  [2834] viol   f=   0.347  a=15.0 b=20.7 gap=19.6 (face=3.1mm) n=[138, 176, 206, 199, 179, 188, 50, 206, 82]  tape=0.177km B=9.84T unif=1.024% hoop=72MPa
  [2835] viol   f=   0.249  a=15.1 b=21.0 gap=19.6 (face=3.2mm) n=[141, 177, 214, 199, 180, 192, 50, 200, 64]  tape=0.180km B=9.81T unif=0.838% hoop=72MPa
  [2836] viol   f=   0.194  a=15.1 b=20.8 gap=19.6 (face=3.1mm) n=[139, 177, 210, 205, 170, 191, 54, 199, 77]  tape=0.179km B=9.91T unif=0.759% hoop=73MPa
  [2837] viol   f=   0.305  a=15.1 b=20.7 gap=19.6 (face=3.1mm) n=[139, 177, 214, 197, 175, 182, 56, 205, 79]  tape=0.180km B=9.75T unif=0.908% hoop=71MPa
  [2838] viol   f=   0.216  a=15.1 b=20.7 gap=19.6 (face=3.1mm) n=[140, 175, 212, 195, 178, 177, 51, 203, 79]  tape=0.178km B=9.95T unif=1.013% hoop=75MPa
  [a=15 b=21 nt=1433] KSP converged reason: 4, iterations: 1
  [a=15 b=21 nt=1434] KSP converged reason: 4, iterations: 1
  [a=15 b=21 nt=1437] KSP converged reason: 4, iterations: 1
  [a=15 b=21 nt=1437] KSP converged reason: 4, iterations: 1
  [a=15 b=21 nt=1434] KSP converged reason: 4, iterations: 1
  [a=15 b=21 nt=1426] KSP converged reason: 4, iterations: 1
  [a=15 b=21 nt=1424] KSP converged reason: 4, iterations: 1
  [a=15 b=21 nt=1425] KSP converged reason: 4, iterations: 1
  [a=15 b=21 nt=1424] KSP converged reason: 4, iterations: 1
  [a=15 b=21 nt=1416] KSP converged reason: 4, iterations: 1
  [a=15 b=21 nt=1423] KSP converged reason: 4, iterations: 1
  [2839] viol   f=   0.179  a=15.2 b=20.9 gap=19.6 (face=3.2mm) n=[137, 176, 201, 203, 192, 193, 53, 205, 77]  tape=0.179km B=9.98T unif=0.896% hoop=74MPa
  [2840] OK     f=   0.179  a=15.1 b=21.0 gap=19.6 (face=3.1mm) n=[140, 180, 207, 207, 187, 194, 53, 205, 64]  tape=0.179km B=10.02T unif=0.934% hoop=73MPa
  [2841] viol   f=   2.428  a=15.1 b=20.6 gap=19.6 (face=3.1mm) n=[137, 175, 198, 200, 189, 186, 51, 200, 90]  tape=0.175km B=9.96T unif=1.106% hoop=73MPa
  [2842] OK     f=   0.178  a=15.2 b=20.8 gap=19.6 (face=3.1mm) n=[138, 176, 204, 202, 190, 186, 50, 198, 89]  tape=0.178km B=10.02T unif=0.947% hoop=74MPa
  [2843] viol   f=  60.145  a=15.1 b=20.8 gap=19.6 (face=3.2mm) n=[140, 174, 204, 205, 184, 196, 52, 202, 77]  tape=0.178km B=9.82T unif=1.547% hoop=70MPa
  [2844] viol   f=   0.180  a=15.1 b=20.7 gap=19.6 (face=3.1mm) n=[138, 177, 203, 203, 176, 189, 57, 208, 83]  tape=0.179km B=9.98T unif=0.961% hoop=74MPa
  [2845] viol   f= 485.535  a=15.1 b=20.8 gap=19.6 (face=3.1mm) n=[139, 175, 207, 199, 185, 186, 53, 200, 81]  tape=0.178km B=9.16T unif=2.556% hoop=163MPa
  [2846] viol   f=   0.184  a=15.1 b=20.7 gap=19.6 (face=3.1mm) n=[141, 174, 212, 198, 176, 186, 60, 206, 71]  tape=0.179km B=9.95T unif=0.913% hoop=74MPa
  [2847] viol   f=   2.470  a=15.1 b=20.8 gap=19.6 (face=3.1mm) n=[138, 175, 205, 206, 170, 192, 51, 208, 79]  tape=0.178km B=9.78T unif=1.105% hoop=72MPa
  [2848] viol   f=   1.613  a=15.1 b=20.7 gap=19.6 (face=3.1mm) n=[138, 173, 201, 199, 183, 191, 50, 203, 78]  tape=0.175km B=9.82T unif=1.083% hoop=72MPa
  [2849] viol   f=   0.306  a=15.2 b=20.9 gap=19.6 (face=3.2mm) n=[139, 172, 215, 198, 171, 190, 64, 202, 72]  tape=0.181km B=9.75T unif=0.674% hoop=73MPa
  [a=15 b=21 nt=1411] KSP converged reason: 4, iterations: 1
  [a=15 b=21 nt=1414] KSP converged reason: 4, iterations: 1
  [a=15 b=21 nt=1437] KSP converged reason: 4, iterations: 1
  [a=15 b=21 nt=1438] KSP converged reason: 4, iterations: 1
  [a=15 b=21 nt=1433] KSP converged reason: 4, iterations: 1
  [a=15 b=21 nt=1439] KSP converged reason: 4, iterations: 1
  [a=15 b=21 nt=1428] KSP converged reason: 4, iterations: 1
  [a=15 b=21 nt=1418] KSP converged reason: 4, iterations: 1
  [a=15 b=21 nt=1432] KSP converged reason: 4, iterations: 1
  [a=15 b=21 nt=1422] KSP converged reason: 4, iterations: 1
  [a=15 b=21 nt=1447] KSP converged reason: 4, iterations: 1
  [2850] viol   f=   0.267  a=15.2 b=20.9 gap=19.6 (face=3.1mm) n=[137, 178, 201, 204, 193, 190, 51, 205, 74]  tape=0.178km B=9.79T unif=0.997% hoop=71MPa
  [2851] viol   f=   0.287  a=15.1 b=20.6 gap=19.6 (face=3.1mm) n=[137, 174, 209, 195, 171, 180, 50, 209, 86]  tape=0.177km B=9.77T unif=0.970% hoop=73MPa
  [2852] OK     f=   0.180  a=15.2 b=20.9 gap=19.6 (face=3.2mm) n=[138, 172, 205, 201, 192, 190, 58, 199, 83]  tape=0.180km B=10.03T unif=0.754% hoop=75MPa
  [2853] viol   f=   0.903  a=15.3 b=21.0 gap=19.6 (face=3.2mm) n=[138, 176, 203, 205, 183, 194, 51, 199, 88]  tape=0.180km B=9.87T unif=1.059% hoop=72MPa
  [2854] viol   f=   0.200  a=15.1 b=20.8 gap=19.6 (face=3.1mm) n=[139, 181, 201, 206, 188, 196, 50, 203, 75]  tape=0.178km B=9.92T unif=1.007% hoop=71MPa
  [2855] viol   f=   0.260  a=15.1 b=20.8 gap=19.6 (face=3.1mm) n=[138, 177, 206, 199, 187, 183, 54, 204, 66]  tape=0.176km B=9.80T unif=0.985% hoop=71MPa
  [2856] viol   f=   0.191  a=15.2 b=20.7 gap=19.6 (face=3.1mm) n=[139, 174, 209, 202, 180, 183, 53, 210, 78]  tape=0.179km B=9.92T unif=0.840% hoop=74MPa
  [2857] viol   f=   2.179  a=15.1 b=20.8 gap=19.6 (face=3.1mm) n=[140, 177, 207, 201, 184, 182, 51, 202, 74]  tape=0.177km B=9.81T unif=1.098% hoop=71MPa
  [2858] viol   f=   0.414  a=15.0 b=20.8 gap=19.6 (face=3.1mm) n=[140, 178, 201, 206, 195, 186, 54, 205, 67]  tape=0.177km B=10.02T unif=1.034% hoop=73MPa
  [2859] viol   f=   0.184  a=15.0 b=20.8 gap=19.6 (face=3.1mm) n=[138, 175, 208, 196, 192, 186, 50, 205, 72]  tape=0.177km B=9.94T unif=0.754% hoop=73MPa
  [2860] viol   f=   0.204  a=15.1 b=20.8 gap=19.6 (face=3.1mm) n=[138, 177, 203, 206, 181, 194, 58, 198, 92]  tape=0.180km B=9.90T unif=1.003% hoop=71MPa
  [a=15 b=21 nt=1436] KSP converged reason: 4, iterations: 1
  [a=15 b=21 nt=1440] KSP converged reason: 4, iterations: 1
  [a=15 b=21 nt=1431] KSP converged reason: 4, iterations: 1
  [a=15 b=21 nt=1441] KSP converged reason: 4, iterations: 1
  [a=15 b=21 nt=1433] KSP converged reason: 4, iterations: 1
  [a=15 b=21 nt=1433] KSP converged reason: 4, iterations: 1
  [a=15 b=21 nt=1437] KSP converged reason: 4, iterations: 1
  [a=15 b=21 nt=1432] KSP converged reason: 4, iterations: 1
  [a=15 b=21 nt=1417] KSP converged reason: 4, iterations: 1
  [a=15 b=21 nt=1434] KSP converged reason: 4, iterations: 1
  [a=15 b=21 nt=1442] KSP converged reason: 4, iterations: 1
  [2861] viol   f=   0.250  a=15.1 b=20.8 gap=19.6 (face=3.1mm) n=[138, 174, 207, 200, 190, 190, 50, 205, 77]  tape=0.178km B=9.81T unif=0.891% hoop=71MPa
  [2862] OK     f=   0.179  a=15.1 b=20.9 gap=19.6 (face=3.1mm) n=[137, 175, 204, 208, 180, 198, 54, 208, 72]  tape=0.179km B=10.05T unif=0.995% hoop=75MPa
  [2863] viol   f=  10.744  a=15.1 b=20.7 gap=19.6 (face=3.1mm) n=[138, 180, 198, 210, 195, 189, 56, 202, 72]  tape=0.179km B=10.04T unif=1.230% hoop=74MPa
  [2864] viol   f=  21.642  a=15.1 b=20.8 gap=19.6 (face=3.1mm) n=[137, 179, 197, 201, 207, 184, 53, 202, 81]  tape=0.180km B=10.03T unif=1.328% hoop=74MPa
  [2865] viol   f=  38.106  a=15.2 b=20.9 gap=19.6 (face=3.2mm) n=[136, 179, 197, 203, 189, 188, 53, 203, 85]  tape=0.178km B=10.04T unif=1.435% hoop=75MPa
  [2866] viol   f=   0.185  a=15.2 b=20.9 gap=19.6 (face=3.2mm) n=[138, 169, 211, 196, 196, 188, 50, 201, 84]  tape=0.181km B=9.96T unif=0.582% hoop=77MPa
  [2867] viol   f=   0.198  a=15.1 b=21.0 gap=19.6 (face=3.1mm) n=[140, 169, 218, 200, 182, 190, 68, 213, 57]  tape=0.183km B=9.92T unif=0.497% hoop=75MPa
  [2868] viol   f=   0.184  a=15.1 b=20.8 gap=19.6 (face=3.1mm) n=[139, 177, 205, 202, 179, 202, 50, 209, 69]  tape=0.178km B=9.95T unif=0.891% hoop=74MPa
  [2869] viol   f=   0.274  a=15.1 b=20.9 gap=19.6 (face=3.1mm) n=[135, 174, 197, 203, 200, 195, 51, 203, 76]  tape=0.177km B=9.78T unif=0.946% hoop=72MPa
  [2870] OK     f=   0.180  a=15.0 b=20.8 gap=19.6 (face=3.1mm) n=[140, 170, 218, 193, 189, 187, 50, 206, 64]  tape=0.180km B=10.02T unif=0.573% hoop=80MPa
  [2871] OK     f=   0.182  a=15.2 b=21.0 gap=19.6 (face=3.2mm) n=[140, 172, 214, 205, 189, 197, 51, 203, 71]  tape=0.182km B=10.02T unif=0.713% hoop=76MPa
  [a=15 b=21 nt=1428] KSP converged reason: 4, iterations: 1
  [a=15 b=21 nt=1430] KSP converged reason: 4, iterations: 1
  [a=15 b=21 nt=1440] KSP converged reason: 4, iterations: 1
  [a=15 b=21 nt=1444] KSP converged reason: 4, iterations: 1
  [a=15 b=21 nt=1428] KSP converged reason: 4, iterations: 1
  [a=15 b=21 nt=1431] KSP converged reason: 4, iterations: 1
  [a=15 b=21 nt=1449] KSP converged reason: 4, iterations: 1
  [a=15 b=21 nt=1423] KSP converged reason: 4, iterations: 1
  [a=15 b=21 nt=1429] KSP converged reason: 4, iterations: 1
  [a=15 b=21 nt=1415] KSP converged reason: 4, iterations: 1
  [a=15 b=21 nt=1413] KSP converged reason: 4, iterations: 1
  [2872] viol   f=   0.264  a=15.0 b=20.8 gap=19.6 (face=3.1mm) n=[138, 170, 208, 203, 189, 191, 51, 221, 57]  tape=0.181km B=9.80T unif=0.668% hoop=74MPa
  [2873] viol   f=   0.221  a=15.1 b=20.8 gap=19.6 (face=3.1mm) n=[138, 178, 205, 204, 186, 201, 51, 203, 65]  tape=0.177km B=9.85T unif=0.995% hoop=71MPa
  [2874] viol   f=   0.189  a=15.2 b=21.0 gap=19.6 (face=3.2mm) n=[136, 174, 204, 203, 189, 189, 54, 202, 77]  tape=0.178km B=9.93T unif=0.983% hoop=74MPa
  [2875] viol   f=   0.190  a=15.1 b=20.9 gap=19.6 (face=3.2mm) n=[140, 179, 205, 206, 188, 202, 52, 199, 73]  tape=0.180km B=9.93T unif=0.937% hoop=71MPa
  [2876] viol   f=   0.227  a=15.0 b=20.9 gap=19.6 (face=3.1mm) n=[141, 175, 213, 208, 178, 197, 59, 206, 53]  tape=0.179km B=9.85T unif=0.710% hoop=71MPa
  [2877] viol   f=   0.194  a=15.2 b=20.9 gap=19.6 (face=3.2mm) n=[141, 174, 217, 203, 183, 194, 60, 203, 65]  tape=0.183km B=9.92T unif=0.692% hoop=74MPa
  [2878] viol   f=   0.260  a=15.2 b=20.9 gap=19.6 (face=3.2mm) n=[140, 178, 207, 202, 192, 196, 57, 200, 77]  tape=0.181km B=9.88T unif=1.016% hoop=71MPa
  [2879] viol   f=   0.403  a=15.2 b=20.7 gap=19.6 (face=3.1mm) n=[136, 172, 207, 197, 174, 192, 51, 212, 82]  tape=0.179km B=9.67T unif=0.789% hoop=72MPa
  [2880] viol   f=   0.222  a=15.1 b=20.9 gap=19.6 (face=3.2mm) n=[138, 176, 209, 201, 188, 197, 51, 203, 66]  tape=0.179km B=9.85T unif=0.810% hoop=72MPa
  [2881] viol   f=   0.259  a=15.2 b=20.8 gap=19.6 (face=3.1mm) n=[137, 169, 209, 193, 183, 180, 51, 207, 86]  tape=0.178km B=9.80T unif=0.844% hoop=75MPa
  [2882] viol   f=   0.181  a=15.0 b=20.6 gap=19.6 (face=3.1mm) n=[138, 172, 211, 196, 182, 189, 53, 211, 61]  tape=0.176km B=9.95T unif=0.617% hoop=76MPa
  [a=15 b=21 nt=1422] KSP converged reason: 4, iterations: 1
  [a=15 b=21 nt=1426] KSP converged reason: 4, iterations: 1
  [a=15 b=21 nt=1429] KSP converged reason: 4, iterations: 1
  [a=15 b=21 nt=1422] KSP converged reason: 4, iterations: 1
  [a=15 b=21 nt=1424] KSP converged reason: 4, iterations: 1
  [a=15 b=21 nt=1438] KSP converged reason: 4, iterations: 1
  [a=15 b=21 nt=1461] KSP converged reason: 4, iterations: 1
  [a=15 b=21 nt=1427] KSP converged reason: 4, iterations: 1
  [a=15 b=21 nt=1418] KSP converged reason: 4, iterations: 1
  [a=15 b=21 nt=1414] KSP converged reason: 4, iterations: 1
  [a=15 b=21 nt=1430] KSP converged reason: 4, iterations: 1
  [2883] viol   f=   0.329  a=15.1 b=20.9 gap=19.6 (face=3.2mm) n=[138, 173, 210, 199, 178, 197, 61, 201, 65]  tape=0.179km B=9.73T unif=0.946% hoop=71MPa
  [2884] OK     f=   0.178  a=15.2 b=20.9 gap=19.6 (face=3.2mm) n=[138, 173, 205, 201, 188, 192, 50, 201, 81]  tape=0.178km B=10.00T unif=0.673% hoop=75MPa
  [2885] OK     f=   0.178  a=15.1 b=20.8 gap=19.6 (face=3.1mm) n=[139, 175, 204, 205, 188, 197, 54, 204, 72]  tape=0.178km B=10.04T unif=0.892% hoop=73MPa
  [2886] viol   f=   0.263  a=15.1 b=20.7 gap=19.6 (face=3.1mm) n=[137, 171, 208, 198, 185, 198, 50, 212, 63]  tape=0.178km B=9.79T unif=0.723% hoop=73MPa
  [2887] viol   f=   2.348  a=15.1 b=20.8 gap=19.6 (face=3.1mm) n=[140, 178, 212, 201, 190, 188, 50, 205, 62]  tape=0.179km B=10.13T unif=1.104% hoop=76MPa
  [2888] viol   f=   0.177  a=15.1 b=20.6 gap=19.6 (face=3.1mm) n=[136, 175, 201, 201, 185, 196, 56, 205, 69]  tape=0.176km B=9.97T unif=0.969% hoop=74MPa
  [2889] viol   f=   0.194  a=15.1 b=20.9 gap=19.6 (face=3.1mm) n=[139, 179, 204, 204, 189, 202, 62, 205, 77]  tape=0.181km B=9.92T unif=0.937% hoop=70MPa
  [2890] viol   f=   0.267  a=15.2 b=20.9 gap=19.6 (face=3.2mm) n=[139, 175, 207, 204, 182, 192, 50, 202, 76]  tape=0.178km B=9.79T unif=0.982% hoop=71MPa
  [2891] viol   f=   0.180  a=15.1 b=20.8 gap=19.6 (face=3.1mm) n=[138, 177, 206, 202, 182, 188, 50, 201, 74]  tape=0.177km B=9.96T unif=0.873% hoop=74MPa
  [2892] viol   f=   0.257  a=15.1 b=20.8 gap=19.6 (face=3.1mm) n=[137, 176, 203, 203, 186, 187, 50, 204, 68]  tape=0.175km B=9.80T unif=0.860% hoop=71MPa
  [2893] OK     f=   0.181  a=15.1 b=20.9 gap=19.6 (face=3.1mm) n=[140, 173, 214, 201, 193, 187, 53, 198, 71]  tape=0.181km B=10.03T unif=0.708% hoop=77MPa
  [a=15 b=21 nt=1411] KSP converged reason: 4, iterations: 1
  [a=15 b=21 nt=1433] KSP converged reason: 4, iterations: 1
  [a=15 b=21 nt=1441] KSP converged reason: 4, iterations: 1
  [a=15 b=21 nt=1439] KSP converged reason: 4, iterations: 1
  [a=15 b=21 nt=1419] KSP converged reason: 4, iterations: 1
  [a=15 b=21 nt=1435] KSP converged reason: 4, iterations: 1
  [a=15 b=21 nt=1430] KSP converged reason: 4, iterations: 1
  [a=15 b=21 nt=1441] KSP converged reason: 4, iterations: 1
  [a=15 b=21 nt=1409] KSP converged reason: 4, iterations: 1
  [a=15 b=21 nt=1434] KSP converged reason: 4, iterations: 1
  [a=15 b=21 nt=1429] KSP converged reason: 4, iterations: 1
  [2894] viol   f=   0.375  a=15.1 b=20.7 gap=19.6 (face=3.2mm) n=[139, 175, 205, 209, 177, 209, 51, 201, 75]  tape=0.179km B=9.86T unif=1.028% hoop=71MPa
  [2895] viol   f=   0.236  a=15.2 b=20.8 gap=19.6 (face=3.1mm) n=[140, 173, 214, 204, 177, 193, 62, 207, 63]  tape=0.181km B=9.83T unif=0.620% hoop=74MPa
  [2896] viol   f=   3.278  a=15.1 b=20.9 gap=19.6 (face=3.1mm) n=[139, 179, 204, 204, 184, 196, 57, 203, 73]  tape=0.179km B=10.08T unif=1.124% hoop=74MPa
  [2897] viol   f=   0.334  a=15.1 b=20.8 gap=19.6 (face=3.1mm) n=[136, 176, 205, 200, 188, 189, 50, 205, 70]  tape=0.176km B=9.72T unif=0.885% hoop=71MPa
  [2898] viol   f=   1.495  a=15.2 b=20.8 gap=19.6 (face=3.1mm) n=[138, 172, 204, 203, 192, 196, 50, 207, 73]  tape=0.178km B=9.73T unif=1.076% hoop=71MPa
  [2899] viol   f=   0.323  a=15.1 b=20.7 gap=19.6 (face=3.1mm) n=[138, 173, 216, 192, 176, 186, 62, 207, 61]  tape=0.179km B=9.73T unif=0.853% hoop=72MPa
  [2900] viol   f=   0.193  a=15.1 b=20.8 gap=19.6 (face=3.1mm) n=[137, 175, 202, 198, 192, 191, 59, 207, 69]  tape=0.178km B=9.91T unif=0.948% hoop=73MPa
  [2901] OK     f=   0.180  a=15.2 b=20.9 gap=19.6 (face=3.1mm) n=[140, 177, 206, 209, 181, 204, 50, 210, 64]  tape=0.180km B=10.01T unif=0.870% hoop=75MPa
  [2902] viol   f=   0.261  a=15.1 b=20.7 gap=19.6 (face=3.1mm) n=[136, 174, 201, 202, 185, 193, 50, 195, 73]  tape=0.174km B=9.83T unif=1.012% hoop=71MPa
  [2903] viol   f=   0.261  a=15.1 b=20.8 gap=19.6 (face=3.1mm) n=[138, 171, 211, 199, 189, 190, 62, 205, 69]  tape=0.180km B=9.80T unif=0.727% hoop=72MPa
  [2904] viol   f=   0.188  a=15.1 b=20.7 gap=19.6 (face=3.1mm) n=[138, 170, 207, 202, 182, 194, 56, 197, 83]  tape=0.178km B=9.93T unif=0.759% hoop=75MPa
  [a=15 b=21 nt=1420] KSP converged reason: 4, iterations: 1
  [a=15 b=21 nt=1435] KSP converged reason: 4, iterations: 1
  [a=15 b=21 nt=1428] KSP converged reason: 4, iterations: 1
  [a=15 b=21 nt=1441] KSP converged reason: 4, iterations: 1
  [a=15 b=21 nt=1414] KSP converged reason: 4, iterations: 1
  [a=15 b=21 nt=1438] KSP converged reason: 4, iterations: 1
  [a=15 b=21 nt=1438] KSP converged reason: 4, iterations: 1
  [a=15 b=21 nt=1437] KSP converged reason: 4, iterations: 1
  [a=15 b=21 nt=1425] KSP converged reason: 4, iterations: 1
  [a=15 b=21 nt=1446] KSP converged reason: 4, iterations: 1
  [a=15 b=21 nt=1440] KSP converged reason: 4, iterations: 1
  [2905] viol   f=   2.177  a=15.2 b=20.7 gap=19.6 (face=3.1mm) n=[137, 172, 200, 203, 188, 207, 50, 206, 75]  tape=0.178km B=9.72T unif=1.096% hoop=71MPa
  [2906] viol   f=   0.294  a=15.2 b=20.8 gap=19.6 (face=3.2mm) n=[139, 172, 211, 202, 182, 201, 51, 200, 77]  tape=0.180km B=9.76T unif=0.781% hoop=72MPa
  [2907] viol   f=   0.179  a=15.1 b=20.8 gap=19.6 (face=3.1mm) n=[140, 176, 212, 205, 168, 196, 53, 214, 50]  tape=0.178km B=9.97T unif=0.735% hoop=80MPa
  [2908] viol   f=   0.193  a=15.2 b=20.7 gap=19.6 (face=3.2mm) n=[138, 172, 209, 199, 179, 196, 55, 200, 72]  tape=0.178km B=9.91T unif=0.740% hoop=75MPa
  [2909] OK     f=   0.177  a=15.1 b=20.7 gap=19.6 (face=3.1mm) n=[139, 176, 208, 205, 179, 205, 50, 205, 61]  tape=0.177km B=10.13T unif=0.943% hoop=76MPa
  [2910] viol   f=   2.116  a=15.2 b=20.9 gap=19.6 (face=3.1mm) n=[138, 179, 197, 211, 191, 196, 50, 203, 76]  tape=0.181km B=9.81T unif=1.096% hoop=72MPa
  [2911] viol   f=   0.180  a=15.2 b=20.8 gap=19.6 (face=3.2mm) n=[138, 175, 209, 201, 179, 197, 55, 201, 83]  tape=0.180km B=9.99T unif=0.837% hoop=74MPa
  [2912] viol   f=   0.183  a=15.1 b=20.8 gap=19.6 (face=3.1mm) n=[138, 176, 204, 200, 184, 199, 59, 207, 70]  tape=0.179km B=9.95T unif=0.972% hoop=73MPa
  [2913] viol   f=   0.246  a=15.2 b=21.0 gap=19.6 (face=3.2mm) n=[139, 170, 212, 203, 181, 192, 61, 211, 56]  tape=0.180km B=9.82T unif=0.677% hoop=74MPa
  [2914] viol   f=   0.233  a=15.2 b=20.9 gap=19.6 (face=3.1mm) n=[142, 175, 213, 198, 187, 195, 66, 209, 61]  tape=0.182km B=9.89T unif=1.011% hoop=73MPa
  [2915] OK     f=   0.180  a=15.2 b=20.9 gap=19.6 (face=3.1mm) n=[137, 175, 198, 206, 194, 197, 53, 208, 72]  tape=0.180km B=10.05T unif=0.859% hoop=76MPa
  [a=15 b=21 nt=1414] KSP converged reason: 4, iterations: 1
  [a=15 b=21 nt=1453] KSP converged reason: 4, iterations: 1
  [a=15 b=21 nt=1425] KSP converged reason: 4, iterations: 1
  [a=15 b=21 nt=1436] KSP converged reason: 4, iterations: 1
  [a=15 b=21 nt=1453] KSP converged reason: 4, iterations: 1
  [a=15 b=21 nt=1432] KSP converged reason: 4, iterations: 1
  [a=15 b=21 nt=1420] KSP converged reason: 4, iterations: 1
  [a=15 b=21 nt=1442] KSP converged reason: 4, iterations: 1
  [a=15 b=21 nt=1457] KSP converged reason: 4, iterations: 1
  [a=15 b=21 nt=1436] KSP converged reason: 4, iterations: 1
  [a=15 b=21 nt=1431] KSP converged reason: 4, iterations: 1
  [2916] viol   f=  23.986  a=15.2 b=20.7 gap=19.6 (face=3.2mm) n=[138, 181, 203, 207, 173, 201, 50, 202, 70]  tape=0.177km B=9.96T unif=1.345% hoop=74MPa
  [2917] viol   f=   0.244  a=15.2 b=20.8 gap=19.6 (face=3.2mm) n=[138, 175, 208, 201, 190, 196, 66, 204, 75]  tape=0.181km B=9.82T unif=0.800% hoop=70MPa
  [2918] viol   f=   0.258  a=15.2 b=20.9 gap=19.6 (face=3.2mm) n=[140, 174, 210, 201, 185, 206, 64, 205, 68]  tape=0.182km B=9.81T unif=1.004% hoop=71MPa
  [2919] viol   f=   0.232  a=15.1 b=20.8 gap=19.6 (face=3.1mm) n=[140, 178, 210, 205, 180, 200, 53, 206, 60]  tape=0.179km B=9.84T unif=0.870% hoop=76MPa
  [2920] viol   f=   0.205  a=15.1 b=20.9 gap=19.6 (face=3.2mm) n=[138, 174, 208, 203, 186, 205, 54, 208, 60]  tape=0.179km B=9.89T unif=0.765% hoop=72MPa
  [2921] viol   f=   0.240  a=15.0 b=20.7 gap=19.6 (face=3.1mm) n=[138, 174, 210, 201, 177, 199, 50, 212, 53]  tape=0.176km B=9.82T unif=0.690% hoop=74MPa
  [2922] viol   f=   0.192  a=15.1 b=20.6 gap=19.6 (face=3.1mm) n=[137, 175, 204, 205, 169, 204, 55, 201, 70]  tape=0.175km B=9.91T unif=0.830% hoop=79MPa
  [2923] viol   f=   0.281  a=15.1 b=20.8 gap=19.6 (face=3.1mm) n=[139, 179, 200, 211, 182, 205, 54, 205, 67]  tape=0.180km B=9.90T unif=1.020% hoop=73MPa
  [2924] viol   f=   0.188  a=15.2 b=20.8 gap=19.6 (face=3.2mm) n=[139, 179, 201, 207, 184, 206, 55, 197, 89]  tape=0.182km B=9.95T unif=0.949% hoop=73MPa
  [2925] OK     f=   0.178  a=15.2 b=20.7 gap=19.6 (face=3.1mm) n=[139, 177, 207, 207, 176, 199, 58, 203, 70]  tape=0.178km B=10.03T unif=0.788% hoop=74MPa
  [2926] viol   f=   0.182  a=15.2 b=20.7 gap=19.6 (face=3.1mm) n=[138, 173, 207, 199, 183, 191, 59, 200, 81]  tape=0.179km B=9.96T unif=0.709% hoop=75MPa
  [a=15 b=21 nt=1469] KSP converged reason: 4, iterations: 1
  [a=15 b=21 nt=1432] KSP converged reason: 4, iterations: 1
  [a=15 b=21 nt=1433] KSP converged reason: 4, iterations: 1
  [a=15 b=21 nt=1452] KSP converged reason: 4, iterations: 1
  [a=15 b=21 nt=1459] KSP converged reason: 4, iterations: 1
  [a=15 b=21 nt=1439] KSP converged reason: 4, iterations: 1
  [a=15 b=21 nt=1438] KSP converged reason: 4, iterations: 1
  [a=15 b=21 nt=1443] KSP converged reason: 4, iterations: 1
  [a=15 b=21 nt=1407] KSP converged reason: 4, iterations: 1
  [a=15 b=21 nt=1424] KSP converged reason: 4, iterations: 1
  [a=15 b=21 nt=1423] KSP converged reason: 4, iterations: 1
  [2927] viol   f=   2.644  a=15.2 b=20.9 gap=19.6 (face=3.2mm) n=[137, 178, 202, 208, 187, 206, 61, 202, 71]  tape=0.181km B=9.86T unif=1.110% hoop=71MPa
  [2928] viol   f=   0.179  a=15.2 b=20.8 gap=19.6 (face=3.1mm) n=[139, 177, 204, 204, 187, 193, 50, 196, 89]  tape=0.179km B=9.99T unif=0.846% hoop=73MPa
  [2929] viol   f=   2.776  a=15.3 b=20.8 gap=19.6 (face=3.2mm) n=[139, 183, 200, 213, 177, 205, 55, 198, 99]  tape=0.185km B=9.80T unif=1.112% hoop=71MPa
  [2930] OK     f=   0.181  a=15.1 b=20.8 gap=19.6 (face=3.1mm) n=[141, 181, 206, 205, 184, 196, 55, 201, 90]  tape=0.181km B=10.08T unif=0.915% hoop=73MPa
  [2931] viol   f=   0.182  a=15.2 b=20.8 gap=19.6 (face=3.2mm) n=[140, 177, 208, 207, 175, 202, 51, 200, 73]  tape=0.179km B=9.96T unif=0.793% hoop=73MPa
  [2932] OK     f=   0.179  a=15.2 b=20.8 gap=19.6 (face=3.2mm) n=[139, 178, 206, 209, 177, 202, 55, 194, 72]  tape=0.179km B=10.03T unif=0.923% hoop=74MPa
  [2933] viol   f=   0.188  a=15.2 b=20.8 gap=19.6 (face=3.2mm) n=[138, 175, 206, 209, 174, 208, 50, 208, 70]  tape=0.179km B=9.93T unif=0.867% hoop=73MPa
  [2934] viol   f=  12.311  a=15.1 b=20.7 gap=19.6 (face=3.1mm) n=[138, 182, 200, 205, 181, 201, 52, 207, 77]  tape=0.178km B=9.90T unif=1.246% hoop=71MPa
  [2935] viol   f=   0.261  a=15.0 b=20.5 gap=19.6 (face=3.1mm) n=[136, 176, 204, 201, 173, 198, 53, 206, 60]  tape=0.173km B=9.79T unif=0.835% hoop=71MPa
  [2936] viol   f=   0.181  a=15.2 b=20.7 gap=19.6 (face=3.2mm) n=[138, 173, 209, 199, 176, 196, 50, 202, 81]  tape=0.178km B=9.96T unif=0.686% hoop=76MPa
  [2937] viol   f=   0.233  a=15.1 b=20.8 gap=19.6 (face=3.1mm) n=[138, 174, 206, 205, 183, 197, 51, 197, 72]  tape=0.177km B=9.83T unif=0.773% hoop=72MPa
  [a=15 b=21 nt=1439] KSP converged reason: 4, iterations: 1
  [a=15 b=21 nt=1438] KSP converged reason: 4, iterations: 1
  [a=15 b=21 nt=1441] KSP converged reason: 4, iterations: 1
  [a=15 b=21 nt=1435] KSP converged reason: 4, iterations: 1
  [a=15 b=21 nt=1431] KSP converged reason: 4, iterations: 1
  [a=15 b=21 nt=1442] KSP converged reason: 4, iterations: 1
  [a=15 b=21 nt=1425] KSP converged reason: 4, iterations: 1
  [a=15 b=21 nt=1454] KSP converged reason: 4, iterations: 1
  [a=15 b=21 nt=1455] KSP converged reason: 4, iterations: 1
  [a=15 b=21 nt=1441] KSP converged reason: 4, iterations: 1
  [a=15 b=21 nt=1461] KSP converged reason: 4, iterations: 1
  [2938] viol   f=   0.192  a=15.1 b=20.8 gap=19.6 (face=3.1mm) n=[139, 174, 209, 202, 182, 199, 52, 203, 75]  tape=0.179km B=9.92T unif=0.838% hoop=73MPa
  [2939] OK     f=   0.180  a=15.1 b=20.8 gap=19.6 (face=3.1mm) n=[141, 179, 209, 211, 176, 197, 57, 200, 69]  tape=0.180km B=10.06T unif=0.753% hoop=74MPa
  [2940] viol   f=   0.183  a=15.2 b=20.8 gap=19.6 (face=3.1mm) n=[140, 178, 208, 207, 178, 198, 56, 197, 80]  tape=0.180km B=9.96T unif=0.763% hoop=72MPa
  [2941] viol   f=   6.223  a=15.2 b=20.8 gap=19.6 (face=3.1mm) n=[140, 178, 206, 203, 175, 198, 52, 199, 80]  tape=0.178km B=9.80T unif=1.173% hoop=71MPa
  [2942] viol   f=   0.186  a=15.2 b=20.9 gap=19.6 (face=3.1mm) n=[139, 176, 207, 204, 180, 197, 54, 206, 75]  tape=0.179km B=9.94T unif=0.928% hoop=73MPa
  [2943] viol   f=   0.191  a=15.2 b=20.8 gap=19.6 (face=3.1mm) n=[138, 177, 208, 204, 175, 200, 53, 197, 89]  tape=0.180km B=9.93T unif=0.926% hoop=73MPa
  [2944] viol   f=   2.056  a=15.1 b=20.7 gap=19.6 (face=3.1mm) n=[139, 176, 202, 204, 178, 194, 50, 194, 88]  tape=0.177km B=9.99T unif=1.097% hoop=73MPa
  [2945] OK     f=   0.181  a=15.2 b=20.8 gap=19.6 (face=3.1mm) n=[141, 181, 204, 206, 182, 197, 53, 195, 95]  tape=0.181km B=10.07T unif=0.997% hoop=73MPa
  [2946] viol   f=   0.184  a=15.2 b=21.0 gap=19.6 (face=3.2mm) n=[141, 178, 210, 208, 173, 201, 55, 200, 75]  tape=0.182km B=9.96T unif=0.810% hoop=73MPa
  [2947] viol   f=   0.322  a=15.2 b=20.9 gap=19.6 (face=3.1mm) n=[143, 175, 213, 205, 181, 200, 55, 200, 83]  tape=0.183km B=9.91T unif=1.025% hoop=73MPa
  [2948] viol   f=  61.218  a=15.2 b=20.7 gap=19.6 (face=3.1mm) n=[137, 177, 196, 208, 183, 199, 61, 190, 110]  tape=0.183km B=9.54T unif=1.550% hoop=67MPa
  [a=15 b=21 nt=1435] KSP converged reason: 4, iterations: 1
  [a=15 b=21 nt=1453] KSP converged reason: 4, iterations: 1
  [a=15 b=21 nt=1430] KSP converged reason: 4, iterations: 1
  [a=15 b=21 nt=1433] KSP converged reason: 4, iterations: 1
  [a=15 b=21 nt=1433] KSP converged reason: 4, iterations: 1
  [a=15 b=21 nt=1447] KSP converged reason: 4, iterations: 1
  [a=15 b=21 nt=1435] KSP converged reason: 4, iterations: 1
  [a=15 b=21 nt=1439] KSP converged reason: 4, iterations: 1
  [a=15 b=21 nt=1423] KSP converged reason: 4, iterations: 1
  [a=15 b=21 nt=1451] KSP converged reason: 4, iterations: 1
  [a=15 b=21 nt=1451] KSP converged reason: 4, iterations: 1
  [2949] viol   f=   0.186  a=15.2 b=20.8 gap=19.6 (face=3.1mm) n=[140, 181, 206, 213, 174, 196, 53, 193, 74]  tape=0.180km B=9.95T unif=0.928% hoop=74MPa
  [2950] viol   f=   0.181  a=15.1 b=20.6 gap=19.6 (face=3.1mm) n=[141, 175, 210, 209, 169, 202, 54, 201, 72]  tape=0.178km B=9.96T unif=0.706% hoop=75MPa
  [2951] OK     f=   0.181  a=15.2 b=20.8 gap=19.6 (face=3.2mm) n=[140, 177, 209, 208, 177, 199, 58, 196, 83]  tape=0.181km B=10.06T unif=0.819% hoop=74MPa
  [2952] OK     f=   0.182  a=15.2 b=20.9 gap=19.6 (face=3.1mm) n=[143, 179, 218, 207, 170, 194, 53, 201, 70]  tape=0.182km B=10.07T unif=0.719% hoop=79MPa
  [2953] viol   f=   3.267  a=15.2 b=20.8 gap=19.6 (face=3.2mm) n=[140, 176, 206, 207, 175, 198, 51, 199, 81]  tape=0.179km B=9.77T unif=1.122% hoop=71MPa
  [2954] viol   f=   0.210  a=15.3 b=20.9 gap=19.6 (face=3.2mm) n=[143, 176, 212, 210, 176, 201, 50, 200, 85]  tape=0.183km B=9.88T unif=0.886% hoop=73MPa
  [2955] viol   f=   0.238  a=15.2 b=20.9 gap=19.6 (face=3.2mm) n=[141, 178, 209, 218, 172, 206, 51, 200, 60]  tape=0.182km B=9.83T unif=0.781% hoop=74MPa
  [2956] viol   f=   0.215  a=15.2 b=20.8 gap=19.6 (face=3.1mm) n=[141, 183, 206, 209, 178, 191, 57, 196, 78]  tape=0.180km B=9.98T unif=1.013% hoop=72MPa
  [2957] viol   f=  31.731  a=15.1 b=20.7 gap=19.6 (face=3.2mm) n=[137, 180, 201, 205, 172, 196, 53, 203, 76]  tape=0.176km B=9.99T unif=1.397% hoop=74MPa
  [2958] OK     f=   0.183  a=15.2 b=20.8 gap=19.6 (face=3.1mm) n=[142, 177, 214, 208, 176, 193, 59, 203, 79]  tape=0.183km B=10.05T unif=0.688% hoop=78MPa
  [2959] OK     f=   0.182  a=15.2 b=20.9 gap=19.6 (face=3.1mm) n=[142, 179, 209, 210, 188, 195, 51, 189, 88]  tape=0.182km B=10.10T unif=0.705% hoop=75MPa
  [a=15 b=21 nt=1457] KSP converged reason: 4, iterations: 1
  [a=15 b=21 nt=1446] KSP converged reason: 4, iterations: 1
  [a=15 b=21 nt=1437] KSP converged reason: 4, iterations: 1
  [a=15 b=21 nt=1447] KSP converged reason: 4, iterations: 1
  [a=15 b=21 nt=1457] KSP converged reason: 4, iterations: 1
  [a=15 b=21 nt=1441] KSP converged reason: 4, iterations: 1
  [a=15 b=21 nt=1433] KSP converged reason: 4, iterations: 1
  [a=15 b=21 nt=1448] KSP converged reason: 4, iterations: 1
  [a=15 b=21 nt=1462] KSP converged reason: 4, iterations: 1
  [a=15 b=21 nt=1452] KSP converged reason: 4, iterations: 1
  [a=15 b=21 nt=1435] KSP converged reason: 4, iterations: 1
  [2960] viol   f=   0.190  a=15.1 b=20.6 gap=19.6 (face=3.1mm) n=[140, 176, 210, 205, 171, 203, 52, 200, 90]  tape=0.180km B=9.93T unif=0.863% hoop=74MPa
  [2961] viol   f=   0.194  a=15.2 b=20.8 gap=19.6 (face=3.2mm) n=[140, 176, 204, 212, 182, 203, 60, 195, 85]  tape=0.183km B=9.93T unif=0.962% hoop=73MPa
  [2962] OK     f=   0.182  a=15.2 b=20.8 gap=19.6 (face=3.2mm) n=[140, 179, 206, 210, 178, 206, 60, 194, 84]  tape=0.182km B=10.02T unif=0.880% hoop=73MPa
  [2963] viol   f=   0.206  a=15.2 b=20.9 gap=19.6 (face=3.1mm) n=[143, 177, 215, 209, 174, 192, 59, 200, 68]  tape=0.182km B=9.89T unif=0.764% hoop=74MPa
  [2964] viol   f=   1.865  a=15.2 b=20.8 gap=19.6 (face=3.2mm) n=[140, 178, 210, 209, 177, 206, 54, 194, 78]  tape=0.181km B=10.03T unif=1.092% hoop=78MPa
  [2965] OK     f=   0.179  a=15.1 b=20.6 gap=19.6 (face=3.1mm) n=[141, 178, 208, 210, 173, 207, 51, 203, 70]  tape=0.179km B=10.03T unif=0.705% hoop=74MPa
  [2966] viol   f=   0.282  a=15.2 b=20.7 gap=19.6 (face=3.1mm) n=[142, 175, 215, 205, 169, 197, 52, 199, 79]  tape=0.181km B=9.78T unif=0.923% hoop=72MPa
  [2967] viol   f=   0.962  a=15.1 b=20.7 gap=19.6 (face=3.1mm) n=[142, 178, 209, 218, 160, 203, 67, 195, 76]  tape=0.184km B=9.89T unif=1.061% hoop=76MPa
  [2968] viol   f=   0.185  a=15.2 b=20.8 gap=19.6 (face=3.2mm) n=[142, 177, 206, 215, 178, 205, 61, 197, 81]  tape=0.185km B=9.99T unif=0.971% hoop=75MPa
  [2969] viol   f=   0.184  a=15.1 b=20.6 gap=19.6 (face=3.1mm) n=[143, 177, 211, 213, 176, 209, 59, 197, 67]  tape=0.181km B=9.96T unif=0.969% hoop=75MPa
  [2970] viol   f=   0.197  a=15.2 b=20.6 gap=19.6 (face=3.1mm) n=[140, 172, 213, 207, 166, 191, 69, 193, 84]  tape=0.181km B=9.91T unif=0.735% hoop=75MPa
  [a=15 b=21 nt=1461] KSP converged reason: 4, iterations: 1
  [a=15 b=21 nt=1422] KSP converged reason: 4, iterations: 1
  [a=15 b=21 nt=1459] KSP converged reason: 4, iterations: 1
  [a=15 b=21 nt=1450] KSP converged reason: 4, iterations: 1
  [a=15 b=21 nt=1439] KSP converged reason: 4, iterations: 1
  [a=15 b=20 nt=1462] KSP converged reason: 4, iterations: 1
  [a=15 b=21 nt=1442] KSP converged reason: 4, iterations: 1
  [a=15 b=21 nt=1466] KSP converged reason: 4, iterations: 1
  [a=15 b=21 nt=1465] KSP converged reason: 4, iterations: 1
  [a=15 b=21 nt=1470] KSP converged reason: 4, iterations: 1
  [a=15 b=21 nt=1454] KSP converged reason: 4, iterations: 1
  [2971] viol   f=   0.244  a=15.1 b=20.7 gap=19.6 (face=3.2mm) n=[141, 177, 205, 213, 177, 216, 58, 201, 73]  tape=0.183km B=10.04T unif=1.017% hoop=74MPa
  [2972] viol   f=  21.930  a=15.1 b=20.4 gap=19.6 (face=3.1mm) n=[142, 178, 205, 209, 180, 205, 60, 196, 87]  tape=0.180km B=10.06T unif=1.330% hoop=71MPa
  [2973] viol   f=   0.188  a=15.1 b=20.7 gap=19.6 (face=3.2mm) n=[141, 178, 209, 212, 171, 203, 56, 194, 75]  tape=0.180km B=9.94T unif=0.764% hoop=72MPa
  [2974] viol   f=   0.184  a=15.1 b=20.7 gap=19.6 (face=3.2mm) n=[143, 176, 213, 209, 174, 208, 58, 200, 69]  tape=0.181km B=9.96T unif=0.755% hoop=72MPa
  [2975] viol   f=   0.236  a=15.1 b=20.7 gap=19.6 (face=3.1mm) n=[141, 170, 215, 206, 174, 202, 51, 200, 63]  tape=0.179km B=9.83T unif=0.799% hoop=73MPa
  [2976] OK     f=   0.182  a=15.2 b=20.9 gap=19.6 (face=3.1mm) n=[143, 178, 212, 211, 189, 202, 50, 204, 70]  tape=0.182km B=10.39T unif=0.898% hoop=78MPa
  [2977] viol   f=   2.631  a=15.2 b=20.6 gap=19.6 (face=3.2mm) n=[141, 171, 210, 207, 176, 208, 51, 196, 82]  tape=0.179km B=9.78T unif=1.109% hoop=72MPa
  [2978] viol   f=   3.683  a=15.1 b=20.7 gap=19.6 (face=3.1mm) n=[144, 177, 218, 208, 170, 202, 73, 202, 72]  tape=0.185km B=9.91T unif=1.132% hoop=75MPa
  [2979] viol   f=   0.196  a=15.1 b=20.7 gap=19.6 (face=3.1mm) n=[142, 184, 202, 213, 176, 207, 61, 203, 77]  tape=0.183km B=10.13T unif=1.008% hoop=74MPa
  [2980] viol   f=   2.719  a=15.2 b=20.6 gap=19.6 (face=3.1mm) n=[140, 180, 202, 211, 180, 204, 64, 194, 95]  tape=0.184km B=9.97T unif=1.113% hoop=73MPa
  [2981] viol   f=   0.232  a=15.1 b=20.6 gap=19.6 (face=3.1mm) n=[140, 177, 209, 206, 178, 200, 69, 201, 74]  tape=0.181km B=9.84T unif=0.996% hoop=69MPa
  [a=15 b=21 nt=1464] KSP converged reason: 4, iterations: 1
  [a=15 b=21 nt=1449] KSP converged reason: 4, iterations: 1
  [a=15 b=21 nt=1471] KSP converged reason: 4, iterations: 1
  [a=15 b=21 nt=1470] KSP converged reason: 4, iterations: 1
  [a=15 b=21 nt=1464] KSP converged reason: 4, iterations: 1
  [a=15 b=21 nt=1460] KSP converged reason: 4, iterations: 1
  [a=15 b=21 nt=1447] KSP converged reason: 4, iterations: 1
  [a=15 b=21 nt=1451] KSP converged reason: 4, iterations: 1
  [a=15 b=21 nt=1461] KSP converged reason: 4, iterations: 1
  [a=15 b=21 nt=1448] KSP converged reason: 4, iterations: 1
  [a=15 b=21 nt=1464] KSP converged reason: 4, iterations: 1
  [2982] OK     f=   0.184  a=15.1 b=20.7 gap=19.6 (face=3.2mm) n=[143, 180, 211, 218, 167, 215, 62, 202, 66]  tape=0.184km B=10.07T unif=0.846% hoop=74MPa
  [2983] viol   f=   0.186  a=15.2 b=20.8 gap=19.6 (face=3.2mm) n=[144, 178, 208, 221, 181, 210, 55, 199, 75]  tape=0.186km B=10.00T unif=0.825% hoop=74MPa
  [2984] viol   f=   3.786  a=15.1 b=20.8 gap=19.6 (face=3.2mm) n=[141, 181, 205, 212, 180, 208, 51, 196, 75]  tape=0.181km B=9.91T unif=1.134% hoop=71MPa
  [2985] OK     f=   0.183  a=15.1 b=20.7 gap=19.6 (face=3.1mm) n=[143, 179, 212, 211, 187, 205, 59, 200, 74]  tape=0.183km B=10.21T unif=0.683% hoop=78MPa
  [2986] OK     f=   0.182  a=15.1 b=20.8 gap=19.6 (face=3.2mm) n=[140, 179, 205, 211, 184, 209, 59, 205, 68]  tape=0.182km B=10.01T unif=0.877% hoop=77MPa
  [2987] OK     f=   0.183  a=15.2 b=20.7 gap=19.6 (face=3.2mm) n=[142, 175, 210, 211, 184, 205, 50, 197, 90]  tape=0.183km B=10.11T unif=0.632% hoop=76MPa
  [2988] viol   f=   0.612  a=15.1 b=20.7 gap=19.6 (face=3.1mm) n=[144, 177, 216, 207, 179, 203, 60, 202, 59]  tape=0.181km B=10.01T unif=1.046% hoop=77MPa
  [2989] OK     f=   0.181  a=15.1 b=20.8 gap=19.6 (face=3.1mm) n=[141, 177, 212, 208, 183, 200, 60, 203, 67]  tape=0.181km B=10.00T unif=0.645% hoop=73MPa
  [2990] OK     f=   0.181  a=15.1 b=20.8 gap=19.6 (face=3.1mm) n=[142, 179, 212, 207, 188, 194, 60, 206, 60]  tape=0.181km B=10.00T unif=0.800% hoop=72MPa
  [2991] OK     f=   0.183  a=15.1 b=20.9 gap=19.6 (face=3.1mm) n=[143, 179, 211, 214, 188, 208, 54, 199, 65]  tape=0.183km B=10.07T unif=0.735% hoop=73MPa
  [2992] viol   f=   3.848  a=15.2 b=20.7 gap=19.6 (face=3.1mm) n=[142, 181, 205, 216, 180, 205, 54, 204, 77]  tape=0.184km B=9.92T unif=1.135% hoop=71MPa
  [a=15 b=21 nt=1449] KSP converged reason: 4, iterations: 1
  [a=15 b=21 nt=1468] KSP converged reason: 4, iterations: 1
  [a=15 b=21 nt=1433] KSP converged reason: 4, iterations: 1
  [a=15 b=21 nt=1453] KSP converged reason: 4, iterations: 1
  [a=15 b=21 nt=1439] KSP converged reason: 4, iterations: 1
  [a=15 b=21 nt=1458] KSP converged reason: 4, iterations: 1
  [a=15 b=21 nt=1455] KSP converged reason: 4, iterations: 1
  [a=15 b=21 nt=1441] KSP converged reason: 4, iterations: 1
  [a=15 b=21 nt=1466] KSP converged reason: 4, iterations: 1
  [a=15 b=21 nt=1445] KSP converged reason: 4, iterations: 1
  [a=15 b=21 nt=1454] KSP converged reason: 4, iterations: 1
  [2993] viol   f=   9.343  a=15.1 b=20.7 gap=19.6 (face=3.1mm) n=[140, 182, 209, 210, 179, 204, 53, 202, 60]  tape=0.178km B=9.94T unif=1.214% hoop=70MPa
  [2994] viol   f=   0.187  a=15.1 b=20.8 gap=19.6 (face=3.1mm) n=[143, 178, 213, 210, 189, 195, 53, 205, 67]  tape=0.182km B=9.95T unif=0.826% hoop=72MPa
  [2995] viol   f=   0.248  a=15.1 b=21.0 gap=19.6 (face=3.1mm) n=[140, 177, 212, 202, 190, 188, 53, 206, 65]  tape=0.181km B=9.82T unif=0.793% hoop=71MPa
  [2996] OK     f=   0.182  a=15.1 b=20.6 gap=19.6 (face=3.1mm) n=[144, 177, 214, 208, 184, 198, 55, 206, 72]  tape=0.182km B=10.24T unif=0.648% hoop=76MPa
  [2997] OK     f=   0.183  a=15.1 b=20.8 gap=19.6 (face=3.1mm) n=[143, 179, 216, 203, 182, 191, 64, 206, 65]  tape=0.183km B=10.02T unif=0.892% hoop=74MPa
  [2998] viol   f=   0.183  a=15.1 b=20.7 gap=19.6 (face=3.1mm) n=[142, 181, 209, 213, 178, 208, 71, 205, 61]  tape=0.183km B=9.99T unif=0.945% hoop=71MPa
  [2999] OK     f=   0.182  a=15.1 b=20.8 gap=19.6 (face=3.1mm) n=[142, 178, 213, 207, 183, 195, 59, 209, 69]  tape=0.182km B=10.10T unif=0.748% hoop=74MPa
  [3000] viol   f=   0.199  a=15.1 b=20.8 gap=19.6 (face=3.1mm) n=[140, 178, 214, 206, 178, 204, 55, 209, 57]  tape=0.181km B=9.90T unif=0.800% hoop=72MPa
  [3001] OK     f=   0.184  a=15.2 b=20.8 gap=19.6 (face=3.1mm) n=[142, 177, 214, 211, 180, 203, 63, 208, 68]  tape=0.184km B=10.01T unif=0.617% hoop=73MPa
  [3002] OK     f=   0.183  a=15.2 b=20.9 gap=19.6 (face=3.1mm) n=[142, 176, 216, 201, 188, 194, 50, 204, 74]  tape=0.183km B=10.02T unif=0.699% hoop=75MPa
  [3003] OK     f=   0.181  a=15.1 b=20.7 gap=19.6 (face=3.1mm) n=[141, 179, 210, 207, 180, 202, 59, 204, 72]  tape=0.181km B=10.13T unif=0.770% hoop=75MPa
  [a=15 b=21 nt=1434] KSP converged reason: 4, iterations: 1
  [a=15 b=21 nt=1471] KSP converged reason: 4, iterations: 1
  [a=15 b=21 nt=1463] KSP converged reason: 4, iterations: 1
  [a=15 b=21 nt=1459] KSP converged reason: 4, iterations: 1
  [a=15 b=21 nt=1440] KSP converged reason: 4, iterations: 1
  [a=15 b=21 nt=1472] KSP converged reason: 4, iterations: 1
  [a=15 b=21 nt=1446] KSP converged reason: 4, iterations: 1
  [a=15 b=21 nt=1457] KSP converged reason: 4, iterations: 1
  [a=15 b=21 nt=1457] KSP converged reason: 4, iterations: 1
  [a=15 b=21 nt=1479] KSP converged reason: 4, iterations: 1
  [a=15 b=21 nt=1451] KSP converged reason: 4, iterations: 1
  [3004] OK     f=   0.179  a=15.2 b=20.8 gap=19.6 (face=3.1mm) n=[140, 179, 205, 203, 189, 195, 52, 205, 72]  tape=0.179km B=10.10T unif=0.973% hoop=74MPa
  [3005] viol   f=   0.946  a=15.2 b=20.8 gap=19.6 (face=3.1mm) n=[141, 181, 204, 210, 188, 192, 61, 197, 85]  tape=0.183km B=10.08T unif=1.062% hoop=73MPa
  [3006] OK     f=   0.182  a=15.2 b=20.8 gap=19.6 (face=3.1mm) n=[143, 179, 221, 202, 181, 186, 50, 206, 66]  tape=0.182km B=10.20T unif=0.667% hoop=81MPa
  [3007] viol   f=   0.186  a=15.2 b=20.8 gap=19.6 (face=3.1mm) n=[143, 179, 216, 205, 183, 196, 70, 202, 77]  tape=0.186km B=10.00T unif=0.966% hoop=71MPa
  [3008] OK     f=   0.184  a=15.2 b=20.7 gap=19.6 (face=3.1mm) n=[144, 181, 212, 211, 181, 200, 64, 198, 81]  tape=0.184km B=10.09T unif=0.877% hoop=72MPa
  [3009] viol   f=   0.184  a=15.1 b=20.6 gap=19.6 (face=3.1mm) n=[142, 177, 214, 205, 185, 198, 65, 204, 73]  tape=0.182km B=9.98T unif=0.835% hoop=73MPa
  [3010] viol   f=   0.185  a=15.1 b=20.6 gap=19.6 (face=3.1mm) n=[143, 175, 217, 206, 176, 191, 64, 210, 64]  tape=0.182km B=9.96T unif=0.978% hoop=77MPa
  [3011] OK     f=   0.181  a=15.1 b=20.7 gap=19.6 (face=3.1mm) n=[143, 179, 212, 209, 176, 204, 59, 206, 69]  tape=0.181km B=10.17T unif=0.710% hoop=74MPa
  [3012] OK     f=   0.181  a=15.1 b=20.7 gap=19.6 (face=3.1mm) n=[141, 182, 211, 206, 180, 199, 61, 209, 68]  tape=0.181km B=10.02T unif=0.971% hoop=72MPa
  [3013] OK     f=   0.182  a=15.2 b=20.8 gap=19.6 (face=3.1mm) n=[143, 176, 215, 208, 182, 200, 50, 208, 69]  tape=0.182km B=10.30T unif=0.793% hoop=78MPa
  [3014] OK     f=   0.184  a=15.1 b=20.7 gap=19.6 (face=3.1mm) n=[143, 181, 208, 212, 190, 198, 69, 199, 79]  tape=0.184km B=10.10T unif=0.919% hoop=72MPa
  [a=15 b=21 nt=1461] KSP converged reason: 4, iterations: 1
  [a=15 b=21 nt=1451] KSP converged reason: 4, iterations: 1
  [a=15 b=21 nt=1434] KSP converged reason: 4, iterations: 1
  [a=15 b=21 nt=1436] KSP converged reason: 4, iterations: 1
  [a=15 b=21 nt=1460] KSP converged reason: 4, iterations: 1
  [a=15 b=21 nt=1446] KSP converged reason: 4, iterations: 1
  [a=15 b=21 nt=1465] KSP converged reason: 4, iterations: 1
  [a=15 b=21 nt=1458] KSP converged reason: 4, iterations: 1
  [a=15 b=21 nt=1458] KSP converged reason: 4, iterations: 1
  [a=15 b=21 nt=1431] KSP converged reason: 4, iterations: 1
  [a=15 b=21 nt=1445] KSP converged reason: 4, iterations: 1
  [3015] viol   f=   3.033  a=15.1 b=20.7 gap=19.6 (face=3.1mm) n=[140, 182, 204, 209, 184, 197, 56, 204, 70]  tape=0.180km B=10.15T unif=1.119% hoop=74MPa
  [3016] viol   f=   0.180  a=15.1 b=20.7 gap=19.6 (face=3.1mm) n=[141, 179, 213, 199, 183, 193, 50, 210, 66]  tape=0.179km B=10.26T unif=1.002% hoop=77MPa
  [3017] viol   f=   0.198  a=15.2 b=20.7 gap=19.6 (face=3.1mm) n=[141, 180, 212, 207, 182, 200, 53, 201, 75]  tape=0.181km B=9.91T unif=0.849% hoop=72MPa
  [3018] viol   f=   2.821  a=15.2 b=20.7 gap=19.6 (face=3.1mm) n=[143, 179, 207, 213, 181, 201, 53, 201, 83]  tape=0.183km B=9.93T unif=1.115% hoop=71MPa
  [3019] viol   f=   0.194  a=15.2 b=20.7 gap=19.6 (face=3.1mm) n=[141, 179, 208, 203, 183, 195, 61, 202, 88]  tape=0.182km B=10.04T unif=1.008% hoop=73MPa
  [3020] viol   f=   0.218  a=15.1 b=20.7 gap=19.6 (face=3.2mm) n=[140, 176, 210, 206, 170, 202, 60, 205, 67]  tape=0.179km B=9.86T unif=0.905% hoop=72MPa
  [3021] viol   f=   1.168  a=15.2 b=20.7 gap=19.6 (face=3.1mm) n=[141, 181, 202, 209, 184, 199, 51, 199, 92]  tape=0.181km B=10.03T unif=1.070% hoop=74MPa
  [3022] OK     f=   0.185  a=15.1 b=20.9 gap=19.6 (face=3.1mm) n=[145, 178, 219, 208, 185, 197, 62, 211, 60]  tape=0.185km B=10.05T unif=0.748% hoop=73MPa
  [3023] OK     f=   0.183  a=15.2 b=20.7 gap=19.6 (face=3.1mm) n=[142, 176, 215, 199, 186, 196, 56, 209, 79]  tape=0.183km B=10.05T unif=0.765% hoop=75MPa
  [3024] viol   f=   1.846  a=15.2 b=20.7 gap=19.6 (face=3.2mm) n=[140, 175, 207, 205, 181, 192, 52, 202, 77]  tape=0.178km B=9.91T unif=1.091% hoop=72MPa
  [3025] viol   f=   0.185  a=15.2 b=20.8 gap=19.6 (face=3.1mm) n=[143, 178, 216, 205, 186, 194, 54, 212, 57]  tape=0.182km B=9.96T unif=0.720% hoop=73MPa
  [a=15 b=21 nt=1462] KSP converged reason: 4, iterations: 1
  [a=15 b=21 nt=1436] KSP converged reason: 4, iterations: 1
  [a=15 b=21 nt=1465] KSP converged reason: 4, iterations: 1
  [a=15 b=21 nt=1454] KSP converged reason: 4, iterations: 1
  [a=15 b=21 nt=1483] KSP converged reason: 4, iterations: 1
  [a=15 b=21 nt=1453] KSP converged reason: 4, iterations: 1
  [a=15 b=21 nt=1450] KSP converged reason: 4, iterations: 1
  [a=15 b=21 nt=1461] KSP converged reason: 4, iterations: 1
  [a=15 b=21 nt=1462] KSP converged reason: 4, iterations: 1
  [a=15 b=21 nt=1443] KSP converged reason: 4, iterations: 1
  [a=15 b=21 nt=1438] KSP converged reason: 4, iterations: 1
  [3026] OK     f=   0.184  a=15.2 b=20.8 gap=19.6 (face=3.1mm) n=[145, 177, 222, 207, 180, 195, 60, 213, 54]  tape=0.184km B=10.16T unif=0.495% hoop=76MPa
  [3027] viol   f=   0.182  a=15.1 b=20.7 gap=19.6 (face=3.1mm) n=[143, 179, 212, 208, 178, 200, 66, 207, 61]  tape=0.181km B=9.98T unif=0.919% hoop=71MPa
  [3028] viol   f=  33.485  a=15.2 b=20.8 gap=19.6 (face=3.1mm) n=[141, 183, 215, 198, 182, 191, 50, 208, 68]  tape=0.181km B=10.23T unif=1.408% hoop=78MPa
  [3029] OK     f=   0.185  a=15.2 b=20.7 gap=19.6 (face=3.1mm) n=[143, 179, 218, 203, 177, 203, 63, 211, 68]  tape=0.185km B=10.01T unif=0.752% hoop=77MPa
  [3030] viol   f=   1.932  a=15.2 b=20.8 gap=19.6 (face=3.1mm) n=[144, 183, 217, 207, 180, 200, 51, 212, 68]  tape=0.184km B=10.39T unif=1.093% hoop=79MPa
  [3031] viol   f=   0.334  a=15.2 b=20.7 gap=19.6 (face=3.1mm) n=[143, 184, 212, 202, 186, 200, 68, 203, 85]  tape=0.185km B=10.13T unif=1.027% hoop=72MPa
  [3032] OK     f=   0.183  a=15.1 b=20.7 gap=19.6 (face=3.1mm) n=[144, 178, 221, 202, 182, 199, 58, 216, 50]  tape=0.183km B=10.12T unif=0.587% hoop=80MPa
  [3033] OK     f=   0.184  a=15.1 b=20.6 gap=19.6 (face=3.1mm) n=[144, 178, 219, 199, 185, 195, 63, 205, 73]  tape=0.184km B=10.04T unif=0.764% hoop=74MPa
  [3034] OK     f=   0.183  a=15.2 b=20.7 gap=19.6 (face=3.1mm) n=[142, 181, 213, 206, 181, 198, 60, 201, 80]  tape=0.183km B=10.04T unif=0.792% hoop=73MPa
  [3035] viol   f=   0.180  a=15.1 b=20.7 gap=19.6 (face=3.1mm) n=[142, 177, 214, 199, 181, 194, 50, 216, 65]  tape=0.180km B=9.99T unif=0.785% hoop=75MPa
  [3036] OK     f=   0.183  a=15.2 b=20.8 gap=19.6 (face=3.1mm) n=[143, 179, 218, 200, 188, 192, 50, 204, 69]  tape=0.183km B=10.16T unif=0.626% hoop=81MPa
  [a=15 b=21 nt=1432] KSP converged reason: 4, iterations: 1
  [a=15 b=21 nt=1438] KSP converged reason: 4, iterations: 1
  [a=15 b=21 nt=1429] KSP converged reason: 4, iterations: 1
  [a=15 b=21 nt=1442] KSP converged reason: 4, iterations: 1
  [a=15 b=21 nt=1446] KSP converged reason: 4, iterations: 1
  [a=15 b=21 nt=1451] KSP converged reason: 4, iterations: 1
  [a=15 b=21 nt=1442] KSP converged reason: 4, iterations: 1
  [a=15 b=21 nt=1432] KSP converged reason: 4, iterations: 1
  [a=15 b=21 nt=1453] KSP converged reason: 4, iterations: 1
  [a=15 b=21 nt=1448] KSP converged reason: 4, iterations: 1
  [a=15 b=21 nt=1434] KSP converged reason: 4, iterations: 1
  [3037] viol   f=   2.382  a=15.1 b=20.6 gap=19.6 (face=3.1mm) n=[141, 178, 214, 198, 180, 192, 59, 217, 59]  tape=0.180km B=9.93T unif=1.105% hoop=74MPa
  [3038] viol   f=  20.815  a=15.2 b=20.6 gap=19.6 (face=3.1mm) n=[139, 181, 206, 201, 179, 195, 60, 209, 81]  tape=0.180km B=10.15T unif=1.321% hoop=75MPa
  [3039] OK     f=   0.179  a=15.0 b=20.6 gap=19.6 (face=3.1mm) n=[143, 177, 218, 201, 177, 194, 52, 213, 54]  tape=0.179km B=10.18T unif=0.592% hoop=81MPa
  [3040] OK     f=   0.181  a=15.2 b=20.8 gap=19.6 (face=3.2mm) n=[142, 178, 215, 205, 178, 201, 50, 206, 67]  tape=0.181km B=10.23T unif=0.945% hoop=78MPa
  [3041] viol   f=   0.223  a=15.1 b=20.8 gap=19.6 (face=3.1mm) n=[144, 180, 221, 200, 178, 191, 52, 216, 50]  tape=0.182km B=9.86T unif=0.825% hoop=73MPa
  [3042] OK     f=   0.179  a=15.1 b=20.7 gap=19.6 (face=3.1mm) n=[141, 181, 209, 202, 189, 200, 54, 209, 61]  tape=0.179km B=10.06T unif=0.914% hoop=73MPa
  [3043] viol   f=   0.381  a=15.1 b=20.6 gap=19.6 (face=3.1mm) n=[143, 175, 220, 203, 177, 199, 52, 222, 51]  tape=0.181km B=9.68T unif=0.920% hoop=70MPa
  [3044] viol   f=  26.922  a=15.1 b=20.8 gap=19.6 (face=3.1mm) n=[142, 178, 215, 200, 181, 199, 50, 217, 50]  tape=0.180km B=9.68T unif=1.364% hoop=70MPa
  [3045] OK     f=   0.182  a=15.1 b=20.7 gap=19.6 (face=3.1mm) n=[143, 179, 215, 200, 187, 194, 58, 211, 66]  tape=0.182km B=10.01T unif=0.852% hoop=73MPa
  [3046] OK     f=   0.184  a=15.2 b=20.7 gap=19.6 (face=3.1mm) n=[145, 176, 222, 196, 187, 190, 50, 213, 69]  tape=0.184km B=10.26T unif=0.601% hoop=83MPa
  [3047] viol   f=   0.193  a=15.1 b=20.8 gap=19.6 (face=3.1mm) n=[144, 181, 217, 201, 184, 193, 50, 213, 51]  tape=0.180km B=9.92T unif=0.972% hoop=72MPa
  [a=15 b=21 nt=1437] KSP converged reason: 4, iterations: 1
  [a=15 b=21 nt=1427] KSP converged reason: 4, iterations: 1
  [a=15 b=21 nt=1449] KSP converged reason: 4, iterations: 1
  [a=15 b=21 nt=1448] KSP converged reason: 4, iterations: 1
  [a=15 b=21 nt=1443] KSP converged reason: 4, iterations: 1
  [a=15 b=21 nt=1450] KSP converged reason: 4, iterations: 1
  [a=15 b=21 nt=1427] KSP converged reason: 4, iterations: 1
  [a=15 b=21 nt=1443] KSP converged reason: 4, iterations: 1
  [a=15 b=21 nt=1463] KSP converged reason: 4, iterations: 1
  [a=15 b=21 nt=1451] KSP converged reason: 4, iterations: 1
  [a=15 b=21 nt=1460] KSP converged reason: 4, iterations: 1
  [3048] OK     f=   0.181  a=15.1 b=20.7 gap=19.6 (face=3.1mm) n=[141, 181, 208, 203, 185, 200, 59, 214, 57]  tape=0.181km B=10.01T unif=0.977% hoop=73MPa
  [3049] OK     f=   0.179  a=15.1 b=20.9 gap=19.6 (face=3.1mm) n=[141, 183, 209, 204, 187, 201, 50, 207, 61]  tape=0.179km B=10.06T unif=0.992% hoop=72MPa
  [3050] viol   f=   0.180  a=15.1 b=20.7 gap=19.6 (face=3.1mm) n=[142, 178, 210, 201, 191, 201, 55, 205, 67]  tape=0.180km B=10.00T unif=0.975% hoop=72MPa
  [3051] viol   f=   5.796  a=15.1 b=20.6 gap=19.6 (face=3.1mm) n=[141, 177, 215, 194, 184, 192, 50, 220, 54]  tape=0.180km B=9.66T unif=1.164% hoop=71MPa
  [3052] OK     f=   0.182  a=15.2 b=20.9 gap=19.6 (face=3.1mm) n=[143, 180, 214, 201, 193, 199, 50, 207, 62]  tape=0.182km B=10.23T unif=0.845% hoop=76MPa
  [3053] OK     f=   0.180  a=15.1 b=20.5 gap=19.6 (face=3.1mm) n=[142, 175, 215, 197, 182, 194, 50, 217, 65]  tape=0.180km B=10.00T unif=0.808% hoop=74MPa
  [3054] OK     f=   0.177  a=15.0 b=20.6 gap=19.6 (face=3.1mm) n=[140, 177, 210, 200, 184, 196, 50, 206, 64]  tape=0.177km B=10.12T unif=0.754% hoop=75MPa
  [3055] OK     f=   0.178  a=15.0 b=20.6 gap=19.6 (face=3.1mm) n=[141, 178, 208, 204, 183, 205, 51, 208, 65]  tape=0.178km B=10.08T unif=0.786% hoop=73MPa
  [3056] OK     f=   0.184  a=15.2 b=20.8 gap=19.6 (face=3.1mm) n=[143, 176, 215, 203, 188, 204, 56, 206, 72]  tape=0.184km B=10.20T unif=0.656% hoop=77MPa
  [3057] viol   f=   1.047  a=15.2 b=20.8 gap=19.6 (face=3.1mm) n=[140, 181, 207, 202, 192, 198, 59, 206, 66]  tape=0.180km B=10.02T unif=1.066% hoop=72MPa
  [3058] OK     f=   0.183  a=15.1 b=20.8 gap=19.6 (face=3.1mm) n=[143, 181, 216, 207, 184, 200, 57, 210, 62]  tape=0.183km B=10.14T unif=0.799% hoop=74MPa
  [a=15 b=21 nt=1425] KSP converged reason: 4, iterations: 1
  [a=15 b=20 nt=1423] KSP converged reason: 4, iterations: 1
  [a=15 b=21 nt=1443] KSP converged reason: 4, iterations: 1
  [a=15 b=21 nt=1432] KSP converged reason: 4, iterations: 1
  [a=15 b=21 nt=1441] KSP converged reason: 4, iterations: 1
  [a=15 b=21 nt=1434] KSP converged reason: 4, iterations: 1
  [a=15 b=21 nt=1460] KSP converged reason: 4, iterations: 1
  [a=15 b=21 nt=1462] KSP converged reason: 4, iterations: 1
  [a=15 b=21 nt=1438] KSP converged reason: 4, iterations: 1
  [a=15 b=21 nt=1443] KSP converged reason: 4, iterations: 1
  [a=15 b=21 nt=1452] KSP converged reason: 4, iterations: 1
  [3059] OK     f=   0.179  a=15.1 b=20.8 gap=19.6 (face=3.1mm) n=[141, 179, 209, 201, 195, 196, 51, 199, 70]  tape=0.179km B=10.13T unif=0.780% hoop=75MPa
  [3060] viol   f=   0.662  a=15.0 b=20.6 gap=19.6 (face=3.1mm) n=[139, 177, 203, 201, 187, 199, 64, 205, 68]  tape=0.177km B=9.97T unif=1.049% hoop=71MPa
  [3061] OK     f=   0.178  a=15.1 b=20.5 gap=19.6 (face=3.1mm) n=[141, 177, 214, 201, 175, 201, 51, 205, 67]  tape=0.178km B=10.24T unif=0.872% hoop=78MPa
  [3062] viol   f=   0.177  a=15.0 b=20.7 gap=19.6 (face=3.1mm) n=[140, 176, 207, 204, 186, 201, 54, 204, 62]  tape=0.177km B=9.99T unif=0.876% hoop=73MPa
  [3063] viol   f=   4.332  a=15.0 b=20.7 gap=19.6 (face=3.1mm) n=[143, 179, 215, 201, 183, 193, 51, 204, 56]  tape=0.178km B=9.92T unif=1.144% hoop=72MPa
  [3064] viol   f=   0.177  a=15.0 b=20.5 gap=19.6 (face=3.1mm) n=[141, 176, 211, 200, 176, 199, 50, 214, 56]  tape=0.176km B=9.98T unif=0.825% hoop=74MPa
  [3065] OK     f=   0.181  a=15.1 b=20.7 gap=19.6 (face=3.1mm) n=[142, 179, 208, 205, 185, 209, 51, 202, 79]  tape=0.181km B=10.01T unif=0.996% hoop=72MPa
  [3066] OK     f=   0.181  a=15.0 b=20.5 gap=19.6 (face=3.1mm) n=[142, 174, 210, 204, 185, 212, 54, 207, 74]  tape=0.181km B=10.19T unif=0.723% hoop=75MPa
  [3067] OK     f=   0.178  a=15.1 b=20.7 gap=19.6 (face=3.1mm) n=[139, 175, 209, 199, 190, 201, 51, 211, 63]  tape=0.178km B=10.01T unif=0.674% hoop=74MPa
  [3068] OK     f=   0.179  a=15.0 b=20.7 gap=19.6 (face=3.1mm) n=[140, 177, 212, 204, 180, 200, 65, 212, 53]  tape=0.179km B=10.08T unif=0.845% hoop=74MPa
  [3069] OK     f=   0.181  a=15.2 b=20.6 gap=19.6 (face=3.1mm) n=[142, 176, 211, 198, 187, 202, 57, 206, 73]  tape=0.181km B=10.06T unif=0.968% hoop=75MPa
  [a=15 b=21 nt=1424] KSP converged reason: 4, iterations: 1
  [a=15 b=21 nt=1432] KSP converged reason: 4, iterations: 1
  [a=15 b=21 nt=1438] KSP converged reason: 4, iterations: 1
  [a=15 b=21 nt=1449] KSP converged reason: 4, iterations: 1
  [a=15 b=21 nt=1425] KSP converged reason: 4, iterations: 1
  [a=15 b=20 nt=1438] KSP converged reason: 4, iterations: 1
  [a=15 b=20 nt=1414] KSP converged reason: 4, iterations: 1
  [a=15 b=21 nt=1438] KSP converged reason: 4, iterations: 1
  [a=15 b=20 nt=1421] KSP converged reason: 4, iterations: 1
  [a=15 b=21 nt=1420] KSP converged reason: 4, iterations: 1
  [a=15 b=21 nt=1441] KSP converged reason: 4, iterations: 1
  [3070] OK     f=   0.179  a=15.0 b=20.7 gap=19.6 (face=3.1mm) n=[139, 178, 207, 197, 186, 198, 58, 216, 53]  tape=0.179km B=10.08T unif=0.850% hoop=80MPa
  [3071] OK     f=   0.179  a=15.1 b=20.7 gap=19.6 (face=3.1mm) n=[141, 179, 211, 203, 176, 201, 50, 212, 65]  tape=0.179km B=10.02T unif=0.801% hoop=74MPa
  [3072] viol   f=   1.693  a=15.0 b=20.5 gap=19.6 (face=3.1mm) n=[140, 177, 208, 199, 181, 199, 55, 207, 59]  tape=0.176km B=9.87T unif=1.086% hoop=71MPa
  [3073] OK     f=   0.177  a=15.0 b=20.6 gap=19.6 (face=3.1mm) n=[142, 175, 215, 204, 177, 199, 50, 209, 53]  tape=0.177km B=10.13T unif=0.560% hoop=80MPa
  [3074] viol   f=  71.771  a=15.1 b=20.5 gap=19.6 (face=3.1mm) n=[140, 175, 202, 199, 189, 198, 51, 208, 76]  tape=0.177km B=9.80T unif=1.598% hoop=72MPa
  [3075] OK     f=   0.179  a=15.0 b=20.6 gap=19.6 (face=3.1mm) n=[140, 176, 203, 206, 182, 210, 54, 206, 72]  tape=0.179km B=10.04T unif=0.936% hoop=73MPa
  [3076] viol   f=   0.362  a=15.0 b=20.5 gap=19.6 (face=3.1mm) n=[138, 179, 203, 199, 177, 201, 50, 209, 58]  tape=0.174km B=9.97T unif=1.031% hoop=73MPa
  [3077] viol   f=  10.969  a=15.0 b=20.6 gap=19.5 (face=3.1mm) n=[139, 182, 201, 203, 186, 200, 53, 212, 62]  tape=0.178km B=10.15T unif=1.232% hoop=76MPa
  [3078] OK     f=   0.175  a=15.0 b=20.4 gap=19.6 (face=3.1mm) n=[140, 176, 210, 198, 180, 196, 50, 205, 66]  tape=0.175km B=10.13T unif=0.833% hoop=76MPa
  [3079] viol   f=   0.459  a=15.0 b=20.6 gap=19.6 (face=3.1mm) n=[140, 175, 208, 199, 190, 198, 50, 211, 70]  tape=0.178km B=9.79T unif=1.031% hoop=71MPa
  [3080] viol   f=   0.280  a=15.0 b=20.6 gap=19.6 (face=3.1mm) n=[142, 175, 219, 203, 172, 199, 53, 203, 54]  tape=0.179km B=9.77T unif=0.827% hoop=71MPa
  [a=15 b=21 nt=1429] KSP converged reason: 4, iterations: 1
  [a=15 b=21 nt=1426] KSP converged reason: 4, iterations: 1
  [a=15 b=20 nt=1431] KSP converged reason: 4, iterations: 1
  [a=15 b=21 nt=1422] KSP converged reason: 4, iterations: 1
  [a=15 b=20 nt=1432] KSP converged reason: 4, iterations: 1
  [a=15 b=20 nt=1415] KSP converged reason: 4, iterations: 1
  [a=15 b=21 nt=1430] KSP converged reason: 4, iterations: 1
  [a=15 b=21 nt=1440] KSP converged reason: 4, iterations: 1
  [a=15 b=21 nt=1437] KSP converged reason: 4, iterations: 1
  [a=15 b=21 nt=1432] KSP converged reason: 4, iterations: 1
  [a=15 b=21 nt=1425] KSP converged reason: 4, iterations: 1
  [3081] viol   f=  56.813  a=15.0 b=20.4 gap=19.6 (face=3.1mm) n=[141, 175, 210, 200, 176, 201, 51, 209, 52]  tape=0.174km B=9.77T unif=1.532% hoop=71MPa
  [3082] viol   f=   0.292  a=15.0 b=20.5 gap=19.6 (face=3.1mm) n=[139, 177, 207, 203, 175, 203, 50, 205, 67]  tape=0.175km B=9.77T unif=1.008% hoop=73MPa
  [3083] viol   f=   0.176  a=15.0 b=20.4 gap=19.6 (face=3.1mm) n=[140, 176, 209, 205, 168, 203, 56, 208, 66]  tape=0.176km B=10.00T unif=0.792% hoop=74MPa
  [3084] OK     f=   0.176  a=15.0 b=20.4 gap=19.6 (face=3.1mm) n=[142, 176, 210, 205, 173, 204, 54, 206, 62]  tape=0.176km B=10.02T unif=0.916% hoop=73MPa
  [3085] OK     f=   0.177  a=15.0 b=20.6 gap=19.6 (face=3.1mm) n=[141, 176, 211, 205, 180, 196, 51, 202, 67]  tape=0.177km B=10.00T unif=0.752% hoop=73MPa
  [3086] OK     f=   0.176  a=15.0 b=20.6 gap=19.6 (face=3.1mm) n=[141, 177, 209, 201, 180, 199, 54, 210, 51]  tape=0.176km B=10.11T unif=0.808% hoop=76MPa
  [3087] OK     f=   0.179  a=15.1 b=20.6 gap=19.6 (face=3.1mm) n=[142, 177, 215, 200, 182, 192, 51, 204, 67]  tape=0.179km B=10.04T unif=0.814% hoop=78MPa
  [3088] OK     f=   0.177  a=14.9 b=20.6 gap=19.6 (face=3.1mm) n=[142, 181, 208, 206, 180, 204, 58, 210, 51]  tape=0.177km B=10.15T unif=0.958% hoop=73MPa
  [3089] OK     f=   0.179  a=15.0 b=20.7 gap=19.6 (face=3.1mm) n=[141, 172, 214, 199, 187, 198, 61, 211, 54]  tape=0.179km B=10.03T unif=0.585% hoop=75MPa
  [3090] OK     f=   0.178  a=15.1 b=20.6 gap=19.6 (face=3.1mm) n=[141, 176, 212, 200, 183, 199, 51, 205, 65]  tape=0.178km B=10.14T unif=0.744% hoop=77MPa
  [3091] OK     f=   0.176  a=15.0 b=20.6 gap=19.6 (face=3.1mm) n=[140, 176, 207, 200, 178, 202, 51, 209, 62]  tape=0.176km B=10.04T unif=0.898% hoop=74MPa
  [a=15 b=21 nt=1422] KSP converged reason: 4, iterations: 1
  [a=15 b=21 nt=1428] KSP converged reason: 4, iterations: 1
  [a=15 b=21 nt=1426] KSP converged reason: 4, iterations: 1
  [a=15 b=21 nt=1430] KSP converged reason: 4, iterations: 1
  [a=15 b=21 nt=1425] KSP converged reason: 4, iterations: 1
  [a=15 b=20 nt=1412] KSP converged reason: 4, iterations: 1
  [a=15 b=21 nt=1441] KSP converged reason: 4, iterations: 1
  [a=15 b=20 nt=1432] KSP converged reason: 4, iterations: 1
  [a=15 b=21 nt=1464] KSP converged reason: 4, iterations: 1
  [a=15 b=20 nt=1433] KSP converged reason: 4, iterations: 1
  [a=15 b=20 nt=1432] KSP converged reason: 4, iterations: 1
  [3092] OK     f=   0.176  a=15.0 b=20.5 gap=19.6 (face=3.1mm) n=[141, 176, 213, 198, 176, 201, 53, 213, 51]  tape=0.176km B=10.04T unif=0.812% hoop=75MPa
  [3093] viol   f=   0.621  a=15.0 b=20.5 gap=19.6 (face=3.1mm) n=[141, 175, 208, 203, 177, 202, 51, 211, 57]  tape=0.176km B=9.95T unif=1.047% hoop=73MPa
  [3094] viol   f=   0.197  a=15.0 b=20.6 gap=19.6 (face=3.1mm) n=[142, 176, 213, 201, 179, 200, 53, 210, 56]  tape=0.178km B=9.90T unif=0.978% hoop=72MPa
  [3095] viol   f=   0.200  a=15.0 b=20.6 gap=19.6 (face=3.1mm) n=[142, 178, 212, 202, 181, 199, 51, 207, 56]  tape=0.177km B=9.89T unif=0.941% hoop=71MPa
  [3096] viol   f=   0.235  a=15.0 b=20.5 gap=19.6 (face=3.1mm) n=[142, 175, 212, 206, 179, 203, 51, 206, 52]  tape=0.176km B=9.83T unif=0.845% hoop=70MPa
  [3097] viol   f=   0.202  a=14.9 b=20.4 gap=19.6 (face=3.1mm) n=[139, 178, 206, 198, 176, 199, 53, 205, 58]  tape=0.173km B=9.88T unif=0.981% hoop=71MPa
  [3098] viol   f=   0.180  a=15.1 b=20.6 gap=19.6 (face=3.1mm) n=[142, 179, 212, 205, 180, 198, 60, 209, 56]  tape=0.179km B=9.98T unif=0.855% hoop=71MPa
  [3099] OK     f=   0.177  a=15.0 b=20.5 gap=19.6 (face=3.1mm) n=[142, 177, 208, 202, 187, 199, 54, 213, 50]  tape=0.177km B=10.13T unif=0.785% hoop=74MPa
  [3100] OK     f=   0.182  a=15.1 b=20.7 gap=19.6 (face=3.1mm) n=[143, 179, 205, 210, 181, 212, 52, 203, 79]  tape=0.182km B=10.24T unif=0.907% hoop=76MPa
  [3101] OK     f=   0.177  a=15.0 b=20.4 gap=19.6 (face=3.1mm) n=[140, 175, 207, 200, 181, 199, 55, 211, 65]  tape=0.177km B=10.05T unif=0.933% hoop=74MPa
  [3102] OK     f=   0.175  a=15.0 b=20.5 gap=19.6 (face=3.1mm) n=[140, 178, 205, 206, 177, 203, 65, 205, 53]  tape=0.175km B=10.04T unif=0.827% hoop=75MPa
  [a=15 b=21 nt=1448] KSP converged reason: 4, iterations: 1
  [a=15 b=21 nt=1430] KSP converged reason: 4, iterations: 1
  [a=15 b=20 nt=1428] KSP converged reason: 4, iterations: 1
  [a=15 b=21 nt=1433] KSP converged reason: 4, iterations: 1
  [a=15 b=20 nt=1408] KSP converged reason: 4, iterations: 1
  [a=15 b=21 nt=1429] KSP converged reason: 4, iterations: 1
  [a=15 b=20 nt=1417] KSP converged reason: 4, iterations: 1
  [a=15 b=21 nt=1445] KSP converged reason: 4, iterations: 1
  [a=15 b=20 nt=1426] KSP converged reason: 4, iterations: 1
  [a=15 b=21 nt=1435] KSP converged reason: 4, iterations: 1
  [a=15 b=20 nt=1437] KSP converged reason: 4, iterations: 1
  [3103] OK     f=   0.177  a=15.0 b=20.6 gap=19.6 (face=3.1mm) n=[140, 178, 207, 206, 178, 202, 61, 211, 50]  tape=0.177km B=10.06T unif=0.776% hoop=74MPa
  [3104] OK     f=   0.175  a=14.9 b=20.5 gap=19.6 (face=3.1mm) n=[141, 177, 209, 204, 175, 208, 50, 211, 53]  tape=0.175km B=10.12T unif=0.731% hoop=74MPa
  [3105] viol   f=   7.110  a=14.9 b=20.4 gap=19.6 (face=3.1mm) n=[137, 176, 204, 194, 188, 199, 51, 209, 50]  tape=0.173km B=9.66T unif=1.183% hoop=68MPa
  [3106] viol   f=   0.178  a=15.0 b=20.5 gap=19.5 (face=3.1mm) n=[141, 176, 213, 198, 177, 200, 59, 215, 51]  tape=0.178km B=9.98T unif=0.955% hoop=77MPa
  [3107] OK     f=   0.179  a=15.0 b=20.6 gap=19.6 (face=3.1mm) n=[142, 179, 209, 208, 185, 202, 60, 213, 50]  tape=0.179km B=10.03T unif=0.875% hoop=78MPa
  [3108] viol   f=   0.191  a=15.0 b=20.5 gap=19.6 (face=3.1mm) n=[140, 179, 207, 205, 176, 204, 57, 206, 55]  tape=0.175km B=9.91T unif=0.992% hoop=75MPa
  [3109] OK     f=   0.174  a=14.9 b=20.4 gap=19.6 (face=3.1mm) n=[140, 177, 209, 203, 173, 193, 62, 210, 50]  tape=0.174km B=10.00T unif=0.799% hoop=73MPa
  [3110] viol   f=   0.474  a=14.9 b=20.5 gap=19.6 (face=3.1mm) n=[138, 178, 201, 203, 184, 203, 56, 207, 56]  tape=0.175km B=9.93T unif=1.038% hoop=71MPa
  [3111] OK     f=   0.177  a=15.0 b=20.5 gap=19.6 (face=3.1mm) n=[142, 179, 208, 208, 181, 203, 64, 204, 56]  tape=0.177km B=10.02T unif=0.948% hoop=71MPa
  [3112] viol   f=   0.267  a=15.1 b=20.8 gap=19.6 (face=3.1mm) n=[142, 177, 213, 206, 177, 205, 52, 211, 52]  tape=0.179km B=9.79T unif=0.802% hoop=70MPa
  [3113] viol   f=   0.775  a=15.0 b=20.5 gap=19.6 (face=3.1mm) n=[141, 179, 206, 205, 177, 208, 56, 208, 57]  tape=0.176km B=9.95T unif=1.054% hoop=71MPa
  [a=15 b=21 nt=1440] KSP converged reason: 4, iterations: 1
  [a=15 b=20 nt=1433] KSP converged reason: 4, iterations: 1
  [a=15 b=20 nt=1426] KSP converged reason: 4, iterations: 1
  [a=15 b=20 nt=1415] KSP converged reason: 4, iterations: 1
  [a=15 b=20 nt=1428] KSP converged reason: 4, iterations: 1
  [a=15 b=20 nt=1420] KSP converged reason: 4, iterations: 1
  [a=15 b=21 nt=1424] KSP converged reason: 4, iterations: 1
  [a=15 b=20 nt=1418] KSP converged reason: 4, iterations: 1
  [a=15 b=20 nt=1425] KSP converged reason: 4, iterations: 1
  [a=15 b=20 nt=1437] KSP converged reason: 4, iterations: 1
  [a=15 b=20 nt=1436] KSP converged reason: 4, iterations: 1
  [3114] viol   f=   7.638  a=14.9 b=20.6 gap=19.5 (face=3.1mm) n=[142, 178, 212, 199, 180, 195, 66, 214, 54]  tape=0.179km B=10.03T unif=1.193% hoop=73MPa
  [3115] viol   f=   0.223  a=15.0 b=20.4 gap=19.6 (face=3.1mm) n=[141, 177, 211, 204, 169, 197, 56, 208, 52]  tape=0.174km B=9.84T unif=0.880% hoop=71MPa
  [3116] viol   f=   0.226  a=14.9 b=20.3 gap=19.5 (face=3.1mm) n=[141, 178, 209, 204, 169, 199, 64, 205, 57]  tape=0.174km B=9.94T unif=1.015% hoop=71MPa
  [3117] OK     f=   0.177  a=15.0 b=20.5 gap=19.6 (face=3.1mm) n=[141, 176, 210, 206, 170, 200, 66, 208, 56]  tape=0.177km B=10.01T unif=0.845% hoop=74MPa
  [3118] viol   f=   0.192  a=15.0 b=20.4 gap=19.6 (face=3.1mm) n=[140, 177, 206, 205, 176, 203, 59, 207, 55]  tape=0.174km B=9.91T unif=0.966% hoop=71MPa
  [3119] viol   f=   0.223  a=14.9 b=20.4 gap=19.6 (face=3.1mm) n=[139, 176, 209, 202, 176, 201, 57, 204, 56]  tape=0.174km B=9.84T unif=0.859% hoop=71MPa
  [3120] viol   f=   5.224  a=15.0 b=20.6 gap=19.6 (face=3.1mm) n=[140, 180, 204, 205, 182, 197, 55, 202, 59]  tape=0.175km B=9.91T unif=1.159% hoop=99MPa
  [3121] OK     f=   0.176  a=15.0 b=20.5 gap=19.6 (face=3.1mm) n=[142, 177, 214, 199, 179, 189, 57, 210, 51]  tape=0.176km B=10.07T unif=0.868% hoop=75MPa
  [3122] OK     f=   0.176  a=14.9 b=20.4 gap=19.6 (face=3.1mm) n=[142, 176, 213, 204, 178, 200, 52, 210, 50]  tape=0.176km B=10.16T unif=0.683% hoop=79MPa
  [3123] OK     f=   0.177  a=14.9 b=20.5 gap=19.6 (face=3.1mm) n=[142, 176, 210, 205, 178, 199, 69, 206, 51]  tape=0.177km B=10.14T unif=0.810% hoop=74MPa
  [3124] OK     f=   0.178  a=14.9 b=20.4 gap=19.6 (face=3.1mm) n=[141, 177, 213, 204, 168, 202, 61, 215, 56]  tape=0.178km B=10.06T unif=0.818% hoop=77MPa
  [a=15 b=21 nt=1417] KSP converged reason: 4, iterations: 1
  [a=15 b=21 nt=1435] KSP converged reason: 4, iterations: 1
  [a=15 b=20 nt=1413] KSP converged reason: 4, iterations: 1
  [a=15 b=20 nt=1436] KSP converged reason: 4, iterations: 1
  [a=15 b=20 nt=1419] KSP converged reason: 4, iterations: 1
  [a=15 b=21 nt=1429] KSP converged reason: 4, iterations: 1
  [a=15 b=20 nt=1430] KSP converged reason: 4, iterations: 1
  [a=15 b=21 nt=1426] KSP converged reason: 4, iterations: 1
  [a=15 b=21 nt=1433] KSP converged reason: 4, iterations: 1
  [a=15 b=20 nt=1462] KSP converged reason: 4, iterations: 1
  [a=15 b=20 nt=1429] KSP converged reason: 4, iterations: 1
  [3125] viol   f=  27.115  a=14.9 b=20.2 gap=19.6 (face=3.1mm) n=[140, 178, 205, 205, 173, 203, 60, 205, 50]  tape=0.172km B=9.69T unif=1.366% hoop=67MPa
  [3126] viol   f=  10.463  a=15.0 b=20.5 gap=19.6 (face=3.1mm) n=[142, 175, 216, 201, 178, 193, 58, 203, 51]  tape=0.177km B=9.83T unif=1.226% hoop=72MPa
  [3127] OK     f=   0.177  a=15.0 b=20.3 gap=19.6 (face=3.1mm) n=[143, 177, 211, 208, 171, 201, 60, 198, 67]  tape=0.177km B=10.03T unif=0.980% hoop=73MPa
  [3128] OK     f=   0.174  a=14.9 b=20.3 gap=19.6 (face=3.1mm) n=[140, 174, 212, 203, 167, 200, 59, 208, 50]  tape=0.174km B=10.06T unif=0.698% hoop=75MPa
  [3129] OK     f=   0.178  a=14.9 b=20.5 gap=19.6 (face=3.1mm) n=[141, 176, 212, 205, 180, 192, 72, 205, 52]  tape=0.178km B=10.16T unif=0.757% hoop=74MPa
  [3130] OK     f=   0.179  a=15.0 b=20.6 gap=19.6 (face=3.1mm) n=[143, 177, 217, 201, 181, 190, 60, 210, 50]  tape=0.179km B=10.07T unif=0.843% hoop=78MPa
  [3131] OK     f=   0.176  a=14.9 b=20.5 gap=19.6 (face=3.1mm) n=[142, 175, 211, 203, 180, 201, 57, 211, 50]  tape=0.176km B=10.15T unif=0.788% hoop=75MPa
  [3132] OK     f=   0.177  a=15.0 b=20.5 gap=19.6 (face=3.1mm) n=[142, 178, 215, 207, 172, 197, 56, 209, 50]  tape=0.177km B=10.15T unif=0.652% hoop=79MPa
  [3133] OK     f=   0.178  a=15.0 b=20.6 gap=19.6 (face=3.1mm) n=[142, 176, 214, 205, 179, 202, 54, 211, 50]  tape=0.178km B=10.07T unif=0.578% hoop=75MPa
  [3134] viol   f=   0.204  a=14.9 b=20.4 gap=19.6 (face=3.1mm) n=[143, 177, 215, 206, 175, 200, 68, 214, 64]  tape=0.180km B=9.98T unif=1.011% hoop=70MPa
  [3135] OK     f=   0.178  a=14.9 b=20.4 gap=19.6 (face=3.1mm) n=[143, 176, 219, 201, 171, 195, 59, 213, 52]  tape=0.178km B=10.13T unif=0.653% hoop=75MPa
  [a=15 b=20 nt=1429] KSP converged reason: 4, iterations: 1
  [a=15 b=20 nt=1419] KSP converged reason: 4, iterations: 1
  [a=15 b=20 nt=1433] KSP converged reason: 4, iterations: 1
  [a=15 b=20 nt=1431] KSP converged reason: 4, iterations: 1
  [a=15 b=20 nt=1440] KSP converged reason: 4, iterations: 1
  [a=15 b=20 nt=1409] KSP converged reason: 4, iterations: 1
  [a=15 b=20 nt=1445] KSP converged reason: 4, iterations: 1
  [a=15 b=20 nt=1415] KSP converged reason: 4, iterations: 1
  [a=15 b=20 nt=1420] KSP converged reason: 4, iterations: 1
  [a=15 b=20 nt=1445] KSP converged reason: 4, iterations: 1
  [a=15 b=20 nt=1420] KSP converged reason: 4, iterations: 1
  [3136] viol   f=   2.755  a=15.0 b=20.3 gap=19.6 (face=3.1mm) n=[141, 174, 211, 204, 166, 197, 51, 203, 62]  tape=0.174km B=9.88T unif=1.113% hoop=73MPa
  [3137] viol   f=   0.186  a=14.9 b=20.3 gap=19.6 (face=3.1mm) n=[142, 176, 212, 205, 177, 198, 59, 207, 53]  tape=0.176km B=9.93T unif=0.935% hoop=71MPa
  [3138] viol   f=   5.598  a=14.9 b=20.4 gap=19.6 (face=3.1mm) n=[142, 175, 216, 202, 176, 197, 53, 207, 51]  tape=0.176km B=9.80T unif=1.163% hoop=74MPa
  [3139] viol   f=   0.179  a=15.0 b=20.4 gap=19.6 (face=3.1mm) n=[142, 174, 216, 205, 166, 197, 63, 217, 53]  tape=0.178km B=9.98T unif=0.718% hoop=77MPa
  [3140] viol   f=   3.356  a=14.9 b=20.3 gap=19.6 (face=3.1mm) n=[142, 176, 211, 204, 184, 198, 58, 206, 52]  tape=0.175km B=9.92T unif=1.126% hoop=74MPa
  [3141] OK     f=   0.175  a=14.9 b=20.3 gap=19.6 (face=3.1mm) n=[142, 179, 207, 209, 171, 207, 65, 208, 52]  tape=0.175km B=10.17T unif=0.891% hoop=74MPa
  [3142] OK     f=   0.178  a=14.9 b=20.5 gap=19.6 (face=3.1mm) n=[142, 176, 212, 206, 177, 205, 64, 209, 54]  tape=0.178km B=10.15T unif=0.679% hoop=78MPa
  [3143] viol   f=   0.305  a=14.9 b=20.4 gap=19.6 (face=3.1mm) n=[140, 175, 208, 203, 177, 200, 62, 200, 50]  tape=0.174km B=9.88T unif=1.022% hoop=71MPa
  [3144] viol   f=  17.431  a=14.9 b=20.4 gap=19.6 (face=3.1mm) n=[141, 173, 208, 207, 176, 204, 55, 205, 51]  tape=0.174km B=9.80T unif=1.293% hoop=73MPa
  [3145] viol   f=   0.180  a=14.8 b=20.3 gap=19.5 (face=3.1mm) n=[142, 177, 213, 206, 169, 202, 64, 212, 60]  tape=0.177km B=9.96T unif=0.999% hoop=70MPa
  [3146] viol   f=   0.991  a=15.0 b=20.4 gap=19.6 (face=3.1mm) n=[142, 174, 213, 207, 167, 201, 59, 204, 53]  tape=0.176km B=9.83T unif=1.061% hoop=70MPa
  [a=15 b=20 nt=1427] KSP converged reason: 4, iterations: 1
  [a=15 b=20 nt=1456] KSP converged reason: 4, iterations: 1
  [a=15 b=20 nt=1427] KSP converged reason: 4, iterations: 1
  [a=15 b=21 nt=1465] KSP converged reason: 4, iterations: 1
  [a=15 b=20 nt=1435] KSP converged reason: 4, iterations: 1
  [a=15 b=21 nt=1438] KSP converged reason: 4, iterations: 1
  [a=15 b=20 nt=1460] KSP converged reason: 4, iterations: 1
  [a=15 b=20 nt=1429] KSP converged reason: 4, iterations: 1
  [a=15 b=20 nt=1450] KSP converged reason: 4, iterations: 1
  [a=15 b=21 nt=1434] KSP converged reason: 4, iterations: 1
  [a=15 b=20 nt=1447] KSP converged reason: 4, iterations: 1
  [3147] OK     f=   0.176  a=14.9 b=20.3 gap=19.6 (face=3.1mm) n=[143, 177, 213, 209, 166, 204, 63, 210, 50]  tape=0.176km B=10.14T unif=0.576% hoop=74MPa
  [3148] viol   f=   0.179  a=15.0 b=20.4 gap=19.6 (face=3.1mm) n=[142, 176, 211, 207, 180, 209, 65, 214, 52]  tape=0.179km B=9.99T unif=0.949% hoop=71MPa
  [3149] OK     f=   0.177  a=15.0 b=20.4 gap=19.6 (face=3.1mm) n=[140, 176, 212, 201, 180, 193, 59, 213, 53]  tape=0.177km B=10.06T unif=0.709% hoop=74MPa
  [3150] viol   f=   9.559  a=14.9 b=20.3 gap=19.5 (face=3.1mm) n=[142, 173, 212, 206, 172, 200, 62, 210, 50]  tape=0.175km B=9.97T unif=1.217% hoop=71MPa
  [3151] OK     f=   0.177  a=15.0 b=20.5 gap=19.6 (face=3.1mm) n=[142, 177, 211, 208, 169, 208, 62, 209, 52]  tape=0.177km B=10.13T unif=0.647% hoop=74MPa
  [3152] OK     f=   0.180  a=14.9 b=20.5 gap=19.6 (face=3.1mm) n=[143, 182, 209, 212, 176, 205, 73, 211, 54]  tape=0.180km B=10.22T unif=0.815% hoop=73MPa
  [3153] viol   f=   0.490  a=14.9 b=20.4 gap=19.6 (face=3.1mm) n=[142, 178, 211, 206, 172, 206, 68, 213, 64]  tape=0.180km B=9.94T unif=1.039% hoop=70MPa
  [3154] viol   f=  33.966  a=14.8 b=20.2 gap=19.5 (face=3.1mm) n=[141, 177, 206, 203, 174, 199, 65, 212, 52]  tape=0.175km B=9.94T unif=1.411% hoop=71MPa
  [3155] OK     f=   0.179  a=14.9 b=20.4 gap=19.6 (face=3.1mm) n=[144, 176, 216, 210, 164, 210, 65, 212, 53]  tape=0.179km B=10.21T unif=0.729% hoop=78MPa
  [3156] OK     f=   0.176  a=15.0 b=20.5 gap=19.6 (face=3.1mm) n=[141, 176, 209, 206, 183, 202, 56, 210, 51]  tape=0.176km B=10.17T unif=0.635% hoop=79MPa
  [3157] viol   f=   0.191  a=14.9 b=20.4 gap=19.6 (face=3.1mm) n=[141, 176, 212, 208, 171, 204, 66, 209, 60]  tape=0.178km B=9.92T unif=0.779% hoop=70MPa
  [a=15 b=20 nt=1437] KSP converged reason: 4, iterations: 1
  [a=15 b=20 nt=1435] KSP converged reason: 4, iterations: 1
  [a=15 b=20 nt=1449] KSP converged reason: 4, iterations: 1
  [a=15 b=20 nt=1422] KSP converged reason: 4, iterations: 1
  [a=15 b=21 nt=1438] KSP converged reason: 4, iterations: 1
  [a=15 b=20 nt=1432] KSP converged reason: 4, iterations: 1
  [a=15 b=20 nt=1437] KSP converged reason: 4, iterations: 1
  [a=15 b=21 nt=1448] KSP converged reason: 4, iterations: 1
  [a=15 b=20 nt=1422] KSP converged reason: 4, iterations: 1
  [a=15 b=20 nt=1436] KSP converged reason: 4, iterations: 1
  [a=15 b=20 nt=1446] KSP converged reason: 4, iterations: 1
  [3158] viol   f=   1.519  a=14.9 b=20.5 gap=19.5 (face=3.1mm) n=[142, 181, 209, 209, 177, 200, 52, 211, 51]  tape=0.176km B=9.89T unif=1.081% hoop=69MPa
  [3159] OK     f=   0.175  a=15.0 b=20.4 gap=19.6 (face=3.1mm) n=[140, 176, 209, 204, 177, 199, 55, 212, 50]  tape=0.175km B=10.08T unif=0.739% hoop=75MPa
  [3160] OK     f=   0.177  a=15.0 b=20.5 gap=19.6 (face=3.1mm) n=[142, 176, 213, 206, 176, 199, 58, 212, 53]  tape=0.177km B=10.11T unif=0.680% hoop=78MPa
  [3161] OK     f=   0.177  a=15.0 b=20.6 gap=19.6 (face=3.1mm) n=[142, 177, 210, 208, 179, 201, 60, 209, 52]  tape=0.177km B=10.12T unif=0.699% hoop=78MPa
  [3162] viol   f=   0.182  a=14.9 b=20.5 gap=19.6 (face=3.1mm) n=[141, 177, 213, 205, 172, 201, 54, 218, 56]  tape=0.179km B=9.96T unif=0.748% hoop=73MPa
  [3163] viol   f=   0.185  a=14.9 b=20.4 gap=19.6 (face=3.1mm) n=[141, 175, 210, 210, 173, 205, 63, 213, 59]  tape=0.178km B=9.94T unif=0.801% hoop=71MPa
  [3164] OK     f=   0.176  a=14.9 b=20.5 gap=19.6 (face=3.1mm) n=[142, 177, 209, 209, 176, 202, 65, 207, 50]  tape=0.176km B=10.14T unif=0.774% hoop=73MPa
  [3165] viol   f=   1.463  a=15.0 b=20.5 gap=19.6 (face=3.1mm) n=[142, 179, 210, 208, 177, 203, 64, 215, 50]  tape=0.179km B=9.95T unif=1.080% hoop=75MPa
  [3166] viol   f=   0.211  a=15.0 b=20.5 gap=19.6 (face=3.1mm) n=[140, 176, 206, 207, 175, 200, 57, 203, 58]  tape=0.175km B=9.87T unif=0.840% hoop=70MPa
  [3167] viol   f=   6.931  a=14.9 b=20.5 gap=19.6 (face=3.1mm) n=[142, 179, 209, 209, 173, 198, 66, 210, 50]  tape=0.177km B=9.82T unif=1.183% hoop=69MPa
  [3168] viol   f=   0.310  a=14.9 b=20.5 gap=19.6 (face=3.1mm) n=[142, 178, 209, 208, 177, 204, 61, 209, 58]  tape=0.177km B=10.01T unif=1.026% hoop=71MPa
  [a=15 b=21 nt=1432] KSP converged reason: 4, iterations: 1
  [a=15 b=21 nt=1417] KSP converged reason: 4, iterations: 1
  [a=15 b=20 nt=1422] KSP converged reason: 4, iterations: 1
  [a=15 b=21 nt=1452] KSP converged reason: 4, iterations: 1
  [a=15 b=20 nt=1421] KSP converged reason: 4, iterations: 1
  [a=15 b=20 nt=1428] KSP converged reason: 4, iterations: 1
  [a=15 b=21 nt=1446] KSP converged reason: 4, iterations: 1
  [a=15 b=20 nt=1431] KSP converged reason: 4, iterations: 1
  [a=15 b=21 nt=1444] KSP converged reason: 4, iterations: 1
  [a=15 b=21 nt=1440] KSP converged reason: 4, iterations: 1
  [a=15 b=20 nt=1436] KSP converged reason: 4, iterations: 1
  [3169] viol   f=   0.293  a=14.9 b=20.3 gap=19.6 (face=3.1mm) n=[140, 175, 209, 209, 171, 199, 65, 210, 50]  tape=0.175km B=9.76T unif=1.005% hoop=70MPa
  [3170] OK     f=   0.176  a=15.0 b=20.6 gap=19.6 (face=3.1mm) n=[141, 176, 212, 205, 175, 196, 54, 208, 50]  tape=0.176km B=10.12T unif=0.688% hoop=76MPa
  [3171] viol   f=   1.958  a=15.0 b=20.6 gap=19.6 (face=3.1mm) n=[142, 180, 206, 209, 177, 207, 71, 205, 55]  tape=0.179km B=10.08T unif=1.094% hoop=72MPa
  [3172] OK     f=   0.175  a=14.9 b=20.4 gap=19.6 (face=3.1mm) n=[141, 179, 210, 205, 164, 200, 62, 211, 50]  tape=0.175km B=10.09T unif=0.724% hoop=74MPa
  [3173] OK     f=   0.177  a=15.0 b=20.6 gap=19.6 (face=3.1mm) n=[141, 179, 208, 206, 181, 199, 55, 213, 50]  tape=0.177km B=10.13T unif=0.763% hoop=75MPa
  [3174] OK     f=   0.174  a=14.9 b=20.4 gap=19.6 (face=3.1mm) n=[141, 174, 209, 203, 181, 199, 56, 208, 50]  tape=0.174km B=10.09T unif=0.763% hoop=74MPa
  [3175] OK     f=   0.179  a=15.0 b=20.5 gap=19.6 (face=3.1mm) n=[143, 175, 217, 206, 181, 204, 57, 211, 52]  tape=0.179km B=10.14T unif=0.533% hoop=75MPa
  [3176] viol   f=   0.186  a=14.9 b=20.4 gap=19.6 (face=3.1mm) n=[140, 177, 210, 204, 175, 198, 62, 213, 52]  tape=0.176km B=9.93T unif=0.783% hoop=72MPa
  [3177] viol   f=   0.428  a=14.9 b=20.5 gap=19.6 (face=3.1mm) n=[141, 178, 206, 209, 177, 206, 64, 211, 52]  tape=0.178km B=9.86T unif=1.033% hoop=70MPa
  [3178] viol   f=   0.178  a=15.0 b=20.7 gap=19.6 (face=3.1mm) n=[140, 179, 205, 205, 191, 199, 58, 209, 54]  tape=0.178km B=9.98T unif=0.940% hoop=72MPa
  [3179] OK     f=   0.177  a=15.0 b=20.5 gap=19.6 (face=3.1mm) n=[141, 177, 211, 207, 176, 197, 61, 212, 54]  tape=0.177km B=10.12T unif=0.657% hoop=74MPa
  [a=15 b=21 nt=1428] KSP converged reason: 4, iterations: 1
  [a=15 b=20 nt=1434] KSP converged reason: 4, iterations: 1
  [a=15 b=20 nt=1428] KSP converged reason: 4, iterations: 1
  [a=15 b=20 nt=1425] KSP converged reason: 4, iterations: 1
  [a=15 b=21 nt=1430] KSP converged reason: 4, iterations: 1
  [a=15 b=20 nt=1437] KSP converged reason: 4, iterations: 1
  [a=15 b=20 nt=1423] KSP converged reason: 4, iterations: 1
  [a=15 b=20 nt=1418] KSP converged reason: 4, iterations: 1
  [a=15 b=21 nt=1431] KSP converged reason: 4, iterations: 1
  [a=15 b=21 nt=1418] KSP converged reason: 4, iterations: 1
  [a=15 b=20 nt=1418] KSP converged reason: 4, iterations: 1
  [3180] OK     f=   0.176  a=15.0 b=20.5 gap=19.6 (face=3.1mm) n=[141, 176, 211, 204, 177, 200, 56, 212, 51]  tape=0.176km B=10.11T unif=0.702% hoop=75MPa
  [3181] viol   f=   0.207  a=15.0 b=20.5 gap=19.6 (face=3.1mm) n=[141, 177, 208, 207, 175, 199, 62, 205, 51]  tape=0.175km B=9.87T unif=0.928% hoop=70MPa
  [3182] OK     f=   0.177  a=14.9 b=20.4 gap=19.6 (face=3.1mm) n=[141, 179, 206, 206, 176, 200, 63, 211, 55]  tape=0.177km B=10.05T unif=0.994% hoop=73MPa
  [3183] viol   f=   0.190  a=15.0 b=20.6 gap=19.6 (face=3.1mm) n=[141, 176, 212, 203, 176, 195, 58, 212, 57]  tape=0.177km B=9.92T unif=0.903% hoop=73MPa
  [3184] viol   f=   0.178  a=14.9 b=20.5 gap=19.5 (face=3.1mm) n=[140, 178, 208, 202, 181, 192, 59, 215, 53]  tape=0.178km B=9.99T unif=0.930% hoop=74MPa
  [3185] OK     f=   0.176  a=15.0 b=20.5 gap=19.6 (face=3.1mm) n=[140, 177, 207, 203, 180, 205, 62, 210, 50]  tape=0.176km B=10.04T unif=0.827% hoop=73MPa
  [3186] OK     f=   0.176  a=14.9 b=20.4 gap=19.5 (face=3.1mm) n=[141, 178, 209, 203, 172, 198, 58, 213, 51]  tape=0.176km B=10.01T unif=0.854% hoop=73MPa
  [3187] OK     f=   0.176  a=15.0 b=20.5 gap=19.6 (face=3.1mm) n=[142, 177, 213, 201, 173, 193, 56, 213, 50]  tape=0.176km B=10.04T unif=0.823% hoop=75MPa
  [3188] viol   f=   0.178  a=15.0 b=20.5 gap=19.6 (face=3.1mm) n=[140, 177, 206, 205, 178, 200, 62, 208, 55]  tape=0.176km B=9.97T unif=0.937% hoop=73MPa
  [3189] viol   f=  36.432  a=14.9 b=20.5 gap=19.6 (face=3.1mm) n=[141, 177, 207, 205, 178, 200, 54, 206, 50]  tape=0.174km B=9.71T unif=1.425% hoop=68MPa
  [3190] OK     f=   0.175  a=14.9 b=20.4 gap=19.6 (face=3.1mm) n=[141, 174, 212, 204, 174, 197, 57, 209, 50]  tape=0.175km B=10.09T unif=0.642% hoop=75MPa
  [a=15 b=20 nt=1408] KSP converged reason: 4, iterations: 1
  [a=15 b=20 nt=1433] KSP converged reason: 4, iterations: 1
  [a=15 b=20 nt=1424] KSP converged reason: 4, iterations: 1
  [a=15 b=20 nt=1421] KSP converged reason: 4, iterations: 1
  [a=15 b=20 nt=1417] KSP converged reason: 4, iterations: 1
  [a=15 b=20 nt=1413] KSP converged reason: 4, iterations: 1
  [a=15 b=20 nt=1434] KSP converged reason: 4, iterations: 1
  [a=15 b=20 nt=1420] KSP converged reason: 4, iterations: 1
  [a=15 b=20 nt=1427] KSP converged reason: 4, iterations: 1
  [a=15 b=20 nt=1419] KSP converged reason: 4, iterations: 1
  [a=15 b=20 nt=1418] KSP converged reason: 4, iterations: 1
  [3191] OK     f=   0.177  a=14.9 b=20.4 gap=19.5 (face=3.1mm) n=[142, 175, 215, 200, 177, 192, 60, 215, 57]  tape=0.177km B=10.12T unif=0.810% hoop=75MPa
  [3192] viol   f=   0.196  a=14.9 b=20.4 gap=19.6 (face=3.1mm) n=[141, 176, 209, 204, 171, 199, 61, 210, 50]  tape=0.175km B=9.90T unif=0.980% hoop=71MPa
  [3193] OK     f=   0.175  a=14.9 b=20.4 gap=19.6 (face=3.1mm) n=[142, 177, 211, 205, 167, 201, 60, 211, 50]  tape=0.175km B=10.08T unif=0.797% hoop=75MPa
  [3194] viol   f=  35.838  a=14.9 b=20.3 gap=19.5 (face=3.1mm) n=[141, 174, 211, 199, 168, 195, 60, 207, 53]  tape=0.173km B=9.81T unif=1.422% hoop=71MPa
  [3195] viol   f=   5.851  a=15.0 b=20.4 gap=19.6 (face=3.1mm) n=[141, 175, 210, 202, 175, 196, 56, 208, 54]  tape=0.174km B=9.81T unif=1.167% hoop=72MPa
  [3196] viol   f=   0.175  a=15.0 b=20.4 gap=19.6 (face=3.1mm) n=[141, 175, 214, 200, 172, 191, 57, 213, 50]  tape=0.175km B=9.99T unif=0.755% hoop=78MPa
  [3197] viol   f=   0.191  a=14.9 b=20.4 gap=19.5 (face=3.1mm) n=[141, 178, 210, 203, 174, 195, 58, 217, 58]  tape=0.178km B=9.92T unif=0.990% hoop=76MPa
  [3198] viol   f=  52.297  a=14.9 b=20.3 gap=19.5 (face=3.1mm) n=[141, 176, 211, 199, 175, 193, 55, 214, 56]  tape=0.175km B=9.88T unif=1.510% hoop=75MPa
  [3199] OK     f=   0.174  a=14.9 b=20.4 gap=19.6 (face=3.1mm) n=[140, 175, 210, 203, 173, 197, 57, 211, 53]  tape=0.174km B=10.05T unif=0.739% hoop=74MPa
  [3200] OK     f=   0.177  a=14.9 b=20.5 gap=19.6 (face=3.1mm) n=[143, 174, 217, 204, 174, 197, 55, 211, 52]  tape=0.177km B=10.06T unif=0.790% hoop=78MPa
  [3201] viol   f=   0.175  a=14.9 b=20.4 gap=19.6 (face=3.1mm) n=[141, 174, 213, 201, 171, 197, 57, 212, 52]  tape=0.175km B=9.99T unif=0.714% hoop=75MPa
  [a=15 b=20 nt=1434] KSP converged reason: 4, iterations: 1
  [a=15 b=20 nt=1426] KSP converged reason: 4, iterations: 1
  [a=15 b=20 nt=1417] KSP converged reason: 4, iterations: 1
  [a=15 b=20 nt=1426] KSP converged reason: 4, iterations: 1
  [a=15 b=20 nt=1416] KSP converged reason: 4, iterations: 1
  [a=15 b=20 nt=1423] KSP converged reason: 4, iterations: 1
  [a=15 b=20 nt=1413] KSP converged reason: 4, iterations: 1
  [a=15 b=20 nt=1419] KSP converged reason: 4, iterations: 1
  [a=15 b=20 nt=1423] KSP converged reason: 4, iterations: 1
  [a=15 b=20 nt=1406] KSP converged reason: 4, iterations: 1
  [a=15 b=20 nt=1417] KSP converged reason: 4, iterations: 1
  [3202] OK     f=   0.175  a=14.9 b=20.4 gap=19.6 (face=3.1mm) n=[141, 176, 210, 203, 175, 198, 60, 210, 50]  tape=0.175km B=10.04T unif=0.836% hoop=73MPa
  [3203] OK     f=   0.176  a=15.0 b=20.4 gap=19.6 (face=3.1mm) n=[142, 176, 215, 202, 173, 196, 56, 214, 52]  tape=0.176km B=10.05T unif=0.864% hoop=74MPa
  [3204] OK     f=   0.175  a=14.9 b=20.4 gap=19.6 (face=3.1mm) n=[142, 176, 212, 204, 171, 197, 54, 210, 51]  tape=0.175km B=10.11T unif=0.789% hoop=79MPa
  [3205] viol   f=   0.209  a=14.9 b=20.5 gap=19.6 (face=3.1mm) n=[141, 175, 213, 207, 168, 199, 58, 210, 55]  tape=0.176km B=9.87T unif=0.671% hoop=72MPa
  [3206] viol   f=   1.394  a=14.9 b=20.3 gap=19.5 (face=3.1mm) n=[140, 177, 209, 203, 173, 199, 62, 216, 55]  tape=0.177km B=9.94T unif=1.078% hoop=72MPa
  [3207] OK     f=   0.176  a=15.0 b=20.4 gap=19.6 (face=3.1mm) n=[142, 175, 215, 203, 169, 196, 55, 210, 51]  tape=0.176km B=10.07T unif=0.709% hoop=75MPa
  [3208] OK     f=   0.174  a=14.9 b=20.4 gap=19.6 (face=3.1mm) n=[140, 177, 209, 203, 173, 196, 56, 209, 50]  tape=0.174km B=10.04T unif=0.682% hoop=74MPa
  [3209] OK     f=   0.175  a=14.9 b=20.4 gap=19.6 (face=3.1mm) n=[141, 176, 212, 206, 164, 199, 60, 210, 51]  tape=0.175km B=10.10T unif=0.676% hoop=75MPa
  [3210] OK     f=   0.175  a=14.9 b=20.3 gap=19.5 (face=3.1mm) n=[141, 175, 211, 203, 168, 200, 60, 211, 54]  tape=0.175km B=10.04T unif=0.781% hoop=73MPa
  [3211] OK     f=   0.174  a=14.9 b=20.4 gap=19.6 (face=3.1mm) n=[141, 177, 211, 206, 166, 198, 57, 210, 51]  tape=0.174km B=10.07T unif=0.611% hoop=74MPa
  [3212] OK     f=   0.175  a=14.9 b=20.4 gap=19.5 (face=3.1mm) n=[140, 174, 215, 198, 167, 190, 57, 212, 53]  tape=0.175km B=10.03T unif=0.665% hoop=76MPa
  [a=15 b=20 nt=1411] KSP converged reason: 4, iterations: 1
  [a=15 b=20 nt=1410] KSP converged reason: 4, iterations: 1
  [a=15 b=20 nt=1418] KSP converged reason: 4, iterations: 1
  [a=15 b=20 nt=1413] KSP converged reason: 4, iterations: 1
  [a=15 b=20 nt=1410] KSP converged reason: 4, iterations: 1
  [a=15 b=20 nt=1413] KSP converged reason: 4, iterations: 1
  [a=15 b=20 nt=1424] KSP converged reason: 4, iterations: 1
  [a=15 b=20 nt=1428] KSP converged reason: 4, iterations: 1
  [a=15 b=20 nt=1406] KSP converged reason: 4, iterations: 1
  [a=15 b=20 nt=1405] KSP converged reason: 4, iterations: 1
  [a=15 b=20 nt=1428] KSP converged reason: 4, iterations: 1
  [3213] viol   f=  10.003  a=15.0 b=20.5 gap=19.6 (face=3.1mm) n=[141, 177, 210, 203, 172, 197, 50, 210, 50]  tape=0.174km B=9.79T unif=1.221% hoop=70MPa
  [3214] OK     f=   0.174  a=14.9 b=20.4 gap=19.6 (face=3.1mm) n=[141, 176, 212, 204, 169, 196, 54, 209, 50]  tape=0.174km B=10.03T unif=0.766% hoop=74MPa
  [3215] viol   f=   3.464  a=14.9 b=20.4 gap=19.6 (face=3.1mm) n=[142, 176, 213, 206, 170, 198, 57, 206, 50]  tape=0.175km B=9.81T unif=1.127% hoop=71MPa
  [3216] OK     f=   0.173  a=14.9 b=20.4 gap=19.6 (face=3.1mm) n=[139, 176, 207, 203, 172, 198, 59, 209, 50]  tape=0.173km B=10.03T unif=0.759% hoop=74MPa
  [3217] viol   f=   0.256  a=14.9 b=20.5 gap=19.5 (face=3.1mm) n=[141, 177, 211, 203, 170, 195, 55, 209, 52]  tape=0.174km B=9.82T unif=1.009% hoop=70MPa
  [3218] OK     f=   0.173  a=15.0 b=20.4 gap=19.6 (face=3.1mm) n=[141, 175, 210, 203, 174, 197, 51, 209, 50]  tape=0.173km B=10.06T unif=0.836% hoop=75MPa
  [3219] OK     f=   0.176  a=14.9 b=20.4 gap=19.6 (face=3.1mm) n=[141, 176, 212, 203, 177, 195, 56, 212, 52]  tape=0.176km B=10.11T unif=0.651% hoop=74MPa
  [3220] viol   f=   0.185  a=14.9 b=20.3 gap=19.5 (face=3.1mm) n=[141, 177, 209, 206, 167, 201, 63, 212, 52]  tape=0.175km B=9.93T unif=0.968% hoop=71MPa
  [3221] viol   f=   0.202  a=14.9 b=20.3 gap=19.6 (face=3.1mm) n=[140, 174, 208, 202, 173, 196, 51, 209, 53]  tape=0.172km B=9.88T unif=1.002% hoop=72MPa
  [3222] viol   f=   0.192  a=14.9 b=20.4 gap=19.6 (face=3.1mm) n=[141, 177, 211, 206, 168, 196, 58, 212, 59]  tape=0.176km B=9.91T unif=0.880% hoop=72MPa
  [3223] OK     f=   0.173  a=14.9 b=20.4 gap=19.6 (face=3.1mm) n=[139, 175, 212, 201, 169, 195, 52, 211, 51]  tape=0.173km B=10.02T unif=0.652% hoop=78MPa
  [a=15 b=20 nt=1416] KSP converged reason: 4, iterations: 1
  [a=15 b=20 nt=1409] KSP converged reason: 4, iterations: 1
  [a=15 b=20 nt=1411] KSP converged reason: 4, iterations: 1
  [a=15 b=20 nt=1416] KSP converged reason: 4, iterations: 1
  [a=15 b=20 nt=1414] KSP converged reason: 4, iterations: 1
  [a=15 b=20 nt=1424] KSP converged reason: 4, iterations: 1
  [a=15 b=20 nt=1411] KSP converged reason: 4, iterations: 1
  [a=15 b=20 nt=1407] KSP converged reason: 4, iterations: 1
  [a=15 b=20 nt=1410] KSP converged reason: 4, iterations: 1
  [a=15 b=20 nt=1406] KSP converged reason: 4, iterations: 1
  [a=15 b=20 nt=1401] KSP converged reason: 4, iterations: 1
  [3224] OK     f=   0.174  a=14.9 b=20.4 gap=19.6 (face=3.1mm) n=[140, 176, 211, 203, 167, 196, 55, 210, 51]  tape=0.174km B=10.05T unif=0.740% hoop=74MPa
  [3225] viol   f=   0.243  a=14.9 b=20.4 gap=19.6 (face=3.1mm) n=[139, 175, 206, 205, 175, 197, 55, 208, 54]  tape=0.173km B=9.81T unif=0.975% hoop=70MPa
  [3226] OK     f=   0.173  a=14.9 b=20.4 gap=19.6 (face=3.1mm) n=[141, 177, 209, 204, 172, 200, 54, 209, 50]  tape=0.173km B=10.11T unif=0.716% hoop=75MPa
  [3227] viol   f=   0.175  a=14.9 b=20.4 gap=19.6 (face=3.1mm) n=[140, 176, 208, 203, 174, 197, 56, 212, 50]  tape=0.175km B=9.99T unif=0.889% hoop=75MPa
  [3228] OK     f=   0.174  a=14.9 b=20.3 gap=19.5 (face=3.1mm) n=[140, 173, 213, 201, 169, 194, 53, 212, 56]  tape=0.174km B=10.12T unif=0.530% hoop=76MPa
  [3229] OK     f=   0.175  a=15.0 b=20.5 gap=19.6 (face=3.1mm) n=[140, 176, 208, 207, 176, 204, 53, 209, 51]  tape=0.175km B=10.08T unif=0.661% hoop=74MPa
  [3230] OK     f=   0.174  a=14.9 b=20.4 gap=19.6 (face=3.1mm) n=[141, 175, 212, 204, 169, 197, 55, 208, 50]  tape=0.174km B=10.03T unif=0.611% hoop=74MPa
  [3231] OK     f=   0.173  a=15.0 b=20.4 gap=19.6 (face=3.1mm) n=[140, 175, 210, 202, 170, 199, 52, 209, 50]  tape=0.173km B=10.02T unif=0.656% hoop=75MPa
  [3232] viol   f=   0.300  a=14.9 b=20.4 gap=19.6 (face=3.1mm) n=[138, 175, 206, 201, 173, 198, 53, 209, 53]  tape=0.173km B=9.75T unif=0.885% hoop=71MPa
  [3233] viol   f=   3.594  a=15.0 b=20.5 gap=19.6 (face=3.1mm) n=[139, 175, 209, 201, 179, 194, 50, 213, 50]  tape=0.175km B=9.58T unif=1.124% hoop=69MPa
  [3234] viol   f=   0.790  a=14.9 b=20.3 gap=19.6 (face=3.1mm) n=[138, 176, 207, 200, 172, 197, 51, 210, 50]  tape=0.172km B=9.66T unif=1.044% hoop=69MPa
  [a=15 b=20 nt=1423] KSP converged reason: 4, iterations: 1
  [a=15 b=20 nt=1414] KSP converged reason: 4, iterations: 1
  [a=15 b=20 nt=1416] KSP converged reason: 4, iterations: 1
  [a=15 b=20 nt=1413] KSP converged reason: 4, iterations: 1
  [a=15 b=20 nt=1420] KSP converged reason: 4, iterations: 1
  [a=15 b=20 nt=1401] KSP converged reason: 4, iterations: 1
  [a=15 b=20 nt=1414] KSP converged reason: 4, iterations: 1
  [a=15 b=20 nt=1403] KSP converged reason: 4, iterations: 1
  [a=15 b=20 nt=1408] KSP converged reason: 4, iterations: 1
  [a=15 b=20 nt=1410] KSP converged reason: 4, iterations: 1
  [a=15 b=20 nt=1414] KSP converged reason: 4, iterations: 1
  [3235] viol   f=   4.457  a=14.9 b=20.4 gap=19.6 (face=3.1mm) n=[142, 177, 215, 201, 173, 196, 53, 212, 54]  tape=0.176km B=9.86T unif=1.146% hoop=75MPa
  [3236] OK     f=   0.175  a=14.9 b=20.4 gap=19.6 (face=3.1mm) n=[141, 174, 215, 203, 162, 199, 57, 213, 52]  tape=0.175km B=10.01T unif=0.707% hoop=75MPa
  [3237] viol   f=   0.187  a=14.9 b=20.4 gap=19.6 (face=3.1mm) n=[140, 176, 209, 203, 175, 201, 54, 210, 52]  tape=0.174km B=9.92T unif=0.804% hoop=72MPa
  [3238] OK     f=   0.174  a=14.9 b=20.3 gap=19.6 (face=3.1mm) n=[140, 174, 211, 202, 168, 201, 50, 214, 53]  tape=0.174km B=10.08T unif=0.687% hoop=76MPa
  [3239] OK     f=   0.174  a=14.9 b=20.4 gap=19.6 (face=3.1mm) n=[141, 177, 211, 204, 166, 197, 60, 208, 50]  tape=0.174km B=10.08T unif=0.731% hoop=74MPa
  [3240] viol   f=   1.145  a=14.9 b=20.4 gap=19.6 (face=3.1mm) n=[140, 177, 211, 202, 167, 194, 52, 208, 50]  tape=0.173km B=9.71T unif=1.063% hoop=70MPa
  [3241] viol   f=   0.276  a=14.9 b=20.4 gap=19.6 (face=3.1mm) n=[139, 177, 209, 205, 168, 199, 57, 208, 52]  tape=0.173km B=9.77T unif=0.909% hoop=70MPa
  [3242] viol   f=   0.304  a=15.0 b=20.4 gap=19.6 (face=3.1mm) n=[140, 176, 211, 201, 172, 194, 50, 206, 53]  tape=0.173km B=9.74T unif=0.937% hoop=71MPa
  [3243] OK     f=   0.173  a=15.0 b=20.4 gap=19.6 (face=3.1mm) n=[141, 175, 212, 203, 166, 199, 53, 209, 50]  tape=0.173km B=10.04T unif=0.740% hoop=75MPa
  [3244] OK     f=   0.173  a=14.9 b=20.4 gap=19.6 (face=3.1mm) n=[140, 175, 207, 205, 172, 200, 52, 209, 50]  tape=0.173km B=10.05T unif=0.735% hoop=75MPa
  [3245] viol   f=   0.217  a=14.9 b=20.4 gap=19.6 (face=3.1mm) n=[141, 176, 212, 204, 168, 198, 54, 209, 52]  tape=0.174km B=9.85T unif=0.907% hoop=71MPa
  [a=15 b=20 nt=1411] KSP converged reason: 4, iterations: 1
  [a=15 b=20 nt=1408] KSP converged reason: 4, iterations: 1
  [a=15 b=20 nt=1408] KSP converged reason: 4, iterations: 1
  [a=15 b=20 nt=1413] KSP converged reason: 4, iterations: 1
  [a=15 b=20 nt=1404] KSP converged reason: 4, iterations: 1
  [a=15 b=20 nt=1410] KSP converged reason: 4, iterations: 1
  [a=15 b=20 nt=1405] KSP converged reason: 4, iterations: 1
  [a=15 b=20 nt=1418] KSP converged reason: 4, iterations: 1
  [a=15 b=20 nt=1422] KSP converged reason: 4, iterations: 1
  [a=15 b=20 nt=1408] KSP converged reason: 4, iterations: 1
  [a=15 b=20 nt=1422] KSP converged reason: 4, iterations: 1
  [3246] OK     f=   0.173  a=15.0 b=20.4 gap=19.6 (face=3.1mm) n=[140, 175, 210, 204, 166, 198, 52, 209, 50]  tape=0.173km B=10.03T unif=0.607% hoop=79MPa
  [3247] viol   f=   0.320  a=14.9 b=20.3 gap=19.6 (face=3.1mm) n=[140, 174, 211, 204, 170, 197, 53, 208, 51]  tape=0.173km B=9.73T unif=0.794% hoop=71MPa
  [3248] OK     f=   0.173  a=14.9 b=20.3 gap=19.6 (face=3.1mm) n=[140, 175, 211, 204, 162, 199, 57, 211, 51]  tape=0.173km B=10.06T unif=0.778% hoop=76MPa
  [3249] viol   f=   6.192  a=14.9 b=20.3 gap=19.5 (face=3.1mm) n=[140, 174, 211, 203, 169, 194, 54, 212, 54]  tape=0.174km B=9.72T unif=1.171% hoop=71MPa
  [3250] OK     f=   0.172  a=14.9 b=20.3 gap=19.6 (face=3.1mm) n=[140, 174, 209, 203, 169, 200, 54, 209, 50]  tape=0.172km B=10.06T unif=0.769% hoop=75MPa
  [3251] viol   f=   0.960  a=14.9 b=20.4 gap=19.6 (face=3.1mm) n=[140, 176, 207, 204, 172, 201, 55, 206, 52]  tape=0.173km B=9.80T unif=1.060% hoop=73MPa
  [3252] viol   f=  14.954  a=14.9 b=20.3 gap=19.6 (face=3.1mm) n=[139, 174, 210, 202, 169, 198, 50, 213, 50]  tape=0.173km B=9.52T unif=1.268% hoop=68MPa
  [3253] viol   f=   0.205  a=14.9 b=20.3 gap=19.5 (face=3.1mm) n=[140, 176, 211, 203, 165, 197, 58, 212, 56]  tape=0.175km B=9.88T unif=0.832% hoop=76MPa
  [3254] viol   f=   2.181  a=14.9 b=20.4 gap=19.6 (face=3.1mm) n=[141, 175, 210, 206, 167, 205, 53, 212, 53]  tape=0.175km B=9.77T unif=1.098% hoop=71MPa
  [3255] viol   f=   0.197  a=14.9 b=20.3 gap=19.6 (face=3.1mm) n=[140, 175, 209, 203, 171, 196, 51, 210, 53]  tape=0.173km B=9.89T unif=0.844% hoop=72MPa
  [3256] viol   f=   0.202  a=14.9 b=20.3 gap=19.6 (face=3.1mm) n=[141, 175, 211, 206, 169, 201, 57, 209, 53]  tape=0.175km B=9.88T unif=0.979% hoop=71MPa
  [a=15 b=20 nt=1408] KSP converged reason: 4, iterations: 1
  [a=15 b=20 nt=1419] KSP converged reason: 4, iterations: 1
  [a=15 b=20 nt=1410] KSP converged reason: 4, iterations: 1
  [a=15 b=20 nt=1412] KSP converged reason: 4, iterations: 1
  [a=15 b=20 nt=1413] KSP converged reason: 4, iterations: 1
  [a=15 b=20 nt=1406] KSP converged reason: 4, iterations: 1
  [a=15 b=20 nt=1410] KSP converged reason: 4, iterations: 1
  [a=15 b=20 nt=1396] KSP converged reason: 4, iterations: 1
  [a=15 b=20 nt=1409] KSP converged reason: 4, iterations: 1
  [a=15 b=20 nt=1418] KSP converged reason: 4, iterations: 1
  [a=15 b=20 nt=1408] KSP converged reason: 4, iterations: 1
  [3257] viol   f=  30.446  a=14.9 b=20.2 gap=19.6 (face=3.1mm) n=[141, 173, 214, 202, 161, 197, 54, 211, 55]  tape=0.173km B=9.79T unif=1.388% hoop=71MPa
  [3258] OK     f=   0.174  a=14.9 b=20.3 gap=19.5 (face=3.1mm) n=[141, 175, 211, 202, 171, 199, 55, 212, 53]  tape=0.174km B=10.08T unif=0.743% hoop=76MPa
  [3259] OK     f=   0.173  a=14.9 b=20.3 gap=19.6 (face=3.1mm) n=[140, 176, 209, 204, 166, 199, 59, 207, 50]  tape=0.173km B=10.04T unif=0.764% hoop=74MPa
  [3260] OK     f=   0.173  a=14.9 b=20.4 gap=19.6 (face=3.1mm) n=[140, 177, 207, 205, 169, 200, 57, 208, 50]  tape=0.173km B=10.04T unif=0.759% hoop=74MPa
  [3261] viol   f=  19.523  a=14.9 b=20.3 gap=19.6 (face=3.1mm) n=[140, 175, 208, 204, 169, 200, 51, 209, 50]  tape=0.172km B=9.67T unif=1.309% hoop=69MPa
  [3262] viol   f=  44.785  a=14.9 b=20.3 gap=19.6 (face=3.1mm) n=[141, 175, 211, 204, 162, 201, 54, 211, 53]  tape=0.173km B=9.77T unif=1.472% hoop=70MPa
  [3263] OK     f=   0.173  a=14.9 b=20.4 gap=19.6 (face=3.1mm) n=[140, 174, 209, 205, 164, 203, 53, 211, 51]  tape=0.173km B=10.03T unif=0.620% hoop=76MPa
  [3264] viol   f=   0.176  a=14.9 b=20.3 gap=19.6 (face=3.1mm) n=[140, 174, 213, 200, 161, 195, 52, 211, 50]  tape=0.172km B=9.96T unif=0.708% hoop=75MPa
  [3265] OK     f=   0.174  a=14.9 b=20.4 gap=19.6 (face=3.1mm) n=[140, 175, 211, 204, 166, 204, 54, 212, 52]  tape=0.174km B=10.03T unif=0.679% hoop=75MPa
  [3266] OK     f=   0.173  a=15.0 b=20.3 gap=19.6 (face=3.1mm) n=[140, 175, 210, 204, 166, 201, 53, 210, 50]  tape=0.173km B=10.03T unif=0.594% hoop=75MPa
  [3267] OK     f=   0.172  a=14.9 b=20.3 gap=19.6 (face=3.1mm) n=[141, 175, 210, 204, 164, 201, 53, 210, 50]  tape=0.172km B=10.02T unif=0.626% hoop=75MPa
  [a=15 b=20 nt=1412] KSP converged reason: 4, iterations: 1
  [a=15 b=20 nt=1406] KSP converged reason: 4, iterations: 1
  [a=15 b=20 nt=1421] KSP converged reason: 4, iterations: 1
  [a=15 b=20 nt=1417] KSP converged reason: 4, iterations: 1
  [a=15 b=20 nt=1409] KSP converged reason: 4, iterations: 1
  [a=15 b=20 nt=1419] KSP converged reason: 4, iterations: 1
  [a=15 b=20 nt=1409] KSP converged reason: 4, iterations: 1
  [a=15 b=20 nt=1421] KSP converged reason: 4, iterations: 1
  [a=15 b=20 nt=1417] KSP converged reason: 4, iterations: 1
  [a=15 b=20 nt=1413] KSP converged reason: 4, iterations: 1
  [a=15 b=20 nt=1414] KSP converged reason: 4, iterations: 1
  [3268] viol   f=   0.224  a=14.9 b=20.3 gap=19.6 (face=3.1mm) n=[140, 176, 209, 204, 165, 201, 58, 209, 55]  tape=0.173km B=9.84T unif=0.844% hoop=70MPa
  [3269] OK     f=   0.175  a=15.0 b=20.4 gap=19.6 (face=3.1mm) n=[141, 178, 211, 208, 163, 202, 57, 210, 51]  tape=0.175km B=10.08T unif=0.678% hoop=74MPa
  [3270] OK     f=   0.173  a=14.9 b=20.3 gap=19.6 (face=3.1mm) n=[140, 176, 210, 202, 163, 199, 55, 211, 50]  tape=0.173km B=10.06T unif=0.797% hoop=76MPa
  [3271] viol   f=   0.178  a=15.0 b=20.4 gap=19.6 (face=3.1mm) n=[140, 176, 208, 204, 167, 201, 55, 208, 50]  tape=0.172km B=9.95T unif=0.809% hoop=73MPa
  [3272] viol   f=   0.176  a=14.9 b=20.3 gap=19.6 (face=3.1mm) n=[141, 176, 211, 207, 162, 203, 60, 208, 51]  tape=0.174km B=9.97T unif=0.816% hoop=76MPa
  [3273] OK     f=   0.172  a=14.9 b=20.3 gap=19.6 (face=3.1mm) n=[140, 175, 208, 206, 165, 205, 54, 209, 50]  tape=0.172km B=10.04T unif=0.668% hoop=75MPa
  [3274] viol   f=   2.488  a=15.0 b=20.4 gap=19.6 (face=3.1mm) n=[141, 176, 209, 203, 172, 200, 56, 206, 58]  tape=0.174km B=9.88T unif=1.107% hoop=72MPa
  [3275] viol   f=   0.439  a=15.0 b=20.4 gap=19.6 (face=3.1mm) n=[140, 176, 209, 204, 167, 202, 51, 210, 50]  tape=0.173km B=9.68T unif=1.017% hoop=69MPa
  [3276] viol   f=   0.174  a=14.9 b=20.3 gap=19.6 (face=3.1mm) n=[140, 175, 209, 204, 168, 202, 57, 210, 52]  tape=0.173km B=9.98T unif=0.732% hoop=73MPa
  [3277] OK     f=   0.173  a=14.9 b=20.3 gap=19.6 (face=3.1mm) n=[141, 175, 209, 203, 168, 201, 57, 208, 51]  tape=0.173km B=10.04T unif=0.996% hoop=74MPa
  [3278] OK     f=   0.174  a=14.9 b=20.3 gap=19.6 (face=3.1mm) n=[141, 175, 212, 205, 163, 204, 53, 210, 51]  tape=0.174km B=10.10T unif=0.657% hoop=75MPa
  [a=15 b=20 nt=1407] KSP converged reason: 4, iterations: 1
  [a=15 b=20 nt=1410] KSP converged reason: 4, iterations: 1
  [a=15 b=20 nt=1413] KSP converged reason: 4, iterations: 1
  [a=15 b=20 nt=1416] KSP converged reason: 4, iterations: 1
  [a=15 b=20 nt=1411] KSP converged reason: 4, iterations: 1
  [a=15 b=20 nt=1414] KSP converged reason: 4, iterations: 1
  [a=15 b=20 nt=1411] KSP converged reason: 4, iterations: 1
  [a=15 b=20 nt=1409] KSP converged reason: 4, iterations: 1
  [a=15 b=20 nt=1416] KSP converged reason: 4, iterations: 1
  [a=15 b=20 nt=1417] KSP converged reason: 4, iterations: 1
  [a=15 b=20 nt=1413] KSP converged reason: 4, iterations: 1
  [3279] viol   f=   0.195  a=15.0 b=20.3 gap=19.6 (face=3.1mm) n=[140, 175, 208, 204, 168, 204, 50, 209, 52]  tape=0.172km B=9.89T unif=0.780% hoop=72MPa
  [3280] viol   f=   0.183  a=15.0 b=20.3 gap=19.6 (face=3.1mm) n=[140, 176, 209, 206, 160, 203, 56, 211, 50]  tape=0.173km B=9.93T unif=0.788% hoop=73MPa
  [3281] OK     f=   0.173  a=14.9 b=20.3 gap=19.6 (face=3.1mm) n=[141, 177, 210, 205, 162, 202, 58, 209, 50]  tape=0.173km B=10.06T unif=0.732% hoop=73MPa
  [3282] viol   f=   0.173  a=14.9 b=20.3 gap=19.6 (face=3.1mm) n=[140, 174, 212, 204, 158, 202, 56, 210, 51]  tape=0.173km B=9.99T unif=0.623% hoop=75MPa
  [3283] OK     f=   0.174  a=15.0 b=20.4 gap=19.6 (face=3.1mm) n=[140, 176, 209, 206, 167, 203, 55, 210, 50]  tape=0.174km B=10.06T unif=0.597% hoop=74MPa
  [3284] OK     f=   0.173  a=14.9 b=20.3 gap=19.6 (face=3.1mm) n=[141, 176, 211, 205, 163, 202, 56, 209, 50]  tape=0.173km B=10.05T unif=0.762% hoop=75MPa
  [3285] OK     f=   0.173  a=14.9 b=20.3 gap=19.6 (face=3.1mm) n=[140, 174, 211, 205, 165, 203, 55, 208, 50]  tape=0.173km B=10.02T unif=0.594% hoop=74MPa
  [3286] OK     f=   0.172  a=15.0 b=20.3 gap=19.6 (face=3.1mm) n=[140, 175, 208, 205, 163, 206, 53, 208, 51]  tape=0.172km B=10.02T unif=0.693% hoop=74MPa
  [3287] viol   f=   0.228  a=14.9 b=20.3 gap=19.6 (face=3.1mm) n=[140, 175, 209, 206, 166, 204, 58, 207, 51]  tape=0.173km B=9.83T unif=0.907% hoop=71MPa
  [3288] OK     f=   0.174  a=14.9 b=20.2 gap=19.6 (face=3.1mm) n=[141, 176, 210, 204, 164, 202, 56, 213, 51]  tape=0.174km B=10.11T unif=0.797% hoop=75MPa
  [3289] OK     f=   0.174  a=15.0 b=20.4 gap=19.6 (face=3.1mm) n=[140, 176, 209, 205, 165, 203, 54, 211, 50]  tape=0.174km B=10.08T unif=0.692% hoop=76MPa
  [a=15 b=20 nt=1411] KSP converged reason: 4, iterations: 1
  [a=15 b=20 nt=1405] KSP converged reason: 4, iterations: 1
  [a=15 b=20 nt=1417] KSP converged reason: 4, iterations: 1
  [a=15 b=20 nt=1411] KSP converged reason: 4, iterations: 1
  [a=15 b=20 nt=1415] KSP converged reason: 4, iterations: 1
  [a=15 b=20 nt=1409] KSP converged reason: 4, iterations: 1
  [a=15 b=20 nt=1405] KSP converged reason: 4, iterations: 1
  [a=15 b=20 nt=1409] KSP converged reason: 4, iterations: 1
  [a=15 b=20 nt=1408] KSP converged reason: 4, iterations: 1
  [a=15 b=20 nt=1403] KSP converged reason: 4, iterations: 1
  [a=15 b=20 nt=1408] KSP converged reason: 4, iterations: 1
  [3290] OK     f=   0.173  a=14.9 b=20.3 gap=19.6 (face=3.1mm) n=[141, 174, 212, 205, 162, 201, 53, 210, 51]  tape=0.173km B=10.07T unif=0.583% hoop=75MPa
  [3291] viol   f=   0.857  a=14.9 b=20.3 gap=19.6 (face=3.1mm) n=[140, 176, 209, 207, 155, 205, 60, 209, 50]  tape=0.172km B=9.86T unif=1.057% hoop=71MPa
  [3292] viol   f=   0.613  a=14.9 b=20.3 gap=19.6 (face=3.1mm) n=[140, 175, 212, 203, 162, 203, 51, 209, 50]  tape=0.173km B=9.69T unif=1.035% hoop=74MPa
  [3293] viol   f=   0.180  a=15.0 b=20.3 gap=19.6 (face=3.1mm) n=[141, 175, 211, 206, 163, 205, 55, 209, 50]  tape=0.174km B=9.94T unif=0.685% hoop=73MPa
  [3294] viol   f=   2.691  a=14.9 b=20.3 gap=19.6 (face=3.1mm) n=[141, 175, 211, 207, 164, 205, 53, 208, 53]  tape=0.173km B=9.83T unif=1.111% hoop=72MPa
  [3295] OK     f=   0.173  a=14.9 b=20.3 gap=19.6 (face=3.1mm) n=[141, 176, 210, 205, 164, 203, 54, 208, 50]  tape=0.173km B=10.08T unif=0.700% hoop=74MPa
  [3296] OK     f=   0.172  a=14.9 b=20.3 gap=19.6 (face=3.1mm) n=[140, 174, 211, 205, 159, 202, 58, 206, 50]  tape=0.172km B=10.01T unif=0.639% hoop=74MPa
  [3297] viol   f=   0.770  a=15.0 b=20.3 gap=19.6 (face=3.1mm) n=[140, 174, 211, 204, 164, 202, 54, 207, 53]  tape=0.173km B=9.73T unif=1.047% hoop=70MPa
  [3298] viol   f=   3.914  a=14.9 b=20.2 gap=19.6 (face=3.1mm) n=[140, 175, 209, 205, 163, 205, 51, 209, 51]  tape=0.172km B=9.75T unif=1.134% hoop=70MPa
  [3299] viol   f=   0.362  a=14.9 b=20.2 gap=19.6 (face=3.1mm) n=[140, 174, 212, 204, 158, 200, 54, 209, 52]  tape=0.172km B=9.69T unif=0.944% hoop=71MPa
  [3300] viol   f=   0.190  a=14.9 b=20.2 gap=19.6 (face=3.1mm) n=[139, 175, 209, 206, 161, 205, 55, 208, 50]  tape=0.172km B=9.91T unif=0.703% hoop=73MPa
  [a=15 b=20 nt=1411] KSP converged reason: 4, iterations: 1
  [a=15 b=20 nt=1411] KSP converged reason: 4, iterations: 1
  [a=15 b=20 nt=1408] KSP converged reason: 4, iterations: 1
  [a=15 b=20 nt=1414] KSP converged reason: 4, iterations: 1
  [a=15 b=20 nt=1409] KSP converged reason: 4, iterations: 1
  [a=15 b=20 nt=1412] KSP converged reason: 4, iterations: 1
  [a=15 b=20 nt=1410] KSP converged reason: 4, iterations: 1
  [a=15 b=20 nt=1407] KSP converged reason: 4, iterations: 1
  [a=15 b=20 nt=1415] KSP converged reason: 4, iterations: 1
  [a=15 b=20 nt=1407] KSP converged reason: 4, iterations: 1
  [a=15 b=20 nt=1407] KSP converged reason: 4, iterations: 1
  [3301] viol   f=   0.189  a=14.9 b=20.3 gap=19.6 (face=3.1mm) n=[140, 174, 211, 205, 162, 200, 57, 208, 51]  tape=0.173km B=9.91T unif=0.746% hoop=73MPa
  [3302] OK     f=   0.174  a=14.9 b=20.3 gap=19.6 (face=3.1mm) n=[141, 174, 214, 205, 163, 199, 58, 207, 50]  tape=0.174km B=10.00T unif=0.645% hoop=74MPa
  [3303] viol   f=   0.247  a=14.9 b=20.3 gap=19.6 (face=3.1mm) n=[140, 177, 210, 203, 166, 201, 55, 207, 50]  tape=0.173km B=9.81T unif=0.799% hoop=71MPa
  [3304] viol   f=   4.033  a=14.9 b=20.3 gap=19.6 (face=3.1mm) n=[141, 175, 211, 207, 162, 204, 58, 205, 51]  tape=0.174km B=9.77T unif=1.137% hoop=71MPa
  [3305] viol   f=   1.980  a=14.9 b=20.3 gap=19.6 (face=3.1mm) n=[140, 174, 210, 206, 160, 203, 57, 209, 52]  tape=0.173km B=9.82T unif=1.093% hoop=75MPa
  [3306] OK     f=   0.173  a=14.9 b=20.2 gap=19.6 (face=3.1mm) n=[140, 173, 211, 205, 164, 203, 58, 208, 50]  tape=0.173km B=10.07T unif=0.603% hoop=79MPa
  [3307] OK     f=   0.173  a=14.9 b=20.2 gap=19.6 (face=3.1mm) n=[141, 174, 212, 204, 161, 202, 58, 208, 50]  tape=0.173km B=10.07T unif=0.659% hoop=75MPa
  [3308] viol   f=   0.173  a=14.9 b=20.3 gap=19.6 (face=3.1mm) n=[141, 176, 212, 205, 158, 202, 56, 207, 50]  tape=0.173km B=10.00T unif=0.752% hoop=75MPa
  [3309] OK     f=   0.174  a=14.9 b=20.3 gap=19.6 (face=3.1mm) n=[141, 175, 212, 205, 164, 203, 56, 209, 50]  tape=0.174km B=10.02T unif=0.724% hoop=74MPa
  [3310] viol   f=   7.417  a=14.9 b=20.3 gap=19.6 (face=3.1mm) n=[140, 174, 210, 204, 163, 201, 54, 208, 53]  tape=0.172km B=9.75T unif=1.189% hoop=70MPa
  [3311] viol   f=   0.183  a=14.9 b=20.2 gap=19.6 (face=3.1mm) n=[140, 175, 211, 206, 157, 202, 58, 208, 50]  tape=0.172km B=9.93T unif=0.706% hoop=73MPa
  [a=15 b=20 nt=1401] KSP converged reason: 4, iterations: 1
  [a=15 b=20 nt=1422] KSP converged reason: 4, iterations: 1
  [a=15 b=20 nt=1403] KSP converged reason: 4, iterations: 1
  [a=15 b=20 nt=1409] KSP converged reason: 4, iterations: 1
  [a=15 b=20 nt=1405] KSP converged reason: 4, iterations: 1
  [a=15 b=20 nt=1412] KSP converged reason: 4, iterations: 1
  [a=15 b=20 nt=1410] KSP converged reason: 4, iterations: 1
  [a=15 b=20 nt=1424] KSP converged reason: 4, iterations: 1
  [a=15 b=20 nt=1416] KSP converged reason: 4, iterations: 1
  [a=15 b=20 nt=1405] KSP converged reason: 4, iterations: 1
  [a=15 b=20 nt=1418] KSP converged reason: 4, iterations: 1
  [3312] OK     f=   0.172  a=14.9 b=20.2 gap=19.5 (face=3.1mm) n=[141, 174, 213, 202, 159, 198, 55, 209, 50]  tape=0.172km B=10.02T unif=0.729% hoop=75MPa
  [3313] viol   f=   0.177  a=14.9 b=20.2 gap=19.6 (face=3.1mm) n=[141, 174, 213, 205, 160, 205, 62, 210, 52]  tape=0.174km B=9.96T unif=0.892% hoop=73MPa
  [3314] OK     f=   0.173  a=15.0 b=20.3 gap=19.6 (face=3.1mm) n=[140, 174, 210, 205, 163, 201, 58, 208, 50]  tape=0.173km B=10.07T unif=0.679% hoop=80MPa
  [3315] OK     f=   0.172  a=14.9 b=20.2 gap=19.6 (face=3.1mm) n=[140, 173, 210, 204, 159, 205, 58, 206, 50]  tape=0.172km B=10.02T unif=0.695% hoop=74MPa
  [3316] viol   f=   0.236  a=14.9 b=20.3 gap=19.6 (face=3.1mm) n=[140, 175, 212, 201, 162, 200, 52, 210, 51]  tape=0.172km B=9.82T unif=0.827% hoop=73MPa
  [3317] viol   f=   0.923  a=14.9 b=20.3 gap=19.6 (face=3.1mm) n=[141, 174, 212, 203, 166, 199, 58, 206, 53]  tape=0.174km B=9.83T unif=1.059% hoop=72MPa
  [3318] OK     f=   0.172  a=14.9 b=20.2 gap=19.6 (face=3.1mm) n=[140, 173, 209, 204, 164, 203, 58, 209, 50]  tape=0.172km B=10.01T unif=0.714% hoop=74MPa
  [3319] viol   f=   0.692  a=14.9 b=20.3 gap=19.6 (face=3.1mm) n=[141, 174, 213, 205, 162, 202, 60, 209, 58]  tape=0.175km B=9.90T unif=1.050% hoop=72MPa
  [3320] OK     f=   0.174  a=14.9 b=20.3 gap=19.6 (face=3.1mm) n=[141, 175, 212, 207, 161, 204, 58, 208, 50]  tape=0.174km B=10.06T unif=0.624% hoop=74MPa
  [3321] viol   f=   0.334  a=14.9 b=20.3 gap=19.6 (face=3.1mm) n=[140, 174, 212, 202, 168, 198, 53, 208, 50]  tape=0.173km B=9.72T unif=0.966% hoop=71MPa
  [3322] OK     f=   0.174  a=14.9 b=20.3 gap=19.6 (face=3.1mm) n=[141, 175, 211, 206, 166, 202, 62, 205, 50]  tape=0.174km B=10.07T unif=0.693% hoop=74MPa
  [a=15 b=20 nt=1414] KSP converged reason: 4, iterations: 1
  [a=15 b=20 nt=1407] KSP converged reason: 4, iterations: 1
  [a=15 b=20 nt=1408] KSP converged reason: 4, iterations: 1
  [a=15 b=20 nt=1400] KSP converged reason: 4, iterations: 1
  [a=15 b=20 nt=1406] KSP converged reason: 4, iterations: 1
  [a=15 b=20 nt=1406] KSP converged reason: 4, iterations: 1
  [a=15 b=20 nt=1407] KSP converged reason: 4, iterations: 1
  [a=15 b=20 nt=1408] KSP converged reason: 4, iterations: 1
  [a=15 b=20 nt=1404] KSP converged reason: 4, iterations: 1
  [a=15 b=20 nt=1400] KSP converged reason: 4, iterations: 1
  [a=15 b=20 nt=1411] KSP converged reason: 4, iterations: 1
  [3323] viol   f=   7.961  a=14.9 b=20.3 gap=19.6 (face=3.1mm) n=[140, 176, 208, 207, 161, 208, 59, 204, 51]  tape=0.172km B=9.77T unif=1.196% hoop=70MPa
  [3324] viol   f=   0.175  a=14.9 b=20.2 gap=19.6 (face=3.1mm) n=[140, 174, 211, 202, 160, 199, 62, 208, 52]  tape=0.173km B=9.97T unif=0.790% hoop=74MPa
  [3325] viol   f=   0.171  a=14.9 b=20.2 gap=19.6 (face=3.1mm) n=[140, 173, 208, 205, 160, 204, 52, 208, 50]  tape=0.170km B=9.98T unif=0.884% hoop=78MPa
  [3326] viol   f=   0.172  a=14.9 b=20.2 gap=19.6 (face=3.1mm) n=[140, 174, 209, 204, 161, 205, 54, 209, 51]  tape=0.172km B=10.00T unif=0.733% hoop=75MPa
  [3327] OK     f=   0.173  a=14.9 b=20.3 gap=19.6 (face=3.1mm) n=[140, 174, 212, 202, 165, 197, 57, 208, 51]  tape=0.173km B=10.00T unif=0.650% hoop=76MPa
  [3328] OK     f=   0.173  a=14.9 b=20.3 gap=19.6 (face=3.1mm) n=[140, 174, 211, 202, 164, 201, 56, 208, 50]  tape=0.173km B=10.06T unif=0.648% hoop=77MPa
  [3329] viol   f=  21.851  a=14.9 b=20.2 gap=19.6 (face=3.1mm) n=[140, 174, 208, 205, 163, 204, 58, 205, 50]  tape=0.171km B=9.83T unif=1.329% hoop=71MPa
  [3330] OK     f=   0.173  a=14.9 b=20.2 gap=19.6 (face=3.1mm) n=[141, 173, 213, 202, 161, 202, 56, 209, 51]  tape=0.173km B=10.07T unif=0.673% hoop=77MPa
  [3331] viol   f=   1.499  a=15.0 b=20.2 gap=19.6 (face=3.1mm) n=[139, 175, 209, 203, 160, 199, 59, 205, 55]  tape=0.172km B=9.74T unif=1.077% hoop=71MPa
  [3332] viol   f=  13.905  a=14.9 b=20.1 gap=19.6 (face=3.1mm) n=[139, 175, 206, 206, 157, 203, 60, 204, 50]  tape=0.170km B=9.76T unif=1.261% hoop=69MPa
  [3333] viol   f=  18.401  a=14.9 b=20.2 gap=19.5 (face=3.1mm) n=[140, 174, 211, 202, 161, 201, 57, 211, 54]  tape=0.173km B=9.79T unif=1.301% hoop=71MPa
  [a=15 b=20 nt=1406] KSP converged reason: 4, iterations: 1
  [a=15 b=20 nt=1406] KSP converged reason: 4, iterations: 1
  [a=15 b=20 nt=1410] KSP converged reason: 4, iterations: 1
  [a=15 b=20 nt=1411] KSP converged reason: 4, iterations: 1
  [a=15 b=20 nt=1407] KSP converged reason: 4, iterations: 1
  [a=15 b=20 nt=1403] KSP converged reason: 4, iterations: 1
  [a=15 b=20 nt=1402] KSP converged reason: 4, iterations: 1
  [a=15 b=20 nt=1408] KSP converged reason: 4, iterations: 1
  [a=15 b=20 nt=1409] KSP converged reason: 4, iterations: 1
  [a=15 b=20 nt=1406] KSP converged reason: 4, iterations: 1
  [a=15 b=20 nt=1398] KSP converged reason: 4, iterations: 1
  [3334] viol   f=  13.382  a=15.0 b=20.2 gap=19.6 (face=3.1mm) n=[140, 174, 210, 205, 157, 207, 52, 208, 53]  tape=0.172km B=9.68T unif=1.255% hoop=70MPa
  [3335] viol   f=   0.172  a=14.9 b=20.2 gap=19.6 (face=3.1mm) n=[140, 174, 208, 206, 162, 205, 54, 208, 50]  tape=0.171km B=9.98T unif=0.928% hoop=75MPa
  [3336] viol   f=   0.192  a=14.9 b=20.2 gap=19.6 (face=3.1mm) n=[140, 173, 209, 204, 161, 203, 57, 208, 51]  tape=0.171km B=9.90T unif=0.856% hoop=73MPa
  [3337] viol   f=  42.534  a=14.9 b=20.2 gap=19.6 (face=3.1mm) n=[140, 174, 209, 206, 157, 205, 54, 207, 51]  tape=0.171km B=9.72T unif=1.459% hoop=70MPa
  [3338] viol   f=   0.173  a=14.9 b=20.2 gap=19.5 (face=3.1mm) n=[140, 174, 210, 203, 162, 201, 57, 211, 53]  tape=0.173km B=9.99T unif=0.865% hoop=73MPa
  [3339] viol   f=   0.308  a=15.0 b=20.3 gap=19.6 (face=3.1mm) n=[140, 174, 210, 205, 164, 204, 51, 208, 54]  tape=0.173km B=9.74T unif=0.835% hoop=71MPa
  [3340] viol   f=   0.172  a=14.9 b=20.2 gap=19.6 (face=3.1mm) n=[139, 174, 208, 205, 162, 201, 51, 210, 52]  tape=0.172km B=9.99T unif=0.731% hoop=76MPa
  [3341] viol   f=   1.190  a=14.9 b=20.3 gap=19.6 (face=3.1mm) n=[140, 174, 211, 202, 167, 199, 53, 209, 53]  tape=0.173km B=9.69T unif=1.064% hoop=71MPa
  [3342] viol   f=   0.318  a=14.9 b=20.2 gap=19.6 (face=3.1mm) n=[140, 174, 210, 205, 157, 206, 60, 207, 50]  tape=0.172km B=9.88T unif=1.024% hoop=72MPa
  [3343] viol   f=   0.266  a=14.9 b=20.3 gap=19.6 (face=3.1mm) n=[140, 174, 210, 204, 161, 199, 52, 208, 50]  tape=0.171km B=9.78T unif=0.995% hoop=71MPa
  [3344] viol   f=  17.123  a=14.9 b=20.3 gap=19.6 (face=3.1mm) n=[139, 173, 208, 202, 171, 201, 51, 211, 50]  tape=0.172km B=9.60T unif=1.288% hoop=70MPa
  [a=15 b=20 nt=1400] KSP converged reason: 4, iterations: 1
  [a=15 b=20 nt=1399] KSP converged reason: 4, iterations: 1
  [a=15 b=20 nt=1405] KSP converged reason: 4, iterations: 1
  [a=15 b=20 nt=1408] KSP converged reason: 4, iterations: 1
  [a=15 b=20 nt=1405] KSP converged reason: 4, iterations: 1
  [a=15 b=20 nt=1402] KSP converged reason: 4, iterations: 1
  [a=15 b=20 nt=1400] KSP converged reason: 4, iterations: 1
  [a=15 b=20 nt=1401] KSP converged reason: 4, iterations: 1
  [a=15 b=20 nt=1406] KSP converged reason: 4, iterations: 1
  [a=15 b=20 nt=1412] KSP converged reason: 4, iterations: 1
  [a=15 b=20 nt=1395] KSP converged reason: 4, iterations: 1
  [3345] viol   f=   0.274  a=14.9 b=20.2 gap=19.6 (face=3.1mm) n=[140, 174, 210, 205, 159, 205, 52, 210, 53]  tape=0.172km B=9.77T unif=0.978% hoop=71MPa
  [3346] viol   f=  19.162  a=15.0 b=20.3 gap=19.6 (face=3.1mm) n=[139, 176, 207, 207, 162, 201, 55, 207, 51]  tape=0.171km B=9.57T unif=1.305% hoop=68MPa
  [3347] viol   f=  31.203  a=14.9 b=20.1 gap=19.5 (face=3.1mm) n=[140, 172, 210, 204, 160, 199, 54, 212, 54]  tape=0.172km B=9.64T unif=1.392% hoop=70MPa
  [3348] viol   f=   7.267  a=14.9 b=20.2 gap=19.6 (face=3.1mm) n=[140, 173, 209, 204, 160, 202, 51, 209, 51]  tape=0.171km B=9.74T unif=1.186% hoop=71MPa
  [3349] viol   f=   0.172  a=14.9 b=20.3 gap=19.6 (face=3.1mm) n=[139, 175, 205, 205, 162, 203, 53, 210, 50]  tape=0.172km B=9.98T unif=0.846% hoop=75MPa
  [3350] viol   f=   0.172  a=14.9 b=20.2 gap=19.6 (face=3.1mm) n=[139, 173, 208, 205, 159, 203, 53, 210, 50]  tape=0.171km B=9.98T unif=0.636% hoop=75MPa
  [3351] OK     f=   0.171  a=14.9 b=20.2 gap=19.6 (face=3.1mm) n=[140, 174, 210, 204, 157, 202, 52, 210, 51]  tape=0.171km B=10.04T unif=0.656% hoop=75MPa
  [3352] viol   f=  32.320  a=14.9 b=20.1 gap=19.5 (face=3.1mm) n=[139, 171, 209, 204, 155, 204, 53, 212, 54]  tape=0.171km B=9.62T unif=1.399% hoop=69MPa
  [3353] viol   f=  20.032  a=14.9 b=20.2 gap=19.6 (face=3.1mm) n=[140, 175, 207, 207, 159, 205, 52, 209, 52]  tape=0.171km B=9.74T unif=1.314% hoop=70MPa
  [3354] viol   f=  24.848  a=14.9 b=20.2 gap=19.6 (face=3.1mm) n=[140, 173, 209, 205, 160, 205, 55, 211, 54]  tape=0.173km B=9.73T unif=1.350% hoop=70MPa
  [3355] viol   f=   0.171  a=14.9 b=20.2 gap=19.5 (face=3.1mm) n=[139, 172, 210, 202, 160, 198, 50, 211, 53]  tape=0.171km B=10.00T unif=0.623% hoop=75MPa
  [a=15 b=20 nt=1392] KSP converged reason: 4, iterations: 1
  [a=15 b=20 nt=1401] KSP converged reason: 4, iterations: 1
  [a=15 b=20 nt=1403] KSP converged reason: 4, iterations: 1
  [a=15 b=20 nt=1415] KSP converged reason: 4, iterations: 1
  [a=15 b=20 nt=1412] KSP converged reason: 4, iterations: 1
  [a=15 b=20 nt=1397] KSP converged reason: 4, iterations: 1
  [a=15 b=20 nt=1392] KSP converged reason: 4, iterations: 1
  [a=15 b=20 nt=1396] KSP converged reason: 4, iterations: 1
  [a=15 b=20 nt=1399] KSP converged reason: 4, iterations: 1
  [a=15 b=20 nt=1393] KSP converged reason: 4, iterations: 1
  [a=15 b=20 nt=1395] KSP converged reason: 4, iterations: 1
  [3356] viol   f=   0.182  a=14.9 b=20.2 gap=19.6 (face=3.1mm) n=[139, 172, 208, 204, 159, 204, 53, 212, 52]  tape=0.172km B=9.93T unif=0.713% hoop=74MPa
  [3357] viol   f=  68.370  a=14.9 b=20.3 gap=19.6 (face=3.1mm) n=[140, 174, 208, 207, 163, 205, 54, 210, 54]  tape=0.173km B=9.71T unif=1.583% hoop=70MPa
  [3358] viol   f=  76.126  a=14.9 b=20.2 gap=19.6 (face=3.1mm) n=[140, 173, 210, 203, 162, 200, 50, 212, 51]  tape=0.172km B=9.62T unif=1.615% hoop=70MPa
  [3359] viol   f=   0.173  a=14.9 b=20.3 gap=19.6 (face=3.1mm) n=[141, 174, 211, 206, 160, 202, 51, 211, 56]  tape=0.173km B=10.00T unif=0.776% hoop=74MPa
  [3360] viol   f=  48.403  a=14.9 b=20.3 gap=19.6 (face=3.1mm) n=[140, 172, 211, 203, 164, 198, 50, 209, 50]  tape=0.171km B=9.62T unif=1.490% hoop=69MPa
  [3361] viol   f=  60.948  a=14.9 b=20.2 gap=19.6 (face=3.1mm) n=[139, 172, 209, 203, 158, 199, 50, 211, 51]  tape=0.170km B=9.54T unif=1.549% hoop=69MPa
  [3362] viol   f= 163.111  a=14.9 b=20.1 gap=19.5 (face=3.1mm) n=[139, 173, 207, 202, 159, 202, 50, 210, 50]  tape=0.170km B=9.54T unif=1.901% hoop=69MPa
  [3363] viol   f=   3.308  a=14.9 b=20.2 gap=19.6 (face=3.1mm) n=[139, 173, 209, 205, 160, 202, 52, 206, 50]  tape=0.171km B=9.63T unif=1.120% hoop=70MPa
  [3364] viol   f=   0.170  a=14.9 b=20.1 gap=19.6 (face=3.1mm) n=[139, 174, 206, 205, 158, 206, 53, 208, 50]  tape=0.170km B=10.00T unif=0.718% hoop=75MPa
  [3365] viol   f=  21.622  a=14.9 b=20.2 gap=19.6 (face=3.1mm) n=[139, 171, 211, 201, 160, 198, 52, 211, 50]  tape=0.171km B=9.59T unif=1.325% hoop=70MPa
  [3366] OK     f=   0.172  a=14.9 b=20.3 gap=19.6 (face=3.1mm) n=[140, 172, 213, 202, 157, 199, 51, 211, 50]  tape=0.172km B=10.02T unif=0.565% hoop=76MPa
  [a=15 b=20 nt=1391] KSP converged reason: 4, iterations: 1
  [a=15 b=20 nt=1404] KSP converged reason: 4, iterations: 1
  [a=15 b=20 nt=1401] KSP converged reason: 4, iterations: 1
  [a=15 b=20 nt=1409] KSP converged reason: 4, iterations: 1
  [a=15 b=20 nt=1401] KSP converged reason: 4, iterations: 1
  [a=15 b=20 nt=1400] KSP converged reason: 4, iterations: 1
  [a=15 b=20 nt=1406] KSP converged reason: 4, iterations: 1
  [a=15 b=20 nt=1407] KSP converged reason: 4, iterations: 1
  [a=15 b=20 nt=1405] KSP converged reason: 4, iterations: 1
  [a=15 b=20 nt=1395] KSP converged reason: 4, iterations: 1
  [a=15 b=20 nt=1405] KSP converged reason: 4, iterations: 1
  [3367] viol   f=   4.046  a=14.9 b=20.2 gap=19.6 (face=3.1mm) n=[139, 175, 207, 207, 159, 205, 53, 210, 54]  tape=0.172km B=9.71T unif=1.136% hoop=70MPa
  [3368] viol   f=   0.178  a=14.9 b=20.2 gap=19.5 (face=3.1mm) n=[140, 174, 207, 206, 158, 202, 51, 210, 53]  tape=0.171km B=9.94T unif=0.938% hoop=74MPa
  [3369] viol   f=  79.010  a=14.9 b=20.2 gap=19.6 (face=3.1mm) n=[140, 173, 209, 205, 161, 202, 51, 211, 52]  tape=0.172km B=9.59T unif=1.627% hoop=68MPa
  [3370] viol   f=   0.177  a=14.9 b=20.2 gap=19.6 (face=3.1mm) n=[139, 174, 206, 204, 160, 204, 53, 210, 50]  tape=0.171km B=9.95T unif=0.905% hoop=74MPa
  [3371] viol   f=   0.171  a=14.9 b=20.2 gap=19.5 (face=3.1mm) n=[140, 175, 208, 204, 157, 203, 53, 210, 51]  tape=0.171km B=9.99T unif=0.807% hoop=74MPa
  [3372] viol   f= 126.822  a=15.0 b=20.2 gap=19.6 (face=3.1mm) n=[139, 171, 210, 202, 157, 200, 50, 211, 51]  tape=0.171km B=9.53T unif=1.794% hoop=69MPa
  [3373] viol   f=   0.176  a=14.9 b=20.2 gap=19.6 (face=3.1mm) n=[140, 173, 211, 202, 163, 200, 51, 211, 55]  tape=0.172km B=9.96T unif=0.757% hoop=74MPa
  [3374] viol   f=   0.172  a=14.9 b=20.2 gap=19.6 (face=3.1mm) n=[140, 174, 206, 206, 160, 207, 55, 208, 51]  tape=0.171km B=9.98T unif=0.881% hoop=73MPa
  [3375] viol   f=   0.191  a=14.9 b=20.1 gap=19.6 (face=3.1mm) n=[139, 173, 206, 205, 158, 203, 54, 207, 50]  tape=0.169km B=9.90T unif=0.913% hoop=73MPa
  [3376] OK     f=   0.171  a=14.9 b=20.2 gap=19.6 (face=3.1mm) n=[140, 173, 208, 205, 161, 205, 54, 209, 50]  tape=0.171km B=10.05T unif=0.645% hoop=75MPa
  [3377] viol   f=  83.862  a=14.9 b=20.2 gap=19.6 (face=3.1mm) n=[140, 174, 207, 205, 161, 204, 54, 208, 52]  tape=0.171km B=9.71T unif=1.646% hoop=70MPa
  [a=15 b=20 nt=1414] KSP converged reason: 4, iterations: 1
  [a=15 b=20 nt=1397] KSP converged reason: 4, iterations: 1
  [a=15 b=20 nt=1409] KSP converged reason: 4, iterations: 1
  [a=15 b=20 nt=1392] KSP converged reason: 4, iterations: 1
  [a=15 b=20 nt=1404] KSP converged reason: 4, iterations: 1
  [a=15 b=20 nt=1398] KSP converged reason: 4, iterations: 1
  [a=15 b=20 nt=1399] KSP converged reason: 4, iterations: 1
  [a=15 b=20 nt=1415] KSP converged reason: 4, iterations: 1
  [a=15 b=20 nt=1402] KSP converged reason: 4, iterations: 1
  [a=15 b=20 nt=1406] KSP converged reason: 4, iterations: 1
  [a=15 b=20 nt=1398] KSP converged reason: 4, iterations: 1
  [3378] viol   f=  71.785  a=14.9 b=20.2 gap=19.6 (face=3.1mm) n=[139, 173, 209, 202, 157, 198, 52, 210, 52]  tape=0.170km B=9.67T unif=1.597% hoop=72MPa
  [3379] OK     f=   0.172  a=14.9 b=20.2 gap=19.6 (face=3.1mm) n=[140, 175, 207, 206, 160, 206, 59, 209, 52]  tape=0.172km B=10.02T unif=0.820% hoop=74MPa
  [3380] viol   f=   0.199  a=14.9 b=20.1 gap=19.5 (face=3.1mm) n=[139, 174, 209, 201, 158, 202, 55, 209, 50]  tape=0.170km B=9.88T unif=0.840% hoop=73MPa
  [3381] viol   f=   0.171  a=14.9 b=20.2 gap=19.6 (face=3.1mm) n=[140, 174, 209, 203, 161, 204, 53, 210, 50]  tape=0.171km B=9.99T unif=0.947% hoop=75MPa
  [3382] viol   f=   0.199  a=14.9 b=20.2 gap=19.6 (face=3.1mm) n=[139, 172, 208, 204, 159, 203, 55, 208, 50]  tape=0.170km B=9.88T unif=0.838% hoop=73MPa
  [3383] OK     f=   0.171  a=14.9 b=20.2 gap=19.5 (face=3.1mm) n=[140, 175, 208, 204, 164, 203, 57, 208, 50]  tape=0.171km B=10.03T unif=0.735% hoop=74MPa
  [3384] viol   f=   0.189  a=14.9 b=20.1 gap=19.6 (face=3.1mm) n=[139, 172, 210, 205, 154, 205, 57, 207, 50]  tape=0.171km B=9.90T unif=0.752% hoop=76MPa
  [3385] OK     f=   0.173  a=14.9 b=20.3 gap=19.6 (face=3.1mm) n=[141, 175, 209, 205, 165, 204, 56, 210, 50]  tape=0.173km B=10.08T unif=0.782% hoop=74MPa
  [3386] viol   f=   8.009  a=14.9 b=20.1 gap=19.6 (face=3.1mm) n=[139, 173, 207, 204, 159, 205, 55, 208, 52]  tape=0.170km B=9.74T unif=1.196% hoop=71MPa
  [3387] viol   f=   0.171  a=14.9 b=20.2 gap=19.6 (face=3.1mm) n=[140, 174, 209, 203, 161, 202, 51, 208, 50]  tape=0.171km B=10.00T unif=0.818% hoop=74MPa
  [3388] viol   f=  63.466  a=14.9 b=20.2 gap=19.6 (face=3.1mm) n=[140, 174, 208, 203, 164, 202, 52, 210, 53]  tape=0.172km B=9.71T unif=1.562% hoop=70MPa
  [a=15 b=20 nt=1412] KSP converged reason: 4, iterations: 1
  [a=15 b=20 nt=1403] KSP converged reason: 4, iterations: 1
  [a=15 b=20 nt=1405] KSP converged reason: 4, iterations: 1
  [a=15 b=20 nt=1399] KSP converged reason: 4, iterations: 1
  [a=15 b=20 nt=1411] KSP converged reason: 4, iterations: 1
  [a=15 b=20 nt=1402] KSP converged reason: 4, iterations: 1
  [a=15 b=20 nt=1400] KSP converged reason: 4, iterations: 1
  [a=15 b=20 nt=1397] KSP converged reason: 4, iterations: 1
  [a=15 b=20 nt=1408] KSP converged reason: 4, iterations: 1
  [a=15 b=20 nt=1400] KSP converged reason: 4, iterations: 1
  [a=15 b=20 nt=1408] KSP converged reason: 4, iterations: 1
  [3389] OK     f=   0.173  a=14.9 b=20.3 gap=19.6 (face=3.1mm) n=[141, 175, 210, 202, 166, 202, 55, 209, 51]  tape=0.173km B=10.04T unif=0.797% hoop=75MPa
  [3390] OK     f=   0.171  a=14.9 b=20.2 gap=19.6 (face=3.1mm) n=[140, 176, 208, 204, 161, 201, 54, 208, 50]  tape=0.171km B=10.01T unif=0.790% hoop=74MPa
  [3391] OK     f=   0.173  a=14.9 b=20.2 gap=19.5 (face=3.1mm) n=[141, 175, 210, 204, 162, 203, 54, 212, 51]  tape=0.173km B=10.06T unif=0.732% hoop=76MPa
  [3392] viol   f=   0.226  a=14.9 b=20.2 gap=19.5 (face=3.1mm) n=[140, 175, 206, 204, 160, 205, 54, 209, 50]  tape=0.171km B=10.03T unif=1.017% hoop=76MPa
  [3393] viol   f=  98.651  a=14.9 b=20.2 gap=19.6 (face=3.1mm) n=[140, 173, 210, 202, 162, 204, 50, 208, 50]  tape=0.171km B=9.63T unif=1.701% hoop=70MPa
  [3394] OK     f=   0.171  a=14.9 b=20.2 gap=19.6 (face=3.1mm) n=[140, 173, 207, 203, 166, 204, 52, 209, 51]  tape=0.171km B=10.01T unif=0.934% hoop=75MPa
  [3395] viol   f=  19.976  a=14.9 b=20.2 gap=19.5 (face=3.1mm) n=[140, 174, 210, 202, 159, 201, 54, 209, 51]  tape=0.171km B=9.81T unif=1.314% hoop=71MPa
  [3396] viol   f=  22.757  a=14.9 b=20.2 gap=19.6 (face=3.1mm) n=[140, 174, 209, 203, 160, 202, 52, 207, 50]  tape=0.171km B=9.78T unif=1.335% hoop=71MPa
  [3397] viol   f=   6.640  a=14.9 b=20.2 gap=19.5 (face=3.1mm) n=[140, 175, 206, 205, 161, 206, 56, 209, 50]  tape=0.171km B=9.89T unif=1.180% hoop=72MPa
  [3398] viol   f= 202.755  a=14.9 b=20.1 gap=19.5 (face=3.1mm) n=[139, 174, 206, 202, 164, 202, 55, 207, 51]  tape=0.170km B=9.57T unif=2.006% hoop=68MPa
  [3399] viol   f=  25.288  a=14.9 b=20.3 gap=19.6 (face=3.1mm) n=[140, 175, 207, 206, 165, 205, 51, 208, 51]  tape=0.172km B=9.72T unif=1.353% hoop=70MPa
  [a=15 b=20 nt=1407] KSP converged reason: 4, iterations: 1
  [a=15 b=20 nt=1412] KSP converged reason: 4, iterations: 1
  [a=15 b=20 nt=1400] KSP converged reason: 4, iterations: 1
  [a=15 b=20 nt=1408] KSP converged reason: 4, iterations: 1
  [a=15 b=20 nt=1411] KSP converged reason: 4, iterations: 1
  [a=15 b=20 nt=1411] KSP converged reason: 4, iterations: 1
  [a=15 b=20 nt=1400] KSP converged reason: 4, iterations: 1
  [a=15 b=20 nt=1413] KSP converged reason: 4, iterations: 1
  [a=15 b=20 nt=1406] KSP converged reason: 4, iterations: 1
  [a=15 b=20 nt=1404] KSP converged reason: 4, iterations: 1
  [a=15 b=20 nt=1410] KSP converged reason: 4, iterations: 1
  [3400] viol   f=  12.546  a=14.9 b=20.2 gap=19.6 (face=3.1mm) n=[140, 174, 207, 205, 164, 206, 56, 206, 53]  tape=0.172km B=9.84T unif=1.248% hoop=72MPa
  [3401] viol   f=   0.178  a=14.9 b=20.2 gap=19.6 (face=3.1mm) n=[140, 174, 210, 204, 162, 204, 55, 209, 50]  tape=0.172km B=9.95T unif=0.798% hoop=73MPa
  [3402] viol   f=  32.683  a=14.9 b=20.2 gap=19.6 (face=3.1mm) n=[140, 174, 208, 206, 163, 207, 57, 206, 50]  tape=0.171km B=9.79T unif=1.403% hoop=70MPa
  [3403] viol   f=  32.616  a=14.9 b=20.3 gap=19.6 (face=3.1mm) n=[141, 175, 211, 203, 164, 201, 51, 210, 51]  tape=0.172km B=9.78T unif=1.402% hoop=70MPa
  [3404] viol   f=  93.164  a=15.0 b=20.2 gap=19.6 (face=3.1mm) n=[141, 173, 210, 203, 163, 207, 53, 208, 54]  tape=0.172km B=9.76T unif=1.681% hoop=72MPa
  [3405] OK     f=   0.171  a=14.9 b=20.2 gap=19.6 (face=3.1mm) n=[139, 175, 207, 203, 162, 202, 52, 209, 51]  tape=0.171km B=10.02T unif=0.777% hoop=74MPa
  [3406] viol   f=  31.809  a=14.9 b=20.3 gap=19.6 (face=3.1mm) n=[139, 174, 208, 203, 163, 203, 50, 210, 50]  tape=0.171km B=9.61T unif=1.396% hoop=69MPa
  [3407] viol   f=  64.976  a=15.0 b=20.2 gap=19.6 (face=3.1mm) n=[141, 175, 208, 204, 163, 204, 56, 206, 56]  tape=0.172km B=9.83T unif=1.569% hoop=71MPa
  [3408] OK     f=   0.173  a=14.9 b=20.3 gap=19.5 (face=3.1mm) n=[141, 176, 210, 202, 163, 199, 53, 211, 51]  tape=0.173km B=10.02T unif=0.942% hoop=74MPa
  [3409] viol   f=  70.323  a=14.9 b=20.3 gap=19.6 (face=3.1mm) n=[140, 175, 208, 202, 166, 203, 52, 207, 51]  tape=0.171km B=9.70T unif=1.591% hoop=69MPa
  [3410] viol   f=  26.855  a=15.0 b=20.3 gap=19.6 (face=3.1mm) n=[140, 175, 207, 204, 166, 202, 55, 207, 54]  tape=0.172km B=9.78T unif=1.365% hoop=70MPa
  [a=15 b=20 nt=1408] KSP converged reason: 4, iterations: 1
  [a=15 b=20 nt=1395] KSP converged reason: 4, iterations: 1
  [a=15 b=20 nt=1412] KSP converged reason: 4, iterations: 1
  [a=15 b=20 nt=1398] KSP converged reason: 4, iterations: 1
  [a=15 b=20 nt=1401] KSP converged reason: 4, iterations: 1
  [a=15 b=20 nt=1403] KSP converged reason: 4, iterations: 1
  [a=15 b=20 nt=1403] KSP converged reason: 4, iterations: 1
  [a=15 b=20 nt=1407] KSP converged reason: 4, iterations: 1
  [a=15 b=20 nt=1398] KSP converged reason: 4, iterations: 1
  [a=15 b=20 nt=1404] KSP converged reason: 4, iterations: 1
  [a=15 b=20 nt=1397] KSP converged reason: 4, iterations: 1
  [3411] viol   f=  57.477  a=14.9 b=20.2 gap=19.6 (face=3.1mm) n=[140, 175, 208, 204, 160, 201, 51, 209, 50]  tape=0.170km B=9.66T unif=1.534% hoop=70MPa
  [3412] OK     f=   0.172  a=14.9 b=20.2 gap=19.5 (face=3.1mm) n=[140, 175, 208, 202, 166, 200, 56, 210, 51]  tape=0.172km B=10.02T unif=0.806% hoop=74MPa
  [3413] viol   f=  54.976  a=14.9 b=20.2 gap=19.6 (face=3.1mm) n=[139, 174, 208, 203, 163, 198, 51, 209, 50]  tape=0.170km B=9.62T unif=1.522% hoop=69MPa
  [3414] OK     f=   0.171  a=15.0 b=20.2 gap=19.6 (face=3.1mm) n=[140, 175, 208, 204, 161, 203, 53, 209, 50]  tape=0.171km B=10.01T unif=0.788% hoop=78MPa
  [3415] viol   f=   0.182  a=14.9 b=20.3 gap=19.6 (face=3.1mm) n=[140, 176, 207, 206, 163, 204, 57, 209, 50]  tape=0.172km B=9.93T unif=0.843% hoop=72MPa
  [3416] OK     f=   0.171  a=14.9 b=20.2 gap=19.6 (face=3.1mm) n=[140, 174, 210, 202, 165, 200, 51, 209, 50]  tape=0.171km B=10.00T unif=0.774% hoop=74MPa
  [3417] OK     f=   0.171  a=14.9 b=20.2 gap=19.6 (face=3.1mm) n=[140, 174, 210, 203, 158, 202, 56, 210, 50]  tape=0.171km B=10.01T unif=0.780% hoop=75MPa
  [3418] OK     f=   0.172  a=14.9 b=20.2 gap=19.6 (face=3.1mm) n=[140, 175, 207, 204, 164, 204, 54, 209, 50]  tape=0.172km B=10.05T unif=0.849% hoop=78MPa
  [3419] viol   f=   0.172  a=14.9 b=20.2 gap=19.6 (face=3.1mm) n=[139, 175, 207, 203, 164, 199, 54, 207, 50]  tape=0.170km B=9.97T unif=0.795% hoop=73MPa
  [3420] OK     f=   0.171  a=14.9 b=20.2 gap=19.6 (face=3.1mm) n=[140, 175, 209, 204, 163, 201, 53, 209, 50]  tape=0.171km B=10.05T unif=0.686% hoop=75MPa
  [3421] viol   f=  84.171  a=14.9 b=20.2 gap=19.6 (face=3.1mm) n=[139, 175, 206, 202, 163, 202, 51, 209, 50]  tape=0.171km B=9.62T unif=1.647% hoop=69MPa
  [a=15 b=20 nt=1394] KSP converged reason: 4, iterations: 1
  [a=15 b=20 nt=1403] KSP converged reason: 4, iterations: 1
  [a=15 b=20 nt=1404] KSP converged reason: 4, iterations: 1
  [a=15 b=20 nt=1398] KSP converged reason: 4, iterations: 1
  [a=15 b=20 nt=1403] KSP converged reason: 4, iterations: 1
  [a=15 b=20 nt=1404] KSP converged reason: 4, iterations: 1
  [a=15 b=20 nt=1406] KSP converged reason: 4, iterations: 1
  [a=15 b=20 nt=1406] KSP converged reason: 4, iterations: 1
  [a=15 b=20 nt=1398] KSP converged reason: 4, iterations: 1
  [a=15 b=20 nt=1408] KSP converged reason: 4, iterations: 1
  [a=15 b=20 nt=1406] KSP converged reason: 4, iterations: 1
  [3422] OK     f=   0.172  a=14.9 b=20.2 gap=19.6 (face=3.1mm) n=[140, 175, 210, 202, 164, 201, 53, 209, 50]  tape=0.172km B=10.03T unif=0.764% hoop=75MPa
  [3423] viol   f=  53.810  a=14.9 b=20.2 gap=19.6 (face=3.1mm) n=[139, 174, 208, 203, 160, 201, 50, 209, 50]  tape=0.170km B=9.58T unif=1.516% hoop=69MPa
  [3424] OK     f=   0.171  a=14.9 b=20.2 gap=19.6 (face=3.1mm) n=[140, 173, 210, 202, 163, 201, 54, 210, 50]  tape=0.171km B=10.03T unif=0.877% hoop=75MPa
  [3425] OK     f=   0.172  a=14.9 b=20.2 gap=19.6 (face=3.1mm) n=[140, 174, 209, 203, 164, 200, 54, 210, 50]  tape=0.172km B=10.04T unif=0.828% hoop=75MPa
  [3426] viol   f= 124.880  a=14.9 b=20.2 gap=19.6 (face=3.1mm) n=[140, 173, 209, 203, 162, 201, 51, 209, 50]  tape=0.171km B=9.65T unif=1.789% hoop=69MPa
  [3427] viol   f=   0.172  a=14.9 b=20.2 gap=19.6 (face=3.1mm) n=[140, 174, 209, 202, 166, 200, 54, 208, 50]  tape=0.171km B=9.99T unif=0.827% hoop=74MPa
  [3428] viol   f=  33.666  a=14.9 b=20.2 gap=19.6 (face=3.1mm) n=[140, 174, 210, 204, 163, 203, 55, 207, 50]  tape=0.172km B=9.72T unif=1.408% hoop=70MPa
  [3429] viol   f=   0.172  a=14.9 b=20.3 gap=19.6 (face=3.1mm) n=[139, 175, 207, 204, 166, 202, 54, 208, 51]  tape=0.172km B=9.99T unif=0.701% hoop=74MPa
  [3430] viol   f= 119.670  a=14.9 b=20.2 gap=19.6 (face=3.1mm) n=[140, 173, 210, 203, 161, 202, 50, 209, 50]  tape=0.171km B=9.63T unif=1.772% hoop=70MPa
  [3431] OK     f=   0.172  a=14.9 b=20.3 gap=19.6 (face=3.1mm) n=[140, 175, 207, 203, 165, 203, 54, 209, 50]  tape=0.172km B=10.07T unif=0.824% hoop=76MPa
  [3432] OK     f=   0.172  a=15.0 b=20.3 gap=19.6 (face=3.1mm) n=[140, 175, 208, 204, 165, 203, 53, 210, 50]  tape=0.172km B=10.05T unif=0.750% hoop=76MPa
  [a=15 b=20 nt=1401] KSP converged reason: 4, iterations: 1
  [a=15 b=20 nt=1403] KSP converged reason: 4, iterations: 1
  [a=15 b=20 nt=1405] KSP converged reason: 4, iterations: 1
  [a=15 b=20 nt=1406] KSP converged reason: 4, iterations: 1
  [a=15 b=20 nt=1398] KSP converged reason: 4, iterations: 1
  [a=15 b=20 nt=1402] KSP converged reason: 4, iterations: 1
  [a=15 b=20 nt=1400] KSP converged reason: 4, iterations: 1
  [a=15 b=20 nt=1410] KSP converged reason: 4, iterations: 1
  [a=15 b=20 nt=1397] KSP converged reason: 4, iterations: 1
  [a=15 b=20 nt=1401] KSP converged reason: 4, iterations: 1
  [a=15 b=20 nt=1401] KSP converged reason: 4, iterations: 1
  [3433] viol   f=   0.175  a=14.9 b=20.2 gap=19.6 (face=3.1mm) n=[139, 173, 211, 202, 162, 199, 53, 209, 50]  tape=0.172km B=9.96T unif=0.613% hoop=76MPa
  [3434] viol   f=   0.172  a=14.9 b=20.2 gap=19.6 (face=3.1mm) n=[140, 175, 209, 203, 164, 199, 57, 208, 50]  tape=0.172km B=10.00T unif=0.877% hoop=74MPa
  [3435] OK     f=   0.172  a=14.9 b=20.2 gap=19.6 (face=3.1mm) n=[140, 173, 210, 204, 166, 199, 54, 210, 50]  tape=0.172km B=10.05T unif=0.640% hoop=76MPa
  [3436] viol   f=   0.265  a=14.9 b=20.2 gap=19.6 (face=3.1mm) n=[140, 173, 212, 202, 161, 202, 53, 208, 50]  tape=0.172km B=9.78T unif=0.849% hoop=74MPa
  [3437] OK     f=   0.171  a=14.9 b=20.2 gap=19.6 (face=3.1mm) n=[140, 174, 207, 203, 166, 200, 52, 209, 51]  tape=0.171km B=10.04T unif=0.872% hoop=75MPa
  [3438] viol   f=   0.173  a=15.0 b=20.2 gap=19.6 (face=3.1mm) n=[139, 175, 208, 202, 164, 201, 55, 208, 51]  tape=0.171km B=9.97T unif=0.753% hoop=74MPa
  [3439] viol   f=   0.171  a=14.9 b=20.2 gap=19.6 (face=3.1mm) n=[139, 173, 208, 203, 166, 200, 52, 209, 50]  tape=0.171km B=9.99T unif=0.741% hoop=75MPa
  [3440] OK     f=   0.173  a=14.9 b=20.2 gap=19.6 (face=3.1mm) n=[141, 174, 212, 202, 166, 200, 54, 211, 50]  tape=0.173km B=10.07T unif=0.667% hoop=76MPa
  [3441] viol   f= 106.347  a=14.9 b=20.2 gap=19.6 (face=3.1mm) n=[139, 174, 206, 202, 164, 201, 51, 210, 50]  tape=0.171km B=9.62T unif=1.728% hoop=69MPa
  [3442] viol   f=   0.539  a=14.9 b=20.3 gap=19.6 (face=3.1mm) n=[140, 174, 211, 202, 164, 199, 50, 211, 50]  tape=0.172km B=9.72T unif=1.032% hoop=71MPa
  [3443] viol   f=   0.175  a=14.9 b=20.2 gap=19.5 (face=3.1mm) n=[139, 174, 207, 202, 163, 200, 54, 211, 51]  tape=0.171km B=9.96T unif=0.865% hoop=75MPa
  [a=15 b=20 nt=1405] KSP converged reason: 4, iterations: 1
  [a=15 b=20 nt=1403] KSP converged reason: 4, iterations: 1
  [a=15 b=20 nt=1401] KSP converged reason: 4, iterations: 1
  [a=15 b=20 nt=1402] KSP converged reason: 4, iterations: 1
  [a=15 b=20 nt=1402] KSP converged reason: 4, iterations: 1
  [a=15 b=20 nt=1400] KSP converged reason: 4, iterations: 1
  [a=15 b=20 nt=1404] KSP converged reason: 4, iterations: 1
  [a=15 b=20 nt=1403] KSP converged reason: 4, iterations: 1
  [a=15 b=20 nt=1402] KSP converged reason: 4, iterations: 1
  [a=15 b=20 nt=1404] KSP converged reason: 4, iterations: 1
  [a=15 b=20 nt=1411] KSP converged reason: 4, iterations: 1
  [3444] viol   f=  23.103  a=15.0 b=20.2 gap=19.6 (face=3.1mm) n=[139, 174, 207, 203, 167, 201, 51, 210, 50]  tape=0.171km B=9.64T unif=1.337% hoop=69MPa
  [3445] viol   f=  11.489  a=15.0 b=20.2 gap=19.6 (face=3.1mm) n=[139, 174, 208, 202, 168, 199, 51, 208, 51]  tape=0.171km B=9.71T unif=1.236% hoop=70MPa
  [3446] viol   f=  28.255  a=14.9 b=20.2 gap=19.6 (face=3.1mm) n=[139, 174, 208, 202, 165, 200, 53, 209, 52]  tape=0.171km B=9.73T unif=1.374% hoop=70MPa
  [3447] viol   f=   0.431  a=15.0 b=20.3 gap=19.6 (face=3.1mm) n=[139, 174, 209, 201, 168, 198, 56, 208, 52]  tape=0.172km B=9.71T unif=1.022% hoop=71MPa
  [3448] OK     f=   0.171  a=14.9 b=20.2 gap=19.6 (face=3.1mm) n=[140, 174, 209, 203, 165, 200, 53, 209, 50]  tape=0.171km B=10.00T unif=0.850% hoop=74MPa
  [3449] viol   f=   0.174  a=14.9 b=20.2 gap=19.6 (face=3.1mm) n=[139, 172, 208, 203, 166, 201, 52, 210, 50]  tape=0.171km B=9.96T unif=0.724% hoop=75MPa
  [3450] OK     f=   0.171  a=14.9 b=20.2 gap=19.6 (face=3.1mm) n=[139, 174, 207, 204, 169, 200, 52, 209, 50]  tape=0.171km B=10.02T unif=0.673% hoop=75MPa
  [3451] viol   f=   0.172  a=14.9 b=20.2 gap=19.6 (face=3.1mm) n=[140, 174, 209, 203, 165, 199, 53, 210, 50]  tape=0.172km B=10.00T unif=0.766% hoop=75MPa
  [3452] viol   f=   0.172  a=14.9 b=20.2 gap=19.6 (face=3.1mm) n=[139, 174, 208, 204, 160, 201, 56, 209, 51]  tape=0.171km B=9.98T unif=0.738% hoop=75MPa
  [3453] OK     f=   0.173  a=14.9 b=20.3 gap=19.6 (face=3.1mm) n=[140, 176, 210, 203, 167, 198, 58, 209, 50]  tape=0.173km B=10.03T unif=0.744% hoop=74MPa
  [3454] viol   f=  51.225  a=14.9 b=20.1 gap=19.6 (face=3.1mm) n=[139, 173, 208, 205, 164, 201, 57, 207, 50]  tape=0.171km B=9.58T unif=1.503% hoop=68MPa
  [a=15 b=20 nt=1399] KSP converged reason: 4, iterations: 1
  [a=15 b=20 nt=1400] KSP converged reason: 4, iterations: 1
  [a=15 b=20 nt=1401] KSP converged reason: 4, iterations: 1
  [a=15 b=20 nt=1408] KSP converged reason: 4, iterations: 1
  [a=15 b=20 nt=1401] KSP converged reason: 4, iterations: 1
  [a=15 b=20 nt=1398] KSP converged reason: 4, iterations: 1
  [a=15 b=20 nt=1397] KSP converged reason: 4, iterations: 1
  [a=15 b=20 nt=1402] KSP converged reason: 4, iterations: 1
  [a=15 b=20 nt=1399] KSP converged reason: 4, iterations: 1
  [a=15 b=20 nt=1397] KSP converged reason: 4, iterations: 1
  [a=15 b=20 nt=1414] KSP converged reason: 4, iterations: 1
  [3455] viol   f=   0.171  a=14.9 b=20.2 gap=19.6 (face=3.1mm) n=[139, 173, 208, 203, 166, 199, 52, 209, 50]  tape=0.171km B=10.00T unif=0.750% hoop=75MPa
  [3456] viol   f=   6.535  a=14.9 b=20.2 gap=19.6 (face=3.1mm) n=[139, 175, 206, 203, 169, 202, 54, 208, 52]  tape=0.172km B=9.74T unif=1.176% hoop=69MPa
  [3457] OK     f=   0.171  a=14.9 b=20.2 gap=19.6 (face=3.1mm) n=[139, 174, 208, 203, 166, 199, 53, 209, 50]  tape=0.171km B=10.02T unif=0.686% hoop=74MPa
  [3458] viol   f=   0.249  a=14.9 b=20.2 gap=19.6 (face=3.1mm) n=[139, 173, 210, 202, 165, 200, 53, 208, 50]  tape=0.171km B=9.80T unif=0.948% hoop=73MPa
  [3459] OK     f=   0.171  a=14.9 b=20.2 gap=19.6 (face=3.1mm) n=[140, 175, 210, 202, 162, 197, 52, 210, 50]  tape=0.171km B=10.02T unif=0.738% hoop=75MPa
  [3460] viol   f=   0.172  a=14.9 b=20.2 gap=19.6 (face=3.1mm) n=[139, 174, 207, 202, 169, 199, 52, 209, 50]  tape=0.171km B=9.99T unif=0.824% hoop=75MPa
  [3461] viol   f= 128.107  a=14.9 b=20.2 gap=19.6 (face=3.1mm) n=[139, 171, 208, 203, 167, 200, 50, 208, 51]  tape=0.170km B=9.59T unif=1.799% hoop=69MPa
  [3462] OK     f=   0.171  a=14.9 b=20.2 gap=19.6 (face=3.1mm) n=[140, 173, 210, 202, 169, 198, 51, 209, 50]  tape=0.171km B=10.04T unif=0.771% hoop=75MPa
  [3463] OK     f=   0.171  a=14.9 b=20.2 gap=19.6 (face=3.1mm) n=[140, 174, 208, 202, 164, 199, 52, 209, 51]  tape=0.171km B=10.01T unif=0.850% hoop=75MPa
  [3464] viol   f=   8.917  a=14.9 b=20.2 gap=19.5 (face=3.1mm) n=[139, 173, 210, 203, 161, 198, 53, 209, 51]  tape=0.171km B=9.79T unif=1.208% hoop=72MPa
  [3465] OK     f=   0.172  a=14.9 b=20.3 gap=19.6 (face=3.1mm) n=[140, 175, 208, 204, 170, 201, 58, 208, 50]  tape=0.172km B=10.05T unif=0.702% hoop=74MPa
  [a=15 b=20 nt=1398] KSP converged reason: 4, iterations: 1
  [a=15 b=20 nt=1404] KSP converged reason: 4, iterations: 1
  [a=15 b=20 nt=1400] KSP converged reason: 4, iterations: 1
  [a=15 b=20 nt=1404] KSP converged reason: 4, iterations: 1
  [a=15 b=20 nt=1399] KSP converged reason: 4, iterations: 1
  [a=15 b=20 nt=1402] KSP converged reason: 4, iterations: 1
  [a=15 b=20 nt=1400] KSP converged reason: 4, iterations: 1
  [a=15 b=20 nt=1396] KSP converged reason: 4, iterations: 1
  [a=15 b=20 nt=1399] KSP converged reason: 4, iterations: 1
  [a=15 b=20 nt=1400] KSP converged reason: 4, iterations: 1
  [a=15 b=20 nt=1402] KSP converged reason: 4, iterations: 1
  [3466] viol   f=   0.172  a=14.9 b=20.1 gap=19.6 (face=3.1mm) n=[139, 173, 208, 203, 165, 200, 53, 209, 50]  tape=0.170km B=9.97T unif=0.683% hoop=74MPa
  [3467] viol   f=   0.170  a=14.9 b=20.2 gap=19.6 (face=3.1mm) n=[139, 173, 207, 202, 166, 200, 52, 209, 50]  tape=0.170km B=10.00T unif=0.816% hoop=76MPa
  [3468] OK     f=   0.172  a=14.9 b=20.2 gap=19.6 (face=3.1mm) n=[140, 174, 209, 204, 167, 198, 54, 208, 50]  tape=0.172km B=10.02T unif=0.736% hoop=74MPa
  [3469] viol   f=   0.252  a=14.9 b=20.2 gap=19.6 (face=3.1mm) n=[139, 174, 210, 203, 166, 196, 53, 208, 50]  tape=0.171km B=9.80T unif=0.784% hoop=71MPa
  [3470] viol   f=   1.405  a=14.9 b=20.2 gap=19.6 (face=3.1mm) n=[140, 174, 210, 203, 167, 199, 53, 208, 50]  tape=0.172km B=9.85T unif=1.077% hoop=72MPa
  [3471] viol   f=   0.171  a=14.9 b=20.2 gap=19.6 (face=3.1mm) n=[140, 175, 207, 203, 167, 198, 54, 208, 50]  tape=0.171km B=9.99T unif=0.912% hoop=74MPa
  [3472] OK     f=   0.171  a=14.9 b=20.2 gap=19.6 (face=3.1mm) n=[140, 174, 208, 202, 168, 197, 52, 209, 50]  tape=0.171km B=10.00T unif=0.879% hoop=75MPa
  [3473] viol   f=   0.178  a=14.9 b=20.2 gap=19.6 (face=3.1mm) n=[139, 173, 209, 203, 163, 197, 54, 208, 50]  tape=0.170km B=9.94T unif=0.741% hoop=73MPa
  [3474] viol   f=  16.877  a=14.9 b=20.2 gap=19.6 (face=3.1mm) n=[139, 173, 208, 204, 163, 201, 51, 210, 50]  tape=0.171km B=9.64T unif=1.287% hoop=70MPa
  [3475] OK     f=   0.171  a=14.9 b=20.2 gap=19.6 (face=3.1mm) n=[140, 173, 209, 203, 164, 200, 53, 208, 50]  tape=0.171km B=10.01T unif=0.711% hoop=75MPa
  [3476] viol   f=   0.172  a=15.0 b=20.3 gap=19.6 (face=3.1mm) n=[139, 174, 208, 202, 168, 198, 52, 210, 51]  tape=0.172km B=10.00T unif=0.606% hoop=75MPa
  [a=15 b=20 nt=1399] KSP converged reason: 4, iterations: 1
  [a=15 b=20 nt=1400] KSP converged reason: 4, iterations: 1
  [a=15 b=20 nt=1397] KSP converged reason: 4, iterations: 1
  [a=15 b=20 nt=1397] KSP converged reason: 4, iterations: 1
  [a=15 b=20 nt=1402] KSP converged reason: 4, iterations: 1
  [a=15 b=20 nt=1405] KSP converged reason: 4, iterations: 1
  [a=15 b=20 nt=1399] KSP converged reason: 4, iterations: 1
  [a=15 b=20 nt=1401] KSP converged reason: 4, iterations: 1
  [a=15 b=20 nt=1397] KSP converged reason: 4, iterations: 1
  [a=15 b=20 nt=1401] KSP converged reason: 4, iterations: 1
  [a=15 b=20 nt=1400] KSP converged reason: 4, iterations: 1
  [3477] OK     f=   0.171  a=14.9 b=20.2 gap=19.6 (face=3.1mm) n=[139, 173, 207, 202, 167, 199, 52, 209, 51]  tape=0.171km B=10.00T unif=0.758% hoop=76MPa
  [3478] OK     f=   0.171  a=14.9 b=20.2 gap=19.6 (face=3.1mm) n=[139, 176, 206, 205, 165, 201, 54, 209, 50]  tape=0.171km B=10.04T unif=0.723% hoop=75MPa
  [3479] viol   f=   0.173  a=14.9 b=20.2 gap=19.6 (face=3.1mm) n=[139, 173, 207, 202, 170, 197, 54, 208, 50]  tape=0.171km B=9.96T unif=0.799% hoop=74MPa
  [3480] OK     f=   0.171  a=14.9 b=20.2 gap=19.6 (face=3.1mm) n=[140, 174, 208, 204, 164, 201, 53, 208, 50]  tape=0.171km B=10.07T unif=0.693% hoop=75MPa
  [3481] viol   f=  43.679  a=15.0 b=20.2 gap=19.6 (face=3.1mm) n=[139, 174, 207, 203, 165, 200, 51, 207, 51]  tape=0.170km B=9.67T unif=1.465% hoop=69MPa
  [3482] OK     f=   0.171  a=14.9 b=20.2 gap=19.5 (face=3.1mm) n=[139, 174, 206, 203, 165, 197, 54, 209, 50]  tape=0.171km B=10.03T unif=0.899% hoop=75MPa
  [3483] viol   f=   0.174  a=14.9 b=20.2 gap=19.5 (face=3.1mm) n=[139, 173, 207, 201, 171, 196, 54, 208, 50]  tape=0.171km B=9.96T unif=0.799% hoop=75MPa
  [3484] viol   f=  19.132  a=14.9 b=20.2 gap=19.6 (face=3.1mm) n=[139, 174, 207, 203, 168, 199, 50, 211, 50]  tape=0.172km B=9.70T unif=1.306% hoop=72MPa
  [3485] viol   f=  21.120  a=14.9 b=20.2 gap=19.6 (face=3.1mm) n=[139, 173, 207, 203, 167, 198, 50, 210, 50]  tape=0.171km B=9.74T unif=1.323% hoop=71MPa
  [3486] viol   f=  12.819  a=15.0 b=20.2 gap=19.6 (face=3.1mm) n=[139, 174, 206, 203, 171, 198, 51, 208, 51]  tape=0.171km B=9.79T unif=1.251% hoop=72MPa
  [3487] OK     f=   0.171  a=14.9 b=20.2 gap=19.6 (face=3.1mm) n=[139, 173, 208, 202, 167, 198, 52, 210, 51]  tape=0.171km B=10.03T unif=0.647% hoop=76MPa
  [a=15 b=20 nt=1396] KSP converged reason: 4, iterations: 1
  [a=15 b=20 nt=1398] KSP converged reason: 4, iterations: 1
  [a=15 b=20 nt=1402] KSP converged reason: 4, iterations: 1
  [a=15 b=20 nt=1401] KSP converged reason: 4, iterations: 1
  [a=15 b=20 nt=1400] KSP converged reason: 4, iterations: 1
  [a=15 b=20 nt=1399] KSP converged reason: 4, iterations: 1
  [a=15 b=20 nt=1395] KSP converged reason: 4, iterations: 1
  [a=15 b=20 nt=1405] KSP converged reason: 4, iterations: 1
  [a=15 b=20 nt=1404] KSP converged reason: 4, iterations: 1
  [a=15 b=20 nt=1402] KSP converged reason: 4, iterations: 1
  [a=15 b=20 nt=1406] KSP converged reason: 4, iterations: 1
  [3488] OK     f=   0.171  a=14.9 b=20.2 gap=19.6 (face=3.1mm) n=[140, 175, 206, 205, 165, 199, 53, 208, 50]  tape=0.171km B=10.06T unif=0.856% hoop=75MPa
  [3489] OK     f=   0.171  a=14.9 b=20.2 gap=19.6 (face=3.1mm) n=[139, 174, 207, 203, 166, 198, 55, 209, 51]  tape=0.171km B=10.00T unif=0.871% hoop=74MPa
  [3490] viol   f=   0.172  a=14.9 b=20.2 gap=19.6 (face=3.1mm) n=[139, 173, 207, 202, 167, 196, 52, 210, 50]  tape=0.171km B=9.98T unif=0.797% hoop=75MPa
  [3491] OK     f=   0.171  a=14.9 b=20.2 gap=19.6 (face=3.1mm) n=[139, 174, 207, 204, 166, 198, 53, 208, 51]  tape=0.171km B=10.01T unif=0.692% hoop=75MPa
  [3492] OK     f=   0.171  a=14.9 b=20.2 gap=19.5 (face=3.1mm) n=[139, 174, 206, 203, 166, 198, 54, 209, 50]  tape=0.171km B=10.04T unif=0.917% hoop=76MPa
  [3493] viol   f=   0.172  a=14.9 b=20.2 gap=19.6 (face=3.1mm) n=[139, 173, 206, 204, 166, 200, 52, 208, 50]  tape=0.170km B=9.97T unif=0.704% hoop=74MPa
  [3494] viol   f=  40.585  a=14.9 b=20.2 gap=19.5 (face=3.1mm) n=[139, 173, 207, 202, 167, 196, 51, 209, 51]  tape=0.170km B=9.70T unif=1.448% hoop=71MPa
  [3495] OK     f=   0.171  a=14.9 b=20.2 gap=19.6 (face=3.1mm) n=[140, 174, 207, 204, 167, 201, 54, 208, 50]  tape=0.171km B=10.01T unif=0.803% hoop=75MPa
  [3496] OK     f=   0.171  a=14.9 b=20.2 gap=19.6 (face=3.1mm) n=[140, 174, 207, 204, 170, 197, 54, 208, 50]  tape=0.171km B=10.01T unif=0.789% hoop=74MPa
  [3497] OK     f=   0.171  a=14.9 b=20.2 gap=19.6 (face=3.1mm) n=[139, 175, 207, 203, 165, 200, 53, 209, 51]  tape=0.171km B=10.00T unif=0.754% hoop=74MPa
  [3498] viol   f=   0.171  a=14.9 b=20.2 gap=19.5 (face=3.1mm) n=[139, 175, 206, 204, 167, 200, 57, 208, 50]  tape=0.171km B=9.99T unif=0.799% hoop=74MPa
  [a=15 b=20 nt=1397] KSP converged reason: 4, iterations: 1
  [a=15 b=20 nt=1405] KSP converged reason: 4, iterations: 1
  [a=15 b=20 nt=1398] KSP converged reason: 4, iterations: 1
  [a=15 b=20 nt=1401] KSP converged reason: 4, iterations: 1
  [a=15 b=20 nt=1396] KSP converged reason: 4, iterations: 1
  [a=15 b=20 nt=1399] KSP converged reason: 4, iterations: 1
  [a=15 b=20 nt=1406] KSP converged reason: 4, iterations: 1
  [a=15 b=20 nt=1414] KSP converged reason: 4, iterations: 1
  [a=15 b=20 nt=1404] KSP converged reason: 4, iterations: 1
  [a=15 b=20 nt=1400] KSP converged reason: 4, iterations: 1
  [a=15 b=20 nt=1399] KSP converged reason: 4, iterations: 1
  [3499] viol   f=7978.984  a=14.9 b=20.2 gap=19.6 (face=3.1mm) n=[139, 174, 206, 204, 168, 197, 53, 210, 50]  tape=0.171km B=8.90T unif=7.315% hoop=316MPa
  [3500] viol   f=   8.265  a=14.9 b=20.2 gap=19.6 (face=3.1mm) n=[139, 174, 205, 204, 170, 197, 51, 208, 51]  tape=0.171km B=9.78T unif=1.200% hoop=71MPa
  [3501] viol   f=   0.179  a=14.9 b=20.2 gap=19.6 (face=3.1mm) n=[139, 174, 206, 205, 164, 200, 53, 207, 50]  tape=0.170km B=9.93T unif=0.777% hoop=73MPa
  [3502] viol   f=  19.316  a=14.9 b=20.2 gap=19.6 (face=3.1mm) n=[139, 174, 206, 204, 168, 197, 51, 208, 50]  tape=0.170km B=9.64T unif=1.307% hoop=69MPa
  [3503] viol   f=   0.171  a=14.9 b=20.1 gap=19.6 (face=3.1mm) n=[139, 174, 205, 204, 164, 199, 53, 208, 50]  tape=0.170km B=9.98T unif=0.803% hoop=74MPa
  [3504] viol   f=   0.189  a=14.9 b=20.2 gap=19.6 (face=3.1mm) n=[139, 175, 205, 206, 168, 198, 55, 209, 50]  tape=0.171km B=9.91T unif=0.851% hoop=73MPa
  [3505] viol   f=  62.756  a=14.9 b=20.2 gap=19.6 (face=3.1mm) n=[140, 175, 208, 203, 167, 196, 54, 210, 53]  tape=0.172km B=9.76T unif=1.559% hoop=70MPa
  [3506] viol   f=   0.178  a=14.9 b=20.2 gap=19.5 (face=3.1mm) n=[140, 174, 208, 205, 168, 198, 57, 210, 54]  tape=0.173km B=9.95T unif=0.864% hoop=73MPa
  [3507] OK     f=   0.171  a=14.9 b=20.2 gap=19.6 (face=3.1mm) n=[139, 174, 206, 204, 162, 201, 53, 210, 51]  tape=0.171km B=10.00T unif=0.807% hoop=75MPa
  [3508] OK     f=   0.171  a=14.9 b=20.2 gap=19.6 (face=3.1mm) n=[140, 174, 207, 205, 166, 200, 53, 209, 50]  tape=0.171km B=10.04T unif=0.716% hoop=75MPa
  [3509] OK     f=   0.171  a=14.9 b=20.2 gap=19.6 (face=3.1mm) n=[139, 173, 206, 204, 165, 199, 54, 209, 50]  tape=0.171km B=10.01T unif=0.760% hoop=75MPa
  [a=15 b=20 nt=1397] KSP converged reason: 4, iterations: 1
  [a=15 b=20 nt=1404] KSP converged reason: 4, iterations: 1
  [a=15 b=20 nt=1402] KSP converged reason: 4, iterations: 1
  [a=15 b=20 nt=1396] KSP converged reason: 4, iterations: 1
  [a=15 b=20 nt=1404] KSP converged reason: 4, iterations: 1
  [a=15 b=20 nt=1402] KSP converged reason: 4, iterations: 1
  [a=15 b=20 nt=1402] KSP converged reason: 4, iterations: 1
  [a=15 b=20 nt=1395] KSP converged reason: 4, iterations: 1
  [a=15 b=20 nt=1401] KSP converged reason: 4, iterations: 1
  [a=15 b=20 nt=1406] KSP converged reason: 4, iterations: 1
  [a=15 b=20 nt=1400] KSP converged reason: 4, iterations: 1
  [3510] viol   f= 143.959  a=14.9 b=20.1 gap=19.5 (face=3.1mm) n=[140, 174, 207, 204, 163, 199, 53, 211, 53]  tape=0.172km B=9.66T unif=1.847% hoop=69MPa
  [3511] viol   f=  53.908  a=14.9 b=20.2 gap=19.6 (face=3.1mm) n=[139, 173, 206, 203, 165, 197, 51, 211, 51]  tape=0.171km B=9.66T unif=1.517% hoop=71MPa
  [3512] viol   f=  33.711  a=14.9 b=20.2 gap=19.5 (face=3.1mm) n=[139, 173, 205, 205, 166, 197, 54, 210, 55]  tape=0.172km B=9.71T unif=1.408% hoop=70MPa
  [3513] viol   f=   0.178  a=14.9 b=20.2 gap=19.6 (face=3.1mm) n=[139, 173, 206, 204, 166, 199, 53, 207, 50]  tape=0.170km B=9.94T unif=0.786% hoop=74MPa
  [3514] viol   f=   8.146  a=14.9 b=20.2 gap=19.6 (face=3.1mm) n=[139, 175, 205, 204, 166, 200, 54, 206, 53]  tape=0.170km B=9.72T unif=1.198% hoop=70MPa
  [3515] OK     f=   0.171  a=14.9 b=20.2 gap=19.6 (face=3.1mm) n=[139, 174, 205, 205, 166, 201, 53, 209, 50]  tape=0.171km B=10.01T unif=0.796% hoop=75MPa
  [3516] OK     f=   0.170  a=14.9 b=20.1 gap=19.6 (face=3.1mm) n=[140, 174, 208, 204, 160, 201, 56, 208, 51]  tape=0.170km B=10.03T unif=0.835% hoop=75MPa
  [3517] viol   f=  62.149  a=14.9 b=20.1 gap=19.6 (face=3.1mm) n=[138, 174, 204, 203, 164, 199, 55, 207, 51]  tape=0.170km B=9.53T unif=1.555% hoop=67MPa
  [3518] viol   f=  72.154  a=14.9 b=20.1 gap=19.5 (face=3.1mm) n=[139, 173, 205, 206, 163, 199, 56, 208, 52]  tape=0.170km B=9.74T unif=1.599% hoop=71MPa
  [3519] OK     f=   0.171  a=14.9 b=20.2 gap=19.6 (face=3.1mm) n=[139, 175, 205, 204, 168, 199, 56, 209, 51]  tape=0.171km B=10.02T unif=0.819% hoop=74MPa
  [3520] OK     f=   0.171  a=14.9 b=20.2 gap=19.6 (face=3.1mm) n=[140, 175, 206, 205, 164, 199, 53, 208, 50]  tape=0.171km B=10.04T unif=0.817% hoop=75MPa
  [a=15 b=20 nt=1405] KSP converged reason: 4, iterations: 1
  [a=15 b=20 nt=1401] KSP converged reason: 4, iterations: 1
  [a=15 b=20 nt=1402] KSP converged reason: 4, iterations: 1
  [a=15 b=20 nt=1396] KSP converged reason: 4, iterations: 1
  [a=15 b=20 nt=1403] KSP converged reason: 4, iterations: 1
  [a=15 b=20 nt=1399] KSP converged reason: 4, iterations: 1
  [a=15 b=20 nt=1404] KSP converged reason: 4, iterations: 1
  [a=15 b=20 nt=1399] KSP converged reason: 4, iterations: 1
  [a=15 b=20 nt=1394] KSP converged reason: 4, iterations: 1
  [a=15 b=20 nt=1401] KSP converged reason: 4, iterations: 1
  [a=15 b=20 nt=1400] KSP converged reason: 4, iterations: 1
  [3521] OK     f=   0.171  a=14.9 b=20.1 gap=19.6 (face=3.1mm) n=[140, 174, 208, 204, 161, 200, 54, 209, 51]  tape=0.171km B=10.06T unif=0.805% hoop=76MPa
  [3522] viol   f=   0.173  a=14.9 b=20.1 gap=19.5 (face=3.1mm) n=[139, 173, 206, 204, 162, 200, 55, 209, 51]  tape=0.170km B=9.96T unif=0.872% hoop=78MPa
  [3523] OK     f=   0.170  a=14.9 b=20.1 gap=19.5 (face=3.1mm) n=[139, 174, 206, 204, 164, 201, 56, 208, 51]  tape=0.170km B=10.01T unif=0.811% hoop=74MPa
  [3524] viol   f=   0.171  a=14.9 b=20.2 gap=19.6 (face=3.1mm) n=[140, 173, 207, 205, 165, 202, 54, 208, 51]  tape=0.171km B=10.00T unif=0.818% hoop=74MPa
  [3525] viol   f=   0.170  a=14.9 b=20.2 gap=19.6 (face=3.1mm) n=[139, 174, 206, 204, 163, 201, 52, 207, 50]  tape=0.170km B=9.98T unif=0.752% hoop=74MPa
  [3526] viol   f=   0.171  a=14.9 b=20.2 gap=19.6 (face=3.1mm) n=[139, 175, 206, 205, 163, 199, 56, 208, 51]  tape=0.171km B=9.99T unif=0.835% hoop=73MPa
  [3527] OK     f=   0.171  a=14.9 b=20.2 gap=19.6 (face=3.1mm) n=[139, 174, 206, 205, 163, 203, 54, 209, 51]  tape=0.171km B=10.01T unif=0.747% hoop=75MPa
  [3528] viol   f=   0.201  a=14.9 b=20.2 gap=19.6 (face=3.1mm) n=[139, 174, 207, 205, 160, 201, 55, 208, 50]  tape=0.170km B=9.88T unif=0.826% hoop=72MPa
  [3529] viol   f=   0.175  a=14.9 b=20.2 gap=19.6 (face=3.1mm) n=[139, 174, 208, 204, 162, 201, 54, 208, 50]  tape=0.170km B=9.95T unif=0.688% hoop=73MPa
  [3530] viol   f=   0.193  a=14.9 b=20.1 gap=19.6 (face=3.1mm) n=[138, 173, 205, 206, 160, 201, 51, 208, 52]  tape=0.169km B=9.89T unif=0.709% hoop=73MPa
  [3531] viol   f=   0.171  a=14.9 b=20.2 gap=19.6 (face=3.1mm) n=[140, 175, 208, 205, 162, 199, 54, 208, 50]  tape=0.171km B=9.98T unif=0.729% hoop=73MPa
  [a=15 b=20 nt=1398] KSP converged reason: 4, iterations: 1
  [a=15 b=20 nt=1400] KSP converged reason: 4, iterations: 1
  [a=15 b=20 nt=1406] KSP converged reason: 4, iterations: 1
  [a=15 b=20 nt=1399] KSP converged reason: 4, iterations: 1
  [a=15 b=20 nt=1397] KSP converged reason: 4, iterations: 1
  [a=15 b=20 nt=1397] KSP converged reason: 4, iterations: 1
  [a=15 b=20 nt=1401] KSP converged reason: 4, iterations: 1
  [a=15 b=20 nt=1400] KSP converged reason: 4, iterations: 1
  [a=15 b=20 nt=1401] KSP converged reason: 4, iterations: 1
  [a=15 b=20 nt=1399] KSP converged reason: 4, iterations: 1
  [a=15 b=20 nt=1398] KSP converged reason: 4, iterations: 1
  [3532] viol   f=   0.171  a=14.9 b=20.1 gap=19.6 (face=3.1mm) n=[139, 173, 207, 203, 164, 201, 54, 208, 51]  tape=0.170km B=9.98T unif=0.761% hoop=74MPa
  [3533] viol   f=  39.754  a=14.9 b=20.1 gap=19.5 (face=3.1mm) n=[139, 174, 207, 203, 161, 199, 54, 208, 52]  tape=0.170km B=9.70T unif=1.444% hoop=70MPa
  [3534] viol   f=   0.171  a=14.9 b=20.1 gap=19.6 (face=3.1mm) n=[139, 173, 208, 203, 163, 200, 54, 208, 51]  tape=0.170km B=9.98T unif=0.652% hoop=74MPa
  [3535] viol   f=   0.586  a=14.9 b=20.2 gap=19.6 (face=3.1mm) n=[140, 175, 205, 207, 160, 203, 56, 209, 51]  tape=0.171km B=9.93T unif=1.045% hoop=73MPa
  [3536] viol   f=   0.185  a=14.9 b=20.1 gap=19.6 (face=3.1mm) n=[139, 174, 206, 204, 162, 201, 55, 206, 50]  tape=0.169km B=9.91T unif=0.867% hoop=73MPa
  [3537] OK     f=   0.170  a=14.9 b=20.2 gap=19.6 (face=3.1mm) n=[139, 173, 208, 204, 164, 200, 52, 208, 50]  tape=0.170km B=10.01T unif=0.617% hoop=74MPa
  [3538] viol   f= 281.994  a=14.9 b=20.2 gap=19.6 (face=3.1mm) n=[139, 175, 204, 205, 165, 201, 54, 207, 50]  tape=0.170km B=9.08T unif=2.183% hoop=121MPa
  [3539] viol   f=   0.923  a=14.9 b=20.2 gap=19.6 (face=3.1mm) n=[140, 174, 208, 205, 161, 202, 54, 207, 50]  tape=0.170km B=10.00T unif=1.061% hoop=74MPa
  [3540] OK     f=   0.170  a=14.9 b=20.2 gap=19.6 (face=3.1mm) n=[139, 173, 207, 205, 165, 201, 52, 208, 51]  tape=0.170km B=10.00T unif=0.530% hoop=74MPa
  [3541] viol   f=   0.171  a=14.9 b=20.1 gap=19.6 (face=3.1mm) n=[139, 173, 208, 203, 164, 201, 53, 208, 50]  tape=0.170km B=9.98T unif=0.642% hoop=74MPa
  [3542] viol   f=   0.173  a=14.9 b=20.2 gap=19.6 (face=3.1mm) n=[139, 173, 206, 204, 166, 199, 54, 207, 50]  tape=0.170km B=9.96T unif=0.862% hoop=73MPa
  [a=15 b=20 nt=1399] KSP converged reason: 4, iterations: 1
  [a=15 b=20 nt=1397] KSP converged reason: 4, iterations: 1
  [a=15 b=20 nt=1396] KSP converged reason: 4, iterations: 1
  [a=15 b=20 nt=1400] KSP converged reason: 4, iterations: 1
  [a=15 b=20 nt=1400] KSP converged reason: 4, iterations: 1
  [a=15 b=20 nt=1394] KSP converged reason: 4, iterations: 1
  [a=15 b=20 nt=1400] KSP converged reason: 4, iterations: 1
  [a=15 b=20 nt=1402] KSP converged reason: 4, iterations: 1
  [a=15 b=20 nt=1405] KSP converged reason: 4, iterations: 1
  [a=15 b=20 nt=1399] KSP converged reason: 4, iterations: 1
  [a=15 b=20 nt=1398] KSP converged reason: 4, iterations: 1
  [3543] viol   f=   0.174  a=14.9 b=20.1 gap=19.6 (face=3.1mm) n=[139, 173, 208, 203, 162, 200, 52, 209, 50]  tape=0.170km B=9.95T unif=0.729% hoop=74MPa
  [3544] OK     f=   0.170  a=14.9 b=20.2 gap=19.6 (face=3.1mm) n=[140, 173, 209, 204, 163, 201, 51, 208, 50]  tape=0.170km B=10.01T unif=0.699% hoop=74MPa
  [3545] viol   f= 135.215  a=14.9 b=20.2 gap=19.6 (face=3.1mm) n=[139, 173, 207, 204, 163, 200, 51, 207, 50]  tape=0.169km B=9.54T unif=1.820% hoop=67MPa
  [3546] viol   f=   0.172  a=14.9 b=20.1 gap=19.6 (face=3.1mm) n=[140, 174, 208, 204, 161, 201, 51, 208, 53]  tape=0.170km B=9.97T unif=0.869% hoop=74MPa
  [3547] viol   f=   0.173  a=14.9 b=20.2 gap=19.6 (face=3.1mm) n=[139, 173, 207, 204, 165, 198, 52, 208, 51]  tape=0.170km B=9.96T unif=0.710% hoop=75MPa
  [3548] viol   f=   0.185  a=14.9 b=20.2 gap=19.6 (face=3.1mm) n=[139, 174, 207, 204, 164, 200, 55, 207, 50]  tape=0.170km B=9.91T unif=0.772% hoop=76MPa
  [3549] viol   f=   0.171  a=14.9 b=20.2 gap=19.6 (face=3.1mm) n=[139, 174, 206, 205, 165, 201, 54, 208, 50]  tape=0.170km B=9.98T unif=0.839% hoop=74MPa
  [3550] viol   f=   0.173  a=14.9 b=20.2 gap=19.6 (face=3.1mm) n=[139, 174, 208, 204, 163, 199, 54, 208, 51]  tape=0.170km B=9.96T unif=0.652% hoop=74MPa
  [3551] OK     f=   0.170  a=14.9 b=20.1 gap=19.6 (face=3.1mm) n=[139, 174, 207, 205, 165, 203, 53, 208, 51]  tape=0.170km B=10.01T unif=0.632% hoop=74MPa
  [3552] viol   f=   0.172  a=14.9 b=20.1 gap=19.6 (face=3.1mm) n=[139, 173, 208, 204, 162, 200, 54, 208, 51]  tape=0.170km B=9.97T unif=0.762% hoop=77MPa
  [3553] viol   f=   0.172  a=14.9 b=20.2 gap=19.6 (face=3.1mm) n=[139, 173, 207, 204, 164, 200, 52, 209, 50]  tape=0.170km B=9.97T unif=0.697% hoop=75MPa
  [a=15 b=20 nt=1395] KSP converged reason: 4, iterations: 1
  [a=15 b=20 nt=1405] KSP converged reason: 4, iterations: 1
  [a=15 b=20 nt=1399] KSP converged reason: 4, iterations: 1
  [a=15 b=20 nt=1398] KSP converged reason: 4, iterations: 1
  [a=15 b=20 nt=1397] KSP converged reason: 4, iterations: 1
  [a=15 b=20 nt=1400] KSP converged reason: 4, iterations: 1
  [a=15 b=20 nt=1404] KSP converged reason: 4, iterations: 1
  [a=15 b=20 nt=1400] KSP converged reason: 4, iterations: 1
  [a=15 b=20 nt=1403] KSP converged reason: 4, iterations: 1
  [a=15 b=20 nt=1401] KSP converged reason: 4, iterations: 1
  [a=15 b=20 nt=1403] KSP converged reason: 4, iterations: 1
  [3554] viol   f=  31.828  a=14.9 b=20.2 gap=19.6 (face=3.1mm) n=[139, 173, 207, 204, 165, 201, 51, 207, 50]  tape=0.170km B=9.65T unif=1.396% hoop=69MPa
  [3555] viol   f=  20.126  a=14.9 b=20.1 gap=19.6 (face=3.1mm) n=[140, 173, 209, 204, 164, 201, 53, 209, 52]  tape=0.171km B=9.74T unif=1.315% hoop=71MPa
  [3556] viol   f=   1.916  a=14.9 b=20.2 gap=19.6 (face=3.1mm) n=[140, 173, 210, 204, 160, 201, 53, 208, 50]  tape=0.171km B=9.79T unif=1.091% hoop=72MPa
  [3557] OK     f=   0.170  a=14.9 b=20.1 gap=19.6 (face=3.1mm) n=[140, 174, 208, 204, 163, 201, 52, 208, 50]  tape=0.170km B=10.04T unif=0.727% hoop=74MPa
  [3558] viol   f=   0.226  a=14.9 b=20.1 gap=19.6 (face=3.1mm) n=[139, 173, 207, 205, 162, 201, 53, 208, 50]  tape=0.170km B=9.83T unif=0.930% hoop=72MPa
  [3559] OK     f=   0.169  a=14.9 b=20.1 gap=19.6 (face=3.1mm) n=[139, 172, 207, 204, 163, 201, 52, 207, 50]  tape=0.169km B=10.05T unif=0.660% hoop=75MPa
  [3560] OK     f=   0.170  a=14.9 b=20.2 gap=19.6 (face=3.1mm) n=[139, 173, 206, 204, 166, 201, 53, 208, 50]  tape=0.170km B=10.00T unif=0.691% hoop=74MPa
  [3561] OK     f=   0.171  a=14.9 b=20.2 gap=19.6 (face=3.1mm) n=[140, 174, 207, 205, 165, 203, 52, 208, 50]  tape=0.171km B=10.03T unif=0.837% hoop=74MPa
  [3562] viol   f=  34.786  a=14.9 b=20.2 gap=19.6 (face=3.1mm) n=[140, 173, 209, 204, 163, 203, 51, 208, 52]  tape=0.171km B=9.71T unif=1.415% hoop=70MPa
  [3563] viol   f=   7.865  a=14.9 b=20.2 gap=19.6 (face=3.1mm) n=[140, 174, 210, 204, 163, 200, 51, 210, 51]  tape=0.171km B=9.72T unif=1.194% hoop=70MPa
  [3564] viol   f=   0.171  a=14.9 b=20.1 gap=19.6 (face=3.1mm) n=[139, 174, 207, 205, 163, 199, 54, 209, 51]  tape=0.171km B=10.00T unif=0.674% hoop=74MPa
  [a=15 b=20 nt=1398] KSP converged reason: 4, iterations: 1
  [a=15 b=20 nt=1401] KSP converged reason: 4, iterations: 1
  [a=15 b=20 nt=1401] KSP converged reason: 4, iterations: 1
  [a=15 b=20 nt=1395] KSP converged reason: 4, iterations: 1
  [a=15 b=20 nt=1399] KSP converged reason: 4, iterations: 1
  [a=15 b=20 nt=1399] KSP converged reason: 4, iterations: 1
  [a=15 b=20 nt=1400] KSP converged reason: 4, iterations: 1
  [a=15 b=20 nt=1401] KSP converged reason: 4, iterations: 1
  [a=15 b=20 nt=1398] KSP converged reason: 4, iterations: 1
  [a=15 b=20 nt=1395] KSP converged reason: 4, iterations: 1
  [a=15 b=20 nt=1395] KSP converged reason: 4, iterations: 1
  [3565] viol   f=   0.171  a=14.9 b=20.2 gap=19.6 (face=3.1mm) n=[139, 174, 206, 205, 166, 202, 52, 207, 50]  tape=0.170km B=9.98T unif=0.677% hoop=74MPa
  [3566] viol   f=   0.170  a=14.9 b=20.1 gap=19.6 (face=3.1mm) n=[139, 174, 207, 205, 165, 200, 52, 207, 50]  tape=0.170km B=9.99T unif=0.795% hoop=74MPa
  [3567] viol   f= 148.187  a=14.9 b=20.1 gap=19.6 (face=3.1mm) n=[140, 173, 208, 203, 163, 199, 51, 208, 50]  tape=0.170km B=9.67T unif=1.860% hoop=70MPa
  [3568] viol   f=  20.993  a=14.9 b=20.1 gap=19.6 (face=3.1mm) n=[139, 173, 207, 205, 161, 203, 51, 208, 51]  tape=0.170km B=9.70T unif=1.321% hoop=70MPa
  [3569] viol   f=   0.172  a=14.9 b=20.1 gap=19.5 (face=3.1mm) n=[139, 173, 207, 204, 164, 201, 54, 207, 50]  tape=0.169km B=9.97T unif=0.857% hoop=73MPa
  [3570] viol   f=  61.646  a=14.9 b=20.2 gap=19.6 (face=3.1mm) n=[139, 174, 207, 205, 166, 200, 54, 206, 50]  tape=0.170km B=9.57T unif=1.553% hoop=67MPa
  [3571] viol   f=  74.123  a=14.9 b=20.2 gap=19.6 (face=3.1mm) n=[139, 173, 205, 204, 168, 202, 51, 208, 50]  tape=0.170km B=9.64T unif=1.607% hoop=69MPa
  [3572] viol   f=   0.175  a=14.9 b=20.1 gap=19.6 (face=3.1mm) n=[139, 173, 206, 205, 165, 202, 54, 207, 50]  tape=0.170km B=9.95T unif=0.999% hoop=74MPa
  [3573] viol   f=  40.688  a=14.9 b=20.2 gap=19.6 (face=3.1mm) n=[139, 173, 207, 204, 166, 201, 51, 207, 50]  tape=0.170km B=9.65T unif=1.449% hoop=70MPa
  [3574] OK     f=   0.169  a=14.9 b=20.1 gap=19.6 (face=3.1mm) n=[139, 174, 204, 205, 163, 201, 52, 207, 50]  tape=0.169km B=10.05T unif=0.740% hoop=76MPa
  [3575] viol   f=  85.423  a=14.9 b=20.1 gap=19.6 (face=3.1mm) n=[139, 173, 207, 204, 163, 201, 51, 207, 50]  tape=0.169km B=9.65T unif=1.652% hoop=69MPa
  [a=15 b=20 nt=1399] KSP converged reason: 4, iterations: 1
  [a=15 b=20 nt=1402] KSP converged reason: 4, iterations: 1
  [a=15 b=20 nt=1399] KSP converged reason: 4, iterations: 1
  [a=15 b=20 nt=1397] KSP converged reason: 4, iterations: 1
  [a=15 b=20 nt=1402] KSP converged reason: 4, iterations: 1
  [a=15 b=20 nt=1399] KSP converged reason: 4, iterations: 1
  [a=15 b=20 nt=1394] KSP converged reason: 4, iterations: 1
  [a=15 b=20 nt=1397] KSP converged reason: 4, iterations: 1
  [a=15 b=20 nt=1398] KSP converged reason: 4, iterations: 1
  [a=15 b=20 nt=1395] KSP converged reason: 4, iterations: 1
  [a=15 b=20 nt=1398] KSP converged reason: 4, iterations: 1
  [3576] OK     f=   0.170  a=14.9 b=20.1 gap=19.6 (face=3.1mm) n=[140, 174, 207, 205, 164, 200, 52, 207, 50]  tape=0.170km B=10.04T unif=0.822% hoop=75MPa
  [3577] OK     f=   0.170  a=14.9 b=20.2 gap=19.6 (face=3.1mm) n=[139, 175, 206, 204, 164, 198, 53, 208, 50]  tape=0.170km B=10.03T unif=0.745% hoop=75MPa
  [3578] viol   f=   0.171  a=14.9 b=20.2 gap=19.6 (face=3.1mm) n=[140, 175, 207, 205, 162, 203, 53, 207, 50]  tape=0.170km B=9.98T unif=0.912% hoop=73MPa
  [3579] OK     f=   0.170  a=14.9 b=20.1 gap=19.6 (face=3.1mm) n=[139, 174, 205, 205, 164, 202, 52, 208, 50]  tape=0.170km B=10.02T unif=0.742% hoop=75MPa
  [3580] OK     f=   0.170  a=14.9 b=20.2 gap=19.6 (face=3.1mm) n=[140, 174, 207, 206, 163, 203, 52, 207, 50]  tape=0.170km B=10.03T unif=0.787% hoop=74MPa
  [3581] OK     f=   0.170  a=14.9 b=20.1 gap=19.6 (face=3.1mm) n=[139, 175, 206, 205, 163, 201, 52, 208, 50]  tape=0.170km B=10.01T unif=0.724% hoop=75MPa
  [3582] viol   f=   0.455  a=14.9 b=20.1 gap=19.6 (face=3.1mm) n=[139, 174, 205, 205, 161, 203, 51, 206, 50]  tape=0.169km B=9.92T unif=1.037% hoop=74MPa
  [3583] viol   f=   0.172  a=14.9 b=20.1 gap=19.6 (face=3.1mm) n=[139, 175, 204, 205, 165, 200, 53, 206, 50]  tape=0.169km B=9.96T unif=0.859% hoop=73MPa
  [3584] viol   f=   0.174  a=14.9 b=20.1 gap=19.6 (face=3.1mm) n=[139, 174, 205, 205, 165, 200, 52, 207, 51]  tape=0.170km B=9.95T unif=0.829% hoop=73MPa
  [3585] viol   f=  15.215  a=14.9 b=20.1 gap=19.6 (face=3.1mm) n=[139, 172, 208, 203, 162, 201, 51, 209, 50]  tape=0.170km B=9.64T unif=1.272% hoop=69MPa
  [3586] viol   f=  20.081  a=14.9 b=20.2 gap=19.6 (face=3.1mm) n=[139, 174, 207, 204, 165, 200, 51, 208, 50]  tape=0.170km B=9.66T unif=1.314% hoop=69MPa
  [a=15 b=20 nt=1400] KSP converged reason: 4, iterations: 1
  [a=15 b=20 nt=1398] KSP converged reason: 4, iterations: 1
  [a=15 b=20 nt=1392] KSP converged reason: 4, iterations: 1
  [a=15 b=20 nt=1394] KSP converged reason: 4, iterations: 1
  [a=15 b=20 nt=1401] KSP converged reason: 4, iterations: 1
  [a=15 b=20 nt=1399] KSP converged reason: 4, iterations: 1
  [a=15 b=20 nt=1396] KSP converged reason: 4, iterations: 1
  [a=15 b=20 nt=1398] KSP converged reason: 4, iterations: 1
  [a=15 b=20 nt=1399] KSP converged reason: 4, iterations: 1
  [a=15 b=20 nt=1398] KSP converged reason: 4, iterations: 1
  [a=15 b=20 nt=1398] KSP converged reason: 4, iterations: 1
  [3587] viol   f=   0.170  a=14.9 b=20.2 gap=19.6 (face=3.1mm) n=[139, 175, 206, 206, 165, 199, 52, 208, 50]  tape=0.170km B=9.99T unif=0.718% hoop=74MPa
  [3588] viol   f=   0.170  a=14.9 b=20.1 gap=19.6 (face=3.1mm) n=[139, 174, 204, 205, 161, 201, 52, 208, 50]  tape=0.170km B=10.00T unif=0.819% hoop=75MPa
  [3589] viol   f=  28.008  a=14.9 b=20.2 gap=19.6 (face=3.1mm) n=[139, 175, 204, 206, 163, 201, 53, 208, 52]  tape=0.170km B=9.70T unif=1.372% hoop=70MPa
  [3590] viol   f=  57.129  a=14.9 b=20.2 gap=19.6 (face=3.1mm) n=[139, 174, 205, 205, 165, 201, 51, 208, 50]  tape=0.170km B=9.66T unif=1.533% hoop=70MPa
  [3591] viol   f=  45.924  a=14.9 b=20.2 gap=19.6 (face=3.1mm) n=[139, 173, 206, 203, 167, 197, 50, 207, 50]  tape=0.169km B=9.75T unif=1.478% hoop=71MPa
  [3592] viol   f=   0.180  a=14.9 b=20.1 gap=19.6 (face=3.1mm) n=[139, 173, 206, 206, 161, 204, 52, 207, 51]  tape=0.169km B=9.93T unif=0.984% hoop=77MPa
  [3593] viol   f=  95.714  a=14.9 b=20.1 gap=19.6 (face=3.1mm) n=[139, 174, 205, 205, 165, 200, 51, 207, 50]  tape=0.169km B=9.66T unif=1.690% hoop=69MPa
  [3594] viol   f=   0.177  a=14.9 b=20.1 gap=19.6 (face=3.1mm) n=[139, 174, 204, 206, 166, 202, 52, 206, 50]  tape=0.169km B=9.94T unif=0.787% hoop=73MPa
  [3595] OK     f=   0.170  a=14.9 b=20.2 gap=19.6 (face=3.1mm) n=[139, 174, 206, 204, 164, 201, 52, 208, 50]  tape=0.170km B=10.02T unif=0.880% hoop=75MPa
  [3596] OK     f=   0.170  a=14.9 b=20.2 gap=19.6 (face=3.1mm) n=[139, 175, 205, 205, 163, 201, 52, 208, 50]  tape=0.170km B=10.01T unif=0.808% hoop=74MPa
  [3597] viol   f=   0.170  a=14.9 b=20.1 gap=19.6 (face=3.1mm) n=[139, 174, 205, 204, 164, 200, 52, 209, 51]  tape=0.170km B=9.99T unif=0.795% hoop=79MPa
  [a=15 b=20 nt=1395] KSP converged reason: 4, iterations: 1
  [a=15 b=20 nt=1396] KSP converged reason: 4, iterations: 1
  [a=15 b=20 nt=1401] KSP converged reason: 4, iterations: 1
  [a=15 b=20 nt=1399] KSP converged reason: 4, iterations: 1
  [a=15 b=20 nt=1397] KSP converged reason: 4, iterations: 1
  [a=15 b=20 nt=1401] KSP converged reason: 4, iterations: 1
  [a=15 b=20 nt=1399] KSP converged reason: 4, iterations: 1
  [a=15 b=20 nt=1392] KSP converged reason: 4, iterations: 1
  [a=15 b=20 nt=1399] KSP converged reason: 4, iterations: 1
  [a=15 b=20 nt=1399] KSP converged reason: 4, iterations: 1
  [a=15 b=20 nt=1402] KSP converged reason: 4, iterations: 1
  [3598] OK     f=   0.171  a=14.9 b=20.2 gap=19.6 (face=3.1mm) n=[139, 175, 205, 205, 164, 200, 54, 209, 50]  tape=0.171km B=10.02T unif=0.828% hoop=75MPa
  [3599] viol   f=  98.604  a=14.9 b=20.2 gap=19.6 (face=3.1mm) n=[139, 174, 205, 204, 164, 200, 51, 208, 50]  tape=0.170km B=9.63T unif=1.701% hoop=70MPa
  [3600] viol   f=   0.170  a=14.9 b=20.2 gap=19.6 (face=3.1mm) n=[139, 175, 205, 206, 163, 202, 53, 208, 50]  tape=0.170km B=9.99T unif=0.814% hoop=74MPa
  [3601] viol   f=   0.173  a=14.9 b=20.2 gap=19.6 (face=3.1mm) n=[139, 174, 206, 204, 165, 199, 54, 208, 50]  tape=0.170km B=9.96T unif=0.771% hoop=73MPa
  [3602] viol   f=  65.771  a=14.9 b=20.1 gap=19.6 (face=3.1mm) n=[139, 174, 205, 205, 161, 202, 51, 209, 51]  tape=0.170km B=9.68T unif=1.572% hoop=71MPa
  [3603] viol   f= 120.835  a=14.9 b=20.2 gap=19.6 (face=3.1mm) n=[139, 175, 203, 206, 163, 201, 51, 208, 50]  tape=0.170km B=9.64T unif=1.776% hoop=69MPa
  [3604] viol   f=   0.176  a=14.9 b=20.1 gap=19.6 (face=3.1mm) n=[139, 174, 204, 205, 163, 202, 54, 208, 50]  tape=0.170km B=9.94T unif=0.994% hoop=74MPa
  [3605] viol   f=  73.954  a=14.9 b=20.1 gap=19.6 (face=3.1mm) n=[139, 173, 207, 204, 161, 200, 50, 208, 50]  tape=0.169km B=9.61T unif=1.606% hoop=70MPa
  [3606] viol   f=   0.173  a=14.9 b=20.1 gap=19.6 (face=3.1mm) n=[139, 174, 205, 205, 163, 204, 52, 207, 50]  tape=0.170km B=9.96T unif=0.785% hoop=73MPa
  [3607] viol   f=  50.078  a=14.9 b=20.2 gap=19.6 (face=3.1mm) n=[139, 175, 205, 206, 164, 201, 51, 208, 50]  tape=0.170km B=9.65T unif=1.498% hoop=69MPa
  [3608] viol   f=  72.089  a=14.9 b=20.1 gap=19.6 (face=3.1mm) n=[139, 173, 206, 206, 162, 203, 53, 208, 52]  tape=0.170km B=9.68T unif=1.599% hoop=70MPa
  [a=15 b=20 nt=1402] KSP converged reason: 4, iterations: 1
  [a=15 b=20 nt=1401] KSP converged reason: 4, iterations: 1
  [a=15 b=20 nt=1403] KSP converged reason: 4, iterations: 1
  [a=15 b=20 nt=1400] KSP converged reason: 4, iterations: 1
  [a=15 b=20 nt=1403] KSP converged reason: 4, iterations: 1
  [a=15 b=20 nt=1403] KSP converged reason: 4, iterations: 1
  [a=15 b=20 nt=1397] KSP converged reason: 4, iterations: 1
  [a=15 b=20 nt=1404] KSP converged reason: 4, iterations: 1
  [a=15 b=20 nt=1400] KSP converged reason: 4, iterations: 1
  [a=15 b=20 nt=1401] KSP converged reason: 4, iterations: 1
  [a=15 b=20 nt=1403] KSP converged reason: 4, iterations: 1
  [3609] viol   f=   0.173  a=14.9 b=20.2 gap=19.6 (face=3.1mm) n=[139, 173, 206, 205, 165, 203, 54, 208, 50]  tape=0.171km B=9.96T unif=0.715% hoop=74MPa
  [3610] OK     f=   0.170  a=14.9 b=20.2 gap=19.6 (face=3.1mm) n=[139, 175, 204, 205, 164, 202, 53, 208, 50]  tape=0.170km B=10.01T unif=0.868% hoop=74MPa
  [3611] viol   f=   0.170  a=14.9 b=20.2 gap=19.6 (face=3.1mm) n=[139, 175, 204, 205, 167, 202, 54, 207, 50]  tape=0.170km B=9.99T unif=0.847% hoop=73MPa
  [3612] viol   f=   0.177  a=14.9 b=20.2 gap=19.6 (face=3.1mm) n=[139, 174, 204, 206, 165, 203, 53, 207, 50]  tape=0.170km B=9.94T unif=0.830% hoop=73MPa
  [3613] OK     f=   0.171  a=14.9 b=20.2 gap=19.6 (face=3.1mm) n=[139, 175, 205, 206, 165, 201, 53, 208, 50]  tape=0.171km B=10.01T unif=0.737% hoop=74MPa
  [3614] OK     f=   0.170  a=14.9 b=20.1 gap=19.6 (face=3.1mm) n=[139, 176, 204, 206, 163, 204, 53, 208, 50]  tape=0.170km B=10.02T unif=0.832% hoop=74MPa
  [3615] viol   f=   0.222  a=14.9 b=20.1 gap=19.6 (face=3.1mm) n=[139, 175, 205, 205, 162, 200, 53, 208, 50]  tape=0.170km B=9.84T unif=0.975% hoop=72MPa
  [3616] OK     f=   0.170  a=14.9 b=20.1 gap=19.6 (face=3.1mm) n=[139, 174, 204, 205, 165, 202, 53, 208, 50]  tape=0.170km B=10.02T unif=0.927% hoop=75MPa
  [3617] viol   f=   0.171  a=14.9 b=20.2 gap=19.6 (face=3.1mm) n=[139, 175, 204, 206, 165, 203, 54, 208, 50]  tape=0.171km B=9.99T unif=0.829% hoop=74MPa
  [3618] OK     f=   0.170  a=14.9 b=20.2 gap=19.6 (face=3.1mm) n=[139, 176, 204, 206, 163, 202, 53, 208, 50]  tape=0.170km B=10.03T unif=0.814% hoop=75MPa
  [3619] OK     f=   0.171  a=14.9 b=20.2 gap=19.6 (face=3.1mm) n=[139, 175, 205, 206, 162, 203, 53, 209, 51]  tape=0.171km B=10.02T unif=0.850% hoop=75MPa
  [a=15 b=20 nt=1401] KSP converged reason: 4, iterations: 1
  [a=15 b=20 nt=1403] KSP converged reason: 4, iterations: 1
  [a=15 b=20 nt=1396] KSP converged reason: 4, iterations: 1
  [a=15 b=20 nt=1409] KSP converged reason: 4, iterations: 1
  [a=15 b=20 nt=1404] KSP converged reason: 4, iterations: 1
  [a=15 b=20 nt=1401] KSP converged reason: 4, iterations: 1
  [a=15 b=20 nt=1403] KSP converged reason: 4, iterations: 1
  [a=15 b=20 nt=1401] KSP converged reason: 4, iterations: 1
  [a=15 b=20 nt=1400] KSP converged reason: 4, iterations: 1
  [a=15 b=20 nt=1401] KSP converged reason: 4, iterations: 1
  [a=15 b=20 nt=1404] KSP converged reason: 4, iterations: 1
  [3620] viol   f=   0.174  a=14.9 b=20.2 gap=19.6 (face=3.1mm) n=[139, 174, 205, 205, 165, 202, 54, 207, 50]  tape=0.170km B=9.96T unif=0.873% hoop=73MPa
  [3621] OK     f=   0.170  a=14.9 b=20.2 gap=19.6 (face=3.1mm) n=[140, 175, 206, 205, 161, 203, 53, 208, 50]  tape=0.170km B=10.03T unif=0.831% hoop=74MPa
  [3622] OK     f=   0.171  a=14.9 b=20.2 gap=19.6 (face=3.1mm) n=[139, 175, 204, 206, 165, 204, 52, 209, 50]  tape=0.171km B=10.01T unif=0.833% hoop=74MPa
  [3623] viol   f=   0.171  a=14.9 b=20.2 gap=19.6 (face=3.1mm) n=[139, 175, 203, 206, 167, 203, 53, 207, 50]  tape=0.170km B=9.98T unif=0.986% hoop=73MPa
  [3624] viol   f=  87.987  a=14.9 b=20.1 gap=19.6 (face=3.1mm) n=[139, 175, 203, 205, 163, 203, 51, 207, 50]  tape=0.169km B=9.67T unif=1.662% hoop=69MPa
  [3625] OK     f=   0.171  a=14.9 b=20.2 gap=19.6 (face=3.1mm) n=[140, 176, 204, 206, 165, 203, 57, 208, 50]  tape=0.171km B=10.04T unif=0.881% hoop=73MPa
  [3626] viol   f=   0.171  a=14.9 b=20.2 gap=19.6 (face=3.1mm) n=[139, 174, 204, 205, 169, 202, 52, 208, 50]  tape=0.170km B=9.98T unif=0.859% hoop=74MPa
  [3627] viol   f=   0.184  a=14.9 b=20.2 gap=19.5 (face=3.1mm) n=[139, 175, 203, 204, 167, 200, 55, 208, 50]  tape=0.170km B=9.92T unif=0.914% hoop=72MPa
  [3628] OK     f=   0.170  a=14.9 b=20.1 gap=19.5 (face=3.1mm) n=[139, 174, 204, 205, 163, 205, 52, 208, 50]  tape=0.170km B=10.02T unif=0.821% hoop=74MPa
  [3629] viol   f=   0.171  a=14.9 b=20.2 gap=19.6 (face=3.1mm) n=[139, 175, 204, 205, 166, 202, 52, 208, 50]  tape=0.171km B=9.98T unif=0.839% hoop=74MPa
  [3630] viol   f=   0.171  a=14.9 b=20.2 gap=19.6 (face=3.1mm) n=[139, 174, 204, 205, 166, 204, 53, 209, 50]  tape=0.171km B=10.00T unif=0.885% hoop=74MPa
  [a=15 b=20 nt=1400] KSP converged reason: 4, iterations: 1
  [a=15 b=20 nt=1394] KSP converged reason: 4, iterations: 1
  [a=15 b=20 nt=1400] KSP converged reason: 4, iterations: 1
  [a=15 b=20 nt=1407] KSP converged reason: 4, iterations: 1
  [a=15 b=20 nt=1397] KSP converged reason: 4, iterations: 1
  [a=15 b=20 nt=1400] KSP converged reason: 4, iterations: 1
  [a=15 b=20 nt=1400] KSP converged reason: 4, iterations: 1
  [a=15 b=20 nt=1400] KSP converged reason: 4, iterations: 1
  [a=15 b=20 nt=1402] KSP converged reason: 4, iterations: 1
  [a=15 b=20 nt=1400] KSP converged reason: 4, iterations: 1
  [a=15 b=20 nt=1404] KSP converged reason: 4, iterations: 1
  [3631] viol   f=   0.180  a=14.9 b=20.1 gap=19.6 (face=3.1mm) n=[139, 175, 204, 205, 162, 205, 53, 207, 50]  tape=0.170km B=9.93T unif=0.873% hoop=73MPa
  [3632] viol   f=  98.564  a=14.9 b=20.1 gap=19.6 (face=3.1mm) n=[139, 175, 202, 206, 161, 201, 53, 207, 50]  tape=0.169km B=9.83T unif=1.701% hoop=71MPa
  [3633] viol   f=   0.953  a=14.9 b=20.2 gap=19.6 (face=3.1mm) n=[140, 176, 203, 208, 163, 206, 54, 207, 50]  tape=0.171km B=10.02T unif=1.063% hoop=73MPa
  [3634] viol   f=   0.176  a=14.9 b=20.1 gap=19.6 (face=3.1mm) n=[139, 174, 205, 206, 162, 204, 53, 207, 50]  tape=0.169km B=9.94T unif=0.860% hoop=73MPa
  [3635] viol   f=   0.172  a=14.9 b=20.1 gap=19.6 (face=3.1mm) n=[139, 175, 204, 204, 160, 204, 53, 208, 50]  tape=0.170km B=9.97T unif=0.886% hoop=74MPa
  [3636] viol   f=  63.650  a=14.9 b=20.1 gap=19.6 (face=3.1mm) n=[139, 175, 204, 205, 163, 206, 51, 207, 50]  tape=0.170km B=9.65T unif=1.562% hoop=69MPa
  [3637] viol   f=   0.171  a=14.9 b=20.1 gap=19.5 (face=3.1mm) n=[139, 175, 205, 205, 164, 200, 53, 209, 50]  tape=0.170km B=9.98T unif=0.848% hoop=78MPa
  [3638] viol   f=  78.502  a=14.9 b=20.1 gap=19.6 (face=3.1mm) n=[139, 174, 204, 204, 166, 203, 51, 209, 50]  tape=0.170km B=9.64T unif=1.625% hoop=69MPa
  [3639] OK     f=   0.170  a=14.9 b=20.1 gap=19.6 (face=3.1mm) n=[139, 174, 205, 205, 166, 203, 52, 208, 50]  tape=0.170km B=10.01T unif=0.771% hoop=75MPa
  [3640] viol   f=   8.259  a=14.9 b=20.1 gap=19.6 (face=3.1mm) n=[139, 175, 202, 207, 161, 205, 53, 207, 51]  tape=0.169km B=9.95T unif=1.201% hoop=73MPa
  [3641] viol   f=   0.171  a=14.9 b=20.2 gap=19.6 (face=3.1mm) n=[139, 176, 203, 206, 163, 205, 54, 208, 50]  tape=0.171km B=9.98T unif=0.901% hoop=74MPa
  [a=15 b=20 nt=1402] KSP converged reason: 4, iterations: 1
  [a=15 b=20 nt=1405] KSP converged reason: 4, iterations: 1
  [a=15 b=20 nt=1398] KSP converged reason: 4, iterations: 1
  [a=15 b=20 nt=1398] KSP converged reason: 4, iterations: 1
  [a=15 b=20 nt=1402] KSP converged reason: 4, iterations: 1
  [a=15 b=20 nt=1401] KSP converged reason: 4, iterations: 1
  [a=15 b=20 nt=1405] KSP converged reason: 4, iterations: 1
  [a=15 b=20 nt=1398] KSP converged reason: 4, iterations: 1
  [a=15 b=20 nt=1403] KSP converged reason: 4, iterations: 1
  [a=15 b=20 nt=1403] KSP converged reason: 4, iterations: 1
  [a=15 b=20 nt=1406] KSP converged reason: 4, iterations: 1
  [3642] viol   f=   0.170  a=14.9 b=20.1 gap=19.6 (face=3.1mm) n=[140, 175, 204, 206, 166, 204, 53, 207, 50]  tape=0.170km B=9.99T unif=0.986% hoop=73MPa
  [3643] viol   f=   7.978  a=14.9 b=20.1 gap=19.6 (face=3.1mm) n=[140, 175, 204, 206, 161, 204, 54, 208, 50]  tape=0.170km B=9.97T unif=1.198% hoop=73MPa
  [3644] viol   f=   0.177  a=14.9 b=20.1 gap=19.6 (face=3.1mm) n=[139, 174, 203, 206, 163, 203, 53, 207, 50]  tape=0.169km B=9.94T unif=0.984% hoop=73MPa
  [3645] viol   f=   2.696  a=14.9 b=20.1 gap=19.5 (face=3.1mm) n=[140, 174, 205, 204, 165, 202, 53, 209, 50]  tape=0.171km B=9.99T unif=1.112% hoop=74MPa
  [3646] OK     f=   0.170  a=14.9 b=20.1 gap=19.5 (face=3.1mm) n=[139, 174, 206, 204, 164, 202, 52, 209, 51]  tape=0.170km B=10.04T unif=0.679% hoop=75MPa
  [3647] viol   f=  92.097  a=14.9 b=20.1 gap=19.5 (face=3.1mm) n=[139, 175, 204, 204, 164, 203, 51, 208, 50]  tape=0.170km B=9.65T unif=1.677% hoop=69MPa
  [3648] viol   f=   0.456  a=14.9 b=20.1 gap=19.5 (face=3.1mm) n=[139, 175, 202, 206, 166, 203, 54, 209, 51]  tape=0.171km B=10.02T unif=1.038% hoop=74MPa
  [3649] viol   f=   0.170  a=14.9 b=20.1 gap=19.6 (face=3.1mm) n=[139, 176, 202, 206, 166, 205, 52, 207, 50]  tape=0.170km B=9.99T unif=0.967% hoop=74MPa
  [3650] viol   f=   0.175  a=14.9 b=20.1 gap=19.6 (face=3.1mm) n=[139, 175, 204, 205, 160, 205, 53, 207, 50]  tape=0.169km B=9.94T unif=0.949% hoop=73MPa
  [3651] OK     f=   0.170  a=14.9 b=20.1 gap=19.6 (face=3.1mm) n=[139, 175, 204, 205, 167, 203, 52, 208, 50]  tape=0.170km B=10.05T unif=0.784% hoop=75MPa
  [3652] viol   f=   0.171  a=14.9 b=20.2 gap=19.6 (face=3.1mm) n=[139, 176, 202, 206, 167, 205, 54, 207, 50]  tape=0.170km B=9.98T unif=0.958% hoop=73MPa
  [a=15 b=20 nt=1400] KSP converged reason: 4, iterations: 1
  [a=15 b=20 nt=1401] KSP converged reason: 4, iterations: 1
  [a=15 b=20 nt=1403] KSP converged reason: 4, iterations: 1
  [a=15 b=20 nt=1402] KSP converged reason: 4, iterations: 1
  [a=15 b=20 nt=1403] KSP converged reason: 4, iterations: 1
  [a=15 b=20 nt=1403] KSP converged reason: 4, iterations: 1
  [a=15 b=20 nt=1402] KSP converged reason: 4, iterations: 1
  [a=15 b=20 nt=1403] KSP converged reason: 4, iterations: 1
  [a=15 b=20 nt=1399] KSP converged reason: 4, iterations: 1
  [a=15 b=20 nt=1404] KSP converged reason: 4, iterations: 1
  [a=15 b=20 nt=1403] KSP converged reason: 4, iterations: 1
  [3653] viol   f=   0.170  a=14.9 b=20.1 gap=19.5 (face=3.1mm) n=[139, 175, 204, 206, 163, 203, 53, 208, 51]  tape=0.170km B=9.99T unif=0.854% hoop=74MPa
  [3654] viol   f=  10.317  a=14.9 b=20.1 gap=19.6 (face=3.1mm) n=[139, 175, 204, 205, 170, 203, 50, 207, 50]  tape=0.170km B=9.73T unif=1.224% hoop=70MPa
  [3655] viol   f= 117.970  a=14.9 b=20.1 gap=19.6 (face=3.1mm) n=[139, 175, 203, 206, 167, 204, 50, 208, 51]  tape=0.170km B=9.64T unif=1.767% hoop=69MPa
  [3656] viol   f=   1.680  a=14.9 b=20.1 gap=19.6 (face=3.1mm) n=[140, 174, 205, 206, 166, 204, 52, 206, 50]  tape=0.170km B=9.99T unif=1.087% hoop=73MPa
  [3657] viol   f=  64.645  a=14.9 b=20.1 gap=19.6 (face=3.1mm) n=[139, 174, 205, 204, 165, 204, 51, 208, 50]  tape=0.170km B=9.66T unif=1.567% hoop=69MPa
  [3658] viol   f=   0.172  a=14.9 b=20.2 gap=19.6 (face=3.1mm) n=[139, 175, 204, 205, 167, 201, 53, 207, 50]  tape=0.170km B=9.97T unif=0.881% hoop=73MPa
  [3659] OK     f=   0.170  a=14.9 b=20.1 gap=19.6 (face=3.1mm) n=[139, 174, 205, 205, 166, 202, 53, 208, 50]  tape=0.170km B=10.03T unif=0.741% hoop=79MPa
  [3660] OK     f=   0.171  a=14.9 b=20.1 gap=19.5 (face=3.1mm) n=[140, 175, 207, 203, 166, 201, 52, 209, 50]  tape=0.171km B=10.03T unif=0.925% hoop=74MPa
  [3661] OK     f=   0.170  a=14.9 b=20.1 gap=19.6 (face=3.1mm) n=[139, 175, 204, 205, 164, 202, 52, 208, 50]  tape=0.170km B=10.04T unif=0.829% hoop=74MPa
  [3662] OK     f=   0.171  a=14.9 b=20.2 gap=19.6 (face=3.1mm) n=[139, 175, 204, 206, 166, 203, 53, 208, 50]  tape=0.171km B=10.03T unif=0.759% hoop=74MPa
  [3663] viol   f= 101.480  a=14.9 b=20.2 gap=19.6 (face=3.1mm) n=[140, 174, 207, 205, 166, 202, 51, 208, 50]  tape=0.170km B=9.69T unif=1.711% hoop=69MPa
  [a=15 b=20 nt=1396] KSP converged reason: 4, iterations: 1
  [a=15 b=20 nt=1401] KSP converged reason: 4, iterations: 1
  [a=15 b=20 nt=1400] KSP converged reason: 4, iterations: 1
  [a=15 b=20 nt=1398] KSP converged reason: 4, iterations: 1
  [a=15 b=20 nt=1403] KSP converged reason: 4, iterations: 1
  [a=15 b=20 nt=1401] KSP converged reason: 4, iterations: 1
  [a=15 b=20 nt=1407] KSP converged reason: 4, iterations: 1
  [a=15 b=20 nt=1399] KSP converged reason: 4, iterations: 1
  [a=15 b=20 nt=1402] KSP converged reason: 4, iterations: 1
  [a=15 b=20 nt=1399] KSP converged reason: 4, iterations: 1
  [a=15 b=20 nt=1402] KSP converged reason: 4, iterations: 1
  [3664] viol   f=   0.170  a=14.9 b=20.1 gap=19.6 (face=3.1mm) n=[139, 175, 204, 205, 165, 202, 52, 209, 50]  tape=0.170km B=10.00T unif=0.813% hoop=74MPa
  [3665] OK     f=   0.170  a=14.9 b=20.1 gap=19.6 (face=3.1mm) n=[139, 175, 204, 205, 166, 201, 53, 208, 50]  tape=0.170km B=10.01T unif=0.822% hoop=74MPa
  [3666] viol   f=  11.289  a=14.9 b=20.1 gap=19.6 (face=3.1mm) n=[139, 175, 205, 205, 164, 202, 51, 208, 51]  tape=0.170km B=9.70T unif=1.234% hoop=70MPa
  [3667] viol   f=  49.604  a=14.9 b=20.1 gap=19.6 (face=3.1mm) n=[139, 174, 205, 205, 162, 203, 51, 208, 51]  tape=0.170km B=9.72T unif=1.496% hoop=71MPa
  [3668] viol   f= 102.735  a=14.9 b=20.1 gap=19.5 (face=3.1mm) n=[139, 173, 205, 204, 165, 201, 51, 208, 50]  tape=0.169km B=9.65T unif=1.715% hoop=69MPa
  [3669] viol   f=   0.217  a=14.9 b=20.1 gap=19.6 (face=3.1mm) n=[139, 175, 203, 205, 164, 204, 54, 209, 50]  tape=0.171km B=10.01T unif=1.015% hoop=74MPa
  [3670] viol   f=84509.534  a=14.9 b=20.1 gap=19.6 (face=3.1mm) n=[140, 175, 205, 206, 162, 204, 53, 210, 52]  tape=0.171km B=5.39T unif=21.551% hoop=400MPa
  [3671] viol   f=   0.170  a=14.9 b=20.1 gap=19.6 (face=3.1mm) n=[139, 174, 204, 205, 164, 203, 52, 208, 50]  tape=0.170km B=10.00T unif=0.880% hoop=74MPa
  [3672] viol   f=   0.171  a=14.9 b=20.1 gap=19.5 (face=3.1mm) n=[139, 174, 204, 206, 164, 204, 53, 208, 50]  tape=0.170km B=9.98T unif=0.853% hoop=75MPa
  [3673] OK     f=   0.170  a=14.9 b=20.1 gap=19.6 (face=3.1mm) n=[140, 174, 206, 205, 166, 201, 52, 208, 50]  tape=0.170km B=10.04T unif=0.835% hoop=74MPa
  [3674] viol   f= 113.200  a=14.9 b=20.1 gap=19.6 (face=3.1mm) n=[139, 175, 203, 205, 167, 202, 51, 207, 50]  tape=0.170km B=9.67T unif=1.751% hoop=68MPa
  [a=15 b=20 nt=1400] KSP converged reason: 4, iterations: 1
  [a=15 b=20 nt=1406] KSP converged reason: 4, iterations: 1
  [a=15 b=20 nt=1399] KSP converged reason: 4, iterations: 1
  [a=15 b=20 nt=1397] KSP converged reason: 4, iterations: 1
  [a=15 b=20 nt=1403] KSP converged reason: 4, iterations: 1
  [a=15 b=20 nt=1403] KSP converged reason: 4, iterations: 1
  [a=15 b=20 nt=1402] KSP converged reason: 4, iterations: 1
  [a=15 b=20 nt=1399] KSP converged reason: 4, iterations: 1
  [a=15 b=20 nt=1404] KSP converged reason: 4, iterations: 1
  [a=15 b=20 nt=1404] KSP converged reason: 4, iterations: 1
  [a=15 b=20 nt=1400] KSP converged reason: 4, iterations: 1
  [3675] OK     f=   0.171  a=14.9 b=20.1 gap=19.5 (face=3.1mm) n=[140, 175, 206, 205, 165, 202, 53, 209, 51]  tape=0.171km B=10.06T unif=0.862% hoop=74MPa
  [3676] OK     f=   0.169  a=14.9 b=20.1 gap=19.6 (face=3.1mm) n=[139, 174, 205, 205, 165, 203, 52, 207, 50]  tape=0.169km B=10.05T unif=0.716% hoop=75MPa
  [3677] viol   f=   0.170  a=14.9 b=20.1 gap=19.6 (face=3.1mm) n=[140, 174, 207, 205, 165, 202, 52, 208, 50]  tape=0.170km B=10.00T unif=0.822% hoop=74MPa
  [3678] OK     f=   0.170  a=14.9 b=20.1 gap=19.6 (face=3.1mm) n=[139, 175, 203, 206, 165, 205, 52, 208, 50]  tape=0.170km B=10.02T unif=0.854% hoop=74MPa
  [3679] viol   f=   0.170  a=14.9 b=20.1 gap=19.6 (face=3.1mm) n=[139, 174, 205, 205, 161, 203, 52, 208, 50]  tape=0.170km B=9.98T unif=0.771% hoop=74MPa
  [3680] viol   f=  10.571  a=14.9 b=20.1 gap=19.5 (face=3.1mm) n=[139, 173, 204, 205, 163, 203, 54, 208, 50]  tape=0.170km B=9.95T unif=1.228% hoop=74MPa
  [3681] viol   f=   0.172  a=14.9 b=20.1 gap=19.6 (face=3.1mm) n=[139, 174, 204, 206, 166, 201, 53, 209, 50]  tape=0.171km B=9.97T unif=0.788% hoop=74MPa
  [3682] OK     f=   0.170  a=14.9 b=20.1 gap=19.6 (face=3.1mm) n=[140, 175, 205, 205, 166, 202, 53, 208, 50]  tape=0.170km B=10.06T unif=0.849% hoop=75MPa
  [3683] viol   f=   1.026  a=14.9 b=20.1 gap=19.5 (face=3.1mm) n=[139, 174, 204, 205, 163, 204, 52, 208, 50]  tape=0.170km B=9.97T unif=1.065% hoop=74MPa
  [3684] viol   f=   0.171  a=14.9 b=20.2 gap=19.6 (face=3.1mm) n=[139, 174, 205, 206, 166, 201, 53, 209, 51]  tape=0.171km B=10.00T unif=0.737% hoop=75MPa
  [3685] OK     f=   0.170  a=14.9 b=20.1 gap=19.6 (face=3.1mm) n=[139, 174, 204, 205, 166, 203, 52, 207, 50]  tape=0.170km B=10.07T unif=0.757% hoop=76MPa
  [a=15 b=20 nt=1400] KSP converged reason: 4, iterations: 1
  [a=15 b=20 nt=1401] KSP converged reason: 4, iterations: 1
  [a=15 b=20 nt=1399] KSP converged reason: 4, iterations: 1
  [a=15 b=20 nt=1403] KSP converged reason: 4, iterations: 1
  [a=15 b=20 nt=1402] KSP converged reason: 4, iterations: 1
  [a=15 b=20 nt=1400] KSP converged reason: 4, iterations: 1
  [a=15 b=20 nt=1401] KSP converged reason: 4, iterations: 1
  [a=15 b=20 nt=1403] KSP converged reason: 4, iterations: 1
  [a=15 b=20 nt=1403] KSP converged reason: 4, iterations: 1
  [a=15 b=20 nt=1402] KSP converged reason: 4, iterations: 1
  [a=15 b=20 nt=1402] KSP converged reason: 4, iterations: 1
  [3686] OK     f=   0.170  a=14.9 b=20.1 gap=19.6 (face=3.1mm) n=[139, 175, 204, 206, 164, 204, 52, 208, 50]  tape=0.170km B=10.05T unif=0.844% hoop=74MPa
  [3687] OK     f=   0.170  a=14.9 b=20.1 gap=19.6 (face=3.1mm) n=[140, 174, 206, 205, 164, 203, 52, 207, 50]  tape=0.170km B=10.08T unif=0.800% hoop=75MPa
  [3688] viol   f=   0.172  a=14.9 b=20.1 gap=19.6 (face=3.1mm) n=[139, 173, 206, 204, 166, 200, 52, 209, 51]  tape=0.170km B=9.97T unif=0.818% hoop=74MPa
  [3689] viol   f= 102.170  a=14.9 b=20.1 gap=19.6 (face=3.1mm) n=[139, 174, 204, 205, 166, 202, 50, 209, 50]  tape=0.170km B=9.64T unif=1.713% hoop=70MPa
  [3690] viol   f=  86.874  a=14.9 b=20.1 gap=19.6 (face=3.1mm) n=[139, 174, 204, 205, 166, 203, 51, 208, 50]  tape=0.170km B=9.66T unif=1.658% hoop=69MPa
  [3691] viol   f= 116.970  a=14.9 b=20.1 gap=19.6 (face=3.1mm) n=[140, 174, 206, 205, 164, 204, 51, 209, 50]  tape=0.170km B=9.67T unif=1.763% hoop=69MPa
  [3692] OK     f=   0.170  a=14.9 b=20.1 gap=19.5 (face=3.1mm) n=[139, 174, 203, 205, 166, 203, 53, 208, 50]  tape=0.170km B=10.02T unif=0.894% hoop=75MPa
  [3693] viol   f=   0.174  a=14.9 b=20.1 gap=19.6 (face=3.1mm) n=[139, 174, 204, 206, 165, 204, 54, 207, 50]  tape=0.170km B=9.95T unif=0.872% hoop=74MPa
  [3694] viol   f= 125.076  a=14.9 b=20.1 gap=19.6 (face=3.1mm) n=[139, 174, 204, 206, 163, 204, 52, 209, 52]  tape=0.170km B=9.65T unif=1.789% hoop=69MPa
  [3695] OK     f=   0.169  a=14.9 b=20.1 gap=19.6 (face=3.1mm) n=[139, 174, 204, 206, 164, 206, 52, 207, 50]  tape=0.169km B=10.02T unif=0.788% hoop=74MPa
  [3696] OK     f=   0.170  a=14.9 b=20.1 gap=19.6 (face=3.1mm) n=[139, 174, 204, 206, 164, 205, 52, 208, 50]  tape=0.170km B=10.01T unif=0.841% hoop=74MPa
[0]PETSC ERROR: ------------------------------------------------------------------------
[0]PETSC ERROR: Caught signal number 11 SEGV: Segmentation Violation, probably memory access out of range
[0]PETSC ERROR: Try option -start_in_debugger or -on_error_attach_debugger
[0]PETSC ERROR: [0]PETSC ERROR: or see https://petsc.org/release/faq/#valgrind and https://petsc.org/release/faq/
[0]PETSC ERROR: ------------------------------------------------------------------------
configure using --with-debugging=yes, recompile, link, and run 
[0]PETSC ERROR: [0]PETSC ERROR: to get more information on the crash.
Caught signal number 11 SEGV: Segmentation Violation, probably memory access out of range
[0]PETSC ERROR: [0]PETSC ERROR: Run with -malloc_debug to check if memory corruption is causing the crash.
Try option -start_in_debugger or -on_error_attach_debugger
[0]PETSC ERROR: or see https://petsc.org/release/faq/#valgrind and https://petsc.org/release/faq/
[0]PETSC ERROR: configure using --with-debugging=yes, recompile, link, and run 
[0]PETSC ERROR: to get more information on the crash.
[0]PETSC ERROR: Run with -malloc_debug to check if memory corruption is causing the crash.
[0]PETSC ERROR: ------------------------------------------------------------------------
[0]PETSC ERROR: Caught signal number 15 Terminate: Some process (or the batch system) has told this process to end
[0]PETSC ERROR: Try option -start_in_debugger or -on_error_attach_debugger
[0]PETSC ERROR: or see https://petsc.org/release/faq/#valgrind and https://petsc.org/release/faq/
[0]PETSC ERROR: configure using --with-debugging=yes, recompile, link, and run 
[0]PETSC ERROR: to get more information on the crash.
[0]PETSC ERROR: ------------------------------------------------------------------------
[0]PETSC ERROR: Caught signal number 11 SEGV: Segmentation Violation, probably memory access out of range
[0]PETSC ERROR: Try option -start_in_debugger or -on_error_attach_debugger
[0]PETSC ERROR: or see https://petsc.org/release/faq/#valgrind and https://petsc.org/release/faq/
[0]PETSC ERROR: configure using --with-debugging=yes, recompile, link, and run 
[0]PETSC ERROR: to get more information on the crash.
[0]PETSC ERROR: Run with -malloc_debug to check if memory corruption is causing the crash.
Abort(59) on node 0 (rank 0 in comm 0): application called MPI_Abort(MPI_COMM_WORLD, 59) - process 0
Abort(59) on node 0 (rank 0 in comm 0): application called MPI_Abort(MPI_COMM_WORLD, 59) - process 0
Abort(59) on node 0 (rank 0 in comm 0): application called MPI_Abort(MPI_COMM_WORLD, 59) - process 0
[0]PETSC ERROR: ------------------------------------------------------------------------
[0]PETSC ERROR: Caught signal number 15 Terminate: Some process (or the batch system) has told this process to end
[0]PETSC ERROR: Try option -start_in_debugger or -on_error_attach_debugger
[0]PETSC ERROR: or see https://petsc.org/release/faq/#valgrind and https://petsc.org/release/faq/
[0]PETSC ERROR: configure using --with-debugging=yes, recompile, link, and run 
Abort(59) on node 0 (rank 0 in comm 0): application called MPI_Abort(MPI_COMM_WORLD, 59) - process 0
[0]PETSC ERROR: to get more information on the crash.
Abort(59) on node 0 (rank 0 in comm 0): application called MPI_Abort(MPI_COMM_WORLD, 59) - process 0
[0]PETSC ERROR: ------------------------------------------------------------------------
[0]PETSC ERROR: Caught signal number 11 SEGV: Segmentation Violation, probably memory access out of range
[0]PETSC ERROR: Try option -start_in_debugger or -on_error_attach_debugger
[0]PETSC ERROR: or see https://petsc.org/release/faq/#valgrind and https://petsc.org/release/faq/
[0]PETSC ERROR: configure using --with-debugging=yes, recompile, link, and run 
[0]PETSC ERROR: to get more information on the crash.
[0]PETSC ERROR: Run with -malloc_debug to check if memory corruption is causing the crash.
Abort(59) on node 0 (rank 0 in comm 0): application called MPI_Abort(MPI_COMM_WORLD, 59) - process 0
[0]PETSC ERROR: ------------------------------------------------------------------------
[0]PETSC ERROR: Caught signal number 15 Terminate: Some process (or the batch system) has told this process to end
[0]PETSC ERROR: Try option -start_in_debugger or -on_error_attach_debugger
[0]PETSC ERROR: or see https://petsc.org/release/faq/#valgrind and https://petsc.org/release/faq/
[0]PETSC ERROR: configure using --with-debugging=yes, recompile, link, and run 
[0]PETSC ERROR: to get more information on the crash.
Abort(59) on node 0 (rank 0 in comm 0): application called MPI_Abort(MPI_COMM_WORLD, 59) - process 0
/home/gerrityjack/miniconda3/envs/fenicsx-env/lib/python3.11/multiprocessing/resource_tracker.py:254: UserWarning: resource_tracker: There appear to be 5 leaked semaphore objects to clean up at shutdown
  warnings.warn('resource_tracker: There appear to be %d '
