Starting CMA-ES: 8 variables, budget 2500 evaluations, target B >= 10.0 T, uniformity <= 0.8%, hoop <= 400 MPa, coil-coil face gap >= 3 mm

Parallel mode: 6 worker processes per generation.
  [   1] INFEAS f=1040.991  a=21.6 b=25.8 gap=21.6 (face=3.1mm) n=[183, 183, 178, 178, 400, 400, 50, 50, 266, 266]  no evaluation (geometry pre-check)
  [   2] INFEAS f=6384.005  a=23.2 b=29.4 gap=24.2 (face=8.5mm) n=[61, 61, 362, 362, 884, 884, 154, 154, 135, 135]  no evaluation (geometry pre-check)
  [   3] INFEAS f=1643.646  a=22.0 b=32.3 gap=21.5 (face=3.0mm) n=[91, 91, 286, 286, 60, 60, 24, 24, 547, 547]  no evaluation (geometry pre-check)
  [   4] INFEAS f=5305.817  a=21.9 b=31.0 gap=22.5 (face=5.0mm) n=[412, 412, 10, 10, 800, 800, 15, 15, 229, 229]  no evaluation (geometry pre-check)
  [   5] INFEAS f=4355.496  a=24.0 b=35.4 gap=22.1 (face=4.2mm) n=[169, 169, 806, 806, 481, 481, 208, 208, 63, 63]  no evaluation (geometry pre-check)
  [   6] INFEAS f=2698.333  a=22.8 b=32.0 gap=21.8 (face=3.6mm) n=[196, 196, 619, 619, 669, 669, 91, 91, 55, 55]  no evaluation (geometry pre-check)
  [   7] INFEAS f=1741.804  a=28.5 b=30.3 gap=21.5 (face=3.0mm) n=[652, 652, 387, 387, 674, 674, 95, 95, 388, 388]  no evaluation (geometry pre-check)
  [   8] INFEAS f=1528.878  a=24.5 b=29.3 gap=25.1 (face=10.2mm) n=[68, 68, 544, 544, 238, 238, 370, 370, 598, 598]  no evaluation (geometry pre-check)
  [   9] INFEAS f=1105.210  a=24.6 b=28.0 gap=21.9 (face=3.8mm) n=[20, 20, 120, 120, 7, 7, 240, 240, 445, 445]  no evaluation (geometry pre-check)
  [  10] INFEAS f=2131.118  a=24.1 b=26.4 gap=21.6 (face=3.2mm) n=[80, 80, 625, 625, 402, 402, 613, 613, 502, 502]  no evaluation (geometry pre-check)
  [  11] INFEAS f=1077.036  a=23.5 b=27.1 gap=21.8 (face=3.6mm) n=[236, 236, 12, 12, 300, 300, 127, 127, 238, 238]  no evaluation (geometry pre-check)
  [  12] INFEAS f=1036.632  a=21.6 b=33.1 gap=21.7 (face=3.3mm) n=[231, 231, 275, 275, 413, 413, 26, 26, 319, 319]  no evaluation (geometry pre-check)
  [  13] INFEAS f=2964.664  a=22.5 b=28.3 gap=21.5 (face=3.0mm) n=[173, 173, 185, 185, 124, 124, 105, 105, 679, 679]  no evaluation (geometry pre-check)
  [  14] INFEAS f=1747.385  a=25.5 b=26.1 gap=24.8 (face=9.6mm) n=[452, 452, 426, 426, 391, 391, 446, 446, 8, 8]  no evaluation (geometry pre-check)
  [  15] INFEAS f=1068.737  a=25.3 b=29.0 gap=22.6 (face=5.3mm) n=[369, 369, 77, 77, 37, 37, 198, 198, 126, 126]  no evaluation (geometry pre-check)
  [  16] INFEAS f=1000.913  a=23.3 b=28.1 gap=23.5 (face=7.0mm) n=[420, 420, 294, 294, 41, 41, 85, 85, 10, 10]  no evaluation (geometry pre-check)
  [  17] INFEAS f=2880.042  a=21.1 b=28.2 gap=23.6 (face=7.2mm) n=[139, 139, 346, 346, 218, 218, 228, 228, 637, 637]  no evaluation (geometry pre-check)
  [  18] INFEAS f=1926.369  a=22.6 b=22.8 gap=25.6 (face=11.2mm) n=[193, 193, 75, 75, 391, 391, 230, 230, 331, 331]  no evaluation (geometry pre-check)
  [  19] INFEAS f=2794.154  a=23.3 b=24.7 gap=21.6 (face=3.2mm) n=[138, 138, 648, 648, 455, 455, 393, 393, 289, 289]  no evaluation (geometry pre-check)
  [  20] INFEAS f=3718.957  a=26.2 b=23.0 gap=21.8 (face=3.6mm) n=[61, 61, 130, 130, 157, 157, 285, 285, 388, 388]  no evaluation (geometry pre-check)
  [a=26 b=31 nt=2176] KSP converged reason: 4, iterations: 1
  [a=24 b=30 nt=1476] KSP converged reason: 4, iterations: 1
  [a=24 b=34 nt=2466] KSP converged reason: 4, iterations: 1
  [a=26 b=31 nt=1184] KSP converged reason: 4, iterations: 1
  [  21] OK     f=   0.304  a=23.8 b=30.4 gap=21.9 (face=3.7mm) n=[395, 395, 66, 66, 113, 113, 6, 6, 158, 158]  tape=0.304km B=10.52T unif=2.326% hoop=109MPa
  [  22] INFEAS f=1077.971  a=23.0 b=29.2 gap=23.7 (face=7.3mm) n=[468, 468, 174, 174, 438, 438, 107, 107, 219, 219]  no evaluation (geometry pre-check)
  [  23] INFEAS f=1088.096  a=24.5 b=28.0 gap=22.0 (face=3.9mm) n=[169, 169, 19, 19, 106, 106, 237, 237, 241, 241]  no evaluation (geometry pre-check)
  [  24] OK     f=   0.512  a=24.3 b=33.5 gap=26.6 (face=13.2mm) n=[304, 304, 361, 361, 82, 82, 202, 202, 284, 284]  tape=0.512km B=11.13T unif=1.324% hoop=128MPa
  [  25] INFEAS f=1362.836  a=23.5 b=29.7 gap=22.6 (face=5.2mm) n=[547, 547, 104, 104, 336, 336, 109, 109, 434, 434]  no evaluation (geometry pre-check)
  [  26] INFEAS f=2819.601  a=24.1 b=24.5 gap=22.8 (face=5.7mm) n=[466, 466, 289, 289, 642, 642, 36, 36, 42, 42]  no evaluation (geometry pre-check)
  [  27] INFEAS f=1470.994  a=23.6 b=25.1 gap=21.7 (face=3.4mm) n=[438, 438, 25, 25, 61, 61, 52, 52, 133, 133]  no evaluation (geometry pre-check)
  [  28] OK     f=   0.476  a=25.6 b=31.4 gap=21.8 (face=3.7mm) n=[460, 460, 87, 87, 299, 299, 163, 163, 79, 79]  tape=0.476km B=13.37T unif=5.497% hoop=137MPa
  [  29] viol   f=  37.054  a=25.8 b=31.1 gap=23.9 (face=7.9mm) n=[58, 58, 230, 230, 55, 55, 146, 146, 103, 103]  tape=0.238km B=5.71T unif=3.165% hoop=99MPa
  [  30] INFEAS f=1001.222  a=20.7 b=33.1 gap=21.7 (face=3.4mm) n=[85, 85, 315, 315, 210, 210, 312, 312, 34, 34]  no evaluation (geometry pre-check)
  [a=22 b=31 nt=1224] KSP converged reason: 4, iterations: 1
  [a=24 b=31 nt=1622] KSP converged reason: 4, iterations: 1
  [a=22 b=31 nt=1300] KSP converged reason: 4, iterations: 1
  [a=24 b=31 nt=894] KSP converged reason: 4, iterations: 1
  [a=22 b=32 nt=1772] KSP converged reason: 4, iterations: 1
  [  31] INFEAS f=1057.023  a=26.7 b=32.2 gap=26.0 (face=12.0mm) n=[560, 560, 29, 29, 84, 84, 76, 76, 33, 33]  no evaluation (geometry pre-check)
  [  32] viol   f=   1.751  a=24.1 b=31.3 gap=22.5 (face=5.1mm) n=[151, 151, 272, 272, 224, 224, 105, 105, 59, 59]  tape=0.320km B=9.15T unif=0.714% hoop=120MPa
  [  33] INFEAS f=1477.970  a=23.8 b=25.4 gap=22.8 (face=5.6mm) n=[28, 28, 58, 58, 110, 110, 174, 174, 337, 337]  no evaluation (geometry pre-check)
  [  34] INFEAS f=1081.409  a=23.7 b=33.4 gap=21.5 (face=3.0mm) n=[490, 490, 345, 345, 65, 65, 344, 344, 152, 152]  no evaluation (geometry pre-check)
  [  35] INFEAS f=1866.800  a=26.6 b=30.5 gap=22.6 (face=5.1mm) n=[691, 691, 45, 45, 124, 124, 195, 195, 13, 13]  no evaluation (geometry pre-check)
  [  36] INFEAS f=1078.346  a=22.4 b=33.0 gap=21.9 (face=3.7mm) n=[204, 204, 64, 64, 156, 156, 452, 452, 103, 103]  no evaluation (geometry pre-check)
  [  37] viol   f=  33.155  a=23.8 b=30.6 gap=22.4 (face=4.8mm) n=[231, 231, 18, 18, 4, 4, 30, 30, 164, 164]  tape=0.168km B=5.94T unif=5.973% hoop=86MPa
  [  38] viol   f=  21.804  a=22.1 b=30.9 gap=22.1 (face=4.1mm) n=[40, 40, 276, 276, 61, 61, 149, 149, 86, 86]  tape=0.241km B=6.72T unif=3.599% hoop=96MPa
  [  39] viol   f=   2.203  a=21.7 b=32.0 gap=21.9 (face=3.8mm) n=[201, 201, 160, 160, 187, 187, 159, 159, 179, 179]  tape=0.324km B=9.03T unif=2.972% hoop=105MPa
  [  40] viol   f=   6.473  a=22.3 b=30.7 gap=23.4 (face=6.8mm) n=[240, 240, 165, 165, 57, 57, 68, 68, 120, 120]  tape=0.249km B=8.24T unif=4.847% hoop=100MPa
  [a=24 b=31 nt=1492] KSP converged reason: 4, iterations: 1
  [a=25 b=33 nt=1124] KSP converged reason: 4, iterations: 1
  [a=22 b=33 nt=1050] KSP converged reason: 4, iterations: 1
  [  41] INFEAS f=1023.960  a=23.0 b=27.3 gap=21.6 (face=3.2mm) n=[324, 324, 292, 292, 320, 320, 142, 142, 143, 143]  no evaluation (geometry pre-check)
  [  42] INFEAS f=1012.590  a=23.7 b=30.7 gap=21.9 (face=3.9mm) n=[454, 454, 282, 282, 173, 173, 190, 190, 78, 78]  no evaluation (geometry pre-check)
  [  43] viol   f=  39.649  a=24.4 b=31.4 gap=25.1 (face=10.3mm) n=[37, 37, 85, 85, 290, 290, 199, 199, 135, 135]  tape=0.302km B=5.56T unif=6.922% hoop=106MPa
  [  44] INFEAS f=1388.091  a=24.1 b=29.9 gap=21.5 (face=3.0mm) n=[568, 568, 66, 66, 187, 187, 34, 34, 116, 116]  no evaluation (geometry pre-check)
  [  45] INFEAS f=1000.088  a=21.3 b=28.5 gap=21.6 (face=3.2mm) n=[214, 214, 363, 363, 21, 21, 202, 202, 16, 16]  no evaluation (geometry pre-check)
  [  46] INFEAS f=2227.401  a=20.0 b=29.2 gap=23.0 (face=6.0mm) n=[132, 132, 39, 39, 232, 232, 195, 195, 554, 554]  no evaluation (geometry pre-check)
  [  47] viol   f=  49.987  a=24.6 b=33.3 gap=21.7 (face=3.4mm) n=[43, 43, 104, 104, 71, 71, 221, 221, 123, 123]  tape=0.233km B=5.01T unif=0.872% hoop=86MPa
  [  48] INFEAS f=1006.613  a=19.8 b=31.1 gap=21.6 (face=3.3mm) n=[26, 26, 22, 22, 67, 67, 270, 270, 173, 173]  no evaluation (geometry pre-check)
  [  49] INFEAS f=1442.360  a=22.0 b=32.4 gap=22.3 (face=4.6mm) n=[34, 34, 520, 520, 151, 151, 57, 57, 53, 53]  no evaluation (geometry pre-check)
  [  50] viol   f=  16.883  a=22.2 b=33.3 gap=22.2 (face=4.4mm) n=[187, 187, 192, 192, 121, 121, 18, 18, 7, 7]  tape=0.200km B=7.11T unif=3.329% hoop=97MPa
  [a=23 b=32 nt=1202] KSP converged reason: 4, iterations: 1
  [a=23 b=31 nt=2054] KSP converged reason: 4, iterations: 1
  [a=25 b=36 nt=2424] KSP converged reason: 4, iterations: 1
  [a=22 b=32 nt=1668] KSP converged reason: 4, iterations: 1
  [a=23 b=30 nt=1196] KSP converged reason: 4, iterations: 1
  [a=24 b=32 nt=852] KSP converged reason: 4, iterations: 1
  [a=26 b=34 nt=1934] KSP converged reason: 4, iterations: 1
  [a=24 b=31 nt=1040] KSP converged reason: 4, iterations: 1
  [a=24 b=33 nt=1366] KSP converged reason: 4, iterations: 1
  [  51] viol   f=  51.668  a=24.0 b=31.7 gap=21.9 (face=3.9mm) n=[28, 28, 189, 189, 121, 121, 5, 5, 83, 83]  tape=0.165km B=4.93T unif=1.172% hoop=88MPa
  [  52] viol   f=   2.682  a=23.0 b=32.0 gap=22.0 (face=4.0mm) n=[368, 368, 103, 103, 9, 9, 47, 47, 74, 74]  tape=0.249km B=8.90T unif=3.100% hoop=91MPa
  [  53] OK     f=   0.399  a=22.8 b=30.5 gap=24.7 (face=9.4mm) n=[229, 229, 219, 219, 313, 313, 140, 140, 126, 126]  tape=0.399km B=10.27T unif=0.820% hoop=129MPa
  [  54] INFEAS f=1003.723  a=22.5 b=33.6 gap=21.5 (face=3.0mm) n=[152, 152, 130, 130, 190, 190, 412, 412, 20, 20]  no evaluation (geometry pre-check)
  [  55] OK     f=   0.533  a=25.2 b=36.0 gap=21.8 (face=3.5mm) n=[285, 285, 174, 174, 154, 154, 259, 259, 340, 340]  tape=0.533km B=10.85T unif=1.378% hoop=158MPa
  [  56] viol   f=   0.324  a=22.0 b=32.5 gap=21.5 (face=3.0mm) n=[303, 303, 31, 31, 269, 269, 191, 191, 40, 40]  tape=0.324km B=10.00T unif=2.267% hoop=97MPa
  [  57] viol   f=  33.792  a=23.4 b=29.6 gap=21.6 (face=3.3mm) n=[108, 108, 136, 136, 28, 28, 274, 274, 52, 52]  tape=0.231km B=5.90T unif=0.679% hoop=105MPa
  [  58] viol   f=   0.445  a=26.4 b=33.6 gap=23.7 (face=7.5mm) n=[229, 229, 415, 415, 70, 70, 72, 72, 181, 181]  tape=0.440km B=9.95T unif=1.848% hoop=138MPa
  [  59] viol   f=  67.392  a=23.7 b=31.3 gap=30.8 (face=21.5mm) n=[89, 89, 90, 90, 313, 313, 15, 15, 13, 13]  tape=0.209km B=4.20T unif=5.571% hoop=92MPa
  [  60] viol   f=  18.017  a=24.4 b=32.7 gap=21.8 (face=3.5mm) n=[236, 236, 37, 37, 34, 34, 191, 191, 185, 185]  tape=0.270km B=7.02T unif=2.633% hoop=98MPa
  [a=23 b=35 nt=2438] KSP converged reason: 4, iterations: 1
  [a=24 b=34 nt=1678] KSP converged reason: 4, iterations: 1
  [a=23 b=30 nt=1468] KSP converged reason: 4, iterations: 1
  [a=22 b=32 nt=1968] KSP converged reason: 4, iterations: 1
  [a=25 b=31 nt=1962] KSP converged reason: 4, iterations: 1
  [a=25 b=30 nt=998] KSP converged reason: 4, iterations: 1
  [  61] viol   f=  51.120  a=24.8 b=29.9 gap=21.7 (face=3.5mm) n=[81, 81, 46, 46, 113, 113, 200, 200, 59, 59]  tape=0.192km B=4.95T unif=0.274% hoop=87MPa
  [  62] OK     f=   0.405  a=25.5 b=31.1 gap=23.9 (face=7.9mm) n=[345, 345, 125, 125, 269, 269, 152, 152, 90, 90]  tape=0.405km B=10.96T unif=4.716% hoop=125MPa
  [  63] viol   f=  33.735  a=23.6 b=34.3 gap=25.5 (face=11.0mm) n=[10, 10, 85, 85, 382, 382, 284, 284, 78, 78]  tape=0.359km B=5.91T unif=7.212% hoop=104MPa
  [  64] INFEAS f=1002.213  a=25.6 b=34.6 gap=22.4 (face=4.9mm) n=[109, 109, 145, 145, 492, 492, 99, 99, 88, 88]  no evaluation (geometry pre-check)
  [  65] viol   f=   1.374  a=22.9 b=29.9 gap=23.3 (face=6.7mm) n=[354, 354, 48, 48, 25, 25, 180, 180, 127, 127]  tape=0.291km B=9.26T unif=6.612% hoop=93MPa
  [  66] OK     f=   0.514  a=22.6 b=35.5 gap=21.8 (face=3.5mm) n=[62, 62, 374, 374, 288, 288, 339, 339, 156, 156]  tape=0.514km B=11.60T unif=2.694% hoop=136MPa
  [  67] INFEAS f=1012.196  a=19.1 b=29.5 gap=22.8 (face=5.6mm) n=[86, 86, 38, 38, 256, 256, 163, 163, 216, 216]  no evaluation (geometry pre-check)
  [  68] INFEAS f=1354.774  a=23.3 b=31.6 gap=21.8 (face=3.5mm) n=[194, 194, 82, 82, 540, 540, 180, 180, 373, 373]  no evaluation (geometry pre-check)
  [  69] viol   f=   0.582  a=21.5 b=31.7 gap=23.6 (face=7.2mm) n=[285, 285, 140, 140, 99, 99, 324, 324, 136, 136]  tape=0.386km B=9.69T unif=2.843% hoop=102MPa
  [  70] INFEAS f=1094.106  a=23.9 b=27.3 gap=21.9 (face=3.9mm) n=[267, 267, 97, 97, 160, 160, 205, 205, 73, 73]  no evaluation (geometry pre-check)
  [a=26 b=31 nt=2190] KSP converged reason: 4, iterations: 1
  [a=26 b=33 nt=2376] KSP converged reason: 4, iterations: 1
  [a=24 b=34 nt=1506] KSP converged reason: 4, iterations: 1
  [a=23 b=30 nt=1876] KSP converged reason: 4, iterations: 1
  [a=25 b=36 nt=1756] KSP converged reason: 4, iterations: 1
  [a=24 b=33 nt=1302] KSP converged reason: 4, iterations: 1
  [  71] INFEAS f=1001.250  a=23.3 b=31.1 gap=21.6 (face=3.2mm) n=[173, 173, 428, 428, 52, 52, 420, 420, 129, 129]  no evaluation (geometry pre-check)
  [  72] viol   f=  13.648  a=25.5 b=35.7 gap=25.2 (face=10.4mm) n=[146, 146, 120, 120, 217, 217, 286, 286, 109, 109]  tape=0.388km B=7.43T unif=0.472% hoop=126MPa
  [  73] viol   f=   0.353  a=23.8 b=34.0 gap=21.7 (face=3.4mm) n=[335, 335, 130, 130, 92, 92, 143, 143, 53, 53]  tape=0.329km B=9.89T unif=3.640% hoop=115MPa
  [  74] viol   f=  13.726  a=24.4 b=33.2 gap=27.8 (face=15.6mm) n=[231, 231, 210, 210, 112, 112, 80, 80, 18, 18]  tape=0.262km B=7.41T unif=0.543% hoop=113MPa
  [  75] INFEAS f=3371.320  a=22.0 b=34.6 gap=27.9 (face=15.9mm) n=[96, 96, 147, 147, 694, 694, 364, 364, 190, 190]  no evaluation (geometry pre-check)
  [  76] INFEAS f=1139.673  a=23.8 b=36.9 gap=24.3 (face=8.5mm) n=[9, 9, 264, 264, 510, 510, 145, 145, 144, 144]  no evaluation (geometry pre-check)
  [  77] OK     f=   0.349  a=23.1 b=30.2 gap=22.7 (face=5.4mm) n=[265, 265, 232, 232, 145, 145, 214, 214, 82, 82]  tape=0.349km B=10.85T unif=4.650% hoop=125MPa
  [  78] OK     f=   0.467  a=25.7 b=30.7 gap=25.1 (face=10.2mm) n=[212, 212, 439, 439, 290, 290, 62, 62, 92, 92]  tape=0.467km B=11.09T unif=5.927% hoop=142MPa
  [  79] INFEAS f=1584.810  a=21.7 b=30.1 gap=21.7 (face=3.3mm) n=[531, 531, 298, 298, 227, 227, 58, 58, 165, 165]  no evaluation (geometry pre-check)
  [  80] viol   f=   0.522  a=25.8 b=33.4 gap=21.8 (face=3.7mm) n=[242, 242, 21, 21, 256, 256, 421, 421, 248, 248]  tape=0.522km B=9.99T unif=1.332% hoop=146MPa
  [a=26 b=32 nt=2356] KSP converged reason: 4, iterations: 1
  [a=24 b=31 nt=1388] KSP converged reason: 4, iterations: 1
  [a=25 b=34 nt=1676] KSP converged reason: 4, iterations: 1
  [a=25 b=33 nt=1152] KSP converged reason: 4, iterations: 1
  [a=23 b=30 nt=1102] KSP converged reason: 4, iterations: 1
  [a=22 b=30 nt=814] KSP converged reason: 4, iterations: 1
  [a=23 b=31 nt=1300] KSP converged reason: 4, iterations: 1
  [  81] INFEAS f=1005.228  a=19.9 b=30.0 gap=25.7 (face=11.4mm) n=[124, 124, 60, 60, 187, 187, 24, 24, 192, 192]  no evaluation (geometry pre-check)
  [  82] viol   f=  17.333  a=23.0 b=30.0 gap=22.0 (face=3.9mm) n=[186, 186, 123, 123, 81, 81, 50, 50, 111, 111]  tape=0.205km B=7.07T unif=4.926% hoop=106MPa
  [  83] OK     f=   0.474  a=25.8 b=31.9 gap=22.6 (face=5.2mm) n=[271, 271, 282, 282, 133, 133, 320, 320, 172, 172]  tape=0.474km B=11.75T unif=2.661% hoop=155MPa
  [  84] INFEAS f=1016.143  a=25.1 b=29.4 gap=23.0 (face=6.0mm) n=[430, 430, 71, 71, 294, 294, 73, 73, 30, 30]  no evaluation (geometry pre-check)
  [  85] viol   f=  68.551  a=21.9 b=30.4 gap=21.6 (face=3.2mm) n=[4, 4, 155, 155, 6, 6, 183, 183, 59, 59]  tape=0.146km B=4.15T unif=4.358% hoop=72MPa
  [  86] viol   f=   1.589  a=25.4 b=33.6 gap=21.7 (face=3.5mm) n=[290, 290, 78, 78, 201, 201, 134, 134, 135, 135]  tape=0.359km B=9.22T unif=2.576% hoop=132MPa
  [  87] INFEAS f=1187.950  a=23.3 b=32.6 gap=25.4 (face=10.8mm) n=[116, 116, 509, 509, 351, 351, 64, 64, 104, 104]  no evaluation (geometry pre-check)
  [  88] viol   f=  15.753  a=24.5 b=32.6 gap=21.8 (face=3.5mm) n=[219, 219, 83, 83, 162, 162, 29, 29, 83, 83]  tape=0.233km B=7.21T unif=3.830% hoop=108MPa
  [  89] viol   f=   2.526  a=23.9 b=31.0 gap=21.5 (face=3.0mm) n=[286, 286, 5, 5, 276, 276, 57, 57, 70, 70]  tape=0.263km B=8.94T unif=2.953% hoop=105MPa
  [  90] viol   f=  31.337  a=22.7 b=30.7 gap=21.6 (face=3.1mm) n=[39, 39, 214, 214, 16, 16, 333, 333, 48, 48]  tape=0.253km B=6.06T unif=2.885% hoop=92MPa
  [a=25 b=35 nt=2670] KSP converged reason: 4, iterations: 1
  [a=26 b=32 nt=1780] KSP converged reason: 4, iterations: 1
  [a=24 b=35 nt=1782] KSP converged reason: 4, iterations: 1
  [a=24 b=32 nt=1286] KSP converged reason: 4, iterations: 1
  [a=25 b=32 nt=1146] KSP converged reason: 4, iterations: 1
  [a=24 b=30 nt=1300] KSP converged reason: 4, iterations: 1
  [  91] viol   f=  39.091  a=24.7 b=32.2 gap=22.8 (face=5.6mm) n=[113, 113, 137, 137, 24, 24, 237, 237, 62, 62]  tape=0.233km B=5.59T unif=0.322% hoop=104MPa
  [  92] viol   f=  35.217  a=24.0 b=31.9 gap=22.7 (face=5.4mm) n=[47, 47, 199, 199, 39, 39, 308, 308, 50, 50]  tape=0.262km B=5.82T unif=2.575% hoop=101MPa
  [  93] INFEAS f=1000.046  a=21.4 b=31.7 gap=22.5 (face=5.0mm) n=[86, 86, 20, 20, 81, 81, 47, 47, 122, 122]  no evaluation (geometry pre-check)
  [  94] viol   f=   2.294  a=24.5 b=34.7 gap=21.7 (face=3.4mm) n=[241, 241, 126, 126, 376, 376, 43, 43, 105, 105]  tape=0.397km B=9.03T unif=0.559% hoop=139MPa
  [  95] INFEAS f=1238.979  a=26.8 b=29.3 gap=21.6 (face=3.1mm) n=[185, 185, 159, 159, 282, 282, 88, 88, 240, 240]  no evaluation (geometry pre-check)
  [  96] viol   f=   2.125  a=23.8 b=30.0 gap=21.5 (face=3.0mm) n=[216, 216, 206, 206, 79, 79, 90, 90, 59, 59]  tape=0.243km B=9.03T unif=3.612% hoop=131MPa
  [  97] OK     f=   0.358  a=26.0 b=32.3 gap=22.3 (face=4.5mm) n=[379, 379, 421, 421, 84, 84, 3, 3, 3, 3]  tape=0.358km B=12.47T unif=3.906% hoop=140MPa
  [  98] INFEAS f=1096.106  a=27.8 b=31.3 gap=21.6 (face=3.1mm) n=[66, 66, 317, 317, 201, 201, 52, 52, 86, 86]  no evaluation (geometry pre-check)
  [  99] INFEAS f=1000.130  a=24.6 b=29.5 gap=21.6 (face=3.2mm) n=[179, 179, 24, 24, 72, 72, 228, 228, 53, 53]  no evaluation (geometry pre-check)
  [ 100] OK     f=   0.574  a=24.5 b=35.0 gap=21.6 (face=3.2mm) n=[421, 421, 288, 288, 127, 127, 431, 431, 68, 68]  tape=0.574km B=14.65T unif=1.171% hoop=164MPa
  [a=26 b=34 nt=2206] KSP converged reason: 4, iterations: 1
  [a=27 b=33 nt=1576] KSP converged reason: 4, iterations: 1
  [a=27 b=34 nt=1650] KSP converged reason: 4, iterations: 1
  [a=23 b=33 nt=1364] KSP converged reason: 4, iterations: 1
  [a=25 b=33 nt=990] KSP converged reason: 4, iterations: 1
  [ 101] OK     f=   0.494  a=26.2 b=34.0 gap=21.5 (face=3.1mm) n=[372, 372, 178, 178, 158, 158, 144, 144, 251, 251]  tape=0.494km B=11.98T unif=2.377% hoop=160MPa
  [ 102] viol   f=  12.873  a=23.2 b=33.1 gap=21.5 (face=3.1mm) n=[148, 148, 244, 244, 21, 21, 144, 144, 125, 125]  tape=0.275km B=7.49T unif=0.808% hoop=100MPa
  [ 103] viol   f=  10.596  a=27.2 b=33.6 gap=21.6 (face=3.2mm) n=[77, 77, 264, 264, 113, 113, 282, 282, 89, 89]  tape=0.351km B=7.74T unif=1.137% hoop=118MPa
  [ 104] INFEAS f=1297.780  a=25.8 b=33.0 gap=23.2 (face=6.5mm) n=[596, 596, 496, 496, 219, 219, 276, 276, 63, 63]  no evaluation (geometry pre-check)
  [ 105] OK     f=   0.336  a=27.0 b=32.6 gap=21.6 (face=3.2mm) n=[347, 347, 252, 252, 133, 133, 35, 35, 21, 21]  tape=0.336km B=10.82T unif=3.518% hoop=142MPa
  [ 106] INFEAS f=1004.300  a=27.0 b=31.7 gap=24.9 (face=9.8mm) n=[264, 264, 212, 212, 209, 209, 421, 421, 122, 122]  no evaluation (geometry pre-check)
  [ 107] INFEAS f=1728.229  a=25.2 b=35.1 gap=21.7 (face=3.5mm) n=[642, 642, 403, 403, 174, 174, 125, 125, 39, 39]  no evaluation (geometry pre-check)
  [ 108] INFEAS f=1119.675  a=25.7 b=31.7 gap=22.7 (face=5.3mm) n=[344, 344, 555, 555, 161, 161, 2, 2, 98, 98]  no evaluation (geometry pre-check)
  [ 109] viol   f=  22.407  a=24.5 b=32.8 gap=21.5 (face=3.0mm) n=[211, 211, 74, 74, 57, 57, 47, 47, 106, 106]  tape=0.203km B=6.67T unif=5.084% hoop=113MPa
  [ 110] INFEAS f=1598.158  a=22.4 b=33.6 gap=21.6 (face=3.2mm) n=[264, 264, 419, 419, 11, 11, 553, 553, 23, 23]  no evaluation (geometry pre-check)
  [a=27 b=34 nt=2102] KSP converged reason: 4, iterations: 1
  [a=27 b=34 nt=1542] KSP converged reason: 4, iterations: 1
  [a=25 b=35 nt=1350] KSP converged reason: 4, iterations: 1
  [a=26 b=35 nt=1854] KSP converged reason: 4, iterations: 1
  [ 111] viol   f=   0.597  a=26.9 b=33.8 gap=21.5 (face=3.0mm) n=[250, 250, 460, 460, 25, 25, 18, 18, 18, 18]  tape=0.340km B=9.64T unif=2.901% hoop=144MPa
  [ 112] OK     f=   0.486  a=27.1 b=33.5 gap=24.0 (face=8.1mm) n=[447, 447, 260, 260, 166, 166, 62, 62, 116, 116]  tape=0.486km B=12.94T unif=5.013% hoop=158MPa
  [ 113] OK     f=   0.405  a=26.0 b=35.3 gap=21.6 (face=3.2mm) n=[312, 312, 247, 247, 160, 160, 21, 21, 187, 187]  tape=0.405km B=10.94T unif=3.863% hoop=147MPa
  [ 114] INFEAS f=1005.689  a=25.5 b=30.1 gap=21.9 (face=3.8mm) n=[158, 158, 28, 28, 57, 57, 203, 203, 67, 67]  no evaluation (geometry pre-check)
  [ 115] INFEAS f=1039.536  a=26.2 b=30.7 gap=21.6 (face=3.2mm) n=[340, 340, 534, 534, 84, 84, 210, 210, 214, 214]  no evaluation (geometry pre-check)
  [ 116] INFEAS f=1497.924  a=25.6 b=31.5 gap=21.6 (face=3.1mm) n=[624, 624, 159, 159, 159, 159, 143, 143, 86, 86]  no evaluation (geometry pre-check)
  [ 117] INFEAS f=1051.361  a=26.3 b=35.3 gap=21.8 (face=3.5mm) n=[547, 547, 194, 194, 187, 187, 90, 90, 91, 91]  no evaluation (geometry pre-check)
  [ 118] viol   f=   2.034  a=25.1 b=34.6 gap=22.9 (face=5.7mm) n=[290, 290, 330, 330, 3, 3, 15, 15, 37, 37]  tape=0.277km B=9.06T unif=2.828% hoop=118MPa
  [ 119] INFEAS f=1114.982  a=23.8 b=33.5 gap=21.6 (face=3.1mm) n=[502, 502, 192, 192, 162, 162, 180, 180, 193, 193]  no evaluation (geometry pre-check)
  [ 120] INFEAS f=1314.583  a=28.8 b=31.0 gap=21.6 (face=3.2mm) n=[79, 79, 6, 6, 166, 166, 165, 165, 48, 48]  no evaluation (geometry pre-check)
  [a=29 b=37 nt=2310] KSP converged reason: 4, iterations: 1
  [a=25 b=36 nt=1938] KSP converged reason: 4, iterations: 1
  [a=25 b=36 nt=1924] KSP converged reason: 4, iterations: 1
  [a=28 b=35 nt=1960] KSP converged reason: 4, iterations: 1
  [a=25 b=31 nt=1708] KSP converged reason: 4, iterations: 1
  [a=28 b=34 nt=1222] KSP converged reason: 4, iterations: 1
  [ 121] OK     f=   0.431  a=27.5 b=35.0 gap=21.9 (face=3.9mm) n=[356, 356, 309, 309, 11, 11, 78, 78, 226, 226]  tape=0.431km B=11.55T unif=3.754% hoop=150MPa
  [ 122] INFEAS f=1034.034  a=25.1 b=38.2 gap=21.5 (face=3.1mm) n=[507, 507, 249, 249, 54, 54, 90, 90, 268, 268]  no evaluation (geometry pre-check)
  [ 123] viol   f=  33.271  a=27.9 b=34.5 gap=21.6 (face=3.2mm) n=[200, 200, 34, 34, 20, 20, 189, 189, 168, 168]  tape=0.254km B=5.94T unif=2.049% hoop=104MPa
  [ 124] INFEAS f=1061.953  a=24.4 b=32.5 gap=22.3 (face=4.5mm) n=[212, 212, 137, 137, 200, 200, 501, 501, 422, 422]  no evaluation (geometry pre-check)
  [ 125] OK     f=   0.336  a=25.0 b=31.1 gap=21.5 (face=3.1mm) n=[276, 276, 287, 287, 133, 133, 72, 72, 86, 86]  tape=0.336km B=11.08T unif=2.983% hoop=141MPa
  [ 126] OK     f=   0.449  a=24.9 b=36.3 gap=21.6 (face=3.2mm) n=[242, 242, 455, 455, 18, 18, 202, 202, 45, 45]  tape=0.449km B=10.89T unif=1.195% hoop=148MPa
  [ 127] INFEAS f=1716.115  a=27.0 b=33.4 gap=21.6 (face=3.2mm) n=[689, 689, 395, 395, 309, 309, 343, 343, 568, 568]  no evaluation (geometry pre-check)
  [ 128] OK     f=   0.459  a=25.2 b=35.7 gap=22.8 (face=5.6mm) n=[465, 465, 213, 213, 96, 96, 29, 29, 166, 166]  tape=0.459km B=12.09T unif=1.332% hoop=137MPa
  [ 129] OK     f=   0.591  a=28.6 b=37.3 gap=21.9 (face=3.9mm) n=[496, 496, 250, 250, 114, 114, 101, 101, 194, 194]  tape=0.591km B=13.41T unif=1.914% hoop=173MPa
  [ 130] INFEAS f=1000.514  a=29.1 b=34.0 gap=21.8 (face=3.5mm) n=[322, 322, 289, 289, 325, 325, 246, 246, 213, 213]  no evaluation (geometry pre-check)
  [a=27 b=36 nt=1956] KSP converged reason: 4, iterations: 1
  [a=26 b=34 nt=1906] KSP converged reason: 4, iterations: 1
  [a=24 b=31 nt=1748] KSP converged reason: 4, iterations: 1
  [a=26 b=33 nt=1776] KSP converged reason: 4, iterations: 1
  [a=27 b=35 nt=1600] KSP converged reason: 4, iterations: 1
  [a=25 b=32 nt=774] KSP converged reason: 4, iterations: 1
  [ 131] viol   f=  23.614  a=26.6 b=34.8 gap=21.5 (face=3.0mm) n=[153, 153, 105, 105, 42, 42, 376, 376, 124, 124]  tape=0.371km B=6.59T unif=2.022% hoop=119MPa
  [ 132] OK     f=   0.371  a=25.8 b=33.4 gap=21.5 (face=3.1mm) n=[332, 332, 344, 344, 79, 79, 46, 46, 87, 87]  tape=0.371km B=11.85T unif=3.403% hoop=144MPa
  [ 133] INFEAS f=1207.174  a=25.5 b=28.2 gap=21.5 (face=3.0mm) n=[145, 145, 339, 339, 77, 77, 119, 119, 45, 45]  no evaluation (geometry pre-check)
  [ 134] OK     f=   0.431  a=26.1 b=33.6 gap=21.5 (face=3.1mm) n=[479, 479, 14, 14, 152, 152, 39, 39, 269, 269]  tape=0.431km B=11.38T unif=4.748% hoop=116MPa
  [ 135] viol   f=  51.525  a=25.0 b=32.3 gap=21.8 (face=3.5mm) n=[125, 125, 132, 132, 23, 23, 57, 57, 50, 50]  tape=0.150km B=4.93T unif=3.361% hoop=97MPa
  [ 136] INFEAS f=1059.320  a=24.9 b=32.4 gap=21.5 (face=3.0mm) n=[512, 512, 307, 307, 75, 75, 30, 30, 38, 38]  no evaluation (geometry pre-check)
  [ 137] INFEAS f=1006.051  a=29.7 b=34.3 gap=23.1 (face=6.1mm) n=[475, 475, 482, 482, 111, 111, 57, 57, 99, 99]  no evaluation (geometry pre-check)
  [ 138] OK     f=   0.469  a=27.1 b=35.5 gap=21.7 (face=3.3mm) n=[485, 485, 257, 257, 99, 99, 115, 115, 22, 22]  tape=0.469km B=12.88T unif=2.457% hoop=156MPa
  [ 139] INFEAS f=1408.544  a=23.4 b=33.4 gap=21.5 (face=3.0mm) n=[551, 551, 59, 59, 39, 39, 31, 31, 200, 200]  no evaluation (geometry pre-check)
  [ 140] viol   f=   8.754  a=24.4 b=31.4 gap=22.1 (face=4.3mm) n=[148, 148, 222, 222, 90, 90, 375, 375, 39, 39]  tape=0.367km B=7.95T unif=0.552% hoop=128MPa
  [a=27 b=34 nt=1922] KSP converged reason: 4, iterations: 1
  [a=25 b=31 nt=1234] KSP converged reason: 4, iterations: 1
  [a=26 b=33 nt=1432] KSP converged reason: 4, iterations: 1
  [a=24 b=34 nt=1686] KSP converged reason: 4, iterations: 1
  [a=25 b=34 nt=1482] KSP converged reason: 4, iterations: 1
  [a=25 b=34 nt=1626] KSP converged reason: 4, iterations: 1
  [a=24 b=33 nt=1964] KSP converged reason: 4, iterations: 1
  [a=27 b=35 nt=1964] KSP converged reason: 4, iterations: 1
  [ 141] OK     f=   0.313  a=25.8 b=32.8 gap=21.7 (face=3.4mm) n=[387, 387, 175, 175, 63, 63, 19, 19, 72, 72]  tape=0.313km B=10.06T unif=2.685% hoop=118MPa
  [ 142] viol   f=   3.335  a=25.1 b=34.1 gap=23.5 (face=7.1mm) n=[175, 175, 252, 252, 193, 193, 106, 106, 87, 87]  tape=0.341km B=8.78T unif=1.031% hoop=123MPa
  [ 143] OK     f=   0.450  a=26.9 b=34.5 gap=21.7 (face=3.4mm) n=[496, 496, 265, 265, 8, 8, 89, 89, 103, 103]  tape=0.450km B=12.78T unif=3.240% hoop=145MPa
  [ 144] INFEAS f=1213.267  a=27.2 b=35.0 gap=23.0 (face=6.0mm) n=[617, 617, 249, 249, 166, 166, 65, 65, 305, 305]  no evaluation (geometry pre-check)
  [ 145] viol   f=   2.013  a=25.1 b=31.4 gap=21.5 (face=3.0mm) n=[367, 367, 75, 75, 119, 119, 22, 22, 34, 34]  tape=0.259km B=9.06T unif=2.453% hoop=104MPa
  [ 146] OK     f=   0.311  a=24.8 b=33.5 gap=21.5 (face=3.0mm) n=[334, 334, 256, 256, 58, 58, 78, 78, 15, 15]  tape=0.311km B=10.47T unif=4.367% hoop=127MPa
  [ 147] OK     f=   0.374  a=24.3 b=34.0 gap=21.5 (face=3.0mm) n=[350, 350, 136, 136, 83, 83, 113, 113, 161, 161]  tape=0.374km B=10.10T unif=3.107% hoop=116MPa
  [ 148] INFEAS f=1179.638  a=24.1 b=33.0 gap=22.9 (face=5.8mm) n=[528, 528, 254, 254, 95, 95, 42, 42, 134, 134]  no evaluation (geometry pre-check)
  [ 149] OK     f=   0.399  a=24.5 b=32.6 gap=21.5 (face=3.1mm) n=[363, 363, 367, 367, 109, 109, 45, 45, 98, 98]  tape=0.399km B=13.30T unif=4.356% hoop=138MPa
  [ 150] OK     f=   0.453  a=26.9 b=34.7 gap=22.1 (face=4.3mm) n=[417, 417, 285, 285, 95, 95, 92, 92, 93, 93]  tape=0.453km B=12.64T unif=4.546% hoop=155MPa
  [a=26 b=32 nt=2000] KSP converged reason: 4, iterations: 1
  [a=26 b=35 nt=1452] KSP converged reason: 4, iterations: 1
  [a=24 b=35 nt=1460] KSP converged reason: 4, iterations: 1
  [a=24 b=33 nt=1136] KSP converged reason: 4, iterations: 1
  [a=26 b=35 nt=1038] KSP converged reason: 4, iterations: 1
  [a=26 b=32 nt=1544] KSP converged reason: 4, iterations: 1
  [a=26 b=35 nt=1062] KSP converged reason: 4, iterations: 1
  [ 151] viol   f=   5.300  a=24.3 b=32.8 gap=21.5 (face=3.0mm) n=[333, 333, 76, 76, 48, 48, 104, 104, 7, 7]  tape=0.240km B=8.41T unif=3.773% hoop=102MPa
  [ 152] viol   f=   0.338  a=25.5 b=35.4 gap=21.6 (face=3.2mm) n=[387, 387, 176, 176, 38, 38, 80, 80, 45, 45]  tape=0.333km B=9.95T unif=3.680% hoop=120MPa
  [ 153] viol   f=   0.980  a=26.3 b=32.4 gap=21.6 (face=3.2mm) n=[295, 295, 173, 173, 74, 74, 188, 188, 42, 42]  tape=0.325km B=9.43T unif=3.811% hoop=127MPa
  [ 154] OK     f=   0.430  a=25.9 b=32.1 gap=21.9 (face=3.7mm) n=[420, 420, 310, 310, 136, 136, 22, 22, 112, 112]  tape=0.430km B=13.35T unif=3.269% hoop=151MPa
  [ 155] viol   f=  10.019  a=26.1 b=35.2 gap=21.5 (face=3.0mm) n=[352, 352, 53, 53, 29, 29, 73, 73, 12, 12]  tape=0.231km B=7.79T unif=5.773% hoop=102MPa
  [ 156] viol   f=   1.854  a=24.3 b=34.5 gap=21.5 (face=3.0mm) n=[222, 222, 374, 374, 48, 48, 74, 74, 12, 12]  tape=0.319km B=9.12T unif=0.653% hoop=129MPa
  [ 157] INFEAS f=1011.954  a=23.9 b=32.4 gap=21.6 (face=3.3mm) n=[459, 459, 341, 341, 7, 7, 67, 67, 37, 37]  no evaluation (geometry pre-check)
  [ 158] viol   f=  20.792  a=26.1 b=35.4 gap=21.5 (face=3.0mm) n=[174, 174, 140, 140, 79, 79, 60, 60, 78, 78]  tape=0.226km B=6.79T unif=3.431% hoop=131MPa
  [ 159] INFEAS f=1166.407  a=22.7 b=33.4 gap=21.6 (face=3.2mm) n=[488, 488, 71, 71, 146, 146, 48, 48, 101, 101]  no evaluation (geometry pre-check)
  [ 160] INFEAS f=1000.227  a=26.5 b=31.4 gap=22.2 (face=4.4mm) n=[370, 370, 327, 327, 133, 133, 48, 48, 166, 166]  no evaluation (geometry pre-check)
  [a=25 b=34 nt=2054] KSP converged reason: 4, iterations: 1
  [a=26 b=33 nt=1476] KSP converged reason: 4, iterations: 1
  [a=26 b=33 nt=1852] KSP converged reason: 4, iterations: 1
  [a=25 b=33 nt=1250] KSP converged reason: 4, iterations: 1
  [a=25 b=35 nt=1562] KSP converged reason: 4, iterations: 1
  [a=25 b=35 nt=1418] KSP converged reason: 4, iterations: 1
  [a=26 b=35 nt=1374] KSP converged reason: 4, iterations: 1
  [a=26 b=33 nt=1498] KSP converged reason: 4, iterations: 1
  [a=26 b=33 nt=1570] KSP converged reason: 4, iterations: 1
  [a=23 b=33 nt=1644] KSP converged reason: 4, iterations: 1
  [ 161] viol   f=   4.379  a=24.6 b=33.2 gap=21.5 (face=3.0mm) n=[323, 323, 157, 157, 3, 3, 54, 54, 88, 88]  tape=0.266km B=8.57T unif=4.407% hoop=104MPa
  [ 162] viol   f=  10.713  a=25.1 b=34.6 gap=21.6 (face=3.2mm) n=[242, 242, 122, 122, 63, 63, 167, 167, 115, 115]  tape=0.303km B=7.72T unif=3.393% hoop=112MPa
  [ 163] OK     f=   0.380  a=26.4 b=32.6 gap=21.5 (face=3.0mm) n=[331, 331, 351, 351, 176, 176, 7, 7, 61, 61]  tape=0.380km B=12.15T unif=3.111% hoop=151MPa
  [ 164] OK     f=   0.461  a=25.4 b=33.9 gap=21.5 (face=3.0mm) n=[391, 391, 251, 251, 83, 83, 148, 148, 154, 154]  tape=0.461km B=12.43T unif=2.392% hoop=148MPa
  [ 165] viol   f=   0.870  a=25.0 b=34.6 gap=21.5 (face=3.0mm) n=[306, 306, 166, 166, 55, 55, 168, 168, 86, 86]  tape=0.343km B=9.49T unif=3.761% hoop=121MPa
  [ 166] OK     f=   0.317  a=25.7 b=33.4 gap=21.5 (face=3.0mm) n=[389, 389, 244, 244, 26, 26, 12, 12, 67, 67]  tape=0.317km B=10.57T unif=2.846% hoop=126MPa
  [ 167] viol   f=   0.378  a=26.2 b=35.1 gap=21.5 (face=3.0mm) n=[399, 399, 110, 110, 73, 73, 85, 85, 20, 20]  tape=0.318km B=9.83T unif=3.917% hoop=121MPa
  [ 168] viol   f=   0.341  a=26.2 b=33.3 gap=21.5 (face=3.0mm) n=[359, 359, 163, 163, 22, 22, 148, 148, 57, 57]  tape=0.331km B=9.93T unif=3.557% hoop=125MPa
  [ 169] OK     f=   0.328  a=23.4 b=32.5 gap=21.5 (face=3.1mm) n=[300, 300, 260, 260, 61, 61, 165, 165, 36, 36]  tape=0.328km B=10.78T unif=3.640% hoop=123MPa
  [ 170] OK     f=   0.339  a=26.2 b=32.9 gap=21.5 (face=3.0mm) n=[375, 375, 242, 242, 19, 19, 47, 47, 102, 102]  tape=0.339km B=10.66T unif=2.881% hoop=128MPa
  [a=25 b=33 nt=2036] KSP converged reason: 4, iterations: 1
  [a=26 b=34 nt=1956] KSP converged reason: 4, iterations: 1
  [a=26 b=33 nt=1810] KSP converged reason: 4, iterations: 1
  [a=24 b=33 nt=1306] KSP converged reason: 4, iterations: 1
  [a=26 b=31 nt=1690] KSP converged reason: 4, iterations: 1
  [a=24 b=32 nt=1478] KSP converged reason: 4, iterations: 1
  [a=25 b=34 nt=2024] KSP converged reason: 4, iterations: 1
  [a=25 b=34 nt=2084] KSP converged reason: 4, iterations: 1
  [a=26 b=34 nt=1180] KSP converged reason: 4, iterations: 1
  [a=26 b=31 nt=1504] KSP converged reason: 4, iterations: 1
  [ 171] OK     f=   0.399  a=25.6 b=33.1 gap=21.5 (face=3.1mm) n=[418, 418, 244, 244, 67, 67, 163, 163, 13, 13]  tape=0.399km B=12.16T unif=2.130% hoop=140MPa
  [ 172] OK     f=   0.441  a=25.7 b=33.6 gap=21.5 (face=3.1mm) n=[431, 431, 276, 276, 103, 103, 72, 72, 96, 96]  tape=0.441km B=12.97T unif=1.420% hoop=151MPa
  [ 173] viol   f=   1.229  a=24.3 b=32.4 gap=21.6 (face=3.1mm) n=[341, 341, 111, 111, 16, 16, 149, 149, 122, 122]  tape=0.314km B=9.32T unif=3.078% hoop=106MPa
  [ 174] viol   f=   0.491  a=24.3 b=32.8 gap=21.5 (face=3.0mm) n=[376, 376, 112, 112, 58, 58, 65, 65, 42, 42]  tape=0.283km B=9.68T unif=3.672% hoop=109MPa
  [ 175] OK     f=   0.333  a=25.8 b=31.4 gap=21.7 (face=3.4mm) n=[360, 360, 349, 349, 73, 73, 50, 50, 13, 13]  tape=0.333km B=12.34T unif=5.839% hoop=138MPa
  [ 176] OK     f=   0.439  a=25.2 b=32.8 gap=21.5 (face=3.1mm) n=[429, 429, 337, 337, 78, 78, 78, 78, 96, 96]  tape=0.439km B=13.72T unif=1.667% hoop=148MPa
  [ 177] OK     f=   0.433  a=25.2 b=33.8 gap=21.7 (face=3.3mm) n=[460, 460, 388, 388, 75, 75, 14, 14, 75, 75]  tape=0.433km B=14.43T unif=9.406% hoop=142MPa
  [ 178] OK     f=   0.306  a=25.8 b=31.1 gap=21.5 (face=3.0mm) n=[279, 279, 204, 204, 77, 77, 121, 121, 71, 71]  tape=0.306km B=10.08T unif=4.536% hoop=141MPa
  [ 179] viol   f=   4.042  a=25.9 b=34.4 gap=21.5 (face=3.0mm) n=[373, 373, 118, 118, 35, 35, 29, 29, 35, 35]  tape=0.262km B=8.63T unif=4.404% hoop=105MPa
  [ 180] OK     f=   0.474  a=24.9 b=33.7 gap=21.5 (face=3.0mm) n=[443, 443, 188, 188, 101, 101, 242, 242, 68, 68]  tape=0.474km B=12.79T unif=1.928% hoop=140MPa
  [a=25 b=30 nt=2236] KSP converged reason: 4, iterations: 1
  [a=26 b=32 nt=1884] KSP converged reason: 4, iterations: 1
  [a=24 b=34 nt=2058] KSP converged reason: 4, iterations: 1
  [a=25 b=30 nt=1960] KSP converged reason: 4, iterations: 1
  [a=25 b=32 nt=1312] KSP converged reason: 4, iterations: 1
  [a=25 b=32 nt=1082] KSP converged reason: 4, iterations: 1
  [ 181] OK     f=   0.418  a=26.0 b=32.1 gap=21.7 (face=3.3mm) n=[454, 454, 200, 200, 61, 61, 204, 204, 23, 23]  tape=0.418km B=12.31T unif=3.044% hoop=136MPa
  [ 182] INFEAS f=1004.310  a=24.7 b=33.1 gap=22.1 (face=4.2mm) n=[334, 334, 473, 473, 63, 63, 129, 129, 6, 6]  no evaluation (geometry pre-check)
  [ 183] OK     f=   0.447  a=23.6 b=34.1 gap=21.7 (face=3.3mm) n=[416, 416, 328, 328, 88, 88, 138, 138, 59, 59]  tape=0.447km B=13.87T unif=4.891% hoop=139MPa
  [ 184] viol   f=  18.180  a=24.7 b=32.2 gap=21.6 (face=3.1mm) n=[186, 186, 197, 197, 35, 35, 45, 45, 78, 78]  tape=0.212km B=7.00T unif=3.281% hoop=113MPa
  [ 185] INFEAS f=1021.640  a=26.4 b=30.7 gap=21.8 (face=3.5mm) n=[397, 397, 148, 148, 88, 88, 169, 169, 37, 37]  no evaluation (geometry pre-check)
  [ 186] INFEAS f=1008.823  a=26.3 b=30.9 gap=21.7 (face=3.5mm) n=[403, 403, 258, 258, 41, 41, 16, 16, 51, 51]  no evaluation (geometry pre-check)
  [ 187] OK     f=   0.384  a=24.5 b=30.3 gap=21.5 (face=3.1mm) n=[288, 288, 325, 325, 176, 176, 66, 66, 125, 125]  tape=0.384km B=12.05T unif=2.983% hoop=146MPa
  [ 188] INFEAS f=1139.288  a=23.6 b=32.9 gap=21.5 (face=3.1mm) n=[197, 197, 505, 505, 93, 93, 108, 108, 47, 47]  no evaluation (geometry pre-check)
  [ 189] OK     f=   0.247  a=25.0 b=31.5 gap=21.6 (face=3.2mm) n=[324, 324, 304, 304, 15, 15, 2, 2, 11, 11]  tape=0.247km B=10.20T unif=4.902% hoop=118MPa
  [ 190] OK     f=   0.473  a=24.5 b=30.0 gap=21.5 (face=3.1mm) n=[165, 165, 436, 436, 259, 259, 143, 143, 115, 115]  tape=0.473km B=12.34T unif=6.169% hoop=147MPa
  [a=24 b=32 nt=1922] KSP converged reason: 4, iterations: 1
  [a=25 b=31 nt=2284] KSP converged reason: 4, iterations: 1
  [a=24 b=30 nt=1644] KSP converged reason: 4, iterations: 1
  [a=25 b=32 nt=1940] KSP converged reason: 4, iterations: 1
  [a=24 b=31 nt=1220] KSP converged reason: 4, iterations: 1
  [a=25 b=32 nt=1522] KSP converged reason: 4, iterations: 1
  [a=27 b=33 nt=1772] KSP converged reason: 4, iterations: 1
  [a=26 b=33 nt=1194] KSP converged reason: 4, iterations: 1
  [a=25 b=32 nt=1590] KSP converged reason: 4, iterations: 1
  [a=24 b=31 nt=1870] KSP converged reason: 4, iterations: 1
  [ 191] OK     f=   0.459  a=25.0 b=30.8 gap=21.8 (face=3.5mm) n=[377, 377, 386, 386, 160, 160, 130, 130, 89, 89]  tape=0.459km B=14.83T unif=7.863% hoop=150MPa
  [ 192] OK     f=   0.308  a=23.6 b=30.5 gap=21.9 (face=3.9mm) n=[350, 350, 341, 341, 61, 61, 68, 68, 2, 2]  tape=0.308km B=12.30T unif=8.045% hoop=119MPa
  [ 193] OK     f=   0.402  a=24.3 b=31.6 gap=21.5 (face=3.0mm) n=[420, 420, 306, 306, 109, 109, 96, 96, 30, 30]  tape=0.402km B=13.61T unif=10.550% hoop=142MPa
  [ 194] viol   f=   2.649  a=24.0 b=30.9 gap=21.6 (face=3.2mm) n=[295, 295, 137, 137, 79, 79, 20, 20, 79, 79]  tape=0.247km B=8.90T unif=4.239% hoop=113MPa
  [ 195] OK     f=   0.393  a=24.6 b=32.2 gap=21.5 (face=3.0mm) n=[341, 341, 329, 329, 121, 121, 48, 48, 131, 131]  tape=0.393km B=12.67T unif=4.207% hoop=138MPa
  [ 196] viol   f=   0.332  a=24.6 b=32.2 gap=21.5 (face=3.0mm) n=[287, 287, 215, 215, 86, 86, 151, 151, 22, 22]  tape=0.309km B=9.89T unif=3.765% hoop=124MPa
  [ 197] viol   f=   4.988  a=25.6 b=33.1 gap=21.7 (face=3.5mm) n=[276, 276, 202, 202, 61, 61, 31, 31, 27, 27]  tape=0.248km B=8.46T unif=5.559% hoop=119MPa
  [ 198] OK     f=   0.400  a=26.5 b=33.1 gap=21.5 (face=3.1mm) n=[424, 424, 210, 210, 27, 27, 148, 148, 77, 77]  tape=0.400km B=11.59T unif=2.153% hoop=135MPa
  [ 199] OK     f=   0.326  a=24.7 b=32.2 gap=21.6 (face=3.3mm) n=[348, 348, 283, 283, 44, 44, 69, 69, 51, 51]  tape=0.326km B=11.18T unif=3.107% hoop=128MPa
  [ 200] OK     f=   0.361  a=24.0 b=31.1 gap=21.5 (face=3.0mm) n=[255, 255, 215, 215, 162, 162, 173, 173, 130, 130]  tape=0.361km B=10.54T unif=3.174% hoop=131MPa
  [a=25 b=31 nt=1906] KSP converged reason: 4, iterations: 1
  [a=24 b=30 nt=1962] KSP converged reason: 4, iterations: 1
  [a=24 b=32 nt=1080] KSP converged reason: 4, iterations: 1
  [a=24 b=31 nt=1402] KSP converged reason: 4, iterations: 1
  [a=25 b=31 nt=1716] KSP converged reason: 4, iterations: 1
  [a=24 b=31 nt=1262] KSP converged reason: 4, iterations: 1
  [ 201] viol   f=   5.259  a=23.8 b=32.4 gap=21.6 (face=3.3mm) n=[314, 314, 190, 190, 2, 2, 17, 17, 17, 17]  tape=0.215km B=8.41T unif=4.955% hoop=101MPa
  [ 202] viol   f=   2.640  a=23.8 b=30.9 gap=21.6 (face=3.2mm) n=[255, 255, 260, 260, 31, 31, 4, 4, 81, 81]  tape=0.236km B=8.90T unif=4.228% hoop=111MPa
  [ 203] INFEAS f=1004.054  a=22.5 b=30.3 gap=22.0 (face=4.0mm) n=[412, 412, 343, 343, 171, 171, 10, 10, 49, 49]  no evaluation (geometry pre-check)
  [ 204] OK     f=   0.391  a=23.9 b=30.2 gap=22.2 (face=4.3mm) n=[329, 329, 407, 407, 123, 123, 32, 32, 90, 90]  tape=0.391km B=12.38T unif=1.877% hoop=138MPa
  [ 205] viol   f=   0.395  a=24.6 b=30.8 gap=21.6 (face=3.3mm) n=[295, 295, 164, 164, 10, 10, 241, 241, 148, 148]  tape=0.336km B=9.83T unif=3.813% hoop=115MPa
  [ 206] INFEAS f=1001.481  a=23.4 b=29.0 gap=21.5 (face=3.0mm) n=[207, 207, 431, 431, 26, 26, 30, 30, 54, 54]  no evaluation (geometry pre-check)
  [ 207] viol   f=   2.155  a=23.7 b=31.4 gap=21.6 (face=3.2mm) n=[303, 303, 151, 151, 24, 24, 210, 210, 13, 13]  tape=0.277km B=9.03T unif=3.284% hoop=104MPa
  [ 208] INFEAS f=1014.508  a=24.7 b=29.1 gap=22.7 (face=5.4mm) n=[168, 168, 246, 246, 145, 145, 12, 12, 72, 72]  no evaluation (geometry pre-check)
  [ 209] OK     f=   0.385  a=24.7 b=31.0 gap=21.5 (face=3.0mm) n=[426, 426, 350, 350, 95, 95, 10, 10, 72, 72]  tape=0.385km B=13.79T unif=9.281% hoop=139MPa
  [ 210] INFEAS f=1213.869  a=24.0 b=32.1 gap=21.5 (face=3.0mm) n=[532, 532, 312, 312, 81, 81, 11, 11, 23, 23]  no evaluation (geometry pre-check)
  [a=24 b=30 nt=1900] KSP converged reason: 4, iterations: 1
  [a=25 b=31 nt=2004] KSP converged reason: 4, iterations: 1
  [a=24 b=31 nt=1690] KSP converged reason: 4, iterations: 1
  [a=24 b=30 nt=1398] KSP converged reason: 4, iterations: 1
  [a=24 b=30 nt=1500] KSP converged reason: 4, iterations: 1
  [a=25 b=31 nt=1552] KSP converged reason: 4, iterations: 1
  [ 211] INFEAS f=1158.283  a=24.8 b=27.8 gap=22.1 (face=4.3mm) n=[316, 316, 353, 353, 268, 268, 22, 22, 196, 196]  no evaluation (geometry pre-check)
  [ 212] INFEAS f=1010.822  a=24.7 b=30.6 gap=21.8 (face=3.6mm) n=[479, 479, 323, 323, 74, 74, 163, 163, 67, 67]  no evaluation (geometry pre-check)
  [ 213] OK     f=   0.395  a=24.0 b=29.6 gap=21.5 (face=3.0mm) n=[427, 427, 233, 233, 73, 73, 105, 105, 112, 112]  tape=0.395km B=12.81T unif=5.705% hoop=133MPa
  [ 214] INFEAS f=1068.417  a=24.8 b=30.7 gap=21.7 (face=3.4mm) n=[513, 513, 316, 316, 71, 71, 77, 77, 112, 112]  no evaluation (geometry pre-check)
  [ 215] INFEAS f=1000.463  a=25.0 b=29.9 gap=22.0 (face=3.9mm) n=[337, 337, 344, 344, 23, 23, 76, 76, 66, 66]  no evaluation (geometry pre-check)
  [ 216] OK     f=   0.329  a=23.9 b=30.7 gap=21.5 (face=3.0mm) n=[298, 298, 346, 346, 14, 14, 138, 138, 49, 49]  tape=0.329km B=11.07T unif=2.273% hoop=131MPa
  [ 217] OK     f=   0.262  a=24.0 b=29.8 gap=22.0 (face=3.9mm) n=[325, 325, 280, 280, 56, 56, 29, 29, 9, 9]  tape=0.262km B=10.75T unif=8.472% hoop=116MPa
  [ 218] OK     f=   0.308  a=25.0 b=31.2 gap=21.5 (face=3.1mm) n=[305, 305, 272, 272, 43, 43, 89, 89, 67, 67]  tape=0.308km B=10.56T unif=4.838% hoop=127MPa
  [ 219] OK     f=   0.287  a=23.8 b=29.7 gap=21.5 (face=3.0mm) n=[292, 292, 229, 229, 104, 104, 115, 115, 10, 10]  tape=0.287km B=10.45T unif=5.979% hoop=122MPa
  [ 220] OK     f=   0.421  a=24.9 b=31.4 gap=21.6 (face=3.1mm) n=[430, 430, 299, 299, 59, 59, 186, 186, 28, 28]  tape=0.421km B=13.57T unif=8.242% hoop=147MPa
  [a=25 b=31 nt=2010] KSP converged reason: 4, iterations: 1
  [a=24 b=29 nt=1754] KSP converged reason: 4, iterations: 1
  [a=25 b=31 nt=1480] KSP converged reason: 4, iterations: 1
  [a=23 b=31 nt=1284] KSP converged reason: 4, iterations: 1
  [a=24 b=31 nt=1012] KSP converged reason: 4, iterations: 1
  [a=25 b=31 nt=1306] KSP converged reason: 4, iterations: 1
  [a=25 b=32 nt=1598] KSP converged reason: 4, iterations: 1
  [a=23 b=30 nt=1554] KSP converged reason: 4, iterations: 1
  [ 221] INFEAS f=1351.304  a=23.6 b=29.0 gap=21.6 (face=3.3mm) n=[548, 548, 311, 311, 49, 49, 216, 216, 76, 76]  no evaluation (geometry pre-check)
  [ 222] viol   f=  13.758  a=24.5 b=31.0 gap=22.0 (face=4.0mm) n=[291, 291, 57, 57, 31, 31, 72, 72, 55, 55]  tape=0.206km B=7.40T unif=5.078% hoop=97MPa
  [ 223] viol   f=   2.589  a=24.7 b=30.8 gap=21.7 (face=3.4mm) n=[223, 223, 253, 253, 96, 96, 78, 78, 3, 3]  tape=0.252km B=8.92T unif=2.677% hoop=129MPa
  [ 224] OK     f=   0.405  a=24.6 b=30.8 gap=21.5 (face=3.1mm) n=[448, 448, 379, 379, 78, 78, 48, 48, 52, 52]  tape=0.405km B=14.86T unif=9.484% hoop=139MPa
  [ 225] OK     f=   0.298  a=24.7 b=30.5 gap=21.5 (face=3.0mm) n=[345, 345, 206, 206, 26, 26, 148, 148, 15, 15]  tape=0.298km B=10.46T unif=4.028% hoop=121MPa
  [ 226] viol   f=   1.565  a=23.3 b=30.7 gap=21.6 (face=3.3mm) n=[313, 313, 101, 101, 147, 147, 38, 38, 43, 43]  tape=0.258km B=9.19T unif=4.010% hoop=104MPa
  [ 227] OK     f=   0.326  a=23.6 b=28.6 gap=21.8 (face=3.6mm) n=[307, 307, 336, 336, 29, 29, 74, 74, 131, 131]  tape=0.326km B=11.52T unif=5.445% hoop=124MPa
  [ 228] viol   f=   0.311  a=23.4 b=29.9 gap=22.1 (face=4.2mm) n=[222, 222, 206, 206, 201, 201, 85, 85, 63, 63]  tape=0.283km B=9.88T unif=4.217% hoop=127MPa
  [ 229] OK     f=   0.337  a=24.7 b=31.9 gap=21.8 (face=3.6mm) n=[457, 457, 247, 247, 16, 16, 35, 35, 44, 44]  tape=0.337km B=11.79T unif=4.066% hoop=123MPa
  [ 230] INFEAS f=1001.548  a=23.9 b=28.7 gap=21.7 (face=3.4mm) n=[378, 378, 383, 383, 167, 167, 40, 40, 80, 80]  no evaluation (geometry pre-check)
  [a=25 b=31 nt=1882] KSP converged reason: 4, iterations: 1
  [a=25 b=30 nt=1668] KSP converged reason: 4, iterations: 1
  [a=25 b=30 nt=1560] KSP converged reason: 4, iterations: 1
  [a=24 b=29 nt=1484] KSP converged reason: 4, iterations: 1
  [a=23 b=29 nt=1268] KSP converged reason: 4, iterations: 1
  [a=23 b=29 nt=1368] KSP converged reason: 4, iterations: 1
  [a=25 b=31 nt=1632] KSP converged reason: 4, iterations: 1
  [a=23 b=30 nt=922] KSP converged reason: 4, iterations: 1
  [a=23 b=29 nt=1112] KSP converged reason: 4, iterations: 1
  [ 231] OK     f=   0.294  a=23.6 b=29.5 gap=22.1 (face=4.3mm) n=[328, 328, 156, 156, 113, 113, 28, 28, 117, 117]  tape=0.294km B=10.16T unif=4.619% hoop=112MPa
  [ 232] OK     f=   0.388  a=24.6 b=30.6 gap=21.5 (face=3.1mm) n=[454, 454, 315, 315, 43, 43, 44, 44, 85, 85]  tape=0.388km B=13.33T unif=7.484% hoop=136MPa
  [ 233] INFEAS f=1013.387  a=24.2 b=30.1 gap=23.0 (face=5.9mm) n=[468, 468, 393, 393, 171, 171, 47, 47, 58, 58]  no evaluation (geometry pre-check)
  [ 234] OK     f=   0.335  a=24.9 b=30.3 gap=21.5 (face=3.0mm) n=[359, 359, 262, 262, 126, 126, 63, 63, 24, 24]  tape=0.335km B=11.96T unif=1.602% hoop=139MPa
  [ 235] viol   f=   0.827  a=23.3 b=28.7 gap=21.5 (face=3.1mm) n=[286, 286, 200, 200, 92, 92, 41, 41, 15, 15]  tape=0.236km B=9.46T unif=3.329% hoop=109MPa
  [ 236] OK     f=   0.296  a=24.6 b=30.2 gap=21.8 (face=3.5mm) n=[317, 317, 340, 340, 23, 23, 17, 17, 83, 83]  tape=0.296km B=11.01T unif=5.145% hoop=126MPa
  [ 237] viol   f=   0.276  a=22.9 b=28.9 gap=22.0 (face=4.1mm) n=[266, 266, 203, 203, 132, 132, 68, 68, 15, 15]  tape=0.252km B=9.89T unif=6.466% hoop=118MPa
  [ 238] viol   f=  12.562  a=23.5 b=29.3 gap=21.7 (face=3.4mm) n=[216, 216, 111, 111, 128, 128, 16, 16, 85, 85]  tape=0.207km B=7.51T unif=5.517% hoop=103MPa
  [ 239] viol   f=  15.675  a=23.2 b=30.3 gap=21.6 (face=3.1mm) n=[254, 254, 95, 95, 46, 46, 28, 28, 38, 38]  tape=0.179km B=7.22T unif=4.828% hoop=97MPa
  [ 240] OK     f=   0.346  a=24.7 b=31.4 gap=21.7 (face=3.4mm) n=[347, 347, 152, 152, 132, 132, 90, 90, 95, 95]  tape=0.346km B=10.57T unif=2.394% hoop=131MPa
  [a=23 b=28 nt=1840] KSP converged reason: 4, iterations: 1
  [a=24 b=29 nt=2088] KSP converged reason: 4, iterations: 1
  [a=23 b=29 nt=1954] KSP converged reason: 4, iterations: 1
  [a=24 b=30 nt=1630] KSP converged reason: 4, iterations: 1
  [a=24 b=30 nt=1526] KSP converged reason: 4, iterations: 1
  [a=22 b=30 nt=1304] KSP converged reason: 4, iterations: 1
  [a=24 b=29 nt=1494] KSP converged reason: 4, iterations: 1
  [a=24 b=29 nt=1418] KSP converged reason: 4, iterations: 1
  [ 241] OK     f=   0.396  a=23.6 b=29.0 gap=22.1 (face=4.2mm) n=[354, 354, 326, 326, 142, 142, 57, 57, 165, 165]  tape=0.396km B=13.74T unif=10.279% hoop=130MPa
  [ 242] viol   f=   6.948  a=23.9 b=29.9 gap=21.6 (face=3.3mm) n=[235, 235, 121, 121, 76, 76, 196, 196, 135, 135]  tape=0.288km B=8.18T unif=3.322% hoop=104MPa
  [ 243] viol   f=   3.376  a=22.4 b=29.6 gap=22.2 (face=4.4mm) n=[219, 219, 198, 198, 119, 119, 54, 54, 62, 62]  tape=0.237km B=8.75T unif=4.826% hoop=109MPa
  [ 244] OK     f=   0.314  a=24.4 b=30.1 gap=21.6 (face=3.1mm) n=[249, 249, 285, 285, 133, 133, 25, 25, 123, 123]  tape=0.314km B=10.05T unif=2.513% hoop=132MPa
  [ 245] OK     f=   0.371  a=23.1 b=29.1 gap=22.5 (face=5.1mm) n=[326, 326, 277, 277, 102, 102, 161, 161, 111, 111]  tape=0.371km B=12.37T unif=9.032% hoop=126MPa
  [ 246] INFEAS f=1006.409  a=22.7 b=27.3 gap=22.7 (face=5.5mm) n=[263, 263, 281, 281, 219, 219, 3, 3, 122, 122]  no evaluation (geometry pre-check)
  [ 247] OK     f=   0.359  a=23.0 b=28.1 gap=21.5 (face=3.0mm) n=[210, 210, 392, 392, 133, 133, 24, 24, 161, 161]  tape=0.359km B=10.67T unif=5.843% hoop=127MPa
  [ 248] OK     f=   0.285  a=23.7 b=28.9 gap=23.0 (face=5.9mm) n=[290, 290, 188, 188, 132, 132, 32, 32, 105, 105]  tape=0.285km B=10.01T unif=7.672% hoop=118MPa
  [ 249] viol   f=   0.921  a=24.0 b=29.1 gap=22.3 (face=4.6mm) n=[233, 233, 208, 208, 78, 78, 117, 117, 73, 73]  tape=0.263km B=9.43T unif=5.412% hoop=126MPa
  [ 250] INFEAS f=1000.075  a=23.3 b=28.2 gap=22.1 (face=4.2mm) n=[231, 231, 24, 24, 118, 118, 127, 127, 105, 105]  no evaluation (geometry pre-check)
  [a=23 b=28 nt=1942] KSP converged reason: 4, iterations: 1
  [a=23 b=29 nt=1502] KSP converged reason: 4, iterations: 1
  [a=24 b=30 nt=1650] KSP converged reason: 4, iterations: 1
  [a=25 b=30 nt=1628] KSP converged reason: 4, iterations: 1
  [a=23 b=29 nt=1650] KSP converged reason: 4, iterations: 1
  [a=24 b=29 nt=1390] KSP converged reason: 4, iterations: 1
  [ 251] OK     f=   0.293  a=22.9 b=29.1 gap=22.1 (face=4.2mm) n=[330, 330, 195, 195, 79, 79, 65, 65, 82, 82]  tape=0.293km B=10.92T unif=5.857% hoop=118MPa
  [ 252] viol   f=   0.338  a=23.3 b=29.3 gap=23.8 (face=7.6mm) n=[244, 244, 321, 321, 87, 87, 2, 2, 171, 171]  tape=0.312km B=9.88T unif=1.030% hoop=123MPa
  [ 253] INFEAS f=1004.063  a=24.0 b=28.7 gap=21.7 (face=3.3mm) n=[227, 227, 214, 214, 154, 154, 11, 11, 43, 43]  no evaluation (geometry pre-check)
  [ 254] INFEAS f=1008.528  a=23.5 b=28.0 gap=22.2 (face=4.3mm) n=[205, 205, 303, 303, 122, 122, 51, 51, 119, 119]  no evaluation (geometry pre-check)
  [ 255] OK     f=   0.311  a=24.6 b=30.1 gap=22.3 (face=4.6mm) n=[305, 305, 319, 319, 109, 109, 43, 43, 38, 38]  tape=0.311km B=11.12T unif=4.520% hoop=128MPa
  [ 256] viol   f=   1.093  a=23.6 b=29.2 gap=22.9 (face=5.8mm) n=[290, 290, 183, 183, 47, 47, 32, 32, 143, 143]  tape=0.266km B=9.36T unif=7.036% hoop=109MPa
  [ 257] INFEAS f=1004.150  a=24.4 b=29.0 gap=22.4 (face=4.7mm) n=[389, 389, 231, 231, 27, 27, 101, 101, 201, 201]  no evaluation (geometry pre-check)
  [ 258] OK     f=   0.321  a=23.9 b=30.5 gap=22.1 (face=4.3mm) n=[344, 344, 301, 301, 80, 80, 45, 45, 55, 55]  tape=0.321km B=11.96T unif=8.161% hoop=124MPa
  [ 259] INFEAS f=1049.383  a=24.4 b=28.3 gap=21.7 (face=3.3mm) n=[241, 241, 233, 233, 111, 111, 99, 99, 85, 85]  no evaluation (geometry pre-check)
  [ 260] OK     f=   0.378  a=22.8 b=28.5 gap=21.7 (face=3.3mm) n=[200, 200, 349, 349, 159, 159, 131, 131, 132, 132]  tape=0.378km B=11.10T unif=2.493% hoop=127MPa
  [a=24 b=30 nt=1422] KSP converged reason: 4, iterations: 1
  [a=24 b=30 nt=1742] KSP converged reason: 4, iterations: 1
  [a=24 b=30 nt=1616] KSP converged reason: 4, iterations: 1
  [a=23 b=30 nt=1324] KSP converged reason: 4, iterations: 1
  [a=23 b=30 nt=1550] KSP converged reason: 4, iterations: 1
  [a=24 b=29 nt=1380] KSP converged reason: 4, iterations: 1
  [a=23 b=29 nt=1610] KSP converged reason: 4, iterations: 1
  [a=23 b=29 nt=1536] KSP converged reason: 4, iterations: 1
  [a=23 b=29 nt=1518] KSP converged reason: 4, iterations: 1
  [ 261] OK     f=   0.282  a=23.7 b=30.3 gap=22.8 (face=5.6mm) n=[355, 355, 223, 223, 35, 35, 50, 50, 48, 48]  tape=0.282km B=10.44T unif=9.205% hoop=110MPa
  [ 262] viol   f=   0.444  a=24.2 b=29.4 gap=21.9 (face=3.7mm) n=[285, 285, 160, 160, 92, 92, 37, 37, 116, 116]  tape=0.270km B=9.70T unif=6.662% hoop=122MPa
  [ 263] OK     f=   0.342  a=24.4 b=29.8 gap=22.4 (face=4.9mm) n=[348, 348, 289, 289, 97, 97, 63, 63, 74, 74]  tape=0.342km B=12.44T unif=9.872% hoop=137MPa
  [ 264] OK     f=   0.309  a=24.3 b=30.0 gap=22.2 (face=4.5mm) n=[315, 315, 289, 289, 86, 86, 25, 25, 93, 93]  tape=0.309km B=11.45T unif=6.783% hoop=127MPa
  [ 265] OK     f=   0.294  a=22.9 b=29.8 gap=21.8 (face=3.5mm) n=[249, 249, 309, 309, 130, 130, 79, 79, 8, 8]  tape=0.294km B=10.22T unif=1.970% hoop=126MPa
  [ 266] OK     f=   0.254  a=23.2 b=30.2 gap=22.2 (face=4.4mm) n=[323, 323, 224, 224, 75, 75, 37, 37, 3, 3]  tape=0.254km B=10.17T unif=7.584% hoop=112MPa
  [ 267] OK     f=   0.304  a=23.4 b=29.2 gap=22.3 (face=4.6mm) n=[260, 260, 305, 305, 61, 61, 58, 58, 121, 121]  tape=0.304km B=10.11T unif=2.619% hoop=123MPa
  [ 268] OK     f=   0.282  a=23.3 b=28.9 gap=22.9 (face=5.7mm) n=[266, 266, 231, 231, 159, 159, 37, 37, 75, 75]  tape=0.282km B=10.02T unif=5.665% hoop=116MPa
  [ 269] INFEAS f=1000.006  a=24.5 b=29.5 gap=21.7 (face=3.4mm) n=[345, 345, 235, 235, 127, 127, 38, 38, 137, 137]  no evaluation (geometry pre-check)
  [ 270] OK     f=   0.275  a=22.9 b=29.3 gap=23.0 (face=5.9mm) n=[262, 262, 267, 267, 92, 92, 10, 10, 128, 128]  tape=0.275km B=10.09T unif=4.236% hoop=115MPa
  [a=23 b=30 nt=1436] KSP converged reason: 4, iterations: 1
  [a=23 b=30 nt=1814] KSP converged reason: 4, iterations: 1
  [a=23 b=31 nt=1380] KSP converged reason: 4, iterations: 1
  [a=24 b=29 nt=1900] KSP converged reason: 4, iterations: 1
  [a=24 b=30 nt=1436] KSP converged reason: 4, iterations: 1
  [a=24 b=30 nt=1120] KSP converged reason: 4, iterations: 1
  [a=24 b=29 nt=1988] KSP converged reason: 4, iterations: 1
  [a=23 b=30 nt=1666] KSP converged reason: 4, iterations: 1
  [a=24 b=30 nt=1380] KSP converged reason: 4, iterations: 1
  [a=23 b=30 nt=1050] KSP converged reason: 4, iterations: 1
  [ 271] OK     f=   0.357  a=23.5 b=29.4 gap=22.8 (face=5.6mm) n=[293, 293, 270, 270, 114, 114, 105, 105, 168, 168]  tape=0.357km B=11.32T unif=5.689% hoop=122MPa
  [ 272] OK     f=   0.280  a=23.1 b=29.9 gap=22.8 (face=5.6mm) n=[330, 330, 216, 216, 99, 99, 16, 16, 57, 57]  tape=0.280km B=10.32T unif=7.908% hoop=109MPa
  [ 273] viol   f=   6.499  a=23.7 b=29.8 gap=21.7 (face=3.5mm) n=[264, 264, 161, 161, 29, 29, 62, 62, 44, 44]  tape=0.216km B=8.23T unif=5.204% hoop=105MPa
  [ 274] viol   f=   0.506  a=23.9 b=30.1 gap=22.0 (face=4.0mm) n=[266, 266, 193, 193, 116, 116, 54, 54, 89, 89]  tape=0.279km B=9.66T unif=6.238% hoop=122MPa
  [ 275] OK     f=   0.343  a=23.4 b=29.9 gap=22.5 (face=4.9mm) n=[298, 298, 315, 315, 130, 130, 30, 30, 134, 134]  tape=0.343km B=11.54T unif=4.580% hoop=125MPa
  [ 276] viol   f=   0.355  a=23.4 b=30.9 gap=22.2 (face=4.4mm) n=[312, 312, 237, 237, 16, 16, 29, 29, 96, 96]  tape=0.269km B=9.79T unif=7.105% hoop=109MPa
  [ 277] OK     f=   0.375  a=23.6 b=29.5 gap=22.2 (face=4.5mm) n=[306, 306, 234, 234, 246, 246, 62, 62, 146, 146]  tape=0.375km B=12.09T unif=6.793% hoop=136MPa
  [ 278] OK     f=   0.337  a=22.5 b=30.3 gap=22.8 (face=5.7mm) n=[393, 393, 209, 209, 70, 70, 133, 133, 28, 28]  tape=0.337km B=11.77T unif=6.744% hoop=114MPa
  [ 279] viol   f=  12.031  a=23.5 b=30.5 gap=23.5 (face=7.1mm) n=[265, 265, 135, 135, 33, 33, 56, 56, 36, 36]  tape=0.205km B=7.57T unif=6.637% hoop=93MPa
  [ 280] OK     f=   0.271  a=23.9 b=29.8 gap=22.4 (face=4.7mm) n=[357, 357, 213, 213, 88, 88, 7, 7, 25, 25]  tape=0.271km B=10.39T unif=6.256% hoop=112MPa
  [a=24 b=30 nt=1618] KSP converged reason: 4, iterations: 1
  [a=23 b=29 nt=1548] KSP converged reason: 4, iterations: 1
  [a=23 b=30 nt=1422] KSP converged reason: 4, iterations: 1
  [a=24 b=31 nt=1530] KSP converged reason: 4, iterations: 1
  [a=23 b=31 nt=1456] KSP converged reason: 4, iterations: 1
  [a=23 b=29 nt=1330] KSP converged reason: 4, iterations: 1
  [a=23 b=30 nt=1788] KSP converged reason: 4, iterations: 1
  [a=23 b=30 nt=1876] KSP converged reason: 4, iterations: 1
  [a=22 b=29 nt=1478] KSP converged reason: 4, iterations: 1
  [ 281] viol   f=   0.305  a=23.4 b=31.4 gap=22.5 (face=5.0mm) n=[341, 341, 167, 167, 60, 60, 122, 122, 38, 38]  tape=0.300km B=9.95T unif=5.281% hoop=107MPa
  [ 282] viol   f=   0.689  a=22.8 b=29.3 gap=23.0 (face=6.1mm) n=[315, 315, 171, 171, 107, 107, 10, 10, 62, 62]  tape=0.256km B=9.53T unif=10.150% hoop=105MPa
  [ 283] OK     f=   0.317  a=23.8 b=31.2 gap=22.0 (face=4.0mm) n=[357, 357, 176, 176, 142, 142, 53, 53, 37, 37]  tape=0.317km B=10.72T unif=4.199% hoop=120MPa
  [ 284] INFEAS f=1001.132  a=23.5 b=29.8 gap=22.1 (face=4.1mm) n=[433, 433, 287, 287, 47, 47, 41, 41, 67, 67]  no evaluation (geometry pre-check)
  [ 285] OK     f=   0.327  a=23.8 b=29.7 gap=22.5 (face=5.1mm) n=[387, 387, 201, 201, 139, 139, 59, 59, 23, 23]  tape=0.327km B=11.51T unif=5.192% hoop=126MPa
  [ 286] OK     f=   0.309  a=22.6 b=29.5 gap=23.7 (face=7.4mm) n=[399, 399, 181, 181, 93, 93, 98, 98, 3, 3]  tape=0.309km B=11.26T unif=4.046% hoop=106MPa
  [ 287] OK     f=   0.278  a=23.1 b=30.3 gap=22.1 (face=4.2mm) n=[348, 348, 233, 233, 63, 63, 40, 40, 27, 27]  tape=0.278km B=10.68T unif=8.126% hoop=111MPa
  [ 288] OK     f=   0.352  a=23.4 b=29.6 gap=22.4 (face=4.9mm) n=[353, 353, 258, 258, 126, 126, 92, 92, 65, 65]  tape=0.352km B=12.59T unif=7.358% hoop=135MPa
  [ 289] OK     f=   0.275  a=22.2 b=28.5 gap=24.1 (face=8.3mm) n=[300, 300, 220, 220, 80, 80, 52, 52, 87, 87]  tape=0.275km B=10.07T unif=3.307% hoop=110MPa
  [ 290] OK     f=   0.361  a=23.2 b=29.5 gap=22.3 (face=4.6mm) n=[354, 354, 308, 308, 118, 118, 70, 70, 88, 88]  tape=0.361km B=13.36T unif=9.884% hoop=130MPa
  [a=22 b=30 nt=1430] KSP converged reason: 4, iterations: 1
  [a=24 b=30 nt=1588] KSP converged reason: 4, iterations: 1
  [a=22 b=30 nt=1496] KSP converged reason: 4, iterations: 1
  [a=23 b=32 nt=1406] KSP converged reason: 4, iterations: 1
  [a=23 b=29 nt=1240] KSP converged reason: 4, iterations: 1
  [a=22 b=30 nt=1484] KSP converged reason: 4, iterations: 1
  [a=23 b=29 nt=1194] KSP converged reason: 4, iterations: 1
  [a=23 b=29 nt=1302] KSP converged reason: 4, iterations: 1
  [a=23 b=30 nt=1504] KSP converged reason: 4, iterations: 1
  [a=23 b=29 nt=1556] KSP converged reason: 4, iterations: 1
  [ 291] OK     f=   0.291  a=23.4 b=32.0 gap=22.5 (face=5.1mm) n=[359, 359, 167, 167, 48, 48, 126, 126, 3, 3]  tape=0.291km B=10.01T unif=5.018% hoop=107MPa
  [ 292] OK     f=   0.320  a=23.6 b=29.8 gap=22.7 (face=5.3mm) n=[361, 361, 195, 195, 90, 90, 36, 36, 112, 112]  tape=0.320km B=11.49T unif=7.973% hoop=126MPa
  [ 293] viol   f=   0.295  a=22.2 b=29.5 gap=23.1 (face=6.3mm) n=[294, 294, 277, 277, 10, 10, 29, 29, 132, 132]  tape=0.268km B=9.88T unif=5.447% hoop=99MPa
  [ 294] viol   f=   0.453  a=22.7 b=28.8 gap=22.5 (face=5.1mm) n=[303, 303, 204, 204, 32, 32, 78, 78, 3, 3]  tape=0.230km B=9.67T unif=10.606% hoop=102MPa
  [ 295] OK     f=   0.293  a=22.1 b=29.7 gap=23.1 (face=6.2mm) n=[360, 360, 214, 214, 38, 38, 75, 75, 61, 61]  tape=0.293km B=10.72T unif=4.954% hoop=105MPa
  [ 296] OK     f=   0.281  a=22.1 b=30.2 gap=23.5 (face=6.9mm) n=[387, 387, 208, 208, 20, 20, 80, 80, 20, 20]  tape=0.281km B=10.75T unif=6.034% hoop=100MPa
  [ 297] viol   f=   0.871  a=23.1 b=29.4 gap=23.3 (face=6.5mm) n=[330, 330, 233, 233, 3, 3, 30, 30, 1, 1]  tape=0.219km B=9.43T unif=7.179% hoop=97MPa
  [ 298] viol   f=   0.276  a=22.7 b=29.1 gap=23.7 (face=7.4mm) n=[370, 370, 173, 173, 25, 25, 51, 51, 32, 32]  tape=0.252km B=9.89T unif=5.985% hoop=94MPa
  [ 299] OK     f=   0.286  a=23.2 b=29.1 gap=22.7 (face=5.5mm) n=[278, 278, 271, 271, 83, 83, 78, 78, 68, 68]  tape=0.286km B=10.65T unif=4.899% hoop=119MPa
  [ 300] OK     f=   0.299  a=22.8 b=29.8 gap=24.2 (face=8.3mm) n=[349, 349, 196, 196, 80, 80, 72, 72, 55, 55]  tape=0.299km B=10.71T unif=4.387% hoop=117MPa
  [a=24 b=30 nt=1468] KSP converged reason: 4, iterations: 1
  [a=23 b=30 nt=1504] KSP converged reason: 4, iterations: 1
  [a=23 b=31 nt=1554] KSP converged reason: 4, iterations: 1
  [a=23 b=31 nt=1192] KSP converged reason: 4, iterations: 1
  [a=22 b=30 nt=1154] KSP converged reason: 4, iterations: 1
  [a=23 b=30 nt=1696] KSP converged reason: 4, iterations: 1
  [a=23 b=30 nt=1412] KSP converged reason: 4, iterations: 1
  [a=24 b=31 nt=1450] KSP converged reason: 4, iterations: 1
  [ 301] viol   f=   0.514  a=22.2 b=29.6 gap=23.3 (face=6.6mm) n=[340, 340, 223, 223, 5, 5, 2, 2, 7, 7]  tape=0.209km B=9.61T unif=9.703% hoop=93MPa
  [ 302] INFEAS f=1324.948  a=22.9 b=30.5 gap=24.2 (face=8.3mm) n=[524, 524, 112, 112, 99, 99, 28, 28, 124, 124]  no evaluation (geometry pre-check)
  [ 303] OK     f=   0.290  a=23.6 b=30.1 gap=22.7 (face=5.4mm) n=[353, 353, 158, 158, 188, 188, 4, 4, 31, 31]  tape=0.290km B=10.31T unif=5.262% hoop=113MPa
  [ 304] OK     f=   0.287  a=22.9 b=29.9 gap=22.3 (face=4.6mm) n=[342, 342, 262, 262, 13, 13, 94, 94, 41, 41]  tape=0.287km B=10.99T unif=7.921% hoop=112MPa
  [ 305] OK     f=   0.325  a=23.1 b=29.7 gap=23.5 (face=6.9mm) n=[315, 315, 247, 247, 124, 124, 22, 22, 140, 140]  tape=0.325km B=11.19T unif=5.215% hoop=123MPa
  [ 306] OK     f=   0.316  a=23.2 b=30.6 gap=22.0 (face=4.1mm) n=[341, 341, 176, 176, 100, 100, 58, 58, 102, 102]  tape=0.316km B=10.83T unif=5.173% hoop=124MPa
  [ 307] viol   f=   2.815  a=23.5 b=31.3 gap=24.0 (face=7.9mm) n=[356, 356, 153, 153, 19, 19, 50, 50, 18, 18]  tape=0.241km B=8.87T unif=5.651% hoop=89MPa
  [ 308] OK     f=   0.277  a=23.5 b=29.8 gap=22.7 (face=5.4mm) n=[337, 337, 200, 200, 110, 110, 29, 29, 30, 30]  tape=0.277km B=10.24T unif=7.732% hoop=111MPa
  [ 309] OK     f=   0.296  a=24.1 b=30.7 gap=22.6 (face=5.1mm) n=[411, 411, 192, 192, 105, 105, 8, 8, 9, 9]  tape=0.296km B=10.88T unif=5.303% hoop=111MPa
  [ 310] INFEAS f=1000.116  a=21.3 b=27.8 gap=24.6 (face=9.2mm) n=[300, 300, 269, 269, 6, 6, 38, 38, 8, 8]  no evaluation (geometry pre-check)
  [a=24 b=30 nt=1664] KSP converged reason: 4, iterations: 1
  [a=24 b=30 nt=1464] KSP converged reason: 4, iterations: 1
  [a=23 b=30 nt=1374] KSP converged reason: 4, iterations: 1
  [a=24 b=30 nt=1366] KSP converged reason: 4, iterations: 1
  [a=23 b=29 nt=1396] KSP converged reason: 4, iterations: 1
  [a=23 b=31 nt=1440] KSP converged reason: 4, iterations: 1
  [a=23 b=29 nt=1446] KSP converged reason: 4, iterations: 1
  [a=23 b=29 nt=1740] KSP converged reason: 4, iterations: 1
  [a=23 b=30 nt=1316] KSP converged reason: 4, iterations: 1
  [ 311] OK     f=   0.268  a=23.3 b=29.1 gap=22.7 (face=5.4mm) n=[322, 322, 203, 203, 109, 109, 34, 34, 30, 30]  tape=0.268km B=10.25T unif=9.745% hoop=109MPa
  [ 312] OK     f=   0.270  a=22.9 b=30.2 gap=22.8 (face=5.5mm) n=[379, 379, 213, 213, 27, 27, 39, 39, 29, 29]  tape=0.270km B=10.50T unif=7.946% hoop=103MPa
  [ 313] OK     f=   0.291  a=23.6 b=29.6 gap=22.9 (face=5.8mm) n=[376, 376, 200, 200, 53, 53, 5, 5, 98, 98]  tape=0.291km B=10.61T unif=7.181% hoop=106MPa
  [ 314] OK     f=   0.270  a=24.3 b=30.1 gap=22.0 (face=4.0mm) n=[341, 341, 218, 218, 73, 73, 29, 29, 22, 22]  tape=0.270km B=10.25T unif=7.242% hoop=114MPa
  [ 315] OK     f=   0.279  a=23.4 b=31.0 gap=22.2 (face=4.3mm) n=[336, 336, 271, 271, 45, 45, 63, 63, 5, 5]  tape=0.279km B=10.72T unif=6.010% hoop=113MPa
  [ 316] OK     f=   0.336  a=24.0 b=30.0 gap=22.7 (face=5.5mm) n=[380, 380, 245, 245, 94, 94, 42, 42, 71, 71]  tape=0.336km B=12.03T unif=8.370% hoop=126MPa
  [ 317] OK     f=   0.285  a=23.5 b=29.0 gap=22.7 (face=5.5mm) n=[358, 358, 168, 168, 125, 125, 50, 50, 22, 22]  tape=0.285km B=10.63T unif=8.044% hoop=109MPa
  [ 318] OK     f=   0.328  a=23.3 b=28.8 gap=22.8 (face=5.6mm) n=[346, 346, 299, 299, 104, 104, 60, 60, 61, 61]  tape=0.328km B=12.63T unif=7.736% hoop=125MPa
  [ 319] INFEAS f=1000.874  a=23.4 b=30.9 gap=22.8 (face=5.6mm) n=[429, 429, 195, 195, 98, 98, 50, 50, 97, 97]  no evaluation (geometry pre-check)
  [ 320] viol   f=   0.615  a=23.3 b=30.0 gap=22.9 (face=5.7mm) n=[342, 342, 193, 193, 35, 35, 1, 1, 87, 87]  tape=0.257km B=9.58T unif=7.718% hoop=100MPa
  [a=24 b=30 nt=1296] KSP converged reason: 4, iterations: 1
  [a=24 b=30 nt=1464] KSP converged reason: 4, iterations: 1
  [a=23 b=29 nt=1222] KSP converged reason: 4, iterations: 1
  [a=24 b=30 nt=1462] KSP converged reason: 4, iterations: 1
  [a=24 b=30 nt=1562] KSP converged reason: 4, iterations: 1
  [a=24 b=30 nt=1658] KSP converged reason: 4, iterations: 1
  [a=23 b=30 nt=1398] KSP converged reason: 4, iterations: 1
  [a=23 b=30 nt=1448] KSP converged reason: 4, iterations: 1
  [a=24 b=30 nt=1504] KSP converged reason: 4, iterations: 1
  [a=23 b=30 nt=1514] KSP converged reason: 4, iterations: 1
  [ 321] OK     f=   0.291  a=23.9 b=29.9 gap=21.9 (face=3.8mm) n=[347, 347, 204, 204, 108, 108, 67, 67, 6, 6]  tape=0.291km B=10.86T unif=4.273% hoop=123MPa
  [ 322] OK     f=   0.290  a=23.6 b=30.1 gap=21.9 (face=3.9mm) n=[298, 298, 290, 290, 148, 148, 12, 12, 33, 33]  tape=0.290km B=11.00T unif=5.371% hoop=118MPa
  [ 323] OK     f=   0.289  a=23.5 b=30.3 gap=21.9 (face=3.7mm) n=[322, 322, 216, 216, 101, 101, 57, 57, 35, 35]  tape=0.289km B=10.70T unif=6.540% hoop=121MPa
  [ 324] viol   f=   0.266  a=23.6 b=29.9 gap=23.1 (face=6.2mm) n=[368, 368, 208, 208, 12, 12, 26, 26, 34, 34]  tape=0.252km B=9.92T unif=5.096% hoop=101MPa
  [ 325] viol   f=   1.014  a=22.7 b=29.0 gap=23.0 (face=6.1mm) n=[331, 331, 193, 193, 8, 8, 56, 56, 23, 23]  tape=0.230km B=9.37T unif=8.037% hoop=94MPa
  [ 326] OK     f=   0.309  a=23.8 b=29.6 gap=22.1 (face=4.2mm) n=[294, 294, 293, 293, 137, 137, 57, 57, 48, 48]  tape=0.309km B=11.31T unif=5.573% hoop=123MPa
  [ 327] OK     f=   0.272  a=22.9 b=29.5 gap=22.5 (face=5.0mm) n=[338, 338, 184, 184, 127, 127, 21, 21, 29, 29]  tape=0.272km B=10.21T unif=6.191% hoop=111MPa
  [ 328] OK     f=   0.282  a=23.1 b=29.6 gap=22.6 (face=5.2mm) n=[325, 325, 189, 189, 128, 128, 50, 50, 32, 32]  tape=0.282km B=10.31T unif=8.257% hoop=114MPa
  [ 329] OK     f=   0.301  a=23.9 b=30.3 gap=22.0 (face=4.0mm) n=[389, 389, 225, 225, 106, 106, 12, 12, 20, 20]  tape=0.301km B=11.24T unif=4.738% hoop=121MPa
  [ 330] OK     f=   0.302  a=22.7 b=30.0 gap=22.9 (face=5.9mm) n=[380, 380, 215, 215, 40, 40, 62, 62, 60, 60]  tape=0.302km B=11.06T unif=8.131% hoop=108MPa
  [a=24 b=30 nt=1494] KSP converged reason: 4, iterations: 1
  [a=23 b=29 nt=1440] KSP converged reason: 4, iterations: 1
  [a=24 b=30 nt=1336] KSP converged reason: 4, iterations: 1
  [a=23 b=29 nt=1278] KSP converged reason: 4, iterations: 1
  [a=23 b=29 nt=1156] KSP converged reason: 4, iterations: 1
  [a=24 b=30 nt=1306] KSP converged reason: 4, iterations: 1
  [a=23 b=31 nt=1360] KSP converged reason: 4, iterations: 1
  [a=23 b=30 nt=1294] KSP converged reason: 4, iterations: 1
  [a=23 b=29 nt=1346] KSP converged reason: 4, iterations: 1
  [ 331] OK     f=   0.274  a=23.3 b=29.0 gap=22.7 (face=5.4mm) n=[343, 343, 203, 203, 148, 148, 3, 3, 23, 23]  tape=0.274km B=10.59T unif=7.808% hoop=113MPa
  [ 332] viol   f=   0.392  a=23.5 b=30.0 gap=23.1 (face=6.3mm) n=[318, 318, 228, 228, 70, 70, 13, 13, 24, 24]  tape=0.250km B=9.73T unif=7.251% hoop=106MPa
  [ 333] OK     f=   0.257  a=23.6 b=29.7 gap=23.0 (face=6.0mm) n=[345, 345, 227, 227, 59, 59, 2, 2, 35, 35]  tape=0.257km B=10.21T unif=9.375% hoop=107MPa
  [ 334] OK     f=   0.303  a=23.5 b=30.1 gap=22.5 (face=4.9mm) n=[409, 409, 180, 180, 7, 7, 42, 42, 109, 109]  tape=0.303km B=10.74T unif=4.199% hoop=104MPa
  [ 335] OK     f=   0.240  a=23.0 b=29.3 gap=22.6 (face=5.2mm) n=[346, 346, 217, 217, 68, 68, 4, 4, 4, 4]  tape=0.240km B=10.18T unif=7.836% hoop=105MPa
  [ 336] INFEAS f=1000.059  a=23.1 b=29.1 gap=22.8 (face=5.6mm) n=[417, 417, 177, 177, 98, 98, 42, 42, 4, 4]  no evaluation (geometry pre-check)
  [ 337] viol   f=   1.877  a=22.8 b=28.9 gap=23.6 (face=7.1mm) n=[333, 333, 158, 158, 51, 51, 12, 12, 24, 24]  tape=0.219km B=9.09T unif=7.349% hoop=89MPa
  [ 338] OK     f=   0.276  a=23.1 b=30.7 gap=22.9 (face=5.9mm) n=[397, 397, 166, 166, 34, 34, 57, 57, 26, 26]  tape=0.276km B=10.13T unif=2.607% hoop=101MPa
  [ 339] OK     f=   0.250  a=23.1 b=29.8 gap=22.3 (face=4.7mm) n=[351, 351, 186, 186, 102, 102, 6, 6, 2, 2]  tape=0.250km B=10.06T unif=6.675% hoop=106MPa
  [ 340] OK     f=   0.260  a=23.1 b=29.1 gap=23.1 (face=6.2mm) n=[357, 357, 193, 193, 60, 60, 40, 40, 23, 23]  tape=0.260km B=10.20T unif=6.976% hoop=104MPa
  [a=23 b=29 nt=1494] KSP converged reason: 4, iterations: 1
  [a=23 b=30 nt=1368] KSP converged reason: 4, iterations: 1
  [a=23 b=29 nt=1508] KSP converged reason: 4, iterations: 1
  [a=23 b=31 nt=1162] KSP converged reason: 4, iterations: 1
  [a=23 b=30 nt=1316] KSP converged reason: 4, iterations: 1
  [a=22 b=28 nt=1310] KSP converged reason: 4, iterations: 1
  [a=23 b=29 nt=1304] KSP converged reason: 4, iterations: 1
  [a=23 b=29 nt=1324] KSP converged reason: 4, iterations: 1
  [a=23 b=29 nt=1450] KSP converged reason: 4, iterations: 1
  [a=23 b=30 nt=1362] KSP converged reason: 4, iterations: 1
  [ 341] OK     f=   0.266  a=23.3 b=29.6 gap=22.2 (face=4.4mm) n=[363, 363, 212, 212, 35, 35, 29, 29, 45, 45]  tape=0.266km B=10.35T unif=4.247% hoop=107MPa
  [ 342] viol   f=   0.351  a=22.3 b=28.3 gap=23.4 (face=6.7mm) n=[314, 314, 222, 222, 42, 42, 45, 45, 32, 32]  tape=0.240km B=9.76T unif=7.251% hoop=101MPa
  [ 343] OK     f=   0.252  a=23.1 b=29.9 gap=22.5 (face=4.9mm) n=[339, 339, 226, 226, 49, 49, 42, 42, 2, 2]  tape=0.252km B=10.21T unif=9.174% hoop=106MPa
  [ 344] OK     f=   0.283  a=23.0 b=28.7 gap=23.1 (face=6.2mm) n=[358, 358, 250, 250, 39, 39, 63, 63, 37, 37]  tape=0.283km B=11.11T unif=5.732% hoop=110MPa
  [ 345] viol   f=   1.286  a=23.5 b=30.7 gap=22.4 (face=4.8mm) n=[349, 349, 191, 191, 31, 31, 7, 7, 3, 3]  tape=0.226km B=9.27T unif=6.689% hoop=99MPa
  [ 346] OK     f=   0.294  a=23.1 b=29.3 gap=23.5 (face=7.1mm) n=[343, 343, 190, 190, 146, 146, 31, 31, 44, 44]  tape=0.294km B=10.66T unif=8.149% hoop=115MPa
  [ 347] OK     f=   0.254  a=22.8 b=29.0 gap=23.2 (face=6.4mm) n=[355, 355, 159, 159, 56, 56, 57, 57, 25, 25]  tape=0.254km B=10.13T unif=8.410% hoop=99MPa
  [ 348] OK     f=   0.260  a=23.3 b=29.5 gap=22.4 (face=4.9mm) n=[355, 355, 175, 175, 80, 80, 7, 7, 45, 45]  tape=0.260km B=10.26T unif=6.294% hoop=108MPa
  [ 349] OK     f=   0.260  a=22.7 b=29.7 gap=22.4 (face=4.8mm) n=[356, 356, 233, 233, 32, 32, 51, 51, 9, 9]  tape=0.260km B=10.63T unif=8.316% hoop=107MPa
  [ 350] OK     f=   0.282  a=22.5 b=29.4 gap=22.5 (face=5.0mm) n=[379, 379, 195, 195, 116, 116, 18, 18, 17, 17]  tape=0.282km B=10.86T unif=3.217% hoop=109MPa
  [a=23 b=29 nt=1342] KSP converged reason: 4, iterations: 1
  [a=23 b=29 nt=1468] KSP converged reason: 4, iterations: 1
  [a=23 b=29 nt=1222] KSP converged reason: 4, iterations: 1
  [a=23 b=30 nt=1434] KSP converged reason: 4, iterations: 1
  [a=23 b=29 nt=1202] KSP converged reason: 4, iterations: 1
  [a=23 b=30 nt=1246] KSP converged reason: 4, iterations: 1
  [a=23 b=29 nt=1508] KSP converged reason: 4, iterations: 1
  [a=22 b=30 nt=1488] KSP converged reason: 4, iterations: 1
  [a=24 b=30 nt=1268] KSP converged reason: 4, iterations: 1
  [a=23 b=30 nt=1426] KSP converged reason: 4, iterations: 1
  [ 351] OK     f=   0.273  a=22.5 b=29.6 gap=23.2 (face=6.3mm) n=[364, 364, 244, 244, 10, 10, 62, 62, 37, 37]  tape=0.273km B=10.94T unif=8.464% hoop=105MPa
  [ 352] viol   f=   0.277  a=22.9 b=30.0 gap=22.6 (face=5.1mm) n=[335, 335, 236, 236, 14, 14, 30, 30, 8, 8]  tape=0.233km B=9.85T unif=10.164% hoop=102MPa
  [ 353] OK     f=   0.264  a=23.1 b=29.5 gap=22.7 (face=5.4mm) n=[372, 372, 174, 174, 81, 81, 35, 35, 9, 9]  tape=0.264km B=10.60T unif=5.036% hoop=108MPa
  [ 354] viol   f=   0.635  a=23.1 b=29.5 gap=22.5 (face=5.0mm) n=[347, 347, 184, 184, 56, 56, 8, 8, 6, 6]  tape=0.229km B=9.55T unif=7.211% hoop=101MPa
  [ 355] OK     f=   0.282  a=23.0 b=29.2 gap=22.3 (face=4.6mm) n=[347, 347, 227, 227, 61, 61, 85, 85, 14, 14]  tape=0.282km B=10.97T unif=9.989% hoop=113MPa
  [ 356] viol   f=   0.231  a=23.2 b=29.4 gap=23.1 (face=6.2mm) n=[372, 372, 211, 211, 8, 8, 16, 16, 4, 4]  tape=0.229km B=9.98T unif=8.979% hoop=98MPa
  [ 357] OK     f=   0.284  a=22.5 b=29.5 gap=22.4 (face=4.7mm) n=[337, 337, 235, 235, 61, 61, 106, 106, 5, 5]  tape=0.284km B=11.12T unif=10.021% hoop=113MPa
  [ 358] OK     f=   0.296  a=22.9 b=29.4 gap=22.9 (face=5.8mm) n=[359, 359, 214, 214, 62, 62, 75, 75, 44, 44]  tape=0.296km B=10.90T unif=4.809% hoop=112MPa
  [ 359] viol   f=   0.242  a=23.7 b=29.7 gap=22.4 (face=4.9mm) n=[350, 350, 221, 221, 51, 51, 3, 3, 9, 9]  tape=0.242km B=10.00T unif=4.586% hoop=106MPa
  [ 360] OK     f=   0.275  a=22.6 b=29.6 gap=22.8 (face=5.7mm) n=[340, 340, 215, 215, 77, 77, 71, 71, 10, 10]  tape=0.275km B=10.90T unif=9.408% hoop=115MPa
  [a=23 b=29 nt=1300] KSP converged reason: 4, iterations: 1
  [a=23 b=29 nt=1306] KSP converged reason: 4, iterations: 1
  [a=23 b=30 nt=1370] KSP converged reason: 4, iterations: 1
  [a=23 b=30 nt=1472] KSP converged reason: 4, iterations: 1
  [a=24 b=30 nt=1298] KSP converged reason: 4, iterations: 1
  [a=23 b=30 nt=1366] KSP converged reason: 4, iterations: 1
  [a=23 b=29 nt=1332] KSP converged reason: 4, iterations: 1
  [a=24 b=30 nt=1332] KSP converged reason: 4, iterations: 1
  [a=24 b=30 nt=1314] KSP converged reason: 4, iterations: 1
  [a=23 b=30 nt=1362] KSP converged reason: 4, iterations: 1
  [ 361] viol   f=   0.255  a=23.0 b=29.3 gap=23.2 (face=6.4mm) n=[385, 385, 167, 167, 57, 57, 9, 9, 32, 32]  tape=0.253km B=9.97T unif=3.932% hoop=96MPa
  [ 362] OK     f=   0.280  a=23.3 b=29.7 gap=22.9 (face=5.7mm) n=[352, 352, 265, 265, 23, 23, 80, 80, 16, 16]  tape=0.280km B=11.04T unif=9.713% hoop=113MPa
  [ 363] OK     f=   0.248  a=22.9 b=29.3 gap=22.7 (face=5.5mm) n=[388, 388, 214, 214, 3, 3, 31, 31, 17, 17]  tape=0.248km B=10.23T unif=2.569% hoop=98MPa
  [ 364] OK     f=   0.253  a=23.6 b=30.0 gap=22.1 (face=4.2mm) n=[378, 378, 205, 205, 43, 43, 21, 21, 2, 2]  tape=0.253km B=10.23T unif=2.241% hoop=107MPa
  [ 365] OK     f=   0.271  a=23.3 b=29.5 gap=22.9 (face=5.7mm) n=[355, 355, 173, 173, 66, 66, 63, 63, 28, 28]  tape=0.271km B=10.32T unif=7.095% hoop=107MPa
  [ 366] OK     f=   0.257  a=22.8 b=29.5 gap=22.4 (face=4.9mm) n=[324, 324, 236, 236, 22, 22, 79, 79, 22, 22]  tape=0.257km B=10.26T unif=10.152% hoop=106MPa
  [ 367] OK     f=   0.255  a=23.3 b=29.4 gap=23.2 (face=6.4mm) n=[348, 348, 221, 221, 9, 9, 58, 58, 30, 30]  tape=0.255km B=10.05T unif=9.120% hoop=102MPa
  [ 368] OK     f=   0.256  a=23.7 b=29.6 gap=22.2 (face=4.4mm) n=[360, 360, 226, 226, 46, 46, 16, 16, 18, 18]  tape=0.256km B=10.43T unif=6.993% hoop=109MPa
  [ 369] OK     f=   0.261  a=23.5 b=29.6 gap=22.9 (face=5.9mm) n=[390, 390, 236, 236, 9, 9, 2, 2, 44, 44]  tape=0.261km B=10.59T unif=5.328% hoop=104MPa
  [ 370] OK     f=   0.262  a=23.8 b=30.3 gap=22.4 (face=4.8mm) n=[388, 388, 186, 186, 28, 28, 15, 15, 40, 40]  tape=0.262km B=10.04T unif=4.369% hoop=102MPa
  [a=23 b=30 nt=1376] KSP converged reason: 4, iterations: 1
  [a=23 b=30 nt=1284] KSP converged reason: 4, iterations: 1
  [a=23 b=30 nt=1620] KSP converged reason: 4, iterations: 1
  [a=23 b=29 nt=1382] KSP converged reason: 4, iterations: 1
  [a=24 b=29 nt=1250] KSP converged reason: 4, iterations: 1
  [a=23 b=30 nt=1298] KSP converged reason: 4, iterations: 1
  [a=23 b=30 nt=1308] KSP converged reason: 4, iterations: 1
  [a=23 b=29 nt=1370] KSP converged reason: 4, iterations: 1
  [a=24 b=29 nt=1350] KSP converged reason: 4, iterations: 1
  [a=23 b=30 nt=1328] KSP converged reason: 4, iterations: 1
  [ 371] OK     f=   0.245  a=23.3 b=29.5 gap=22.9 (face=5.8mm) n=[390, 390, 211, 211, 7, 7, 22, 22, 12, 12]  tape=0.245km B=10.13T unif=2.567% hoop=99MPa
  [ 372] OK     f=   0.272  a=23.2 b=29.5 gap=22.3 (face=4.6mm) n=[379, 379, 195, 195, 38, 38, 37, 37, 42, 42]  tape=0.272km B=10.33T unif=1.751% hoop=106MPa
  [ 373] OK     f=   0.237  a=23.6 b=29.5 gap=22.8 (face=5.6mm) n=[389, 389, 212, 212, 3, 3, 12, 12, 9, 9]  tape=0.237km B=10.09T unif=3.887% hoop=99MPa
  [ 374] OK     f=   0.254  a=23.4 b=29.5 gap=22.8 (face=5.5mm) n=[372, 372, 182, 182, 52, 52, 29, 29, 14, 14]  tape=0.254km B=10.10T unif=7.039% hoop=101MPa
  [ 375] OK     f=   0.332  a=23.5 b=30.1 gap=22.5 (face=5.0mm) n=[407, 407, 209, 209, 60, 60, 92, 92, 42, 42]  tape=0.332km B=11.48T unif=3.534% hoop=118MPa
  [ 376] OK     f=   0.265  a=23.3 b=29.5 gap=22.1 (face=4.3mm) n=[413, 413, 225, 225, 5, 5, 22, 22, 23, 23]  tape=0.265km B=10.92T unif=5.907% hoop=108MPa
  [ 377] OK     f=   0.253  a=23.3 b=29.6 gap=23.0 (face=6.1mm) n=[359, 359, 205, 205, 46, 46, 29, 29, 15, 15]  tape=0.253km B=10.02T unif=4.635% hoop=102MPa
  [ 378] OK     f=   0.264  a=23.1 b=29.4 gap=22.7 (face=5.4mm) n=[393, 393, 218, 218, 16, 16, 27, 27, 31, 31]  tape=0.264km B=10.54T unif=3.773% hoop=102MPa
  [ 379] OK     f=   0.261  a=23.7 b=29.4 gap=22.4 (face=4.8mm) n=[403, 403, 213, 213, 3, 3, 46, 46, 10, 10]  tape=0.261km B=10.53T unif=3.585% hoop=108MPa
  [ 380] OK     f=   0.260  a=23.3 b=29.8 gap=22.5 (face=5.1mm) n=[390, 390, 197, 197, 1, 1, 28, 28, 48, 48]  tape=0.260km B=10.21T unif=5.260% hoop=100MPa
  [a=23 b=30 nt=1428] KSP converged reason: 4, iterations: 1
  [a=23 b=30 nt=1294] KSP converged reason: 4, iterations: 1
  [a=24 b=30 nt=1398] KSP converged reason: 4, iterations: 1
  [a=23 b=29 nt=1198] KSP converged reason: 4, iterations: 1
  [a=24 b=30 nt=1280] KSP converged reason: 4, iterations: 1
  [a=24 b=29 nt=1236] KSP converged reason: 4, iterations: 1
  [a=23 b=30 nt=1262] KSP converged reason: 4, iterations: 1
  [a=23 b=30 nt=1400] KSP converged reason: 4, iterations: 1
  [a=24 b=30 nt=1334] KSP converged reason: 4, iterations: 1
  [a=23 b=29 nt=1304] KSP converged reason: 4, iterations: 1
  [ 381] OK     f=   0.282  a=23.4 b=30.1 gap=23.0 (face=6.0mm) n=[405, 405, 227, 227, 38, 38, 35, 35, 9, 9]  tape=0.282km B=11.03T unif=5.479% hoop=108MPa
  [ 382] viol   f=   0.255  a=23.7 b=29.3 gap=22.7 (face=5.4mm) n=[353, 353, 221, 221, 8, 8, 17, 17, 19, 19]  tape=0.232km B=9.89T unif=9.024% hoop=102MPa
  [ 383] OK     f=   0.252  a=23.2 b=30.3 gap=22.6 (face=5.3mm) n=[390, 390, 206, 206, 8, 8, 26, 26, 17, 17]  tape=0.252km B=10.19T unif=5.280% hoop=100MPa
  [ 384] OK     f=   0.276  a=23.7 b=29.7 gap=22.8 (face=5.6mm) n=[384, 384, 211, 211, 31, 31, 38, 38, 35, 35]  tape=0.276km B=10.55T unif=5.754% hoop=107MPa
  [ 385] viol   f=   0.584  a=23.2 b=28.9 gap=23.9 (face=7.9mm) n=[365, 365, 188, 188, 22, 22, 9, 9, 15, 15]  tape=0.225km B=9.58T unif=5.760% hoop=94MPa
  [ 386] OK     f=   0.250  a=24.0 b=30.1 gap=22.6 (face=5.2mm) n=[382, 382, 202, 202, 48, 48, 6, 6, 2, 2]  tape=0.250km B=10.13T unif=3.587% hoop=105MPa
  [ 387] viol   f=   0.317  a=23.2 b=29.6 gap=22.6 (face=5.3mm) n=[370, 370, 181, 181, 13, 13, 41, 41, 26, 26]  tape=0.245km B=9.81T unif=6.427% hoop=97MPa
  [ 388] OK     f=   0.271  a=23.1 b=29.6 gap=23.1 (face=6.2mm) n=[410, 410, 227, 227, 21, 21, 30, 30, 12, 12]  tape=0.271km B=11.05T unif=6.325% hoop=103MPa
  [ 389] viol   f=   0.248  a=22.7 b=29.1 gap=23.5 (face=7.1mm) n=[350, 350, 213, 213, 28, 28, 42, 42, 19, 19]  tape=0.246km B=9.97T unif=5.283% hoop=100MPa
  [ 390] OK     f=   0.261  a=23.6 b=29.5 gap=22.9 (face=5.8mm) n=[405, 405, 192, 192, 21, 21, 48, 48, 1, 1]  tape=0.261km B=10.34T unif=3.858% hoop=100MPa
  [a=24 b=30 nt=1384] KSP converged reason: 4, iterations: 1
  [a=23 b=30 nt=1344] KSP converged reason: 4, iterations: 1
  [a=23 b=30 nt=1316] KSP converged reason: 4, iterations: 1
  [a=24 b=30 nt=1370] KSP converged reason: 4, iterations: 1
  [a=23 b=29 nt=1402] KSP converged reason: 4, iterations: 1
  [a=23 b=30 nt=1224] KSP converged reason: 4, iterations: 1
  [a=23 b=30 nt=1322] KSP converged reason: 4, iterations: 1
  [a=23 b=29 nt=1372] KSP converged reason: 4, iterations: 1
  [a=23 b=30 nt=1234] KSP converged reason: 4, iterations: 1
  [a=23 b=29 nt=1324] KSP converged reason: 4, iterations: 1
  [ 391] OK     f=   0.273  a=23.2 b=29.4 gap=23.1 (face=6.1mm) n=[361, 361, 207, 207, 36, 36, 68, 68, 29, 29]  tape=0.273km B=10.58T unif=8.177% hoop=106MPa
  [ 392] OK     f=   0.258  a=23.5 b=29.9 gap=22.6 (face=5.2mm) n=[409, 409, 187, 187, 8, 8, 52, 52, 2, 2]  tape=0.258km B=10.25T unif=1.902% hoop=99MPa
  [ 393] viol   f=   0.402  a=23.3 b=30.1 gap=22.7 (face=5.5mm) n=[393, 393, 173, 173, 30, 30, 3, 3, 13, 13]  tape=0.238km B=9.71T unif=3.675% hoop=95MPa
  [ 394] OK     f=   0.264  a=23.2 b=29.8 gap=23.0 (face=6.1mm) n=[402, 402, 192, 192, 27, 27, 23, 23, 28, 28]  tape=0.264km B=10.40T unif=5.404% hoop=100MPa
  [ 395] OK     f=   0.279  a=23.8 b=30.1 gap=22.6 (face=5.2mm) n=[425, 425, 176, 176, 45, 45, 35, 35, 11, 11]  tape=0.279km B=10.59T unif=4.258% hoop=104MPa
  [ 396] OK     f=   0.268  a=23.6 b=30.0 gap=22.9 (face=5.7mm) n=[385, 385, 215, 215, 73, 73, 6, 6, 6, 6]  tape=0.268km B=10.64T unif=4.881% hoop=108MPa
  [ 397] OK     f=   0.261  a=22.9 b=29.4 gap=23.4 (face=6.8mm) n=[340, 340, 232, 232, 50, 50, 33, 33, 31, 31]  tape=0.261km B=10.33T unif=8.064% hoop=104MPa
  [ 398] OK     f=   0.257  a=23.3 b=29.6 gap=22.9 (face=5.7mm) n=[386, 386, 197, 197, 24, 24, 45, 45, 9, 9]  tape=0.257km B=10.15T unif=4.632% hoop=103MPa
  [ 399] viol   f=   0.269  a=23.0 b=29.8 gap=22.8 (face=5.5mm) n=[377, 377, 187, 187, 25, 25, 7, 7, 21, 21]  tape=0.237km B=9.87T unif=7.440% hoop=95MPa
  [ 400] OK     f=   0.251  a=23.1 b=29.2 gap=22.8 (face=5.5mm) n=[362, 362, 224, 224, 28, 28, 19, 19, 29, 29]  tape=0.251km B=10.33T unif=7.675% hoop=103MPa
  [a=23 b=29 nt=1230] KSP converged reason: 4, iterations: 1
  [a=23 b=30 nt=1458] KSP converged reason: 4, iterations: 1
  [a=23 b=29 nt=1328] KSP converged reason: 4, iterations: 1
  [a=23 b=29 nt=1308] KSP converged reason: 4, iterations: 1
  [a=23 b=29 nt=1392] KSP converged reason: 4, iterations: 1
  [a=23 b=30 nt=1266] KSP converged reason: 4, iterations: 1
  [a=23 b=29 nt=1424] KSP converged reason: 4, iterations: 1
  [a=23 b=29 nt=1390] KSP converged reason: 4, iterations: 1
  [a=23 b=30 nt=1230] KSP converged reason: 4, iterations: 1
  [a=23 b=30 nt=1448] KSP converged reason: 4, iterations: 1
  [ 401] OK     f=   0.242  a=23.4 b=29.6 gap=22.4 (face=4.9mm) n=[366, 366, 212, 212, 32, 32, 4, 4, 19, 19]  tape=0.242km B=10.01T unif=5.890% hoop=104MPa
  [ 402] OK     f=   0.266  a=23.1 b=29.3 gap=23.0 (face=5.9mm) n=[359, 359, 231, 231, 19, 19, 50, 50, 37, 37]  tape=0.266km B=10.58T unif=8.978% hoop=105MPa
  [ 403] OK     f=   0.250  a=23.1 b=29.3 gap=23.0 (face=6.1mm) n=[396, 396, 231, 231, 9, 9, 25, 25, 3, 3]  tape=0.250km B=10.68T unif=5.474% hoop=103MPa
  [ 404] OK     f=   0.250  a=23.0 b=29.4 gap=22.3 (face=4.6mm) n=[372, 372, 210, 210, 23, 23, 33, 33, 16, 16]  tape=0.250km B=10.18T unif=2.837% hoop=101MPa
  [ 405] OK     f=   0.284  a=23.2 b=29.7 gap=22.4 (face=4.9mm) n=[385, 385, 234, 234, 16, 16, 76, 76, 18, 18]  tape=0.284km B=11.01T unif=5.712% hoop=109MPa
  [ 406] OK     f=   0.234  a=23.2 b=29.3 gap=22.9 (face=5.9mm) n=[392, 392, 184, 184, 18, 18, 18, 18, 3, 3]  tape=0.234km B=10.00T unif=6.845% hoop=95MPa
  [ 407] OK     f=   0.278  a=23.2 b=29.5 gap=22.4 (face=4.8mm) n=[373, 373, 220, 220, 39, 39, 43, 43, 37, 37]  tape=0.278km B=10.76T unif=6.089% hoop=108MPa
  [ 408] OK     f=   0.269  a=23.4 b=29.3 gap=22.8 (face=5.6mm) n=[366, 366, 218, 218, 64, 64, 22, 22, 25, 25]  tape=0.269km B=10.69T unif=8.450% hoop=108MPa
  [ 409] viol   f=   0.254  a=22.9 b=29.7 gap=22.6 (face=5.3mm) n=[359, 359, 215, 215, 11, 11, 17, 17, 13, 13]  tape=0.231km B=9.89T unif=8.680% hoop=99MPa
  [ 410] OK     f=   0.277  a=23.0 b=29.6 gap=23.0 (face=5.9mm) n=[353, 353, 251, 251, 20, 20, 68, 68, 32, 32]  tape=0.277km B=10.82T unif=7.929% hoop=109MPa
  [a=23 b=30 nt=1264] KSP converged reason: 4, iterations: 1
  [a=23 b=29 nt=1310] KSP converged reason: 4, iterations: 1
  [a=23 b=29 nt=1434] KSP converged reason: 4, iterations: 1
  [a=23 b=30 nt=1262] KSP converged reason: 4, iterations: 1
  [a=23 b=29 nt=1270] KSP converged reason: 4, iterations: 1
  [a=23 b=30 nt=1204] KSP converged reason: 4, iterations: 1
  [a=23 b=29 nt=1354] KSP converged reason: 4, iterations: 1
  [a=23 b=29 nt=1368] KSP converged reason: 4, iterations: 1
  [a=23 b=30 nt=1342] KSP converged reason: 4, iterations: 1
  [a=24 b=29 nt=1380] KSP converged reason: 4, iterations: 1
  [ 411] OK     f=   0.253  a=23.3 b=29.2 gap=22.9 (face=5.9mm) n=[388, 388, 190, 190, 32, 32, 7, 7, 38, 38]  tape=0.253km B=10.19T unif=6.839% hoop=98MPa
  [ 412] OK     f=   0.243  a=23.0 b=29.1 gap=22.6 (face=5.2mm) n=[363, 363, 189, 189, 41, 41, 34, 34, 8, 8]  tape=0.243km B=10.03T unif=7.051% hoop=98MPa
  [ 413] viol   f=   0.334  a=22.8 b=29.7 gap=22.8 (face=5.7mm) n=[380, 380, 206, 206, 1, 1, 2, 2, 13, 13]  tape=0.226km B=9.77T unif=3.757% hoop=95MPa
  [ 414] OK     f=   0.241  a=23.2 b=29.7 gap=22.5 (face=4.9mm) n=[396, 396, 199, 199, 21, 21, 1, 1, 14, 14]  tape=0.241km B=10.26T unif=6.555% hoop=103MPa
  [ 415] OK     f=   0.278  a=23.2 b=29.0 gap=22.6 (face=5.2mm) n=[366, 366, 215, 215, 34, 34, 53, 53, 49, 49]  tape=0.278km B=10.61T unif=4.874% hoop=106MPa
  [ 416] OK     f=   0.242  a=23.0 b=29.6 gap=22.6 (face=5.2mm) n=[406, 406, 192, 192, 8, 8, 7, 7, 19, 19]  tape=0.242km B=10.21T unif=4.059% hoop=97MPa
  [ 417] OK     f=   0.257  a=23.1 b=29.1 gap=22.7 (face=5.3mm) n=[361, 361, 227, 227, 38, 38, 22, 22, 29, 29]  tape=0.257km B=10.55T unif=9.716% hoop=105MPa
  [ 418] OK     f=   0.261  a=22.8 b=28.7 gap=23.0 (face=6.0mm) n=[370, 370, 206, 206, 34, 34, 29, 29, 45, 45]  tape=0.261km B=10.60T unif=8.009% hoop=102MPa
  [ 419] OK     f=   0.257  a=23.3 b=29.5 gap=22.5 (face=5.0mm) n=[374, 374, 228, 228, 17, 17, 36, 36, 16, 16]  tape=0.257km B=10.46T unif=8.287% hoop=105MPa
  [ 420] OK     f=   0.267  a=23.6 b=29.3 gap=22.4 (face=4.8mm) n=[410, 410, 218, 218, 3, 3, 29, 29, 30, 30]  tape=0.267km B=10.75T unif=6.265% hoop=105MPa
  [a=23 b=30 nt=1252] KSP converged reason: 4, iterations: 1
  [a=23 b=30 nt=1436] KSP converged reason: 4, iterations: 1
  [a=23 b=30 nt=1202] KSP converged reason: 4, iterations: 1
  [a=23 b=30 nt=1244] KSP converged reason: 4, iterations: 1
  [a=23 b=29 nt=1208] KSP converged reason: 4, iterations: 1
  [a=23 b=29 nt=1238] KSP converged reason: 4, iterations: 1
  [a=23 b=30 nt=1302] KSP converged reason: 4, iterations: 1
  [a=24 b=30 nt=1376] KSP converged reason: 4, iterations: 1
  [a=23 b=30 nt=1344] KSP converged reason: 4, iterations: 1
  [ 421] viol   f=   0.243  a=23.2 b=29.7 gap=22.3 (face=4.6mm) n=[381, 381, 203, 203, 17, 17, 7, 7, 14, 14]  tape=0.237km B=9.95T unif=2.406% hoop=101MPa
  [ 422] viol   f=   0.397  a=22.9 b=29.8 gap=22.8 (face=5.7mm) n=[388, 388, 181, 181, 8, 8, 14, 14, 10, 10]  tape=0.230km B=9.71T unif=7.245% hoop=92MPa
  [ 423] OK     f=   0.240  a=23.0 b=29.6 gap=23.1 (face=6.3mm) n=[406, 406, 184, 184, 9, 9, 12, 12, 15, 15]  tape=0.240km B=10.11T unif=7.307% hoop=93MPa
  [ 424] viol   f=   0.292  a=23.1 b=29.2 gap=22.8 (face=5.6mm) n=[390, 390, 193, 193, 3, 3, 9, 9, 24, 24]  tape=0.234km B=9.83T unif=3.164% hoop=95MPa
  [ 425] OK     f=   0.286  a=23.0 b=29.7 gap=22.7 (face=5.5mm) n=[380, 380, 185, 185, 67, 67, 61, 61, 25, 25]  tape=0.286km B=10.94T unif=6.557% hoop=111MPa
  [ 426] viol   f=   0.295  a=22.9 b=29.3 gap=23.4 (face=6.8mm) n=[387, 387, 177, 177, 3, 3, 34, 34, 3, 3]  tape=0.229km B=9.82T unif=7.131% hoop=91MPa
  [ 427] viol   f=   0.349  a=23.1 b=29.5 gap=22.7 (face=5.5mm) n=[366, 366, 167, 167, 49, 49, 29, 29, 40, 40]  tape=0.256km B=9.78T unif=3.655% hoop=97MPa
  [ 428] INFEAS f=1006.761  a=22.5 b=29.3 gap=22.7 (face=5.3mm) n=[416, 416, 180, 180, 7, 7, 9, 9, 4, 4]  no evaluation (geometry pre-check)
  [ 429] OK     f=   0.268  a=23.7 b=29.6 gap=22.5 (face=4.9mm) n=[385, 385, 221, 221, 38, 38, 14, 14, 30, 30]  tape=0.268km B=10.61T unif=5.774% hoop=108MPa
  [ 430] OK     f=   0.265  a=23.4 b=29.7 gap=22.7 (face=5.5mm) n=[389, 389, 189, 189, 34, 34, 29, 29, 31, 31]  tape=0.265km B=10.32T unif=6.339% hoop=101MPa
  [a=23 b=30 nt=1270] KSP converged reason: 4, iterations: 1
  [a=24 b=30 nt=1358] KSP converged reason: 4, iterations: 1
  [a=23 b=30 nt=1290] KSP converged reason: 4, iterations: 1
  [a=23 b=29 nt=1280] KSP converged reason: 4, iterations: 1
  [a=23 b=30 nt=1320] KSP converged reason: 4, iterations: 1
  [a=23 b=30 nt=1362] KSP converged reason: 4, iterations: 1
  [a=23 b=30 nt=1348] KSP converged reason: 4, iterations: 1
  [a=23 b=30 nt=1278] KSP converged reason: 4, iterations: 1
  [a=23 b=30 nt=1342] KSP converged reason: 4, iterations: 1
  [ 431] OK     f=   0.249  a=23.2 b=29.7 gap=22.9 (face=5.7mm) n=[398, 398, 198, 198, 1, 1, 23, 23, 25, 25]  tape=0.249km B=10.24T unif=6.451% hoop=99MPa
  [ 432] INFEAS f=1004.825  a=23.1 b=30.0 gap=23.0 (face=6.0mm) n=[429, 429, 183, 183, 11, 11, 12, 12, 21, 21]  no evaluation (geometry pre-check)
  [ 433] OK     f=   0.258  a=23.4 b=29.7 gap=22.8 (face=5.6mm) n=[383, 383, 194, 194, 48, 48, 27, 27, 8, 8]  tape=0.258km B=10.33T unif=6.306% hoop=103MPa
  [ 434] OK     f=   0.242  a=22.9 b=29.3 gap=23.0 (face=6.0mm) n=[387, 387, 212, 212, 6, 6, 29, 29, 6, 6]  tape=0.242km B=10.39T unif=7.943% hoop=96MPa
  [ 435] OK     f=   0.265  a=23.1 b=29.8 gap=22.4 (face=4.8mm) n=[368, 368, 214, 214, 58, 58, 6, 6, 35, 35]  tape=0.265km B=10.43T unif=3.778% hoop=107MPa
  [ 436] OK     f=   0.269  a=23.6 b=29.9 gap=22.9 (face=5.8mm) n=[409, 409, 192, 192, 17, 17, 14, 14, 47, 47]  tape=0.269km B=10.45T unif=6.154% hoop=100MPa
  [ 437] OK     f=   0.245  a=23.5 b=29.6 gap=22.6 (face=5.3mm) n=[400, 400, 191, 191, 24, 24, 17, 17, 3, 3]  tape=0.245km B=10.15T unif=4.526% hoop=99MPa
  [ 438] OK     f=   0.267  a=23.1 b=29.7 gap=22.7 (face=5.4mm) n=[388, 388, 176, 176, 63, 63, 30, 30, 17, 17]  tape=0.267km B=10.32T unif=5.451% hoop=102MPa
  [ 439] OK     f=   0.245  a=23.4 b=29.9 gap=22.6 (face=5.3mm) n=[395, 395, 211, 211, 20, 20, 4, 4, 9, 9]  tape=0.245km B=10.12T unif=1.820% hoop=101MPa
  [ 440] OK     f=   0.262  a=23.3 b=29.7 gap=23.2 (face=6.3mm) n=[382, 382, 201, 201, 37, 37, 4, 4, 47, 47]  tape=0.262km B=10.37T unif=6.790% hoop=101MPa
  [a=23 b=30 nt=1372] KSP converged reason: 4, iterations: 1
  [a=23 b=30 nt=1344] KSP converged reason: 4, iterations: 1
  [a=23 b=30 nt=1290] KSP converged reason: 4, iterations: 1
  [a=23 b=30 nt=1342] KSP converged reason: 4, iterations: 1
  [a=23 b=30 nt=1238] KSP converged reason: 4, iterations: 1
  [a=23 b=29 nt=1298] KSP converged reason: 4, iterations: 1
  [a=23 b=29 nt=1228] KSP converged reason: 4, iterations: 1
  [a=23 b=30 nt=1256] KSP converged reason: 4, iterations: 1
  [a=23 b=29 nt=1302] KSP converged reason: 4, iterations: 1
  [a=23 b=29 nt=1298] KSP converged reason: 4, iterations: 1
  [ 441] OK     f=   0.246  a=23.3 b=29.7 gap=22.7 (face=5.5mm) n=[401, 401, 215, 215, 13, 13, 14, 14, 2, 2]  tape=0.246km B=10.45T unif=5.491% hoop=103MPa
  [ 442] OK     f=   0.261  a=23.2 b=29.5 gap=23.1 (face=6.1mm) n=[414, 414, 198, 198, 26, 26, 33, 33, 1, 1]  tape=0.261km B=10.74T unif=5.341% hoop=104MPa
  [ 443] OK     f=   0.268  a=23.3 b=29.6 gap=22.5 (face=5.1mm) n=[403, 403, 205, 205, 15, 15, 48, 48, 15, 15]  tape=0.268km B=10.77T unif=6.158% hoop=104MPa
  [ 444] OK     f=   0.244  a=22.8 b=29.5 gap=22.7 (face=5.5mm) n=[374, 374, 228, 228, 13, 13, 30, 30, 4, 4]  tape=0.244km B=10.36T unif=6.841% hoop=101MPa
  [ 445] OK     f=   0.260  a=23.3 b=29.7 gap=22.8 (face=5.5mm) n=[404, 404, 211, 211, 4, 4, 51, 51, 1, 1]  tape=0.260km B=10.56T unif=4.172% hoop=105MPa
  [ 446] viol   f=   0.237  a=23.4 b=29.9 gap=22.6 (face=5.1mm) n=[380, 380, 201, 201, 27, 27, 9, 9, 2, 2]  tape=0.237km B=10.00T unif=6.950% hoop=99MPa
  [ 447] viol   f=   0.234  a=22.8 b=29.3 gap=22.9 (face=5.8mm) n=[377, 377, 200, 200, 26, 26, 6, 6, 5, 5]  tape=0.231km B=9.96T unif=5.819% hoop=96MPa
  [ 448] OK     f=   0.240  a=23.4 b=29.9 gap=22.7 (face=5.4mm) n=[416, 416, 196, 196, 7, 7, 4, 4, 5, 5]  tape=0.240km B=10.29T unif=6.013% hoop=101MPa
  [ 449] OK     f=   0.249  a=23.0 b=29.3 gap=23.0 (face=6.1mm) n=[405, 405, 199, 199, 1, 1, 40, 40, 6, 6]  tape=0.249km B=10.48T unif=6.490% hoop=97MPa
  [ 450] OK     f=   0.247  a=23.0 b=29.3 gap=23.1 (face=6.2mm) n=[396, 396, 203, 203, 1, 1, 43, 43, 6, 6]  tape=0.247km B=10.25T unif=4.214% hoop=99MPa
  [a=23 b=30 nt=1306] KSP converged reason: 4, iterations: 1
  [a=23 b=30 nt=1388] KSP converged reason: 4, iterations: 1
  [a=23 b=30 nt=1284] KSP converged reason: 4, iterations: 1
  [a=23 b=29 nt=1222] KSP converged reason: 4, iterations: 1
  [a=23 b=30 nt=1206] KSP converged reason: 4, iterations: 1
  [a=23 b=29 nt=1318] KSP converged reason: 4, iterations: 1
  [a=23 b=29 nt=1266] KSP converged reason: 4, iterations: 1
  [a=23 b=29 nt=1260] KSP converged reason: 4, iterations: 1
  [a=23 b=29 nt=1218] KSP converged reason: 4, iterations: 1
  [a=23 b=30 nt=1304] KSP converged reason: 4, iterations: 1
  [ 451] viol   f=   0.243  a=23.2 b=29.4 gap=23.0 (face=5.9mm) n=[381, 381, 197, 197, 22, 22, 3, 3, 8, 8]  tape=0.231km B=9.92T unif=6.221% hoop=97MPa
  [ 452] OK     f=   0.253  a=23.1 b=29.5 gap=22.8 (face=5.6mm) n=[394, 394, 195, 195, 32, 32, 21, 21, 11, 11]  tape=0.253km B=10.30T unif=4.309% hoop=101MPa
  [ 453] viol   f=   0.303  a=22.9 b=29.7 gap=22.5 (face=4.9mm) n=[385, 385, 193, 193, 8, 8, 5, 5, 12, 12]  tape=0.228km B=9.81T unif=3.774% hoop=94MPa
  [ 454] OK     f=   0.270  a=23.0 b=29.7 gap=22.6 (face=5.3mm) n=[380, 380, 219, 219, 17, 17, 46, 46, 32, 32]  tape=0.270km B=10.52T unif=4.329% hoop=104MPa
  [ 455] OK     f=   0.246  a=23.0 b=29.7 gap=22.8 (face=5.6mm) n=[383, 383, 208, 208, 20, 20, 9, 9, 22, 22]  tape=0.246km B=10.19T unif=6.280% hoop=99MPa
  [ 456] OK     f=   0.250  a=22.9 b=29.4 gap=22.8 (face=5.6mm) n=[385, 385, 217, 217, 5, 5, 51, 51, 1, 1]  tape=0.250km B=10.59T unif=7.723% hoop=101MPa
  [ 457] OK     f=   0.239  a=22.7 b=28.9 gap=22.7 (face=5.5mm) n=[374, 374, 196, 196, 19, 19, 33, 33, 11, 11]  tape=0.239km B=10.07T unif=4.269% hoop=100MPa
  [ 458] OK     f=   0.235  a=22.9 b=29.2 gap=22.9 (face=5.8mm) n=[363, 363, 221, 221, 18, 18, 19, 19, 9, 9]  tape=0.235km B=10.15T unif=9.566% hoop=99MPa
  [ 459] viol   f=   0.230  a=23.2 b=29.4 gap=22.7 (face=5.3mm) n=[371, 371, 212, 212, 12, 12, 11, 11, 3, 3]  tape=0.228km B=9.97T unif=6.322% hoop=100MPa
  [ 460] OK     f=   0.252  a=23.2 b=29.7 gap=22.8 (face=5.5mm) n=[386, 386, 206, 206, 15, 15, 35, 35, 10, 10]  tape=0.252km B=10.38T unif=6.516% hoop=100MPa
  [a=23 b=29 nt=1244] KSP converged reason: 4, iterations: 1
  [a=23 b=29 nt=1286] KSP converged reason: 4, iterations: 1
  [a=23 b=29 nt=1284] KSP converged reason: 4, iterations: 1
  [a=23 b=29 nt=1194] KSP converged reason: 4, iterations: 1
  [a=23 b=29 nt=1220] KSP converged reason: 4, iterations: 1
  [a=23 b=29 nt=1234] KSP converged reason: 4, iterations: 1
  [a=23 b=29 nt=1244] KSP converged reason: 4, iterations: 1
  [a=23 b=29 nt=1240] KSP converged reason: 4, iterations: 1
  [a=23 b=30 nt=1258] KSP converged reason: 4, iterations: 1
  [a=23 b=29 nt=1320] KSP converged reason: 4, iterations: 1
  [ 461] viol   f=   0.238  a=23.2 b=29.3 gap=22.9 (face=5.8mm) n=[366, 366, 211, 211, 26, 26, 3, 3, 16, 16]  tape=0.234km B=9.96T unif=6.172% hoop=98MPa
  [ 462] viol   f=   0.246  a=23.1 b=29.2 gap=22.5 (face=5.0mm) n=[368, 368, 209, 209, 5, 5, 11, 11, 4, 4]  tape=0.222km B=9.89T unif=7.974% hoop=99MPa
  [ 463] viol   f=   0.258  a=22.9 b=29.5 gap=22.3 (face=4.6mm) n=[361, 361, 212, 212, 21, 21, 8, 8, 8, 8]  tape=0.228km B=9.88T unif=6.432% hoop=99MPa
  [ 464] OK     f=   0.240  a=22.8 b=29.3 gap=22.7 (face=5.4mm) n=[361, 361, 226, 226, 12, 12, 31, 31, 12, 12]  tape=0.240km B=10.15T unif=6.659% hoop=102MPa
  [ 465] OK     f=   0.246  a=23.1 b=29.4 gap=22.9 (face=5.8mm) n=[379, 379, 204, 204, 28, 28, 30, 30, 2, 2]  tape=0.246km B=10.09T unif=4.315% hoop=99MPa
  [ 466] viol   f=   0.255  a=22.8 b=29.3 gap=22.6 (face=5.1mm) n=[365, 365, 196, 196, 25, 25, 22, 22, 9, 9]  tape=0.234km B=9.90T unif=7.221% hoop=97MPa
  [ 467] viol   f=   0.233  a=23.1 b=29.2 gap=22.6 (face=5.3mm) n=[365, 365, 216, 216, 31, 31, 7, 7, 3, 3]  tape=0.233km B=9.99T unif=4.716% hoop=101MPa
  [ 468] OK     f=   0.234  a=22.9 b=29.4 gap=23.0 (face=6.1mm) n=[376, 376, 206, 206, 18, 18, 12, 12, 8, 8]  tape=0.234km B=10.01T unif=6.017% hoop=97MPa
  [ 469] OK     f=   0.238  a=23.3 b=29.5 gap=22.6 (face=5.1mm) n=[373, 373, 218, 218, 11, 11, 3, 3, 24, 24]  tape=0.238km B=10.15T unif=7.733% hoop=101MPa
  [ 470] OK     f=   0.250  a=23.0 b=29.2 gap=22.7 (face=5.5mm) n=[361, 361, 220, 220, 13, 13, 50, 50, 16, 16]  tape=0.250km B=10.31T unif=6.369% hoop=104MPa
  [a=23 b=29 nt=1278] KSP converged reason: 4, iterations: 1
  [a=23 b=30 nt=1236] KSP converged reason: 4, iterations: 1
  [a=23 b=30 nt=1282] KSP converged reason: 4, iterations: 1
  [a=23 b=29 nt=1284] KSP converged reason: 4, iterations: 1
  [a=23 b=29 nt=1246] KSP converged reason: 4, iterations: 1
  [a=23 b=29 nt=1228] KSP converged reason: 4, iterations: 1
  [a=23 b=29 nt=1240] KSP converged reason: 4, iterations: 1
  [a=23 b=30 nt=1256] KSP converged reason: 4, iterations: 1
  [a=23 b=29 nt=1276] KSP converged reason: 4, iterations: 1
  [a=23 b=29 nt=1242] KSP converged reason: 4, iterations: 1
  [ 471] OK     f=   0.241  a=23.2 b=29.1 gap=22.6 (face=5.2mm) n=[368, 368, 224, 224, 14, 14, 12, 12, 24, 24]  tape=0.241km B=10.41T unif=8.750% hoop=102MPa
  [ 472] viol   f=   0.309  a=23.3 b=29.5 gap=22.7 (face=5.4mm) n=[379, 379, 203, 203, 3, 3, 25, 25, 8, 8]  tape=0.235km B=9.81T unif=3.140% hoop=99MPa
  [ 473] viol   f=   0.320  a=23.1 b=29.5 gap=22.5 (face=5.0mm) n=[354, 354, 213, 213, 35, 35, 9, 9, 3, 3]  tape=0.231km B=9.79T unif=4.048% hoop=100MPa
  [ 474] OK     f=   0.241  a=22.9 b=29.6 gap=22.8 (face=5.5mm) n=[377, 377, 225, 225, 9, 9, 15, 15, 15, 15]  tape=0.241km B=10.41T unif=7.897% hoop=100MPa
  [ 475] OK     f=   0.238  a=23.0 b=29.2 gap=22.9 (face=5.7mm) n=[378, 378, 226, 226, 16, 16, 4, 4, 15, 15]  tape=0.238km B=10.30T unif=6.052% hoop=100MPa
  [ 476] OK     f=   0.232  a=23.2 b=29.4 gap=22.8 (face=5.5mm) n=[372, 372, 226, 226, 11, 11, 9, 9, 5, 5]  tape=0.232km B=10.33T unif=8.386% hoop=101MPa
  [ 477] OK     f=   0.230  a=23.2 b=29.0 gap=22.6 (face=5.3mm) n=[360, 360, 221, 221, 19, 19, 10, 10, 10, 10]  tape=0.230km B=10.03T unif=10.153% hoop=99MPa
  [ 478] OK     f=   0.236  a=23.1 b=29.6 gap=22.5 (face=5.1mm) n=[383, 383, 224, 224, 9, 9, 10, 10, 2, 2]  tape=0.236km B=10.25T unif=3.733% hoop=101MPa
  [ 479] OK     f=   0.244  a=23.1 b=29.3 gap=22.4 (face=4.8mm) n=[366, 366, 202, 202, 41, 41, 21, 21, 8, 8]  tape=0.244km B=10.15T unif=4.551% hoop=103MPa
  [ 480] viol   f=   0.238  a=23.2 b=29.3 gap=22.6 (face=5.1mm) n=[370, 370, 205, 205, 24, 24, 9, 9, 13, 13]  tape=0.235km B=9.96T unif=4.122% hoop=101MPa
  [a=23 b=29 nt=1298] KSP converged reason: 4, iterations: 1
  [a=23 b=29 nt=1262] KSP converged reason: 4, iterations: 1
  [a=23 b=29 nt=1280] KSP converged reason: 4, iterations: 1
  [a=23 b=29 nt=1286] KSP converged reason: 4, iterations: 1
  [a=23 b=29 nt=1244] KSP converged reason: 4, iterations: 1
  [a=23 b=29 nt=1276] KSP converged reason: 4, iterations: 1
  [a=23 b=29 nt=1250] KSP converged reason: 4, iterations: 1
  [a=23 b=29 nt=1230] KSP converged reason: 4, iterations: 1
  [a=23 b=29 nt=1280] KSP converged reason: 4, iterations: 1
  [a=23 b=29 nt=1258] KSP converged reason: 4, iterations: 1
  [ 481] OK     f=   0.239  a=23.0 b=29.3 gap=22.8 (face=5.6mm) n=[368, 368, 228, 228, 14, 14, 22, 22, 6, 6]  tape=0.239km B=10.37T unif=9.104% hoop=102MPa
  [ 482] OK     f=   0.241  a=23.3 b=29.1 gap=22.8 (face=5.6mm) n=[360, 360, 227, 227, 14, 14, 9, 9, 33, 33]  tape=0.241km B=10.22T unif=9.732% hoop=101MPa
  [ 483] OK     f=   0.233  a=23.2 b=29.4 gap=22.6 (face=5.2mm) n=[370, 370, 222, 222, 3, 3, 19, 19, 8, 8]  tape=0.233km B=10.02T unif=3.533% hoop=101MPa
  [ 484] OK     f=   0.236  a=23.1 b=29.0 gap=22.8 (face=5.6mm) n=[358, 358, 217, 217, 32, 32, 20, 20, 4, 4]  tape=0.236km B=10.10T unif=7.771% hoop=101MPa
  [ 485] OK     f=   0.244  a=23.0 b=29.3 gap=22.7 (face=5.4mm) n=[382, 382, 223, 223, 14, 14, 5, 5, 25, 25]  tape=0.244km B=10.38T unif=6.810% hoop=100MPa
  [ 486] OK     f=   0.239  a=23.3 b=28.7 gap=22.8 (face=5.6mm) n=[357, 357, 222, 222, 18, 18, 21, 21, 22, 22]  tape=0.239km B=10.22T unif=8.824% hoop=101MPa
  [ 487] viol   f=   0.236  a=23.1 b=29.3 gap=22.6 (face=5.1mm) n=[356, 356, 210, 210, 35, 35, 14, 14, 10, 10]  tape=0.236km B=9.99T unif=6.715% hoop=102MPa
  [ 488] viol   f=   0.231  a=23.0 b=29.5 gap=22.5 (face=5.0mm) n=[372, 372, 214, 214, 20, 20, 2, 2, 7, 7]  tape=0.230km B=9.99T unif=5.502% hoop=99MPa
  [ 489] OK     f=   0.238  a=23.1 b=29.2 gap=22.6 (face=5.2mm) n=[348, 348, 239, 239, 28, 28, 8, 8, 17, 17]  tape=0.238km B=10.36T unif=12.057% hoop=104MPa
  [ 490] OK     f=   0.234  a=23.3 b=29.4 gap=22.4 (face=4.8mm) n=[367, 367, 235, 235, 16, 16, 4, 4, 7, 7]  tape=0.234km B=10.31T unif=9.555% hoop=103MPa
  [a=23 b=29 nt=1262] KSP converged reason: 4, iterations: 1
  [a=23 b=29 nt=1204] KSP converged reason: 4, iterations: 1
  [a=23 b=30 nt=1264] KSP converged reason: 4, iterations: 1
  [a=23 b=30 nt=1246] KSP converged reason: 4, iterations: 1
  [a=23 b=30 nt=1266] KSP converged reason: 4, iterations: 1
  [a=23 b=30 nt=1248] KSP converged reason: 4, iterations: 1
  [a=23 b=30 nt=1240] KSP converged reason: 4, iterations: 1
  [a=23 b=30 nt=1288] KSP converged reason: 4, iterations: 1
  [a=24 b=30 nt=1336] KSP converged reason: 4, iterations: 1
  [a=23 b=29 nt=1316] KSP converged reason: 4, iterations: 1
  [ 491] viol   f=   0.261  a=22.9 b=29.2 gap=22.9 (face=5.7mm) n=[383, 383, 197, 197, 3, 3, 15, 15, 4, 4]  tape=0.225km B=9.87T unif=4.102% hoop=97MPa
  [ 492] OK     f=   0.237  a=23.2 b=29.6 gap=22.4 (face=4.9mm) n=[375, 375, 231, 231, 7, 7, 7, 7, 12, 12]  tape=0.237km B=10.19T unif=6.105% hoop=101MPa
  [ 493] OK     f=   0.238  a=23.0 b=29.4 gap=22.4 (face=4.8mm) n=[373, 373, 213, 213, 15, 15, 8, 8, 22, 22]  tape=0.238km B=10.11T unif=4.597% hoop=100MPa
  [ 494] OK     f=   0.238  a=23.1 b=29.5 gap=22.4 (face=4.7mm) n=[383, 383, 223, 223, 15, 15, 1, 1, 11, 11]  tape=0.238km B=10.27T unif=4.857% hoop=101MPa
  [ 495] OK     f=   0.235  a=23.2 b=29.5 gap=22.5 (face=5.0mm) n=[385, 385, 213, 213, 6, 6, 3, 3, 16, 16]  tape=0.235km B=10.09T unif=3.493% hoop=99MPa
  [ 496] viol   f=   0.259  a=23.4 b=29.8 gap=22.2 (face=4.4mm) n=[365, 365, 210, 210, 28, 28, 20, 20, 1, 1]  tape=0.239km B=9.90T unif=2.062% hoop=102MPa
  [ 497] OK     f=   0.232  a=23.1 b=29.7 gap=22.6 (face=5.1mm) n=[374, 374, 225, 225, 6, 6, 6, 6, 9, 9]  tape=0.232km B=10.10T unif=5.432% hoop=101MPa
  [ 498] OK     f=   0.246  a=23.2 b=29.7 gap=22.5 (face=5.0mm) n=[381, 381, 217, 217, 6, 6, 26, 26, 14, 14]  tape=0.246km B=10.19T unif=4.248% hoop=101MPa
  [ 499] OK     f=   0.258  a=23.5 b=29.9 gap=22.3 (face=4.6mm) n=[392, 392, 227, 227, 11, 11, 30, 30, 8, 8]  tape=0.258km B=10.39T unif=2.405% hoop=105MPa
  [ 500] OK     f=   0.244  a=23.0 b=29.1 gap=22.7 (face=5.4mm) n=[358, 358, 244, 244, 5, 5, 37, 37, 14, 14]  tape=0.244km B=10.44T unif=8.260% hoop=102MPa
  [a=23 b=30 nt=1302] KSP converged reason: 4, iterations: 1
  [a=23 b=29 nt=1310] KSP converged reason: 4, iterations: 1
  [a=23 b=30 nt=1282] KSP converged reason: 4, iterations: 1
  [a=24 b=29 nt=1246] KSP converged reason: 4, iterations: 1
  [a=23 b=30 nt=1274] KSP converged reason: 4, iterations: 1
  [a=23 b=30 nt=1256] KSP converged reason: 4, iterations: 1
  [a=23 b=30 nt=1326] KSP converged reason: 4, iterations: 1
  [a=23 b=30 nt=1282] KSP converged reason: 4, iterations: 1
  [a=23 b=30 nt=1238] KSP converged reason: 4, iterations: 1
  [a=23 b=30 nt=1258] KSP converged reason: 4, iterations: 1
  [ 501] OK     f=   0.234  a=23.5 b=29.4 gap=22.2 (face=4.4mm) n=[376, 376, 224, 224, 12, 12, 5, 5, 6, 6]  tape=0.234km B=10.19T unif=4.714% hoop=104MPa
  [ 502] OK     f=   0.242  a=23.3 b=30.0 gap=22.3 (face=4.7mm) n=[390, 390, 235, 235, 2, 2, 7, 7, 7, 7]  tape=0.242km B=10.41T unif=3.485% hoop=103MPa
  [ 503] OK     f=   0.250  a=23.4 b=29.8 gap=22.5 (face=4.9mm) n=[389, 389, 219, 219, 18, 18, 15, 15, 10, 10]  tape=0.250km B=10.35T unif=4.458% hoop=103MPa
  [ 504] OK     f=   0.243  a=23.1 b=29.5 gap=22.6 (face=5.1mm) n=[376, 376, 208, 208, 13, 13, 7, 7, 33, 33]  tape=0.243km B=10.04T unif=4.746% hoop=100MPa
  [ 505] OK     f=   0.247  a=23.1 b=29.4 gap=22.6 (face=5.2mm) n=[381, 381, 231, 231, 9, 9, 17, 17, 17, 17]  tape=0.247km B=10.45T unif=4.613% hoop=103MPa
  [ 506] OK     f=   0.236  a=23.4 b=29.7 gap=22.3 (face=4.6mm) n=[374, 374, 230, 230, 15, 15, 1, 1, 8, 8]  tape=0.236km B=10.21T unif=5.475% hoop=137MPa
  [ 507] OK     f=   0.255  a=23.2 b=29.7 gap=22.5 (face=5.0mm) n=[389, 389, 219, 219, 19, 19, 18, 18, 18, 18]  tape=0.255km B=10.49T unif=7.631% hoop=103MPa
  [ 508] OK     f=   0.247  a=23.3 b=29.7 gap=22.4 (face=4.8mm) n=[389, 389, 203, 203, 24, 24, 3, 3, 22, 22]  tape=0.247km B=10.25T unif=6.259% hoop=102MPa
  [ 509] OK     f=   0.232  a=23.1 b=29.7 gap=22.5 (face=5.0mm) n=[373, 373, 225, 225, 4, 4, 15, 15, 2, 2]  tape=0.232km B=10.00T unif=3.211% hoop=101MPa
  [ 510] OK     f=   0.234  a=23.0 b=29.5 gap=22.5 (face=5.1mm) n=[378, 378, 230, 230, 7, 7, 12, 12, 2, 2]  tape=0.234km B=10.32T unif=6.482% hoop=101MPa
  [a=23 b=30 nt=1300] KSP converged reason: 4, iterations: 1
  [a=23 b=30 nt=1302] KSP converged reason: 4, iterations: 1
  [a=23 b=30 nt=1204] KSP converged reason: 4, iterations: 1
  [a=23 b=30 nt=1204] KSP converged reason: 4, iterations: 1
  [a=23 b=30 nt=1260] KSP converged reason: 4, iterations: 1
  [a=23 b=29 nt=1292] KSP converged reason: 4, iterations: 1
  [a=23 b=30 nt=1256] KSP converged reason: 4, iterations: 1
  [a=23 b=30 nt=1278] KSP converged reason: 4, iterations: 1
  [a=23 b=30 nt=1282] KSP converged reason: 4, iterations: 1
  [a=23 b=30 nt=1254] KSP converged reason: 4, iterations: 1
  [ 511] OK     f=   0.238  a=23.0 b=29.7 gap=22.7 (face=5.4mm) n=[372, 372, 218, 218, 4, 4, 33, 33, 3, 3]  tape=0.238km B=10.14T unif=7.665% hoop=101MPa
  [ 512] OK     f=   0.251  a=23.4 b=29.9 gap=22.2 (face=4.4mm) n=[385, 385, 215, 215, 35, 35, 3, 3, 12, 12]  tape=0.251km B=10.34T unif=7.562% hoop=104MPa
  [ 513] viol   f=   0.270  a=23.3 b=30.0 gap=22.3 (face=4.6mm) n=[379, 379, 208, 208, 5, 5, 7, 7, 3, 3]  tape=0.228km B=9.85T unif=5.086% hoop=99MPa
  [ 514] OK     f=   0.249  a=23.3 b=29.8 gap=22.4 (face=4.8mm) n=[380, 380, 225, 225, 24, 24, 16, 16, 6, 6]  tape=0.249km B=10.41T unif=8.506% hoop=104MPa
  [ 515] viol   f=   0.226  a=23.3 b=29.5 gap=22.4 (face=4.7mm) n=[373, 373, 215, 215, 1, 1, 6, 6, 7, 7]  tape=0.225km B=9.97T unif=7.705% hoop=100MPa
  [ 516] OK     f=   0.243  a=23.1 b=29.5 gap=22.4 (face=4.7mm) n=[377, 377, 228, 228, 5, 5, 23, 23, 13, 13]  tape=0.243km B=10.42T unif=6.871% hoop=103MPa
  [ 517] OK     f=   0.240  a=23.1 b=29.8 gap=22.5 (face=4.9mm) n=[392, 392, 202, 202, 3, 3, 20, 20, 11, 11]  tape=0.240km B=10.05T unif=3.051% hoop=99MPa
  [ 518] OK     f=   0.245  a=23.4 b=29.9 gap=22.5 (face=4.9mm) n=[370, 370, 220, 220, 37, 37, 4, 4, 8, 8]  tape=0.245km B=10.25T unif=7.312% hoop=104MPa
  [ 519] OK     f=   0.244  a=23.4 b=29.8 gap=22.6 (face=5.2mm) n=[384, 384, 223, 223, 5, 5, 20, 20, 9, 9]  tape=0.244km B=10.23T unif=4.714% hoop=102MPa
  [ 520] OK     f=   0.237  a=23.2 b=29.8 gap=22.3 (face=4.6mm) n=[374, 374, 224, 224, 11, 11, 1, 1, 17, 17]  tape=0.237km B=10.19T unif=8.337% hoop=102MPa
  [a=23 b=30 nt=1250] KSP converged reason: 4, iterations: 1
  [a=23 b=30 nt=1256] KSP converged reason: 4, iterations: 1
  [a=23 b=29 nt=1262] KSP converged reason: 4, iterations: 1
  [a=23 b=30 nt=1210] KSP converged reason: 4, iterations: 1
  [a=23 b=30 nt=1218] KSP converged reason: 4, iterations: 1
  [a=23 b=30 nt=1264] KSP converged reason: 4, iterations: 1
  [a=23 b=29 nt=1236] KSP converged reason: 4, iterations: 1
  [a=23 b=30 nt=1232] KSP converged reason: 4, iterations: 1
  [a=23 b=30 nt=1274] KSP converged reason: 4, iterations: 1
  [a=23 b=30 nt=1214] KSP converged reason: 4, iterations: 1
  [ 521] viol   f=   0.264  a=23.1 b=29.6 gap=22.5 (face=5.0mm) n=[368, 368, 207, 207, 19, 19, 9, 9, 6, 6]  tape=0.230km B=9.87T unif=7.067% hoop=98MPa
  [ 522] OK     f=   0.238  a=23.3 b=29.5 gap=22.5 (face=5.0mm) n=[374, 374, 213, 213, 6, 6, 22, 22, 13, 13]  tape=0.238km B=10.01T unif=2.827% hoop=101MPa
  [ 523] OK     f=   0.239  a=23.1 b=29.4 gap=22.6 (face=5.1mm) n=[369, 369, 210, 210, 26, 26, 11, 11, 15, 15]  tape=0.239km B=10.09T unif=6.565% hoop=100MPa
  [ 524] OK     f=   0.236  a=23.2 b=29.6 gap=22.4 (face=4.8mm) n=[384, 384, 217, 217, 3, 3, 17, 17, 4, 4]  tape=0.236km B=10.10T unif=3.235% hoop=100MPa
  [ 525] OK     f=   0.240  a=23.5 b=29.9 gap=22.3 (face=4.6mm) n=[373, 373, 228, 228, 10, 10, 10, 10, 11, 11]  tape=0.240km B=10.19T unif=6.110% hoop=103MPa
  [ 526] viol   f=   0.324  a=23.2 b=29.7 gap=22.5 (face=5.0mm) n=[378, 378, 200, 200, 13, 13, 1, 1, 13, 13]  tape=0.229km B=9.78T unif=4.501% hoop=98MPa
  [ 527] viol   f=   0.228  a=23.4 b=29.8 gap=22.1 (face=4.3mm) n=[377, 377, 219, 219, 5, 5, 4, 4, 2, 2]  tape=0.228km B=9.99T unif=5.529% hoop=103MPa
  [ 528] OK     f=   0.230  a=22.9 b=29.5 gap=22.4 (face=4.9mm) n=[378, 378, 216, 216, 8, 8, 11, 11, 3, 3]  tape=0.230km B=10.16T unif=6.806% hoop=100MPa
  [ 529] viol   f=   0.238  a=23.2 b=29.4 gap=22.3 (face=4.7mm) n=[369, 369, 215, 215, 9, 9, 17, 17, 8, 8]  tape=0.232km B=9.95T unif=3.344% hoop=101MPa
  [ 530] OK     f=   0.243  a=23.3 b=29.8 gap=22.3 (face=4.7mm) n=[377, 377, 220, 220, 15, 15, 19, 19, 6, 6]  tape=0.243km B=10.11T unif=2.807% hoop=103MPa
  [a=23 b=30 nt=1308] KSP converged reason: 4, iterations: 1
  [a=23 b=30 nt=1292] KSP converged reason: 4, iterations: 1
  [a=23 b=30 nt=1228] KSP converged reason: 4, iterations: 1
  [a=23 b=30 nt=1300] KSP converged reason: 4, iterations: 1
  [a=23 b=30 nt=1256] KSP converged reason: 4, iterations: 1
  [a=23 b=29 nt=1204] KSP converged reason: 4, iterations: 1
  [a=23 b=29 nt=1238] KSP converged reason: 4, iterations: 1
  [a=23 b=30 nt=1242] KSP converged reason: 4, iterations: 1
  [a=23 b=30 nt=1272] KSP converged reason: 4, iterations: 1
  [a=23 b=30 nt=1220] KSP converged reason: 4, iterations: 1
  [ 531] OK     f=   0.248  a=23.2 b=29.8 gap=22.2 (face=4.5mm) n=[376, 376, 224, 224, 26, 26, 20, 20, 4, 4]  tape=0.248km B=10.45T unif=8.013% hoop=105MPa
  [ 532] OK     f=   0.237  a=23.0 b=29.7 gap=22.3 (face=4.7mm) n=[375, 375, 220, 220, 17, 17, 12, 12, 4, 4]  tape=0.237km B=10.20T unif=7.065% hoop=102MPa
  [ 533] viol   f=   0.233  a=23.2 b=29.8 gap=22.3 (face=4.7mm) n=[392, 392, 203, 203, 9, 9, 8, 8, 2, 2]  tape=0.233km B=9.99T unif=2.455% hoop=101MPa
  [ 534] OK     f=   0.253  a=23.4 b=30.0 gap=22.2 (face=4.5mm) n=[397, 397, 217, 217, 20, 20, 7, 7, 13, 13]  tape=0.253km B=10.40T unif=3.982% hoop=104MPa
  [ 535] OK     f=   0.249  a=23.2 b=29.8 gap=22.4 (face=4.9mm) n=[383, 383, 211, 211, 18, 18, 17, 17, 17, 17]  tape=0.249km B=10.12T unif=2.825% hoop=101MPa
  [ 536] viol   f=   0.263  a=23.2 b=29.4 gap=22.3 (face=4.6mm) n=[364, 364, 215, 215, 3, 3, 13, 13, 7, 7]  tape=0.224km B=9.86T unif=7.366% hoop=99MPa
  [ 537] viol   f=   0.241  a=23.0 b=29.5 gap=22.4 (face=4.9mm) n=[371, 371, 209, 209, 18, 18, 19, 19, 2, 2]  tape=0.233km B=9.94T unif=3.446% hoop=99MPa
  [ 538] OK     f=   0.235  a=23.2 b=29.5 gap=22.5 (face=4.9mm) n=[382, 382, 210, 210, 12, 12, 13, 13, 4, 4]  tape=0.235km B=10.08T unif=5.223% hoop=101MPa
  [ 539] OK     f=   0.242  a=23.1 b=29.7 gap=22.3 (face=4.5mm) n=[391, 391, 212, 212, 9, 9, 21, 21, 3, 3]  tape=0.242km B=10.22T unif=3.146% hoop=101MPa
  [ 540] OK     f=   0.228  a=23.1 b=29.7 gap=22.5 (face=4.9mm) n=[384, 384, 216, 216, 4, 4, 4, 4, 2, 2]  tape=0.228km B=10.13T unif=6.043% hoop=100MPa
  [a=23 b=30 nt=1258] KSP converged reason: 4, iterations: 1
  [a=23 b=30 nt=1264] KSP converged reason: 4, iterations: 1
  [a=23 b=29 nt=1256] KSP converged reason: 4, iterations: 1
  [a=23 b=30 nt=1262] KSP converged reason: 4, iterations: 1
  [a=23 b=30 nt=1238] KSP converged reason: 4, iterations: 1
  [a=23 b=30 nt=1216] KSP converged reason: 4, iterations: 1
  [a=23 b=30 nt=1260] KSP converged reason: 4, iterations: 1
  [a=23 b=30 nt=1302] KSP converged reason: 4, iterations: 1
  [a=23 b=30 nt=1214] KSP converged reason: 4, iterations: 1
  [a=23 b=30 nt=1264] KSP converged reason: 4, iterations: 1
  [ 541] OK     f=   0.238  a=23.1 b=29.5 gap=22.5 (face=4.9mm) n=[387, 387, 208, 208, 24, 24, 3, 3, 6, 6]  tape=0.238km B=10.19T unif=4.685% hoop=100MPa
  [ 542] OK     f=   0.233  a=23.2 b=29.7 gap=22.3 (face=4.5mm) n=[371, 371, 219, 219, 3, 3, 17, 17, 9, 9]  tape=0.233km B=10.02T unif=5.849% hoop=101MPa
  [ 543] OK     f=   0.239  a=22.9 b=29.5 gap=22.8 (face=5.7mm) n=[382, 382, 207, 207, 11, 11, 28, 28, 3, 3]  tape=0.239km B=10.11T unif=3.877% hoop=97MPa
  [ 544] OK     f=   0.239  a=23.2 b=29.7 gap=22.4 (face=4.8mm) n=[396, 396, 209, 209, 15, 15, 6, 6, 3, 3]  tape=0.239km B=10.26T unif=5.199% hoop=100MPa
  [ 545] viol   f=   0.234  a=23.1 b=29.5 gap=22.4 (face=4.8mm) n=[370, 370, 214, 214, 15, 15, 1, 1, 8, 8]  tape=0.228km B=9.95T unif=6.566% hoop=100MPa
  [ 546] OK     f=   0.240  a=23.2 b=29.7 gap=22.1 (face=4.2mm) n=[385, 385, 213, 213, 7, 7, 22, 22, 5, 5]  tape=0.240km B=10.12T unif=1.842% hoop=101MPa
  [ 547] OK     f=   0.227  a=23.1 b=29.7 gap=22.5 (face=5.0mm) n=[384, 384, 213, 213, 8, 8, 1, 1, 1, 1]  tape=0.227km B=10.06T unif=5.865% hoop=100MPa
  [ 548] OK     f=   0.249  a=23.3 b=29.7 gap=22.5 (face=4.9mm) n=[392, 392, 221, 221, 26, 26, 5, 5, 7, 7]  tape=0.249km B=10.42T unif=5.760% hoop=103MPa
  [ 549] OK     f=   0.238  a=22.9 b=29.6 gap=22.5 (face=5.0mm) n=[378, 378, 213, 213, 14, 14, 7, 7, 18, 18]  tape=0.238km B=10.13T unif=7.503% hoop=98MPa
  [ 550] OK     f=   0.239  a=23.0 b=29.6 gap=22.4 (face=4.7mm) n=[391, 391, 210, 210, 27, 27, 3, 3, 1, 1]  tape=0.239km B=10.35T unif=6.485% hoop=100MPa
  [a=23 b=30 nt=1240] KSP converged reason: 4, iterations: 1
  [a=23 b=29 nt=1206] KSP converged reason: 4, iterations: 1
  [a=23 b=30 nt=1208] KSP converged reason: 4, iterations: 1
  [a=23 b=29 nt=1288] KSP converged reason: 4, iterations: 1
  [a=23 b=30 nt=1248] KSP converged reason: 4, iterations: 1
  [a=23 b=30 nt=1224] KSP converged reason: 4, iterations: 1
  [a=23 b=30 nt=1234] KSP converged reason: 4, iterations: 1
  [a=23 b=30 nt=1212] KSP converged reason: 4, iterations: 1
  [a=23 b=30 nt=1226] KSP converged reason: 4, iterations: 1
  [a=23 b=30 nt=1226] KSP converged reason: 4, iterations: 1
  [ 551] viol   f=   0.241  a=22.8 b=29.4 gap=22.7 (face=5.3mm) n=[373, 373, 212, 212, 10, 10, 5, 5, 3, 3]  tape=0.224km B=9.91T unif=3.831% hoop=97MPa
  [ 552] viol   f=   0.279  a=23.3 b=29.8 gap=22.3 (face=4.6mm) n=[386, 386, 203, 203, 4, 4, 7, 7, 4, 4]  tape=0.228km B=9.84T unif=2.310% hoop=98MPa
  [ 553] OK     f=   0.242  a=23.1 b=29.5 gap=22.4 (face=4.8mm) n=[377, 377, 230, 230, 6, 6, 23, 23, 8, 8]  tape=0.242km B=10.40T unif=8.473% hoop=104MPa
  [ 554] OK     f=   0.230  a=23.0 b=29.8 gap=22.4 (face=4.8mm) n=[388, 388, 210, 210, 1, 1, 8, 8, 5, 5]  tape=0.230km B=10.11T unif=5.662% hoop=98MPa
  [ 555] viol   f=   0.248  a=23.2 b=29.5 gap=22.5 (face=4.9mm) n=[371, 371, 206, 206, 32, 32, 2, 2, 13, 13]  tape=0.237km B=9.93T unif=4.084% hoop=100MPa
  [ 556] OK     f=   0.235  a=23.2 b=29.7 gap=22.4 (face=4.9mm) n=[384, 384, 208, 208, 6, 6, 12, 12, 10, 10]  tape=0.235km B=10.07T unif=5.254% hoop=99MPa
  [ 557] viol   f=   0.233  a=23.2 b=29.7 gap=22.4 (face=4.8mm) n=[384, 384, 212, 212, 14, 14, 2, 2, 5, 5]  tape=0.233km B=9.99T unif=3.017% hoop=100MPa
  [ 558] viol   f=   0.263  a=23.0 b=29.7 gap=22.5 (face=5.1mm) n=[376, 376, 217, 217, 5, 5, 5, 5, 3, 3]  tape=0.226km B=9.86T unif=4.251% hoop=98MPa
  [ 559] OK     f=   0.232  a=23.2 b=29.6 gap=22.4 (face=4.8mm) n=[376, 376, 207, 207, 16, 16, 7, 7, 7, 7]  tape=0.232km B=10.01T unif=7.597% hoop=99MPa
  [ 560] OK     f=   0.231  a=23.3 b=29.9 gap=22.2 (face=4.4mm) n=[370, 370, 224, 224, 6, 6, 4, 4, 9, 9]  tape=0.231km B=10.04T unif=6.620% hoop=101MPa
  [a=23 b=30 nt=1256] KSP converged reason: 4, iterations: 1
  [a=23 b=30 nt=1228] KSP converged reason: 4, iterations: 1
  [a=23 b=30 nt=1278] KSP converged reason: 4, iterations: 1
  [a=23 b=30 nt=1246] KSP converged reason: 4, iterations: 1
  [a=23 b=30 nt=1220] KSP converged reason: 4, iterations: 1
  [a=23 b=30 nt=1220] KSP converged reason: 4, iterations: 1
  [a=23 b=30 nt=1206] KSP converged reason: 4, iterations: 1
  [a=23 b=30 nt=1210] KSP converged reason: 4, iterations: 1
  [a=23 b=30 nt=1230] KSP converged reason: 4, iterations: 1
  [a=23 b=30 nt=1214] KSP converged reason: 4, iterations: 1
  [ 561] OK     f=   0.233  a=23.0 b=29.8 gap=22.4 (face=4.7mm) n=[391, 391, 200, 200, 3, 3, 7, 7, 13, 13]  tape=0.233km B=10.05T unif=6.035% hoop=101MPa
  [ 562] OK     f=   0.228  a=23.0 b=29.7 gap=22.6 (face=5.1mm) n=[382, 382, 214, 214, 7, 7, 1, 1, 6, 6]  tape=0.228km B=10.03T unif=4.664% hoop=98MPa
  [ 563] OK     f=   0.240  a=23.1 b=29.8 gap=22.5 (face=5.0mm) n=[391, 391, 203, 203, 6, 6, 16, 16, 12, 12]  tape=0.240km B=10.15T unif=7.054% hoop=101MPa
  [ 564] OK     f=   0.236  a=23.0 b=29.8 gap=22.4 (face=4.9mm) n=[385, 385, 211, 211, 14, 14, 6, 6, 7, 7]  tape=0.236km B=10.10T unif=4.771% hoop=100MPa
  [ 565] OK     f=   0.229  a=23.1 b=29.6 gap=22.5 (face=5.0mm) n=[375, 375, 215, 215, 7, 7, 6, 6, 7, 7]  tape=0.229km B=10.03T unif=6.767% hoop=99MPa
  [ 566] OK     f=   0.244  a=23.1 b=29.8 gap=22.3 (face=4.7mm) n=[386, 386, 217, 217, 6, 6, 14, 14, 16, 16]  tape=0.244km B=10.31T unif=7.964% hoop=102MPa
  [ 567] viol   f=   0.248  a=23.1 b=29.7 gap=22.3 (face=4.5mm) n=[376, 376, 205, 205, 1, 1, 10, 10, 11, 11]  tape=0.227km B=9.90T unif=5.727% hoop=99MPa
  [ 568] viol   f=   0.280  a=23.1 b=29.8 gap=22.2 (face=4.4mm) n=[371, 371, 215, 215, 4, 4, 12, 12, 3, 3]  tape=0.227km B=9.84T unif=2.782% hoop=100MPa
  [ 569] OK     f=   0.231  a=23.3 b=29.7 gap=22.3 (face=4.6mm) n=[375, 375, 223, 223, 1, 1, 9, 9, 7, 7]  tape=0.231km B=10.09T unif=8.207% hoop=101MPa
  [ 570] viol   f=   0.228  a=23.0 b=29.7 gap=22.5 (face=5.1mm) n=[383, 383, 208, 208, 2, 2, 13, 13, 1, 1]  tape=0.228km B=10.00T unif=5.028% hoop=98MPa
  [a=23 b=29 nt=1224] KSP converged reason: 4, iterations: 1
  [a=23 b=30 nt=1236] KSP converged reason: 4, iterations: 1
  [a=23 b=29 nt=1206] KSP converged reason: 4, iterations: 1
  [a=23 b=30 nt=1256] KSP converged reason: 4, iterations: 1
  [a=23 b=30 nt=1230] KSP converged reason: 4, iterations: 1
  [a=23 b=30 nt=1240] KSP converged reason: 4, iterations: 1
  [a=23 b=30 nt=1206] KSP converged reason: 4, iterations: 1
  [a=23 b=30 nt=1226] KSP converged reason: 4, iterations: 1
  [a=23 b=30 nt=1196] KSP converged reason: 4, iterations: 1
  [a=23 b=30 nt=1242] KSP converged reason: 4, iterations: 1
  [ 571] OK     f=   0.231  a=23.1 b=29.7 gap=22.4 (face=4.8mm) n=[380, 380, 215, 215, 12, 12, 5, 5, 3, 3]  tape=0.231km B=10.04T unif=2.006% hoop=100MPa
  [ 572] viol   f=   0.230  a=22.9 b=29.3 gap=22.7 (face=5.5mm) n=[375, 375, 205, 205, 15, 15, 13, 13, 4, 4]  tape=0.230km B=9.99T unif=5.188% hoop=97MPa
  [ 573] OK     f=   0.237  a=23.1 b=29.6 gap=22.5 (face=5.1mm) n=[373, 373, 218, 218, 9, 9, 18, 18, 10, 10]  tape=0.237km B=10.18T unif=7.163% hoop=102MPa
  [ 574] viol   f=   0.234  a=22.9 b=29.5 gap=22.7 (face=5.4mm) n=[386, 386, 203, 203, 6, 6, 3, 3, 5, 5]  tape=0.225km B=9.93T unif=4.427% hoop=96MPa
  [ 575] OK     f=   0.232  a=23.1 b=29.8 gap=22.6 (face=5.1mm) n=[374, 374, 226, 226, 11, 11, 3, 3, 6, 6]  tape=0.232km B=10.14T unif=6.864% hoop=101MPa
  [ 576] OK     f=   0.235  a=23.1 b=29.8 gap=22.4 (face=4.7mm) n=[389, 389, 205, 205, 10, 10, 12, 12, 2, 2]  tape=0.235km B=10.00T unif=2.306% hoop=99MPa
  [ 577] viol   f=   0.237  a=22.9 b=29.9 gap=22.6 (face=5.2mm) n=[385, 385, 204, 204, 9, 9, 3, 3, 2, 2]  tape=0.227km B=9.93T unif=7.193% hoop=99MPa
  [ 578] OK     f=   0.231  a=23.0 b=29.8 gap=22.6 (face=5.1mm) n=[386, 386, 211, 211, 9, 9, 1, 1, 6, 6]  tape=0.231km B=10.03T unif=5.643% hoop=99MPa
  [ 579] viol   f=   0.402  a=23.0 b=29.5 gap=22.8 (face=5.5mm) n=[372, 372, 207, 207, 7, 7, 7, 7, 5, 5]  tape=0.223km B=9.70T unif=4.397% hoop=96MPa
  [ 580] OK     f=   0.232  a=22.9 b=29.7 gap=22.4 (face=4.8mm) n=[381, 381, 225, 225, 4, 4, 2, 2, 9, 9]  tape=0.232km B=10.22T unif=4.979% hoop=101MPa
  [a=23 b=30 nt=1208] KSP converged reason: 4, iterations: 1
  [a=23 b=29 nt=1198] KSP converged reason: 4, iterations: 1
  [a=23 b=30 nt=1236] KSP converged reason: 4, iterations: 1
  [a=23 b=29 nt=1200] KSP converged reason: 4, iterations: 1
  [a=23 b=29 nt=1228] KSP converged reason: 4, iterations: 1
  [a=23 b=30 nt=1202] KSP converged reason: 4, iterations: 1
  [a=23 b=29 nt=1228] KSP converged reason: 4, iterations: 1
  [a=23 b=30 nt=1234] KSP converged reason: 4, iterations: 1
  [a=23 b=29 nt=1274] KSP converged reason: 4, iterations: 1
  [a=23 b=29 nt=1232] KSP converged reason: 4, iterations: 1
  [ 581] viol   f=   0.255  a=22.9 b=29.4 gap=22.8 (face=5.6mm) n=[379, 379, 205, 205, 7, 7, 7, 7, 2, 2]  tape=0.224km B=9.87T unif=5.277% hoop=96MPa
  [ 582] viol   f=   0.333  a=22.8 b=29.5 gap=22.6 (face=5.2mm) n=[382, 382, 195, 195, 9, 9, 9, 9, 4, 4]  tape=0.225km B=9.77T unif=3.610% hoop=96MPa
  [ 583] OK     f=   0.233  a=23.0 b=29.6 gap=22.6 (face=5.2mm) n=[387, 387, 209, 209, 4, 4, 16, 16, 2, 2]  tape=0.233km B=10.04T unif=3.105% hoop=98MPa
  [ 584] OK     f=   0.230  a=23.1 b=29.5 gap=22.6 (face=5.3mm) n=[374, 374, 213, 213, 4, 4, 18, 18, 5, 5]  tape=0.230km B=10.01T unif=6.710% hoop=98MPa
  [ 585] viol   f=   0.224  a=23.1 b=29.6 gap=22.4 (face=4.9mm) n=[378, 378, 213, 213, 7, 7, 1, 1, 2, 2]  tape=0.224km B=9.99T unif=6.270% hoop=99MPa
  [ 586] viol   f=   0.324  a=22.8 b=29.5 gap=22.7 (face=5.4mm) n=[380, 380, 199, 199, 5, 5, 10, 10, 10, 10]  tape=0.227km B=9.78T unif=4.177% hoop=94MPa
  [ 587] OK     f=   0.231  a=23.0 b=29.5 gap=22.6 (face=5.2mm) n=[367, 367, 210, 210, 20, 20, 12, 12, 5, 5]  tape=0.231km B=10.00T unif=7.954% hoop=98MPa
  [ 588] viol   f=   0.232  a=23.1 b=29.5 gap=22.5 (face=5.0mm) n=[367, 367, 213, 213, 19, 19, 12, 12, 6, 6]  tape=0.232km B=9.99T unif=7.852% hoop=100MPa
  [ 589] OK     f=   0.241  a=23.0 b=29.3 gap=22.6 (face=5.3mm) n=[385, 385, 207, 207, 19, 19, 25, 25, 1, 1]  tape=0.241km B=10.20T unif=3.376% hoop=99MPa
  [ 590] viol   f=   0.235  a=22.9 b=29.4 gap=22.8 (face=5.6mm) n=[377, 377, 204, 204, 18, 18, 9, 9, 8, 8]  tape=0.232km B=9.96T unif=4.601% hoop=98MPa
  [a=23 b=30 nt=1250] KSP converged reason: 4, iterations: 1
  [a=23 b=29 nt=1228] KSP converged reason: 4, iterations: 1
  [a=23 b=30 nt=1228] KSP converged reason: 4, iterations: 1
  [a=23 b=29 nt=1198] KSP converged reason: 4, iterations: 1
  [a=23 b=29 nt=1192] KSP converged reason: 4, iterations: 1
  [a=23 b=30 nt=1220] KSP converged reason: 4, iterations: 1
  [a=23 b=30 nt=1234] KSP converged reason: 4, iterations: 1
  [a=23 b=29 nt=1264] KSP converged reason: 4, iterations: 1
  [a=23 b=30 nt=1230] KSP converged reason: 4, iterations: 1
  [a=23 b=29 nt=1226] KSP converged reason: 4, iterations: 1
  [ 591] OK     f=   0.229  a=23.2 b=29.7 gap=22.4 (face=4.8mm) n=[385, 385, 213, 213, 5, 5, 6, 6, 1, 1]  tape=0.229km B=10.03T unif=2.370% hoop=99MPa
  [ 592] viol   f=   0.374  a=22.9 b=29.4 gap=22.7 (face=5.3mm) n=[363, 363, 213, 213, 16, 16, 2, 2, 2, 2]  tape=0.221km B=9.72T unif=3.268% hoop=98MPa
  [ 593] OK     f=   0.236  a=23.1 b=29.5 gap=22.6 (face=5.2mm) n=[385, 385, 211, 211, 11, 11, 10, 10, 8, 8]  tape=0.236km B=10.05T unif=3.946% hoop=98MPa
  [ 594] viol   f=   0.240  a=23.0 b=29.3 gap=22.6 (face=5.2mm) n=[381, 381, 202, 202, 11, 11, 18, 18, 2, 2]  tape=0.231km B=9.93T unif=4.816% hoop=98MPa
  [ 595] viol   f=   0.230  a=23.0 b=29.6 gap=22.4 (face=4.7mm) n=[362, 362, 221, 221, 18, 18, 12, 12, 1, 1]  tape=0.230km B=9.99T unif=7.304% hoop=99MPa
  [ 596] viol   f=   0.232  a=22.9 b=29.4 gap=22.7 (face=5.3mm) n=[374, 374, 210, 210, 1, 1, 8, 8, 6, 6]  tape=0.222km B=9.93T unif=6.929% hoop=98MPa
  [ 597] OK     f=   0.232  a=23.0 b=29.8 gap=22.4 (face=4.9mm) n=[382, 382, 217, 217, 3, 3, 12, 12, 3, 3]  tape=0.232km B=10.02T unif=2.577% hoop=100MPa
  [ 598] OK     f=   0.239  a=23.0 b=29.4 gap=22.7 (face=5.4mm) n=[365, 365, 214, 214, 24, 24, 20, 20, 9, 9]  tape=0.239km B=10.21T unif=8.464% hoop=102MPa
  [ 599] viol   f=   0.256  a=23.1 b=29.8 gap=22.4 (face=4.9mm) n=[380, 380, 207, 207, 10, 10, 11, 11, 7, 7]  tape=0.233km B=9.89T unif=2.757% hoop=98MPa
  [ 600] viol   f=   0.264  a=23.0 b=29.3 gap=22.6 (face=5.1mm) n=[368, 368, 211, 211, 18, 18, 14, 14, 2, 2]  tape=0.229km B=9.87T unif=3.972% hoop=99MPa
  [a=23 b=30 nt=1212] KSP converged reason: 4, iterations: 1
  [a=23 b=29 nt=1230] KSP converged reason: 4, iterations: 1
  [a=23 b=30 nt=1224] KSP converged reason: 4, iterations: 1
  [a=23 b=30 nt=1194] KSP converged reason: 4, iterations: 1
  [a=23 b=30 nt=1208] KSP converged reason: 4, iterations: 1
  [a=23 b=30 nt=1186] KSP converged reason: 4, iterations: 1
  [a=23 b=30 nt=1218] KSP converged reason: 4, iterations: 1
  [a=23 b=30 nt=1184] KSP converged reason: 4, iterations: 1
  [a=23 b=30 nt=1218] KSP converged reason: 4, iterations: 1
  [a=23 b=30 nt=1206] KSP converged reason: 4, iterations: 1
  [ 601] viol   f=   0.262  a=23.1 b=29.7 gap=22.4 (face=4.8mm) n=[375, 375, 213, 213, 2, 2, 1, 1, 2, 2]  tape=0.221km B=9.86T unif=6.061% hoop=99MPa
  [ 602] viol   f=   0.284  a=23.1 b=29.6 gap=22.5 (face=5.0mm) n=[380, 380, 206, 206, 3, 3, 6, 6, 11, 11]  tape=0.228km B=9.83T unif=2.864% hoop=97MPa
  [ 603] viol   f=   0.234  a=23.1 b=29.4 gap=22.6 (face=5.2mm) n=[371, 371, 209, 209, 16, 16, 11, 11, 8, 8]  tape=0.231km B=9.97T unif=5.851% hoop=99MPa
  [ 604] viol   f=   0.243  a=23.3 b=29.7 gap=22.5 (face=4.9mm) n=[378, 378, 207, 207, 1, 1, 8, 8, 3, 3]  tape=0.224km B=9.90T unif=7.044% hoop=99MPa
  [ 605] OK     f=   0.225  a=23.1 b=29.6 gap=22.3 (face=4.6mm) n=[367, 367, 219, 219, 11, 11, 5, 5, 2, 2]  tape=0.225km B=10.04T unif=7.733% hoop=100MPa
  [ 606] OK     f=   0.230  a=23.2 b=29.7 gap=22.3 (face=4.7mm) n=[375, 375, 212, 212, 14, 14, 1, 1, 10, 10]  tape=0.230km B=10.05T unif=6.229% hoop=101MPa
  [ 607] viol   f=   0.241  a=23.0 b=29.6 gap=22.3 (face=4.7mm) n=[370, 370, 215, 215, 10, 10, 7, 7, 7, 7]  tape=0.228km B=9.92T unif=3.760% hoop=101MPa
  [ 608] viol   f=   0.383  a=23.1 b=29.6 gap=22.5 (face=4.9mm) n=[377, 377, 202, 202, 3, 3, 6, 6, 4, 4]  tape=0.221km B=9.72T unif=2.768% hoop=97MPa
  [ 609] OK     f=   0.225  a=23.1 b=29.7 gap=22.5 (face=5.0mm) n=[375, 375, 215, 215, 3, 3, 3, 3, 7, 7]  tape=0.225km B=10.01T unif=8.705% hoop=99MPa
  [ 610] viol   f=   0.269  a=23.1 b=29.5 gap=22.5 (face=4.9mm) n=[380, 380, 208, 208, 7, 7, 9, 9, 5, 5]  tape=0.229km B=9.86T unif=2.283% hoop=97MPa
  [a=23 b=30 nt=1218] KSP converged reason: 4, iterations: 1
  [a=23 b=29 nt=1208] KSP converged reason: 4, iterations: 1
  [a=23 b=30 nt=1220] KSP converged reason: 4, iterations: 1
  [a=23 b=30 nt=1214] KSP converged reason: 4, iterations: 1
  [a=23 b=30 nt=1224] KSP converged reason: 4, iterations: 1
  [a=23 b=30 nt=1210] KSP converged reason: 4, iterations: 1
  [a=23 b=30 nt=1234] KSP converged reason: 4, iterations: 1
  [a=23 b=30 nt=1230] KSP converged reason: 4, iterations: 1
  [a=23 b=30 nt=1236] KSP converged reason: 4, iterations: 1
  [a=23 b=30 nt=1222] KSP converged reason: 4, iterations: 1
  [ 611] viol   f=   0.253  a=23.0 b=29.7 gap=22.3 (face=4.6mm) n=[370, 370, 218, 218, 11, 11, 4, 4, 2, 2]  tape=0.226km B=9.88T unif=3.119% hoop=100MPa
  [ 612] viol   f=   0.233  a=23.1 b=29.7 gap=22.3 (face=4.7mm) n=[360, 360, 229, 229, 6, 6, 4, 4, 13, 13]  tape=0.228km B=9.95T unif=5.312% hoop=99MPa
  [ 613] OK     f=   0.227  a=23.2 b=29.5 gap=22.3 (face=4.7mm) n=[371, 371, 221, 221, 5, 5, 7, 7, 5, 5]  tape=0.227km B=10.03T unif=7.865% hoop=100MPa
  [ 614] viol   f=   0.229  a=23.1 b=29.7 gap=22.4 (face=4.9mm) n=[372, 372, 217, 217, 8, 8, 3, 3, 7, 7]  tape=0.227km B=9.97T unif=6.877% hoop=98MPa
  [ 615] viol   f=   0.229  a=23.1 b=29.4 gap=22.6 (face=5.1mm) n=[367, 367, 211, 211, 11, 11, 8, 8, 7, 7]  tape=0.226km B=9.96T unif=7.908% hoop=99MPa
  [ 616] OK     f=   0.229  a=23.0 b=29.6 gap=22.5 (face=4.9mm) n=[374, 374, 208, 208, 11, 11, 15, 15, 2, 2]  tape=0.229km B=10.00T unif=6.524% hoop=99MPa
  [ 617] OK     f=   0.233  a=23.0 b=29.7 gap=22.3 (face=4.6mm) n=[373, 373, 214, 214, 7, 7, 11, 11, 12, 12]  tape=0.233km B=10.01T unif=6.367% hoop=100MPa
  [ 618] OK     f=   0.230  a=23.1 b=29.5 gap=22.4 (face=4.8mm) n=[364, 364, 218, 218, 18, 18, 5, 5, 10, 10]  tape=0.230km B=10.05T unif=9.754% hoop=99MPa
  [ 619] viol   f=   0.248  a=23.1 b=29.5 gap=22.3 (face=4.6mm) n=[360, 360, 221, 221, 21, 21, 2, 2, 14, 14]  tape=0.232km B=9.91T unif=6.657% hoop=99MPa
  [ 620] viol   f=   0.230  a=23.0 b=29.7 gap=22.3 (face=4.6mm) n=[378, 378, 211, 211, 12, 12, 9, 9, 1, 1]  tape=0.230km B=9.99T unif=3.757% hoop=100MPa
  [a=23 b=30 nt=1222] KSP converged reason: 4, iterations: 1
  [a=23 b=30 nt=1238] KSP converged reason: 4, iterations: 1
  [a=23 b=29 nt=1262] KSP converged reason: 4, iterations: 1
  [a=23 b=30 nt=1218] KSP converged reason: 4, iterations: 1
  [a=23 b=29 nt=1216] KSP converged reason: 4, iterations: 1
  [a=23 b=29 nt=1188] KSP converged reason: 4, iterations: 1
  [a=23 b=30 nt=1206] KSP converged reason: 4, iterations: 1
  [a=23 b=29 nt=1196] KSP converged reason: 4, iterations: 1
  [a=23 b=29 nt=1236] KSP converged reason: 4, iterations: 1
  [a=23 b=30 nt=1236] KSP converged reason: 4, iterations: 1
  [ 621] OK     f=   0.232  a=23.2 b=29.6 gap=22.2 (face=4.5mm) n=[367, 367, 225, 225, 7, 7, 7, 7, 13, 13]  tape=0.232km B=10.09T unif=6.014% hoop=102MPa
  [ 622] viol   f=   0.228  a=23.1 b=29.5 gap=22.6 (face=5.1mm) n=[369, 369, 220, 220, 3, 3, 9, 9, 8, 8]  tape=0.227km B=9.98T unif=8.433% hoop=99MPa
  [ 623] OK     f=   0.227  a=23.2 b=29.6 gap=22.3 (face=4.7mm) n=[375, 375, 223, 223, 1, 1, 8, 8, 4, 4]  tape=0.227km B=10.13T unif=6.547% hoop=102MPa
  [ 624] viol   f=   0.331  a=23.3 b=29.4 gap=22.3 (face=4.7mm) n=[365, 365, 216, 216, 2, 2, 5, 5, 6, 6]  tape=0.220km B=9.77T unif=5.228% hoop=99MPa
  [ 625] OK     f=   0.238  a=23.2 b=29.5 gap=22.5 (face=5.0mm) n=[363, 363, 222, 222, 18, 18, 19, 19, 9, 9]  tape=0.238km B=10.09T unif=8.593% hoop=102MPa
  [ 626] OK     f=   0.226  a=23.1 b=29.5 gap=22.4 (face=4.8mm) n=[366, 366, 222, 222, 5, 5, 13, 13, 2, 2]  tape=0.226km B=10.01T unif=6.054% hoop=100MPa
  [ 627] viol   f=   0.236  a=23.1 b=29.6 gap=22.5 (face=4.9mm) n=[381, 381, 207, 207, 3, 3, 7, 7, 5, 5]  tape=0.226km B=9.93T unif=5.239% hoop=98MPa
  [ 628] viol   f=   0.254  a=23.0 b=29.4 gap=22.5 (face=5.0mm) n=[373, 373, 205, 205, 10, 10, 4, 4, 6, 6]  tape=0.223km B=9.88T unif=6.983% hoop=97MPa
  [ 629] viol   f=   0.232  a=23.0 b=29.7 gap=22.3 (face=4.6mm) n=[369, 369, 220, 220, 15, 15, 13, 13, 1, 1]  tape=0.232km B=10.00T unif=3.908% hoop=101MPa
  [ 630] OK     f=   0.230  a=23.1 b=29.5 gap=22.4 (face=4.8mm) n=[363, 363, 225, 225, 13, 13, 10, 10, 7, 7]  tape=0.230km B=10.15T unif=8.712% hoop=101MPa
  [a=23 b=30 nt=1248] KSP converged reason: 4, iterations: 1
  [a=23 b=30 nt=1224] KSP converged reason: 4, iterations: 1
  [a=23 b=29 nt=1226] KSP converged reason: 4, iterations: 1
  [a=23 b=30 nt=1266] KSP converged reason: 4, iterations: 1
  [a=23 b=30 nt=1232] KSP converged reason: 4, iterations: 1
  [a=23 b=30 nt=1224] KSP converged reason: 4, iterations: 1
  [a=23 b=30 nt=1254] KSP converged reason: 4, iterations: 1
  [a=23 b=30 nt=1230] KSP converged reason: 4, iterations: 1
  [a=23 b=29 nt=1244] KSP converged reason: 4, iterations: 1
  [a=23 b=30 nt=1198] KSP converged reason: 4, iterations: 1
  [ 631] OK     f=   0.228  a=23.2 b=29.6 gap=22.3 (face=4.7mm) n=[368, 368, 226, 226, 5, 5, 7, 7, 6, 6]  tape=0.228km B=10.05T unif=6.452% hoop=101MPa
  [ 632] OK     f=   0.238  a=23.1 b=29.6 gap=22.3 (face=4.7mm) n=[373, 373, 227, 227, 5, 5, 17, 17, 11, 11]  tape=0.238km B=10.23T unif=4.737% hoop=102MPa
  [ 633] OK     f=   0.232  a=23.1 b=29.5 gap=22.4 (face=4.7mm) n=[363, 363, 234, 234, 6, 6, 14, 14, 7, 7]  tape=0.232km B=10.15T unif=4.989% hoop=101MPa
  [ 634] viol   f=   0.230  a=23.1 b=29.6 gap=22.4 (face=4.8mm) n=[368, 368, 221, 221, 9, 9, 12, 12, 2, 2]  tape=0.228km B=9.97T unif=4.537% hoop=99MPa
  [ 635] OK     f=   0.228  a=23.2 b=29.4 gap=22.5 (face=5.0mm) n=[380, 380, 219, 219, 7, 7, 4, 4, 3, 3]  tape=0.228km B=10.14T unif=6.360% hoop=101MPa
  [ 636] OK     f=   0.229  a=23.2 b=29.5 gap=22.4 (face=4.8mm) n=[375, 375, 227, 227, 8, 8, 4, 4, 2, 2]  tape=0.229km B=10.22T unif=7.834% hoop=101MPa
  [ 637] viol   f=   0.239  a=23.2 b=29.5 gap=22.3 (face=4.7mm) n=[364, 364, 223, 223, 8, 8, 19, 19, 13, 13]  tape=0.236km B=9.96T unif=3.955% hoop=103MPa
  [ 638] OK     f=   0.230  a=23.1 b=29.6 gap=22.5 (face=4.9mm) n=[375, 375, 222, 222, 1, 1, 9, 9, 8, 8]  tape=0.230km B=10.10T unif=6.821% hoop=101MPa
  [ 639] OK     f=   0.233  a=23.1 b=29.5 gap=22.4 (face=4.9mm) n=[379, 379, 218, 218, 10, 10, 12, 12, 3, 3]  tape=0.233km B=10.25T unif=5.696% hoop=102MPa
  [ 640] viol   f=   0.242  a=23.2 b=29.6 gap=22.3 (face=4.6mm) n=[377, 377, 215, 215, 3, 3, 2, 2, 2, 2]  tape=0.223km B=9.90T unif=5.723% hoop=101MPa
  [a=23 b=30 nt=1252] KSP converged reason: 4, iterations: 1
  [a=23 b=30 nt=1216] KSP converged reason: 4, iterations: 1
  [a=23 b=29 nt=1210] KSP converged reason: 4, iterations: 1
  [a=23 b=30 nt=1258] KSP converged reason: 4, iterations: 1
  [a=23 b=29 nt=1230] KSP converged reason: 4, iterations: 1
  [a=23 b=29 nt=1224] KSP converged reason: 4, iterations: 1
  [a=23 b=30 nt=1254] KSP converged reason: 4, iterations: 1
  [a=23 b=30 nt=1266] KSP converged reason: 4, iterations: 1
  [a=23 b=30 nt=1238] KSP converged reason: 4, iterations: 1
  [a=23 b=30 nt=1232] KSP converged reason: 4, iterations: 1
  [ 641] OK     f=   0.233  a=23.1 b=29.6 gap=22.4 (face=4.8mm) n=[378, 378, 230, 230, 7, 7, 7, 7, 4, 4]  tape=0.233km B=10.28T unif=5.561% hoop=102MPa
  [ 642] OK     f=   0.226  a=23.2 b=29.4 gap=22.4 (face=4.7mm) n=[365, 365, 232, 232, 3, 3, 5, 5, 7, 7]  tape=0.226km B=10.21T unif=8.531% hoop=101MPa
  [ 643] viol   f=   0.235  a=23.1 b=29.5 gap=22.5 (face=5.0mm) n=[374, 374, 221, 221, 2, 2, 4, 4, 4, 4]  tape=0.224km B=9.93T unif=4.855% hoop=99MPa
  [ 644] OK     f=   0.235  a=23.3 b=29.6 gap=22.3 (face=4.5mm) n=[379, 379, 229, 229, 7, 7, 10, 10, 4, 4]  tape=0.235km B=10.23T unif=3.062% hoop=104MPa
  [ 645] viol   f=   0.229  a=23.2 b=29.5 gap=22.4 (face=4.8mm) n=[367, 367, 230, 230, 5, 5, 6, 6, 7, 7]  tape=0.228km B=9.98T unif=5.792% hoop=100MPa
  [ 646] OK     f=   0.227  a=23.2 b=29.8 gap=22.3 (face=4.6mm) n=[380, 380, 220, 220, 2, 2, 3, 3, 3, 3]  tape=0.227km B=10.08T unif=5.966% hoop=99MPa
  [ 647] OK     f=   0.235  a=23.3 b=29.5 gap=22.4 (face=4.8mm) n=[367, 367, 229, 229, 13, 13, 17, 17, 1, 1]  tape=0.235km B=10.14T unif=5.019% hoop=103MPa
  [ 648] OK     f=   0.238  a=23.3 b=29.5 gap=22.5 (face=5.0mm) n=[377, 377, 226, 226, 11, 11, 15, 15, 4, 4]  tape=0.238km B=10.40T unif=7.813% hoop=103MPa
  [ 649] OK     f=   0.231  a=23.2 b=29.5 gap=22.4 (face=4.7mm) n=[373, 373, 226, 226, 4, 4, 9, 9, 7, 7]  tape=0.231km B=10.11T unif=5.591% hoop=101MPa
  [ 650] OK     f=   0.229  a=23.2 b=29.5 gap=22.3 (face=4.6mm) n=[371, 371, 226, 226, 10, 10, 4, 4, 5, 5]  tape=0.229km B=10.09T unif=4.825% hoop=101MPa
  [a=23 b=29 nt=1240] KSP converged reason: 4, iterations: 1
  [a=23 b=29 nt=1242] KSP converged reason: 4, iterations: 1
  [a=23 b=29 nt=1222] KSP converged reason: 4, iterations: 1
  [a=23 b=29 nt=1234] KSP converged reason: 4, iterations: 1
  [a=23 b=30 nt=1254] KSP converged reason: 4, iterations: 1
  [a=23 b=30 nt=1208] KSP converged reason: 4, iterations: 1
  [a=23 b=29 nt=1252] KSP converged reason: 4, iterations: 1
  [a=23 b=30 nt=1266] KSP converged reason: 4, iterations: 1
  [a=23 b=30 nt=1262] KSP converged reason: 4, iterations: 1
  [a=23 b=29 nt=1218] KSP converged reason: 4, iterations: 1
  [ 651] OK     f=   0.231  a=23.2 b=29.5 gap=22.4 (face=4.8mm) n=[368, 368, 226, 226, 10, 10, 7, 7, 9, 9]  tape=0.231km B=10.19T unif=7.926% hoop=102MPa
  [ 652] OK     f=   0.227  a=23.3 b=29.5 gap=22.3 (face=4.7mm) n=[376, 376, 226, 226, 3, 3, 4, 4, 2, 2]  tape=0.227km B=10.23T unif=7.895% hoop=101MPa
  [ 653] OK     f=   0.232  a=23.1 b=29.5 gap=22.5 (face=5.0mm) n=[362, 362, 226, 226, 14, 14, 16, 16, 3, 3]  tape=0.232km B=10.04T unif=6.483% hoop=101MPa
  [ 654] OK     f=   0.228  a=23.1 b=29.4 gap=22.2 (face=4.5mm) n=[360, 360, 234, 234, 8, 8, 10, 10, 5, 5]  tape=0.228km B=10.19T unif=8.061% hoop=101MPa
  [ 655] OK     f=   0.224  a=23.3 b=29.8 gap=22.3 (face=4.6mm) n=[370, 370, 228, 228, 3, 3, 2, 2, 1, 1]  tape=0.224km B=10.05T unif=7.611% hoop=102MPa
  [ 656] OK     f=   0.234  a=23.3 b=29.6 gap=22.3 (face=4.7mm) n=[366, 366, 234, 234, 9, 9, 4, 4, 14, 14]  tape=0.234km B=10.29T unif=8.081% hoop=103MPa
  [ 657] OK     f=   0.233  a=23.2 b=29.4 gap=22.4 (face=4.8mm) n=[367, 367, 230, 230, 3, 3, 14, 14, 12, 12]  tape=0.233km B=10.28T unif=9.613% hoop=103MPa
  [ 658] OK     f=   0.237  a=23.2 b=29.6 gap=22.3 (face=4.6mm) n=[373, 373, 234, 234, 9, 9, 12, 12, 5, 5]  tape=0.237km B=10.26T unif=6.233% hoop=102MPa
  [ 659] OK     f=   0.237  a=23.4 b=29.7 gap=22.2 (face=4.5mm) n=[372, 372, 231, 231, 9, 9, 12, 12, 7, 7]  tape=0.237km B=10.18T unif=5.376% hoop=104MPa
  [ 660] OK     f=   0.225  a=23.3 b=29.4 gap=22.4 (face=4.8mm) n=[366, 366, 228, 228, 3, 3, 4, 4, 8, 8]  tape=0.225km B=10.02T unif=5.702% hoop=101MPa
  [a=23 b=30 nt=1256] KSP converged reason: 4, iterations: 1
  [a=23 b=30 nt=1228] KSP converged reason: 4, iterations: 1
  [a=23 b=30 nt=1264] KSP converged reason: 4, iterations: 1
  [a=23 b=30 nt=1210] KSP converged reason: 4, iterations: 1
  [a=23 b=30 nt=1228] KSP converged reason: 4, iterations: 1
  [a=23 b=30 nt=1220] KSP converged reason: 4, iterations: 1
  [a=23 b=30 nt=1214] KSP converged reason: 4, iterations: 1
  [a=23 b=30 nt=1254] KSP converged reason: 4, iterations: 1
  [a=23 b=30 nt=1244] KSP converged reason: 4, iterations: 1
  [a=23 b=30 nt=1214] KSP converged reason: 4, iterations: 1
  [ 661] OK     f=   0.236  a=23.2 b=29.6 gap=22.4 (face=4.7mm) n=[368, 368, 237, 237, 2, 2, 20, 20, 5, 5]  tape=0.236km B=10.31T unif=8.945% hoop=102MPa
  [ 662] OK     f=   0.225  a=23.3 b=29.6 gap=22.4 (face=4.7mm) n=[373, 373, 221, 221, 5, 5, 2, 2, 4, 4]  tape=0.225km B=10.02T unif=6.651% hoop=99MPa
  [ 663] OK     f=   0.229  a=23.3 b=29.7 gap=22.3 (face=4.5mm) n=[370, 370, 221, 221, 1, 1, 10, 10, 8, 8]  tape=0.229km B=10.05T unif=9.422% hoop=102MPa
  [ 664] OK     f=   0.230  a=23.3 b=29.7 gap=22.2 (face=4.5mm) n=[371, 371, 226, 226, 2, 2, 7, 7, 8, 8]  tape=0.230km B=10.05T unif=4.848% hoop=101MPa
  [ 665] OK     f=   0.229  a=23.4 b=29.5 gap=22.3 (face=4.6mm) n=[371, 371, 226, 226, 7, 7, 7, 7, 3, 3]  tape=0.229km B=10.01T unif=3.676% hoop=103MPa
  [ 666] OK     f=   0.234  a=23.3 b=29.6 gap=22.3 (face=4.6mm) n=[376, 376, 234, 234, 13, 13, 3, 3, 2, 2]  tape=0.234km B=10.41T unif=8.364% hoop=103MPa
  [ 667] viol   f=   0.226  a=23.3 b=29.7 gap=22.4 (face=4.8mm) n=[372, 372, 225, 225, 4, 4, 4, 4, 2, 2]  tape=0.226km B=9.99T unif=4.880% hoop=101MPa
  [ 668] OK     f=   0.233  a=23.3 b=29.6 gap=22.3 (face=4.6mm) n=[374, 374, 236, 236, 3, 3, 11, 11, 3, 3]  tape=0.233km B=10.20T unif=6.508% hoop=101MPa
  [ 669] OK     f=   0.234  a=23.1 b=29.7 gap=22.4 (face=4.8mm) n=[372, 372, 224, 224, 11, 11, 7, 7, 8, 8]  tape=0.234km B=10.15T unif=7.718% hoop=101MPa
  [ 670] OK     f=   0.225  a=23.3 b=29.6 gap=22.3 (face=4.6mm) n=[361, 361, 232, 232, 3, 3, 8, 8, 3, 3]  tape=0.225km B=10.02T unif=7.492% hoop=102MPa
  [a=23 b=30 nt=1234] KSP converged reason: 4, iterations: 1
  [a=23 b=30 nt=1230] KSP converged reason: 4, iterations: 1
  [a=23 b=30 nt=1200] KSP converged reason: 4, iterations: 1
  [a=23 b=30 nt=1206] KSP converged reason: 4, iterations: 1
  [a=23 b=30 nt=1212] KSP converged reason: 4, iterations: 1
  [a=23 b=30 nt=1224] KSP converged reason: 4, iterations: 1
  [a=23 b=30 nt=1244] KSP converged reason: 4, iterations: 1
  [a=23 b=30 nt=1258] KSP converged reason: 4, iterations: 1
  [a=23 b=30 nt=1212] KSP converged reason: 4, iterations: 1
  [a=23 b=30 nt=1236] KSP converged reason: 4, iterations: 1
  [ 671] OK     f=   0.231  a=23.3 b=29.6 gap=22.4 (face=4.7mm) n=[370, 370, 223, 223, 6, 6, 8, 8, 10, 10]  tape=0.231km B=10.02T unif=4.355% hoop=101MPa
  [ 672] OK     f=   0.228  a=23.3 b=29.6 gap=22.4 (face=4.8mm) n=[367, 367, 227, 227, 1, 1, 15, 15, 2, 2]  tape=0.228km B=10.08T unif=8.645% hoop=102MPa
  [ 673] viol   f=   0.252  a=23.3 b=29.7 gap=22.3 (face=4.7mm) n=[365, 365, 224, 224, 3, 3, 7, 7, 4, 4]  tape=0.225km B=9.88T unif=6.482% hoop=99MPa
  [ 674] viol   f=   0.253  a=23.3 b=29.7 gap=22.3 (face=4.6mm) n=[358, 358, 228, 228, 5, 5, 11, 11, 4, 4]  tape=0.226km B=9.88T unif=7.010% hoop=101MPa
  [ 675] viol   f=   0.289  a=23.2 b=29.6 gap=22.4 (face=4.8mm) n=[363, 363, 224, 224, 4, 4, 7, 7, 2, 2]  tape=0.223km B=9.82T unif=5.052% hoop=99MPa
  [ 676] viol   f=   0.230  a=23.2 b=29.6 gap=22.4 (face=4.7mm) n=[369, 369, 224, 224, 4, 4, 13, 13, 5, 5]  tape=0.230km B=10.00T unif=4.958% hoop=102MPa
  [ 677] OK     f=   0.234  a=23.3 b=29.8 gap=22.3 (face=4.5mm) n=[370, 370, 225, 225, 5, 5, 17, 17, 5, 5]  tape=0.234km B=10.16T unif=7.927% hoop=103MPa
  [ 678] OK     f=   0.235  a=23.3 b=29.5 gap=22.3 (face=4.5mm) n=[367, 367, 235, 235, 9, 9, 12, 12, 6, 6]  tape=0.235km B=10.29T unif=7.360% hoop=104MPa
  [ 679] OK     f=   0.232  a=23.4 b=29.9 gap=22.2 (face=4.5mm) n=[371, 371, 228, 228, 11, 11, 6, 6, 2, 2]  tape=0.232km B=10.14T unif=5.772% hoop=103MPa
  [ 680] viol   f=   0.225  a=23.4 b=29.6 gap=22.2 (face=4.3mm) n=[366, 366, 229, 229, 3, 3, 6, 6, 2, 2]  tape=0.225km B=9.99T unif=5.240% hoop=101MPa
  [a=23 b=30 nt=1250] KSP converged reason: 4, iterations: 1
  [a=23 b=30 nt=1250] KSP converged reason: 4, iterations: 1
  [a=23 b=30 nt=1220] KSP converged reason: 4, iterations: 1
  [a=23 b=29 nt=1224] KSP converged reason: 4, iterations: 1
  [a=23 b=30 nt=1216] KSP converged reason: 4, iterations: 1
  [a=23 b=29 nt=1232] KSP converged reason: 4, iterations: 1
  [a=23 b=30 nt=1218] KSP converged reason: 4, iterations: 1
  [a=23 b=30 nt=1250] KSP converged reason: 4, iterations: 1
  [a=23 b=30 nt=1252] KSP converged reason: 4, iterations: 1
  [a=23 b=30 nt=1230] KSP converged reason: 4, iterations: 1
  [ 681] OK     f=   0.230  a=23.3 b=29.5 gap=22.4 (face=4.8mm) n=[368, 368, 226, 226, 5, 5, 16, 16, 1, 1]  tape=0.230km B=10.14T unif=8.474% hoop=101MPa
  [ 682] OK     f=   0.235  a=23.4 b=29.7 gap=22.2 (face=4.5mm) n=[370, 370, 228, 228, 12, 12, 8, 8, 7, 7]  tape=0.235km B=10.18T unif=6.283% hoop=104MPa
  [ 683] viol   f=   0.234  a=23.4 b=29.6 gap=22.2 (face=4.5mm) n=[367, 367, 226, 226, 9, 9, 4, 4, 2, 2]  tape=0.226km B=9.94T unif=3.677% hoop=103MPa
  [ 684] viol   f=   0.254  a=23.4 b=29.4 gap=22.3 (face=4.7mm) n=[357, 357, 225, 225, 6, 6, 17, 17, 7, 7]  tape=0.229km B=9.89T unif=6.315% hoop=101MPa
  [ 685] viol   f=   0.238  a=23.2 b=29.7 gap=22.4 (face=4.7mm) n=[362, 362, 226, 226, 8, 8, 8, 8, 6, 6]  tape=0.228km B=9.93T unif=5.439% hoop=101MPa
  [ 686] OK     f=   0.234  a=23.4 b=29.5 gap=22.4 (face=4.7mm) n=[369, 369, 230, 230, 13, 13, 4, 4, 9, 9]  tape=0.234km B=10.12T unif=3.712% hoop=103MPa
  [ 687] viol   f=   0.261  a=23.4 b=29.7 gap=22.2 (face=4.4mm) n=[367, 367, 228, 228, 3, 3, 3, 3, 8, 8]  tape=0.227km B=9.87T unif=3.100% hoop=102MPa
  [ 688] OK     f=   0.235  a=23.4 b=29.8 gap=22.2 (face=4.4mm) n=[369, 369, 229, 229, 3, 3, 15, 15, 9, 9]  tape=0.235km B=10.16T unif=7.582% hoop=104MPa
  [ 689] OK     f=   0.230  a=23.5 b=29.6 gap=22.2 (face=4.5mm) n=[370, 370, 228, 228, 4, 4, 9, 9, 4, 4]  tape=0.230km B=10.09T unif=7.333% hoop=102MPa
  [ 690] OK     f=   0.237  a=23.4 b=29.6 gap=22.3 (face=4.6mm) n=[381, 381, 215, 215, 6, 6, 12, 12, 12, 12]  tape=0.237km B=10.08T unif=3.619% hoop=102MPa
  [a=23 b=29 nt=1240] KSP converged reason: 4, iterations: 1
  [a=24 b=30 nt=1250] KSP converged reason: 4, iterations: 1
  [a=24 b=29 nt=1270] KSP converged reason: 4, iterations: 1
  [a=23 b=30 nt=1234] KSP converged reason: 4, iterations: 1
  [a=23 b=30 nt=1236] KSP converged reason: 4, iterations: 1
  [a=24 b=30 nt=1216] KSP converged reason: 4, iterations: 1
  [a=23 b=30 nt=1250] KSP converged reason: 4, iterations: 1
  [a=24 b=29 nt=1230] KSP converged reason: 4, iterations: 1
  [a=23 b=29 nt=1216] KSP converged reason: 4, iterations: 1
  [a=23 b=30 nt=1204] KSP converged reason: 4, iterations: 1
  [ 691] OK     f=   0.232  a=23.3 b=29.7 gap=22.4 (face=4.8mm) n=[384, 384, 220, 220, 11, 11, 1, 1, 2, 2]  tape=0.232km B=10.19T unif=6.144% hoop=102MPa
  [ 692] OK     f=   0.235  a=23.5 b=29.7 gap=22.3 (face=4.6mm) n=[377, 377, 226, 226, 4, 4, 10, 10, 8, 8]  tape=0.235km B=10.25T unif=7.554% hoop=103MPa
  [ 693] viol   f=   0.228  a=23.5 b=29.6 gap=22.3 (face=4.7mm) n=[372, 372, 222, 222, 2, 2, 10, 10, 2, 2]  tape=0.227km B=9.99T unif=8.075% hoop=101MPa
  [ 694] OK     f=   0.237  a=23.5 b=29.5 gap=22.2 (face=4.5mm) n=[362, 362, 239, 239, 10, 10, 21, 21, 3, 3]  tape=0.237km B=10.18T unif=3.731% hoop=106MPa
  [ 695] OK     f=   0.230  a=23.3 b=29.4 gap=22.5 (face=5.0mm) n=[367, 367, 231, 231, 3, 3, 14, 14, 5, 5]  tape=0.230km B=10.19T unif=9.078% hoop=101MPa
  [ 696] OK     f=   0.231  a=23.2 b=29.6 gap=22.3 (face=4.6mm) n=[381, 381, 220, 220, 1, 1, 12, 12, 3, 3]  tape=0.231km B=10.16T unif=6.719% hoop=102MPa
  [ 697] OK     f=   0.234  a=23.3 b=29.6 gap=22.3 (face=4.7mm) n=[367, 367, 230, 230, 10, 10, 17, 17, 1, 1]  tape=0.234km B=10.23T unif=7.902% hoop=104MPa
  [ 698] OK     f=   0.228  a=23.5 b=29.4 gap=22.3 (face=4.7mm) n=[358, 358, 233, 233, 7, 7, 13, 13, 4, 4]  tape=0.228km B=10.16T unif=9.981% hoop=103MPa
  [ 699] viol   f=   0.230  a=23.5 b=29.5 gap=22.3 (face=4.6mm) n=[365, 365, 233, 233, 1, 1, 7, 7, 2, 2]  tape=0.225km B=9.95T unif=3.231% hoop=102MPa
  [ 700] viol   f=   0.226  a=23.5 b=29.5 gap=22.3 (face=4.7mm) n=[364, 364, 229, 229, 3, 3, 4, 4, 2, 2]  tape=0.223km B=9.96T unif=7.239% hoop=100MPa
  [a=24 b=30 nt=1278] KSP converged reason: 4, iterations: 1
  [a=24 b=30 nt=1254] KSP converged reason: 4, iterations: 1
  [a=24 b=30 nt=1272] KSP converged reason: 4, iterations: 1
  [a=23 b=30 nt=1250] KSP converged reason: 4, iterations: 1
  [a=23 b=29 nt=1190] KSP converged reason: 4, iterations: 1
  [a=23 b=29 nt=1212] KSP converged reason: 4, iterations: 1
  [a=24 b=30 nt=1260] KSP converged reason: 4, iterations: 1
  [a=23 b=30 nt=1198] KSP converged reason: 4, iterations: 1
  [a=23 b=30 nt=1214] KSP converged reason: 4, iterations: 1
  [a=23 b=30 nt=1236] KSP converged reason: 4, iterations: 1
  [ 701] OK     f=   0.236  a=23.5 b=29.8 gap=22.3 (face=4.6mm) n=[376, 376, 227, 227, 11, 11, 3, 3, 8, 8]  tape=0.236km B=10.23T unif=7.422% hoop=103MPa
  [ 702] OK     f=   0.224  a=23.5 b=29.3 gap=22.5 (face=4.9mm) n=[363, 363, 230, 230, 1, 1, 6, 6, 6, 6]  tape=0.224km B=10.04T unif=9.254% hoop=100MPa
  [ 703] OK     f=   0.236  a=23.5 b=29.7 gap=22.2 (face=4.4mm) n=[373, 373, 229, 229, 7, 7, 11, 11, 7, 7]  tape=0.236km B=10.20T unif=5.903% hoop=104MPa
  [ 704] OK     f=   0.240  a=23.7 b=29.7 gap=22.1 (face=4.2mm) n=[372, 372, 234, 234, 10, 10, 12, 12, 8, 8]  tape=0.240km B=10.31T unif=3.374% hoop=108MPa
  [ 705] viol   f=   0.233  a=23.4 b=29.5 gap=22.5 (face=5.0mm) n=[361, 361, 225, 225, 4, 4, 1, 1, 4, 4]  tape=0.220km B=9.92T unif=9.108% hoop=100MPa
  [ 706] OK     f=   0.243  a=23.6 b=29.6 gap=22.3 (face=4.7mm) n=[376, 376, 226, 226, 15, 15, 19, 19, 3, 3]  tape=0.243km B=10.31T unif=8.116% hoop=105MPa
  [ 707] OK     f=   0.238  a=23.6 b=29.6 gap=22.2 (face=4.5mm) n=[370, 370, 228, 228, 13, 13, 11, 11, 8, 8]  tape=0.238km B=10.19T unif=7.136% hoop=104MPa
  [ 708] viol   f=   0.255  a=23.5 b=29.6 gap=22.3 (face=4.5mm) n=[367, 367, 224, 224, 3, 3, 3, 3, 2, 2]  tape=0.222km B=9.87T unif=5.148% hoop=102MPa
  [ 709] OK     f=   0.226  a=23.3 b=29.6 gap=22.3 (face=4.5mm) n=[366, 366, 228, 228, 5, 5, 6, 6, 2, 2]  tape=0.226km B=10.04T unif=6.466% hoop=101MPa
  [ 710] OK     f=   0.231  a=23.5 b=29.5 gap=22.2 (face=4.4mm) n=[370, 370, 226, 226, 5, 5, 10, 10, 7, 7]  tape=0.231km B=10.09T unif=6.491% hoop=102MPa
  [a=23 b=29 nt=1222] KSP converged reason: 4, iterations: 1
  [a=24 b=30 nt=1246] KSP converged reason: 4, iterations: 1
  [a=23 b=29 nt=1218] KSP converged reason: 4, iterations: 1
  [a=23 b=29 nt=1218] KSP converged reason: 4, iterations: 1
  [a=24 b=30 nt=1218] KSP converged reason: 4, iterations: 1
  [a=24 b=29 nt=1210] KSP converged reason: 4, iterations: 1
  [a=23 b=29 nt=1208] KSP converged reason: 4, iterations: 1
  [a=23 b=29 nt=1220] KSP converged reason: 4, iterations: 1
  [a=23 b=29 nt=1220] KSP converged reason: 4, iterations: 1
  [a=24 b=30 nt=1220] KSP converged reason: 4, iterations: 1
  [ 711] OK     f=   0.227  a=23.6 b=29.5 gap=22.3 (face=4.6mm) n=[368, 368, 228, 228, 4, 4, 4, 4, 5, 5]  tape=0.227km B=10.06T unif=7.711% hoop=102MPa
  [ 712] OK     f=   0.226  a=23.3 b=29.4 gap=22.5 (face=4.9mm) n=[355, 355, 230, 230, 11, 11, 11, 11, 2, 2]  tape=0.226km B=10.05T unif=9.503% hoop=101MPa
  [ 713] viol   f=   0.233  a=23.4 b=29.2 gap=22.4 (face=4.8mm) n=[356, 356, 227, 227, 11, 11, 11, 11, 4, 4]  tape=0.225km B=9.94T unif=6.052% hoop=101MPa
  [ 714] OK     f=   0.223  a=23.6 b=29.4 gap=22.4 (face=4.9mm) n=[363, 363, 234, 234, 4, 4, 1, 1, 3, 3]  tape=0.223km B=10.01T unif=7.424% hoop=100MPa
  [ 715] viol   f=   0.239  a=23.4 b=29.5 gap=22.4 (face=4.8mm) n=[368, 368, 223, 223, 4, 4, 10, 10, 6, 6]  tape=0.228km B=9.93T unif=3.992% hoop=101MPa
  [ 716] OK     f=   0.233  a=23.5 b=29.5 gap=22.3 (face=4.6mm) n=[357, 357, 234, 234, 7, 7, 11, 11, 14, 14]  tape=0.233km B=10.09T unif=8.952% hoop=103MPa
  [ 717] viol   f=   0.224  a=23.5 b=29.4 gap=22.3 (face=4.5mm) n=[366, 366, 226, 226, 2, 2, 5, 5, 5, 5]  tape=0.224km B=9.99T unif=7.891% hoop=101MPa
  [ 718] OK     f=   0.225  a=23.4 b=29.3 gap=22.4 (face=4.7mm) n=[358, 358, 231, 231, 3, 3, 15, 15, 3, 3]  tape=0.225km B=10.13T unif=9.296% hoop=102MPa
  [ 719] OK     f=   0.227  a=23.5 b=29.4 gap=22.4 (face=4.8mm) n=[367, 367, 226, 226, 5, 5, 7, 7, 5, 5]  tape=0.227km B=10.03T unif=7.808% hoop=101MPa
  [ 720] OK     f=   0.228  a=23.5 b=29.5 gap=22.4 (face=4.7mm) n=[368, 368, 224, 224, 6, 6, 8, 8, 4, 4]  tape=0.228km B=10.03T unif=6.462% hoop=104MPa
  [a=23 b=29 nt=1232] KSP converged reason: 4, iterations: 1
  [a=23 b=29 nt=1224] KSP converged reason: 4, iterations: 1
  [a=23 b=30 nt=1232] KSP converged reason: 4, iterations: 1
  [a=24 b=29 nt=1200] KSP converged reason: 4, iterations: 1
  [a=24 b=29 nt=1202] KSP converged reason: 4, iterations: 1
  [a=23 b=29 nt=1210] KSP converged reason: 4, iterations: 1
  [a=23 b=29 nt=1228] KSP converged reason: 4, iterations: 1
  [a=24 b=29 nt=1244] KSP converged reason: 4, iterations: 1
  [a=23 b=29 nt=1216] KSP converged reason: 4, iterations: 1
  [a=23 b=29 nt=1218] KSP converged reason: 4, iterations: 1
  [ 721] OK     f=   0.228  a=23.5 b=29.6 gap=22.2 (face=4.5mm) n=[354, 354, 241, 241, 13, 13, 4, 4, 4, 4]  tape=0.228km B=10.07T unif=8.948% hoop=104MPa
  [ 722] viol   f=   0.232  a=23.4 b=29.5 gap=22.3 (face=4.6mm) n=[353, 353, 236, 236, 1, 1, 3, 3, 12, 12]  tape=0.223km B=9.93T unif=7.628% hoop=102MPa
  [ 723] viol   f=   0.234  a=23.6 b=29.3 gap=22.4 (face=4.7mm) n=[361, 361, 229, 229, 2, 2, 5, 5, 3, 3]  tape=0.221km B=9.92T unif=7.286% hoop=100MPa
  [ 724] OK     f=   0.228  a=23.3 b=29.4 gap=22.3 (face=4.6mm) n=[358, 358, 237, 237, 3, 3, 14, 14, 4, 4]  tape=0.228km B=10.14T unif=9.444% hoop=101MPa
  [ 725] OK     f=   0.227  a=23.5 b=29.4 gap=22.4 (face=4.9mm) n=[371, 371, 230, 230, 4, 4, 5, 5, 2, 2]  tape=0.227km B=10.09T unif=8.215% hoop=101MPa
  [ 726] viol   f=   0.227  a=23.5 b=29.5 gap=22.4 (face=4.8mm) n=[358, 358, 230, 230, 6, 6, 4, 4, 3, 3]  tape=0.222km B=9.95T unif=9.400% hoop=101MPa
  [ 727] OK     f=   0.229  a=23.4 b=29.5 gap=22.5 (face=5.0mm) n=[377, 377, 220, 220, 9, 9, 6, 6, 2, 2]  tape=0.229km B=10.12T unif=7.038% hoop=101MPa
  [ 728] OK     f=   0.232  a=23.6 b=29.4 gap=22.3 (face=4.6mm) n=[359, 359, 235, 235, 10, 10, 14, 14, 4, 4]  tape=0.232km B=10.20T unif=9.754% hoop=103MPa
  [ 729] OK     f=   0.225  a=23.5 b=29.4 gap=22.4 (face=4.9mm) n=[360, 360, 230, 230, 7, 7, 10, 10, 1, 1]  tape=0.225km B=10.09T unif=9.780% hoop=102MPa
  [ 730] OK     f=   0.226  a=23.5 b=29.4 gap=22.4 (face=4.8mm) n=[357, 357, 230, 230, 11, 11, 6, 6, 5, 5]  tape=0.226km B=10.04T unif=9.678% hoop=101MPa
  [a=23 b=29 nt=1242] KSP converged reason: 4, iterations: 1
  [a=24 b=29 nt=1222] KSP converged reason: 4, iterations: 1
  [a=24 b=29 nt=1208] KSP converged reason: 4, iterations: 1
  [a=23 b=29 nt=1206] KSP converged reason: 4, iterations: 1
  [a=24 b=29 nt=1222] KSP converged reason: 4, iterations: 1
  [a=23 b=29 nt=1214] KSP converged reason: 4, iterations: 1
  [a=24 b=29 nt=1236] KSP converged reason: 4, iterations: 1
  [a=23 b=29 nt=1218] KSP converged reason: 4, iterations: 1
  [a=23 b=29 nt=1222] KSP converged reason: 4, iterations: 1
  [a=24 b=30 nt=1204] KSP converged reason: 4, iterations: 1
  [ 731] viol   f=   0.230  a=23.7 b=29.2 gap=22.3 (face=4.7mm) n=[353, 353, 234, 234, 11, 11, 3, 3, 3, 3]  tape=0.222km B=9.94T unif=7.853% hoop=102MPa
  [ 732] OK     f=   0.226  a=23.7 b=29.4 gap=22.3 (face=4.7mm) n=[350, 350, 237, 237, 14, 14, 6, 6, 4, 4]  tape=0.226km B=10.08T unif=10.358% hoop=103MPa
  [ 733] OK     f=   0.233  a=23.4 b=29.5 gap=22.4 (face=4.8mm) n=[369, 369, 224, 224, 10, 10, 13, 13, 5, 5]  tape=0.233km B=10.10T unif=7.050% hoop=103MPa
  [ 734] viol   f=   0.227  a=23.5 b=29.3 gap=22.5 (face=5.0mm) n=[365, 365, 227, 227, 9, 9, 1, 1, 1, 1]  tape=0.223km B=9.95T unif=7.802% hoop=100MPa
  [ 735] OK     f=   0.227  a=23.5 b=29.4 gap=22.5 (face=5.0mm) n=[359, 359, 230, 230, 3, 3, 14, 14, 5, 5]  tape=0.227km B=10.07T unif=9.922% hoop=102MPa
  [ 736] OK     f=   0.225  a=23.4 b=29.5 gap=22.4 (face=4.8mm) n=[360, 360, 230, 230, 4, 4, 8, 8, 5, 5]  tape=0.225km B=10.01T unif=8.121% hoop=103MPa
  [ 737] OK     f=   0.231  a=23.6 b=29.4 gap=22.4 (face=4.8mm) n=[368, 368, 227, 227, 4, 4, 14, 14, 5, 5]  tape=0.231km B=10.11T unif=7.782% hoop=102MPa
  [ 738] OK     f=   0.225  a=23.4 b=29.5 gap=22.4 (face=4.8mm) n=[360, 360, 235, 235, 4, 4, 4, 4, 6, 6]  tape=0.225km B=10.05T unif=7.556% hoop=102MPa
  [ 739] OK     f=   0.226  a=23.5 b=29.4 gap=22.3 (face=4.6mm) n=[367, 367, 232, 232, 2, 2, 3, 3, 7, 7]  tape=0.226km B=10.08T unif=5.555% hoop=102MPa
  [ 740] viol   f=   0.306  a=23.5 b=29.5 gap=22.5 (face=5.1mm) n=[368, 368, 224, 224, 4, 4, 4, 4, 2, 2]  tape=0.224km B=9.80T unif=3.837% hoop=101MPa
  [a=23 b=30 nt=1232] KSP converged reason: 4, iterations: 1
  [a=23 b=29 nt=1216] KSP converged reason: 4, iterations: 1
  [a=23 b=29 nt=1228] KSP converged reason: 4, iterations: 1
  [a=23 b=29 nt=1224] KSP converged reason: 4, iterations: 1
  [a=23 b=29 nt=1234] KSP converged reason: 4, iterations: 1
  [a=23 b=29 nt=1224] KSP converged reason: 4, iterations: 1
  [a=24 b=29 nt=1212] KSP converged reason: 4, iterations: 1
  [a=23 b=29 nt=1216] KSP converged reason: 4, iterations: 1
  [a=23 b=30 nt=1222] KSP converged reason: 4, iterations: 1
  [a=23 b=29 nt=1204] KSP converged reason: 4, iterations: 1
  [ 741] OK     f=   0.228  a=23.4 b=29.6 gap=22.3 (face=4.5mm) n=[369, 369, 235, 235, 2, 2, 7, 7, 3, 3]  tape=0.228km B=10.12T unif=6.609% hoop=103MPa
  [ 742] OK     f=   0.225  a=23.4 b=29.5 gap=22.4 (face=4.8mm) n=[360, 360, 233, 233, 6, 6, 8, 8, 1, 1]  tape=0.225km B=10.02T unif=6.922% hoop=101MPa
  [ 743] OK     f=   0.226  a=23.3 b=29.5 gap=22.4 (face=4.8mm) n=[347, 347, 243, 243, 3, 3, 8, 8, 13, 13]  tape=0.226km B=10.04T unif=9.576% hoop=102MPa
  [ 744] OK     f=   0.226  a=23.4 b=29.4 gap=22.5 (face=4.9mm) n=[363, 363, 231, 231, 9, 9, 2, 2, 7, 7]  tape=0.226km B=10.07T unif=8.060% hoop=101MPa
  [ 745] viol   f=   0.254  a=23.3 b=29.4 gap=22.5 (face=4.9mm) n=[366, 366, 230, 230, 1, 1, 11, 11, 4, 4]  tape=0.227km B=9.88T unif=3.637% hoop=101MPa
  [ 746] OK     f=   0.228  a=23.4 b=29.5 gap=22.3 (face=4.6mm) n=[351, 351, 240, 240, 11, 11, 2, 2, 13, 13]  tape=0.228km B=10.16T unif=9.799% hoop=103MPa
  [ 747] OK     f=   0.223  a=23.6 b=29.3 gap=22.3 (face=4.6mm) n=[356, 356, 236, 236, 9, 9, 3, 3, 2, 2]  tape=0.223km B=10.04T unif=10.021% hoop=102MPa
  [ 748] viol   f=   0.231  a=23.5 b=29.4 gap=22.4 (face=4.8mm) n=[368, 368, 227, 227, 2, 2, 2, 2, 9, 9]  tape=0.225km B=9.95T unif=4.285% hoop=103MPa
  [ 749] OK     f=   0.226  a=23.4 b=29.6 gap=22.2 (face=4.5mm) n=[353, 353, 237, 237, 7, 7, 5, 5, 9, 9]  tape=0.226km B=10.03T unif=9.391% hoop=102MPa
  [ 750] viol   f=   0.223  a=23.3 b=29.4 gap=22.5 (face=5.0mm) n=[364, 364, 226, 226, 5, 5, 3, 3, 4, 4]  tape=0.223km B=9.99T unif=8.333% hoop=100MPa
  [a=23 b=29 nt=1216] KSP converged reason: 4, iterations: 1
  [a=24 b=29 nt=1206] KSP converged reason: 4, iterations: 1
  [a=23 b=29 nt=1218] KSP converged reason: 4, iterations: 1
  [a=23 b=29 nt=1196] KSP converged reason: 4, iterations: 1
  [a=23 b=29 nt=1210] KSP converged reason: 4, iterations: 1
  [a=24 b=29 nt=1192] KSP converged reason: 4, iterations: 1
  [a=23 b=29 nt=1250] KSP converged reason: 4, iterations: 1
  [a=23 b=29 nt=1208] KSP converged reason: 4, iterations: 1
  [a=23 b=29 nt=1222] KSP converged reason: 4, iterations: 1
  [a=23 b=29 nt=1198] KSP converged reason: 4, iterations: 1
  [ 751] viol   f=   0.226  a=23.5 b=29.3 gap=22.5 (face=5.0mm) n=[354, 354, 235, 235, 2, 2, 4, 4, 1, 1]  tape=0.218km B=9.93T unif=10.104% hoop=101MPa
  [ 752] viol   f=   0.224  a=23.4 b=29.4 gap=22.4 (face=4.8mm) n=[365, 365, 230, 230, 3, 3, 1, 1, 6, 6]  tape=0.223km B=9.99T unif=7.116% hoop=101MPa
  [ 753] OK     f=   0.221  a=23.6 b=29.3 gap=22.4 (face=4.9mm) n=[355, 355, 239, 239, 2, 2, 5, 5, 2, 2]  tape=0.221km B=10.02T unif=10.095% hoop=101MPa
  [ 754] OK     f=   0.225  a=23.4 b=29.4 gap=22.4 (face=4.7mm) n=[362, 362, 234, 234, 4, 4, 2, 2, 7, 7]  tape=0.225km B=10.12T unif=7.969% hoop=101MPa
  [ 755] viol   f=   0.241  a=23.4 b=29.5 gap=22.4 (face=4.7mm) n=[365, 365, 226, 226, 6, 6, 6, 6, 5, 5]  tape=0.226km B=9.91T unif=4.151% hoop=101MPa
  [ 756] viol   f=   0.221  a=23.4 b=29.2 gap=22.5 (face=4.9mm) n=[359, 359, 227, 227, 5, 5, 3, 3, 4, 4]  tape=0.220km B=9.98T unif=9.332% hoop=101MPa
  [ 757] OK     f=   0.233  a=23.4 b=29.4 gap=22.4 (face=4.8mm) n=[359, 359, 232, 232, 17, 17, 12, 12, 5, 5]  tape=0.233km B=10.19T unif=9.831% hoop=102MPa
  [ 758] OK     f=   0.222  a=23.4 b=29.3 gap=22.4 (face=4.7mm) n=[351, 351, 233, 233, 9, 9, 8, 8, 3, 3]  tape=0.222km B=10.00T unif=9.602% hoop=101MPa
  [ 759] viol   f=   0.244  a=23.3 b=29.4 gap=22.5 (face=4.9mm) n=[358, 358, 231, 231, 4, 4, 4, 4, 2, 2]  tape=0.220km B=9.89T unif=7.006% hoop=100MPa
  [ 760] viol   f=   0.231  a=23.3 b=29.4 gap=22.6 (face=5.2mm) n=[358, 358, 224, 224, 14, 14, 8, 8, 7, 7]  tape=0.227km B=9.96T unif=8.586% hoop=99MPa
  [a=23 b=29 nt=1212] KSP converged reason: 4, iterations: 1
  [a=23 b=29 nt=1228] KSP converged reason: 4, iterations: 1
  [a=24 b=29 nt=1224] KSP converged reason: 4, iterations: 1
  [a=24 b=29 nt=1234] KSP converged reason: 4, iterations: 1
  [a=23 b=29 nt=1198] KSP converged reason: 4, iterations: 1
  [a=24 b=29 nt=1206] KSP converged reason: 4, iterations: 1
  [a=23 b=29 nt=1226] KSP converged reason: 4, iterations: 1
  [a=24 b=29 nt=1224] KSP converged reason: 4, iterations: 1
  [a=23 b=29 nt=1194] KSP converged reason: 4, iterations: 1
  [a=23 b=29 nt=1194] KSP converged reason: 4, iterations: 1
  [ 761] viol   f=   0.225  a=23.4 b=29.5 gap=22.4 (face=4.8mm) n=[360, 360, 232, 232, 2, 2, 2, 2, 3, 3]  tape=0.221km B=9.95T unif=7.226% hoop=100MPa
  [ 762] viol   f=   0.224  a=23.5 b=29.4 gap=22.5 (face=4.9mm) n=[354, 354, 234, 234, 9, 9, 5, 5, 4, 4]  tape=0.224km B=10.00T unif=8.512% hoop=102MPa
  [ 763] viol   f=   0.222  a=23.6 b=29.3 gap=22.4 (face=4.9mm) n=[348, 348, 238, 238, 4, 4, 3, 3, 10, 10]  tape=0.221km B=9.98T unif=10.933% hoop=102MPa
  [ 764] OK     f=   0.227  a=23.4 b=29.3 gap=22.4 (face=4.9mm) n=[361, 361, 233, 233, 3, 3, 16, 16, 1, 1]  tape=0.227km B=10.13T unif=8.658% hoop=101MPa
  [ 765] OK     f=   0.228  a=23.6 b=29.4 gap=22.3 (face=4.6mm) n=[352, 352, 243, 243, 8, 8, 10, 10, 4, 4]  tape=0.228km B=10.06T unif=8.960% hoop=103MPa
  [ 766] OK     f=   0.227  a=23.6 b=29.4 gap=22.3 (face=4.6mm) n=[355, 355, 235, 235, 10, 10, 3, 3, 9, 9]  tape=0.227km B=10.08T unif=9.375% hoop=102MPa
  [ 767] OK     f=   0.226  a=23.3 b=29.3 gap=22.5 (face=4.9mm) n=[362, 362, 232, 232, 3, 3, 10, 10, 6, 6]  tape=0.226km B=10.08T unif=8.279% hoop=100MPa
  [ 768] OK     f=   0.226  a=23.5 b=29.3 gap=22.4 (face=4.9mm) n=[362, 362, 234, 234, 4, 4, 8, 8, 4, 4]  tape=0.226km B=10.02T unif=5.504% hoop=101MPa
  [ 769] viol   f=   0.220  a=23.4 b=29.3 gap=22.6 (face=5.2mm) n=[357, 357, 232, 232, 5, 5, 2, 2, 1, 1]  tape=0.219km B=9.98T unif=9.292% hoop=99MPa
  [ 770] viol   f=   0.229  a=23.5 b=29.3 gap=22.6 (face=5.1mm) n=[358, 358, 231, 231, 2, 2, 2, 2, 4, 4]  tape=0.219km B=9.93T unif=9.190% hoop=98MPa
  [a=23 b=29 nt=1216] KSP converged reason: 4, iterations: 1
  [a=23 b=29 nt=1210] KSP converged reason: 4, iterations: 1
  [a=23 b=29 nt=1190] KSP converged reason: 4, iterations: 1
  [a=24 b=29 nt=1200] KSP converged reason: 4, iterations: 1
  [a=23 b=29 nt=1194] KSP converged reason: 4, iterations: 1
  [a=24 b=29 nt=1194] KSP converged reason: 4, iterations: 1
  [a=23 b=29 nt=1214] KSP converged reason: 4, iterations: 1
  [a=24 b=29 nt=1218] KSP converged reason: 4, iterations: 1
  [a=23 b=29 nt=1198] KSP converged reason: 4, iterations: 1
  [a=24 b=29 nt=1220] KSP converged reason: 4, iterations: 1
  [ 771] viol   f=   0.242  a=23.4 b=29.3 gap=22.5 (face=5.0mm) n=[357, 357, 223, 223, 10, 10, 1, 1, 4, 4]  tape=0.220km B=9.90T unif=9.331% hoop=101MPa
  [ 772] viol   f=   0.221  a=23.5 b=29.3 gap=22.6 (face=5.1mm) n=[355, 355, 235, 235, 4, 4, 4, 4, 2, 2]  tape=0.220km B=9.98T unif=10.465% hoop=99MPa
  [ 773] viol   f=   0.226  a=23.4 b=29.4 gap=22.5 (face=5.0mm) n=[354, 354, 231, 231, 14, 14, 6, 6, 3, 3]  tape=0.225km B=9.97T unif=8.749% hoop=101MPa
  [ 774] viol   f=   0.240  a=23.5 b=29.3 gap=22.5 (face=5.0mm) n=[350, 350, 232, 232, 6, 6, 4, 4, 5, 5]  tape=0.219km B=9.90T unif=10.147% hoop=100MPa
  [ 775] viol   f=   0.316  a=23.5 b=29.4 gap=22.5 (face=4.9mm) n=[348, 348, 235, 235, 8, 8, 5, 5, 1, 1]  tape=0.219km B=9.78T unif=7.637% hoop=99MPa
  [ 776] OK     f=   0.222  a=23.5 b=29.2 gap=22.6 (face=5.3mm) n=[354, 354, 234, 234, 9, 9, 2, 2, 6, 6]  tape=0.222km B=10.02T unif=10.122% hoop=100MPa
  [ 777] OK     f=   0.225  a=23.4 b=29.3 gap=22.4 (face=4.9mm) n=[361, 361, 229, 229, 2, 2, 11, 11, 4, 4]  tape=0.225km B=10.03T unif=8.774% hoop=101MPa
  [ 778] OK     f=   0.224  a=23.5 b=29.2 gap=22.6 (face=5.1mm) n=[355, 355, 236, 236, 6, 6, 3, 3, 9, 9]  tape=0.224km B=10.08T unif=9.843% hoop=101MPa
  [ 779] OK     f=   0.218  a=23.5 b=29.2 gap=22.5 (face=5.1mm) n=[351, 351, 240, 240, 2, 2, 4, 4, 2, 2]  tape=0.218km B=10.04T unif=10.467% hoop=101MPa
  [ 780] OK     f=   0.227  a=23.5 b=29.4 gap=22.3 (face=4.7mm) n=[363, 363, 226, 226, 9, 9, 5, 5, 7, 7]  tape=0.227km B=10.09T unif=9.159% hoop=103MPa
  [a=23 b=29 nt=1210] KSP converged reason: 4, iterations: 1
  [a=24 b=29 nt=1198] KSP converged reason: 4, iterations: 1
  [a=24 b=29 nt=1224] KSP converged reason: 4, iterations: 1
  [a=23 b=29 nt=1212] KSP converged reason: 4, iterations: 1
  [a=24 b=29 nt=1198] KSP converged reason: 4, iterations: 1
  [a=23 b=29 nt=1190] KSP converged reason: 4, iterations: 1
  [a=24 b=29 nt=1218] KSP converged reason: 4, iterations: 1
  [a=24 b=29 nt=1212] KSP converged reason: 4, iterations: 1
  [a=23 b=29 nt=1208] KSP converged reason: 4, iterations: 1
  [a=23 b=29 nt=1204] KSP converged reason: 4, iterations: 1
  [ 781] viol   f=   0.223  a=23.4 b=29.2 gap=22.7 (face=5.4mm) n=[353, 353, 235, 235, 9, 9, 3, 3, 6, 6]  tape=0.222km B=9.99T unif=9.674% hoop=99MPa
  [ 782] OK     f=   0.226  a=23.6 b=29.2 gap=22.6 (face=5.2mm) n=[359, 359, 232, 232, 2, 2, 7, 7, 12, 12]  tape=0.226km B=10.11T unif=10.387% hoop=102MPa
  [ 783] viol   f=   0.230  a=23.5 b=29.3 gap=22.5 (face=5.1mm) n=[354, 354, 233, 233, 3, 3, 2, 2, 3, 3]  tape=0.218km B=9.92T unif=9.415% hoop=99MPa
  [ 784] viol   f=   0.226  a=23.4 b=29.3 gap=22.6 (face=5.2mm) n=[359, 359, 233, 233, 5, 5, 5, 5, 3, 3]  tape=0.222km B=9.96T unif=7.422% hoop=100MPa
  [ 785] viol   f=   0.292  a=23.5 b=29.2 gap=22.6 (face=5.3mm) n=[349, 349, 238, 238, 4, 4, 4, 4, 4, 4]  tape=0.219km B=9.81T unif=7.361% hoop=99MPa
  [ 786] viol   f=   0.305  a=23.6 b=29.4 gap=22.6 (face=5.1mm) n=[353, 353, 237, 237, 3, 3, 3, 3, 3, 3]  tape=0.220km B=9.79T unif=6.714% hoop=100MPa
  [ 787] OK     f=   0.225  a=23.5 b=29.2 gap=22.5 (face=5.0mm) n=[358, 358, 229, 229, 13, 13, 8, 8, 1, 1]  tape=0.225km B=10.12T unif=9.876% hoop=102MPa
  [ 788] OK     f=   0.222  a=23.6 b=29.1 gap=22.6 (face=5.2mm) n=[357, 357, 234, 234, 6, 6, 6, 6, 3, 3]  tape=0.222km B=10.11T unif=9.477% hoop=101MPa
  [ 789] viol   f=   0.239  a=23.3 b=29.3 gap=22.6 (face=5.1mm) n=[357, 357, 230, 230, 6, 6, 6, 6, 5, 5]  tape=0.222km B=9.91T unif=7.110% hoop=99MPa
  [ 790] viol   f=   0.222  a=23.4 b=29.3 gap=22.5 (face=5.0mm) n=[363, 363, 227, 227, 6, 6, 4, 4, 2, 2]  tape=0.222km B=9.99T unif=6.183% hoop=102MPa
  [a=23 b=29 nt=1250] KSP converged reason: 4, iterations: 1
  [a=23 b=29 nt=1222] KSP converged reason: 4, iterations: 1
  [a=23 b=29 nt=1208] KSP converged reason: 4, iterations: 1
  [a=23 b=29 nt=1222] KSP converged reason: 4, iterations: 1
  [a=24 b=29 nt=1220] KSP converged reason: 4, iterations: 1
  [a=24 b=29 nt=1208] KSP converged reason: 4, iterations: 1
  [a=23 b=29 nt=1222] KSP converged reason: 4, iterations: 1
  [a=24 b=29 nt=1248] KSP converged reason: 4, iterations: 1
  [a=23 b=29 nt=1220] KSP converged reason: 4, iterations: 1
  [a=23 b=29 nt=1218] KSP converged reason: 4, iterations: 1
  [ 791] OK     f=   0.224  a=23.5 b=29.1 gap=22.6 (face=5.2mm) n=[362, 362, 234, 234, 6, 6, 7, 7, 2, 2]  tape=0.224km B=10.23T unif=9.688% hoop=100MPa
  [ 792] OK     f=   0.225  a=23.5 b=29.0 gap=22.7 (face=5.5mm) n=[364, 364, 226, 226, 5, 5, 14, 14, 2, 2]  tape=0.225km B=10.11T unif=9.151% hoop=100MPa
  [ 793] OK     f=   0.222  a=23.6 b=29.0 gap=22.6 (face=5.2mm) n=[357, 357, 229, 229, 13, 13, 3, 3, 2, 2]  tape=0.222km B=10.05T unif=9.426% hoop=100MPa
  [ 794] OK     f=   0.224  a=23.5 b=28.9 gap=22.8 (face=5.5mm) n=[360, 360, 232, 232, 11, 11, 3, 3, 4, 4]  tape=0.224km B=10.16T unif=10.065% hoop=101MPa
  [ 795] OK     f=   0.223  a=23.5 b=29.3 gap=22.6 (face=5.2mm) n=[369, 369, 224, 224, 4, 4, 3, 3, 4, 4]  tape=0.223km B=10.03T unif=9.004% hoop=101MPa
  [ 796] OK     f=   0.233  a=23.5 b=29.2 gap=22.7 (face=5.5mm) n=[366, 366, 228, 228, 11, 11, 13, 13, 7, 7]  tape=0.233km B=10.20T unif=9.164% hoop=101MPa
  [ 797] OK     f=   0.225  a=23.4 b=29.1 gap=22.6 (face=5.3mm) n=[366, 366, 227, 227, 3, 3, 10, 10, 5, 5]  tape=0.225km B=10.11T unif=9.868% hoop=101MPa
  [ 798] OK     f=   0.233  a=23.6 b=29.2 gap=22.6 (face=5.1mm) n=[367, 367, 229, 229, 7, 7, 15, 15, 6, 6]  tape=0.233km B=10.30T unif=9.188% hoop=103MPa
  [ 799] OK     f=   0.224  a=23.4 b=29.2 gap=22.6 (face=5.2mm) n=[361, 361, 232, 232, 5, 5, 10, 10, 2, 2]  tape=0.224km B=10.18T unif=9.723% hoop=100MPa
  [ 800] viol   f=   0.229  a=23.4 b=29.1 gap=22.5 (face=5.0mm) n=[350, 350, 230, 230, 16, 16, 4, 4, 9, 9]  tape=0.225km B=9.96T unif=9.247% hoop=100MPa
  [a=23 b=29 nt=1242] KSP converged reason: 4, iterations: 1
  [a=24 b=29 nt=1222] KSP converged reason: 4, iterations: 1
  [a=24 b=29 nt=1224] KSP converged reason: 4, iterations: 1
  [a=23 b=29 nt=1218] KSP converged reason: 4, iterations: 1
  [a=23 b=29 nt=1188] KSP converged reason: 4, iterations: 1
  [a=23 b=29 nt=1212] KSP converged reason: 4, iterations: 1
  [a=24 b=29 nt=1224] KSP converged reason: 4, iterations: 1
  [a=23 b=29 nt=1224] KSP converged reason: 4, iterations: 1
  [a=23 b=29 nt=1216] KSP converged reason: 4, iterations: 1
  [a=24 b=29 nt=1196] KSP converged reason: 4, iterations: 1
  [ 801] viol   f=   0.225  a=23.4 b=29.3 gap=22.6 (face=5.1mm) n=[358, 358, 227, 227, 3, 3, 3, 3, 3, 3]  tape=0.218km B=9.94T unif=9.016% hoop=100MPa
  [ 802] OK     f=   0.225  a=23.6 b=28.9 gap=22.6 (face=5.3mm) n=[358, 358, 232, 232, 14, 14, 5, 5, 3, 3]  tape=0.225km B=10.17T unif=9.794% hoop=101MPa
  [ 803] OK     f=   0.224  a=23.6 b=28.9 gap=22.6 (face=5.2mm) n=[363, 363, 230, 230, 10, 10, 5, 5, 3, 3]  tape=0.224km B=10.14T unif=7.920% hoop=102MPa
  [ 804] viol   f=   0.226  a=23.4 b=29.2 gap=22.6 (face=5.2mm) n=[355, 355, 227, 227, 11, 11, 7, 7, 9, 9]  tape=0.226km B=9.99T unif=9.790% hoop=100MPa
  [ 805] OK     f=   0.231  a=23.5 b=29.2 gap=22.6 (face=5.1mm) n=[372, 372, 226, 226, 6, 6, 8, 8, 9, 9]  tape=0.231km B=10.30T unif=8.812% hoop=102MPa
  [ 806] viol   f=   0.230  a=23.5 b=29.0 gap=22.8 (face=5.5mm) n=[357, 357, 229, 229, 10, 10, 2, 2, 8, 8]  tape=0.223km B=9.94T unif=7.884% hoop=99MPa
  [ 807] OK     f=   0.227  a=23.5 b=29.3 gap=22.4 (face=4.9mm) n=[357, 357, 233, 233, 13, 13, 4, 4, 5, 5]  tape=0.227km B=10.07T unif=9.108% hoop=102MPa
  [ 808] OK     f=   0.226  a=23.4 b=29.1 gap=22.5 (face=5.0mm) n=[361, 361, 228, 228, 8, 8, 6, 6, 9, 9]  tape=0.226km B=10.11T unif=8.500% hoop=102MPa
  [ 809] viol   f=   0.226  a=23.6 b=29.3 gap=22.5 (face=5.0mm) n=[357, 357, 234, 234, 1, 1, 5, 5, 1, 1]  tape=0.219km B=9.94T unif=9.214% hoop=100MPa
  [ 810] OK     f=   0.226  a=23.4 b=29.1 gap=22.6 (face=5.2mm) n=[369, 369, 219, 219, 12, 12, 6, 6, 2, 2]  tape=0.226km B=10.12T unif=7.543% hoop=101MPa
  [a=24 b=29 nt=1248] KSP converged reason: 4, iterations: 1
  [a=24 b=29 nt=1238] KSP converged reason: 4, iterations: 1
  [a=23 b=29 nt=1216] KSP converged reason: 4, iterations: 1
  [a=23 b=29 nt=1212] KSP converged reason: 4, iterations: 1
  [a=24 b=29 nt=1220] KSP converged reason: 4, iterations: 1
  [a=23 b=29 nt=1232] KSP converged reason: 4, iterations: 1
  [a=24 b=29 nt=1218] KSP converged reason: 4, iterations: 1
  [a=23 b=29 nt=1216] KSP converged reason: 4, iterations: 1
  [a=24 b=29 nt=1228] KSP converged reason: 4, iterations: 1
  [a=23 b=29 nt=1212] KSP converged reason: 4, iterations: 1
  [ 811] OK     f=   0.231  a=23.5 b=29.1 gap=22.5 (face=5.0mm) n=[358, 358, 233, 233, 8, 8, 16, 16, 9, 9]  tape=0.231km B=10.19T unif=9.970% hoop=102MPa
  [ 812] OK     f=   0.228  a=23.5 b=29.0 gap=22.6 (face=5.3mm) n=[353, 353, 234, 234, 18, 18, 11, 11, 3, 3]  tape=0.228km B=10.12T unif=9.907% hoop=102MPa
  [ 813] OK     f=   0.224  a=23.4 b=28.9 gap=22.8 (face=5.5mm) n=[367, 367, 224, 224, 10, 10, 6, 6, 1, 1]  tape=0.224km B=10.25T unif=9.254% hoop=100MPa
  [ 814] OK     f=   0.222  a=23.4 b=29.0 gap=22.8 (face=5.6mm) n=[361, 361, 232, 232, 4, 4, 4, 4, 5, 5]  tape=0.222km B=10.06T unif=9.746% hoop=100MPa
  [ 815] OK     f=   0.223  a=23.6 b=29.0 gap=22.5 (face=5.1mm) n=[358, 358, 236, 236, 5, 5, 9, 9, 2, 2]  tape=0.223km B=10.21T unif=10.825% hoop=101MPa
  [ 816] OK     f=   0.228  a=23.4 b=29.0 gap=22.6 (face=5.3mm) n=[362, 362, 225, 225, 19, 19, 8, 8, 2, 2]  tape=0.228km B=10.12T unif=8.698% hoop=101MPa
  [ 817] OK     f=   0.223  a=23.7 b=29.0 gap=22.5 (face=4.9mm) n=[360, 360, 238, 238, 3, 3, 3, 3, 5, 5]  tape=0.223km B=10.01T unif=5.542% hoop=102MPa
  [ 818] OK     f=   0.223  a=23.4 b=28.9 gap=22.6 (face=5.2mm) n=[365, 365, 227, 227, 9, 9, 4, 4, 3, 3]  tape=0.223km B=10.19T unif=8.729% hoop=100MPa
  [ 819] OK     f=   0.227  a=23.5 b=29.3 gap=22.4 (face=4.9mm) n=[360, 360, 233, 233, 15, 15, 5, 5, 1, 1]  tape=0.227km B=10.08T unif=5.434% hoop=103MPa
  [ 820] OK     f=   0.223  a=23.5 b=29.1 gap=22.6 (face=5.2mm) n=[364, 364, 226, 226, 8, 8, 5, 5, 3, 3]  tape=0.223km B=10.09T unif=8.940% hoop=101MPa
  [a=24 b=29 nt=1226] KSP converged reason: 4, iterations: 1
  [a=24 b=29 nt=1230] KSP converged reason: 4, iterations: 1
  [a=24 b=29 nt=1238] KSP converged reason: 4, iterations: 1
  [a=23 b=29 nt=1206] KSP converged reason: 4, iterations: 1
  [a=23 b=29 nt=1216] KSP converged reason: 4, iterations: 1
  [a=24 b=29 nt=1226] KSP converged reason: 4, iterations: 1
  [a=24 b=29 nt=1222] KSP converged reason: 4, iterations: 1
  [a=23 b=29 nt=1220] KSP converged reason: 4, iterations: 1
  [a=23 b=29 nt=1212] KSP converged reason: 4, iterations: 1
  [a=24 b=29 nt=1234] KSP converged reason: 4, iterations: 1
  [ 821] OK     f=   0.226  a=23.5 b=29.3 gap=22.5 (face=5.0mm) n=[363, 363, 236, 236, 1, 1, 10, 10, 3, 3]  tape=0.226km B=10.18T unif=9.514% hoop=101MPa
  [ 822] OK     f=   0.223  a=23.3 b=29.1 gap=22.7 (face=5.5mm) n=[364, 364, 231, 231, 2, 2, 8, 8, 3, 3]  tape=0.223km B=10.11T unif=8.335% hoop=99MPa
  [ 823] OK     f=   0.226  a=23.5 b=29.0 gap=22.8 (face=5.5mm) n=[370, 370, 225, 225, 3, 3, 8, 8, 7, 7]  tape=0.226km B=10.18T unif=8.884% hoop=101MPa
  [ 824] OK     f=   0.221  a=23.5 b=29.2 gap=22.6 (face=5.2mm) n=[359, 359, 233, 233, 5, 5, 2, 2, 4, 4]  tape=0.221km B=10.02T unif=9.774% hoop=100MPa
  [ 825] OK     f=   0.228  a=23.5 b=28.9 gap=22.8 (face=5.6mm) n=[355, 355, 235, 235, 14, 14, 12, 12, 3, 3]  tape=0.228km B=10.07T unif=8.353% hoop=101MPa
  [ 826] OK     f=   0.227  a=23.6 b=29.0 gap=22.6 (face=5.2mm) n=[355, 355, 234, 234, 15, 15, 7, 7, 4, 4]  tape=0.227km B=10.04T unif=8.911% hoop=102MPa
  [ 827] OK     f=   0.223  a=23.6 b=28.8 gap=22.7 (face=5.5mm) n=[358, 358, 237, 237, 11, 11, 1, 1, 4, 4]  tape=0.223km B=10.20T unif=10.160% hoop=102MPa
  [ 828] viol   f=   0.228  a=23.5 b=29.1 gap=22.6 (face=5.3mm) n=[366, 366, 222, 222, 8, 8, 7, 7, 7, 7]  tape=0.226km B=9.97T unif=6.558% hoop=101MPa
  [ 829] OK     f=   0.221  a=23.5 b=28.9 gap=22.7 (face=5.3mm) n=[360, 360, 236, 236, 2, 2, 2, 2, 6, 6]  tape=0.221km B=10.03T unif=6.256% hoop=99MPa
  [ 830] OK     f=   0.227  a=23.5 b=29.0 gap=22.8 (face=5.5mm) n=[359, 359, 233, 233, 9, 9, 13, 13, 3, 3]  tape=0.227km B=10.12T unif=8.699% hoop=102MPa
  [a=23 b=29 nt=1232] KSP converged reason: 4, iterations: 1
  [a=23 b=29 nt=1216] KSP converged reason: 4, iterations: 1
  [a=23 b=29 nt=1234] KSP converged reason: 4, iterations: 1
  [a=24 b=29 nt=1228] KSP converged reason: 4, iterations: 1
  [a=23 b=29 nt=1224] KSP converged reason: 4, iterations: 1
  [a=24 b=29 nt=1210] KSP converged reason: 4, iterations: 1
  [a=23 b=29 nt=1232] KSP converged reason: 4, iterations: 1
  [a=24 b=29 nt=1202] KSP converged reason: 4, iterations: 1
  [a=23 b=29 nt=1212] KSP converged reason: 4, iterations: 1
  [a=23 b=29 nt=1210] KSP converged reason: 4, iterations: 1
  [ 831] OK     f=   0.226  a=23.5 b=28.9 gap=22.7 (face=5.4mm) n=[363, 363, 232, 232, 11, 11, 4, 4, 6, 6]  tape=0.226km B=10.24T unif=9.433% hoop=100MPa
  [ 832] OK     f=   0.223  a=23.6 b=28.9 gap=22.7 (face=5.5mm) n=[357, 357, 244, 244, 5, 5, 7, 7, 1, 1]  tape=0.223km B=10.24T unif=9.911% hoop=102MPa
  [ 833] OK     f=   0.223  a=23.5 b=29.0 gap=22.7 (face=5.3mm) n=[354, 354, 244, 244, 3, 3, 9, 9, 2, 2]  tape=0.223km B=10.15T unif=10.097% hoop=102MPa
  [ 834] OK     f=   0.223  a=23.5 b=29.1 gap=22.7 (face=5.3mm) n=[367, 367, 231, 231, 2, 2, 4, 4, 4, 4]  tape=0.223km B=10.03T unif=8.452% hoop=100MPa
  [ 835] OK     f=   0.228  a=23.4 b=29.0 gap=22.6 (face=5.2mm) n=[369, 369, 227, 227, 14, 14, 3, 3, 4, 4]  tape=0.228km B=10.24T unif=8.376% hoop=101MPa
  [ 836] OK     f=   0.220  a=23.5 b=28.9 gap=22.7 (face=5.4mm) n=[359, 359, 236, 236, 5, 5, 4, 4, 1, 1]  tape=0.220km B=10.12T unif=9.470% hoop=101MPa
  [ 837] OK     f=   0.225  a=23.5 b=29.0 gap=22.7 (face=5.4mm) n=[353, 353, 244, 244, 5, 5, 11, 11, 3, 3]  tape=0.225km B=10.22T unif=9.824% hoop=102MPa
  [ 838] OK     f=   0.221  a=23.4 b=29.0 gap=22.7 (face=5.3mm) n=[363, 363, 234, 234, 7, 7, 1, 1, 1, 1]  tape=0.221km B=10.08T unif=8.576% hoop=101MPa
  [ 839] OK     f=   0.219  a=23.5 b=28.9 gap=22.7 (face=5.4mm) n=[358, 358, 232, 232, 5, 5, 2, 2, 4, 4]  tape=0.219km B=10.08T unif=10.787% hoop=100MPa
  [ 840] viol   f=   0.224  a=23.5 b=29.0 gap=22.8 (face=5.5mm) n=[361, 361, 233, 233, 5, 5, 3, 3, 3, 3]  tape=0.221km B=9.96T unif=7.149% hoop=100MPa
  [a=23 b=29 nt=1222] KSP converged reason: 4, iterations: 1
  [a=23 b=29 nt=1226] KSP converged reason: 4, iterations: 1
  [a=24 b=29 nt=1222] KSP converged reason: 4, iterations: 1
  [a=23 b=29 nt=1224] KSP converged reason: 4, iterations: 1
  [a=23 b=29 nt=1204] KSP converged reason: 4, iterations: 1
  [a=24 b=29 nt=1208] KSP converged reason: 4, iterations: 1
  [a=24 b=29 nt=1218] KSP converged reason: 4, iterations: 1
  [a=23 b=29 nt=1212] KSP converged reason: 4, iterations: 1
  [a=24 b=29 nt=1224] KSP converged reason: 4, iterations: 1
  [a=23 b=29 nt=1222] KSP converged reason: 4, iterations: 1
  [ 841] viol   f=   0.220  a=23.5 b=28.9 gap=22.7 (face=5.5mm) n=[355, 355, 236, 236, 8, 8, 2, 2, 3, 3]  tape=0.220km B=10.00T unif=9.128% hoop=100MPa
  [ 842] OK     f=   0.223  a=23.4 b=28.8 gap=22.8 (face=5.6mm) n=[366, 366, 236, 236, 2, 2, 5, 5, 3, 3]  tape=0.223km B=10.26T unif=10.110% hoop=99MPa
  [ 843] OK     f=   0.221  a=23.5 b=29.1 gap=22.7 (face=5.4mm) n=[364, 364, 227, 227, 2, 2, 4, 4, 5, 5]  tape=0.221km B=10.01T unif=9.626% hoop=100MPa
  [ 844] OK     f=   0.222  a=23.5 b=28.9 gap=22.6 (face=5.3mm) n=[357, 357, 240, 240, 2, 2, 7, 7, 5, 5]  tape=0.222km B=10.29T unif=10.600% hoop=102MPa
  [ 845] OK     f=   0.224  a=23.4 b=28.9 gap=22.7 (face=5.3mm) n=[361, 361, 230, 230, 12, 12, 4, 4, 4, 4]  tape=0.224km B=10.01T unif=5.493% hoop=101MPa
  [ 846] OK     f=   0.225  a=23.4 b=28.9 gap=22.7 (face=5.4mm) n=[364, 364, 228, 228, 8, 8, 8, 8, 5, 5]  tape=0.225km B=10.10T unif=7.927% hoop=100MPa
  [ 847] OK     f=   0.222  a=23.5 b=29.1 gap=22.5 (face=5.0mm) n=[362, 362, 235, 235, 2, 2, 4, 4, 3, 3]  tape=0.222km B=10.08T unif=8.842% hoop=101MPa
  [ 848] OK     f=   0.222  a=23.5 b=29.0 gap=22.6 (face=5.3mm) n=[357, 357, 239, 239, 5, 5, 4, 4, 4, 4]  tape=0.222km B=10.11T unif=9.052% hoop=101MPa
  [ 849] viol   f=   0.225  a=23.5 b=29.0 gap=22.7 (face=5.3mm) n=[359, 359, 234, 234, 11, 11, 4, 4, 4, 4]  tape=0.225km B=9.99T unif=5.674% hoop=101MPa
  [ 850] OK     f=   0.226  a=23.5 b=29.1 gap=22.7 (face=5.4mm) n=[358, 358, 226, 226, 12, 12, 10, 10, 5, 5]  tape=0.226km B=10.05T unif=9.049% hoop=101MPa
  [a=23 b=29 nt=1214] KSP converged reason: 4, iterations: 1
  [a=23 b=29 nt=1212] KSP converged reason: 4, iterations: 1
  [a=24 b=29 nt=1204] KSP converged reason: 4, iterations: 1
  [a=24 b=29 nt=1222] KSP converged reason: 4, iterations: 1
  [a=24 b=29 nt=1198] KSP converged reason: 4, iterations: 1
  [a=23 b=29 nt=1200] KSP converged reason: 4, iterations: 1
  [a=24 b=29 nt=1212] KSP converged reason: 4, iterations: 1
  [a=23 b=29 nt=1218] KSP converged reason: 4, iterations: 1
  [a=24 b=29 nt=1218] KSP converged reason: 4, iterations: 1
  [a=23 b=29 nt=1200] KSP converged reason: 4, iterations: 1
  [ 851] viol   f=   0.219  a=23.6 b=28.7 gap=22.8 (face=5.6mm) n=[360, 360, 231, 231, 3, 3, 4, 4, 4, 4]  tape=0.219km B=9.99T unif=9.216% hoop=99MPa
  [ 852] OK     f=   0.219  a=23.6 b=29.1 gap=22.5 (face=5.1mm) n=[361, 361, 231, 231, 1, 1, 2, 2, 4, 4]  tape=0.219km B=10.07T unif=9.512% hoop=101MPa
  [ 853] OK     f=   0.223  a=23.6 b=28.9 gap=22.7 (face=5.4mm) n=[360, 360, 236, 236, 8, 8, 3, 3, 4, 4]  tape=0.223km B=10.09T unif=8.456% hoop=101MPa
  [ 854] viol   f=   0.224  a=23.5 b=29.1 gap=22.7 (face=5.3mm) n=[357, 357, 230, 230, 8, 8, 1, 1, 4, 4]  tape=0.220km B=9.96T unif=9.527% hoop=99MPa
  [ 855] OK     f=   0.223  a=23.4 b=29.2 gap=22.7 (face=5.3mm) n=[364, 364, 231, 231, 4, 4, 3, 3, 5, 5]  tape=0.223km B=10.09T unif=7.208% hoop=99MPa
  [ 856] OK     f=   0.222  a=23.5 b=29.1 gap=22.6 (face=5.1mm) n=[360, 360, 231, 231, 7, 7, 6, 6, 2, 2]  tape=0.222km B=10.01T unif=7.047% hoop=100MPa
  [ 857] OK     f=   0.222  a=23.6 b=29.0 gap=22.7 (face=5.5mm) n=[364, 364, 231, 231, 3, 3, 3, 3, 5, 5]  tape=0.222km B=10.06T unif=8.844% hoop=100MPa
  [ 858] OK     f=   0.223  a=23.5 b=29.0 gap=22.5 (face=5.0mm) n=[353, 353, 236, 236, 8, 8, 6, 6, 6, 6]  tape=0.223km B=10.04T unif=9.974% hoop=102MPa
  [ 859] OK     f=   0.219  a=23.4 b=29.1 gap=22.7 (face=5.3mm) n=[360, 360, 234, 234, 2, 2, 3, 3, 1, 1]  tape=0.219km B=10.10T unif=9.249% hoop=98MPa
  [ 860] OK     f=   0.224  a=23.6 b=29.0 gap=22.5 (face=5.1mm) n=[364, 364, 231, 231, 3, 3, 8, 8, 3, 3]  tape=0.224km B=10.16T unif=8.063% hoop=102MPa
  [a=23 b=29 nt=1208] KSP converged reason: 4, iterations: 1
  [a=23 b=29 nt=1206] KSP converged reason: 4, iterations: 1
  [a=23 b=29 nt=1210] KSP converged reason: 4, iterations: 1
  [a=23 b=29 nt=1210] KSP converged reason: 4, iterations: 1
  [a=23 b=29 nt=1208] KSP converged reason: 4, iterations: 1
  [a=24 b=29 nt=1206] KSP converged reason: 4, iterations: 1
  [a=24 b=29 nt=1204] KSP converged reason: 4, iterations: 1
  [a=24 b=29 nt=1214] KSP converged reason: 4, iterations: 1
  [a=23 b=29 nt=1198] KSP converged reason: 4, iterations: 1
  [a=23 b=29 nt=1192] KSP converged reason: 4, iterations: 1
  [ 861] OK     f=   0.221  a=23.5 b=28.9 gap=22.7 (face=5.4mm) n=[363, 363, 228, 228, 5, 5, 5, 5, 3, 3]  tape=0.221km B=10.03T unif=8.585% hoop=99MPa
  [ 862] OK     f=   0.221  a=23.4 b=29.0 gap=22.6 (face=5.3mm) n=[363, 363, 231, 231, 4, 4, 3, 3, 2, 2]  tape=0.221km B=10.09T unif=10.094% hoop=99MPa
  [ 863] OK     f=   0.222  a=23.5 b=29.0 gap=22.7 (face=5.4mm) n=[360, 360, 228, 228, 7, 7, 4, 4, 5, 5]  tape=0.222km B=10.05T unif=9.480% hoop=100MPa
  [ 864] viol   f=   0.222  a=23.4 b=29.1 gap=22.7 (face=5.4mm) n=[361, 361, 231, 231, 4, 4, 4, 4, 5, 5]  tape=0.222km B=9.99T unif=7.660% hoop=100MPa
  [ 865] OK     f=   0.221  a=23.5 b=29.1 gap=22.5 (face=5.1mm) n=[362, 362, 233, 233, 1, 1, 6, 6, 1, 1]  tape=0.221km B=10.04T unif=8.791% hoop=101MPa
  [ 866] OK     f=   0.221  a=23.5 b=29.1 gap=22.7 (face=5.4mm) n=[359, 359, 234, 234, 3, 3, 5, 5, 4, 4]  tape=0.221km B=10.07T unif=9.771% hoop=100MPa
  [ 867] OK     f=   0.220  a=23.6 b=28.9 gap=22.7 (face=5.5mm) n=[366, 366, 227, 227, 4, 4, 1, 1, 4, 4]  tape=0.220km B=10.04T unif=8.827% hoop=100MPa
  [ 868] OK     f=   0.222  a=23.6 b=28.8 gap=22.8 (face=5.7mm) n=[364, 364, 229, 229, 3, 3, 3, 3, 8, 8]  tape=0.222km B=10.07T unif=9.614% hoop=99MPa
  [ 869] viol   f=   0.245  a=23.5 b=28.8 gap=22.7 (face=5.4mm) n=[359, 359, 234, 234, 2, 2, 2, 2, 2, 2]  tape=0.217km B=9.88T unif=5.497% hoop=99MPa
  [ 870] viol   f=   0.248  a=23.5 b=29.0 gap=22.7 (face=5.3mm) n=[360, 360, 231, 231, 2, 2, 2, 2, 1, 1]  tape=0.217km B=9.88T unif=4.933% hoop=99MPa
  [a=24 b=29 nt=1230] KSP converged reason: 4, iterations: 1
  [a=24 b=29 nt=1210] KSP converged reason: 4, iterations: 1
  [a=24 b=29 nt=1218] KSP converged reason: 4, iterations: 1
  [a=24 b=29 nt=1224] KSP converged reason: 4, iterations: 1
  [a=24 b=29 nt=1220] KSP converged reason: 4, iterations: 1
  [a=24 b=29 nt=1198] KSP converged reason: 4, iterations: 1
  [a=23 b=29 nt=1206] KSP converged reason: 4, iterations: 1
  [a=24 b=29 nt=1218] KSP converged reason: 4, iterations: 1
  [a=24 b=29 nt=1220] KSP converged reason: 4, iterations: 1
  [a=24 b=29 nt=1208] KSP converged reason: 4, iterations: 1
  [ 871] OK     f=   0.224  a=23.5 b=29.0 gap=22.6 (face=5.3mm) n=[371, 371, 229, 229, 5, 5, 2, 2, 2, 2]  tape=0.224km B=10.12T unif=7.084% hoop=100MPa
  [ 872] OK     f=   0.218  a=23.6 b=28.9 gap=22.7 (face=5.3mm) n=[357, 357, 232, 232, 7, 7, 2, 2, 1, 1]  tape=0.218km B=10.05T unif=10.179% hoop=101MPa
  [ 873] OK     f=   0.225  a=23.6 b=29.0 gap=22.6 (face=5.1mm) n=[362, 362, 229, 229, 5, 5, 12, 12, 2, 2]  tape=0.225km B=10.06T unif=7.807% hoop=102MPa
  [ 874] OK     f=   0.225  a=23.5 b=29.1 gap=22.7 (face=5.4mm) n=[363, 363, 233, 233, 8, 8, 3, 3, 5, 5]  tape=0.225km B=10.23T unif=9.887% hoop=101MPa
  [ 875] OK     f=   0.227  a=23.6 b=29.0 gap=22.6 (face=5.2mm) n=[368, 368, 231, 231, 6, 6, 5, 5, 5, 5]  tape=0.227km B=10.28T unif=9.976% hoop=102MPa
  [ 876] viol   f=   0.225  a=23.5 b=28.9 gap=22.8 (face=5.5mm) n=[354, 354, 238, 238, 5, 5, 4, 4, 4, 4]  tape=0.220km B=9.95T unif=6.487% hoop=100MPa
  [ 877] viol   f=   0.221  a=23.5 b=29.1 gap=22.6 (face=5.2mm) n=[363, 363, 230, 230, 6, 6, 1, 1, 3, 3]  tape=0.221km B=10.00T unif=6.824% hoop=100MPa
  [ 878] OK     f=   0.225  a=23.5 b=29.2 gap=22.5 (face=4.9mm) n=[368, 368, 229, 229, 6, 6, 2, 2, 4, 4]  tape=0.225km B=10.15T unif=8.809% hoop=102MPa
  [ 879] OK     f=   0.224  a=23.5 b=28.9 gap=22.8 (face=5.5mm) n=[373, 373, 224, 224, 1, 1, 7, 7, 5, 5]  tape=0.224km B=10.26T unif=8.833% hoop=101MPa
  [ 880] OK     f=   0.222  a=23.6 b=29.1 gap=22.6 (face=5.2mm) n=[363, 363, 231, 231, 2, 2, 5, 5, 3, 3]  tape=0.222km B=10.01T unif=7.764% hoop=101MPa
  [a=23 b=29 nt=1220] KSP converged reason: 4, iterations: 1
  [a=24 b=29 nt=1196] KSP converged reason: 4, iterations: 1
  [a=24 b=29 nt=1204] KSP converged reason: 4, iterations: 1
  [a=24 b=29 nt=1210] KSP converged reason: 4, iterations: 1
  [a=24 b=29 nt=1208] KSP converged reason: 4, iterations: 1
  [a=24 b=29 nt=1202] KSP converged reason: 4, iterations: 1
  [a=24 b=29 nt=1204] KSP converged reason: 4, iterations: 1
  [a=24 b=29 nt=1196] KSP converged reason: 4, iterations: 1
  [a=24 b=29 nt=1212] KSP converged reason: 4, iterations: 1
  [a=24 b=29 nt=1200] KSP converged reason: 4, iterations: 1
  [ 881] viol   f=   0.224  a=23.7 b=28.9 gap=22.6 (face=5.2mm) n=[361, 361, 234, 234, 6, 6, 2, 2, 2, 2]  tape=0.221km B=9.96T unif=4.884% hoop=101MPa
  [ 882] OK     f=   0.219  a=23.6 b=28.9 gap=22.6 (face=5.3mm) n=[363, 363, 232, 232, 2, 2, 3, 3, 1, 1]  tape=0.219km B=10.02T unif=7.874% hoop=101MPa
  [ 883] OK     f=   0.221  a=23.6 b=29.0 gap=22.7 (face=5.4mm) n=[360, 360, 233, 233, 3, 3, 6, 6, 2, 2]  tape=0.221km B=10.02T unif=7.942% hoop=101MPa
  [ 884] OK     f=   0.220  a=23.5 b=28.8 gap=22.7 (face=5.4mm) n=[364, 364, 229, 229, 3, 3, 5, 5, 1, 1]  tape=0.220km B=10.12T unif=9.239% hoop=100MPa
  [ 885] OK     f=   0.224  a=23.5 b=29.1 gap=22.6 (face=5.2mm) n=[364, 364, 231, 231, 6, 6, 4, 4, 5, 5]  tape=0.224km B=10.16T unif=9.642% hoop=102MPa
  [ 886] viol   f=   0.219  a=23.5 b=29.0 gap=22.6 (face=5.2mm) n=[358, 358, 230, 230, 4, 4, 3, 3, 3, 3]  tape=0.219km B=9.99T unif=9.780% hoop=99MPa
  [ 887] OK     f=   0.220  a=23.6 b=28.9 gap=22.6 (face=5.2mm) n=[359, 359, 230, 230, 8, 8, 4, 4, 1, 1]  tape=0.220km B=10.07T unif=8.967% hoop=102MPa
  [ 888] OK     f=   0.219  a=23.5 b=28.9 gap=22.7 (face=5.4mm) n=[365, 365, 226, 226, 2, 2, 4, 4, 1, 1]  tape=0.219km B=10.03T unif=9.086% hoop=99MPa
  [ 889] OK     f=   0.222  a=23.7 b=29.0 gap=22.6 (face=5.2mm) n=[362, 362, 234, 234, 3, 3, 6, 6, 1, 1]  tape=0.222km B=10.07T unif=9.265% hoop=102MPa
  [ 890] viol   f=   0.220  a=23.6 b=29.0 gap=22.6 (face=5.3mm) n=[361, 361, 228, 228, 5, 5, 5, 5, 1, 1]  tape=0.220km B=10.00T unif=8.199% hoop=100MPa
  [a=23 b=29 nt=1204] KSP converged reason: 4, iterations: 1
  [a=24 b=29 nt=1200] KSP converged reason: 4, iterations: 1
  [a=24 b=29 nt=1194] KSP converged reason: 4, iterations: 1
  [a=23 b=29 nt=1202] KSP converged reason: 4, iterations: 1
  [a=24 b=29 nt=1190] KSP converged reason: 4, iterations: 1
  [a=23 b=29 nt=1194] KSP converged reason: 4, iterations: 1
  [a=24 b=29 nt=1212] KSP converged reason: 4, iterations: 1
  [a=24 b=29 nt=1198] KSP converged reason: 4, iterations: 1
  [a=24 b=29 nt=1232] KSP converged reason: 4, iterations: 1
  [a=24 b=29 nt=1188] KSP converged reason: 4, iterations: 1
  [ 891] viol   f=   0.296  a=23.6 b=29.0 gap=22.6 (face=5.2mm) n=[355, 355, 233, 233, 3, 3, 2, 2, 2, 2]  tape=0.217km B=9.80T unif=5.764% hoop=99MPa
  [ 892] viol   f=   0.226  a=23.6 b=29.0 gap=22.6 (face=5.3mm) n=[362, 362, 226, 226, 3, 3, 4, 4, 2, 2]  tape=0.219km B=9.94T unif=8.158% hoop=100MPa
  [ 893] viol   f=   0.218  a=23.5 b=28.8 gap=22.8 (face=5.6mm) n=[360, 360, 230, 230, 5, 5, 1, 1, 1, 1]  tape=0.217km B=9.98T unif=7.928% hoop=99MPa
  [ 894] OK     f=   0.219  a=23.6 b=28.9 gap=22.7 (face=5.3mm) n=[360, 360, 230, 230, 3, 3, 6, 6, 1, 1]  tape=0.219km B=10.03T unif=8.194% hoop=101MPa
  [ 895] OK     f=   0.220  a=23.5 b=28.9 gap=22.7 (face=5.3mm) n=[360, 360, 229, 229, 7, 7, 2, 2, 4, 4]  tape=0.220km B=10.12T unif=10.250% hoop=100MPa
  [ 896] OK     f=   0.219  a=23.5 b=28.9 gap=22.7 (face=5.3mm) n=[359, 359, 230, 230, 6, 6, 2, 2, 4, 4]  tape=0.219km B=10.03T unif=9.372% hoop=100MPa
  [ 897] OK     f=   0.222  a=23.6 b=29.1 gap=22.6 (face=5.2mm) n=[357, 357, 237, 237, 4, 4, 6, 6, 2, 2]  tape=0.222km B=10.00T unif=8.872% hoop=101MPa
  [ 898] viol   f=   0.219  a=23.6 b=28.8 gap=22.7 (face=5.4mm) n=[362, 362, 227, 227, 4, 4, 3, 3, 3, 3]  tape=0.219km B=9.99T unif=6.141% hoop=101MPa
  [ 899] OK     f=   0.226  a=23.6 b=28.9 gap=22.6 (face=5.3mm) n=[365, 365, 233, 233, 8, 8, 8, 8, 2, 2]  tape=0.226km B=10.25T unif=9.358% hoop=101MPa
  [ 900] viol   f=   0.224  a=23.6 b=29.1 gap=22.6 (face=5.1mm) n=[360, 360, 227, 227, 4, 4, 2, 2, 1, 1]  tape=0.218km B=9.95T unif=8.542% hoop=100MPa
  [a=23 b=29 nt=1214] KSP converged reason: 4, iterations: 1
  [a=24 b=29 nt=1202] KSP converged reason: 4, iterations: 1
  [a=24 b=29 nt=1192] KSP converged reason: 4, iterations: 1
  [a=24 b=29 nt=1200] KSP converged reason: 4, iterations: 1
  [a=24 b=29 nt=1200] KSP converged reason: 4, iterations: 1
  [a=24 b=29 nt=1200] KSP converged reason: 4, iterations: 1
  [a=24 b=29 nt=1198] KSP converged reason: 4, iterations: 1
  [a=24 b=29 nt=1204] KSP converged reason: 4, iterations: 1
  [a=23 b=29 nt=1200] KSP converged reason: 4, iterations: 1
  [a=23 b=29 nt=1206] KSP converged reason: 4, iterations: 1
  [ 901] OK     f=   0.219  a=23.6 b=28.9 gap=22.8 (face=5.5mm) n=[359, 359, 232, 232, 7, 7, 2, 2, 1, 1]  tape=0.219km B=10.01T unif=8.432% hoop=99MPa
  [ 902] viol   f=   0.228  a=23.5 b=28.9 gap=22.7 (face=5.5mm) n=[362, 362, 230, 230, 4, 4, 2, 2, 2, 2]  tape=0.219km B=9.93T unif=5.014% hoop=100MPa
  [ 903] viol   f=   0.222  a=23.5 b=28.7 gap=22.8 (face=5.6mm) n=[358, 358, 226, 226, 5, 5, 5, 5, 2, 2]  tape=0.217km B=9.95T unif=9.403% hoop=100MPa
  [ 904] viol   f=   0.219  a=23.6 b=28.7 gap=22.8 (face=5.6mm) n=[362, 362, 225, 225, 4, 4, 8, 8, 1, 1]  tape=0.219km B=9.99T unif=8.801% hoop=100MPa
  [ 905] OK     f=   0.222  a=23.5 b=28.9 gap=22.8 (face=5.6mm) n=[362, 362, 232, 232, 9, 9, 2, 2, 2, 2]  tape=0.222km B=10.09T unif=8.518% hoop=100MPa
  [ 906] OK     f=   0.218  a=23.5 b=28.8 gap=22.7 (face=5.3mm) n=[356, 356, 234, 234, 1, 1, 7, 7, 2, 2]  tape=0.218km B=10.06T unif=10.018% hoop=99MPa
  [ 907] OK     f=   0.219  a=23.6 b=28.7 gap=22.8 (face=5.6mm) n=[363, 363, 225, 225, 6, 6, 3, 3, 2, 2]  tape=0.219km B=10.05T unif=8.343% hoop=100MPa
  [ 908] OK     f=   0.219  a=23.4 b=28.9 gap=22.7 (face=5.5mm) n=[358, 358, 231, 231, 5, 5, 4, 4, 2, 2]  tape=0.219km B=10.04T unif=10.104% hoop=100MPa
  [ 909] viol   f=   0.222  a=23.6 b=28.9 gap=22.7 (face=5.4mm) n=[364, 364, 231, 231, 3, 3, 2, 2, 2, 2]  tape=0.220km B=9.97T unif=6.730% hoop=101MPa
  [ 910] OK     f=   0.221  a=23.4 b=29.1 gap=22.5 (face=5.1mm) n=[359, 359, 232, 232, 5, 5, 2, 2, 5, 5]  tape=0.221km B=10.02T unif=9.962% hoop=101MPa
  [a=23 b=29 nt=1212] KSP converged reason: 4, iterations: 1
  [a=23 b=29 nt=1210] KSP converged reason: 4, iterations: 1
  [a=23 b=29 nt=1200] KSP converged reason: 4, iterations: 1
  [a=24 b=29 nt=1202] KSP converged reason: 4, iterations: 1
  [a=23 b=29 nt=1188] KSP converged reason: 4, iterations: 1
  [a=24 b=29 nt=1198] KSP converged reason: 4, iterations: 1
  [a=24 b=29 nt=1186] KSP converged reason: 4, iterations: 1
  [a=24 b=29 nt=1204] KSP converged reason: 4, iterations: 1
  [a=24 b=29 nt=1198] KSP converged reason: 4, iterations: 1
  [a=24 b=29 nt=1204] KSP converged reason: 4, iterations: 1
  [ 911] OK     f=   0.220  a=23.5 b=28.9 gap=22.8 (face=5.5mm) n=[366, 366, 226, 226, 2, 2, 4, 4, 3, 3]  tape=0.220km B=10.08T unif=8.721% hoop=99MPa
  [ 912] OK     f=   0.217  a=23.5 b=28.8 gap=22.8 (face=5.6mm) n=[361, 361, 232, 232, 3, 3, 2, 2, 1, 1]  tape=0.217km B=10.12T unif=9.343% hoop=100MPa
  [ 913] OK     f=   0.219  a=23.5 b=28.8 gap=22.8 (face=5.6mm) n=[362, 362, 227, 227, 6, 6, 3, 3, 2, 2]  tape=0.219km B=10.09T unif=8.468% hoop=100MPa
  [ 914] viol   f=   0.228  a=23.5 b=28.8 gap=22.8 (face=5.5mm) n=[363, 363, 225, 225, 3, 3, 2, 2, 1, 1]  tape=0.216km B=9.92T unif=6.598% hoop=99MPa
  [ 915] OK     f=   0.221  a=23.5 b=28.7 gap=22.9 (face=5.8mm) n=[358, 358, 230, 230, 7, 7, 6, 6, 4, 4]  tape=0.221km B=10.01T unif=8.354% hoop=99MPa
  [ 916] OK     f=   0.222  a=23.4 b=28.9 gap=22.7 (face=5.4mm) n=[362, 362, 229, 229, 6, 6, 7, 7, 2, 2]  tape=0.222km B=10.11T unif=9.226% hoop=100MPa
  [ 917] viol   f=   0.230  a=23.5 b=29.0 gap=22.7 (face=5.4mm) n=[361, 361, 226, 226, 1, 1, 3, 3, 2, 2]  tape=0.216km B=9.92T unif=6.838% hoop=100MPa
  [ 918] OK     f=   0.220  a=23.6 b=28.9 gap=22.7 (face=5.5mm) n=[364, 364, 230, 230, 5, 5, 2, 2, 1, 1]  tape=0.220km B=10.14T unif=9.620% hoop=99MPa
  [ 919] viol   f=   0.220  a=23.5 b=28.8 gap=22.7 (face=5.5mm) n=[355, 355, 232, 232, 3, 3, 5, 5, 4, 4]  tape=0.218km B=9.97T unif=9.709% hoop=99MPa
  [ 920] OK     f=   0.219  a=23.5 b=28.9 gap=22.7 (face=5.5mm) n=[358, 358, 233, 233, 5, 5, 5, 5, 1, 1]  tape=0.219km B=10.02T unif=10.761% hoop=99MPa
  [a=24 b=29 nt=1210] KSP converged reason: 4, iterations: 1
  [a=24 b=29 nt=1206] KSP converged reason: 4, iterations: 1
  [a=24 b=29 nt=1200] KSP converged reason: 4, iterations: 1
  [a=23 b=29 nt=1202] KSP converged reason: 4, iterations: 1
  [a=24 b=29 nt=1200] KSP converged reason: 4, iterations: 1
  [a=23 b=29 nt=1188] KSP converged reason: 4, iterations: 1
  [a=24 b=29 nt=1192] KSP converged reason: 4, iterations: 1
  [a=24 b=29 nt=1212] KSP converged reason: 4, iterations: 1
  [a=24 b=29 nt=1202] KSP converged reason: 4, iterations: 1
  [a=24 b=29 nt=1208] KSP converged reason: 4, iterations: 1
  [ 921] OK     f=   0.220  a=23.5 b=28.7 gap=22.8 (face=5.5mm) n=[357, 357, 230, 230, 4, 4, 10, 10, 2, 2]  tape=0.220km B=10.15T unif=10.717% hoop=100MPa
  [ 922] OK     f=   0.218  a=23.6 b=28.7 gap=22.8 (face=5.6mm) n=[362, 362, 230, 230, 5, 5, 1, 1, 2, 2]  tape=0.218km B=10.11T unif=9.892% hoop=101MPa
  [ 923] viol   f=   0.216  a=23.5 b=28.9 gap=22.8 (face=5.6mm) n=[359, 359, 228, 228, 4, 4, 1, 1, 2, 2]  tape=0.216km B=9.99T unif=9.406% hoop=164MPa
  [ 924] OK     f=   0.219  a=23.5 b=28.9 gap=22.8 (face=5.7mm) n=[365, 365, 229, 229, 4, 4, 1, 1, 2, 2]  tape=0.219km B=10.13T unif=9.121% hoop=99MPa
  [ 925] OK     f=   0.221  a=23.6 b=28.7 gap=22.9 (face=5.9mm) n=[367, 367, 225, 225, 3, 3, 6, 6, 4, 4]  tape=0.221km B=10.12T unif=8.668% hoop=99MPa
  [ 926] viol   f=   0.221  a=23.5 b=28.7 gap=22.8 (face=5.7mm) n=[359, 359, 232, 232, 7, 7, 1, 1, 1, 1]  tape=0.218km B=9.96T unif=6.130% hoop=99MPa
  [ 927] viol   f=   0.219  a=23.6 b=28.8 gap=22.7 (face=5.5mm) n=[361, 361, 228, 228, 3, 3, 1, 1, 3, 3]  tape=0.217km B=9.97T unif=9.121% hoop=99MPa
  [ 928] viol   f=   0.218  a=23.6 b=28.8 gap=22.7 (face=5.4mm) n=[354, 354, 234, 234, 5, 5, 6, 6, 2, 2]  tape=0.218km B=10.00T unif=10.347% hoop=99MPa
  [ 929] OK     f=   0.222  a=23.6 b=28.8 gap=22.7 (face=5.4mm) n=[364, 364, 230, 230, 3, 3, 8, 8, 1, 1]  tape=0.222km B=10.18T unif=9.671% hoop=100MPa
  [ 930] OK     f=   0.220  a=23.6 b=28.8 gap=22.7 (face=5.5mm) n=[364, 364, 230, 230, 1, 1, 7, 7, 2, 2]  tape=0.220km B=10.08T unif=7.789% hoop=100MPa
  [a=23 b=29 nt=1198] KSP converged reason: 4, iterations: 1
  [a=24 b=29 nt=1200] KSP converged reason: 4, iterations: 1
  [a=24 b=29 nt=1206] KSP converged reason: 4, iterations: 1
  [a=23 b=29 nt=1208] KSP converged reason: 4, iterations: 1
  [a=23 b=29 nt=1202] KSP converged reason: 4, iterations: 1
  [a=23 b=29 nt=1194] KSP converged reason: 4, iterations: 1
  [a=24 b=29 nt=1204] KSP converged reason: 4, iterations: 1
  [a=23 b=29 nt=1196] KSP converged reason: 4, iterations: 1
  [a=24 b=29 nt=1198] KSP converged reason: 4, iterations: 1
  [a=24 b=29 nt=1196] KSP converged reason: 4, iterations: 1
  [ 931] OK     f=   0.219  a=23.5 b=28.7 gap=22.8 (face=5.6mm) n=[360, 360, 228, 228, 3, 3, 9, 9, 1, 1]  tape=0.219km B=10.06T unif=9.563% hoop=99MPa
  [ 932] viol   f=   0.226  a=23.5 b=28.8 gap=22.8 (face=5.6mm) n=[355, 355, 234, 234, 3, 3, 2, 2, 3, 3]  tape=0.216km B=9.93T unif=9.236% hoop=99MPa
  [ 933] OK     f=   0.220  a=23.4 b=29.0 gap=22.8 (face=5.6mm) n=[364, 364, 232, 232, 5, 5, 2, 2, 1, 1]  tape=0.220km B=10.09T unif=10.090% hoop=98MPa
  [ 934] OK     f=   0.218  a=23.5 b=28.7 gap=22.9 (face=5.8mm) n=[363, 363, 229, 229, 3, 3, 1, 1, 3, 3]  tape=0.218km B=10.10T unif=9.537% hoop=99MPa
  [ 935] OK     f=   0.219  a=23.6 b=28.9 gap=22.7 (face=5.3mm) n=[362, 362, 232, 232, 3, 3, 1, 1, 2, 2]  tape=0.219km B=10.07T unif=9.403% hoop=100MPa
  [ 936] OK     f=   0.220  a=23.5 b=28.8 gap=22.8 (face=5.6mm) n=[356, 356, 233, 233, 7, 7, 3, 3, 4, 4]  tape=0.220km B=10.09T unif=9.663% hoop=100MPa
  [ 937] OK     f=   0.218  a=23.5 b=28.9 gap=22.9 (face=5.8mm) n=[365, 365, 227, 227, 1, 1, 3, 3, 2, 2]  tape=0.218km B=10.02T unif=9.330% hoop=98MPa
  [ 938] viol   f=   0.222  a=23.5 b=29.0 gap=22.7 (face=5.4mm) n=[358, 358, 233, 233, 4, 4, 2, 2, 2, 2]  tape=0.218km B=9.96T unif=6.835% hoop=100MPa
  [ 939] OK     f=   0.219  a=23.5 b=28.6 gap=22.9 (face=5.8mm) n=[360, 360, 229, 229, 4, 4, 4, 4, 5, 5]  tape=0.219km B=10.04T unif=8.882% hoop=100MPa
  [ 940] OK     f=   0.218  a=23.6 b=28.9 gap=22.8 (face=5.6mm) n=[358, 358, 232, 232, 3, 3, 2, 2, 3, 3]  tape=0.218km B=10.06T unif=10.170% hoop=99MPa
  [a=24 b=29 nt=1214] KSP converged reason: 4, iterations: 1
  [a=24 b=29 nt=1206] KSP converged reason: 4, iterations: 1
  [a=23 b=29 nt=1210] KSP converged reason: 4, iterations: 1
  [a=23 b=29 nt=1196] KSP converged reason: 4, iterations: 1
  [a=23 b=29 nt=1212] KSP converged reason: 4, iterations: 1
  [a=23 b=29 nt=1210] KSP converged reason: 4, iterations: 1
  [a=24 b=29 nt=1200] KSP converged reason: 4, iterations: 1
  [a=24 b=29 nt=1206] KSP converged reason: 4, iterations: 1
  [a=24 b=29 nt=1214] KSP converged reason: 4, iterations: 1
  [a=23 b=29 nt=1200] KSP converged reason: 4, iterations: 1
  [ 941] OK     f=   0.222  a=23.6 b=28.8 gap=22.8 (face=5.5mm) n=[364, 364, 230, 230, 3, 3, 5, 5, 5, 5]  tape=0.222km B=10.08T unif=8.628% hoop=99MPa
  [ 942] OK     f=   0.221  a=23.4 b=28.9 gap=22.7 (face=5.5mm) n=[363, 363, 233, 233, 2, 2, 5, 5, 3, 3]  tape=0.221km B=10.14T unif=9.299% hoop=100MPa
  [ 943] OK     f=   0.220  a=23.5 b=28.7 gap=23.0 (face=6.0mm) n=[365, 365, 226, 226, 6, 6, 4, 4, 2, 2]  tape=0.220km B=10.14T unif=9.620% hoop=99MPa
  [ 944] OK     f=   0.221  a=23.5 b=28.8 gap=22.9 (face=5.8mm) n=[364, 364, 229, 229, 5, 5, 3, 3, 4, 4]  tape=0.221km B=10.12T unif=9.385% hoop=99MPa
  [ 945] OK     f=   0.221  a=23.5 b=28.9 gap=22.8 (face=5.6mm) n=[362, 362, 231, 231, 1, 1, 6, 6, 5, 5]  tape=0.221km B=10.05T unif=7.646% hoop=99MPa
  [ 946] viol   f=   0.245  a=23.5 b=28.9 gap=22.8 (face=5.6mm) n=[362, 362, 230, 230, 2, 2, 2, 2, 2, 2]  tape=0.218km B=9.88T unif=5.370% hoop=98MPa
  [ 947] OK     f=   0.219  a=23.5 b=28.9 gap=22.7 (face=5.3mm) n=[362, 362, 229, 229, 1, 1, 7, 7, 1, 1]  tape=0.219km B=10.00T unif=8.177% hoop=100MPa
  [ 948] OK     f=   0.222  a=23.5 b=29.0 gap=22.8 (face=5.5mm) n=[358, 358, 235, 235, 1, 1, 8, 8, 5, 5]  tape=0.222km B=10.08T unif=9.823% hoop=100MPa
  [ 949] OK     f=   0.220  a=23.5 b=28.7 gap=22.9 (face=5.8mm) n=[368, 368, 226, 226, 2, 2, 2, 2, 5, 5]  tape=0.220km B=10.06T unif=8.263% hoop=99MPa
  [ 950] viol   f=   0.219  a=23.5 b=28.7 gap=22.9 (face=5.7mm) n=[363, 363, 230, 230, 2, 2, 2, 2, 3, 3]  tape=0.218km B=9.97T unif=7.593% hoop=98MPa
  [a=23 b=29 nt=1222] KSP converged reason: 4, iterations: 1
  [a=24 b=29 nt=1214] KSP converged reason: 4, iterations: 1
  [a=24 b=29 nt=1198] KSP converged reason: 4, iterations: 1
  [a=24 b=29 nt=1218] KSP converged reason: 4, iterations: 1
  [a=24 b=29 nt=1196] KSP converged reason: 4, iterations: 1
  [a=24 b=29 nt=1192] KSP converged reason: 4, iterations: 1
  [a=24 b=29 nt=1202] KSP converged reason: 4, iterations: 1
  [a=24 b=29 nt=1200] KSP converged reason: 4, iterations: 1
  [a=24 b=29 nt=1198] KSP converged reason: 4, iterations: 1
  [a=24 b=29 nt=1210] KSP converged reason: 4, iterations: 1
  [ 951] OK     f=   0.224  a=23.4 b=28.8 gap=22.9 (face=5.7mm) n=[368, 368, 228, 228, 6, 6, 7, 7, 2, 2]  tape=0.224km B=10.21T unif=8.950% hoop=100MPa
  [ 952] OK     f=   0.218  a=23.5 b=28.8 gap=22.7 (face=5.4mm) n=[365, 365, 225, 225, 3, 3, 2, 2, 3, 3]  tape=0.218km B=10.05T unif=8.671% hoop=99MPa
  [ 953] viol   f=   0.219  a=23.5 b=28.8 gap=22.8 (face=5.5mm) n=[360, 360, 231, 231, 3, 3, 3, 3, 2, 2]  tape=0.218km B=9.97T unif=8.199% hoop=99MPa
  [ 954] OK     f=   0.222  a=23.6 b=28.8 gap=22.7 (face=5.5mm) n=[363, 363, 231, 231, 7, 7, 4, 4, 2, 2]  tape=0.222km B=10.02T unif=7.731% hoop=100MPa
  [ 955] viol   f=   0.229  a=23.5 b=28.8 gap=22.7 (face=5.4mm) n=[364, 364, 228, 228, 2, 2, 1, 1, 1, 1]  tape=0.217km B=9.92T unif=6.611% hoop=99MPa
  [ 956] OK     f=   0.223  a=23.5 b=28.8 gap=22.8 (face=5.6mm) n=[365, 365, 231, 231, 3, 3, 8, 8, 2, 2]  tape=0.223km B=10.22T unif=10.034% hoop=101MPa
  [ 957] OK     f=   0.219  a=23.5 b=28.8 gap=22.8 (face=5.6mm) n=[364, 364, 229, 229, 3, 3, 2, 2, 3, 3]  tape=0.219km B=10.06T unif=9.171% hoop=100MPa
  [ 958] OK     f=   0.218  a=23.5 b=28.8 gap=22.8 (face=5.6mm) n=[361, 361, 231, 231, 1, 1, 3, 3, 4, 4]  tape=0.218km B=10.09T unif=10.134% hoop=100MPa
  [ 959] OK     f=   0.218  a=23.5 b=28.8 gap=22.8 (face=5.5mm) n=[361, 361, 229, 229, 1, 1, 5, 5, 3, 3]  tape=0.218km B=10.01T unif=9.093% hoop=99MPa
  [ 960] OK     f=   0.221  a=23.5 b=28.7 gap=22.8 (face=5.6mm) n=[366, 366, 229, 229, 2, 2, 6, 6, 2, 2]  tape=0.221km B=10.14T unif=9.609% hoop=100MPa
  [a=24 b=29 nt=1202] KSP converged reason: 4, iterations: 1
  [a=23 b=29 nt=1206] KSP converged reason: 4, iterations: 1
  [a=24 b=29 nt=1196] KSP converged reason: 4, iterations: 1
  [a=24 b=29 nt=1196] KSP converged reason: 4, iterations: 1
  [a=24 b=29 nt=1198] KSP converged reason: 4, iterations: 1
  [a=24 b=29 nt=1196] KSP converged reason: 4, iterations: 1
  [a=23 b=29 nt=1188] KSP converged reason: 4, iterations: 1
  [a=24 b=29 nt=1206] KSP converged reason: 4, iterations: 1
  [a=24 b=29 nt=1206] KSP converged reason: 4, iterations: 1
  [a=24 b=29 nt=1198] KSP converged reason: 4, iterations: 1
  [ 961] viol   f=   0.221  a=23.6 b=28.8 gap=22.6 (face=5.3mm) n=[361, 361, 231, 231, 2, 2, 2, 2, 2, 2]  tape=0.218km B=9.96T unif=6.344% hoop=100MPa
  [ 962] OK     f=   0.219  a=23.6 b=28.6 gap=22.8 (face=5.6mm) n=[363, 363, 227, 227, 6, 6, 2, 2, 3, 3]  tape=0.219km B=10.04T unif=8.347% hoop=101MPa
  [ 963] OK     f=   0.220  a=23.5 b=28.8 gap=22.7 (face=5.4mm) n=[362, 362, 230, 230, 3, 3, 6, 6, 2, 2]  tape=0.220km B=10.01T unif=8.492% hoop=100MPa
  [ 964] OK     f=   0.218  a=23.5 b=28.8 gap=22.7 (face=5.4mm) n=[360, 360, 229, 229, 2, 2, 6, 6, 2, 2]  tape=0.218km B=10.05T unif=9.077% hoop=100MPa
  [ 965] OK     f=   0.218  a=23.5 b=28.8 gap=22.8 (face=5.5mm) n=[361, 361, 228, 228, 3, 3, 2, 2, 4, 4]  tape=0.218km B=10.02T unif=9.803% hoop=99MPa
  [ 966] viol   f=   0.237  a=23.6 b=28.8 gap=22.7 (face=5.4mm) n=[360, 360, 229, 229, 4, 4, 2, 2, 3, 3]  tape=0.218km B=9.90T unif=8.195% hoop=100MPa
  [ 967] viol   f=   0.242  a=23.5 b=28.8 gap=22.8 (face=5.5mm) n=[366, 366, 223, 223, 1, 1, 2, 2, 2, 2]  tape=0.217km B=9.89T unif=6.930% hoop=98MPa
  [ 968] OK     f=   0.221  a=23.5 b=29.0 gap=22.6 (face=5.2mm) n=[362, 362, 230, 230, 3, 3, 6, 6, 2, 2]  tape=0.221km B=10.05T unif=8.194% hoop=101MPa
  [ 969] OK     f=   0.220  a=23.5 b=28.8 gap=22.7 (face=5.4mm) n=[361, 361, 229, 229, 2, 2, 8, 8, 3, 3]  tape=0.220km B=10.09T unif=9.949% hoop=100MPa
  [ 970] OK     f=   0.219  a=23.5 b=28.7 gap=22.8 (face=5.6mm) n=[365, 365, 223, 223, 3, 3, 4, 4, 4, 4]  tape=0.219km B=10.01T unif=8.526% hoop=99MPa
  [a=24 b=29 nt=1208] KSP converged reason: 4, iterations: 1
  [a=24 b=29 nt=1198] KSP converged reason: 4, iterations: 1
  [a=24 b=29 nt=1194] KSP converged reason: 4, iterations: 1
  [a=23 b=29 nt=1204] KSP converged reason: 4, iterations: 1
  [a=24 b=29 nt=1192] KSP converged reason: 4, iterations: 1
  [a=24 b=29 nt=1180] KSP converged reason: 4, iterations: 1
  [a=23 b=29 nt=1210] KSP converged reason: 4, iterations: 1
  [a=23 b=29 nt=1202] KSP converged reason: 4, iterations: 1
  [a=23 b=29 nt=1194] KSP converged reason: 4, iterations: 1
  [a=24 b=29 nt=1198] KSP converged reason: 4, iterations: 1
  [ 971] OK     f=   0.221  a=23.5 b=28.7 gap=22.8 (face=5.6mm) n=[363, 363, 226, 226, 6, 6, 4, 4, 5, 5]  tape=0.221km B=10.02T unif=7.310% hoop=100MPa
  [ 972] viol   f=   0.255  a=23.5 b=28.7 gap=22.8 (face=5.6mm) n=[359, 359, 226, 226, 2, 2, 1, 1, 2, 2]  tape=0.214km B=9.86T unif=8.242% hoop=98MPa
  [ 973] OK     f=   0.218  a=23.5 b=28.8 gap=22.8 (face=5.6mm) n=[361, 361, 228, 228, 7, 7, 1, 1, 2, 2]  tape=0.218km B=10.13T unif=9.653% hoop=100MPa
  [ 974] OK     f=   0.218  a=23.5 b=28.9 gap=22.7 (face=5.3mm) n=[362, 362, 226, 226, 5, 5, 2, 2, 1, 1]  tape=0.218km B=10.02T unif=8.611% hoop=100MPa
  [ 975] OK     f=   0.218  a=23.6 b=28.8 gap=22.7 (face=5.4mm) n=[361, 361, 227, 227, 2, 2, 5, 5, 2, 2]  tape=0.218km B=10.01T unif=9.769% hoop=100MPa
  [ 976] OK     f=   0.220  a=23.5 b=28.8 gap=22.7 (face=5.4mm) n=[364, 364, 228, 228, 1, 1, 6, 6, 3, 3]  tape=0.220km B=10.11T unif=9.086% hoop=100MPa
  [ 977] OK     f=   0.221  a=23.5 b=28.9 gap=22.7 (face=5.4mm) n=[362, 362, 230, 230, 3, 3, 4, 4, 6, 6]  tape=0.221km B=10.12T unif=10.230% hoop=100MPa
  [ 978] viol   f=   0.217  a=23.5 b=28.8 gap=22.7 (face=5.4mm) n=[360, 360, 231, 231, 4, 4, 1, 1, 1, 1]  tape=0.217km B=9.99T unif=9.275% hoop=99MPa
  [ 979] OK     f=   0.218  a=23.5 b=28.6 gap=22.8 (face=5.7mm) n=[361, 361, 225, 225, 8, 8, 2, 2, 3, 3]  tape=0.218km B=10.07T unif=9.877% hoop=100MPa
  [ 980] viol   f=   0.222  a=23.5 b=28.8 gap=22.7 (face=5.3mm) n=[361, 361, 226, 226, 8, 8, 3, 3, 3, 3]  tape=0.220km B=9.97T unif=5.258% hoop=101MPa
  [a=24 b=29 nt=1194] KSP converged reason: 4, iterations: 1
  [a=23 b=29 nt=1194] KSP converged reason: 4, iterations: 1
  [a=24 b=29 nt=1198] KSP converged reason: 4, iterations: 1
  [a=23 b=29 nt=1190] KSP converged reason: 4, iterations: 1
  [a=24 b=29 nt=1192] KSP converged reason: 4, iterations: 1
  [a=23 b=29 nt=1188] KSP converged reason: 4, iterations: 1
  [a=23 b=29 nt=1200] KSP converged reason: 4, iterations: 1
  [a=24 b=29 nt=1206] KSP converged reason: 4, iterations: 1
  [a=23 b=29 nt=1206] KSP converged reason: 4, iterations: 1
  [a=24 b=29 nt=1198] KSP converged reason: 4, iterations: 1
  [ 981] viol   f=   0.227  a=23.5 b=28.9 gap=22.7 (face=5.3mm) n=[363, 363, 228, 228, 2, 2, 2, 2, 2, 2]  tape=0.217km B=9.93T unif=6.531% hoop=98MPa
  [ 982] OK     f=   0.218  a=23.6 b=28.7 gap=22.8 (face=5.7mm) n=[362, 362, 227, 227, 3, 3, 4, 4, 3, 3]  tape=0.218km B=10.05T unif=9.659% hoop=101MPa
  [ 983] viol   f=   0.227  a=23.5 b=28.8 gap=22.8 (face=5.6mm) n=[358, 358, 230, 230, 2, 2, 3, 3, 3, 3]  tape=0.217km B=9.93T unif=8.984% hoop=99MPa
  [ 984] OK     f=   0.216  a=23.5 b=28.9 gap=22.7 (face=5.4mm) n=[361, 361, 229, 229, 1, 1, 2, 2, 1, 1]  tape=0.216km B=10.00T unif=9.022% hoop=100MPa
  [ 985] OK     f=   0.218  a=23.5 b=28.8 gap=22.7 (face=5.4mm) n=[364, 364, 226, 226, 3, 3, 2, 2, 2, 2]  tape=0.218km B=10.02T unif=8.782% hoop=100MPa
  [ 986] viol   f=   0.267  a=23.5 b=28.9 gap=22.6 (face=5.2mm) n=[360, 360, 228, 228, 2, 2, 2, 2, 3, 3]  tape=0.217km B=9.84T unif=6.544% hoop=100MPa
  [ 987] viol   f=   0.220  a=23.5 b=28.9 gap=22.6 (face=5.3mm) n=[366, 366, 226, 226, 3, 3, 3, 3, 2, 2]  tape=0.219km B=9.99T unif=7.407% hoop=100MPa
  [ 988] OK     f=   0.220  a=23.5 b=28.9 gap=22.7 (face=5.3mm) n=[359, 359, 231, 231, 5, 5, 7, 7, 1, 1]  tape=0.220km B=10.04T unif=8.592% hoop=100MPa
  [ 989] OK     f=   0.220  a=23.5 b=28.8 gap=22.7 (face=5.4mm) n=[363, 363, 228, 228, 3, 3, 6, 6, 3, 3]  tape=0.220km B=10.12T unif=9.947% hoop=100MPa
  [ 990] OK     f=   0.218  a=23.5 b=28.9 gap=22.8 (face=5.5mm) n=[358, 358, 232, 232, 4, 4, 2, 2, 3, 3]  tape=0.218km B=10.06T unif=10.113% hoop=99MPa
  [a=23 b=29 nt=1196] KSP converged reason: 4, iterations: 1
  [a=24 b=29 nt=1196] KSP converged reason: 4, iterations: 1
  [a=24 b=29 nt=1202] KSP converged reason: 4, iterations: 1
  [a=24 b=29 nt=1198] KSP converged reason: 4, iterations: 1
  [a=24 b=29 nt=1192] KSP converged reason: 4, iterations: 1
  [a=23 b=29 nt=1188] KSP converged reason: 4, iterations: 1
  [a=24 b=29 nt=1196] KSP converged reason: 4, iterations: 1
  [a=24 b=29 nt=1200] KSP converged reason: 4, iterations: 1
  [a=23 b=29 nt=1192] KSP converged reason: 4, iterations: 1
  [a=24 b=29 nt=1188] KSP converged reason: 4, iterations: 1
  [ 991] OK     f=   0.218  a=23.5 b=28.9 gap=22.7 (face=5.3mm) n=[363, 363, 228, 228, 2, 2, 3, 3, 2, 2]  tape=0.218km B=10.04T unif=9.342% hoop=100MPa
  [ 992] OK     f=   0.219  a=23.5 b=28.8 gap=22.7 (face=5.3mm) n=[361, 361, 228, 228, 6, 6, 3, 3, 3, 3]  tape=0.219km B=10.03T unif=9.861% hoop=99MPa
  [ 993] viol   f=   0.248  a=23.5 b=28.8 gap=22.8 (face=5.5mm) n=[363, 363, 227, 227, 2, 2, 2, 2, 4, 4]  tape=0.218km B=9.88T unif=5.735% hoop=100MPa
  [ 994] viol   f=   0.237  a=23.5 b=28.9 gap=22.8 (face=5.6mm) n=[362, 362, 224, 224, 6, 6, 4, 4, 3, 3]  tape=0.220km B=9.91T unif=7.603% hoop=101MPa
  [ 995] viol   f=   0.268  a=23.5 b=28.8 gap=22.7 (face=5.5mm) n=[361, 361, 228, 228, 1, 1, 2, 2, 2, 2]  tape=0.216km B=9.84T unif=4.594% hoop=99MPa
  [ 996] OK     f=   0.217  a=23.5 b=28.9 gap=22.6 (face=5.3mm) n=[364, 364, 227, 227, 2, 2, 2, 2, 1, 1]  tape=0.217km B=10.01T unif=8.555% hoop=99MPa
  [ 997] OK     f=   0.218  a=23.5 b=28.8 gap=22.8 (face=5.5mm) n=[362, 362, 227, 227, 4, 4, 2, 2, 3, 3]  tape=0.218km B=10.01T unif=8.250% hoop=99MPa
  [ 998] OK     f=   0.218  a=23.5 b=28.8 gap=22.8 (face=5.5mm) n=[362, 362, 230, 230, 2, 2, 4, 4, 2, 2]  tape=0.218km B=10.04T unif=8.425% hoop=100MPa
  [ 999] OK     f=   0.216  a=23.5 b=28.8 gap=22.7 (face=5.4mm) n=[358, 358, 231, 231, 2, 2, 1, 1, 2, 2]  tape=0.216km B=10.02T unif=10.113% hoop=100MPa
  [1000] viol   f=   0.225  a=23.5 b=28.8 gap=22.7 (face=5.3mm) n=[360, 360, 229, 229, 3, 3, 3, 3, 1, 1]  tape=0.217km B=9.94T unif=8.728% hoop=99MPa
  [a=24 b=29 nt=1202] KSP converged reason: 4, iterations: 1
  [a=23 b=29 nt=1198] KSP converged reason: 4, iterations: 1
  [a=24 b=29 nt=1188] KSP converged reason: 4, iterations: 1
  [a=23 b=29 nt=1202] KSP converged reason: 4, iterations: 1
  [a=24 b=29 nt=1190] KSP converged reason: 4, iterations: 1
  [a=24 b=29 nt=1190] KSP converged reason: 4, iterations: 1
  [a=23 b=29 nt=1194] KSP converged reason: 4, iterations: 1
  [a=24 b=29 nt=1198] KSP converged reason: 4, iterations: 1
  [a=24 b=29 nt=1198] KSP converged reason: 4, iterations: 1
  [a=24 b=29 nt=1194] KSP converged reason: 4, iterations: 1
  [1001] viol   f=   0.233  a=23.5 b=28.8 gap=22.7 (face=5.4mm) n=[363, 363, 229, 229, 1, 1, 3, 3, 3, 3]  tape=0.218km B=9.91T unif=6.754% hoop=99MPa
  [1002] OK     f=   0.216  a=23.5 b=28.9 gap=22.7 (face=5.4mm) n=[360, 360, 229, 229, 2, 2, 3, 3, 1, 1]  tape=0.216km B=10.02T unif=9.723% hoop=99MPa
  [1003] viol   f=   0.314  a=23.5 b=28.8 gap=22.7 (face=5.5mm) n=[361, 361, 228, 228, 2, 2, 2, 2, 2, 2]  tape=0.216km B=9.78T unif=4.679% hoop=99MPa
  [1004] viol   f=   0.223  a=23.4 b=28.9 gap=22.7 (face=5.5mm) n=[361, 361, 230, 230, 6, 6, 2, 2, 2, 2]  tape=0.219km B=9.96T unif=6.045% hoop=101MPa
  [1005] OK     f=   0.219  a=23.5 b=28.8 gap=22.8 (face=5.6mm) n=[360, 360, 231, 231, 3, 3, 5, 5, 2, 2]  tape=0.219km B=10.10T unif=9.534% hoop=100MPa
  [1006] viol   f=   0.277  a=23.5 b=28.9 gap=22.6 (face=5.3mm) n=[358, 358, 230, 230, 2, 2, 2, 2, 2, 2]  tape=0.216km B=9.83T unif=5.208% hoop=99MPa
  [1007] viol   f=   0.217  a=23.5 b=28.9 gap=22.7 (face=5.4mm) n=[361, 361, 231, 231, 1, 1, 1, 1, 3, 3]  tape=0.217km B=9.99T unif=9.391% hoop=99MPa
  [1008] viol   f=   0.218  a=23.6 b=28.9 gap=22.6 (face=5.2mm) n=[356, 356, 233, 233, 4, 4, 4, 4, 2, 2]  tape=0.218km B=9.99T unif=10.108% hoop=100MPa
  [1009] viol   f=   0.220  a=23.5 b=28.8 gap=22.7 (face=5.5mm) n=[359, 359, 231, 231, 2, 2, 4, 4, 3, 3]  tape=0.218km B=9.97T unif=8.336% hoop=100MPa
  [1010] viol   f=   0.219  a=23.5 b=28.9 gap=22.8 (face=5.5mm) n=[362, 362, 230, 230, 3, 3, 1, 1, 1, 1]  tape=0.217km B=9.97T unif=9.127% hoop=99MPa
  [a=23 b=29 nt=1194] KSP converged reason: 4, iterations: 1
  [a=23 b=29 nt=1200] KSP converged reason: 4, iterations: 1
  [a=24 b=29 nt=1192] KSP converged reason: 4, iterations: 1
  [a=24 b=29 nt=1194] KSP converged reason: 4, iterations: 1
  [a=24 b=29 nt=1186] KSP converged reason: 4, iterations: 1
  [a=23 b=29 nt=1194] KSP converged reason: 4, iterations: 1
  [a=24 b=29 nt=1200] KSP converged reason: 4, iterations: 1
  [a=24 b=29 nt=1198] KSP converged reason: 4, iterations: 1
  [a=23 b=29 nt=1194] KSP converged reason: 4, iterations: 1
  [a=23 b=29 nt=1196] KSP converged reason: 4, iterations: 1
  [1011] viol   f=   0.218  a=23.6 b=28.9 gap=22.7 (face=5.4mm) n=[357, 357, 234, 234, 2, 2, 2, 2, 1, 1]  tape=0.216km B=9.97T unif=10.105% hoop=99MPa
  [1012] OK     f=   0.217  a=23.5 b=28.8 gap=22.8 (face=5.5mm) n=[360, 360, 231, 231, 2, 2, 3, 3, 1, 1]  tape=0.217km B=10.11T unif=9.733% hoop=100MPa
  [1013] OK     f=   0.219  a=23.5 b=29.0 gap=22.6 (face=5.3mm) n=[360, 360, 231, 231, 2, 2, 3, 3, 4, 4]  tape=0.219km B=10.05T unif=9.609% hoop=100MPa
  [1014] OK     f=   0.217  a=23.5 b=28.9 gap=22.7 (face=5.4mm) n=[360, 360, 229, 229, 1, 1, 6, 6, 1, 1]  tape=0.217km B=10.04T unif=9.435% hoop=100MPa
  [1015] viol   f=   0.224  a=23.5 b=28.9 gap=22.6 (face=5.2mm) n=[359, 359, 231, 231, 2, 2, 2, 2, 3, 3]  tape=0.217km B=9.94T unif=6.106% hoop=99MPa
  [1016] viol   f=   0.225  a=23.5 b=28.9 gap=22.7 (face=5.3mm) n=[359, 359, 231, 231, 1, 1, 1, 1, 1, 1]  tape=0.215km B=9.93T unif=6.136% hoop=100MPa
  [1017] OK     f=   0.218  a=23.6 b=28.8 gap=22.7 (face=5.4mm) n=[360, 360, 231, 231, 2, 2, 5, 5, 2, 2]  tape=0.218km B=10.12T unif=9.592% hoop=101MPa
  [1018] viol   f=   0.218  a=23.5 b=28.9 gap=22.8 (face=5.5mm) n=[362, 362, 230, 230, 3, 3, 3, 3, 1, 1]  tape=0.218km B=9.99T unif=8.194% hoop=99MPa
  [1019] OK     f=   0.217  a=23.5 b=28.9 gap=22.7 (face=5.3mm) n=[362, 362, 229, 229, 4, 4, 1, 1, 1, 1]  tape=0.217km B=10.01T unif=9.577% hoop=99MPa
  [1020] OK     f=   0.218  a=23.5 b=28.9 gap=22.6 (face=5.3mm) n=[357, 357, 232, 232, 2, 2, 4, 4, 3, 3]  tape=0.218km B=10.04T unif=10.381% hoop=100MPa
  [a=24 b=29 nt=1192] KSP converged reason: 4, iterations: 1
  [a=24 b=29 nt=1192] KSP converged reason: 4, iterations: 1
  [a=24 b=29 nt=1196] KSP converged reason: 4, iterations: 1
  [a=24 b=29 nt=1194] KSP converged reason: 4, iterations: 1
  [a=24 b=29 nt=1190] KSP converged reason: 4, iterations: 1
  [a=24 b=29 nt=1188] KSP converged reason: 4, iterations: 1
  [a=23 b=29 nt=1192] KSP converged reason: 4, iterations: 1
  [a=23 b=29 nt=1194] KSP converged reason: 4, iterations: 1
  [a=24 b=29 nt=1188] KSP converged reason: 4, iterations: 1
  [a=24 b=29 nt=1196] KSP converged reason: 4, iterations: 1
  [1021] viol   f=   0.217  a=23.5 b=28.8 gap=22.8 (face=5.6mm) n=[359, 359, 231, 231, 1, 1, 2, 2, 1, 1]  tape=0.215km B=9.97T unif=8.859% hoop=100MPa
  [1022] viol   f=   0.228  a=23.5 b=29.0 gap=22.6 (face=5.3mm) n=[361, 361, 230, 230, 5, 5, 1, 1, 1, 1]  tape=0.218km B=9.93T unif=8.417% hoop=99MPa
  [1023] viol   f=   0.252  a=23.5 b=28.9 gap=22.7 (face=5.5mm) n=[360, 360, 232, 232, 1, 1, 1, 1, 2, 2]  tape=0.216km B=9.87T unif=5.915% hoop=100MPa
  [1024] viol   f=   0.219  a=23.5 b=28.9 gap=22.7 (face=5.3mm) n=[360, 360, 232, 232, 2, 2, 2, 2, 1, 1]  tape=0.217km B=9.97T unif=8.876% hoop=99MPa
  [1025] viol   f=   0.222  a=23.5 b=28.9 gap=22.7 (face=5.4mm) n=[357, 357, 232, 232, 1, 1, 1, 1, 4, 4]  tape=0.216km B=9.95T unif=8.576% hoop=99MPa
  [1026] OK     f=   0.217  a=23.5 b=28.8 gap=22.8 (face=5.5mm) n=[360, 360, 229, 229, 2, 2, 3, 3, 2, 2]  tape=0.217km B=10.01T unif=9.571% hoop=100MPa
  [1027] OK     f=   0.217  a=23.5 b=28.8 gap=22.8 (face=5.6mm) n=[363, 363, 227, 227, 3, 3, 1, 1, 2, 2]  tape=0.217km B=10.02T unif=9.752% hoop=100MPa
  [1028] OK     f=   0.217  a=23.5 b=28.8 gap=22.8 (face=5.6mm) n=[361, 361, 230, 230, 3, 3, 1, 1, 2, 2]  tape=0.217km B=10.02T unif=9.369% hoop=99MPa
  [1029] viol   f=   0.223  a=23.5 b=28.8 gap=22.7 (face=5.4mm) n=[361, 361, 229, 229, 1, 1, 1, 1, 2, 2]  tape=0.216km B=9.94T unif=8.336% hoop=99MPa
  [1030] OK     f=   0.218  a=23.5 b=28.9 gap=22.7 (face=5.5mm) n=[361, 361, 230, 230, 2, 2, 3, 3, 2, 2]  tape=0.218km B=10.01T unif=9.122% hoop=99MPa
  [a=24 b=29 nt=1196] KSP converged reason: 4, iterations: 1
  [a=24 b=29 nt=1194] KSP converged reason: 4, iterations: 1
  [a=23 b=29 nt=1204] KSP converged reason: 4, iterations: 1
  [a=24 b=29 nt=1200] KSP converged reason: 4, iterations: 1
  [a=24 b=29 nt=1200] KSP converged reason: 4, iterations: 1
  [a=24 b=29 nt=1196] KSP converged reason: 4, iterations: 1
  [a=23 b=29 nt=1194] KSP converged reason: 4, iterations: 1
  [a=24 b=29 nt=1196] KSP converged reason: 4, iterations: 1
  [a=24 b=29 nt=1196] KSP converged reason: 4, iterations: 1
  [a=24 b=29 nt=1194] KSP converged reason: 4, iterations: 1
  [1031] OK     f=   0.218  a=23.5 b=28.9 gap=22.7 (face=5.5mm) n=[363, 363, 229, 229, 1, 1, 2, 2, 3, 3]  tape=0.218km B=10.11T unif=9.406% hoop=98MPa
  [1032] OK     f=   0.220  a=23.5 b=28.9 gap=22.8 (face=5.5mm) n=[365, 365, 228, 228, 3, 3, 4, 4, 2, 2]  tape=0.220km B=10.08T unif=8.873% hoop=99MPa
  [1033] viol   f=   0.233  a=23.5 b=28.8 gap=22.7 (face=5.5mm) n=[362, 362, 226, 226, 2, 2, 4, 4, 4, 4]  tape=0.218km B=9.91T unif=4.839% hoop=100MPa
  [1034] OK     f=   0.218  a=23.6 b=28.8 gap=22.7 (face=5.4mm) n=[359, 359, 232, 232, 4, 4, 3, 3, 2, 2]  tape=0.218km B=10.02T unif=8.162% hoop=99MPa
  [1035] OK     f=   0.219  a=23.5 b=28.8 gap=22.8 (face=5.5mm) n=[361, 361, 228, 228, 3, 3, 5, 5, 3, 3]  tape=0.219km B=10.08T unif=9.426% hoop=99MPa
  [1036] viol   f=   0.226  a=23.5 b=28.8 gap=22.8 (face=5.5mm) n=[362, 362, 226, 226, 4, 4, 3, 3, 2, 2]  tape=0.218km B=9.94T unif=8.379% hoop=99MPa
  [1037] OK     f=   0.218  a=23.6 b=28.8 gap=22.8 (face=5.5mm) n=[361, 361, 229, 229, 4, 4, 2, 2, 2, 2]  tape=0.218km B=10.00T unif=9.246% hoop=100MPa
  [1038] OK     f=   0.217  a=23.5 b=28.8 gap=22.8 (face=5.5mm) n=[360, 360, 230, 230, 1, 1, 5, 5, 1, 1]  tape=0.217km B=10.01T unif=9.656% hoop=100MPa
  [1039] OK     f=   0.218  a=23.5 b=28.8 gap=22.8 (face=5.6mm) n=[363, 363, 228, 228, 2, 2, 3, 3, 2, 2]  tape=0.218km B=10.05T unif=8.230% hoop=99MPa
  [1040] viol   f=   0.303  a=23.5 b=28.8 gap=22.8 (face=5.6mm) n=[360, 360, 228, 228, 3, 3, 3, 3, 3, 3]  tape=0.217km B=9.79T unif=4.476% hoop=98MPa
  [a=24 b=29 nt=1204] KSP converged reason: 4, iterations: 1
  [a=23 b=29 nt=1204] KSP converged reason: 4, iterations: 1
  [a=24 b=29 nt=1196] KSP converged reason: 4, iterations: 1
  [a=24 b=29 nt=1204] KSP converged reason: 4, iterations: 1
  [a=24 b=29 nt=1192] KSP converged reason: 4, iterations: 1
  [a=24 b=29 nt=1202] KSP converged reason: 4, iterations: 1
  [a=24 b=29 nt=1198] KSP converged reason: 4, iterations: 1
  [a=24 b=29 nt=1194] KSP converged reason: 4, iterations: 1
  [a=24 b=29 nt=1202] KSP converged reason: 4, iterations: 1
  [a=24 b=29 nt=1190] KSP converged reason: 4, iterations: 1
  [1041] OK     f=   0.219  a=23.5 b=28.8 gap=22.8 (face=5.6mm) n=[363, 363, 229, 229, 3, 3, 5, 5, 2, 2]  tape=0.219km B=10.09T unif=8.176% hoop=101MPa
  [1042] OK     f=   0.219  a=23.5 b=28.9 gap=22.7 (face=5.4mm) n=[358, 358, 233, 233, 3, 3, 6, 6, 1, 1]  tape=0.219km B=10.09T unif=10.684% hoop=100MPa
  [1043] OK     f=   0.220  a=23.5 b=28.9 gap=22.8 (face=5.6mm) n=[364, 364, 229, 229, 3, 3, 4, 4, 2, 2]  tape=0.220km B=10.07T unif=9.097% hoop=100MPa
  [1044] OK     f=   0.216  a=23.5 b=28.8 gap=22.8 (face=5.6mm) n=[361, 361, 230, 230, 1, 1, 3, 3, 1, 1]  tape=0.216km B=10.06T unif=9.470% hoop=99MPa
  [1045] viol   f=   0.228  a=23.6 b=28.7 gap=22.8 (face=5.6mm) n=[361, 361, 229, 229, 3, 3, 3, 3, 2, 2]  tape=0.217km B=9.93T unif=7.016% hoop=99MPa
  [1046] OK     f=   0.219  a=23.5 b=28.8 gap=22.8 (face=5.6mm) n=[363, 363, 229, 229, 4, 4, 4, 4, 2, 2]  tape=0.219km B=10.03T unif=8.164% hoop=100MPa
  [1047] OK     f=   0.218  a=23.5 b=28.8 gap=22.8 (face=5.6mm) n=[365, 365, 228, 228, 1, 1, 3, 3, 2, 2]  tape=0.218km B=10.09T unif=9.360% hoop=99MPa
  [1048] OK     f=   0.219  a=23.5 b=28.9 gap=22.7 (face=5.5mm) n=[362, 362, 230, 230, 3, 3, 5, 5, 1, 1]  tape=0.219km B=10.02T unif=8.114% hoop=99MPa
  [1049] viol   f=   0.217  a=23.5 b=28.8 gap=22.7 (face=5.5mm) n=[360, 360, 229, 229, 4, 4, 3, 3, 1, 1]  tape=0.217km B=9.99T unif=9.762% hoop=100MPa
  [1050] viol   f=   0.230  a=23.5 b=28.8 gap=22.8 (face=5.6mm) n=[362, 362, 229, 229, 1, 1, 1, 1, 2, 2]  tape=0.216km B=9.92T unif=6.250% hoop=99MPa
  [a=24 b=29 nt=1196] KSP converged reason: 4, iterations: 1
  [a=23 b=29 nt=1194] KSP converged reason: 4, iterations: 1
  [a=24 b=29 nt=1196] KSP converged reason: 4, iterations: 1
  [a=24 b=29 nt=1188] KSP converged reason: 4, iterations: 1
  [a=24 b=29 nt=1196] KSP converged reason: 4, iterations: 1
  [a=23 b=29 nt=1202] KSP converged reason: 4, iterations: 1
  [a=23 b=29 nt=1196] KSP converged reason: 4, iterations: 1
  [a=23 b=29 nt=1194] KSP converged reason: 4, iterations: 1
  [a=24 b=29 nt=1190] KSP converged reason: 4, iterations: 1
  [a=24 b=29 nt=1196] KSP converged reason: 4, iterations: 1
  [1051] viol   f=   0.221  a=23.5 b=28.9 gap=22.7 (face=5.5mm) n=[361, 361, 230, 230, 2, 2, 7, 7, 1, 1]  tape=0.219km B=9.97T unif=8.383% hoop=100MPa
  [1052] OK     f=   0.217  a=23.5 b=28.8 gap=22.8 (face=5.6mm) n=[360, 360, 231, 231, 2, 2, 3, 3, 2, 2]  tape=0.217km B=10.08T unif=10.005% hoop=100MPa
  [1053] viol   f=   0.228  a=23.5 b=28.8 gap=22.8 (face=5.6mm) n=[361, 361, 229, 229, 3, 3, 3, 3, 2, 2]  tape=0.217km B=9.93T unif=5.450% hoop=99MPa
  [1054] OK     f=   0.217  a=23.5 b=28.8 gap=22.7 (face=5.5mm) n=[363, 363, 228, 228, 1, 1, 3, 3, 2, 2]  tape=0.217km B=10.07T unif=9.334% hoop=100MPa
  [1055] viol   f=   0.226  a=23.5 b=28.9 gap=22.7 (face=5.4mm) n=[361, 361, 228, 228, 3, 3, 1, 1, 1, 1]  tape=0.216km B=9.93T unif=8.299% hoop=100MPa
  [1056] OK     f=   0.218  a=23.5 b=28.9 gap=22.7 (face=5.5mm) n=[360, 360, 231, 231, 2, 2, 4, 4, 1, 1]  tape=0.218km B=10.11T unif=9.751% hoop=100MPa
  [1057] OK     f=   0.216  a=23.5 b=28.8 gap=22.8 (face=5.5mm) n=[360, 360, 230, 230, 2, 2, 1, 1, 2, 2]  tape=0.216km B=10.09T unif=10.027% hoop=100MPa
  [1058] viol   f=   0.218  a=23.5 b=28.9 gap=22.7 (face=5.5mm) n=[361, 361, 229, 229, 2, 2, 4, 4, 2, 2]  tape=0.218km B=9.99T unif=8.155% hoop=99MPa
  [1059] OK     f=   0.217  a=23.5 b=28.9 gap=22.7 (face=5.5mm) n=[361, 361, 230, 230, 2, 2, 3, 3, 1, 1]  tape=0.217km B=10.05T unif=9.980% hoop=100MPa
  [1060] OK     f=   0.218  a=23.5 b=28.8 gap=22.8 (face=5.5mm) n=[361, 361, 230, 230, 2, 2, 4, 4, 1, 1]  tape=0.218km B=10.12T unif=9.818% hoop=100MPa
  [a=24 b=29 nt=1194] KSP converged reason: 4, iterations: 1
  [a=23 b=29 nt=1190] KSP converged reason: 4, iterations: 1
  [a=24 b=29 nt=1196] KSP converged reason: 4, iterations: 1
  [a=24 b=29 nt=1190] KSP converged reason: 4, iterations: 1
  [a=24 b=29 nt=1190] KSP converged reason: 4, iterations: 1
  [a=23 b=29 nt=1188] KSP converged reason: 4, iterations: 1
  [a=24 b=29 nt=1192] KSP converged reason: 4, iterations: 1
  [a=23 b=29 nt=1190] KSP converged reason: 4, iterations: 1
  [a=23 b=29 nt=1198] KSP converged reason: 4, iterations: 1
  [a=23 b=29 nt=1190] KSP converged reason: 4, iterations: 1
  [1061] viol   f=   0.229  a=23.5 b=28.8 gap=22.8 (face=5.5mm) n=[362, 362, 229, 229, 2, 2, 1, 1, 1, 1]  tape=0.216km B=9.92T unif=9.395% hoop=99MPa
  [1062] viol   f=   0.251  a=23.5 b=28.8 gap=22.7 (face=5.4mm) n=[362, 362, 229, 229, 2, 2, 2, 2, 2, 2]  tape=0.217km B=9.87T unif=4.772% hoop=99MPa
  [1063] viol   f=   0.231  a=23.5 b=28.8 gap=22.7 (face=5.4mm) n=[360, 360, 231, 231, 1, 1, 1, 1, 2, 2]  tape=0.216km B=9.91T unif=8.427% hoop=100MPa
  [1064] viol   f=   0.246  a=23.5 b=28.8 gap=22.7 (face=5.5mm) n=[364, 364, 228, 228, 1, 1, 1, 1, 1, 1]  tape=0.216km B=9.88T unif=4.889% hoop=98MPa
  [1065] viol   f=   0.218  a=23.5 b=28.8 gap=22.8 (face=5.5mm) n=[363, 363, 227, 227, 3, 3, 4, 4, 1, 1]  tape=0.218km B=9.99T unif=7.180% hoop=99MPa
  [1066] viol   f=   0.223  a=23.5 b=28.9 gap=22.7 (face=5.5mm) n=[361, 361, 229, 229, 1, 1, 2, 2, 1, 1]  tape=0.216km B=9.94T unif=7.366% hoop=100MPa
  [1067] viol   f=   0.218  a=23.5 b=28.8 gap=22.8 (face=5.6mm) n=[360, 360, 229, 229, 3, 3, 3, 3, 1, 1]  tape=0.217km B=9.97T unif=7.464% hoop=99MPa
  [1068] OK     f=   0.216  a=23.5 b=28.8 gap=22.8 (face=5.5mm) n=[360, 360, 229, 229, 2, 2, 3, 3, 1, 1]  tape=0.216km B=10.06T unif=9.540% hoop=99MPa
  [1069] OK     f=   0.218  a=23.5 b=28.8 gap=22.8 (face=5.6mm) n=[363, 363, 229, 229, 1, 1, 4, 4, 2, 2]  tape=0.218km B=10.07T unif=9.392% hoop=100MPa
  [1070] viol   f=   0.229  a=23.5 b=28.8 gap=22.7 (face=5.5mm) n=[362, 362, 229, 229, 1, 1, 1, 1, 2, 2]  tape=0.216km B=9.92T unif=8.120% hoop=99MPa
  [a=24 b=29 nt=1196] KSP converged reason: 4, iterations: 1
  [a=23 b=29 nt=1190] KSP converged reason: 4, iterations: 1
  [a=24 b=29 nt=1194] KSP converged reason: 4, iterations: 1
  [a=24 b=29 nt=1192] KSP converged reason: 4, iterations: 1
  [a=24 b=29 nt=1186] KSP converged reason: 4, iterations: 1
  [a=23 b=29 nt=1190] KSP converged reason: 4, iterations: 1
  [a=24 b=29 nt=1192] KSP converged reason: 4, iterations: 1
  [a=24 b=29 nt=1196] KSP converged reason: 4, iterations: 1
  [a=24 b=29 nt=1192] KSP converged reason: 4, iterations: 1
  [a=23 b=29 nt=1186] KSP converged reason: 4, iterations: 1
  [1071] OK     f=   0.217  a=23.5 b=28.8 gap=22.8 (face=5.6mm) n=[360, 360, 230, 230, 1, 1, 5, 5, 1, 1]  tape=0.217km B=10.03T unif=9.967% hoop=100MPa
  [1072] viol   f=   0.218  a=23.5 b=28.8 gap=22.8 (face=5.5mm) n=[361, 361, 230, 230, 3, 3, 3, 3, 1, 1]  tape=0.217km B=9.98T unif=8.446% hoop=99MPa
  [1073] OK     f=   0.216  a=23.5 b=28.8 gap=22.8 (face=5.6mm) n=[360, 360, 229, 229, 2, 2, 3, 3, 1, 1]  tape=0.216km B=10.02T unif=9.299% hoop=99MPa
  [1074] viol   f=   0.297  a=23.5 b=28.8 gap=22.8 (face=5.5mm) n=[360, 360, 230, 230, 1, 1, 1, 1, 1, 1]  tape=0.215km B=9.80T unif=4.702% hoop=99MPa
  [1075] viol   f=   0.296  a=23.5 b=28.8 gap=22.8 (face=5.6mm) n=[361, 361, 229, 229, 2, 2, 2, 2, 2, 2]  tape=0.217km B=9.80T unif=4.463% hoop=99MPa
  [1076] viol   f=   0.284  a=23.5 b=28.8 gap=22.8 (face=5.5mm) n=[360, 360, 229, 229, 2, 2, 2, 2, 2, 2]  tape=0.216km B=9.82T unif=4.468% hoop=98MPa
  [1077] OK     f=   0.217  a=23.5 b=28.8 gap=22.8 (face=5.5mm) n=[360, 360, 229, 229, 2, 2, 4, 4, 1, 1]  tape=0.217km B=10.04T unif=9.212% hoop=99MPa
  [1078] viol   f=   0.217  a=23.5 b=28.8 gap=22.8 (face=5.5mm) n=[359, 359, 231, 231, 2, 2, 4, 4, 2, 2]  tape=0.217km B=10.00T unif=8.660% hoop=100MPa
  [1079] OK     f=   0.217  a=23.5 b=28.8 gap=22.8 (face=5.6mm) n=[360, 360, 228, 228, 4, 4, 3, 3, 1, 1]  tape=0.217km B=10.01T unif=9.001% hoop=99MPa
  [1080] viol   f=   0.252  a=23.5 b=28.8 gap=22.8 (face=5.6mm) n=[359, 359, 230, 230, 2, 2, 1, 1, 1, 1]  tape=0.215km B=9.86T unif=6.127% hoop=100MPa
  [a=24 b=29 nt=1198] KSP converged reason: 4, iterations: 1
  [a=23 b=29 nt=1194] KSP converged reason: 4, iterations: 1
  [a=24 b=29 nt=1194] KSP converged reason: 4, iterations: 1
  [a=24 b=29 nt=1194] KSP converged reason: 4, iterations: 1
  [a=24 b=29 nt=1196] KSP converged reason: 4, iterations: 1
  [a=24 b=29 nt=1196] KSP converged reason: 4, iterations: 1
  [a=24 b=29 nt=1194] KSP converged reason: 4, iterations: 1
  [a=24 b=29 nt=1190] KSP converged reason: 4, iterations: 1
  [a=24 b=29 nt=1194] KSP converged reason: 4, iterations: 1
  [a=24 b=29 nt=1192] KSP converged reason: 4, iterations: 1
  [1081] OK     f=   0.217  a=23.5 b=28.7 gap=22.8 (face=5.6mm) n=[361, 361, 229, 229, 4, 4, 3, 3, 1, 1]  tape=0.217km B=10.06T unif=9.242% hoop=99MPa
  [1082] OK     f=   0.217  a=23.5 b=28.8 gap=22.8 (face=5.7mm) n=[360, 360, 229, 229, 2, 2, 5, 5, 2, 2]  tape=0.217km B=10.05T unif=9.180% hoop=99MPa
  [1083] OK     f=   0.217  a=23.5 b=28.8 gap=22.8 (face=5.6mm) n=[361, 361, 229, 229, 2, 2, 4, 4, 1, 1]  tape=0.217km B=10.00T unif=8.965% hoop=99MPa
  [1084] OK     f=   0.218  a=23.5 b=28.8 gap=22.8 (face=5.6mm) n=[363, 363, 228, 228, 3, 3, 4, 4, 1, 1]  tape=0.218km B=10.03T unif=7.413% hoop=99MPa
  [1085] OK     f=   0.217  a=23.5 b=28.8 gap=22.8 (face=5.6mm) n=[361, 361, 229, 229, 4, 4, 2, 2, 1, 1]  tape=0.217km B=10.03T unif=9.002% hoop=99MPa
  [1086] viol   f=   0.226  a=23.5 b=28.8 gap=22.8 (face=5.5mm) n=[361, 361, 229, 229, 2, 2, 4, 4, 1, 1]  tape=0.217km B=9.93T unif=7.904% hoop=99MPa
  [1087] viol   f=   0.228  a=23.5 b=28.8 gap=22.8 (face=5.6mm) n=[359, 359, 230, 230, 2, 2, 5, 5, 1, 1]  tape=0.217km B=9.92T unif=8.099% hoop=99MPa
  [1088] viol   f=   0.265  a=23.5 b=28.8 gap=22.8 (face=5.5mm) n=[361, 361, 228, 228, 2, 2, 2, 2, 2, 2]  tape=0.216km B=9.84T unif=4.996% hoop=99MPa
  [1089] OK     f=   0.217  a=23.5 b=28.8 gap=22.8 (face=5.6mm) n=[360, 360, 229, 229, 2, 2, 5, 5, 1, 1]  tape=0.217km B=10.06T unif=9.561% hoop=99MPa
  [1090] viol   f=   0.250  a=23.5 b=28.8 gap=22.8 (face=5.6mm) n=[359, 359, 230, 230, 3, 3, 3, 3, 1, 1]  tape=0.216km B=9.87T unif=6.316% hoop=100MPa
  [a=24 b=29 nt=1200] KSP converged reason: 4, iterations: 1
  [a=23 b=29 nt=1194] KSP converged reason: 4, iterations: 1
  [a=24 b=29 nt=1198] KSP converged reason: 4, iterations: 1
  [a=24 b=29 nt=1194] KSP converged reason: 4, iterations: 1
  [a=24 b=29 nt=1194] KSP converged reason: 4, iterations: 1
  [a=24 b=29 nt=1198] KSP converged reason: 4, iterations: 1
  [a=24 b=29 nt=1196] KSP converged reason: 4, iterations: 1
  [a=24 b=29 nt=1192] KSP converged reason: 4, iterations: 1
  [a=24 b=29 nt=1196] KSP converged reason: 4, iterations: 1
  [a=24 b=29 nt=1190] KSP converged reason: 4, iterations: 1
  [1091] viol   f=   0.237  a=23.5 b=28.8 gap=22.8 (face=5.6mm) n=[360, 360, 229, 229, 3, 3, 3, 3, 2, 2]  tape=0.217km B=9.90T unif=6.587% hoop=100MPa
  [1092] OK     f=   0.218  a=23.5 b=28.7 gap=22.8 (face=5.6mm) n=[361, 361, 228, 228, 4, 4, 5, 5, 1, 1]  tape=0.218km B=10.06T unif=9.814% hoop=99MPa
  [1093] viol   f=   0.221  a=23.5 b=28.7 gap=22.8 (face=5.7mm) n=[362, 362, 228, 228, 4, 4, 4, 4, 2, 2]  tape=0.218km B=9.97T unif=7.920% hoop=99MPa
  [1094] OK     f=   0.218  a=23.5 b=28.7 gap=22.8 (face=5.7mm) n=[361, 361, 228, 228, 5, 5, 4, 4, 1, 1]  tape=0.218km B=10.04T unif=9.433% hoop=99MPa
  [1095] OK     f=   0.217  a=23.5 b=28.8 gap=22.8 (face=5.6mm) n=[361, 361, 229, 229, 3, 3, 3, 3, 1, 1]  tape=0.217km B=10.00T unif=8.509% hoop=99MPa
  [1096] viol   f=   0.219  a=23.5 b=28.8 gap=22.7 (face=5.5mm) n=[359, 359, 231, 231, 3, 3, 2, 2, 2, 2]  tape=0.217km B=9.97T unif=7.743% hoop=100MPa
  [1097] OK     f=   0.216  a=23.5 b=28.7 gap=22.8 (face=5.6mm) n=[360, 360, 228, 228, 5, 5, 2, 2, 1, 1]  tape=0.216km B=10.05T unif=9.699% hoop=101MPa
  [1098] OK     f=   0.217  a=23.5 b=28.8 gap=22.8 (face=5.6mm) n=[361, 361, 229, 229, 4, 4, 3, 3, 1, 1]  tape=0.217km B=10.04T unif=9.688% hoop=99MPa
  [1099] OK     f=   0.216  a=23.5 b=28.8 gap=22.8 (face=5.5mm) n=[362, 362, 228, 228, 2, 2, 1, 1, 2, 2]  tape=0.216km B=10.05T unif=8.642% hoop=100MPa
  [1100] viol   f=   0.219  a=23.5 b=28.7 gap=22.8 (face=5.6mm) n=[358, 358, 229, 229, 5, 5, 5, 5, 1, 1]  tape=0.217km B=9.97T unif=8.010% hoop=99MPa
  [a=24 b=29 nt=1194] KSP converged reason: 4, iterations: 1
  [a=24 b=29 nt=1198] KSP converged reason: 4, iterations: 1
  [a=24 b=29 nt=1192] KSP converged reason: 4, iterations: 1
  [a=24 b=29 nt=1198] KSP converged reason: 4, iterations: 1
  [a=24 b=29 nt=1192] KSP converged reason: 4, iterations: 1
  [a=24 b=29 nt=1198] KSP converged reason: 4, iterations: 1
  [a=24 b=29 nt=1186] KSP converged reason: 4, iterations: 1
  [a=24 b=29 nt=1198] KSP converged reason: 4, iterations: 1
  [a=24 b=29 nt=1196] KSP converged reason: 4, iterations: 1
  [a=24 b=29 nt=1192] KSP converged reason: 4, iterations: 1
  [1101] OK     f=   0.218  a=23.5 b=28.7 gap=22.8 (face=5.6mm) n=[362, 362, 228, 228, 5, 5, 3, 3, 1, 1]  tape=0.218km B=10.11T unif=9.017% hoop=100MPa
  [1102] viol   f=   0.246  a=23.5 b=28.8 gap=22.7 (face=5.4mm) n=[361, 361, 228, 228, 4, 4, 2, 2, 2, 2]  tape=0.217km B=9.88T unif=4.768% hoop=100MPa
  [1103] OK     f=   0.216  a=23.5 b=28.8 gap=22.8 (face=5.5mm) n=[360, 360, 230, 230, 3, 3, 1, 1, 2, 2]  tape=0.216km B=10.05T unif=9.107% hoop=100MPa
  [1104] OK     f=   0.218  a=23.5 b=28.7 gap=22.8 (face=5.7mm) n=[360, 360, 228, 228, 6, 6, 4, 4, 1, 1]  tape=0.218km B=10.02T unif=9.326% hoop=100MPa
  [1105] viol   f=   0.220  a=23.5 b=28.7 gap=22.8 (face=5.6mm) n=[361, 361, 228, 228, 3, 3, 3, 3, 1, 1]  tape=0.217km B=9.96T unif=9.550% hoop=100MPa
  [1106] viol   f=   0.220  a=23.5 b=28.8 gap=22.8 (face=5.6mm) n=[363, 363, 228, 228, 4, 4, 2, 2, 2, 2]  tape=0.218km B=9.97T unif=8.386% hoop=99MPa
  [1107] viol   f=   0.302  a=23.5 b=28.8 gap=22.7 (face=5.5mm) n=[361, 361, 229, 229, 1, 1, 1, 1, 1, 1]  tape=0.215km B=9.79T unif=5.127% hoop=99MPa
  [1108] OK     f=   0.217  a=23.5 b=28.8 gap=22.8 (face=5.6mm) n=[362, 362, 229, 229, 2, 2, 3, 3, 2, 2]  tape=0.217km B=10.05T unif=8.721% hoop=100MPa
  [1109] viol   f=   0.270  a=23.6 b=28.8 gap=22.8 (face=5.6mm) n=[359, 359, 231, 231, 2, 2, 2, 2, 2, 2]  tape=0.216km B=9.84T unif=5.733% hoop=99MPa
  [1110] viol   f=   0.239  a=23.5 b=28.7 gap=22.8 (face=5.6mm) n=[362, 362, 228, 228, 5, 5, 2, 2, 2, 2]  tape=0.218km B=9.90T unif=5.389% hoop=99MPa
  [a=23 b=29 nt=1194] KSP converged reason: 4, iterations: 1
  [a=24 b=29 nt=1198] KSP converged reason: 4, iterations: 1
  [a=24 b=29 nt=1198] KSP converged reason: 4, iterations: 1
  [a=24 b=29 nt=1192] KSP converged reason: 4, iterations: 1
  [a=24 b=29 nt=1196] KSP converged reason: 4, iterations: 1
  [a=24 b=29 nt=1196] KSP converged reason: 4, iterations: 1
  [a=24 b=29 nt=1192] KSP converged reason: 4, iterations: 1
  [a=24 b=29 nt=1192] KSP converged reason: 4, iterations: 1
  [a=24 b=29 nt=1196] KSP converged reason: 4, iterations: 1
  [a=24 b=29 nt=1188] KSP converged reason: 4, iterations: 1
  [1111] OK     f=   0.217  a=23.5 b=28.8 gap=22.8 (face=5.6mm) n=[360, 360, 230, 230, 4, 4, 3, 3, 1, 1]  tape=0.217km B=10.05T unif=9.286% hoop=100MPa
  [1112] viol   f=   0.241  a=23.5 b=28.8 gap=22.8 (face=5.6mm) n=[362, 362, 228, 228, 3, 3, 3, 3, 1, 1]  tape=0.217km B=9.89T unif=5.607% hoop=98MPa
  [1113] viol   f=   0.219  a=23.6 b=28.7 gap=22.8 (face=5.6mm) n=[362, 362, 227, 227, 6, 6, 3, 3, 1, 1]  tape=0.218km B=9.98T unif=7.542% hoop=101MPa
  [1114] OK     f=   0.218  a=23.6 b=28.7 gap=22.8 (face=5.7mm) n=[361, 361, 228, 228, 5, 5, 3, 3, 2, 2]  tape=0.218km B=10.07T unif=8.787% hoop=100MPa
  [1115] OK     f=   0.217  a=23.5 b=28.8 gap=22.8 (face=5.6mm) n=[360, 360, 229, 229, 4, 4, 2, 2, 1, 1]  tape=0.217km B=10.06T unif=9.312% hoop=100MPa
  [1116] viol   f=   0.226  a=23.5 b=28.7 gap=22.8 (face=5.6mm) n=[359, 359, 229, 229, 5, 5, 3, 3, 2, 2]  tape=0.217km B=9.93T unif=7.657% hoop=99MPa
  [1117] viol   f=   0.225  a=23.5 b=28.8 gap=22.8 (face=5.5mm) n=[362, 362, 229, 229, 2, 2, 2, 2, 1, 1]  tape=0.217km B=9.94T unif=9.318% hoop=99MPa
  [1118] viol   f=   0.224  a=23.5 b=28.8 gap=22.8 (face=5.5mm) n=[360, 360, 229, 229, 5, 5, 1, 1, 1, 1]  tape=0.217km B=9.94T unif=7.942% hoop=99MPa
  [1119] OK     f=   0.216  a=23.5 b=28.8 gap=22.8 (face=5.5mm) n=[360, 360, 228, 228, 3, 3, 1, 1, 2, 2]  tape=0.216km B=10.06T unif=9.984% hoop=100MPa
  [1120] OK     f=   0.218  a=23.5 b=28.7 gap=22.8 (face=5.6mm) n=[362, 362, 228, 228, 3, 3, 4, 4, 1, 1]  tape=0.218km B=10.09T unif=8.629% hoop=99MPa
  [a=24 b=29 nt=1190] KSP converged reason: 4, iterations: 1
  [a=24 b=29 nt=1192] KSP converged reason: 4, iterations: 1
  [a=24 b=29 nt=1190] KSP converged reason: 4, iterations: 1
  [a=24 b=29 nt=1190] KSP converged reason: 4, iterations: 1
  [a=24 b=29 nt=1190] KSP converged reason: 4, iterations: 1
  [a=24 b=29 nt=1192] KSP converged reason: 4, iterations: 1
  [a=24 b=29 nt=1194] KSP converged reason: 4, iterations: 1
  [a=24 b=29 nt=1188] KSP converged reason: 4, iterations: 1
  [a=24 b=29 nt=1194] KSP converged reason: 4, iterations: 1
  [a=24 b=29 nt=1190] KSP converged reason: 4, iterations: 1
  [1121] viol   f=   0.231  a=23.5 b=28.8 gap=22.8 (face=5.5mm) n=[359, 359, 230, 230, 4, 4, 1, 1, 1, 1]  tape=0.216km B=9.91T unif=8.349% hoop=99MPa
  [1122] OK     f=   0.217  a=23.5 b=28.7 gap=22.8 (face=5.6mm) n=[360, 360, 228, 228, 4, 4, 3, 3, 1, 1]  tape=0.217km B=10.05T unif=9.686% hoop=99MPa
  [1123] viol   f=   0.229  a=23.5 b=28.8 gap=22.8 (face=5.6mm) n=[359, 359, 229, 229, 4, 4, 2, 2, 1, 1]  tape=0.216km B=9.92T unif=8.039% hoop=100MPa
  [1124] OK     f=   0.217  a=23.5 b=28.8 gap=22.7 (face=5.4mm) n=[360, 360, 229, 229, 4, 4, 1, 1, 2, 2]  tape=0.217km B=10.00T unif=9.295% hoop=99MPa
  [1125] OK     f=   0.216  a=23.5 b=28.8 gap=22.8 (face=5.5mm) n=[361, 361, 228, 228, 3, 3, 2, 2, 1, 1]  tape=0.216km B=10.04T unif=9.371% hoop=99MPa
  [1126] viol   f=   0.221  a=23.5 b=28.8 gap=22.8 (face=5.5mm) n=[359, 359, 230, 230, 3, 3, 2, 2, 1, 1]  tape=0.216km B=9.95T unif=8.009% hoop=99MPa
  [1127] viol   f=   0.227  a=23.5 b=28.8 gap=22.8 (face=5.6mm) n=[360, 360, 229, 229, 3, 3, 3, 3, 2, 2]  tape=0.217km B=9.93T unif=7.835% hoop=99MPa
  [1128] viol   f=   0.234  a=23.5 b=28.8 gap=22.8 (face=5.6mm) n=[359, 359, 229, 229, 4, 4, 1, 1, 1, 1]  tape=0.216km B=9.90T unif=8.249% hoop=99MPa
  [1129] viol   f=   0.232  a=23.5 b=28.7 gap=22.8 (face=5.7mm) n=[359, 359, 229, 229, 3, 3, 5, 5, 1, 1]  tape=0.217km B=9.91T unif=8.568% hoop=99MPa
  [1130] OK     f=   0.216  a=23.5 b=28.8 gap=22.8 (face=5.5mm) n=[361, 361, 228, 228, 3, 3, 1, 1, 2, 2]  tape=0.216km B=10.04T unif=9.223% hoop=99MPa
  [a=24 b=29 nt=1198] KSP converged reason: 4, iterations: 1
  [a=24 b=29 nt=1192] KSP converged reason: 4, iterations: 1
  [a=24 b=29 nt=1190] KSP converged reason: 4, iterations: 1
  [a=24 b=29 nt=1192] KSP converged reason: 4, iterations: 1
  [a=24 b=29 nt=1188] KSP converged reason: 4, iterations: 1
  [a=24 b=29 nt=1188] KSP converged reason: 4, iterations: 1
  [a=24 b=29 nt=1192] KSP converged reason: 4, iterations: 1
  [a=24 b=29 nt=1194] KSP converged reason: 4, iterations: 1
  [a=24 b=29 nt=1200] KSP converged reason: 4, iterations: 1
  [a=24 b=29 nt=1198] KSP converged reason: 4, iterations: 1
  [1131] viol   f=   0.263  a=23.5 b=28.9 gap=22.7 (face=5.5mm) n=[361, 361, 228, 228, 3, 3, 1, 1, 1, 1]  tape=0.216km B=9.85T unif=5.751% hoop=100MPa
  [1132] viol   f=   0.219  a=23.5 b=28.8 gap=22.8 (face=5.6mm) n=[361, 361, 228, 228, 3, 3, 1, 1, 1, 1]  tape=0.216km B=9.96T unif=8.426% hoop=99MPa
  [1133] viol   f=   0.246  a=23.5 b=28.8 gap=22.7 (face=5.5mm) n=[360, 360, 229, 229, 3, 3, 2, 2, 2, 2]  tape=0.217km B=9.88T unif=6.721% hoop=100MPa
  [1134] viol   f=   0.216  a=23.5 b=28.8 gap=22.8 (face=5.5mm) n=[361, 361, 228, 228, 3, 3, 2, 2, 1, 1]  tape=0.216km B=10.00T unif=9.402% hoop=99MPa
  [1135] OK     f=   0.218  a=23.5 b=28.7 gap=22.8 (face=5.6mm) n=[363, 363, 228, 228, 4, 4, 2, 2, 2, 2]  tape=0.218km B=10.01T unif=9.001% hoop=99MPa
  [1136] viol   f=   0.217  a=23.5 b=28.8 gap=22.8 (face=5.6mm) n=[362, 362, 228, 228, 3, 3, 1, 1, 2, 2]  tape=0.217km B=10.00T unif=7.993% hoop=99MPa
  [1137] OK     f=   0.217  a=23.5 b=28.8 gap=22.8 (face=5.5mm) n=[364, 364, 227, 227, 2, 2, 1, 1, 2, 2]  tape=0.217km B=10.03T unif=9.177% hoop=99MPa
  [1138] viol   f=   0.219  a=23.5 b=28.8 gap=22.7 (face=5.5mm) n=[361, 361, 228, 228, 4, 4, 2, 2, 2, 2]  tape=0.217km B=9.97T unif=8.552% hoop=99MPa
  [1139] OK     f=   0.219  a=23.5 b=28.7 gap=22.8 (face=5.6mm) n=[361, 361, 228, 228, 6, 6, 4, 4, 1, 1]  tape=0.219km B=10.06T unif=9.437% hoop=99MPa
  [1140] OK     f=   0.218  a=23.5 b=28.8 gap=22.8 (face=5.6mm) n=[361, 361, 228, 228, 5, 5, 3, 3, 2, 2]  tape=0.218km B=10.04T unif=9.770% hoop=100MPa
  [a=24 b=29 nt=1198] KSP converged reason: 4, iterations: 1
  [a=24 b=29 nt=1190] KSP converged reason: 4, iterations: 1
  [a=24 b=29 nt=1198] KSP converged reason: 4, iterations: 1
  [a=24 b=29 nt=1194] KSP converged reason: 4, iterations: 1
  [a=24 b=29 nt=1196] KSP converged reason: 4, iterations: 1
  [a=24 b=29 nt=1190] KSP converged reason: 4, iterations: 1
  [a=24 b=29 nt=1196] KSP converged reason: 4, iterations: 1
  [a=24 b=29 nt=1194] KSP converged reason: 4, iterations: 1
  [a=23 b=29 nt=1190] KSP converged reason: 4, iterations: 1
  [a=24 b=29 nt=1194] KSP converged reason: 4, iterations: 1
  [1141] OK     f=   0.217  a=23.5 b=28.7 gap=22.8 (face=5.6mm) n=[361, 361, 228, 228, 4, 4, 3, 3, 2, 2]  tape=0.217km B=10.06T unif=9.510% hoop=99MPa
  [1142] viol   f=   0.231  a=23.5 b=28.8 gap=22.8 (face=5.5mm) n=[362, 362, 228, 228, 2, 2, 2, 2, 1, 1]  tape=0.216km B=9.91T unif=6.413% hoop=99MPa
  [1143] viol   f=   0.247  a=23.5 b=28.7 gap=22.8 (face=5.6mm) n=[362, 362, 227, 227, 4, 4, 4, 4, 2, 2]  tape=0.218km B=9.88T unif=5.743% hoop=99MPa
  [1144] OK     f=   0.217  a=23.5 b=28.8 gap=22.8 (face=5.6mm) n=[361, 361, 227, 227, 4, 4, 3, 3, 2, 2]  tape=0.217km B=10.01T unif=8.791% hoop=99MPa
  [1145] viol   f=   0.216  a=23.5 b=28.8 gap=22.8 (face=5.5mm) n=[362, 362, 227, 227, 3, 3, 1, 1, 2, 2]  tape=0.216km B=10.00T unif=8.375% hoop=99MPa
  [1146] viol   f=   0.218  a=23.5 b=28.7 gap=22.8 (face=5.6mm) n=[363, 363, 226, 226, 5, 5, 3, 3, 2, 2]  tape=0.218km B=9.99T unif=7.971% hoop=100MPa
  [1147] OK     f=   0.218  a=23.5 b=28.8 gap=22.8 (face=5.5mm) n=[362, 362, 228, 228, 3, 3, 4, 4, 1, 1]  tape=0.218km B=10.10T unif=8.622% hoop=100MPa
  [1148] viol   f=   0.218  a=23.5 b=28.8 gap=22.7 (face=5.4mm) n=[363, 363, 227, 227, 3, 3, 3, 3, 1, 1]  tape=0.218km B=9.99T unif=9.632% hoop=99MPa
  [1149] viol   f=   0.217  a=23.5 b=28.8 gap=22.7 (face=5.5mm) n=[362, 362, 228, 228, 4, 4, 1, 1, 2, 2]  tape=0.217km B=10.00T unif=8.207% hoop=100MPa
  [1150] viol   f=   0.286  a=23.5 b=28.8 gap=22.8 (face=5.5mm) n=[362, 362, 227, 227, 2, 2, 2, 2, 2, 2]  tape=0.217km B=9.81T unif=4.646% hoop=99MPa
  [a=24 b=29 nt=1198] KSP converged reason: 4, iterations: 1
  [a=24 b=29 nt=1194] KSP converged reason: 4, iterations: 1
  [a=24 b=29 nt=1192] KSP converged reason: 4, iterations: 1
  [a=24 b=29 nt=1194] KSP converged reason: 4, iterations: 1
  [a=24 b=29 nt=1192] KSP converged reason: 4, iterations: 1
  [a=24 b=29 nt=1192] KSP converged reason: 4, iterations: 1
  [a=24 b=29 nt=1194] KSP converged reason: 4, iterations: 1
  [a=24 b=29 nt=1192] KSP converged reason: 4, iterations: 1
  [a=24 b=29 nt=1194] KSP converged reason: 4, iterations: 1
  [a=24 b=29 nt=1194] KSP converged reason: 4, iterations: 1
  [1151] viol   f=   0.222  a=23.5 b=28.8 gap=22.8 (face=5.5mm) n=[361, 361, 229, 229, 3, 3, 3, 3, 1, 1]  tape=0.217km B=9.95T unif=8.185% hoop=100MPa
  [1152] OK     f=   0.217  a=23.5 b=28.8 gap=22.8 (face=5.5mm) n=[360, 360, 228, 228, 5, 5, 3, 3, 1, 1]  tape=0.217km B=10.05T unif=9.342% hoop=100MPa
  [1153] viol   f=   0.229  a=23.5 b=28.8 gap=22.8 (face=5.6mm) n=[362, 362, 227, 227, 4, 4, 4, 4, 2, 2]  tape=0.218km B=9.93T unif=8.071% hoop=98MPa
  [1154] viol   f=   0.242  a=23.5 b=28.8 gap=22.7 (face=5.5mm) n=[362, 362, 228, 228, 4, 4, 1, 1, 1, 1]  tape=0.217km B=9.89T unif=5.513% hoop=99MPa
  [1155] viol   f=   0.217  a=23.5 b=28.8 gap=22.7 (face=5.4mm) n=[362, 362, 228, 228, 4, 4, 1, 1, 1, 1]  tape=0.217km B=9.99T unif=6.148% hoop=100MPa
  [1156] viol   f=   0.220  a=23.5 b=28.8 gap=22.8 (face=5.5mm) n=[362, 362, 228, 228, 2, 2, 3, 3, 1, 1]  tape=0.217km B=9.96T unif=8.499% hoop=99MPa
  [1157] OK     f=   0.217  a=23.5 b=28.8 gap=22.8 (face=5.5mm) n=[364, 364, 226, 226, 5, 5, 1, 1, 1, 1]  tape=0.217km B=10.02T unif=7.944% hoop=100MPa
  [1158] OK     f=   0.217  a=23.5 b=28.8 gap=22.7 (face=5.4mm) n=[364, 364, 226, 226, 4, 4, 1, 1, 1, 1]  tape=0.217km B=10.01T unif=8.928% hoop=99MPa
  [1159] OK     f=   0.217  a=23.5 b=28.8 gap=22.8 (face=5.6mm) n=[362, 362, 228, 228, 4, 4, 2, 2, 1, 1]  tape=0.217km B=10.09T unif=8.699% hoop=100MPa
  [1160] viol   f=   0.240  a=23.5 b=28.8 gap=22.8 (face=5.6mm) n=[361, 361, 228, 228, 2, 2, 3, 3, 3, 3]  tape=0.217km B=9.89T unif=8.629% hoop=98MPa
  [a=23 b=29 nt=1194] KSP converged reason: 4, iterations: 1
  [a=24 b=29 nt=1194] KSP converged reason: 4, iterations: 1
  [a=24 b=29 nt=1190] KSP converged reason: 4, iterations: 1
  [a=24 b=29 nt=1196] KSP converged reason: 4, iterations: 1
  [a=24 b=29 nt=1194] KSP converged reason: 4, iterations: 1
  [a=24 b=29 nt=1192] KSP converged reason: 4, iterations: 1
  [a=24 b=29 nt=1194] KSP converged reason: 4, iterations: 1
  [a=24 b=29 nt=1194] KSP converged reason: 4, iterations: 1
  [a=24 b=29 nt=1194] KSP converged reason: 4, iterations: 1
  [a=24 b=29 nt=1194] KSP converged reason: 4, iterations: 1
  [1161] OK     f=   0.218  a=23.5 b=28.8 gap=22.7 (face=5.4mm) n=[363, 363, 226, 226, 5, 5, 2, 2, 1, 1]  tape=0.218km B=10.05T unif=10.211% hoop=100MPa
  [1162] OK     f=   0.217  a=23.5 b=28.8 gap=22.7 (face=5.5mm) n=[361, 361, 227, 227, 6, 6, 2, 2, 1, 1]  tape=0.217km B=10.01T unif=9.776% hoop=100MPa
  [1163] OK     f=   0.218  a=23.5 b=28.8 gap=22.8 (face=5.5mm) n=[362, 362, 228, 228, 4, 4, 3, 3, 1, 1]  tape=0.218km B=10.08T unif=8.502% hoop=100MPa
  [1164] OK     f=   0.217  a=23.5 b=28.8 gap=22.7 (face=5.5mm) n=[362, 362, 228, 228, 4, 4, 2, 2, 1, 1]  tape=0.217km B=10.01T unif=8.134% hoop=99MPa
  [1165] viol   f=   0.219  a=23.5 b=28.8 gap=22.7 (face=5.5mm) n=[362, 362, 228, 228, 3, 3, 2, 2, 1, 1]  tape=0.217km B=9.97T unif=8.438% hoop=99MPa
  [1166] viol   f=   0.236  a=23.5 b=28.8 gap=22.7 (face=5.5mm) n=[361, 361, 227, 227, 5, 5, 1, 1, 1, 1]  tape=0.216km B=9.90T unif=5.540% hoop=99MPa
  [1167] viol   f=   0.218  a=23.5 b=28.8 gap=22.7 (face=5.5mm) n=[362, 362, 228, 228, 4, 4, 2, 2, 1, 1]  tape=0.217km B=9.98T unif=8.476% hoop=99MPa
  [1168] viol   f=   0.223  a=23.5 b=28.8 gap=22.8 (face=5.5mm) n=[363, 363, 227, 227, 3, 3, 3, 3, 1, 1]  tape=0.217km B=9.95T unif=8.070% hoop=99MPa
  [1169] OK     f=   0.217  a=23.5 b=28.8 gap=22.7 (face=5.5mm) n=[364, 364, 228, 228, 3, 3, 1, 1, 1, 1]  tape=0.217km B=10.02T unif=10.089% hoop=98MPa
  [1170] viol   f=   0.223  a=23.5 b=28.8 gap=22.7 (face=5.5mm) n=[363, 363, 226, 226, 6, 6, 1, 1, 1, 1]  tape=0.217km B=9.95T unif=7.240% hoop=100MPa
  [a=24 b=29 nt=1196] KSP converged reason: 4, iterations: 1
  [a=24 b=29 nt=1188] KSP converged reason: 4, iterations: 1
  [a=24 b=29 nt=1196] KSP converged reason: 4, iterations: 1
  [a=24 b=29 nt=1196] KSP converged reason: 4, iterations: 1
  [a=24 b=29 nt=1196] KSP converged reason: 4, iterations: 1
  [a=24 b=29 nt=1194] KSP converged reason: 4, iterations: 1
  [a=24 b=29 nt=1194] KSP converged reason: 4, iterations: 1
  [a=24 b=29 nt=1192] KSP converged reason: 4, iterations: 1
  [a=24 b=29 nt=1194] KSP converged reason: 4, iterations: 1
  [a=24 b=29 nt=1196] KSP converged reason: 4, iterations: 1
  [1171] OK     f=   0.218  a=23.5 b=28.8 gap=22.8 (face=5.5mm) n=[361, 361, 228, 228, 6, 6, 2, 2, 1, 1]  tape=0.218km B=10.04T unif=9.365% hoop=100MPa
  [1172] OK     f=   0.218  a=23.5 b=28.8 gap=22.7 (face=5.4mm) n=[361, 361, 229, 229, 5, 5, 1, 1, 2, 2]  tape=0.218km B=10.09T unif=9.679% hoop=100MPa
  [1173] OK     f=   0.218  a=23.5 b=28.8 gap=22.7 (face=5.4mm) n=[364, 364, 227, 227, 5, 5, 1, 1, 1, 1]  tape=0.218km B=10.06T unif=9.074% hoop=99MPa
  [1174] viol   f=   0.218  a=23.5 b=28.8 gap=22.8 (face=5.5mm) n=[362, 362, 227, 227, 6, 6, 2, 2, 1, 1]  tape=0.218km B=9.99T unif=8.157% hoop=99MPa
  [1175] viol   f=   0.252  a=23.5 b=28.8 gap=22.7 (face=5.4mm) n=[361, 361, 228, 228, 3, 3, 1, 1, 1, 1]  tape=0.216km B=9.87T unif=5.164% hoop=100MPa
  [1176] OK     f=   0.217  a=23.5 b=28.8 gap=22.7 (face=5.5mm) n=[363, 363, 228, 228, 3, 3, 1, 1, 2, 2]  tape=0.217km B=10.03T unif=8.493% hoop=100MPa
  [1177] viol   f=   0.219  a=23.5 b=28.8 gap=22.7 (face=5.4mm) n=[362, 362, 227, 227, 5, 5, 2, 2, 1, 1]  tape=0.218km B=9.97T unif=8.364% hoop=99MPa
  [1178] viol   f=   0.217  a=23.5 b=28.8 gap=22.7 (face=5.5mm) n=[363, 363, 227, 227, 4, 4, 1, 1, 1, 1]  tape=0.217km B=10.00T unif=9.592% hoop=100MPa
  [1179] OK     f=   0.217  a=23.5 b=28.8 gap=22.7 (face=5.5mm) n=[363, 363, 227, 227, 4, 4, 2, 2, 1, 1]  tape=0.217km B=10.01T unif=9.374% hoop=100MPa
  [1180] OK     f=   0.217  a=23.5 b=28.8 gap=22.7 (face=5.4mm) n=[362, 362, 229, 229, 4, 4, 1, 1, 2, 2]  tape=0.217km B=10.02T unif=8.975% hoop=100MPa
  [a=24 b=29 nt=1200] KSP converged reason: 4, iterations: 1
  [a=24 b=29 nt=1196] KSP converged reason: 4, iterations: 1
  [a=24 b=29 nt=1192] KSP converged reason: 4, iterations: 1
  [a=24 b=29 nt=1190] KSP converged reason: 4, iterations: 1
  [a=24 b=29 nt=1192] KSP converged reason: 4, iterations: 1
  [a=24 b=29 nt=1196] KSP converged reason: 4, iterations: 1
  [a=24 b=29 nt=1196] KSP converged reason: 4, iterations: 1
  [a=24 b=29 nt=1196] KSP converged reason: 4, iterations: 1
  [a=24 b=29 nt=1198] KSP converged reason: 4, iterations: 1
  [a=23 b=29 nt=1192] KSP converged reason: 4, iterations: 1
  [1181] OK     f=   0.217  a=23.5 b=28.8 gap=22.7 (face=5.5mm) n=[362, 362, 228, 228, 4, 4, 1, 1, 1, 1]  tape=0.217km B=10.00T unif=8.763% hoop=99MPa
  [1182] OK     f=   0.219  a=23.5 b=28.8 gap=22.8 (face=5.5mm) n=[364, 364, 227, 227, 5, 5, 2, 2, 2, 2]  tape=0.219km B=10.02T unif=8.950% hoop=99MPa
  [1183] viol   f=   0.223  a=23.5 b=28.8 gap=22.7 (face=5.4mm) n=[362, 362, 228, 228, 3, 3, 2, 2, 1, 1]  tape=0.217km B=9.95T unif=8.459% hoop=100MPa
  [1184] OK     f=   0.218  a=23.5 b=28.8 gap=22.7 (face=5.4mm) n=[363, 363, 228, 228, 3, 3, 2, 2, 2, 2]  tape=0.218km B=10.07T unif=9.890% hoop=101MPa
  [1185] viol   f=   0.226  a=23.5 b=28.8 gap=22.8 (face=5.5mm) n=[363, 363, 227, 227, 3, 3, 1, 1, 1, 1]  tape=0.216km B=9.93T unif=7.478% hoop=100MPa
  [1186] OK     f=   0.218  a=23.5 b=28.8 gap=22.7 (face=5.5mm) n=[361, 361, 229, 229, 5, 5, 2, 2, 1, 1]  tape=0.218km B=10.06T unif=9.232% hoop=100MPa
  [1187] viol   f=   0.237  a=23.5 b=28.8 gap=22.7 (face=5.5mm) n=[362, 362, 228, 228, 4, 4, 2, 2, 2, 2]  tape=0.218km B=9.90T unif=5.589% hoop=99MPa
  [1188] OK     f=   0.218  a=23.5 b=28.8 gap=22.7 (face=5.5mm) n=[363, 363, 228, 228, 3, 3, 2, 2, 2, 2]  tape=0.218km B=10.06T unif=9.824% hoop=101MPa
  [1189] OK     f=   0.218  a=23.5 b=28.8 gap=22.7 (face=5.4mm) n=[362, 362, 229, 229, 5, 5, 1, 1, 2, 2]  tape=0.218km B=10.09T unif=8.443% hoop=100MPa
  [1190] viol   f=   0.217  a=23.5 b=28.8 gap=22.7 (face=5.5mm) n=[362, 362, 228, 228, 3, 3, 2, 2, 1, 1]  tape=0.217km B=9.99T unif=8.848% hoop=99MPa
  [a=24 b=29 nt=1194] KSP converged reason: 4, iterations: 1
  [a=24 b=29 nt=1196] KSP converged reason: 4, iterations: 1
  [a=23 b=29 nt=1190] KSP converged reason: 4, iterations: 1
  [a=24 b=29 nt=1190] KSP converged reason: 4, iterations: 1
  [a=24 b=29 nt=1196] KSP converged reason: 4, iterations: 1
  [a=24 b=29 nt=1194] KSP converged reason: 4, iterations: 1
  [a=24 b=29 nt=1190] KSP converged reason: 4, iterations: 1
  [a=24 b=29 nt=1192] KSP converged reason: 4, iterations: 1
  [a=24 b=29 nt=1196] KSP converged reason: 4, iterations: 1
  [a=24 b=29 nt=1192] KSP converged reason: 4, iterations: 1
  [1191] viol   f=   0.220  a=23.5 b=28.8 gap=22.7 (face=5.5mm) n=[361, 361, 229, 229, 2, 2, 2, 2, 1, 1]  tape=0.216km B=9.95T unif=8.569% hoop=99MPa
  [1192] viol   f=   0.222  a=23.5 b=28.8 gap=22.7 (face=5.5mm) n=[361, 361, 228, 228, 4, 4, 1, 1, 1, 1]  tape=0.216km B=9.95T unif=7.172% hoop=99MPa
  [1193] viol   f=   0.237  a=23.5 b=28.8 gap=22.7 (face=5.4mm) n=[361, 361, 229, 229, 4, 4, 2, 2, 2, 2]  tape=0.218km B=9.90T unif=8.160% hoop=100MPa
  [1194] viol   f=   0.220  a=23.5 b=28.8 gap=22.7 (face=5.4mm) n=[362, 362, 228, 228, 4, 4, 1, 1, 2, 2]  tape=0.217km B=9.96T unif=8.002% hoop=100MPa
  [1195] OK     f=   0.217  a=23.5 b=28.8 gap=22.7 (face=5.4mm) n=[363, 363, 227, 227, 3, 3, 2, 2, 2, 2]  tape=0.217km B=10.01T unif=9.677% hoop=100MPa
  [1196] viol   f=   0.220  a=23.5 b=28.8 gap=22.7 (face=5.4mm) n=[361, 361, 229, 229, 4, 4, 2, 2, 2, 2]  tape=0.217km B=9.97T unif=8.727% hoop=99MPa
  [1197] viol   f=   0.227  a=23.5 b=28.8 gap=22.7 (face=5.5mm) n=[361, 361, 228, 228, 4, 4, 1, 1, 1, 1]  tape=0.216km B=9.93T unif=8.182% hoop=99MPa
  [1198] OK     f=   0.217  a=23.5 b=28.8 gap=22.7 (face=5.4mm) n=[363, 363, 227, 227, 3, 3, 1, 1, 2, 2]  tape=0.217km B=10.06T unif=9.305% hoop=100MPa
  [1199] OK     f=   0.217  a=23.5 b=28.8 gap=22.7 (face=5.4mm) n=[362, 362, 228, 228, 3, 3, 1, 1, 2, 2]  tape=0.217km B=10.04T unif=8.754% hoop=100MPa
  [1200] viol   f=   0.218  a=23.5 b=28.8 gap=22.7 (face=5.4mm) n=[362, 362, 228, 228, 4, 4, 2, 2, 2, 2]  tape=0.218km B=10.00T unif=5.978% hoop=100MPa
  [a=24 b=29 nt=1194] KSP converged reason: 4, iterations: 1
  [a=23 b=29 nt=1198] KSP converged reason: 4, iterations: 1
  [a=24 b=29 nt=1198] KSP converged reason: 4, iterations: 1
  [a=24 b=29 nt=1196] KSP converged reason: 4, iterations: 1
  [a=24 b=29 nt=1192] KSP converged reason: 4, iterations: 1
  [a=24 b=29 nt=1196] KSP converged reason: 4, iterations: 1
  [a=23 b=29 nt=1190] KSP converged reason: 4, iterations: 1
  [a=23 b=29 nt=1192] KSP converged reason: 4, iterations: 1
  [a=24 b=29 nt=1190] KSP converged reason: 4, iterations: 1
  [a=24 b=29 nt=1194] KSP converged reason: 4, iterations: 1
  [1201] viol   f=   0.266  a=23.5 b=28.8 gap=22.7 (face=5.4mm) n=[364, 364, 227, 227, 2, 2, 2, 2, 2, 2]  tape=0.217km B=9.84T unif=5.119% hoop=99MPa
  [1202] OK     f=   0.218  a=23.5 b=28.8 gap=22.7 (face=5.4mm) n=[362, 362, 228, 228, 5, 5, 2, 2, 2, 2]  tape=0.218km B=10.03T unif=8.545% hoop=100MPa
  [1203] OK     f=   0.218  a=23.5 b=28.8 gap=22.7 (face=5.4mm) n=[363, 363, 228, 228, 3, 3, 2, 2, 3, 3]  tape=0.218km B=10.01T unif=6.737% hoop=100MPa
  [1204] OK     f=   0.218  a=23.5 b=28.8 gap=22.7 (face=5.5mm) n=[361, 361, 228, 228, 4, 4, 3, 3, 2, 2]  tape=0.218km B=10.04T unif=9.375% hoop=100MPa
  [1205] OK     f=   0.218  a=23.5 b=28.8 gap=22.7 (face=5.3mm) n=[364, 364, 227, 227, 4, 4, 1, 1, 2, 2]  tape=0.218km B=10.04T unif=9.515% hoop=100MPa
  [1206] OK     f=   0.217  a=23.5 b=28.8 gap=22.7 (face=5.4mm) n=[361, 361, 228, 228, 4, 4, 1, 1, 2, 2]  tape=0.217km B=10.01T unif=9.491% hoop=100MPa
  [1207] OK     f=   0.217  a=23.5 b=28.8 gap=22.7 (face=5.4mm) n=[364, 364, 226, 226, 3, 3, 1, 1, 1, 1]  tape=0.217km B=10.02T unif=9.022% hoop=100MPa
  [1208] viol   f=   0.255  a=23.5 b=28.8 gap=22.7 (face=5.4mm) n=[363, 363, 227, 227, 2, 2, 2, 2, 2, 2]  tape=0.217km B=9.86T unif=4.970% hoop=98MPa
  [1209] OK     f=   0.216  a=23.5 b=28.8 gap=22.7 (face=5.4mm) n=[361, 361, 228, 228, 3, 3, 1, 1, 2, 2]  tape=0.216km B=10.05T unif=9.138% hoop=100MPa
  [1210] viol   f=   0.218  a=23.5 b=28.8 gap=22.7 (face=5.4mm) n=[361, 361, 228, 228, 4, 4, 2, 2, 2, 2]  tape=0.217km B=9.98T unif=8.506% hoop=99MPa
  [a=23 b=29 nt=1196] KSP converged reason: 4, iterations: 1
  [a=24 b=29 nt=1194] KSP converged reason: 4, iterations: 1
  [a=24 b=29 nt=1192] KSP converged reason: 4, iterations: 1
  [a=24 b=29 nt=1196] KSP converged reason: 4, iterations: 1
  [a=23 b=29 nt=1194] KSP converged reason: 4, iterations: 1
  [a=24 b=29 nt=1192] KSP converged reason: 4, iterations: 1
  [a=24 b=29 nt=1194] KSP converged reason: 4, iterations: 1
  [a=23 b=29 nt=1186] KSP converged reason: 4, iterations: 1
  [a=23 b=29 nt=1194] KSP converged reason: 4, iterations: 1
  [a=24 b=29 nt=1192] KSP converged reason: 4, iterations: 1
  [1211] OK     f=   0.218  a=23.5 b=28.8 gap=22.7 (face=5.3mm) n=[362, 362, 228, 228, 5, 5, 1, 1, 2, 2]  tape=0.218km B=10.02T unif=8.038% hoop=100MPa
  [1212] OK     f=   0.217  a=23.5 b=28.8 gap=22.7 (face=5.4mm) n=[363, 363, 227, 227, 3, 3, 2, 2, 2, 2]  tape=0.217km B=10.00T unif=8.777% hoop=100MPa
  [1213] OK     f=   0.217  a=23.5 b=28.8 gap=22.7 (face=5.3mm) n=[361, 361, 229, 229, 3, 3, 1, 1, 2, 2]  tape=0.217km B=10.02T unif=9.313% hoop=99MPa
  [1214] viol   f=   0.225  a=23.5 b=28.8 gap=22.7 (face=5.5mm) n=[362, 362, 228, 228, 4, 4, 1, 1, 1, 1]  tape=0.217km B=9.93T unif=6.391% hoop=99MPa
  [1215] viol   f=   0.228  a=23.5 b=28.8 gap=22.7 (face=5.4mm) n=[362, 362, 227, 227, 5, 5, 2, 2, 2, 2]  tape=0.218km B=9.93T unif=8.059% hoop=98MPa
  [1216] viol   f=   0.218  a=23.5 b=28.8 gap=22.7 (face=5.4mm) n=[362, 362, 228, 228, 4, 4, 1, 1, 2, 2]  tape=0.217km B=9.98T unif=8.318% hoop=100MPa
  [1217] viol   f=   0.889  a=23.5 b=28.8 gap=22.7 (face=5.3mm) n=[362, 362, 228, 228, 3, 3, 2, 2, 2, 2]  tape=0.217km B=9.42T unif=7.065% hoop=400MPa
  [1218] viol   f=   0.233  a=23.5 b=28.8 gap=22.7 (face=5.5mm) n=[363, 363, 226, 226, 2, 2, 1, 1, 1, 1]  tape=0.215km B=9.91T unif=7.414% hoop=99MPa
  [1219] viol   f=   0.218  a=23.5 b=28.8 gap=22.7 (face=5.4mm) n=[362, 362, 228, 228, 4, 4, 1, 1, 2, 2]  tape=0.217km B=9.98T unif=8.441% hoop=99MPa
  [1220] OK     f=   0.217  a=23.5 b=28.8 gap=22.7 (face=5.5mm) n=[363, 363, 226, 226, 4, 4, 1, 1, 2, 2]  tape=0.217km B=10.02T unif=8.521% hoop=100MPa
  [a=24 b=29 nt=1196] KSP converged reason: 4, iterations: 1
  [a=24 b=29 nt=1194] KSP converged reason: 4, iterations: 1
  [a=23 b=29 nt=1194] KSP converged reason: 4, iterations: 1
  [a=24 b=29 nt=1196] KSP converged reason: 4, iterations: 1
  [a=24 b=29 nt=1192] KSP converged reason: 4, iterations: 1
  [a=24 b=29 nt=1184] KSP converged reason: 4, iterations: 1
  [a=23 b=29 nt=1192] KSP converged reason: 4, iterations: 1
  [a=24 b=29 nt=1192] KSP converged reason: 4, iterations: 1
  [a=24 b=29 nt=1192] KSP converged reason: 4, iterations: 1
  [a=24 b=29 nt=1192] KSP converged reason: 4, iterations: 1
  [1221] viol   f=   0.222  a=23.5 b=28.8 gap=22.7 (face=5.3mm) n=[361, 361, 228, 228, 4, 4, 2, 2, 2, 2]  tape=0.217km B=9.95T unif=7.240% hoop=99MPa
  [1222] viol   f=   0.218  a=23.5 b=28.7 gap=22.7 (face=5.4mm) n=[363, 363, 226, 226, 6, 6, 1, 1, 2, 2]  tape=0.218km B=10.00T unif=8.505% hoop=100MPa
  [1223] OK     f=   0.218  a=23.5 b=28.8 gap=22.7 (face=5.4mm) n=[363, 363, 227, 227, 4, 4, 2, 2, 2, 2]  tape=0.218km B=10.01T unif=9.394% hoop=99MPa
  [1224] OK     f=   0.217  a=23.5 b=28.8 gap=22.7 (face=5.4mm) n=[362, 362, 227, 227, 4, 4, 1, 1, 2, 2]  tape=0.217km B=10.04T unif=8.131% hoop=100MPa
  [1225] viol   f=   0.225  a=23.5 b=28.8 gap=22.7 (face=5.4mm) n=[362, 362, 228, 228, 3, 3, 2, 2, 2, 2]  tape=0.217km B=9.94T unif=6.366% hoop=99MPa
  [1226] viol   f=   0.283  a=23.5 b=28.8 gap=22.7 (face=5.4mm) n=[361, 361, 227, 227, 2, 2, 1, 1, 1, 1]  tape=0.215km B=9.82T unif=6.280% hoop=100MPa
  [1227] viol   f=   0.261  a=23.5 b=28.8 gap=22.7 (face=5.4mm) n=[363, 363, 227, 227, 2, 2, 2, 2, 2, 2]  tape=0.217km B=9.85T unif=5.011% hoop=98MPa
  [1228] viol   f=   0.219  a=23.5 b=28.8 gap=22.7 (face=5.4mm) n=[360, 360, 229, 229, 3, 3, 2, 2, 2, 2]  tape=0.217km B=9.97T unif=8.798% hoop=99MPa
  [1229] OK     f=   0.217  a=23.5 b=28.8 gap=22.7 (face=5.4mm) n=[361, 361, 228, 228, 4, 4, 1, 1, 2, 2]  tape=0.217km B=10.04T unif=9.246% hoop=99MPa
  [1230] viol   f=   0.218  a=23.5 b=28.8 gap=22.7 (face=5.4mm) n=[361, 361, 228, 228, 3, 3, 2, 2, 2, 2]  tape=0.217km B=9.97T unif=9.369% hoop=99MPa
  [a=23 b=29 nt=1196] KSP converged reason: 4, iterations: 1
  [a=24 b=29 nt=1192] KSP converged reason: 4, iterations: 1
  [a=24 b=29 nt=1194] KSP converged reason: 4, iterations: 1
  [a=24 b=29 nt=1196] KSP converged reason: 4, iterations: 1
  [a=24 b=29 nt=1198] KSP converged reason: 4, iterations: 1
  [a=23 b=29 nt=1188] KSP converged reason: 4, iterations: 1
  [a=24 b=29 nt=1186] KSP converged reason: 4, iterations: 1
  [a=24 b=29 nt=1194] KSP converged reason: 4, iterations: 1
  [a=24 b=29 nt=1194] KSP converged reason: 4, iterations: 1
  [a=23 b=29 nt=1192] KSP converged reason: 4, iterations: 1
  [1231] viol   f=   0.218  a=23.5 b=28.8 gap=22.7 (face=5.4mm) n=[363, 363, 227, 227, 3, 3, 2, 2, 2, 2]  tape=0.217km B=9.98T unif=8.906% hoop=100MPa
  [1232] OK     f=   0.218  a=23.5 b=28.8 gap=22.7 (face=5.4mm) n=[363, 363, 227, 227, 6, 6, 1, 1, 2, 2]  tape=0.218km B=10.02T unif=6.866% hoop=100MPa
  [1233] OK     f=   0.218  a=23.5 b=28.8 gap=22.7 (face=5.4mm) n=[361, 361, 227, 227, 5, 5, 3, 3, 2, 2]  tape=0.218km B=10.02T unif=9.630% hoop=100MPa
  [1234] OK     f=   0.217  a=23.5 b=28.8 gap=22.7 (face=5.4mm) n=[363, 363, 226, 226, 4, 4, 1, 1, 2, 2]  tape=0.217km B=10.03T unif=8.732% hoop=100MPa
  [1235] OK     f=   0.218  a=23.5 b=28.8 gap=22.7 (face=5.5mm) n=[363, 363, 227, 227, 4, 4, 2, 2, 2, 2]  tape=0.218km B=10.00T unif=9.579% hoop=99MPa
  [1236] viol   f=   0.236  a=23.5 b=28.8 gap=22.7 (face=5.4mm) n=[361, 361, 227, 227, 4, 4, 1, 1, 1, 1]  tape=0.216km B=9.90T unif=8.053% hoop=99MPa
  [1237] viol   f=   0.220  a=23.5 b=28.8 gap=22.7 (face=5.3mm) n=[360, 360, 227, 227, 4, 4, 1, 1, 1, 1]  tape=0.215km B=9.95T unif=9.112% hoop=99MPa
  [1238] viol   f=   0.218  a=23.5 b=28.8 gap=22.7 (face=5.4mm) n=[363, 363, 226, 226, 5, 5, 2, 2, 1, 1]  tape=0.217km B=9.98T unif=6.905% hoop=100MPa
  [1239] viol   f=   0.248  a=23.5 b=28.8 gap=22.7 (face=5.4mm) n=[360, 360, 229, 229, 4, 4, 2, 2, 2, 2]  tape=0.217km B=9.88T unif=5.750% hoop=101MPa
  [1240] OK     f=   0.217  a=23.5 b=28.8 gap=22.7 (face=5.4mm) n=[361, 361, 228, 228, 4, 4, 1, 1, 2, 2]  tape=0.217km B=10.04T unif=9.513% hoop=100MPa
  [a=24 b=29 nt=1196] KSP converged reason: 4, iterations: 1
  [a=24 b=29 nt=1194] KSP converged reason: 4, iterations: 1
  [a=23 b=29 nt=1194] KSP converged reason: 4, iterations: 1
  [a=24 b=29 nt=1192] KSP converged reason: 4, iterations: 1
  [a=24 b=29 nt=1196] KSP converged reason: 4, iterations: 1
  [a=24 b=29 nt=1192] KSP converged reason: 4, iterations: 1
  [a=23 b=29 nt=1190] KSP converged reason: 4, iterations: 1
  [a=23 b=29 nt=1196] KSP converged reason: 4, iterations: 1
  [a=24 b=29 nt=1192] KSP converged reason: 4, iterations: 1
  [a=24 b=29 nt=1194] KSP converged reason: 4, iterations: 1
  [1241] OK     f=   0.218  a=23.5 b=28.8 gap=22.8 (face=5.5mm) n=[361, 361, 227, 227, 5, 5, 3, 3, 2, 2]  tape=0.218km B=10.04T unif=9.715% hoop=100MPa
  [1242] OK     f=   0.218  a=23.5 b=28.8 gap=22.7 (face=5.3mm) n=[364, 364, 225, 225, 5, 5, 1, 1, 2, 2]  tape=0.218km B=10.02T unif=9.479% hoop=99MPa
  [1243] viol   f=   0.220  a=23.5 b=28.8 gap=22.7 (face=5.4mm) n=[362, 362, 227, 227, 4, 4, 1, 1, 2, 2]  tape=0.217km B=9.96T unif=8.917% hoop=100MPa
  [1244] OK     f=   0.218  a=23.5 b=28.8 gap=22.7 (face=5.4mm) n=[363, 363, 227, 227, 4, 4, 1, 1, 3, 3]  tape=0.218km B=10.02T unif=6.871% hoop=100MPa
  [1245] OK     f=   0.217  a=23.5 b=28.8 gap=22.7 (face=5.4mm) n=[363, 363, 227, 227, 4, 4, 1, 1, 2, 2]  tape=0.217km B=10.01T unif=6.838% hoop=100MPa
  [1246] viol   f=   0.229  a=23.5 b=28.8 gap=22.7 (face=5.4mm) n=[361, 361, 227, 227, 4, 4, 2, 2, 2, 2]  tape=0.217km B=9.92T unif=8.030% hoop=99MPa
  [1247] OK     f=   0.217  a=23.5 b=28.8 gap=22.7 (face=5.4mm) n=[362, 362, 226, 226, 4, 4, 1, 1, 2, 2]  tape=0.217km B=10.01T unif=7.744% hoop=99MPa
  [1248] viol   f=   0.225  a=23.5 b=28.8 gap=22.7 (face=5.4mm) n=[361, 361, 229, 229, 4, 4, 1, 1, 3, 3]  tape=0.218km B=9.94T unif=7.434% hoop=100MPa
  [1249] viol   f=   0.222  a=23.5 b=28.8 gap=22.7 (face=5.4mm) n=[363, 363, 227, 227, 3, 3, 1, 1, 2, 2]  tape=0.217km B=9.95T unif=7.552% hoop=100MPa
  [1250] viol   f=   0.225  a=23.5 b=28.8 gap=22.7 (face=5.4mm) n=[362, 362, 227, 227, 4, 4, 2, 2, 2, 2]  tape=0.217km B=9.94T unif=4.973% hoop=99MPa
  [a=24 b=29 nt=1198] KSP converged reason: 4, iterations: 1
  [a=23 b=29 nt=1194] KSP converged reason: 4, iterations: 1
  [a=23 b=29 nt=1196] KSP converged reason: 4, iterations: 1
  [a=24 b=29 nt=1194] KSP converged reason: 4, iterations: 1
  [a=23 b=29 nt=1194] KSP converged reason: 4, iterations: 1
  [a=24 b=29 nt=1190] KSP converged reason: 4, iterations: 1
  [a=23 b=29 nt=1192] KSP converged reason: 4, iterations: 1
  [a=23 b=29 nt=1192] KSP converged reason: 4, iterations: 1
  [a=23 b=29 nt=1194] KSP converged reason: 4, iterations: 1
  [a=23 b=29 nt=1192] KSP converged reason: 4, iterations: 1
  [1251] OK     f=   0.218  a=23.5 b=28.8 gap=22.7 (face=5.4mm) n=[363, 363, 226, 226, 4, 4, 1, 1, 3, 3]  tape=0.218km B=10.00T unif=7.009% hoop=100MPa
  [1252] OK     f=   0.218  a=23.5 b=28.8 gap=22.7 (face=5.4mm) n=[363, 363, 226, 226, 4, 4, 3, 3, 2, 2]  tape=0.218km B=10.08T unif=9.807% hoop=99MPa
  [1253] viol   f=   0.219  a=23.5 b=28.8 gap=22.7 (face=5.5mm) n=[361, 361, 228, 228, 3, 3, 3, 3, 2, 2]  tape=0.217km B=9.97T unif=8.567% hoop=99MPa
  [1254] OK     f=   0.219  a=23.5 b=28.8 gap=22.7 (face=5.3mm) n=[363, 363, 226, 226, 6, 6, 1, 1, 3, 3]  tape=0.219km B=10.00T unif=6.970% hoop=100MPa
  [1255] viol   f=   0.220  a=23.5 b=28.8 gap=22.7 (face=5.5mm) n=[362, 362, 227, 227, 3, 3, 2, 2, 1, 1]  tape=0.216km B=9.96T unif=8.582% hoop=99MPa
  [1256] viol   f=   0.224  a=23.5 b=28.8 gap=22.7 (face=5.4mm) n=[362, 362, 228, 228, 3, 3, 2, 2, 2, 2]  tape=0.217km B=9.94T unif=8.384% hoop=99MPa
  [1257] viol   f=   0.218  a=23.5 b=28.8 gap=22.7 (face=5.5mm) n=[362, 362, 227, 227, 4, 4, 2, 2, 1, 1]  tape=0.217km B=9.98T unif=8.572% hoop=99MPa
  [1258] viol   f=   0.217  a=23.5 b=28.8 gap=22.7 (face=5.4mm) n=[361, 361, 227, 227, 5, 5, 1, 1, 2, 2]  tape=0.217km B=10.00T unif=9.442% hoop=100MPa
  [1259] OK     f=   0.217  a=23.5 b=28.8 gap=22.7 (face=5.5mm) n=[362, 362, 227, 227, 5, 5, 1, 1, 2, 2]  tape=0.217km B=10.03T unif=8.633% hoop=100MPa
  [1260] OK     f=   0.217  a=23.5 b=28.8 gap=22.7 (face=5.4mm) n=[364, 364, 225, 225, 4, 4, 1, 1, 2, 2]  tape=0.217km B=10.01T unif=9.555% hoop=99MPa
  [a=23 b=29 nt=1192] KSP converged reason: 4, iterations: 1
  [a=23 b=29 nt=1194] KSP converged reason: 4, iterations: 1
  [a=23 b=29 nt=1192] KSP converged reason: 4, iterations: 1
  [a=24 b=29 nt=1194] KSP converged reason: 4, iterations: 1
  [a=23 b=29 nt=1194] KSP converged reason: 4, iterations: 1
  [a=24 b=29 nt=1194] KSP converged reason: 4, iterations: 1
  [a=23 b=29 nt=1198] KSP converged reason: 4, iterations: 1
  [a=23 b=29 nt=1196] KSP converged reason: 4, iterations: 1
  [a=23 b=29 nt=1194] KSP converged reason: 4, iterations: 1
  [a=23 b=29 nt=1196] KSP converged reason: 4, iterations: 1
  [1261] OK     f=   0.217  a=23.5 b=28.8 gap=22.7 (face=5.4mm) n=[362, 362, 225, 225, 6, 6, 1, 1, 2, 2]  tape=0.217km B=10.04T unif=8.389% hoop=99MPa
  [1262] viol   f=   0.261  a=23.5 b=28.8 gap=22.7 (face=5.3mm) n=[361, 361, 228, 228, 4, 4, 2, 2, 2, 2]  tape=0.217km B=9.85T unif=5.899% hoop=100MPa
  [1263] OK     f=   0.218  a=23.5 b=28.8 gap=22.7 (face=5.4mm) n=[363, 363, 226, 226, 5, 5, 2, 2, 1, 1]  tape=0.218km B=10.08T unif=8.471% hoop=100MPa
  [1264] viol   f=   0.224  a=23.5 b=28.8 gap=22.7 (face=5.4mm) n=[361, 361, 226, 226, 5, 5, 3, 3, 2, 2]  tape=0.218km B=9.94T unif=7.626% hoop=100MPa
  [1265] OK     f=   0.217  a=23.5 b=28.8 gap=22.7 (face=5.3mm) n=[362, 362, 226, 226, 4, 4, 2, 2, 3, 3]  tape=0.217km B=10.06T unif=8.324% hoop=100MPa
  [1266] viol   f=   0.220  a=23.5 b=28.8 gap=22.6 (face=5.3mm) n=[361, 361, 226, 226, 4, 4, 2, 2, 3, 3]  tape=0.217km B=9.96T unif=7.544% hoop=101MPa
  [1267] viol   f=   0.218  a=23.5 b=28.8 gap=22.7 (face=5.4mm) n=[363, 363, 227, 227, 5, 5, 2, 2, 2, 2]  tape=0.218km B=10.00T unif=9.317% hoop=99MPa
  [1268] OK     f=   0.218  a=23.5 b=28.7 gap=22.7 (face=5.5mm) n=[362, 362, 226, 226, 7, 7, 1, 1, 2, 2]  tape=0.218km B=10.05T unif=8.700% hoop=100MPa
  [1269] OK     f=   0.218  a=23.5 b=28.8 gap=22.7 (face=5.3mm) n=[363, 363, 226, 226, 5, 5, 1, 1, 2, 2]  tape=0.218km B=10.06T unif=8.928% hoop=100MPa
  [1270] OK     f=   0.218  a=23.5 b=28.8 gap=22.7 (face=5.4mm) n=[362, 362, 227, 227, 4, 4, 3, 3, 2, 2]  tape=0.218km B=10.00T unif=8.843% hoop=100MPa
  [a=23 b=29 nt=1200] KSP converged reason: 4, iterations: 1
  [a=23 b=29 nt=1194] KSP converged reason: 4, iterations: 1
  [a=24 b=29 nt=1192] KSP converged reason: 4, iterations: 1
  [a=23 b=29 nt=1192] KSP converged reason: 4, iterations: 1
  [a=23 b=29 nt=1190] KSP converged reason: 4, iterations: 1
  [a=23 b=29 nt=1194] KSP converged reason: 4, iterations: 1
  [a=23 b=29 nt=1196] KSP converged reason: 4, iterations: 1
  [a=23 b=29 nt=1190] KSP converged reason: 4, iterations: 1
  [a=23 b=29 nt=1194] KSP converged reason: 4, iterations: 1
  [a=23 b=29 nt=1192] KSP converged reason: 4, iterations: 1
  [1271] viol   f=   0.222  a=23.5 b=28.8 gap=22.7 (face=5.3mm) n=[364, 364, 225, 225, 4, 4, 2, 2, 2, 2]  tape=0.218km B=9.95T unif=6.567% hoop=100MPa
  [1272] OK     f=   0.217  a=23.5 b=28.8 gap=22.7 (face=5.4mm) n=[363, 363, 226, 226, 4, 4, 1, 1, 3, 3]  tape=0.217km B=10.09T unif=9.343% hoop=100MPa
  [1273] OK     f=   0.217  a=23.5 b=28.8 gap=22.7 (face=5.4mm) n=[362, 362, 225, 225, 5, 5, 1, 1, 2, 2]  tape=0.217km B=10.07T unif=9.009% hoop=100MPa
  [1274] viol   f=   0.219  a=23.5 b=28.8 gap=22.7 (face=5.3mm) n=[365, 365, 224, 224, 5, 5, 3, 3, 3, 3]  tape=0.219km B=9.99T unif=7.854% hoop=100MPa
  [1275] viol   f=   0.221  a=23.5 b=28.8 gap=22.7 (face=5.4mm) n=[363, 363, 225, 225, 5, 5, 2, 2, 1, 1]  tape=0.217km B=9.96T unif=6.854% hoop=99MPa
  [1276] viol   f=   0.231  a=23.5 b=28.7 gap=22.8 (face=5.5mm) n=[361, 361, 226, 226, 5, 5, 2, 2, 2, 2]  tape=0.217km B=9.92T unif=6.854% hoop=101MPa
  [1277] viol   f=   0.225  a=23.5 b=28.8 gap=22.7 (face=5.4mm) n=[363, 363, 225, 225, 6, 6, 2, 2, 2, 2]  tape=0.218km B=9.94T unif=8.146% hoop=98MPa
  [1278] OK     f=   0.216  a=23.5 b=28.8 gap=22.7 (face=5.4mm) n=[362, 362, 226, 226, 4, 4, 1, 1, 2, 2]  tape=0.216km B=10.05T unif=8.449% hoop=100MPa
  [1279] viol   f=   0.230  a=23.5 b=28.8 gap=22.7 (face=5.4mm) n=[363, 363, 225, 225, 5, 5, 2, 2, 2, 2]  tape=0.217km B=9.92T unif=7.242% hoop=98MPa
  [1280] viol   f=   0.224  a=23.5 b=28.8 gap=22.7 (face=5.4mm) n=[362, 362, 226, 226, 4, 4, 2, 2, 2, 2]  tape=0.217km B=9.94T unif=9.204% hoop=98MPa
  [a=23 b=29 nt=1192] KSP converged reason: 4, iterations: 1
  [a=23 b=29 nt=1192] KSP converged reason: 4, iterations: 1
  [a=23 b=29 nt=1190] KSP converged reason: 4, iterations: 1
  [a=23 b=29 nt=1192] KSP converged reason: 4, iterations: 1
  [a=23 b=29 nt=1192] KSP converged reason: 4, iterations: 1
  [a=23 b=29 nt=1196] KSP converged reason: 4, iterations: 1
  [a=23 b=29 nt=1196] KSP converged reason: 4, iterations: 1
  [a=23 b=29 nt=1194] KSP converged reason: 4, iterations: 1
  [a=23 b=29 nt=1188] KSP converged reason: 4, iterations: 1
  [a=23 b=29 nt=1196] KSP converged reason: 4, iterations: 1
  [1281] viol   f=   0.247  a=23.5 b=28.8 gap=22.7 (face=5.4mm) n=[363, 363, 225, 225, 3, 3, 2, 2, 2, 2]  tape=0.217km B=9.88T unif=6.227% hoop=99MPa
  [1282] OK     f=   0.217  a=23.5 b=28.8 gap=22.7 (face=5.4mm) n=[363, 363, 225, 225, 4, 4, 1, 1, 3, 3]  tape=0.217km B=10.01T unif=9.457% hoop=99MPa
  [1283] viol   f=   0.218  a=23.5 b=28.7 gap=22.7 (face=5.5mm) n=[361, 361, 227, 227, 6, 6, 1, 1, 3, 3]  tape=0.218km B=10.00T unif=7.855% hoop=100MPa
  [1284] viol   f=   0.217  a=23.5 b=28.8 gap=22.7 (face=5.4mm) n=[362, 362, 227, 227, 4, 4, 1, 1, 2, 2]  tape=0.217km B=10.00T unif=8.007% hoop=99MPa
  [1285] viol   f=   0.217  a=23.5 b=28.8 gap=22.7 (face=5.5mm) n=[363, 363, 226, 226, 3, 3, 2, 2, 2, 2]  tape=0.217km B=9.99T unif=8.105% hoop=99MPa
  [1286] viol   f=   0.230  a=23.5 b=28.8 gap=22.7 (face=5.4mm) n=[361, 361, 227, 227, 4, 4, 1, 1, 3, 3]  tape=0.217km B=9.92T unif=7.646% hoop=101MPa
  [1287] OK     f=   0.218  a=23.5 b=28.8 gap=22.8 (face=5.6mm) n=[364, 364, 225, 225, 6, 6, 2, 2, 1, 1]  tape=0.218km B=10.08T unif=9.558% hoop=99MPa
  [1288] OK     f=   0.217  a=23.5 b=28.8 gap=22.7 (face=5.5mm) n=[363, 363, 226, 226, 5, 5, 1, 1, 2, 2]  tape=0.217km B=10.06T unif=9.473% hoop=99MPa
  [1289] viol   f=   0.222  a=23.5 b=28.8 gap=22.7 (face=5.4mm) n=[361, 361, 227, 227, 3, 3, 2, 2, 1, 1]  tape=0.216km B=9.94T unif=8.171% hoop=100MPa
  [1290] viol   f=   0.238  a=23.5 b=28.8 gap=22.7 (face=5.3mm) n=[361, 361, 226, 226, 5, 5, 3, 3, 3, 3]  tape=0.218km B=9.90T unif=5.012% hoop=100MPa
  [a=23 b=29 nt=1196] KSP converged reason: 4, iterations: 1
  [a=23 b=29 nt=1198] KSP converged reason: 4, iterations: 1
  [a=24 b=29 nt=1196] KSP converged reason: 4, iterations: 1
  [a=24 b=29 nt=1198] KSP converged reason: 4, iterations: 1
  [a=23 b=29 nt=1194] KSP converged reason: 4, iterations: 1
  [a=23 b=29 nt=1198] KSP converged reason: 4, iterations: 1
  [a=23 b=29 nt=1190] KSP converged reason: 4, iterations: 1
  [a=23 b=29 nt=1196] KSP converged reason: 4, iterations: 1
  [a=23 b=29 nt=1192] KSP converged reason: 4, iterations: 1
  [a=23 b=29 nt=1194] KSP converged reason: 4, iterations: 1
  [1291] OK     f=   0.218  a=23.5 b=28.8 gap=22.7 (face=5.4mm) n=[365, 365, 226, 226, 4, 4, 1, 1, 3, 3]  tape=0.218km B=10.06T unif=8.840% hoop=99MPa
  [1292] viol   f=   0.218  a=23.5 b=28.7 gap=22.8 (face=5.5mm) n=[363, 363, 227, 227, 4, 4, 2, 2, 2, 2]  tape=0.218km B=9.98T unif=8.142% hoop=98MPa
  [1293] OK     f=   0.218  a=23.5 b=28.8 gap=22.7 (face=5.4mm) n=[363, 363, 226, 226, 4, 4, 2, 2, 3, 3]  tape=0.218km B=10.05T unif=9.901% hoop=99MPa
  [1294] viol   f=   0.231  a=23.5 b=28.8 gap=22.8 (face=5.5mm) n=[365, 365, 225, 225, 5, 5, 2, 2, 2, 2]  tape=0.219km B=9.92T unif=7.659% hoop=98MPa
  [1295] OK     f=   0.217  a=23.5 b=28.8 gap=22.7 (face=5.5mm) n=[362, 362, 227, 227, 4, 4, 1, 1, 3, 3]  tape=0.217km B=10.06T unif=8.323% hoop=100MPa
  [1296] OK     f=   0.218  a=23.5 b=28.8 gap=22.8 (face=5.5mm) n=[362, 362, 228, 228, 4, 4, 3, 3, 2, 2]  tape=0.218km B=10.03T unif=8.377% hoop=100MPa
  [1297] viol   f=   0.217  a=23.5 b=28.8 gap=22.7 (face=5.4mm) n=[360, 360, 227, 227, 3, 3, 2, 2, 3, 3]  tape=0.217km B=10.00T unif=9.769% hoop=99MPa
  [1298] OK     f=   0.217  a=23.5 b=28.8 gap=22.7 (face=5.4mm) n=[362, 362, 227, 227, 4, 4, 1, 1, 3, 3]  tape=0.217km B=10.04T unif=7.898% hoop=100MPa
  [1299] OK     f=   0.217  a=23.5 b=28.8 gap=22.6 (face=5.3mm) n=[362, 362, 226, 226, 3, 3, 2, 2, 3, 3]  tape=0.217km B=10.01T unif=7.700% hoop=99MPa
  [1300] OK     f=   0.218  a=23.5 b=28.8 gap=22.7 (face=5.4mm) n=[362, 362, 226, 226, 4, 4, 3, 3, 3, 3]  tape=0.218km B=10.01T unif=9.804% hoop=99MPa
  [a=23 b=29 nt=1192] KSP converged reason: 4, iterations: 1
  [a=23 b=29 nt=1192] KSP converged reason: 4, iterations: 1
  [a=23 b=29 nt=1192] KSP converged reason: 4, iterations: 1
  [a=23 b=29 nt=1194] KSP converged reason: 4, iterations: 1
  [a=23 b=29 nt=1194] KSP converged reason: 4, iterations: 1
  [a=23 b=29 nt=1190] KSP converged reason: 4, iterations: 1
  [a=23 b=29 nt=1190] KSP converged reason: 4, iterations: 1
  [a=23 b=29 nt=1198] KSP converged reason: 4, iterations: 1
  [a=23 b=29 nt=1198] KSP converged reason: 4, iterations: 1
  [a=23 b=29 nt=1188] KSP converged reason: 4, iterations: 1
  [1301] viol   f=   0.228  a=23.5 b=28.8 gap=22.7 (face=5.4mm) n=[362, 362, 227, 227, 3, 3, 2, 2, 2, 2]  tape=0.217km B=9.92T unif=8.496% hoop=98MPa
  [1302] OK     f=   0.217  a=23.5 b=28.8 gap=22.7 (face=5.4mm) n=[362, 362, 227, 227, 3, 3, 1, 1, 3, 3]  tape=0.217km B=10.04T unif=8.723% hoop=100MPa
  [1303] OK     f=   0.217  a=23.5 b=28.8 gap=22.7 (face=5.4mm) n=[361, 361, 228, 228, 2, 2, 1, 1, 5, 5]  tape=0.217km B=10.02T unif=7.829% hoop=99MPa
  [1304] OK     f=   0.216  a=23.5 b=28.8 gap=22.7 (face=5.4mm) n=[361, 361, 227, 227, 3, 3, 1, 1, 3, 3]  tape=0.216km B=10.00T unif=9.057% hoop=100MPa
  [1305] viol   f=   0.228  a=23.5 b=28.8 gap=22.7 (face=5.3mm) n=[362, 362, 226, 226, 2, 2, 3, 3, 3, 3]  tape=0.217km B=9.93T unif=9.086% hoop=98MPa
  [1306] OK     f=   0.217  a=23.5 b=28.8 gap=22.7 (face=5.4mm) n=[362, 362, 226, 226, 4, 4, 2, 2, 3, 3]  tape=0.217km B=10.02T unif=7.748% hoop=99MPa
  [1307] viol   f=   0.235  a=23.5 b=28.9 gap=22.7 (face=5.3mm) n=[363, 363, 224, 224, 4, 4, 2, 2, 2, 2]  tape=0.217km B=9.91T unif=8.252% hoop=99MPa
  [1308] OK     f=   0.218  a=23.5 b=28.8 gap=22.7 (face=5.4mm) n=[362, 362, 226, 226, 5, 5, 2, 2, 4, 4]  tape=0.218km B=10.05T unif=8.563% hoop=100MPa
  [1309] viol   f=   0.218  a=23.5 b=28.7 gap=22.7 (face=5.4mm) n=[362, 362, 226, 226, 5, 5, 2, 2, 4, 4]  tape=0.218km B=10.00T unif=8.860% hoop=100MPa
  [1310] viol   f=   0.217  a=23.5 b=28.8 gap=22.7 (face=5.3mm) n=[360, 360, 225, 225, 5, 5, 1, 1, 3, 3]  tape=0.216km B=9.99T unif=9.064% hoop=99MPa
  [a=23 b=29 nt=1190] KSP converged reason: 4, iterations: 1
  [a=23 b=29 nt=1192] KSP converged reason: 4, iterations: 1
  [a=23 b=29 nt=1192] KSP converged reason: 4, iterations: 1
  [a=23 b=29 nt=1188] KSP converged reason: 4, iterations: 1
  [a=23 b=29 nt=1186] KSP converged reason: 4, iterations: 1
  [a=23 b=29 nt=1192] KSP converged reason: 4, iterations: 1
  [a=23 b=29 nt=1188] KSP converged reason: 4, iterations: 1
  [a=23 b=29 nt=1194] KSP converged reason: 4, iterations: 1
  [a=23 b=29 nt=1192] KSP converged reason: 4, iterations: 1
  [a=23 b=29 nt=1194] KSP converged reason: 4, iterations: 1
  [1311] viol   f=   0.268  a=23.4 b=28.8 gap=22.7 (face=5.3mm) n=[361, 361, 227, 227, 2, 2, 2, 2, 3, 3]  tape=0.216km B=9.84T unif=4.493% hoop=99MPa
  [1312] viol   f=   0.218  a=23.5 b=28.8 gap=22.7 (face=5.4mm) n=[362, 362, 226, 226, 4, 4, 1, 1, 3, 3]  tape=0.217km B=9.98T unif=6.310% hoop=99MPa
  [1313] viol   f=   0.223  a=23.4 b=28.8 gap=22.7 (face=5.4mm) n=[362, 362, 224, 224, 4, 4, 2, 2, 4, 4]  tape=0.217km B=9.95T unif=8.944% hoop=99MPa
  [1314] viol   f=   0.244  a=23.5 b=28.8 gap=22.7 (face=5.4mm) n=[359, 359, 227, 227, 3, 3, 3, 3, 4, 4]  tape=0.217km B=9.88T unif=7.064% hoop=99MPa
  [1315] OK     f=   0.216  a=23.5 b=28.8 gap=22.7 (face=5.4mm) n=[362, 362, 225, 225, 3, 3, 1, 1, 2, 2]  tape=0.216km B=10.03T unif=9.234% hoop=100MPa
  [1316] viol   f=   0.224  a=23.4 b=28.8 gap=22.7 (face=5.5mm) n=[360, 360, 227, 227, 2, 2, 2, 2, 3, 3]  tape=0.216km B=9.94T unif=8.706% hoop=99MPa
  [1317] viol   f=   0.230  a=23.4 b=28.8 gap=22.7 (face=5.5mm) n=[360, 360, 226, 226, 3, 3, 3, 3, 2, 2]  tape=0.216km B=9.92T unif=8.119% hoop=99MPa
  [1318] OK     f=   0.217  a=23.5 b=28.8 gap=22.7 (face=5.5mm) n=[360, 360, 229, 229, 3, 3, 2, 2, 3, 3]  tape=0.217km B=10.09T unif=10.061% hoop=100MPa
  [1319] viol   f=   0.220  a=23.5 b=28.8 gap=22.7 (face=5.4mm) n=[361, 361, 227, 227, 3, 3, 1, 1, 4, 4]  tape=0.217km B=9.96T unif=7.418% hoop=99MPa
  [1320] OK     f=   0.217  a=23.4 b=28.8 gap=22.7 (face=5.5mm) n=[361, 361, 226, 226, 5, 5, 2, 2, 3, 3]  tape=0.217km B=10.01T unif=8.949% hoop=99MPa
  [a=23 b=29 nt=1198] KSP converged reason: 4, iterations: 1
  [a=23 b=29 nt=1194] KSP converged reason: 4, iterations: 1
  [a=23 b=29 nt=1188] KSP converged reason: 4, iterations: 1
  [a=23 b=29 nt=1196] KSP converged reason: 4, iterations: 1
  [a=23 b=29 nt=1190] KSP converged reason: 4, iterations: 1
  [a=23 b=29 nt=1186] KSP converged reason: 4, iterations: 1
  [a=23 b=29 nt=1194] KSP converged reason: 4, iterations: 1
  [a=23 b=29 nt=1188] KSP converged reason: 4, iterations: 1
  [a=23 b=29 nt=1198] KSP converged reason: 4, iterations: 1
  [a=23 b=29 nt=1200] KSP converged reason: 4, iterations: 1
  [1321] viol   f=   0.218  a=23.5 b=28.7 gap=22.8 (face=5.6mm) n=[360, 360, 228, 228, 2, 2, 3, 3, 2, 2]  tape=0.216km B=9.97T unif=9.213% hoop=99MPa
  [1322] OK     f=   0.218  a=23.4 b=28.8 gap=22.7 (face=5.5mm) n=[362, 362, 226, 226, 5, 5, 2, 2, 3, 3]  tape=0.218km B=10.01T unif=7.123% hoop=100MPa
  [1323] OK     f=   0.217  a=23.5 b=28.7 gap=22.7 (face=5.4mm) n=[362, 362, 225, 225, 5, 5, 2, 2, 3, 3]  tape=0.217km B=10.09T unif=9.049% hoop=100MPa
  [1324] viol   f=   0.276  a=23.5 b=28.8 gap=22.7 (face=5.5mm) n=[361, 361, 227, 227, 2, 2, 2, 2, 2, 2]  tape=0.216km B=9.83T unif=4.964% hoop=99MPa
  [1325] OK     f=   0.215  a=23.4 b=28.8 gap=22.7 (face=5.4mm) n=[360, 360, 226, 226, 3, 3, 1, 1, 3, 3]  tape=0.215km B=10.03T unif=8.953% hoop=99MPa
  [1326] OK     f=   0.218  a=23.5 b=28.8 gap=22.7 (face=5.4mm) n=[362, 362, 225, 225, 6, 6, 2, 2, 4, 4]  tape=0.218km B=10.03T unif=9.414% hoop=100MPa
  [1327] OK     f=   0.217  a=23.5 b=28.8 gap=22.7 (face=5.4mm) n=[362, 362, 227, 227, 4, 4, 1, 1, 3, 3]  tape=0.217km B=10.09T unif=9.099% hoop=100MPa
  [1328] OK     f=   0.216  a=23.5 b=28.8 gap=22.7 (face=5.4mm) n=[360, 360, 228, 228, 3, 3, 1, 1, 2, 2]  tape=0.216km B=10.01T unif=9.178% hoop=99MPa
  [1329] OK     f=   0.218  a=23.5 b=28.8 gap=22.7 (face=5.4mm) n=[360, 360, 228, 228, 4, 4, 3, 3, 4, 4]  tape=0.218km B=10.06T unif=9.906% hoop=100MPa
  [1330] OK     f=   0.219  a=23.5 b=28.8 gap=22.7 (face=5.4mm) n=[362, 362, 227, 227, 5, 5, 2, 2, 4, 4]  tape=0.219km B=10.06T unif=8.287% hoop=100MPa
  [a=23 b=29 nt=1198] KSP converged reason: 4, iterations: 1
  [a=23 b=29 nt=1188] KSP converged reason: 4, iterations: 1
  [a=23 b=29 nt=1188] KSP converged reason: 4, iterations: 1
  [a=23 b=29 nt=1190] KSP converged reason: 4, iterations: 1
  [a=23 b=29 nt=1188] KSP converged reason: 4, iterations: 1
  [a=23 b=29 nt=1184] KSP converged reason: 4, iterations: 1
  [a=23 b=29 nt=1194] KSP converged reason: 4, iterations: 1
  [a=23 b=29 nt=1188] KSP converged reason: 4, iterations: 1
  [a=23 b=29 nt=1188] KSP converged reason: 4, iterations: 1
  [a=23 b=29 nt=1188] KSP converged reason: 4, iterations: 1
  [1331] viol   f=   0.221  a=23.5 b=28.8 gap=22.7 (face=5.4mm) n=[361, 361, 226, 226, 3, 3, 2, 2, 2, 2]  tape=0.216km B=9.95T unif=8.811% hoop=99MPa
  [1332] viol   f=   0.235  a=23.5 b=28.8 gap=22.7 (face=5.5mm) n=[358, 358, 229, 229, 2, 2, 1, 1, 2, 2]  tape=0.214km B=9.90T unif=8.176% hoop=98MPa
  [1333] OK     f=   0.218  a=23.5 b=28.8 gap=22.7 (face=5.4mm) n=[361, 361, 229, 229, 3, 3, 2, 2, 4, 4]  tape=0.218km B=10.04T unif=7.601% hoop=100MPa
  [1334] viol   f=   0.216  a=23.4 b=28.8 gap=22.7 (face=5.3mm) n=[359, 359, 228, 228, 1, 1, 2, 2, 4, 4]  tape=0.216km B=9.99T unif=8.878% hoop=99MPa
  [1335] OK     f=   0.216  a=23.5 b=28.8 gap=22.7 (face=5.4mm) n=[359, 359, 229, 229, 3, 3, 1, 1, 3, 3]  tape=0.216km B=10.01T unif=9.216% hoop=99MPa
  [1336] viol   f=   0.227  a=23.5 b=28.7 gap=22.7 (face=5.5mm) n=[360, 360, 226, 226, 4, 4, 2, 2, 2, 2]  tape=0.216km B=9.92T unif=9.589% hoop=98MPa
  [1337] OK     f=   0.217  a=23.5 b=28.8 gap=22.7 (face=5.4mm) n=[363, 363, 225, 225, 5, 5, 1, 1, 3, 3]  tape=0.217km B=10.04T unif=10.079% hoop=99MPa
  [1338] viol   f=   0.217  a=23.5 b=28.8 gap=22.7 (face=5.5mm) n=[361, 361, 227, 227, 3, 3, 1, 1, 2, 2]  tape=0.216km B=9.98T unif=7.772% hoop=99MPa
  [1339] viol   f=   0.224  a=23.4 b=28.8 gap=22.7 (face=5.4mm) n=[360, 360, 227, 227, 3, 3, 1, 1, 3, 3]  tape=0.216km B=9.94T unif=7.374% hoop=100MPa
  [1340] viol   f=   0.216  a=23.5 b=28.8 gap=22.7 (face=5.4mm) n=[363, 363, 225, 225, 3, 3, 1, 1, 2, 2]  tape=0.216km B=9.99T unif=8.965% hoop=99MPa
  [a=23 b=29 nt=1188] KSP converged reason: 4, iterations: 1
  [a=23 b=29 nt=1194] KSP converged reason: 4, iterations: 1
  [a=23 b=29 nt=1190] KSP converged reason: 4, iterations: 1
  [a=23 b=29 nt=1188] KSP converged reason: 4, iterations: 1
  [a=23 b=29 nt=1188] KSP converged reason: 4, iterations: 1
  [a=23 b=29 nt=1190] KSP converged reason: 4, iterations: 1
  [a=23 b=29 nt=1188] KSP converged reason: 4, iterations: 1
  [a=23 b=29 nt=1184] KSP converged reason: 4, iterations: 1
  [a=23 b=29 nt=1188] KSP converged reason: 4, iterations: 1
  [a=23 b=29 nt=1192] KSP converged reason: 4, iterations: 1
  [1341] OK     f=   0.216  a=23.4 b=28.8 gap=22.7 (face=5.4mm) n=[357, 357, 230, 230, 3, 3, 1, 1, 4, 4]  tape=0.216km B=10.03T unif=10.098% hoop=99MPa
  [1342] viol   f=   0.235  a=23.5 b=28.8 gap=22.7 (face=5.3mm) n=[358, 358, 228, 228, 3, 3, 1, 1, 4, 4]  tape=0.216km B=9.90T unif=8.130% hoop=98MPa
  [1343] viol   f=   0.226  a=23.4 b=28.8 gap=22.7 (face=5.3mm) n=[359, 359, 227, 227, 2, 2, 2, 2, 4, 4]  tape=0.216km B=9.93T unif=8.116% hoop=99MPa
  [1344] OK     f=   0.217  a=23.5 b=28.8 gap=22.6 (face=5.3mm) n=[360, 360, 228, 228, 2, 2, 3, 3, 4, 4]  tape=0.217km B=10.04T unif=9.521% hoop=99MPa
  [1345] viol   f=   0.217  a=23.5 b=28.8 gap=22.7 (face=5.5mm) n=[359, 359, 230, 230, 2, 2, 1, 1, 3, 3]  tape=0.216km B=9.97T unif=9.406% hoop=99MPa
  [1346] viol   f=   0.218  a=23.5 b=28.7 gap=22.7 (face=5.5mm) n=[361, 361, 226, 226, 4, 4, 1, 1, 2, 2]  tape=0.216km B=9.96T unif=7.948% hoop=99MPa
  [1347] viol   f=   0.227  a=23.4 b=28.8 gap=22.7 (face=5.4mm) n=[360, 360, 227, 227, 2, 2, 2, 2, 3, 3]  tape=0.216km B=9.92T unif=9.454% hoop=98MPa
  [1348] viol   f=   0.215  a=23.5 b=28.8 gap=22.7 (face=5.3mm) n=[357, 357, 229, 229, 1, 1, 2, 2, 3, 3]  tape=0.215km B=9.98T unif=10.191% hoop=99MPa
  [1349] viol   f=   0.235  a=23.4 b=28.8 gap=22.7 (face=5.4mm) n=[361, 361, 227, 227, 1, 1, 1, 1, 4, 4]  tape=0.216km B=9.90T unif=9.151% hoop=99MPa
  [1350] OK     f=   0.216  a=23.4 b=28.7 gap=22.7 (face=5.4mm) n=[357, 357, 229, 229, 2, 2, 3, 3, 5, 5]  tape=0.216km B=10.05T unif=10.639% hoop=100MPa
  [a=23 b=29 nt=1194] KSP converged reason: 4, iterations: 1
  [a=23 b=29 nt=1186] KSP converged reason: 4, iterations: 1
  [a=23 b=29 nt=1194] KSP converged reason: 4, iterations: 1
  [a=23 b=29 nt=1188] KSP converged reason: 4, iterations: 1
  [a=23 b=29 nt=1186] KSP converged reason: 4, iterations: 1
  [a=23 b=29 nt=1184] KSP converged reason: 4, iterations: 1
  [a=23 b=29 nt=1188] KSP converged reason: 4, iterations: 1
  [a=23 b=29 nt=1186] KSP converged reason: 4, iterations: 1
  [a=23 b=29 nt=1182] KSP converged reason: 4, iterations: 1
  [a=23 b=29 nt=1190] KSP converged reason: 4, iterations: 1
  [1351] viol   f=   0.234  a=23.5 b=28.8 gap=22.7 (face=5.4mm) n=[358, 358, 228, 228, 3, 3, 2, 2, 3, 3]  tape=0.216km B=9.91T unif=8.099% hoop=99MPa
  [1352] viol   f=   0.237  a=23.5 b=28.8 gap=22.7 (face=5.4mm) n=[358, 358, 230, 230, 2, 2, 2, 2, 5, 5]  tape=0.217km B=9.90T unif=5.884% hoop=99MPa
  [1353] viol   f=   0.216  a=23.5 b=28.8 gap=22.7 (face=5.4mm) n=[358, 358, 228, 228, 2, 2, 2, 2, 3, 3]  tape=0.215km B=9.98T unif=10.640% hoop=100MPa
  [1354] viol   f=   0.252  a=23.5 b=28.8 gap=22.7 (face=5.5mm) n=[357, 357, 231, 231, 2, 2, 1, 1, 1, 1]  tape=0.214km B=9.86T unif=5.629% hoop=99MPa
  [1355] viol   f=   0.222  a=23.4 b=28.8 gap=22.7 (face=5.4mm) n=[358, 358, 229, 229, 1, 1, 1, 1, 4, 4]  tape=0.215km B=9.94T unif=10.619% hoop=98MPa
  [1356] OK     f=   0.217  a=23.4 b=28.7 gap=22.8 (face=5.5mm) n=[359, 359, 228, 228, 3, 3, 4, 4, 3, 3]  tape=0.217km B=10.02T unif=9.880% hoop=99MPa
  [1357] viol   f=   0.216  a=23.5 b=28.8 gap=22.7 (face=5.5mm) n=[358, 358, 230, 230, 2, 2, 1, 1, 3, 3]  tape=0.215km B=9.98T unif=8.813% hoop=99MPa
  [1358] viol   f=   0.287  a=23.5 b=28.8 gap=22.7 (face=5.4mm) n=[356, 356, 229, 229, 1, 1, 1, 1, 4, 4]  tape=0.214km B=9.81T unif=6.050% hoop=98MPa
  [1359] viol   f=   0.215  a=23.4 b=28.7 gap=22.7 (face=5.4mm) n=[357, 357, 229, 229, 1, 1, 2, 2, 4, 4]  tape=0.215km B=10.00T unif=10.100% hoop=99MPa
  [1360] OK     f=   0.216  a=23.5 b=28.8 gap=22.7 (face=5.3mm) n=[357, 357, 230, 230, 3, 3, 2, 2, 3, 3]  tape=0.216km B=10.06T unif=10.737% hoop=99MPa
  [a=23 b=29 nt=1196] KSP converged reason: 4, iterations: 1
  [a=23 b=29 nt=1188] KSP converged reason: 4, iterations: 1
  [a=23 b=29 nt=1194] KSP converged reason: 4, iterations: 1
  [a=23 b=29 nt=1188] KSP converged reason: 4, iterations: 1
  [a=23 b=29 nt=1186] KSP converged reason: 4, iterations: 1
  [a=23 b=29 nt=1196] KSP converged reason: 4, iterations: 1
  [a=23 b=29 nt=1194] KSP converged reason: 4, iterations: 1
  [a=23 b=29 nt=1190] KSP converged reason: 4, iterations: 1
  [a=23 b=29 nt=1186] KSP converged reason: 4, iterations: 1
  [a=23 b=29 nt=1190] KSP converged reason: 4, iterations: 1
  [1361] viol   f=   0.215  a=23.4 b=28.8 gap=22.7 (face=5.4mm) n=[359, 359, 228, 228, 3, 3, 1, 1, 2, 2]  tape=0.215km B=10.00T unif=9.314% hoop=99MPa
  [1362] viol   f=   0.217  a=23.5 b=28.8 gap=22.7 (face=5.4mm) n=[358, 358, 228, 228, 6, 6, 3, 3, 2, 2]  tape=0.217km B=9.99T unif=9.933% hoop=99MPa
  [1363] OK     f=   0.215  a=23.5 b=28.8 gap=22.7 (face=5.4mm) n=[357, 357, 229, 229, 3, 3, 2, 2, 3, 3]  tape=0.215km B=10.03T unif=10.618% hoop=100MPa
  [1364] OK     f=   0.218  a=23.5 b=28.8 gap=22.6 (face=5.2mm) n=[359, 359, 229, 229, 1, 1, 4, 4, 5, 5]  tape=0.218km B=10.01T unif=9.920% hoop=100MPa
  [1365] viol   f=   0.242  a=23.5 b=28.8 gap=22.6 (face=5.3mm) n=[357, 357, 231, 231, 2, 2, 4, 4, 4, 4]  tape=0.217km B=9.89T unif=6.391% hoop=100MPa
  [1366] viol   f=   0.240  a=23.4 b=28.7 gap=22.7 (face=5.4mm) n=[358, 358, 228, 228, 3, 3, 2, 2, 3, 3]  tape=0.215km B=9.89T unif=8.002% hoop=98MPa
  [1367] OK     f=   0.217  a=23.5 b=28.7 gap=22.6 (face=5.3mm) n=[358, 358, 230, 230, 2, 2, 3, 3, 4, 4]  tape=0.217km B=10.02T unif=9.352% hoop=99MPa
  [1368] OK     f=   0.215  a=23.5 b=28.7 gap=22.7 (face=5.4mm) n=[356, 356, 230, 230, 2, 2, 1, 1, 4, 4]  tape=0.215km B=10.00T unif=10.158% hoop=99MPa
  [1369] viol   f=   0.224  a=23.5 b=28.8 gap=22.7 (face=5.4mm) n=[360, 360, 228, 228, 2, 2, 2, 2, 3, 3]  tape=0.216km B=9.94T unif=8.363% hoop=100MPa
  [1370] viol   f=   0.239  a=23.4 b=28.7 gap=22.8 (face=5.6mm) n=[358, 358, 228, 228, 3, 3, 3, 3, 3, 3]  tape=0.216km B=9.89T unif=6.088% hoop=100MPa
  [a=23 b=29 nt=1190] KSP converged reason: 4, iterations: 1
  [a=23 b=29 nt=1182] KSP converged reason: 4, iterations: 1
  [a=23 b=29 nt=1186] KSP converged reason: 4, iterations: 1
  [a=24 b=29 nt=1186] KSP converged reason: 4, iterations: 1
  [a=23 b=29 nt=1182] KSP converged reason: 4, iterations: 1
  [a=23 b=29 nt=1188] KSP converged reason: 4, iterations: 1
  [a=23 b=29 nt=1186] KSP converged reason: 4, iterations: 1
  [a=23 b=29 nt=1190] KSP converged reason: 4, iterations: 1
  [a=23 b=29 nt=1186] KSP converged reason: 4, iterations: 1
  [a=23 b=29 nt=1184] KSP converged reason: 4, iterations: 1
  [1371] viol   f=   0.217  a=23.4 b=28.8 gap=22.6 (face=5.2mm) n=[358, 358, 227, 227, 1, 1, 3, 3, 5, 5]  tape=0.216km B=9.98T unif=9.673% hoop=100MPa
  [1372] viol   f=   0.220  a=23.5 b=28.8 gap=22.7 (face=5.4mm) n=[356, 356, 229, 229, 3, 3, 2, 2, 1, 1]  tape=0.214km B=9.95T unif=9.744% hoop=97MPa
  [1373] viol   f=   0.249  a=23.5 b=28.8 gap=22.7 (face=5.3mm) n=[358, 358, 228, 228, 1, 1, 2, 2, 4, 4]  tape=0.215km B=9.87T unif=8.142% hoop=98MPa
  [1374] viol   f=   0.228  a=23.5 b=28.8 gap=22.6 (face=5.3mm) n=[359, 359, 229, 229, 2, 2, 1, 1, 2, 2]  tape=0.215km B=9.92T unif=8.531% hoop=98MPa
  [1375] OK     f=   0.216  a=23.5 b=28.8 gap=22.7 (face=5.4mm) n=[359, 359, 228, 228, 3, 3, 2, 2, 3, 3]  tape=0.216km B=10.03T unif=9.353% hoop=99MPa
  [1376] viol   f=   0.240  a=23.5 b=28.8 gap=22.7 (face=5.4mm) n=[355, 355, 231, 231, 1, 1, 1, 1, 3, 3]  tape=0.214km B=9.88T unif=8.139% hoop=100MPa
  [1377] viol   f=   0.231  a=23.5 b=28.7 gap=22.7 (face=5.4mm) n=[355, 355, 231, 231, 2, 2, 1, 1, 4, 4]  tape=0.215km B=9.91T unif=9.758% hoop=98MPa
  [1378] OK     f=   0.215  a=23.5 b=28.8 gap=22.7 (face=5.3mm) n=[356, 356, 228, 228, 4, 4, 3, 3, 2, 2]  tape=0.215km B=10.03T unif=9.583% hoop=98MPa
  [1379] viol   f=   0.251  a=23.4 b=28.8 gap=22.6 (face=5.3mm) n=[356, 356, 228, 228, 4, 4, 4, 4, 3, 3]  tape=0.216km B=9.87T unif=5.515% hoop=99MPa
  [1380] viol   f=   0.217  a=23.5 b=28.8 gap=22.7 (face=5.4mm) n=[357, 357, 228, 228, 3, 3, 1, 1, 3, 3]  tape=0.215km B=9.97T unif=9.886% hoop=98MPa
  [a=23 b=29 nt=1196] KSP converged reason: 4, iterations: 1
  [a=23 b=29 nt=1192] KSP converged reason: 4, iterations: 1
  [a=23 b=29 nt=1188] KSP converged reason: 4, iterations: 1
  [a=23 b=29 nt=1186] KSP converged reason: 4, iterations: 1
  [a=23 b=29 nt=1188] KSP converged reason: 4, iterations: 1
  [a=23 b=29 nt=1190] KSP converged reason: 4, iterations: 1
  [a=23 b=29 nt=1186] KSP converged reason: 4, iterations: 1
  [a=23 b=29 nt=1182] KSP converged reason: 4, iterations: 1
  [a=23 b=29 nt=1184] KSP converged reason: 4, iterations: 1
  [a=23 b=29 nt=1190] KSP converged reason: 4, iterations: 1
  [1381] viol   f=   0.218  a=23.4 b=28.7 gap=22.6 (face=5.3mm) n=[357, 357, 228, 228, 4, 4, 4, 4, 5, 5]  tape=0.218km B=9.98T unif=10.561% hoop=99MPa
  [1382] viol   f=   0.251  a=23.4 b=28.8 gap=22.6 (face=5.1mm) n=[355, 355, 229, 229, 1, 1, 6, 6, 3, 3]  tape=0.216km B=9.87T unif=8.717% hoop=98MPa
  [1383] viol   f=   0.220  a=23.4 b=28.8 gap=22.6 (face=5.2mm) n=[355, 355, 227, 227, 4, 4, 5, 5, 3, 3]  tape=0.216km B=9.96T unif=10.295% hoop=99MPa
  [1384] viol   f=   0.234  a=23.5 b=28.7 gap=22.8 (face=5.5mm) n=[358, 358, 228, 228, 4, 4, 2, 2, 3, 3]  tape=0.216km B=9.91T unif=7.920% hoop=98MPa
  [1385] viol   f=   0.221  a=23.5 b=28.8 gap=22.6 (face=5.3mm) n=[359, 359, 226, 226, 4, 4, 1, 1, 3, 3]  tape=0.216km B=9.95T unif=9.131% hoop=99MPa
  [1386] OK     f=   0.216  a=23.4 b=28.7 gap=22.7 (face=5.4mm) n=[355, 355, 230, 230, 3, 3, 3, 3, 5, 5]  tape=0.216km B=10.02T unif=9.384% hoop=99MPa
  [1387] viol   f=   0.229  a=23.5 b=28.8 gap=22.6 (face=5.3mm) n=[356, 356, 230, 230, 1, 1, 3, 3, 3, 3]  tape=0.215km B=9.92T unif=8.956% hoop=98MPa
  [1388] viol   f=   0.279  a=23.5 b=28.8 gap=22.7 (face=5.3mm) n=[356, 356, 229, 229, 2, 2, 2, 2, 2, 2]  tape=0.214km B=9.82T unif=6.245% hoop=98MPa
  [1389] viol   f=   0.221  a=23.5 b=28.8 gap=22.6 (face=5.3mm) n=[357, 357, 227, 227, 3, 3, 2, 2, 3, 3]  tape=0.215km B=9.95T unif=9.586% hoop=99MPa
  [1390] viol   f=   0.237  a=23.5 b=28.7 gap=22.8 (face=5.5mm) n=[359, 359, 226, 226, 8, 8, 1, 1, 1, 1]  tape=0.216km B=9.90T unif=7.157% hoop=98MPa
  [a=23 b=29 nt=1200] KSP converged reason: 4, iterations: 1
  [a=23 b=29 nt=1194] KSP converged reason: 4, iterations: 1
  [a=23 b=29 nt=1192] KSP converged reason: 4, iterations: 1
  [a=23 b=29 nt=1184] KSP converged reason: 4, iterations: 1
  [a=23 b=29 nt=1192] KSP converged reason: 4, iterations: 1
  [a=23 b=29 nt=1196] KSP converged reason: 4, iterations: 1
  [a=23 b=29 nt=1192] KSP converged reason: 4, iterations: 1
  [a=23 b=29 nt=1194] KSP converged reason: 4, iterations: 1
  [a=23 b=29 nt=1190] KSP converged reason: 4, iterations: 1
  [a=23 b=29 nt=1192] KSP converged reason: 4, iterations: 1
  [1391] viol   f=   0.239  a=23.4 b=28.7 gap=22.6 (face=5.3mm) n=[356, 356, 228, 228, 3, 3, 3, 3, 7, 7]  tape=0.217km B=9.89T unif=6.308% hoop=100MPa
  [1392] OK     f=   0.216  a=23.4 b=28.8 gap=22.7 (face=5.3mm) n=[356, 356, 230, 230, 2, 2, 3, 3, 5, 5]  tape=0.216km B=10.02T unif=9.856% hoop=98MPa
  [1393] viol   f=   0.229  a=23.4 b=28.7 gap=22.5 (face=5.1mm) n=[352, 352, 231, 231, 2, 2, 7, 7, 6, 6]  tape=0.217km B=9.92T unif=9.220% hoop=100MPa
  [1394] viol   f=   0.240  a=23.5 b=28.8 gap=22.7 (face=5.3mm) n=[354, 354, 229, 229, 4, 4, 2, 2, 3, 3]  tape=0.215km B=9.89T unif=8.480% hoop=99MPa
  [1395] viol   f=   0.221  a=23.4 b=28.7 gap=22.7 (face=5.3mm) n=[359, 359, 227, 227, 4, 4, 5, 5, 5, 5]  tape=0.219km B=9.97T unif=9.426% hoop=99MPa
  [1396] viol   f=   0.244  a=23.4 b=28.8 gap=22.7 (face=5.3mm) n=[356, 356, 229, 229, 1, 1, 5, 5, 5, 5]  tape=0.216km B=9.88T unif=6.929% hoop=98MPa
  [1397] viol   f=   0.270  a=23.5 b=28.8 gap=22.7 (face=5.4mm) n=[359, 359, 228, 228, 3, 3, 3, 3, 3, 3]  tape=0.217km B=9.84T unif=4.597% hoop=99MPa
  [1398] viol   f=   0.287  a=23.5 b=28.7 gap=22.6 (face=5.3mm) n=[353, 353, 232, 232, 1, 1, 6, 6, 5, 5]  tape=0.216km B=9.81T unif=6.510% hoop=98MPa
  [1399] viol   f=   0.230  a=23.4 b=28.8 gap=22.7 (face=5.3mm) n=[355, 355, 230, 230, 2, 2, 4, 4, 4, 4]  tape=0.216km B=9.92T unif=9.159% hoop=99MPa
  [1400] OK     f=   0.216  a=23.4 b=28.7 gap=22.6 (face=5.3mm) n=[355, 355, 231, 231, 1, 1, 4, 4, 5, 5]  tape=0.216km B=10.01T unif=9.738% hoop=98MPa
  [a=23 b=29 nt=1188] KSP converged reason: 4, iterations: 1
  [a=23 b=29 nt=1194] KSP converged reason: 4, iterations: 1
  [a=23 b=29 nt=1194] KSP converged reason: 4, iterations: 1
  [a=23 b=29 nt=1198] KSP converged reason: 4, iterations: 1
  [a=23 b=29 nt=1202] KSP converged reason: 4, iterations: 1
  [a=23 b=29 nt=1196] KSP converged reason: 4, iterations: 1
  [a=23 b=29 nt=1200] KSP converged reason: 4, iterations: 1
  [a=23 b=29 nt=1200] KSP converged reason: 4, iterations: 1
  [a=23 b=29 nt=1192] KSP converged reason: 4, iterations: 1
  [a=23 b=29 nt=1196] KSP converged reason: 4, iterations: 1
  [1401] viol   f=   0.237  a=23.5 b=28.7 gap=22.7 (face=5.4mm) n=[357, 357, 229, 229, 2, 2, 3, 3, 3, 3]  tape=0.215km B=9.90T unif=9.197% hoop=99MPa
  [1402] OK     f=   0.218  a=23.4 b=28.7 gap=22.7 (face=5.3mm) n=[359, 359, 230, 230, 1, 1, 6, 6, 5, 5]  tape=0.218km B=10.09T unif=9.144% hoop=100MPa
  [1403] viol   f=   0.223  a=23.5 b=28.8 gap=22.7 (face=5.3mm) n=[358, 358, 228, 228, 3, 3, 5, 5, 3, 3]  tape=0.217km B=9.95T unif=7.983% hoop=99MPa
  [1404] OK     f=   0.217  a=23.4 b=28.7 gap=22.6 (face=5.3mm) n=[356, 356, 230, 230, 3, 3, 4, 4, 6, 6]  tape=0.217km B=10.12T unif=9.816% hoop=99MPa
  [1405] viol   f=   0.217  a=23.4 b=28.7 gap=22.7 (face=5.4mm) n=[355, 355, 231, 231, 3, 3, 4, 4, 5, 5]  tape=0.217km B=9.99T unif=10.529% hoop=99MPa
  [1406] OK     f=   0.217  a=23.5 b=28.7 gap=22.6 (face=5.2mm) n=[355, 355, 230, 230, 1, 1, 6, 6, 5, 5]  tape=0.217km B=10.03T unif=9.810% hoop=99MPa
  [1407] OK     f=   0.218  a=23.4 b=28.8 gap=22.6 (face=5.2mm) n=[357, 357, 230, 230, 2, 2, 6, 6, 5, 5]  tape=0.218km B=10.05T unif=10.075% hoop=99MPa
  [1408] OK     f=   0.217  a=23.4 b=28.8 gap=22.7 (face=5.4mm) n=[357, 357, 231, 231, 2, 2, 3, 3, 5, 5]  tape=0.217km B=10.06T unif=10.720% hoop=99MPa
  [1409] OK     f=   0.218  a=23.4 b=28.7 gap=22.7 (face=5.4mm) n=[356, 356, 231, 231, 2, 2, 5, 5, 6, 6]  tape=0.218km B=10.10T unif=10.176% hoop=100MPa
  [1410] viol   f=   0.229  a=23.4 b=28.8 gap=22.7 (face=5.3mm) n=[354, 354, 231, 231, 2, 2, 3, 3, 6, 6]  tape=0.216km B=9.92T unif=8.531% hoop=99MPa
  [a=23 b=29 nt=1198] KSP converged reason: 4, iterations: 1
  [a=23 b=29 nt=1196] KSP converged reason: 4, iterations: 1
  [a=23 b=29 nt=1190] KSP converged reason: 4, iterations: 1
  [a=23 b=29 nt=1200] KSP converged reason: 4, iterations: 1
  [a=23 b=29 nt=1190] KSP converged reason: 4, iterations: 1
  [a=23 b=29 nt=1192] KSP converged reason: 4, iterations: 1
  [a=23 b=29 nt=1200] KSP converged reason: 4, iterations: 1
  [a=23 b=29 nt=1198] KSP converged reason: 4, iterations: 1
  [a=23 b=29 nt=1196] KSP converged reason: 4, iterations: 1
  [a=23 b=29 nt=1200] KSP converged reason: 4, iterations: 1
  [1411] viol   f=   0.279  a=23.4 b=28.7 gap=22.7 (face=5.4mm) n=[354, 354, 231, 231, 3, 3, 2, 2, 5, 5]  tape=0.215km B=9.82T unif=5.928% hoop=99MPa
  [1412] viol   f=   0.222  a=23.5 b=28.7 gap=22.7 (face=5.4mm) n=[355, 355, 232, 232, 1, 1, 6, 6, 6, 6]  tape=0.218km B=9.95T unif=7.058% hoop=99MPa
  [1413] OK     f=   0.217  a=23.5 b=28.8 gap=22.6 (face=5.3mm) n=[354, 354, 233, 233, 3, 3, 3, 3, 5, 5]  tape=0.217km B=10.03T unif=10.080% hoop=99MPa
  [1414] viol   f=   0.229  a=23.4 b=28.7 gap=22.6 (face=5.2mm) n=[354, 354, 231, 231, 2, 2, 6, 6, 6, 6]  tape=0.218km B=9.92T unif=8.376% hoop=99MPa
  [1415] viol   f=   0.216  a=23.4 b=28.7 gap=22.7 (face=5.4mm) n=[356, 356, 227, 227, 3, 3, 4, 4, 5, 5]  tape=0.216km B=9.99T unif=9.902% hoop=98MPa
  [1416] viol   f=   0.226  a=23.5 b=28.8 gap=22.7 (face=5.4mm) n=[358, 358, 230, 230, 1, 1, 3, 3, 4, 4]  tape=0.216km B=9.93T unif=8.879% hoop=100MPa
  [1417] viol   f=   0.219  a=23.5 b=28.8 gap=22.6 (face=5.2mm) n=[357, 357, 230, 230, 3, 3, 5, 5, 5, 5]  tape=0.218km B=9.98T unif=9.396% hoop=99MPa
  [1418] viol   f=   0.218  a=23.4 b=28.7 gap=22.6 (face=5.3mm) n=[355, 355, 230, 230, 2, 2, 6, 6, 6, 6]  tape=0.218km B=9.98T unif=9.602% hoop=99MPa
  [1419] OK     f=   0.217  a=23.4 b=28.7 gap=22.7 (face=5.4mm) n=[357, 357, 229, 229, 2, 2, 4, 4, 6, 6]  tape=0.217km B=10.06T unif=10.602% hoop=100MPa
  [1420] viol   f=   0.236  a=23.4 b=28.7 gap=22.6 (face=5.2mm) n=[355, 355, 230, 230, 3, 3, 6, 6, 6, 6]  tape=0.218km B=9.90T unif=7.705% hoop=100MPa
  [a=23 b=29 nt=1200] KSP converged reason: 4, iterations: 1
  [a=23 b=29 nt=1196] KSP converged reason: 4, iterations: 1
  [a=23 b=29 nt=1200] KSP converged reason: 4, iterations: 1
  [a=23 b=29 nt=1186] KSP converged reason: 4, iterations: 1
  [a=23 b=29 nt=1192] KSP converged reason: 4, iterations: 1
  [a=23 b=29 nt=1190] KSP converged reason: 4, iterations: 1
  [a=23 b=29 nt=1200] KSP converged reason: 4, iterations: 1
  [a=23 b=29 nt=1196] KSP converged reason: 4, iterations: 1
  [a=23 b=29 nt=1194] KSP converged reason: 4, iterations: 1
  [a=23 b=29 nt=1198] KSP converged reason: 4, iterations: 1
  [1421] viol   f=   0.233  a=23.4 b=28.8 gap=22.6 (face=5.3mm) n=[355, 355, 230, 230, 1, 1, 5, 5, 5, 5]  tape=0.216km B=9.91T unif=8.934% hoop=98MPa
  [1422] viol   f=   0.216  a=23.5 b=28.8 gap=22.7 (face=5.4mm) n=[356, 356, 230, 230, 2, 2, 3, 3, 4, 4]  tape=0.216km B=9.99T unif=9.595% hoop=98MPa
  [1423] viol   f=   0.224  a=23.4 b=28.7 gap=22.6 (face=5.2mm) n=[357, 357, 226, 226, 3, 3, 8, 8, 6, 6]  tape=0.219km B=9.95T unif=8.402% hoop=99MPa
  [1424] viol   f=   0.222  a=23.4 b=28.8 gap=22.6 (face=5.3mm) n=[356, 356, 228, 228, 2, 2, 3, 3, 4, 4]  tape=0.215km B=9.94T unif=10.456% hoop=99MPa
  [1425] OK     f=   0.217  a=23.4 b=28.7 gap=22.8 (face=5.5mm) n=[354, 354, 233, 233, 3, 3, 5, 5, 5, 5]  tape=0.217km B=10.06T unif=9.757% hoop=99MPa
  [1426] OK     f=   0.217  a=23.4 b=28.7 gap=22.7 (face=5.4mm) n=[357, 357, 228, 228, 4, 4, 3, 3, 6, 6]  tape=0.217km B=10.01T unif=9.580% hoop=99MPa
  [1427] OK     f=   0.218  a=23.4 b=28.7 gap=22.7 (face=5.4mm) n=[358, 358, 228, 228, 3, 3, 5, 5, 6, 6]  tape=0.218km B=10.04T unif=9.275% hoop=99MPa
  [1428] viol   f=   0.226  a=23.4 b=28.8 gap=22.6 (face=5.3mm) n=[357, 357, 229, 229, 1, 1, 5, 5, 6, 6]  tape=0.217km B=9.94T unif=8.016% hoop=99MPa
  [1429] OK     f=   0.216  a=23.5 b=28.7 gap=22.7 (face=5.4mm) n=[357, 357, 231, 231, 1, 1, 3, 3, 5, 5]  tape=0.216km B=10.05T unif=10.777% hoop=99MPa
  [1430] viol   f=   0.235  a=23.4 b=28.7 gap=22.7 (face=5.3mm) n=[356, 356, 230, 230, 1, 1, 6, 6, 6, 6]  tape=0.218km B=9.91T unif=9.299% hoop=98MPa
  [a=23 b=29 nt=1196] KSP converged reason: 4, iterations: 1
  [a=23 b=29 nt=1196] KSP converged reason: 4, iterations: 1
  [a=23 b=29 nt=1200] KSP converged reason: 4, iterations: 1
  [a=23 b=29 nt=1184] KSP converged reason: 4, iterations: 1
  [a=23 b=29 nt=1198] KSP converged reason: 4, iterations: 1
  [a=23 b=29 nt=1186] KSP converged reason: 4, iterations: 1
  [a=23 b=29 nt=1192] KSP converged reason: 4, iterations: 1
  [a=23 b=29 nt=1188] KSP converged reason: 4, iterations: 1
  [a=23 b=29 nt=1194] KSP converged reason: 4, iterations: 1
  [a=23 b=29 nt=1190] KSP converged reason: 4, iterations: 1
  [1431] OK     f=   0.217  a=23.5 b=28.7 gap=22.7 (face=5.4mm) n=[357, 357, 230, 230, 2, 2, 4, 4, 5, 5]  tape=0.217km B=10.06T unif=10.123% hoop=99MPa
  [1432] viol   f=   0.219  a=23.4 b=28.7 gap=22.7 (face=5.5mm) n=[356, 356, 229, 229, 1, 1, 2, 2, 5, 5]  tape=0.215km B=9.95T unif=9.958% hoop=98MPa
  [1433] OK     f=   0.218  a=23.5 b=28.8 gap=22.7 (face=5.4mm) n=[358, 358, 231, 231, 2, 2, 3, 3, 5, 5]  tape=0.218km B=10.04T unif=9.855% hoop=99MPa
  [1434] viol   f=   0.289  a=23.5 b=28.7 gap=22.7 (face=5.5mm) n=[354, 354, 232, 232, 2, 2, 1, 1, 3, 3]  tape=0.214km B=9.81T unif=7.436% hoop=98MPa
  [1435] OK     f=   0.218  a=23.5 b=28.7 gap=22.8 (face=5.5mm) n=[358, 358, 231, 231, 2, 2, 4, 4, 5, 5]  tape=0.218km B=10.04T unif=8.640% hoop=100MPa
  [1436] viol   f=   0.219  a=23.4 b=28.8 gap=22.6 (face=5.3mm) n=[358, 358, 229, 229, 2, 2, 5, 5, 4, 4]  tape=0.217km B=9.97T unif=8.105% hoop=99MPa
  [1437] viol   f=   0.224  a=23.4 b=28.7 gap=22.7 (face=5.4mm) n=[353, 353, 232, 232, 2, 2, 4, 4, 5, 5]  tape=0.216km B=9.94T unif=9.344% hoop=99MPa
  [1438] viol   f=   0.216  a=23.4 b=28.7 gap=22.7 (face=5.5mm) n=[355, 355, 230, 230, 1, 1, 4, 4, 4, 4]  tape=0.215km B=9.97T unif=7.990% hoop=99MPa
  [1439] viol   f=   0.224  a=23.4 b=28.7 gap=22.7 (face=5.4mm) n=[358, 358, 228, 228, 4, 4, 3, 3, 4, 4]  tape=0.217km B=9.94T unif=8.201% hoop=98MPa
  [1440] viol   f=   0.245  a=23.5 b=28.7 gap=22.7 (face=5.5mm) n=[357, 357, 231, 231, 1, 1, 1, 1, 5, 5]  tape=0.215km B=9.88T unif=5.805% hoop=99MPa
  [a=23 b=29 nt=1192] KSP converged reason: 4, iterations: 1
  [a=23 b=29 nt=1200] KSP converged reason: 4, iterations: 1
  [a=23 b=29 nt=1196] KSP converged reason: 4, iterations: 1
  [a=23 b=29 nt=1194] KSP converged reason: 4, iterations: 1
  [a=23 b=29 nt=1188] KSP converged reason: 4, iterations: 1
  [a=23 b=29 nt=1188] KSP converged reason: 4, iterations: 1
  [a=23 b=29 nt=1198] KSP converged reason: 4, iterations: 1
  [a=23 b=29 nt=1188] KSP converged reason: 4, iterations: 1
  [a=23 b=29 nt=1192] KSP converged reason: 4, iterations: 1
  [a=23 b=29 nt=1190] KSP converged reason: 4, iterations: 1
  [1441] OK     f=   0.217  a=23.4 b=28.7 gap=22.7 (face=5.4mm) n=[356, 356, 231, 231, 1, 1, 5, 5, 5, 5]  tape=0.217km B=10.00T unif=9.027% hoop=98MPa
  [1442] OK     f=   0.216  a=23.4 b=28.6 gap=22.8 (face=5.6mm) n=[355, 355, 230, 230, 2, 2, 4, 4, 5, 5]  tape=0.216km B=10.02T unif=9.758% hoop=98MPa
  [1443] viol   f=   0.234  a=23.5 b=28.7 gap=22.7 (face=5.4mm) n=[358, 358, 229, 229, 1, 1, 2, 2, 4, 4]  tape=0.215km B=9.90T unif=8.305% hoop=98MPa
  [1444] viol   f=   0.227  a=23.5 b=28.7 gap=22.7 (face=5.3mm) n=[354, 354, 230, 230, 1, 1, 5, 5, 4, 4]  tape=0.215km B=9.92T unif=9.891% hoop=98MPa
  [1445] OK     f=   0.216  a=23.5 b=28.7 gap=22.8 (face=5.6mm) n=[356, 356, 232, 232, 1, 1, 3, 3, 5, 5]  tape=0.216km B=10.04T unif=10.146% hoop=98MPa
  [1446] viol   f=   0.221  a=23.5 b=28.8 gap=22.7 (face=5.4mm) n=[360, 360, 230, 230, 2, 2, 4, 4, 4, 4]  tape=0.218km B=9.96T unif=8.394% hoop=99MPa
  [1447] OK     f=   0.217  a=23.4 b=28.7 gap=22.7 (face=5.4mm) n=[356, 356, 231, 231, 2, 2, 4, 4, 6, 6]  tape=0.217km B=10.07T unif=10.719% hoop=98MPa
  [1448] OK     f=   0.215  a=23.4 b=28.7 gap=22.7 (face=5.4mm) n=[356, 356, 227, 227, 2, 2, 5, 5, 4, 4]  tape=0.215km B=10.00T unif=9.889% hoop=98MPa
  [1449] viol   f=   0.217  a=23.4 b=28.7 gap=22.8 (face=5.5mm) n=[358, 358, 230, 230, 1, 1, 3, 3, 4, 4]  tape=0.216km B=9.97T unif=8.552% hoop=99MPa
  [1450] viol   f=   0.235  a=23.4 b=28.7 gap=22.8 (face=5.5mm) n=[356, 356, 228, 228, 3, 3, 4, 4, 4, 4]  tape=0.216km B=9.90T unif=9.050% hoop=99MPa
  [a=23 b=29 nt=1196] KSP converged reason: 4, iterations: 1
  [a=23 b=29 nt=1192] KSP converged reason: 4, iterations: 1
  [a=23 b=29 nt=1198] KSP converged reason: 4, iterations: 1
  [a=23 b=29 nt=1190] KSP converged reason: 4, iterations: 1
  [a=23 b=29 nt=1194] KSP converged reason: 4, iterations: 1
  [a=23 b=29 nt=1188] KSP converged reason: 4, iterations: 1
  [a=23 b=29 nt=1190] KSP converged reason: 4, iterations: 1
  [a=23 b=29 nt=1196] KSP converged reason: 4, iterations: 1
  [a=23 b=29 nt=1190] KSP converged reason: 4, iterations: 1
  [a=23 b=29 nt=1198] KSP converged reason: 4, iterations: 1
  [1451] OK     f=   0.217  a=23.4 b=28.7 gap=22.7 (face=5.5mm) n=[357, 357, 229, 229, 4, 4, 5, 5, 3, 3]  tape=0.217km B=10.05T unif=9.990% hoop=99MPa
  [1452] viol   f=   0.217  a=23.4 b=28.7 gap=22.7 (face=5.3mm) n=[355, 355, 228, 228, 1, 1, 5, 5, 6, 6]  tape=0.216km B=9.97T unif=9.543% hoop=97MPa
  [1453] viol   f=   0.216  a=23.4 b=28.6 gap=22.8 (face=5.5mm) n=[353, 353, 230, 230, 2, 2, 6, 6, 6, 6]  tape=0.216km B=9.99T unif=10.212% hoop=152MPa
  [1454] viol   f=   0.218  a=23.4 b=28.7 gap=22.7 (face=5.4mm) n=[358, 358, 227, 227, 3, 3, 4, 4, 4, 4]  tape=0.217km B=9.97T unif=10.223% hoop=99MPa
  [1455] viol   f=   0.235  a=23.4 b=28.7 gap=22.8 (face=5.5mm) n=[357, 357, 228, 228, 1, 1, 2, 2, 6, 6]  tape=0.215km B=9.90T unif=8.024% hoop=97MPa
  [1456] OK     f=   0.217  a=23.4 b=28.7 gap=22.7 (face=5.4mm) n=[355, 355, 230, 230, 2, 2, 5, 5, 7, 7]  tape=0.217km B=10.08T unif=9.637% hoop=98MPa
  [1457] OK     f=   0.216  a=23.4 b=28.7 gap=22.7 (face=5.5mm) n=[355, 355, 229, 229, 2, 2, 5, 5, 4, 4]  tape=0.216km B=10.02T unif=9.642% hoop=98MPa
  [1458] viol   f=   0.232  a=23.4 b=28.7 gap=22.7 (face=5.5mm) n=[355, 355, 230, 230, 2, 2, 4, 4, 4, 4]  tape=0.215km B=9.91T unif=8.631% hoop=99MPa
  [1459] OK     f=   0.217  a=23.4 b=28.7 gap=22.7 (face=5.4mm) n=[356, 356, 229, 229, 2, 2, 5, 5, 6, 6]  tape=0.217km B=10.06T unif=10.184% hoop=99MPa
  [1460] OK     f=   0.217  a=23.4 b=28.6 gap=22.7 (face=5.5mm) n=[356, 356, 229, 229, 2, 2, 7, 7, 5, 5]  tape=0.217km B=10.08T unif=10.771% hoop=98MPa
  [a=23 b=29 nt=1200] KSP converged reason: 4, iterations: 1
  [a=23 b=29 nt=1180] KSP converged reason: 4, iterations: 1
  [a=23 b=29 nt=1182] KSP converged reason: 4, iterations: 1
  [a=23 b=29 nt=1194] KSP converged reason: 4, iterations: 1
  [a=23 b=29 nt=1186] KSP converged reason: 4, iterations: 1
  [a=23 b=29 nt=1196] KSP converged reason: 4, iterations: 1
  [a=23 b=29 nt=1204] KSP converged reason: 4, iterations: 1
  [a=23 b=29 nt=1194] KSP converged reason: 4, iterations: 1
  [a=23 b=29 nt=1194] KSP converged reason: 4, iterations: 1
  [a=23 b=29 nt=1186] KSP converged reason: 4, iterations: 1
  [1461] OK     f=   0.216  a=23.4 b=28.6 gap=22.7 (face=5.5mm) n=[355, 355, 229, 229, 2, 2, 6, 6, 5, 5]  tape=0.216km B=10.05T unif=9.694% hoop=99MPa
  [1462] viol   f=   0.285  a=23.4 b=28.7 gap=22.8 (face=5.5mm) n=[356, 356, 227, 227, 1, 1, 3, 3, 3, 3]  tape=0.213km B=9.81T unif=6.381% hoop=99MPa
  [1463] OK     f=   0.217  a=23.5 b=28.8 gap=22.7 (face=5.5mm) n=[357, 357, 231, 231, 4, 4, 2, 2, 4, 4]  tape=0.217km B=10.06T unif=10.844% hoop=98MPa
  [1464] viol   f=   0.216  a=23.4 b=28.7 gap=22.7 (face=5.4mm) n=[359, 359, 225, 225, 2, 2, 4, 4, 3, 3]  tape=0.215km B=9.98T unif=9.262% hoop=99MPa
  [1465] viol   f=   0.228  a=23.4 b=28.7 gap=22.7 (face=5.5mm) n=[355, 355, 226, 226, 2, 2, 4, 4, 4, 4]  tape=0.214km B=9.92T unif=7.483% hoop=98MPa
  [1466] viol   f=   0.218  a=23.4 b=28.7 gap=22.7 (face=5.3mm) n=[355, 355, 230, 230, 3, 3, 6, 6, 6, 6]  tape=0.218km B=10.00T unif=8.983% hoop=99MPa
  [1467] OK     f=   0.218  a=23.4 b=28.6 gap=22.8 (face=5.6mm) n=[356, 356, 229, 229, 4, 4, 7, 7, 6, 6]  tape=0.218km B=10.10T unif=9.645% hoop=98MPa
  [1468] viol   f=   0.217  a=23.5 b=28.6 gap=22.8 (face=5.6mm) n=[356, 356, 230, 230, 3, 3, 4, 4, 4, 4]  tape=0.216km B=9.98T unif=8.241% hoop=99MPa
  [1469] viol   f=   0.233  a=23.4 b=28.7 gap=22.8 (face=5.6mm) n=[353, 353, 228, 228, 3, 3, 4, 4, 5, 5]  tape=0.215km B=9.90T unif=9.248% hoop=97MPa
  [1470] viol   f=   0.231  a=23.4 b=28.7 gap=22.7 (face=5.3mm) n=[353, 353, 230, 230, 2, 2, 6, 6, 6, 6]  tape=0.216km B=9.91T unif=7.430% hoop=99MPa
  [a=23 b=29 nt=1192] KSP converged reason: 4, iterations: 1
  [a=23 b=29 nt=1192] KSP converged reason: 4, iterations: 1
  [a=23 b=29 nt=1194] KSP converged reason: 4, iterations: 1
  [a=23 b=29 nt=1192] KSP converged reason: 4, iterations: 1
  [a=23 b=29 nt=1194] KSP converged reason: 4, iterations: 1
  [a=23 b=29 nt=1186] KSP converged reason: 4, iterations: 1
  [a=23 b=29 nt=1196] KSP converged reason: 4, iterations: 1
  [a=23 b=29 nt=1188] KSP converged reason: 4, iterations: 1
  [a=23 b=29 nt=1202] KSP converged reason: 4, iterations: 1
  [a=23 b=29 nt=1188] KSP converged reason: 4, iterations: 1
  [1471] OK     f=   0.216  a=23.4 b=28.6 gap=22.8 (face=5.7mm) n=[356, 356, 228, 228, 4, 4, 5, 5, 3, 3]  tape=0.216km B=10.06T unif=9.511% hoop=99MPa
  [1472] OK     f=   0.217  a=23.4 b=28.7 gap=22.7 (face=5.4mm) n=[359, 359, 225, 225, 3, 3, 5, 5, 4, 4]  tape=0.217km B=10.02T unif=9.356% hoop=99MPa
  [1473] viol   f=   0.216  a=23.5 b=28.6 gap=22.8 (face=5.7mm) n=[357, 357, 231, 231, 1, 1, 4, 4, 4, 4]  tape=0.216km B=10.00T unif=8.295% hoop=99MPa
  [1474] OK     f=   0.216  a=23.4 b=28.6 gap=22.7 (face=5.5mm) n=[355, 355, 228, 228, 4, 4, 6, 6, 3, 3]  tape=0.216km B=10.01T unif=9.322% hoop=100MPa
  [1475] viol   f=   0.245  a=23.4 b=28.7 gap=22.8 (face=5.5mm) n=[354, 354, 230, 230, 2, 2, 4, 4, 3, 3]  tape=0.215km B=9.88T unif=8.358% hoop=97MPa
  [1476] OK     f=   0.217  a=23.4 b=28.7 gap=22.7 (face=5.4mm) n=[355, 355, 229, 229, 1, 1, 7, 7, 5, 5]  tape=0.217km B=10.02T unif=10.147% hoop=99MPa
  [1477] OK     f=   0.217  a=23.4 b=28.7 gap=22.7 (face=5.4mm) n=[358, 358, 228, 228, 2, 2, 5, 5, 5, 5]  tape=0.217km B=10.01T unif=9.776% hoop=98MPa
  [1478] viol   f=   0.246  a=23.4 b=28.6 gap=22.8 (face=5.5mm) n=[357, 357, 226, 226, 4, 4, 3, 3, 4, 4]  tape=0.215km B=9.88T unif=7.897% hoop=98MPa
  [1479] viol   f=   0.220  a=23.4 b=28.7 gap=22.7 (face=5.4mm) n=[355, 355, 230, 230, 4, 4, 6, 6, 6, 6]  tape=0.218km B=9.97T unif=8.776% hoop=100MPa
  [1480] viol   f=   0.227  a=23.4 b=28.6 gap=22.8 (face=5.7mm) n=[357, 357, 227, 227, 4, 4, 4, 4, 2, 2]  tape=0.215km B=9.92T unif=8.625% hoop=97MPa
  [a=23 b=29 nt=1194] KSP converged reason: 4, iterations: 1
  [a=23 b=29 nt=1196] KSP converged reason: 4, iterations: 1
  [a=23 b=29 nt=1194] KSP converged reason: 4, iterations: 1
  [a=23 b=29 nt=1194] KSP converged reason: 4, iterations: 1
  [a=23 b=29 nt=1190] KSP converged reason: 4, iterations: 1
  [a=23 b=29 nt=1184] KSP converged reason: 4, iterations: 1
  [a=23 b=29 nt=1188] KSP converged reason: 4, iterations: 1
  [a=23 b=29 nt=1196] KSP converged reason: 4, iterations: 1
  [a=23 b=29 nt=1196] KSP converged reason: 4, iterations: 1
  [a=23 b=29 nt=1200] KSP converged reason: 4, iterations: 1
  [1481] OK     f=   0.216  a=23.5 b=28.6 gap=22.8 (face=5.6mm) n=[359, 359, 228, 228, 1, 1, 5, 5, 4, 4]  tape=0.216km B=10.05T unif=9.667% hoop=100MPa
  [1482] viol   f=   0.224  a=23.4 b=28.6 gap=22.8 (face=5.6mm) n=[357, 357, 229, 229, 2, 2, 5, 5, 5, 5]  tape=0.217km B=9.94T unif=8.241% hoop=98MPa
  [1483] viol   f=   0.234  a=23.4 b=28.6 gap=22.8 (face=5.5mm) n=[358, 358, 227, 227, 4, 4, 4, 4, 4, 4]  tape=0.217km B=9.91T unif=6.101% hoop=99MPa
  [1484] viol   f=   0.222  a=23.4 b=28.5 gap=22.9 (face=5.8mm) n=[353, 353, 232, 232, 3, 3, 4, 4, 5, 5]  tape=0.215km B=9.94T unif=9.205% hoop=99MPa
  [1485] OK     f=   0.215  a=23.5 b=28.6 gap=22.8 (face=5.7mm) n=[356, 356, 231, 231, 1, 1, 3, 3, 4, 4]  tape=0.215km B=10.04T unif=10.651% hoop=99MPa
  [1486] viol   f=   0.215  a=23.4 b=28.7 gap=22.7 (face=5.4mm) n=[356, 356, 226, 226, 1, 1, 6, 6, 3, 3]  tape=0.215km B=10.00T unif=10.533% hoop=98MPa
  [1487] viol   f=   0.217  a=23.5 b=28.7 gap=22.8 (face=5.6mm) n=[355, 355, 231, 231, 2, 2, 3, 3, 3, 3]  tape=0.215km B=9.97T unif=9.858% hoop=98MPa
  [1488] viol   f=   0.241  a=23.5 b=28.6 gap=22.9 (face=5.9mm) n=[359, 359, 230, 230, 3, 3, 3, 3, 3, 3]  tape=0.216km B=9.89T unif=5.777% hoop=98MPa
  [1489] OK     f=   0.217  a=23.4 b=28.6 gap=22.8 (face=5.6mm) n=[356, 356, 228, 228, 4, 4, 6, 6, 4, 4]  tape=0.217km B=10.00T unif=9.554% hoop=98MPa
  [1490] OK     f=   0.218  a=23.4 b=28.7 gap=22.7 (face=5.4mm) n=[358, 358, 227, 227, 4, 4, 6, 6, 5, 5]  tape=0.218km B=10.02T unif=9.178% hoop=99MPa
  [a=23 b=29 nt=1192] KSP converged reason: 4, iterations: 1
  [a=23 b=29 nt=1196] KSP converged reason: 4, iterations: 1
  [a=23 b=29 nt=1190] KSP converged reason: 4, iterations: 1
  [a=23 b=29 nt=1192] KSP converged reason: 4, iterations: 1
  [a=23 b=29 nt=1196] KSP converged reason: 4, iterations: 1
  [a=23 b=29 nt=1188] KSP converged reason: 4, iterations: 1
  [a=23 b=29 nt=1194] KSP converged reason: 4, iterations: 1
  [a=23 b=29 nt=1200] KSP converged reason: 4, iterations: 1
  [a=23 b=29 nt=1184] KSP converged reason: 4, iterations: 1
  [a=23 b=29 nt=1190] KSP converged reason: 4, iterations: 1
  [1491] viol   f=   0.244  a=23.4 b=28.6 gap=22.9 (face=5.7mm) n=[355, 355, 230, 230, 2, 2, 4, 4, 4, 4]  tape=0.215km B=9.88T unif=6.585% hoop=98MPa
  [1492] OK     f=   0.216  a=23.5 b=28.8 gap=22.6 (face=5.2mm) n=[360, 360, 225, 225, 2, 2, 5, 5, 2, 2]  tape=0.216km B=10.01T unif=9.725% hoop=99MPa
  [1493] OK     f=   0.216  a=23.4 b=28.6 gap=22.8 (face=5.6mm) n=[356, 356, 229, 229, 1, 1, 6, 6, 6, 6]  tape=0.216km B=10.03T unif=9.522% hoop=97MPa
  [1494] OK     f=   0.216  a=23.4 b=28.6 gap=22.8 (face=5.6mm) n=[360, 360, 225, 225, 2, 2, 5, 5, 4, 4]  tape=0.216km B=10.03T unif=9.363% hoop=99MPa
  [1495] OK     f=   0.217  a=23.5 b=28.7 gap=22.8 (face=5.5mm) n=[359, 359, 229, 229, 1, 1, 4, 4, 5, 5]  tape=0.217km B=10.01T unif=8.818% hoop=99MPa
  [1496] viol   f=   0.216  a=23.4 b=28.6 gap=22.9 (face=5.7mm) n=[359, 359, 224, 224, 5, 5, 6, 6, 2, 2]  tape=0.216km B=9.99T unif=9.225% hoop=99MPa
  [1497] viol   f=   0.255  a=23.4 b=28.7 gap=22.6 (face=5.3mm) n=[354, 354, 228, 228, 4, 4, 8, 8, 6, 6]  tape=0.218km B=9.87T unif=5.529% hoop=100MPa
  [1498] viol   f=   0.237  a=23.5 b=28.8 gap=22.7 (face=5.4mm) n=[358, 358, 229, 229, 3, 3, 3, 3, 4, 4]  tape=0.217km B=9.90T unif=5.885% hoop=99MPa
  [1499] viol   f=   0.256  a=23.5 b=28.6 gap=22.9 (face=5.7mm) n=[354, 354, 230, 230, 1, 1, 4, 4, 3, 3]  tape=0.214km B=9.85T unif=9.274% hoop=97MPa
  [1500] OK     f=   0.216  a=23.5 b=28.7 gap=22.8 (face=5.5mm) n=[356, 356, 230, 230, 1, 1, 5, 5, 3, 3]  tape=0.216km B=10.04T unif=10.847% hoop=99MPa
  [a=23 b=29 nt=1194] KSP converged reason: 4, iterations: 1
  [a=23 b=29 nt=1190] KSP converged reason: 4, iterations: 1
  [a=23 b=29 nt=1198] KSP converged reason: 4, iterations: 1
  [a=23 b=29 nt=1198] KSP converged reason: 4, iterations: 1
  [a=23 b=29 nt=1186] KSP converged reason: 4, iterations: 1
  [a=23 b=29 nt=1188] KSP converged reason: 4, iterations: 1
  [a=23 b=29 nt=1192] KSP converged reason: 4, iterations: 1
  [a=23 b=29 nt=1196] KSP converged reason: 4, iterations: 1
  [a=23 b=29 nt=1188] KSP converged reason: 4, iterations: 1
  [a=23 b=29 nt=1186] KSP converged reason: 4, iterations: 1
  [1501] viol   f=   0.241  a=23.4 b=28.8 gap=22.7 (face=5.3mm) n=[355, 355, 227, 227, 2, 2, 6, 6, 3, 3]  tape=0.215km B=9.89T unif=9.187% hoop=99MPa
  [1502] OK     f=   0.216  a=23.5 b=28.7 gap=22.7 (face=5.4mm) n=[357, 357, 228, 228, 2, 2, 5, 5, 3, 3]  tape=0.216km B=10.03T unif=9.932% hoop=99MPa
  [1503] OK     f=   0.217  a=23.4 b=28.6 gap=22.8 (face=5.6mm) n=[356, 356, 229, 229, 2, 2, 7, 7, 5, 5]  tape=0.217km B=10.02T unif=9.667% hoop=98MPa
  [1504] viol   f=   0.218  a=23.5 b=28.6 gap=22.8 (face=5.5mm) n=[357, 357, 228, 228, 3, 3, 7, 7, 4, 4]  tape=0.217km B=9.99T unif=9.681% hoop=99MPa
  [1505] viol   f=   0.227  a=23.5 b=28.7 gap=22.7 (face=5.5mm) n=[356, 356, 230, 230, 3, 3, 4, 4, 4, 4]  tape=0.216km B=9.93T unif=9.157% hoop=99MPa
  [1506] viol   f=   0.244  a=23.4 b=28.6 gap=22.8 (face=5.6mm) n=[356, 356, 227, 227, 1, 1, 5, 5, 5, 5]  tape=0.215km B=9.88T unif=6.841% hoop=98MPa
  [1507] viol   f=   0.221  a=23.5 b=28.6 gap=22.8 (face=5.7mm) n=[358, 358, 228, 228, 1, 1, 5, 5, 4, 4]  tape=0.216km B=9.95T unif=7.983% hoop=98MPa
  [1508] viol   f=   0.222  a=23.4 b=28.7 gap=22.7 (face=5.5mm) n=[354, 354, 231, 231, 3, 3, 5, 5, 5, 5]  tape=0.217km B=9.95T unif=8.584% hoop=99MPa
  [1509] viol   f=   0.215  a=23.5 b=28.7 gap=22.8 (face=5.6mm) n=[355, 355, 230, 230, 2, 2, 4, 4, 3, 3]  tape=0.215km B=9.99T unif=9.825% hoop=100MPa
  [1510] OK     f=   0.215  a=23.4 b=28.6 gap=22.8 (face=5.6mm) n=[357, 357, 227, 227, 2, 2, 4, 4, 3, 3]  tape=0.215km B=10.00T unif=9.658% hoop=99MPa
  [a=23 b=29 nt=1186] KSP converged reason: 4, iterations: 1
  [a=23 b=29 nt=1180] KSP converged reason: 4, iterations: 1
  [a=23 b=29 nt=1186] KSP converged reason: 4, iterations: 1
  [a=23 b=29 nt=1188] KSP converged reason: 4, iterations: 1
  [a=23 b=29 nt=1184] KSP converged reason: 4, iterations: 1
  [a=23 b=29 nt=1186] KSP converged reason: 4, iterations: 1
  [a=23 b=29 nt=1190] KSP converged reason: 4, iterations: 1
  [a=23 b=29 nt=1188] KSP converged reason: 4, iterations: 1
  [a=23 b=29 nt=1188] KSP converged reason: 4, iterations: 1
  [a=23 b=29 nt=1196] KSP converged reason: 4, iterations: 1
  [1511] OK     f=   0.214  a=23.5 b=28.6 gap=22.8 (face=5.6mm) n=[355, 355, 229, 229, 2, 2, 4, 4, 3, 3]  tape=0.214km B=10.02T unif=9.693% hoop=99MPa
  [1512] OK     f=   0.215  a=23.4 b=28.6 gap=22.8 (face=5.6mm) n=[356, 356, 228, 228, 1, 1, 5, 5, 3, 3]  tape=0.215km B=10.04T unif=10.419% hoop=99MPa
  [1513] viol   f=   0.223  a=23.5 b=28.7 gap=22.8 (face=5.6mm) n=[358, 358, 230, 230, 1, 1, 1, 1, 2, 2]  tape=0.214km B=9.93T unif=9.584% hoop=97MPa
  [1514] viol   f=   0.263  a=23.4 b=28.6 gap=22.7 (face=5.5mm) n=[353, 353, 230, 230, 1, 1, 6, 6, 4, 4]  tape=0.215km B=9.84T unif=9.587% hoop=98MPa
  [1515] viol   f=   0.220  a=23.4 b=28.7 gap=22.8 (face=5.7mm) n=[357, 357, 227, 227, 1, 1, 3, 3, 2, 2]  tape=0.213km B=9.94T unif=9.447% hoop=98MPa
  [1516] viol   f=   0.215  a=23.5 b=28.7 gap=22.8 (face=5.7mm) n=[357, 357, 229, 229, 1, 1, 4, 4, 2, 2]  tape=0.215km B=10.00T unif=9.343% hoop=99MPa
  [1517] viol   f=   0.225  a=23.5 b=28.8 gap=22.8 (face=5.5mm) n=[361, 361, 227, 227, 4, 4, 1, 1, 2, 2]  tape=0.217km B=9.93T unif=8.065% hoop=100MPa
  [1518] viol   f=   0.218  a=23.5 b=28.7 gap=22.7 (face=5.5mm) n=[358, 358, 228, 228, 2, 2, 3, 3, 3, 3]  tape=0.215km B=9.96T unif=7.703% hoop=99MPa
  [1519] OK     f=   0.215  a=23.4 b=28.7 gap=22.7 (face=5.4mm) n=[356, 356, 227, 227, 2, 2, 5, 5, 4, 4]  tape=0.215km B=10.05T unif=9.439% hoop=100MPa
  [1520] OK     f=   0.217  a=23.5 b=28.7 gap=22.7 (face=5.3mm) n=[357, 357, 229, 229, 2, 2, 6, 6, 4, 4]  tape=0.217km B=10.07T unif=10.757% hoop=99MPa
  [a=23 b=29 nt=1186] KSP converged reason: 4, iterations: 1
  [a=23 b=29 nt=1196] KSP converged reason: 4, iterations: 1
  [a=23 b=29 nt=1192] KSP converged reason: 4, iterations: 1
  [a=23 b=29 nt=1188] KSP converged reason: 4, iterations: 1
  [a=23 b=29 nt=1190] KSP converged reason: 4, iterations: 1
  [a=23 b=29 nt=1190] KSP converged reason: 4, iterations: 1
  [a=23 b=29 nt=1188] KSP converged reason: 4, iterations: 1
  [a=23 b=29 nt=1192] KSP converged reason: 4, iterations: 1
  [a=24 b=29 nt=1182] KSP converged reason: 4, iterations: 1
  [a=23 b=29 nt=1190] KSP converged reason: 4, iterations: 1
  [1521] OK     f=   0.216  a=23.5 b=28.7 gap=22.8 (face=5.5mm) n=[355, 355, 229, 229, 2, 2, 6, 6, 3, 3]  tape=0.216km B=10.00T unif=9.948% hoop=99MPa
  [1522] OK     f=   0.216  a=23.4 b=28.6 gap=22.8 (face=5.6mm) n=[355, 355, 229, 229, 2, 2, 6, 6, 4, 4]  tape=0.216km B=10.03T unif=9.660% hoop=99MPa
  [1523] viol   f=   0.219  a=23.5 b=28.7 gap=22.7 (face=5.5mm) n=[355, 355, 230, 230, 2, 2, 5, 5, 2, 2]  tape=0.215km B=9.96T unif=9.928% hoop=98MPa
  [1524] OK     f=   0.217  a=23.5 b=28.7 gap=22.9 (face=5.7mm) n=[358, 358, 230, 230, 4, 4, 4, 4, 2, 2]  tape=0.217km B=10.01T unif=8.817% hoop=99MPa
  [1525] viol   f=   0.254  a=23.4 b=28.6 gap=22.8 (face=5.5mm) n=[354, 354, 229, 229, 1, 1, 7, 7, 4, 4]  tape=0.215km B=9.86T unif=8.496% hoop=98MPa
  [1526] OK     f=   0.215  a=23.4 b=28.6 gap=22.8 (face=5.7mm) n=[355, 355, 228, 228, 2, 2, 5, 5, 3, 3]  tape=0.215km B=10.00T unif=9.644% hoop=97MPa
  [1527] viol   f=   0.273  a=23.4 b=28.6 gap=22.8 (face=5.6mm) n=[357, 357, 225, 225, 2, 2, 6, 6, 4, 4]  tape=0.215km B=9.83T unif=7.933% hoop=98MPa
  [1528] OK     f=   0.213  a=23.5 b=28.6 gap=22.8 (face=5.7mm) n=[356, 356, 229, 229, 1, 1, 3, 3, 2, 2]  tape=0.213km B=10.03T unif=9.735% hoop=99MPa
  [1529] viol   f=   0.216  a=23.5 b=28.6 gap=22.9 (face=5.8mm) n=[355, 355, 231, 231, 2, 2, 5, 5, 3, 3]  tape=0.215km B=9.99T unif=9.420% hoop=97MPa
  [1530] OK     f=   0.216  a=23.4 b=28.7 gap=22.8 (face=5.5mm) n=[356, 356, 229, 229, 2, 2, 5, 5, 3, 3]  tape=0.216km B=10.07T unif=9.884% hoop=99MPa
  [a=23 b=29 nt=1184] KSP converged reason: 4, iterations: 1
  [a=23 b=29 nt=1186] KSP converged reason: 4, iterations: 1
  [a=23 b=29 nt=1190] KSP converged reason: 4, iterations: 1
  [a=23 b=29 nt=1182] KSP converged reason: 4, iterations: 1
  [a=23 b=29 nt=1190] KSP converged reason: 4, iterations: 1
  [a=23 b=29 nt=1190] KSP converged reason: 4, iterations: 1
  [a=23 b=29 nt=1186] KSP converged reason: 4, iterations: 1
  [a=23 b=29 nt=1186] KSP converged reason: 4, iterations: 1
  [a=23 b=29 nt=1186] KSP converged reason: 4, iterations: 1
  [a=23 b=29 nt=1194] KSP converged reason: 4, iterations: 1
  [1531] viol   f=   0.226  a=23.5 b=28.6 gap=22.8 (face=5.6mm) n=[354, 354, 231, 231, 1, 1, 3, 3, 2, 2]  tape=0.213km B=9.92T unif=9.156% hoop=98MPa
  [1532] viol   f=   0.215  a=23.5 b=28.6 gap=22.9 (face=5.8mm) n=[355, 355, 231, 231, 1, 1, 5, 5, 3, 3]  tape=0.215km B=9.99T unif=8.887% hoop=98MPa
  [1533] viol   f=   0.270  a=23.5 b=28.6 gap=22.8 (face=5.7mm) n=[355, 355, 229, 229, 1, 1, 5, 5, 3, 3]  tape=0.214km B=9.83T unif=7.416% hoop=97MPa
  [1534] OK     f=   0.214  a=23.5 b=28.6 gap=22.8 (face=5.6mm) n=[356, 356, 227, 227, 1, 1, 6, 6, 2, 2]  tape=0.214km B=10.03T unif=10.395% hoop=98MPa
  [1535] OK     f=   0.215  a=23.4 b=28.6 gap=22.9 (face=5.7mm) n=[356, 356, 230, 230, 2, 2, 4, 4, 3, 3]  tape=0.215km B=10.05T unif=9.615% hoop=99MPa
  [1536] OK     f=   0.215  a=23.5 b=28.6 gap=22.9 (face=5.8mm) n=[357, 357, 228, 228, 3, 3, 5, 5, 2, 2]  tape=0.215km B=10.00T unif=9.382% hoop=98MPa
  [1537] viol   f=   0.217  a=23.5 b=28.6 gap=22.9 (face=5.8mm) n=[356, 356, 229, 229, 1, 1, 4, 4, 3, 3]  tape=0.214km B=9.96T unif=9.567% hoop=97MPa
  [1538] viol   f=   0.217  a=23.5 b=28.7 gap=22.8 (face=5.6mm) n=[358, 358, 228, 228, 1, 1, 4, 4, 2, 2]  tape=0.215km B=9.96T unif=10.049% hoop=98MPa
  [1539] viol   f=   0.220  a=23.5 b=28.6 gap=22.8 (face=5.7mm) n=[355, 355, 230, 230, 1, 1, 5, 5, 2, 2]  tape=0.214km B=9.95T unif=10.402% hoop=98MPa
  [1540] OK     f=   0.216  a=23.4 b=28.7 gap=22.8 (face=5.6mm) n=[356, 356, 231, 231, 2, 2, 4, 4, 4, 4]  tape=0.216km B=10.02T unif=10.084% hoop=98MPa
  [a=23 b=29 nt=1192] KSP converged reason: 4, iterations: 1
  [a=23 b=29 nt=1192] KSP converged reason: 4, iterations: 1
  [a=23 b=29 nt=1192] KSP converged reason: 4, iterations: 1
  [a=23 b=29 nt=1186] KSP converged reason: 4, iterations: 1
  [a=23 b=29 nt=1188] KSP converged reason: 4, iterations: 1
  [a=23 b=29 nt=1190] KSP converged reason: 4, iterations: 1
  [a=23 b=29 nt=1194] KSP converged reason: 4, iterations: 1
  [a=23 b=29 nt=1186] KSP converged reason: 4, iterations: 1
  [a=23 b=29 nt=1186] KSP converged reason: 4, iterations: 1
  [a=23 b=29 nt=1184] KSP converged reason: 4, iterations: 1
  [1541] viol   f=   0.217  a=23.4 b=28.7 gap=22.8 (face=5.6mm) n=[357, 357, 229, 229, 2, 2, 4, 4, 4, 4]  tape=0.216km B=9.98T unif=9.823% hoop=98MPa
  [1542] OK     f=   0.215  a=23.5 b=28.6 gap=22.9 (face=5.8mm) n=[356, 356, 229, 229, 2, 2, 4, 4, 3, 3]  tape=0.215km B=10.06T unif=10.298% hoop=98MPa
  [1543] OK     f=   0.216  a=23.4 b=28.7 gap=22.8 (face=5.6mm) n=[355, 355, 229, 229, 3, 3, 6, 6, 3, 3]  tape=0.216km B=10.01T unif=9.415% hoop=98MPa
  [1544] OK     f=   0.216  a=23.4 b=28.6 gap=22.8 (face=5.7mm) n=[356, 356, 228, 228, 3, 3, 6, 6, 3, 3]  tape=0.216km B=10.06T unif=9.682% hoop=99MPa
  [1545] viol   f=   0.220  a=23.5 b=28.6 gap=22.8 (face=5.6mm) n=[355, 355, 229, 229, 2, 2, 4, 4, 3, 3]  tape=0.214km B=9.95T unif=9.822% hoop=98MPa
  [1546] OK     f=   0.215  a=23.4 b=28.6 gap=22.8 (face=5.6mm) n=[355, 355, 229, 229, 2, 2, 5, 5, 4, 4]  tape=0.215km B=10.02T unif=9.732% hoop=99MPa
  [1547] OK     f=   0.216  a=23.5 b=28.6 gap=22.8 (face=5.7mm) n=[357, 357, 229, 229, 2, 2, 5, 5, 4, 4]  tape=0.216km B=10.07T unif=9.569% hoop=99MPa
  [1548] viol   f=   0.220  a=23.5 b=28.6 gap=22.9 (face=5.8mm) n=[357, 357, 227, 227, 3, 3, 4, 4, 2, 2]  tape=0.214km B=9.95T unif=9.593% hoop=98MPa
  [1549] OK     f=   0.215  a=23.5 b=28.6 gap=22.9 (face=5.8mm) n=[357, 357, 227, 227, 1, 1, 6, 6, 2, 2]  tape=0.215km B=10.02T unif=9.405% hoop=99MPa
  [1550] viol   f=   0.216  a=23.5 b=28.6 gap=22.9 (face=5.8mm) n=[356, 356, 229, 229, 2, 2, 4, 4, 1, 1]  tape=0.214km B=9.96T unif=9.611% hoop=97MPa
  [a=23 b=29 nt=1186] KSP converged reason: 4, iterations: 1
  [a=23 b=29 nt=1196] KSP converged reason: 4, iterations: 1
  [a=23 b=29 nt=1184] KSP converged reason: 4, iterations: 1
  [a=23 b=29 nt=1186] KSP converged reason: 4, iterations: 1
  [a=23 b=29 nt=1186] KSP converged reason: 4, iterations: 1
  [a=23 b=29 nt=1190] KSP converged reason: 4, iterations: 1
  [a=23 b=29 nt=1190] KSP converged reason: 4, iterations: 1
  [a=23 b=29 nt=1192] KSP converged reason: 4, iterations: 1
  [a=23 b=29 nt=1180] KSP converged reason: 4, iterations: 1
  [a=23 b=29 nt=1190] KSP converged reason: 4, iterations: 1
  [1551] OK     f=   0.215  a=23.4 b=28.6 gap=22.9 (face=5.7mm) n=[355, 355, 228, 228, 3, 3, 5, 5, 4, 4]  tape=0.215km B=10.02T unif=9.660% hoop=99MPa
  [1552] viol   f=   0.216  a=23.4 b=28.7 gap=22.9 (face=5.8mm) n=[358, 358, 228, 228, 2, 2, 3, 3, 2, 2]  tape=0.215km B=9.97T unif=9.184% hoop=98MPa
  [1553] viol   f=   0.215  a=23.5 b=28.6 gap=22.9 (face=5.7mm) n=[356, 356, 228, 228, 1, 1, 5, 5, 3, 3]  tape=0.214km B=9.99T unif=9.969% hoop=98MPa
  [1554] viol   f=   0.216  a=23.5 b=28.6 gap=22.9 (face=5.8mm) n=[355, 355, 232, 232, 3, 3, 4, 4, 4, 4]  tape=0.216km B=10.00T unif=10.456% hoop=98MPa
  [1555] viol   f=   0.225  a=23.4 b=28.7 gap=22.8 (face=5.7mm) n=[358, 358, 227, 227, 1, 1, 4, 4, 2, 2]  tape=0.214km B=9.93T unif=9.191% hoop=98MPa
  [1556] viol   f=   0.219  a=23.5 b=28.6 gap=22.9 (face=5.8mm) n=[357, 357, 229, 229, 1, 1, 3, 3, 3, 3]  tape=0.214km B=9.95T unif=9.091% hoop=97MPa
  [1557] OK     f=   0.215  a=23.4 b=28.6 gap=22.9 (face=5.7mm) n=[356, 356, 227, 227, 2, 2, 6, 6, 4, 4]  tape=0.215km B=10.08T unif=10.362% hoop=99MPa
  [1558] OK     f=   0.213  a=23.4 b=28.6 gap=22.8 (face=5.7mm) n=[356, 356, 227, 227, 1, 1, 4, 4, 2, 2]  tape=0.213km B=10.01T unif=10.236% hoop=98MPa
  [1559] OK     f=   0.216  a=23.4 b=28.6 gap=22.9 (face=5.7mm) n=[356, 356, 229, 229, 1, 1, 6, 6, 4, 4]  tape=0.216km B=10.04T unif=9.662% hoop=100MPa
  [1560] viol   f=   0.269  a=23.4 b=28.5 gap=22.9 (face=5.8mm) n=[355, 355, 228, 228, 2, 2, 6, 6, 4, 4]  tape=0.215km B=9.84T unif=6.297% hoop=98MPa
  [a=23 b=29 nt=1190] KSP converged reason: 4, iterations: 1
  [a=23 b=29 nt=1182] KSP converged reason: 4, iterations: 1
  [a=23 b=29 nt=1182] KSP converged reason: 4, iterations: 1
  [a=23 b=29 nt=1180] KSP converged reason: 4, iterations: 1
  [a=23 b=29 nt=1180] KSP converged reason: 4, iterations: 1
  [a=23 b=29 nt=1180] KSP converged reason: 4, iterations: 1
  [a=23 b=29 nt=1182] KSP converged reason: 4, iterations: 1
  [a=23 b=29 nt=1190] KSP converged reason: 4, iterations: 1
  [a=23 b=29 nt=1188] KSP converged reason: 4, iterations: 1
  [a=23 b=29 nt=1184] KSP converged reason: 4, iterations: 1
  [1561] viol   f=   0.214  a=23.5 b=28.6 gap=22.8 (face=5.7mm) n=[356, 356, 228, 228, 2, 2, 3, 3, 2, 2]  tape=0.214km B=9.98T unif=9.729% hoop=98MPa
  [1562] viol   f=   0.214  a=23.4 b=28.6 gap=22.8 (face=5.7mm) n=[355, 355, 226, 226, 4, 4, 4, 4, 2, 2]  tape=0.214km B=9.98T unif=10.022% hoop=99MPa
  [1563] viol   f=   0.218  a=23.4 b=28.7 gap=22.8 (face=5.7mm) n=[355, 355, 227, 227, 2, 2, 4, 4, 2, 2]  tape=0.213km B=9.95T unif=9.364% hoop=98MPa
  [1564] viol   f=   0.221  a=23.4 b=28.7 gap=22.8 (face=5.5mm) n=[358, 358, 226, 226, 2, 2, 5, 5, 4, 4]  tape=0.216km B=9.95T unif=9.299% hoop=98MPa
  [1565] viol   f=   0.238  a=23.5 b=28.7 gap=22.9 (face=5.7mm) n=[356, 356, 227, 227, 2, 2, 4, 4, 1, 1]  tape=0.214km B=9.89T unif=9.657% hoop=98MPa
  [1566] viol   f=   0.219  a=23.4 b=28.6 gap=22.8 (face=5.6mm) n=[356, 356, 226, 226, 1, 1, 5, 5, 2, 2]  tape=0.214km B=9.95T unif=10.131% hoop=98MPa
  [1567] viol   f=   0.214  a=23.5 b=28.6 gap=23.0 (face=6.0mm) n=[356, 356, 228, 228, 2, 2, 4, 4, 1, 1]  tape=0.213km B=9.98T unif=9.524% hoop=97MPa
  [1568] viol   f=   0.215  a=23.5 b=28.6 gap=22.9 (face=5.7mm) n=[357, 357, 228, 228, 2, 2, 5, 5, 2, 2]  tape=0.215km B=9.99T unif=9.361% hoop=99MPa
  [1569] viol   f=   0.221  a=23.4 b=28.6 gap=22.9 (face=5.7mm) n=[355, 355, 229, 229, 1, 1, 5, 5, 5, 5]  tape=0.215km B=9.95T unif=8.786% hoop=98MPa
  [1570] viol   f=   0.244  a=23.4 b=28.7 gap=22.8 (face=5.6mm) n=[354, 354, 229, 229, 1, 1, 5, 5, 3, 3]  tape=0.214km B=9.88T unif=9.077% hoop=98MPa
  [a=23 b=29 nt=1182] KSP converged reason: 4, iterations: 1
  [a=23 b=29 nt=1188] KSP converged reason: 4, iterations: 1
  [a=23 b=29 nt=1186] KSP converged reason: 4, iterations: 1
  [a=23 b=29 nt=1180] KSP converged reason: 4, iterations: 1
  [a=23 b=29 nt=1182] KSP converged reason: 4, iterations: 1
  [a=23 b=29 nt=1186] KSP converged reason: 4, iterations: 1
  [a=23 b=29 nt=1194] KSP converged reason: 4, iterations: 1
  [a=23 b=29 nt=1178] KSP converged reason: 4, iterations: 1
  [a=23 b=29 nt=1186] KSP converged reason: 4, iterations: 1
  [a=23 b=29 nt=1182] KSP converged reason: 4, iterations: 1
  [1571] OK     f=   0.215  a=23.5 b=28.6 gap=22.8 (face=5.7mm) n=[356, 356, 229, 229, 2, 2, 5, 5, 2, 2]  tape=0.215km B=10.00T unif=9.928% hoop=99MPa
  [1572] viol   f=   0.218  a=23.5 b=28.5 gap=22.9 (face=5.8mm) n=[354, 354, 230, 230, 2, 2, 4, 4, 3, 3]  tape=0.214km B=9.95T unif=9.045% hoop=99MPa
  [1573] viol   f=   0.215  a=23.5 b=28.6 gap=23.0 (face=6.0mm) n=[357, 357, 227, 227, 5, 5, 3, 3, 1, 1]  tape=0.214km B=9.98T unif=9.068% hoop=99MPa
  [1574] viol   f=   0.215  a=23.4 b=28.6 gap=22.9 (face=5.9mm) n=[356, 356, 228, 228, 2, 2, 3, 3, 2, 2]  tape=0.213km B=9.97T unif=9.637% hoop=97MPa
  [1575] viol   f=   0.267  a=23.4 b=28.6 gap=22.9 (face=5.8mm) n=[356, 356, 227, 227, 3, 3, 3, 3, 2, 2]  tape=0.214km B=9.84T unif=7.021% hoop=98MPa
  [1576] viol   f=   0.243  a=23.5 b=28.7 gap=22.7 (face=5.5mm) n=[355, 355, 228, 228, 1, 1, 4, 4, 2, 2]  tape=0.214km B=9.88T unif=9.291% hoop=97MPa
  [1577] viol   f=   0.213  a=23.5 b=28.7 gap=22.8 (face=5.6mm) n=[356, 356, 226, 226, 1, 1, 5, 5, 1, 1]  tape=0.213km B=9.99T unif=10.356% hoop=97MPa
  [1578] viol   f=   0.244  a=23.4 b=28.6 gap=22.8 (face=5.7mm) n=[358, 358, 226, 226, 6, 6, 4, 4, 3, 3]  tape=0.217km B=9.88T unif=8.136% hoop=98MPa
  [1579] viol   f=   0.219  a=23.4 b=28.6 gap=22.9 (face=5.7mm) n=[355, 355, 227, 227, 4, 4, 4, 4, 3, 3]  tape=0.214km B=9.95T unif=8.832% hoop=98MPa
  [1580] viol   f=   0.231  a=23.5 b=28.6 gap=22.9 (face=5.8mm) n=[357, 357, 225, 225, 3, 3, 4, 4, 2, 2]  tape=0.214km B=9.91T unif=9.102% hoop=99MPa
  [a=23 b=29 nt=1182] KSP converged reason: 4, iterations: 1
  [a=23 b=29 nt=1184] KSP converged reason: 4, iterations: 1
  [a=23 b=29 nt=1184] KSP converged reason: 4, iterations: 1
  [a=23 b=29 nt=1184] KSP converged reason: 4, iterations: 1
  [a=23 b=29 nt=1186] KSP converged reason: 4, iterations: 1
  [a=23 b=29 nt=1182] KSP converged reason: 4, iterations: 1
  [a=23 b=29 nt=1184] KSP converged reason: 4, iterations: 1
  [a=23 b=29 nt=1190] KSP converged reason: 4, iterations: 1
  [a=23 b=29 nt=1182] KSP converged reason: 4, iterations: 1
  [a=24 b=29 nt=1186] KSP converged reason: 4, iterations: 1
  [1581] OK     f=   0.215  a=23.5 b=28.6 gap=22.9 (face=5.8mm) n=[358, 358, 228, 228, 2, 2, 3, 3, 2, 2]  tape=0.215km B=10.06T unif=9.283% hoop=99MPa
  [1582] viol   f=   0.263  a=23.5 b=28.7 gap=22.8 (face=5.6mm) n=[357, 357, 227, 227, 3, 3, 3, 3, 1, 1]  tape=0.214km B=9.84T unif=8.854% hoop=98MPa
  [1583] OK     f=   0.214  a=23.4 b=28.7 gap=22.8 (face=5.6mm) n=[356, 356, 228, 228, 1, 1, 5, 5, 2, 2]  tape=0.214km B=10.01T unif=10.023% hoop=98MPa
  [1584] viol   f=   0.217  a=23.5 b=28.7 gap=22.9 (face=5.7mm) n=[357, 357, 226, 226, 2, 2, 4, 4, 3, 3]  tape=0.215km B=9.97T unif=9.496% hoop=99MPa
  [1585] viol   f=   0.216  a=23.4 b=28.7 gap=22.8 (face=5.6mm) n=[356, 356, 227, 227, 1, 1, 5, 5, 2, 2]  tape=0.214km B=9.97T unif=10.025% hoop=99MPa
  [1586] viol   f=   0.215  a=23.4 b=28.6 gap=23.0 (face=5.9mm) n=[356, 356, 228, 228, 1, 1, 5, 5, 2, 2]  tape=0.214km B=9.98T unif=9.897% hoop=97MPa
  [1587] OK     f=   0.214  a=23.5 b=28.6 gap=22.9 (face=5.8mm) n=[357, 357, 227, 227, 2, 2, 5, 5, 1, 1]  tape=0.214km B=10.00T unif=9.494% hoop=99MPa
  [1588] OK     f=   0.216  a=23.4 b=28.7 gap=22.8 (face=5.6mm) n=[357, 357, 227, 227, 2, 2, 6, 6, 3, 3]  tape=0.216km B=10.00T unif=9.789% hoop=99MPa
  [1589] viol   f=   0.274  a=23.5 b=28.7 gap=22.9 (face=5.7mm) n=[358, 358, 225, 225, 3, 3, 3, 3, 2, 2]  tape=0.214km B=9.83T unif=7.916% hoop=98MPa
  [1590] OK     f=   0.214  a=23.5 b=28.6 gap=22.9 (face=5.7mm) n=[355, 355, 230, 230, 1, 1, 5, 5, 2, 2]  tape=0.214km B=10.02T unif=9.744% hoop=98MPa
  [a=23 b=29 nt=1186] KSP converged reason: 4, iterations: 1
  [a=23 b=29 nt=1184] KSP converged reason: 4, iterations: 1
  [a=23 b=29 nt=1186] KSP converged reason: 4, iterations: 1
  [a=23 b=29 nt=1182] KSP converged reason: 4, iterations: 1
  [a=23 b=29 nt=1188] KSP converged reason: 4, iterations: 1
  [a=23 b=29 nt=1182] KSP converged reason: 4, iterations: 1
  [a=24 b=29 nt=1186] KSP converged reason: 4, iterations: 1
  [a=23 b=29 nt=1184] KSP converged reason: 4, iterations: 1
  [a=23 b=29 nt=1184] KSP converged reason: 4, iterations: 1
  [a=23 b=29 nt=1190] KSP converged reason: 4, iterations: 1
  [1591] viol   f=   0.216  a=23.4 b=28.6 gap=22.8 (face=5.7mm) n=[355, 355, 228, 228, 1, 1, 6, 6, 3, 3]  tape=0.215km B=9.98T unif=9.800% hoop=97MPa
  [1592] viol   f=   0.217  a=23.4 b=28.6 gap=22.9 (face=5.7mm) n=[357, 357, 226, 226, 2, 2, 6, 6, 1, 1]  tape=0.214km B=9.96T unif=9.551% hoop=99MPa
  [1593] viol   f=   0.215  a=23.5 b=28.7 gap=22.7 (face=5.4mm) n=[357, 357, 227, 227, 1, 1, 5, 5, 1, 1]  tape=0.214km B=9.98T unif=10.105% hoop=99MPa
  [1594] viol   f=   0.223  a=23.4 b=28.6 gap=22.8 (face=5.7mm) n=[357, 357, 225, 225, 3, 3, 6, 6, 2, 2]  tape=0.215km B=9.94T unif=9.266% hoop=99MPa
  [1595] viol   f=   0.221  a=23.5 b=28.7 gap=22.9 (face=5.7mm) n=[356, 356, 226, 226, 2, 2, 6, 6, 1, 1]  tape=0.214km B=9.94T unif=9.307% hoop=99MPa
  [1596] viol   f=   0.216  a=23.4 b=28.6 gap=22.9 (face=5.7mm) n=[355, 355, 227, 227, 4, 4, 6, 6, 2, 2]  tape=0.215km B=9.98T unif=9.440% hoop=98MPa
  [1597] OK     f=   0.215  a=23.5 b=28.6 gap=22.9 (face=5.8mm) n=[357, 357, 228, 228, 1, 1, 5, 5, 2, 2]  tape=0.215km B=10.02T unif=9.554% hoop=99MPa
  [1598] viol   f=   0.216  a=23.5 b=28.7 gap=22.9 (face=5.8mm) n=[356, 356, 228, 228, 2, 2, 4, 4, 2, 2]  tape=0.214km B=9.97T unif=9.466% hoop=98MPa
  [1599] viol   f=   0.217  a=23.5 b=28.6 gap=22.9 (face=5.7mm) n=[356, 356, 227, 227, 2, 2, 6, 6, 1, 1]  tape=0.214km B=9.96T unif=9.638% hoop=99MPa
  [1600] viol   f=   0.217  a=23.5 b=28.6 gap=22.9 (face=5.9mm) n=[357, 357, 229, 229, 2, 2, 4, 4, 3, 3]  tape=0.215km B=9.97T unif=9.934% hoop=97MPa
  [a=23 b=29 nt=1188] KSP converged reason: 4, iterations: 1
  [a=23 b=29 nt=1182] KSP converged reason: 4, iterations: 1
  [a=23 b=29 nt=1186] KSP converged reason: 4, iterations: 1
  [a=23 b=29 nt=1178] KSP converged reason: 4, iterations: 1
  [a=24 b=29 nt=1188] KSP converged reason: 4, iterations: 1
  [a=23 b=29 nt=1186] KSP converged reason: 4, iterations: 1
  [a=23 b=29 nt=1180] KSP converged reason: 4, iterations: 1
  [a=23 b=29 nt=1186] KSP converged reason: 4, iterations: 1
  [a=24 b=29 nt=1196] KSP converged reason: 4, iterations: 1
  [a=23 b=29 nt=1182] KSP converged reason: 4, iterations: 1
  [1601] OK     f=   0.215  a=23.5 b=28.7 gap=22.9 (face=5.7mm) n=[357, 357, 228, 228, 2, 2, 5, 5, 1, 1]  tape=0.215km B=10.03T unif=9.729% hoop=99MPa
  [1602] OK     f=   0.215  a=23.5 b=28.6 gap=22.8 (face=5.7mm) n=[358, 358, 228, 228, 1, 1, 5, 5, 2, 2]  tape=0.215km B=10.02T unif=10.178% hoop=99MPa
  [1603] viol   f=   0.219  a=23.5 b=28.7 gap=22.8 (face=5.6mm) n=[355, 355, 228, 228, 2, 2, 5, 5, 1, 1]  tape=0.214km B=9.95T unif=9.593% hoop=129MPa
  [1604] viol   f=   0.215  a=23.5 b=28.6 gap=22.9 (face=5.8mm) n=[356, 356, 229, 229, 2, 2, 5, 5, 2, 2]  tape=0.215km B=9.99T unif=9.624% hoop=98MPa
  [1605] viol   f=   0.219  a=23.5 b=28.7 gap=22.8 (face=5.6mm) n=[356, 356, 227, 227, 1, 1, 4, 4, 1, 1]  tape=0.213km B=9.95T unif=10.090% hoop=99MPa
  [1606] viol   f=   0.219  a=23.5 b=28.6 gap=22.9 (face=5.7mm) n=[357, 357, 227, 227, 2, 2, 5, 5, 2, 2]  tape=0.215km B=9.95T unif=9.449% hoop=98MPa
  [1607] viol   f=   0.241  a=23.5 b=28.6 gap=22.9 (face=5.7mm) n=[356, 356, 225, 225, 2, 2, 5, 5, 2, 2]  tape=0.214km B=9.88T unif=9.770% hoop=99MPa
  [1608] viol   f=   0.216  a=23.5 b=28.6 gap=22.9 (face=5.7mm) n=[357, 357, 227, 227, 2, 2, 5, 5, 2, 2]  tape=0.215km B=9.97T unif=9.222% hoop=99MPa
  [1609] viol   f=   0.240  a=23.5 b=28.6 gap=22.9 (face=5.8mm) n=[355, 355, 229, 229, 1, 1, 5, 5, 1, 1]  tape=0.214km B=9.89T unif=8.621% hoop=97MPa
  [1610] OK     f=   0.217  a=23.5 b=28.7 gap=22.8 (face=5.6mm) n=[356, 356, 230, 230, 4, 4, 6, 6, 2, 2]  tape=0.217km B=10.07T unif=10.731% hoop=99MPa
  [a=23 b=29 nt=1190] KSP converged reason: 4, iterations: 1
  [a=24 b=29 nt=1188] KSP converged reason: 4, iterations: 1
  [a=23 b=29 nt=1184] KSP converged reason: 4, iterations: 1
  [a=24 b=29 nt=1184] KSP converged reason: 4, iterations: 1
  [a=23 b=29 nt=1186] KSP converged reason: 4, iterations: 1
  [a=23 b=29 nt=1182] KSP converged reason: 4, iterations: 1
  [a=23 b=29 nt=1190] KSP converged reason: 4, iterations: 1
  [a=23 b=29 nt=1184] KSP converged reason: 4, iterations: 1
  [a=23 b=29 nt=1182] KSP converged reason: 4, iterations: 1
  [a=23 b=29 nt=1186] KSP converged reason: 4, iterations: 1
  [1611] OK     f=   0.215  a=23.5 b=28.7 gap=22.8 (face=5.7mm) n=[357, 357, 229, 229, 2, 2, 4, 4, 2, 2]  tape=0.215km B=10.01T unif=9.612% hoop=97MPa
  [1612] viol   f=   0.269  a=23.5 b=28.7 gap=22.8 (face=5.6mm) n=[358, 358, 227, 227, 1, 1, 6, 6, 1, 1]  tape=0.215km B=9.84T unif=8.323% hoop=99MPa
  [1613] viol   f=   0.217  a=23.5 b=28.7 gap=22.8 (face=5.6mm) n=[358, 358, 227, 227, 2, 2, 6, 6, 2, 2]  tape=0.216km B=9.98T unif=9.460% hoop=100MPa
  [1614] OK     f=   0.214  a=23.5 b=28.7 gap=22.9 (face=5.8mm) n=[356, 356, 229, 229, 2, 2, 3, 3, 2, 2]  tape=0.214km B=10.01T unif=9.648% hoop=99MPa
  [1615] viol   f=   0.219  a=23.5 b=28.6 gap=22.9 (face=5.8mm) n=[357, 357, 228, 228, 1, 1, 4, 4, 2, 2]  tape=0.214km B=9.95T unif=9.444% hoop=98MPa
  [1616] viol   f=   0.219  a=23.5 b=28.6 gap=22.9 (face=5.7mm) n=[357, 357, 227, 227, 2, 2, 4, 4, 1, 1]  tape=0.214km B=9.95T unif=9.510% hoop=98MPa
  [1617] viol   f=   0.219  a=23.5 b=28.6 gap=22.8 (face=5.7mm) n=[358, 358, 227, 227, 3, 3, 6, 6, 1, 1]  tape=0.216km B=9.96T unif=9.940% hoop=99MPa
  [1618] viol   f=   0.216  a=23.5 b=28.7 gap=22.8 (face=5.6mm) n=[357, 357, 226, 226, 2, 2, 5, 5, 2, 2]  tape=0.215km B=9.98T unif=9.651% hoop=100MPa
  [1619] viol   f=   0.215  a=23.5 b=28.7 gap=22.8 (face=5.7mm) n=[356, 356, 229, 229, 1, 1, 4, 4, 1, 1]  tape=0.214km B=9.97T unif=10.026% hoop=98MPa
  [1620] OK     f=   0.215  a=23.5 b=28.6 gap=22.9 (face=5.8mm) n=[357, 357, 228, 228, 1, 1, 5, 5, 2, 2]  tape=0.215km B=10.02T unif=9.656% hoop=99MPa
  [a=24 b=29 nt=1184] KSP converged reason: 4, iterations: 1
  [a=24 b=29 nt=1184] KSP converged reason: 4, iterations: 1
  [a=24 b=29 nt=1190] KSP converged reason: 4, iterations: 1
  [a=23 b=29 nt=1182] KSP converged reason: 4, iterations: 1
  [a=24 b=29 nt=1188] KSP converged reason: 4, iterations: 1
  [a=24 b=29 nt=1184] KSP converged reason: 4, iterations: 1
  [a=24 b=29 nt=1194] KSP converged reason: 4, iterations: 1
  [a=24 b=29 nt=1192] KSP converged reason: 4, iterations: 1
  [a=23 b=29 nt=1184] KSP converged reason: 4, iterations: 1
  [a=24 b=29 nt=1184] KSP converged reason: 4, iterations: 1
  [1621] viol   f=   0.234  a=23.5 b=28.7 gap=22.9 (face=5.8mm) n=[357, 357, 228, 228, 1, 1, 3, 3, 3, 3]  tape=0.214km B=9.90T unif=9.018% hoop=98MPa
  [1622] OK     f=   0.215  a=23.5 b=28.7 gap=22.9 (face=5.7mm) n=[357, 357, 228, 228, 1, 1, 5, 5, 3, 3]  tape=0.215km B=10.01T unif=9.458% hoop=99MPa
  [1623] viol   f=   0.228  a=23.5 b=28.7 gap=22.9 (face=5.7mm) n=[356, 356, 228, 228, 1, 1, 4, 4, 2, 2]  tape=0.214km B=9.92T unif=9.972% hoop=98MPa
  [1624] viol   f=   0.215  a=23.5 b=28.7 gap=22.9 (face=5.9mm) n=[357, 357, 227, 227, 2, 2, 3, 3, 3, 3]  tape=0.215km B=9.98T unif=9.984% hoop=99MPa
  [1625] viol   f=   0.223  a=23.5 b=28.7 gap=22.9 (face=5.8mm) n=[355, 355, 230, 230, 1, 1, 3, 3, 3, 3]  tape=0.214km B=9.93T unif=9.733% hoop=99MPa
  [1626] OK     f=   0.216  a=23.5 b=28.7 gap=22.8 (face=5.7mm) n=[357, 357, 229, 229, 2, 2, 5, 5, 2, 2]  tape=0.216km B=10.06T unif=9.618% hoop=99MPa
  [1627] viol   f=   0.218  a=23.5 b=28.7 gap=22.8 (face=5.6mm) n=[359, 359, 228, 228, 4, 4, 4, 4, 2, 2]  tape=0.217km B=9.98T unif=8.421% hoop=100MPa
  [1628] OK     f=   0.214  a=23.5 b=28.7 gap=22.9 (face=5.8mm) n=[356, 356, 229, 229, 1, 1, 4, 4, 2, 2]  tape=0.214km B=10.01T unif=9.656% hoop=98MPa
  [1629] OK     f=   0.216  a=23.5 b=28.7 gap=22.9 (face=5.8mm) n=[357, 357, 231, 231, 3, 3, 4, 4, 1, 1]  tape=0.216km B=10.06T unif=9.779% hoop=99MPa
  [1630] OK     f=   0.214  a=23.5 b=28.7 gap=22.8 (face=5.7mm) n=[356, 356, 229, 229, 1, 1, 4, 4, 2, 2]  tape=0.214km B=10.05T unif=10.463% hoop=99MPa
  [a=24 b=29 nt=1184] KSP converged reason: 4, iterations: 1
  [a=24 b=29 nt=1188] KSP converged reason: 4, iterations: 1
  [a=23 b=29 nt=1188] KSP converged reason: 4, iterations: 1
  [a=24 b=29 nt=1188] KSP converged reason: 4, iterations: 1
  [a=23 b=29 nt=1184] KSP converged reason: 4, iterations: 1
  [a=23 b=29 nt=1182] KSP converged reason: 4, iterations: 1
  [a=24 b=29 nt=1182] KSP converged reason: 4, iterations: 1
  [a=24 b=29 nt=1190] KSP converged reason: 4, iterations: 1
  [a=24 b=29 nt=1188] KSP converged reason: 4, iterations: 1
  [a=24 b=29 nt=1184] KSP converged reason: 4, iterations: 1
  [1631] viol   f=   0.224  a=23.5 b=28.6 gap=22.9 (face=5.8mm) n=[356, 356, 229, 229, 1, 1, 5, 5, 3, 3]  tape=0.215km B=9.93T unif=8.679% hoop=99MPa
  [1632] OK     f=   0.215  a=23.5 b=28.7 gap=22.8 (face=5.7mm) n=[357, 357, 227, 227, 3, 3, 5, 5, 2, 2]  tape=0.215km B=10.02T unif=9.431% hoop=99MPa
  [1633] viol   f=   0.224  a=23.5 b=28.6 gap=22.9 (face=5.8mm) n=[356, 356, 228, 228, 2, 2, 4, 4, 2, 2]  tape=0.214km B=9.93T unif=8.552% hoop=98MPa
  [1634] OK     f=   0.215  a=23.5 b=28.7 gap=22.8 (face=5.7mm) n=[357, 357, 228, 228, 2, 2, 5, 5, 2, 2]  tape=0.215km B=10.03T unif=9.537% hoop=100MPa
  [1635] viol   f=   0.243  a=23.5 b=28.6 gap=22.9 (face=5.7mm) n=[356, 356, 229, 229, 1, 1, 4, 4, 1, 1]  tape=0.214km B=9.88T unif=8.170% hoop=98MPa
  [1636] viol   f=   0.250  a=23.5 b=28.7 gap=22.9 (face=5.8mm) n=[356, 356, 230, 230, 2, 2, 2, 2, 2, 2]  tape=0.214km B=9.87T unif=8.799% hoop=98MPa
  [1637] viol   f=   0.314  a=23.5 b=28.7 gap=22.9 (face=5.8mm) n=[355, 355, 229, 229, 2, 2, 3, 3, 2, 2]  tape=0.214km B=9.78T unif=5.820% hoop=98MPa
  [1638] viol   f=   0.218  a=23.5 b=28.6 gap=22.9 (face=5.8mm) n=[357, 357, 228, 228, 2, 2, 5, 5, 3, 3]  tape=0.216km B=9.97T unif=9.412% hoop=99MPa
  [1639] viol   f=   0.216  a=23.5 b=28.7 gap=22.9 (face=5.7mm) n=[357, 357, 228, 228, 2, 2, 4, 4, 3, 3]  tape=0.216km B=9.98T unif=9.401% hoop=99MPa
  [1640] viol   f=   0.290  a=23.5 b=28.7 gap=22.9 (face=5.7mm) n=[357, 357, 227, 227, 2, 2, 3, 3, 3, 3]  tape=0.215km B=9.81T unif=6.166% hoop=99MPa
  [a=24 b=29 nt=1190] KSP converged reason: 4, iterations: 1
  [a=23 b=29 nt=1182] KSP converged reason: 4, iterations: 1
  [a=23 b=29 nt=1186] KSP converged reason: 4, iterations: 1
  [a=24 b=29 nt=1186] KSP converged reason: 4, iterations: 1
  [a=23 b=29 nt=1182] KSP converged reason: 4, iterations: 1
  [a=24 b=29 nt=1186] KSP converged reason: 4, iterations: 1
  [a=23 b=29 nt=1186] KSP converged reason: 4, iterations: 1
  [a=24 b=29 nt=1186] KSP converged reason: 4, iterations: 1
  [a=23 b=29 nt=1184] KSP converged reason: 4, iterations: 1
  [a=23 b=29 nt=1188] KSP converged reason: 4, iterations: 1
  [1641] viol   f=   0.245  a=23.5 b=28.7 gap=22.8 (face=5.6mm) n=[355, 355, 229, 229, 1, 1, 5, 5, 1, 1]  tape=0.214km B=9.88T unif=8.028% hoop=98MPa
  [1642] OK     f=   0.216  a=23.5 b=28.7 gap=22.9 (face=5.7mm) n=[360, 360, 226, 226, 1, 1, 5, 5, 3, 3]  tape=0.216km B=10.00T unif=10.130% hoop=100MPa
  [1643] viol   f=   0.231  a=23.5 b=28.7 gap=22.8 (face=5.6mm) n=[358, 358, 226, 226, 1, 1, 5, 5, 3, 3]  tape=0.215km B=9.91T unif=9.467% hoop=99MPa
  [1644] viol   f=   0.215  a=23.5 b=28.7 gap=22.9 (face=5.8mm) n=[357, 357, 229, 229, 1, 1, 4, 4, 2, 2]  tape=0.215km B=9.98T unif=9.588% hoop=97MPa
  [1645] OK     f=   0.214  a=23.5 b=28.7 gap=22.8 (face=5.6mm) n=[356, 356, 228, 228, 2, 2, 4, 4, 1, 1]  tape=0.214km B=10.01T unif=10.922% hoop=99MPa
  [1646] viol   f=   0.244  a=23.5 b=28.6 gap=22.9 (face=5.7mm) n=[358, 358, 227, 227, 2, 2, 5, 5, 1, 1]  tape=0.215km B=9.88T unif=7.941% hoop=99MPa
  [1647] viol   f=   0.215  a=23.5 b=28.7 gap=22.8 (face=5.6mm) n=[356, 356, 227, 227, 2, 2, 5, 5, 2, 2]  tape=0.215km B=10.00T unif=10.243% hoop=98MPa
  [1648] OK     f=   0.215  a=23.5 b=28.7 gap=22.8 (face=5.7mm) n=[357, 357, 227, 227, 2, 2, 5, 5, 2, 2]  tape=0.215km B=10.02T unif=9.436% hoop=99MPa
  [1649] viol   f=   0.263  a=23.5 b=28.7 gap=22.8 (face=5.7mm) n=[358, 358, 226, 226, 2, 2, 5, 5, 2, 2]  tape=0.215km B=9.84T unif=8.327% hoop=99MPa
  [1650] viol   f=   0.216  a=23.5 b=28.7 gap=22.8 (face=5.5mm) n=[357, 357, 228, 228, 1, 1, 6, 6, 2, 2]  tape=0.215km B=9.99T unif=10.229% hoop=99MPa
  [a=23 b=29 nt=1186] KSP converged reason: 4, iterations: 1
  [a=24 b=29 nt=1186] KSP converged reason: 4, iterations: 1
  [a=23 b=29 nt=1188] KSP converged reason: 4, iterations: 1
  [a=24 b=29 nt=1188] KSP converged reason: 4, iterations: 1
  [a=23 b=29 nt=1184] KSP converged reason: 4, iterations: 1
  [a=24 b=29 nt=1182] KSP converged reason: 4, iterations: 1
  [a=24 b=29 nt=1182] KSP converged reason: 4, iterations: 1
  [a=23 b=29 nt=1184] KSP converged reason: 4, iterations: 1
  [a=24 b=29 nt=1184] KSP converged reason: 4, iterations: 1
  [a=23 b=29 nt=1182] KSP converged reason: 4, iterations: 1
  [1651] OK     f=   0.215  a=23.5 b=28.7 gap=22.8 (face=5.6mm) n=[356, 356, 229, 229, 1, 1, 5, 5, 2, 2]  tape=0.215km B=10.02T unif=9.732% hoop=99MPa
  [1652] viol   f=   0.215  a=23.5 b=28.6 gap=22.9 (face=5.7mm) n=[356, 356, 227, 227, 3, 3, 5, 5, 2, 2]  tape=0.215km B=9.99T unif=9.890% hoop=98MPa
  [1653] OK     f=   0.215  a=23.5 b=28.7 gap=22.8 (face=5.6mm) n=[356, 356, 228, 228, 3, 3, 5, 5, 2, 2]  tape=0.215km B=10.02T unif=10.464% hoop=98MPa
  [1654] viol   f=   0.216  a=23.5 b=28.7 gap=22.8 (face=5.6mm) n=[357, 357, 229, 229, 2, 2, 4, 4, 2, 2]  tape=0.215km B=9.98T unif=9.597% hoop=98MPa
  [1655] OK     f=   0.214  a=23.5 b=28.7 gap=22.8 (face=5.6mm) n=[356, 356, 228, 228, 1, 1, 5, 5, 2, 2]  tape=0.214km B=10.04T unif=10.458% hoop=98MPa
  [1656] viol   f=   0.216  a=23.5 b=28.7 gap=22.8 (face=5.6mm) n=[356, 356, 228, 228, 2, 2, 3, 3, 2, 2]  tape=0.214km B=9.97T unif=9.768% hoop=98MPa
  [1657] OK     f=   0.214  a=23.5 b=28.7 gap=22.8 (face=5.7mm) n=[356, 356, 229, 229, 1, 1, 4, 4, 1, 1]  tape=0.214km B=10.01T unif=10.919% hoop=99MPa
  [1658] viol   f=   0.228  a=23.5 b=28.7 gap=22.8 (face=5.6mm) n=[357, 357, 226, 226, 2, 2, 5, 5, 2, 2]  tape=0.215km B=9.92T unif=9.260% hoop=100MPa
  [1659] viol   f=   0.215  a=23.5 b=28.7 gap=22.8 (face=5.6mm) n=[356, 356, 229, 229, 2, 2, 4, 4, 1, 1]  tape=0.214km B=9.98T unif=9.798% hoop=98MPa
  [1660] viol   f=   0.221  a=23.5 b=28.6 gap=22.9 (face=5.7mm) n=[356, 356, 227, 227, 2, 2, 5, 5, 1, 1]  tape=0.214km B=9.94T unif=9.418% hoop=182MPa
  [a=24 b=29 nt=1194] KSP converged reason: 4, iterations: 1
  [a=23 b=29 nt=1190] KSP converged reason: 4, iterations: 1
  [a=23 b=29 nt=1184] KSP converged reason: 4, iterations: 1
  [a=23 b=29 nt=1184] KSP converged reason: 4, iterations: 1
  [a=23 b=29 nt=1186] KSP converged reason: 4, iterations: 1
  [a=23 b=29 nt=1186] KSP converged reason: 4, iterations: 1
  [a=24 b=29 nt=1186] KSP converged reason: 4, iterations: 1
  [a=24 b=29 nt=1192] KSP converged reason: 4, iterations: 1
  [a=24 b=29 nt=1188] KSP converged reason: 4, iterations: 1
  [a=24 b=29 nt=1184] KSP converged reason: 4, iterations: 1
  [1661] OK     f=   0.214  a=23.5 b=28.6 gap=22.9 (face=5.7mm) n=[357, 357, 229, 229, 2, 2, 4, 4, 1, 1]  tape=0.214km B=10.06T unif=9.558% hoop=99MPa
  [1662] viol   f=   0.216  a=23.5 b=28.6 gap=22.9 (face=5.8mm) n=[356, 356, 228, 228, 2, 2, 4, 4, 2, 2]  tape=0.214km B=9.97T unif=9.754% hoop=98MPa
  [1663] OK     f=   0.214  a=23.5 b=28.7 gap=22.8 (face=5.6mm) n=[356, 356, 228, 228, 2, 2, 5, 5, 1, 1]  tape=0.214km B=10.04T unif=10.407% hoop=99MPa
  [1664] OK     f=   0.216  a=23.5 b=28.7 gap=22.8 (face=5.5mm) n=[357, 357, 229, 229, 2, 2, 5, 5, 2, 2]  tape=0.216km B=10.01T unif=9.804% hoop=98MPa
  [1665] OK     f=   0.216  a=23.5 b=28.7 gap=22.8 (face=5.7mm) n=[357, 357, 231, 231, 3, 3, 5, 5, 1, 1]  tape=0.216km B=10.02T unif=9.653% hoop=98MPa
  [1666] OK     f=   0.215  a=23.5 b=28.6 gap=22.8 (face=5.7mm) n=[356, 356, 229, 229, 1, 1, 5, 5, 2, 2]  tape=0.215km B=10.04T unif=10.476% hoop=99MPa
  [1667] viol   f=   0.219  a=23.5 b=28.6 gap=22.8 (face=5.7mm) n=[356, 356, 229, 229, 2, 2, 5, 5, 1, 1]  tape=0.215km B=9.95T unif=10.115% hoop=98MPa
  [1668] viol   f=   0.216  a=23.5 b=28.7 gap=22.8 (face=5.6mm) n=[357, 357, 229, 229, 1, 1, 5, 5, 2, 2]  tape=0.215km B=9.98T unif=9.637% hoop=98MPa
  [1669] OK     f=   0.216  a=23.5 b=28.7 gap=22.8 (face=5.7mm) n=[357, 357, 230, 230, 3, 3, 5, 5, 1, 1]  tape=0.216km B=10.05T unif=9.694% hoop=99MPa
  [1670] OK     f=   0.214  a=23.5 b=28.6 gap=22.9 (face=5.8mm) n=[357, 357, 227, 227, 2, 2, 4, 4, 2, 2]  tape=0.214km B=10.00T unif=9.335% hoop=99MPa
  [a=23 b=29 nt=1188] KSP converged reason: 4, iterations: 1
  [a=23 b=29 nt=1184] KSP converged reason: 4, iterations: 1
  [a=24 b=29 nt=1182] KSP converged reason: 4, iterations: 1
  [a=24 b=29 nt=1186] KSP converged reason: 4, iterations: 1
  [a=23 b=29 nt=1184] KSP converged reason: 4, iterations: 1
  [a=23 b=29 nt=1182] KSP converged reason: 4, iterations: 1
  [a=23 b=29 nt=1180] KSP converged reason: 4, iterations: 1
  [a=24 b=29 nt=1184] KSP converged reason: 4, iterations: 1
  [a=23 b=29 nt=1184] KSP converged reason: 4, iterations: 1
  [a=24 b=29 nt=1182] KSP converged reason: 4, iterations: 1
  [1671] OK     f=   0.214  a=23.5 b=28.6 gap=22.9 (face=5.7mm) n=[357, 357, 229, 229, 2, 2, 4, 4, 1, 1]  tape=0.214km B=10.04T unif=9.585% hoop=99MPa
  [1672] OK     f=   0.214  a=23.5 b=28.6 gap=22.9 (face=5.8mm) n=[356, 356, 229, 229, 2, 2, 4, 4, 1, 1]  tape=0.214km B=10.02T unif=9.542% hoop=98MPa
  [1673] OK     f=   0.214  a=23.5 b=28.7 gap=22.9 (face=5.7mm) n=[356, 356, 228, 228, 1, 1, 4, 4, 2, 2]  tape=0.214km B=10.00T unif=9.619% hoop=99MPa
  [1674] OK     f=   0.214  a=23.5 b=28.6 gap=22.9 (face=5.7mm) n=[355, 355, 229, 229, 1, 1, 5, 5, 2, 2]  tape=0.214km B=10.04T unif=9.519% hoop=99MPa
  [1675] OK     f=   0.215  a=23.5 b=28.6 gap=22.8 (face=5.7mm) n=[357, 357, 228, 228, 2, 2, 5, 5, 2, 2]  tape=0.215km B=10.01T unif=9.558% hoop=98MPa
  [1676] viol   f=   0.252  a=23.5 b=28.6 gap=22.9 (face=5.7mm) n=[358, 358, 227, 227, 1, 1, 4, 4, 1, 1]  tape=0.214km B=9.86T unif=7.992% hoop=99MPa
  [1677] viol   f=   0.214  a=23.5 b=28.7 gap=22.9 (face=5.7mm) n=[357, 357, 227, 227, 1, 1, 4, 4, 1, 1]  tape=0.213km B=9.99T unif=9.454% hoop=99MPa
  [1678] viol   f=   0.214  a=23.5 b=28.6 gap=22.9 (face=5.8mm) n=[356, 356, 229, 229, 1, 1, 4, 4, 1, 1]  tape=0.213km B=9.99T unif=9.721% hoop=98MPa
  [1679] viol   f=   0.214  a=23.5 b=28.7 gap=22.8 (face=5.6mm) n=[357, 357, 229, 229, 1, 1, 4, 4, 1, 1]  tape=0.214km B=9.99T unif=9.576% hoop=98MPa
  [1680] OK     f=   0.215  a=23.5 b=28.7 gap=22.8 (face=5.6mm) n=[358, 358, 227, 227, 1, 1, 4, 4, 2, 2]  tape=0.215km B=10.04T unif=10.172% hoop=100MPa
  [a=24 b=29 nt=1190] KSP converged reason: 4, iterations: 1
  [a=23 b=29 nt=1184] KSP converged reason: 4, iterations: 1
  [a=23 b=29 nt=1182] KSP converged reason: 4, iterations: 1
  [a=23 b=29 nt=1178] KSP converged reason: 4, iterations: 1
  [a=23 b=29 nt=1182] KSP converged reason: 4, iterations: 1
  [a=24 b=29 nt=1182] KSP converged reason: 4, iterations: 1
  [a=24 b=29 nt=1184] KSP converged reason: 4, iterations: 1
  [a=23 b=29 nt=1184] KSP converged reason: 4, iterations: 1
  [a=24 b=29 nt=1184] KSP converged reason: 4, iterations: 1
  [a=24 b=29 nt=1184] KSP converged reason: 4, iterations: 1
  [1681] viol   f=   0.214  a=23.5 b=28.7 gap=22.8 (face=5.6mm) n=[357, 357, 227, 227, 1, 1, 4, 4, 2, 2]  tape=0.214km B=9.99T unif=9.465% hoop=99MPa
  [1682] OK     f=   0.216  a=23.5 b=28.7 gap=22.8 (face=5.7mm) n=[357, 357, 229, 229, 3, 3, 4, 4, 2, 2]  tape=0.216km B=10.02T unif=9.544% hoop=99MPa
  [1683] viol   f= 108.925  a=23.5 b=28.6 gap=22.9 (face=5.9mm) n=[356, 356, 229, 229, 2, 2, 4, 4, 1, 1]  tape=0.214km B=2.63T unif=7.506% hoop=400MPa
  [1684] OK     f=   0.213  a=23.5 b=28.7 gap=22.9 (face=5.7mm) n=[356, 356, 227, 227, 1, 1, 4, 4, 1, 1]  tape=0.213km B=10.00T unif=10.319% hoop=98MPa
  [1685] viol   f=   0.227  a=23.5 b=28.7 gap=22.9 (face=5.7mm) n=[356, 356, 228, 228, 1, 1, 4, 4, 2, 2]  tape=0.214km B=9.92T unif=9.947% hoop=98MPa
  [1686] viol   f=   0.221  a=23.5 b=28.6 gap=22.9 (face=5.8mm) n=[357, 357, 228, 228, 1, 1, 4, 4, 1, 1]  tape=0.214km B=9.94T unif=9.400% hoop=98MPa
  [1687] viol   f=   0.219  a=23.5 b=28.7 gap=22.8 (face=5.6mm) n=[357, 357, 227, 227, 2, 2, 5, 5, 1, 1]  tape=0.214km B=9.95T unif=9.389% hoop=99MPa
  [1688] viol   f=   0.215  a=23.5 b=28.6 gap=22.9 (face=5.7mm) n=[356, 356, 228, 228, 2, 2, 4, 4, 2, 2]  tape=0.214km B=9.98T unif=9.612% hoop=98MPa
  [1689] OK     f=   0.214  a=23.5 b=28.7 gap=22.8 (face=5.6mm) n=[356, 356, 229, 229, 1, 1, 4, 4, 2, 2]  tape=0.214km B=10.02T unif=9.677% hoop=99MPa
  [1690] OK     f=   0.214  a=23.5 b=28.7 gap=22.8 (face=5.6mm) n=[356, 356, 228, 228, 2, 2, 5, 5, 1, 1]  tape=0.214km B=10.05T unif=10.448% hoop=99MPa
  [a=24 b=29 nt=1188] KSP converged reason: 4, iterations: 1
  [a=24 b=29 nt=1184] KSP converged reason: 4, iterations: 1
  [a=24 b=29 nt=1182] KSP converged reason: 4, iterations: 1
  [a=24 b=29 nt=1182] KSP converged reason: 4, iterations: 1
  [a=24 b=29 nt=1182] KSP converged reason: 4, iterations: 1
  [a=23 b=29 nt=1182] KSP converged reason: 4, iterations: 1
  [a=24 b=29 nt=1182] KSP converged reason: 4, iterations: 1
  [a=24 b=29 nt=1184] KSP converged reason: 4, iterations: 1
  [a=23 b=29 nt=1182] KSP converged reason: 4, iterations: 1
  [a=23 b=29 nt=1182] KSP converged reason: 4, iterations: 1
  [1691] OK     f=   0.214  a=23.5 b=28.7 gap=22.8 (face=5.6mm) n=[356, 356, 228, 228, 1, 1, 4, 4, 2, 2]  tape=0.214km B=10.01T unif=9.594% hoop=99MPa
  [1692] viol   f=   0.216  a=23.5 b=28.6 gap=22.9 (face=5.7mm) n=[355, 355, 229, 229, 2, 2, 4, 4, 1, 1]  tape=0.214km B=9.96T unif=9.567% hoop=98MPa
  [1693] viol   f=   0.217  a=23.5 b=28.7 gap=22.9 (face=5.7mm) n=[357, 357, 227, 227, 2, 2, 4, 4, 2, 2]  tape=0.215km B=9.96T unif=9.344% hoop=99MPa
  [1694] viol   f=   0.215  a=23.5 b=28.7 gap=22.8 (face=5.6mm) n=[357, 357, 226, 226, 2, 2, 4, 4, 2, 2]  tape=0.214km B=9.98T unif=9.300% hoop=100MPa
  [1695] viol   f=   9.686  a=23.5 b=28.6 gap=22.8 (face=5.7mm) n=[356, 356, 229, 229, 1, 1, 4, 4, 1, 1]  tape=0.214km B=7.82T unif=9.470% hoop=400MPa
  [1696] viol   f=   0.215  a=23.5 b=28.7 gap=22.8 (face=5.7mm) n=[356, 356, 229, 229, 2, 2, 4, 4, 3, 3]  tape=0.215km B=10.00T unif=9.842% hoop=99MPa
  [1697] viol   f=   0.218  a=23.5 b=28.6 gap=22.9 (face=5.8mm) n=[356, 356, 228, 228, 1, 1, 4, 4, 2, 2]  tape=0.214km B=9.96T unif=9.620% hoop=98MPa
  [1698] viol   f=   0.222  a=23.5 b=28.7 gap=22.9 (face=5.7mm) n=[357, 357, 228, 228, 1, 1, 4, 4, 1, 1]  tape=0.214km B=9.93T unif=9.526% hoop=98MPa
  [1699] viol   f=   0.217  a=23.5 b=28.6 gap=22.8 (face=5.7mm) n=[356, 356, 228, 228, 1, 1, 5, 5, 1, 1]  tape=0.214km B=9.96T unif=9.706% hoop=97MPa
  [1700] OK     f=   0.214  a=23.5 b=28.7 gap=22.9 (face=5.7mm) n=[356, 356, 229, 229, 2, 2, 4, 4, 1, 1]  tape=0.214km B=10.03T unif=10.409% hoop=99MPa
  [a=24 b=29 nt=1186] KSP converged reason: 4, iterations: 1
  [a=24 b=29 nt=1184] KSP converged reason: 4, iterations: 1
  [a=24 b=29 nt=1186] KSP converged reason: 4, iterations: 1
  [a=24 b=29 nt=1184] KSP converged reason: 4, iterations: 1
  [a=24 b=29 nt=1184] KSP converged reason: 4, iterations: 1
  [a=24 b=29 nt=1184] KSP converged reason: 4, iterations: 1
  [a=24 b=29 nt=1186] KSP converged reason: 4, iterations: 1
  [a=24 b=29 nt=1184] KSP converged reason: 4, iterations: 1
  [a=24 b=29 nt=1186] KSP converged reason: 4, iterations: 1
  [a=24 b=29 nt=1182] KSP converged reason: 4, iterations: 1
  [1701] viol   f=   0.215  a=23.5 b=28.7 gap=22.8 (face=5.6mm) n=[357, 357, 227, 227, 1, 1, 5, 5, 2, 2]  tape=0.215km B=9.98T unif=9.469% hoop=99MPa
  [1702] viol   f=   0.216  a=23.5 b=28.7 gap=22.8 (face=5.7mm) n=[356, 356, 228, 228, 1, 1, 5, 5, 3, 3]  tape=0.215km B=9.97T unif=10.364% hoop=97MPa
  [1703] viol   f=   0.218  a=23.5 b=28.7 gap=22.8 (face=5.6mm) n=[357, 357, 227, 227, 2, 2, 5, 5, 2, 2]  tape=0.215km B=9.96T unif=9.341% hoop=99MPa
  [1704] OK     f=   0.214  a=23.5 b=28.6 gap=22.9 (face=5.7mm) n=[356, 356, 229, 229, 1, 1, 4, 4, 2, 2]  tape=0.214km B=10.01T unif=9.612% hoop=98MPa
  [1705] OK     f=   0.214  a=23.5 b=28.7 gap=22.8 (face=5.7mm) n=[357, 357, 228, 228, 2, 2, 3, 3, 2, 2]  tape=0.214km B=10.03T unif=9.621% hoop=99MPa
  [1706] viol   f=   0.217  a=23.5 b=28.7 gap=22.8 (face=5.6mm) n=[356, 356, 227, 227, 2, 2, 4, 4, 3, 3]  tape=0.215km B=9.97T unif=9.969% hoop=98MPa
  [1707] viol   f=   0.222  a=23.5 b=28.7 gap=22.8 (face=5.6mm) n=[356, 356, 228, 228, 1, 1, 5, 5, 2, 2]  tape=0.215km B=9.94T unif=10.154% hoop=98MPa
  [1708] OK     f=   0.215  a=23.5 b=28.7 gap=22.8 (face=5.7mm) n=[357, 357, 228, 228, 2, 2, 4, 4, 2, 2]  tape=0.215km B=10.03T unif=9.577% hoop=99MPa
  [1709] OK     f=   0.215  a=23.5 b=28.6 gap=22.9 (face=5.8mm) n=[356, 356, 229, 229, 2, 2, 4, 4, 2, 2]  tape=0.215km B=10.02T unif=9.603% hoop=98MPa
  [1710] viol   f=   0.214  a=23.5 b=28.7 gap=22.8 (face=5.6mm) n=[356, 356, 228, 228, 1, 1, 4, 4, 2, 2]  tape=0.214km B=9.98T unif=10.903% hoop=99MPa
  [a=24 b=29 nt=1186] KSP converged reason: 4, iterations: 1
  [a=23 b=29 nt=1184] KSP converged reason: 4, iterations: 1
  [a=24 b=29 nt=1186] KSP converged reason: 4, iterations: 1
  [a=24 b=29 nt=1182] KSP converged reason: 4, iterations: 1
  [a=24 b=29 nt=1182] KSP converged reason: 4, iterations: 1
  [a=24 b=29 nt=1180] KSP converged reason: 4, iterations: 1
  [a=24 b=29 nt=1182] KSP converged reason: 4, iterations: 1
  [a=24 b=29 nt=1182] KSP converged reason: 4, iterations: 1
  [a=24 b=29 nt=1186] KSP converged reason: 4, iterations: 1
  [a=24 b=29 nt=1184] KSP converged reason: 4, iterations: 1
  [1711] viol   f=   0.214  a=23.5 b=28.7 gap=22.8 (face=5.6mm) n=[356, 356, 228, 228, 1, 1, 4, 4, 2, 2]  tape=0.214km B=9.99T unif=10.925% hoop=99MPa
  [1712] OK     f=   0.215  a=23.5 b=28.7 gap=22.8 (face=5.7mm) n=[356, 356, 229, 229, 3, 3, 4, 4, 1, 1]  tape=0.215km B=10.04T unif=9.695% hoop=99MPa
  [1713] viol   f=   0.217  a=23.5 b=28.6 gap=22.9 (face=5.8mm) n=[356, 356, 227, 227, 2, 2, 4, 4, 2, 2]  tape=0.214km B=9.96T unif=9.685% hoop=98MPa
  [1714] viol   f=   0.219  a=23.5 b=28.7 gap=22.8 (face=5.7mm) n=[356, 356, 228, 228, 1, 1, 3, 3, 2, 2]  tape=0.213km B=9.95T unif=9.523% hoop=98MPa
  [1715] viol   f=   0.215  a=23.5 b=28.6 gap=22.9 (face=5.7mm) n=[356, 356, 227, 227, 2, 2, 5, 5, 2, 2]  tape=0.214km B=9.98T unif=9.768% hoop=98MPa
  [1716] viol   f=   0.218  a=23.5 b=28.7 gap=22.8 (face=5.6mm) n=[357, 357, 229, 229, 1, 1, 4, 4, 2, 2]  tape=0.215km B=9.96T unif=9.755% hoop=98MPa
  [1717] viol   f=   0.216  a=23.5 b=28.6 gap=22.9 (face=5.7mm) n=[356, 356, 227, 227, 2, 2, 4, 4, 2, 2]  tape=0.214km B=9.97T unif=9.586% hoop=98MPa
  [1718] viol   f=   0.216  a=23.5 b=28.7 gap=22.9 (face=5.7mm) n=[356, 356, 229, 229, 1, 1, 3, 3, 2, 2]  tape=0.214km B=9.97T unif=9.487% hoop=97MPa
  [1719] OK     f=   0.214  a=23.5 b=28.7 gap=22.8 (face=5.7mm) n=[357, 357, 228, 228, 1, 1, 4, 4, 2, 2]  tape=0.214km B=10.02T unif=9.490% hoop=99MPa
  [1720] viol   f=   0.218  a=23.5 b=28.7 gap=22.8 (face=5.7mm) n=[356, 356, 229, 229, 2, 2, 4, 4, 2, 2]  tape=0.215km B=9.96T unif=9.652% hoop=97MPa
  [a=24 b=29 nt=1184] KSP converged reason: 4, iterations: 1
  [a=23 b=29 nt=1182] KSP converged reason: 4, iterations: 1
  [a=23 b=29 nt=1184] KSP converged reason: 4, iterations: 1
  [a=24 b=29 nt=1182] KSP converged reason: 4, iterations: 1
  [a=24 b=29 nt=1182] KSP converged reason: 4, iterations: 1
  [a=23 b=29 nt=1182] KSP converged reason: 4, iterations: 1
  [a=23 b=29 nt=1182] KSP converged reason: 4, iterations: 1
  [a=24 b=29 nt=1182] KSP converged reason: 4, iterations: 1
  [a=24 b=29 nt=1182] KSP converged reason: 4, iterations: 1
  [a=23 b=29 nt=1182] KSP converged reason: 4, iterations: 1
  [1721] viol   f=   0.214  a=23.5 b=28.7 gap=22.8 (face=5.6mm) n=[357, 357, 227, 227, 2, 2, 4, 4, 1, 1]  tape=0.214km B=9.99T unif=9.768% hoop=99MPa
  [1722] viol   f=   0.214  a=23.5 b=28.6 gap=22.8 (face=5.6mm) n=[356, 356, 228, 228, 1, 1, 5, 5, 2, 2]  tape=0.214km B=10.00T unif=10.956% hoop=98MPa
  [1723] viol   f=   0.215  a=23.5 b=28.6 gap=22.9 (face=5.7mm) n=[356, 356, 228, 228, 2, 2, 4, 4, 1, 1]  tape=0.214km B=9.98T unif=9.707% hoop=98MPa
  [1724] viol   f=   0.214  a=23.5 b=28.6 gap=22.9 (face=5.8mm) n=[357, 357, 227, 227, 1, 1, 4, 4, 2, 2]  tape=0.214km B=9.99T unif=9.393% hoop=99MPa
  [1725] viol   f=   0.223  a=23.5 b=28.7 gap=22.9 (face=5.7mm) n=[356, 356, 228, 228, 2, 2, 4, 4, 2, 2]  tape=0.214km B=9.93T unif=9.697% hoop=98MPa
  [1726] viol   f=   0.217  a=23.5 b=28.6 gap=22.9 (face=5.8mm) n=[356, 356, 227, 227, 2, 2, 4, 4, 2, 2]  tape=0.214km B=9.96T unif=9.574% hoop=98MPa
  [1727] OK     f=   0.214  a=23.5 b=28.7 gap=22.8 (face=5.6mm) n=[356, 356, 228, 228, 2, 2, 4, 4, 1, 1]  tape=0.214km B=10.02T unif=9.614% hoop=99MPa
  [1728] viol   f=   0.215  a=23.5 b=28.6 gap=22.9 (face=5.8mm) n=[356, 356, 229, 229, 1, 1, 4, 4, 1, 1]  tape=0.213km B=9.98T unif=9.645% hoop=98MPa
  [1729] viol   f=   0.214  a=23.5 b=28.7 gap=22.8 (face=5.5mm) n=[356, 356, 228, 228, 1, 1, 4, 4, 2, 2]  tape=0.214km B=9.99T unif=10.246% hoop=98MPa
  [1730] viol   f=   0.217  a=23.5 b=28.7 gap=22.8 (face=5.7mm) n=[356, 356, 227, 227, 1, 1, 5, 5, 2, 2]  tape=0.214km B=9.96T unif=10.348% hoop=98MPa
  [a=24 b=29 nt=1184] KSP converged reason: 4, iterations: 1
  [a=23 b=29 nt=1184] KSP converged reason: 4, iterations: 1
  [a=24 b=29 nt=1188] KSP converged reason: 4, iterations: 1
  [a=23 b=29 nt=1178] KSP converged reason: 4, iterations: 1
  [a=23 b=29 nt=1176] KSP converged reason: 4, iterations: 1
  [a=23 b=29 nt=1182] KSP converged reason: 4, iterations: 1
  [a=23 b=29 nt=1186] KSP converged reason: 4, iterations: 1
  [a=23 b=29 nt=1184] KSP converged reason: 4, iterations: 1
  [a=23 b=29 nt=1186] KSP converged reason: 4, iterations: 1
  [a=23 b=29 nt=1180] KSP converged reason: 4, iterations: 1
  [1731] viol   f=   0.215  a=23.5 b=28.6 gap=22.8 (face=5.7mm) n=[356, 356, 227, 227, 2, 2, 5, 5, 2, 2]  tape=0.215km B=9.99T unif=10.268% hoop=97MPa
  [1732] OK     f=   0.214  a=23.5 b=28.7 gap=22.8 (face=5.6mm) n=[357, 357, 228, 228, 2, 2, 4, 4, 1, 1]  tape=0.214km B=10.03T unif=9.538% hoop=99MPa
  [1733] viol   f=   0.214  a=23.5 b=28.7 gap=22.8 (face=5.6mm) n=[357, 357, 227, 227, 1, 1, 3, 3, 1, 1]  tape=0.213km B=9.98T unif=9.512% hoop=99MPa
  [1734] viol   f=   0.220  a=23.5 b=28.7 gap=22.8 (face=5.6mm) n=[356, 356, 226, 226, 1, 1, 4, 4, 1, 1]  tape=0.213km B=9.94T unif=10.113% hoop=99MPa
  [1735] OK     f=   0.216  a=23.5 b=28.7 gap=22.8 (face=5.5mm) n=[357, 357, 228, 228, 3, 3, 5, 5, 1, 1]  tape=0.216km B=10.07T unif=9.513% hoop=100MPa
  [1736] viol   f=   0.217  a=23.5 b=28.7 gap=22.8 (face=5.5mm) n=[357, 357, 227, 227, 2, 2, 4, 4, 1, 1]  tape=0.214km B=9.96T unif=9.227% hoop=99MPa
  [1737] OK     f=   0.215  a=23.5 b=28.7 gap=22.8 (face=5.6mm) n=[356, 356, 227, 227, 3, 3, 5, 5, 2, 2]  tape=0.215km B=10.03T unif=10.177% hoop=99MPa
  [1738] OK     f=   0.214  a=23.5 b=28.7 gap=22.8 (face=5.7mm) n=[358, 358, 227, 227, 2, 2, 4, 4, 1, 1]  tape=0.214km B=10.02T unif=9.985% hoop=100MPa
  [1739] viol   f=   0.217  a=23.5 b=28.7 gap=22.8 (face=5.6mm) n=[357, 357, 228, 228, 2, 2, 4, 4, 2, 2]  tape=0.215km B=9.97T unif=9.478% hoop=99MPa
  [1740] viol   f=   0.214  a=23.5 b=28.7 gap=22.8 (face=5.7mm) n=[357, 357, 227, 227, 1, 1, 4, 4, 1, 1]  tape=0.213km B=9.98T unif=9.332% hoop=99MPa
  [a=23 b=29 nt=1182] KSP converged reason: 4, iterations: 1
  [a=23 b=29 nt=1182] KSP converged reason: 4, iterations: 1
  [a=24 b=29 nt=1184] KSP converged reason: 4, iterations: 1
  [a=23 b=29 nt=1178] KSP converged reason: 4, iterations: 1
  [a=23 b=29 nt=1182] KSP converged reason: 4, iterations: 1
  [a=24 b=29 nt=1184] KSP converged reason: 4, iterations: 1
  [a=24 b=29 nt=1186] KSP converged reason: 4, iterations: 1
  [a=23 b=29 nt=1184] KSP converged reason: 4, iterations: 1
  [a=24 b=29 nt=1184] KSP converged reason: 4, iterations: 1
  [a=23 b=29 nt=1184] KSP converged reason: 4, iterations: 1
  [1741] OK     f=   0.214  a=23.5 b=28.7 gap=22.8 (face=5.7mm) n=[358, 358, 227, 227, 2, 2, 4, 4, 1, 1]  tape=0.214km B=10.01T unif=10.016% hoop=99MPa
  [1742] viol   f=   0.214  a=23.5 b=28.6 gap=22.8 (face=5.7mm) n=[358, 358, 226, 226, 1, 1, 3, 3, 1, 1]  tape=0.213km B=9.98T unif=9.856% hoop=99MPa
  [1743] viol   f=   0.215  a=23.5 b=28.7 gap=22.8 (face=5.7mm) n=[357, 357, 228, 228, 2, 2, 4, 4, 1, 1]  tape=0.214km B=9.98T unif=9.371% hoop=99MPa
  [1744] viol   f=   0.241  a=23.5 b=28.7 gap=22.8 (face=5.6mm) n=[358, 358, 226, 226, 1, 1, 4, 4, 2, 2]  tape=0.214km B=9.88T unif=8.017% hoop=98MPa
  [1745] viol   f=   0.219  a=23.5 b=28.7 gap=22.8 (face=5.7mm) n=[357, 357, 227, 227, 2, 2, 4, 4, 1, 1]  tape=0.214km B=9.95T unif=9.273% hoop=99MPa
  [1746] viol   f=   0.218  a=23.5 b=28.7 gap=22.8 (face=5.5mm) n=[357, 357, 227, 227, 1, 1, 4, 4, 2, 2]  tape=0.214km B=9.95T unif=9.537% hoop=99MPa
  [1747] OK     f=   0.215  a=23.5 b=28.7 gap=22.8 (face=5.6mm) n=[357, 357, 229, 229, 2, 2, 4, 4, 1, 1]  tape=0.215km B=10.04T unif=10.005% hoop=99MPa
  [1748] viol   f=   0.222  a=23.5 b=28.7 gap=22.8 (face=5.6mm) n=[358, 358, 228, 228, 2, 2, 3, 3, 1, 1]  tape=0.214km B=9.94T unif=9.972% hoop=99MPa
  [1749] viol   f=   0.220  a=23.5 b=28.7 gap=22.8 (face=5.6mm) n=[357, 357, 227, 227, 2, 2, 4, 4, 2, 2]  tape=0.214km B=9.95T unif=9.506% hoop=99MPa
  [1750] viol   f=   0.215  a=23.5 b=28.7 gap=22.8 (face=5.6mm) n=[357, 357, 227, 227, 2, 2, 5, 5, 1, 1]  tape=0.215km B=10.00T unif=9.822% hoop=99MPa
  [a=23 b=29 nt=1184] KSP converged reason: 4, iterations: 1
  [a=24 b=29 nt=1178] KSP converged reason: 4, iterations: 1
  [a=23 b=29 nt=1182] KSP converged reason: 4, iterations: 1
  [a=23 b=29 nt=1180] KSP converged reason: 4, iterations: 1
  [a=24 b=29 nt=1184] KSP converged reason: 4, iterations: 1
  [a=24 b=29 nt=1182] KSP converged reason: 4, iterations: 1
  [a=23 b=29 nt=1184] KSP converged reason: 4, iterations: 1
  [a=24 b=29 nt=1188] KSP converged reason: 4, iterations: 1
  [a=23 b=29 nt=1188] KSP converged reason: 4, iterations: 1
  [a=23 b=29 nt=1182] KSP converged reason: 4, iterations: 1
  [1751] viol   f=   0.220  a=23.5 b=28.7 gap=22.8 (face=5.7mm) n=[358, 358, 226, 226, 1, 1, 4, 4, 1, 1]  tape=0.214km B=9.94T unif=9.679% hoop=99MPa
  [1752] viol   f=   0.218  a=23.5 b=28.6 gap=22.8 (face=5.6mm) n=[357, 357, 227, 227, 1, 1, 5, 5, 2, 2]  tape=0.214km B=9.95T unif=9.463% hoop=98MPa
  [1753] OK     f=   0.214  a=23.5 b=28.7 gap=22.8 (face=5.6mm) n=[357, 357, 228, 228, 1, 1, 4, 4, 1, 1]  tape=0.214km B=10.01T unif=10.257% hoop=99MPa
  [1754] OK     f=   0.214  a=23.5 b=28.7 gap=22.8 (face=5.7mm) n=[358, 358, 228, 228, 1, 1, 3, 3, 2, 2]  tape=0.214km B=10.00T unif=9.794% hoop=99MPa
  [1755] viol   f=   0.224  a=23.5 b=28.7 gap=22.8 (face=5.7mm) n=[358, 358, 226, 226, 1, 1, 3, 3, 1, 1]  tape=0.213km B=9.93T unif=9.671% hoop=99MPa
  [1756] OK     f=   0.214  a=23.5 b=28.7 gap=22.8 (face=5.6mm) n=[356, 356, 228, 228, 2, 2, 4, 4, 1, 1]  tape=0.214km B=10.04T unif=9.808% hoop=99MPa
  [1757] OK     f=   0.214  a=23.5 b=28.6 gap=22.8 (face=5.7mm) n=[357, 357, 227, 227, 2, 2, 4, 4, 2, 2]  tape=0.214km B=10.01T unif=9.736% hoop=99MPa
  [1758] viol   f=   0.219  a=23.5 b=28.7 gap=22.9 (face=5.7mm) n=[357, 357, 229, 229, 3, 3, 3, 3, 2, 2]  tape=0.215km B=9.95T unif=8.699% hoop=98MPa
  [1759] OK     f=   0.215  a=23.5 b=28.7 gap=22.8 (face=5.6mm) n=[356, 356, 229, 229, 2, 2, 4, 4, 3, 3]  tape=0.215km B=10.05T unif=10.801% hoop=99MPa
  [1760] viol   f=   0.216  a=23.5 b=28.6 gap=22.8 (face=5.7mm) n=[358, 358, 227, 227, 1, 1, 4, 4, 1, 1]  tape=0.214km B=9.97T unif=9.704% hoop=99MPa
  [a=23 b=29 nt=1188] KSP converged reason: 4, iterations: 1
  [a=24 b=29 nt=1186] KSP converged reason: 4, iterations: 1
  [a=23 b=29 nt=1184] KSP converged reason: 4, iterations: 1
  [a=23 b=29 nt=1182] KSP converged reason: 4, iterations: 1
  [a=23 b=29 nt=1180] KSP converged reason: 4, iterations: 1
  [a=24 b=29 nt=1182] KSP converged reason: 4, iterations: 1
  [a=23 b=29 nt=1182] KSP converged reason: 4, iterations: 1
  [a=24 b=29 nt=1182] KSP converged reason: 4, iterations: 1
  [a=23 b=29 nt=1186] KSP converged reason: 4, iterations: 1
  [a=23 b=29 nt=1184] KSP converged reason: 4, iterations: 1
  [1761] OK     f=   0.215  a=23.5 b=28.7 gap=22.8 (face=5.6mm) n=[356, 356, 229, 229, 3, 3, 4, 4, 1, 1]  tape=0.215km B=10.07T unif=10.036% hoop=99MPa
  [1762] viol   f=   0.218  a=23.5 b=28.7 gap=22.8 (face=5.5mm) n=[357, 357, 228, 228, 3, 3, 4, 4, 2, 2]  tape=0.215km B=9.96T unif=9.584% hoop=98MPa
  [1763] viol   f=   0.222  a=23.5 b=28.7 gap=22.8 (face=5.6mm) n=[357, 357, 228, 228, 1, 1, 4, 4, 1, 1]  tape=0.214km B=9.94T unif=9.591% hoop=99MPa
  [1764] OK     f=   0.214  a=23.5 b=28.7 gap=22.8 (face=5.6mm) n=[356, 356, 228, 228, 2, 2, 4, 4, 2, 2]  tape=0.214km B=10.02T unif=10.117% hoop=99MPa
  [1765] viol   f=   0.213  a=23.5 b=28.6 gap=22.8 (face=5.7mm) n=[356, 356, 227, 227, 1, 1, 4, 4, 2, 2]  tape=0.213km B=9.99T unif=9.612% hoop=99MPa
  [1766] viol   f=   0.214  a=23.5 b=28.6 gap=22.8 (face=5.7mm) n=[358, 358, 227, 227, 1, 1, 4, 4, 1, 1]  tape=0.214km B=10.00T unif=9.991% hoop=99MPa
  [1767] OK     f=   0.213  a=23.5 b=28.6 gap=22.8 (face=5.6mm) n=[355, 355, 229, 229, 1, 1, 4, 4, 2, 2]  tape=0.213km B=10.02T unif=9.758% hoop=99MPa
  [1768] viol   f=   0.215  a=23.5 b=28.7 gap=22.8 (face=5.6mm) n=[355, 355, 229, 229, 2, 2, 4, 4, 1, 1]  tape=0.214km B=9.97T unif=9.579% hoop=97MPa
  [1769] viol   f=   0.215  a=23.5 b=28.6 gap=22.9 (face=5.8mm) n=[357, 357, 228, 228, 2, 2, 4, 4, 1, 1]  tape=0.214km B=9.98T unif=9.232% hoop=99MPa
  [1770] OK     f=   0.215  a=23.5 b=28.6 gap=22.8 (face=5.6mm) n=[356, 356, 229, 229, 2, 2, 4, 4, 2, 2]  tape=0.215km B=10.06T unif=10.506% hoop=99MPa
  [a=23 b=29 nt=1182] KSP converged reason: 4, iterations: 1
  [a=23 b=29 nt=1180] KSP converged reason: 4, iterations: 1
  [a=23 b=29 nt=1184] KSP converged reason: 4, iterations: 1
  [a=23 b=29 nt=1184] KSP converged reason: 4, iterations: 1
  [a=23 b=29 nt=1186] KSP converged reason: 4, iterations: 1
  [a=23 b=29 nt=1184] KSP converged reason: 4, iterations: 1
  [a=23 b=29 nt=1178] KSP converged reason: 4, iterations: 1
  [a=23 b=29 nt=1182] KSP converged reason: 4, iterations: 1
  [a=23 b=29 nt=1182] KSP converged reason: 4, iterations: 1
  [a=24 b=29 nt=1184] KSP converged reason: 4, iterations: 1
  [1771] viol   f=   0.216  a=23.5 b=28.6 gap=22.9 (face=5.7mm) n=[356, 356, 227, 227, 2, 2, 4, 4, 1, 1]  tape=0.213km B=9.96T unif=9.579% hoop=98MPa
  [1772] viol   f=   0.214  a=23.5 b=28.6 gap=22.8 (face=5.6mm) n=[356, 356, 228, 228, 1, 1, 5, 5, 2, 2]  tape=0.214km B=10.00T unif=10.909% hoop=99MPa
  [1773] viol   f=   0.221  a=23.5 b=28.6 gap=22.9 (face=5.7mm) n=[358, 358, 227, 227, 2, 2, 5, 5, 1, 1]  tape=0.215km B=9.94T unif=9.236% hoop=99MPa
  [1774] viol   f=   0.221  a=23.5 b=28.7 gap=22.8 (face=5.6mm) n=[354, 354, 230, 230, 3, 3, 3, 3, 2, 2]  tape=0.214km B=9.94T unif=10.017% hoop=99MPa
  [1775] viol   f=   0.215  a=23.4 b=28.7 gap=22.8 (face=5.5mm) n=[356, 356, 227, 227, 1, 1, 5, 5, 3, 3]  tape=0.214km B=9.99T unif=9.904% hoop=99MPa
  [1776] viol   f=   0.214  a=23.4 b=28.6 gap=22.8 (face=5.7mm) n=[356, 356, 227, 227, 1, 1, 4, 4, 3, 3]  tape=0.214km B=9.99T unif=9.376% hoop=98MPa
  [1777] OK     f=   0.213  a=23.5 b=28.7 gap=22.8 (face=5.6mm) n=[356, 356, 227, 227, 1, 1, 4, 4, 1, 1]  tape=0.213km B=10.01T unif=10.455% hoop=99MPa
  [1778] viol   f=   0.214  a=23.5 b=28.6 gap=22.8 (face=5.7mm) n=[356, 356, 228, 228, 2, 2, 4, 4, 1, 1]  tape=0.214km B=9.98T unif=9.632% hoop=97MPa
  [1779] viol   f=   0.218  a=23.5 b=28.6 gap=22.8 (face=5.7mm) n=[356, 356, 228, 228, 1, 1, 5, 5, 1, 1]  tape=0.214km B=9.96T unif=9.544% hoop=97MPa
  [1780] viol   f=   0.219  a=23.5 b=28.7 gap=22.8 (face=5.6mm) n=[358, 358, 228, 228, 1, 1, 4, 4, 1, 1]  tape=0.214km B=9.95T unif=10.004% hoop=99MPa
  [a=23 b=29 nt=1184] KSP converged reason: 4, iterations: 1
  [a=23 b=29 nt=1180] KSP converged reason: 4, iterations: 1
  [a=23 b=29 nt=1182] KSP converged reason: 4, iterations: 1
  [a=23 b=29 nt=1182] KSP converged reason: 4, iterations: 1
  [a=23 b=29 nt=1178] KSP converged reason: 4, iterations: 1
  [a=23 b=29 nt=1180] KSP converged reason: 4, iterations: 1
  [a=23 b=29 nt=1182] KSP converged reason: 4, iterations: 1
  [a=23 b=29 nt=1184] KSP converged reason: 4, iterations: 1
  [a=23 b=29 nt=1184] KSP converged reason: 4, iterations: 1
  [a=23 b=29 nt=1182] KSP converged reason: 4, iterations: 1
  [1781] viol   f=   0.215  a=23.5 b=28.7 gap=22.8 (face=5.6mm) n=[356, 356, 227, 227, 1, 1, 4, 4, 1, 1]  tape=0.213km B=9.97T unif=10.466% hoop=98MPa
  [1782] viol   f=   0.214  a=23.5 b=28.6 gap=22.9 (face=5.7mm) n=[356, 356, 228, 228, 2, 2, 5, 5, 1, 1]  tape=0.214km B=9.99T unif=9.903% hoop=98MPa
  [1783] viol   f=   0.214  a=23.4 b=28.7 gap=22.8 (face=5.6mm) n=[357, 357, 227, 227, 1, 1, 4, 4, 2, 2]  tape=0.214km B=9.99T unif=9.647% hoop=99MPa
  [1784] viol   f=   0.213  a=23.5 b=28.6 gap=22.8 (face=5.6mm) n=[357, 357, 227, 227, 1, 1, 4, 4, 1, 1]  tape=0.213km B=10.00T unif=9.441% hoop=99MPa
  [1785] viol   f=   0.222  a=23.5 b=28.7 gap=22.8 (face=5.6mm) n=[357, 357, 226, 226, 2, 2, 4, 4, 1, 1]  tape=0.214km B=9.94T unif=9.167% hoop=100MPa
  [1786] viol   f=   0.214  a=23.4 b=28.7 gap=22.8 (face=5.6mm) n=[357, 357, 226, 226, 2, 2, 4, 4, 2, 2]  tape=0.214km B=9.99T unif=9.283% hoop=100MPa
  [1787] viol   f=   0.215  a=23.4 b=28.6 gap=22.8 (face=5.6mm) n=[356, 356, 226, 226, 1, 1, 5, 5, 3, 3]  tape=0.214km B=9.98T unif=9.720% hoop=99MPa
  [1788] viol   f=   0.214  a=23.5 b=28.6 gap=22.8 (face=5.6mm) n=[357, 357, 228, 228, 1, 1, 4, 4, 2, 2]  tape=0.214km B=9.99T unif=9.618% hoop=98MPa
  [1789] OK     f=   0.214  a=23.5 b=28.6 gap=22.8 (face=5.6mm) n=[357, 357, 227, 227, 2, 2, 4, 4, 2, 2]  tape=0.214km B=10.01T unif=9.525% hoop=99MPa
  [1790] viol   f=   0.220  a=23.5 b=28.6 gap=22.8 (face=5.7mm) n=[357, 357, 227, 227, 2, 2, 4, 4, 1, 1]  tape=0.214km B=9.94T unif=9.523% hoop=98MPa
  [a=23 b=29 nt=1184] KSP converged reason: 4, iterations: 1
  [a=23 b=29 nt=1182] KSP converged reason: 4, iterations: 1
  [a=23 b=29 nt=1180] KSP converged reason: 4, iterations: 1
  [a=23 b=29 nt=1180] KSP converged reason: 4, iterations: 1
  [a=23 b=29 nt=1184] KSP converged reason: 4, iterations: 1
  [a=23 b=29 nt=1178] KSP converged reason: 4, iterations: 1
  [a=23 b=29 nt=1182] KSP converged reason: 4, iterations: 1
  [a=24 b=29 nt=1178] KSP converged reason: 4, iterations: 1
  [a=23 b=29 nt=1182] KSP converged reason: 4, iterations: 1
  [a=23 b=29 nt=1180] KSP converged reason: 4, iterations: 1
  [1791] viol   f=   0.221  a=23.5 b=28.7 gap=22.8 (face=5.6mm) n=[357, 357, 226, 226, 1, 1, 5, 5, 1, 1]  tape=0.214km B=9.94T unif=9.228% hoop=99MPa
  [1792] viol   f=   0.214  a=23.5 b=28.7 gap=22.8 (face=5.6mm) n=[356, 356, 227, 227, 2, 2, 5, 5, 2, 2]  tape=0.214km B=10.00T unif=10.634% hoop=100MPa
  [1793] OK     f=   0.214  a=23.5 b=28.6 gap=22.8 (face=5.6mm) n=[356, 356, 227, 227, 2, 2, 4, 4, 2, 2]  tape=0.214km B=10.01T unif=9.489% hoop=99MPa
  [1794] OK     f=   0.213  a=23.5 b=28.7 gap=22.8 (face=5.6mm) n=[356, 356, 227, 227, 1, 1, 4, 4, 2, 2]  tape=0.213km B=10.01T unif=10.562% hoop=100MPa
  [1795] OK     f=   0.214  a=23.5 b=28.6 gap=22.8 (face=5.6mm) n=[357, 357, 227, 227, 1, 1, 5, 5, 2, 2]  tape=0.214km B=10.04T unif=10.412% hoop=99MPa
  [1796] viol   f=   0.216  a=23.5 b=28.6 gap=22.8 (face=5.7mm) n=[357, 357, 226, 226, 1, 1, 4, 4, 1, 1]  tape=0.213km B=9.96T unif=9.637% hoop=100MPa
  [1797] viol   f=   0.216  a=23.5 b=28.7 gap=22.8 (face=5.6mm) n=[356, 356, 227, 227, 1, 1, 4, 4, 1, 1]  tape=0.213km B=9.96T unif=10.414% hoop=98MPa
  [1798] OK     f=   0.214  a=23.5 b=28.6 gap=22.8 (face=5.6mm) n=[356, 356, 227, 227, 2, 2, 4, 4, 2, 2]  tape=0.214km B=10.02T unif=10.310% hoop=98MPa
  [1799] viol   f=   0.266  a=23.5 b=28.7 gap=22.8 (face=5.6mm) n=[358, 358, 226, 226, 2, 2, 4, 4, 1, 1]  tape=0.214km B=9.84T unif=7.853% hoop=99MPa
  [1800] viol   f=   0.223  a=23.5 b=28.6 gap=22.8 (face=5.7mm) n=[357, 357, 226, 226, 2, 2, 4, 4, 1, 1]  tape=0.214km B=9.93T unif=9.281% hoop=99MPa
  [a=23 b=29 nt=1186] KSP converged reason: 4, iterations: 1
  [a=23 b=29 nt=1182] KSP converged reason: 4, iterations: 1
  [a=23 b=29 nt=1186] KSP converged reason: 4, iterations: 1
  [a=23 b=29 nt=1184] KSP converged reason: 4, iterations: 1
  [a=23 b=29 nt=1178] KSP converged reason: 4, iterations: 1
  [a=23 b=29 nt=1182] KSP converged reason: 4, iterations: 1
  [a=23 b=29 nt=1180] KSP converged reason: 4, iterations: 1
  [a=23 b=29 nt=1184] KSP converged reason: 4, iterations: 1
  [a=23 b=29 nt=1178] KSP converged reason: 4, iterations: 1
  [a=23 b=29 nt=1184] KSP converged reason: 4, iterations: 1
  [1801] OK     f=   0.214  a=23.5 b=28.6 gap=22.8 (face=5.6mm) n=[357, 357, 226, 226, 2, 2, 5, 5, 2, 2]  tape=0.214km B=10.00T unif=9.300% hoop=100MPa
  [1802] viol   f=   0.216  a=23.5 b=28.7 gap=22.8 (face=5.5mm) n=[356, 356, 227, 227, 3, 3, 5, 5, 2, 2]  tape=0.215km B=9.98T unif=9.965% hoop=99MPa
  [1803] OK     f=   0.215  a=23.5 b=28.6 gap=22.8 (face=5.6mm) n=[356, 356, 228, 228, 2, 2, 5, 5, 2, 2]  tape=0.215km B=10.06T unif=10.484% hoop=99MPa
  [1804] viol   f=   0.213  a=23.5 b=28.7 gap=22.8 (face=5.6mm) n=[356, 356, 226, 226, 1, 1, 4, 4, 2, 2]  tape=0.213km B=10.00T unif=10.346% hoop=98MPa
  [1805] viol   f=   0.216  a=23.5 b=28.6 gap=22.8 (face=5.6mm) n=[357, 357, 227, 227, 1, 1, 4, 4, 2, 2]  tape=0.214km B=9.96T unif=9.339% hoop=98MPa
  [1806] OK     f=   0.214  a=23.5 b=28.7 gap=22.8 (face=5.5mm) n=[356, 356, 227, 227, 2, 2, 4, 4, 2, 2]  tape=0.214km B=10.04T unif=10.164% hoop=100MPa
  [1807] viol   f=   0.214  a=23.5 b=28.6 gap=22.8 (face=5.7mm) n=[356, 356, 227, 227, 1, 1, 4, 4, 2, 2]  tape=0.213km B=9.98T unif=9.475% hoop=99MPa
  [1808] OK     f=   0.214  a=23.5 b=28.6 gap=22.8 (face=5.7mm) n=[356, 356, 228, 228, 2, 2, 4, 4, 2, 2]  tape=0.214km B=10.02T unif=10.936% hoop=99MPa
  [1809] viol   f=   0.216  a=23.4 b=28.7 gap=22.8 (face=5.5mm) n=[356, 356, 226, 226, 1, 1, 4, 4, 2, 2]  tape=0.213km B=9.96T unif=9.977% hoop=99MPa
  [1810] viol   f=   0.224  a=23.4 b=28.6 gap=22.8 (face=5.6mm) n=[357, 357, 227, 227, 1, 1, 5, 5, 2, 2]  tape=0.214km B=9.93T unif=9.423% hoop=98MPa
  [a=23 b=29 nt=1186] KSP converged reason: 4, iterations: 1
  [a=23 b=29 nt=1184] KSP converged reason: 4, iterations: 1
  [a=23 b=29 nt=1182] KSP converged reason: 4, iterations: 1
  [a=23 b=29 nt=1182] KSP converged reason: 4, iterations: 1
  [a=23 b=29 nt=1180] KSP converged reason: 4, iterations: 1
  [a=23 b=29 nt=1178] KSP converged reason: 4, iterations: 1
  [a=23 b=29 nt=1180] KSP converged reason: 4, iterations: 1
  [a=23 b=29 nt=1184] KSP converged reason: 4, iterations: 1
  [a=23 b=29 nt=1182] KSP converged reason: 4, iterations: 1
  [a=23 b=29 nt=1180] KSP converged reason: 4, iterations: 1
  [1811] viol   f=   0.216  a=23.5 b=28.6 gap=22.8 (face=5.7mm) n=[356, 356, 227, 227, 2, 2, 4, 4, 2, 2]  tape=0.214km B=9.96T unif=9.608% hoop=98MPa
  [1812] viol   f=   0.218  a=23.5 b=28.7 gap=22.8 (face=5.6mm) n=[356, 356, 227, 227, 1, 1, 4, 4, 1, 1]  tape=0.213km B=9.95T unif=10.244% hoop=97MPa
  [1813] viol   f=   0.217  a=23.5 b=28.6 gap=22.8 (face=5.6mm) n=[356, 356, 227, 227, 2, 2, 4, 4, 1, 1]  tape=0.213km B=9.96T unif=9.562% hoop=99MPa
  [1814] OK     f=   0.214  a=23.4 b=28.7 gap=22.8 (face=5.5mm) n=[356, 356, 227, 227, 2, 2, 4, 4, 2, 2]  tape=0.214km B=10.00T unif=10.566% hoop=98MPa
  [1815] viol   f=   0.215  a=23.5 b=28.7 gap=22.8 (face=5.5mm) n=[357, 357, 227, 227, 2, 2, 4, 4, 3, 3]  tape=0.215km B=10.00T unif=10.014% hoop=99MPa
  [1816] OK     f=   0.214  a=23.5 b=28.7 gap=22.8 (face=5.5mm) n=[357, 357, 227, 227, 2, 2, 4, 4, 2, 2]  tape=0.214km B=10.00T unif=10.062% hoop=99MPa
  [1817] viol   f=   0.216  a=23.5 b=28.7 gap=22.8 (face=5.6mm) n=[356, 356, 227, 227, 1, 1, 5, 5, 1, 1]  tape=0.213km B=9.96T unif=10.193% hoop=99MPa
  [1818] viol   f=   0.215  a=23.5 b=28.6 gap=22.8 (face=5.6mm) n=[355, 355, 228, 228, 2, 2, 5, 5, 2, 2]  tape=0.214km B=9.99T unif=10.069% hoop=98MPa
  [1819] OK     f=   0.214  a=23.4 b=28.6 gap=22.8 (face=5.5mm) n=[356, 356, 227, 227, 2, 2, 4, 4, 2, 2]  tape=0.214km B=10.00T unif=9.847% hoop=99MPa
  [1820] viol   f=   0.214  a=23.5 b=28.7 gap=22.8 (face=5.6mm) n=[357, 357, 226, 226, 1, 1, 4, 4, 2, 2]  tape=0.214km B=9.98T unif=9.365% hoop=100MPa
  [a=23 b=29 nt=1188] KSP converged reason: 4, iterations: 1
  [a=23 b=29 nt=1180] KSP converged reason: 4, iterations: 1
  [a=23 b=29 nt=1184] KSP converged reason: 4, iterations: 1
  [a=23 b=29 nt=1182] KSP converged reason: 4, iterations: 1
  [a=23 b=29 nt=1178] KSP converged reason: 4, iterations: 1
  [a=23 b=29 nt=1182] KSP converged reason: 4, iterations: 1
  [a=23 b=29 nt=1184] KSP converged reason: 4, iterations: 1
  [a=23 b=29 nt=1182] KSP converged reason: 4, iterations: 1
  [a=23 b=29 nt=1184] KSP converged reason: 4, iterations: 1
  [a=23 b=29 nt=1182] KSP converged reason: 4, iterations: 1
  [1821] OK     f=   0.215  a=23.5 b=28.7 gap=22.8 (face=5.6mm) n=[357, 357, 228, 228, 3, 3, 4, 4, 2, 2]  tape=0.215km B=10.02T unif=9.535% hoop=99MPa
  [1822] OK     f=   0.214  a=23.5 b=28.6 gap=22.8 (face=5.6mm) n=[356, 356, 227, 227, 2, 2, 4, 4, 2, 2]  tape=0.214km B=10.00T unif=9.546% hoop=99MPa
  [1823] viol   f=   0.215  a=23.5 b=28.6 gap=22.8 (face=5.6mm) n=[356, 356, 227, 227, 2, 2, 4, 4, 2, 2]  tape=0.214km B=9.98T unif=10.175% hoop=99MPa
  [1824] viol   f=   0.215  a=23.4 b=28.7 gap=22.8 (face=5.5mm) n=[356, 356, 226, 226, 2, 2, 4, 4, 2, 2]  tape=0.214km B=9.98T unif=10.388% hoop=99MPa
  [1825] viol   f=   0.217  a=23.5 b=28.7 gap=22.8 (face=5.5mm) n=[357, 357, 227, 227, 2, 2, 4, 4, 2, 2]  tape=0.215km B=9.97T unif=9.330% hoop=99MPa
  [1826] viol   f=   0.218  a=23.5 b=28.7 gap=22.8 (face=5.6mm) n=[356, 356, 227, 227, 1, 1, 4, 4, 1, 1]  tape=0.213km B=9.95T unif=10.090% hoop=99MPa
  [1827] viol   f=   0.216  a=23.5 b=28.7 gap=22.8 (face=5.6mm) n=[356, 356, 227, 227, 2, 2, 4, 4, 3, 3]  tape=0.214km B=9.98T unif=10.181% hoop=99MPa
  [1828] viol   f=   0.215  a=23.4 b=28.7 gap=22.7 (face=5.5mm) n=[356, 356, 227, 227, 2, 2, 4, 4, 3, 3]  tape=0.214km B=9.99T unif=9.984% hoop=98MPa
  [1829] viol   f=   0.216  a=23.4 b=28.7 gap=22.7 (face=5.5mm) n=[356, 356, 226, 226, 2, 2, 4, 4, 3, 3]  tape=0.214km B=9.97T unif=9.865% hoop=98MPa
  [1830] viol   f=   0.216  a=23.5 b=28.7 gap=22.8 (face=5.5mm) n=[356, 356, 227, 227, 1, 1, 5, 5, 2, 2]  tape=0.214km B=9.97T unif=10.252% hoop=99MPa
  [a=23 b=29 nt=1180] KSP converged reason: 4, iterations: 1
  [a=23 b=29 nt=1182] KSP converged reason: 4, iterations: 1
  [a=23 b=29 nt=1180] KSP converged reason: 4, iterations: 1
  [a=23 b=29 nt=1182] KSP converged reason: 4, iterations: 1
  [a=23 b=29 nt=1182] KSP converged reason: 4, iterations: 1
  [a=23 b=29 nt=1180] KSP converged reason: 4, iterations: 1
  [a=23 b=29 nt=1182] KSP converged reason: 4, iterations: 1
  [a=23 b=29 nt=1184] KSP converged reason: 4, iterations: 1
  [a=23 b=29 nt=1182] KSP converged reason: 4, iterations: 1
  [a=23 b=29 nt=1178] KSP converged reason: 4, iterations: 1
  [1831] viol   f=   0.222  a=23.5 b=28.6 gap=22.9 (face=5.7mm) n=[356, 356, 228, 228, 2, 2, 3, 3, 1, 1]  tape=0.213km B=9.93T unif=9.741% hoop=97MPa
  [1832] viol   f=   0.214  a=23.4 b=28.6 gap=22.8 (face=5.6mm) n=[356, 356, 226, 226, 2, 2, 4, 4, 3, 3]  tape=0.214km B=9.99T unif=9.425% hoop=99MPa
  [1833] viol   f=   0.217  a=23.5 b=28.6 gap=22.8 (face=5.5mm) n=[355, 355, 228, 228, 1, 1, 4, 4, 2, 2]  tape=0.213km B=9.96T unif=10.072% hoop=98MPa
  [1834] viol   f=   0.224  a=23.4 b=28.6 gap=22.8 (face=5.7mm) n=[356, 356, 227, 227, 1, 1, 4, 4, 3, 3]  tape=0.214km B=9.93T unif=9.444% hoop=98MPa
  [1835] viol   f=   0.226  a=23.5 b=28.6 gap=22.8 (face=5.6mm) n=[356, 356, 227, 227, 1, 1, 4, 4, 2, 2]  tape=0.213km B=9.92T unif=9.491% hoop=98MPa
  [1836] viol   f=   0.215  a=23.5 b=28.6 gap=22.8 (face=5.6mm) n=[355, 355, 228, 228, 1, 1, 4, 4, 3, 3]  tape=0.214km B=9.98T unif=10.069% hoop=98MPa
  [1837] viol   f=   0.214  a=23.4 b=28.6 gap=22.8 (face=5.6mm) n=[357, 357, 226, 226, 1, 1, 4, 4, 3, 3]  tape=0.214km B=10.00T unif=9.342% hoop=100MPa
  [1838] viol   f=   0.215  a=23.4 b=28.6 gap=22.8 (face=5.5mm) n=[356, 356, 226, 226, 1, 1, 5, 5, 4, 4]  tape=0.214km B=9.99T unif=10.383% hoop=99MPa
  [1839] viol   f=   0.225  a=23.4 b=28.6 gap=22.8 (face=5.6mm) n=[356, 356, 227, 227, 1, 1, 4, 4, 3, 3]  tape=0.214km B=9.92T unif=9.602% hoop=98MPa
  [1840] viol   f=   0.218  a=23.5 b=28.6 gap=22.8 (face=5.6mm) n=[357, 357, 226, 226, 1, 1, 4, 4, 1, 1]  tape=0.213km B=9.95T unif=9.657% hoop=99MPa
  [a=23 b=29 nt=1184] KSP converged reason: 4, iterations: 1
  [a=23 b=29 nt=1182] KSP converged reason: 4, iterations: 1
  [a=23 b=29 nt=1184] KSP converged reason: 4, iterations: 1
  [a=23 b=29 nt=1184] KSP converged reason: 4, iterations: 1
  [a=23 b=29 nt=1180] KSP converged reason: 4, iterations: 1
  [a=23 b=29 nt=1180] KSP converged reason: 4, iterations: 1
  [a=23 b=29 nt=1182] KSP converged reason: 4, iterations: 1
  [a=23 b=29 nt=1184] KSP converged reason: 4, iterations: 1
  [a=23 b=29 nt=1184] KSP converged reason: 4, iterations: 1
  [a=23 b=29 nt=1180] KSP converged reason: 4, iterations: 1
  [1841] OK     f=   0.214  a=23.4 b=28.6 gap=22.9 (face=5.7mm) n=[356, 356, 226, 226, 3, 3, 4, 4, 3, 3]  tape=0.214km B=10.01T unif=9.371% hoop=99MPa
  [1842] viol   f=   0.231  a=23.4 b=28.6 gap=22.8 (face=5.6mm) n=[356, 356, 226, 226, 2, 2, 4, 4, 4, 4]  tape=0.214km B=9.91T unif=8.020% hoop=98MPa
  [1843] viol   f=   0.225  a=23.4 b=28.6 gap=22.8 (face=5.5mm) n=[356, 356, 226, 226, 2, 2, 4, 4, 4, 4]  tape=0.214km B=9.93T unif=9.553% hoop=97MPa
  [1844] OK     f=   0.214  a=23.4 b=28.6 gap=22.8 (face=5.6mm) n=[356, 356, 227, 227, 1, 1, 4, 4, 3, 3]  tape=0.214km B=10.03T unif=10.480% hoop=99MPa
  [1845] viol   f=   0.214  a=23.5 b=28.6 gap=22.8 (face=5.6mm) n=[356, 356, 227, 227, 1, 1, 4, 4, 2, 2]  tape=0.213km B=9.99T unif=10.253% hoop=99MPa
  [1846] viol   f=   0.219  a=23.4 b=28.6 gap=22.8 (face=5.7mm) n=[356, 356, 227, 227, 1, 1, 4, 4, 2, 2]  tape=0.213km B=9.95T unif=9.591% hoop=98MPa
  [1847] OK     f=   0.214  a=23.4 b=28.6 gap=22.8 (face=5.6mm) n=[356, 356, 227, 227, 1, 1, 4, 4, 3, 3]  tape=0.214km B=10.00T unif=10.493% hoop=99MPa
  [1848] viol   f=   0.247  a=23.4 b=28.6 gap=22.8 (face=5.5mm) n=[356, 356, 227, 227, 1, 1, 4, 4, 4, 4]  tape=0.214km B=9.87T unif=8.411% hoop=98MPa
  [1849] viol   f=   0.284  a=23.4 b=28.6 gap=22.8 (face=5.6mm) n=[357, 357, 226, 226, 1, 1, 3, 3, 3, 3]  tape=0.213km B=9.81T unif=6.071% hoop=98MPa
  [1850] viol   f=   0.222  a=23.4 b=28.6 gap=22.8 (face=5.6mm) n=[356, 356, 227, 227, 2, 2, 4, 4, 3, 3]  tape=0.214km B=9.94T unif=9.523% hoop=98MPa
  [a=23 b=29 nt=1182] KSP converged reason: 4, iterations: 1
  [a=23 b=29 nt=1180] KSP converged reason: 4, iterations: 1
  [a=23 b=29 nt=1180] KSP converged reason: 4, iterations: 1
  [a=23 b=29 nt=1184] KSP converged reason: 4, iterations: 1
  [a=23 b=29 nt=1182] KSP converged reason: 4, iterations: 1
  [a=23 b=29 nt=1184] KSP converged reason: 4, iterations: 1
  [a=23 b=29 nt=1182] KSP converged reason: 4, iterations: 1
  [a=23 b=29 nt=1182] KSP converged reason: 4, iterations: 1
  [a=23 b=29 nt=1182] KSP converged reason: 4, iterations: 1
  [a=23 b=29 nt=1182] KSP converged reason: 4, iterations: 1
  [1851] viol   f=   0.226  a=23.4 b=28.6 gap=22.8 (face=5.7mm) n=[355, 355, 227, 227, 1, 1, 4, 4, 3, 3]  tape=0.213km B=9.92T unif=9.648% hoop=97MPa
  [1852] viol   f=   0.228  a=23.5 b=28.6 gap=22.8 (face=5.7mm) n=[356, 356, 226, 226, 2, 2, 4, 4, 2, 2]  tape=0.214km B=9.91T unif=9.594% hoop=98MPa
  [1853] viol   f=   0.215  a=23.4 b=28.7 gap=22.8 (face=5.5mm) n=[356, 356, 227, 227, 2, 2, 4, 4, 3, 3]  tape=0.214km B=9.99T unif=9.903% hoop=98MPa
  [1854] viol   f=   0.264  a=23.4 b=28.6 gap=22.9 (face=5.8mm) n=[355, 355, 228, 228, 2, 2, 3, 3, 3, 3]  tape=0.213km B=9.84T unif=6.685% hoop=98MPa
  [1855] viol   f=   0.227  a=23.4 b=28.6 gap=22.8 (face=5.6mm) n=[357, 357, 226, 226, 2, 2, 4, 4, 3, 3]  tape=0.214km B=9.92T unif=8.072% hoop=98MPa
  [1856] viol   f=   0.214  a=23.4 b=28.6 gap=22.8 (face=5.6mm) n=[356, 356, 226, 226, 2, 2, 4, 4, 3, 3]  tape=0.214km B=10.00T unif=10.141% hoop=99MPa
  [1857] viol   f=   0.216  a=23.4 b=28.6 gap=22.8 (face=5.7mm) n=[356, 356, 227, 227, 2, 2, 4, 4, 2, 2]  tape=0.214km B=9.97T unif=9.565% hoop=98MPa
  [1858] viol   f=   0.238  a=23.4 b=28.6 gap=22.8 (face=5.7mm) n=[356, 356, 227, 227, 2, 2, 3, 3, 3, 3]  tape=0.214km B=9.89T unif=6.588% hoop=97MPa
  [1859] viol   f=   0.218  a=23.5 b=28.7 gap=22.8 (face=5.6mm) n=[357, 357, 227, 227, 1, 1, 4, 4, 2, 2]  tape=0.214km B=9.95T unif=9.533% hoop=98MPa
  [1860] viol   f=   0.232  a=23.4 b=28.6 gap=22.8 (face=5.6mm) n=[357, 357, 226, 226, 1, 1, 4, 4, 3, 3]  tape=0.214km B=9.91T unif=9.197% hoop=99MPa
  [a=23 b=29 nt=1182] KSP converged reason: 4, iterations: 1
  [a=23 b=29 nt=1182] KSP converged reason: 4, iterations: 1
  [a=23 b=29 nt=1182] KSP converged reason: 4, iterations: 1
  [a=23 b=29 nt=1182] KSP converged reason: 4, iterations: 1
  [a=23 b=29 nt=1182] KSP converged reason: 4, iterations: 1
  [a=23 b=29 nt=1182] KSP converged reason: 4, iterations: 1
  [a=23 b=29 nt=1184] KSP converged reason: 4, iterations: 1
  [a=23 b=29 nt=1180] KSP converged reason: 4, iterations: 1
  [a=23 b=29 nt=1182] KSP converged reason: 4, iterations: 1
  [a=23 b=29 nt=1180] KSP converged reason: 4, iterations: 1
  [1861] OK     f=   0.214  a=23.4 b=28.7 gap=22.8 (face=5.5mm) n=[356, 356, 227, 227, 1, 1, 4, 4, 3, 3]  tape=0.214km B=10.01T unif=9.741% hoop=98MPa
  [1862] viol   f=   0.216  a=23.4 b=28.6 gap=22.8 (face=5.6mm) n=[356, 356, 226, 226, 2, 2, 4, 4, 3, 3]  tape=0.214km B=9.97T unif=9.456% hoop=98MPa
  [1863] viol   f=   0.215  a=23.5 b=28.7 gap=22.8 (face=5.5mm) n=[355, 355, 227, 227, 3, 3, 4, 4, 2, 2]  tape=0.214km B=9.99T unif=9.733% hoop=97MPa
  [1864] viol   f=   0.269  a=23.4 b=28.6 gap=22.8 (face=5.5mm) n=[356, 356, 226, 226, 1, 1, 4, 4, 4, 4]  tape=0.214km B=9.83T unif=5.999% hoop=98MPa
  [1865] viol   f=   0.230  a=23.4 b=28.6 gap=22.8 (face=5.6mm) n=[357, 357, 226, 226, 1, 1, 4, 4, 3, 3]  tape=0.214km B=9.91T unif=9.307% hoop=99MPa
  [1866] viol   f=   0.215  a=23.5 b=28.7 gap=22.8 (face=5.6mm) n=[356, 356, 227, 227, 2, 2, 4, 4, 2, 2]  tape=0.214km B=9.98T unif=10.120% hoop=99MPa
  [1867] OK     f=   0.214  a=23.4 b=28.6 gap=22.8 (face=5.6mm) n=[356, 356, 227, 227, 2, 2, 4, 4, 3, 3]  tape=0.214km B=10.05T unif=10.474% hoop=99MPa
  [1868] OK     f=   0.213  a=23.4 b=28.6 gap=22.8 (face=5.6mm) n=[355, 355, 227, 227, 1, 1, 4, 4, 3, 3]  tape=0.213km B=10.00T unif=9.665% hoop=98MPa
  [1869] viol   f=   0.224  a=23.4 b=28.6 gap=22.8 (face=5.6mm) n=[356, 356, 226, 226, 2, 2, 4, 4, 3, 3]  tape=0.214km B=9.93T unif=9.406% hoop=98MPa
  [1870] viol   f=   0.221  a=23.4 b=28.6 gap=22.8 (face=5.6mm) n=[356, 356, 226, 226, 1, 1, 4, 4, 3, 3]  tape=0.213km B=9.94T unif=9.626% hoop=98MPa
  [a=23 b=29 nt=1182] KSP converged reason: 4, iterations: 1
  [a=23 b=29 nt=1182] KSP converged reason: 4, iterations: 1
  [a=23 b=29 nt=1182] KSP converged reason: 4, iterations: 1
  [a=23 b=29 nt=1182] KSP converged reason: 4, iterations: 1
  [a=23 b=29 nt=1184] KSP converged reason: 4, iterations: 1
  [a=23 b=29 nt=1184] KSP converged reason: 4, iterations: 1
  [a=23 b=29 nt=1184] KSP converged reason: 4, iterations: 1
  [a=23 b=29 nt=1182] KSP converged reason: 4, iterations: 1
  [a=23 b=29 nt=1182] KSP converged reason: 4, iterations: 1
  [a=23 b=29 nt=1180] KSP converged reason: 4, iterations: 1
  [1871] viol   f=   0.221  a=23.4 b=28.6 gap=22.8 (face=5.5mm) n=[355, 355, 228, 228, 1, 1, 4, 4, 3, 3]  tape=0.214km B=9.94T unif=10.405% hoop=98MPa
  [1872] OK     f=   0.214  a=23.4 b=28.7 gap=22.8 (face=5.6mm) n=[355, 355, 228, 228, 1, 1, 4, 4, 3, 3]  tape=0.214km B=10.02T unif=9.728% hoop=99MPa
  [1873] viol   f=   0.222  a=23.4 b=28.6 gap=22.8 (face=5.6mm) n=[356, 356, 227, 227, 1, 1, 4, 4, 3, 3]  tape=0.214km B=9.93T unif=9.533% hoop=98MPa
  [1874] viol   f=   0.214  a=23.4 b=28.6 gap=22.8 (face=5.6mm) n=[356, 356, 227, 227, 1, 1, 4, 4, 3, 3]  tape=0.214km B=10.00T unif=10.484% hoop=99MPa
  [1875] viol   f=   0.214  a=23.4 b=28.6 gap=22.8 (face=5.5mm) n=[355, 355, 228, 228, 2, 2, 4, 4, 3, 3]  tape=0.214km B=9.99T unif=9.913% hoop=99MPa
  [1876] viol   f=   0.214  a=23.4 b=28.6 gap=22.8 (face=5.5mm) n=[355, 355, 228, 228, 2, 2, 4, 4, 3, 3]  tape=0.214km B=9.99T unif=10.121% hoop=98MPa
  [1877] OK     f=   0.214  a=23.4 b=28.6 gap=22.8 (face=5.6mm) n=[356, 356, 227, 227, 2, 2, 4, 4, 3, 3]  tape=0.214km B=10.04T unif=10.203% hoop=98MPa
  [1878] viol   f=   0.263  a=23.4 b=28.6 gap=22.8 (face=5.5mm) n=[356, 356, 226, 226, 1, 1, 4, 4, 4, 4]  tape=0.214km B=9.84T unif=7.795% hoop=99MPa
  [1879] viol   f=   0.215  a=23.4 b=28.6 gap=22.8 (face=5.5mm) n=[356, 356, 227, 227, 1, 1, 4, 4, 3, 3]  tape=0.214km B=9.98T unif=10.215% hoop=99MPa
  [1880] viol   f=   0.218  a=23.4 b=28.7 gap=22.8 (face=5.5mm) n=[355, 355, 227, 227, 1, 1, 4, 4, 3, 3]  tape=0.213km B=9.95T unif=9.911% hoop=98MPa
  [a=23 b=29 nt=1186] KSP converged reason: 4, iterations: 1
  [a=23 b=29 nt=1186] KSP converged reason: 4, iterations: 1
  [a=23 b=29 nt=1186] KSP converged reason: 4, iterations: 1
  [a=23 b=29 nt=1186] KSP converged reason: 4, iterations: 1
  [a=23 b=29 nt=1182] KSP converged reason: 4, iterations: 1
  [a=23 b=29 nt=1182] KSP converged reason: 4, iterations: 1
  [a=23 b=29 nt=1182] KSP converged reason: 4, iterations: 1
  [a=23 b=29 nt=1184] KSP converged reason: 4, iterations: 1
  [a=23 b=29 nt=1180] KSP converged reason: 4, iterations: 1
  [a=23 b=29 nt=1186] KSP converged reason: 4, iterations: 1
  [1881] viol   f=   0.219  a=23.4 b=28.6 gap=22.8 (face=5.7mm) n=[355, 355, 228, 228, 2, 2, 4, 4, 4, 4]  tape=0.214km B=9.95T unif=9.041% hoop=97MPa
  [1882] viol   f=   0.265  a=23.4 b=28.6 gap=22.8 (face=5.5mm) n=[356, 356, 227, 227, 2, 2, 4, 4, 4, 4]  tape=0.215km B=9.84T unif=6.476% hoop=99MPa
  [1883] viol   f=   0.220  a=23.4 b=28.6 gap=22.8 (face=5.6mm) n=[356, 356, 227, 227, 2, 2, 4, 4, 4, 4]  tape=0.215km B=9.95T unif=9.061% hoop=98MPa
  [1884] OK     f=   0.214  a=23.4 b=28.6 gap=22.8 (face=5.5mm) n=[355, 355, 227, 227, 2, 2, 4, 4, 3, 3]  tape=0.214km B=10.02T unif=9.697% hoop=99MPa
  [1885] viol   f=   0.215  a=23.5 b=28.6 gap=22.8 (face=5.6mm) n=[356, 356, 227, 227, 1, 1, 4, 4, 3, 3]  tape=0.214km B=9.98T unif=10.186% hoop=99MPa
  [1886] viol   f=   0.220  a=23.4 b=28.6 gap=22.8 (face=5.6mm) n=[356, 356, 227, 227, 2, 2, 4, 4, 4, 4]  tape=0.215km B=9.95T unif=8.979% hoop=98MPa
  [1887] viol   f=   0.274  a=23.4 b=28.6 gap=22.8 (face=5.5mm) n=[355, 355, 227, 227, 1, 1, 4, 4, 4, 4]  tape=0.214km B=9.83T unif=7.171% hoop=98MPa
  [1888] viol   f=   0.218  a=23.4 b=28.6 gap=22.8 (face=5.6mm) n=[355, 355, 227, 227, 1, 1, 4, 4, 3, 3]  tape=0.213km B=9.95T unif=9.739% hoop=98MPa
  [1889] viol   f=   0.219  a=23.4 b=28.6 gap=22.8 (face=5.6mm) n=[355, 355, 227, 227, 2, 2, 4, 4, 4, 4]  tape=0.214km B=9.95T unif=8.986% hoop=98MPa
  [1890] viol   f=   0.220  a=23.4 b=28.6 gap=22.8 (face=5.6mm) n=[355, 355, 228, 228, 2, 2, 4, 4, 4, 4]  tape=0.215km B=9.95T unif=10.912% hoop=98MPa
  [a=23 b=29 nt=1182] KSP converged reason: 4, iterations: 1
  [a=23 b=29 nt=1178] KSP converged reason: 4, iterations: 1
  [a=23 b=29 nt=1182] KSP converged reason: 4, iterations: 1
  [a=23 b=29 nt=1184] KSP converged reason: 4, iterations: 1
  [a=23 b=29 nt=1180] KSP converged reason: 4, iterations: 1
  [a=23 b=29 nt=1180] KSP converged reason: 4, iterations: 1
  [a=23 b=29 nt=1182] KSP converged reason: 4, iterations: 1
  [a=23 b=29 nt=1182] KSP converged reason: 4, iterations: 1
  [a=23 b=29 nt=1182] KSP converged reason: 4, iterations: 1
  [a=23 b=29 nt=1180] KSP converged reason: 4, iterations: 1
  [1891] viol   f=   0.219  a=23.4 b=28.7 gap=22.8 (face=5.6mm) n=[355, 355, 227, 227, 1, 1, 4, 4, 3, 3]  tape=0.213km B=9.95T unif=9.870% hoop=98MPa
  [1892] viol   f=   0.217  a=23.4 b=28.6 gap=22.8 (face=5.6mm) n=[356, 356, 226, 226, 1, 1, 4, 4, 2, 2]  tape=0.213km B=9.96T unif=10.151% hoop=99MPa
  [1893] viol   f=   0.214  a=23.5 b=28.7 gap=22.8 (face=5.6mm) n=[355, 355, 228, 228, 2, 2, 4, 4, 3, 3]  tape=0.214km B=9.99T unif=10.060% hoop=99MPa
  [1894] viol   f=   0.220  a=23.4 b=28.7 gap=22.8 (face=5.5mm) n=[355, 355, 227, 227, 1, 1, 5, 5, 3, 3]  tape=0.214km B=9.95T unif=10.087% hoop=98MPa
  [1895] viol   f=   0.216  a=23.4 b=28.6 gap=22.8 (face=5.6mm) n=[355, 355, 227, 227, 1, 1, 4, 4, 3, 3]  tape=0.213km B=9.96T unif=9.737% hoop=98MPa
  [1896] viol   f=   0.222  a=23.5 b=28.6 gap=22.8 (face=5.6mm) n=[356, 356, 227, 227, 2, 2, 4, 4, 2, 2]  tape=0.214km B=9.94T unif=9.456% hoop=99MPa
  [1897] viol   f=   0.215  a=23.4 b=28.6 gap=22.8 (face=5.6mm) n=[355, 355, 227, 227, 2, 2, 4, 4, 3, 3]  tape=0.214km B=9.98T unif=9.637% hoop=98MPa
  [1898] viol   f=   0.217  a=23.4 b=28.7 gap=22.8 (face=5.5mm) n=[356, 356, 227, 227, 1, 1, 4, 4, 3, 3]  tape=0.214km B=9.96T unif=10.079% hoop=99MPa
  [1899] OK     f=   0.214  a=23.4 b=28.6 gap=22.8 (face=5.6mm) n=[356, 356, 227, 227, 1, 1, 4, 4, 3, 3]  tape=0.214km B=10.04T unif=10.131% hoop=99MPa
  [1900] viol   f=   0.217  a=23.4 b=28.6 gap=22.8 (face=5.5mm) n=[356, 356, 226, 226, 1, 1, 4, 4, 3, 3]  tape=0.213km B=9.96T unif=9.842% hoop=99MPa
  [a=23 b=29 nt=1182] KSP converged reason: 4, iterations: 1
  [a=23 b=29 nt=1182] KSP converged reason: 4, iterations: 1
  [a=23 b=29 nt=1182] KSP converged reason: 4, iterations: 1
  [a=23 b=29 nt=1182] KSP converged reason: 4, iterations: 1
  [a=23 b=29 nt=1182] KSP converged reason: 4, iterations: 1
  [a=23 b=29 nt=1182] KSP converged reason: 4, iterations: 1
  [a=23 b=29 nt=1182] KSP converged reason: 4, iterations: 1
  [a=23 b=29 nt=1184] KSP converged reason: 4, iterations: 1
  [a=23 b=29 nt=1180] KSP converged reason: 4, iterations: 1
  [a=23 b=29 nt=1182] KSP converged reason: 4, iterations: 1
  [1901] viol   f=   0.219  a=23.4 b=28.6 gap=22.8 (face=5.6mm) n=[355, 355, 228, 228, 1, 1, 4, 4, 3, 3]  tape=0.214km B=9.95T unif=10.407% hoop=98MPa
  [1902] viol   f=   0.221  a=23.4 b=28.6 gap=22.8 (face=5.6mm) n=[355, 355, 227, 227, 2, 2, 4, 4, 3, 3]  tape=0.214km B=9.94T unif=10.138% hoop=98MPa
  [1903] viol   f=   0.216  a=23.4 b=28.6 gap=22.8 (face=5.6mm) n=[356, 356, 227, 227, 1, 1, 4, 4, 3, 3]  tape=0.214km B=9.97T unif=10.033% hoop=99MPa
  [1904] OK     f=   0.214  a=23.5 b=28.6 gap=22.8 (face=5.6mm) n=[356, 356, 227, 227, 1, 1, 4, 4, 3, 3]  tape=0.214km B=10.00T unif=9.629% hoop=99MPa
  [1905] viol   f=   0.217  a=23.5 b=28.6 gap=22.8 (face=5.7mm) n=[356, 356, 227, 227, 1, 1, 4, 4, 3, 3]  tape=0.214km B=9.96T unif=9.552% hoop=99MPa
  [1906] OK     f=   0.214  a=23.4 b=28.6 gap=22.8 (face=5.6mm) n=[356, 356, 226, 226, 2, 2, 4, 4, 3, 3]  tape=0.214km B=10.00T unif=9.481% hoop=99MPa
  [1907] viol   f=   0.215  a=23.4 b=28.6 gap=22.8 (face=5.6mm) n=[355, 355, 227, 227, 2, 2, 4, 4, 3, 3]  tape=0.214km B=9.98T unif=10.066% hoop=98MPa
  [1908] viol   f=   0.216  a=23.4 b=28.6 gap=22.8 (face=5.6mm) n=[355, 355, 228, 228, 1, 1, 4, 4, 3, 3]  tape=0.214km B=9.97T unif=9.900% hoop=98MPa
  [1909] viol   f=   0.218  a=23.4 b=28.6 gap=22.8 (face=5.6mm) n=[355, 355, 227, 227, 1, 1, 4, 4, 3, 3]  tape=0.213km B=9.95T unif=9.938% hoop=98MPa
  [1910] viol   f=   0.232  a=23.4 b=28.6 gap=22.8 (face=5.6mm) n=[355, 355, 227, 227, 2, 2, 4, 4, 4, 4]  tape=0.214km B=9.90T unif=8.612% hoop=97MPa
  [a=23 b=29 nt=1184] KSP converged reason: 4, iterations: 1
  [a=23 b=29 nt=1182] KSP converged reason: 4, iterations: 1
  [a=23 b=29 nt=1180] KSP converged reason: 4, iterations: 1
  [a=23 b=29 nt=1184] KSP converged reason: 4, iterations: 1
  [a=23 b=29 nt=1180] KSP converged reason: 4, iterations: 1
  [a=23 b=29 nt=1182] KSP converged reason: 4, iterations: 1
  [a=23 b=29 nt=1182] KSP converged reason: 4, iterations: 1
  [a=23 b=29 nt=1180] KSP converged reason: 4, iterations: 1
  [a=23 b=29 nt=1180] KSP converged reason: 4, iterations: 1
  [a=23 b=29 nt=1182] KSP converged reason: 4, iterations: 1
  [1911] viol   f=   0.214  a=23.4 b=28.6 gap=22.8 (face=5.6mm) n=[357, 357, 226, 226, 2, 2, 4, 4, 3, 3]  tape=0.214km B=10.00T unif=9.283% hoop=99MPa
  [1912] viol   f=   0.215  a=23.4 b=28.6 gap=22.8 (face=5.6mm) n=[355, 355, 227, 227, 2, 2, 4, 4, 3, 3]  tape=0.214km B=9.98T unif=10.069% hoop=98MPa
  [1913] viol   f=   0.216  a=23.4 b=28.6 gap=22.8 (face=5.5mm) n=[356, 356, 226, 226, 1, 1, 4, 4, 3, 3]  tape=0.214km B=9.96T unif=10.168% hoop=99MPa
  [1914] viol   f=   0.216  a=23.4 b=28.6 gap=22.8 (face=5.6mm) n=[356, 356, 227, 227, 2, 2, 4, 4, 3, 3]  tape=0.214km B=9.97T unif=9.604% hoop=98MPa
  [1915] OK     f=   0.213  a=23.4 b=28.6 gap=22.8 (face=5.6mm) n=[356, 356, 226, 226, 1, 1, 4, 4, 3, 3]  tape=0.213km B=10.02T unif=10.118% hoop=99MPa
  [1916] OK     f=   0.214  a=23.5 b=28.6 gap=22.8 (face=5.6mm) n=[356, 356, 227, 227, 1, 1, 4, 4, 3, 3]  tape=0.214km B=10.03T unif=10.419% hoop=98MPa
  [1917] viol   f=   0.217  a=23.4 b=28.6 gap=22.8 (face=5.6mm) n=[356, 356, 226, 226, 2, 2, 4, 4, 2, 2]  tape=0.214km B=9.96T unif=10.102% hoop=99MPa
  [1918] viol   f=   0.223  a=23.4 b=28.6 gap=22.8 (face=5.6mm) n=[356, 356, 226, 226, 2, 2, 4, 4, 3, 3]  tape=0.214km B=9.93T unif=9.389% hoop=98MPa
  [1919] OK     f=   0.213  a=23.4 b=28.6 gap=22.8 (face=5.6mm) n=[356, 356, 226, 226, 1, 1, 4, 4, 3, 3]  tape=0.213km B=10.02T unif=10.087% hoop=99MPa
  [1920] viol   f=   0.216  a=23.4 b=28.6 gap=22.8 (face=5.6mm) n=[356, 356, 226, 226, 2, 2, 4, 4, 3, 3]  tape=0.214km B=9.96T unif=9.402% hoop=98MPa
  [a=23 b=29 nt=1182] KSP converged reason: 4, iterations: 1
  [a=23 b=29 nt=1180] KSP converged reason: 4, iterations: 1
  [a=23 b=29 nt=1180] KSP converged reason: 4, iterations: 1
  [a=23 b=29 nt=1182] KSP converged reason: 4, iterations: 1
  [a=23 b=29 nt=1182] KSP converged reason: 4, iterations: 1
  [a=23 b=29 nt=1180] KSP converged reason: 4, iterations: 1
  [a=23 b=29 nt=1182] KSP converged reason: 4, iterations: 1
  [a=23 b=29 nt=1182] KSP converged reason: 4, iterations: 1
  [a=23 b=29 nt=1180] KSP converged reason: 4, iterations: 1
  [a=23 b=29 nt=1182] KSP converged reason: 4, iterations: 1
  [1921] viol   f=   0.216  a=23.5 b=28.6 gap=22.8 (face=5.6mm) n=[356, 356, 227, 227, 1, 1, 4, 4, 2, 2]  tape=0.213km B=9.97T unif=10.165% hoop=99MPa
  [1922] viol   f=   0.214  a=23.4 b=28.6 gap=22.8 (face=5.6mm) n=[357, 357, 226, 226, 1, 1, 4, 4, 3, 3]  tape=0.214km B=10.00T unif=9.347% hoop=100MPa
  [1923] viol   f=   0.216  a=23.4 b=28.6 gap=22.8 (face=5.6mm) n=[356, 356, 226, 226, 1, 1, 4, 4, 3, 3]  tape=0.213km B=9.96T unif=10.599% hoop=99MPa
  [1924] OK     f=   0.214  a=23.4 b=28.6 gap=22.8 (face=5.6mm) n=[356, 356, 227, 227, 1, 1, 4, 4, 3, 3]  tape=0.214km B=10.02T unif=10.600% hoop=99MPa
  [1925] OK     f=   0.214  a=23.4 b=28.6 gap=22.8 (face=5.5mm) n=[356, 356, 227, 227, 1, 1, 4, 4, 3, 3]  tape=0.214km B=10.04T unif=10.121% hoop=99MPa
  [1926] viol   f=   0.216  a=23.4 b=28.6 gap=22.8 (face=5.5mm) n=[356, 356, 226, 226, 1, 1, 4, 4, 3, 3]  tape=0.214km B=9.96T unif=10.178% hoop=99MPa
  [1927] viol   f=   0.215  a=23.4 b=28.6 gap=22.8 (face=5.5mm) n=[356, 356, 227, 227, 1, 1, 4, 4, 3, 3]  tape=0.214km B=9.98T unif=10.160% hoop=99MPa
  [1928] viol   f=   0.290  a=23.4 b=28.6 gap=22.8 (face=5.6mm) n=[357, 357, 225, 225, 1, 1, 4, 4, 3, 3]  tape=0.214km B=9.80T unif=8.166% hoop=97MPa
  [1929] OK     f=   0.214  a=23.4 b=28.6 gap=22.8 (face=5.6mm) n=[356, 356, 226, 226, 2, 2, 4, 4, 3, 3]  tape=0.214km B=10.02T unif=10.437% hoop=99MPa
  [1930] viol   f=   0.216  a=23.4 b=28.6 gap=22.8 (face=5.6mm) n=[356, 356, 227, 227, 1, 1, 4, 4, 3, 3]  tape=0.214km B=9.96T unif=9.683% hoop=98MPa
  [a=23 b=29 nt=1182] KSP converged reason: 4, iterations: 1
  [a=23 b=29 nt=1182] KSP converged reason: 4, iterations: 1
  [a=23 b=29 nt=1180] KSP converged reason: 4, iterations: 1
  [a=23 b=29 nt=1184] KSP converged reason: 4, iterations: 1
  [a=23 b=29 nt=1180] KSP converged reason: 4, iterations: 1
  [a=23 b=29 nt=1182] KSP converged reason: 4, iterations: 1
  [a=23 b=29 nt=1182] KSP converged reason: 4, iterations: 1
  [a=23 b=29 nt=1180] KSP converged reason: 4, iterations: 1
  [a=23 b=29 nt=1180] KSP converged reason: 4, iterations: 1
  [a=23 b=29 nt=1182] KSP converged reason: 4, iterations: 1
  [1931] viol   f=   0.216  a=23.4 b=28.6 gap=22.8 (face=5.6mm) n=[356, 356, 227, 227, 2, 2, 4, 4, 3, 3]  tape=0.214km B=9.97T unif=9.613% hoop=98MPa
  [1932] OK     f=   0.214  a=23.4 b=28.6 gap=22.8 (face=5.5mm) n=[356, 356, 226, 226, 2, 2, 4, 4, 3, 3]  tape=0.214km B=10.02T unif=10.375% hoop=98MPa
  [1933] viol   f=   0.215  a=23.4 b=28.6 gap=22.8 (face=5.6mm) n=[356, 356, 227, 227, 1, 1, 4, 4, 3, 3]  tape=0.214km B=9.98T unif=10.606% hoop=99MPa
  [1934] viol   f=   0.218  a=23.4 b=28.6 gap=22.8 (face=5.6mm) n=[355, 355, 227, 227, 1, 1, 4, 4, 3, 3]  tape=0.213km B=9.95T unif=9.722% hoop=97MPa
  [1935] viol   f=   0.215  a=23.4 b=28.6 gap=22.8 (face=5.6mm) n=[356, 356, 226, 226, 2, 2, 4, 4, 3, 3]  tape=0.214km B=9.98T unif=9.851% hoop=99MPa
  [1936] OK     f=   0.213  a=23.4 b=28.6 gap=22.8 (face=5.6mm) n=[355, 355, 227, 227, 1, 1, 4, 4, 3, 3]  tape=0.213km B=10.01T unif=9.662% hoop=98MPa
  [1937] viol   f=   0.220  a=23.4 b=28.6 gap=22.8 (face=5.6mm) n=[356, 356, 226, 226, 1, 1, 4, 4, 3, 3]  tape=0.213km B=9.94T unif=9.443% hoop=98MPa
  [1938] viol   f=   0.217  a=23.4 b=28.6 gap=22.8 (face=5.6mm) n=[355, 355, 227, 227, 1, 1, 4, 4, 3, 3]  tape=0.213km B=9.96T unif=9.736% hoop=98MPa
  [1939] OK     f=   0.214  a=23.4 b=28.6 gap=22.8 (face=5.6mm) n=[356, 356, 227, 227, 1, 1, 4, 4, 3, 3]  tape=0.214km B=10.00T unif=9.747% hoop=99MPa
  [1940] viol   f=   0.217  a=23.4 b=28.6 gap=22.8 (face=5.6mm) n=[356, 356, 227, 227, 1, 1, 4, 4, 3, 3]  tape=0.214km B=9.96T unif=9.641% hoop=98MPa
  [a=23 b=29 nt=1182] KSP converged reason: 4, iterations: 1
  [a=23 b=29 nt=1182] KSP converged reason: 4, iterations: 1
  [a=23 b=29 nt=1182] KSP converged reason: 4, iterations: 1
  [a=23 b=29 nt=1182] KSP converged reason: 4, iterations: 1
  [a=23 b=29 nt=1182] KSP converged reason: 4, iterations: 1
  [a=23 b=29 nt=1182] KSP converged reason: 4, iterations: 1
  [a=23 b=29 nt=1182] KSP converged reason: 4, iterations: 1
  [a=23 b=29 nt=1180] KSP converged reason: 4, iterations: 1
  [a=23 b=29 nt=1182] KSP converged reason: 4, iterations: 1
  [a=23 b=29 nt=1182] KSP converged reason: 4, iterations: 1
  [1941] viol   f=   0.214  a=23.4 b=28.6 gap=22.8 (face=5.6mm) n=[356, 356, 226, 226, 2, 2, 4, 4, 3, 3]  tape=0.214km B=9.98T unif=9.798% hoop=99MPa
  [1942] viol   f=   0.216  a=23.4 b=28.6 gap=22.8 (face=5.6mm) n=[356, 356, 226, 226, 2, 2, 4, 4, 3, 3]  tape=0.214km B=9.97T unif=10.070% hoop=99MPa
  [1943] viol   f=   0.215  a=23.4 b=28.7 gap=22.8 (face=5.5mm) n=[356, 356, 226, 226, 2, 2, 4, 4, 3, 3]  tape=0.214km B=9.98T unif=10.401% hoop=99MPa
  [1944] OK     f=   0.214  a=23.4 b=28.6 gap=22.8 (face=5.5mm) n=[356, 356, 227, 227, 1, 1, 4, 4, 3, 3]  tape=0.214km B=10.02T unif=10.568% hoop=99MPa
  [1945] OK     f=   0.214  a=23.4 b=28.6 gap=22.8 (face=5.6mm) n=[356, 356, 227, 227, 1, 1, 4, 4, 3, 3]  tape=0.214km B=10.03T unif=10.320% hoop=98MPa
  [1946] viol   f=   0.214  a=23.4 b=28.6 gap=22.8 (face=5.5mm) n=[356, 356, 227, 227, 1, 1, 4, 4, 3, 3]  tape=0.214km B=9.99T unif=10.601% hoop=99MPa
  [1947] OK     f=   0.214  a=23.4 b=28.6 gap=22.8 (face=5.5mm) n=[356, 356, 227, 227, 1, 1, 4, 4, 3, 3]  tape=0.214km B=10.04T unif=10.142% hoop=99MPa
  [1948] OK     f=   0.213  a=23.4 b=28.6 gap=22.8 (face=5.5mm) n=[356, 356, 226, 226, 1, 1, 4, 4, 3, 3]  tape=0.213km B=10.03T unif=10.119% hoop=99MPa
  [1949] viol   f=   0.214  a=23.4 b=28.6 gap=22.8 (face=5.6mm) n=[356, 356, 226, 226, 2, 2, 4, 4, 3, 3]  tape=0.214km B=10.00T unif=9.455% hoop=99MPa
  [1950] viol   f=   0.214  a=23.4 b=28.6 gap=22.8 (face=5.6mm) n=[356, 356, 226, 226, 2, 2, 4, 4, 3, 3]  tape=0.214km B=9.99T unif=10.359% hoop=99MPa
  [a=23 b=29 nt=1180] KSP converged reason: 4, iterations: 1
  [a=23 b=29 nt=1182] KSP converged reason: 4, iterations: 1
  [a=23 b=29 nt=1180] KSP converged reason: 4, iterations: 1
  [a=23 b=29 nt=1182] KSP converged reason: 4, iterations: 1
  [a=23 b=29 nt=1180] KSP converged reason: 4, iterations: 1
  [a=23 b=29 nt=1180] KSP converged reason: 4, iterations: 1
  [a=23 b=29 nt=1184] KSP converged reason: 4, iterations: 1
  [a=23 b=29 nt=1180] KSP converged reason: 4, iterations: 1
  [a=23 b=29 nt=1180] KSP converged reason: 4, iterations: 1
  [a=23 b=29 nt=1180] KSP converged reason: 4, iterations: 1
  [1951] viol   f=   0.214  a=23.4 b=28.6 gap=22.8 (face=5.5mm) n=[356, 356, 226, 226, 1, 1, 4, 4, 3, 3]  tape=0.213km B=9.99T unif=10.544% hoop=99MPa
  [1952] viol   f=   0.217  a=23.4 b=28.6 gap=22.8 (face=5.5mm) n=[355, 355, 227, 227, 1, 1, 4, 4, 4, 4]  tape=0.214km B=9.96T unif=10.222% hoop=98MPa
  [1953] viol   f=   0.218  a=23.4 b=28.6 gap=22.8 (face=5.6mm) n=[355, 355, 227, 227, 1, 1, 4, 4, 3, 3]  tape=0.213km B=9.95T unif=10.120% hoop=98MPa
  [1954] OK     f=   0.214  a=23.4 b=28.6 gap=22.8 (face=5.6mm) n=[356, 356, 227, 227, 1, 1, 4, 4, 3, 3]  tape=0.214km B=10.02T unif=10.595% hoop=99MPa
  [1955] viol   f=   0.228  a=23.4 b=28.6 gap=22.8 (face=5.6mm) n=[356, 356, 226, 226, 1, 1, 4, 4, 3, 3]  tape=0.213km B=9.91T unif=9.530% hoop=98MPa
  [1956] viol   f=   0.216  a=23.4 b=28.6 gap=22.8 (face=5.6mm) n=[355, 355, 227, 227, 1, 1, 4, 4, 3, 3]  tape=0.213km B=9.96T unif=10.127% hoop=98MPa
  [1957] viol   f=   0.216  a=23.4 b=28.6 gap=22.8 (face=5.6mm) n=[356, 356, 227, 227, 2, 2, 4, 4, 3, 3]  tape=0.214km B=9.97T unif=9.559% hoop=98MPa
  [1958] viol   f=   0.220  a=23.4 b=28.6 gap=22.8 (face=5.6mm) n=[356, 356, 226, 226, 1, 1, 4, 4, 3, 3]  tape=0.213km B=9.94T unif=9.449% hoop=98MPa
  [1959] viol   f=   0.215  a=23.4 b=28.6 gap=22.8 (face=5.5mm) n=[356, 356, 226, 226, 1, 1, 4, 4, 3, 3]  tape=0.213km B=9.97T unif=10.509% hoop=99MPa
  [1960] OK     f=   0.213  a=23.4 b=28.6 gap=22.8 (face=5.6mm) n=[356, 356, 226, 226, 1, 1, 4, 4, 3, 3]  tape=0.213km B=10.01T unif=10.367% hoop=97MPa
  [a=23 b=29 nt=1182] KSP converged reason: 4, iterations: 1
  [a=23 b=29 nt=1178] KSP converged reason: 4, iterations: 1
  [a=23 b=29 nt=1180] KSP converged reason: 4, iterations: 1
  [a=23 b=29 nt=1180] KSP converged reason: 4, iterations: 1
  [a=23 b=29 nt=1178] KSP converged reason: 4, iterations: 1
  [a=23 b=29 nt=1180] KSP converged reason: 4, iterations: 1
  [a=23 b=29 nt=1182] KSP converged reason: 4, iterations: 1
  [a=23 b=29 nt=1180] KSP converged reason: 4, iterations: 1
  [a=23 b=29 nt=1184] KSP converged reason: 4, iterations: 1
  [a=23 b=29 nt=1182] KSP converged reason: 4, iterations: 1
  [1961] viol   f=   0.215  a=23.4 b=28.6 gap=22.8 (face=5.6mm) n=[356, 356, 226, 226, 1, 1, 4, 4, 3, 3]  tape=0.213km B=9.97T unif=9.981% hoop=98MPa
  [1962] OK     f=   0.213  a=23.4 b=28.6 gap=22.8 (face=5.6mm) n=[356, 356, 227, 227, 1, 1, 4, 4, 2, 2]  tape=0.213km B=10.03T unif=10.161% hoop=99MPa
  [1963] viol   f=   0.217  a=23.4 b=28.6 gap=22.8 (face=5.6mm) n=[356, 356, 225, 225, 1, 1, 4, 4, 3, 3]  tape=0.213km B=9.96T unif=10.092% hoop=98MPa
  [1964] OK     f=   0.214  a=23.4 b=28.6 gap=22.8 (face=5.5mm) n=[356, 356, 226, 226, 2, 2, 4, 4, 3, 3]  tape=0.214km B=10.03T unif=10.071% hoop=99MPa
  [1965] viol   f=   0.223  a=23.4 b=28.6 gap=22.8 (face=5.6mm) n=[355, 355, 226, 226, 1, 1, 4, 4, 3, 3]  tape=0.213km B=9.93T unif=9.718% hoop=99MPa
  [1966] viol   f=   0.214  a=23.4 b=28.7 gap=22.8 (face=5.5mm) n=[356, 356, 226, 226, 1, 1, 4, 4, 3, 3]  tape=0.214km B=9.98T unif=10.414% hoop=98MPa
  [1967] OK     f=   0.214  a=23.4 b=28.6 gap=22.8 (face=5.6mm) n=[356, 356, 227, 227, 1, 1, 4, 4, 3, 3]  tape=0.214km B=10.03T unif=10.312% hoop=98MPa
  [1968] OK     f=   0.213  a=23.4 b=28.6 gap=22.8 (face=5.5mm) n=[356, 356, 226, 226, 1, 1, 4, 4, 3, 3]  tape=0.213km B=10.03T unif=10.120% hoop=99MPa
  [1969] viol   f=   0.222  a=23.4 b=28.6 gap=22.8 (face=5.6mm) n=[356, 356, 227, 227, 1, 1, 4, 4, 3, 3]  tape=0.214km B=9.93T unif=9.579% hoop=98MPa
  [1970] viol   f=   0.245  a=23.4 b=28.6 gap=22.8 (face=5.6mm) n=[356, 356, 226, 226, 2, 2, 4, 4, 4, 4]  tape=0.214km B=9.88T unif=7.964% hoop=99MPa
  [a=23 b=29 nt=1182] KSP converged reason: 4, iterations: 1
  [a=23 b=29 nt=1182] KSP converged reason: 4, iterations: 1
  [a=23 b=29 nt=1182] KSP converged reason: 4, iterations: 1
  [a=23 b=29 nt=1182] KSP converged reason: 4, iterations: 1
  [a=23 b=29 nt=1182] KSP converged reason: 4, iterations: 1
  [a=23 b=29 nt=1180] KSP converged reason: 4, iterations: 1
  [a=23 b=29 nt=1182] KSP converged reason: 4, iterations: 1
  [a=23 b=29 nt=1182] KSP converged reason: 4, iterations: 1
  [a=23 b=29 nt=1182] KSP converged reason: 4, iterations: 1
  [a=23 b=29 nt=1180] KSP converged reason: 4, iterations: 1
  [1971] viol   f=   0.214  a=23.4 b=28.6 gap=22.8 (face=5.6mm) n=[356, 356, 226, 226, 2, 2, 4, 4, 3, 3]  tape=0.214km B=9.99T unif=9.527% hoop=99MPa
  [1972] viol   f=   0.216  a=23.4 b=28.6 gap=22.8 (face=5.6mm) n=[356, 356, 226, 226, 2, 2, 4, 4, 3, 3]  tape=0.214km B=9.97T unif=10.055% hoop=99MPa
  [1973] viol   f=   0.217  a=23.4 b=28.6 gap=22.8 (face=5.6mm) n=[356, 356, 226, 226, 2, 2, 4, 4, 3, 3]  tape=0.214km B=9.96T unif=9.370% hoop=99MPa
  [1974] OK     f=   0.213  a=23.4 b=28.6 gap=22.8 (face=5.6mm) n=[356, 356, 226, 226, 1, 1, 4, 4, 3, 3]  tape=0.213km B=10.01T unif=10.312% hoop=98MPa
  [1975] OK     f=   0.214  a=23.4 b=28.6 gap=22.8 (face=5.5mm) n=[356, 356, 227, 227, 1, 1, 4, 4, 3, 3]  tape=0.214km B=10.01T unif=9.809% hoop=99MPa
  [1976] viol   f=   0.214  a=23.4 b=28.6 gap=22.8 (face=5.5mm) n=[356, 356, 227, 227, 1, 1, 4, 4, 3, 3]  tape=0.214km B=10.00T unif=9.768% hoop=99MPa
  [1977] OK     f=   0.214  a=23.4 b=28.6 gap=22.8 (face=5.6mm) n=[356, 356, 227, 227, 1, 1, 4, 4, 3, 3]  tape=0.214km B=10.02T unif=10.595% hoop=99MPa
  [1978] viol   f=   0.216  a=23.4 b=28.6 gap=22.8 (face=5.6mm) n=[356, 356, 226, 226, 2, 2, 4, 4, 3, 3]  tape=0.214km B=9.97T unif=10.075% hoop=99MPa
  [1979] viol   f=   0.214  a=23.4 b=28.6 gap=22.8 (face=5.6mm) n=[356, 356, 227, 227, 1, 1, 4, 4, 3, 3]  tape=0.214km B=9.98T unif=10.634% hoop=99MPa
  [1980] viol   f=   0.217  a=23.4 b=28.6 gap=22.8 (face=5.6mm) n=[355, 355, 227, 227, 1, 1, 4, 4, 3, 3]  tape=0.213km B=9.96T unif=9.682% hoop=97MPa
  [a=23 b=29 nt=1180] KSP converged reason: 4, iterations: 1
  [a=23 b=29 nt=1182] KSP converged reason: 4, iterations: 1
  [a=23 b=29 nt=1182] KSP converged reason: 4, iterations: 1
  [a=23 b=29 nt=1182] KSP converged reason: 4, iterations: 1
  [a=23 b=29 nt=1180] KSP converged reason: 4, iterations: 1
  [a=23 b=29 nt=1180] KSP converged reason: 4, iterations: 1
  [a=23 b=29 nt=1180] KSP converged reason: 4, iterations: 1
  [a=23 b=29 nt=1182] KSP converged reason: 4, iterations: 1
  [a=23 b=29 nt=1182] KSP converged reason: 4, iterations: 1
  [a=23 b=29 nt=1180] KSP converged reason: 4, iterations: 1
  [1981] OK     f=   0.214  a=23.4 b=28.6 gap=22.8 (face=5.5mm) n=[356, 356, 227, 227, 1, 1, 4, 4, 3, 3]  tape=0.214km B=10.04T unif=10.128% hoop=99MPa
  [1982] viol   f=   0.214  a=23.4 b=28.6 gap=22.8 (face=5.6mm) n=[356, 356, 226, 226, 2, 2, 4, 4, 3, 3]  tape=0.214km B=9.99T unif=9.491% hoop=99MPa
  [1983] viol   f=   0.227  a=23.4 b=28.6 gap=22.8 (face=5.6mm) n=[355, 355, 227, 227, 1, 1, 4, 4, 3, 3]  tape=0.213km B=9.92T unif=10.172% hoop=98MPa
  [1984] OK     f=   0.213  a=23.4 b=28.6 gap=22.8 (face=5.6mm) n=[356, 356, 226, 226, 1, 1, 4, 4, 3, 3]  tape=0.213km B=10.04T unif=10.085% hoop=106MPa
  [1985] viol   f=   0.214  a=23.4 b=28.6 gap=22.8 (face=5.6mm) n=[356, 356, 226, 226, 2, 2, 4, 4, 3, 3]  tape=0.214km B=9.99T unif=9.538% hoop=99MPa
  [1986] viol   f=   0.217  a=23.5 b=28.6 gap=22.8 (face=5.6mm) n=[355, 355, 228, 228, 1, 1, 4, 4, 2, 2]  tape=0.213km B=9.96T unif=10.106% hoop=98MPa
  [1987] viol   f=   0.220  a=23.4 b=28.6 gap=22.8 (face=5.6mm) n=[356, 356, 226, 226, 1, 1, 4, 4, 3, 3]  tape=0.213km B=9.94T unif=10.028% hoop=99MPa
  [1988] viol   f=   0.215  a=23.4 b=28.6 gap=22.8 (face=5.6mm) n=[356, 356, 227, 227, 1, 1, 4, 4, 3, 3]  tape=0.214km B=9.98T unif=10.095% hoop=99MPa
  [1989] viol   f=   0.214  a=23.4 b=28.6 gap=22.8 (face=5.6mm) n=[356, 356, 227, 227, 1, 1, 4, 4, 3, 3]  tape=0.214km B=9.99T unif=10.249% hoop=99MPa
  [1990] viol   f=   0.214  a=23.4 b=28.6 gap=22.8 (face=5.5mm) n=[356, 356, 226, 226, 1, 1, 4, 4, 3, 3]  tape=0.213km B=9.98T unif=9.724% hoop=99MPa
  [a=23 b=29 nt=1182] KSP converged reason: 4, iterations: 1
  [a=23 b=29 nt=1182] KSP converged reason: 4, iterations: 1
  [a=23 b=29 nt=1182] KSP converged reason: 4, iterations: 1
  [a=23 b=29 nt=1180] KSP converged reason: 4, iterations: 1
  [a=23 b=29 nt=1180] KSP converged reason: 4, iterations: 1
  [a=23 b=29 nt=1180] KSP converged reason: 4, iterations: 1
  [a=23 b=29 nt=1182] KSP converged reason: 4, iterations: 1
  [a=23 b=29 nt=1180] KSP converged reason: 4, iterations: 1
  [a=23 b=29 nt=1180] KSP converged reason: 4, iterations: 1
  [a=23 b=29 nt=1180] KSP converged reason: 4, iterations: 1
  [1991] viol   f=   0.215  a=23.4 b=28.6 gap=22.8 (face=5.5mm) n=[356, 356, 226, 226, 2, 2, 4, 4, 3, 3]  tape=0.214km B=9.98T unif=10.030% hoop=99MPa
  [1992] OK     f=   0.214  a=23.4 b=28.6 gap=22.8 (face=5.5mm) n=[356, 356, 226, 226, 2, 2, 4, 4, 3, 3]  tape=0.214km B=10.01T unif=10.344% hoop=98MPa
  [1993] viol   f=   0.218  a=23.4 b=28.6 gap=22.8 (face=5.5mm) n=[356, 356, 226, 226, 1, 1, 4, 4, 3, 3]  tape=0.213km B=9.95T unif=10.067% hoop=99MPa
  [1994] viol   f=   0.217  a=23.4 b=28.6 gap=22.8 (face=5.6mm) n=[356, 356, 227, 227, 2, 2, 4, 4, 2, 2]  tape=0.214km B=9.96T unif=9.411% hoop=98MPa
  [1995] OK     f=   0.213  a=23.4 b=28.6 gap=22.8 (face=5.6mm) n=[356, 356, 226, 226, 1, 1, 4, 4, 3, 3]  tape=0.213km B=10.01T unif=10.266% hoop=97MPa
  [1996] viol   f=   0.217  a=23.4 b=28.6 gap=22.8 (face=5.5mm) n=[355, 355, 227, 227, 1, 1, 4, 4, 3, 3]  tape=0.213km B=9.96T unif=9.632% hoop=98MPa
  [1997] OK     f=   0.214  a=23.4 b=28.6 gap=22.8 (face=5.6mm) n=[356, 356, 227, 227, 1, 1, 4, 4, 3, 3]  tape=0.214km B=10.02T unif=10.227% hoop=98MPa
  [1998] viol   f=   0.214  a=23.4 b=28.6 gap=22.8 (face=5.5mm) n=[356, 356, 226, 226, 1, 1, 4, 4, 3, 3]  tape=0.213km B=9.99T unif=9.585% hoop=99MPa
  [1999] viol   f=   0.216  a=23.4 b=28.6 gap=22.8 (face=5.5mm) n=[356, 356, 226, 226, 1, 1, 4, 4, 3, 3]  tape=0.213km B=9.96T unif=9.922% hoop=99MPa
  [2000] viol   f=   0.214  a=23.4 b=28.6 gap=22.8 (face=5.6mm) n=[356, 356, 226, 226, 1, 1, 4, 4, 3, 3]  tape=0.213km B=9.99T unif=10.485% hoop=99MPa
  [a=23 b=29 nt=1182] KSP converged reason: 4, iterations: 1
  [a=23 b=29 nt=1180] KSP converged reason: 4, iterations: 1
  [a=23 b=29 nt=1180] KSP converged reason: 4, iterations: 1
  [a=23 b=29 nt=1180] KSP converged reason: 4, iterations: 1
  [a=23 b=29 nt=1184] KSP converged reason: 4, iterations: 1
  [a=23 b=29 nt=1182] KSP converged reason: 4, iterations: 1
  [a=23 b=29 nt=1180] KSP converged reason: 4, iterations: 1
  [a=23 b=29 nt=1180] KSP converged reason: 4, iterations: 1
  [a=23 b=29 nt=1182] KSP converged reason: 4, iterations: 1
  [a=23 b=29 nt=1182] KSP converged reason: 4, iterations: 1
  [2001] viol   f=   0.218  a=23.4 b=28.6 gap=22.8 (face=5.6mm) n=[356, 356, 226, 226, 1, 1, 4, 4, 3, 3]  tape=0.213km B=9.95T unif=9.902% hoop=97MPa
  [2002] viol   f=   0.215  a=23.4 b=28.6 gap=22.8 (face=5.6mm) n=[356, 356, 227, 227, 2, 2, 4, 4, 3, 3]  tape=0.214km B=9.98T unif=9.620% hoop=98MPa
  [2003] viol   f=   0.216  a=23.4 b=28.6 gap=22.8 (face=5.5mm) n=[356, 356, 226, 226, 1, 1, 4, 4, 3, 3]  tape=0.214km B=9.97T unif=10.575% hoop=99MPa
  [2004] viol   f=   0.213  a=23.4 b=28.6 gap=22.8 (face=5.5mm) n=[356, 356, 226, 226, 1, 1, 4, 4, 3, 3]  tape=0.213km B=10.00T unif=10.336% hoop=97MPa
  [2005] viol   f=   0.224  a=23.4 b=28.6 gap=22.8 (face=5.6mm) n=[356, 356, 226, 226, 2, 2, 4, 4, 3, 3]  tape=0.214km B=9.93T unif=9.402% hoop=98MPa
  [2006] viol   f=   0.215  a=23.4 b=28.6 gap=22.8 (face=5.6mm) n=[356, 356, 226, 226, 2, 2, 4, 4, 3, 3]  tape=0.214km B=9.98T unif=10.121% hoop=99MPa
  [2007] OK     f=   0.214  a=23.4 b=28.7 gap=22.8 (face=5.5mm) n=[356, 356, 226, 226, 1, 1, 4, 4, 3, 3]  tape=0.214km B=10.03T unif=10.136% hoop=99MPa
  [2008] viol   f=   0.214  a=23.4 b=28.6 gap=22.8 (face=5.6mm) n=[356, 356, 226, 226, 2, 2, 4, 4, 3, 3]  tape=0.214km B=10.00T unif=9.481% hoop=99MPa
  [2009] viol   f=   0.214  a=23.4 b=28.6 gap=22.8 (face=5.6mm) n=[356, 356, 226, 226, 1, 1, 4, 4, 3, 3]  tape=0.213km B=9.98T unif=10.471% hoop=99MPa
  [2010] viol   f=   0.221  a=23.4 b=28.6 gap=22.8 (face=5.6mm) n=[356, 356, 226, 226, 2, 2, 4, 4, 3, 3]  tape=0.214km B=9.94T unif=9.507% hoop=98MPa
  [a=23 b=29 nt=1180] KSP converged reason: 4, iterations: 1
  [a=23 b=29 nt=1180] KSP converged reason: 4, iterations: 1
  [a=23 b=29 nt=1182] KSP converged reason: 4, iterations: 1
  [a=23 b=29 nt=1182] KSP converged reason: 4, iterations: 1
  [a=23 b=29 nt=1180] KSP converged reason: 4, iterations: 1
  [a=23 b=29 nt=1180] KSP converged reason: 4, iterations: 1
  [a=23 b=29 nt=1180] KSP converged reason: 4, iterations: 1
  [a=23 b=29 nt=1180] KSP converged reason: 4, iterations: 1
  [a=23 b=29 nt=1180] KSP converged reason: 4, iterations: 1
  [a=23 b=29 nt=1180] KSP converged reason: 4, iterations: 1
  [2011] viol   f=   0.215  a=23.4 b=28.6 gap=22.8 (face=5.6mm) n=[356, 356, 226, 226, 2, 2, 4, 4, 3, 3]  tape=0.214km B=9.98T unif=9.841% hoop=99MPa
  [2012] viol   f=   0.214  a=23.4 b=28.6 gap=22.8 (face=5.5mm) n=[356, 356, 226, 226, 1, 1, 4, 4, 3, 3]  tape=0.213km B=9.99T unif=9.792% hoop=99MPa
  [2013] OK     f=   0.213  a=23.4 b=28.6 gap=22.8 (face=5.5mm) n=[356, 356, 226, 226, 1, 1, 4, 4, 3, 3]  tape=0.213km B=10.01T unif=10.045% hoop=98MPa
  [2014] viol   f=   0.219  a=23.4 b=28.6 gap=22.8 (face=5.6mm) n=[356, 356, 226, 226, 2, 2, 4, 4, 3, 3]  tape=0.214km B=9.95T unif=9.374% hoop=99MPa
  [2015] viol   f=   0.215  a=23.4 b=28.6 gap=22.8 (face=5.5mm) n=[356, 356, 226, 226, 1, 1, 4, 4, 3, 3]  tape=0.213km B=9.97T unif=10.487% hoop=99MPa
  [2016] viol   f=   0.223  a=23.4 b=28.6 gap=22.8 (face=5.5mm) n=[356, 356, 226, 226, 1, 1, 4, 4, 3, 3]  tape=0.213km B=9.93T unif=10.110% hoop=99MPa
  [2017] viol   f=   0.216  a=23.4 b=28.6 gap=22.8 (face=5.5mm) n=[356, 356, 226, 226, 1, 1, 4, 4, 3, 3]  tape=0.213km B=9.96T unif=9.785% hoop=99MPa
  [2018] viol   f=   0.214  a=23.4 b=28.6 gap=22.8 (face=5.5mm) n=[356, 356, 226, 226, 1, 1, 4, 4, 3, 3]  tape=0.214km B=9.99T unif=10.487% hoop=98MPa
  [2019] viol   f=   0.215  a=23.4 b=28.6 gap=22.8 (face=5.5mm) n=[356, 356, 226, 226, 1, 1, 4, 4, 3, 3]  tape=0.213km B=9.97T unif=10.967% hoop=99MPa
  [2020] viol   f=   0.214  a=23.4 b=28.7 gap=22.7 (face=5.5mm) n=[356, 356, 226, 226, 1, 1, 4, 4, 3, 3]  tape=0.214km B=9.99T unif=10.108% hoop=98MPa
  [a=23 b=29 nt=1180] KSP converged reason: 4, iterations: 1
  [a=23 b=29 nt=1180] KSP converged reason: 4, iterations: 1
  [a=23 b=29 nt=1182] KSP converged reason: 4, iterations: 1
  [a=23 b=29 nt=1180] KSP converged reason: 4, iterations: 1
  [a=23 b=29 nt=1180] KSP converged reason: 4, iterations: 1
  [a=23 b=29 nt=1180] KSP converged reason: 4, iterations: 1
  [a=23 b=29 nt=1180] KSP converged reason: 4, iterations: 1
  [a=23 b=29 nt=1180] KSP converged reason: 4, iterations: 1
  [a=23 b=29 nt=1182] KSP converged reason: 4, iterations: 1
  [a=23 b=29 nt=1180] KSP converged reason: 4, iterations: 1
  [2021] viol   f=   0.216  a=23.4 b=28.6 gap=22.8 (face=5.6mm) n=[356, 356, 226, 226, 1, 1, 4, 4, 3, 3]  tape=0.213km B=9.97T unif=10.410% hoop=99MPa
  [2022] OK     f=   0.214  a=23.4 b=28.7 gap=22.8 (face=5.5mm) n=[356, 356, 226, 226, 1, 1, 4, 4, 3, 3]  tape=0.214km B=10.00T unif=9.646% hoop=98MPa
  [2023] OK     f=   0.214  a=23.4 b=28.7 gap=22.7 (face=5.5mm) n=[356, 356, 226, 226, 1, 1, 4, 4, 3, 3]  tape=0.214km B=10.01T unif=9.762% hoop=98MPa
  [2024] viol   f=   0.214  a=23.4 b=28.6 gap=22.8 (face=5.5mm) n=[356, 356, 226, 226, 1, 1, 4, 4, 3, 3]  tape=0.213km B=9.99T unif=10.474% hoop=99MPa
  [2025] viol   f=   0.215  a=23.4 b=28.7 gap=22.8 (face=5.5mm) n=[356, 356, 226, 226, 1, 1, 4, 4, 3, 3]  tape=0.214km B=9.97T unif=9.970% hoop=99MPa
  [2026] OK     f=   0.214  a=23.4 b=28.6 gap=22.8 (face=5.5mm) n=[356, 356, 227, 227, 1, 1, 4, 4, 3, 3]  tape=0.214km B=10.03T unif=10.221% hoop=98MPa
  [2027] viol   f=   0.214  a=23.4 b=28.6 gap=22.7 (face=5.5mm) n=[356, 356, 226, 226, 1, 1, 4, 4, 3, 3]  tape=0.213km B=9.98T unif=10.442% hoop=99MPa
  [2028] viol   f=   0.217  a=23.4 b=28.6 gap=22.8 (face=5.5mm) n=[356, 356, 226, 226, 1, 1, 4, 4, 3, 3]  tape=0.213km B=9.96T unif=9.872% hoop=99MPa
  [2029] viol   f=   0.215  a=23.4 b=28.6 gap=22.8 (face=5.6mm) n=[356, 356, 226, 226, 1, 1, 4, 4, 3, 3]  tape=0.213km B=9.97T unif=10.568% hoop=99MPa
  [2030] viol   f=   0.260  a=23.4 b=28.6 gap=22.7 (face=5.5mm) n=[356, 356, 226, 226, 1, 1, 4, 4, 4, 4]  tape=0.214km B=9.85T unif=8.984% hoop=98MPa
  [a=23 b=29 nt=1180] KSP converged reason: 4, iterations: 1
  [a=23 b=29 nt=1182] KSP converged reason: 4, iterations: 1
  [a=23 b=29 nt=1180] KSP converged reason: 4, iterations: 1
  [a=23 b=29 nt=1178] KSP converged reason: 4, iterations: 1
  [a=23 b=29 nt=1180] KSP converged reason: 4, iterations: 1
  [a=23 b=29 nt=1180] KSP converged reason: 4, iterations: 1
  [a=23 b=29 nt=1180] KSP converged reason: 4, iterations: 1
  [a=23 b=29 nt=1178] KSP converged reason: 4, iterations: 1
  [a=23 b=29 nt=1180] KSP converged reason: 4, iterations: 1
  [a=23 b=29 nt=1180] KSP converged reason: 4, iterations: 1
  [2031] viol   f=   0.214  a=23.4 b=28.6 gap=22.7 (face=5.5mm) n=[356, 356, 226, 226, 1, 1, 4, 4, 3, 3]  tape=0.213km B=9.99T unif=10.160% hoop=98MPa
  [2032] viol   f=   0.216  a=23.4 b=28.6 gap=22.8 (face=5.5mm) n=[356, 356, 226, 226, 1, 1, 4, 4, 3, 3]  tape=0.213km B=9.97T unif=10.065% hoop=98MPa
  [2033] viol   f=   0.214  a=23.4 b=28.7 gap=22.7 (face=5.5mm) n=[356, 356, 226, 226, 1, 1, 4, 4, 3, 3]  tape=0.214km B=9.98T unif=10.591% hoop=98MPa
  [2034] viol   f=   0.217  a=23.4 b=28.7 gap=22.8 (face=5.5mm) n=[356, 356, 226, 226, 1, 1, 4, 4, 3, 3]  tape=0.214km B=9.96T unif=9.925% hoop=98MPa
  [2035] OK     f=   0.213  a=23.4 b=28.6 gap=22.8 (face=5.6mm) n=[356, 356, 226, 226, 1, 1, 4, 4, 2, 2]  tape=0.213km B=10.00T unif=10.391% hoop=97MPa
  [2036] viol   f=   0.215  a=23.4 b=28.6 gap=22.8 (face=5.5mm) n=[356, 356, 226, 226, 2, 2, 4, 4, 3, 3]  tape=0.214km B=9.98T unif=9.741% hoop=99MPa
  [2037] viol   f=   0.214  a=23.4 b=28.7 gap=22.7 (face=5.5mm) n=[356, 356, 226, 226, 1, 1, 4, 4, 3, 3]  tape=0.214km B=9.98T unif=10.464% hoop=98MPa
  [2038] viol   f=   0.219  a=23.4 b=28.6 gap=22.8 (face=5.5mm) n=[356, 356, 225, 225, 1, 1, 4, 4, 3, 3]  tape=0.213km B=9.95T unif=10.352% hoop=99MPa
  [2039] viol   f=   0.214  a=23.4 b=28.7 gap=22.8 (face=5.5mm) n=[356, 356, 226, 226, 1, 1, 4, 4, 3, 3]  tape=0.214km B=10.00T unif=9.575% hoop=99MPa
  [2040] viol   f=   0.216  a=23.4 b=28.6 gap=22.7 (face=5.5mm) n=[356, 356, 226, 226, 1, 1, 4, 4, 3, 3]  tape=0.213km B=9.96T unif=9.954% hoop=98MPa
  [a=23 b=29 nt=1180] KSP converged reason: 4, iterations: 1
  [a=23 b=29 nt=1180] KSP converged reason: 4, iterations: 1
  [a=23 b=29 nt=1178] KSP converged reason: 4, iterations: 1
  [a=23 b=29 nt=1182] KSP converged reason: 4, iterations: 1
  [a=23 b=29 nt=1180] KSP converged reason: 4, iterations: 1
  [a=23 b=29 nt=1180] KSP converged reason: 4, iterations: 1
  [a=23 b=29 nt=1178] KSP converged reason: 4, iterations: 1
  [a=23 b=29 nt=1178] KSP converged reason: 4, iterations: 1
  [a=23 b=29 nt=1180] KSP converged reason: 4, iterations: 1
  [a=23 b=29 nt=1180] KSP converged reason: 4, iterations: 1
  [2041] viol   f=   0.214  a=23.4 b=28.7 gap=22.8 (face=5.5mm) n=[356, 356, 226, 226, 1, 1, 4, 4, 3, 3]  tape=0.214km B=9.98T unif=10.374% hoop=99MPa
  [2042] viol   f=   0.214  a=23.4 b=28.6 gap=22.8 (face=5.6mm) n=[356, 356, 226, 226, 1, 1, 4, 4, 3, 3]  tape=0.213km B=10.00T unif=10.548% hoop=99MPa
  [2043] viol   f=   0.215  a=23.4 b=28.6 gap=22.8 (face=5.6mm) n=[356, 356, 227, 227, 1, 1, 4, 4, 3, 3]  tape=0.214km B=9.98T unif=10.020% hoop=99MPa
  [2044] viol   f=   0.214  a=23.4 b=28.7 gap=22.8 (face=5.5mm) n=[356, 356, 226, 226, 1, 1, 4, 4, 3, 3]  tape=0.214km B=9.98T unif=10.653% hoop=98MPa
  [2045] OK     f=   0.213  a=23.4 b=28.6 gap=22.8 (face=5.5mm) n=[356, 356, 226, 226, 1, 1, 4, 4, 2, 2]  tape=0.213km B=10.01T unif=10.247% hoop=98MPa
  [2046] viol   f=   0.283  a=23.4 b=28.7 gap=22.7 (face=5.5mm) n=[356, 356, 226, 226, 1, 1, 4, 4, 3, 3]  tape=0.214km B=9.81T unif=9.418% hoop=257MPa
  [2047] viol   f=   0.214  a=23.4 b=28.6 gap=22.8 (face=5.5mm) n=[356, 356, 225, 225, 1, 1, 4, 4, 3, 3]  tape=0.213km B=9.98T unif=10.242% hoop=98MPa
  [2048] viol   f=   0.218  a=23.4 b=28.7 gap=22.7 (face=5.5mm) n=[356, 356, 225, 225, 1, 1, 4, 4, 3, 3]  tape=0.213km B=9.95T unif=10.415% hoop=99MPa
  [2049] viol   f=   0.214  a=23.4 b=28.7 gap=22.8 (face=5.5mm) n=[356, 356, 226, 226, 1, 1, 4, 4, 3, 3]  tape=0.214km B=9.99T unif=10.195% hoop=98MPa
  [2050] viol   f=   0.217  a=23.4 b=28.6 gap=22.7 (face=5.5mm) n=[356, 356, 226, 226, 1, 1, 4, 4, 3, 3]  tape=0.213km B=9.96T unif=9.889% hoop=98MPa
  [a=23 b=29 nt=1182] KSP converged reason: 4, iterations: 1
  [a=23 b=29 nt=1180] KSP converged reason: 4, iterations: 1
  [a=23 b=29 nt=1180] KSP converged reason: 4, iterations: 1
  [a=23 b=29 nt=1178] KSP converged reason: 4, iterations: 1
  [a=23 b=29 nt=1178] KSP converged reason: 4, iterations: 1
  [a=23 b=29 nt=1180] KSP converged reason: 4, iterations: 1
  [a=23 b=29 nt=1180] KSP converged reason: 4, iterations: 1
  [a=23 b=29 nt=1180] KSP converged reason: 4, iterations: 1
  [a=23 b=29 nt=1180] KSP converged reason: 4, iterations: 1
  [a=23 b=29 nt=1178] KSP converged reason: 4, iterations: 1
  [2051] viol   f=   0.214  a=23.4 b=28.6 gap=22.8 (face=5.5mm) n=[356, 356, 226, 226, 1, 1, 4, 4, 3, 3]  tape=0.214km B=9.99T unif=9.782% hoop=99MPa
  [2052] viol   f=   0.214  a=23.4 b=28.6 gap=22.8 (face=5.6mm) n=[356, 356, 226, 226, 2, 2, 4, 4, 3, 3]  tape=0.214km B=9.99T unif=9.492% hoop=99MPa
  [2053] viol   f=   0.214  a=23.4 b=28.6 gap=22.8 (face=5.5mm) n=[356, 356, 225, 225, 2, 2, 4, 4, 3, 3]  tape=0.214km B=9.98T unif=10.085% hoop=97MPa
  [2054] viol   f=   0.217  a=23.4 b=28.6 gap=22.8 (face=5.6mm) n=[356, 356, 226, 226, 1, 1, 4, 4, 2, 2]  tape=0.213km B=9.96T unif=10.559% hoop=99MPa
  [2055] viol   f=   0.214  a=23.4 b=28.7 gap=22.8 (face=5.5mm) n=[356, 356, 226, 226, 1, 1, 4, 4, 3, 3]  tape=0.214km B=9.98T unif=9.796% hoop=99MPa
  [2056] viol   f=   0.216  a=23.4 b=28.6 gap=22.8 (face=5.6mm) n=[356, 356, 226, 226, 1, 1, 4, 4, 2, 2]  tape=0.213km B=9.96T unif=10.580% hoop=99MPa
  [2057] OK     f=   0.214  a=23.4 b=28.6 gap=22.8 (face=5.5mm) n=[356, 356, 226, 226, 1, 1, 4, 4, 3, 3]  tape=0.214km B=10.03T unif=10.115% hoop=99MPa
  [2058] viol   f=   0.214  a=23.4 b=28.6 gap=22.8 (face=5.5mm) n=[356, 356, 226, 226, 1, 1, 4, 4, 3, 3]  tape=0.213km B=9.98T unif=9.873% hoop=99MPa
  [2059] viol   f=   0.216  a=23.4 b=28.6 gap=22.8 (face=5.6mm) n=[356, 356, 227, 227, 1, 1, 4, 4, 2, 2]  tape=0.213km B=9.96T unif=10.022% hoop=99MPa
  [2060] viol   f=   0.217  a=23.4 b=28.7 gap=22.8 (face=5.5mm) n=[356, 356, 226, 226, 1, 1, 4, 4, 2, 2]  tape=0.213km B=9.96T unif=10.545% hoop=99MPa
  [a=23 b=29 nt=1182] KSP converged reason: 4, iterations: 1
  [a=23 b=29 nt=1180] KSP converged reason: 4, iterations: 1
  [a=23 b=29 nt=1180] KSP converged reason: 4, iterations: 1
  [a=23 b=29 nt=1180] KSP converged reason: 4, iterations: 1
  [a=23 b=29 nt=1180] KSP converged reason: 4, iterations: 1
  [a=23 b=29 nt=1180] KSP converged reason: 4, iterations: 1
  [a=23 b=29 nt=1182] KSP converged reason: 4, iterations: 1
  [a=23 b=29 nt=1180] KSP converged reason: 4, iterations: 1
  [a=23 b=29 nt=1180] KSP converged reason: 4, iterations: 1
  [a=23 b=29 nt=1180] KSP converged reason: 4, iterations: 1
  [2061] viol   f=   0.216  a=23.4 b=28.6 gap=22.8 (face=5.5mm) n=[356, 356, 226, 226, 1, 1, 4, 4, 3, 3]  tape=0.214km B=9.96T unif=10.556% hoop=99MPa
  [2062] OK     f=   0.213  a=23.4 b=28.6 gap=22.8 (face=5.5mm) n=[356, 356, 226, 226, 1, 1, 4, 4, 3, 3]  tape=0.213km B=10.01T unif=10.299% hoop=97MPa
  [2063] viol   f=   0.218  a=23.4 b=28.6 gap=22.8 (face=5.5mm) n=[356, 356, 226, 226, 1, 1, 4, 4, 3, 3]  tape=0.214km B=9.95T unif=10.066% hoop=99MPa
  [2064] viol   f=   0.219  a=23.4 b=28.6 gap=22.8 (face=5.5mm) n=[356, 356, 226, 226, 1, 1, 4, 4, 3, 3]  tape=0.213km B=9.95T unif=10.060% hoop=99MPa
  [2065] viol   f=   0.216  a=23.4 b=28.6 gap=22.8 (face=5.5mm) n=[356, 356, 226, 226, 1, 1, 4, 4, 3, 3]  tape=0.213km B=9.96T unif=10.515% hoop=98MPa
  [2066] viol   f=   0.220  a=23.4 b=28.6 gap=22.8 (face=5.5mm) n=[356, 356, 226, 226, 2, 2, 4, 4, 3, 3]  tape=0.214km B=9.95T unif=9.403% hoop=99MPa
  [2067] viol   f=   0.215  a=23.4 b=28.6 gap=22.8 (face=5.5mm) n=[356, 356, 226, 226, 2, 2, 4, 4, 3, 3]  tape=0.214km B=9.97T unif=10.523% hoop=99MPa
  [2068] viol   f=   0.213  a=23.4 b=28.6 gap=22.8 (face=5.5mm) n=[356, 356, 226, 226, 1, 1, 4, 4, 3, 3]  tape=0.213km B=10.00T unif=10.528% hoop=99MPa
  [2069] viol   f=   0.216  a=23.4 b=28.6 gap=22.8 (face=5.5mm) n=[356, 356, 226, 226, 1, 1, 4, 4, 3, 3]  tape=0.214km B=9.96T unif=10.176% hoop=99MPa
  [2070] viol   f=   0.223  a=23.4 b=28.6 gap=22.8 (face=5.5mm) n=[356, 356, 225, 225, 2, 2, 4, 4, 3, 3]  tape=0.214km B=9.93T unif=10.291% hoop=99MPa
  [a=23 b=29 nt=1178] KSP converged reason: 4, iterations: 1
  [a=23 b=29 nt=1178] KSP converged reason: 4, iterations: 1
  [a=23 b=29 nt=1180] KSP converged reason: 4, iterations: 1
  [a=23 b=29 nt=1180] KSP converged reason: 4, iterations: 1
  [a=23 b=29 nt=1180] KSP converged reason: 4, iterations: 1
  [a=23 b=29 nt=1180] KSP converged reason: 4, iterations: 1
  [a=23 b=29 nt=1180] KSP converged reason: 4, iterations: 1
  [a=23 b=29 nt=1180] KSP converged reason: 4, iterations: 1
  [a=23 b=29 nt=1182] KSP converged reason: 4, iterations: 1
  [a=23 b=29 nt=1178] KSP converged reason: 4, iterations: 1
  [2071] viol   f=   0.238  a=23.4 b=28.6 gap=22.8 (face=5.5mm) n=[356, 356, 225, 225, 2, 2, 4, 4, 2, 2]  tape=0.213km B=9.89T unif=9.325% hoop=99MPa
  [2072] OK     f=   0.213  a=23.4 b=28.6 gap=22.8 (face=5.6mm) n=[356, 356, 226, 226, 1, 1, 4, 4, 2, 2]  tape=0.213km B=10.01T unif=10.396% hoop=97MPa
  [2073] OK     f=   0.213  a=23.4 b=28.6 gap=22.7 (face=5.5mm) n=[356, 356, 226, 226, 1, 1, 4, 4, 3, 3]  tape=0.213km B=10.01T unif=10.275% hoop=97MPa
  [2074] viol   f=   0.220  a=23.4 b=28.6 gap=22.8 (face=5.5mm) n=[355, 355, 226, 226, 2, 2, 4, 4, 3, 3]  tape=0.213km B=9.94T unif=9.690% hoop=99MPa
  [2075] viol   f=   0.217  a=23.4 b=28.6 gap=22.8 (face=5.5mm) n=[356, 356, 226, 226, 1, 1, 5, 5, 2, 2]  tape=0.213km B=9.96T unif=10.156% hoop=99MPa
  [2076] viol   f=   0.220  a=23.4 b=28.6 gap=22.8 (face=5.5mm) n=[355, 355, 226, 226, 1, 1, 5, 5, 3, 3]  tape=0.213km B=9.94T unif=9.499% hoop=98MPa
  [2077] viol   f=   0.221  a=23.4 b=28.6 gap=22.8 (face=5.5mm) n=[356, 356, 225, 225, 2, 2, 5, 5, 2, 2]  tape=0.214km B=9.94T unif=10.695% hoop=100MPa
  [2078] viol   f=   0.216  a=23.4 b=28.6 gap=22.8 (face=5.6mm) n=[355, 355, 226, 226, 2, 2, 4, 4, 3, 3]  tape=0.213km B=9.96T unif=9.666% hoop=99MPa
  [2079] viol   f=   0.214  a=23.4 b=28.6 gap=22.8 (face=5.5mm) n=[356, 356, 226, 226, 2, 2, 4, 4, 3, 3]  tape=0.214km B=9.99T unif=9.826% hoop=99MPa
  [2080] viol   f=   0.228  a=23.4 b=28.6 gap=22.8 (face=5.6mm) n=[356, 356, 226, 226, 1, 1, 4, 4, 2, 2]  tape=0.213km B=9.91T unif=9.507% hoop=98MPa
  [a=23 b=29 nt=1180] KSP converged reason: 4, iterations: 1
  [a=23 b=29 nt=1180] KSP converged reason: 4, iterations: 1
  [a=23 b=29 nt=1180] KSP converged reason: 4, iterations: 1
  [a=23 b=29 nt=1178] KSP converged reason: 4, iterations: 1
  [a=23 b=29 nt=1178] KSP converged reason: 4, iterations: 1
  [a=23 b=29 nt=1178] KSP converged reason: 4, iterations: 1
  [a=23 b=29 nt=1176] KSP converged reason: 4, iterations: 1
  [a=23 b=29 nt=1178] KSP converged reason: 4, iterations: 1
  [a=23 b=29 nt=1182] KSP converged reason: 4, iterations: 1
  [a=23 b=29 nt=1178] KSP converged reason: 4, iterations: 1
  [2081] viol   f=   0.216  a=23.4 b=28.6 gap=22.8 (face=5.5mm) n=[356, 356, 226, 226, 1, 1, 4, 4, 2, 2]  tape=0.213km B=9.96T unif=10.603% hoop=99MPa
  [2082] viol   f=   0.224  a=23.4 b=28.6 gap=22.8 (face=5.5mm) n=[356, 356, 225, 225, 1, 1, 4, 4, 3, 3]  tape=0.213km B=9.93T unif=10.077% hoop=98MPa
  [2083] viol   f=   0.218  a=23.4 b=28.6 gap=22.8 (face=5.6mm) n=[355, 355, 226, 226, 2, 2, 4, 4, 3, 3]  tape=0.213km B=9.95T unif=9.439% hoop=98MPa
  [2084] viol   f=   0.225  a=23.4 b=28.6 gap=22.8 (face=5.5mm) n=[356, 356, 225, 225, 2, 2, 4, 4, 3, 3]  tape=0.214km B=9.93T unif=9.332% hoop=99MPa
  [2085] viol   f=   0.216  a=23.4 b=28.6 gap=22.8 (face=5.6mm) n=[356, 356, 226, 226, 1, 1, 4, 4, 3, 3]  tape=0.213km B=9.97T unif=10.023% hoop=99MPa
  [2086] viol   f=   0.214  a=23.4 b=28.6 gap=22.8 (face=5.5mm) n=[356, 356, 226, 226, 1, 1, 4, 4, 2, 2]  tape=0.213km B=9.98T unif=9.787% hoop=99MPa
  [2087] viol   f=   0.223  a=23.4 b=28.6 gap=22.8 (face=5.5mm) n=[355, 355, 226, 226, 1, 1, 4, 4, 3, 3]  tape=0.213km B=9.93T unif=9.394% hoop=98MPa
  [2088] viol   f=   0.222  a=23.4 b=28.6 gap=22.8 (face=5.5mm) n=[355, 355, 226, 226, 1, 1, 4, 4, 2, 2]  tape=0.213km B=9.93T unif=9.578% hoop=99MPa
  [2089] viol   f=   0.222  a=23.4 b=28.6 gap=22.8 (face=5.6mm) n=[356, 356, 226, 226, 2, 2, 4, 4, 3, 3]  tape=0.214km B=9.94T unif=9.546% hoop=98MPa
  [2090] viol   f=   0.214  a=23.4 b=28.7 gap=22.8 (face=5.5mm) n=[356, 356, 226, 226, 1, 1, 4, 4, 2, 2]  tape=0.213km B=9.98T unif=10.691% hoop=98MPa
  [a=23 b=29 nt=1178] KSP converged reason: 4, iterations: 1
  [a=23 b=29 nt=1180] KSP converged reason: 4, iterations: 1
  [a=23 b=29 nt=1180] KSP converged reason: 4, iterations: 1
  [a=23 b=29 nt=1180] KSP converged reason: 4, iterations: 1
  [a=23 b=29 nt=1178] KSP converged reason: 4, iterations: 1
  [a=23 b=29 nt=1178] KSP converged reason: 4, iterations: 1
  [a=23 b=29 nt=1178] KSP converged reason: 4, iterations: 1
  [a=23 b=29 nt=1178] KSP converged reason: 4, iterations: 1
  [a=23 b=29 nt=1178] KSP converged reason: 4, iterations: 1
  [a=23 b=29 nt=1180] KSP converged reason: 4, iterations: 1
  [2091] viol   f=   0.213  a=23.4 b=28.6 gap=22.8 (face=5.5mm) n=[355, 355, 227, 227, 1, 1, 4, 4, 2, 2]  tape=0.213km B=9.99T unif=9.698% hoop=98MPa
  [2092] viol   f=   0.214  a=23.5 b=28.7 gap=22.7 (face=5.5mm) n=[356, 356, 226, 226, 2, 2, 4, 4, 2, 2]  tape=0.214km B=10.00T unif=10.405% hoop=99MPa
  [2093] viol   f=   0.213  a=23.4 b=28.6 gap=22.8 (face=5.6mm) n=[356, 356, 226, 226, 1, 1, 4, 4, 2, 2]  tape=0.213km B=9.99T unif=10.562% hoop=99MPa
  [2094] viol   f=   0.217  a=23.4 b=28.6 gap=22.8 (face=5.6mm) n=[356, 356, 226, 226, 1, 1, 4, 4, 3, 3]  tape=0.213km B=9.96T unif=10.041% hoop=99MPa
  [2095] viol   f=  86.805  a=23.4 b=28.6 gap=22.8 (face=5.5mm) n=[356, 356, 226, 226, 1, 1, 4, 4, 3, 3]  tape=0.213km B=3.42T unif=7.716% hoop=400MPa
  [2096] viol   f=   0.214  a=23.4 b=28.7 gap=22.8 (face=5.5mm) n=[356, 356, 226, 226, 1, 1, 4, 4, 2, 2]  tape=0.213km B=9.98T unif=9.553% hoop=99MPa
  [2097] viol   f=   0.215  a=23.4 b=28.6 gap=22.8 (face=5.6mm) n=[356, 356, 226, 226, 1, 1, 4, 4, 2, 2]  tape=0.213km B=9.97T unif=10.530% hoop=99MPa
  [2098] OK     f=   0.213  a=23.4 b=28.6 gap=22.8 (face=5.5mm) n=[356, 356, 226, 226, 1, 1, 4, 4, 2, 2]  tape=0.213km B=10.02T unif=10.133% hoop=99MPa
  [2099] OK     f=   0.213  a=23.4 b=28.6 gap=22.8 (face=5.5mm) n=[356, 356, 226, 226, 1, 1, 4, 4, 2, 2]  tape=0.213km B=10.00T unif=10.320% hoop=98MPa
  [2100] viol   f=   0.214  a=23.4 b=28.7 gap=22.8 (face=5.5mm) n=[356, 356, 226, 226, 2, 2, 4, 4, 2, 2]  tape=0.214km B=9.98T unif=10.661% hoop=98MPa
  [a=23 b=29 nt=1180] KSP converged reason: 4, iterations: 1
  [a=23 b=29 nt=1180] KSP converged reason: 4, iterations: 1
  [a=23 b=29 nt=1180] KSP converged reason: 4, iterations: 1
  [a=23 b=29 nt=1178] KSP converged reason: 4, iterations: 1
  [a=23 b=29 nt=1180] KSP converged reason: 4, iterations: 1
  [a=23 b=29 nt=1178] KSP converged reason: 4, iterations: 1
  [a=23 b=29 nt=1178] KSP converged reason: 4, iterations: 1
  [a=23 b=29 nt=1180] KSP converged reason: 4, iterations: 1
  [a=23 b=29 nt=1178] KSP converged reason: 4, iterations: 1
  [a=23 b=29 nt=1178] KSP converged reason: 4, iterations: 1
  [2101] viol   f=   0.214  a=23.5 b=28.6 gap=22.8 (face=5.5mm) n=[356, 356, 226, 226, 2, 2, 4, 4, 2, 2]  tape=0.214km B=9.98T unif=10.346% hoop=99MPa
  [2102] viol   f=   0.217  a=23.4 b=28.6 gap=22.8 (face=5.6mm) n=[356, 356, 226, 226, 1, 1, 4, 4, 2, 2]  tape=0.213km B=9.96T unif=10.126% hoop=99MPa
  [2103] viol   f=   0.216  a=23.4 b=28.7 gap=22.7 (face=5.5mm) n=[356, 356, 226, 226, 1, 1, 4, 4, 2, 2]  tape=0.213km B=9.96T unif=9.861% hoop=99MPa
  [2104] viol   f=   0.214  a=23.4 b=28.7 gap=22.8 (face=5.5mm) n=[356, 356, 226, 226, 1, 1, 4, 4, 3, 3]  tape=0.214km B=10.00T unif=10.393% hoop=99MPa
  [2105] viol   f=   0.214  a=23.5 b=28.7 gap=22.8 (face=5.5mm) n=[356, 356, 226, 226, 2, 2, 4, 4, 2, 2]  tape=0.214km B=9.99T unif=10.386% hoop=99MPa
  [2106] viol   f=   0.214  a=23.4 b=28.6 gap=22.8 (face=5.5mm) n=[356, 356, 225, 225, 1, 1, 5, 5, 3, 3]  tape=0.214km B=9.99T unif=10.236% hoop=99MPa
  [2107] OK     f=   0.213  a=23.5 b=28.7 gap=22.8 (face=5.5mm) n=[356, 356, 226, 226, 1, 1, 4, 4, 2, 2]  tape=0.213km B=10.01T unif=9.487% hoop=99MPa
  [2108] viol   f=   0.217  a=23.4 b=28.7 gap=22.8 (face=5.6mm) n=[356, 356, 226, 226, 1, 1, 4, 4, 3, 3]  tape=0.214km B=9.96T unif=10.070% hoop=99MPa
  [2109] viol   f=  74.238  a=23.5 b=28.7 gap=22.8 (face=5.5mm) n=[356, 356, 226, 226, 1, 1, 4, 4, 2, 2]  tape=0.213km B=3.92T unif=7.181% hoop=400MPa
  [2110] viol   f=   0.217  a=23.4 b=28.7 gap=22.8 (face=5.5mm) n=[356, 356, 226, 226, 1, 1, 4, 4, 2, 2]  tape=0.213km B=9.96T unif=9.878% hoop=99MPa
  [a=23 b=29 nt=1180] KSP converged reason: 4, iterations: 1
  [a=23 b=29 nt=1178] KSP converged reason: 4, iterations: 1
  [a=23 b=29 nt=1180] KSP converged reason: 4, iterations: 1
  [a=23 b=29 nt=1180] KSP converged reason: 4, iterations: 1
  [a=23 b=29 nt=1180] KSP converged reason: 4, iterations: 1
  [a=23 b=29 nt=1178] KSP converged reason: 4, iterations: 1
  [a=23 b=29 nt=1178] KSP converged reason: 4, iterations: 1
  [a=23 b=29 nt=1182] KSP converged reason: 4, iterations: 1
  [a=23 b=29 nt=1180] KSP converged reason: 4, iterations: 1
  [a=23 b=29 nt=1180] KSP converged reason: 4, iterations: 1
  [2111] viol   f=   0.217  a=23.5 b=28.7 gap=22.8 (face=5.5mm) n=[356, 356, 226, 226, 2, 2, 4, 4, 2, 2]  tape=0.214km B=9.96T unif=9.832% hoop=99MPa
  [2112] OK     f=   0.214  a=23.4 b=28.6 gap=22.8 (face=5.5mm) n=[357, 357, 225, 225, 1, 1, 4, 4, 3, 3]  tape=0.214km B=10.01T unif=9.124% hoop=99MPa
  [2113] viol   f=   0.223  a=23.5 b=28.7 gap=22.8 (face=5.6mm) n=[356, 356, 225, 225, 2, 2, 4, 4, 2, 2]  tape=0.213km B=9.93T unif=10.493% hoop=98MPa
  [2114] viol   f=   0.220  a=23.4 b=28.7 gap=22.8 (face=5.5mm) n=[356, 356, 225, 225, 1, 1, 5, 5, 2, 2]  tape=0.213km B=9.94T unif=10.562% hoop=97MPa
  [2115] viol   f=   0.214  a=23.5 b=28.7 gap=22.8 (face=5.5mm) n=[356, 356, 226, 226, 2, 2, 4, 4, 2, 2]  tape=0.214km B=9.98T unif=10.731% hoop=98MPa
  [2116] viol   f=   0.214  a=23.5 b=28.7 gap=22.8 (face=5.5mm) n=[356, 356, 226, 226, 2, 2, 4, 4, 2, 2]  tape=0.214km B=9.99T unif=9.529% hoop=99MPa
  [2117] viol   f=   0.225  a=23.4 b=28.7 gap=22.8 (face=5.5mm) n=[355, 355, 226, 226, 1, 1, 4, 4, 3, 3]  tape=0.213km B=9.92T unif=9.706% hoop=99MPa
  [2118] viol   f=   0.215  a=23.5 b=28.7 gap=22.8 (face=5.5mm) n=[356, 356, 226, 226, 2, 2, 4, 4, 2, 2]  tape=0.214km B=9.98T unif=10.616% hoop=98MPa
  [2119] viol   f=   0.216  a=23.4 b=28.6 gap=22.8 (face=5.5mm) n=[356, 356, 226, 226, 1, 1, 5, 5, 3, 3]  tape=0.214km B=9.97T unif=10.547% hoop=99MPa
  [2120] viol   f=   0.214  a=23.4 b=28.7 gap=22.8 (face=5.5mm) n=[356, 356, 226, 226, 2, 2, 4, 4, 2, 2]  tape=0.214km B=9.99T unif=10.698% hoop=98MPa
  [a=23 b=29 nt=1178] KSP converged reason: 4, iterations: 1
  [a=23 b=29 nt=1180] KSP converged reason: 4, iterations: 1
  [a=23 b=29 nt=1180] KSP converged reason: 4, iterations: 1
  [a=23 b=29 nt=1178] KSP converged reason: 4, iterations: 1
  [a=23 b=29 nt=1180] KSP converged reason: 4, iterations: 1
  [a=23 b=29 nt=1176] KSP converged reason: 4, iterations: 1
  [a=23 b=29 nt=1178] KSP converged reason: 4, iterations: 1
  [a=23 b=29 nt=1178] KSP converged reason: 4, iterations: 1
  [a=23 b=29 nt=1180] KSP converged reason: 4, iterations: 1
  [a=23 b=29 nt=1176] KSP converged reason: 4, iterations: 1
  [2121] viol   f=   0.229  a=23.4 b=28.7 gap=22.8 (face=5.5mm) n=[356, 356, 225, 225, 2, 2, 4, 4, 2, 2]  tape=0.213km B=9.91T unif=9.718% hoop=99MPa
  [2122] viol   f=   0.226  a=23.4 b=28.7 gap=22.8 (face=5.5mm) n=[356, 356, 225, 225, 2, 2, 4, 4, 3, 3]  tape=0.214km B=9.92T unif=9.715% hoop=99MPa
  [2123] viol   f=   0.222  a=23.4 b=28.6 gap=22.8 (face=5.5mm) n=[356, 356, 225, 225, 2, 2, 4, 4, 3, 3]  tape=0.214km B=9.94T unif=9.436% hoop=99MPa
  [2124] viol   f=   0.216  a=23.4 b=28.6 gap=22.8 (face=5.6mm) n=[356, 356, 225, 225, 1, 1, 4, 4, 2, 2]  tape=0.213km B=9.96T unif=10.156% hoop=98MPa
  [2125] viol   f=   0.214  a=23.5 b=28.7 gap=22.8 (face=5.5mm) n=[356, 356, 226, 226, 2, 2, 4, 4, 2, 2]  tape=0.214km B=9.99T unif=10.347% hoop=99MPa
  [2126] viol   f=   0.217  a=23.5 b=28.7 gap=22.8 (face=5.5mm) n=[356, 356, 226, 226, 1, 1, 4, 4, 2, 2]  tape=0.213km B=9.96T unif=10.051% hoop=99MPa
  [2127] viol   f=   0.228  a=23.4 b=28.7 gap=22.8 (face=5.5mm) n=[356, 356, 225, 225, 2, 2, 4, 4, 2, 2]  tape=0.213km B=9.92T unif=9.628% hoop=99MPa
  [2128] viol   f=   0.226  a=23.4 b=28.7 gap=22.8 (face=5.5mm) n=[357, 357, 225, 225, 1, 1, 4, 4, 2, 2]  tape=0.213km B=9.92T unif=9.293% hoop=99MPa
  [2129] viol   f=   0.214  a=23.4 b=28.6 gap=22.8 (face=5.6mm) n=[356, 356, 226, 226, 2, 2, 4, 4, 2, 2]  tape=0.214km B=9.98T unif=10.355% hoop=99MPa
  [2130] viol   f=   0.216  a=23.4 b=28.7 gap=22.8 (face=5.6mm) n=[356, 356, 225, 225, 1, 1, 4, 4, 2, 2]  tape=0.213km B=9.96T unif=10.129% hoop=98MPa
  [a=23 b=29 nt=1180] KSP converged reason: 4, iterations: 1
  [a=23 b=29 nt=1182] KSP converged reason: 4, iterations: 1
  [a=23 b=29 nt=1180] KSP converged reason: 4, iterations: 1
  [a=23 b=29 nt=1178] KSP converged reason: 4, iterations: 1
  [a=23 b=29 nt=1180] KSP converged reason: 4, iterations: 1
  [a=23 b=29 nt=1178] KSP converged reason: 4, iterations: 1
  [a=23 b=29 nt=1182] KSP converged reason: 4, iterations: 1
  [a=23 b=29 nt=1176] KSP converged reason: 4, iterations: 1
  [a=23 b=29 nt=1178] KSP converged reason: 4, iterations: 1
  [a=23 b=29 nt=1180] KSP converged reason: 4, iterations: 1
  [2131] viol   f=   0.214  a=23.4 b=28.6 gap=22.8 (face=5.5mm) n=[356, 356, 226, 226, 2, 2, 4, 4, 2, 2]  tape=0.213km B=10.00T unif=10.514% hoop=99MPa
  [2132] OK     f=   0.213  a=23.4 b=28.6 gap=22.8 (face=5.6mm) n=[356, 356, 226, 226, 1, 1, 4, 4, 2, 2]  tape=0.213km B=10.02T unif=10.097% hoop=99MPa
  [2133] viol   f=   0.214  a=23.5 b=28.7 gap=22.8 (face=5.5mm) n=[356, 356, 226, 226, 2, 2, 4, 4, 2, 2]  tape=0.214km B=10.00T unif=10.460% hoop=99MPa
  [2134] viol   f=   0.213  a=23.5 b=28.7 gap=22.8 (face=5.6mm) n=[356, 356, 226, 226, 1, 1, 4, 4, 2, 2]  tape=0.213km B=10.00T unif=10.402% hoop=98MPa
  [2135] OK     f=   0.214  a=23.5 b=28.7 gap=22.8 (face=5.5mm) n=[356, 356, 226, 226, 2, 2, 4, 4, 2, 2]  tape=0.214km B=10.00T unif=9.776% hoop=98MPa
  [2136] viol   f=   0.215  a=23.4 b=28.6 gap=22.8 (face=5.6mm) n=[356, 356, 226, 226, 2, 2, 4, 4, 3, 3]  tape=0.214km B=9.98T unif=10.521% hoop=99MPa
  [2137] viol   f=   0.222  a=23.5 b=28.7 gap=22.8 (face=5.5mm) n=[357, 357, 226, 226, 2, 2, 4, 4, 2, 2]  tape=0.214km B=9.94T unif=9.180% hoop=100MPa
  [2138] viol   f=   0.228  a=23.4 b=28.6 gap=22.8 (face=5.6mm) n=[355, 355, 226, 226, 1, 1, 4, 4, 2, 2]  tape=0.213km B=9.91T unif=9.306% hoop=99MPa
  [2139] viol   f=   0.217  a=23.4 b=28.6 gap=22.8 (face=5.6mm) n=[356, 356, 226, 226, 1, 1, 4, 4, 2, 2]  tape=0.213km B=9.95T unif=10.051% hoop=99MPa
  [2140] viol   f=   0.215  a=23.5 b=28.7 gap=22.8 (face=5.6mm) n=[356, 356, 226, 226, 2, 2, 4, 4, 2, 2]  tape=0.214km B=9.98T unif=10.591% hoop=100MPa
  [a=23 b=29 nt=1180] KSP converged reason: 4, iterations: 1
  [a=23 b=29 nt=1178] KSP converged reason: 4, iterations: 1
  [a=23 b=29 nt=1176] KSP converged reason: 4, iterations: 1
  [a=23 b=29 nt=1176] KSP converged reason: 4, iterations: 1
  [a=23 b=29 nt=1180] KSP converged reason: 4, iterations: 1
  [a=23 b=29 nt=1178] KSP converged reason: 4, iterations: 1
  [a=23 b=29 nt=1178] KSP converged reason: 4, iterations: 1
  [a=23 b=29 nt=1178] KSP converged reason: 4, iterations: 1
  [a=23 b=29 nt=1178] KSP converged reason: 4, iterations: 1
  [a=23 b=29 nt=1178] KSP converged reason: 4, iterations: 1
  [2141] OK     f=   0.214  a=23.5 b=28.6 gap=22.8 (face=5.6mm) n=[356, 356, 226, 226, 2, 2, 4, 4, 2, 2]  tape=0.214km B=10.02T unif=10.070% hoop=99MPa
  [2142] viol   f=   0.229  a=23.4 b=28.7 gap=22.8 (face=5.6mm) n=[356, 356, 225, 225, 1, 1, 4, 4, 2, 2]  tape=0.213km B=9.91T unif=10.293% hoop=100MPa
  [2143] viol   f=   0.231  a=23.4 b=28.6 gap=22.8 (face=5.6mm) n=[356, 356, 225, 225, 1, 1, 4, 4, 2, 2]  tape=0.213km B=9.90T unif=10.077% hoop=99MPa
  [2144] viol   f=   0.215  a=23.4 b=28.7 gap=22.8 (face=5.5mm) n=[357, 357, 225, 225, 2, 2, 4, 4, 2, 2]  tape=0.214km B=9.98T unif=9.059% hoop=98MPa
  [2145] OK     f=   0.213  a=23.5 b=28.6 gap=22.8 (face=5.6mm) n=[356, 356, 226, 226, 1, 1, 4, 4, 2, 2]  tape=0.213km B=10.01T unif=10.432% hoop=99MPa
  [2146] viol   f=   0.216  a=23.5 b=28.6 gap=22.8 (face=5.6mm) n=[356, 356, 226, 226, 2, 2, 4, 4, 1, 1]  tape=0.213km B=9.96T unif=10.611% hoop=99MPa
  [2147] viol   f=   0.215  a=23.5 b=28.7 gap=22.8 (face=5.6mm) n=[356, 356, 225, 225, 2, 2, 4, 4, 2, 2]  tape=0.213km B=9.97T unif=9.890% hoop=100MPa
  [2148] viol   f=   0.217  a=23.5 b=28.6 gap=22.8 (face=5.6mm) n=[356, 356, 226, 226, 1, 1, 4, 4, 2, 2]  tape=0.213km B=9.96T unif=10.359% hoop=99MPa
  [2149] viol   f=   0.217  a=23.4 b=28.6 gap=22.8 (face=5.5mm) n=[356, 356, 225, 225, 1, 1, 4, 4, 3, 3]  tape=0.213km B=9.96T unif=10.318% hoop=100MPa
  [2150] viol   f=   0.215  a=23.4 b=28.6 gap=22.8 (face=5.5mm) n=[356, 356, 225, 225, 2, 2, 4, 4, 2, 2]  tape=0.213km B=9.97T unif=9.880% hoop=100MPa
  [a=23 b=29 nt=1178] KSP converged reason: 4, iterations: 1
  [a=23 b=29 nt=1176] KSP converged reason: 4, iterations: 1
  [a=23 b=29 nt=1178] KSP converged reason: 4, iterations: 1
  [a=23 b=29 nt=1178] KSP converged reason: 4, iterations: 1
  [a=23 b=29 nt=1176] KSP converged reason: 4, iterations: 1
  [a=23 b=29 nt=1180] KSP converged reason: 4, iterations: 1
  [a=23 b=29 nt=1178] KSP converged reason: 4, iterations: 1
  [a=23 b=29 nt=1176] KSP converged reason: 4, iterations: 1
  [a=23 b=29 nt=1178] KSP converged reason: 4, iterations: 1
  [a=23 b=29 nt=1180] KSP converged reason: 4, iterations: 1
  [2151] viol   f=   0.227  a=23.5 b=28.7 gap=22.7 (face=5.5mm) n=[356, 356, 225, 225, 2, 2, 4, 4, 2, 2]  tape=0.213km B=9.92T unif=10.130% hoop=100MPa
  [2152] viol   f=   0.228  a=23.5 b=28.7 gap=22.8 (face=5.6mm) n=[357, 357, 226, 226, 2, 2, 4, 4, 1, 1]  tape=0.214km B=9.92T unif=9.314% hoop=99MPa
  [2153] viol   f=   0.235  a=23.5 b=28.6 gap=22.8 (face=5.6mm) n=[356, 356, 226, 226, 1, 1, 4, 4, 1, 1]  tape=0.213km B=9.89T unif=9.430% hoop=98MPa
  [2154] viol   f=   0.225  a=23.5 b=28.6 gap=22.8 (face=5.7mm) n=[356, 356, 226, 226, 1, 1, 4, 4, 2, 2]  tape=0.213km B=9.92T unif=9.678% hoop=98MPa
  [2155] viol   f=   0.216  a=23.4 b=28.6 gap=22.8 (face=5.6mm) n=[356, 356, 225, 225, 1, 1, 4, 4, 2, 2]  tape=0.213km B=9.96T unif=9.873% hoop=99MPa
  [2156] OK     f=   0.213  a=23.5 b=28.6 gap=22.8 (face=5.5mm) n=[356, 356, 226, 226, 1, 1, 4, 4, 2, 2]  tape=0.213km B=10.01T unif=10.391% hoop=98MPa
  [2157] viol   f=   0.214  a=23.5 b=28.6 gap=22.8 (face=5.6mm) n=[356, 356, 226, 226, 1, 1, 4, 4, 1, 1]  tape=0.213km B=9.98T unif=9.468% hoop=99MPa
  [2158] OK     f=   0.213  a=23.5 b=28.6 gap=22.8 (face=5.6mm) n=[356, 356, 226, 226, 2, 2, 4, 4, 1, 1]  tape=0.213km B=10.01T unif=10.102% hoop=99MPa
  [2159] viol   f=   0.213  a=23.5 b=28.6 gap=22.8 (face=5.6mm) n=[356, 356, 226, 226, 1, 1, 4, 4, 2, 2]  tape=0.213km B=10.00T unif=10.244% hoop=98MPa
  [2160] viol   f=   0.216  a=23.5 b=28.7 gap=22.8 (face=5.6mm) n=[356, 356, 226, 226, 2, 2, 4, 4, 2, 2]  tape=0.214km B=9.97T unif=10.526% hoop=99MPa
  [a=23 b=29 nt=1178] KSP converged reason: 4, iterations: 1
  [a=23 b=29 nt=1178] KSP converged reason: 4, iterations: 1
  [a=23 b=29 nt=1178] KSP converged reason: 4, iterations: 1
  [a=23 b=29 nt=1176] KSP converged reason: 4, iterations: 1
  [a=23 b=29 nt=1176] KSP converged reason: 4, iterations: 1
  [a=23 b=29 nt=1176] KSP converged reason: 4, iterations: 1
  [a=23 b=29 nt=1180] KSP converged reason: 4, iterations: 1
  [a=23 b=29 nt=1178] KSP converged reason: 4, iterations: 1
  [a=23 b=29 nt=1178] KSP converged reason: 4, iterations: 1
  [a=23 b=29 nt=1178] KSP converged reason: 4, iterations: 1
  [2161] viol   f=   0.226  a=23.4 b=28.6 gap=22.7 (face=5.5mm) n=[356, 356, 225, 225, 1, 1, 4, 4, 3, 3]  tape=0.213km B=9.92T unif=9.812% hoop=99MPa
  [2162] viol   f=   0.219  a=23.5 b=28.6 gap=22.8 (face=5.6mm) n=[356, 356, 225, 225, 2, 2, 4, 4, 2, 2]  tape=0.213km B=9.95T unif=9.339% hoop=99MPa
  [2163] viol   f=   0.223  a=23.5 b=28.6 gap=22.8 (face=5.6mm) n=[356, 356, 226, 226, 1, 1, 4, 4, 1, 1]  tape=0.213km B=9.93T unif=9.546% hoop=98MPa
  [2164] OK     f=   0.213  a=23.5 b=28.6 gap=22.8 (face=5.6mm) n=[356, 356, 226, 226, 1, 1, 4, 4, 1, 1]  tape=0.213km B=10.01T unif=10.104% hoop=99MPa
  [2165] viol   f=   0.214  a=23.5 b=28.6 gap=22.8 (face=5.5mm) n=[356, 356, 226, 226, 1, 1, 4, 4, 2, 2]  tape=0.213km B=9.97T unif=9.763% hoop=99MPa
  [2166] viol   f=   0.229  a=23.4 b=28.6 gap=22.8 (face=5.5mm) n=[356, 356, 225, 225, 1, 1, 4, 4, 2, 2]  tape=0.213km B=9.91T unif=9.820% hoop=99MPa
  [2167] OK     f=   0.214  a=23.5 b=28.6 gap=22.8 (face=5.6mm) n=[356, 356, 226, 226, 2, 2, 4, 4, 2, 2]  tape=0.214km B=10.01T unif=10.283% hoop=98MPa
  [2168] viol   f=   0.216  a=23.4 b=28.6 gap=22.8 (face=5.6mm) n=[356, 356, 226, 226, 1, 1, 4, 4, 2, 2]  tape=0.213km B=9.96T unif=10.325% hoop=99MPa
  [2169] OK     f=   0.213  a=23.5 b=28.6 gap=22.8 (face=5.6mm) n=[356, 356, 226, 226, 1, 1, 4, 4, 2, 2]  tape=0.213km B=10.00T unif=10.346% hoop=98MPa
  [2170] viol   f=   0.213  a=23.5 b=28.6 gap=22.8 (face=5.6mm) n=[356, 356, 226, 226, 1, 1, 4, 4, 2, 2]  tape=0.213km B=9.99T unif=10.390% hoop=97MPa
  [a=23 b=29 nt=1180] KSP converged reason: 4, iterations: 1
  [a=23 b=29 nt=1180] KSP converged reason: 4, iterations: 1
  [a=23 b=29 nt=1178] KSP converged reason: 4, iterations: 1
  [a=23 b=29 nt=1176] KSP converged reason: 4, iterations: 1
  [a=23 b=29 nt=1176] KSP converged reason: 4, iterations: 1
  [a=23 b=29 nt=1176] KSP converged reason: 4, iterations: 1
  [a=23 b=29 nt=1178] KSP converged reason: 4, iterations: 1
  [a=23 b=29 nt=1180] KSP converged reason: 4, iterations: 1
  [a=23 b=29 nt=1176] KSP converged reason: 4, iterations: 1
  [a=23 b=29 nt=1178] KSP converged reason: 4, iterations: 1
  [2171] viol   f=   0.236  a=23.5 b=28.6 gap=22.8 (face=5.6mm) n=[356, 356, 226, 226, 1, 1, 4, 4, 1, 1]  tape=0.213km B=9.89T unif=9.416% hoop=98MPa
  [2172] viol   f=   0.218  a=23.5 b=28.7 gap=22.8 (face=5.6mm) n=[356, 356, 226, 226, 1, 1, 4, 4, 2, 2]  tape=0.213km B=9.95T unif=10.100% hoop=99MPa
  [2173] viol   f=   0.214  a=23.5 b=28.6 gap=22.8 (face=5.6mm) n=[356, 356, 226, 226, 2, 2, 4, 4, 2, 2]  tape=0.214km B=9.98T unif=10.959% hoop=99MPa
  [2174] viol   f=   0.216  a=23.5 b=28.6 gap=22.8 (face=5.6mm) n=[356, 356, 226, 226, 2, 2, 4, 4, 2, 2]  tape=0.214km B=9.97T unif=9.746% hoop=99MPa
  [2175] viol   f=   0.232  a=23.5 b=28.6 gap=22.8 (face=5.6mm) n=[356, 356, 226, 226, 1, 1, 4, 4, 1, 1]  tape=0.213km B=9.90T unif=9.481% hoop=98MPa
  [2176] viol   f=   0.219  a=23.5 b=28.7 gap=22.8 (face=5.6mm) n=[356, 356, 226, 226, 1, 1, 4, 4, 1, 1]  tape=0.213km B=9.94T unif=10.093% hoop=99MPa
  [2177] OK     f=   0.213  a=23.5 b=28.6 gap=22.8 (face=5.6mm) n=[356, 356, 226, 226, 1, 1, 4, 4, 2, 2]  tape=0.213km B=10.00T unif=10.294% hoop=98MPa
  [2178] viol   f=   0.215  a=23.5 b=28.6 gap=22.8 (face=5.6mm) n=[356, 356, 227, 227, 1, 1, 4, 4, 2, 2]  tape=0.213km B=9.97T unif=9.977% hoop=98MPa
  [2179] viol   f=   0.219  a=23.5 b=28.6 gap=22.8 (face=5.6mm) n=[356, 356, 226, 226, 1, 1, 4, 4, 1, 1]  tape=0.213km B=9.94T unif=10.120% hoop=99MPa
  [2180] viol   f=   0.233  a=23.5 b=28.6 gap=22.8 (face=5.6mm) n=[356, 356, 226, 226, 1, 1, 4, 4, 2, 2]  tape=0.213km B=9.90T unif=9.555% hoop=98MPa
  [a=23 b=29 nt=1180] KSP converged reason: 4, iterations: 1
  [a=23 b=29 nt=1178] KSP converged reason: 4, iterations: 1
  [a=23 b=29 nt=1178] KSP converged reason: 4, iterations: 1
  [a=23 b=29 nt=1178] KSP converged reason: 4, iterations: 1
  [a=23 b=29 nt=1178] KSP converged reason: 4, iterations: 1
  [a=23 b=29 nt=1176] KSP converged reason: 4, iterations: 1
  [a=23 b=29 nt=1178] KSP converged reason: 4, iterations: 1
  [a=23 b=29 nt=1178] KSP converged reason: 4, iterations: 1
  [a=23 b=29 nt=1176] KSP converged reason: 4, iterations: 1
  [a=23 b=29 nt=1178] KSP converged reason: 4, iterations: 1
  [2181] viol   f=   0.218  a=23.5 b=28.7 gap=22.8 (face=5.6mm) n=[356, 356, 226, 226, 1, 1, 4, 4, 2, 2]  tape=0.213km B=9.95T unif=10.045% hoop=99MPa
  [2182] viol   f=   0.216  a=23.5 b=28.7 gap=22.8 (face=5.6mm) n=[356, 356, 226, 226, 2, 2, 4, 4, 2, 2]  tape=0.214km B=9.96T unif=10.574% hoop=99MPa
  [2183] OK     f=   0.213  a=23.5 b=28.6 gap=22.8 (face=5.6mm) n=[356, 356, 226, 226, 1, 1, 4, 4, 2, 2]  tape=0.213km B=10.02T unif=10.141% hoop=99MPa
  [2184] viol   f=   0.220  a=23.5 b=28.7 gap=22.8 (face=5.6mm) n=[356, 356, 226, 226, 2, 2, 4, 4, 1, 1]  tape=0.213km B=9.94T unif=10.079% hoop=99MPa
  [2185] viol   f=   0.220  a=23.5 b=28.7 gap=22.8 (face=5.6mm) n=[356, 356, 226, 226, 2, 2, 4, 4, 1, 1]  tape=0.213km B=9.94T unif=10.045% hoop=99MPa
  [2186] viol   f=   0.216  a=23.5 b=28.6 gap=22.8 (face=5.6mm) n=[356, 356, 226, 226, 1, 1, 4, 4, 1, 1]  tape=0.213km B=9.96T unif=10.204% hoop=99MPa
  [2187] viol   f=   0.213  a=23.5 b=28.6 gap=22.8 (face=5.6mm) n=[356, 356, 226, 226, 1, 1, 4, 4, 2, 2]  tape=0.213km B=10.00T unif=10.330% hoop=97MPa
  [2188] viol   f=   0.228  a=23.5 b=28.6 gap=22.8 (face=5.7mm) n=[355, 355, 227, 227, 1, 1, 4, 4, 1, 1]  tape=0.212km B=9.91T unif=9.896% hoop=97MPa
  [2189] viol   f=   0.216  a=23.5 b=28.7 gap=22.8 (face=5.6mm) n=[356, 356, 226, 226, 2, 2, 4, 4, 1, 1]  tape=0.213km B=9.96T unif=10.558% hoop=99MPa
  [2190] viol   f=   0.213  a=23.4 b=28.7 gap=22.8 (face=5.5mm) n=[356, 356, 226, 226, 1, 1, 4, 4, 2, 2]  tape=0.213km B=10.00T unif=9.594% hoop=99MPa
  [a=23 b=29 nt=1178] KSP converged reason: 4, iterations: 1
  [a=23 b=29 nt=1178] KSP converged reason: 4, iterations: 1
  [a=23 b=29 nt=1180] KSP converged reason: 4, iterations: 1
  [a=23 b=29 nt=1178] KSP converged reason: 4, iterations: 1
  [a=23 b=29 nt=1178] KSP converged reason: 4, iterations: 1
  [a=23 b=29 nt=1178] KSP converged reason: 4, iterations: 1
  [a=23 b=29 nt=1178] KSP converged reason: 4, iterations: 1
  [a=23 b=29 nt=1176] KSP converged reason: 4, iterations: 1
  [a=23 b=29 nt=1180] KSP converged reason: 4, iterations: 1
  [a=23 b=29 nt=1178] KSP converged reason: 4, iterations: 1
  [2191] OK     f=   0.213  a=23.5 b=28.7 gap=22.8 (face=5.6mm) n=[356, 356, 226, 226, 1, 1, 4, 4, 2, 2]  tape=0.213km B=10.01T unif=10.105% hoop=99MPa
  [2192] OK     f=   0.213  a=23.5 b=28.6 gap=22.8 (face=5.6mm) n=[356, 356, 226, 226, 2, 2, 4, 4, 1, 1]  tape=0.213km B=10.00T unif=10.094% hoop=99MPa
  [2193] viol   f=   0.214  a=23.5 b=28.7 gap=22.8 (face=5.5mm) n=[356, 356, 226, 226, 2, 2, 4, 4, 2, 2]  tape=0.214km B=9.98T unif=10.685% hoop=98MPa
  [2194] OK     f=   0.213  a=23.4 b=28.6 gap=22.8 (face=5.6mm) n=[356, 356, 226, 226, 1, 1, 4, 4, 2, 2]  tape=0.213km B=10.02T unif=10.109% hoop=99MPa
  [2195] viol   f=   0.223  a=23.5 b=28.6 gap=22.8 (face=5.6mm) n=[355, 355, 227, 227, 1, 1, 4, 4, 2, 2]  tape=0.213km B=9.93T unif=9.468% hoop=97MPa
  [2196] viol   f=   0.215  a=23.4 b=28.6 gap=22.8 (face=5.5mm) n=[356, 356, 226, 226, 1, 1, 4, 4, 2, 2]  tape=0.213km B=9.97T unif=9.684% hoop=99MPa
  [2197] viol   f=   0.217  a=23.4 b=28.6 gap=22.8 (face=5.6mm) n=[356, 356, 226, 226, 1, 1, 4, 4, 2, 2]  tape=0.213km B=9.95T unif=10.059% hoop=99MPa
  [2198] viol   f=   0.224  a=23.5 b=28.6 gap=22.8 (face=5.6mm) n=[355, 355, 226, 226, 1, 1, 4, 4, 2, 2]  tape=0.213km B=9.92T unif=9.755% hoop=97MPa
  [2199] OK     f=   0.214  a=23.5 b=28.7 gap=22.8 (face=5.6mm) n=[356, 356, 226, 226, 2, 2, 4, 4, 2, 2]  tape=0.214km B=10.01T unif=10.303% hoop=98MPa
  [2200] viol   f=   0.217  a=23.5 b=28.6 gap=22.8 (face=5.6mm) n=[356, 356, 226, 226, 1, 1, 4, 4, 2, 2]  tape=0.213km B=9.96T unif=10.566% hoop=99MPa
  [a=23 b=29 nt=1178] KSP converged reason: 4, iterations: 1
  [a=23 b=29 nt=1176] KSP converged reason: 4, iterations: 1
  [a=23 b=29 nt=1176] KSP converged reason: 4, iterations: 1
  [a=23 b=29 nt=1178] KSP converged reason: 4, iterations: 1
  [a=23 b=29 nt=1176] KSP converged reason: 4, iterations: 1
  [a=23 b=29 nt=1174] KSP converged reason: 4, iterations: 1
  [a=23 b=29 nt=1178] KSP converged reason: 4, iterations: 1
  [a=23 b=29 nt=1180] KSP converged reason: 4, iterations: 1
  [a=23 b=29 nt=1176] KSP converged reason: 4, iterations: 1
  [a=23 b=29 nt=1176] KSP converged reason: 4, iterations: 1
  [2201] viol   f=   0.234  a=23.5 b=28.6 gap=22.8 (face=5.7mm) n=[355, 355, 226, 226, 1, 1, 4, 4, 1, 1]  tape=0.212km B=9.90T unif=9.878% hoop=97MPa
  [2202] viol   f=   0.220  a=23.5 b=28.7 gap=22.8 (face=5.6mm) n=[355, 355, 226, 226, 2, 2, 4, 4, 1, 1]  tape=0.213km B=9.94T unif=9.675% hoop=98MPa
  [2203] viol   f=   0.220  a=23.5 b=28.6 gap=22.8 (face=5.6mm) n=[356, 356, 226, 226, 1, 1, 4, 4, 1, 1]  tape=0.213km B=9.94T unif=10.069% hoop=99MPa
  [2204] viol   f=   0.227  a=23.5 b=28.6 gap=22.8 (face=5.6mm) n=[355, 355, 227, 227, 1, 1, 4, 4, 2, 2]  tape=0.213km B=9.91T unif=10.163% hoop=98MPa
  [2205] viol   f=   0.219  a=23.5 b=28.6 gap=22.8 (face=5.6mm) n=[355, 355, 226, 226, 2, 2, 4, 4, 1, 1]  tape=0.213km B=9.94T unif=9.632% hoop=98MPa
  [2206] viol   f=   0.219  a=23.5 b=28.6 gap=22.8 (face=5.6mm) n=[355, 355, 226, 226, 2, 2, 4, 4, 2, 2]  tape=0.213km B=9.95T unif=10.054% hoop=98MPa
  [2207] viol   f=   0.224  a=23.5 b=28.7 gap=22.8 (face=5.6mm) n=[357, 357, 225, 225, 1, 1, 4, 4, 2, 2]  tape=0.213km B=9.93T unif=9.694% hoop=99MPa
  [2208] viol   f=   0.219  a=23.4 b=28.7 gap=22.8 (face=5.6mm) n=[356, 356, 226, 226, 1, 1, 3, 3, 2, 2]  tape=0.213km B=9.94T unif=10.071% hoop=99MPa
  [2209] viol   f=   0.214  a=23.5 b=28.7 gap=22.8 (face=5.5mm) n=[356, 356, 226, 226, 2, 2, 4, 4, 2, 2]  tape=0.214km B=9.98T unif=10.248% hoop=99MPa
  [2210] viol   f=   0.224  a=23.5 b=28.6 gap=22.8 (face=5.6mm) n=[355, 355, 226, 226, 1, 1, 4, 4, 2, 2]  tape=0.213km B=9.92T unif=9.744% hoop=97MPa
  [a=23 b=29 nt=1178] KSP converged reason: 4, iterations: 1
  [a=23 b=29 nt=1180] KSP converged reason: 4, iterations: 1
  [a=23 b=29 nt=1178] KSP converged reason: 4, iterations: 1
  [a=23 b=29 nt=1178] KSP converged reason: 4, iterations: 1
  [a=23 b=29 nt=1176] KSP converged reason: 4, iterations: 1
  [a=23 b=29 nt=1178] KSP converged reason: 4, iterations: 1
  [a=23 b=29 nt=1180] KSP converged reason: 4, iterations: 1
  [a=23 b=29 nt=1178] KSP converged reason: 4, iterations: 1
  [a=23 b=29 nt=1174] KSP converged reason: 4, iterations: 1
  [a=23 b=29 nt=1178] KSP converged reason: 4, iterations: 1
  [2211] viol   f=   0.220  a=23.5 b=28.7 gap=22.8 (face=5.5mm) n=[356, 356, 226, 226, 2, 2, 4, 4, 1, 1]  tape=0.213km B=9.94T unif=10.023% hoop=98MPa
  [2212] viol   f=   0.214  a=23.5 b=28.7 gap=22.8 (face=5.6mm) n=[356, 356, 227, 227, 2, 2, 4, 4, 1, 1]  tape=0.214km B=9.99T unif=10.696% hoop=98MPa
  [2213] viol   f=   0.230  a=23.4 b=28.6 gap=22.8 (face=5.6mm) n=[356, 356, 226, 226, 1, 1, 4, 4, 2, 2]  tape=0.213km B=9.91T unif=9.438% hoop=98MPa
  [2214] viol   f=   0.214  a=23.5 b=28.7 gap=22.8 (face=5.6mm) n=[356, 356, 226, 226, 2, 2, 3, 3, 1, 1]  tape=0.213km B=9.97T unif=10.470% hoop=99MPa
  [2215] viol   f=   0.213  a=23.5 b=28.7 gap=22.8 (face=5.6mm) n=[356, 356, 226, 226, 2, 2, 4, 4, 1, 1]  tape=0.213km B=10.00T unif=10.275% hoop=98MPa
  [2216] viol   f=   0.219  a=23.5 b=28.7 gap=22.8 (face=5.5mm) n=[356, 356, 226, 226, 2, 2, 4, 4, 1, 1]  tape=0.213km B=9.95T unif=9.956% hoop=99MPa
  [2217] viol   f=   0.214  a=23.4 b=28.7 gap=22.7 (face=5.5mm) n=[356, 356, 226, 226, 2, 2, 4, 4, 2, 2]  tape=0.214km B=9.98T unif=10.550% hoop=98MPa
  [2218] viol   f=   0.223  a=23.5 b=28.7 gap=22.8 (face=5.6mm) n=[355, 355, 226, 226, 1, 1, 4, 4, 1, 1]  tape=0.212km B=9.93T unif=9.708% hoop=97MPa
  [2219] viol   f=   0.219  a=23.5 b=28.7 gap=22.8 (face=5.6mm) n=[356, 356, 226, 226, 1, 1, 4, 4, 2, 2]  tape=0.213km B=9.95T unif=10.005% hoop=99MPa
  [2220] viol   f=   0.218  a=23.5 b=28.7 gap=22.8 (face=5.6mm) n=[356, 356, 226, 226, 1, 1, 4, 4, 2, 2]  tape=0.213km B=9.95T unif=10.080% hoop=99MPa
  [a=23 b=29 nt=1176] KSP converged reason: 4, iterations: 1
  [a=23 b=29 nt=1180] KSP converged reason: 4, iterations: 1
  [a=23 b=29 nt=1178] KSP converged reason: 4, iterations: 1
  [a=23 b=29 nt=1176] KSP converged reason: 4, iterations: 1
  [a=23 b=29 nt=1178] KSP converged reason: 4, iterations: 1
  [a=23 b=29 nt=1176] KSP converged reason: 4, iterations: 1
  [a=23 b=29 nt=1180] KSP converged reason: 4, iterations: 1
  [a=23 b=29 nt=1178] KSP converged reason: 4, iterations: 1
  [a=23 b=29 nt=1176] KSP converged reason: 4, iterations: 1
  [a=23 b=29 nt=1176] KSP converged reason: 4, iterations: 1
  [2221] viol   f=   0.218  a=23.5 b=28.6 gap=22.8 (face=5.6mm) n=[356, 356, 226, 226, 1, 1, 4, 4, 2, 2]  tape=0.213km B=9.95T unif=10.128% hoop=99MPa
  [2222] viol   f=   0.219  a=23.5 b=28.6 gap=22.8 (face=5.6mm) n=[356, 356, 226, 226, 1, 1, 4, 4, 1, 1]  tape=0.213km B=9.94T unif=10.018% hoop=99MPa
  [2223] viol   f=   0.221  a=23.5 b=28.7 gap=22.8 (face=5.6mm) n=[356, 356, 226, 226, 2, 2, 4, 4, 1, 1]  tape=0.213km B=9.94T unif=10.055% hoop=99MPa
  [2224] viol   f=   0.224  a=23.5 b=28.7 gap=22.8 (face=5.6mm) n=[355, 355, 226, 226, 2, 2, 4, 4, 1, 1]  tape=0.213km B=9.92T unif=9.487% hoop=183MPa
  [2225] viol   f=   0.213  a=23.5 b=28.7 gap=22.8 (face=5.6mm) n=[356, 356, 226, 226, 1, 1, 4, 4, 1, 1]  tape=0.213km B=9.99T unif=10.378% hoop=97MPa
  [2226] viol   f=   0.215  a=23.5 b=28.7 gap=22.8 (face=5.5mm) n=[356, 356, 226, 226, 2, 2, 4, 4, 2, 2]  tape=0.214km B=9.98T unif=10.635% hoop=98MPa
  [2227] viol   f=   0.215  a=23.5 b=28.7 gap=22.8 (face=5.5mm) n=[355, 355, 227, 227, 2, 2, 4, 4, 2, 2]  tape=0.214km B=9.98T unif=9.822% hoop=97MPa
  [2228] viol   f=   0.223  a=23.5 b=28.7 gap=22.8 (face=5.6mm) n=[356, 356, 226, 226, 1, 1, 4, 4, 1, 1]  tape=0.213km B=9.93T unif=9.995% hoop=99MPa
  [2229] viol   f=   0.220  a=23.5 b=28.7 gap=22.8 (face=5.6mm) n=[356, 356, 226, 226, 1, 1, 4, 4, 1, 1]  tape=0.213km B=9.94T unif=10.081% hoop=99MPa
  [2230] viol   f=   0.220  a=23.4 b=28.7 gap=22.8 (face=5.5mm) n=[356, 356, 226, 226, 2, 2, 3, 3, 2, 2]  tape=0.213km B=9.94T unif=9.899% hoop=98MPa
  [a=23 b=29 nt=1176] KSP converged reason: 4, iterations: 1
  [a=23 b=29 nt=1178] KSP converged reason: 4, iterations: 1
  [a=23 b=29 nt=1178] KSP converged reason: 4, iterations: 1
  [a=23 b=29 nt=1176] KSP converged reason: 4, iterations: 1
  [a=23 b=29 nt=1174] KSP converged reason: 4, iterations: 1
  [a=23 b=29 nt=1176] KSP converged reason: 4, iterations: 1
  [a=23 b=29 nt=1178] KSP converged reason: 4, iterations: 1
  [a=23 b=29 nt=1178] KSP converged reason: 4, iterations: 1
  [a=23 b=29 nt=1176] KSP converged reason: 4, iterations: 1
  [a=23 b=29 nt=1176] KSP converged reason: 4, iterations: 1
  [2231] viol   f=   0.214  a=23.5 b=28.7 gap=22.8 (face=5.6mm) n=[355, 355, 226, 226, 1, 1, 4, 4, 1, 1]  tape=0.212km B=9.97T unif=9.632% hoop=98MPa
  [2232] viol   f=   0.220  a=23.5 b=28.7 gap=22.8 (face=5.6mm) n=[355, 355, 227, 227, 1, 1, 4, 4, 1, 1]  tape=0.212km B=9.94T unif=10.117% hoop=98MPa
  [2233] viol   f=   0.217  a=23.5 b=28.7 gap=22.8 (face=5.6mm) n=[356, 356, 226, 226, 2, 2, 4, 4, 1, 1]  tape=0.213km B=9.96T unif=10.174% hoop=99MPa
  [2234] viol   f=   0.213  a=23.5 b=28.7 gap=22.8 (face=5.6mm) n=[356, 356, 226, 226, 1, 1, 4, 4, 1, 1]  tape=0.213km B=10.00T unif=10.122% hoop=99MPa
  [2235] viol   f=   0.217  a=23.5 b=28.7 gap=22.8 (face=5.5mm) n=[356, 356, 226, 226, 2, 2, 3, 3, 2, 2]  tape=0.213km B=9.96T unif=10.198% hoop=98MPa
  [2236] viol   f=   0.214  a=23.4 b=28.7 gap=22.8 (face=5.6mm) n=[355, 355, 226, 226, 1, 1, 4, 4, 2, 2]  tape=0.213km B=9.97T unif=9.671% hoop=98MPa
  [2237] viol   f=   0.217  a=23.5 b=28.7 gap=22.8 (face=5.5mm) n=[355, 355, 227, 227, 2, 2, 4, 4, 1, 1]  tape=0.213km B=9.96T unif=9.744% hoop=97MPa
  [2238] viol   f=   0.220  a=23.5 b=28.7 gap=22.8 (face=5.6mm) n=[356, 356, 226, 226, 2, 2, 4, 4, 1, 1]  tape=0.213km B=9.94T unif=9.920% hoop=99MPa
  [2239] viol   f=   0.235  a=23.5 b=28.7 gap=22.8 (face=5.5mm) n=[355, 355, 226, 226, 1, 1, 4, 4, 2, 2]  tape=0.213km B=9.89T unif=9.839% hoop=97MPa
  [2240] viol   f=   0.219  a=23.5 b=28.7 gap=22.8 (face=5.6mm) n=[355, 355, 226, 226, 2, 2, 4, 4, 1, 1]  tape=0.213km B=9.94T unif=9.719% hoop=97MPa
  [a=23 b=29 nt=1178] KSP converged reason: 4, iterations: 1
  [a=23 b=29 nt=1178] KSP converged reason: 4, iterations: 1
  [a=23 b=29 nt=1178] KSP converged reason: 4, iterations: 1
  [a=23 b=29 nt=1178] KSP converged reason: 4, iterations: 1
  [a=23 b=29 nt=1178] KSP converged reason: 4, iterations: 1
  [a=23 b=29 nt=1176] KSP converged reason: 4, iterations: 1
  [a=23 b=29 nt=1176] KSP converged reason: 4, iterations: 1
  [a=23 b=29 nt=1176] KSP converged reason: 4, iterations: 1
  [a=23 b=29 nt=1178] KSP converged reason: 4, iterations: 1
  [a=23 b=29 nt=1176] KSP converged reason: 4, iterations: 1
  [2241] viol   f=   0.218  a=23.5 b=28.7 gap=22.8 (face=5.6mm) n=[356, 356, 226, 226, 1, 1, 4, 4, 2, 2]  tape=0.213km B=9.95T unif=10.171% hoop=99MPa
  [2242] viol   f=   0.220  a=23.5 b=28.7 gap=22.8 (face=5.6mm) n=[356, 356, 226, 226, 1, 1, 4, 4, 1, 1]  tape=0.213km B=9.94T unif=10.020% hoop=99MPa
  [2243] viol   f=   0.221  a=23.5 b=28.7 gap=22.8 (face=5.6mm) n=[355, 355, 227, 227, 2, 2, 4, 4, 1, 1]  tape=0.213km B=9.94T unif=9.779% hoop=99MPa
  [2244] viol   f=   0.213  a=23.5 b=28.7 gap=22.8 (face=5.6mm) n=[356, 356, 226, 226, 1, 1, 4, 4, 2, 2]  tape=0.213km B=9.99T unif=10.606% hoop=100MPa
  [2245] viol   f=   0.214  a=23.5 b=28.7 gap=22.8 (face=5.6mm) n=[356, 356, 226, 226, 2, 2, 4, 4, 1, 1]  tape=0.213km B=9.98T unif=10.458% hoop=99MPa
  [2246] viol   f=   0.214  a=23.5 b=28.6 gap=22.8 (face=5.6mm) n=[356, 356, 226, 226, 1, 1, 4, 4, 2, 2]  tape=0.213km B=9.98T unif=10.402% hoop=99MPa
  [2247] viol   f=   0.213  a=23.5 b=28.6 gap=22.8 (face=5.6mm) n=[356, 356, 226, 226, 1, 1, 4, 4, 1, 1]  tape=0.213km B=9.99T unif=10.265% hoop=98MPa
  [2248] viol   f=   0.235  a=23.5 b=28.7 gap=22.8 (face=5.6mm) n=[355, 355, 226, 226, 1, 1, 4, 4, 2, 2]  tape=0.213km B=9.89T unif=9.901% hoop=98MPa
  [2249] viol   f=   0.218  a=23.4 b=28.6 gap=22.8 (face=5.6mm) n=[356, 356, 226, 226, 1, 1, 4, 4, 2, 2]  tape=0.213km B=9.95T unif=10.042% hoop=98MPa
  [2250] viol   f=   0.215  a=23.5 b=28.7 gap=22.8 (face=5.6mm) n=[356, 356, 226, 226, 1, 1, 4, 4, 1, 1]  tape=0.213km B=9.96T unif=10.313% hoop=99MPa
  [a=23 b=29 nt=1180] KSP converged reason: 4, iterations: 1
  [a=23 b=29 nt=1176] KSP converged reason: 4, iterations: 1
  [a=23 b=29 nt=1180] KSP converged reason: 4, iterations: 1
  [a=23 b=29 nt=1176] KSP converged reason: 4, iterations: 1
  [a=23 b=29 nt=1176] KSP converged reason: 4, iterations: 1
  [a=23 b=29 nt=1176] KSP converged reason: 4, iterations: 1
  [a=23 b=29 nt=1180] KSP converged reason: 4, iterations: 1
  [a=23 b=29 nt=1178] KSP converged reason: 4, iterations: 1
  [a=23 b=29 nt=1180] KSP converged reason: 4, iterations: 1
  [a=23 b=29 nt=1178] KSP converged reason: 4, iterations: 1
  [2251] viol   f=   0.215  a=23.5 b=28.7 gap=22.8 (face=5.6mm) n=[356, 356, 226, 226, 1, 1, 3, 3, 2, 2]  tape=0.213km B=9.96T unif=10.343% hoop=99MPa
  [2252] viol   f=   0.219  a=23.5 b=28.7 gap=22.8 (face=5.7mm) n=[356, 356, 226, 226, 2, 2, 4, 4, 2, 2]  tape=0.214km B=9.95T unif=10.045% hoop=98MPa
  [2253] viol   f=   0.232  a=23.5 b=28.6 gap=22.8 (face=5.6mm) n=[356, 356, 226, 226, 1, 1, 4, 4, 1, 1]  tape=0.213km B=9.90T unif=9.564% hoop=98MPa
  [2254] viol   f=   0.214  a=23.5 b=28.7 gap=22.8 (face=5.6mm) n=[356, 356, 226, 226, 1, 1, 4, 4, 1, 1]  tape=0.213km B=9.97T unif=10.388% hoop=99MPa
  [2255] viol   f=   0.216  a=23.5 b=28.7 gap=22.8 (face=5.6mm) n=[356, 356, 227, 227, 1, 1, 4, 4, 2, 2]  tape=0.213km B=9.97T unif=10.079% hoop=99MPa
  [2256] viol   f=   0.222  a=23.5 b=28.7 gap=22.8 (face=5.6mm) n=[356, 356, 226, 226, 1, 1, 4, 4, 1, 1]  tape=0.213km B=9.93T unif=10.087% hoop=99MPa
  [2257] viol   f=   0.214  a=23.5 b=28.7 gap=22.8 (face=5.6mm) n=[356, 356, 227, 227, 2, 2, 4, 4, 1, 1]  tape=0.214km B=9.99T unif=10.740% hoop=98MPa
  [2258] viol   f=   0.213  a=23.5 b=28.6 gap=22.8 (face=5.6mm) n=[356, 356, 226, 226, 1, 1, 4, 4, 2, 2]  tape=0.213km B=10.00T unif=10.309% hoop=98MPa
  [2259] viol   f=   0.220  a=23.5 b=28.7 gap=22.8 (face=5.6mm) n=[356, 356, 227, 227, 1, 1, 4, 4, 2, 2]  tape=0.213km B=9.94T unif=10.072% hoop=99MPa
  [2260] viol   f=   0.218  a=23.5 b=28.7 gap=22.8 (face=5.6mm) n=[356, 356, 226, 226, 2, 2, 4, 4, 1, 1]  tape=0.213km B=9.95T unif=10.073% hoop=99MPa
  [a=23 b=29 nt=1178] KSP converged reason: 4, iterations: 1
  [a=23 b=29 nt=1176] KSP converged reason: 4, iterations: 1
  [a=23 b=29 nt=1180] KSP converged reason: 4, iterations: 1
  [a=23 b=29 nt=1178] KSP converged reason: 4, iterations: 1
  [a=23 b=29 nt=1174] KSP converged reason: 4, iterations: 1
  [a=23 b=29 nt=1180] KSP converged reason: 4, iterations: 1
  [a=23 b=29 nt=1178] KSP converged reason: 4, iterations: 1
  [a=23 b=29 nt=1178] KSP converged reason: 4, iterations: 1
  [a=23 b=29 nt=1178] KSP converged reason: 4, iterations: 1
  [a=23 b=29 nt=1178] KSP converged reason: 4, iterations: 1
  [2261] viol   f=   0.228  a=23.5 b=28.7 gap=22.8 (face=5.6mm) n=[357, 357, 226, 226, 1, 1, 4, 4, 2, 2]  tape=0.214km B=9.92T unif=9.331% hoop=99MPa
  [2262] OK     f=   0.213  a=23.5 b=28.7 gap=22.8 (face=5.6mm) n=[356, 356, 226, 226, 1, 1, 4, 4, 2, 2]  tape=0.213km B=10.02T unif=10.097% hoop=99MPa
  [2263] viol   f=   0.214  a=23.5 b=28.7 gap=22.8 (face=5.6mm) n=[356, 356, 226, 226, 2, 2, 4, 4, 2, 2]  tape=0.214km B=9.98T unif=10.650% hoop=98MPa
  [2264] viol   f=   0.219  a=23.5 b=28.6 gap=22.8 (face=5.6mm) n=[356, 356, 226, 226, 1, 1, 4, 4, 2, 2]  tape=0.213km B=9.95T unif=10.034% hoop=99MPa
  [2265] viol   f=   0.222  a=23.5 b=28.7 gap=22.8 (face=5.6mm) n=[356, 356, 226, 226, 1, 1, 4, 4, 1, 1]  tape=0.213km B=9.93T unif=10.089% hoop=98MPa
  [2266] viol   f=   0.222  a=23.5 b=28.6 gap=22.8 (face=5.6mm) n=[356, 356, 226, 226, 1, 1, 3, 3, 1, 1]  tape=0.212km B=9.93T unif=10.564% hoop=99MPa
  [2267] viol   f=   0.215  a=23.5 b=28.7 gap=22.8 (face=5.5mm) n=[356, 356, 226, 226, 1, 1, 4, 4, 2, 2]  tape=0.213km B=9.97T unif=10.476% hoop=99MPa
  [2268] viol   f=   0.218  a=23.5 b=28.7 gap=22.8 (face=5.6mm) n=[356, 356, 226, 226, 1, 1, 4, 4, 2, 2]  tape=0.213km B=9.95T unif=9.913% hoop=99MPa
  [2269] viol   f=   0.219  a=23.5 b=28.7 gap=22.8 (face=5.6mm) n=[356, 356, 226, 226, 2, 2, 4, 4, 1, 1]  tape=0.213km B=9.95T unif=10.069% hoop=99MPa
  [2270] viol   f=   0.249  a=23.5 b=28.7 gap=22.8 (face=5.6mm) n=[357, 357, 225, 225, 1, 1, 4, 4, 2, 2]  tape=0.213km B=9.87T unif=9.526% hoop=99MPa
  [a=23 b=29 nt=1180] KSP converged reason: 4, iterations: 1
  [a=23 b=29 nt=1180] KSP converged reason: 4, iterations: 1
  [a=23 b=29 nt=1180] KSP converged reason: 4, iterations: 1
  [a=23 b=29 nt=1180] KSP converged reason: 4, iterations: 1
  [a=23 b=29 nt=1178] KSP converged reason: 4, iterations: 1
  [a=23 b=29 nt=1176] KSP converged reason: 4, iterations: 1
  [a=23 b=29 nt=1178] KSP converged reason: 4, iterations: 1
  [a=23 b=29 nt=1180] KSP converged reason: 4, iterations: 1
  [a=23 b=29 nt=1180] KSP converged reason: 4, iterations: 1
  [a=23 b=29 nt=1178] KSP converged reason: 4, iterations: 1
  [2271] viol   f=   0.215  a=23.5 b=28.7 gap=22.8 (face=5.6mm) n=[356, 356, 226, 226, 1, 1, 4, 4, 1, 1]  tape=0.213km B=9.96T unif=10.367% hoop=99MPa
  [2272] viol   f=   0.219  a=23.5 b=28.7 gap=22.8 (face=5.6mm) n=[356, 356, 226, 226, 2, 2, 4, 4, 2, 2]  tape=0.214km B=9.95T unif=9.896% hoop=99MPa
  [2273] viol   f=   0.217  a=23.5 b=28.7 gap=22.8 (face=5.5mm) n=[356, 356, 226, 226, 2, 2, 4, 4, 2, 2]  tape=0.214km B=9.96T unif=10.355% hoop=99MPa
  [2274] viol   f=   0.214  a=23.5 b=28.7 gap=22.8 (face=5.6mm) n=[356, 356, 226, 226, 1, 1, 4, 4, 2, 2]  tape=0.213km B=9.99T unif=9.633% hoop=99MPa
  [2275] viol   f=   0.225  a=23.5 b=28.7 gap=22.8 (face=5.6mm) n=[357, 357, 226, 226, 1, 1, 4, 4, 2, 2]  tape=0.214km B=9.92T unif=9.329% hoop=99MPa
  [2276] viol   f=   0.214  a=23.4 b=28.7 gap=22.8 (face=5.5mm) n=[356, 356, 226, 226, 2, 2, 4, 4, 2, 2]  tape=0.214km B=9.98T unif=10.655% hoop=98MPa
  [2277] viol   f=   0.215  a=23.5 b=28.7 gap=22.8 (face=5.5mm) n=[356, 356, 226, 226, 1, 1, 4, 4, 2, 2]  tape=0.213km B=9.97T unif=10.374% hoop=99MPa
  [2278] OK     f=   0.214  a=23.5 b=28.7 gap=22.8 (face=5.5mm) n=[356, 356, 226, 226, 2, 2, 4, 4, 2, 2]  tape=0.214km B=10.00T unif=9.558% hoop=99MPa
  [2279] OK     f=   0.214  a=23.5 b=28.7 gap=22.8 (face=5.5mm) n=[356, 356, 227, 227, 2, 2, 4, 4, 1, 1]  tape=0.214km B=10.02T unif=9.923% hoop=99MPa
  [2280] viol   f=   0.216  a=23.5 b=28.7 gap=22.8 (face=5.5mm) n=[356, 356, 226, 226, 1, 1, 4, 4, 2, 2]  tape=0.213km B=9.97T unif=10.375% hoop=99MPa
  [a=23 b=29 nt=1180] KSP converged reason: 4, iterations: 1
  [a=23 b=29 nt=1178] KSP converged reason: 4, iterations: 1
  [a=23 b=29 nt=1180] KSP converged reason: 4, iterations: 1
  [a=23 b=29 nt=1180] KSP converged reason: 4, iterations: 1
  [a=23 b=29 nt=1178] KSP converged reason: 4, iterations: 1
  [a=23 b=29 nt=1178] KSP converged reason: 4, iterations: 1
  [a=23 b=29 nt=1178] KSP converged reason: 4, iterations: 1
  [a=23 b=29 nt=1178] KSP converged reason: 4, iterations: 1
  [a=23 b=29 nt=1180] KSP converged reason: 4, iterations: 1
  [a=23 b=29 nt=1178] KSP converged reason: 4, iterations: 1
  [2281] viol   f=   0.214  a=23.5 b=28.7 gap=22.7 (face=5.5mm) n=[356, 356, 226, 226, 2, 2, 4, 4, 2, 2]  tape=0.214km B=9.99T unif=10.223% hoop=98MPa
  [2282] viol   f=   0.219  a=23.5 b=28.7 gap=22.8 (face=5.5mm) n=[356, 356, 226, 226, 2, 2, 4, 4, 1, 1]  tape=0.213km B=9.95T unif=9.896% hoop=99MPa
  [2283] OK     f=   0.214  a=23.5 b=28.7 gap=22.8 (face=5.5mm) n=[356, 356, 227, 227, 2, 2, 4, 4, 1, 1]  tape=0.214km B=10.01T unif=10.480% hoop=100MPa
  [2284] viol   f=   0.215  a=23.5 b=28.7 gap=22.8 (face=5.6mm) n=[356, 356, 226, 226, 2, 2, 4, 4, 1, 1]  tape=0.213km B=9.97T unif=10.575% hoop=98MPa
  [2285] viol   f=   0.231  a=23.5 b=28.6 gap=22.8 (face=5.6mm) n=[356, 356, 226, 226, 1, 1, 4, 4, 2, 2]  tape=0.213km B=9.91T unif=9.485% hoop=98MPa
  [2286] viol   f=   0.218  a=23.5 b=28.7 gap=22.8 (face=5.5mm) n=[356, 356, 226, 226, 2, 2, 4, 4, 2, 2]  tape=0.214km B=9.96T unif=10.003% hoop=99MPa
  [2287] viol   f=   0.215  a=23.5 b=28.7 gap=22.8 (face=5.5mm) n=[356, 356, 226, 226, 2, 2, 4, 4, 1, 1]  tape=0.213km B=9.97T unif=10.658% hoop=98MPa
  [2288] viol   f=   0.230  a=23.4 b=28.7 gap=22.8 (face=5.5mm) n=[356, 356, 225, 225, 1, 1, 4, 4, 3, 3]  tape=0.213km B=9.91T unif=9.660% hoop=99MPa
  [2289] viol   f=   0.226  a=23.5 b=28.6 gap=22.8 (face=5.6mm) n=[357, 357, 226, 226, 1, 1, 4, 4, 2, 2]  tape=0.214km B=9.92T unif=9.222% hoop=99MPa
  [2290] viol   f=   0.216  a=23.5 b=28.7 gap=22.8 (face=5.5mm) n=[356, 356, 226, 226, 1, 1, 4, 4, 2, 2]  tape=0.213km B=9.96T unif=10.403% hoop=99MPa
  [a=23 b=29 nt=1180] KSP converged reason: 4, iterations: 1
  [a=23 b=29 nt=1182] KSP converged reason: 4, iterations: 1
  [a=23 b=29 nt=1178] KSP converged reason: 4, iterations: 1
  [a=23 b=29 nt=1180] KSP converged reason: 4, iterations: 1
  [a=23 b=29 nt=1182] KSP converged reason: 4, iterations: 1
  [a=23 b=29 nt=1180] KSP converged reason: 4, iterations: 1
  [a=23 b=29 nt=1180] KSP converged reason: 4, iterations: 1
  [a=23 b=29 nt=1182] KSP converged reason: 4, iterations: 1
  [a=23 b=29 nt=1178] KSP converged reason: 4, iterations: 1
  [a=23 b=29 nt=1180] KSP converged reason: 4, iterations: 1
  [2291] OK     f=   0.214  a=23.5 b=28.7 gap=22.7 (face=5.5mm) n=[356, 356, 227, 227, 2, 2, 4, 4, 2, 2]  tape=0.214km B=10.03T unif=9.486% hoop=100MPa
  [2292] OK     f=   0.213  a=23.5 b=28.7 gap=22.8 (face=5.6mm) n=[356, 356, 226, 226, 2, 2, 4, 4, 1, 1]  tape=0.213km B=10.00T unif=9.776% hoop=98MPa
  [2293] OK     f=   0.214  a=23.5 b=28.7 gap=22.8 (face=5.5mm) n=[356, 356, 227, 227, 3, 3, 4, 4, 1, 1]  tape=0.214km B=10.02T unif=10.461% hoop=100MPa
  [2294] viol   f=   0.215  a=23.5 b=28.7 gap=22.7 (face=5.5mm) n=[356, 356, 226, 226, 3, 3, 4, 4, 1, 1]  tape=0.214km B=9.98T unif=10.604% hoop=98MPa
  [2295] OK     f=   0.214  a=23.5 b=28.7 gap=22.8 (face=5.5mm) n=[356, 356, 227, 227, 2, 2, 4, 4, 1, 1]  tape=0.214km B=10.02T unif=10.747% hoop=99MPa
  [2296] viol   f=   0.216  a=23.5 b=28.7 gap=22.8 (face=5.6mm) n=[356, 356, 226, 226, 2, 2, 4, 4, 2, 2]  tape=0.214km B=9.97T unif=9.714% hoop=99MPa
  [2297] viol   f=   0.217  a=23.5 b=28.7 gap=22.8 (face=5.5mm) n=[356, 356, 226, 226, 2, 2, 4, 4, 2, 2]  tape=0.214km B=9.96T unif=9.908% hoop=99MPa
  [2298] viol   f=   0.215  a=23.5 b=28.7 gap=22.8 (face=5.5mm) n=[356, 356, 227, 227, 2, 2, 4, 4, 2, 2]  tape=0.214km B=9.98T unif=9.999% hoop=99MPa
  [2299] viol   f=   0.219  a=23.5 b=28.7 gap=22.8 (face=5.6mm) n=[356, 356, 226, 226, 2, 2, 4, 4, 1, 1]  tape=0.213km B=9.95T unif=9.945% hoop=99MPa
  [2300] viol   f=   0.218  a=23.5 b=28.7 gap=22.8 (face=5.6mm) n=[357, 357, 226, 226, 2, 2, 4, 4, 1, 1]  tape=0.214km B=9.95T unif=9.703% hoop=99MPa
  [a=23 b=29 nt=1180] KSP converged reason: 4, iterations: 1
  [a=23 b=29 nt=1182] KSP converged reason: 4, iterations: 1
  [a=23 b=29 nt=1182] KSP converged reason: 4, iterations: 1
  [a=23 b=29 nt=1180] KSP converged reason: 4, iterations: 1
  [a=23 b=29 nt=1180] KSP converged reason: 4, iterations: 1
  [a=24 b=29 nt=1184] KSP converged reason: 4, iterations: 1
  [a=24 b=29 nt=1180] KSP converged reason: 4, iterations: 1
  [a=23 b=29 nt=1182] KSP converged reason: 4, iterations: 1
  [a=23 b=29 nt=1180] KSP converged reason: 4, iterations: 1
  [a=23 b=29 nt=1178] KSP converged reason: 4, iterations: 1
  [2301] viol   f=   0.214  a=23.5 b=28.7 gap=22.8 (face=5.6mm) n=[356, 356, 227, 227, 2, 2, 4, 4, 1, 1]  tape=0.214km B=10.00T unif=10.491% hoop=100MPa
  [2302] OK     f=   0.214  a=23.5 b=28.7 gap=22.8 (face=5.5mm) n=[356, 356, 227, 227, 2, 2, 4, 4, 2, 2]  tape=0.214km B=10.01T unif=10.450% hoop=100MPa
  [2303] viol   f=   0.218  a=23.5 b=28.7 gap=22.8 (face=5.5mm) n=[357, 357, 227, 227, 3, 3, 4, 4, 1, 1]  tape=0.215km B=9.96T unif=9.464% hoop=99MPa
  [2304] viol   f=   0.220  a=23.5 b=28.7 gap=22.8 (face=5.6mm) n=[356, 356, 226, 226, 2, 2, 4, 4, 2, 2]  tape=0.214km B=9.95T unif=10.023% hoop=98MPa
  [2305] OK     f=   0.214  a=23.5 b=28.7 gap=22.8 (face=5.5mm) n=[356, 356, 227, 227, 2, 2, 4, 4, 1, 1]  tape=0.214km B=10.00T unif=10.436% hoop=100MPa
  [2306] OK     f=   0.214  a=23.5 b=28.7 gap=22.8 (face=5.5mm) n=[356, 356, 227, 227, 2, 2, 5, 5, 1, 1]  tape=0.214km B=10.01T unif=10.371% hoop=100MPa
  [2307] OK     f=   0.214  a=23.5 b=28.7 gap=22.8 (face=5.5mm) n=[356, 356, 227, 227, 2, 2, 4, 4, 2, 2]  tape=0.214km B=10.02T unif=9.504% hoop=100MPa
  [2308] OK     f=   0.214  a=23.5 b=28.7 gap=22.8 (face=5.5mm) n=[356, 356, 227, 227, 2, 2, 4, 4, 1, 1]  tape=0.214km B=10.02T unif=10.751% hoop=99MPa
  [2309] viol   f=   0.214  a=23.5 b=28.7 gap=22.8 (face=5.5mm) n=[356, 356, 227, 227, 2, 2, 4, 4, 1, 1]  tape=0.214km B=9.99T unif=10.409% hoop=100MPa
  [2310] viol   f=   0.218  a=23.5 b=28.7 gap=22.8 (face=5.5mm) n=[356, 356, 226, 226, 2, 2, 4, 4, 1, 1]  tape=0.213km B=9.95T unif=9.946% hoop=99MPa
  [a=24 b=29 nt=1182] KSP converged reason: 4, iterations: 1
  [a=24 b=29 nt=1182] KSP converged reason: 4, iterations: 1
  [a=23 b=29 nt=1180] KSP converged reason: 4, iterations: 1
  [a=23 b=29 nt=1178] KSP converged reason: 4, iterations: 1
  [a=23 b=29 nt=1178] KSP converged reason: 4, iterations: 1
  [a=23 b=29 nt=1176] KSP converged reason: 4, iterations: 1
  [a=24 b=29 nt=1182] KSP converged reason: 4, iterations: 1
  [a=23 b=29 nt=1180] KSP converged reason: 4, iterations: 1
  [a=23 b=29 nt=1178] KSP converged reason: 4, iterations: 1
  [a=23 b=29 nt=1178] KSP converged reason: 4, iterations: 1
  [2311] viol   f=   0.218  a=23.5 b=28.7 gap=22.8 (face=5.6mm) n=[357, 357, 227, 227, 2, 2, 4, 4, 1, 1]  tape=0.214km B=9.95T unif=9.781% hoop=98MPa
  [2312] viol   f=   0.215  a=23.5 b=28.7 gap=22.8 (face=5.5mm) n=[356, 356, 227, 227, 3, 3, 4, 4, 1, 1]  tape=0.214km B=9.98T unif=10.099% hoop=98MPa
  [2313] viol   f=   0.214  a=23.5 b=28.7 gap=22.7 (face=5.5mm) n=[356, 356, 226, 226, 2, 2, 4, 4, 1, 1]  tape=0.213km B=9.99T unif=9.628% hoop=99MPa
  [2314] viol   f=   0.215  a=23.5 b=28.7 gap=22.8 (face=5.6mm) n=[356, 356, 227, 227, 2, 2, 4, 4, 1, 1]  tape=0.214km B=9.98T unif=10.399% hoop=98MPa
  [2315] OK     f=   0.213  a=23.5 b=28.7 gap=22.8 (face=5.5mm) n=[356, 356, 227, 227, 1, 1, 4, 4, 1, 1]  tape=0.213km B=10.00T unif=9.670% hoop=99MPa
  [2316] viol   f=   0.219  a=23.5 b=28.7 gap=22.8 (face=5.6mm) n=[356, 356, 226, 226, 1, 1, 4, 4, 1, 1]  tape=0.213km B=9.95T unif=10.180% hoop=99MPa
  [2317] OK     f=   0.214  a=23.5 b=28.7 gap=22.8 (face=5.5mm) n=[356, 356, 227, 227, 3, 3, 4, 4, 1, 1]  tape=0.214km B=10.01T unif=10.613% hoop=99MPa
  [2318] viol   f=   0.218  a=23.5 b=28.7 gap=22.8 (face=5.5mm) n=[356, 356, 226, 226, 2, 2, 4, 4, 2, 2]  tape=0.214km B=9.95T unif=9.866% hoop=99MPa
  [2319] viol   f=   0.213  a=23.5 b=28.7 gap=22.8 (face=5.6mm) n=[356, 356, 226, 226, 1, 1, 4, 4, 2, 2]  tape=0.213km B=9.99T unif=10.331% hoop=98MPa
  [2320] viol   f=   0.214  a=23.5 b=28.7 gap=22.8 (face=5.5mm) n=[356, 356, 226, 226, 1, 1, 4, 4, 2, 2]  tape=0.213km B=9.99T unif=10.461% hoop=100MPa
  [a=23 b=29 nt=1176] KSP converged reason: 4, iterations: 1
  [a=23 b=29 nt=1178] KSP converged reason: 4, iterations: 1
  [a=23 b=29 nt=1178] KSP converged reason: 4, iterations: 1
  [a=23 b=29 nt=1176] KSP converged reason: 4, iterations: 1
  [a=23 b=29 nt=1174] KSP converged reason: 4, iterations: 1
  [a=23 b=29 nt=1180] KSP converged reason: 4, iterations: 1
  [a=23 b=29 nt=1178] KSP converged reason: 4, iterations: 1
  [a=23 b=29 nt=1178] KSP converged reason: 4, iterations: 1
  [a=23 b=29 nt=1178] KSP converged reason: 4, iterations: 1
  [a=23 b=29 nt=1180] KSP converged reason: 4, iterations: 1
  [2321] viol   f=   0.221  a=23.5 b=28.7 gap=22.8 (face=5.6mm) n=[356, 356, 226, 226, 1, 1, 4, 4, 1, 1]  tape=0.213km B=9.94T unif=10.022% hoop=99MPa
  [2322] viol   f=   0.222  a=23.5 b=28.7 gap=22.8 (face=5.6mm) n=[356, 356, 226, 226, 1, 1, 4, 4, 2, 2]  tape=0.213km B=9.93T unif=10.029% hoop=99MPa
  [2323] OK     f=   0.214  a=23.5 b=28.7 gap=22.8 (face=5.6mm) n=[356, 356, 227, 227, 1, 1, 4, 4, 2, 2]  tape=0.214km B=10.00T unif=9.628% hoop=99MPa
  [2324] viol   f=   0.214  a=23.5 b=28.7 gap=22.8 (face=5.5mm) n=[356, 356, 226, 226, 2, 2, 4, 4, 1, 1]  tape=0.213km B=9.98T unif=10.354% hoop=99MPa
  [2325] OK     f=   0.212  a=23.5 b=28.6 gap=22.8 (face=5.6mm) n=[356, 356, 226, 226, 1, 1, 3, 3, 1, 1]  tape=0.212km B=10.00T unif=10.115% hoop=99MPa
  [2326] viol   f=   0.217  a=23.5 b=28.7 gap=22.8 (face=5.5mm) n=[356, 356, 226, 226, 1, 1, 4, 4, 1, 1]  tape=0.213km B=9.95T unif=9.899% hoop=99MPa
  [2327] viol   f=   0.218  a=23.4 b=28.7 gap=22.8 (face=5.5mm) n=[356, 356, 226, 226, 1, 1, 4, 4, 2, 2]  tape=0.213km B=9.95T unif=10.474% hoop=99MPa
  [2328] viol   f=   0.218  a=23.5 b=28.7 gap=22.8 (face=5.6mm) n=[356, 356, 226, 226, 1, 1, 4, 4, 2, 2]  tape=0.213km B=9.95T unif=10.558% hoop=99MPa
  [2329] viol   f=   0.213  a=23.5 b=28.7 gap=22.8 (face=5.5mm) n=[356, 356, 226, 226, 1, 1, 4, 4, 2, 2]  tape=0.213km B=9.99T unif=9.666% hoop=99MPa
  [2330] OK     f=   0.213  a=23.5 b=28.7 gap=22.8 (face=5.6mm) n=[356, 356, 227, 227, 1, 1, 4, 4, 2, 2]  tape=0.213km B=10.03T unif=10.224% hoop=100MPa
  [a=23 b=29 nt=1178] KSP converged reason: 4, iterations: 1
  [a=23 b=29 nt=1180] KSP converged reason: 4, iterations: 1
  [a=23 b=29 nt=1180] KSP converged reason: 4, iterations: 1
  [a=23 b=29 nt=1176] KSP converged reason: 4, iterations: 1
  [a=23 b=29 nt=1178] KSP converged reason: 4, iterations: 1
  [a=23 b=29 nt=1178] KSP converged reason: 4, iterations: 1
  [a=23 b=29 nt=1178] KSP converged reason: 4, iterations: 1
  [a=23 b=29 nt=1178] KSP converged reason: 4, iterations: 1
  [a=23 b=29 nt=1176] KSP converged reason: 4, iterations: 1
  [a=23 b=29 nt=1174] KSP converged reason: 4, iterations: 1
  [2331] viol   f=   0.214  a=23.5 b=28.7 gap=22.8 (face=5.5mm) n=[356, 356, 226, 226, 1, 1, 4, 4, 2, 2]  tape=0.213km B=9.99T unif=9.677% hoop=99MPa
  [2332] viol   f=   0.219  a=23.4 b=28.7 gap=22.8 (face=5.5mm) n=[356, 356, 226, 226, 1, 1, 4, 4, 2, 2]  tape=0.213km B=9.95T unif=10.036% hoop=98MPa
  [2333] viol   f=   0.215  a=23.5 b=28.7 gap=22.8 (face=5.5mm) n=[356, 356, 227, 227, 1, 1, 4, 4, 2, 2]  tape=0.213km B=9.97T unif=10.635% hoop=100MPa
  [2334] viol   f=   0.215  a=23.5 b=28.6 gap=22.8 (face=5.6mm) n=[356, 356, 227, 227, 2, 2, 3, 3, 1, 1]  tape=0.213km B=9.97T unif=10.085% hoop=99MPa
  [2335] viol   f=   0.213  a=23.5 b=28.7 gap=22.8 (face=5.6mm) n=[356, 356, 227, 227, 1, 1, 3, 3, 1, 1]  tape=0.213km B=9.99T unif=10.655% hoop=98MPa
  [2336] viol   f=   0.214  a=23.4 b=28.7 gap=22.7 (face=5.5mm) n=[356, 356, 226, 226, 2, 2, 4, 4, 2, 2]  tape=0.214km B=9.98T unif=9.564% hoop=100MPa
  [2337] OK     f=   0.213  a=23.5 b=28.6 gap=22.8 (face=5.6mm) n=[356, 356, 226, 226, 2, 2, 4, 4, 1, 1]  tape=0.213km B=10.00T unif=10.224% hoop=98MPa
  [2338] viol   f=   0.214  a=23.5 b=28.7 gap=22.8 (face=5.5mm) n=[356, 356, 227, 227, 1, 1, 4, 4, 1, 1]  tape=0.213km B=9.98T unif=10.712% hoop=98MPa
  [2339] viol   f=   0.228  a=23.5 b=28.7 gap=22.8 (face=5.6mm) n=[356, 356, 225, 225, 2, 2, 3, 3, 2, 2]  tape=0.213km B=9.91T unif=9.856% hoop=99MPa
  [2340] viol   f=   0.214  a=23.5 b=28.6 gap=22.8 (face=5.7mm) n=[356, 356, 226, 226, 1, 1, 3, 3, 1, 1]  tape=0.212km B=9.97T unif=9.356% hoop=98MPa
  [a=23 b=29 nt=1180] KSP converged reason: 4, iterations: 1
  [a=23 b=29 nt=1178] KSP converged reason: 4, iterations: 1
  [a=23 b=29 nt=1180] KSP converged reason: 4, iterations: 1
  [a=24 b=29 nt=1178] KSP converged reason: 4, iterations: 1
  [a=23 b=29 nt=1178] KSP converged reason: 4, iterations: 1
  [a=23 b=29 nt=1174] KSP converged reason: 4, iterations: 1
  [a=24 b=29 nt=1176] KSP converged reason: 4, iterations: 1
  [a=23 b=29 nt=1176] KSP converged reason: 4, iterations: 1
  [a=23 b=29 nt=1178] KSP converged reason: 4, iterations: 1
  [a=23 b=29 nt=1180] KSP converged reason: 4, iterations: 1
  [2341] viol   f=   0.213  a=23.5 b=28.7 gap=22.8 (face=5.6mm) n=[356, 356, 227, 227, 2, 2, 3, 3, 1, 1]  tape=0.213km B=9.99T unif=10.573% hoop=99MPa
  [2342] viol   f=   0.214  a=23.5 b=28.7 gap=22.8 (face=5.5mm) n=[356, 356, 227, 227, 1, 1, 4, 4, 2, 2]  tape=0.213km B=9.99T unif=10.710% hoop=98MPa
  [2343] viol   f=   0.213  a=23.5 b=28.7 gap=22.8 (face=5.5mm) n=[356, 356, 227, 227, 1, 1, 4, 4, 1, 1]  tape=0.213km B=9.99T unif=10.808% hoop=99MPa
  [2344] viol   f=   0.214  a=23.5 b=28.7 gap=22.8 (face=5.5mm) n=[356, 356, 227, 227, 1, 1, 4, 4, 2, 2]  tape=0.214km B=9.98T unif=10.324% hoop=100MPa
  [2345] viol   f=   0.222  a=23.5 b=28.7 gap=22.8 (face=5.5mm) n=[356, 356, 226, 226, 1, 1, 3, 3, 1, 1]  tape=0.212km B=9.93T unif=9.999% hoop=99MPa
  [2346] OK     f=   0.213  a=23.5 b=28.7 gap=22.8 (face=5.5mm) n=[356, 356, 227, 227, 1, 1, 4, 4, 1, 1]  tape=0.213km B=10.00T unif=10.051% hoop=98MPa
  [2347] viol   f=   0.216  a=23.5 b=28.7 gap=22.8 (face=5.6mm) n=[356, 356, 226, 226, 1, 1, 4, 4, 1, 1]  tape=0.213km B=9.96T unif=10.395% hoop=99MPa
  [2348] viol   f=   0.230  a=23.5 b=28.6 gap=22.8 (face=5.6mm) n=[356, 356, 226, 226, 2, 2, 3, 3, 1, 1]  tape=0.213km B=9.91T unif=9.510% hoop=98MPa
  [2349] viol   f=   0.216  a=23.5 b=28.6 gap=22.8 (face=5.6mm) n=[356, 356, 226, 226, 2, 2, 3, 3, 2, 2]  tape=0.213km B=9.96T unif=10.042% hoop=276MPa
  [2350] viol   f=   0.219  a=23.4 b=28.6 gap=22.8 (face=5.5mm) n=[356, 356, 226, 226, 1, 1, 4, 4, 3, 3]  tape=0.214km B=9.95T unif=10.116% hoop=99MPa
  [a=23 b=29 nt=1178] KSP converged reason: 4, iterations: 1
  [a=24 b=29 nt=1184] KSP converged reason: 4, iterations: 1
  [a=23 b=29 nt=1176] KSP converged reason: 4, iterations: 1
  [a=23 b=29 nt=1178] KSP converged reason: 4, iterations: 1
  [a=23 b=29 nt=1178] KSP converged reason: 4, iterations: 1
  [a=24 b=29 nt=1176] KSP converged reason: 4, iterations: 1
  [a=23 b=29 nt=1178] KSP converged reason: 4, iterations: 1
  [a=23 b=29 nt=1176] KSP converged reason: 4, iterations: 1
  [a=23 b=29 nt=1176] KSP converged reason: 4, iterations: 1
  [a=23 b=29 nt=1180] KSP converged reason: 4, iterations: 1
  [2351] OK     f=   0.215  a=23.5 b=28.7 gap=22.8 (face=5.6mm) n=[356, 356, 228, 228, 2, 2, 4, 4, 2, 2]  tape=0.215km B=10.02T unif=10.730% hoop=99MPa
  [2352] viol   f=   0.217  a=23.5 b=28.7 gap=22.7 (face=5.5mm) n=[355, 355, 227, 227, 1, 1, 4, 4, 2, 2]  tape=0.213km B=9.96T unif=10.019% hoop=99MPa
  [2353] OK     f=   0.213  a=23.5 b=28.7 gap=22.8 (face=5.5mm) n=[356, 356, 227, 227, 1, 1, 3, 3, 1, 1]  tape=0.213km B=10.00T unif=9.667% hoop=99MPa
  [2354] viol   f=   0.225  a=23.5 b=28.7 gap=22.8 (face=5.6mm) n=[356, 356, 226, 226, 2, 2, 3, 3, 1, 1]  tape=0.213km B=9.92T unif=9.824% hoop=99MPa
  [2355] viol   f=   0.214  a=23.5 b=28.7 gap=22.8 (face=5.5mm) n=[356, 356, 226, 226, 1, 1, 4, 4, 2, 2]  tape=0.213km B=9.98T unif=10.395% hoop=99MPa
  [2356] viol   f=   0.218  a=23.5 b=28.6 gap=22.8 (face=5.6mm) n=[356, 356, 227, 227, 1, 1, 4, 4, 1, 1]  tape=0.213km B=9.95T unif=10.098% hoop=99MPa
  [2357] viol   f=   0.213  a=23.5 b=28.7 gap=22.8 (face=5.5mm) n=[356, 356, 227, 227, 1, 1, 4, 4, 1, 1]  tape=0.213km B=10.00T unif=10.700% hoop=98MPa
  [2358] viol   f=   0.217  a=23.5 b=28.7 gap=22.8 (face=5.5mm) n=[356, 356, 226, 226, 1, 1, 4, 4, 1, 1]  tape=0.213km B=9.95T unif=9.954% hoop=99MPa
  [2359] viol   f=   0.224  a=23.5 b=28.6 gap=22.8 (face=5.5mm) n=[356, 356, 226, 226, 2, 2, 3, 3, 1, 1]  tape=0.213km B=9.93T unif=9.439% hoop=98MPa
  [2360] viol   f=   0.216  a=23.5 b=28.6 gap=22.8 (face=5.6mm) n=[356, 356, 227, 227, 1, 1, 4, 4, 2, 2]  tape=0.213km B=9.97T unif=10.211% hoop=99MPa
  [a=23 b=29 nt=1180] KSP converged reason: 4, iterations: 1
  [a=23 b=29 nt=1180] KSP converged reason: 4, iterations: 1
  [a=23 b=29 nt=1174] KSP converged reason: 4, iterations: 1
  [a=23 b=29 nt=1178] KSP converged reason: 4, iterations: 1
  [a=23 b=29 nt=1174] KSP converged reason: 4, iterations: 1
  [a=23 b=29 nt=1180] KSP converged reason: 4, iterations: 1
  [a=24 b=29 nt=1176] KSP converged reason: 4, iterations: 1
  [a=23 b=29 nt=1178] KSP converged reason: 4, iterations: 1
  [a=24 b=29 nt=1178] KSP converged reason: 4, iterations: 1
  [a=23 b=29 nt=1176] KSP converged reason: 4, iterations: 1
  [2361] viol   f=   0.215  a=23.5 b=28.7 gap=22.8 (face=5.5mm) n=[356, 356, 226, 226, 2, 2, 4, 4, 1, 1]  tape=0.213km B=9.97T unif=10.672% hoop=98MPa
  [2362] viol   f=   0.214  a=23.5 b=28.7 gap=22.8 (face=5.5mm) n=[356, 356, 227, 227, 1, 1, 4, 4, 2, 2]  tape=0.214km B=9.99T unif=10.783% hoop=98MPa
  [2363] OK     f=   0.214  a=23.5 b=28.7 gap=22.8 (face=5.5mm) n=[356, 356, 227, 227, 2, 2, 4, 4, 1, 1]  tape=0.214km B=10.01T unif=10.789% hoop=98MPa
  [2364] viol   f=   0.235  a=23.5 b=28.7 gap=22.8 (face=5.5mm) n=[355, 355, 226, 226, 1, 1, 3, 3, 2, 2]  tape=0.212km B=9.89T unif=9.711% hoop=97MPa
  [2365] OK     f=   0.214  a=23.5 b=28.7 gap=22.8 (face=5.5mm) n=[356, 356, 227, 227, 2, 2, 4, 4, 1, 1]  tape=0.214km B=10.01T unif=9.767% hoop=99MPa
  [2366] viol   f=   0.222  a=23.5 b=28.7 gap=22.8 (face=5.6mm) n=[355, 355, 227, 227, 1, 1, 3, 3, 1, 1]  tape=0.212km B=9.93T unif=9.542% hoop=97MPa
  [2367] viol   f=   0.232  a=23.5 b=28.7 gap=22.8 (face=5.5mm) n=[355, 355, 227, 227, 1, 1, 4, 4, 1, 1]  tape=0.213km B=9.90T unif=9.936% hoop=97MPa
  [2368] viol   f=   0.220  a=23.5 b=28.7 gap=22.7 (face=5.5mm) n=[356, 356, 226, 226, 2, 2, 3, 3, 2, 2]  tape=0.213km B=9.94T unif=9.855% hoop=99MPa
  [2369] viol   f=   0.214  a=23.5 b=28.7 gap=22.8 (face=5.5mm) n=[355, 355, 227, 227, 1, 1, 4, 4, 2, 2]  tape=0.213km B=9.98T unif=9.711% hoop=99MPa
  [2370] viol   f=   0.214  a=23.5 b=28.7 gap=22.8 (face=5.5mm) n=[356, 356, 227, 227, 1, 1, 3, 3, 1, 1]  tape=0.213km B=9.97T unif=10.776% hoop=99MPa
  [a=23 b=29 nt=1180] KSP converged reason: 4, iterations: 1
  [a=23 b=29 nt=1176] KSP converged reason: 4, iterations: 1
  [a=23 b=29 nt=1180] KSP converged reason: 4, iterations: 1
  [a=23 b=29 nt=1180] KSP converged reason: 4, iterations: 1
  [a=23 b=29 nt=1176] KSP converged reason: 4, iterations: 1
  [a=23 b=29 nt=1176] KSP converged reason: 4, iterations: 1
  [a=24 b=29 nt=1180] KSP converged reason: 4, iterations: 1
  [a=23 b=29 nt=1180] KSP converged reason: 4, iterations: 1
  [a=23 b=29 nt=1178] KSP converged reason: 4, iterations: 1
  [a=23 b=29 nt=1178] KSP converged reason: 4, iterations: 1
  [2371] viol   f=   0.215  a=23.5 b=28.7 gap=22.8 (face=5.5mm) n=[356, 356, 227, 227, 1, 1, 3, 3, 1, 1]  tape=0.213km B=9.97T unif=10.784% hoop=98MPa
  [2372] viol   f=   0.214  a=23.5 b=28.7 gap=22.8 (face=5.5mm) n=[356, 356, 227, 227, 2, 2, 4, 4, 1, 1]  tape=0.214km B=10.00T unif=10.585% hoop=99MPa
  [2373] viol   f=   0.215  a=23.5 b=28.7 gap=22.8 (face=5.5mm) n=[355, 355, 227, 227, 1, 1, 4, 4, 1, 1]  tape=0.213km B=9.96T unif=9.739% hoop=98MPa
  [2374] OK     f=   0.214  a=23.5 b=28.7 gap=22.8 (face=5.5mm) n=[356, 356, 227, 227, 1, 1, 4, 4, 2, 2]  tape=0.214km B=10.01T unif=10.688% hoop=98MPa
  [2375] viol   f=   0.220  a=23.5 b=28.7 gap=22.8 (face=5.6mm) n=[355, 355, 227, 227, 1, 1, 4, 4, 1, 1]  tape=0.213km B=9.94T unif=9.726% hoop=98MPa
  [2376] OK     f=   0.214  a=23.5 b=28.7 gap=22.8 (face=5.5mm) n=[356, 356, 227, 227, 2, 2, 4, 4, 1, 1]  tape=0.214km B=10.02T unif=10.695% hoop=99MPa
  [2377] OK     f=   0.214  a=23.5 b=28.7 gap=22.7 (face=5.5mm) n=[356, 356, 227, 227, 2, 2, 4, 4, 1, 1]  tape=0.214km B=10.01T unif=10.678% hoop=99MPa
  [2378] viol   f=   0.218  a=23.5 b=28.7 gap=22.7 (face=5.5mm) n=[356, 356, 226, 226, 3, 3, 4, 4, 1, 1]  tape=0.214km B=9.95T unif=9.991% hoop=99MPa
  [2379] viol   f=   0.214  a=23.5 b=28.7 gap=22.8 (face=5.5mm) n=[356, 356, 227, 227, 2, 2, 3, 3, 1, 1]  tape=0.213km B=9.98T unif=10.166% hoop=98MPa
  [2380] OK     f=   0.213  a=23.5 b=28.7 gap=22.8 (face=5.5mm) n=[356, 356, 227, 227, 1, 1, 4, 4, 1, 1]  tape=0.213km B=10.01T unif=9.709% hoop=99MPa
  [a=23 b=29 nt=1180] KSP converged reason: 4, iterations: 1
  [a=24 b=29 nt=1180] KSP converged reason: 4, iterations: 1
  [a=24 b=29 nt=1180] KSP converged reason: 4, iterations: 1
  [a=23 b=29 nt=1178] KSP converged reason: 4, iterations: 1
  [a=23 b=29 nt=1176] KSP converged reason: 4, iterations: 1
  [a=23 b=29 nt=1176] KSP converged reason: 4, iterations: 1
  [a=23 b=29 nt=1176] KSP converged reason: 4, iterations: 1
  [a=24 b=29 nt=1178] KSP converged reason: 4, iterations: 1
  [a=23 b=29 nt=1176] KSP converged reason: 4, iterations: 1
  [a=23 b=29 nt=1176] KSP converged reason: 4, iterations: 1
  [2381] viol   f=   0.214  a=23.5 b=28.7 gap=22.8 (face=5.6mm) n=[356, 356, 227, 227, 2, 2, 3, 3, 2, 2]  tape=0.214km B=9.99T unif=10.641% hoop=99MPa
  [2382] viol   f=   0.214  a=23.5 b=28.7 gap=22.8 (face=5.6mm) n=[356, 356, 227, 227, 2, 2, 4, 4, 1, 1]  tape=0.214km B=10.00T unif=10.598% hoop=99MPa
  [2383] OK     f=   0.213  a=23.5 b=28.7 gap=22.8 (face=5.5mm) n=[356, 356, 226, 226, 1, 1, 4, 4, 2, 2]  tape=0.213km B=10.00T unif=9.488% hoop=99MPa
  [2384] viol   f=   0.222  a=23.5 b=28.7 gap=22.8 (face=5.5mm) n=[355, 355, 227, 227, 1, 1, 4, 4, 1, 1]  tape=0.213km B=9.93T unif=9.682% hoop=98MPa
  [2385] OK     f=   0.214  a=23.5 b=28.7 gap=22.8 (face=5.5mm) n=[356, 356, 227, 227, 2, 2, 4, 4, 1, 1]  tape=0.214km B=10.00T unif=10.691% hoop=99MPa
  [2386] viol   f=   0.224  a=23.5 b=28.7 gap=22.8 (face=5.5mm) n=[355, 355, 227, 227, 1, 1, 4, 4, 1, 1]  tape=0.213km B=9.92T unif=9.555% hoop=97MPa
  [2387] viol   f=   0.215  a=23.5 b=28.7 gap=22.8 (face=5.6mm) n=[356, 356, 227, 227, 1, 1, 3, 3, 1, 1]  tape=0.213km B=9.96T unif=10.240% hoop=98MPa
  [2388] viol   f=   0.216  a=23.5 b=28.7 gap=22.8 (face=5.6mm) n=[356, 356, 227, 227, 1, 1, 4, 4, 1, 1]  tape=0.213km B=9.96T unif=10.405% hoop=98MPa
  [2389] viol   f=   0.221  a=23.5 b=28.7 gap=22.8 (face=5.5mm) n=[355, 355, 227, 227, 1, 1, 3, 3, 2, 2]  tape=0.213km B=9.94T unif=9.672% hoop=98MPa
  [2390] viol   f=   0.214  a=23.5 b=28.7 gap=22.8 (face=5.5mm) n=[356, 356, 227, 227, 1, 1, 3, 3, 1, 1]  tape=0.213km B=9.98T unif=10.523% hoop=99MPa
  [a=23 b=29 nt=1178] KSP converged reason: 4, iterations: 1
  [a=23 b=29 nt=1182] KSP converged reason: 4, iterations: 1
  [a=23 b=29 nt=1180] KSP converged reason: 4, iterations: 1
  [a=23 b=29 nt=1180] KSP converged reason: 4, iterations: 1
  [a=23 b=29 nt=1178] KSP converged reason: 4, iterations: 1
  [a=23 b=29 nt=1180] KSP converged reason: 4, iterations: 1
  [a=23 b=29 nt=1182] KSP converged reason: 4, iterations: 1
  [a=23 b=29 nt=1178] KSP converged reason: 4, iterations: 1
  [a=23 b=29 nt=1178] KSP converged reason: 4, iterations: 1
  [a=23 b=29 nt=1178] KSP converged reason: 4, iterations: 1
  [2391] viol   f=   0.215  a=23.5 b=28.7 gap=22.8 (face=5.5mm) n=[356, 356, 227, 227, 1, 1, 4, 4, 1, 1]  tape=0.213km B=9.97T unif=9.973% hoop=99MPa
  [2392] OK     f=   0.214  a=23.5 b=28.7 gap=22.8 (face=5.5mm) n=[356, 356, 227, 227, 2, 2, 4, 4, 1, 1]  tape=0.214km B=10.04T unif=9.696% hoop=99MPa
  [2393] OK     f=   0.214  a=23.5 b=28.7 gap=22.8 (face=5.5mm) n=[356, 356, 227, 227, 2, 2, 4, 4, 2, 2]  tape=0.214km B=10.00T unif=10.359% hoop=100MPa
  [2394] viol   f=   0.214  a=23.5 b=28.7 gap=22.8 (face=5.6mm) n=[356, 356, 226, 226, 2, 2, 4, 4, 1, 1]  tape=0.213km B=9.98T unif=10.620% hoop=98MPa
  [2395] OK     f=   0.214  a=23.5 b=28.7 gap=22.8 (face=5.5mm) n=[356, 356, 227, 227, 2, 2, 4, 4, 1, 1]  tape=0.214km B=10.01T unif=10.674% hoop=99MPa
  [2396] viol   f=   0.214  a=23.5 b=28.7 gap=22.8 (face=5.5mm) n=[356, 356, 227, 227, 1, 1, 4, 4, 2, 2]  tape=0.214km B=10.00T unif=10.490% hoop=99MPa
  [2397] viol   f=   0.217  a=23.5 b=28.7 gap=22.8 (face=5.6mm) n=[356, 356, 226, 226, 1, 1, 4, 4, 2, 2]  tape=0.213km B=9.95T unif=10.108% hoop=99MPa
  [2398] viol   f=   0.214  a=23.5 b=28.7 gap=22.7 (face=5.5mm) n=[356, 356, 227, 227, 2, 2, 4, 4, 2, 2]  tape=0.214km B=10.00T unif=10.321% hoop=100MPa
  [2399] viol   f=   0.215  a=23.5 b=28.7 gap=22.8 (face=5.5mm) n=[356, 356, 226, 226, 1, 1, 4, 4, 2, 2]  tape=0.213km B=9.97T unif=10.672% hoop=98MPa
  [2400] viol   f=   0.213  a=23.5 b=28.7 gap=22.8 (face=5.5mm) n=[355, 355, 227, 227, 1, 1, 4, 4, 2, 2]  tape=0.213km B=9.99T unif=9.699% hoop=99MPa
  [a=23 b=29 nt=1178] KSP converged reason: 4, iterations: 1
  [a=23 b=29 nt=1180] KSP converged reason: 4, iterations: 1
  [a=23 b=29 nt=1180] KSP converged reason: 4, iterations: 1
  [a=23 b=29 nt=1178] KSP converged reason: 4, iterations: 1
  [a=23 b=29 nt=1180] KSP converged reason: 4, iterations: 1
  [a=23 b=29 nt=1176] KSP converged reason: 4, iterations: 1
  [a=23 b=29 nt=1178] KSP converged reason: 4, iterations: 1
  [a=23 b=29 nt=1180] KSP converged reason: 4, iterations: 1
  [a=23 b=29 nt=1180] KSP converged reason: 4, iterations: 1
  [a=23 b=29 nt=1178] KSP converged reason: 4, iterations: 1
  [2401] viol   f=   0.218  a=23.5 b=28.6 gap=22.8 (face=5.6mm) n=[355, 355, 227, 227, 1, 1, 4, 4, 2, 2]  tape=0.213km B=9.95T unif=9.756% hoop=97MPa
  [2402] viol   f=   0.213  a=23.5 b=28.7 gap=22.8 (face=5.5mm) n=[356, 356, 227, 227, 1, 1, 4, 4, 2, 2]  tape=0.213km B=10.00T unif=9.719% hoop=99MPa
  [2403] viol   f=   0.216  a=23.5 b=28.7 gap=22.8 (face=5.5mm) n=[356, 356, 227, 227, 1, 1, 4, 4, 2, 2]  tape=0.214km B=9.97T unif=9.983% hoop=99MPa
  [2404] viol   f=   0.214  a=23.5 b=28.7 gap=22.7 (face=5.5mm) n=[356, 356, 227, 227, 1, 1, 4, 4, 2, 2]  tape=0.214km B=9.98T unif=10.374% hoop=100MPa
  [2405] viol   f=   0.216  a=23.5 b=28.7 gap=22.8 (face=5.6mm) n=[355, 355, 227, 227, 1, 1, 4, 4, 1, 1]  tape=0.213km B=9.96T unif=9.877% hoop=99MPa
  [2406] viol   f=   0.218  a=23.5 b=28.7 gap=22.8 (face=5.5mm) n=[355, 355, 227, 227, 2, 2, 4, 4, 1, 1]  tape=0.213km B=9.95T unif=9.740% hoop=97MPa
  [2407] viol   f=   0.220  a=23.5 b=28.7 gap=22.8 (face=5.5mm) n=[355, 355, 227, 227, 1, 1, 4, 4, 2, 2]  tape=0.213km B=9.94T unif=9.669% hoop=98MPa
  [2408] viol   f=   0.214  a=23.5 b=28.7 gap=22.7 (face=5.5mm) n=[356, 356, 227, 227, 1, 1, 4, 4, 2, 2]  tape=0.214km B=9.98T unif=10.441% hoop=100MPa
  [2409] viol   f=   0.214  a=23.5 b=28.7 gap=22.8 (face=5.5mm) n=[356, 356, 227, 227, 1, 1, 4, 4, 2, 2]  tape=0.213km B=9.99T unif=10.716% hoop=98MPa
  [2410] viol   f=   0.219  a=23.5 b=28.7 gap=22.8 (face=5.6mm) n=[355, 355, 227, 227, 1, 1, 4, 4, 2, 2]  tape=0.213km B=9.95T unif=9.810% hoop=97MPa
  [a=23 b=29 nt=1180] KSP converged reason: 4, iterations: 1
  [a=23 b=29 nt=1180] KSP converged reason: 4, iterations: 1
  [a=23 b=29 nt=1178] KSP converged reason: 4, iterations: 1
  [a=23 b=29 nt=1180] KSP converged reason: 4, iterations: 1
  [a=23 b=29 nt=1178] KSP converged reason: 4, iterations: 1
  [a=23 b=29 nt=1176] KSP converged reason: 4, iterations: 1
  [a=23 b=29 nt=1180] KSP converged reason: 4, iterations: 1
  [a=23 b=29 nt=1176] KSP converged reason: 4, iterations: 1
  [a=23 b=29 nt=1180] KSP converged reason: 4, iterations: 1
  [a=23 b=29 nt=1180] KSP converged reason: 4, iterations: 1
  [2411] viol   f=   0.214  a=23.5 b=28.7 gap=22.8 (face=5.5mm) n=[356, 356, 226, 226, 1, 1, 4, 4, 2, 2]  tape=0.213km B=9.97T unif=10.389% hoop=99MPa
  [2412] viol   f=   0.214  a=23.5 b=28.7 gap=22.7 (face=5.5mm) n=[356, 356, 227, 227, 1, 1, 4, 4, 2, 2]  tape=0.214km B=9.99T unif=10.349% hoop=100MPa
  [2413] OK     f=   0.214  a=23.5 b=28.7 gap=22.8 (face=5.5mm) n=[356, 356, 227, 227, 1, 1, 4, 4, 2, 2]  tape=0.214km B=10.00T unif=9.641% hoop=99MPa
  [2414] viol   f=   0.214  a=23.5 b=28.7 gap=22.8 (face=5.5mm) n=[356, 356, 226, 226, 2, 2, 4, 4, 2, 2]  tape=0.214km B=9.98T unif=10.373% hoop=99MPa
  [2415] viol   f=   0.220  a=23.5 b=28.7 gap=22.8 (face=5.5mm) n=[355, 355, 226, 226, 1, 1, 4, 4, 2, 2]  tape=0.213km B=9.94T unif=9.862% hoop=98MPa
  [2416] viol   f=   0.214  a=23.5 b=28.7 gap=22.8 (face=5.5mm) n=[355, 355, 227, 227, 1, 1, 4, 4, 2, 2]  tape=0.213km B=9.98T unif=9.720% hoop=98MPa
  [2417] viol   f=   0.216  a=23.5 b=28.7 gap=22.8 (face=5.5mm) n=[356, 356, 227, 227, 2, 2, 3, 3, 2, 2]  tape=0.213km B=9.96T unif=10.126% hoop=99MPa
  [2418] viol   f=   0.225  a=23.5 b=28.7 gap=22.8 (face=5.5mm) n=[355, 355, 227, 227, 1, 1, 3, 3, 2, 2]  tape=0.213km B=9.92T unif=9.568% hoop=97MPa
  [2419] viol   f=   0.214  a=23.5 b=28.7 gap=22.8 (face=5.5mm) n=[356, 356, 227, 227, 1, 1, 4, 4, 2, 2]  tape=0.213km B=10.00T unif=10.501% hoop=99MPa
  [2420] viol   f=   0.216  a=23.5 b=28.7 gap=22.8 (face=5.6mm) n=[356, 356, 227, 227, 1, 1, 4, 4, 2, 2]  tape=0.214km B=9.96T unif=9.976% hoop=99MPa
  [a=23 b=29 nt=1180] KSP converged reason: 4, iterations: 1
  [a=23 b=29 nt=1180] KSP converged reason: 4, iterations: 1
  [a=23 b=29 nt=1178] KSP converged reason: 4, iterations: 1
  [a=23 b=29 nt=1178] KSP converged reason: 4, iterations: 1
  [a=23 b=29 nt=1178] KSP converged reason: 4, iterations: 1
  [a=23 b=29 nt=1176] KSP converged reason: 4, iterations: 1
  [a=23 b=29 nt=1176] KSP converged reason: 4, iterations: 1
  [a=23 b=29 nt=1180] KSP converged reason: 4, iterations: 1
  [a=23 b=29 nt=1180] KSP converged reason: 4, iterations: 1
  [a=23 b=29 nt=1178] KSP converged reason: 4, iterations: 1
  [2421] viol   f=   0.217  a=23.5 b=28.7 gap=22.8 (face=5.5mm) n=[356, 356, 227, 227, 1, 1, 3, 3, 1, 1]  tape=0.213km B=9.95T unif=10.476% hoop=99MPa
  [2422] viol   f=   0.213  a=23.5 b=28.7 gap=22.8 (face=5.5mm) n=[356, 356, 227, 227, 1, 1, 4, 4, 1, 1]  tape=0.213km B=9.99T unif=10.465% hoop=100MPa
  [2423] viol   f=   0.213  a=23.5 b=28.7 gap=22.8 (face=5.6mm) n=[356, 356, 227, 227, 1, 1, 4, 4, 1, 1]  tape=0.213km B=10.00T unif=9.814% hoop=98MPa
  [2424] viol   f=   0.214  a=23.5 b=28.7 gap=22.8 (face=5.5mm) n=[356, 356, 227, 227, 1, 1, 4, 4, 2, 2]  tape=0.214km B=9.99T unif=10.545% hoop=99MPa
  [2425] viol   f=   0.214  a=23.5 b=28.7 gap=22.7 (face=5.5mm) n=[356, 356, 227, 227, 1, 1, 4, 4, 2, 2]  tape=0.214km B=9.99T unif=10.500% hoop=99MPa
  [2426] viol   f=   0.219  a=23.5 b=28.7 gap=22.7 (face=5.5mm) n=[355, 355, 227, 227, 1, 1, 4, 4, 2, 2]  tape=0.213km B=9.94T unif=9.802% hoop=97MPa
  [2427] viol   f=   0.213  a=23.5 b=28.7 gap=22.7 (face=5.5mm) n=[356, 356, 226, 226, 1, 1, 3, 3, 2, 2]  tape=0.213km B=9.99T unif=9.630% hoop=98MPa
  [2428] viol   f=   0.216  a=23.5 b=28.7 gap=22.8 (face=5.5mm) n=[356, 356, 227, 227, 2, 2, 4, 4, 1, 1]  tape=0.214km B=9.96T unif=10.760% hoop=98MPa
  [2429] viol   f=   0.214  a=23.5 b=28.7 gap=22.8 (face=5.5mm) n=[356, 356, 227, 227, 1, 1, 4, 4, 2, 2]  tape=0.213km B=9.99T unif=10.705% hoop=98MPa
  [2430] viol   f=   0.217  a=23.5 b=28.7 gap=22.8 (face=5.5mm) n=[356, 356, 226, 226, 1, 1, 4, 4, 2, 2]  tape=0.213km B=9.96T unif=10.160% hoop=99MPa
  [a=23 b=29 nt=1178] KSP converged reason: 4, iterations: 1
  [a=23 b=29 nt=1180] KSP converged reason: 4, iterations: 1
  [a=23 b=29 nt=1180] KSP converged reason: 4, iterations: 1
  [a=23 b=29 nt=1178] KSP converged reason: 4, iterations: 1
  [a=23 b=29 nt=1176] KSP converged reason: 4, iterations: 1
  [a=23 b=29 nt=1178] KSP converged reason: 4, iterations: 1
  [a=23 b=29 nt=1180] KSP converged reason: 4, iterations: 1
  [a=23 b=29 nt=1180] KSP converged reason: 4, iterations: 1
  [a=23 b=29 nt=1176] KSP converged reason: 4, iterations: 1
  [a=23 b=29 nt=1178] KSP converged reason: 4, iterations: 1
  [2431] OK     f=   0.213  a=23.5 b=28.7 gap=22.8 (face=5.5mm) n=[356, 356, 227, 227, 1, 1, 4, 4, 1, 1]  tape=0.213km B=10.00T unif=10.676% hoop=98MPa
  [2432] viol   f=   0.217  a=23.5 b=28.7 gap=22.7 (face=5.5mm) n=[356, 356, 226, 226, 1, 1, 3, 3, 2, 2]  tape=0.213km B=9.95T unif=10.006% hoop=99MPa
  [2433] OK     f=   0.214  a=23.5 b=28.7 gap=22.8 (face=5.5mm) n=[356, 356, 227, 227, 2, 2, 4, 4, 1, 1]  tape=0.214km B=10.01T unif=10.782% hoop=98MPa
  [2434] OK     f=   0.214  a=23.5 b=28.7 gap=22.8 (face=5.5mm) n=[356, 356, 227, 227, 1, 1, 4, 4, 2, 2]  tape=0.214km B=10.00T unif=9.772% hoop=98MPa
  [2435] OK     f=   0.213  a=23.5 b=28.7 gap=22.8 (face=5.6mm) n=[356, 356, 227, 227, 1, 1, 4, 4, 1, 1]  tape=0.213km B=10.00T unif=10.026% hoop=98MPa
  [2436] viol   f=   0.214  a=23.5 b=28.7 gap=22.7 (face=5.5mm) n=[356, 356, 226, 226, 1, 1, 4, 4, 2, 2]  tape=0.213km B=9.98T unif=10.407% hoop=99MPa
  [2437] viol   f=   0.214  a=23.5 b=28.7 gap=22.8 (face=5.5mm) n=[356, 356, 227, 227, 2, 2, 4, 4, 1, 1]  tape=0.214km B=9.99T unif=10.251% hoop=98MPa
  [2438] viol   f=   0.215  a=23.5 b=28.7 gap=22.8 (face=5.5mm) n=[356, 356, 227, 227, 2, 2, 4, 4, 1, 1]  tape=0.214km B=9.98T unif=9.987% hoop=100MPa
  [2439] viol   f=   0.218  a=23.5 b=28.7 gap=22.7 (face=5.5mm) n=[356, 356, 226, 226, 1, 1, 3, 3, 2, 2]  tape=0.213km B=9.95T unif=9.971% hoop=99MPa
  [2440] viol   f=   0.219  a=23.5 b=28.7 gap=22.7 (face=5.5mm) n=[356, 356, 226, 226, 1, 1, 4, 4, 2, 2]  tape=0.213km B=9.95T unif=10.445% hoop=99MPa
  [a=23 b=29 nt=1180] KSP converged reason: 4, iterations: 1
  [a=23 b=29 nt=1178] KSP converged reason: 4, iterations: 1
  [a=23 b=29 nt=1176] KSP converged reason: 4, iterations: 1
  [a=23 b=29 nt=1180] KSP converged reason: 4, iterations: 1
  [a=23 b=29 nt=1180] KSP converged reason: 4, iterations: 1
  [a=23 b=29 nt=1178] KSP converged reason: 4, iterations: 1
  [a=23 b=29 nt=1178] KSP converged reason: 4, iterations: 1
  [a=23 b=29 nt=1180] KSP converged reason: 4, iterations: 1
  [a=23 b=29 nt=1180] KSP converged reason: 4, iterations: 1
  [a=23 b=29 nt=1180] KSP converged reason: 4, iterations: 1
  [2441] OK     f=   0.214  a=23.5 b=28.7 gap=22.8 (face=5.6mm) n=[356, 356, 227, 227, 2, 2, 4, 4, 1, 1]  tape=0.214km B=10.01T unif=10.735% hoop=99MPa
  [2442] OK     f=   0.214  a=23.5 b=28.7 gap=22.8 (face=5.5mm) n=[356, 356, 227, 227, 1, 1, 4, 4, 2, 2]  tape=0.214km B=10.02T unif=9.576% hoop=100MPa
  [2443] viol   f=   0.216  a=23.5 b=28.7 gap=22.8 (face=5.6mm) n=[356, 356, 227, 227, 1, 1, 4, 4, 1, 1]  tape=0.213km B=9.97T unif=10.166% hoop=98MPa
  [2444] viol   f=   0.220  a=23.5 b=28.7 gap=22.8 (face=5.6mm) n=[355, 355, 227, 227, 1, 1, 4, 4, 1, 1]  tape=0.213km B=9.94T unif=9.826% hoop=97MPa
  [2445] viol   f=   0.214  a=23.5 b=28.7 gap=22.8 (face=5.5mm) n=[356, 356, 227, 227, 1, 1, 4, 4, 1, 1]  tape=0.213km B=9.97T unif=10.244% hoop=98MPa
  [2446] viol   f=   0.214  a=23.5 b=28.7 gap=22.8 (face=5.5mm) n=[356, 356, 227, 227, 1, 1, 4, 4, 2, 2]  tape=0.214km B=9.99T unif=10.467% hoop=100MPa
  [2447] viol   f=   0.214  a=23.5 b=28.7 gap=22.8 (face=5.5mm) n=[356, 356, 227, 227, 1, 1, 4, 4, 2, 2]  tape=0.214km B=9.98T unif=10.385% hoop=100MPa
  [2448] viol   f=   0.217  a=23.5 b=28.7 gap=22.8 (face=5.6mm) n=[356, 356, 227, 227, 1, 1, 4, 4, 1, 1]  tape=0.213km B=9.96T unif=10.171% hoop=99MPa
  [2449] viol   f=   0.214  a=23.5 b=28.7 gap=22.8 (face=5.5mm) n=[356, 356, 227, 227, 1, 1, 4, 4, 2, 2]  tape=0.214km B=9.98T unif=10.316% hoop=98MPa
  [2450] OK     f=   0.214  a=23.5 b=28.7 gap=22.8 (face=5.5mm) n=[356, 356, 227, 227, 2, 2, 4, 4, 1, 1]  tape=0.214km B=10.01T unif=10.707% hoop=99MPa
  [a=23 b=29 nt=1180] KSP converged reason: 4, iterations: 1
  [a=23 b=29 nt=1180] KSP converged reason: 4, iterations: 1
  [a=23 b=29 nt=1178] KSP converged reason: 4, iterations: 1
  [a=23 b=29 nt=1178] KSP converged reason: 4, iterations: 1
  [a=23 b=29 nt=1178] KSP converged reason: 4, iterations: 1
  [a=24 b=29 nt=1180] KSP converged reason: 4, iterations: 1
  [a=23 b=29 nt=1178] KSP converged reason: 4, iterations: 1
  [a=23 b=29 nt=1180] KSP converged reason: 4, iterations: 1
  [a=23 b=29 nt=1178] KSP converged reason: 4, iterations: 1
  [a=23 b=29 nt=1178] KSP converged reason: 4, iterations: 1
  [2451] viol   f=   0.214  a=23.5 b=28.7 gap=22.8 (face=5.5mm) n=[356, 356, 227, 227, 2, 2, 4, 4, 1, 1]  tape=0.214km B=10.00T unif=10.686% hoop=99MPa
  [2452] viol   f=   0.214  a=23.5 b=28.7 gap=22.8 (face=5.5mm) n=[356, 356, 227, 227, 1, 1, 4, 4, 1, 1]  tape=0.213km B=9.98T unif=10.436% hoop=99MPa
  [2453] viol   f=   0.214  a=23.5 b=28.7 gap=22.8 (face=5.5mm) n=[356, 356, 227, 227, 1, 1, 4, 4, 2, 2]  tape=0.214km B=10.00T unif=9.724% hoop=99MPa
  [2454] viol   f=   0.214  a=23.5 b=28.7 gap=22.8 (face=5.6mm) n=[356, 356, 227, 227, 1, 1, 4, 4, 2, 2]  tape=0.214km B=9.99T unif=10.462% hoop=99MPa
  [2455] OK     f=   0.213  a=23.5 b=28.7 gap=22.8 (face=5.5mm) n=[356, 356, 227, 227, 1, 1, 4, 4, 1, 1]  tape=0.213km B=10.00T unif=10.694% hoop=98MPa
  [2456] viol   f=   0.214  a=23.5 b=28.7 gap=22.8 (face=5.5mm) n=[356, 356, 227, 227, 1, 1, 4, 4, 1, 1]  tape=0.213km B=9.97T unif=10.628% hoop=289MPa
  [2457] viol   f=   0.214  a=23.5 b=28.7 gap=22.8 (face=5.5mm) n=[356, 356, 227, 227, 1, 1, 4, 4, 1, 1]  tape=0.213km B=9.98T unif=10.438% hoop=99MPa
  [2458] OK     f=   0.214  a=23.5 b=28.7 gap=22.8 (face=5.5mm) n=[356, 356, 227, 227, 1, 1, 4, 4, 2, 2]  tape=0.214km B=10.01T unif=10.762% hoop=98MPa
  [2459] viol   f=   0.213  a=23.5 b=28.7 gap=22.8 (face=5.5mm) n=[355, 355, 227, 227, 1, 1, 4, 4, 2, 2]  tape=0.213km B=9.99T unif=9.750% hoop=98MPa
  [2460] viol   f=   0.214  a=23.5 b=28.7 gap=22.8 (face=5.6mm) n=[356, 356, 227, 227, 1, 1, 4, 4, 1, 1]  tape=0.213km B=9.98T unif=10.200% hoop=98MPa
  [a=23 b=29 nt=1180] KSP converged reason: 4, iterations: 1
  [a=23 b=29 nt=1180] KSP converged reason: 4, iterations: 1
  [a=23 b=29 nt=1178] KSP converged reason: 4, iterations: 1
  [a=23 b=29 nt=1178] KSP converged reason: 4, iterations: 1
  [a=23 b=29 nt=1178] KSP converged reason: 4, iterations: 1
  [a=23 b=29 nt=1176] KSP converged reason: 4, iterations: 1
  [a=23 b=29 nt=1178] KSP converged reason: 4, iterations: 1
  [a=23 b=29 nt=1180] KSP converged reason: 4, iterations: 1
  [a=23 b=29 nt=1182] KSP converged reason: 4, iterations: 1
  [a=23 b=29 nt=1180] KSP converged reason: 4, iterations: 1
  [2461] viol   f=   0.222  a=23.5 b=28.7 gap=22.8 (face=5.5mm) n=[355, 355, 227, 227, 1, 1, 4, 4, 2, 2]  tape=0.213km B=9.93T unif=9.544% hoop=97MPa
  [2462] viol   f=   0.213  a=23.5 b=28.7 gap=22.8 (face=5.5mm) n=[356, 356, 227, 227, 1, 1, 3, 3, 1, 1]  tape=0.213km B=10.00T unif=9.703% hoop=98MPa
  [2463] viol   f=   0.216  a=23.5 b=28.7 gap=22.8 (face=5.5mm) n=[356, 356, 227, 227, 1, 1, 4, 4, 2, 2]  tape=0.213km B=9.96T unif=10.066% hoop=99MPa
  [2464] viol   f=   0.218  a=23.5 b=28.7 gap=22.8 (face=5.5mm) n=[355, 355, 227, 227, 1, 1, 4, 4, 2, 2]  tape=0.213km B=9.95T unif=9.699% hoop=98MPa
  [2465] viol   f=   0.214  a=23.5 b=28.7 gap=22.8 (face=5.5mm) n=[356, 356, 227, 227, 1, 1, 4, 4, 2, 2]  tape=0.214km B=9.99T unif=10.479% hoop=100MPa
  [2466] viol   f=   0.213  a=23.5 b=28.7 gap=22.8 (face=5.5mm) n=[356, 356, 227, 227, 1, 1, 4, 4, 1, 1]  tape=0.213km B=9.99T unif=10.659% hoop=99MPa
  [2467] viol   f=   0.213  a=23.5 b=28.7 gap=22.8 (face=5.5mm) n=[356, 356, 227, 227, 1, 1, 4, 4, 1, 1]  tape=0.213km B=9.99T unif=10.730% hoop=98MPa
  [2468] OK     f=   0.213  a=23.5 b=28.7 gap=22.8 (face=5.6mm) n=[356, 356, 227, 227, 1, 1, 4, 4, 2, 2]  tape=0.213km B=10.01T unif=10.415% hoop=98MPa
  [2469] OK     f=   0.214  a=23.5 b=28.7 gap=22.8 (face=5.5mm) n=[356, 356, 227, 227, 2, 2, 4, 4, 2, 2]  tape=0.214km B=10.00T unif=10.759% hoop=98MPa
  [2470] viol   f=   0.215  a=23.5 b=28.7 gap=22.8 (face=5.5mm) n=[356, 356, 227, 227, 1, 1, 4, 4, 2, 2]  tape=0.214km B=9.97T unif=10.016% hoop=99MPa
  [a=23 b=29 nt=1178] KSP converged reason: 4, iterations: 1
  [a=23 b=29 nt=1178] KSP converged reason: 4, iterations: 1
  [a=24 b=29 nt=1180] KSP converged reason: 4, iterations: 1
  [a=23 b=29 nt=1180] KSP converged reason: 4, iterations: 1
  [a=23 b=29 nt=1178] KSP converged reason: 4, iterations: 1
  [a=23 b=29 nt=1178] KSP converged reason: 4, iterations: 1
  [a=23 b=29 nt=1178] KSP converged reason: 4, iterations: 1
  [a=23 b=29 nt=1180] KSP converged reason: 4, iterations: 1
  [a=23 b=29 nt=1182] KSP converged reason: 4, iterations: 1
  [a=23 b=29 nt=1178] KSP converged reason: 4, iterations: 1
  [2471] OK     f=   0.213  a=23.5 b=28.7 gap=22.8 (face=5.5mm) n=[356, 356, 227, 227, 1, 1, 4, 4, 1, 1]  tape=0.213km B=10.01T unif=9.750% hoop=98MPa
  [2472] viol   f=   0.214  a=23.5 b=28.7 gap=22.8 (face=5.5mm) n=[356, 356, 227, 227, 1, 1, 4, 4, 1, 1]  tape=0.213km B=9.98T unif=10.708% hoop=98MPa
  [2473] viol   f=   0.214  a=23.5 b=28.7 gap=22.8 (face=5.5mm) n=[356, 356, 227, 227, 1, 1, 4, 4, 2, 2]  tape=0.214km B=10.00T unif=10.461% hoop=100MPa
  [2474] viol   f=   0.214  a=23.5 b=28.7 gap=22.8 (face=5.6mm) n=[356, 356, 227, 227, 2, 2, 4, 4, 1, 1]  tape=0.214km B=9.99T unif=10.222% hoop=98MPa
  [2475] viol   f=   0.213  a=23.5 b=28.7 gap=22.8 (face=5.5mm) n=[356, 356, 227, 227, 1, 1, 4, 4, 1, 1]  tape=0.213km B=9.99T unif=10.753% hoop=98MPa
  [2476] viol   f=   0.216  a=23.5 b=28.7 gap=22.8 (face=5.5mm) n=[356, 356, 227, 227, 1, 1, 4, 4, 1, 1]  tape=0.213km B=9.96T unif=9.968% hoop=99MPa
  [2477] viol   f=   0.214  a=23.5 b=28.7 gap=22.8 (face=5.5mm) n=[356, 356, 227, 227, 1, 1, 4, 4, 1, 1]  tape=0.213km B=9.98T unif=10.717% hoop=98MPa
  [2478] viol   f=   0.215  a=23.5 b=28.7 gap=22.8 (face=5.5mm) n=[356, 356, 227, 227, 1, 1, 4, 4, 2, 2]  tape=0.214km B=9.98T unif=10.026% hoop=99MPa
  [2479] viol   f=   0.214  a=23.5 b=28.7 gap=22.8 (face=5.5mm) n=[356, 356, 227, 227, 2, 2, 4, 4, 2, 2]  tape=0.214km B=9.99T unif=9.944% hoop=100MPa
  [2480] viol   f=   0.214  a=23.5 b=28.7 gap=22.8 (face=5.5mm) n=[356, 356, 227, 227, 1, 1, 4, 4, 1, 1]  tape=0.213km B=9.98T unif=10.801% hoop=99MPa
  [a=23 b=29 nt=1180] KSP converged reason: 4, iterations: 1
  [a=23 b=29 nt=1180] KSP converged reason: 4, iterations: 1
  [a=23 b=29 nt=1178] KSP converged reason: 4, iterations: 1
  [a=23 b=29 nt=1178] KSP converged reason: 4, iterations: 1
  [a=23 b=29 nt=1178] KSP converged reason: 4, iterations: 1
  [a=23 b=29 nt=1178] KSP converged reason: 4, iterations: 1
  [a=23 b=29 nt=1180] KSP converged reason: 4, iterations: 1
  [a=23 b=29 nt=1178] KSP converged reason: 4, iterations: 1
  [a=23 b=29 nt=1176] KSP converged reason: 4, iterations: 1
  [a=23 b=29 nt=1176] KSP converged reason: 4, iterations: 1
  [2481] viol   f=   0.213  a=23.5 b=28.7 gap=22.8 (face=5.5mm) n=[356, 356, 227, 227, 1, 1, 4, 4, 1, 1]  tape=0.213km B=9.99T unif=10.762% hoop=99MPa
  [2482] viol   f=   0.215  a=23.5 b=28.7 gap=22.8 (face=5.6mm) n=[356, 356, 227, 227, 1, 1, 4, 4, 1, 1]  tape=0.213km B=9.97T unif=10.317% hoop=97MPa
  [2483] viol   f=   0.213  a=23.5 b=28.7 gap=22.8 (face=5.5mm) n=[356, 356, 227, 227, 1, 1, 4, 4, 1, 1]  tape=0.213km B=9.99T unif=10.668% hoop=99MPa
  [2484] OK     f=   0.213  a=23.5 b=28.7 gap=22.8 (face=5.5mm) n=[356, 356, 227, 227, 1, 1, 4, 4, 1, 1]  tape=0.213km B=10.01T unif=9.767% hoop=99MPa
  [2485] viol   f=   0.214  a=23.5 b=28.7 gap=22.8 (face=5.5mm) n=[356, 356, 227, 227, 1, 1, 4, 4, 2, 2]  tape=0.214km B=9.99T unif=10.779% hoop=98MPa
  [2486] viol   f=   0.214  a=23.5 b=28.7 gap=22.8 (face=5.6mm) n=[356, 356, 227, 227, 1, 1, 4, 4, 2, 2]  tape=0.214km B=10.00T unif=10.512% hoop=99MPa
  [2487] OK     f=   0.214  a=23.5 b=28.7 gap=22.8 (face=5.5mm) n=[356, 356, 227, 227, 1, 1, 4, 4, 2, 2]  tape=0.214km B=10.01T unif=10.716% hoop=98MPa
  [2488] viol   f=   0.214  a=23.5 b=28.7 gap=22.8 (face=5.5mm) n=[356, 356, 227, 227, 1, 1, 4, 4, 1, 1]  tape=0.213km B=9.98T unif=10.369% hoop=99MPa
  [2489] viol   f=   0.213  a=23.5 b=28.7 gap=22.8 (face=5.5mm) n=[356, 356, 227, 227, 1, 1, 3, 3, 1, 1]  tape=0.213km B=9.99T unif=10.672% hoop=98MPa
  [2490] viol   f=   0.213  a=23.5 b=28.7 gap=22.8 (face=5.5mm) n=[356, 356, 227, 227, 1, 1, 3, 3, 1, 1]  tape=0.213km B=9.99T unif=10.614% hoop=98MPa
  [a=23 b=29 nt=1178] KSP converged reason: 4, iterations: 1
  [a=23 b=29 nt=1176] KSP converged reason: 4, iterations: 1
  [a=23 b=29 nt=1176] KSP converged reason: 4, iterations: 1
  [a=23 b=29 nt=1176] KSP converged reason: 4, iterations: 1
  [a=24 b=29 nt=1176] KSP converged reason: 4, iterations: 1
  [a=23 b=29 nt=1176] KSP converged reason: 4, iterations: 1
  [a=23 b=29 nt=1176] KSP converged reason: 4, iterations: 1
  [a=23 b=29 nt=1174] KSP converged reason: 4, iterations: 1
  [a=23 b=29 nt=1176] KSP converged reason: 4, iterations: 1
  [a=23 b=29 nt=1178] KSP converged reason: 4, iterations: 1
  [2491] OK     f=   0.213  a=23.5 b=28.7 gap=22.8 (face=5.5mm) n=[356, 356, 227, 227, 1, 1, 3, 3, 2, 2]  tape=0.213km B=10.02T unif=9.592% hoop=100MPa
  [2492] viol   f=   0.213  a=23.5 b=28.7 gap=22.8 (face=5.5mm) n=[356, 356, 227, 227, 1, 1, 3, 3, 1, 1]  tape=0.213km B=9.99T unif=10.706% hoop=98MPa
  [2493] viol   f=   0.214  a=23.5 b=28.7 gap=22.8 (face=5.5mm) n=[356, 356, 227, 227, 1, 1, 3, 3, 1, 1]  tape=0.213km B=9.97T unif=10.699% hoop=98MPa
  [2494] viol   f=   0.213  a=23.5 b=28.7 gap=22.8 (face=5.5mm) n=[356, 356, 227, 227, 1, 1, 3, 3, 1, 1]  tape=0.213km B=10.00T unif=10.700% hoop=98MPa
  [2495] viol   f=   0.214  a=23.5 b=28.7 gap=22.8 (face=5.5mm) n=[356, 356, 227, 227, 1, 1, 3, 3, 1, 1]  tape=0.213km B=9.98T unif=10.669% hoop=98MPa
  [2496] OK     f=   0.213  a=23.5 b=28.7 gap=22.8 (face=5.5mm) n=[356, 356, 227, 227, 1, 1, 3, 3, 1, 1]  tape=0.213km B=10.00T unif=9.811% hoop=99MPa
  [2497] viol   f=   0.213  a=23.5 b=28.7 gap=22.8 (face=5.5mm) n=[356, 356, 227, 227, 1, 1, 3, 3, 1, 1]  tape=0.213km B=9.99T unif=10.653% hoop=98MPa
  [2498] viol   f=   0.218  a=23.5 b=28.7 gap=22.8 (face=5.5mm) n=[356, 356, 226, 226, 1, 1, 3, 3, 1, 1]  tape=0.212km B=9.95T unif=10.399% hoop=99MPa
  [2499] viol   f=   0.215  a=23.5 b=28.7 gap=22.8 (face=5.5mm) n=[356, 356, 227, 227, 1, 1, 3, 3, 1, 1]  tape=0.213km B=9.97T unif=10.239% hoop=98MPa
  [2500] viol   f=   0.213  a=23.5 b=28.7 gap=22.8 (face=5.5mm) n=[356, 356, 227, 227, 1, 1, 4, 4, 1, 1]  tape=0.213km B=9.99T unif=10.630% hoop=99MPa
  [a=23 b=29 nt=1176] KSP converged reason: 4, iterations: 1
  [a=23 b=29 nt=1178] KSP converged reason: 4, iterations: 1
  [a=23 b=29 nt=1176] KSP converged reason: 4, iterations: 1
  [a=24 b=29 nt=1174] KSP converged reason: 4, iterations: 1
  [a=23 b=29 nt=1176] KSP converged reason: 4, iterations: 1
  [a=23 b=29 nt=1176] KSP converged reason: 4, iterations: 1
  [a=23 b=29 nt=1176] KSP converged reason: 4, iterations: 1
  [a=23 b=29 nt=1176] KSP converged reason: 4, iterations: 1
  [a=23 b=29 nt=1178] KSP converged reason: 4, iterations: 1
  [a=23 b=29 nt=1176] KSP converged reason: 4, iterations: 1
  [2501] viol   f=   0.213  a=23.5 b=28.7 gap=22.8 (face=5.5mm) n=[356, 356, 227, 227, 1, 1, 3, 3, 1, 1]  tape=0.213km B=9.99T unif=10.710% hoop=98MPa
  [2502] viol   f=   0.215  a=23.5 b=28.7 gap=22.8 (face=5.5mm) n=[356, 356, 227, 227, 1, 1, 3, 3, 1, 1]  tape=0.213km B=9.96T unif=10.135% hoop=98MPa
  [2503] viol   f=   0.214  a=23.5 b=28.7 gap=22.8 (face=5.5mm) n=[356, 356, 227, 227, 1, 1, 3, 3, 1, 1]  tape=0.213km B=9.97T unif=10.155% hoop=98MPa
  [2504] viol   f=   0.214  a=23.5 b=28.7 gap=22.8 (face=5.5mm) n=[356, 356, 227, 227, 1, 1, 4, 4, 1, 1]  tape=0.213km B=9.98T unif=10.754% hoop=98MPa
  [2505] viol   f=   0.213  a=23.5 b=28.7 gap=22.8 (face=5.5mm) n=[356, 356, 227, 227, 1, 1, 3, 3, 1, 1]  tape=0.213km B=9.98T unif=10.464% hoop=99MPa
  [2506] viol   f=   0.216  a=23.5 b=28.7 gap=22.8 (face=5.5mm) n=[356, 356, 226, 226, 1, 1, 3, 3, 1, 1]  tape=0.212km B=9.96T unif=10.335% hoop=99MPa
  [2507] viol   f=   0.213  a=23.5 b=28.7 gap=22.8 (face=5.5mm) n=[356, 356, 227, 227, 1, 1, 3, 3, 1, 1]  tape=0.213km B=9.98T unif=10.208% hoop=98MPa
  [2508] viol   f=   0.217  a=23.5 b=28.7 gap=22.8 (face=5.5mm) n=[356, 356, 227, 227, 1, 1, 3, 3, 1, 1]  tape=0.213km B=9.95T unif=10.673% hoop=98MPa
  [2509] viol   f=   0.215  a=23.5 b=28.7 gap=22.8 (face=5.5mm) n=[356, 356, 227, 227, 2, 2, 3, 3, 1, 1]  tape=0.213km B=9.97T unif=9.996% hoop=99MPa
  [2510] viol   f=   0.213  a=23.5 b=28.7 gap=22.8 (face=5.6mm) n=[356, 356, 227, 227, 1, 1, 3, 3, 1, 1]  tape=0.213km B=10.00T unif=10.828% hoop=99MPa

==========================================================================================
CMA-ES finished: 2510 evaluations in 70.1 min
==========================================================================================

Best feasible design found:
  a_mm             23.473294312262613
  b_mm             28.64801876514855
  gap_mm           22.775243065694507
  face_gap_mm      5.550486131389011
  n_turns          [356, 356, 226, 226, 1, 1, 3, 3, 1, 1]
  n_total          1174
  tape_km          0.2121289324801637
  B_target_T       10.00099111054901
  uniformity_pct   10.114871132646778
  hoop_MPa         99.22592512444547
  delam_MPa        7.288269065091904
  I_quench_A       407.46504608764525
  I_op_A           224.1281881670216
  binding          quench/SF
  clip_frac        0.047244094488188976

Full evaluation history -> /home/gerrityjack/fenicsx/Racetrack-Coil-Optimization/optimize/day_search_phaseA_n10_history.csv
Best design            -> /home/gerrityjack/fenicsx/Racetrack-Coil-Optimization/optimize/day_search_phaseA_n10_results.csv
This run's 2510 rows are in the cumulative master log -> optimize/cmaes_all_evaluations.csv (flushed incrementally every 20 evals during the run, not just now at the end)

Figures -> /home/gerrityjack/fenicsx/Racetrack-Coil-Optimization/visualization/cmaes_convergence.png, cmaes_constraints.png, cmaes_variables.png, cmaes_overview.png
Cumulative parameter-space map -> visualization/cmaes_param_map.png (94759 evaluations, 128 runs)
