=== dt025_tr015 ===
config: i_op=196.0 t_ramp=600.0 t_hold=0.0 n_ramp=24 n_hold=0 max_outer=150 min_outer=3 stall_tol=0.05 t_relax=0.15 spike_check=False
building mesh ...
/home/gerrityjack/fenicsx/Racetrack-Coil-Optimization/physics/ic_model.py:381: UserWarning: Using column '𝘯-value' as n-value column.
  warnings.warn(f"Using column '{candidates[0]}' as n-value column.")
schedule:
  t=25.0s  I=8.17A  dt=25.0s
  t=50.0s  I=16.33A  dt=25.0s
  t=75.0s  I=24.50A  dt=25.0s
  t=100.0s  I=32.67A  dt=25.0s
  t=125.0s  I=40.83A  dt=25.0s
  t=150.0s  I=49.00A  dt=25.0s
  t=175.0s  I=57.17A  dt=25.0s
  t=200.0s  I=65.33A  dt=25.0s
  t=225.0s  I=73.50A  dt=25.0s
  t=250.0s  I=81.67A  dt=25.0s
  t=275.0s  I=89.83A  dt=25.0s
  t=300.0s  I=98.00A  dt=25.0s
  t=325.0s  I=106.17A  dt=25.0s
  t=350.0s  I=114.33A  dt=25.0s
  t=375.0s  I=122.50A  dt=25.0s
  t=400.0s  I=130.67A  dt=25.0s
  t=425.0s  I=138.83A  dt=25.0s
  t=450.0s  I=147.00A  dt=25.0s
  t=475.0s  I=155.17A  dt=25.0s
  t=500.0s  I=163.33A  dt=25.0s
  t=525.0s  I=171.50A  dt=25.0s
  t=550.0s  I=179.67A  dt=25.0s
  t=575.0s  I=187.83A  dt=25.0s
  t=600.0s  I=196.00A  dt=25.0s
  step 1/24  t=   25.0 s  I=   8.17 A  dt=  25.0 s
      [newton-bootstrap] ramp-up done -> alpha=0.15
      [newton-bootstrap] CAP  in 30 iters, SCIF=+266.40 mT
    [bootstrap] 30 Picard iterations (converged=False -- either is fine, this only needs to seed Newton's initial guess)
      [debug layer 0] Jc range (this layer's cells): [1.0734e+11,4.9290e+11]  n range: [16.913,27.680]  any Jc<=0: False  any nonfinite Jc: False  any nonfinite n: False
      [debug layer 0] SNES reason=3  its=15  T finite: True
      [debug layer 1] Jc range (this layer's cells): [1.2034e+11,4.9403e+11]  n range: [18.103,27.763]  any Jc<=0: False  any nonfinite Jc: False  any nonfinite n: False
      [debug layer 1] SNES reason=3  its=20  T finite: True
      [debug layer 2] Jc range (this layer's cells): [1.1992e+11,4.9337e+11]  n range: [15.724,27.759]  any Jc<=0: False  any nonfinite Jc: False  any nonfinite n: False
      [debug layer 2] SNES reason=3  its=17  T finite: True
      [debug layer 3] Jc range (this layer's cells): [1.0100e+11,4.9388e+11]  n range: [16.583,27.839]  any Jc<=0: False  any nonfinite Jc: False  any nonfinite n: False
      [debug layer 3] SNES reason=3  its=22  T finite: True
      [debug layer 4] Jc range (this layer's cells): [1.7533e+11,4.9246e+11]  n range: [15.488,27.546]  any Jc<=0: False  any nonfinite Jc: False  any nonfinite n: False
      [debug layer 4] SNES reason=3  its=16  T finite: True
      [debug layer 5] Jc range (this layer's cells): [2.3965e+11,4.9333e+11]  n range: [18.639,27.727]  any Jc<=0: False  any nonfinite Jc: False  any nonfinite n: False
      [debug layer 5] SNES reason=3  its=14  T finite: True
    [newton k=  1] SCIF=  +339.08 mT  layer_snes_iters=[15, 20, 17, 22, 16, 14]  clip_frac_max=0.006
    [newton k=  2] SCIF=  +327.07 mT  layer_snes_iters=[14, 18, 16, 22, 13, 13]  clip_frac_max=0.005
    [newton k=  3] SCIF=  +325.69 mT  layer_snes_iters=[15, 18, 17, 20, 13, 13]  clip_frac_max=0.004
    [newton k=  4] SCIF=  +311.87 mT  layer_snes_iters=[18, 13, 15, 21, 12, 17]  clip_frac_max=0.004
    [newton k=  5] SCIF=  +283.12 mT  layer_snes_iters=[18, 16, 13, 15, 16, 16]  clip_frac_max=0.000
    [newton k=  6] SCIF=  +258.86 mT  layer_snes_iters=[13, 15, 13, 15, 14, 12]  clip_frac_max=0.000
    [newton k=  7] SCIF=  +220.70 mT  layer_snes_iters=[14, 13, 14, 18, 12, 12]  clip_frac_max=0.000
    [newton k=  8] SCIF=  +218.95 mT  layer_snes_iters=[15, 15, 15, 23, 12, 13]  clip_frac_max=0.000
    [newton k=  9] SCIF=  +184.26 mT  layer_snes_iters=[13, 22, 12, 15, 14, 14]  clip_frac_max=0.000
    [newton k= 10] SCIF=  +169.67 mT  layer_snes_iters=[19, 13, 13, 12, 13, 11]  clip_frac_max=0.000
    [newton k= 11] SCIF=  +152.47 mT  layer_snes_iters=[17, 16, 13, 15, 12, 12]  clip_frac_max=0.000
    [newton k= 12] SCIF=  +143.55 mT  layer_snes_iters=[15, 16, 16, 13, 11, 11]  clip_frac_max=0.000
    [newton k= 13] SCIF=  +125.50 mT  layer_snes_iters=[16, 15, 13, 13, 13, 13]  clip_frac_max=0.000
    [newton k= 14] SCIF=  +122.65 mT  layer_snes_iters=[13, 12, 11, 17, 14, 11]  clip_frac_max=0.000
    [newton k= 15] SCIF=  +107.64 mT  layer_snes_iters=[13, 13, 12, 11, 12, 11]  clip_frac_max=0.000
    [newton k= 16] SCIF=  +105.31 mT  layer_snes_iters=[14, 11, 17, 13, 11, 9]  clip_frac_max=0.000
    [newton k= 17] SCIF=   +88.81 mT  layer_snes_iters=[12, 12, 11, 12, 10, 12]  clip_frac_max=0.000
    [newton k= 18] SCIF=   +84.61 mT  layer_snes_iters=[12, 14, 12, 11, 13, 10]  clip_frac_max=0.000
    [newton k= 19] SCIF=   +80.18 mT  layer_snes_iters=[11, 11, 13, 10, 11, 10]  clip_frac_max=0.000
    [newton k= 20] SCIF=   +69.49 mT  layer_snes_iters=[10, 16, 10, 11, 11, 9]  clip_frac_max=0.000
    [newton k= 21] SCIF=   +75.46 mT  layer_snes_iters=[11, 10, 15, 12, 9, 11]  clip_frac_max=0.000
    [newton k= 22] SCIF=   +54.13 mT  layer_snes_iters=[12, 13, 11, 10, 13, 10]  clip_frac_max=0.000
    [newton k= 23] SCIF=   +41.75 mT  layer_snes_iters=[11, 13, 11, 10, 10, 10]  clip_frac_max=0.000
    [newton k= 24] SCIF=   +42.24 mT  layer_snes_iters=[10, 12, 12, 11, 10, 8]  clip_frac_max=0.000
    [newton k= 25] SCIF=   +51.94 mT  layer_snes_iters=[10, 15, 10, 10, 8, 10]  clip_frac_max=0.000
    [newton k= 26] SCIF=   +63.71 mT  layer_snes_iters=[12, 14, 12, 9, 11, 10]  clip_frac_max=0.000
    [newton k= 27] SCIF=   +70.95 mT  layer_snes_iters=[12, 12, 9, 10, 9, 8]  clip_frac_max=0.000
    [newton k= 28] SCIF=   +55.99 mT  layer_snes_iters=[14, 11, 10, 10, 9, 7]  clip_frac_max=0.000
    [newton k= 29] SCIF=   +60.00 mT  layer_snes_iters=[11, 14, 9, 13, 7, 9]  clip_frac_max=0.000
    [newton k= 30] SCIF=   +37.41 mT  layer_snes_iters=[10, 12, 9, 13, 11, 8]  clip_frac_max=0.000
    [newton k= 31] SCIF=   +51.10 mT  layer_snes_iters=[9, 11, 9, 14, 9, 7]  clip_frac_max=0.000
    [newton k= 32] SCIF=   +40.07 mT  layer_snes_iters=[8, 8, 10, 9, 7, 6]  clip_frac_max=0.000
    [newton k= 33] SCIF=   +39.67 mT  layer_snes_iters=[8, 8, 10, 9, 6, 6]  clip_frac_max=0.000
    [newton k= 34] SCIF=   +31.40 mT  layer_snes_iters=[9, 10, 7, 9, 8, 7]  clip_frac_max=0.000
    [newton k= 35] SCIF=   +48.84 mT  layer_snes_iters=[8, 8, 8, 6, 7, 7]  clip_frac_max=0.000
    [newton k= 36] SCIF=   +52.07 mT  layer_snes_iters=[6, 10, 8, 7, 7, 5]  clip_frac_max=0.000
    [newton k= 37] SCIF=   +63.73 mT  layer_snes_iters=[11, 8, 8, 7, 5, 6]  clip_frac_max=0.000
    [newton k= 38] SCIF=   +40.71 mT  layer_snes_iters=[8, 6, 11, 7, 5, 5]  clip_frac_max=0.000
    [newton k= 39] SCIF=   +33.40 mT  layer_snes_iters=[6, 10, 14, 5, 5, 5]  clip_frac_max=0.000
    [newton k= 40] SCIF=   +22.04 mT  layer_snes_iters=[11, 5, 12, 7, 5, 5]  clip_frac_max=0.000
    [newton k= 41] SCIF=   +38.07 mT  layer_snes_iters=[6, 7, 13, 12, 5, 4]  clip_frac_max=0.000
    [newton k= 42] SCIF=   +32.95 mT  layer_snes_iters=[6, 12, 15, 14, 4, 4]  clip_frac_max=0.000
    [newton k= 43] SCIF=   +46.16 mT  layer_snes_iters=[6, 6, 8, 12, 4, 4]  clip_frac_max=0.000
    [newton k= 44] SCIF=   +28.33 mT  layer_snes_iters=[10, 11, 6, 13, 4, 4]  clip_frac_max=0.000
    [newton k= 45] SCIF=   +39.20 mT  layer_snes_iters=[6, 8, 12, 11, 4, 3]  clip_frac_max=0.000
    [newton k= 46] SCIF=   +29.32 mT  layer_snes_iters=[6, 5, 7, 14, 3, 3]  clip_frac_max=0.000
    [newton k= 47] SCIF=   +47.24 mT  layer_snes_iters=[8, 6, 16, 12, 3, 3]  clip_frac_max=0.000
    [newton k= 48] SCIF=   +47.73 mT  layer_snes_iters=[5, 14, 5, 11, 3, 3]  clip_frac_max=0.000
    [newton k= 49] SCIF=   +42.22 mT  layer_snes_iters=[5, 11, 5, 4, 3, 3]  clip_frac_max=0.000
    [newton k= 50] SCIF=   +47.66 mT  layer_snes_iters=[14, 12, 8, 4, 3, 3]  clip_frac_max=0.000
    [newton k= 51] SCIF=   +29.26 mT  layer_snes_iters=[13, 5, 11, 4, 3, 3]  clip_frac_max=0.000
    [newton k= 52] SCIF=   +21.04 mT  layer_snes_iters=[14, 13, 5, 4, 3, 3]  clip_frac_max=0.000
    [newton k= 53] SCIF=   +10.01 mT  layer_snes_iters=[11, 6, 14, 4, 3, 3]  clip_frac_max=0.000
    [newton k= 54] SCIF=   +24.38 mT  layer_snes_iters=[13, 4, 5, 4, 3, 3]  clip_frac_max=0.000
    [newton k= 55] SCIF=   +21.45 mT  layer_snes_iters=[12, 5, 5, 4, 3, 3]  clip_frac_max=0.000
    [newton k= 56] SCIF=   +35.20 mT  layer_snes_iters=[13, 11, 5, 4, 3, 3]  clip_frac_max=0.000
    [newton k= 57] SCIF=   +35.71 mT  layer_snes_iters=[13, 5, 5, 4, 3, 3]  clip_frac_max=0.000
    [newton k= 58] SCIF=   +42.15 mT  layer_snes_iters=[11, 14, 5, 4, 3, 3]  clip_frac_max=0.000
    [newton k= 59] SCIF=   +32.65 mT  layer_snes_iters=[14, 6, 5, 4, 2, 2]  clip_frac_max=0.000
    [newton k= 60] SCIF=   +35.84 mT  layer_snes_iters=[11, 4, 5, 4, 2, 2]  clip_frac_max=0.000
    [newton k= 61] SCIF=   +28.92 mT  layer_snes_iters=[4, 5, 5, 4, 2, 2]  clip_frac_max=0.000
    [newton k= 62] SCIF=   +32.98 mT  layer_snes_iters=[3, 5, 5, 3, 2, 2]  clip_frac_max=0.000
    [newton k= 63] SCIF=   +26.12 mT  layer_snes_iters=[4, 5, 4, 4, 2, 2]  clip_frac_max=0.000
    [newton k= 64] SCIF=   +35.79 mT  layer_snes_iters=[4, 12, 6, 3, 2, 2]  clip_frac_max=0.000
    [newton k= 65] SCIF=   +31.72 mT  layer_snes_iters=[4, 4, 4, 5, 2, 2]  clip_frac_max=0.000
    [newton k= 66] SCIF=   +43.77 mT  layer_snes_iters=[4, 4, 5, 3, 2, 2]  clip_frac_max=0.000
    [newton k= 67] SCIF=   +36.90 mT  layer_snes_iters=[4, 14, 4, 3, 2, 2]  clip_frac_max=0.000
    [newton k= 68] SCIF=   +46.98 mT  layer_snes_iters=[4, 11, 5, 6, 2, 2]  clip_frac_max=0.000
    [newton k= 69] SCIF=   +41.61 mT  layer_snes_iters=[5, 4, 4, 4, 2, 2]  clip_frac_max=0.000
    [newton k= 70] SCIF=   +45.96 mT  layer_snes_iters=[4, 14, 6, 3, 2, 2]  clip_frac_max=0.000
    [newton k= 71] SCIF=   +33.16 mT  layer_snes_iters=[4, 7, 4, 5, 2, 2]  clip_frac_max=0.000
    [newton k= 72] SCIF=   +38.77 mT  layer_snes_iters=[4, 3, 5, 3, 2, 2]  clip_frac_max=0.000
    [newton k= 73] SCIF=   +30.26 mT  layer_snes_iters=[5, 5, 4, 4, 2, 2]  clip_frac_max=0.000
    [newton k= 74] SCIF=   +36.15 mT  layer_snes_iters=[7, 4, 7, 5, 2, 2]  clip_frac_max=0.000
    [newton k= 75] SCIF=   +28.65 mT  layer_snes_iters=[4, 4, 4, 4, 2, 2]  clip_frac_max=0.000
    [newton k= 76] SCIF=   +33.73 mT  layer_snes_iters=[4, 4, 6, 4, 2, 2]  clip_frac_max=0.000
    [newton k= 77] SCIF=   +23.67 mT  layer_snes_iters=[10, 5, 4, 5, 2, 2]  clip_frac_max=0.000
    [newton k= 78] SCIF=   +29.33 mT  layer_snes_iters=[12, 4, 7, 3, 2, 2]  clip_frac_max=0.000
    [newton k= 79] SCIF=   +21.09 mT  layer_snes_iters=[16, 4, 4, 5, 2, 2]  clip_frac_max=0.000
    [newton k= 80] SCIF=   +29.59 mT  layer_snes_iters=[8, 4, 6, 3, 2, 2]  clip_frac_max=0.000
    [newton k= 81] SCIF=   +21.67 mT  layer_snes_iters=[14, 4, 4, 6, 2, 2]  clip_frac_max=0.000
    [newton k= 82] SCIF=   +31.75 mT  layer_snes_iters=[12, 4, 7, 3, 2, 2]  clip_frac_max=0.000
    [newton k= 83] SCIF=   +26.89 mT  layer_snes_iters=[4, 4, 4, 4, 2, 2]  clip_frac_max=0.000
    [newton k= 84] SCIF=   +36.38 mT  layer_snes_iters=[14, 4, 7, 6, 2, 2]  clip_frac_max=0.000
    [newton k= 85] SCIF=   +30.32 mT  layer_snes_iters=[15, 5, 4, 4, 2, 2]  clip_frac_max=0.000
    [newton k= 86] SCIF=   +38.53 mT  layer_snes_iters=[4, 4, 7, 6, 2, 2]  clip_frac_max=0.000
    [newton k= 87] SCIF=   +32.10 mT  layer_snes_iters=[9, 5, 4, 4, 2, 2]  clip_frac_max=0.000
    [newton k= 88] SCIF=   +39.55 mT  layer_snes_iters=[7, 4, 8, 6, 2, 2]  clip_frac_max=0.000
    [newton k= 89] SCIF=   +33.53 mT  layer_snes_iters=[4, 6, 4, 4, 2, 2]  clip_frac_max=0.000
    [newton k= 90] SCIF=   +40.91 mT  layer_snes_iters=[7, 4, 8, 6, 2, 2]  clip_frac_max=0.000
    [newton k= 91] SCIF=   +32.68 mT  layer_snes_iters=[12, 6, 4, 5, 2, 2]  clip_frac_max=0.000
    [newton k= 92] SCIF=   +39.05 mT  layer_snes_iters=[15, 4, 7, 4, 2, 2]  clip_frac_max=0.000
    [newton k= 93] SCIF=   +28.97 mT  layer_snes_iters=[11, 7, 4, 6, 2, 2]  clip_frac_max=0.000
    [newton k= 94] SCIF=   +33.73 mT  layer_snes_iters=[4, 4, 9, 3, 2, 2]  clip_frac_max=0.000
    [newton k= 95] SCIF=   +25.22 mT  layer_snes_iters=[7, 6, 4, 6, 2, 2]  clip_frac_max=0.000
    [newton k= 96] SCIF=   +30.78 mT  layer_snes_iters=[5, 4, 8, 3, 2, 2]  clip_frac_max=0.000
    [newton k= 97] SCIF=   +22.96 mT  layer_snes_iters=[7, 7, 4, 6, 2, 2]  clip_frac_max=0.000
    [newton k= 98] SCIF=   +29.52 mT  layer_snes_iters=[4, 4, 9, 4, 2, 2]  clip_frac_max=0.000
    [newton k= 99] SCIF=   +22.68 mT  layer_snes_iters=[6, 8, 4, 6, 2, 2]  clip_frac_max=0.000
    [newton k=100] SCIF=   +28.16 mT  layer_snes_iters=[7, 4, 9, 3, 2, 2]  clip_frac_max=0.000
    [newton k=101] SCIF=   +19.57 mT  layer_snes_iters=[13, 8, 4, 7, 2, 2]  clip_frac_max=0.000
    [newton k=102] SCIF=   +27.63 mT  layer_snes_iters=[4, 4, 9, 3, 2, 2]  clip_frac_max=0.000
    [newton k=103] SCIF=   +21.39 mT  layer_snes_iters=[6, 7, 4, 6, 2, 2]  clip_frac_max=0.000
    [newton k=104] SCIF=   +27.91 mT  layer_snes_iters=[8, 4, 9, 4, 2, 2]  clip_frac_max=0.000
    [newton k=105] SCIF=   +20.64 mT  layer_snes_iters=[5, 9, 4, 7, 2, 2]  clip_frac_max=0.000
    [newton k=106] SCIF=   +27.41 mT  layer_snes_iters=[10, 4, 10, 3, 2, 2]  clip_frac_max=0.000
    [newton k=107] SCIF=   +20.63 mT  layer_snes_iters=[4, 9, 4, 7, 2, 2]  clip_frac_max=0.000
    [newton k=108] SCIF=   +32.31 mT  layer_snes_iters=[10, 4, 9, 8, 2, 2]  clip_frac_max=0.000
    [newton k=109] SCIF=   +29.33 mT  layer_snes_iters=[7, 9, 5, 4, 2, 2]  clip_frac_max=0.000
    [newton k=110] SCIF=   +39.19 mT  layer_snes_iters=[4, 4, 8, 11, 2, 2]  clip_frac_max=0.000
    [newton k=111] SCIF=   +33.12 mT  layer_snes_iters=[12, 10, 4, 4, 2, 2]  clip_frac_max=0.000
    [newton k=112] SCIF=   +40.70 mT  layer_snes_iters=[3, 4, 11, 11, 2, 2]  clip_frac_max=0.000
    [newton k=113] SCIF=   +34.76 mT  layer_snes_iters=[6, 9, 4, 4, 2, 2]  clip_frac_max=0.000
    [newton k=114] SCIF=   +42.92 mT  layer_snes_iters=[10, 4, 10, 11, 2, 2]  clip_frac_max=0.000
    [newton k=115] SCIF=   +36.66 mT  layer_snes_iters=[4, 10, 4, 4, 2, 2]  clip_frac_max=0.000
    [newton k=116] SCIF=   +43.72 mT  layer_snes_iters=[12, 4, 11, 11, 2, 2]  clip_frac_max=0.000
    [newton k=117] SCIF=   +36.98 mT  layer_snes_iters=[10, 11, 4, 4, 1, 1]  clip_frac_max=0.000
    [newton k=118] SCIF=   +43.41 mT  layer_snes_iters=[3, 4, 11, 11, 1, 1]  clip_frac_max=0.000
    [newton k=119] SCIF=   +35.27 mT  layer_snes_iters=[12, 11, 4, 5, 1, 1]  clip_frac_max=0.000
    [newton k=120] SCIF=   +42.65 mT  layer_snes_iters=[3, 3, 11, 10, 1, 1]  clip_frac_max=0.000
    [newton k=121] SCIF=   +31.43 mT  layer_snes_iters=[12, 11, 4, 12, 1, 1]  clip_frac_max=0.000
    [newton k=122] SCIF=   +38.10 mT  layer_snes_iters=[3, 3, 10, 3, 1, 1]  clip_frac_max=0.000
    [newton k=123] SCIF=   +29.70 mT  layer_snes_iters=[13, 12, 4, 7, 1, 1]  clip_frac_max=0.000
    [newton k=124] SCIF=   +38.64 mT  layer_snes_iters=[4, 3, 12, 12, 1, 1]  clip_frac_max=0.000
    [newton k=125] SCIF=   +28.86 mT  layer_snes_iters=[8, 13, 3, 13, 1, 1]  clip_frac_max=0.000
    [newton k=126] SCIF=   +37.41 mT  layer_snes_iters=[8, 3, 12, 12, 1, 1]  clip_frac_max=0.000
    [newton k=127] SCIF=   +28.20 mT  layer_snes_iters=[7, 5, 4, 12, 1, 1]  clip_frac_max=0.000
    [newton k=128] SCIF=   +31.68 mT  layer_snes_iters=[8, 7, 12, 3, 1, 1]  clip_frac_max=0.000
    [newton k=129] SCIF=   +20.34 mT  layer_snes_iters=[10, 5, 4, 9, 1, 1]  clip_frac_max=0.000
    [newton k=130] SCIF=   +24.55 mT  layer_snes_iters=[3, 8, 12, 3, 1, 1]  clip_frac_max=0.000
    [newton k=131] SCIF=   +17.12 mT  layer_snes_iters=[15, 7, 8, 9, 1, 1]  clip_frac_max=0.000
    [newton k=132] SCIF=   +28.37 mT  layer_snes_iters=[3, 7, 6, 6, 1, 1]  clip_frac_max=0.000
    [newton k=133] SCIF=   +25.71 mT  layer_snes_iters=[12, 8, 12, 7, 1, 1]  clip_frac_max=0.000
    [newton k=134] SCIF=   +36.60 mT  layer_snes_iters=[3, 8, 3, 13, 1, 1]  clip_frac_max=0.000
    [newton k=135] SCIF=   +33.23 mT  layer_snes_iters=[15, 8, 12, 5, 1, 1]  clip_frac_max=0.000
    [newton k=136] SCIF=   +43.62 mT  layer_snes_iters=[6, 8, 5, 14, 1, 1]  clip_frac_max=0.000
    [newton k=137] SCIF=   +36.99 mT  layer_snes_iters=[9, 6, 7, 5, 1, 1]  clip_frac_max=0.000
    [newton k=138] SCIF=   +44.23 mT  layer_snes_iters=[8, 8, 9, 14, 1, 1]  clip_frac_max=0.000
    [newton k=139] SCIF=   +36.00 mT  layer_snes_iters=[11, 8, 6, 5, 1, 1]  clip_frac_max=0.000
    [newton k=140] SCIF=   +42.19 mT  layer_snes_iters=[4, 8, 11, 14, 1, 1]  clip_frac_max=0.000
    [newton k=141] SCIF=   +32.40 mT  layer_snes_iters=[16, 9, 4, 5, 1, 1]  clip_frac_max=0.000
    [newton k=142] SCIF=   +37.91 mT  layer_snes_iters=[8, 8, 14, 14, 1, 1]  clip_frac_max=0.000
    [newton k=143] SCIF=   +30.25 mT  layer_snes_iters=[10, 9, 9, 5, 1, 1]  clip_frac_max=0.000
    [newton k=144] SCIF=   +37.30 mT  layer_snes_iters=[9, 8, 12, 14, 1, 1]  clip_frac_max=0.000
    [newton k=145] SCIF=   +30.32 mT  layer_snes_iters=[10, 10, 12, 6, 1, 1]  clip_frac_max=0.000
    [newton k=146] SCIF=   +39.12 mT  layer_snes_iters=[7, 8, 8, 13, 1, 1]  clip_frac_max=0.000
    [newton k=147] SCIF=   +32.89 mT  layer_snes_iters=[14, 9, 12, 7, 1, 1]  clip_frac_max=0.000
    [newton k=148] SCIF=   +42.02 mT  layer_snes_iters=[3, 8, 4, 11, 1, 1]  clip_frac_max=0.000
    [newton k=149] SCIF=   +35.62 mT  layer_snes_iters=[13, 11, 11, 8, 1, 1]  clip_frac_max=0.000
    [newton k=150] SCIF=   +43.67 mT  layer_snes_iters=[3, 8, 4, 10, 1, 1]  clip_frac_max=0.000
    [newton] step done: stop_reason=max_outer  n_outer=150  SCIF=+43.67 mT
  step 1/24 SUMMARY: converged=False  stop_reason=max_outer  SCIF=+43.67 mT
  step 2/24  t=   50.0 s  I=  16.33 A  dt=  25.0 s
      [debug layer 0] Jc range (this layer's cells): [3.2825e+11,4.9403e+11]  n range: [21.462,27.813]  any Jc<=0: False  any nonfinite Jc: False  any nonfinite n: False
      [debug layer 0] SNES reason=3  its=1  T finite: True
      [debug layer 1] Jc range (this layer's cells): [3.4656e+11,4.9366e+11]  n range: [21.692,27.751]  any Jc<=0: False  any nonfinite Jc: False  any nonfinite n: False
      [debug layer 1] SNES reason=3  its=1  T finite: True
      [debug layer 2] Jc range (this layer's cells): [3.2781e+11,4.9347e+11]  n range: [21.186,27.733]  any Jc<=0: False  any nonfinite Jc: False  any nonfinite n: False
      [debug layer 2] SNES reason=3  its=1  T finite: True
      [debug layer 3] Jc range (this layer's cells): [3.2655e+11,4.9003e+11]  n range: [21.177,27.179]  any Jc<=0: False  any nonfinite Jc: False  any nonfinite n: False
      [debug layer 3] SNES reason=3  its=1  T finite: True
      [debug layer 4] Jc range (this layer's cells): [4.8035e+11,4.9113e+11]  n range: [26.588,27.527]  any Jc<=0: False  any nonfinite Jc: False  any nonfinite n: False
      [debug layer 4] SNES reason=3  its=1  T finite: True
      [debug layer 5] Jc range (this layer's cells): [4.8227e+11,4.9247e+11]  n range: [26.772,27.658]  any Jc<=0: False  any nonfinite Jc: False  any nonfinite n: False
      [debug layer 5] SNES reason=3  its=1  T finite: True
    [newton k=  1] SCIF=  +475.11 mT  layer_snes_iters=[1, 1, 1, 1, 1, 1]  clip_frac_max=0.000
    [newton k=  2] SCIF=  +472.97 mT  layer_snes_iters=[15, 12, 16, 1, 1, 1]  clip_frac_max=0.000
    [newton k=  3] SCIF=  +447.21 mT  layer_snes_iters=[7, 8, 3, 4, 1, 1]  clip_frac_max=0.000
    [newton k=  4] SCIF=  +436.60 mT  layer_snes_iters=[4, 3, 6, 2, 1, 1]  clip_frac_max=0.000
    [newton k=  5] SCIF=  +408.80 mT  layer_snes_iters=[15, 7, 3, 13, 1, 1]  clip_frac_max=0.000
    [newton k=  6] SCIF=  +398.97 mT  layer_snes_iters=[8, 2, 2, 13, 1, 1]  clip_frac_max=0.000
    [newton k=  7] SCIF=  +370.33 mT  layer_snes_iters=[3, 9, 4, 13, 1, 1]  clip_frac_max=0.000
    [newton k=  8] SCIF=  +364.26 mT  layer_snes_iters=[16, 9, 4, 13, 1, 1]  clip_frac_max=0.000
    [newton k=  9] SCIF=  +340.18 mT  layer_snes_iters=[5, 3, 3, 14, 1, 1]  clip_frac_max=0.000
    [newton k= 10] SCIF=  +330.78 mT  layer_snes_iters=[3, 3, 2, 10, 1, 1]  clip_frac_max=0.000
    [newton k= 11] SCIF=  +306.87 mT  layer_snes_iters=[8, 7, 8, 2, 1, 1]  clip_frac_max=0.000
    [newton k= 12] SCIF=  +273.44 mT  layer_snes_iters=[12, 3, 10, 2, 1, 1]  clip_frac_max=0.000
    [newton k= 13] SCIF=  +234.76 mT  layer_snes_iters=[5, 8, 9, 2, 1, 1]  clip_frac_max=0.000
    [newton k= 14] SCIF=  +223.54 mT  layer_snes_iters=[9, 3, 9, 2, 1, 1]  clip_frac_max=0.000
    [newton k= 15] SCIF=  +211.11 mT  layer_snes_iters=[4, 2, 16, 4, 1, 1]  clip_frac_max=0.000
    [newton k= 16] SCIF=  +187.81 mT  layer_snes_iters=[15, 3, 10, 2, 1, 1]  clip_frac_max=0.000
    [newton k= 17] SCIF=  +175.27 mT  layer_snes_iters=[12, 2, 10, 13, 1, 1]  clip_frac_max=0.000
    [newton k= 18] SCIF=  +163.14 mT  layer_snes_iters=[14, 2, 12, 13, 1, 1]  clip_frac_max=0.000
    [newton k= 19] SCIF=  +153.81 mT  layer_snes_iters=[3, 2, 13, 12, 1, 1]  clip_frac_max=0.000
    [newton k= 20] SCIF=  +151.27 mT  layer_snes_iters=[7, 2, 13, 3, 1, 1]  clip_frac_max=0.000
    [newton k= 21] SCIF=  +145.88 mT  layer_snes_iters=[7, 2, 14, 4, 1, 1]  clip_frac_max=0.000
    [newton k= 22] SCIF=  +136.99 mT  layer_snes_iters=[3, 2, 4, 4, 1, 1]  clip_frac_max=0.000
    [newton k= 23] SCIF=  +137.46 mT  layer_snes_iters=[3, 2, 4, 2, 1, 1]  clip_frac_max=0.000
    [newton k= 24] SCIF=  +127.57 mT  layer_snes_iters=[3, 2, 5, 2, 1, 1]  clip_frac_max=0.000
    [newton k= 25] SCIF=  +126.72 mT  layer_snes_iters=[6, 2, 10, 5, 1, 1]  clip_frac_max=0.000
    [newton k= 26] SCIF=  +133.41 mT  layer_snes_iters=[10, 3, 9, 2, 1, 1]  clip_frac_max=0.000
    [newton k= 27] SCIF=  +144.66 mT  layer_snes_iters=[6, 12, 6, 7, 1, 1]  clip_frac_max=0.000
    [newton k= 28] SCIF=  +160.73 mT  layer_snes_iters=[4, 5, 7, 7, 1, 1]  clip_frac_max=0.000
    [newton k= 29] SCIF=  +139.54 mT  layer_snes_iters=[13, 2, 7, 9, 1, 1]  clip_frac_max=0.000
    [newton k= 30] SCIF=  +117.33 mT  layer_snes_iters=[7, 2, 12, 8, 1, 1]  clip_frac_max=0.000
    [newton k= 31] SCIF=   +94.34 mT  layer_snes_iters=[10, 2, 11, 3, 1, 1]  clip_frac_max=0.000
    [newton k= 32] SCIF=   +83.29 mT  layer_snes_iters=[8, 5, 11, 5, 1, 1]  clip_frac_max=0.000
    [newton k= 33] SCIF=   +76.92 mT  layer_snes_iters=[4, 2, 12, 4, 1, 1]  clip_frac_max=0.000
    [newton k= 34] SCIF=   +69.84 mT  layer_snes_iters=[3, 6, 14, 6, 1, 1]  clip_frac_max=0.000
    [newton k= 35] SCIF=   +86.68 mT  layer_snes_iters=[9, 2, 8, 12, 1, 1]  clip_frac_max=0.000
    [newton k= 36] SCIF=   +95.01 mT  layer_snes_iters=[11, 7, 13, 14, 1, 1]  clip_frac_max=0.000
    [newton k= 37] SCIF=   +99.34 mT  layer_snes_iters=[3, 2, 7, 12, 1, 1]  clip_frac_max=0.000
    [newton k= 38] SCIF=  +108.62 mT  layer_snes_iters=[14, 3, 13, 13, 1, 1]  clip_frac_max=0.000
    [newton k= 39] SCIF=   +97.83 mT  layer_snes_iters=[3, 2, 12, 3, 1, 1]  clip_frac_max=0.000
    [newton k= 40] SCIF=   +96.17 mT  layer_snes_iters=[7, 5, 15, 4, 1, 1]  clip_frac_max=0.000
    [newton k= 41] SCIF=   +88.14 mT  layer_snes_iters=[5, 2, 13, 4, 1, 1]  clip_frac_max=0.000
    [newton k= 42] SCIF=  +101.04 mT  layer_snes_iters=[3, 4, 14, 12, 1, 1]  clip_frac_max=0.000
    [newton k= 43] SCIF=  +102.54 mT  layer_snes_iters=[5, 2, 14, 10, 1, 1]  clip_frac_max=0.000
    [newton k= 44] SCIF=  +113.13 mT  layer_snes_iters=[2, 6, 13, 3, 1, 1]  clip_frac_max=0.000
    [newton k= 45] SCIF=  +114.94 mT  layer_snes_iters=[6, 6, 14, 7, 1, 1]  clip_frac_max=0.000
    [newton k= 46] SCIF=  +121.69 mT  layer_snes_iters=[2, 3, 14, 3, 1, 1]  clip_frac_max=0.000
    [newton k= 47] SCIF=  +121.24 mT  layer_snes_iters=[3, 10, 14, 8, 1, 1]  clip_frac_max=0.000
    [newton k= 48] SCIF=  +128.38 mT  layer_snes_iters=[4, 3, 13, 3, 1, 1]  clip_frac_max=0.000
    [newton k= 49] SCIF=  +126.37 mT  layer_snes_iters=[5, 12, 8, 7, 1, 1]  clip_frac_max=0.000
    [newton k= 50] SCIF=  +128.04 mT  layer_snes_iters=[3, 3, 9, 2, 1, 1]  clip_frac_max=0.000
    [newton k= 51] SCIF=  +123.22 mT  layer_snes_iters=[5, 6, 3, 6, 1, 1]  clip_frac_max=0.000
    [newton k= 52] SCIF=  +125.22 mT  layer_snes_iters=[2, 3, 13, 2, 1, 1]  clip_frac_max=0.000
    [newton k= 53] SCIF=  +115.37 mT  layer_snes_iters=[6, 4, 3, 9, 1, 1]  clip_frac_max=0.000
    [newton k= 54] SCIF=  +117.75 mT  layer_snes_iters=[2, 14, 11, 2, 1, 1]  clip_frac_max=0.000
    [newton k= 55] SCIF=  +116.86 mT  layer_snes_iters=[4, 12, 11, 6, 1, 1]  clip_frac_max=0.000
    [newton k= 56] SCIF=  +123.32 mT  layer_snes_iters=[11, 10, 3, 2, 1, 1]  clip_frac_max=0.000
    [newton k= 57] SCIF=  +121.89 mT  layer_snes_iters=[13, 13, 6, 9, 1, 1]  clip_frac_max=0.000
    [newton k= 58] SCIF=  +122.60 mT  layer_snes_iters=[13, 9, 13, 2, 1, 1]  clip_frac_max=0.000
    [newton k= 59] SCIF=  +115.41 mT  layer_snes_iters=[3, 11, 5, 6, 1, 1]  clip_frac_max=0.000
    [newton k= 60] SCIF=  +120.79 mT  layer_snes_iters=[10, 3, 3, 2, 1, 1]  clip_frac_max=0.000
    [newton k= 61] SCIF=  +107.84 mT  layer_snes_iters=[3, 5, 7, 10, 1, 1]  clip_frac_max=0.000
    [newton k= 62] SCIF=  +112.69 mT  layer_snes_iters=[2, 5, 3, 2, 1, 1]  clip_frac_max=0.000
    [newton k= 63] SCIF=  +100.73 mT  layer_snes_iters=[3, 16, 6, 9, 1, 1]  clip_frac_max=0.000
    [newton k= 64] SCIF=  +108.06 mT  layer_snes_iters=[7, 9, 4, 2, 1, 1]  clip_frac_max=0.000
    [newton k= 65] SCIF=   +97.90 mT  layer_snes_iters=[5, 10, 4, 10, 1, 1]  clip_frac_max=0.000
    [newton k= 66] SCIF=  +102.30 mT  layer_snes_iters=[5, 3, 5, 2, 1, 1]  clip_frac_max=0.000
    [newton k= 67] SCIF=   +95.73 mT  layer_snes_iters=[4, 13, 7, 8, 1, 1]  clip_frac_max=0.000
    [newton k= 68] SCIF=   +99.77 mT  layer_snes_iters=[7, 3, 3, 2, 1, 1]  clip_frac_max=0.000
    [newton k= 69] SCIF=   +88.87 mT  layer_snes_iters=[3, 8, 7, 10, 1, 1]  clip_frac_max=0.000
    [newton k= 70] SCIF=   +95.99 mT  layer_snes_iters=[8, 3, 3, 2, 1, 1]  clip_frac_max=0.000
    [newton k= 71] SCIF=   +86.98 mT  layer_snes_iters=[3, 10, 8, 10, 1, 1]  clip_frac_max=0.000
    [newton k= 72] SCIF=   +94.12 mT  layer_snes_iters=[8, 3, 3, 2, 1, 1]  clip_frac_max=0.000
    [newton k= 73] SCIF=   +82.62 mT  layer_snes_iters=[3, 6, 7, 10, 1, 1]  clip_frac_max=0.000
    [newton k= 74] SCIF=   +88.73 mT  layer_snes_iters=[9, 4, 4, 2, 1, 1]  clip_frac_max=0.000
    [newton k= 75] SCIF=   +79.11 mT  layer_snes_iters=[3, 10, 5, 10, 1, 1]  clip_frac_max=0.000
    [newton k= 76] SCIF=   +84.45 mT  layer_snes_iters=[8, 3, 5, 2, 1, 1]  clip_frac_max=0.000
    [newton k= 77] SCIF=   +79.19 mT  layer_snes_iters=[4, 6, 9, 10, 1, 1]  clip_frac_max=0.000
    [newton k= 78] SCIF=   +85.70 mT  layer_snes_iters=[7, 5, 3, 2, 1, 1]  clip_frac_max=0.000
    [newton k= 79] SCIF=   +76.39 mT  layer_snes_iters=[4, 4, 8, 10, 1, 1]  clip_frac_max=0.000
    [newton k= 80] SCIF=   +84.49 mT  layer_snes_iters=[8, 6, 4, 2, 1, 1]  clip_frac_max=0.000
    [newton k= 81] SCIF=   +74.88 mT  layer_snes_iters=[3, 3, 9, 11, 1, 1]  clip_frac_max=0.000
    [newton k= 82] SCIF=   +82.05 mT  layer_snes_iters=[9, 5, 4, 2, 1, 1]  clip_frac_max=0.000
    [newton k= 83] SCIF=   +72.31 mT  layer_snes_iters=[3, 4, 7, 11, 1, 1]  clip_frac_max=0.000
    [newton k= 84] SCIF=   +78.19 mT  layer_snes_iters=[10, 6, 6, 2, 1, 1]  clip_frac_max=0.000
    [newton k= 85] SCIF=   +71.60 mT  layer_snes_iters=[3, 3, 8, 11, 1, 1]  clip_frac_max=0.000
    [newton k= 86] SCIF=   +81.30 mT  layer_snes_iters=[15, 6, 3, 2, 1, 1]  clip_frac_max=0.000
    [newton k= 87] SCIF=   +74.24 mT  layer_snes_iters=[15, 3, 9, 11, 1, 1]  clip_frac_max=0.000
    [newton k= 88] SCIF=   +80.88 mT  layer_snes_iters=[10, 6, 6, 2, 1, 1]  clip_frac_max=0.000
    [newton k= 89] SCIF=   +76.25 mT  layer_snes_iters=[7, 3, 8, 11, 1, 1]  clip_frac_max=0.000
    [newton k= 90] SCIF=   +86.08 mT  layer_snes_iters=[11, 7, 4, 3, 1, 1]  clip_frac_max=0.000
    [newton k= 91] SCIF=   +79.28 mT  layer_snes_iters=[3, 8, 8, 10, 1, 1]  clip_frac_max=0.000
    [newton k= 92] SCIF=   +88.28 mT  layer_snes_iters=[14, 3, 5, 2, 1, 1]  clip_frac_max=0.000
    [newton k= 93] SCIF=   +83.85 mT  layer_snes_iters=[4, 9, 9, 11, 1, 1]  clip_frac_max=0.000
    [newton k= 94] SCIF=   +93.63 mT  layer_snes_iters=[12, 5, 3, 3, 1, 1]  clip_frac_max=0.000
    [newton k= 95] SCIF=   +86.09 mT  layer_snes_iters=[4, 6, 9, 10, 1, 1]  clip_frac_max=0.000
    [newton] step done: stop_reason=stall  n_outer=95  SCIF=+86.09 mT
  step 2/24 SUMMARY: converged=True  stop_reason=stall  SCIF=+86.09 mT
  step 3/24  t=   75.0 s  I=  24.50 A  dt=  25.0 s
      [debug layer 0] Jc range (this layer's cells): [2.6064e+11,4.9278e+11]  n range: [20.550,27.585]  any Jc<=0: False  any nonfinite Jc: False  any nonfinite n: False
      [debug layer 0] SNES reason=3  its=1  T finite: True
      [debug layer 1] Jc range (this layer's cells): [3.3456e+11,4.9214e+11]  n range: [20.785,27.489]  any Jc<=0: False  any nonfinite Jc: False  any nonfinite n: False
      [debug layer 1] SNES reason=3  its=1  T finite: True
      [debug layer 2] Jc range (this layer's cells): [3.1781e+11,4.9216e+11]  n range: [21.087,27.477]  any Jc<=0: False  any nonfinite Jc: False  any nonfinite n: False
      [debug layer 2] SNES reason=3  its=1  T finite: True
      [debug layer 3] Jc range (this layer's cells): [2.6594e+11,4.8782e+11]  n range: [20.178,27.108]  any Jc<=0: False  any nonfinite Jc: False  any nonfinite n: False
      [debug layer 3] SNES reason=3  its=1  T finite: True
      [debug layer 4] Jc range (this layer's cells): [4.4197e+11,4.7831e+11]  n range: [24.090,26.350]  any Jc<=0: False  any nonfinite Jc: False  any nonfinite n: False
      [debug layer 4] SNES reason=3  its=1  T finite: True
      [debug layer 5] Jc range (this layer's cells): [4.5054e+11,4.7709e+11]  n range: [24.494,26.330]  any Jc<=0: False  any nonfinite Jc: False  any nonfinite n: False
      [debug layer 5] SNES reason=3  its=1  T finite: True
    [newton k=  1] SCIF=  +455.09 mT  layer_snes_iters=[1, 1, 1, 1, 1, 1]  clip_frac_max=0.000
    [newton k=  2] SCIF=  +510.66 mT  layer_snes_iters=[8, 1, 1, 11, 1, 1]  clip_frac_max=0.000
    [newton k=  3] SCIF=  +457.88 mT  layer_snes_iters=[5, 2, 3, 6, 1, 1]  clip_frac_max=0.000
    [newton k=  4] SCIF=  +454.45 mT  layer_snes_iters=[6, 8, 9, 3, 1, 1]  clip_frac_max=0.000
    [newton k=  5] SCIF=  +359.67 mT  layer_snes_iters=[3, 2, 4, 2, 1, 1]  clip_frac_max=0.000
    [newton k=  6] SCIF=  +358.81 mT  layer_snes_iters=[3, 6, 13, 2, 1, 1]  clip_frac_max=0.000
    [newton k=  7] SCIF=  +285.29 mT  layer_snes_iters=[3, 2, 6, 3, 1, 1]  clip_frac_max=0.000
    [newton k=  8] SCIF=  +305.03 mT  layer_snes_iters=[3, 5, 13, 3, 1, 1]  clip_frac_max=0.000
    [newton k=  9] SCIF=  +243.23 mT  layer_snes_iters=[3, 2, 3, 2, 1, 1]  clip_frac_max=0.000
    [newton k= 10] SCIF=  +249.31 mT  layer_snes_iters=[3, 5, 14, 8, 1, 1]  clip_frac_max=0.000
    [newton k= 11] SCIF=  +184.29 mT  layer_snes_iters=[16, 2, 4, 2, 1, 1]  clip_frac_max=0.000
    [newton k= 12] SCIF=  +207.60 mT  layer_snes_iters=[3, 4, 13, 10, 1, 1]  clip_frac_max=0.000
    [newton k= 13] SCIF=  +144.54 mT  layer_snes_iters=[12, 2, 3, 9, 1, 1]  clip_frac_max=0.000
    [newton k= 14] SCIF=  +169.18 mT  layer_snes_iters=[14, 6, 13, 10, 1, 1]  clip_frac_max=0.000
    [newton k= 15] SCIF=  +108.15 mT  layer_snes_iters=[9, 2, 3, 5, 1, 1]  clip_frac_max=0.000
    [newton k= 16] SCIF=  +132.44 mT  layer_snes_iters=[3, 5, 13, 12, 1, 1]  clip_frac_max=0.000
    [newton k= 17] SCIF=   +76.56 mT  layer_snes_iters=[3, 2, 4, 2, 1, 1]  clip_frac_max=0.000
    [newton k= 18] SCIF=  +101.45 mT  layer_snes_iters=[9, 5, 13, 14, 1, 1]  clip_frac_max=0.000
    [newton k= 19] SCIF=   +55.26 mT  layer_snes_iters=[11, 2, 4, 2, 1, 1]  clip_frac_max=0.000
    [newton k= 20] SCIF=   +86.93 mT  layer_snes_iters=[3, 4, 14, 11, 1, 1]  clip_frac_max=0.000
    [newton k= 21] SCIF=   +44.13 mT  layer_snes_iters=[11, 2, 3, 5, 1, 1]  clip_frac_max=0.000
    [newton k= 22] SCIF=   +82.51 mT  layer_snes_iters=[6, 6, 12, 14, 1, 1]  clip_frac_max=0.000
    [newton k= 23] SCIF=   +40.01 mT  layer_snes_iters=[3, 2, 4, 2, 1, 1]  clip_frac_max=0.000
    [newton k= 24] SCIF=   +61.03 mT  layer_snes_iters=[14, 6, 7, 11, 1, 1]  clip_frac_max=0.000
    [newton k= 25] SCIF=   +48.75 mT  layer_snes_iters=[3, 2, 13, 15, 1, 1]  clip_frac_max=0.000
    [newton k= 26] SCIF=   +86.93 mT  layer_snes_iters=[13, 4, 9, 2, 1, 1]  clip_frac_max=0.000
    [newton k= 27] SCIF=   +63.79 mT  layer_snes_iters=[9, 2, 14, 9, 1, 1]  clip_frac_max=0.000
    [newton k= 28] SCIF=   +98.95 mT  layer_snes_iters=[4, 4, 3, 12, 1, 1]  clip_frac_max=0.000
    [newton k= 29] SCIF=   +84.15 mT  layer_snes_iters=[11, 2, 12, 2, 1, 1]  clip_frac_max=0.000
    [newton k= 30] SCIF=  +106.21 mT  layer_snes_iters=[5, 4, 3, 2, 1, 1]  clip_frac_max=0.000
    [newton k= 31] SCIF=   +81.71 mT  layer_snes_iters=[14, 2, 3, 3, 1, 1]  clip_frac_max=0.000
    [newton k= 32] SCIF=  +102.74 mT  layer_snes_iters=[10, 5, 13, 9, 1, 1]  clip_frac_max=0.000
    [newton k= 33] SCIF=   +68.13 mT  layer_snes_iters=[12, 2, 3, 10, 1, 1]  clip_frac_max=0.000
    [newton k= 34] SCIF=   +93.91 mT  layer_snes_iters=[5, 5, 14, 10, 1, 1]  clip_frac_max=0.000
    [newton k= 35] SCIF=   +69.08 mT  layer_snes_iters=[13, 2, 16, 6, 1, 1]  clip_frac_max=0.000
    [newton k= 36] SCIF=   +91.08 mT  layer_snes_iters=[3, 5, 3, 10, 1, 1]  clip_frac_max=0.000
    [newton k= 37] SCIF=   +70.21 mT  layer_snes_iters=[11, 2, 12, 5, 1, 1]  clip_frac_max=0.000
    [newton k= 38] SCIF=   +83.69 mT  layer_snes_iters=[14, 5, 13, 9, 1, 1]  clip_frac_max=0.000
    [newton k= 39] SCIF=   +68.54 mT  layer_snes_iters=[5, 2, 10, 13, 1, 1]  clip_frac_max=0.000
    [newton k= 40] SCIF=   +74.87 mT  layer_snes_iters=[3, 5, 14, 5, 1, 1]  clip_frac_max=0.000
    [newton k= 41] SCIF=   +60.91 mT  layer_snes_iters=[3, 2, 9, 3, 1, 1]  clip_frac_max=0.000
    [newton k= 42] SCIF=   +64.74 mT  layer_snes_iters=[14, 4, 14, 15, 1, 1]  clip_frac_max=0.000
    [newton k= 43] SCIF=   +57.58 mT  layer_snes_iters=[8, 2, 8, 6, 1, 1]  clip_frac_max=0.000
    [newton k= 44] SCIF=   +61.11 mT  layer_snes_iters=[15, 5, 3, 8, 1, 1]  clip_frac_max=0.000
    [newton k= 45] SCIF=   +53.58 mT  layer_snes_iters=[7, 2, 4, 5, 1, 1]  clip_frac_max=0.000
    [newton k= 46] SCIF=   +60.52 mT  layer_snes_iters=[9, 5, 14, 8, 1, 1]  clip_frac_max=0.000
    [newton k= 47] SCIF=   +48.97 mT  layer_snes_iters=[17, 2, 10, 12, 1, 1]  clip_frac_max=0.000
    [newton k= 48] SCIF=   +53.36 mT  layer_snes_iters=[8, 6, 14, 11, 1, 1]  clip_frac_max=0.000
    [newton k= 49] SCIF=   +36.20 mT  layer_snes_iters=[8, 2, 8, 13, 1, 1]  clip_frac_max=0.000
    [newton k= 50] SCIF=   +48.48 mT  layer_snes_iters=[6, 7, 15, 13, 1, 1]  clip_frac_max=0.000
    [newton k= 51] SCIF=   +31.78 mT  layer_snes_iters=[10, 2, 4, 6, 1, 1]  clip_frac_max=0.000
    [newton k= 52] SCIF=   +46.47 mT  layer_snes_iters=[11, 7, 3, 6, 1, 1]  clip_frac_max=0.000
    [newton k= 53] SCIF=   +42.86 mT  layer_snes_iters=[14, 2, 15, 14, 1, 1]  clip_frac_max=0.000
    [newton k= 54] SCIF=   +64.49 mT  layer_snes_iters=[9, 7, 4, 9, 1, 1]  clip_frac_max=0.000
    [newton k= 55] SCIF=   +72.92 mT  layer_snes_iters=[12, 3, 15, 8, 1, 1]  clip_frac_max=0.000
    [newton k= 56] SCIF=   +85.30 mT  layer_snes_iters=[9, 5, 14, 15, 1, 1]  clip_frac_max=0.000
    [newton k= 57] SCIF=   +75.53 mT  layer_snes_iters=[14, 9, 3, 17, 1, 1]  clip_frac_max=0.000
    [newton k= 58] SCIF=   +81.26 mT  layer_snes_iters=[9, 3, 15, 3, 1, 1]  clip_frac_max=0.000
    [newton k= 59] SCIF=   +63.78 mT  layer_snes_iters=[3, 12, 3, 10, 1, 1]  clip_frac_max=0.000
    [newton k= 60] SCIF=   +62.97 mT  layer_snes_iters=[3, 3, 9, 14, 1, 1]  clip_frac_max=0.000
    [newton k= 61] SCIF=   +54.35 mT  layer_snes_iters=[12, 4, 3, 8, 1, 1]  clip_frac_max=0.000
    [newton k= 62] SCIF=   +69.36 mT  layer_snes_iters=[15, 5, 13, 10, 1, 1]  clip_frac_max=0.000
    [newton k= 63] SCIF=   +64.91 mT  layer_snes_iters=[12, 2, 12, 3, 1, 1]  clip_frac_max=0.000
    [newton k= 64] SCIF=   +74.70 mT  layer_snes_iters=[11, 2, 13, 11, 1, 1]  clip_frac_max=0.000
    [newton k= 65] SCIF=   +71.91 mT  layer_snes_iters=[5, 7, 10, 12, 1, 1]  clip_frac_max=0.000
    [newton k= 66] SCIF=   +71.86 mT  layer_snes_iters=[13, 3, 7, 14, 1, 1]  clip_frac_max=0.000
    [newton k= 67] SCIF=   +68.57 mT  layer_snes_iters=[11, 6, 3, 10, 1, 1]  clip_frac_max=0.000
    [newton k= 68] SCIF=   +80.39 mT  layer_snes_iters=[14, 3, 12, 12, 1, 1]  clip_frac_max=0.000
    [newton k= 69] SCIF=   +76.52 mT  layer_snes_iters=[8, 7, 14, 14, 1, 1]  clip_frac_max=0.000
    [newton k= 70] SCIF=   +83.07 mT  layer_snes_iters=[10, 3, 12, 7, 1, 1]  clip_frac_max=0.000
    [newton k= 71] SCIF=   +74.26 mT  layer_snes_iters=[11, 7, 11, 4, 1, 1]  clip_frac_max=0.000
    [newton k= 72] SCIF=   +80.79 mT  layer_snes_iters=[10, 3, 14, 6, 1, 1]  clip_frac_max=0.000
    [newton k= 73] SCIF=   +69.76 mT  layer_snes_iters=[11, 7, 8, 9, 1, 1]  clip_frac_max=0.000
    [newton k= 74] SCIF=   +65.68 mT  layer_snes_iters=[3, 3, 7, 11, 1, 1]  clip_frac_max=0.000
    [newton k= 75] SCIF=   +57.17 mT  layer_snes_iters=[3, 7, 3, 4, 1, 1]  clip_frac_max=0.000
    [newton k= 76] SCIF=   +72.30 mT  layer_snes_iters=[12, 3, 13, 10, 1, 1]  clip_frac_max=0.000
    [newton k= 77] SCIF=   +68.41 mT  layer_snes_iters=[3, 9, 12, 14, 1, 1]  clip_frac_max=0.000
    [newton k= 78] SCIF=   +75.00 mT  layer_snes_iters=[11, 3, 14, 12, 1, 1]  clip_frac_max=0.000
    [newton k= 79] SCIF=   +66.73 mT  layer_snes_iters=[3, 8, 9, 14, 1, 1]  clip_frac_max=0.000
    [newton k= 80] SCIF=   +66.72 mT  layer_snes_iters=[11, 3, 9, 7, 1, 1]  clip_frac_max=0.000
    [newton k= 81] SCIF=   +55.92 mT  layer_snes_iters=[3, 14, 3, 3, 1, 1]  clip_frac_max=0.000
    [newton k= 82] SCIF=   +50.64 mT  layer_snes_iters=[17, 11, 12, 13, 1, 1]  clip_frac_max=0.000
    [newton k= 83] SCIF=   +45.34 mT  layer_snes_iters=[10, 3, 16, 12, 1, 1]  clip_frac_max=0.000
    [newton k= 84] SCIF=   +46.76 mT  layer_snes_iters=[8, 9, 7, 11, 1, 1]  clip_frac_max=0.000
    [newton k= 85] SCIF=   +41.08 mT  layer_snes_iters=[12, 4, 10, 4, 1, 1]  clip_frac_max=0.000
    [newton k= 86] SCIF=   +47.47 mT  layer_snes_iters=[15, 6, 3, 10, 1, 1]  clip_frac_max=0.000
    [newton k= 87] SCIF=   +40.00 mT  layer_snes_iters=[15, 5, 7, 4, 1, 1]  clip_frac_max=0.000
    [newton k= 88] SCIF=   +46.82 mT  layer_snes_iters=[14, 7, 3, 7, 1, 1]  clip_frac_max=0.000
    [newton k= 89] SCIF=   +39.11 mT  layer_snes_iters=[4, 4, 7, 3, 1, 1]  clip_frac_max=0.000
    [newton k= 90] SCIF=   +44.45 mT  layer_snes_iters=[12, 9, 3, 6, 1, 1]  clip_frac_max=0.000
    [newton k= 91] SCIF=   +36.95 mT  layer_snes_iters=[6, 3, 7, 5, 1, 1]  clip_frac_max=0.000
    [newton k= 92] SCIF=   +44.05 mT  layer_snes_iters=[15, 16, 3, 9, 1, 1]  clip_frac_max=0.000
    [newton k= 93] SCIF=   +36.54 mT  layer_snes_iters=[12, 12, 5, 4, 1, 1]  clip_frac_max=0.000
    [newton k= 94] SCIF=   +46.25 mT  layer_snes_iters=[16, 3, 5, 11, 1, 1]  clip_frac_max=0.000
    [newton k= 95] SCIF=   +41.36 mT  layer_snes_iters=[5, 10, 3, 3, 1, 1]  clip_frac_max=0.000
    [newton k= 96] SCIF=   +48.82 mT  layer_snes_iters=[12, 3, 5, 11, 1, 1]  clip_frac_max=0.000
    [newton k= 97] SCIF=   +40.45 mT  layer_snes_iters=[4, 10, 3, 7, 1, 1]  clip_frac_max=0.000
    [newton k= 98] SCIF=   +47.84 mT  layer_snes_iters=[11, 3, 4, 9, 1, 1]  clip_frac_max=0.000
    [newton k= 99] SCIF=   +41.14 mT  layer_snes_iters=[9, 11, 4, 3, 1, 1]  clip_frac_max=0.000
    [newton k=100] SCIF=   +44.72 mT  layer_snes_iters=[7, 3, 15, 9, 1, 1]  clip_frac_max=0.000
    [newton k=101] SCIF=   +38.44 mT  layer_snes_iters=[6, 10, 7, 3, 1, 1]  clip_frac_max=0.000
    [newton k=102] SCIF=   +44.44 mT  layer_snes_iters=[16, 3, 8, 11, 1, 1]  clip_frac_max=0.000
    [newton k=103] SCIF=   +42.22 mT  layer_snes_iters=[15, 11, 15, 3, 1, 1]  clip_frac_max=0.000
    [newton k=104] SCIF=   +48.17 mT  layer_snes_iters=[7, 3, 6, 10, 1, 1]  clip_frac_max=0.000
    [newton k=105] SCIF=   +43.12 mT  layer_snes_iters=[9, 11, 14, 15, 1, 1]  clip_frac_max=0.000
    [newton k=106] SCIF=   +51.82 mT  layer_snes_iters=[8, 3, 14, 12, 1, 1]  clip_frac_max=0.000
    [newton k=107] SCIF=   +52.64 mT  layer_snes_iters=[6, 12, 15, 13, 1, 1]  clip_frac_max=0.000
    [newton k=108] SCIF=   +57.47 mT  layer_snes_iters=[9, 3, 13, 14, 1, 1]  clip_frac_max=0.000
    [newton k=109] SCIF=   +56.89 mT  layer_snes_iters=[16, 12, 14, 12, 1, 1]  clip_frac_max=0.000
    [newton k=110] SCIF=   +58.72 mT  layer_snes_iters=[16, 3, 14, 15, 1, 1]  clip_frac_max=0.000
    [newton k=111] SCIF=   +57.99 mT  layer_snes_iters=[12, 12, 13, 12, 1, 1]  clip_frac_max=0.000
    [newton k=112] SCIF=   +54.75 mT  layer_snes_iters=[11, 3, 11, 16, 1, 1]  clip_frac_max=0.000
    [newton k=113] SCIF=   +50.35 mT  layer_snes_iters=[14, 15, 3, 12, 1, 1]  clip_frac_max=0.000
    [newton k=114] SCIF=   +47.33 mT  layer_snes_iters=[6, 4, 12, 14, 1, 1]  clip_frac_max=0.000
    [newton k=115] SCIF=   +44.65 mT  layer_snes_iters=[10, 12, 15, 11, 1, 1]  clip_frac_max=0.000
    [newton k=116] SCIF=   +43.41 mT  layer_snes_iters=[10, 3, 16, 12, 1, 1]  clip_frac_max=0.000
    [newton k=117] SCIF=   +37.71 mT  layer_snes_iters=[12, 13, 4, 14, 1, 1]  clip_frac_max=0.000
    [newton k=118] SCIF=   +34.54 mT  layer_snes_iters=[12, 3, 14, 17, 1, 1]  clip_frac_max=0.000
    [newton k=119] SCIF=   +32.54 mT  layer_snes_iters=[9, 13, 16, 9, 1, 1]  clip_frac_max=0.000
    [newton k=120] SCIF=   +35.50 mT  layer_snes_iters=[8, 3, 7, 15, 1, 1]  clip_frac_max=0.000
    [newton k=121] SCIF=   +35.04 mT  layer_snes_iters=[11, 14, 11, 13, 1, 1]  clip_frac_max=0.000
    [newton k=122] SCIF=   +38.65 mT  layer_snes_iters=[15, 3, 4, 12, 1, 1]  clip_frac_max=0.000
    [newton k=123] SCIF=   +37.58 mT  layer_snes_iters=[8, 14, 10, 18, 1, 1]  clip_frac_max=0.000
    [newton k=124] SCIF=   +38.55 mT  layer_snes_iters=[16, 3, 8, 10, 1, 1]  clip_frac_max=0.000
    [newton k=125] SCIF=   +36.33 mT  layer_snes_iters=[12, 9, 4, 17, 1, 1]  clip_frac_max=0.000
    [newton k=126] SCIF=   +37.77 mT  layer_snes_iters=[12, 5, 6, 6, 1, 1]  clip_frac_max=0.000
    [newton k=127] SCIF=   +37.55 mT  layer_snes_iters=[16, 9, 7, 9, 1, 1]  clip_frac_max=0.000
    [newton k=128] SCIF=   +39.87 mT  layer_snes_iters=[11, 5, 6, 14, 1, 1]  clip_frac_max=0.000
    [newton k=129] SCIF=   +38.08 mT  layer_snes_iters=[11, 9, 6, 18, 1, 1]  clip_frac_max=0.000
    [newton k=130] SCIF=   +38.23 mT  layer_snes_iters=[14, 5, 7, 16, 1, 1]  clip_frac_max=0.000
    [newton k=131] SCIF=   +38.48 mT  layer_snes_iters=[15, 10, 11, 13, 1, 1]  clip_frac_max=0.000
    [newton k=132] SCIF=   +40.21 mT  layer_snes_iters=[9, 6, 6, 14, 1, 1]  clip_frac_max=0.000
    [newton k=133] SCIF=   +40.52 mT  layer_snes_iters=[12, 10, 9, 12, 1, 1]  clip_frac_max=0.000
    [newton k=134] SCIF=   +41.02 mT  layer_snes_iters=[13, 8, 7, 11, 1, 1]  clip_frac_max=0.000
    [newton k=135] SCIF=   +42.12 mT  layer_snes_iters=[14, 10, 15, 13, 1, 1]  clip_frac_max=0.000
    [newton k=136] SCIF=   +41.33 mT  layer_snes_iters=[15, 8, 7, 17, 2, 2]  clip_frac_max=0.000
      [layer 3] Newton failed this outer iteration (reason=-9)
      reverting outer iteration 137 entirely, returning the state from iteration 136 (NOT auto-validated -- check against independent ground truth before trusting this SCIF)
    [newton] step done: stop_reason=newton_failure_reverted  n_outer=136  SCIF=+41.33 mT
  step 3/24 SUMMARY: converged=False  stop_reason=newton_failure_reverted  SCIF=+41.33 mT
  step 4/24  t=  100.0 s  I=  32.67 A  dt=  25.0 s
      [debug layer 0] Jc range (this layer's cells): [2.3914e+11,4.9150e+11]  n range: [18.670,27.483]  any Jc<=0: False  any nonfinite Jc: False  any nonfinite n: False
      [debug layer 0] SNES reason=3  its=1  T finite: True
      [debug layer 1] Jc range (this layer's cells): [3.2376e+11,4.8952e+11]  n range: [19.350,27.163]  any Jc<=0: False  any nonfinite Jc: False  any nonfinite n: False
      [debug layer 1] SNES reason=3  its=1  T finite: True
      [debug layer 2] Jc range (this layer's cells): [2.7036e+11,4.8830e+11]  n range: [18.799,27.005]  any Jc<=0: False  any nonfinite Jc: False  any nonfinite n: False
      [debug layer 2] SNES reason=3  its=1  T finite: True
      [debug layer 3] Jc range (this layer's cells): [2.8110e+11,4.8379e+11]  n range: [19.475,26.752]  any Jc<=0: False  any nonfinite Jc: False  any nonfinite n: False
      [debug layer 3] SNES reason=3  its=1  T finite: True
      [debug layer 4] Jc range (this layer's cells): [3.9493e+11,4.5775e+11]  n range: [22.547,24.836]  any Jc<=0: False  any nonfinite Jc: False  any nonfinite n: False
      [debug layer 4] SNES reason=3  its=1  T finite: True
      [debug layer 5] Jc range (this layer's cells): [4.1485e+11,4.5489e+11]  n range: [23.159,24.671]  any Jc<=0: False  any nonfinite Jc: False  any nonfinite n: False
      [debug layer 5] SNES reason=3  its=1  T finite: True
    [newton k=  1] SCIF=  +443.04 mT  layer_snes_iters=[1, 1, 1, 1, 1, 1]  clip_frac_max=0.000
    [newton k=  2] SCIF=  +464.79 mT  layer_snes_iters=[10, 9, 12, 1, 1, 1]  clip_frac_max=0.000
    [newton k=  3] SCIF=  +456.78 mT  layer_snes_iters=[4, 3, 11, 3, 1, 1]  clip_frac_max=0.000
    [newton k=  4] SCIF=  +413.57 mT  layer_snes_iters=[10, 3, 3, 4, 1, 1]  clip_frac_max=0.000
    [newton k=  5] SCIF=  +371.70 mT  layer_snes_iters=[5, 3, 7, 4, 1, 1]  clip_frac_max=0.000
    [newton k=  6] SCIF=  +335.10 mT  layer_snes_iters=[11, 10, 13, 3, 1, 1]  clip_frac_max=0.000
    [newton k=  7] SCIF=  +317.44 mT  layer_snes_iters=[2, 10, 14, 2, 1, 1]  clip_frac_max=0.000
    [newton k=  8] SCIF=  +288.98 mT  layer_snes_iters=[3, 6, 6, 9, 1, 1]  clip_frac_max=0.000
    [newton k=  9] SCIF=  +264.02 mT  layer_snes_iters=[14, 14, 13, 13, 1, 1]  clip_frac_max=0.000
    [newton k= 10] SCIF=  +234.21 mT  layer_snes_iters=[2, 5, 11, 5, 1, 1]  clip_frac_max=0.000
    [newton k= 11] SCIF=  +203.60 mT  layer_snes_iters=[3, 6, 9, 16, 1, 1]  clip_frac_max=0.000
    [newton k= 12] SCIF=  +185.85 mT  layer_snes_iters=[12, 17, 12, 2, 1, 1]  clip_frac_max=0.000
    [newton k= 13] SCIF=  +158.55 mT  layer_snes_iters=[3, 15, 5, 10, 1, 1]  clip_frac_max=0.000
    [newton k= 14] SCIF=  +131.22 mT  layer_snes_iters=[15, 3, 16, 7, 1, 1]  clip_frac_max=0.000
    [newton k= 15] SCIF=  +127.38 mT  layer_snes_iters=[3, 12, 7, 12, 1, 1]  clip_frac_max=0.000
    [newton k= 16] SCIF=  +112.00 mT  layer_snes_iters=[9, 2, 8, 4, 1, 1]  clip_frac_max=0.000
    [newton k= 17] SCIF=  +105.71 mT  layer_snes_iters=[8, 13, 13, 12, 1, 1]  clip_frac_max=0.000
    [newton k= 18] SCIF=   +84.60 mT  layer_snes_iters=[10, 2, 15, 4, 1, 1]  clip_frac_max=0.000
    [newton k= 19] SCIF=   +75.35 mT  layer_snes_iters=[9, 5, 3, 15, 1, 1]  clip_frac_max=0.000
    [newton k= 20] SCIF=   +76.41 mT  layer_snes_iters=[12, 3, 13, 12, 1, 1]  clip_frac_max=0.000
    [newton k= 21] SCIF=   +73.64 mT  layer_snes_iters=[5, 11, 10, 14, 1, 1]  clip_frac_max=0.000
    [newton k= 22] SCIF=   +72.66 mT  layer_snes_iters=[14, 2, 5, 3, 1, 1]  clip_frac_max=0.000
    [newton k= 23] SCIF=   +71.35 mT  layer_snes_iters=[16, 3, 3, 14, 1, 1]  clip_frac_max=0.000
    [newton k= 24] SCIF=   +65.88 mT  layer_snes_iters=[5, 2, 11, 6, 1, 1]  clip_frac_max=0.000
    [newton k= 25] SCIF=   +80.51 mT  layer_snes_iters=[16, 2, 9, 3, 1, 1]  clip_frac_max=0.000
    [newton k= 26] SCIF=   +84.96 mT  layer_snes_iters=[12, 13, 7, 16, 1, 1]  clip_frac_max=0.000
    [newton k= 27] SCIF=   +80.78 mT  layer_snes_iters=[3, 7, 13, 10, 1, 1]  clip_frac_max=0.000
    [newton k= 28] SCIF=   +75.57 mT  layer_snes_iters=[3, 12, 8, 2, 1, 1]  clip_frac_max=0.000
    [newton k= 29] SCIF=   +71.73 mT  layer_snes_iters=[15, 13, 13, 13, 1, 1]  clip_frac_max=0.000
    [newton k= 30] SCIF=   +67.12 mT  layer_snes_iters=[14, 2, 8, 8, 1, 1]  clip_frac_max=0.000
    [newton k= 31] SCIF=   +58.58 mT  layer_snes_iters=[15, 4, 11, 12, 1, 1]  clip_frac_max=0.000
    [newton k= 32] SCIF=   +64.43 mT  layer_snes_iters=[3, 8, 9, 10, 1, 1]  clip_frac_max=0.000
    [newton k= 33] SCIF=   +66.29 mT  layer_snes_iters=[6, 5, 11, 3, 1, 1]  clip_frac_max=0.000
    [newton k= 34] SCIF=   +65.89 mT  layer_snes_iters=[13, 9, 9, 14, 1, 1]  clip_frac_max=0.000
    [newton k= 35] SCIF=   +57.71 mT  layer_snes_iters=[12, 6, 11, 13, 1, 1]  clip_frac_max=0.000
    [newton k= 36] SCIF=   +62.50 mT  layer_snes_iters=[12, 9, 9, 2, 1, 1]  clip_frac_max=0.000
    [newton k= 37] SCIF=   +59.25 mT  layer_snes_iters=[13, 13, 9, 12, 1, 1]  clip_frac_max=0.000
    [newton k= 38] SCIF=   +53.34 mT  layer_snes_iters=[12, 2, 12, 5, 1, 1]  clip_frac_max=0.000
    [newton k= 39] SCIF=   +51.66 mT  layer_snes_iters=[11, 13, 10, 3, 1, 1]  clip_frac_max=0.000
    [newton k= 40] SCIF=   +54.43 mT  layer_snes_iters=[13, 7, 10, 3, 1, 1]  clip_frac_max=0.000
    [newton k= 41] SCIF=   +49.87 mT  layer_snes_iters=[11, 3, 10, 7, 1, 1]  clip_frac_max=0.000
    [newton k= 42] SCIF=   +50.65 mT  layer_snes_iters=[3, 2, 10, 10, 1, 1]  clip_frac_max=0.000
    [newton k= 43] SCIF=   +54.37 mT  layer_snes_iters=[4, 5, 10, 9, 1, 1]  clip_frac_max=0.000
    [newton k= 44] SCIF=   +55.60 mT  layer_snes_iters=[3, 14, 12, 8, 1, 1]  clip_frac_max=0.000
    [newton k= 45] SCIF=   +53.50 mT  layer_snes_iters=[11, 16, 9, 13, 1, 1]  clip_frac_max=0.000
    [newton k= 46] SCIF=   +56.05 mT  layer_snes_iters=[9, 2, 11, 11, 1, 1]  clip_frac_max=0.000
    [newton k= 47] SCIF=   +63.18 mT  layer_snes_iters=[9, 9, 8, 3, 1, 1]  clip_frac_max=0.000
    [newton k= 48] SCIF=   +62.11 mT  layer_snes_iters=[3, 10, 14, 13, 1, 1]  clip_frac_max=0.000
    [newton k= 49] SCIF=   +62.67 mT  layer_snes_iters=[7, 10, 8, 9, 1, 1]  clip_frac_max=0.000
    [newton k= 50] SCIF=   +63.27 mT  layer_snes_iters=[3, 10, 12, 15, 1, 1]  clip_frac_max=0.000
    [newton k= 51] SCIF=   +66.09 mT  layer_snes_iters=[6, 11, 10, 3, 1, 1]  clip_frac_max=0.000
    [newton k= 52] SCIF=   +66.30 mT  layer_snes_iters=[3, 9, 12, 3, 1, 1]  clip_frac_max=0.000
    [newton k= 53] SCIF=   +67.93 mT  layer_snes_iters=[4, 11, 9, 3, 1, 1]  clip_frac_max=0.000
    [newton k= 54] SCIF=   +65.41 mT  layer_snes_iters=[4, 11, 12, 13, 1, 1]  clip_frac_max=0.000
    [newton k= 55] SCIF=   +64.70 mT  layer_snes_iters=[15, 12, 9, 14, 1, 1]  clip_frac_max=0.000
    [newton k= 56] SCIF=   +63.40 mT  layer_snes_iters=[13, 7, 13, 7, 1, 1]  clip_frac_max=0.000
    [newton k= 57] SCIF=   +60.22 mT  layer_snes_iters=[14, 13, 7, 12, 1, 1]  clip_frac_max=0.000
    [newton k= 58] SCIF=   +59.94 mT  layer_snes_iters=[10, 7, 14, 12, 1, 1]  clip_frac_max=0.000
    [newton k= 59] SCIF=   +63.98 mT  layer_snes_iters=[9, 13, 9, 3, 1, 1]  clip_frac_max=0.000
    [newton k= 60] SCIF=   +63.33 mT  layer_snes_iters=[12, 5, 11, 11, 1, 1]  clip_frac_max=0.000
    [newton k= 61] SCIF=   +64.74 mT  layer_snes_iters=[13, 14, 11, 10, 1, 1]  clip_frac_max=0.000
    [newton k= 62] SCIF=   +60.09 mT  layer_snes_iters=[11, 6, 12, 6, 1, 1]  clip_frac_max=0.000
    [newton k= 63] SCIF=   +55.99 mT  layer_snes_iters=[15, 6, 10, 3, 1, 1]  clip_frac_max=0.000
    [newton k= 64] SCIF=   +57.30 mT  layer_snes_iters=[7, 3, 12, 13, 1, 1]  clip_frac_max=0.000
    [newton k= 65] SCIF=   +58.23 mT  layer_snes_iters=[9, 14, 9, 3, 1, 1]  clip_frac_max=0.000
    [newton k= 66] SCIF=   +57.56 mT  layer_snes_iters=[3, 2, 12, 3, 1, 1]  clip_frac_max=0.000
    [newton k= 67] SCIF=   +59.54 mT  layer_snes_iters=[12, 13, 10, 3, 1, 1]  clip_frac_max=0.000
    [newton k= 68] SCIF=   +57.68 mT  layer_snes_iters=[12, 8, 13, 12, 1, 1]  clip_frac_max=0.000
    [newton k= 69] SCIF=   +57.20 mT  layer_snes_iters=[9, 3, 9, 12, 1, 1]  clip_frac_max=0.000
    [newton k= 70] SCIF=   +54.81 mT  layer_snes_iters=[13, 5, 13, 6, 1, 1]  clip_frac_max=0.000
    [newton k= 71] SCIF=   +50.59 mT  layer_snes_iters=[14, 13, 9, 3, 1, 1]  clip_frac_max=0.000
    [newton k= 72] SCIF=   +51.98 mT  layer_snes_iters=[11, 5, 12, 11, 1, 1]  clip_frac_max=0.000
    [newton k= 73] SCIF=   +56.60 mT  layer_snes_iters=[15, 6, 16, 5, 1, 1]  clip_frac_max=0.000
    [newton k= 74] SCIF=   +60.61 mT  layer_snes_iters=[7, 3, 8, 12, 1, 1]  clip_frac_max=0.000
    [newton k= 75] SCIF=   +62.23 mT  layer_snes_iters=[10, 12, 15, 12, 1, 1]  clip_frac_max=0.000
    [newton k= 76] SCIF=   +59.08 mT  layer_snes_iters=[3, 7, 10, 6, 1, 1]  clip_frac_max=0.000
    [newton k= 77] SCIF=   +55.45 mT  layer_snes_iters=[8, 3, 13, 14, 1, 1]  clip_frac_max=0.000
    [newton k= 78] SCIF=   +54.50 mT  layer_snes_iters=[3, 4, 11, 5, 1, 1]  clip_frac_max=0.000
    [newton k= 79] SCIF=   +52.07 mT  layer_snes_iters=[13, 3, 13, 13, 1, 1]  clip_frac_max=0.000
    [newton k= 80] SCIF=   +51.76 mT  layer_snes_iters=[3, 2, 11, 7, 1, 1]  clip_frac_max=0.000
    [newton k= 81] SCIF=   +49.25 mT  layer_snes_iters=[5, 3, 13, 11, 1, 1]  clip_frac_max=0.000
    [newton k= 82] SCIF=   +50.26 mT  layer_snes_iters=[5, 5, 12, 9, 1, 1]  clip_frac_max=0.000
    [newton k= 83] SCIF=   +50.80 mT  layer_snes_iters=[5, 13, 16, 11, 1, 1]  clip_frac_max=0.000
    [newton k= 84] SCIF=   +51.20 mT  layer_snes_iters=[6, 7, 9, 8, 1, 1]  clip_frac_max=0.000
    [newton k= 85] SCIF=   +50.87 mT  layer_snes_iters=[13, 3, 15, 12, 1, 1]  clip_frac_max=0.000
    [newton k= 86] SCIF=   +53.35 mT  layer_snes_iters=[5, 12, 11, 7, 1, 1]  clip_frac_max=0.000
    [newton k= 87] SCIF=   +55.09 mT  layer_snes_iters=[16, 6, 12, 13, 1, 1]  clip_frac_max=0.000
    [newton k= 88] SCIF=   +55.13 mT  layer_snes_iters=[3, 14, 14, 8, 1, 1]  clip_frac_max=0.000
    [newton k= 89] SCIF=   +54.17 mT  layer_snes_iters=[15, 12, 10, 10, 1, 1]  clip_frac_max=0.000
    [newton k= 90] SCIF=   +49.89 mT  layer_snes_iters=[3, 12, 3, 10, 1, 1]  clip_frac_max=0.000
    [newton k= 91] SCIF=   +50.22 mT  layer_snes_iters=[8, 14, 9, 9, 1, 1]  clip_frac_max=0.000
    [newton k= 92] SCIF=   +48.58 mT  layer_snes_iters=[4, 11, 5, 10, 1, 1]  clip_frac_max=0.000
    [newton k= 93] SCIF=   +47.38 mT  layer_snes_iters=[9, 14, 17, 11, 1, 1]  clip_frac_max=0.000
    [newton k= 94] SCIF=   +41.56 mT  layer_snes_iters=[4, 11, 16, 10, 1, 1]  clip_frac_max=0.000
    [newton k= 95] SCIF=   +40.23 mT  layer_snes_iters=[8, 14, 15, 8, 1, 1]  clip_frac_max=0.000
    [newton k= 96] SCIF=   +38.65 mT  layer_snes_iters=[4, 11, 9, 11, 1, 1]  clip_frac_max=0.000
    [newton k= 97] SCIF=   +40.57 mT  layer_snes_iters=[14, 14, 17, 11, 1, 1]  clip_frac_max=0.000
    [newton k= 98] SCIF=   +35.88 mT  layer_snes_iters=[3, 10, 15, 8, 1, 1]  clip_frac_max=0.000
    [newton k= 99] SCIF=   +37.26 mT  layer_snes_iters=[14, 5, 13, 12, 1, 1]  clip_frac_max=0.000
    [newton k=100] SCIF=   +34.37 mT  layer_snes_iters=[3, 12, 16, 9, 1, 1]  clip_frac_max=0.000
    [newton k=101] SCIF=   +34.47 mT  layer_snes_iters=[10, 7, 10, 10, 1, 1]  clip_frac_max=0.000
    [newton k=102] SCIF=   +34.42 mT  layer_snes_iters=[4, 3, 7, 10, 1, 1]  clip_frac_max=0.000
    [newton k=103] SCIF=   +35.23 mT  layer_snes_iters=[9, 11, 14, 12, 1, 1]  clip_frac_max=0.000
    [newton k=104] SCIF=   +32.73 mT  layer_snes_iters=[4, 14, 11, 9, 1, 1]  clip_frac_max=0.000
    [newton k=105] SCIF=   +31.86 mT  layer_snes_iters=[11, 13, 13, 10, 1, 1]  clip_frac_max=0.000
    [newton k=106] SCIF=   +29.75 mT  layer_snes_iters=[4, 13, 10, 9, 1, 1]  clip_frac_max=0.000
    [newton k=107] SCIF=   +32.12 mT  layer_snes_iters=[13, 14, 7, 12, 1, 1]  clip_frac_max=0.000
    [newton k=108] SCIF=   +30.10 mT  layer_snes_iters=[5, 12, 9, 13, 1, 1]  clip_frac_max=0.000
    [newton k=109] SCIF=   +33.90 mT  layer_snes_iters=[12, 14, 16, 6, 1, 1]  clip_frac_max=0.000
    [newton k=110] SCIF=   +31.92 mT  layer_snes_iters=[5, 12, 7, 13, 1, 1]  clip_frac_max=0.000
    [newton k=111] SCIF=   +33.61 mT  layer_snes_iters=[15, 14, 11, 10, 1, 1]  clip_frac_max=0.000
    [newton k=112] SCIF=   +30.37 mT  layer_snes_iters=[7, 12, 16, 11, 1, 1]  clip_frac_max=0.000
    [newton k=113] SCIF=   +29.89 mT  layer_snes_iters=[8, 14, 13, 9, 1, 1]  clip_frac_max=0.000
    [newton k=114] SCIF=   +29.88 mT  layer_snes_iters=[6, 13, 9, 11, 1, 1]  clip_frac_max=0.000
    [newton k=115] SCIF=   +30.52 mT  layer_snes_iters=[9, 13, 15, 12, 1, 1]  clip_frac_max=0.000
    [newton k=116] SCIF=   +27.76 mT  layer_snes_iters=[8, 3, 16, 9, 1, 1]  clip_frac_max=0.000
    [newton k=117] SCIF=   +31.36 mT  layer_snes_iters=[14, 8, 12, 16, 1, 1]  clip_frac_max=0.000
    [newton k=118] SCIF=   +32.90 mT  layer_snes_iters=[9, 3, 8, 8, 1, 1]  clip_frac_max=0.000
    [newton k=119] SCIF=   +36.88 mT  layer_snes_iters=[16, 9, 10, 11, 1, 1]  clip_frac_max=0.000
    [newton k=120] SCIF=   +37.34 mT  layer_snes_iters=[12, 4, 16, 10, 1, 1]  clip_frac_max=0.000
    [newton k=121] SCIF=   +38.59 mT  layer_snes_iters=[8, 9, 7, 11, 1, 1]  clip_frac_max=0.000
    [newton k=122] SCIF=   +37.13 mT  layer_snes_iters=[9, 3, 11, 11, 1, 1]  clip_frac_max=0.000
    [newton k=123] SCIF=   +37.00 mT  layer_snes_iters=[12, 11, 11, 14, 1, 1]  clip_frac_max=0.000
    [newton k=124] SCIF=   +39.69 mT  layer_snes_iters=[11, 3, 10, 15, 1, 1]  clip_frac_max=0.000
    [newton k=125] SCIF=   +37.57 mT  layer_snes_iters=[15, 11, 6, 9, 1, 1]  clip_frac_max=0.000
    [newton k=126] SCIF=   +38.26 mT  layer_snes_iters=[11, 3, 17, 14, 1, 1]  clip_frac_max=0.000
    [newton k=127] SCIF=   +34.69 mT  layer_snes_iters=[9, 10, 18, 12, 1, 1]  clip_frac_max=0.000
    [newton k=128] SCIF=   +39.24 mT  layer_snes_iters=[11, 4, 13, 13, 1, 1]  clip_frac_max=0.000
    [newton k=129] SCIF=   +35.48 mT  layer_snes_iters=[15, 14, 13, 10, 1, 1]  clip_frac_max=0.000
    [newton k=130] SCIF=   +40.73 mT  layer_snes_iters=[6, 3, 13, 15, 1, 1]  clip_frac_max=0.000
    [newton k=131] SCIF=   +35.49 mT  layer_snes_iters=[11, 12, 14, 10, 1, 1]  clip_frac_max=0.000
    [newton k=132] SCIF=   +39.98 mT  layer_snes_iters=[10, 4, 13, 13, 1, 1]  clip_frac_max=0.000
    [newton k=133] SCIF=   +35.00 mT  layer_snes_iters=[18, 12, 17, 12, 1, 1]  clip_frac_max=0.000
    [newton k=134] SCIF=   +40.53 mT  layer_snes_iters=[12, 4, 12, 13, 1, 1]  clip_frac_max=0.000
    [newton k=135] SCIF=   +34.61 mT  layer_snes_iters=[14, 11, 17, 17, 3, 2]  clip_frac_max=0.000
      [layer 3] Newton failed this outer iteration (reason=-9)
      reverting outer iteration 136 entirely, returning the state from iteration 135 (NOT auto-validated -- check against independent ground truth before trusting this SCIF)
    [newton] step done: stop_reason=newton_failure_reverted  n_outer=135  SCIF=+34.61 mT
  step 4/24 SUMMARY: converged=False  stop_reason=newton_failure_reverted  SCIF=+34.61 mT
  step 5/24  t=  125.0 s  I=  40.83 A  dt=  25.0 s
      [debug layer 0] Jc range (this layer's cells): [2.2844e+11,4.9014e+11]  n range: [17.635,27.443]  any Jc<=0: False  any nonfinite Jc: False  any nonfinite n: False
      [debug layer 0] SNES reason=3  its=1  T finite: True
      [debug layer 1] Jc range (this layer's cells): [3.0011e+11,4.8632e+11]  n range: [19.410,27.101]  any Jc<=0: False  any nonfinite Jc: False  any nonfinite n: False
      [debug layer 1] SNES reason=3  its=1  T finite: True
      [debug layer 2] Jc range (this layer's cells): [2.3340e+11,4.7906e+11]  n range: [17.984,26.212]  any Jc<=0: False  any nonfinite Jc: False  any nonfinite n: False
      [debug layer 2] SNES reason=3  its=1  T finite: True
      [debug layer 3] Jc range (this layer's cells): [2.5456e+11,4.4916e+11]  n range: [18.447,24.431]  any Jc<=0: False  any nonfinite Jc: False  any nonfinite n: False
      [debug layer 3] SNES reason=3  its=1  T finite: True
      [debug layer 4] Jc range (this layer's cells): [3.5836e+11,4.2824e+11]  n range: [21.504,23.555]  any Jc<=0: False  any nonfinite Jc: False  any nonfinite n: False
      [debug layer 4] SNES reason=3  its=1  T finite: True
      [debug layer 5] Jc range (this layer's cells): [3.7964e+11,4.2828e+11]  n range: [22.287,23.611]  any Jc<=0: False  any nonfinite Jc: False  any nonfinite n: False
      [debug layer 5] SNES reason=3  its=1  T finite: True
    [newton k=  1] SCIF=  +419.63 mT  layer_snes_iters=[1, 1, 1, 1, 1, 1]  clip_frac_max=0.000
    [newton k=  2] SCIF=  +443.30 mT  layer_snes_iters=[9, 1, 1, 1, 1, 1]  clip_frac_max=0.000
    [newton k=  3] SCIF=  +425.03 mT  layer_snes_iters=[14, 13, 15, 3, 1, 1]  clip_frac_max=0.000
    [newton k=  4] SCIF=  +382.69 mT  layer_snes_iters=[9, 3, 15, 10, 1, 1]  clip_frac_max=0.000
    [newton k=  5] SCIF=  +352.59 mT  layer_snes_iters=[3, 3, 12, 14, 1, 1]  clip_frac_max=0.000
    [newton k=  6] SCIF=  +302.63 mT  layer_snes_iters=[3, 6, 3, 10, 1, 1]  clip_frac_max=0.000
    [newton k=  7] SCIF=  +274.98 mT  layer_snes_iters=[3, 13, 15, 3, 1, 1]  clip_frac_max=0.000
    [newton k=  8] SCIF=  +245.82 mT  layer_snes_iters=[3, 10, 3, 8, 1, 1]  clip_frac_max=0.000
    [newton k=  9] SCIF=  +235.52 mT  layer_snes_iters=[13, 8, 6, 17, 1, 1]  clip_frac_max=0.000
    [newton k= 10] SCIF=  +208.96 mT  layer_snes_iters=[11, 14, 10, 11, 1, 1]  clip_frac_max=0.000
    [newton k= 11] SCIF=  +194.43 mT  layer_snes_iters=[11, 10, 9, 7, 1, 1]  clip_frac_max=0.000
    [newton k= 12] SCIF=  +183.89 mT  layer_snes_iters=[15, 12, 14, 5, 1, 1]  clip_frac_max=0.000
    [newton k= 13] SCIF=  +166.52 mT  layer_snes_iters=[13, 8, 10, 12, 1, 1]  clip_frac_max=0.000
    [newton k= 14] SCIF=  +150.97 mT  layer_snes_iters=[4, 11, 6, 6, 1, 1]  clip_frac_max=0.000
    [newton k= 15] SCIF=  +140.32 mT  layer_snes_iters=[3, 11, 8, 8, 1, 1]  clip_frac_max=0.000
    [newton k= 16] SCIF=  +130.02 mT  layer_snes_iters=[3, 9, 15, 12, 1, 1]  clip_frac_max=0.000
    [newton k= 17] SCIF=  +123.17 mT  layer_snes_iters=[3, 13, 4, 9, 1, 1]  clip_frac_max=0.000
    [newton k= 18] SCIF=  +102.26 mT  layer_snes_iters=[5, 7, 8, 14, 1, 1]  clip_frac_max=0.000
    [newton k= 19] SCIF=   +95.35 mT  layer_snes_iters=[12, 14, 11, 3, 1, 1]  clip_frac_max=0.000
    [newton k= 20] SCIF=  +101.47 mT  layer_snes_iters=[11, 6, 15, 4, 1, 1]  clip_frac_max=0.000
    [newton k= 21] SCIF=  +101.11 mT  layer_snes_iters=[11, 3, 3, 11, 1, 1]  clip_frac_max=0.000
    [newton k= 22] SCIF=   +85.28 mT  layer_snes_iters=[12, 14, 8, 8, 1, 1]  clip_frac_max=0.000
    [newton k= 23] SCIF=   +83.03 mT  layer_snes_iters=[9, 2, 12, 12, 1, 1]  clip_frac_max=0.000
    [newton k= 24] SCIF=   +70.14 mT  layer_snes_iters=[13, 3, 5, 9, 1, 1]  clip_frac_max=0.000
    [newton k= 25] SCIF=   +73.10 mT  layer_snes_iters=[8, 15, 14, 12, 1, 1]  clip_frac_max=0.000
    [newton k= 26] SCIF=   +78.65 mT  layer_snes_iters=[14, 2, 15, 9, 1, 1]  clip_frac_max=0.000
    [newton k= 27] SCIF=   +70.72 mT  layer_snes_iters=[7, 3, 8, 3, 1, 1]  clip_frac_max=0.000
    [newton k= 28] SCIF=   +63.03 mT  layer_snes_iters=[3, 14, 3, 8, 1, 1]  clip_frac_max=0.000
    [newton k= 29] SCIF=   +46.88 mT  layer_snes_iters=[14, 3, 4, 10, 1, 1]  clip_frac_max=0.000
    [newton k= 30] SCIF=   +47.04 mT  layer_snes_iters=[12, 3, 3, 10, 1, 1]  clip_frac_max=0.000
    [newton k= 31] SCIF=   +53.97 mT  layer_snes_iters=[6, 15, 7, 14, 1, 1]  clip_frac_max=0.000
    [newton k= 32] SCIF=   +56.64 mT  layer_snes_iters=[3, 5, 8, 3, 1, 1]  clip_frac_max=0.000
    [newton k= 33] SCIF=   +48.97 mT  layer_snes_iters=[3, 3, 15, 9, 1, 1]  clip_frac_max=0.000
    [newton k= 34] SCIF=   +47.84 mT  layer_snes_iters=[3, 16, 5, 10, 1, 1]  clip_frac_max=0.000
    [newton k= 35] SCIF=   +42.91 mT  layer_snes_iters=[3, 2, 12, 6, 1, 1]  clip_frac_max=0.000
    [newton k= 36] SCIF=   +43.76 mT  layer_snes_iters=[3, 2, 7, 11, 1, 1]  clip_frac_max=0.000
    [newton k= 37] SCIF=   +42.25 mT  layer_snes_iters=[4, 16, 14, 5, 1, 1]  clip_frac_max=0.000
    [newton k= 38] SCIF=   +40.33 mT  layer_snes_iters=[3, 6, 3, 11, 1, 1]  clip_frac_max=0.000
    [newton k= 39] SCIF=   +30.37 mT  layer_snes_iters=[3, 3, 3, 5, 1, 1]  clip_frac_max=0.000
    [newton k= 40] SCIF=   +42.77 mT  layer_snes_iters=[3, 3, 14, 10, 1, 1]  clip_frac_max=0.000
    [newton k= 41] SCIF=   +32.64 mT  layer_snes_iters=[15, 3, 14, 5, 1, 1]  clip_frac_max=0.000
    [newton k= 42] SCIF=   +30.19 mT  layer_snes_iters=[14, 14, 3, 13, 1, 1]  clip_frac_max=0.000
    [newton k= 43] SCIF=   +26.25 mT  layer_snes_iters=[6, 15, 14, 14, 1, 1]  clip_frac_max=0.000
    [newton k= 44] SCIF=   +29.90 mT  layer_snes_iters=[3, 5, 6, 14, 1, 1]  clip_frac_max=0.000
    [newton k= 45] SCIF=   +29.28 mT  layer_snes_iters=[15, 3, 8, 3, 1, 1]  clip_frac_max=0.000
    [newton k= 46] SCIF=   +37.19 mT  layer_snes_iters=[7, 11, 10, 5, 1, 1]  clip_frac_max=0.000
    [newton k= 47] SCIF=   +38.70 mT  layer_snes_iters=[3, 14, 13, 13, 1, 1]  clip_frac_max=0.000
    [newton k= 48] SCIF=   +43.03 mT  layer_snes_iters=[5, 5, 6, 6, 1, 1]  clip_frac_max=0.000
    [newton k= 49] SCIF=   +39.56 mT  layer_snes_iters=[3, 3, 15, 11, 1, 1]  clip_frac_max=0.000
    [newton k= 50] SCIF=   +44.12 mT  layer_snes_iters=[7, 4, 3, 6, 1, 1]  clip_frac_max=0.000
    [newton k= 51] SCIF=   +35.57 mT  layer_snes_iters=[3, 3, 3, 9, 1, 1]  clip_frac_max=0.000
    [newton k= 52] SCIF=   +45.20 mT  layer_snes_iters=[3, 3, 8, 7, 1, 1]  clip_frac_max=0.000
    [newton k= 53] SCIF=   +39.69 mT  layer_snes_iters=[5, 3, 13, 8, 1, 1]  clip_frac_max=0.000
    [newton k= 54] SCIF=   +47.94 mT  layer_snes_iters=[3, 14, 14, 7, 1, 1]  clip_frac_max=0.000
    [newton k= 55] SCIF=   +41.97 mT  layer_snes_iters=[3, 2, 15, 12, 1, 1]  clip_frac_max=0.000
    [newton k= 56] SCIF=   +38.87 mT  layer_snes_iters=[3, 3, 3, 11, 1, 1]  clip_frac_max=0.000
    [newton k= 57] SCIF=   +33.00 mT  layer_snes_iters=[8, 6, 12, 13, 1, 1]  clip_frac_max=0.000
    [newton k= 58] SCIF=   +36.16 mT  layer_snes_iters=[9, 3, 6, 7, 1, 1]  clip_frac_max=0.000
    [newton k= 59] SCIF=   +30.62 mT  layer_snes_iters=[8, 10, 3, 11, 1, 1]  clip_frac_max=0.000
    [newton k= 60] SCIF=   +37.03 mT  layer_snes_iters=[3, 12, 4, 13, 1, 1]  clip_frac_max=0.000
    [newton k= 61] SCIF=   +34.78 mT  layer_snes_iters=[6, 16, 13, 3, 1, 1]  clip_frac_max=0.000
    [newton k= 62] SCIF=   +39.22 mT  layer_snes_iters=[16, 17, 5, 7, 1, 1]  clip_frac_max=0.000
    [newton k= 63] SCIF=   +42.33 mT  layer_snes_iters=[7, 8, 16, 11, 1, 1]  clip_frac_max=0.000
    [newton k= 64] SCIF=   +44.45 mT  layer_snes_iters=[8, 3, 8, 12, 1, 1]  clip_frac_max=0.000
    [newton k= 65] SCIF=   +40.79 mT  layer_snes_iters=[13, 3, 8, 5, 1, 1]  clip_frac_max=0.000
    [newton k= 66] SCIF=   +48.37 mT  layer_snes_iters=[17, 8, 14, 6, 1, 1]  clip_frac_max=0.000
    [newton k= 67] SCIF=   +50.24 mT  layer_snes_iters=[8, 16, 10, 13, 1, 1]  clip_frac_max=0.000
    [newton k= 68] SCIF=   +52.00 mT  layer_snes_iters=[3, 10, 7, 6, 1, 1]  clip_frac_max=0.000
    [newton k= 69] SCIF=   +47.11 mT  layer_snes_iters=[6, 10, 3, 11, 1, 1]  clip_frac_max=0.000
    [newton k= 70] SCIF=   +46.16 mT  layer_snes_iters=[3, 11, 3, 14, 1, 1]  clip_frac_max=0.000
    [newton k= 71] SCIF=   +36.08 mT  layer_snes_iters=[7, 12, 14, 3, 1, 1]  clip_frac_max=0.000
    [newton k= 72] SCIF=   +39.61 mT  layer_snes_iters=[9, 15, 3, 9, 1, 1]  clip_frac_max=0.000
    [newton k= 73] SCIF=   +32.55 mT  layer_snes_iters=[9, 11, 3, 13, 1, 1]  clip_frac_max=0.000
    [newton k= 74] SCIF=   +37.46 mT  layer_snes_iters=[7, 3, 7, 6, 1, 1]  clip_frac_max=0.000
    [newton k= 75] SCIF=   +36.79 mT  layer_snes_iters=[3, 3, 9, 10, 1, 1]  clip_frac_max=0.000
    [newton k= 76] SCIF=   +40.05 mT  layer_snes_iters=[4, 3, 9, 7, 1, 1]  clip_frac_max=0.000
    [newton k= 77] SCIF=   +31.13 mT  layer_snes_iters=[16, 16, 10, 12, 1, 1]  clip_frac_max=0.000
    [newton k= 78] SCIF=   +39.23 mT  layer_snes_iters=[17, 7, 3, 4, 1, 1]  clip_frac_max=0.000
    [newton k= 79] SCIF=   +36.49 mT  layer_snes_iters=[8, 3, 13, 11, 1, 1]  clip_frac_max=0.000
    [newton k= 80] SCIF=   +44.62 mT  layer_snes_iters=[3, 7, 6, 8, 1, 1]  clip_frac_max=0.000
    [newton k= 81] SCIF=   +40.79 mT  layer_snes_iters=[11, 3, 14, 13, 1, 1]  clip_frac_max=0.000
    [newton k= 82] SCIF=   +47.06 mT  layer_snes_iters=[15, 7, 9, 8, 1, 1]  clip_frac_max=0.000
    [newton k= 83] SCIF=   +45.33 mT  layer_snes_iters=[14, 3, 9, 12, 1, 1]  clip_frac_max=0.000
    [newton k= 84] SCIF=   +47.06 mT  layer_snes_iters=[14, 15, 9, 8, 1, 1]  clip_frac_max=0.000
    [newton k= 85] SCIF=   +42.83 mT  layer_snes_iters=[14, 11, 15, 12, 1, 1]  clip_frac_max=0.000
    [newton k= 86] SCIF=   +43.35 mT  layer_snes_iters=[15, 3, 11, 15, 1, 1]  clip_frac_max=0.000
    [newton k= 87] SCIF=   +34.77 mT  layer_snes_iters=[13, 5, 14, 3, 1, 1]  clip_frac_max=0.000
    [newton k= 88] SCIF=   +38.19 mT  layer_snes_iters=[16, 4, 13, 12, 1, 1]  clip_frac_max=0.000
    [newton k= 89] SCIF=   +32.55 mT  layer_snes_iters=[13, 7, 16, 9, 1, 1]  clip_frac_max=0.000
    [newton k= 90] SCIF=   +39.11 mT  layer_snes_iters=[3, 6, 8, 8, 1, 1]  clip_frac_max=0.000
    [newton k= 91] SCIF=   +39.00 mT  layer_snes_iters=[8, 8, 11, 16, 1, 1]  clip_frac_max=0.000
    [newton k= 92] SCIF=   +45.23 mT  layer_snes_iters=[4, 3, 11, 5, 1, 1]  clip_frac_max=0.000
    [newton k= 93] SCIF=   +42.13 mT  layer_snes_iters=[8, 14, 11, 11, 1, 1]  clip_frac_max=0.000
    [newton k= 94] SCIF=   +45.48 mT  layer_snes_iters=[7, 13, 9, 9, 1, 1]  clip_frac_max=0.000
    [newton k= 95] SCIF=   +40.79 mT  layer_snes_iters=[15, 14, 15, 15, 1, 1]  clip_frac_max=0.000
    [newton k= 96] SCIF=   +46.92 mT  layer_snes_iters=[14, 13, 10, 7, 1, 1]  clip_frac_max=0.000
    [newton k= 97] SCIF=   +44.08 mT  layer_snes_iters=[3, 12, 10, 10, 1, 1]  clip_frac_max=0.000
    [newton k= 98] SCIF=   +40.98 mT  layer_snes_iters=[8, 5, 10, 15, 1, 1]  clip_frac_max=0.000
    [newton k= 99] SCIF=   +33.08 mT  layer_snes_iters=[4, 5, 14, 6, 1, 1]  clip_frac_max=0.000
    [newton k=100] SCIF=   +36.46 mT  layer_snes_iters=[7, 4, 12, 13, 1, 1]  clip_frac_max=0.000
    [newton k=101] SCIF=   +31.86 mT  layer_snes_iters=[4, 12, 10, 3, 1, 1]  clip_frac_max=0.000
    [newton k=102] SCIF=   +33.43 mT  layer_snes_iters=[7, 3, 16, 6, 1, 1]  clip_frac_max=0.000
    [newton k=103] SCIF=   +29.40 mT  layer_snes_iters=[16, 9, 6, 6, 1, 1]  clip_frac_max=0.000
    [newton k=104] SCIF=   +29.86 mT  layer_snes_iters=[3, 3, 13, 5, 1, 1]  clip_frac_max=0.000
    [newton k=105] SCIF=   +24.16 mT  layer_snes_iters=[13, 8, 13, 10, 1, 1]  clip_frac_max=0.000
    [newton k=106] SCIF=   +27.54 mT  layer_snes_iters=[16, 4, 15, 14, 1, 1]  clip_frac_max=0.000
    [newton k=107] SCIF=   +23.70 mT  layer_snes_iters=[5, 5, 11, 5, 1, 1]  clip_frac_max=0.000
    [newton k=108] SCIF=   +26.31 mT  layer_snes_iters=[5, 5, 9, 13, 1, 1]  clip_frac_max=0.000
    [newton k=109] SCIF=   +16.70 mT  layer_snes_iters=[9, 5, 15, 3, 1, 1]  clip_frac_max=0.000
    [newton k=110] SCIF=   +18.14 mT  layer_snes_iters=[4, 5, 5, 10, 1, 1]  clip_frac_max=0.000
    [newton k=111] SCIF=   +15.58 mT  layer_snes_iters=[16, 5, 15, 18, 1, 1]  clip_frac_max=0.000
    [newton k=112] SCIF=   +20.68 mT  layer_snes_iters=[7, 5, 6, 15, 1, 1]  clip_frac_max=0.000
    [newton k=113] SCIF=   +15.54 mT  layer_snes_iters=[11, 5, 6, 12, 1, 1]  clip_frac_max=0.000
    [newton k=114] SCIF=   +21.08 mT  layer_snes_iters=[9, 5, 11, 13, 1, 1]  clip_frac_max=0.000
    [newton k=115] SCIF=   +19.65 mT  layer_snes_iters=[5, 5, 16, 14, 1, 1]  clip_frac_max=0.000
    [newton k=116] SCIF=   +24.08 mT  layer_snes_iters=[4, 6, 7, 13, 1, 1]  clip_frac_max=0.000
    [newton k=117] SCIF=   +17.76 mT  layer_snes_iters=[11, 5, 10, 16, 1, 1]  clip_frac_max=0.000
    [newton k=118] SCIF=   +24.55 mT  layer_snes_iters=[12, 6, 8, 12, 1, 1]  clip_frac_max=0.000
    [newton k=119] SCIF=   +19.60 mT  layer_snes_iters=[4, 9, 12, 11, 1, 1]  clip_frac_max=0.000
    [newton k=120] SCIF=   +26.10 mT  layer_snes_iters=[10, 8, 11, 12, 1, 1]  clip_frac_max=0.000
    [newton k=121] SCIF=   +22.48 mT  layer_snes_iters=[13, 6, 16, 13, 1, 1]  clip_frac_max=0.000
    [newton k=122] SCIF=   +28.95 mT  layer_snes_iters=[9, 5, 8, 12, 1, 1]  clip_frac_max=0.000
    [newton k=123] SCIF=   +24.40 mT  layer_snes_iters=[16, 10, 15, 8, 1, 1]  clip_frac_max=0.000
    [newton k=124] SCIF=   +29.51 mT  layer_snes_iters=[7, 3, 12, 14, 1, 1]  clip_frac_max=0.000
    [newton k=125] SCIF=   +25.57 mT  layer_snes_iters=[10, 11, 14, 14, 1, 1]  clip_frac_max=0.000
    [newton k=126] SCIF=   +27.73 mT  layer_snes_iters=[6, 11, 10, 16, 1, 1]  clip_frac_max=0.000
    [newton k=127] SCIF=   +22.01 mT  layer_snes_iters=[13, 9, 15, 12, 1, 1]  clip_frac_max=0.000
    [newton k=128] SCIF=   +25.71 mT  layer_snes_iters=[13, 6, 14, 7, 1, 1]  clip_frac_max=0.000
    [newton k=129] SCIF=   +21.53 mT  layer_snes_iters=[9, 8, 12, 11, 1, 1]  clip_frac_max=0.000
    [newton k=130] SCIF=   +24.87 mT  layer_snes_iters=[7, 6, 13, 7, 2, 1]  clip_frac_max=0.000
    [newton k=131] SCIF=   +19.97 mT  layer_snes_iters=[9, 9, 16, 15, 1, 1]  clip_frac_max=0.000
    [newton k=132] SCIF=   +22.59 mT  layer_snes_iters=[10, 8, 12, 11, 4, 1]  clip_frac_max=0.000
      [layer 1] Newton failed this outer iteration (reason=-9)
      reverting outer iteration 133 entirely, returning the state from iteration 132 (NOT auto-validated -- check against independent ground truth before trusting this SCIF)
    [newton] step done: stop_reason=newton_failure_reverted  n_outer=132  SCIF=+22.59 mT
  step 5/24 SUMMARY: converged=False  stop_reason=newton_failure_reverted  SCIF=+22.59 mT
  step 6/24  t=  150.0 s  I=  49.00 A  dt=  25.0 s
      [debug layer 0] Jc range (this layer's cells): [2.2650e+11,4.9113e+11]  n range: [16.916,27.299]  any Jc<=0: False  any nonfinite Jc: False  any nonfinite n: False
      [debug layer 0] SNES reason=3  its=1  T finite: True
      [debug layer 1] Jc range (this layer's cells): [3.0232e+11,4.9126e+11]  n range: [17.970,27.426]  any Jc<=0: False  any nonfinite Jc: False  any nonfinite n: False
      [debug layer 1] SNES reason=3  its=1  T finite: True
      [debug layer 2] Jc range (this layer's cells): [2.1062e+11,4.7789e+11]  n range: [17.038,25.856]  any Jc<=0: False  any nonfinite Jc: False  any nonfinite n: False
      [debug layer 2] SNES reason=3  its=1  T finite: True
      [debug layer 3] Jc range (this layer's cells): [2.2834e+11,4.4413e+11]  n range: [17.463,25.189]  any Jc<=0: False  any nonfinite Jc: False  any nonfinite n: False
      [debug layer 3] SNES reason=3  its=1  T finite: True
      [debug layer 4] Jc range (this layer's cells): [3.2970e+11,4.0134e+11]  n range: [21.102,22.741]  any Jc<=0: False  any nonfinite Jc: False  any nonfinite n: False
      [debug layer 4] SNES reason=3  its=1  T finite: True
      [debug layer 5] Jc range (this layer's cells): [3.5107e+11,4.0581e+11]  n range: [21.629,22.999]  any Jc<=0: False  any nonfinite Jc: False  any nonfinite n: False
      [debug layer 5] SNES reason=3  its=1  T finite: True
    [newton k=  1] SCIF=  +438.28 mT  layer_snes_iters=[1, 1, 1, 1, 1, 1]  clip_frac_max=0.000
    [newton k=  2] SCIF=  +458.56 mT  layer_snes_iters=[12, 1, 5, 11, 1, 1]  clip_frac_max=0.000
    [newton k=  3] SCIF=  +440.00 mT  layer_snes_iters=[4, 7, 13, 6, 1, 1]  clip_frac_max=0.000
    [newton k=  4] SCIF=  +408.11 mT  layer_snes_iters=[9, 3, 9, 14, 1, 1]  clip_frac_max=0.000
    [newton k=  5] SCIF=  +382.97 mT  layer_snes_iters=[11, 16, 4, 15, 1, 1]  clip_frac_max=0.000
    [newton k=  6] SCIF=  +346.79 mT  layer_snes_iters=[13, 11, 11, 9, 1, 1]  clip_frac_max=0.000
    [newton k=  7] SCIF=  +311.18 mT  layer_snes_iters=[15, 4, 3, 4, 1, 1]  clip_frac_max=0.000
    [newton k=  8] SCIF=  +286.74 mT  layer_snes_iters=[3, 9, 3, 3, 1, 1]  clip_frac_max=0.000
    [newton k=  9] SCIF=  +255.66 mT  layer_snes_iters=[3, 13, 14, 11, 1, 1]  clip_frac_max=0.000
    [newton k= 10] SCIF=  +246.73 mT  layer_snes_iters=[15, 14, 12, 5, 1, 1]  clip_frac_max=0.000
    [newton k= 11] SCIF=  +225.77 mT  layer_snes_iters=[15, 3, 5, 9, 1, 1]  clip_frac_max=0.000
    [newton k= 12] SCIF=  +215.85 mT  layer_snes_iters=[12, 9, 9, 3, 1, 1]  clip_frac_max=0.000
    [newton k= 13] SCIF=  +198.66 mT  layer_snes_iters=[3, 12, 12, 8, 1, 1]  clip_frac_max=0.000
    [newton k= 14] SCIF=  +187.66 mT  layer_snes_iters=[3, 13, 3, 5, 1, 1]  clip_frac_max=0.000
    [newton k= 15] SCIF=  +175.13 mT  layer_snes_iters=[4, 14, 9, 8, 1, 1]  clip_frac_max=0.000
    [newton k= 16] SCIF=  +162.51 mT  layer_snes_iters=[13, 4, 6, 7, 1, 1]  clip_frac_max=0.000
    [newton k= 17] SCIF=  +148.56 mT  layer_snes_iters=[9, 15, 15, 5, 1, 1]  clip_frac_max=0.000
    [newton k= 18] SCIF=  +148.05 mT  layer_snes_iters=[12, 3, 3, 7, 1, 1]  clip_frac_max=0.000
    [newton k= 19] SCIF=  +140.45 mT  layer_snes_iters=[10, 7, 5, 6, 1, 1]  clip_frac_max=0.000
    [newton k= 20] SCIF=  +137.77 mT  layer_snes_iters=[12, 3, 7, 4, 1, 1]  clip_frac_max=0.000
    [newton k= 21] SCIF=  +124.93 mT  layer_snes_iters=[9, 14, 15, 10, 1, 1]  clip_frac_max=0.000
    [newton k= 22] SCIF=  +117.28 mT  layer_snes_iters=[12, 8, 3, 13, 1, 1]  clip_frac_max=0.000
    [newton k= 23] SCIF=  +103.06 mT  layer_snes_iters=[10, 12, 8, 5, 1, 1]  clip_frac_max=0.000
    [newton k= 24] SCIF=  +108.00 mT  layer_snes_iters=[11, 11, 3, 3, 1, 1]  clip_frac_max=0.000
    [newton k= 25] SCIF=  +104.36 mT  layer_snes_iters=[12, 17, 7, 9, 1, 1]  clip_frac_max=0.000
    [newton k= 26] SCIF=  +105.38 mT  layer_snes_iters=[15, 3, 5, 2, 1, 1]  clip_frac_max=0.000
    [newton k= 27] SCIF=   +91.90 mT  layer_snes_iters=[3, 3, 14, 5, 1, 1]  clip_frac_max=0.000
    [newton k= 28] SCIF=  +105.91 mT  layer_snes_iters=[3, 2, 16, 5, 1, 1]  clip_frac_max=0.000
    [newton k= 29] SCIF=   +90.63 mT  layer_snes_iters=[3, 3, 8, 4, 1, 1]  clip_frac_max=0.000
    [newton k= 30] SCIF=   +95.54 mT  layer_snes_iters=[3, 2, 9, 7, 1, 1]  clip_frac_max=0.000
    [newton k= 31] SCIF=   +86.18 mT  layer_snes_iters=[12, 14, 3, 2, 1, 1]  clip_frac_max=0.000
    [newton k= 32] SCIF=   +83.08 mT  layer_snes_iters=[13, 11, 7, 7, 1, 1]  clip_frac_max=0.000
    [newton k= 33] SCIF=   +74.65 mT  layer_snes_iters=[6, 9, 11, 2, 1, 1]  clip_frac_max=0.000
    [newton k= 34] SCIF=   +73.42 mT  layer_snes_iters=[3, 13, 3, 8, 1, 1]  clip_frac_max=0.000
    [newton k= 35] SCIF=   +65.38 mT  layer_snes_iters=[3, 15, 15, 2, 1, 1]  clip_frac_max=0.000
    [newton k= 36] SCIF=   +81.09 mT  layer_snes_iters=[3, 3, 15, 6, 1, 1]  clip_frac_max=0.000
    [newton k= 37] SCIF=   +73.48 mT  layer_snes_iters=[9, 3, 3, 2, 1, 1]  clip_frac_max=0.000
    [newton k= 38] SCIF=   +80.93 mT  layer_snes_iters=[10, 2, 13, 8, 1, 1]  clip_frac_max=0.000
    [newton k= 39] SCIF=   +70.64 mT  layer_snes_iters=[3, 3, 3, 2, 1, 1]  clip_frac_max=0.000
    [newton k= 40] SCIF=   +75.06 mT  layer_snes_iters=[5, 13, 10, 6, 1, 1]  clip_frac_max=0.000
    [newton k= 41] SCIF=   +63.43 mT  layer_snes_iters=[14, 6, 12, 3, 1, 1]  clip_frac_max=0.000
    [newton k= 42] SCIF=   +71.60 mT  layer_snes_iters=[10, 13, 14, 7, 1, 1]  clip_frac_max=0.000
    [newton k= 43] SCIF=   +67.38 mT  layer_snes_iters=[15, 16, 11, 4, 1, 1]  clip_frac_max=0.000
    [newton k= 44] SCIF=   +84.44 mT  layer_snes_iters=[7, 3, 11, 4, 1, 1]  clip_frac_max=0.000
    [newton k= 45] SCIF=   +76.89 mT  layer_snes_iters=[10, 3, 5, 5, 1, 1]  clip_frac_max=0.000
    [newton k= 46] SCIF=   +82.22 mT  layer_snes_iters=[12, 3, 11, 7, 1, 1]  clip_frac_max=0.000
    [newton k= 47] SCIF=   +79.63 mT  layer_snes_iters=[14, 3, 3, 2, 1, 1]  clip_frac_max=0.000
    [newton k= 48] SCIF=   +75.58 mT  layer_snes_iters=[5, 3, 7, 7, 1, 1]  clip_frac_max=0.000
    [newton k= 49] SCIF=   +66.35 mT  layer_snes_iters=[15, 9, 13, 4, 1, 1]  clip_frac_max=0.000
    [newton k= 50] SCIF=   +66.54 mT  layer_snes_iters=[10, 3, 3, 6, 1, 1]  clip_frac_max=0.000
    [newton k= 51] SCIF=   +61.55 mT  layer_snes_iters=[9, 6, 12, 6, 1, 1]  clip_frac_max=0.000
    [newton k= 52] SCIF=   +67.66 mT  layer_snes_iters=[8, 3, 7, 4, 1, 1]  clip_frac_max=0.000
    [newton k= 53] SCIF=   +68.29 mT  layer_snes_iters=[11, 3, 8, 8, 1, 1]  clip_frac_max=0.000
    [newton k= 54] SCIF=   +64.50 mT  layer_snes_iters=[10, 13, 6, 7, 1, 1]  clip_frac_max=0.000
    [newton k= 55] SCIF=   +59.46 mT  layer_snes_iters=[6, 4, 15, 3, 1, 1]  clip_frac_max=0.000
    [newton k= 56] SCIF=   +64.85 mT  layer_snes_iters=[3, 14, 5, 6, 1, 1]  clip_frac_max=0.000
    [newton k= 57] SCIF=   +63.70 mT  layer_snes_iters=[9, 6, 9, 9, 1, 1]  clip_frac_max=0.000
    [newton k= 58] SCIF=   +61.88 mT  layer_snes_iters=[6, 6, 5, 2, 1, 1]  clip_frac_max=0.000
    [newton k= 59] SCIF=   +63.03 mT  layer_snes_iters=[4, 3, 13, 14, 1, 1]  clip_frac_max=0.000
    [newton k= 60] SCIF=   +62.33 mT  layer_snes_iters=[5, 14, 5, 2, 1, 1]  clip_frac_max=0.000
    [newton k= 61] SCIF=   +61.23 mT  layer_snes_iters=[3, 13, 9, 5, 1, 1]  clip_frac_max=0.000
    [newton k= 62] SCIF=   +62.83 mT  layer_snes_iters=[10, 12, 4, 5, 1, 1]  clip_frac_max=0.000
    [newton k= 63] SCIF=   +60.84 mT  layer_snes_iters=[9, 11, 14, 8, 1, 1]  clip_frac_max=0.000
    [newton k= 64] SCIF=   +71.88 mT  layer_snes_iters=[9, 14, 10, 3, 1, 1]  clip_frac_max=0.000
    [newton k= 65] SCIF=   +73.36 mT  layer_snes_iters=[4, 9, 11, 9, 1, 1]  clip_frac_max=0.000
    [newton k= 66] SCIF=   +80.96 mT  layer_snes_iters=[14, 12, 9, 2, 1, 1]  clip_frac_max=0.000
    [newton k= 67] SCIF=   +84.20 mT  layer_snes_iters=[13, 12, 6, 8, 1, 1]  clip_frac_max=0.000
    [newton k= 68] SCIF=   +85.04 mT  layer_snes_iters=[13, 14, 11, 5, 1, 1]  clip_frac_max=0.000
    [newton k= 69] SCIF=   +80.24 mT  layer_snes_iters=[15, 9, 11, 6, 1, 1]  clip_frac_max=0.000
    [newton k= 70] SCIF=   +81.92 mT  layer_snes_iters=[10, 15, 15, 6, 1, 1]  clip_frac_max=0.000
    [newton k= 71] SCIF=   +79.12 mT  layer_snes_iters=[3, 13, 3, 4, 1, 1]  clip_frac_max=0.000
    [newton k= 72] SCIF=   +80.48 mT  layer_snes_iters=[3, 5, 13, 8, 1, 1]  clip_frac_max=0.000
    [newton k= 73] SCIF=   +74.74 mT  layer_snes_iters=[3, 5, 9, 7, 1, 1]  clip_frac_max=0.000
    [newton k= 74] SCIF=   +80.80 mT  layer_snes_iters=[3, 14, 15, 7, 1, 1]  clip_frac_max=0.000
    [newton k= 75] SCIF=   +73.79 mT  layer_snes_iters=[6, 10, 10, 5, 1, 1]  clip_frac_max=0.000
    [newton k= 76] SCIF=   +77.02 mT  layer_snes_iters=[7, 14, 11, 7, 1, 1]  clip_frac_max=0.000
    [newton k= 77] SCIF=   +71.99 mT  layer_snes_iters=[10, 10, 8, 4, 1, 1]  clip_frac_max=0.000
    [newton k= 78] SCIF=   +75.40 mT  layer_snes_iters=[16, 13, 11, 8, 1, 1]  clip_frac_max=0.000
    [newton k= 79] SCIF=   +70.52 mT  layer_snes_iters=[12, 10, 11, 5, 1, 1]  clip_frac_max=0.000
    [newton k= 80] SCIF=   +71.51 mT  layer_snes_iters=[13, 13, 7, 8, 1, 1]  clip_frac_max=0.000
    [newton k= 81] SCIF=   +64.85 mT  layer_snes_iters=[12, 11, 15, 4, 1, 1]  clip_frac_max=0.000
    [newton k= 82] SCIF=   +65.61 mT  layer_snes_iters=[14, 13, 3, 8, 1, 1]  clip_frac_max=0.000
    [newton k= 83] SCIF=   +55.39 mT  layer_snes_iters=[10, 9, 14, 5, 1, 1]  clip_frac_max=0.000
    [newton k= 84] SCIF=   +59.39 mT  layer_snes_iters=[11, 3, 15, 8, 1, 1]  clip_frac_max=0.000
    [newton k= 85] SCIF=   +56.00 mT  layer_snes_iters=[6, 11, 6, 3, 1, 1]  clip_frac_max=0.000
    [newton k= 86] SCIF=   +61.37 mT  layer_snes_iters=[15, 11, 13, 10, 1, 1]  clip_frac_max=0.000
    [newton k= 87] SCIF=   +57.70 mT  layer_snes_iters=[15, 5, 12, 3, 1, 1]  clip_frac_max=0.000
    [newton k= 88] SCIF=   +56.85 mT  layer_snes_iters=[15, 11, 7, 12, 1, 1]  clip_frac_max=0.000
    [newton k= 89] SCIF=   +50.43 mT  layer_snes_iters=[14, 11, 13, 5, 1, 1]  clip_frac_max=0.000
    [newton k= 90] SCIF=   +48.28 mT  layer_snes_iters=[12, 3, 4, 13, 1, 1]  clip_frac_max=0.000
    [newton k= 91] SCIF=   +39.07 mT  layer_snes_iters=[4, 10, 14, 5, 1, 1]  clip_frac_max=0.000
    [newton k= 92] SCIF=   +40.15 mT  layer_snes_iters=[9, 13, 9, 12, 1, 1]  clip_frac_max=0.000
    [newton k= 93] SCIF=   +35.67 mT  layer_snes_iters=[7, 12, 11, 7, 1, 1]  clip_frac_max=0.000
    [newton k= 94] SCIF=   +46.61 mT  layer_snes_iters=[14, 3, 14, 11, 1, 1]  clip_frac_max=0.000
    [newton k= 95] SCIF=   +42.77 mT  layer_snes_iters=[12, 14, 13, 7, 1, 1]  clip_frac_max=0.000
    [newton k= 96] SCIF=   +50.09 mT  layer_snes_iters=[9, 13, 12, 11, 1, 1]  clip_frac_max=0.000
    [newton k= 97] SCIF=   +49.38 mT  layer_snes_iters=[10, 13, 8, 6, 1, 1]  clip_frac_max=0.000
    [newton k= 98] SCIF=   +53.26 mT  layer_snes_iters=[16, 14, 12, 12, 1, 1]  clip_frac_max=0.000
    [newton k= 99] SCIF=   +49.94 mT  layer_snes_iters=[13, 11, 12, 3, 1, 1]  clip_frac_max=0.000
    [newton k=100] SCIF=   +46.45 mT  layer_snes_iters=[12, 3, 6, 14, 1, 1]  clip_frac_max=0.000
    [newton k=101] SCIF=   +40.98 mT  layer_snes_iters=[14, 11, 7, 8, 1, 1]  clip_frac_max=0.000
    [newton k=102] SCIF=   +39.53 mT  layer_snes_iters=[13, 3, 3, 12, 1, 1]  clip_frac_max=0.000
    [newton k=103] SCIF=   +37.64 mT  layer_snes_iters=[6, 9, 4, 5, 1, 1]  clip_frac_max=0.000
    [newton k=104] SCIF=   +40.49 mT  layer_snes_iters=[9, 3, 9, 13, 1, 1]  clip_frac_max=0.000
    [newton k=105] SCIF=   +38.42 mT  layer_snes_iters=[6, 12, 15, 15, 1, 1]  clip_frac_max=0.000
    [newton k=106] SCIF=   +40.66 mT  layer_snes_iters=[16, 4, 7, 12, 1, 1]  clip_frac_max=0.000
    [newton k=107] SCIF=   +36.49 mT  layer_snes_iters=[7, 5, 14, 6, 1, 1]  clip_frac_max=0.000
    [newton k=108] SCIF=   +36.91 mT  layer_snes_iters=[11, 4, 6, 13, 1, 1]  clip_frac_max=0.000
    [newton k=109] SCIF=   +37.20 mT  layer_snes_iters=[17, 4, 4, 22, 1, 1]  clip_frac_max=0.000
    [newton k=110] SCIF=   +39.11 mT  layer_snes_iters=[13, 6, 9, 13, 1, 1]  clip_frac_max=0.000
    [newton k=111] SCIF=   +39.93 mT  layer_snes_iters=[9, 7, 4, 14, 1, 1]  clip_frac_max=0.000
    [newton k=112] SCIF=   +44.82 mT  layer_snes_iters=[14, 3, 11, 13, 1, 1]  clip_frac_max=0.000
    [newton k=113] SCIF=   +41.34 mT  layer_snes_iters=[12, 6, 15, 4, 1, 1]  clip_frac_max=0.000
    [newton k=114] SCIF=   +39.01 mT  layer_snes_iters=[15, 5, 6, 3, 1, 1]  clip_frac_max=0.000
    [newton k=115] SCIF=   +33.69 mT  layer_snes_iters=[11, 3, 8, 14, 1, 1]  clip_frac_max=0.000
    [newton k=116] SCIF=   +35.33 mT  layer_snes_iters=[13, 6, 15, 3, 1, 1]  clip_frac_max=0.000
    [newton k=117] SCIF=   +32.89 mT  layer_snes_iters=[7, 3, 7, 7, 1, 1]  clip_frac_max=0.000
    [newton k=118] SCIF=   +31.88 mT  layer_snes_iters=[7, 6, 12, 5, 1, 1]  clip_frac_max=0.000
    [newton k=119] SCIF=   +32.46 mT  layer_snes_iters=[12, 17, 6, 19, 1, 1]  clip_frac_max=0.000
    [newton k=120] SCIF=   +35.48 mT  layer_snes_iters=[12, 6, 13, 4, 1, 1]  clip_frac_max=0.000
    [newton k=121] SCIF=   +35.50 mT  layer_snes_iters=[6, 14, 6, 11, 1, 1]  clip_frac_max=0.000
    [newton k=122] SCIF=   +35.40 mT  layer_snes_iters=[9, 6, 14, 6, 1, 1]  clip_frac_max=0.000
    [newton k=123] SCIF=   +38.56 mT  layer_snes_iters=[8, 13, 6, 8, 1, 1]  clip_frac_max=0.000
    [newton k=124] SCIF=   +40.75 mT  layer_snes_iters=[12, 6, 15, 7, 1, 1]  clip_frac_max=0.000
    [newton k=125] SCIF=   +39.27 mT  layer_snes_iters=[11, 9, 16, 17, 1, 1]  clip_frac_max=0.000
    [newton k=126] SCIF=   +39.78 mT  layer_snes_iters=[8, 4, 12, 10, 1, 1]  clip_frac_max=0.000
    [newton k=127] SCIF=   +40.39 mT  layer_snes_iters=[15, 8, 7, 20, 1, 1]  clip_frac_max=0.000
    [newton k=128] SCIF=   +41.20 mT  layer_snes_iters=[5, 7, 15, 5, 1, 1]  clip_frac_max=0.000
    [newton k=129] SCIF=   +37.50 mT  layer_snes_iters=[12, 7, 16, 15, 2, 1]  clip_frac_max=0.000
    [newton k=130] SCIF=   +37.22 mT  layer_snes_iters=[15, 6, 13, 6, 1, 1]  clip_frac_max=0.000
    [newton k=131] SCIF=   +34.25 mT  layer_snes_iters=[11, 11, 15, 10, 4, 2]  clip_frac_max=0.000
    [newton k=132] SCIF=   +33.47 mT  layer_snes_iters=[18, 9, 12, 7, 3, 2]  clip_frac_max=0.000
    [newton k=133] SCIF=   +32.51 mT  layer_snes_iters=[19, 14, 15, 13, 4, 3]  clip_frac_max=0.000
      [layer 0] Newton failed this outer iteration (reason=-9)
      reverting outer iteration 134 entirely, returning the state from iteration 133 (NOT auto-validated -- check against independent ground truth before trusting this SCIF)
    [newton] step done: stop_reason=newton_failure_reverted  n_outer=133  SCIF=+32.51 mT
  step 6/24 SUMMARY: converged=False  stop_reason=newton_failure_reverted  SCIF=+32.51 mT
  step 7/24  t=  175.0 s  I=  57.17 A  dt=  25.0 s
      [debug layer 0] Jc range (this layer's cells): [2.2560e+11,4.8846e+11]  n range: [16.590,27.246]  any Jc<=0: False  any nonfinite Jc: False  any nonfinite n: False
      [debug layer 0] SNES reason=3  its=1  T finite: True
      [debug layer 1] Jc range (this layer's cells): [2.5838e+11,4.8865e+11]  n range: [17.348,27.294]  any Jc<=0: False  any nonfinite Jc: False  any nonfinite n: False
      [debug layer 1] SNES reason=3  its=1  T finite: True
      [debug layer 2] Jc range (this layer's cells): [1.8505e+11,4.7036e+11]  n range: [16.491,26.118]  any Jc<=0: False  any nonfinite Jc: False  any nonfinite n: False
      [debug layer 2] SNES reason=3  its=1  T finite: True
      [debug layer 3] Jc range (this layer's cells): [2.1740e+11,4.1132e+11]  n range: [16.649,23.833]  any Jc<=0: False  any nonfinite Jc: False  any nonfinite n: False
      [debug layer 3] SNES reason=3  its=1  T finite: True
      [debug layer 4] Jc range (this layer's cells): [3.0409e+11,3.7766e+11]  n range: [20.607,22.048]  any Jc<=0: False  any nonfinite Jc: False  any nonfinite n: False
      [debug layer 4] SNES reason=3  its=1  T finite: True
      [debug layer 5] Jc range (this layer's cells): [3.2925e+11,3.8065e+11]  n range: [21.254,22.506]  any Jc<=0: False  any nonfinite Jc: False  any nonfinite n: False
      [debug layer 5] SNES reason=3  its=1  T finite: True
    [newton k=  1] SCIF=  +434.41 mT  layer_snes_iters=[1, 1, 1, 1, 1, 1]  clip_frac_max=0.000
    [newton k=  2] SCIF=  +456.33 mT  layer_snes_iters=[9, 7, 11, 1, 1, 1]  clip_frac_max=0.000
    [newton k=  3] SCIF=  +396.65 mT  layer_snes_iters=[13, 11, 13, 4, 1, 1]  clip_frac_max=0.000
    [newton k=  4] SCIF=  +385.29 mT  layer_snes_iters=[6, 5, 12, 9, 1, 1]  clip_frac_max=0.000
    [newton k=  5] SCIF=  +321.70 mT  layer_snes_iters=[10, 9, 3, 13, 1, 1]  clip_frac_max=0.000
    [newton k=  6] SCIF=  +342.53 mT  layer_snes_iters=[12, 4, 2, 9, 1, 1]  clip_frac_max=0.000
    [newton k=  7] SCIF=  +288.31 mT  layer_snes_iters=[8, 10, 10, 3, 1, 1]  clip_frac_max=0.000
    [newton k=  8] SCIF=  +292.60 mT  layer_snes_iters=[13, 14, 3, 7, 1, 1]  clip_frac_max=0.000
    [newton k=  9] SCIF=  +241.54 mT  layer_snes_iters=[13, 11, 8, 3, 1, 1]  clip_frac_max=0.000
    [newton k= 10] SCIF=  +237.86 mT  layer_snes_iters=[2, 4, 12, 2, 1, 1]  clip_frac_max=0.000
    [newton k= 11] SCIF=  +188.70 mT  layer_snes_iters=[3, 11, 3, 2, 1, 1]  clip_frac_max=0.000
    [newton k= 12] SCIF=  +206.23 mT  layer_snes_iters=[10, 12, 2, 2, 1, 1]  clip_frac_max=0.000
    [newton k= 13] SCIF=  +168.06 mT  layer_snes_iters=[3, 3, 11, 8, 1, 1]  clip_frac_max=0.000
    [newton k= 14] SCIF=  +176.00 mT  layer_snes_iters=[10, 14, 15, 13, 1, 1]  clip_frac_max=0.000
    [newton k= 15] SCIF=  +131.17 mT  layer_snes_iters=[15, 15, 3, 3, 1, 1]  clip_frac_max=0.000
    [newton k= 16] SCIF=  +140.55 mT  layer_snes_iters=[2, 3, 11, 14, 1, 1]  clip_frac_max=0.000
    [newton k= 17] SCIF=  +114.37 mT  layer_snes_iters=[14, 4, 3, 13, 1, 1]  clip_frac_max=0.000
    [newton k= 18] SCIF=  +132.21 mT  layer_snes_iters=[6, 16, 4, 4, 1, 1]  clip_frac_max=0.000
    [newton k= 19] SCIF=  +108.48 mT  layer_snes_iters=[11, 15, 11, 10, 1, 1]  clip_frac_max=0.000
    [newton k= 20] SCIF=  +107.08 mT  layer_snes_iters=[10, 3, 9, 15, 1, 1]  clip_frac_max=0.000
    [newton k= 21] SCIF=   +86.46 mT  layer_snes_iters=[13, 12, 17, 3, 1, 1]  clip_frac_max=0.000
    [newton k= 22] SCIF=   +92.89 mT  layer_snes_iters=[6, 8, 13, 9, 1, 1]  clip_frac_max=0.000
    [newton k= 23] SCIF=   +68.27 mT  layer_snes_iters=[3, 4, 3, 3, 1, 1]  clip_frac_max=0.000
    [newton k= 24] SCIF=   +90.11 mT  layer_snes_iters=[3, 2, 2, 9, 1, 1]  clip_frac_max=0.000
    [newton k= 25] SCIF=   +78.98 mT  layer_snes_iters=[8, 10, 6, 10, 1, 1]  clip_frac_max=0.000
    [newton k= 26] SCIF=  +118.91 mT  layer_snes_iters=[14, 7, 8, 3, 1, 1]  clip_frac_max=0.000
    [newton k= 27] SCIF=   +91.06 mT  layer_snes_iters=[7, 6, 11, 12, 1, 1]  clip_frac_max=0.000
    [newton k= 28] SCIF=  +101.08 mT  layer_snes_iters=[3, 10, 5, 3, 1, 1]  clip_frac_max=0.000
    [newton k= 29] SCIF=   +79.26 mT  layer_snes_iters=[3, 13, 12, 4, 1, 1]  clip_frac_max=0.000
    [newton k= 30] SCIF=   +84.22 mT  layer_snes_iters=[11, 2, 9, 7, 1, 1]  clip_frac_max=0.000
    [newton k= 31] SCIF=   +62.53 mT  layer_snes_iters=[15, 3, 3, 7, 1, 1]  clip_frac_max=0.000
    [newton k= 32] SCIF=   +72.10 mT  layer_snes_iters=[12, 2, 6, 12, 1, 1]  clip_frac_max=0.000
    [newton k= 33] SCIF=   +55.70 mT  layer_snes_iters=[6, 12, 10, 5, 1, 1]  clip_frac_max=0.000
    [newton k= 34] SCIF=   +61.06 mT  layer_snes_iters=[13, 2, 13, 3, 1, 1]  clip_frac_max=0.000
    [newton k= 35] SCIF=   +41.43 mT  layer_snes_iters=[10, 3, 14, 15, 1, 1]  clip_frac_max=0.000
    [newton k= 36] SCIF=   +56.73 mT  layer_snes_iters=[12, 8, 7, 3, 1, 1]  clip_frac_max=0.000
    [newton k= 37] SCIF=   +42.38 mT  layer_snes_iters=[9, 3, 4, 3, 1, 1]  clip_frac_max=0.000
    [newton k= 38] SCIF=   +54.46 mT  layer_snes_iters=[14, 3, 11, 4, 1, 1]  clip_frac_max=0.000
    [newton k= 39] SCIF=   +45.45 mT  layer_snes_iters=[7, 3, 12, 10, 1, 1]  clip_frac_max=0.000
    [newton k= 40] SCIF=   +65.88 mT  layer_snes_iters=[3, 13, 2, 3, 1, 1]  clip_frac_max=0.000
    [newton k= 41] SCIF=   +54.40 mT  layer_snes_iters=[12, 4, 7, 13, 1, 1]  clip_frac_max=0.000
    [newton k= 42] SCIF=   +71.34 mT  layer_snes_iters=[12, 3, 10, 11, 1, 1]  clip_frac_max=0.000
    [newton k= 43] SCIF=   +57.23 mT  layer_snes_iters=[7, 3, 10, 3, 1, 1]  clip_frac_max=0.000
    [newton k= 44] SCIF=   +63.66 mT  layer_snes_iters=[13, 11, 11, 15, 1, 1]  clip_frac_max=0.000
    [newton k= 45] SCIF=   +44.37 mT  layer_snes_iters=[11, 10, 13, 16, 1, 1]  clip_frac_max=0.000
    [newton k= 46] SCIF=   +58.60 mT  layer_snes_iters=[12, 2, 2, 10, 1, 1]  clip_frac_max=0.000
    [newton k= 47] SCIF=   +48.31 mT  layer_snes_iters=[10, 12, 16, 4, 1, 1]  clip_frac_max=0.000
    [newton k= 48] SCIF=   +58.71 mT  layer_snes_iters=[13, 2, 12, 5, 1, 1]  clip_frac_max=0.000
    [newton k= 49] SCIF=   +44.20 mT  layer_snes_iters=[9, 11, 3, 3, 1, 1]  clip_frac_max=0.000
    [newton k= 50] SCIF=   +56.24 mT  layer_snes_iters=[3, 5, 8, 14, 1, 1]  clip_frac_max=0.000
    [newton k= 51] SCIF=   +44.81 mT  layer_snes_iters=[16, 9, 5, 3, 1, 1]  clip_frac_max=0.000
    [newton k= 52] SCIF=   +52.42 mT  layer_snes_iters=[9, 6, 12, 10, 1, 1]  clip_frac_max=0.000
    [newton k= 53] SCIF=   +41.69 mT  layer_snes_iters=[8, 9, 3, 3, 1, 1]  clip_frac_max=0.000
    [newton k= 54] SCIF=   +50.10 mT  layer_snes_iters=[3, 7, 12, 13, 1, 1]  clip_frac_max=0.000
    [newton k= 55] SCIF=   +42.80 mT  layer_snes_iters=[10, 8, 12, 15, 1, 1]  clip_frac_max=0.000
    [newton k= 56] SCIF=   +65.70 mT  layer_snes_iters=[11, 7, 2, 3, 1, 1]  clip_frac_max=0.000
    [newton k= 57] SCIF=   +57.55 mT  layer_snes_iters=[11, 9, 12, 3, 1, 1]  clip_frac_max=0.000
    [newton k= 58] SCIF=   +68.08 mT  layer_snes_iters=[13, 8, 7, 3, 1, 1]  clip_frac_max=0.000
    [newton k= 59] SCIF=   +55.06 mT  layer_snes_iters=[15, 9, 5, 8, 1, 1]  clip_frac_max=0.000
    [newton k= 60] SCIF=   +60.90 mT  layer_snes_iters=[4, 5, 13, 22, 1, 1]  clip_frac_max=0.000
    [newton k= 61] SCIF=   +48.52 mT  layer_snes_iters=[7, 6, 3, 10, 1, 1]  clip_frac_max=0.000
    [newton k= 62] SCIF=   +63.42 mT  layer_snes_iters=[3, 3, 8, 12, 1, 1]  clip_frac_max=0.000
    [newton k= 63] SCIF=   +53.41 mT  layer_snes_iters=[14, 3, 15, 8, 1, 1]  clip_frac_max=0.000
    [newton k= 64] SCIF=   +65.34 mT  layer_snes_iters=[5, 8, 12, 12, 1, 1]  clip_frac_max=0.000
    [newton k= 65] SCIF=   +52.21 mT  layer_snes_iters=[10, 6, 3, 4, 1, 1]  clip_frac_max=0.000
    [newton k= 66] SCIF=   +70.75 mT  layer_snes_iters=[3, 5, 8, 4, 1, 1]  clip_frac_max=0.000
    [newton k= 67] SCIF=   +57.19 mT  layer_snes_iters=[9, 3, 7, 5, 1, 1]  clip_frac_max=0.000
    [newton k= 68] SCIF=   +67.69 mT  layer_snes_iters=[14, 3, 11, 3, 1, 1]  clip_frac_max=0.000
    [newton k= 69] SCIF=   +52.65 mT  layer_snes_iters=[11, 4, 3, 14, 1, 1]  clip_frac_max=0.000
    [newton k= 70] SCIF=   +59.24 mT  layer_snes_iters=[3, 13, 12, 7, 1, 1]  clip_frac_max=0.000
    [newton k= 71] SCIF=   +48.65 mT  layer_snes_iters=[15, 3, 4, 3, 1, 1]  clip_frac_max=0.000
    [newton k= 72] SCIF=   +57.15 mT  layer_snes_iters=[9, 3, 12, 4, 1, 1]  clip_frac_max=0.000
    [newton] step done: stop_reason=stall  n_outer=72  SCIF=+57.15 mT
  step 7/24 SUMMARY: converged=True  stop_reason=stall  SCIF=+57.15 mT
  step 8/24  t=  200.0 s  I=  65.33 A  dt=  25.0 s
      [debug layer 0] Jc range (this layer's cells): [2.3366e+11,4.8611e+11]  n range: [16.601,27.030]  any Jc<=0: False  any nonfinite Jc: False  any nonfinite n: False
      [debug layer 0] SNES reason=3  its=1  T finite: True
      [debug layer 1] Jc range (this layer's cells): [2.3644e+11,4.7527e+11]  n range: [16.771,26.134]  any Jc<=0: False  any nonfinite Jc: False  any nonfinite n: False
      [debug layer 1] SNES reason=3  its=1  T finite: True
      [debug layer 2] Jc range (this layer's cells): [1.7902e+11,4.6347e+11]  n range: [16.073,25.949]  any Jc<=0: False  any nonfinite Jc: False  any nonfinite n: False
      [debug layer 2] SNES reason=3  its=1  T finite: True
      [debug layer 3] Jc range (this layer's cells): [1.9985e+11,3.9880e+11]  n range: [16.133,22.807]  any Jc<=0: False  any nonfinite Jc: False  any nonfinite n: False
      [debug layer 3] SNES reason=3  its=1  T finite: True
      [debug layer 4] Jc range (this layer's cells): [2.9092e+11,3.5464e+11]  n range: [20.368,21.528]  any Jc<=0: False  any nonfinite Jc: False  any nonfinite n: False
      [debug layer 4] SNES reason=3  its=1  T finite: True
      [debug layer 5] Jc range (this layer's cells): [3.1011e+11,3.6295e+11]  n range: [21.116,22.115]  any Jc<=0: False  any nonfinite Jc: False  any nonfinite n: False
      [debug layer 5] SNES reason=3  its=1  T finite: True
    [newton k=  1] SCIF=  +488.32 mT  layer_snes_iters=[1, 1, 1, 1, 1, 1]  clip_frac_max=0.000
    [newton k=  2] SCIF=  +527.94 mT  layer_snes_iters=[8, 10, 8, 10, 1, 1]  clip_frac_max=0.000
    [newton k=  3] SCIF=  +504.82 mT  layer_snes_iters=[4, 12, 10, 12, 1, 1]  clip_frac_max=0.000
    [newton k=  4] SCIF=  +448.32 mT  layer_snes_iters=[16, 3, 3, 11, 1, 1]  clip_frac_max=0.000
    [newton k=  5] SCIF=  +431.68 mT  layer_snes_iters=[9, 16, 4, 3, 1, 1]  clip_frac_max=0.000
    [newton k=  6] SCIF=  +392.82 mT  layer_snes_iters=[3, 3, 10, 12, 1, 1]  clip_frac_max=0.000
    [newton k=  7] SCIF=  +376.36 mT  layer_snes_iters=[13, 8, 3, 10, 1, 1]  clip_frac_max=0.000
    [newton k=  8] SCIF=  +343.65 mT  layer_snes_iters=[8, 3, 4, 4, 1, 1]  clip_frac_max=0.000
    [newton k=  9] SCIF=  +321.90 mT  layer_snes_iters=[12, 12, 9, 3, 1, 1]  clip_frac_max=0.000
    [newton k= 10] SCIF=  +289.38 mT  layer_snes_iters=[5, 13, 2, 10, 1, 1]  clip_frac_max=0.000
    [newton k= 11] SCIF=  +274.72 mT  layer_snes_iters=[13, 14, 8, 17, 1, 1]  clip_frac_max=0.000
    [newton k= 12] SCIF=  +250.71 mT  layer_snes_iters=[5, 13, 2, 3, 1, 1]  clip_frac_max=0.000
    [newton k= 13] SCIF=  +237.19 mT  layer_snes_iters=[12, 8, 10, 15, 1, 1]  clip_frac_max=0.000
    [newton k= 14] SCIF=  +218.28 mT  layer_snes_iters=[6, 8, 2, 12, 1, 1]  clip_frac_max=0.000
    [newton k= 15] SCIF=  +194.16 mT  layer_snes_iters=[15, 3, 16, 3, 1, 1]  clip_frac_max=0.000
    [newton k= 16] SCIF=  +192.40 mT  layer_snes_iters=[14, 15, 13, 5, 1, 1]  clip_frac_max=0.000
    [newton k= 17] SCIF=  +184.07 mT  layer_snes_iters=[14, 12, 7, 3, 1, 1]  clip_frac_max=0.000
    [newton k= 18] SCIF=  +163.98 mT  layer_snes_iters=[14, 3, 3, 14, 1, 1]  clip_frac_max=0.000
    [newton k= 19] SCIF=  +156.74 mT  layer_snes_iters=[10, 15, 10, 3, 1, 1]  clip_frac_max=0.000
    [newton k= 20] SCIF=  +141.97 mT  layer_snes_iters=[13, 16, 2, 13, 1, 1]  clip_frac_max=0.000
    [newton k= 21] SCIF=  +146.10 mT  layer_snes_iters=[14, 14, 8, 3, 1, 1]  clip_frac_max=0.000
    [newton k= 22] SCIF=  +156.43 mT  layer_snes_iters=[3, 3, 16, 3, 1, 1]  clip_frac_max=0.000
    [newton k= 23] SCIF=  +151.98 mT  layer_snes_iters=[13, 7, 10, 2, 1, 1]  clip_frac_max=0.000
    [newton k= 24] SCIF=  +136.83 mT  layer_snes_iters=[7, 4, 6, 15, 1, 1]  clip_frac_max=0.000
    [newton k= 25] SCIF=  +142.90 mT  layer_snes_iters=[14, 15, 5, 15, 1, 1]  clip_frac_max=0.000
    [newton k= 26] SCIF=  +135.27 mT  layer_snes_iters=[15, 3, 9, 11, 1, 1]  clip_frac_max=0.000
    [newton k= 27] SCIF=  +144.50 mT  layer_snes_iters=[6, 15, 2, 11, 1, 1]  clip_frac_max=0.000
    [newton k= 28] SCIF=  +139.54 mT  layer_snes_iters=[11, 3, 7, 3, 1, 1]  clip_frac_max=0.000
    [newton k= 29] SCIF=  +141.73 mT  layer_snes_iters=[3, 9, 4, 2, 1, 1]  clip_frac_max=0.000
    [newton k= 30] SCIF=  +133.38 mT  layer_snes_iters=[3, 3, 6, 2, 1, 1]  clip_frac_max=0.000
    [newton k= 31] SCIF=  +131.26 mT  layer_snes_iters=[3, 7, 7, 2, 1, 1]  clip_frac_max=0.000
    [newton k= 32] SCIF=  +113.99 mT  layer_snes_iters=[13, 3, 5, 14, 1, 1]  clip_frac_max=0.000
    [newton k= 33] SCIF=  +125.07 mT  layer_snes_iters=[8, 2, 4, 17, 1, 1]  clip_frac_max=0.000
    [newton k= 34] SCIF=  +119.45 mT  layer_snes_iters=[13, 7, 10, 7, 1, 1]  clip_frac_max=0.000
    [newton k= 35] SCIF=  +125.73 mT  layer_snes_iters=[8, 14, 2, 3, 1, 1]  clip_frac_max=0.000
    [newton k= 36] SCIF=  +108.44 mT  layer_snes_iters=[13, 12, 3, 14, 1, 1]  clip_frac_max=0.000
    [newton k= 37] SCIF=  +114.57 mT  layer_snes_iters=[15, 15, 10, 16, 1, 1]  clip_frac_max=0.000
    [newton k= 38] SCIF=  +109.37 mT  layer_snes_iters=[15, 9, 14, 12, 1, 1]  clip_frac_max=0.000
    [newton k= 39] SCIF=  +120.00 mT  layer_snes_iters=[11, 9, 6, 9, 1, 1]  clip_frac_max=0.000
    [newton k= 40] SCIF=  +120.74 mT  layer_snes_iters=[6, 9, 14, 12, 1, 1]  clip_frac_max=0.000
    [newton k= 41] SCIF=  +126.81 mT  layer_snes_iters=[12, 8, 5, 5, 1, 1]  clip_frac_max=0.000
    [newton k= 42] SCIF=  +115.95 mT  layer_snes_iters=[13, 13, 7, 10, 1, 1]  clip_frac_max=0.000
    [newton k= 43] SCIF=  +129.92 mT  layer_snes_iters=[10, 3, 4, 5, 1, 1]  clip_frac_max=0.000
    [newton k= 44] SCIF=  +114.71 mT  layer_snes_iters=[14, 8, 5, 8, 1, 1]  clip_frac_max=0.000
    [newton k= 45] SCIF=  +125.19 mT  layer_snes_iters=[3, 5, 7, 15, 1, 1]  clip_frac_max=0.000
    [newton k= 46] SCIF=  +114.58 mT  layer_snes_iters=[13, 14, 3, 15, 1, 1]  clip_frac_max=0.000
    [newton k= 47] SCIF=  +121.76 mT  layer_snes_iters=[8, 8, 7, 8, 1, 1]  clip_frac_max=0.000
    [newton k= 48] SCIF=  +113.62 mT  layer_snes_iters=[13, 4, 3, 5, 1, 1]  clip_frac_max=0.000
    [newton k= 49] SCIF=  +120.32 mT  layer_snes_iters=[7, 3, 8, 9, 1, 1]  clip_frac_max=0.000
    [newton k= 50] SCIF=  +116.10 mT  layer_snes_iters=[3, 13, 3, 3, 1, 1]  clip_frac_max=0.000
    [newton k= 51] SCIF=  +119.73 mT  layer_snes_iters=[3, 9, 7, 2, 1, 1]  clip_frac_max=0.000
    [newton k= 52] SCIF=  +105.83 mT  layer_snes_iters=[14, 7, 2, 7, 1, 1]  clip_frac_max=0.000
    [newton k= 53] SCIF=  +110.84 mT  layer_snes_iters=[6, 3, 9, 3, 1, 1]  clip_frac_max=0.000
    [newton k= 54] SCIF=  +104.16 mT  layer_snes_iters=[3, 11, 13, 12, 1, 1]  clip_frac_max=0.000
    [newton k= 55] SCIF=  +111.42 mT  layer_snes_iters=[14, 4, 9, 6, 1, 1]  clip_frac_max=0.000
    [newton k= 56] SCIF=  +104.07 mT  layer_snes_iters=[10, 2, 6, 7, 1, 1]  clip_frac_max=0.000
    [newton k= 57] SCIF=  +121.54 mT  layer_snes_iters=[5, 7, 4, 11, 1, 1]  clip_frac_max=0.000
    [newton k= 58] SCIF=  +101.72 mT  layer_snes_iters=[3, 2, 5, 12, 1, 1]  clip_frac_max=0.000
    [newton k= 59] SCIF=  +107.72 mT  layer_snes_iters=[3, 8, 8, 5, 1, 1]  clip_frac_max=0.000
    [newton k= 60] SCIF=   +96.04 mT  layer_snes_iters=[3, 8, 4, 12, 1, 1]  clip_frac_max=0.000
    [newton k= 61] SCIF=  +102.53 mT  layer_snes_iters=[3, 3, 9, 3, 1, 1]  clip_frac_max=0.000
    [newton k= 62] SCIF=   +93.01 mT  layer_snes_iters=[3, 7, 3, 8, 1, 1]  clip_frac_max=0.000
    [newton k= 63] SCIF=  +103.63 mT  layer_snes_iters=[6, 15, 5, 3, 1, 1]  clip_frac_max=0.000
    [newton k= 64] SCIF=  +101.30 mT  layer_snes_iters=[13, 14, 4, 4, 1, 1]  clip_frac_max=0.000
    [newton k= 65] SCIF=  +107.26 mT  layer_snes_iters=[7, 3, 9, 3, 1, 1]  clip_frac_max=0.000
    [newton k= 66] SCIF=  +104.75 mT  layer_snes_iters=[3, 3, 9, 6, 1, 1]  clip_frac_max=0.000
    [newton k= 67] SCIF=  +114.21 mT  layer_snes_iters=[3, 14, 8, 2, 1, 1]  clip_frac_max=0.000
    [newton k= 68] SCIF=  +112.70 mT  layer_snes_iters=[3, 14, 7, 4, 1, 1]  clip_frac_max=0.000
    [newton k= 69] SCIF=  +127.19 mT  layer_snes_iters=[14, 3, 2, 2, 1, 1]  clip_frac_max=0.000
    [newton k= 70] SCIF=  +124.01 mT  layer_snes_iters=[10, 10, 9, 5, 1, 1]  clip_frac_max=0.000
    [newton k= 71] SCIF=  +137.13 mT  layer_snes_iters=[9, 3, 3, 15, 1, 1]  clip_frac_max=0.000
    [newton k= 72] SCIF=  +123.76 mT  layer_snes_iters=[13, 3, 4, 4, 1, 1]  clip_frac_max=0.000
    [newton k= 73] SCIF=  +123.21 mT  layer_snes_iters=[8, 8, 9, 3, 1, 1]  clip_frac_max=0.000
    [newton k= 74] SCIF=  +110.52 mT  layer_snes_iters=[3, 3, 6, 7, 1, 1]  clip_frac_max=0.000
    [newton k= 75] SCIF=  +112.76 mT  layer_snes_iters=[3, 15, 10, 7, 1, 1]  clip_frac_max=0.000
    [newton k= 76] SCIF=  +109.90 mT  layer_snes_iters=[3, 14, 13, 4, 1, 1]  clip_frac_max=0.000
    [newton k= 77] SCIF=  +117.35 mT  layer_snes_iters=[3, 4, 7, 2, 1, 1]  clip_frac_max=0.000
    [newton k= 78] SCIF=  +110.58 mT  layer_snes_iters=[3, 7, 9, 6, 1, 1]  clip_frac_max=0.000
    [newton k= 79] SCIF=  +120.38 mT  layer_snes_iters=[3, 12, 4, 7, 1, 1]  clip_frac_max=0.000
    [newton k= 80] SCIF=  +113.86 mT  layer_snes_iters=[3, 10, 7, 7, 1, 1]  clip_frac_max=0.000
    [newton k= 81] SCIF=  +121.48 mT  layer_snes_iters=[15, 9, 9, 16, 1, 1]  clip_frac_max=0.000
    [newton k= 82] SCIF=  +115.28 mT  layer_snes_iters=[14, 7, 6, 5, 1, 1]  clip_frac_max=0.000
    [newton k= 83] SCIF=  +113.94 mT  layer_snes_iters=[11, 15, 12, 2, 1, 1]  clip_frac_max=0.000
    [newton k= 84] SCIF=  +105.50 mT  layer_snes_iters=[15, 5, 11, 6, 1, 1]  clip_frac_max=0.000
    [newton k= 85] SCIF=  +114.35 mT  layer_snes_iters=[11, 3, 10, 14, 1, 1]  clip_frac_max=0.000
    [newton k= 86] SCIF=  +102.56 mT  layer_snes_iters=[4, 3, 4, 7, 1, 1]  clip_frac_max=0.000
    [newton k= 87] SCIF=  +109.32 mT  layer_snes_iters=[3, 8, 8, 7, 1, 1]  clip_frac_max=0.000
    [newton k= 88] SCIF=   +99.45 mT  layer_snes_iters=[3, 2, 4, 7, 1, 1]  clip_frac_max=0.000
    [newton k= 89] SCIF=  +102.95 mT  layer_snes_iters=[3, 6, 9, 3, 1, 1]  clip_frac_max=0.000
    [newton k= 90] SCIF=   +99.80 mT  layer_snes_iters=[3, 7, 14, 6, 1, 1]  clip_frac_max=0.000
    [newton k= 91] SCIF=  +104.59 mT  layer_snes_iters=[3, 8, 12, 11, 1, 1]  clip_frac_max=0.000
    [newton k= 92] SCIF=  +100.43 mT  layer_snes_iters=[3, 10, 14, 7, 1, 1]  clip_frac_max=0.000
    [newton k= 93] SCIF=  +107.77 mT  layer_snes_iters=[6, 6, 9, 4, 1, 1]  clip_frac_max=0.000
    [newton k= 94] SCIF=  +103.74 mT  layer_snes_iters=[3, 13, 10, 10, 1, 1]  clip_frac_max=0.000
    [newton k= 95] SCIF=  +113.36 mT  layer_snes_iters=[5, 12, 7, 8, 1, 1]  clip_frac_max=0.000
    [newton k= 96] SCIF=  +107.67 mT  layer_snes_iters=[3, 12, 9, 11, 1, 1]  clip_frac_max=0.000
    [newton k= 97] SCIF=  +114.20 mT  layer_snes_iters=[10, 7, 6, 3, 1, 1]  clip_frac_max=0.000
    [newton k= 98] SCIF=  +107.49 mT  layer_snes_iters=[3, 14, 12, 15, 1, 1]  clip_frac_max=0.000
    [newton k= 99] SCIF=  +115.31 mT  layer_snes_iters=[5, 4, 7, 11, 1, 1]  clip_frac_max=0.000
    [newton k=100] SCIF=  +107.94 mT  layer_snes_iters=[9, 4, 12, 13, 1, 1]  clip_frac_max=0.000
    [newton k=101] SCIF=  +116.33 mT  layer_snes_iters=[11, 4, 7, 15, 1, 1]  clip_frac_max=0.000
    [newton k=102] SCIF=  +110.23 mT  layer_snes_iters=[3, 5, 9, 13, 1, 1]  clip_frac_max=0.000
    [newton k=103] SCIF=  +115.22 mT  layer_snes_iters=[11, 12, 8, 12, 1, 1]  clip_frac_max=0.000
    [newton k=104] SCIF=  +107.61 mT  layer_snes_iters=[3, 3, 11, 14, 1, 1]  clip_frac_max=0.000
    [newton k=105] SCIF=  +111.93 mT  layer_snes_iters=[3, 14, 8, 6, 1, 1]  clip_frac_max=0.000
    [newton k=106] SCIF=  +102.67 mT  layer_snes_iters=[10, 3, 11, 14, 1, 1]  clip_frac_max=0.000
    [newton k=107] SCIF=  +107.16 mT  layer_snes_iters=[9, 10, 8, 8, 1, 1]  clip_frac_max=0.000
    [newton k=108] SCIF=   +98.05 mT  layer_snes_iters=[8, 3, 11, 15, 1, 1]  clip_frac_max=0.000
    [newton k=109] SCIF=  +102.25 mT  layer_snes_iters=[8, 11, 9, 9, 1, 1]  clip_frac_max=0.000
    [newton k=110] SCIF=   +95.13 mT  layer_snes_iters=[6, 14, 9, 14, 1, 1]  clip_frac_max=0.000
    [newton k=111] SCIF=  +102.05 mT  layer_snes_iters=[9, 5, 10, 18, 1, 1]  clip_frac_max=0.000
    [newton k=112] SCIF=   +95.63 mT  layer_snes_iters=[7, 5, 8, 12, 1, 1]  clip_frac_max=0.000
    [newton k=113] SCIF=  +100.61 mT  layer_snes_iters=[11, 11, 11, 9, 1, 1]  clip_frac_max=0.000
    [newton k=114] SCIF=   +93.27 mT  layer_snes_iters=[6, 4, 7, 14, 1, 1]  clip_frac_max=0.000
    [newton k=115] SCIF=   +96.12 mT  layer_snes_iters=[8, 7, 12, 4, 1, 1]  clip_frac_max=0.000
    [newton k=116] SCIF=   +88.77 mT  layer_snes_iters=[7, 4, 15, 5, 1, 1]  clip_frac_max=0.000
    [newton k=117] SCIF=   +93.04 mT  layer_snes_iters=[13, 12, 14, 12, 1, 1]  clip_frac_max=0.000
    [newton k=118] SCIF=   +85.05 mT  layer_snes_iters=[7, 3, 14, 15, 1, 1]  clip_frac_max=0.000
    [newton k=119] SCIF=   +89.09 mT  layer_snes_iters=[16, 9, 4, 12, 1, 1]  clip_frac_max=0.000
    [newton k=120] SCIF=   +81.52 mT  layer_snes_iters=[7, 4, 16, 14, 1, 1]  clip_frac_max=0.000
    [newton k=121] SCIF=   +90.43 mT  layer_snes_iters=[10, 10, 14, 17, 1, 1]  clip_frac_max=0.000
    [newton k=122] SCIF=   +83.48 mT  layer_snes_iters=[10, 4, 12, 15, 1, 1]  clip_frac_max=0.000
    [newton k=123] SCIF=   +87.76 mT  layer_snes_iters=[16, 14, 5, 7, 1, 1]  clip_frac_max=0.000
    [newton k=124] SCIF=   +80.44 mT  layer_snes_iters=[8, 4, 15, 16, 1, 1]  clip_frac_max=0.000
    [newton k=125] SCIF=   +83.02 mT  layer_snes_iters=[15, 13, 8, 6, 1, 1]  clip_frac_max=0.000
    [newton k=126] SCIF=   +78.33 mT  layer_snes_iters=[7, 6, 13, 14, 1, 1]  clip_frac_max=0.000
    [newton k=127] SCIF=   +88.37 mT  layer_snes_iters=[9, 13, 17, 4, 1, 1]  clip_frac_max=0.000
    [newton k=128] SCIF=   +85.08 mT  layer_snes_iters=[9, 6, 14, 11, 1, 1]  clip_frac_max=0.000
    [newton k=129] SCIF=   +92.96 mT  layer_snes_iters=[17, 15, 7, 12, 1, 1]  clip_frac_max=0.000
    [newton k=130] SCIF=   +85.24 mT  layer_snes_iters=[11, 6, 13, 12, 1, 4]  clip_frac_max=0.000
      [layer 2] Newton failed this outer iteration (reason=-9)
      reverting outer iteration 131 entirely, returning the state from iteration 130 (NOT auto-validated -- check against independent ground truth before trusting this SCIF)
    [newton] step done: stop_reason=newton_failure_reverted  n_outer=130  SCIF=+85.24 mT
  step 8/24 SUMMARY: converged=False  stop_reason=newton_failure_reverted  SCIF=+85.24 mT
  step 9/24  t=  225.0 s  I=  73.50 A  dt=  25.0 s
      [debug layer 0] Jc range (this layer's cells): [2.2523e+11,4.8495e+11]  n range: [16.217,26.923]  any Jc<=0: False  any nonfinite Jc: False  any nonfinite n: False
      [debug layer 0] SNES reason=3  its=1  T finite: True
      [debug layer 1] Jc range (this layer's cells): [2.0580e+11,4.7744e+11]  n range: [16.300,26.300]  any Jc<=0: False  any nonfinite Jc: False  any nonfinite n: False
      [debug layer 1] SNES reason=3  its=1  T finite: True
      [debug layer 2] Jc range (this layer's cells): [1.7156e+11,4.7060e+11]  n range: [15.770,25.597]  any Jc<=0: False  any nonfinite Jc: False  any nonfinite n: False
      [debug layer 2] SNES reason=3  its=1  T finite: True
      [debug layer 3] Jc range (this layer's cells): [1.8053e+11,4.3866e+11]  n range: [15.770,24.601]  any Jc<=0: False  any nonfinite Jc: False  any nonfinite n: False
      [debug layer 3] SNES reason=3  its=1  T finite: True
      [debug layer 4] Jc range (this layer's cells): [2.7586e+11,3.3894e+11]  n range: [19.809,21.381]  any Jc<=0: False  any nonfinite Jc: False  any nonfinite n: False
      [debug layer 4] SNES reason=3  its=1  T finite: True
      [debug layer 5] Jc range (this layer's cells): [2.9577e+11,3.4582e+11]  n range: [21.058,21.815]  any Jc<=0: False  any nonfinite Jc: False  any nonfinite n: False
      [debug layer 5] SNES reason=3  its=1  T finite: True
    [newton k=  1] SCIF=  +456.18 mT  layer_snes_iters=[1, 1, 1, 1, 1, 1]  clip_frac_max=0.000
    [newton k=  2] SCIF=  +476.84 mT  layer_snes_iters=[9, 12, 7, 6, 1, 1]  clip_frac_max=0.000
    [newton k=  3] SCIF=  +425.62 mT  layer_snes_iters=[4, 5, 9, 5, 1, 1]  clip_frac_max=0.000
    [newton k=  4] SCIF=  +414.37 mT  layer_snes_iters=[9, 5, 3, 3, 1, 1]  clip_frac_max=0.000
    [newton k=  5] SCIF=  +372.82 mT  layer_snes_iters=[6, 3, 3, 2, 1, 1]  clip_frac_max=0.000
    [newton k=  6] SCIF=  +363.72 mT  layer_snes_iters=[10, 11, 15, 3, 1, 1]  clip_frac_max=0.000
    [newton k=  7] SCIF=  +316.41 mT  layer_snes_iters=[2, 3, 12, 9, 1, 1]  clip_frac_max=0.000
    [newton k=  8] SCIF=  +306.48 mT  layer_snes_iters=[3, 3, 3, 4, 1, 1]  clip_frac_max=0.000
    [newton k=  9] SCIF=  +302.66 mT  layer_snes_iters=[11, 7, 3, 11, 1, 1]  clip_frac_max=0.000
    [newton k= 10] SCIF=  +290.03 mT  layer_snes_iters=[3, 16, 17, 5, 1, 1]  clip_frac_max=0.000
    [newton k= 11] SCIF=  +254.62 mT  layer_snes_iters=[10, 8, 3, 3, 1, 1]  clip_frac_max=0.000
    [newton k= 12] SCIF=  +247.43 mT  layer_snes_iters=[13, 4, 10, 6, 1, 1]  clip_frac_max=0.000
    [newton k= 13] SCIF=  +214.20 mT  layer_snes_iters=[9, 15, 10, 3, 1, 1]  clip_frac_max=0.000
    [newton k= 14] SCIF=  +208.13 mT  layer_snes_iters=[23, 6, 4, 2, 1, 1]  clip_frac_max=0.000
    [newton k= 15] SCIF=  +184.54 mT  layer_snes_iters=[15, 10, 5, 12, 1, 1]  clip_frac_max=0.000
    [newton k= 16] SCIF=  +178.73 mT  layer_snes_iters=[15, 13, 11, 9, 1, 1]  clip_frac_max=0.000
    [newton k= 17] SCIF=  +154.25 mT  layer_snes_iters=[3, 7, 3, 6, 1, 1]  clip_frac_max=0.000
    [newton k= 18] SCIF=  +159.93 mT  layer_snes_iters=[3, 7, 2, 2, 1, 1]  clip_frac_max=0.000
    [newton k= 19] SCIF=  +146.38 mT  layer_snes_iters=[9, 3, 13, 13, 1, 1]  clip_frac_max=0.000
    [newton k= 20] SCIF=  +147.48 mT  layer_snes_iters=[14, 4, 3, 8, 1, 1]  clip_frac_max=0.000
    [newton k= 21] SCIF=  +120.05 mT  layer_snes_iters=[9, 3, 9, 3, 1, 1]  clip_frac_max=0.000
    [newton k= 22] SCIF=  +124.19 mT  layer_snes_iters=[15, 12, 3, 7, 1, 1]  clip_frac_max=0.000
    [newton k= 23] SCIF=  +108.63 mT  layer_snes_iters=[8, 5, 14, 5, 1, 1]  clip_frac_max=0.000
    [newton k= 24] SCIF=  +120.45 mT  layer_snes_iters=[14, 3, 3, 2, 1, 1]  clip_frac_max=0.000
    [newton k= 25] SCIF=  +110.77 mT  layer_snes_iters=[9, 2, 12, 13, 1, 1]  clip_frac_max=0.000
    [newton k= 26] SCIF=  +119.62 mT  layer_snes_iters=[3, 3, 3, 10, 1, 1]  clip_frac_max=0.000
    [newton k= 27] SCIF=  +103.15 mT  layer_snes_iters=[10, 3, 9, 15, 1, 1]  clip_frac_max=0.000
    [newton k= 28] SCIF=  +110.91 mT  layer_snes_iters=[11, 7, 12, 9, 1, 1]  clip_frac_max=0.000
    [newton k= 29] SCIF=  +100.96 mT  layer_snes_iters=[4, 5, 3, 10, 1, 1]  clip_frac_max=0.000
    [newton k= 30] SCIF=  +107.74 mT  layer_snes_iters=[3, 13, 2, 15, 1, 1]  clip_frac_max=0.000
    [newton k= 31] SCIF=   +98.65 mT  layer_snes_iters=[7, 7, 13, 4, 1, 1]  clip_frac_max=0.000
    [newton k= 32] SCIF=   +99.25 mT  layer_snes_iters=[12, 15, 18, 15, 1, 1]  clip_frac_max=0.000
    [newton k= 33] SCIF=   +84.19 mT  layer_snes_iters=[10, 11, 4, 3, 1, 1]  clip_frac_max=0.000
    [newton k= 34] SCIF=   +84.57 mT  layer_snes_iters=[11, 7, 15, 9, 1, 1]  clip_frac_max=0.000
    [newton k= 35] SCIF=   +84.36 mT  layer_snes_iters=[5, 7, 13, 3, 1, 1]  clip_frac_max=0.000
    [newton k= 36] SCIF=   +81.69 mT  layer_snes_iters=[4, 6, 14, 13, 1, 1]  clip_frac_max=0.000
    [newton k= 37] SCIF=   +73.26 mT  layer_snes_iters=[14, 3, 10, 15, 1, 1]  clip_frac_max=0.000
    [newton k= 38] SCIF=   +78.32 mT  layer_snes_iters=[8, 12, 5, 16, 1, 1]  clip_frac_max=0.000
    [newton k= 39] SCIF=   +76.86 mT  layer_snes_iters=[4, 3, 9, 15, 1, 1]  clip_frac_max=0.000
    [newton k= 40] SCIF=   +72.08 mT  layer_snes_iters=[11, 3, 14, 10, 1, 1]  clip_frac_max=0.000
    [newton k= 41] SCIF=   +71.78 mT  layer_snes_iters=[4, 2, 3, 9, 1, 1]  clip_frac_max=0.000
    [newton k= 42] SCIF=   +68.17 mT  layer_snes_iters=[12, 10, 3, 3, 1, 1]  clip_frac_max=0.000
    [newton k= 43] SCIF=   +74.81 mT  layer_snes_iters=[2, 2, 3, 3, 1, 1]  clip_frac_max=0.000
    [newton k= 44] SCIF=   +79.92 mT  layer_snes_iters=[13, 8, 5, 3, 1, 1]  clip_frac_max=0.000
    [newton k= 45] SCIF=   +79.16 mT  layer_snes_iters=[2, 2, 2, 2, 1, 1]  clip_frac_max=0.000
    [newton k= 46] SCIF=   +82.05 mT  layer_snes_iters=[10, 2, 10, 4, 1, 1]  clip_frac_max=0.000
    [newton k= 47] SCIF=   +80.40 mT  layer_snes_iters=[5, 2, 3, 2, 1, 1]  clip_frac_max=0.000
    [newton k= 48] SCIF=   +86.18 mT  layer_snes_iters=[11, 9, 3, 3, 1, 1]  clip_frac_max=0.000
    [newton k= 49] SCIF=   +93.32 mT  layer_snes_iters=[5, 10, 11, 2, 1, 1]  clip_frac_max=0.000
    [newton k= 50] SCIF=   +95.56 mT  layer_snes_iters=[9, 16, 3, 4, 1, 1]  clip_frac_max=0.000
    [newton k= 51] SCIF=   +99.10 mT  layer_snes_iters=[6, 3, 12, 2, 1, 1]  clip_frac_max=0.000
    [newton k= 52] SCIF=   +95.18 mT  layer_snes_iters=[13, 11, 9, 3, 1, 1]  clip_frac_max=0.000
    [newton k= 53] SCIF=  +103.55 mT  layer_snes_iters=[3, 10, 13, 2, 1, 1]  clip_frac_max=0.000
    [newton k= 54] SCIF=  +101.30 mT  layer_snes_iters=[10, 3, 6, 3, 1, 1]  clip_frac_max=0.000
    [newton k= 55] SCIF=  +105.09 mT  layer_snes_iters=[4, 3, 13, 2, 1, 1]  clip_frac_max=0.000
    [newton k= 56] SCIF=   +99.76 mT  layer_snes_iters=[12, 13, 15, 6, 1, 1]  clip_frac_max=0.000
    [newton k= 57] SCIF=  +103.78 mT  layer_snes_iters=[2, 12, 7, 2, 1, 1]  clip_frac_max=0.000
    [newton k= 58] SCIF=  +100.50 mT  layer_snes_iters=[16, 3, 16, 3, 1, 1]  clip_frac_max=0.000
    [newton k= 59] SCIF=   +98.03 mT  layer_snes_iters=[13, 3, 3, 2, 1, 1]  clip_frac_max=0.000
    [newton k= 60] SCIF=   +94.87 mT  layer_snes_iters=[14, 13, 3, 3, 1, 1]  clip_frac_max=0.000
    [newton k= 61] SCIF=   +93.36 mT  layer_snes_iters=[7, 4, 4, 2, 1, 1]  clip_frac_max=0.000
    [newton k= 62] SCIF=   +89.66 mT  layer_snes_iters=[4, 5, 9, 4, 1, 1]  clip_frac_max=0.000
    [newton k= 63] SCIF=   +93.41 mT  layer_snes_iters=[13, 2, 16, 2, 1, 1]  clip_frac_max=0.000
    [newton k= 64] SCIF=   +92.94 mT  layer_snes_iters=[12, 2, 14, 3, 1, 1]  clip_frac_max=0.000
    [newton k= 65] SCIF=   +95.21 mT  layer_snes_iters=[9, 6, 8, 2, 1, 1]  clip_frac_max=0.000
    [newton k= 66] SCIF=   +93.04 mT  layer_snes_iters=[11, 6, 11, 12, 1, 1]  clip_frac_max=0.000
    [newton k= 67] SCIF=   +93.32 mT  layer_snes_iters=[11, 2, 3, 4, 1, 1]  clip_frac_max=0.000
    [newton k= 68] SCIF=   +86.90 mT  layer_snes_iters=[5, 7, 10, 4, 1, 1]  clip_frac_max=0.000
    [newton k= 69] SCIF=   +90.38 mT  layer_snes_iters=[10, 2, 12, 3, 1, 1]  clip_frac_max=0.000
    [newton k= 70] SCIF=   +84.13 mT  layer_snes_iters=[11, 8, 8, 3, 1, 1]  clip_frac_max=0.000
    [newton k= 71] SCIF=   +91.20 mT  layer_snes_iters=[4, 3, 8, 3, 1, 1]  clip_frac_max=0.000
    [newton k= 72] SCIF=   +83.85 mT  layer_snes_iters=[13, 8, 10, 4, 1, 1]  clip_frac_max=0.000
    [newton k= 73] SCIF=   +89.23 mT  layer_snes_iters=[2, 2, 3, 6, 1, 1]  clip_frac_max=0.000
    [newton k= 74] SCIF=   +81.11 mT  layer_snes_iters=[13, 8, 14, 4, 1, 1]  clip_frac_max=0.000
    [newton k= 75] SCIF=   +82.89 mT  layer_snes_iters=[3, 3, 14, 7, 1, 1]  clip_frac_max=0.000
    [newton k= 76] SCIF=   +75.87 mT  layer_snes_iters=[12, 10, 7, 6, 1, 1]  clip_frac_max=0.000
    [newton k= 77] SCIF=   +79.20 mT  layer_snes_iters=[4, 2, 9, 9, 1, 1]  clip_frac_max=0.000
    [newton k= 78] SCIF=   +74.48 mT  layer_snes_iters=[12, 16, 3, 7, 1, 1]  clip_frac_max=0.000
    [newton k= 79] SCIF=   +80.21 mT  layer_snes_iters=[4, 16, 9, 14, 1, 1]  clip_frac_max=0.000
    [newton k= 80] SCIF=   +74.44 mT  layer_snes_iters=[9, 14, 10, 14, 1, 1]  clip_frac_max=0.000
    [newton k= 81] SCIF=   +76.27 mT  layer_snes_iters=[8, 6, 5, 11, 1, 1]  clip_frac_max=0.000
    [newton k= 82] SCIF=   +72.33 mT  layer_snes_iters=[8, 12, 4, 15, 1, 1]  clip_frac_max=0.000
    [newton k= 83] SCIF=   +75.45 mT  layer_snes_iters=[10, 4, 8, 11, 1, 1]  clip_frac_max=0.000
    [newton k= 84] SCIF=   +69.22 mT  layer_snes_iters=[4, 5, 9, 12, 1, 1]  clip_frac_max=0.000
    [newton k= 85] SCIF=   +70.13 mT  layer_snes_iters=[3, 7, 7, 10, 1, 1]  clip_frac_max=0.000
    [newton k= 86] SCIF=   +67.75 mT  layer_snes_iters=[16, 15, 3, 14, 1, 1]  clip_frac_max=0.000
    [newton k= 87] SCIF=   +69.59 mT  layer_snes_iters=[14, 2, 7, 9, 1, 1]  clip_frac_max=0.000
    [newton k= 88] SCIF=   +63.86 mT  layer_snes_iters=[16, 15, 8, 15, 1, 1]  clip_frac_max=0.000
    [newton k= 89] SCIF=   +67.55 mT  layer_snes_iters=[13, 15, 5, 10, 1, 1]  clip_frac_max=0.000
    [newton k= 90] SCIF=   +65.59 mT  layer_snes_iters=[13, 7, 4, 4, 1, 1]  clip_frac_max=0.000
    [newton k= 91] SCIF=   +65.19 mT  layer_snes_iters=[3, 5, 8, 13, 1, 1]  clip_frac_max=0.000
    [newton k= 92] SCIF=   +60.49 mT  layer_snes_iters=[7, 7, 13, 18, 1, 1]  clip_frac_max=0.000
    [newton k= 93] SCIF=   +61.66 mT  layer_snes_iters=[14, 6, 6, 12, 1, 1]  clip_frac_max=0.000
    [newton k= 94] SCIF=   +58.04 mT  layer_snes_iters=[7, 8, 12, 14, 1, 1]  clip_frac_max=0.000
    [newton k= 95] SCIF=   +59.76 mT  layer_snes_iters=[13, 5, 6, 14, 1, 1]  clip_frac_max=0.000
    [newton k= 96] SCIF=   +59.14 mT  layer_snes_iters=[10, 9, 16, 4, 1, 1]  clip_frac_max=0.000
    [newton k= 97] SCIF=   +63.63 mT  layer_snes_iters=[13, 4, 8, 4, 1, 1]  clip_frac_max=0.000
    [newton k= 98] SCIF=   +59.73 mT  layer_snes_iters=[3, 14, 6, 4, 1, 1]  clip_frac_max=0.000
    [newton k= 99] SCIF=   +59.88 mT  layer_snes_iters=[14, 2, 15, 13, 1, 1]  clip_frac_max=0.000
    [newton k=100] SCIF=   +57.00 mT  layer_snes_iters=[4, 9, 16, 18, 1, 1]  clip_frac_max=0.000
    [newton k=101] SCIF=   +56.46 mT  layer_snes_iters=[14, 4, 15, 14, 1, 1]  clip_frac_max=0.000
    [newton k=102] SCIF=   +56.46 mT  layer_snes_iters=[4, 10, 4, 16, 1, 1]  clip_frac_max=0.000
    [newton k=103] SCIF=   +56.09 mT  layer_snes_iters=[3, 3, 9, 4, 1, 1]  clip_frac_max=0.000
    [newton k=104] SCIF=   +58.21 mT  layer_snes_iters=[14, 13, 10, 5, 1, 1]  clip_frac_max=0.000
    [newton k=105] SCIF=   +58.62 mT  layer_snes_iters=[13, 2, 9, 15, 1, 1]  clip_frac_max=0.000
    [newton k=106] SCIF=   +62.27 mT  layer_snes_iters=[13, 8, 17, 11, 1, 1]  clip_frac_max=0.000
    [newton k=107] SCIF=   +60.92 mT  layer_snes_iters=[13, 5, 12, 13, 1, 1]  clip_frac_max=0.000
    [newton k=108] SCIF=   +60.35 mT  layer_snes_iters=[10, 8, 16, 15, 1, 1]  clip_frac_max=0.000
    [newton k=109] SCIF=   +58.67 mT  layer_snes_iters=[3, 6, 9, 15, 1, 1]  clip_frac_max=0.000
    [newton k=110] SCIF=   +58.96 mT  layer_snes_iters=[11, 7, 12, 10, 1, 1]  clip_frac_max=0.000
    [newton k=111] SCIF=   +58.93 mT  layer_snes_iters=[4, 7, 9, 13, 1, 1]  clip_frac_max=0.000
    [newton k=112] SCIF=   +58.24 mT  layer_snes_iters=[12, 6, 13, 19, 1, 1]  clip_frac_max=0.000
    [newton k=113] SCIF=   +58.25 mT  layer_snes_iters=[6, 8, 12, 3, 1, 1]  clip_frac_max=0.000
    [newton k=114] SCIF=   +56.91 mT  layer_snes_iters=[6, 7, 16, 20, 1, 1]  clip_frac_max=0.000
    [newton k=115] SCIF=   +57.80 mT  layer_snes_iters=[4, 8, 15, 4, 1, 1]  clip_frac_max=0.000
    [newton k=116] SCIF=   +60.75 mT  layer_snes_iters=[12, 5, 10, 8, 1, 1]  clip_frac_max=0.000
    [newton k=117] SCIF=   +62.93 mT  layer_snes_iters=[7, 10, 12, 5, 1, 1]  clip_frac_max=0.000
    [newton k=118] SCIF=   +68.67 mT  layer_snes_iters=[13, 8, 6, 17, 1, 1]  clip_frac_max=0.000
    [newton k=119] SCIF=   +69.45 mT  layer_snes_iters=[4, 8, 15, 12, 1, 1]  clip_frac_max=0.000
    [newton k=120] SCIF=   +71.22 mT  layer_snes_iters=[10, 7, 5, 9, 1, 1]  clip_frac_max=0.000
    [newton k=121] SCIF=   +71.26 mT  layer_snes_iters=[4, 8, 14, 13, 1, 1]  clip_frac_max=0.000
    [newton k=122] SCIF=   +70.96 mT  layer_snes_iters=[4, 8, 19, 17, 1, 1]  clip_frac_max=0.000
    [newton k=123] SCIF=   +69.94 mT  layer_snes_iters=[7, 9, 13, 6, 1, 1]  clip_frac_max=0.000
    [newton k=124] SCIF=   +70.18 mT  layer_snes_iters=[12, 6, 13, 15, 1, 1]  clip_frac_max=0.000
    [newton k=125] SCIF=   +68.51 mT  layer_snes_iters=[7, 10, 13, 13, 1, 1]  clip_frac_max=0.000
    [newton k=126] SCIF=   +68.33 mT  layer_snes_iters=[9, 9, 15, 12, 1, 1]  clip_frac_max=0.000
    [newton k=127] SCIF=   +64.74 mT  layer_snes_iters=[7, 11, 13, 6, 1, 1]  clip_frac_max=0.000
    [newton k=128] SCIF=   +71.82 mT  layer_snes_iters=[10, 9, 11, 11, 1, 1]  clip_frac_max=0.000
    [newton k=129] SCIF=   +70.33 mT  layer_snes_iters=[10, 12, 9, 13, 1, 3]  clip_frac_max=0.000
    [newton k=130] SCIF=   +72.08 mT  layer_snes_iters=[13, 7, 13, 13, 2, 6]  clip_frac_max=0.000
      [layer 1] Newton failed this outer iteration (reason=-9)
      reverting outer iteration 131 entirely, returning the state from iteration 130 (NOT auto-validated -- check against independent ground truth before trusting this SCIF)
    [newton] step done: stop_reason=newton_failure_reverted  n_outer=130  SCIF=+72.08 mT
  step 9/24 SUMMARY: converged=False  stop_reason=newton_failure_reverted  SCIF=+72.08 mT
  step 10/24  t=  250.0 s  I=  81.67 A  dt=  25.0 s
      [debug layer 0] Jc range (this layer's cells): [2.1089e+11,4.8423e+11]  n range: [16.067,26.787]  any Jc<=0: False  any nonfinite Jc: False  any nonfinite n: False
      [debug layer 0] SNES reason=3  its=1  T finite: True
      [debug layer 1] Jc range (this layer's cells): [1.9922e+11,4.6138e+11]  n range: [15.878,25.170]  any Jc<=0: False  any nonfinite Jc: False  any nonfinite n: False
      [debug layer 1] SNES reason=3  its=1  T finite: True
      [debug layer 2] Jc range (this layer's cells): [1.5907e+11,4.8076e+11]  n range: [15.498,26.346]  any Jc<=0: False  any nonfinite Jc: False  any nonfinite n: False
      [debug layer 2] SNES reason=3  its=1  T finite: True
      [debug layer 3] Jc range (this layer's cells): [1.7272e+11,3.7997e+11]  n range: [15.497,23.147]  any Jc<=0: False  any nonfinite Jc: False  any nonfinite n: False
      [debug layer 3] SNES reason=3  its=1  T finite: True
      [debug layer 4] Jc range (this layer's cells): [2.5941e+11,3.2459e+11]  n range: [19.672,21.325]  any Jc<=0: False  any nonfinite Jc: False  any nonfinite n: False
      [debug layer 4] SNES reason=3  its=1  T finite: True
      [debug layer 5] Jc range (this layer's cells): [2.8326e+11,3.3308e+11]  n range: [21.007,21.621]  any Jc<=0: False  any nonfinite Jc: False  any nonfinite n: False
      [debug layer 5] SNES reason=3  its=1  T finite: True
    [newton k=  1] SCIF=  +476.64 mT  layer_snes_iters=[1, 1, 1, 1, 1, 1]  clip_frac_max=0.000
    [newton k=  2] SCIF=  +506.92 mT  layer_snes_iters=[2, 1, 10, 12, 1, 1]  clip_frac_max=0.000
    [newton k=  3] SCIF=  +466.38 mT  layer_snes_iters=[10, 13, 9, 8, 1, 1]  clip_frac_max=0.000
    [newton k=  4] SCIF=  +475.39 mT  layer_snes_iters=[7, 7, 2, 9, 1, 1]  clip_frac_max=0.000
    [newton k=  5] SCIF=  +437.04 mT  layer_snes_iters=[16, 2, 3, 15, 1, 1]  clip_frac_max=0.000
    [newton k=  6] SCIF=  +412.30 mT  layer_snes_iters=[14, 6, 2, 13, 1, 1]  clip_frac_max=0.000
    [newton k=  7] SCIF=  +376.42 mT  layer_snes_iters=[10, 11, 13, 10, 1, 1]  clip_frac_max=0.000
    [newton k=  8] SCIF=  +340.98 mT  layer_snes_iters=[6, 2, 16, 14, 1, 1]  clip_frac_max=0.000
    [newton k=  9] SCIF=  +295.99 mT  layer_snes_iters=[12, 3, 15, 9, 1, 1]  clip_frac_max=0.000
    [newton k= 10] SCIF=  +271.93 mT  layer_snes_iters=[3, 16, 8, 6, 1, 1]  clip_frac_max=0.000
    [newton k= 11] SCIF=  +240.56 mT  layer_snes_iters=[13, 12, 9, 16, 1, 1]  clip_frac_max=0.000
    [newton k= 12] SCIF=  +240.37 mT  layer_snes_iters=[2, 11, 8, 16, 1, 1]  clip_frac_max=0.000
    [newton k= 13] SCIF=  +217.13 mT  layer_snes_iters=[14, 2, 5, 3, 1, 1]  clip_frac_max=0.000
    [newton k= 14] SCIF=  +214.36 mT  layer_snes_iters=[2, 7, 2, 3, 1, 1]  clip_frac_max=0.000
    [newton k= 15] SCIF=  +195.50 mT  layer_snes_iters=[10, 9, 14, 3, 1, 1]  clip_frac_max=0.000
    [newton k= 16] SCIF=  +189.58 mT  layer_snes_iters=[6, 7, 14, 13, 1, 1]  clip_frac_max=0.000
    [newton k= 17] SCIF=  +169.18 mT  layer_snes_iters=[11, 9, 4, 7, 1, 1]  clip_frac_max=0.000
    [newton k= 18] SCIF=  +159.10 mT  layer_snes_iters=[5, 3, 15, 9, 1, 1]  clip_frac_max=0.000
    [newton k= 19] SCIF=  +141.69 mT  layer_snes_iters=[14, 3, 5, 9, 1, 1]  clip_frac_max=0.000
    [newton k= 20] SCIF=  +141.81 mT  layer_snes_iters=[2, 5, 7, 3, 1, 1]  clip_frac_max=0.000
    [newton k= 21] SCIF=  +141.60 mT  layer_snes_iters=[13, 7, 11, 2, 1, 1]  clip_frac_max=0.000
    [newton k= 22] SCIF=  +141.93 mT  layer_snes_iters=[2, 2, 6, 12, 1, 1]  clip_frac_max=0.000
    [newton k= 23] SCIF=  +138.79 mT  layer_snes_iters=[14, 10, 13, 16, 1, 1]  clip_frac_max=0.000
    [newton k= 24] SCIF=  +129.15 mT  layer_snes_iters=[12, 2, 12, 5, 1, 1]  clip_frac_max=0.000
    [newton k= 25] SCIF=  +125.18 mT  layer_snes_iters=[15, 2, 7, 13, 1, 1]  clip_frac_max=0.000
    [newton k= 26] SCIF=  +124.03 mT  layer_snes_iters=[15, 10, 5, 3, 1, 1]  clip_frac_max=0.000
    [newton k= 27] SCIF=  +117.72 mT  layer_snes_iters=[12, 8, 12, 9, 1, 1]  clip_frac_max=0.000
    [newton k= 28] SCIF=  +113.01 mT  layer_snes_iters=[14, 3, 11, 3, 1, 1]  clip_frac_max=0.000
    [newton k= 29] SCIF=   +96.69 mT  layer_snes_iters=[12, 5, 5, 13, 1, 1]  clip_frac_max=0.000
    [newton k= 30] SCIF=  +102.82 mT  layer_snes_iters=[7, 7, 8, 13, 1, 1]  clip_frac_max=0.000
    [newton k= 31] SCIF=   +83.95 mT  layer_snes_iters=[3, 5, 3, 9, 1, 1]  clip_frac_max=0.000
    [newton k= 32] SCIF=   +83.64 mT  layer_snes_iters=[12, 10, 10, 8, 1, 1]  clip_frac_max=0.000
    [newton k= 33] SCIF=   +76.06 mT  layer_snes_iters=[15, 12, 4, 3, 1, 1]  clip_frac_max=0.000
    [newton k= 34] SCIF=   +81.14 mT  layer_snes_iters=[5, 3, 12, 3, 1, 1]  clip_frac_max=0.000
    [newton k= 35] SCIF=   +84.01 mT  layer_snes_iters=[4, 5, 5, 3, 1, 1]  clip_frac_max=0.000
    [newton k= 36] SCIF=   +82.52 mT  layer_snes_iters=[2, 2, 13, 3, 1, 1]  clip_frac_max=0.000
    [newton k= 37] SCIF=   +80.37 mT  layer_snes_iters=[12, 2, 6, 4, 1, 1]  clip_frac_max=0.000
    [newton k= 38] SCIF=   +80.06 mT  layer_snes_iters=[15, 3, 11, 4, 1, 1]  clip_frac_max=0.000
    [newton k= 39] SCIF=   +77.91 mT  layer_snes_iters=[3, 8, 3, 3, 1, 1]  clip_frac_max=0.000
    [newton k= 40] SCIF=   +89.93 mT  layer_snes_iters=[7, 2, 4, 3, 1, 1]  clip_frac_max=0.000
    [newton k= 41] SCIF=   +94.65 mT  layer_snes_iters=[15, 7, 15, 4, 1, 1]  clip_frac_max=0.000
    [newton k= 42] SCIF=   +98.21 mT  layer_snes_iters=[5, 4, 13, 3, 1, 1]  clip_frac_max=0.000
    [newton k= 43] SCIF=   +98.31 mT  layer_snes_iters=[5, 6, 4, 8, 1, 1]  clip_frac_max=0.000
    [newton k= 44] SCIF=  +103.10 mT  layer_snes_iters=[10, 3, 4, 3, 1, 1]  clip_frac_max=0.000
    [newton k= 45] SCIF=  +101.68 mT  layer_snes_iters=[14, 8, 9, 6, 1, 1]  clip_frac_max=0.000
    [newton k= 46] SCIF=  +107.97 mT  layer_snes_iters=[9, 2, 3, 3, 1, 1]  clip_frac_max=0.000
    [newton k= 47] SCIF=   +98.45 mT  layer_snes_iters=[3, 8, 2, 3, 1, 1]  clip_frac_max=0.000
    [newton k= 48] SCIF=  +102.15 mT  layer_snes_iters=[11, 4, 10, 3, 1, 1]  clip_frac_max=0.000
    [newton k= 49] SCIF=   +91.22 mT  layer_snes_iters=[8, 6, 3, 3, 1, 1]  clip_frac_max=0.000
    [newton k= 50] SCIF=   +95.86 mT  layer_snes_iters=[3, 9, 11, 3, 1, 1]  clip_frac_max=0.000
    [newton k= 51] SCIF=   +93.96 mT  layer_snes_iters=[4, 2, 8, 14, 1, 1]  clip_frac_max=0.000
    [newton k= 52] SCIF=  +104.43 mT  layer_snes_iters=[12, 8, 5, 12, 1, 1]  clip_frac_max=0.000
    [newton k= 53] SCIF=  +103.93 mT  layer_snes_iters=[8, 5, 14, 13, 1, 1]  clip_frac_max=0.000
    [newton k= 54] SCIF=  +106.93 mT  layer_snes_iters=[9, 8, 14, 4, 1, 1]  clip_frac_max=0.000
    [newton k= 55] SCIF=  +100.90 mT  layer_snes_iters=[8, 4, 12, 4, 1, 1]  clip_frac_max=0.000
    [newton k= 56] SCIF=  +106.68 mT  layer_snes_iters=[11, 9, 10, 3, 1, 1]  clip_frac_max=0.000
    [newton k= 57] SCIF=  +102.84 mT  layer_snes_iters=[13, 4, 10, 6, 1, 1]  clip_frac_max=0.000
    [newton k= 58] SCIF=  +109.86 mT  layer_snes_iters=[7, 6, 4, 3, 1, 1]  clip_frac_max=0.000
    [newton k= 59] SCIF=  +100.46 mT  layer_snes_iters=[4, 6, 3, 16, 1, 1]  clip_frac_max=0.000
    [newton k= 60] SCIF=  +106.51 mT  layer_snes_iters=[3, 13, 9, 8, 1, 1]  clip_frac_max=0.000
    [newton k= 61] SCIF=   +93.00 mT  layer_snes_iters=[16, 15, 6, 14, 1, 1]  clip_frac_max=0.000
    [newton k= 62] SCIF=  +101.61 mT  layer_snes_iters=[16, 14, 3, 13, 1, 1]  clip_frac_max=0.000
    [newton k= 63] SCIF=  +109.33 mT  layer_snes_iters=[8, 14, 13, 3, 1, 1]  clip_frac_max=0.000
    [newton k= 64] SCIF=  +112.27 mT  layer_snes_iters=[10, 14, 3, 17, 1, 1]  clip_frac_max=0.000
    [newton k= 65] SCIF=  +113.20 mT  layer_snes_iters=[5, 3, 3, 3, 1, 1]  clip_frac_max=0.000
    [newton k= 66] SCIF=  +104.02 mT  layer_snes_iters=[14, 4, 11, 8, 1, 1]  clip_frac_max=0.000
    [newton k= 67] SCIF=  +105.68 mT  layer_snes_iters=[15, 11, 4, 3, 1, 1]  clip_frac_max=0.000
    [newton k= 68] SCIF=  +101.02 mT  layer_snes_iters=[14, 3, 9, 3, 1, 1]  clip_frac_max=0.000
    [newton k= 69] SCIF=  +102.56 mT  layer_snes_iters=[10, 9, 10, 9, 1, 1]  clip_frac_max=0.000
    [newton k= 70] SCIF=  +101.05 mT  layer_snes_iters=[11, 3, 3, 10, 1, 1]  clip_frac_max=0.000
    [newton k= 71] SCIF=   +98.44 mT  layer_snes_iters=[3, 10, 5, 12, 1, 1]  clip_frac_max=0.000
    [newton k= 72] SCIF=   +92.44 mT  layer_snes_iters=[18, 2, 11, 11, 1, 1]  clip_frac_max=0.000
    [newton k= 73] SCIF=   +91.94 mT  layer_snes_iters=[8, 11, 4, 15, 1, 1]  clip_frac_max=0.000
    [newton k= 74] SCIF=   +85.80 mT  layer_snes_iters=[16, 2, 14, 7, 1, 1]  clip_frac_max=0.000
    [newton k= 75] SCIF=   +84.73 mT  layer_snes_iters=[10, 10, 14, 9, 1, 1]  clip_frac_max=0.000
    [newton k= 76] SCIF=   +77.98 mT  layer_snes_iters=[15, 2, 11, 10, 1, 1]  clip_frac_max=0.000
    [newton k= 77] SCIF=   +81.80 mT  layer_snes_iters=[10, 12, 7, 5, 1, 1]  clip_frac_max=0.000
    [newton k= 78] SCIF=   +84.16 mT  layer_snes_iters=[12, 11, 7, 4, 1, 1]  clip_frac_max=0.000
    [newton k= 79] SCIF=   +89.16 mT  layer_snes_iters=[3, 3, 2, 8, 1, 1]  clip_frac_max=0.000
    [newton k= 80] SCIF=   +87.30 mT  layer_snes_iters=[12, 6, 11, 14, 1, 1]  clip_frac_max=0.000
    [newton k= 81] SCIF=   +88.95 mT  layer_snes_iters=[16, 7, 3, 15, 1, 1]  clip_frac_max=0.000
    [newton k= 82] SCIF=   +85.50 mT  layer_snes_iters=[14, 7, 11, 6, 1, 1]  clip_frac_max=0.000
    [newton k= 83] SCIF=   +84.29 mT  layer_snes_iters=[5, 8, 3, 13, 1, 1]  clip_frac_max=0.000
    [newton k= 84] SCIF=   +86.24 mT  layer_snes_iters=[14, 5, 10, 14, 1, 1]  clip_frac_max=0.000
    [newton k= 85] SCIF=   +83.65 mT  layer_snes_iters=[3, 9, 3, 15, 1, 1]  clip_frac_max=0.000
    [newton k= 86] SCIF=   +86.02 mT  layer_snes_iters=[5, 4, 9, 9, 1, 1]  clip_frac_max=0.000
    [newton k= 87] SCIF=   +84.81 mT  layer_snes_iters=[12, 10, 3, 13, 1, 1]  clip_frac_max=0.000
    [newton k= 88] SCIF=   +86.85 mT  layer_snes_iters=[15, 4, 9, 15, 1, 1]  clip_frac_max=0.000
    [newton k= 89] SCIF=   +88.48 mT  layer_snes_iters=[8, 9, 3, 7, 1, 1]  clip_frac_max=0.000
    [newton k= 90] SCIF=   +83.85 mT  layer_snes_iters=[15, 4, 10, 5, 1, 1]  clip_frac_max=0.000
    [newton k= 91] SCIF=   +83.67 mT  layer_snes_iters=[3, 10, 3, 8, 1, 1]  clip_frac_max=0.000
    [newton k= 92] SCIF=   +78.99 mT  layer_snes_iters=[14, 2, 11, 15, 1, 1]  clip_frac_max=0.000
    [newton k= 93] SCIF=   +80.82 mT  layer_snes_iters=[4, 10, 3, 6, 1, 1]  clip_frac_max=0.000
    [newton k= 94] SCIF=   +74.59 mT  layer_snes_iters=[7, 2, 12, 4, 1, 1]  clip_frac_max=0.000
    [newton k= 95] SCIF=   +76.68 mT  layer_snes_iters=[5, 10, 3, 10, 1, 1]  clip_frac_max=0.000
    [newton k= 96] SCIF=   +70.72 mT  layer_snes_iters=[3, 3, 13, 12, 1, 1]  clip_frac_max=0.000
    [newton k= 97] SCIF=   +71.49 mT  layer_snes_iters=[16, 13, 16, 14, 1, 1]  clip_frac_max=0.000
    [newton k= 98] SCIF=   +70.43 mT  layer_snes_iters=[9, 3, 11, 11, 1, 1]  clip_frac_max=0.000
    [newton k= 99] SCIF=   +73.25 mT  layer_snes_iters=[10, 7, 3, 8, 1, 1]  clip_frac_max=0.000
    [newton k=100] SCIF=   +67.15 mT  layer_snes_iters=[12, 4, 12, 4, 1, 1]  clip_frac_max=0.000
    [newton k=101] SCIF=   +71.64 mT  layer_snes_iters=[7, 11, 12, 10, 1, 1]  clip_frac_max=0.000
    [newton k=102] SCIF=   +68.46 mT  layer_snes_iters=[11, 3, 11, 14, 1, 1]  clip_frac_max=0.000
    [newton k=103] SCIF=   +72.33 mT  layer_snes_iters=[14, 8, 7, 9, 1, 1]  clip_frac_max=0.000
    [newton k=104] SCIF=   +69.63 mT  layer_snes_iters=[10, 5, 11, 11, 1, 1]  clip_frac_max=0.000
    [newton k=105] SCIF=   +70.16 mT  layer_snes_iters=[7, 8, 5, 14, 1, 1]  clip_frac_max=0.000
    [newton k=106] SCIF=   +73.10 mT  layer_snes_iters=[14, 5, 12, 9, 1, 1]  clip_frac_max=0.000
    [newton k=107] SCIF=   +74.62 mT  layer_snes_iters=[8, 9, 10, 9, 1, 1]  clip_frac_max=0.000
    [newton k=108] SCIF=   +81.36 mT  layer_snes_iters=[14, 6, 12, 13, 1, 1]  clip_frac_max=0.000
    [newton k=109] SCIF=   +78.04 mT  layer_snes_iters=[10, 13, 16, 16, 1, 1]  clip_frac_max=0.000
    [newton k=110] SCIF=   +81.53 mT  layer_snes_iters=[11, 3, 14, 8, 1, 1]  clip_frac_max=0.000
    [newton k=111] SCIF=   +75.66 mT  layer_snes_iters=[13, 9, 10, 10, 1, 1]  clip_frac_max=0.000
    [newton k=112] SCIF=   +79.26 mT  layer_snes_iters=[7, 7, 4, 11, 1, 1]  clip_frac_max=0.000
    [newton k=113] SCIF=   +75.56 mT  layer_snes_iters=[13, 13, 10, 10, 1, 1]  clip_frac_max=0.000
    [newton k=114] SCIF=   +79.61 mT  layer_snes_iters=[8, 3, 5, 13, 1, 1]  clip_frac_max=0.000
    [newton k=115] SCIF=   +76.11 mT  layer_snes_iters=[14, 10, 7, 7, 1, 1]  clip_frac_max=0.000
    [newton k=116] SCIF=   +80.95 mT  layer_snes_iters=[14, 14, 15, 16, 1, 1]  clip_frac_max=0.000
    [newton k=117] SCIF=   +74.88 mT  layer_snes_iters=[15, 11, 4, 16, 1, 1]  clip_frac_max=0.000
    [newton k=118] SCIF=   +78.60 mT  layer_snes_iters=[15, 10, 7, 4, 1, 1]  clip_frac_max=0.000
    [newton k=119] SCIF=   +78.86 mT  layer_snes_iters=[11, 5, 16, 13, 1, 1]  clip_frac_max=0.000
    [newton k=120] SCIF=   +84.55 mT  layer_snes_iters=[6, 10, 11, 11, 1, 1]  clip_frac_max=0.000
    [newton k=121] SCIF=   +82.67 mT  layer_snes_iters=[15, 7, 5, 13, 1, 1]  clip_frac_max=0.000
    [newton k=122] SCIF=   +85.18 mT  layer_snes_iters=[9, 9, 12, 13, 1, 1]  clip_frac_max=0.000
    [newton k=123] SCIF=   +80.60 mT  layer_snes_iters=[13, 8, 13, 14, 1, 1]  clip_frac_max=0.000
    [newton k=124] SCIF=   +83.15 mT  layer_snes_iters=[12, 9, 12, 19, 1, 1]  clip_frac_max=0.000
    [newton k=125] SCIF=   +86.75 mT  layer_snes_iters=[9, 7, 4, 15, 1, 1]  clip_frac_max=0.000
    [newton k=126] SCIF=   +86.58 mT  layer_snes_iters=[14, 8, 11, 16, 1, 1]  clip_frac_max=0.000
    [newton k=127] SCIF=   +88.44 mT  layer_snes_iters=[13, 6, 16, 14, 1, 1]  clip_frac_max=0.000
    [newton k=128] SCIF=   +89.71 mT  layer_snes_iters=[12, 10, 16, 21, 3, 2]  clip_frac_max=0.000
      [layer 2] Newton failed this outer iteration (reason=-9)
      reverting outer iteration 129 entirely, returning the state from iteration 128 (NOT auto-validated -- check against independent ground truth before trusting this SCIF)
    [newton] step done: stop_reason=newton_failure_reverted  n_outer=128  SCIF=+89.71 mT
  step 10/24 SUMMARY: converged=False  stop_reason=newton_failure_reverted  SCIF=+89.71 mT
  step 11/24  t=  275.0 s  I=  89.83 A  dt=  25.0 s
      [debug layer 0] Jc range (this layer's cells): [2.0962e+11,4.8141e+11]  n range: [15.657,26.285]  any Jc<=0: False  any nonfinite Jc: False  any nonfinite n: False
      [debug layer 0] SNES reason=3  its=1  T finite: True
      [debug layer 1] Jc range (this layer's cells): [2.0643e+11,4.7581e+11]  n range: [15.797,25.855]  any Jc<=0: False  any nonfinite Jc: False  any nonfinite n: False
      [debug layer 1] SNES reason=3  its=1  T finite: True
      [debug layer 2] Jc range (this layer's cells): [1.4831e+11,4.5724e+11]  n range: [15.142,25.237]  any Jc<=0: False  any nonfinite Jc: False  any nonfinite n: False
      [debug layer 2] SNES reason=3  its=1  T finite: True
      [debug layer 3] Jc range (this layer's cells): [1.6264e+11,3.6337e+11]  n range: [15.129,21.563]  any Jc<=0: False  any nonfinite Jc: False  any nonfinite n: False
      [debug layer 3] SNES reason=3  its=1  T finite: True
      [debug layer 4] Jc range (this layer's cells): [2.4768e+11,3.1069e+11]  n range: [19.706,21.258]  any Jc<=0: False  any nonfinite Jc: False  any nonfinite n: False
      [debug layer 4] SNES reason=3  its=1  T finite: True
      [debug layer 5] Jc range (this layer's cells): [2.7039e+11,3.2217e+11]  n range: [20.931,21.557]  any Jc<=0: False  any nonfinite Jc: False  any nonfinite n: False
      [debug layer 5] SNES reason=3  its=1  T finite: True
    [newton k=  1] SCIF=  +489.90 mT  layer_snes_iters=[1, 1, 1, 1, 1, 1]  clip_frac_max=0.000
    [newton k=  2] SCIF=  +508.63 mT  layer_snes_iters=[2, 3, 7, 15, 1, 1]  clip_frac_max=0.000
    [newton k=  3] SCIF=  +492.99 mT  layer_snes_iters=[3, 9, 14, 11, 1, 1]  clip_frac_max=0.000
    [newton k=  4] SCIF=  +460.37 mT  layer_snes_iters=[3, 4, 8, 7, 1, 1]  clip_frac_max=0.000
    [newton k=  5] SCIF=  +431.64 mT  layer_snes_iters=[7, 9, 3, 3, 1, 1]  clip_frac_max=0.000
    [newton k=  6] SCIF=  +404.10 mT  layer_snes_iters=[3, 4, 5, 4, 1, 1]  clip_frac_max=0.000
    [newton k=  7] SCIF=  +379.74 mT  layer_snes_iters=[6, 3, 11, 13, 1, 1]  clip_frac_max=0.000
    [newton k=  8] SCIF=  +354.43 mT  layer_snes_iters=[13, 14, 7, 3, 1, 1]  clip_frac_max=0.000
    [newton k=  9] SCIF=  +326.96 mT  layer_snes_iters=[14, 14, 3, 4, 1, 1]  clip_frac_max=0.000
    [newton k= 10] SCIF=  +317.15 mT  layer_snes_iters=[3, 9, 2, 16, 1, 1]  clip_frac_max=0.000
    [newton k= 11] SCIF=  +287.30 mT  layer_snes_iters=[6, 3, 7, 3, 1, 1]  clip_frac_max=0.000
    [newton k= 12] SCIF=  +267.13 mT  layer_snes_iters=[7, 14, 11, 16, 1, 1]  clip_frac_max=0.000
    [newton k= 13] SCIF=  +237.32 mT  layer_snes_iters=[12, 8, 6, 3, 1, 1]  clip_frac_max=0.000
    [newton k= 14] SCIF=  +234.76 mT  layer_snes_iters=[13, 3, 7, 3, 1, 1]  clip_frac_max=0.000
    [newton k= 15] SCIF=  +212.84 mT  layer_snes_iters=[9, 6, 9, 8, 1, 1]  clip_frac_max=0.000
    [newton k= 16] SCIF=  +199.55 mT  layer_snes_iters=[4, 13, 7, 16, 1, 1]  clip_frac_max=0.000
    [newton k= 17] SCIF=  +171.35 mT  layer_snes_iters=[11, 5, 6, 14, 1, 1]  clip_frac_max=0.000
    [newton k= 18] SCIF=  +183.91 mT  layer_snes_iters=[6, 6, 2, 13, 1, 1]  clip_frac_max=0.000
    [newton k= 19] SCIF=  +158.52 mT  layer_snes_iters=[12, 2, 7, 3, 1, 1]  clip_frac_max=0.000
    [newton k= 20] SCIF=  +164.12 mT  layer_snes_iters=[6, 15, 10, 9, 1, 1]  clip_frac_max=0.000
    [newton k= 21] SCIF=  +148.18 mT  layer_snes_iters=[6, 13, 11, 16, 1, 1]  clip_frac_max=0.000
    [newton k= 22] SCIF=  +167.19 mT  layer_snes_iters=[12, 8, 3, 11, 1, 1]  clip_frac_max=0.000
    [newton k= 23] SCIF=  +156.08 mT  layer_snes_iters=[16, 3, 10, 16, 1, 1]  clip_frac_max=0.000
    [newton k= 24] SCIF=  +152.71 mT  layer_snes_iters=[3, 13, 9, 15, 1, 1]  clip_frac_max=0.000
    [newton k= 25] SCIF=  +135.96 mT  layer_snes_iters=[12, 7, 16, 7, 1, 1]  clip_frac_max=0.000
    [newton k= 26] SCIF=  +155.39 mT  layer_snes_iters=[3, 16, 2, 19, 1, 1]  clip_frac_max=0.000
    [newton k= 27] SCIF=  +131.87 mT  layer_snes_iters=[6, 3, 3, 14, 1, 1]  clip_frac_max=0.000
    [newton k= 28] SCIF=  +149.05 mT  layer_snes_iters=[14, 3, 2, 10, 1, 1]  clip_frac_max=0.000
    [newton k= 29] SCIF=  +141.61 mT  layer_snes_iters=[4, 2, 11, 3, 1, 1]  clip_frac_max=0.000
    [newton k= 30] SCIF=  +148.07 mT  layer_snes_iters=[4, 14, 15, 5, 1, 1]  clip_frac_max=0.000
    [newton k= 31] SCIF=  +128.76 mT  layer_snes_iters=[12, 11, 10, 15, 1, 1]  clip_frac_max=0.000
    [newton k= 32] SCIF=  +132.75 mT  layer_snes_iters=[13, 6, 12, 4, 1, 1]  clip_frac_max=0.000
    [newton k= 33] SCIF=  +115.82 mT  layer_snes_iters=[3, 4, 12, 9, 1, 1]  clip_frac_max=0.000
    [newton k= 34] SCIF=  +131.20 mT  layer_snes_iters=[10, 10, 2, 9, 1, 1]  clip_frac_max=0.000
    [newton k= 35] SCIF=  +132.12 mT  layer_snes_iters=[3, 2, 17, 2, 1, 1]  clip_frac_max=0.000
    [newton k= 36] SCIF=  +143.81 mT  layer_snes_iters=[13, 3, 15, 13, 1, 1]  clip_frac_max=0.000
    [newton k= 37] SCIF=  +120.06 mT  layer_snes_iters=[15, 2, 5, 13, 1, 1]  clip_frac_max=0.000
    [newton k= 38] SCIF=  +132.04 mT  layer_snes_iters=[3, 2, 6, 4, 1, 1]  clip_frac_max=0.000
    [newton k= 39] SCIF=  +120.19 mT  layer_snes_iters=[12, 2, 13, 2, 1, 1]  clip_frac_max=0.000
    [newton k= 40] SCIF=  +128.44 mT  layer_snes_iters=[4, 9, 8, 11, 1, 1]  clip_frac_max=0.000
    [newton k= 41] SCIF=  +114.28 mT  layer_snes_iters=[6, 2, 12, 3, 1, 1]  clip_frac_max=0.000
    [newton k= 42] SCIF=  +131.46 mT  layer_snes_iters=[7, 4, 6, 19, 1, 1]  clip_frac_max=0.000
    [newton k= 43] SCIF=  +116.62 mT  layer_snes_iters=[3, 2, 3, 13, 1, 1]  clip_frac_max=0.000
    [newton k= 44] SCIF=  +127.59 mT  layer_snes_iters=[5, 13, 4, 5, 1, 1]  clip_frac_max=0.000
    [newton k= 45] SCIF=  +114.88 mT  layer_snes_iters=[7, 3, 3, 8, 1, 1]  clip_frac_max=0.000
    [newton k= 46] SCIF=  +131.92 mT  layer_snes_iters=[13, 3, 2, 4, 1, 1]  clip_frac_max=0.000
    [newton k= 47] SCIF=  +113.55 mT  layer_snes_iters=[3, 2, 3, 7, 1, 1]  clip_frac_max=0.000
    [newton k= 48] SCIF=  +133.35 mT  layer_snes_iters=[16, 2, 3, 4, 1, 1]  clip_frac_max=0.000
    [newton k= 49] SCIF=  +119.51 mT  layer_snes_iters=[10, 2, 3, 4, 1, 1]  clip_frac_max=0.000
    [newton k= 50] SCIF=  +126.42 mT  layer_snes_iters=[3, 3, 10, 3, 1, 1]  clip_frac_max=0.000
    [newton k= 51] SCIF=  +113.74 mT  layer_snes_iters=[14, 2, 16, 2, 1, 1]  clip_frac_max=0.000
    [newton k= 52] SCIF=  +121.93 mT  layer_snes_iters=[10, 4, 12, 5, 1, 1]  clip_frac_max=0.000
    [newton k= 53] SCIF=  +103.12 mT  layer_snes_iters=[13, 2, 17, 12, 1, 1]  clip_frac_max=0.000
    [newton k= 54] SCIF=  +123.66 mT  layer_snes_iters=[4, 9, 2, 18, 1, 1]  clip_frac_max=0.000
    [newton k= 55] SCIF=  +116.62 mT  layer_snes_iters=[7, 15, 11, 12, 1, 1]  clip_frac_max=0.000
    [newton k= 56] SCIF=  +129.13 mT  layer_snes_iters=[8, 10, 3, 11, 1, 1]  clip_frac_max=0.000
    [newton k= 57] SCIF=  +118.56 mT  layer_snes_iters=[15, 2, 7, 7, 1, 1]  clip_frac_max=0.000
    [newton k= 58] SCIF=  +126.64 mT  layer_snes_iters=[5, 3, 15, 10, 1, 1]  clip_frac_max=0.000
    [newton k= 59] SCIF=  +110.53 mT  layer_snes_iters=[9, 2, 6, 8, 1, 1]  clip_frac_max=0.000
    [newton k= 60] SCIF=  +122.60 mT  layer_snes_iters=[13, 2, 10, 15, 1, 1]  clip_frac_max=0.000
    [newton k= 61] SCIF=  +106.90 mT  layer_snes_iters=[4, 2, 5, 12, 1, 1]  clip_frac_max=0.000
    [newton k= 62] SCIF=  +122.78 mT  layer_snes_iters=[6, 5, 7, 9, 1, 1]  clip_frac_max=0.000
    [newton k= 63] SCIF=  +113.32 mT  layer_snes_iters=[10, 4, 10, 8, 1, 1]  clip_frac_max=0.000
    [newton k= 64] SCIF=  +128.55 mT  layer_snes_iters=[11, 3, 4, 3, 1, 1]  clip_frac_max=0.000
    [newton k= 65] SCIF=  +115.51 mT  layer_snes_iters=[8, 4, 11, 10, 1, 1]  clip_frac_max=0.000
    [newton k= 66] SCIF=  +127.09 mT  layer_snes_iters=[6, 17, 3, 16, 1, 1]  clip_frac_max=0.000
    [newton k= 67] SCIF=  +111.29 mT  layer_snes_iters=[8, 3, 3, 11, 1, 1]  clip_frac_max=0.000
    [newton k= 68] SCIF=  +127.43 mT  layer_snes_iters=[14, 3, 6, 10, 1, 1]  clip_frac_max=0.000
    [newton k= 69] SCIF=  +114.79 mT  layer_snes_iters=[2, 2, 3, 7, 1, 1]  clip_frac_max=0.000
    [newton k= 70] SCIF=  +119.35 mT  layer_snes_iters=[13, 4, 15, 3, 1, 1]  clip_frac_max=0.000
    [newton k= 71] SCIF=   +99.46 mT  layer_snes_iters=[3, 5, 15, 8, 1, 1]  clip_frac_max=0.000
    [newton k= 72] SCIF=  +102.35 mT  layer_snes_iters=[3, 3, 15, 10, 1, 1]  clip_frac_max=0.000
    [newton k= 73] SCIF=  +111.11 mT  layer_snes_iters=[14, 2, 16, 9, 1, 1]  clip_frac_max=0.000
    [newton k= 74] SCIF=  +109.43 mT  layer_snes_iters=[16, 2, 14, 13, 1, 1]  clip_frac_max=0.000
    [newton k= 75] SCIF=  +115.62 mT  layer_snes_iters=[8, 6, 9, 4, 1, 1]  clip_frac_max=0.000
    [newton k= 76] SCIF=  +112.01 mT  layer_snes_iters=[5, 7, 7, 9, 1, 1]  clip_frac_max=0.000
    [newton k= 77] SCIF=  +119.65 mT  layer_snes_iters=[12, 15, 8, 3, 1, 1]  clip_frac_max=0.000
    [newton k= 78] SCIF=  +118.66 mT  layer_snes_iters=[14, 10, 9, 15, 1, 1]  clip_frac_max=0.000
    [newton k= 79] SCIF=  +124.20 mT  layer_snes_iters=[17, 6, 6, 3, 1, 1]  clip_frac_max=0.000
    [newton k= 80] SCIF=  +122.58 mT  layer_snes_iters=[4, 3, 10, 17, 1, 1]  clip_frac_max=0.000
    [newton k= 81] SCIF=  +124.77 mT  layer_snes_iters=[17, 2, 7, 3, 1, 1]  clip_frac_max=0.000
    [newton k= 82] SCIF=  +120.39 mT  layer_snes_iters=[4, 5, 9, 14, 1, 1]  clip_frac_max=0.000
    [newton k= 83] SCIF=  +122.88 mT  layer_snes_iters=[11, 4, 7, 8, 1, 1]  clip_frac_max=0.000
    [newton k= 84] SCIF=  +115.73 mT  layer_snes_iters=[8, 10, 8, 11, 1, 1]  clip_frac_max=0.000
    [newton k= 85] SCIF=  +124.68 mT  layer_snes_iters=[15, 3, 5, 5, 1, 1]  clip_frac_max=0.000
    [newton k= 86] SCIF=  +116.32 mT  layer_snes_iters=[12, 8, 5, 17, 1, 1]  clip_frac_max=0.000
    [newton k= 87] SCIF=  +123.58 mT  layer_snes_iters=[13, 12, 7, 8, 1, 1]  clip_frac_max=0.000
    [newton k= 88] SCIF=  +117.53 mT  layer_snes_iters=[9, 15, 6, 16, 1, 1]  clip_frac_max=0.000
    [newton k= 89] SCIF=  +124.90 mT  layer_snes_iters=[12, 5, 7, 3, 1, 1]  clip_frac_max=0.000
    [newton k= 90] SCIF=  +117.49 mT  layer_snes_iters=[9, 8, 4, 12, 1, 1]  clip_frac_max=0.000
    [newton k= 91] SCIF=  +123.94 mT  layer_snes_iters=[15, 4, 8, 4, 1, 1]  clip_frac_max=0.000
    [newton k= 92] SCIF=  +115.73 mT  layer_snes_iters=[13, 9, 4, 7, 1, 1]  clip_frac_max=0.000
    [newton k= 93] SCIF=  +117.39 mT  layer_snes_iters=[13, 3, 15, 8, 1, 1]  clip_frac_max=0.000
    [newton k= 94] SCIF=  +110.12 mT  layer_snes_iters=[13, 9, 9, 10, 1, 1]  clip_frac_max=0.000
    [newton k= 95] SCIF=  +109.35 mT  layer_snes_iters=[13, 2, 14, 9, 1, 1]  clip_frac_max=0.000
    [newton k= 96] SCIF=  +106.67 mT  layer_snes_iters=[9, 12, 11, 5, 1, 1]  clip_frac_max=0.000
    [newton k= 97] SCIF=  +111.32 mT  layer_snes_iters=[14, 5, 12, 6, 1, 1]  clip_frac_max=0.000
    [newton k= 98] SCIF=  +108.33 mT  layer_snes_iters=[12, 6, 12, 13, 1, 1]  clip_frac_max=0.000
    [newton k= 99] SCIF=  +109.62 mT  layer_snes_iters=[13, 5, 11, 9, 1, 1]  clip_frac_max=0.000
    [newton k=100] SCIF=  +104.87 mT  layer_snes_iters=[4, 9, 13, 5, 1, 1]  clip_frac_max=0.000
    [newton k=101] SCIF=  +107.78 mT  layer_snes_iters=[14, 2, 8, 9, 1, 1]  clip_frac_max=0.000
    [newton k=102] SCIF=  +102.97 mT  layer_snes_iters=[13, 12, 15, 7, 1, 1]  clip_frac_max=0.000
    [newton k=103] SCIF=  +107.15 mT  layer_snes_iters=[11, 6, 11, 9, 1, 1]  clip_frac_max=0.000
    [newton k=104] SCIF=  +101.83 mT  layer_snes_iters=[4, 7, 15, 18, 1, 1]  clip_frac_max=0.000
    [newton k=105] SCIF=  +106.26 mT  layer_snes_iters=[8, 4, 15, 8, 1, 1]  clip_frac_max=0.000
    [newton k=106] SCIF=  +103.20 mT  layer_snes_iters=[4, 10, 15, 13, 1, 1]  clip_frac_max=0.000
    [newton k=107] SCIF=  +110.27 mT  layer_snes_iters=[16, 14, 12, 12, 1, 1]  clip_frac_max=0.000
    [newton k=108] SCIF=  +103.64 mT  layer_snes_iters=[10, 11, 15, 15, 1, 1]  clip_frac_max=0.000
    [newton k=109] SCIF=  +107.16 mT  layer_snes_iters=[14, 5, 15, 13, 1, 1]  clip_frac_max=0.000
    [newton k=110] SCIF=  +110.77 mT  layer_snes_iters=[6, 6, 7, 9, 1, 1]  clip_frac_max=0.000
    [newton k=111] SCIF=  +117.27 mT  layer_snes_iters=[13, 6, 14, 4, 1, 1]  clip_frac_max=0.000
    [newton k=112] SCIF=  +111.68 mT  layer_snes_iters=[15, 6, 10, 13, 1, 1]  clip_frac_max=0.000
    [newton k=113] SCIF=  +121.44 mT  layer_snes_iters=[14, 7, 14, 11, 1, 1]  clip_frac_max=0.000
    [newton k=114] SCIF=  +111.55 mT  layer_snes_iters=[15, 5, 15, 13, 1, 1]  clip_frac_max=0.000
    [newton k=115] SCIF=  +117.55 mT  layer_snes_iters=[14, 8, 6, 15, 1, 1]  clip_frac_max=0.000
    [newton k=116] SCIF=  +110.39 mT  layer_snes_iters=[17, 4, 11, 10, 1, 1]  clip_frac_max=0.000
    [newton k=117] SCIF=  +112.28 mT  layer_snes_iters=[16, 9, 13, 13, 1, 1]  clip_frac_max=0.000
    [newton k=118] SCIF=  +115.98 mT  layer_snes_iters=[6, 3, 14, 12, 1, 1]  clip_frac_max=0.000
    [newton k=119] SCIF=  +124.09 mT  layer_snes_iters=[15, 8, 16, 13, 1, 1]  clip_frac_max=0.000
    [newton k=120] SCIF=  +118.58 mT  layer_snes_iters=[16, 3, 17, 16, 1, 1]  clip_frac_max=0.000
    [newton k=121] SCIF=  +124.91 mT  layer_snes_iters=[5, 9, 15, 11, 1, 1]  clip_frac_max=0.000
    [newton k=122] SCIF=  +116.95 mT  layer_snes_iters=[11, 3, 12, 16, 1, 1]  clip_frac_max=0.000
    [newton k=123] SCIF=  +122.75 mT  layer_snes_iters=[12, 11, 16, 11, 1, 1]  clip_frac_max=0.000
    [newton k=124] SCIF=  +113.47 mT  layer_snes_iters=[8, 13, 16, 14, 1, 1]  clip_frac_max=0.000
    [newton k=125] SCIF=  +118.04 mT  layer_snes_iters=[4, 8, 17, 12, 1, 1]  clip_frac_max=0.000
    [newton k=126] SCIF=  +116.75 mT  layer_snes_iters=[17, 4, 5, 5, 1, 2]  clip_frac_max=0.000
    [newton k=127] SCIF=  +122.40 mT  layer_snes_iters=[8, 10, 5, 11, 1, 4]  clip_frac_max=0.000
      [layer 1] Newton failed this outer iteration (reason=-9)
      reverting outer iteration 128 entirely, returning the state from iteration 127 (NOT auto-validated -- check against independent ground truth before trusting this SCIF)
    [newton] step done: stop_reason=newton_failure_reverted  n_outer=127  SCIF=+122.40 mT
  step 11/24 SUMMARY: converged=False  stop_reason=newton_failure_reverted  SCIF=+122.40 mT
  step 12/24  t=  300.0 s  I=  98.00 A  dt=  25.0 s
      [debug layer 0] Jc range (this layer's cells): [2.1206e+11,4.7632e+11]  n range: [15.544,26.085]  any Jc<=0: False  any nonfinite Jc: False  any nonfinite n: False
      [debug layer 0] SNES reason=3  its=1  T finite: True
      [debug layer 1] Jc range (this layer's cells): [1.9883e+11,4.5529e+11]  n range: [15.540,24.644]  any Jc<=0: False  any nonfinite Jc: False  any nonfinite n: False
      [debug layer 1] SNES reason=3  its=1  T finite: True
      [debug layer 2] Jc range (this layer's cells): [1.4144e+11,4.6053e+11]  n range: [14.851,25.212]  any Jc<=0: False  any nonfinite Jc: False  any nonfinite n: False
      [debug layer 2] SNES reason=3  its=1  T finite: True
      [debug layer 3] Jc range (this layer's cells): [1.5241e+11,3.5582e+11]  n range: [14.843,21.557]  any Jc<=0: False  any nonfinite Jc: False  any nonfinite n: False
      [debug layer 3] SNES reason=3  its=1  T finite: True
      [debug layer 4] Jc range (this layer's cells): [2.3682e+11,3.0041e+11]  n range: [19.323,21.194]  any Jc<=0: False  any nonfinite Jc: False  any nonfinite n: False
      [debug layer 4] SNES reason=3  its=1  T finite: True
      [debug layer 5] Jc range (this layer's cells): [2.5810e+11,3.1068e+11]  n range: [20.835,21.535]  any Jc<=0: False  any nonfinite Jc: False  any nonfinite n: False
      [debug layer 5] SNES reason=3  its=1  T finite: True
    [newton k=  1] SCIF=  +533.00 mT  layer_snes_iters=[1, 1, 1, 1, 1, 1]  clip_frac_max=0.000
    [newton k=  2] SCIF=  +543.91 mT  layer_snes_iters=[4, 8, 6, 12, 1, 1]  clip_frac_max=0.000
    [newton k=  3] SCIF=  +506.14 mT  layer_snes_iters=[4, 6, 9, 4, 1, 1]  clip_frac_max=0.000
    [newton k=  4] SCIF=  +499.32 mT  layer_snes_iters=[4, 10, 4, 3, 1, 1]  clip_frac_max=0.000
    [newton k=  5] SCIF=  +444.27 mT  layer_snes_iters=[3, 3, 3, 11, 1, 1]  clip_frac_max=0.000
    [newton k=  6] SCIF=  +439.42 mT  layer_snes_iters=[3, 18, 2, 5, 1, 1]  clip_frac_max=0.000
    [newton k=  7] SCIF=  +386.73 mT  layer_snes_iters=[3, 5, 3, 4, 1, 1]  clip_frac_max=0.000
    [newton k=  8] SCIF=  +382.63 mT  layer_snes_iters=[11, 6, 2, 2, 1, 1]  clip_frac_max=0.000
    [newton k=  9] SCIF=  +340.84 mT  layer_snes_iters=[10, 7, 15, 5, 1, 1]  clip_frac_max=0.000
    [newton k= 10] SCIF=  +330.49 mT  layer_snes_iters=[10, 3, 6, 7, 1, 1]  clip_frac_max=0.000
    [newton k= 11] SCIF=  +282.31 mT  layer_snes_iters=[9, 15, 3, 12, 1, 1]  clip_frac_max=0.000
    [newton k= 12] SCIF=  +282.72 mT  layer_snes_iters=[3, 3, 10, 5, 1, 1]  clip_frac_max=0.000
    [newton k= 13] SCIF=  +242.54 mT  layer_snes_iters=[3, 11, 4, 14, 1, 1]  clip_frac_max=0.000
    [newton k= 14] SCIF=  +251.83 mT  layer_snes_iters=[14, 2, 2, 4, 1, 1]  clip_frac_max=0.000
    [newton k= 15] SCIF=  +228.29 mT  layer_snes_iters=[4, 9, 3, 19, 1, 1]  clip_frac_max=0.000
    [newton k= 16] SCIF=  +241.05 mT  layer_snes_iters=[10, 2, 2, 6, 1, 1]  clip_frac_max=0.000
    [newton k= 17] SCIF=  +220.47 mT  layer_snes_iters=[8, 3, 3, 3, 1, 1]  clip_frac_max=0.000
    [newton k= 18] SCIF=  +226.14 mT  layer_snes_iters=[14, 2, 2, 15, 1, 1]  clip_frac_max=0.000
    [newton k= 19] SCIF=  +226.72 mT  layer_snes_iters=[3, 2, 15, 3, 1, 1]  clip_frac_max=0.000
    [newton k= 20] SCIF=  +225.91 mT  layer_snes_iters=[5, 2, 2, 10, 1, 1]  clip_frac_max=0.000
    [newton k= 21] SCIF=  +208.26 mT  layer_snes_iters=[6, 2, 3, 15, 1, 1]  clip_frac_max=0.000
    [newton k= 22] SCIF=  +199.59 mT  layer_snes_iters=[2, 2, 7, 6, 1, 1]  clip_frac_max=0.000
    [newton k= 23] SCIF=  +188.31 mT  layer_snes_iters=[14, 2, 15, 3, 1, 1]  clip_frac_max=0.000
    [newton k= 24] SCIF=  +191.03 mT  layer_snes_iters=[12, 4, 2, 14, 1, 1]  clip_frac_max=0.000
    [newton k= 25] SCIF=  +180.42 mT  layer_snes_iters=[7, 12, 11, 6, 1, 1]  clip_frac_max=0.000
    [newton k= 26] SCIF=  +173.09 mT  layer_snes_iters=[15, 6, 4, 10, 1, 1]  clip_frac_max=0.000
    [newton k= 27] SCIF=  +166.02 mT  layer_snes_iters=[4, 13, 18, 15, 1, 1]  clip_frac_max=0.000
    [newton k= 28] SCIF=  +174.09 mT  layer_snes_iters=[4, 2, 2, 11, 1, 1]  clip_frac_max=0.000
    [newton k= 29] SCIF=  +169.44 mT  layer_snes_iters=[3, 13, 15, 14, 1, 1]  clip_frac_max=0.000
    [newton k= 30] SCIF=  +163.82 mT  layer_snes_iters=[10, 3, 14, 8, 1, 1]  clip_frac_max=0.000
    [newton k= 31] SCIF=  +157.97 mT  layer_snes_iters=[3, 3, 7, 14, 1, 1]  clip_frac_max=0.000
    [newton k= 32] SCIF=  +158.23 mT  layer_snes_iters=[11, 2, 10, 7, 1, 1]  clip_frac_max=0.000
    [newton k= 33] SCIF=  +146.15 mT  layer_snes_iters=[9, 2, 7, 15, 1, 1]  clip_frac_max=0.000
    [newton k= 34] SCIF=  +152.59 mT  layer_snes_iters=[8, 2, 6, 12, 1, 1]  clip_frac_max=0.000
    [newton k= 35] SCIF=  +154.91 mT  layer_snes_iters=[6, 2, 19, 15, 1, 1]  clip_frac_max=0.000
    [newton k= 36] SCIF=  +143.23 mT  layer_snes_iters=[4, 2, 11, 12, 1, 1]  clip_frac_max=0.000
    [newton k= 37] SCIF=  +149.92 mT  layer_snes_iters=[3, 2, 3, 8, 1, 1]  clip_frac_max=0.000
    [newton k= 38] SCIF=  +152.55 mT  layer_snes_iters=[16, 2, 8, 6, 1, 1]  clip_frac_max=0.000
    [newton k= 39] SCIF=  +155.24 mT  layer_snes_iters=[15, 4, 11, 17, 1, 1]  clip_frac_max=0.000
    [newton k= 40] SCIF=  +155.46 mT  layer_snes_iters=[12, 2, 3, 15, 1, 1]  clip_frac_max=0.000
    [newton k= 41] SCIF=  +160.31 mT  layer_snes_iters=[12, 7, 10, 6, 1, 1]  clip_frac_max=0.000
    [newton k= 42] SCIF=  +150.22 mT  layer_snes_iters=[5, 2, 11, 7, 1, 1]  clip_frac_max=0.000
    [newton k= 43] SCIF=  +148.69 mT  layer_snes_iters=[5, 8, 13, 3, 1, 1]  clip_frac_max=0.000
    [newton k= 44] SCIF=  +152.50 mT  layer_snes_iters=[10, 6, 3, 9, 1, 1]  clip_frac_max=0.000
    [newton k= 45] SCIF=  +150.63 mT  layer_snes_iters=[12, 3, 7, 12, 1, 1]  clip_frac_max=0.000
    [newton k= 46] SCIF=  +156.62 mT  layer_snes_iters=[12, 2, 6, 14, 1, 1]  clip_frac_max=0.000
    [newton k= 47] SCIF=  +152.81 mT  layer_snes_iters=[8, 3, 12, 3, 1, 1]  clip_frac_max=0.000
    [newton k= 48] SCIF=  +157.74 mT  layer_snes_iters=[21, 2, 5, 5, 1, 1]  clip_frac_max=0.000
    [newton k= 49] SCIF=  +157.10 mT  layer_snes_iters=[9, 6, 8, 3, 1, 1]  clip_frac_max=0.000
    [newton k= 50] SCIF=  +153.16 mT  layer_snes_iters=[9, 2, 12, 12, 1, 1]  clip_frac_max=0.000
    [newton k= 51] SCIF=  +148.61 mT  layer_snes_iters=[14, 14, 14, 4, 1, 1]  clip_frac_max=0.000
    [newton k= 52] SCIF=  +158.75 mT  layer_snes_iters=[16, 7, 4, 8, 1, 1]  clip_frac_max=0.000
    [newton k= 53] SCIF=  +158.95 mT  layer_snes_iters=[15, 15, 3, 2, 1, 1]  clip_frac_max=0.000
    [newton k= 54] SCIF=  +166.55 mT  layer_snes_iters=[11, 2, 3, 4, 1, 1]  clip_frac_max=0.000
    [newton k= 55] SCIF=  +172.63 mT  layer_snes_iters=[13, 2, 13, 2, 1, 1]  clip_frac_max=0.000
    [newton k= 56] SCIF=  +172.63 mT  layer_snes_iters=[3, 7, 13, 10, 1, 1]  clip_frac_max=0.000
    [newton k= 57] SCIF=  +164.58 mT  layer_snes_iters=[5, 3, 7, 2, 1, 1]  clip_frac_max=0.000
    [newton k= 58] SCIF=  +161.75 mT  layer_snes_iters=[12, 7, 12, 4, 1, 1]  clip_frac_max=0.000
    [newton k= 59] SCIF=  +158.98 mT  layer_snes_iters=[6, 8, 6, 2, 1, 1]  clip_frac_max=0.000
    [newton k= 60] SCIF=  +159.45 mT  layer_snes_iters=[15, 2, 8, 6, 1, 1]  clip_frac_max=0.000
    [newton k= 61] SCIF=  +160.37 mT  layer_snes_iters=[14, 9, 16, 2, 1, 1]  clip_frac_max=0.000
    [newton k= 62] SCIF=  +170.36 mT  layer_snes_iters=[8, 8, 4, 6, 1, 1]  clip_frac_max=0.000
    [newton k= 63] SCIF=  +170.10 mT  layer_snes_iters=[5, 9, 3, 2, 1, 1]  clip_frac_max=0.000
    [newton k= 64] SCIF=  +175.43 mT  layer_snes_iters=[15, 2, 3, 4, 1, 1]  clip_frac_max=0.000
    [newton k= 65] SCIF=  +176.67 mT  layer_snes_iters=[5, 10, 15, 2, 1, 1]  clip_frac_max=0.000
    [newton k= 66] SCIF=  +174.00 mT  layer_snes_iters=[10, 3, 13, 4, 1, 1]  clip_frac_max=0.000
    [newton k= 67] SCIF=  +166.87 mT  layer_snes_iters=[3, 5, 10, 2, 1, 1]  clip_frac_max=0.000
    [newton k= 68] SCIF=  +167.33 mT  layer_snes_iters=[11, 5, 9, 9, 1, 1]  clip_frac_max=0.000
    [newton k= 69] SCIF=  +163.07 mT  layer_snes_iters=[7, 9, 15, 2, 1, 1]  clip_frac_max=0.000
    [newton k= 70] SCIF=  +167.79 mT  layer_snes_iters=[10, 2, 5, 4, 1, 1]  clip_frac_max=0.000
    [newton k= 71] SCIF=  +163.29 mT  layer_snes_iters=[6, 7, 3, 4, 1, 1]  clip_frac_max=0.000
    [newton k= 72] SCIF=  +168.50 mT  layer_snes_iters=[11, 3, 5, 16, 1, 1]  clip_frac_max=0.000
    [newton k= 73] SCIF=  +164.37 mT  layer_snes_iters=[5, 13, 3, 3, 1, 1]  clip_frac_max=0.000
    [newton k= 74] SCIF=  +170.77 mT  layer_snes_iters=[12, 13, 5, 6, 1, 1]  clip_frac_max=0.000
    [newton k= 75] SCIF=  +168.74 mT  layer_snes_iters=[3, 3, 6, 3, 1, 1]  clip_frac_max=0.000
    [newton k= 76] SCIF=  +163.43 mT  layer_snes_iters=[14, 6, 12, 5, 1, 1]  clip_frac_max=0.000
    [newton k= 77] SCIF=  +158.02 mT  layer_snes_iters=[3, 5, 12, 3, 1, 1]  clip_frac_max=0.000
    [newton k= 78] SCIF=  +154.29 mT  layer_snes_iters=[13, 4, 12, 6, 1, 1]  clip_frac_max=0.000
    [newton k= 79] SCIF=  +152.32 mT  layer_snes_iters=[6, 10, 4, 4, 1, 1]  clip_frac_max=0.000
    [newton k= 80] SCIF=  +153.95 mT  layer_snes_iters=[9, 2, 10, 5, 1, 1]  clip_frac_max=0.000
    [newton k= 81] SCIF=  +151.78 mT  layer_snes_iters=[7, 5, 10, 5, 1, 1]  clip_frac_max=0.000
    [newton k= 82] SCIF=  +152.69 mT  layer_snes_iters=[12, 2, 8, 6, 1, 1]  clip_frac_max=0.000
    [newton k= 83] SCIF=  +146.65 mT  layer_snes_iters=[4, 8, 4, 6, 1, 1]  clip_frac_max=0.000
    [newton k= 84] SCIF=  +148.82 mT  layer_snes_iters=[14, 2, 7, 16, 1, 1]  clip_frac_max=0.000
    [newton k= 85] SCIF=  +141.84 mT  layer_snes_iters=[3, 7, 4, 11, 1, 1]  clip_frac_max=0.000
    [newton k= 86] SCIF=  +146.54 mT  layer_snes_iters=[13, 2, 7, 8, 1, 1]  clip_frac_max=0.000
    [newton k= 87] SCIF=  +141.25 mT  layer_snes_iters=[3, 9, 4, 6, 1, 1]  clip_frac_max=0.000
    [newton k= 88] SCIF=  +143.88 mT  layer_snes_iters=[14, 14, 8, 5, 1, 1]  clip_frac_max=0.000
    [newton k= 89] SCIF=  +139.05 mT  layer_snes_iters=[11, 4, 4, 12, 1, 1]  clip_frac_max=0.000
    [newton k= 90] SCIF=  +146.20 mT  layer_snes_iters=[14, 9, 10, 16, 1, 1]  clip_frac_max=0.000
    [newton k= 91] SCIF=  +140.87 mT  layer_snes_iters=[11, 4, 15, 13, 1, 1]  clip_frac_max=0.000
    [newton k= 92] SCIF=  +146.02 mT  layer_snes_iters=[16, 6, 11, 16, 1, 1]  clip_frac_max=0.000
    [newton k= 93] SCIF=  +143.67 mT  layer_snes_iters=[16, 6, 9, 9, 1, 1]  clip_frac_max=0.000
    [newton k= 94] SCIF=  +144.91 mT  layer_snes_iters=[10, 4, 3, 16, 1, 1]  clip_frac_max=0.000
    [newton k= 95] SCIF=  +141.30 mT  layer_snes_iters=[8, 10, 7, 15, 1, 1]  clip_frac_max=0.000
    [newton k= 96] SCIF=  +149.90 mT  layer_snes_iters=[10, 4, 14, 5, 1, 1]  clip_frac_max=0.000
    [newton k= 97] SCIF=  +140.86 mT  layer_snes_iters=[9, 9, 13, 15, 1, 1]  clip_frac_max=0.000
    [newton k= 98] SCIF=  +146.74 mT  layer_snes_iters=[8, 3, 6, 13, 1, 1]  clip_frac_max=0.000
    [newton k= 99] SCIF=  +151.00 mT  layer_snes_iters=[10, 14, 7, 11, 1, 1]  clip_frac_max=0.000
    [newton k=100] SCIF=  +153.41 mT  layer_snes_iters=[8, 3, 15, 13, 1, 1]  clip_frac_max=0.000
    [newton k=101] SCIF=  +145.13 mT  layer_snes_iters=[9, 8, 4, 8, 1, 1]  clip_frac_max=0.000
    [newton k=102] SCIF=  +140.96 mT  layer_snes_iters=[10, 6, 5, 16, 1, 1]  clip_frac_max=0.000
    [newton k=103] SCIF=  +144.05 mT  layer_snes_iters=[8, 3, 7, 9, 1, 1]  clip_frac_max=0.000
    [newton k=104] SCIF=  +147.19 mT  layer_snes_iters=[11, 8, 14, 17, 1, 1]  clip_frac_max=0.000
    [newton k=105] SCIF=  +145.85 mT  layer_snes_iters=[7, 6, 9, 8, 1, 1]  clip_frac_max=0.000
    [newton k=106] SCIF=  +145.69 mT  layer_snes_iters=[11, 7, 4, 17, 1, 1]  clip_frac_max=0.000
    [newton k=107] SCIF=  +137.73 mT  layer_snes_iters=[8, 3, 10, 12, 1, 1]  clip_frac_max=0.000
    [newton k=108] SCIF=  +135.44 mT  layer_snes_iters=[10, 9, 9, 9, 1, 1]  clip_frac_max=0.000
    [newton k=109] SCIF=  +152.32 mT  layer_snes_iters=[8, 8, 11, 12, 1, 1]  clip_frac_max=0.000
    [newton k=110] SCIF=  +147.07 mT  layer_snes_iters=[11, 6, 12, 16, 1, 1]  clip_frac_max=0.000
    [newton k=111] SCIF=  +157.49 mT  layer_snes_iters=[7, 4, 13, 14, 1, 1]  clip_frac_max=0.000
    [newton k=112] SCIF=  +149.44 mT  layer_snes_iters=[12, 7, 11, 7, 1, 1]  clip_frac_max=0.000
    [newton k=113] SCIF=  +152.87 mT  layer_snes_iters=[8, 4, 6, 17, 1, 1]  clip_frac_max=0.000
    [newton k=114] SCIF=  +153.06 mT  layer_snes_iters=[12, 8, 15, 11, 1, 1]  clip_frac_max=0.000
    [newton k=115] SCIF=  +158.86 mT  layer_snes_iters=[13, 3, 12, 5, 1, 1]  clip_frac_max=0.000
    [newton k=116] SCIF=  +149.80 mT  layer_snes_iters=[14, 8, 11, 12, 1, 1]  clip_frac_max=0.000
    [newton k=117] SCIF=  +148.34 mT  layer_snes_iters=[10, 11, 12, 11, 1, 1]  clip_frac_max=0.000
    [newton k=118] SCIF=  +155.85 mT  layer_snes_iters=[14, 8, 3, 10, 1, 1]  clip_frac_max=0.000
    [newton k=119] SCIF=  +152.94 mT  layer_snes_iters=[11, 11, 17, 12, 1, 1]  clip_frac_max=0.000
    [newton k=120] SCIF=  +163.00 mT  layer_snes_iters=[10, 8, 14, 16, 1, 1]  clip_frac_max=0.000
    [newton k=121] SCIF=  +151.39 mT  layer_snes_iters=[9, 11, 15, 12, 1, 1]  clip_frac_max=0.000
    [newton k=122] SCIF=  +158.01 mT  layer_snes_iters=[11, 9, 16, 12, 1, 1]  clip_frac_max=0.000
    [newton k=123] SCIF=  +156.90 mT  layer_snes_iters=[10, 8, 17, 13, 1, 1]  clip_frac_max=0.000
    [newton k=124] SCIF=  +158.03 mT  layer_snes_iters=[8, 9, 16, 12, 1, 1]  clip_frac_max=0.000
    [newton k=125] SCIF=  +154.57 mT  layer_snes_iters=[16, 13, 16, 14, 1, 1]  clip_frac_max=0.000
    [newton k=126] SCIF=  +158.83 mT  layer_snes_iters=[13, 10, 9, 14, 1, 1]  clip_frac_max=0.000
    [newton k=127] SCIF=  +165.52 mT  layer_snes_iters=[12, 11, 15, 10, 1, 2]  clip_frac_max=0.000
    [newton k=128] SCIF=  +161.82 mT  layer_snes_iters=[13, 10, 15, 10, 2, 3]  clip_frac_max=0.000
      [layer 0] Newton failed this outer iteration (reason=-9)
      reverting outer iteration 129 entirely, returning the state from iteration 128 (NOT auto-validated -- check against independent ground truth before trusting this SCIF)
    [newton] step done: stop_reason=newton_failure_reverted  n_outer=128  SCIF=+161.82 mT
  step 12/24 SUMMARY: converged=False  stop_reason=newton_failure_reverted  SCIF=+161.82 mT
  step 13/24  t=  325.0 s  I= 106.17 A  dt=  25.0 s
      [debug layer 0] Jc range (this layer's cells): [2.0316e+11,4.7979e+11]  n range: [15.339,25.874]  any Jc<=0: False  any nonfinite Jc: False  any nonfinite n: False
      [debug layer 0] SNES reason=3  its=1  T finite: True
      [debug layer 1] Jc range (this layer's cells): [1.8834e+11,4.3865e+11]  n range: [15.222,23.536]  any Jc<=0: False  any nonfinite Jc: False  any nonfinite n: False
      [debug layer 1] SNES reason=3  its=1  T finite: True
      [debug layer 2] Jc range (this layer's cells): [1.3364e+11,4.7683e+11]  n range: [14.641,26.139]  any Jc<=0: False  any nonfinite Jc: False  any nonfinite n: False
      [debug layer 2] SNES reason=3  its=1  T finite: True
      [debug layer 3] Jc range (this layer's cells): [1.4491e+11,3.5806e+11]  n range: [14.628,21.551]  any Jc<=0: False  any nonfinite Jc: False  any nonfinite n: False
      [debug layer 3] SNES reason=3  its=1  T finite: True
      [debug layer 4] Jc range (this layer's cells): [2.2874e+11,2.9183e+11]  n range: [18.953,21.113]  any Jc<=0: False  any nonfinite Jc: False  any nonfinite n: False
      [debug layer 4] SNES reason=3  its=1  T finite: True
      [debug layer 5] Jc range (this layer's cells): [2.4975e+11,2.9925e+11]  n range: [20.713,21.488]  any Jc<=0: False  any nonfinite Jc: False  any nonfinite n: False
      [debug layer 5] SNES reason=3  its=1  T finite: True
    [newton k=  1] SCIF=  +535.10 mT  layer_snes_iters=[1, 1, 1, 1, 1, 1]  clip_frac_max=0.000
    [newton k=  2] SCIF=  +564.91 mT  layer_snes_iters=[6, 11, 2, 2, 1, 1]  clip_frac_max=0.000
    [newton k=  3] SCIF=  +539.13 mT  layer_snes_iters=[15, 3, 3, 15, 1, 1]  clip_frac_max=0.000
    [newton k=  4] SCIF=  +496.07 mT  layer_snes_iters=[3, 4, 3, 14, 1, 1]  clip_frac_max=0.000
    [newton k=  5] SCIF=  +479.73 mT  layer_snes_iters=[3, 16, 4, 6, 1, 1]  clip_frac_max=0.000
    [newton k=  6] SCIF=  +450.41 mT  layer_snes_iters=[14, 6, 11, 3, 1, 1]  clip_frac_max=0.000
    [newton k=  7] SCIF=  +405.68 mT  layer_snes_iters=[3, 3, 3, 12, 1, 1]  clip_frac_max=0.000
    [newton k=  8] SCIF=  +381.24 mT  layer_snes_iters=[2, 12, 15, 10, 1, 1]  clip_frac_max=0.000
    [newton k=  9] SCIF=  +373.22 mT  layer_snes_iters=[6, 16, 10, 3, 1, 1]  clip_frac_max=0.000
    [newton k= 10] SCIF=  +345.64 mT  layer_snes_iters=[9, 15, 17, 13, 1, 1]  clip_frac_max=0.000
    [newton k= 11] SCIF=  +336.93 mT  layer_snes_iters=[12, 3, 5, 3, 1, 1]  clip_frac_max=0.000
    [newton k= 12] SCIF=  +310.28 mT  layer_snes_iters=[10, 13, 4, 12, 1, 1]  clip_frac_max=0.000
    [newton k= 13] SCIF=  +302.43 mT  layer_snes_iters=[3, 8, 3, 11, 1, 1]  clip_frac_max=0.000
    [newton k= 14] SCIF=  +276.90 mT  layer_snes_iters=[18, 4, 3, 16, 1, 1]  clip_frac_max=0.000
    [newton k= 15] SCIF=  +269.08 mT  layer_snes_iters=[14, 9, 2, 3, 1, 1]  clip_frac_max=0.000
    [newton k= 16] SCIF=  +245.86 mT  layer_snes_iters=[7, 7, 7, 10, 1, 1]  clip_frac_max=0.000
    [newton k= 17] SCIF=  +238.76 mT  layer_snes_iters=[3, 4, 7, 10, 1, 1]  clip_frac_max=0.000
    [newton k= 18] SCIF=  +225.01 mT  layer_snes_iters=[4, 8, 4, 8, 1, 1]  clip_frac_max=0.000
    [newton k= 19] SCIF=  +217.92 mT  layer_snes_iters=[16, 3, 2, 5, 1, 1]  clip_frac_max=0.000
    [newton k= 20] SCIF=  +208.96 mT  layer_snes_iters=[9, 3, 7, 4, 1, 1]  clip_frac_max=0.000
    [newton k= 21] SCIF=  +199.03 mT  layer_snes_iters=[3, 10, 10, 16, 1, 1]  clip_frac_max=0.000
    [newton k= 22] SCIF=  +183.65 mT  layer_snes_iters=[2, 6, 9, 11, 1, 1]  clip_frac_max=0.000
    [newton k= 23] SCIF=  +178.42 mT  layer_snes_iters=[13, 3, 6, 10, 1, 1]  clip_frac_max=0.000
    [newton k= 24] SCIF=  +170.55 mT  layer_snes_iters=[3, 4, 14, 7, 1, 1]  clip_frac_max=0.000
    [newton k= 25] SCIF=  +172.04 mT  layer_snes_iters=[14, 12, 7, 20, 1, 1]  clip_frac_max=0.000
    [newton k= 26] SCIF=  +172.92 mT  layer_snes_iters=[2, 2, 11, 3, 1, 1]  clip_frac_max=0.000
    [newton k= 27] SCIF=  +183.32 mT  layer_snes_iters=[11, 6, 3, 12, 1, 1]  clip_frac_max=0.000
    [newton k= 28] SCIF=  +180.95 mT  layer_snes_iters=[6, 2, 3, 2, 1, 1]  clip_frac_max=0.000
    [newton k= 29] SCIF=  +187.76 mT  layer_snes_iters=[11, 3, 2, 6, 1, 1]  clip_frac_max=0.000
    [newton k= 30] SCIF=  +186.29 mT  layer_snes_iters=[7, 2, 17, 2, 1, 1]  clip_frac_max=0.000
    [newton k= 31] SCIF=  +189.70 mT  layer_snes_iters=[11, 7, 4, 6, 1, 1]  clip_frac_max=0.000
    [newton k= 32] SCIF=  +189.66 mT  layer_snes_iters=[7, 14, 11, 2, 1, 1]  clip_frac_max=0.000
    [newton k= 33] SCIF=  +195.41 mT  layer_snes_iters=[10, 3, 2, 4, 1, 1]  clip_frac_max=0.000
    [newton k= 34] SCIF=  +188.83 mT  layer_snes_iters=[9, 7, 3, 2, 1, 1]  clip_frac_max=0.000
    [newton k= 35] SCIF=  +193.97 mT  layer_snes_iters=[14, 8, 2, 3, 1, 1]  clip_frac_max=0.000
    [newton k= 36] SCIF=  +185.33 mT  layer_snes_iters=[12, 2, 10, 2, 1, 1]  clip_frac_max=0.000
    [newton k= 37] SCIF=  +187.67 mT  layer_snes_iters=[3, 15, 2, 3, 1, 1]  clip_frac_max=0.000
    [newton k= 38] SCIF=  +184.64 mT  layer_snes_iters=[8, 2, 7, 2, 1, 1]  clip_frac_max=0.000
    [newton k= 39] SCIF=  +189.85 mT  layer_snes_iters=[12, 3, 2, 3, 1, 1]  clip_frac_max=0.000
    [newton k= 40] SCIF=  +182.41 mT  layer_snes_iters=[7, 2, 3, 2, 1, 1]  clip_frac_max=0.000
    [newton k= 41] SCIF=  +186.43 mT  layer_snes_iters=[12, 6, 2, 12, 1, 1]  clip_frac_max=0.000
    [newton k= 42] SCIF=  +183.26 mT  layer_snes_iters=[6, 2, 17, 2, 1, 1]  clip_frac_max=0.000
    [newton k= 43] SCIF=  +181.60 mT  layer_snes_iters=[10, 3, 7, 4, 1, 1]  clip_frac_max=0.000
    [newton k= 44] SCIF=  +174.26 mT  layer_snes_iters=[11, 2, 14, 2, 1, 1]  clip_frac_max=0.000
    [newton k= 45] SCIF=  +172.82 mT  layer_snes_iters=[6, 3, 7, 5, 1, 1]  clip_frac_max=0.000
    [newton k= 46] SCIF=  +163.55 mT  layer_snes_iters=[11, 2, 5, 4, 1, 1]  clip_frac_max=0.000
    [newton k= 47] SCIF=  +162.97 mT  layer_snes_iters=[7, 3, 6, 5, 1, 1]  clip_frac_max=0.000
    [newton k= 48] SCIF=  +157.29 mT  layer_snes_iters=[3, 2, 4, 2, 1, 1]  clip_frac_max=0.000
    [newton k= 49] SCIF=  +168.77 mT  layer_snes_iters=[3, 3, 2, 15, 1, 1]  clip_frac_max=0.000
    [newton k= 50] SCIF=  +166.40 mT  layer_snes_iters=[4, 2, 3, 2, 1, 1]  clip_frac_max=0.000
    [newton k= 51] SCIF=  +174.71 mT  layer_snes_iters=[13, 14, 2, 9, 1, 1]  clip_frac_max=0.000
    [newton k= 52] SCIF=  +174.43 mT  layer_snes_iters=[8, 15, 3, 2, 1, 1]  clip_frac_max=0.000
    [newton k= 53] SCIF=  +180.04 mT  layer_snes_iters=[7, 11, 2, 5, 1, 1]  clip_frac_max=0.000
    [newton k= 54] SCIF=  +173.70 mT  layer_snes_iters=[11, 3, 3, 2, 1, 1]  clip_frac_max=0.000
    [newton k= 55] SCIF=  +177.42 mT  layer_snes_iters=[9, 5, 3, 14, 1, 1]  clip_frac_max=0.000
    [newton k= 56] SCIF=  +172.76 mT  layer_snes_iters=[13, 6, 11, 2, 1, 1]  clip_frac_max=0.000
    [newton k= 57] SCIF=  +176.85 mT  layer_snes_iters=[3, 3, 3, 10, 1, 1]  clip_frac_max=0.000
    [newton k= 58] SCIF=  +170.66 mT  layer_snes_iters=[3, 2, 16, 2, 1, 1]  clip_frac_max=0.000
    [newton k= 59] SCIF=  +177.18 mT  layer_snes_iters=[9, 2, 2, 14, 1, 1]  clip_frac_max=0.000
    [newton k= 60] SCIF=  +172.51 mT  layer_snes_iters=[7, 2, 4, 2, 1, 1]  clip_frac_max=0.000
    [newton k= 61] SCIF=  +174.02 mT  layer_snes_iters=[7, 5, 4, 4, 1, 1]  clip_frac_max=0.000
    [newton k= 62] SCIF=  +168.35 mT  layer_snes_iters=[11, 2, 9, 3, 1, 1]  clip_frac_max=0.000
    [newton k= 63] SCIF=  +166.23 mT  layer_snes_iters=[8, 3, 9, 16, 1, 1]  clip_frac_max=0.000
    [newton k= 64] SCIF=  +155.17 mT  layer_snes_iters=[3, 2, 16, 6, 1, 1]  clip_frac_max=0.000
    [newton k= 65] SCIF=  +154.92 mT  layer_snes_iters=[5, 10, 8, 11, 1, 1]  clip_frac_max=0.000
    [newton k= 66] SCIF=  +147.38 mT  layer_snes_iters=[12, 2, 12, 6, 1, 1]  clip_frac_max=0.000
    [newton k= 67] SCIF=  +145.88 mT  layer_snes_iters=[10, 3, 13, 4, 1, 1]  clip_frac_max=0.000
    [newton k= 68] SCIF=  +134.52 mT  layer_snes_iters=[4, 2, 4, 8, 1, 1]  clip_frac_max=0.000
    [newton k= 69] SCIF=  +141.74 mT  layer_snes_iters=[11, 3, 6, 4, 1, 1]  clip_frac_max=0.000
    [newton k= 70] SCIF=  +140.01 mT  layer_snes_iters=[11, 2, 15, 4, 1, 1]  clip_frac_max=0.000
    [newton k= 71] SCIF=  +141.85 mT  layer_snes_iters=[7, 3, 12, 19, 1, 1]  clip_frac_max=0.000
    [newton k= 72] SCIF=  +136.75 mT  layer_snes_iters=[11, 2, 14, 5, 1, 1]  clip_frac_max=0.000
    [newton k= 73] SCIF=  +141.75 mT  layer_snes_iters=[16, 3, 7, 6, 1, 1]  clip_frac_max=0.000
    [newton k= 74] SCIF=  +136.79 mT  layer_snes_iters=[7, 2, 16, 8, 1, 1]  clip_frac_max=0.000
    [newton k= 75] SCIF=  +138.47 mT  layer_snes_iters=[7, 3, 11, 16, 1, 1]  clip_frac_max=0.000
    [newton k= 76] SCIF=  +131.00 mT  layer_snes_iters=[8, 5, 10, 11, 1, 1]  clip_frac_max=0.000
    [newton k= 77] SCIF=  +145.18 mT  layer_snes_iters=[11, 3, 8, 14, 1, 1]  clip_frac_max=0.000
    [newton k= 78] SCIF=  +132.36 mT  layer_snes_iters=[11, 2, 16, 11, 1, 1]  clip_frac_max=0.000
    [newton k= 79] SCIF=  +139.03 mT  layer_snes_iters=[11, 15, 8, 7, 1, 1]  clip_frac_max=0.000
    [newton k= 80] SCIF=  +133.79 mT  layer_snes_iters=[10, 3, 5, 5, 1, 1]  clip_frac_max=0.000
    [newton k= 81] SCIF=  +137.52 mT  layer_snes_iters=[13, 8, 10, 16, 1, 1]  clip_frac_max=0.000
    [newton k= 82] SCIF=  +135.32 mT  layer_snes_iters=[4, 3, 18, 11, 1, 1]  clip_frac_max=0.000
    [newton k= 83] SCIF=  +149.86 mT  layer_snes_iters=[10, 3, 8, 11, 1, 1]  clip_frac_max=0.000
    [newton k= 84] SCIF=  +147.45 mT  layer_snes_iters=[10, 2, 13, 9, 1, 1]  clip_frac_max=0.000
    [newton k= 85] SCIF=  +149.56 mT  layer_snes_iters=[10, 3, 11, 15, 1, 1]  clip_frac_max=0.000
    [newton k= 86] SCIF=  +141.70 mT  layer_snes_iters=[9, 2, 17, 10, 1, 1]  clip_frac_max=0.000
    [newton k= 87] SCIF=  +143.53 mT  layer_snes_iters=[15, 3, 12, 8, 1, 1]  clip_frac_max=0.000
    [newton k= 88] SCIF=  +133.42 mT  layer_snes_iters=[4, 2, 10, 13, 1, 1]  clip_frac_max=0.000
    [newton k= 89] SCIF=  +146.44 mT  layer_snes_iters=[9, 3, 12, 14, 1, 1]  clip_frac_max=0.000
    [newton k= 90] SCIF=  +140.27 mT  layer_snes_iters=[12, 2, 15, 10, 1, 1]  clip_frac_max=0.000
    [newton k= 91] SCIF=  +151.51 mT  layer_snes_iters=[7, 3, 10, 12, 1, 1]  clip_frac_max=0.000
    [newton k= 92] SCIF=  +147.78 mT  layer_snes_iters=[11, 5, 13, 13, 1, 1]  clip_frac_max=0.000
    [newton k= 93] SCIF=  +152.88 mT  layer_snes_iters=[13, 5, 10, 15, 1, 1]  clip_frac_max=0.000
    [newton k= 94] SCIF=  +145.73 mT  layer_snes_iters=[7, 4, 13, 6, 1, 1]  clip_frac_max=0.000
    [newton k= 95] SCIF=  +146.00 mT  layer_snes_iters=[9, 3, 10, 14, 1, 1]  clip_frac_max=0.000
    [newton k= 96] SCIF=  +138.79 mT  layer_snes_iters=[8, 7, 14, 11, 1, 1]  clip_frac_max=0.000
    [newton k= 97] SCIF=  +146.43 mT  layer_snes_iters=[14, 11, 14, 15, 1, 1]  clip_frac_max=0.000
    [newton k= 98] SCIF=  +145.44 mT  layer_snes_iters=[5, 9, 13, 11, 1, 1]  clip_frac_max=0.000
    [newton k= 99] SCIF=  +161.66 mT  layer_snes_iters=[12, 6, 8, 13, 1, 1]  clip_frac_max=0.000
    [newton k=100] SCIF=  +155.34 mT  layer_snes_iters=[6, 8, 13, 15, 1, 1]  clip_frac_max=0.000
    [newton k=101] SCIF=  +160.89 mT  layer_snes_iters=[13, 7, 14, 17, 1, 1]  clip_frac_max=0.000
    [newton k=102] SCIF=  +152.94 mT  layer_snes_iters=[7, 5, 10, 10, 1, 1]  clip_frac_max=0.000
    [newton k=103] SCIF=  +155.14 mT  layer_snes_iters=[12, 4, 13, 16, 1, 1]  clip_frac_max=0.000
    [newton k=104] SCIF=  +150.16 mT  layer_snes_iters=[7, 5, 14, 17, 1, 1]  clip_frac_max=0.000
    [newton k=105] SCIF=  +159.25 mT  layer_snes_iters=[12, 11, 14, 11, 1, 1]  clip_frac_max=0.000
    [newton k=106] SCIF=  +153.35 mT  layer_snes_iters=[9, 4, 17, 8, 1, 1]  clip_frac_max=0.000
    [newton k=107] SCIF=  +154.97 mT  layer_snes_iters=[9, 3, 7, 10, 1, 1]  clip_frac_max=0.000
    [newton k=108] SCIF=  +147.93 mT  layer_snes_iters=[11, 6, 15, 10, 1, 1]  clip_frac_max=0.000
    [newton k=109] SCIF=  +153.05 mT  layer_snes_iters=[11, 3, 16, 12, 1, 1]  clip_frac_max=0.000
    [newton k=110] SCIF=  +155.15 mT  layer_snes_iters=[12, 7, 17, 7, 1, 1]  clip_frac_max=0.000
    [newton k=111] SCIF=  +158.82 mT  layer_snes_iters=[8, 3, 16, 15, 1, 1]  clip_frac_max=0.000
    [newton k=112] SCIF=  +151.71 mT  layer_snes_iters=[14, 8, 17, 4, 1, 1]  clip_frac_max=0.000
    [newton k=113] SCIF=  +160.34 mT  layer_snes_iters=[16, 7, 15, 14, 1, 1]  clip_frac_max=0.000
    [newton k=114] SCIF=  +152.16 mT  layer_snes_iters=[8, 6, 12, 13, 1, 1]  clip_frac_max=0.000
    [newton k=115] SCIF=  +159.55 mT  layer_snes_iters=[13, 4, 11, 11, 1, 1]  clip_frac_max=0.000
    [newton k=116] SCIF=  +155.29 mT  layer_snes_iters=[9, 8, 15, 9, 1, 1]  clip_frac_max=0.000
    [newton k=117] SCIF=  +155.69 mT  layer_snes_iters=[10, 12, 11, 18, 1, 1]  clip_frac_max=0.000
    [newton k=118] SCIF=  +144.75 mT  layer_snes_iters=[15, 9, 7, 4, 1, 1]  clip_frac_max=0.000
    [newton k=119] SCIF=  +150.21 mT  layer_snes_iters=[6, 14, 13, 15, 1, 1]  clip_frac_max=0.000
    [newton k=120] SCIF=  +153.81 mT  layer_snes_iters=[4, 10, 16, 10, 1, 1]  clip_frac_max=0.000
    [newton k=121] SCIF=  +150.77 mT  layer_snes_iters=[17, 7, 5, 10, 1, 1]  clip_frac_max=0.000
    [newton k=122] SCIF=  +164.53 mT  layer_snes_iters=[7, 13, 4, 13, 1, 1]  clip_frac_max=0.000
    [newton k=123] SCIF=  +161.59 mT  layer_snes_iters=[6, 17, 18, 12, 1, 1]  clip_frac_max=0.000
    [newton k=124] SCIF=  +169.07 mT  layer_snes_iters=[14, 13, 16, 18, 1, 1]  clip_frac_max=0.000
    [newton k=125] SCIF=  +167.61 mT  layer_snes_iters=[10, 16, 12, 5, 1, 1]  clip_frac_max=0.000
    [newton k=126] SCIF=  +167.39 mT  layer_snes_iters=[6, 13, 15, 17, 2, 1]  clip_frac_max=0.000
    [newton k=127] SCIF=  +161.93 mT  layer_snes_iters=[18, 19, 10, 14, 3, 3]  clip_frac_max=0.000
    [newton k=128] SCIF=  +159.01 mT  layer_snes_iters=[10, 16, 7, 17, 4, 4]  clip_frac_max=0.000
      [layer 0] Newton failed this outer iteration (reason=-9)
      reverting outer iteration 129 entirely, returning the state from iteration 128 (NOT auto-validated -- check against independent ground truth before trusting this SCIF)
    [newton] step done: stop_reason=newton_failure_reverted  n_outer=128  SCIF=+159.01 mT
  step 13/24 SUMMARY: converged=False  stop_reason=newton_failure_reverted  SCIF=+159.01 mT
  step 14/24  t=  350.0 s  I= 114.33 A  dt=  25.0 s
      [debug layer 0] Jc range (this layer's cells): [2.0044e+11,4.7535e+11]  n range: [15.080,25.578]  any Jc<=0: False  any nonfinite Jc: False  any nonfinite n: False
      [debug layer 0] SNES reason=3  its=1  T finite: True
      [debug layer 1] Jc range (this layer's cells): [1.7749e+11,4.2779e+11]  n range: [14.959,22.786]  any Jc<=0: False  any nonfinite Jc: False  any nonfinite n: False
      [debug layer 1] SNES reason=3  its=1  T finite: True
      [debug layer 2] Jc range (this layer's cells): [1.2603e+11,4.5979e+11]  n range: [14.401,25.364]  any Jc<=0: False  any nonfinite Jc: False  any nonfinite n: False
      [debug layer 2] SNES reason=3  its=1  T finite: True
      [debug layer 3] Jc range (this layer's cells): [1.3662e+11,3.5431e+11]  n range: [14.401,22.036]  any Jc<=0: False  any nonfinite Jc: False  any nonfinite n: False
      [debug layer 3] SNES reason=3  its=1  T finite: True
      [debug layer 4] Jc range (this layer's cells): [2.2027e+11,2.8297e+11]  n range: [19.085,21.058]  any Jc<=0: False  any nonfinite Jc: False  any nonfinite n: False
      [debug layer 4] SNES reason=3  its=1  T finite: True
      [debug layer 5] Jc range (this layer's cells): [2.4124e+11,2.9181e+11]  n range: [20.563,21.452]  any Jc<=0: False  any nonfinite Jc: False  any nonfinite n: False
      [debug layer 5] SNES reason=3  its=1  T finite: True
    [newton k=  1] SCIF=  +534.40 mT  layer_snes_iters=[1, 1, 1, 1, 1, 1]  clip_frac_max=0.000
    [newton k=  2] SCIF=  +577.76 mT  layer_snes_iters=[2, 13, 2, 15, 1, 1]  clip_frac_max=0.000
    [newton k=  3] SCIF=  +560.19 mT  layer_snes_iters=[4, 3, 14, 3, 1, 1]  clip_frac_max=0.000
    [newton k=  4] SCIF=  +527.70 mT  layer_snes_iters=[15, 3, 3, 10, 1, 1]  clip_frac_max=0.000
    [newton k=  5] SCIF=  +481.73 mT  layer_snes_iters=[16, 4, 7, 7, 1, 1]  clip_frac_max=0.000
    [newton k=  6] SCIF=  +435.31 mT  layer_snes_iters=[3, 7, 6, 2, 1, 1]  clip_frac_max=0.000
    [newton k=  7] SCIF=  +409.96 mT  layer_snes_iters=[11, 3, 8, 5, 1, 1]  clip_frac_max=0.000
    [newton k=  8] SCIF=  +385.16 mT  layer_snes_iters=[3, 6, 3, 15, 1, 1]  clip_frac_max=0.000
    [newton k=  9] SCIF=  +368.34 mT  layer_snes_iters=[2, 3, 7, 14, 1, 1]  clip_frac_max=0.000
    [newton k= 10] SCIF=  +338.26 mT  layer_snes_iters=[5, 6, 13, 3, 1, 1]  clip_frac_max=0.000
    [newton k= 11] SCIF=  +311.50 mT  layer_snes_iters=[2, 9, 9, 14, 1, 1]  clip_frac_max=0.000
    [newton k= 12] SCIF=  +269.04 mT  layer_snes_iters=[8, 6, 15, 18, 1, 1]  clip_frac_max=0.000
    [newton k= 13] SCIF=  +268.18 mT  layer_snes_iters=[2, 4, 10, 6, 1, 1]  clip_frac_max=0.000
    [newton k= 14] SCIF=  +266.89 mT  layer_snes_iters=[5, 15, 2, 10, 1, 1]  clip_frac_max=0.000
    [newton k= 15] SCIF=  +249.24 mT  layer_snes_iters=[4, 3, 3, 7, 1, 1]  clip_frac_max=0.000
    [newton k= 16] SCIF=  +248.92 mT  layer_snes_iters=[13, 3, 2, 17, 1, 1]  clip_frac_max=0.000
    [newton k= 17] SCIF=  +239.80 mT  layer_snes_iters=[10, 13, 4, 2, 1, 1]  clip_frac_max=0.000
    [newton k= 18] SCIF=  +228.58 mT  layer_snes_iters=[5, 13, 4, 3, 1, 1]  clip_frac_max=0.000
    [newton k= 19] SCIF=  +221.88 mT  layer_snes_iters=[2, 12, 3, 2, 1, 1]  clip_frac_max=0.000
    [newton k= 20] SCIF=  +214.17 mT  layer_snes_iters=[3, 10, 2, 6, 1, 1]  clip_frac_max=0.000
    [newton k= 21] SCIF=  +219.40 mT  layer_snes_iters=[6, 10, 3, 2, 1, 1]  clip_frac_max=0.000
    [newton k= 22] SCIF=  +211.13 mT  layer_snes_iters=[5, 7, 2, 6, 1, 1]  clip_frac_max=0.000
    [newton k= 23] SCIF=  +214.46 mT  layer_snes_iters=[2, 6, 12, 2, 1, 1]  clip_frac_max=0.000
    [newton k= 24] SCIF=  +207.86 mT  layer_snes_iters=[5, 15, 11, 3, 1, 1]  clip_frac_max=0.000
    [newton k= 25] SCIF=  +203.28 mT  layer_snes_iters=[7, 14, 11, 2, 1, 1]  clip_frac_max=0.000
    [newton k= 26] SCIF=  +198.14 mT  layer_snes_iters=[3, 18, 8, 15, 1, 1]  clip_frac_max=0.000
    [newton k= 27] SCIF=  +191.51 mT  layer_snes_iters=[2, 15, 7, 14, 1, 1]  clip_frac_max=0.000
    [newton k= 28] SCIF=  +194.26 mT  layer_snes_iters=[16, 9, 7, 7, 1, 1]  clip_frac_max=0.000
    [newton k= 29] SCIF=  +187.92 mT  layer_snes_iters=[8, 5, 3, 2, 1, 1]  clip_frac_max=0.000
    [newton k= 30] SCIF=  +187.21 mT  layer_snes_iters=[9, 3, 6, 7, 1, 1]  clip_frac_max=0.000
    [newton k= 31] SCIF=  +181.53 mT  layer_snes_iters=[3, 3, 7, 5, 1, 1]  clip_frac_max=0.000
    [newton k= 32] SCIF=  +180.48 mT  layer_snes_iters=[11, 3, 5, 8, 1, 1]  clip_frac_max=0.000
    [newton k= 33] SCIF=  +173.14 mT  layer_snes_iters=[3, 13, 5, 10, 1, 1]  clip_frac_max=0.000
    [newton k= 34] SCIF=  +187.97 mT  layer_snes_iters=[14, 5, 2, 4, 1, 1]  clip_frac_max=0.000
    [newton] step done: stop_reason=stall  n_outer=34  SCIF=+187.97 mT
  step 14/24 SUMMARY: converged=True  stop_reason=stall  SCIF=+187.97 mT
  step 15/24  t=  375.0 s  I= 122.50 A  dt=  25.0 s
      [debug layer 0] Jc range (this layer's cells): [1.8851e+11,4.7662e+11]  n range: [14.961,25.762]  any Jc<=0: False  any nonfinite Jc: False  any nonfinite n: False
      [debug layer 0] SNES reason=3  its=1  T finite: True
      [debug layer 1] Jc range (this layer's cells): [1.6413e+11,4.2906e+11]  n range: [14.668,24.697]  any Jc<=0: False  any nonfinite Jc: False  any nonfinite n: False
      [debug layer 1] SNES reason=3  its=1  T finite: True
      [debug layer 2] Jc range (this layer's cells): [1.2332e+11,4.5060e+11]  n range: [14.169,24.853]  any Jc<=0: False  any nonfinite Jc: False  any nonfinite n: False
      [debug layer 2] SNES reason=3  its=1  T finite: True
      [debug layer 3] Jc range (this layer's cells): [1.3078e+11,3.1894e+11]  n range: [14.167,21.551]  any Jc<=0: False  any nonfinite Jc: False  any nonfinite n: False
      [debug layer 3] SNES reason=3  its=1  T finite: True
      [debug layer 4] Jc range (this layer's cells): [2.1225e+11,2.7334e+11]  n range: [19.118,20.994]  any Jc<=0: False  any nonfinite Jc: False  any nonfinite n: False
      [debug layer 4] SNES reason=3  its=1  T finite: True
      [debug layer 5] Jc range (this layer's cells): [2.3306e+11,2.8439e+11]  n range: [20.372,21.418]  any Jc<=0: False  any nonfinite Jc: False  any nonfinite n: False
      [debug layer 5] SNES reason=3  its=1  T finite: True
    [newton k=  1] SCIF=  +624.99 mT  layer_snes_iters=[1, 1, 1, 1, 1, 1]  clip_frac_max=0.000
    [newton k=  2] SCIF=  +653.18 mT  layer_snes_iters=[8, 12, 2, 14, 1, 1]  clip_frac_max=0.000
    [newton k=  3] SCIF=  +613.31 mT  layer_snes_iters=[6, 3, 6, 4, 1, 1]  clip_frac_max=0.000
    [newton k=  4] SCIF=  +600.02 mT  layer_snes_iters=[14, 4, 2, 15, 1, 1]  clip_frac_max=0.000
    [newton k=  5] SCIF=  +558.63 mT  layer_snes_iters=[3, 3, 5, 8, 1, 1]  clip_frac_max=0.000
    [newton k=  6] SCIF=  +540.20 mT  layer_snes_iters=[7, 8, 2, 3, 1, 1]  clip_frac_max=0.000
    [newton k=  7] SCIF=  +506.67 mT  layer_snes_iters=[3, 3, 5, 5, 1, 1]  clip_frac_max=0.000
    [newton k=  8] SCIF=  +478.31 mT  layer_snes_iters=[6, 2, 5, 15, 1, 1]  clip_frac_max=0.000
    [newton k=  9] SCIF=  +453.26 mT  layer_snes_iters=[10, 3, 12, 5, 1, 1]  clip_frac_max=0.000
    [newton k= 10] SCIF=  +441.86 mT  layer_snes_iters=[2, 4, 3, 9, 1, 1]  clip_frac_max=0.000
    [newton k= 11] SCIF=  +419.66 mT  layer_snes_iters=[8, 10, 9, 3, 1, 1]  clip_frac_max=0.000
    [newton k= 12] SCIF=  +402.68 mT  layer_snes_iters=[2, 7, 2, 3, 1, 1]  clip_frac_max=0.000
    [newton k= 13] SCIF=  +376.63 mT  layer_snes_iters=[3, 4, 12, 2, 1, 1]  clip_frac_max=0.000
    [newton k= 14] SCIF=  +366.76 mT  layer_snes_iters=[5, 2, 2, 14, 1, 1]  clip_frac_max=0.000
    [newton k= 15] SCIF=  +351.89 mT  layer_snes_iters=[8, 13, 11, 3, 1, 1]  clip_frac_max=0.000
    [newton k= 16] SCIF=  +346.81 mT  layer_snes_iters=[2, 6, 2, 11, 1, 1]  clip_frac_max=0.000
    [newton k= 17] SCIF=  +330.21 mT  layer_snes_iters=[5, 3, 4, 2, 1, 1]  clip_frac_max=0.000
    [newton k= 18] SCIF=  +326.67 mT  layer_snes_iters=[2, 2, 2, 12, 1, 1]  clip_frac_max=0.000
    [newton k= 19] SCIF=  +303.78 mT  layer_snes_iters=[6, 3, 8, 5, 1, 1]  clip_frac_max=0.000
    [newton k= 20] SCIF=  +307.71 mT  layer_snes_iters=[2, 4, 2, 6, 1, 1]  clip_frac_max=0.000
    [newton k= 21] SCIF=  +299.39 mT  layer_snes_iters=[5, 8, 17, 9, 1, 1]  clip_frac_max=0.000
    [newton k= 22] SCIF=  +302.50 mT  layer_snes_iters=[3, 2, 2, 15, 1, 1]  clip_frac_max=0.000
    [newton k= 23] SCIF=  +291.44 mT  layer_snes_iters=[5, 6, 8, 7, 1, 1]  clip_frac_max=0.000
    [newton k= 24] SCIF=  +295.37 mT  layer_snes_iters=[4, 2, 2, 11, 1, 1]  clip_frac_max=0.000
    [newton k= 25] SCIF=  +277.99 mT  layer_snes_iters=[5, 4, 11, 9, 1, 1]  clip_frac_max=0.000
    [newton k= 26] SCIF=  +286.42 mT  layer_snes_iters=[15, 2, 2, 9, 1, 1]  clip_frac_max=0.000
    [newton k= 27] SCIF=  +266.40 mT  layer_snes_iters=[11, 10, 4, 3, 1, 1]  clip_frac_max=0.000
    [newton k= 28] SCIF=  +268.65 mT  layer_snes_iters=[16, 3, 2, 14, 1, 1]  clip_frac_max=0.000
    [newton k= 29] SCIF=  +250.21 mT  layer_snes_iters=[14, 17, 5, 12, 1, 1]  clip_frac_max=0.000
    [newton k= 30] SCIF=  +266.79 mT  layer_snes_iters=[9, 14, 4, 14, 1, 1]  clip_frac_max=0.000
    [newton k= 31] SCIF=  +251.55 mT  layer_snes_iters=[16, 16, 7, 7, 1, 1]  clip_frac_max=0.000
    [newton k= 32] SCIF=  +266.26 mT  layer_snes_iters=[3, 13, 3, 3, 1, 1]  clip_frac_max=0.000
    [newton k= 33] SCIF=  +254.45 mT  layer_snes_iters=[8, 18, 13, 6, 1, 1]  clip_frac_max=0.000
    [newton k= 34] SCIF=  +267.82 mT  layer_snes_iters=[5, 4, 2, 15, 1, 1]  clip_frac_max=0.000
    [newton k= 35] SCIF=  +263.50 mT  layer_snes_iters=[13, 4, 5, 7, 1, 1]  clip_frac_max=0.000
    [newton k= 36] SCIF=  +271.43 mT  layer_snes_iters=[11, 3, 5, 7, 1, 1]  clip_frac_max=0.000
    [newton k= 37] SCIF=  +260.98 mT  layer_snes_iters=[14, 3, 6, 5, 1, 1]  clip_frac_max=0.000
    [newton k= 38] SCIF=  +262.16 mT  layer_snes_iters=[6, 2, 4, 19, 1, 1]  clip_frac_max=0.000
    [newton k= 39] SCIF=  +253.40 mT  layer_snes_iters=[13, 6, 5, 11, 1, 1]  clip_frac_max=0.000
    [newton k= 40] SCIF=  +266.72 mT  layer_snes_iters=[14, 2, 2, 15, 1, 1]  clip_frac_max=0.000
    [newton k= 41] SCIF=  +256.33 mT  layer_snes_iters=[11, 5, 9, 4, 1, 1]  clip_frac_max=0.000
    [newton k= 42] SCIF=  +258.88 mT  layer_snes_iters=[5, 3, 8, 14, 1, 1]  clip_frac_max=0.000
    [newton k= 43] SCIF=  +251.83 mT  layer_snes_iters=[10, 6, 6, 11, 1, 1]  clip_frac_max=0.000
    [newton k= 44] SCIF=  +241.99 mT  layer_snes_iters=[3, 3, 11, 14, 1, 1]  clip_frac_max=0.000
    [newton k= 45] SCIF=  +235.25 mT  layer_snes_iters=[8, 5, 11, 11, 1, 1]  clip_frac_max=0.000
    [newton k= 46] SCIF=  +241.22 mT  layer_snes_iters=[3, 3, 9, 7, 1, 1]  clip_frac_max=0.000
    [newton k= 47] SCIF=  +236.60 mT  layer_snes_iters=[6, 6, 14, 10, 1, 1]  clip_frac_max=0.000
    [newton k= 48] SCIF=  +240.59 mT  layer_snes_iters=[9, 2, 5, 3, 1, 1]  clip_frac_max=0.000
    [newton k= 49] SCIF=  +229.36 mT  layer_snes_iters=[3, 11, 16, 14, 1, 1]  clip_frac_max=0.000
    [newton k= 50] SCIF=  +238.10 mT  layer_snes_iters=[13, 12, 8, 10, 1, 1]  clip_frac_max=0.000
    [newton k= 51] SCIF=  +236.61 mT  layer_snes_iters=[3, 15, 12, 6, 1, 1]  clip_frac_max=0.000
    [newton k= 52] SCIF=  +238.31 mT  layer_snes_iters=[15, 3, 9, 10, 1, 1]  clip_frac_max=0.000
    [newton k= 53] SCIF=  +232.69 mT  layer_snes_iters=[3, 4, 11, 12, 1, 1]  clip_frac_max=0.000
    [newton k= 54] SCIF=  +238.88 mT  layer_snes_iters=[4, 2, 8, 7, 1, 1]  clip_frac_max=0.000
    [newton k= 55] SCIF=  +235.25 mT  layer_snes_iters=[14, 5, 13, 11, 1, 1]  clip_frac_max=0.000
    [newton k= 56] SCIF=  +233.10 mT  layer_snes_iters=[15, 6, 9, 3, 1, 1]  clip_frac_max=0.000
    [newton k= 57] SCIF=  +224.27 mT  layer_snes_iters=[4, 15, 11, 15, 1, 1]  clip_frac_max=0.000
    [newton k= 58] SCIF=  +233.83 mT  layer_snes_iters=[3, 3, 8, 4, 1, 1]  clip_frac_max=0.000
    [newton k= 59] SCIF=  +228.84 mT  layer_snes_iters=[6, 13, 17, 3, 1, 1]  clip_frac_max=0.000
    [newton k= 60] SCIF=  +230.33 mT  layer_snes_iters=[8, 3, 11, 15, 1, 1]  clip_frac_max=0.000
    [newton k= 61] SCIF=  +225.64 mT  layer_snes_iters=[15, 15, 9, 11, 1, 1]  clip_frac_max=0.000
    [newton k= 62] SCIF=  +231.50 mT  layer_snes_iters=[13, 3, 8, 13, 1, 1]  clip_frac_max=0.000
    [newton k= 63] SCIF=  +232.23 mT  layer_snes_iters=[3, 3, 13, 5, 1, 1]  clip_frac_max=0.000
    [newton k= 64] SCIF=  +229.81 mT  layer_snes_iters=[15, 5, 8, 12, 1, 1]  clip_frac_max=0.000
    [newton k= 65] SCIF=  +224.45 mT  layer_snes_iters=[14, 5, 6, 9, 1, 1]  clip_frac_max=0.000
    [newton k= 66] SCIF=  +231.87 mT  layer_snes_iters=[9, 4, 10, 15, 1, 1]  clip_frac_max=0.000
    [newton k= 67] SCIF=  +231.18 mT  layer_snes_iters=[7, 8, 16, 14, 1, 1]  clip_frac_max=0.000
    [newton k= 68] SCIF=  +232.70 mT  layer_snes_iters=[7, 7, 3, 17, 1, 1]  clip_frac_max=0.000
    [newton k= 69] SCIF=  +231.04 mT  layer_snes_iters=[7, 14, 7, 11, 1, 1]  clip_frac_max=0.000
    [newton k= 70] SCIF=  +235.86 mT  layer_snes_iters=[5, 12, 14, 12, 1, 1]  clip_frac_max=0.000
    [newton k= 71] SCIF=  +239.06 mT  layer_snes_iters=[8, 4, 6, 11, 1, 1]  clip_frac_max=0.000
    [newton k= 72] SCIF=  +253.27 mT  layer_snes_iters=[15, 8, 8, 3, 1, 1]  clip_frac_max=0.000
    [newton k= 73] SCIF=  +239.60 mT  layer_snes_iters=[3, 12, 13, 15, 1, 1]  clip_frac_max=0.000
    [newton k= 74] SCIF=  +245.92 mT  layer_snes_iters=[9, 9, 9, 13, 1, 1]  clip_frac_max=0.000
    [newton k= 75] SCIF=  +242.24 mT  layer_snes_iters=[3, 10, 13, 3, 1, 1]  clip_frac_max=0.000
    [newton k= 76] SCIF=  +235.73 mT  layer_snes_iters=[7, 6, 14, 15, 1, 1]  clip_frac_max=0.000
    [newton k= 77] SCIF=  +236.70 mT  layer_snes_iters=[8, 8, 10, 12, 1, 1]  clip_frac_max=0.000
    [newton k= 78] SCIF=  +235.86 mT  layer_snes_iters=[13, 3, 9, 10, 1, 1]  clip_frac_max=0.000
    [newton k= 79] SCIF=  +229.02 mT  layer_snes_iters=[10, 12, 7, 6, 1, 1]  clip_frac_max=0.000
    [newton k= 80] SCIF=  +231.30 mT  layer_snes_iters=[9, 6, 11, 10, 1, 1]  clip_frac_max=0.000
    [newton k= 81] SCIF=  +236.49 mT  layer_snes_iters=[4, 15, 11, 17, 1, 1]  clip_frac_max=0.000
    [newton k= 82] SCIF=  +238.51 mT  layer_snes_iters=[6, 9, 13, 16, 1, 1]  clip_frac_max=0.000
    [newton k= 83] SCIF=  +237.02 mT  layer_snes_iters=[9, 8, 19, 10, 1, 1]  clip_frac_max=0.000
    [newton k= 84] SCIF=  +241.59 mT  layer_snes_iters=[6, 5, 15, 6, 1, 1]  clip_frac_max=0.000
    [newton k= 85] SCIF=  +248.47 mT  layer_snes_iters=[11, 6, 11, 19, 1, 1]  clip_frac_max=0.000
    [newton k= 86] SCIF=  +248.74 mT  layer_snes_iters=[4, 6, 4, 15, 1, 1]  clip_frac_max=0.000
    [newton k= 87] SCIF=  +255.34 mT  layer_snes_iters=[6, 6, 2, 14, 1, 1]  clip_frac_max=0.000
    [newton k= 88] SCIF=  +245.08 mT  layer_snes_iters=[15, 4, 13, 6, 1, 1]  clip_frac_max=0.000
    [newton k= 89] SCIF=  +243.00 mT  layer_snes_iters=[12, 7, 13, 16, 1, 1]  clip_frac_max=0.000
    [newton k= 90] SCIF=  +240.42 mT  layer_snes_iters=[7, 5, 15, 7, 1, 1]  clip_frac_max=0.000
    [newton k= 91] SCIF=  +244.13 mT  layer_snes_iters=[5, 10, 15, 11, 1, 1]  clip_frac_max=0.000
    [newton k= 92] SCIF=  +240.68 mT  layer_snes_iters=[9, 3, 15, 14, 1, 1]  clip_frac_max=0.000
    [newton k= 93] SCIF=  +241.76 mT  layer_snes_iters=[8, 4, 9, 10, 1, 1]  clip_frac_max=0.000
    [newton k= 94] SCIF=  +242.29 mT  layer_snes_iters=[7, 9, 14, 12, 1, 1]  clip_frac_max=0.000
    [newton k= 95] SCIF=  +241.88 mT  layer_snes_iters=[13, 7, 13, 11, 1, 1]  clip_frac_max=0.000
    [newton k= 96] SCIF=  +248.41 mT  layer_snes_iters=[12, 8, 13, 3, 1, 1]  clip_frac_max=0.000
    [newton k= 97] SCIF=  +249.68 mT  layer_snes_iters=[6, 15, 15, 13, 1, 1]  clip_frac_max=0.000
    [newton k= 98] SCIF=  +252.89 mT  layer_snes_iters=[16, 14, 13, 5, 1, 1]  clip_frac_max=0.000
    [newton k= 99] SCIF=  +251.59 mT  layer_snes_iters=[11, 9, 11, 14, 1, 1]  clip_frac_max=0.000
    [newton k=100] SCIF=  +247.62 mT  layer_snes_iters=[5, 10, 8, 9, 1, 1]  clip_frac_max=0.000
    [newton k=101] SCIF=  +254.38 mT  layer_snes_iters=[9, 4, 11, 10, 1, 1]  clip_frac_max=0.000
    [newton k=102] SCIF=  +247.16 mT  layer_snes_iters=[8, 7, 15, 15, 1, 1]  clip_frac_max=0.000
    [newton k=103] SCIF=  +252.38 mT  layer_snes_iters=[8, 15, 9, 10, 1, 1]  clip_frac_max=0.000
    [newton k=104] SCIF=  +251.85 mT  layer_snes_iters=[8, 12, 16, 13, 1, 1]  clip_frac_max=0.000
    [newton k=105] SCIF=  +250.07 mT  layer_snes_iters=[7, 10, 14, 14, 1, 1]  clip_frac_max=0.000
    [newton k=106] SCIF=  +248.86 mT  layer_snes_iters=[10, 7, 17, 5, 1, 1]  clip_frac_max=0.000
    [newton k=107] SCIF=  +244.27 mT  layer_snes_iters=[4, 12, 14, 17, 1, 1]  clip_frac_max=0.000
    [newton k=108] SCIF=  +253.84 mT  layer_snes_iters=[10, 9, 18, 4, 1, 1]  clip_frac_max=0.000
    [newton k=109] SCIF=  +247.77 mT  layer_snes_iters=[5, 11, 14, 16, 1, 1]  clip_frac_max=0.000
    [newton k=110] SCIF=  +251.06 mT  layer_snes_iters=[9, 12, 17, 13, 1, 1]  clip_frac_max=0.000
    [newton k=111] SCIF=  +259.98 mT  layer_snes_iters=[8, 9, 13, 15, 1, 1]  clip_frac_max=0.000
    [newton k=112] SCIF=  +254.20 mT  layer_snes_iters=[8, 15, 7, 14, 1, 1]  clip_frac_max=0.000
    [newton k=113] SCIF=  +246.22 mT  layer_snes_iters=[8, 9, 10, 16, 1, 1]  clip_frac_max=0.000
    [newton k=114] SCIF=  +245.06 mT  layer_snes_iters=[8, 5, 15, 14, 1, 1]  clip_frac_max=0.000
    [newton k=115] SCIF=  +248.89 mT  layer_snes_iters=[8, 13, 14, 15, 1, 1]  clip_frac_max=0.000
    [newton k=116] SCIF=  +248.32 mT  layer_snes_iters=[8, 14, 12, 10, 1, 1]  clip_frac_max=0.000
    [newton k=117] SCIF=  +258.53 mT  layer_snes_iters=[8, 14, 5, 16, 1, 1]  clip_frac_max=0.000
    [newton k=118] SCIF=  +245.23 mT  layer_snes_iters=[9, 14, 15, 12, 1, 1]  clip_frac_max=0.000
    [newton k=119] SCIF=  +241.64 mT  layer_snes_iters=[8, 6, 9, 12, 1, 1]  clip_frac_max=0.000
    [newton k=120] SCIF=  +256.26 mT  layer_snes_iters=[9, 12, 18, 13, 1, 1]  clip_frac_max=0.000
    [newton k=121] SCIF=  +244.68 mT  layer_snes_iters=[7, 5, 15, 6, 1, 1]  clip_frac_max=0.000
    [newton k=122] SCIF=  +250.64 mT  layer_snes_iters=[9, 12, 4, 18, 1, 1]  clip_frac_max=0.000
    [newton k=123] SCIF=  +248.94 mT  layer_snes_iters=[7, 7, 14, 9, 1, 1]  clip_frac_max=0.000
    [newton k=124] SCIF=  +251.26 mT  layer_snes_iters=[9, 10, 20, 12, 1, 1]  clip_frac_max=0.000
    [newton k=125] SCIF=  +252.00 mT  layer_snes_iters=[9, 16, 13, 17, 1, 1]  clip_frac_max=0.000
    [newton k=126] SCIF=  +252.41 mT  layer_snes_iters=[10, 13, 12, 12, 1, 2]  clip_frac_max=0.000
    [newton k=127] SCIF=  +247.33 mT  layer_snes_iters=[7, 12, 17, 18, 2, 2]  clip_frac_max=0.000
    [newton k=128] SCIF=  +248.18 mT  layer_snes_iters=[19, 15, 8, 15, 4, 3]  clip_frac_max=0.000
      [layer 1] Newton failed this outer iteration (reason=-9)
      reverting outer iteration 129 entirely, returning the state from iteration 128 (NOT auto-validated -- check against independent ground truth before trusting this SCIF)
    [newton] step done: stop_reason=newton_failure_reverted  n_outer=128  SCIF=+248.18 mT
  step 15/24 SUMMARY: converged=False  stop_reason=newton_failure_reverted  SCIF=+248.18 mT
  step 16/24  t=  400.0 s  I= 130.67 A  dt=  25.0 s
      [debug layer 0] Jc range (this layer's cells): [1.9867e+11,4.6684e+11]  n range: [14.811,25.725]  any Jc<=0: False  any nonfinite Jc: False  any nonfinite n: False
      [debug layer 0] SNES reason=3  its=1  T finite: True
      [debug layer 1] Jc range (this layer's cells): [1.6133e+11,4.3511e+11]  n range: [14.482,24.117]  any Jc<=0: False  any nonfinite Jc: False  any nonfinite n: False
      [debug layer 1] SNES reason=3  its=1  T finite: True
      [debug layer 2] Jc range (this layer's cells): [1.1799e+11,4.7351e+11]  n range: [13.914,25.628]  any Jc<=0: False  any nonfinite Jc: False  any nonfinite n: False
      [debug layer 2] SNES reason=3  its=1  T finite: True
      [debug layer 3] Jc range (this layer's cells): [1.2456e+11,3.2679e+11]  n range: [13.916,21.552]  any Jc<=0: False  any nonfinite Jc: False  any nonfinite n: False
      [debug layer 3] SNES reason=3  its=1  T finite: True
      [debug layer 4] Jc range (this layer's cells): [2.0510e+11,2.6454e+11]  n range: [18.729,20.924]  any Jc<=0: False  any nonfinite Jc: False  any nonfinite n: False
      [debug layer 4] SNES reason=3  its=1  T finite: True
      [debug layer 5] Jc range (this layer's cells): [2.2560e+11,2.7672e+11]  n range: [20.176,21.396]  any Jc<=0: False  any nonfinite Jc: False  any nonfinite n: False
      [debug layer 5] SNES reason=3  its=1  T finite: True
    [newton k=  1] SCIF=  +627.44 mT  layer_snes_iters=[1, 1, 1, 1, 1, 1]  clip_frac_max=0.000
    [newton k=  2] SCIF=  +650.18 mT  layer_snes_iters=[11, 13, 2, 10, 1, 1]  clip_frac_max=0.000
    [newton k=  3] SCIF=  +613.52 mT  layer_snes_iters=[7, 3, 10, 13, 1, 1]  clip_frac_max=0.000
    [newton k=  4] SCIF=  +580.79 mT  layer_snes_iters=[3, 4, 13, 18, 1, 1]  clip_frac_max=0.000
    [newton k=  5] SCIF=  +537.80 mT  layer_snes_iters=[8, 3, 9, 13, 1, 1]  clip_frac_max=0.000
    [newton k=  6] SCIF=  +532.54 mT  layer_snes_iters=[8, 9, 5, 6, 1, 1]  clip_frac_max=0.000
    [newton k=  7] SCIF=  +492.15 mT  layer_snes_iters=[3, 8, 4, 5, 1, 1]  clip_frac_max=0.000
    [newton k=  8] SCIF=  +473.57 mT  layer_snes_iters=[11, 6, 8, 7, 1, 1]  clip_frac_max=0.000
    [newton k=  9] SCIF=  +436.48 mT  layer_snes_iters=[7, 16, 6, 11, 1, 1]  clip_frac_max=0.000
    [newton k= 10] SCIF=  +417.34 mT  layer_snes_iters=[4, 14, 10, 5, 1, 1]  clip_frac_max=0.000
    [newton k= 11] SCIF=  +380.42 mT  layer_snes_iters=[15, 3, 5, 3, 1, 1]  clip_frac_max=0.000
    [newton k= 12] SCIF=  +337.06 mT  layer_snes_iters=[16, 3, 15, 16, 1, 1]  clip_frac_max=0.000
    [newton k= 13] SCIF=  +326.67 mT  layer_snes_iters=[15, 6, 12, 10, 1, 1]  clip_frac_max=0.000
    [newton k= 14] SCIF=  +320.00 mT  layer_snes_iters=[15, 15, 4, 11, 1, 1]  clip_frac_max=0.000
    [newton k= 15] SCIF=  +309.52 mT  layer_snes_iters=[11, 3, 6, 10, 1, 1]  clip_frac_max=0.000
    [newton k= 16] SCIF=  +315.09 mT  layer_snes_iters=[5, 4, 2, 12, 1, 1]  clip_frac_max=0.000
    [newton k= 17] SCIF=  +300.57 mT  layer_snes_iters=[3, 2, 4, 7, 1, 1]  clip_frac_max=0.000
    [newton k= 18] SCIF=  +303.33 mT  layer_snes_iters=[16, 3, 5, 5, 1, 1]  clip_frac_max=0.000
    [newton k= 19] SCIF=  +292.02 mT  layer_snes_iters=[4, 13, 11, 2, 1, 1]  clip_frac_max=0.000
    [newton k= 20] SCIF=  +286.28 mT  layer_snes_iters=[10, 15, 9, 8, 1, 1]  clip_frac_max=0.000
    [newton k= 21] SCIF=  +278.14 mT  layer_snes_iters=[3, 14, 17, 2, 1, 1]  clip_frac_max=0.000
    [newton k= 22] SCIF=  +286.61 mT  layer_snes_iters=[5, 4, 5, 15, 1, 1]  clip_frac_max=0.000
    [newton k= 23] SCIF=  +284.88 mT  layer_snes_iters=[14, 3, 21, 2, 1, 1]  clip_frac_max=0.000
    [newton k= 24] SCIF=  +285.05 mT  layer_snes_iters=[17, 7, 2, 17, 1, 1]  clip_frac_max=0.000
    [newton k= 25] SCIF=  +287.05 mT  layer_snes_iters=[11, 3, 13, 2, 1, 1]  clip_frac_max=0.000
    [newton k= 26] SCIF=  +287.55 mT  layer_snes_iters=[11, 3, 2, 17, 1, 1]  clip_frac_max=0.000
    [newton k= 27] SCIF=  +274.80 mT  layer_snes_iters=[5, 8, 4, 6, 1, 1]  clip_frac_max=0.000
    [newton k= 28] SCIF=  +277.70 mT  layer_snes_iters=[3, 2, 2, 4, 1, 1]  clip_frac_max=0.000
    [newton k= 29] SCIF=  +270.73 mT  layer_snes_iters=[12, 14, 11, 13, 1, 1]  clip_frac_max=0.000
    [newton k= 30] SCIF=  +274.79 mT  layer_snes_iters=[9, 6, 2, 12, 1, 1]  clip_frac_max=0.000
    [newton k= 31] SCIF=  +266.81 mT  layer_snes_iters=[3, 7, 10, 3, 1, 1]  clip_frac_max=0.000
    [newton k= 32] SCIF=  +271.83 mT  layer_snes_iters=[3, 2, 2, 14, 1, 1]  clip_frac_max=0.000
    [newton k= 33] SCIF=  +265.20 mT  layer_snes_iters=[14, 3, 16, 8, 1, 1]  clip_frac_max=0.000
    [newton k= 34] SCIF=  +265.18 mT  layer_snes_iters=[14, 2, 5, 12, 1, 1]  clip_frac_max=0.000
    [newton k= 35] SCIF=  +262.49 mT  layer_snes_iters=[11, 5, 4, 13, 1, 1]  clip_frac_max=0.000
    [newton k= 36] SCIF=  +266.45 mT  layer_snes_iters=[3, 3, 3, 12, 1, 1]  clip_frac_max=0.000
    [newton k= 37] SCIF=  +268.37 mT  layer_snes_iters=[16, 5, 14, 7, 1, 1]  clip_frac_max=0.000
    [newton k= 38] SCIF=  +272.43 mT  layer_snes_iters=[4, 2, 4, 6, 1, 1]  clip_frac_max=0.000
    [newton k= 39] SCIF=  +269.21 mT  layer_snes_iters=[9, 13, 16, 11, 1, 1]  clip_frac_max=0.000
    [newton k= 40] SCIF=  +267.19 mT  layer_snes_iters=[15, 14, 2, 17, 1, 1]  clip_frac_max=0.000
    [newton k= 41] SCIF=  +259.39 mT  layer_snes_iters=[3, 5, 4, 12, 1, 1]  clip_frac_max=0.000
    [newton k= 42] SCIF=  +267.58 mT  layer_snes_iters=[14, 2, 2, 3, 1, 1]  clip_frac_max=0.000
    [newton k= 43] SCIF=  +262.10 mT  layer_snes_iters=[3, 4, 6, 3, 1, 1]  clip_frac_max=0.000
    [newton k= 44] SCIF=  +271.11 mT  layer_snes_iters=[3, 2, 2, 12, 1, 1]  clip_frac_max=0.000
    [newton k= 45] SCIF=  +271.71 mT  layer_snes_iters=[17, 4, 15, 13, 1, 1]  clip_frac_max=0.000
    [newton k= 46] SCIF=  +271.68 mT  layer_snes_iters=[6, 3, 6, 11, 1, 1]  clip_frac_max=0.000
    [newton k= 47] SCIF=  +267.94 mT  layer_snes_iters=[12, 3, 13, 9, 1, 1]  clip_frac_max=0.000
    [newton k= 48] SCIF=  +256.51 mT  layer_snes_iters=[3, 3, 11, 6, 1, 1]  clip_frac_max=0.000
    [newton k= 49] SCIF=  +258.29 mT  layer_snes_iters=[3, 3, 17, 6, 1, 1]  clip_frac_max=0.000
    [newton k= 50] SCIF=  +265.62 mT  layer_snes_iters=[12, 2, 3, 11, 1, 1]  clip_frac_max=0.000
    [newton k= 51] SCIF=  +269.13 mT  layer_snes_iters=[3, 3, 5, 6, 1, 1]  clip_frac_max=0.000
    [newton k= 52] SCIF=  +264.02 mT  layer_snes_iters=[8, 4, 7, 10, 1, 1]  clip_frac_max=0.000
    [newton k= 53] SCIF=  +263.14 mT  layer_snes_iters=[3, 11, 15, 8, 1, 1]  clip_frac_max=0.000
    [newton k= 54] SCIF=  +259.63 mT  layer_snes_iters=[9, 5, 11, 5, 1, 1]  clip_frac_max=0.000
    [newton k= 55] SCIF=  +261.81 mT  layer_snes_iters=[15, 3, 16, 8, 1, 1]  clip_frac_max=0.000
    [newton k= 56] SCIF=  +257.14 mT  layer_snes_iters=[12, 2, 9, 15, 1, 1]  clip_frac_max=0.000
    [newton k= 57] SCIF=  +256.32 mT  layer_snes_iters=[6, 3, 6, 14, 1, 1]  clip_frac_max=0.000
    [newton k= 58] SCIF=  +258.40 mT  layer_snes_iters=[15, 2, 8, 12, 1, 1]  clip_frac_max=0.000
    [newton k= 59] SCIF=  +247.45 mT  layer_snes_iters=[4, 3, 9, 15, 1, 1]  clip_frac_max=0.000
    [newton k= 60] SCIF=  +250.16 mT  layer_snes_iters=[13, 2, 8, 14, 1, 1]  clip_frac_max=0.000
    [newton k= 61] SCIF=  +247.65 mT  layer_snes_iters=[3, 5, 14, 8, 1, 1]  clip_frac_max=0.000
    [newton k= 62] SCIF=  +240.96 mT  layer_snes_iters=[5, 2, 11, 13, 1, 1]  clip_frac_max=0.000
    [newton k= 63] SCIF=  +240.15 mT  layer_snes_iters=[2, 4, 17, 10, 1, 1]  clip_frac_max=0.000
    [newton k= 64] SCIF=  +249.53 mT  layer_snes_iters=[11, 2, 6, 10, 1, 1]  clip_frac_max=0.000
    [newton k= 65] SCIF=  +244.57 mT  layer_snes_iters=[6, 5, 15, 4, 1, 1]  clip_frac_max=0.000
    [newton k= 66] SCIF=  +244.78 mT  layer_snes_iters=[8, 3, 13, 13, 1, 1]  clip_frac_max=0.000
    [newton k= 67] SCIF=  +256.43 mT  layer_snes_iters=[13, 4, 10, 14, 1, 1]  clip_frac_max=0.000
    [newton k= 68] SCIF=  +255.88 mT  layer_snes_iters=[14, 2, 12, 10, 1, 1]  clip_frac_max=0.000
    [newton k= 69] SCIF=  +255.15 mT  layer_snes_iters=[15, 15, 14, 8, 1, 1]  clip_frac_max=0.000
    [newton k= 70] SCIF=  +261.88 mT  layer_snes_iters=[14, 3, 9, 3, 1, 1]  clip_frac_max=0.000
    [newton k= 71] SCIF=  +252.38 mT  layer_snes_iters=[10, 8, 18, 10, 1, 1]  clip_frac_max=0.000
    [newton k= 72] SCIF=  +255.43 mT  layer_snes_iters=[12, 2, 10, 12, 1, 1]  clip_frac_max=0.000
    [newton k= 73] SCIF=  +249.27 mT  layer_snes_iters=[17, 15, 17, 5, 1, 1]  clip_frac_max=0.000
    [newton k= 74] SCIF=  +248.31 mT  layer_snes_iters=[15, 10, 5, 17, 1, 1]  clip_frac_max=0.000
    [newton k= 75] SCIF=  +252.60 mT  layer_snes_iters=[11, 16, 7, 11, 1, 1]  clip_frac_max=0.000
    [newton k= 76] SCIF=  +248.43 mT  layer_snes_iters=[8, 16, 5, 8, 1, 1]  clip_frac_max=0.000
    [newton k= 77] SCIF=  +249.45 mT  layer_snes_iters=[5, 10, 4, 14, 1, 1]  clip_frac_max=0.000
    [newton k= 78] SCIF=  +245.95 mT  layer_snes_iters=[4, 15, 15, 14, 1, 1]  clip_frac_max=0.000
    [newton k= 79] SCIF=  +251.19 mT  layer_snes_iters=[10, 18, 8, 15, 1, 1]  clip_frac_max=0.000
    [newton k= 80] SCIF=  +246.20 mT  layer_snes_iters=[3, 4, 16, 9, 1, 1]  clip_frac_max=0.000
    [newton k= 81] SCIF=  +248.75 mT  layer_snes_iters=[11, 9, 16, 7, 1, 1]  clip_frac_max=0.000
    [newton k= 82] SCIF=  +253.33 mT  layer_snes_iters=[3, 4, 10, 11, 1, 1]  clip_frac_max=0.000
    [newton k= 83] SCIF=  +257.25 mT  layer_snes_iters=[6, 15, 4, 12, 1, 1]  clip_frac_max=0.000
    [newton k= 84] SCIF=  +256.17 mT  layer_snes_iters=[6, 4, 15, 17, 1, 1]  clip_frac_max=0.000
    [newton k= 85] SCIF=  +265.54 mT  layer_snes_iters=[11, 16, 7, 16, 1, 1]  clip_frac_max=0.000
    [newton k= 86] SCIF=  +259.24 mT  layer_snes_iters=[3, 8, 11, 14, 1, 1]  clip_frac_max=0.000
    [newton k= 87] SCIF=  +264.30 mT  layer_snes_iters=[7, 7, 5, 4, 1, 1]  clip_frac_max=0.000
    [newton k= 88] SCIF=  +261.78 mT  layer_snes_iters=[4, 12, 18, 14, 1, 1]  clip_frac_max=0.000
    [newton k= 89] SCIF=  +262.86 mT  layer_snes_iters=[12, 4, 13, 13, 1, 1]  clip_frac_max=0.000
    [newton k= 90] SCIF=  +253.20 mT  layer_snes_iters=[3, 11, 13, 4, 1, 1]  clip_frac_max=0.000
    [newton k= 91] SCIF=  +264.56 mT  layer_snes_iters=[7, 6, 11, 3, 1, 1]  clip_frac_max=0.000
    [newton k= 92] SCIF=  +254.95 mT  layer_snes_iters=[4, 16, 10, 19, 1, 1]  clip_frac_max=0.000
    [newton k= 93] SCIF=  +262.53 mT  layer_snes_iters=[12, 14, 14, 3, 1, 1]  clip_frac_max=0.000
    [newton k= 94] SCIF=  +257.02 mT  layer_snes_iters=[3, 11, 4, 3, 1, 1]  clip_frac_max=0.000
    [newton k= 95] SCIF=  +256.90 mT  layer_snes_iters=[9, 9, 12, 4, 1, 1]  clip_frac_max=0.000
    [newton k= 96] SCIF=  +259.67 mT  layer_snes_iters=[3, 4, 14, 15, 1, 1]  clip_frac_max=0.000
    [newton k= 97] SCIF=  +252.13 mT  layer_snes_iters=[10, 7, 14, 9, 1, 1]  clip_frac_max=0.000
    [newton k= 98] SCIF=  +251.47 mT  layer_snes_iters=[3, 15, 10, 7, 1, 1]  clip_frac_max=0.000
    [newton k= 99] SCIF=  +244.01 mT  layer_snes_iters=[12, 16, 14, 15, 1, 1]  clip_frac_max=0.000
    [newton k=100] SCIF=  +252.44 mT  layer_snes_iters=[3, 5, 12, 15, 1, 1]  clip_frac_max=0.000
    [newton k=101] SCIF=  +247.43 mT  layer_snes_iters=[12, 9, 17, 11, 1, 1]  clip_frac_max=0.000
    [newton k=102] SCIF=  +255.61 mT  layer_snes_iters=[8, 4, 4, 14, 1, 1]  clip_frac_max=0.000
    [newton k=103] SCIF=  +254.03 mT  layer_snes_iters=[12, 12, 14, 12, 1, 1]  clip_frac_max=0.000
    [newton k=104] SCIF=  +253.69 mT  layer_snes_iters=[6, 4, 13, 16, 1, 1]  clip_frac_max=0.000
    [newton k=105] SCIF=  +247.29 mT  layer_snes_iters=[12, 11, 6, 16, 1, 1]  clip_frac_max=0.000
    [newton k=106] SCIF=  +251.85 mT  layer_snes_iters=[9, 13, 11, 14, 1, 1]  clip_frac_max=0.000
    [newton k=107] SCIF=  +257.69 mT  layer_snes_iters=[13, 5, 13, 14, 1, 1]  clip_frac_max=0.000
    [newton k=108] SCIF=  +256.24 mT  layer_snes_iters=[6, 5, 8, 5, 1, 1]  clip_frac_max=0.000
    [newton k=109] SCIF=  +250.13 mT  layer_snes_iters=[14, 5, 12, 15, 1, 1]  clip_frac_max=0.000
    [newton k=110] SCIF=  +247.18 mT  layer_snes_iters=[4, 15, 11, 9, 1, 1]  clip_frac_max=0.000
    [newton k=111] SCIF=  +250.23 mT  layer_snes_iters=[11, 13, 16, 4, 1, 1]  clip_frac_max=0.000
    [newton k=112] SCIF=  +253.46 mT  layer_snes_iters=[15, 16, 13, 14, 1, 1]  clip_frac_max=0.000
    [newton k=113] SCIF=  +246.15 mT  layer_snes_iters=[7, 5, 5, 10, 1, 1]  clip_frac_max=0.000
    [newton k=114] SCIF=  +249.97 mT  layer_snes_iters=[3, 6, 14, 17, 1, 1]  clip_frac_max=0.000
    [newton k=115] SCIF=  +258.61 mT  layer_snes_iters=[13, 7, 11, 7, 1, 1]  clip_frac_max=0.000
    [newton k=116] SCIF=  +253.87 mT  layer_snes_iters=[12, 6, 15, 8, 1, 1]  clip_frac_max=0.000
    [newton k=117] SCIF=  +260.57 mT  layer_snes_iters=[14, 9, 12, 10, 1, 1]  clip_frac_max=0.000
    [newton k=118] SCIF=  +260.66 mT  layer_snes_iters=[16, 12, 12, 16, 1, 1]  clip_frac_max=0.000
    [newton k=119] SCIF=  +259.91 mT  layer_snes_iters=[14, 6, 11, 6, 1, 1]  clip_frac_max=0.000
    [newton k=120] SCIF=  +260.61 mT  layer_snes_iters=[15, 15, 16, 15, 1, 1]  clip_frac_max=0.000
    [newton k=121] SCIF=  +262.69 mT  layer_snes_iters=[11, 9, 14, 13, 1, 1]  clip_frac_max=0.000
    [newton k=122] SCIF=  +265.97 mT  layer_snes_iters=[5, 18, 12, 16, 1, 1]  clip_frac_max=0.000
    [newton k=123] SCIF=  +262.72 mT  layer_snes_iters=[14, 9, 14, 15, 1, 1]  clip_frac_max=0.000
    [newton k=124] SCIF=  +264.13 mT  layer_snes_iters=[7, 14, 12, 12, 1, 1]  clip_frac_max=0.000
    [newton k=125] SCIF=  +264.26 mT  layer_snes_iters=[14, 10, 11, 12, 1, 1]  clip_frac_max=0.000
    [newton k=126] SCIF=  +264.81 mT  layer_snes_iters=[15, 18, 11, 18, 2, 1]  clip_frac_max=0.000
      [layer 3] Newton failed this outer iteration (reason=-9)
      reverting outer iteration 127 entirely, returning the state from iteration 126 (NOT auto-validated -- check against independent ground truth before trusting this SCIF)
    [newton] step done: stop_reason=newton_failure_reverted  n_outer=126  SCIF=+264.81 mT
  step 16/24 SUMMARY: converged=False  stop_reason=newton_failure_reverted  SCIF=+264.81 mT
  step 17/24  t=  425.0 s  I= 138.83 A  dt=  25.0 s
      [debug layer 0] Jc range (this layer's cells): [1.9955e+11,4.6545e+11]  n range: [14.656,25.504]  any Jc<=0: False  any nonfinite Jc: False  any nonfinite n: False
      [debug layer 0] SNES reason=3  its=1  T finite: True
      [debug layer 1] Jc range (this layer's cells): [1.6128e+11,4.4116e+11]  n range: [14.295,25.763]  any Jc<=0: False  any nonfinite Jc: False  any nonfinite n: False
      [debug layer 1] SNES reason=3  its=1  T finite: True
      [debug layer 2] Jc range (this layer's cells): [1.1201e+11,4.7461e+11]  n range: [13.692,25.709]  any Jc<=0: False  any nonfinite Jc: False  any nonfinite n: False
      [debug layer 2] SNES reason=3  its=1  T finite: True
      [debug layer 3] Jc range (this layer's cells): [1.1983e+11,3.1208e+11]  n range: [13.689,21.551]  any Jc<=0: False  any nonfinite Jc: False  any nonfinite n: False
      [debug layer 3] SNES reason=3  its=1  T finite: True
      [debug layer 4] Jc range (this layer's cells): [1.9705e+11,2.5743e+11]  n range: [18.633,20.881]  any Jc<=0: False  any nonfinite Jc: False  any nonfinite n: False
      [debug layer 4] SNES reason=3  its=1  T finite: True
      [debug layer 5] Jc range (this layer's cells): [2.1939e+11,2.6922e+11]  n range: [19.961,21.406]  any Jc<=0: False  any nonfinite Jc: False  any nonfinite n: False
      [debug layer 5] SNES reason=3  its=1  T finite: True
    [newton k=  1] SCIF=  +642.20 mT  layer_snes_iters=[1, 1, 1, 1, 1, 1]  clip_frac_max=0.000
    [newton k=  2] SCIF=  +653.00 mT  layer_snes_iters=[1, 5, 2, 11, 1, 1]  clip_frac_max=0.000
    [newton k=  3] SCIF=  +619.38 mT  layer_snes_iters=[12, 3, 16, 3, 1, 1]  clip_frac_max=0.000
    [newton k=  4] SCIF=  +596.27 mT  layer_snes_iters=[10, 6, 7, 16, 1, 1]  clip_frac_max=0.000
    [newton k=  5] SCIF=  +546.64 mT  layer_snes_iters=[11, 3, 12, 18, 1, 1]  clip_frac_max=0.000
    [newton k=  6] SCIF=  +534.05 mT  layer_snes_iters=[8, 3, 2, 12, 1, 1]  clip_frac_max=0.000
    [newton k=  7] SCIF=  +503.83 mT  layer_snes_iters=[8, 3, 16, 9, 1, 1]  clip_frac_max=0.000
    [newton k=  8] SCIF=  +486.14 mT  layer_snes_iters=[8, 13, 2, 16, 1, 1]  clip_frac_max=0.000
    [newton k=  9] SCIF=  +448.80 mT  layer_snes_iters=[15, 16, 14, 7, 1, 1]  clip_frac_max=0.000
    [newton k= 10] SCIF=  +441.84 mT  layer_snes_iters=[3, 12, 2, 3, 1, 1]  clip_frac_max=0.000
    [newton k= 11] SCIF=  +423.73 mT  layer_snes_iters=[17, 17, 19, 3, 1, 1]  clip_frac_max=0.000
    [newton k= 12] SCIF=  +411.66 mT  layer_snes_iters=[10, 7, 2, 3, 1, 1]  clip_frac_max=0.000
    [newton k= 13] SCIF=  +386.19 mT  layer_snes_iters=[12, 12, 15, 4, 1, 1]  clip_frac_max=0.000
    [newton k= 14] SCIF=  +382.95 mT  layer_snes_iters=[3, 3, 2, 5, 1, 1]  clip_frac_max=0.000
    [newton k= 15] SCIF=  +365.64 mT  layer_snes_iters=[12, 4, 4, 2, 1, 1]  clip_frac_max=0.000
    [newton k= 16] SCIF=  +351.59 mT  layer_snes_iters=[3, 12, 2, 15, 1, 1]  clip_frac_max=0.000
    [newton k= 17] SCIF=  +332.63 mT  layer_snes_iters=[10, 16, 13, 5, 1, 1]  clip_frac_max=0.000
    [newton k= 18] SCIF=  +325.08 mT  layer_snes_iters=[12, 3, 2, 11, 1, 1]  clip_frac_max=0.000
    [newton k= 19] SCIF=  +306.05 mT  layer_snes_iters=[9, 2, 9, 2, 1, 1]  clip_frac_max=0.000
    [newton k= 20] SCIF=  +309.80 mT  layer_snes_iters=[8, 11, 2, 16, 1, 1]  clip_frac_max=0.000
    [newton k= 21] SCIF=  +302.50 mT  layer_snes_iters=[8, 3, 16, 2, 1, 1]  clip_frac_max=0.000
    [newton k= 22] SCIF=  +302.52 mT  layer_snes_iters=[10, 15, 2, 3, 1, 1]  clip_frac_max=0.000
    [newton k= 23] SCIF=  +296.10 mT  layer_snes_iters=[14, 3, 13, 3, 1, 1]  clip_frac_max=0.000
    [newton k= 24] SCIF=  +293.46 mT  layer_snes_iters=[9, 2, 3, 13, 1, 1]  clip_frac_max=0.000
    [newton k= 25] SCIF=  +278.01 mT  layer_snes_iters=[13, 3, 8, 7, 1, 1]  clip_frac_max=0.000
    [newton k= 26] SCIF=  +298.90 mT  layer_snes_iters=[3, 2, 2, 10, 1, 1]  clip_frac_max=0.000
    [newton k= 27] SCIF=  +285.93 mT  layer_snes_iters=[9, 3, 15, 5, 1, 1]  clip_frac_max=0.000
    [newton k= 28] SCIF=  +296.30 mT  layer_snes_iters=[13, 4, 2, 10, 1, 1]  clip_frac_max=0.000
    [newton k= 29] SCIF=  +284.65 mT  layer_snes_iters=[3, 6, 8, 20, 1, 1]  clip_frac_max=0.000
    [newton k= 30] SCIF=  +287.19 mT  layer_snes_iters=[2, 8, 7, 9, 1, 1]  clip_frac_max=0.000
    [newton k= 31] SCIF=  +275.76 mT  layer_snes_iters=[12, 3, 12, 11, 1, 1]  clip_frac_max=0.000
    [newton k= 32] SCIF=  +277.15 mT  layer_snes_iters=[15, 13, 7, 3, 1, 1]  clip_frac_max=0.000
    [newton k= 33] SCIF=  +271.81 mT  layer_snes_iters=[20, 3, 15, 2, 1, 1]  clip_frac_max=0.000
    [newton k= 34] SCIF=  +279.83 mT  layer_snes_iters=[9, 2, 3, 8, 1, 1]  clip_frac_max=0.000
    [newton k= 35] SCIF=  +270.60 mT  layer_snes_iters=[13, 3, 17, 5, 1, 1]  clip_frac_max=0.000
    [newton k= 36] SCIF=  +274.42 mT  layer_snes_iters=[15, 8, 10, 2, 1, 1]  clip_frac_max=0.000
    [newton k= 37] SCIF=  +274.18 mT  layer_snes_iters=[9, 12, 7, 6, 1, 1]  clip_frac_max=0.000
    [newton k= 38] SCIF=  +275.67 mT  layer_snes_iters=[10, 9, 2, 13, 1, 1]  clip_frac_max=0.000
    [newton k= 39] SCIF=  +266.92 mT  layer_snes_iters=[13, 3, 15, 4, 1, 1]  clip_frac_max=0.000
    [newton k= 40] SCIF=  +270.18 mT  layer_snes_iters=[5, 8, 3, 16, 1, 1]  clip_frac_max=0.000
    [newton k= 41] SCIF=  +263.14 mT  layer_snes_iters=[6, 16, 14, 2, 1, 1]  clip_frac_max=0.000
    [newton k= 42] SCIF=  +272.45 mT  layer_snes_iters=[16, 12, 3, 12, 1, 1]  clip_frac_max=0.000
    [newton k= 43] SCIF=  +269.79 mT  layer_snes_iters=[13, 8, 18, 2, 1, 1]  clip_frac_max=0.000
    [newton k= 44] SCIF=  +276.15 mT  layer_snes_iters=[13, 15, 4, 13, 1, 1]  clip_frac_max=0.000
    [newton k= 45] SCIF=  +270.75 mT  layer_snes_iters=[3, 7, 7, 2, 1, 1]  clip_frac_max=0.000
    [newton k= 46] SCIF=  +272.68 mT  layer_snes_iters=[3, 12, 4, 12, 1, 1]  clip_frac_max=0.000
    [newton k= 47] SCIF=  +275.71 mT  layer_snes_iters=[4, 3, 17, 2, 1, 1]  clip_frac_max=0.000
    [newton k= 48] SCIF=  +277.60 mT  layer_snes_iters=[10, 4, 7, 12, 1, 1]  clip_frac_max=0.000
    [newton k= 49] SCIF=  +264.58 mT  layer_snes_iters=[10, 3, 14, 10, 1, 1]  clip_frac_max=0.000
    [newton k= 50] SCIF=  +273.15 mT  layer_snes_iters=[14, 3, 6, 8, 1, 1]  clip_frac_max=0.000
    [newton k= 51] SCIF=  +262.46 mT  layer_snes_iters=[10, 11, 15, 6, 1, 1]  clip_frac_max=0.000
    [newton k= 52] SCIF=  +278.89 mT  layer_snes_iters=[14, 3, 6, 15, 1, 1]  clip_frac_max=0.000
    [newton k= 53] SCIF=  +263.65 mT  layer_snes_iters=[11, 2, 17, 10, 1, 1]  clip_frac_max=0.000
    [newton k= 54] SCIF=  +267.84 mT  layer_snes_iters=[15, 11, 3, 5, 1, 1]  clip_frac_max=0.000
    [newton k= 55] SCIF=  +253.25 mT  layer_snes_iters=[11, 3, 9, 14, 1, 1]  clip_frac_max=0.000
    [newton k= 56] SCIF=  +268.65 mT  layer_snes_iters=[15, 6, 8, 10, 1, 1]  clip_frac_max=0.000
    [newton k= 57] SCIF=  +267.16 mT  layer_snes_iters=[11, 14, 13, 13, 1, 1]  clip_frac_max=0.000
    [newton k= 58] SCIF=  +270.55 mT  layer_snes_iters=[3, 3, 17, 8, 1, 1]  clip_frac_max=0.000
    [newton k= 59] SCIF=  +276.56 mT  layer_snes_iters=[6, 2, 3, 5, 1, 1]  clip_frac_max=0.000
    [newton k= 60] SCIF=  +269.03 mT  layer_snes_iters=[3, 4, 15, 12, 1, 1]  clip_frac_max=0.000
    [newton k= 61] SCIF=  +264.30 mT  layer_snes_iters=[11, 6, 10, 13, 1, 1]  clip_frac_max=0.000
    [newton k= 62] SCIF=  +258.23 mT  layer_snes_iters=[3, 6, 12, 9, 1, 1]  clip_frac_max=0.000
    [newton k= 63] SCIF=  +261.49 mT  layer_snes_iters=[11, 3, 10, 10, 1, 1]  clip_frac_max=0.000
    [newton k= 64] SCIF=  +260.28 mT  layer_snes_iters=[3, 8, 14, 9, 1, 1]  clip_frac_max=0.000
    [newton k= 65] SCIF=  +269.56 mT  layer_snes_iters=[10, 14, 8, 14, 1, 1]  clip_frac_max=0.000
    [newton k= 66] SCIF=  +263.96 mT  layer_snes_iters=[3, 5, 13, 12, 1, 1]  clip_frac_max=0.000
    [newton k= 67] SCIF=  +261.93 mT  layer_snes_iters=[9, 9, 11, 7, 1, 1]  clip_frac_max=0.000
    [newton k= 68] SCIF=  +256.99 mT  layer_snes_iters=[5, 9, 17, 14, 1, 1]  clip_frac_max=0.000
    [newton k= 69] SCIF=  +269.50 mT  layer_snes_iters=[9, 7, 3, 17, 1, 1]  clip_frac_max=0.000
    [newton k= 70] SCIF=  +265.57 mT  layer_snes_iters=[5, 4, 13, 13, 1, 1]  clip_frac_max=0.000
    [newton k= 71] SCIF=  +273.73 mT  layer_snes_iters=[10, 15, 7, 17, 1, 1]  clip_frac_max=0.000
    [newton k= 72] SCIF=  +269.39 mT  layer_snes_iters=[4, 6, 16, 14, 1, 1]  clip_frac_max=0.000
    [newton k= 73] SCIF=  +272.99 mT  layer_snes_iters=[9, 15, 13, 15, 1, 1]  clip_frac_max=0.000
    [newton k= 74] SCIF=  +283.92 mT  layer_snes_iters=[6, 14, 15, 15, 1, 1]  clip_frac_max=0.000
    [newton k= 75] SCIF=  +274.55 mT  layer_snes_iters=[9, 3, 3, 15, 1, 1]  clip_frac_max=0.000
    [newton k= 76] SCIF=  +279.07 mT  layer_snes_iters=[6, 8, 10, 16, 1, 1]  clip_frac_max=0.000
    [newton k= 77] SCIF=  +282.66 mT  layer_snes_iters=[10, 3, 10, 12, 1, 1]  clip_frac_max=0.000
    [newton k= 78] SCIF=  +281.12 mT  layer_snes_iters=[4, 3, 4, 10, 1, 1]  clip_frac_max=0.000
    [newton k= 79] SCIF=  +282.54 mT  layer_snes_iters=[11, 5, 9, 16, 1, 1]  clip_frac_max=0.000
    [newton k= 80] SCIF=  +280.28 mT  layer_snes_iters=[4, 10, 9, 10, 1, 1]  clip_frac_max=0.000
    [newton k= 81] SCIF=  +276.74 mT  layer_snes_iters=[10, 3, 13, 11, 1, 1]  clip_frac_max=0.000
    [newton k= 82] SCIF=  +276.14 mT  layer_snes_iters=[5, 5, 9, 16, 1, 1]  clip_frac_max=0.000
    [newton k= 83] SCIF=  +275.20 mT  layer_snes_iters=[11, 4, 12, 6, 1, 1]  clip_frac_max=0.000
    [newton k= 84] SCIF=  +280.12 mT  layer_snes_iters=[4, 7, 16, 15, 1, 1]  clip_frac_max=0.000
    [newton k= 85] SCIF=  +281.31 mT  layer_snes_iters=[11, 11, 8, 10, 1, 1]  clip_frac_max=0.000
    [newton k= 86] SCIF=  +277.94 mT  layer_snes_iters=[3, 12, 13, 10, 1, 1]  clip_frac_max=0.000
    [newton k= 87] SCIF=  +279.66 mT  layer_snes_iters=[11, 3, 7, 6, 1, 1]  clip_frac_max=0.000
    [newton k= 88] SCIF=  +273.16 mT  layer_snes_iters=[3, 14, 5, 9, 1, 1]  clip_frac_max=0.000
    [newton k= 89] SCIF=  +270.31 mT  layer_snes_iters=[11, 3, 12, 15, 1, 1]  clip_frac_max=0.000
    [newton k= 90] SCIF=  +273.48 mT  layer_snes_iters=[3, 6, 19, 4, 1, 1]  clip_frac_max=0.000
    [newton k= 91] SCIF=  +273.42 mT  layer_snes_iters=[12, 9, 2, 4, 1, 1]  clip_frac_max=0.000
    [newton k= 92] SCIF=  +266.78 mT  layer_snes_iters=[3, 9, 14, 16, 1, 1]  clip_frac_max=0.000
    [newton k= 93] SCIF=  +270.85 mT  layer_snes_iters=[10, 11, 12, 15, 1, 1]  clip_frac_max=0.000
    [newton k= 94] SCIF=  +278.28 mT  layer_snes_iters=[3, 9, 11, 13, 1, 1]  clip_frac_max=0.000
    [newton k= 95] SCIF=  +267.59 mT  layer_snes_iters=[12, 3, 5, 3, 1, 1]  clip_frac_max=0.000
    [newton k= 96] SCIF=  +271.67 mT  layer_snes_iters=[3, 3, 10, 14, 1, 1]  clip_frac_max=0.000
    [newton k= 97] SCIF=  +263.61 mT  layer_snes_iters=[12, 7, 15, 13, 1, 1]  clip_frac_max=0.000
    [newton k= 98] SCIF=  +272.89 mT  layer_snes_iters=[3, 13, 8, 14, 1, 1]  clip_frac_max=0.000
    [newton k= 99] SCIF=  +267.19 mT  layer_snes_iters=[11, 4, 15, 18, 1, 1]  clip_frac_max=0.000
    [newton k=100] SCIF=  +276.80 mT  layer_snes_iters=[11, 6, 14, 8, 1, 1]  clip_frac_max=0.000
    [newton k=101] SCIF=  +274.36 mT  layer_snes_iters=[14, 15, 13, 16, 1, 1]  clip_frac_max=0.000
    [newton k=102] SCIF=  +278.22 mT  layer_snes_iters=[14, 10, 7, 13, 1, 1]  clip_frac_max=0.000
    [newton k=103] SCIF=  +275.52 mT  layer_snes_iters=[6, 3, 11, 14, 1, 1]  clip_frac_max=0.000
    [newton k=104] SCIF=  +273.90 mT  layer_snes_iters=[3, 14, 11, 8, 1, 1]  clip_frac_max=0.000
    [newton k=105] SCIF=  +268.48 mT  layer_snes_iters=[11, 5, 12, 6, 1, 1]  clip_frac_max=0.000
    [newton k=106] SCIF=  +267.59 mT  layer_snes_iters=[3, 16, 13, 14, 1, 1]  clip_frac_max=0.000
    [newton k=107] SCIF=  +269.20 mT  layer_snes_iters=[9, 6, 12, 4, 1, 1]  clip_frac_max=0.000
    [newton k=108] SCIF=  +268.95 mT  layer_snes_iters=[9, 7, 11, 6, 1, 1]  clip_frac_max=0.000
    [newton k=109] SCIF=  +273.20 mT  layer_snes_iters=[4, 6, 12, 11, 1, 1]  clip_frac_max=0.000
    [newton k=110] SCIF=  +272.62 mT  layer_snes_iters=[9, 10, 12, 10, 1, 1]  clip_frac_max=0.000
    [newton k=111] SCIF=  +268.65 mT  layer_snes_iters=[8, 3, 10, 7, 1, 1]  clip_frac_max=0.000
    [newton k=112] SCIF=  +271.27 mT  layer_snes_iters=[7, 6, 18, 10, 1, 1]  clip_frac_max=0.000
    [newton k=113] SCIF=  +266.60 mT  layer_snes_iters=[10, 4, 17, 12, 1, 1]  clip_frac_max=0.000
    [newton k=114] SCIF=  +274.48 mT  layer_snes_iters=[5, 11, 12, 14, 1, 1]  clip_frac_max=0.000
    [newton k=115] SCIF=  +269.80 mT  layer_snes_iters=[11, 7, 18, 15, 1, 1]  clip_frac_max=0.000
    [newton k=116] SCIF=  +276.38 mT  layer_snes_iters=[3, 12, 14, 12, 1, 1]  clip_frac_max=0.000
    [newton k=117] SCIF=  +273.06 mT  layer_snes_iters=[11, 4, 16, 4, 1, 1]  clip_frac_max=0.000
    [newton k=118] SCIF=  +273.57 mT  layer_snes_iters=[3, 12, 11, 12, 1, 1]  clip_frac_max=0.000
    [newton k=119] SCIF=  +278.05 mT  layer_snes_iters=[13, 10, 13, 8, 1, 1]  clip_frac_max=0.000
    [newton k=120] SCIF=  +271.55 mT  layer_snes_iters=[6, 7, 17, 16, 1, 1]  clip_frac_max=0.000
    [newton k=121] SCIF=  +280.77 mT  layer_snes_iters=[8, 9, 8, 9, 1, 1]  clip_frac_max=0.000
    [newton k=122] SCIF=  +274.39 mT  layer_snes_iters=[7, 10, 17, 11, 1, 1]  clip_frac_max=0.000
    [newton k=123] SCIF=  +277.26 mT  layer_snes_iters=[6, 7, 13, 10, 1, 1]  clip_frac_max=0.000
    [newton k=124] SCIF=  +282.11 mT  layer_snes_iters=[7, 11, 12, 8, 1, 1]  clip_frac_max=0.000
    [newton k=125] SCIF=  +279.84 mT  layer_snes_iters=[11, 8, 11, 15, 1, 2]  clip_frac_max=0.000
    [newton k=126] SCIF=  +275.25 mT  layer_snes_iters=[5, 10, 6, 18, 2, 2]  clip_frac_max=0.000
      [layer 1] Newton failed this outer iteration (reason=-9)
      reverting outer iteration 127 entirely, returning the state from iteration 126 (NOT auto-validated -- check against independent ground truth before trusting this SCIF)
    [newton] step done: stop_reason=newton_failure_reverted  n_outer=126  SCIF=+275.25 mT
  step 17/24 SUMMARY: converged=False  stop_reason=newton_failure_reverted  SCIF=+275.25 mT
  step 18/24  t=  450.0 s  I= 147.00 A  dt=  25.0 s
      [debug layer 0] Jc range (this layer's cells): [2.1584e+11,4.5458e+11]  n range: [14.690,25.364]  any Jc<=0: False  any nonfinite Jc: False  any nonfinite n: False
      [debug layer 0] SNES reason=3  its=1  T finite: True
      [debug layer 1] Jc range (this layer's cells): [1.6502e+11,4.5471e+11]  n range: [14.203,25.974]  any Jc<=0: False  any nonfinite Jc: False  any nonfinite n: False
      [debug layer 1] SNES reason=3  its=1  T finite: True
      [debug layer 2] Jc range (this layer's cells): [1.0679e+11,4.6872e+11]  n range: [13.467,25.427]  any Jc<=0: False  any nonfinite Jc: False  any nonfinite n: False
      [debug layer 2] SNES reason=3  its=1  T finite: True
      [debug layer 3] Jc range (this layer's cells): [1.1579e+11,2.8246e+11]  n range: [13.466,21.548]  any Jc<=0: False  any nonfinite Jc: False  any nonfinite n: False
      [debug layer 3] SNES reason=3  its=1  T finite: True
      [debug layer 4] Jc range (this layer's cells): [1.8808e+11,2.5075e+11]  n range: [18.655,20.848]  any Jc<=0: False  any nonfinite Jc: False  any nonfinite n: False
      [debug layer 4] SNES reason=3  its=1  T finite: True
      [debug layer 5] Jc range (this layer's cells): [2.1311e+11,2.6206e+11]  n range: [19.799,21.415]  any Jc<=0: False  any nonfinite Jc: False  any nonfinite n: False
      [debug layer 5] SNES reason=3  its=1  T finite: True
    [newton k=  1] SCIF=  +634.38 mT  layer_snes_iters=[1, 1, 1, 1, 1, 1]  clip_frac_max=0.000
    [newton k=  2] SCIF=  +659.73 mT  layer_snes_iters=[3, 1, 2, 7, 1, 1]  clip_frac_max=0.000
    [newton k=  3] SCIF=  +623.82 mT  layer_snes_iters=[10, 13, 9, 5, 1, 1]  clip_frac_max=0.000
    [newton k=  4] SCIF=  +600.00 mT  layer_snes_iters=[11, 2, 14, 16, 1, 1]  clip_frac_max=0.000
    [newton k=  5] SCIF=  +576.79 mT  layer_snes_iters=[4, 9, 2, 7, 1, 1]  clip_frac_max=0.000
    [newton k=  6] SCIF=  +541.59 mT  layer_snes_iters=[7, 5, 8, 4, 1, 1]  clip_frac_max=0.000
    [newton k=  7] SCIF=  +519.25 mT  layer_snes_iters=[3, 3, 2, 6, 1, 1]  clip_frac_max=0.002
    [newton k=  8] SCIF=  +494.82 mT  layer_snes_iters=[2, 4, 16, 3, 1, 1]  clip_frac_max=0.000
    [newton k=  9] SCIF=  +477.08 mT  layer_snes_iters=[2, 7, 2, 3, 1, 1]  clip_frac_max=0.001
    [newton k= 10] SCIF=  +444.82 mT  layer_snes_iters=[2, 2, 8, 2, 1, 1]  clip_frac_max=0.000
    [newton k= 11] SCIF=  +426.94 mT  layer_snes_iters=[5, 2, 2, 10, 1, 1]  clip_frac_max=0.001
    [newton k= 12] SCIF=  +404.65 mT  layer_snes_iters=[5, 2, 11, 2, 1, 1]  clip_frac_max=0.000
    [newton k= 13] SCIF=  +390.73 mT  layer_snes_iters=[7, 2, 2, 17, 1, 1]  clip_frac_max=0.002
    [newton k= 14] SCIF=  +368.69 mT  layer_snes_iters=[4, 3, 12, 2, 1, 1]  clip_frac_max=0.000
    [newton k= 15] SCIF=  +358.26 mT  layer_snes_iters=[9, 2, 2, 9, 1, 1]  clip_frac_max=0.002
    [newton k= 16] SCIF=  +333.94 mT  layer_snes_iters=[2, 3, 18, 12, 1, 1]  clip_frac_max=0.000
    [newton k= 17] SCIF=  +331.43 mT  layer_snes_iters=[15, 2, 2, 3, 1, 1]  clip_frac_max=0.002
    [newton k= 18] SCIF=  +323.97 mT  layer_snes_iters=[14, 2, 9, 6, 1, 1]  clip_frac_max=0.000
    [newton k= 19] SCIF=  +323.10 mT  layer_snes_iters=[12, 2, 3, 12, 1, 1]  clip_frac_max=0.003
    [newton k= 20] SCIF=  +317.29 mT  layer_snes_iters=[7, 2, 9, 2, 1, 1]  clip_frac_max=0.000
    [newton k= 21] SCIF=  +311.30 mT  layer_snes_iters=[8, 2, 2, 3, 1, 1]  clip_frac_max=0.002
    [newton k= 22] SCIF=  +303.77 mT  layer_snes_iters=[2, 2, 13, 2, 1, 1]  clip_frac_max=0.000
    [newton k= 23] SCIF=  +306.57 mT  layer_snes_iters=[8, 3, 2, 9, 1, 1]  clip_frac_max=0.003
    [newton k= 24] SCIF=  +302.75 mT  layer_snes_iters=[2, 2, 13, 2, 1, 1]  clip_frac_max=0.002
    [newton k= 25] SCIF=  +293.82 mT  layer_snes_iters=[6, 2, 5, 7, 1, 1]  clip_frac_max=0.002
    [newton k= 26] SCIF=  +285.90 mT  layer_snes_iters=[2, 2, 4, 2, 1, 1]  clip_frac_max=0.001
    [newton k= 27] SCIF=  +287.69 mT  layer_snes_iters=[8, 2, 2, 13, 1, 1]  clip_frac_max=0.003
    [newton k= 28] SCIF=  +278.15 mT  layer_snes_iters=[2, 2, 15, 10, 1, 1]  clip_frac_max=0.000
    [newton k= 29] SCIF=  +287.18 mT  layer_snes_iters=[5, 2, 2, 3, 1, 1]  clip_frac_max=0.003
    [newton k= 30] SCIF=  +276.39 mT  layer_snes_iters=[2, 2, 8, 3, 1, 1]  clip_frac_max=0.000
    [newton k= 31] SCIF=  +279.14 mT  layer_snes_iters=[7, 2, 2, 13, 1, 1]  clip_frac_max=0.003
    [newton k= 32] SCIF=  +277.67 mT  layer_snes_iters=[2, 2, 16, 2, 1, 1]  clip_frac_max=0.000
    [newton k= 33] SCIF=  +273.44 mT  layer_snes_iters=[12, 2, 7, 16, 1, 1]  clip_frac_max=0.002
    [newton k= 34] SCIF=  +267.12 mT  layer_snes_iters=[12, 2, 6, 2, 1, 1]  clip_frac_max=0.000
    [newton k= 35] SCIF=  +264.91 mT  layer_snes_iters=[3, 11, 9, 8, 1, 1]  clip_frac_max=0.003
    [newton k= 36] SCIF=  +260.42 mT  layer_snes_iters=[11, 3, 8, 2, 1, 1]  clip_frac_max=0.002
    [newton k= 37] SCIF=  +252.66 mT  layer_snes_iters=[3, 2, 8, 4, 1, 1]  clip_frac_max=0.003
    [newton k= 38] SCIF=  +244.69 mT  layer_snes_iters=[8, 2, 14, 8, 1, 1]  clip_frac_max=0.004
    [newton k= 39] SCIF=  +253.45 mT  layer_snes_iters=[14, 2, 11, 11, 1, 1]  clip_frac_max=0.002
    [newton k= 40] SCIF=  +268.52 mT  layer_snes_iters=[13, 2, 4, 6, 1, 1]  clip_frac_max=0.000
    [newton k= 41] SCIF=  +272.57 mT  layer_snes_iters=[3, 15, 8, 6, 1, 1]  clip_frac_max=0.009
    [newton k= 42] SCIF=  +278.20 mT  layer_snes_iters=[2, 14, 3, 6, 1, 1]  clip_frac_max=0.002
    [newton k= 43] SCIF=  +268.04 mT  layer_snes_iters=[14, 12, 10, 15, 1, 1]  clip_frac_max=0.002
    [newton k= 44] SCIF=  +277.10 mT  layer_snes_iters=[15, 4, 2, 13, 1, 1]  clip_frac_max=0.002
    [newton k= 45] SCIF=  +265.85 mT  layer_snes_iters=[4, 3, 14, 4, 1, 1]  clip_frac_max=0.008
    [newton k= 46] SCIF=  +255.79 mT  layer_snes_iters=[2, 8, 11, 7, 1, 1]  clip_frac_max=0.002
    [newton k= 47] SCIF=  +243.11 mT  layer_snes_iters=[10, 3, 6, 6, 1, 1]  clip_frac_max=0.006
    [newton k= 48] SCIF=  +247.06 mT  layer_snes_iters=[2, 2, 14, 16, 1, 1]  clip_frac_max=0.001
    [newton k= 49] SCIF=  +249.73 mT  layer_snes_iters=[14, 2, 8, 4, 1, 1]  clip_frac_max=0.002
    [newton k= 50] SCIF=  +247.19 mT  layer_snes_iters=[10, 2, 9, 12, 1, 1]  clip_frac_max=0.000
    [newton k= 51] SCIF=  +251.81 mT  layer_snes_iters=[3, 3, 10, 8, 1, 1]  clip_frac_max=0.003
    [newton k= 52] SCIF=  +253.94 mT  layer_snes_iters=[2, 3, 3, 12, 1, 1]  clip_frac_max=0.001
    [newton k= 53] SCIF=  +249.04 mT  layer_snes_iters=[12, 4, 3, 10, 1, 1]  clip_frac_max=0.003
    [newton k= 54] SCIF=  +250.25 mT  layer_snes_iters=[2, 2, 12, 4, 1, 1]  clip_frac_max=0.000
    [newton k= 55] SCIF=  +255.89 mT  layer_snes_iters=[12, 5, 13, 6, 1, 1]  clip_frac_max=0.004
    [newton k= 56] SCIF=  +253.95 mT  layer_snes_iters=[6, 6, 3, 12, 1, 1]  clip_frac_max=0.000
    [newton k= 57] SCIF=  +255.00 mT  layer_snes_iters=[18, 3, 4, 14, 1, 1]  clip_frac_max=0.006
    [newton k= 58] SCIF=  +253.59 mT  layer_snes_iters=[3, 3, 12, 15, 1, 1]  clip_frac_max=0.001
    [newton k= 59] SCIF=  +256.78 mT  layer_snes_iters=[15, 13, 3, 13, 1, 1]  clip_frac_max=0.003
    [newton k= 60] SCIF=  +255.52 mT  layer_snes_iters=[13, 3, 19, 15, 1, 1]  clip_frac_max=0.001
    [newton k= 61] SCIF=  +260.44 mT  layer_snes_iters=[4, 2, 10, 12, 1, 1]  clip_frac_max=0.003
    [newton k= 62] SCIF=  +257.45 mT  layer_snes_iters=[2, 2, 17, 14, 1, 1]  clip_frac_max=0.001
    [newton k= 63] SCIF=  +256.06 mT  layer_snes_iters=[13, 4, 5, 8, 1, 1]  clip_frac_max=0.003
    [newton k= 64] SCIF=  +264.30 mT  layer_snes_iters=[13, 12, 7, 13, 1, 1]  clip_frac_max=0.000
    [newton k= 65] SCIF=  +260.66 mT  layer_snes_iters=[12, 4, 14, 15, 1, 1]  clip_frac_max=0.003
    [newton k= 66] SCIF=  +265.17 mT  layer_snes_iters=[10, 5, 14, 14, 1, 1]  clip_frac_max=0.002
    [newton k= 67] SCIF=  +271.45 mT  layer_snes_iters=[3, 3, 12, 3, 1, 1]  clip_frac_max=0.003
    [newton k= 68] SCIF=  +266.27 mT  layer_snes_iters=[2, 4, 16, 15, 1, 1]  clip_frac_max=0.004
    [newton k= 69] SCIF=  +268.46 mT  layer_snes_iters=[9, 3, 8, 9, 1, 1]  clip_frac_max=0.003
    [newton k= 70] SCIF=  +265.80 mT  layer_snes_iters=[2, 2, 14, 13, 1, 1]  clip_frac_max=0.006
    [newton k= 71] SCIF=  +266.92 mT  layer_snes_iters=[13, 6, 5, 3, 1, 1]  clip_frac_max=0.002
    [newton k= 72] SCIF=  +258.07 mT  layer_snes_iters=[2, 8, 11, 14, 1, 1]  clip_frac_max=0.002
    [newton k= 73] SCIF=  +264.97 mT  layer_snes_iters=[13, 15, 5, 16, 1, 1]  clip_frac_max=0.003
    [newton k= 74] SCIF=  +258.51 mT  layer_snes_iters=[10, 3, 18, 5, 1, 1]  clip_frac_max=0.001
    [newton k= 75] SCIF=  +263.08 mT  layer_snes_iters=[9, 6, 6, 19, 1, 1]  clip_frac_max=0.003
    [newton k= 76] SCIF=  +258.28 mT  layer_snes_iters=[2, 15, 6, 11, 1, 1]  clip_frac_max=0.000
    [newton k= 77] SCIF=  +253.95 mT  layer_snes_iters=[13, 12, 5, 13, 1, 1]  clip_frac_max=0.001
    [newton k= 78] SCIF=  +248.27 mT  layer_snes_iters=[3, 6, 9, 5, 1, 1]  clip_frac_max=0.001
    [newton k= 79] SCIF=  +250.46 mT  layer_snes_iters=[4, 10, 9, 12, 1, 1]  clip_frac_max=0.003
    [newton k= 80] SCIF=  +256.44 mT  layer_snes_iters=[9, 4, 17, 14, 1, 1]  clip_frac_max=0.000
    [newton k= 81] SCIF=  +261.40 mT  layer_snes_iters=[4, 2, 7, 8, 1, 1]  clip_frac_max=0.002
    [newton k= 82] SCIF=  +257.31 mT  layer_snes_iters=[3, 9, 19, 3, 1, 1]  clip_frac_max=0.000
    [newton k= 83] SCIF=  +258.34 mT  layer_snes_iters=[14, 3, 9, 13, 1, 1]  clip_frac_max=0.003
    [newton k= 84] SCIF=  +258.82 mT  layer_snes_iters=[3, 7, 12, 13, 1, 1]  clip_frac_max=0.000
    [newton k= 85] SCIF=  +255.78 mT  layer_snes_iters=[14, 13, 9, 17, 1, 1]  clip_frac_max=0.003
    [newton k= 86] SCIF=  +256.49 mT  layer_snes_iters=[7, 6, 11, 3, 1, 1]  clip_frac_max=0.004
    [newton k= 87] SCIF=  +256.33 mT  layer_snes_iters=[4, 13, 11, 12, 1, 1]  clip_frac_max=0.002
    [newton k= 88] SCIF=  +264.80 mT  layer_snes_iters=[9, 5, 9, 4, 1, 1]  clip_frac_max=0.001
    [newton k= 89] SCIF=  +263.99 mT  layer_snes_iters=[3, 3, 14, 7, 1, 1]  clip_frac_max=0.003
    [newton k= 90] SCIF=  +271.91 mT  layer_snes_iters=[5, 8, 14, 16, 1, 1]  clip_frac_max=0.002
    [newton k= 91] SCIF=  +265.00 mT  layer_snes_iters=[13, 3, 4, 4, 1, 1]  clip_frac_max=0.003
    [newton k= 92] SCIF=  +265.54 mT  layer_snes_iters=[2, 8, 13, 13, 1, 1]  clip_frac_max=0.002
    [newton k= 93] SCIF=  +259.04 mT  layer_snes_iters=[8, 3, 16, 16, 1, 1]  clip_frac_max=0.002
    [newton k= 94] SCIF=  +268.84 mT  layer_snes_iters=[3, 12, 4, 13, 1, 1]  clip_frac_max=0.002
    [newton k= 95] SCIF=  +261.73 mT  layer_snes_iters=[13, 8, 12, 13, 1, 1]  clip_frac_max=0.003
    [newton k= 96] SCIF=  +262.72 mT  layer_snes_iters=[4, 7, 15, 12, 1, 1]  clip_frac_max=0.003
    [newton k= 97] SCIF=  +262.98 mT  layer_snes_iters=[15, 3, 12, 6, 1, 1]  clip_frac_max=0.003
    [newton k= 98] SCIF=  +262.42 mT  layer_snes_iters=[3, 7, 14, 12, 1, 1]  clip_frac_max=0.001
    [newton k= 99] SCIF=  +266.86 mT  layer_snes_iters=[14, 6, 14, 3, 1, 1]  clip_frac_max=0.003
    [newton k=100] SCIF=  +257.52 mT  layer_snes_iters=[12, 13, 11, 16, 1, 1]  clip_frac_max=0.002
    [newton k=101] SCIF=  +257.09 mT  layer_snes_iters=[12, 13, 14, 14, 1, 1]  clip_frac_max=0.003
    [newton k=102] SCIF=  +267.76 mT  layer_snes_iters=[4, 11, 10, 17, 1, 1]  clip_frac_max=0.001
    [newton k=103] SCIF=  +264.06 mT  layer_snes_iters=[7, 3, 14, 14, 1, 1]  clip_frac_max=0.005
    [newton k=104] SCIF=  +270.10 mT  layer_snes_iters=[6, 9, 11, 15, 1, 1]  clip_frac_max=0.001
    [newton k=105] SCIF=  +272.45 mT  layer_snes_iters=[8, 6, 11, 8, 1, 1]  clip_frac_max=0.003
    [newton k=106] SCIF=  +273.23 mT  layer_snes_iters=[4, 9, 16, 16, 1, 1]  clip_frac_max=0.001
    [newton k=107] SCIF=  +271.16 mT  layer_snes_iters=[9, 13, 12, 3, 1, 1]  clip_frac_max=0.003
    [newton k=108] SCIF=  +270.66 mT  layer_snes_iters=[4, 6, 10, 16, 1, 1]  clip_frac_max=0.003
    [newton k=109] SCIF=  +266.51 mT  layer_snes_iters=[10, 10, 17, 15, 1, 1]  clip_frac_max=0.003
    [newton k=110] SCIF=  +273.73 mT  layer_snes_iters=[3, 5, 14, 7, 1, 1]  clip_frac_max=0.002
    [newton k=111] SCIF=  +266.98 mT  layer_snes_iters=[10, 10, 11, 16, 1, 1]  clip_frac_max=0.003
    [newton k=112] SCIF=  +268.38 mT  layer_snes_iters=[4, 4, 11, 5, 1, 1]  clip_frac_max=0.001
    [newton k=113] SCIF=  +272.30 mT  layer_snes_iters=[9, 4, 14, 11, 1, 1]  clip_frac_max=0.003
    [newton k=114] SCIF=  +267.56 mT  layer_snes_iters=[5, 10, 15, 6, 1, 1]  clip_frac_max=0.001
    [newton k=115] SCIF=  +263.06 mT  layer_snes_iters=[8, 4, 10, 12, 1, 1]  clip_frac_max=0.003
    [newton k=116] SCIF=  +261.29 mT  layer_snes_iters=[6, 11, 17, 4, 1, 1]  clip_frac_max=0.002
    [newton k=117] SCIF=  +267.02 mT  layer_snes_iters=[7, 11, 4, 13, 1, 1]  clip_frac_max=0.003
    [newton k=118] SCIF=  +266.24 mT  layer_snes_iters=[7, 8, 12, 8, 1, 1]  clip_frac_max=0.002
    [newton k=119] SCIF=  +264.57 mT  layer_snes_iters=[6, 7, 8, 17, 1, 1]  clip_frac_max=0.003
    [newton k=120] SCIF=  +262.98 mT  layer_snes_iters=[7, 9, 4, 4, 1, 1]  clip_frac_max=0.002
    [newton k=121] SCIF=  +264.92 mT  layer_snes_iters=[6, 9, 5, 11, 1, 1]  clip_frac_max=0.003
    [newton k=122] SCIF=  +271.21 mT  layer_snes_iters=[8, 8, 14, 10, 1, 1]  clip_frac_max=0.003
    [newton k=123] SCIF=  +263.32 mT  layer_snes_iters=[10, 7, 15, 13, 1, 1]  clip_frac_max=0.003
    [newton k=124] SCIF=  +270.47 mT  layer_snes_iters=[9, 9, 13, 18, 1, 1]  clip_frac_max=0.002
    [newton k=125] SCIF=  +265.53 mT  layer_snes_iters=[10, 4, 14, 10, 2, 2]  clip_frac_max=0.003
    [newton k=126] SCIF=  +266.86 mT  layer_snes_iters=[14, 17, 11, 14, 2, 2]  clip_frac_max=0.002
      [layer 2] Newton failed this outer iteration (reason=-9)
      reverting outer iteration 127 entirely, returning the state from iteration 126 (NOT auto-validated -- check against independent ground truth before trusting this SCIF)
    [newton] step done: stop_reason=newton_failure_reverted  n_outer=126  SCIF=+266.86 mT
  step 18/24 SUMMARY: converged=False  stop_reason=newton_failure_reverted  SCIF=+266.86 mT
  step 19/24  t=  475.0 s  I= 155.17 A  dt=  25.0 s
      [debug layer 0] Jc range (this layer's cells): [1.9742e+11,4.5087e+11]  n range: [14.464,25.416]  any Jc<=0: False  any nonfinite Jc: False  any nonfinite n: False
      [debug layer 0] SNES reason=3  its=1  T finite: True
      [debug layer 1] Jc range (this layer's cells): [1.6387e+11,4.5843e+11]  n range: [13.981,25.905]  any Jc<=0: False  any nonfinite Jc: False  any nonfinite n: False
      [debug layer 1] SNES reason=3  its=1  T finite: True
      [debug layer 2] Jc range (this layer's cells): [1.0247e+11,4.6364e+11]  n range: [13.267,25.108]  any Jc<=0: False  any nonfinite Jc: False  any nonfinite n: False
      [debug layer 2] SNES reason=3  its=1  T finite: True
      [debug layer 3] Jc range (this layer's cells): [1.0995e+11,2.6457e+11]  n range: [13.265,21.545]  any Jc<=0: False  any nonfinite Jc: False  any nonfinite n: False
      [debug layer 3] SNES reason=3  its=1  T finite: True
      [debug layer 4] Jc range (this layer's cells): [1.8251e+11,2.4409e+11]  n range: [18.628,20.820]  any Jc<=0: False  any nonfinite Jc: False  any nonfinite n: False
      [debug layer 4] SNES reason=3  its=1  T finite: True
      [debug layer 5] Jc range (this layer's cells): [2.0690e+11,2.5502e+11]  n range: [19.683,21.425]  any Jc<=0: False  any nonfinite Jc: False  any nonfinite n: False
      [debug layer 5] SNES reason=3  its=1  T finite: True
    [newton k=  1] SCIF=  +647.53 mT  layer_snes_iters=[1, 1, 1, 1, 1, 1]  clip_frac_max=0.002
    [newton k=  2] SCIF=  +682.61 mT  layer_snes_iters=[7, 5, 2, 5, 1, 1]  clip_frac_max=0.003
    [newton k=  3] SCIF=  +654.58 mT  layer_snes_iters=[9, 11, 5, 17, 1, 1]  clip_frac_max=0.005
    [newton k=  4] SCIF=  +627.67 mT  layer_snes_iters=[4, 8, 6, 4, 1, 1]  clip_frac_max=0.011
    [newton k=  5] SCIF=  +581.13 mT  layer_snes_iters=[4, 3, 3, 10, 1, 1]  clip_frac_max=0.018
    [newton k=  6] SCIF=  +543.94 mT  layer_snes_iters=[2, 5, 13, 9, 1, 1]  clip_frac_max=0.027
    [newton k=  7] SCIF=  +519.87 mT  layer_snes_iters=[6, 16, 5, 15, 1, 1]  clip_frac_max=0.032
    [newton k=  8] SCIF=  +487.76 mT  layer_snes_iters=[2, 6, 15, 10, 1, 1]  clip_frac_max=0.025
    [newton k=  9] SCIF=  +468.13 mT  layer_snes_iters=[3, 2, 2, 2, 1, 1]  clip_frac_max=0.033
    [newton k= 10] SCIF=  +417.64 mT  layer_snes_iters=[2, 2, 13, 19, 1, 1]  clip_frac_max=0.027
    [newton k= 11] SCIF=  +398.40 mT  layer_snes_iters=[8, 2, 5, 6, 1, 1]  clip_frac_max=0.057
    [newton k= 12] SCIF=  +386.04 mT  layer_snes_iters=[11, 2, 12, 5, 1, 1]  clip_frac_max=0.026
    [newton k= 13] SCIF=  +372.84 mT  layer_snes_iters=[3, 2, 6, 4, 1, 1]  clip_frac_max=0.034
    [newton k= 14] SCIF=  +364.31 mT  layer_snes_iters=[2, 2, 4, 2, 1, 1]  clip_frac_max=0.033
    [newton k= 15] SCIF=  +359.90 mT  layer_snes_iters=[6, 2, 2, 3, 1, 1]  clip_frac_max=0.033
    [newton k= 16] SCIF=  +348.01 mT  layer_snes_iters=[2, 2, 7, 7, 1, 1]  clip_frac_max=0.030
    [newton k= 17] SCIF=  +344.64 mT  layer_snes_iters=[4, 2, 2, 3, 1, 1]  clip_frac_max=0.031
    [newton k= 18] SCIF=  +337.05 mT  layer_snes_iters=[2, 2, 11, 8, 1, 1]  clip_frac_max=0.030
    [newton k= 19] SCIF=  +323.96 mT  layer_snes_iters=[15, 2, 5, 6, 1, 1]  clip_frac_max=0.033
    [newton k= 20] SCIF=  +312.35 mT  layer_snes_iters=[15, 2, 7, 5, 1, 1]  clip_frac_max=0.044
    [newton k= 21] SCIF=  +314.52 mT  layer_snes_iters=[6, 2, 2, 10, 1, 1]  clip_frac_max=0.046
    [newton k= 22] SCIF=  +312.27 mT  layer_snes_iters=[2, 2, 5, 2, 1, 1]  clip_frac_max=0.031
    [newton k= 23] SCIF=  +311.39 mT  layer_snes_iters=[3, 2, 2, 5, 1, 1]  clip_frac_max=0.035
    [newton k= 24] SCIF=  +302.91 mT  layer_snes_iters=[2, 2, 14, 2, 1, 1]  clip_frac_max=0.035
    [newton k= 25] SCIF=  +302.17 mT  layer_snes_iters=[4, 2, 3, 3, 1, 1]  clip_frac_max=0.043
    [newton k= 26] SCIF=  +294.53 mT  layer_snes_iters=[2, 2, 4, 2, 1, 1]  clip_frac_max=0.043
    [newton k= 27] SCIF=  +285.56 mT  layer_snes_iters=[14, 2, 2, 9, 1, 1]  clip_frac_max=0.044
    [newton k= 28] SCIF=  +278.06 mT  layer_snes_iters=[5, 2, 14, 8, 1, 1]  clip_frac_max=0.049
    [newton k= 29] SCIF=  +287.04 mT  layer_snes_iters=[11, 2, 3, 3, 1, 1]  clip_frac_max=0.054
    [newton k= 30] SCIF=  +280.10 mT  layer_snes_iters=[4, 2, 14, 3, 1, 1]  clip_frac_max=0.029
    [newton k= 31] SCIF=  +278.01 mT  layer_snes_iters=[7, 2, 4, 11, 1, 1]  clip_frac_max=0.050
    [newton k= 32] SCIF=  +268.59 mT  layer_snes_iters=[7, 2, 7, 9, 1, 1]  clip_frac_max=0.047
    [newton k= 33] SCIF=  +269.89 mT  layer_snes_iters=[3, 2, 5, 14, 1, 1]  clip_frac_max=0.048
    [newton k= 34] SCIF=  +263.36 mT  layer_snes_iters=[2, 2, 14, 15, 1, 1]  clip_frac_max=0.047
    [newton k= 35] SCIF=  +267.58 mT  layer_snes_iters=[6, 2, 5, 12, 1, 1]  clip_frac_max=0.052
    [newton k= 36] SCIF=  +264.81 mT  layer_snes_iters=[8, 2, 15, 3, 1, 1]  clip_frac_max=0.043
    [newton k= 37] SCIF=  +259.66 mT  layer_snes_iters=[3, 2, 7, 10, 1, 1]  clip_frac_max=0.050
    [newton k= 38] SCIF=  +258.05 mT  layer_snes_iters=[2, 2, 5, 3, 1, 1]  clip_frac_max=0.057
    [newton k= 39] SCIF=  +267.61 mT  layer_snes_iters=[13, 2, 4, 8, 1, 1]  clip_frac_max=0.053
    [newton k= 40] SCIF=  +266.91 mT  layer_snes_iters=[13, 2, 13, 12, 1, 1]  clip_frac_max=0.032
    [newton k= 41] SCIF=  +278.53 mT  layer_snes_iters=[3, 2, 2, 9, 1, 1]  clip_frac_max=0.051
    [newton k= 42] SCIF=  +272.97 mT  layer_snes_iters=[6, 2, 16, 6, 1, 1]  clip_frac_max=0.037
    [newton k= 43] SCIF=  +269.33 mT  layer_snes_iters=[16, 2, 10, 19, 1, 1]  clip_frac_max=0.055
    [newton k= 44] SCIF=  +264.70 mT  layer_snes_iters=[3, 2, 13, 10, 1, 1]  clip_frac_max=0.047
    [newton k= 45] SCIF=  +271.38 mT  layer_snes_iters=[3, 2, 7, 9, 1, 1]  clip_frac_max=0.052
    [newton k= 46] SCIF=  +265.12 mT  layer_snes_iters=[2, 2, 4, 15, 1, 1]  clip_frac_max=0.037
    [newton k= 47] SCIF=  +266.20 mT  layer_snes_iters=[4, 2, 7, 3, 1, 1]  clip_frac_max=0.057
    [newton k= 48] SCIF=  +281.12 mT  layer_snes_iters=[5, 2, 5, 3, 1, 1]  clip_frac_max=0.045
    [newton k= 49] SCIF=  +275.32 mT  layer_snes_iters=[6, 2, 13, 13, 1, 1]  clip_frac_max=0.039
    [newton k= 50] SCIF=  +279.92 mT  layer_snes_iters=[2, 2, 10, 13, 1, 1]  clip_frac_max=0.055
    [newton k= 51] SCIF=  +277.63 mT  layer_snes_iters=[8, 3, 16, 12, 1, 1]  clip_frac_max=0.035
    [newton k= 52] SCIF=  +273.06 mT  layer_snes_iters=[5, 2, 14, 13, 1, 1]  clip_frac_max=0.049
    [newton k= 53] SCIF=  +269.44 mT  layer_snes_iters=[3, 13, 10, 3, 1, 1]  clip_frac_max=0.051
    [newton k= 54] SCIF=  +277.01 mT  layer_snes_iters=[2, 15, 12, 7, 1, 1]  clip_frac_max=0.053
    [newton k= 55] SCIF=  +278.42 mT  layer_snes_iters=[5, 16, 16, 12, 1, 1]  clip_frac_max=0.038
    [newton k= 56] SCIF=  +276.42 mT  layer_snes_iters=[5, 12, 11, 7, 1, 1]  clip_frac_max=0.040
    [newton k= 57] SCIF=  +265.31 mT  layer_snes_iters=[3, 13, 10, 9, 1, 1]  clip_frac_max=0.047
    [newton k= 58] SCIF=  +265.91 mT  layer_snes_iters=[3, 9, 5, 8, 1, 1]  clip_frac_max=0.046
    [newton k= 59] SCIF=  +263.97 mT  layer_snes_iters=[4, 3, 11, 3, 1, 1]  clip_frac_max=0.046
    [newton k= 60] SCIF=  +262.34 mT  layer_snes_iters=[2, 2, 12, 13, 1, 1]  clip_frac_max=0.047
    [newton k= 61] SCIF=  +262.46 mT  layer_snes_iters=[8, 2, 9, 11, 1, 1]  clip_frac_max=0.050
    [newton k= 62] SCIF=  +266.99 mT  layer_snes_iters=[5, 5, 11, 3, 1, 1]  clip_frac_max=0.039
    [newton k= 63] SCIF=  +269.59 mT  layer_snes_iters=[15, 3, 2, 3, 1, 1]  clip_frac_max=0.042
    [newton k= 64] SCIF=  +267.84 mT  layer_snes_iters=[3, 2, 18, 6, 1, 1]  clip_frac_max=0.046
    [newton k= 65] SCIF=  +275.26 mT  layer_snes_iters=[11, 4, 5, 8, 1, 1]  clip_frac_max=0.053
    [newton k= 66] SCIF=  +271.79 mT  layer_snes_iters=[13, 2, 18, 12, 1, 1]  clip_frac_max=0.032
    [newton k= 67] SCIF=  +282.61 mT  layer_snes_iters=[8, 2, 3, 16, 1, 1]  clip_frac_max=0.055
    [newton k= 68] SCIF=  +270.99 mT  layer_snes_iters=[6, 5, 10, 11, 1, 1]  clip_frac_max=0.033
    [newton k= 69] SCIF=  +280.93 mT  layer_snes_iters=[5, 13, 2, 9, 1, 1]  clip_frac_max=0.058
    [newton k= 70] SCIF=  +277.82 mT  layer_snes_iters=[14, 3, 10, 5, 1, 1]  clip_frac_max=0.042
    [newton k= 71] SCIF=  +271.91 mT  layer_snes_iters=[13, 4, 8, 15, 1, 1]  clip_frac_max=0.051
    [newton k= 72] SCIF=  +269.01 mT  layer_snes_iters=[3, 3, 16, 11, 1, 1]  clip_frac_max=0.058
    [newton k= 73] SCIF=  +273.06 mT  layer_snes_iters=[3, 2, 10, 5, 1, 1]  clip_frac_max=0.054
    [newton k= 74] SCIF=  +270.28 mT  layer_snes_iters=[6, 6, 12, 4, 1, 1]  clip_frac_max=0.041
    [newton k= 75] SCIF=  +273.07 mT  layer_snes_iters=[3, 14, 13, 9, 1, 1]  clip_frac_max=0.052
    [newton k= 76] SCIF=  +273.17 mT  layer_snes_iters=[6, 3, 3, 14, 1, 1]  clip_frac_max=0.041
    [newton k= 77] SCIF=  +265.95 mT  layer_snes_iters=[3, 2, 10, 16, 1, 1]  clip_frac_max=0.043
    [newton k= 78] SCIF=  +275.20 mT  layer_snes_iters=[6, 3, 8, 15, 1, 1]  clip_frac_max=0.058
    [newton k= 79] SCIF=  +268.97 mT  layer_snes_iters=[3, 3, 5, 16, 1, 1]  clip_frac_max=0.041
    [newton k= 80] SCIF=  +269.50 mT  layer_snes_iters=[6, 4, 18, 7, 1, 1]  clip_frac_max=0.051
    [newton k= 81] SCIF=  +277.48 mT  layer_snes_iters=[3, 7, 8, 9, 1, 1]  clip_frac_max=0.045
    [newton k= 82] SCIF=  +269.94 mT  layer_snes_iters=[6, 10, 15, 13, 1, 1]  clip_frac_max=0.039
    [newton k= 83] SCIF=  +270.68 mT  layer_snes_iters=[3, 13, 14, 3, 1, 1]  clip_frac_max=0.050
    [newton k= 84] SCIF=  +269.63 mT  layer_snes_iters=[4, 7, 12, 6, 1, 1]  clip_frac_max=0.045
    [newton k= 85] SCIF=  +260.95 mT  layer_snes_iters=[5, 3, 13, 16, 1, 1]  clip_frac_max=0.048
    [newton k= 86] SCIF=  +262.29 mT  layer_snes_iters=[5, 7, 11, 15, 1, 1]  clip_frac_max=0.049
    [newton k= 87] SCIF=  +264.04 mT  layer_snes_iters=[5, 3, 16, 11, 1, 1]  clip_frac_max=0.047
    [newton k= 88] SCIF=  +273.90 mT  layer_snes_iters=[5, 2, 11, 13, 1, 1]  clip_frac_max=0.041
    [newton k= 89] SCIF=  +270.19 mT  layer_snes_iters=[5, 6, 17, 15, 1, 1]  clip_frac_max=0.043
    [newton k= 90] SCIF=  +277.96 mT  layer_snes_iters=[5, 3, 15, 7, 1, 1]  clip_frac_max=0.049
    [newton k= 91] SCIF=  +273.42 mT  layer_snes_iters=[6, 4, 13, 7, 1, 1]  clip_frac_max=0.036
    [newton k= 92] SCIF=  +282.21 mT  layer_snes_iters=[4, 4, 9, 3, 1, 1]  clip_frac_max=0.046
    [newton k= 93] SCIF=  +274.56 mT  layer_snes_iters=[6, 10, 9, 11, 1, 1]  clip_frac_max=0.030
    [newton k= 94] SCIF=  +280.65 mT  layer_snes_iters=[4, 3, 11, 11, 1, 1]  clip_frac_max=0.047
    [newton k= 95] SCIF=  +282.27 mT  layer_snes_iters=[7, 10, 6, 4, 1, 1]  clip_frac_max=0.038
    [newton k= 96] SCIF=  +283.41 mT  layer_snes_iters=[3, 4, 11, 3, 1, 1]  clip_frac_max=0.042
    [newton k= 97] SCIF=  +282.29 mT  layer_snes_iters=[7, 4, 6, 22, 1, 1]  clip_frac_max=0.040
    [newton k= 98] SCIF=  +273.93 mT  layer_snes_iters=[3, 8, 19, 10, 1, 1]  clip_frac_max=0.046
    [newton k= 99] SCIF=  +272.90 mT  layer_snes_iters=[6, 4, 12, 8, 1, 1]  clip_frac_max=0.047
    [newton k=100] SCIF=  +276.57 mT  layer_snes_iters=[4, 4, 9, 14, 1, 1]  clip_frac_max=0.045
    [newton k=101] SCIF=  +274.90 mT  layer_snes_iters=[7, 8, 11, 6, 1, 1]  clip_frac_max=0.045
    [newton k=102] SCIF=  +276.78 mT  layer_snes_iters=[4, 3, 14, 10, 1, 1]  clip_frac_max=0.043
    [newton k=103] SCIF=  +272.82 mT  layer_snes_iters=[5, 2, 12, 13, 1, 1]  clip_frac_max=0.047
    [newton k=104] SCIF=  +276.81 mT  layer_snes_iters=[5, 5, 14, 13, 1, 1]  clip_frac_max=0.045
    [newton k=105] SCIF=  +277.43 mT  layer_snes_iters=[5, 12, 13, 5, 1, 1]  clip_frac_max=0.042
    [newton k=106] SCIF=  +277.82 mT  layer_snes_iters=[6, 6, 7, 16, 1, 1]  clip_frac_max=0.042
    [newton k=107] SCIF=  +270.11 mT  layer_snes_iters=[3, 3, 17, 7, 1, 1]  clip_frac_max=0.047
    [newton k=108] SCIF=  +271.81 mT  layer_snes_iters=[7, 15, 10, 10, 1, 1]  clip_frac_max=0.049
    [newton k=109] SCIF=  +272.69 mT  layer_snes_iters=[3, 12, 7, 4, 1, 1]  clip_frac_max=0.043
    [newton k=110] SCIF=  +269.88 mT  layer_snes_iters=[7, 11, 11, 12, 1, 1]  clip_frac_max=0.049
    [newton k=111] SCIF=  +277.34 mT  layer_snes_iters=[3, 3, 13, 10, 1, 1]  clip_frac_max=0.048
    [newton k=112] SCIF=  +273.65 mT  layer_snes_iters=[7, 11, 11, 4, 1, 1]  clip_frac_max=0.036
    [newton k=113] SCIF=  +271.63 mT  layer_snes_iters=[4, 6, 13, 7, 1, 1]  clip_frac_max=0.047
    [newton k=114] SCIF=  +268.73 mT  layer_snes_iters=[6, 10, 15, 12, 1, 1]  clip_frac_max=0.048
    [newton k=115] SCIF=  +273.96 mT  layer_snes_iters=[6, 11, 9, 9, 1, 1]  clip_frac_max=0.046
    [newton k=116] SCIF=  +270.14 mT  layer_snes_iters=[6, 10, 8, 15, 1, 1]  clip_frac_max=0.040
    [newton k=117] SCIF=  +275.48 mT  layer_snes_iters=[4, 11, 13, 7, 1, 1]  clip_frac_max=0.050
    [newton k=118] SCIF=  +276.97 mT  layer_snes_iters=[8, 14, 13, 11, 1, 1]  clip_frac_max=0.039
    [newton k=119] SCIF=  +271.89 mT  layer_snes_iters=[4, 4, 17, 14, 1, 1]  clip_frac_max=0.045
    [newton k=120] SCIF=  +274.87 mT  layer_snes_iters=[8, 13, 17, 14, 1, 1]  clip_frac_max=0.047
    [newton k=121] SCIF=  +277.08 mT  layer_snes_iters=[5, 7, 16, 12, 1, 1]  clip_frac_max=0.044
    [newton k=122] SCIF=  +269.86 mT  layer_snes_iters=[7, 13, 18, 10, 1, 1]  clip_frac_max=0.041
    [newton k=123] SCIF=  +273.94 mT  layer_snes_iters=[4, 15, 12, 9, 1, 1]  clip_frac_max=0.050
    [newton k=124] SCIF=  +278.10 mT  layer_snes_iters=[8, 15, 17, 16, 2, 2]  clip_frac_max=0.042
    [newton k=125] SCIF=  +274.67 mT  layer_snes_iters=[4, 5, 16, 6, 1, 2]  clip_frac_max=0.044
    [newton k=126] SCIF=  +273.08 mT  layer_snes_iters=[11, 14, 14, 19, 2, 4]  clip_frac_max=0.044
      [layer 1] Newton failed this outer iteration (reason=-9)
      reverting outer iteration 127 entirely, returning the state from iteration 126 (NOT auto-validated -- check against independent ground truth before trusting this SCIF)
    [newton] step done: stop_reason=newton_failure_reverted  n_outer=126  SCIF=+273.08 mT
  step 19/24 SUMMARY: converged=False  stop_reason=newton_failure_reverted  SCIF=+273.08 mT
  step 20/24  t=  500.0 s  I= 163.33 A  dt=  25.0 s
      [debug layer 0] Jc range (this layer's cells): [1.8219e+11,4.5836e+11]  n range: [14.169,25.470]  any Jc<=0: False  any nonfinite Jc: False  any nonfinite n: False
      [debug layer 0] SNES reason=3  its=1  T finite: True
      [debug layer 1] Jc range (this layer's cells): [1.6422e+11,4.5636e+11]  n range: [13.809,25.915]  any Jc<=0: False  any nonfinite Jc: False  any nonfinite n: False
      [debug layer 1] SNES reason=3  its=1  T finite: True
      [debug layer 2] Jc range (this layer's cells): [1.0172e+11,4.3663e+11]  n range: [13.210,23.481]  any Jc<=0: False  any nonfinite Jc: False  any nonfinite n: False
      [debug layer 2] SNES reason=3  its=1  T finite: True
      [debug layer 3] Jc range (this layer's cells): [1.0645e+11,2.5117e+11]  n range: [13.212,21.542]  any Jc<=0: False  any nonfinite Jc: False  any nonfinite n: False
      [debug layer 3] SNES reason=3  its=1  T finite: True
      [debug layer 4] Jc range (this layer's cells): [1.7829e+11,2.3793e+11]  n range: [18.623,20.799]  any Jc<=0: False  any nonfinite Jc: False  any nonfinite n: False
      [debug layer 4] SNES reason=3  its=1  T finite: True
      [debug layer 5] Jc range (this layer's cells): [2.0085e+11,2.4996e+11]  n range: [19.589,21.440]  any Jc<=0: False  any nonfinite Jc: False  any nonfinite n: False
      [debug layer 5] SNES reason=3  its=1  T finite: True
    [newton k=  1] SCIF=  +642.40 mT  layer_snes_iters=[1, 1, 1, 1, 1, 1]  clip_frac_max=0.048
    [newton k=  2] SCIF=  +667.98 mT  layer_snes_iters=[10, 9, 2, 5, 1, 1]  clip_frac_max=0.063
    [newton k=  3] SCIF=  +634.58 mT  layer_snes_iters=[6, 9, 5, 7, 1, 1]  clip_frac_max=0.047
    [newton k=  4] SCIF=  +613.48 mT  layer_snes_iters=[3, 2, 5, 2, 1, 1]  clip_frac_max=0.077
    [newton k=  5] SCIF=  +570.07 mT  layer_snes_iters=[6, 13, 12, 2, 1, 1]  clip_frac_max=0.079
    [newton k=  6] SCIF=  +533.56 mT  layer_snes_iters=[4, 6, 11, 9, 1, 1]  clip_frac_max=0.080
    [newton k=  7] SCIF=  +516.92 mT  layer_snes_iters=[16, 11, 2, 11, 1, 1]  clip_frac_max=0.086
    [newton k=  8] SCIF=  +492.16 mT  layer_snes_iters=[10, 3, 6, 3, 1, 1]  clip_frac_max=0.086
    [newton k=  9] SCIF=  +460.60 mT  layer_snes_iters=[4, 7, 6, 8, 1, 1]  clip_frac_max=0.084
    [newton k= 10] SCIF=  +442.20 mT  layer_snes_iters=[12, 3, 2, 6, 1, 1]  clip_frac_max=0.095
    [newton k= 11] SCIF=  +429.42 mT  layer_snes_iters=[3, 15, 18, 4, 1, 1]  clip_frac_max=0.103
    [newton k= 12] SCIF=  +416.76 mT  layer_snes_iters=[2, 12, 2, 6, 1, 1]  clip_frac_max=0.088
    [newton k= 13] SCIF=  +382.58 mT  layer_snes_iters=[10, 13, 6, 5, 1, 1]  clip_frac_max=0.117
    [newton k= 14] SCIF=  +375.37 mT  layer_snes_iters=[15, 3, 3, 8, 1, 1]  clip_frac_max=0.099
    [newton k= 15] SCIF=  +337.87 mT  layer_snes_iters=[13, 9, 3, 11, 1, 1]  clip_frac_max=0.126
    [newton k= 16] SCIF=  +336.44 mT  layer_snes_iters=[14, 15, 9, 14, 1, 1]  clip_frac_max=0.102
    [newton k= 17] SCIF=  +317.04 mT  layer_snes_iters=[7, 15, 6, 7, 1, 1]  clip_frac_max=0.110
    [newton k= 18] SCIF=  +317.81 mT  layer_snes_iters=[3, 16, 17, 5, 1, 1]  clip_frac_max=0.094
    [newton k= 19] SCIF=  +321.57 mT  layer_snes_iters=[2, 3, 2, 4, 1, 1]  clip_frac_max=0.098
    [newton k= 20] SCIF=  +309.82 mT  layer_snes_iters=[2, 5, 15, 9, 1, 1]  clip_frac_max=0.118
    [newton k= 21] SCIF=  +311.95 mT  layer_snes_iters=[3, 3, 6, 9, 1, 1]  clip_frac_max=0.101
    [newton k= 22] SCIF=  +296.06 mT  layer_snes_iters=[12, 6, 12, 2, 1, 1]  clip_frac_max=0.108
    [newton k= 23] SCIF=  +296.38 mT  layer_snes_iters=[5, 14, 4, 11, 1, 1]  clip_frac_max=0.114
    [newton k= 24] SCIF=  +284.74 mT  layer_snes_iters=[12, 15, 16, 11, 1, 1]  clip_frac_max=0.124
    [newton k= 25] SCIF=  +286.75 mT  layer_snes_iters=[3, 12, 4, 3, 1, 1]  clip_frac_max=0.102
    [newton k= 26] SCIF=  +274.99 mT  layer_snes_iters=[2, 10, 14, 2, 1, 1]  clip_frac_max=0.109
    [newton k= 27] SCIF=  +275.69 mT  layer_snes_iters=[14, 6, 9, 4, 1, 1]  clip_frac_max=0.094
    [newton k= 28] SCIF=  +283.88 mT  layer_snes_iters=[18, 11, 4, 3, 1, 1]  clip_frac_max=0.110
    [newton k= 29] SCIF=  +278.57 mT  layer_snes_iters=[16, 3, 14, 5, 1, 1]  clip_frac_max=0.111
    [newton k= 30] SCIF=  +292.25 mT  layer_snes_iters=[13, 9, 2, 8, 1, 1]  clip_frac_max=0.117
    [newton k= 31] SCIF=  +274.70 mT  layer_snes_iters=[15, 6, 9, 13, 1, 1]  clip_frac_max=0.100
    [newton k= 32] SCIF=  +275.18 mT  layer_snes_iters=[14, 3, 7, 6, 1, 1]  clip_frac_max=0.127
    [newton k= 33] SCIF=  +268.68 mT  layer_snes_iters=[10, 14, 10, 14, 1, 1]  clip_frac_max=0.110
    [newton k= 34] SCIF=  +268.01 mT  layer_snes_iters=[17, 12, 2, 17, 1, 1]  clip_frac_max=0.106
    [newton k= 35] SCIF=  +263.93 mT  layer_snes_iters=[12, 14, 18, 7, 1, 1]  clip_frac_max=0.123
    [newton k= 36] SCIF=  +281.69 mT  layer_snes_iters=[3, 3, 2, 8, 1, 1]  clip_frac_max=0.123
    [newton k= 37] SCIF=  +269.17 mT  layer_snes_iters=[4, 13, 12, 3, 1, 1]  clip_frac_max=0.099
    [newton k= 38] SCIF=  +287.23 mT  layer_snes_iters=[3, 3, 2, 10, 1, 1]  clip_frac_max=0.112
    [newton k= 39] SCIF=  +276.39 mT  layer_snes_iters=[3, 5, 10, 4, 1, 1]  clip_frac_max=0.109
    [newton k= 40] SCIF=  +291.11 mT  layer_snes_iters=[3, 16, 3, 11, 1, 1]  clip_frac_max=0.117
    [newton k= 41] SCIF=  +280.97 mT  layer_snes_iters=[4, 3, 9, 3, 1, 1]  clip_frac_max=0.122
    [newton k= 42] SCIF=  +285.11 mT  layer_snes_iters=[15, 3, 2, 16, 1, 1]  clip_frac_max=0.107
    [newton k= 43] SCIF=  +280.09 mT  layer_snes_iters=[11, 3, 17, 9, 1, 1]  clip_frac_max=0.115
    [newton k= 44] SCIF=  +274.63 mT  layer_snes_iters=[7, 2, 11, 16, 1, 1]  clip_frac_max=0.097
    [newton k= 45] SCIF=  +274.30 mT  layer_snes_iters=[16, 7, 4, 16, 1, 1]  clip_frac_max=0.132
    [newton k= 46] SCIF=  +271.87 mT  layer_snes_iters=[9, 14, 7, 6, 1, 1]  clip_frac_max=0.120
    [newton k= 47] SCIF=  +264.32 mT  layer_snes_iters=[13, 16, 9, 15, 1, 1]  clip_frac_max=0.109
    [newton k= 48] SCIF=  +259.17 mT  layer_snes_iters=[21, 7, 9, 5, 1, 1]  clip_frac_max=0.105
    [newton k= 49] SCIF=  +252.62 mT  layer_snes_iters=[3, 15, 11, 7, 1, 1]  clip_frac_max=0.128
    [newton k= 50] SCIF=  +256.98 mT  layer_snes_iters=[18, 4, 12, 10, 1, 1]  clip_frac_max=0.111
    [newton k= 51] SCIF=  +253.19 mT  layer_snes_iters=[3, 15, 15, 12, 1, 1]  clip_frac_max=0.106
    [newton k= 52] SCIF=  +256.45 mT  layer_snes_iters=[4, 16, 10, 13, 1, 1]  clip_frac_max=0.121
    [newton k= 53] SCIF=  +248.44 mT  layer_snes_iters=[3, 6, 9, 3, 1, 1]  clip_frac_max=0.125
    [newton k= 54] SCIF=  +243.90 mT  layer_snes_iters=[3, 8, 14, 10, 1, 1]  clip_frac_max=0.102
    [newton k= 55] SCIF=  +253.88 mT  layer_snes_iters=[3, 7, 14, 10, 1, 1]  clip_frac_max=0.124
    [newton k= 56] SCIF=  +264.60 mT  layer_snes_iters=[15, 2, 8, 10, 1, 1]  clip_frac_max=0.120
    [newton k= 57] SCIF=  +262.34 mT  layer_snes_iters=[12, 2, 10, 13, 1, 1]  clip_frac_max=0.104
    [newton k= 58] SCIF=  +273.54 mT  layer_snes_iters=[8, 8, 13, 6, 1, 1]  clip_frac_max=0.112
    [newton k= 59] SCIF=  +279.74 mT  layer_snes_iters=[4, 3, 4, 11, 1, 1]  clip_frac_max=0.095
    [newton k= 60] SCIF=  +271.87 mT  layer_snes_iters=[2, 2, 6, 15, 1, 1]  clip_frac_max=0.115
    [newton k= 61] SCIF=  +275.69 mT  layer_snes_iters=[3, 2, 6, 9, 1, 1]  clip_frac_max=0.115
    [newton k= 62] SCIF=  +267.96 mT  layer_snes_iters=[2, 9, 4, 15, 1, 1]  clip_frac_max=0.106
    [newton k= 63] SCIF=  +272.20 mT  layer_snes_iters=[4, 3, 6, 6, 1, 1]  clip_frac_max=0.110
    [newton k= 64] SCIF=  +270.70 mT  layer_snes_iters=[12, 2, 16, 14, 1, 1]  clip_frac_max=0.117
    [newton k= 65] SCIF=  +262.61 mT  layer_snes_iters=[18, 2, 8, 17, 1, 1]  clip_frac_max=0.107
    [newton k= 66] SCIF=  +261.45 mT  layer_snes_iters=[7, 2, 12, 9, 1, 1]  clip_frac_max=0.127
    [newton k= 67] SCIF=  +268.88 mT  layer_snes_iters=[12, 2, 6, 3, 1, 1]  clip_frac_max=0.118
    [newton k= 68] SCIF=  +258.54 mT  layer_snes_iters=[8, 4, 8, 9, 1, 1]  clip_frac_max=0.107
    [newton k= 69] SCIF=  +260.53 mT  layer_snes_iters=[9, 2, 7, 14, 1, 1]  clip_frac_max=0.120
    [newton k= 70] SCIF=  +268.08 mT  layer_snes_iters=[7, 3, 11, 10, 1, 1]  clip_frac_max=0.105
    [newton k= 71] SCIF=  +264.54 mT  layer_snes_iters=[6, 2, 10, 13, 1, 1]  clip_frac_max=0.127
    [newton k= 72] SCIF=  +263.83 mT  layer_snes_iters=[2, 3, 5, 13, 1, 1]  clip_frac_max=0.101
    [newton k= 73] SCIF=  +267.82 mT  layer_snes_iters=[14, 2, 7, 7, 1, 1]  clip_frac_max=0.125
    [newton k= 74] SCIF=  +276.93 mT  layer_snes_iters=[12, 2, 11, 12, 1, 1]  clip_frac_max=0.100
    [newton k= 75] SCIF=  +278.53 mT  layer_snes_iters=[16, 2, 15, 12, 1, 1]  clip_frac_max=0.126
    [newton k= 76] SCIF=  +279.81 mT  layer_snes_iters=[9, 2, 7, 18, 1, 1]  clip_frac_max=0.097
    [newton k= 77] SCIF=  +286.50 mT  layer_snes_iters=[9, 2, 10, 4, 1, 1]  clip_frac_max=0.125
    [newton k= 78] SCIF=  +279.08 mT  layer_snes_iters=[12, 3, 10, 12, 1, 1]  clip_frac_max=0.109
    [newton k= 79] SCIF=  +280.97 mT  layer_snes_iters=[11, 2, 6, 14, 1, 1]  clip_frac_max=0.116
    [newton k= 80] SCIF=  +279.75 mT  layer_snes_iters=[5, 2, 14, 7, 1, 1]  clip_frac_max=0.103
    [newton k= 81] SCIF=  +278.46 mT  layer_snes_iters=[7, 2, 12, 15, 1, 1]  clip_frac_max=0.127
    [newton k= 82] SCIF=  +279.17 mT  layer_snes_iters=[2, 4, 14, 11, 1, 1]  clip_frac_max=0.106
    [newton k= 83] SCIF=  +279.99 mT  layer_snes_iters=[7, 11, 12, 4, 1, 1]  clip_frac_max=0.112
    [newton k= 84] SCIF=  +279.07 mT  layer_snes_iters=[5, 3, 5, 16, 1, 1]  clip_frac_max=0.112
    [newton k= 85] SCIF=  +280.69 mT  layer_snes_iters=[3, 13, 10, 4, 1, 1]  clip_frac_max=0.122
    [newton k= 86] SCIF=  +275.57 mT  layer_snes_iters=[3, 3, 11, 14, 1, 1]  clip_frac_max=0.108
    [newton k= 87] SCIF=  +278.62 mT  layer_snes_iters=[9, 7, 17, 3, 1, 1]  clip_frac_max=0.116
    [newton k= 88] SCIF=  +274.30 mT  layer_snes_iters=[3, 9, 6, 14, 1, 1]  clip_frac_max=0.107
    [newton k= 89] SCIF=  +277.82 mT  layer_snes_iters=[3, 9, 14, 15, 1, 1]  clip_frac_max=0.123
    [newton k= 90] SCIF=  +275.12 mT  layer_snes_iters=[5, 6, 6, 3, 1, 1]  clip_frac_max=0.108
    [newton k= 91] SCIF=  +270.64 mT  layer_snes_iters=[3, 3, 9, 16, 1, 1]  clip_frac_max=0.109
    [newton k= 92] SCIF=  +273.45 mT  layer_snes_iters=[3, 6, 18, 13, 1, 1]  clip_frac_max=0.112
    [newton k= 93] SCIF=  +272.47 mT  layer_snes_iters=[3, 4, 14, 14, 1, 1]  clip_frac_max=0.110
    [newton k= 94] SCIF=  +277.58 mT  layer_snes_iters=[7, 6, 3, 13, 1, 1]  clip_frac_max=0.105
    [newton k= 95] SCIF=  +273.03 mT  layer_snes_iters=[13, 3, 15, 10, 1, 1]  clip_frac_max=0.110
    [newton k= 96] SCIF=  +273.89 mT  layer_snes_iters=[9, 5, 14, 15, 1, 1]  clip_frac_max=0.102
    [newton k= 97] SCIF=  +278.24 mT  layer_snes_iters=[6, 3, 10, 5, 1, 1]  clip_frac_max=0.124
    [newton k= 98] SCIF=  +275.28 mT  layer_snes_iters=[7, 4, 6, 9, 1, 1]  clip_frac_max=0.104
    [newton k= 99] SCIF=  +283.90 mT  layer_snes_iters=[3, 16, 9, 11, 1, 1]  clip_frac_max=0.117
    [newton k=100] SCIF=  +280.86 mT  layer_snes_iters=[4, 6, 6, 18, 1, 1]  clip_frac_max=0.104
    [newton k=101] SCIF=  +280.49 mT  layer_snes_iters=[8, 4, 11, 3, 1, 1]  clip_frac_max=0.118
    [newton k=102] SCIF=  +279.93 mT  layer_snes_iters=[3, 4, 5, 14, 1, 1]  clip_frac_max=0.102
    [newton k=103] SCIF=  +277.88 mT  layer_snes_iters=[2, 3, 17, 15, 1, 1]  clip_frac_max=0.121
    [newton k=104] SCIF=  +277.94 mT  layer_snes_iters=[7, 7, 7, 13, 1, 1]  clip_frac_max=0.098
    [newton k=105] SCIF=  +271.62 mT  layer_snes_iters=[6, 3, 14, 7, 1, 1]  clip_frac_max=0.125
    [newton k=106] SCIF=  +276.16 mT  layer_snes_iters=[13, 8, 18, 5, 1, 1]  clip_frac_max=0.098
    [newton k=107] SCIF=  +277.44 mT  layer_snes_iters=[8, 8, 15, 3, 1, 1]  clip_frac_max=0.113
    [newton k=108] SCIF=  +275.01 mT  layer_snes_iters=[10, 8, 4, 14, 1, 1]  clip_frac_max=0.100
    [newton k=109] SCIF=  +280.37 mT  layer_snes_iters=[6, 5, 6, 4, 1, 1]  clip_frac_max=0.111
    [newton k=110] SCIF=  +270.26 mT  layer_snes_iters=[8, 10, 16, 10, 1, 1]  clip_frac_max=0.101
    [newton k=111] SCIF=  +271.73 mT  layer_snes_iters=[3, 3, 12, 5, 1, 1]  clip_frac_max=0.113
    [newton k=112] SCIF=  +275.16 mT  layer_snes_iters=[7, 11, 14, 16, 1, 1]  clip_frac_max=0.101
    [newton k=113] SCIF=  +271.56 mT  layer_snes_iters=[3, 16, 13, 6, 1, 1]  clip_frac_max=0.122
    [newton k=114] SCIF=  +272.87 mT  layer_snes_iters=[6, 13, 12, 15, 1, 1]  clip_frac_max=0.096
    [newton k=115] SCIF=  +271.77 mT  layer_snes_iters=[3, 10, 18, 3, 1, 1]  clip_frac_max=0.122
    [newton k=116] SCIF=  +269.40 mT  layer_snes_iters=[7, 11, 17, 15, 1, 1]  clip_frac_max=0.098
    [newton k=117] SCIF=  +271.59 mT  layer_snes_iters=[5, 4, 15, 4, 1, 1]  clip_frac_max=0.124
    [newton k=118] SCIF=  +269.88 mT  layer_snes_iters=[6, 14, 5, 15, 1, 1]  clip_frac_max=0.103
    [newton k=119] SCIF=  +270.49 mT  layer_snes_iters=[12, 12, 12, 7, 1, 1]  clip_frac_max=0.120
    [newton k=120] SCIF=  +273.62 mT  layer_snes_iters=[8, 13, 6, 17, 1, 1]  clip_frac_max=0.105
    [newton k=121] SCIF=  +275.94 mT  layer_snes_iters=[3, 4, 14, 11, 1, 1]  clip_frac_max=0.115
    [newton k=122] SCIF=  +273.63 mT  layer_snes_iters=[9, 4, 14, 16, 1, 1]  clip_frac_max=0.102
    [newton k=123] SCIF=  +282.53 mT  layer_snes_iters=[8, 14, 18, 12, 2, 2]  clip_frac_max=0.120
      [layer 1] Newton failed this outer iteration (reason=-9)
      reverting outer iteration 124 entirely, returning the state from iteration 123 (NOT auto-validated -- check against independent ground truth before trusting this SCIF)
    [newton] step done: stop_reason=newton_failure_reverted  n_outer=123  SCIF=+282.53 mT
  step 20/24 SUMMARY: converged=False  stop_reason=newton_failure_reverted  SCIF=+282.53 mT
  step 21/24  t=  525.0 s  I= 171.50 A  dt=  25.0 s
      [debug layer 0] Jc range (this layer's cells): [1.7797e+11,4.4423e+11]  n range: [14.038,25.287]  any Jc<=0: False  any nonfinite Jc: False  any nonfinite n: False
      [debug layer 0] SNES reason=3  its=1  T finite: True
      [debug layer 1] Jc range (this layer's cells): [1.5538e+11,4.4628e+11]  n range: [13.640,23.988]  any Jc<=0: False  any nonfinite Jc: False  any nonfinite n: False
      [debug layer 1] SNES reason=3  its=1  T finite: True
      [debug layer 2] Jc range (this layer's cells): [1.0173e+11,4.6203e+11]  n range: [13.210,24.867]  any Jc<=0: False  any nonfinite Jc: False  any nonfinite n: False
      [debug layer 2] SNES reason=3  its=1  T finite: True
      [debug layer 3] Jc range (this layer's cells): [1.0289e+11,2.4704e+11]  n range: [13.209,21.540]  any Jc<=0: False  any nonfinite Jc: False  any nonfinite n: False
      [debug layer 3] SNES reason=3  its=1  T finite: True
      [debug layer 4] Jc range (this layer's cells): [1.7414e+11,2.3134e+11]  n range: [18.555,20.791]  any Jc<=0: False  any nonfinite Jc: False  any nonfinite n: False
      [debug layer 4] SNES reason=3  its=1  T finite: True
      [debug layer 5] Jc range (this layer's cells): [1.9478e+11,2.4513e+11]  n range: [19.520,21.455]  any Jc<=0: False  any nonfinite Jc: False  any nonfinite n: False
      [debug layer 5] SNES reason=3  its=1  T finite: True
    [newton k=  1] SCIF=  +688.86 mT  layer_snes_iters=[1, 1, 1, 1, 1, 1]  clip_frac_max=0.112
    [newton k=  2] SCIF=  +708.59 mT  layer_snes_iters=[1, 1, 2, 4, 1, 1]  clip_frac_max=0.128
    [newton k=  3] SCIF=  +669.63 mT  layer_snes_iters=[2, 4, 4, 10, 1, 1]  clip_frac_max=0.106
    [newton k=  4] SCIF=  +631.81 mT  layer_snes_iters=[2, 2, 4, 24, 1, 1]  clip_frac_max=0.120
    [newton k=  5] SCIF=  +600.87 mT  layer_snes_iters=[2, 17, 13, 2, 1, 1]  clip_frac_max=0.145
    [newton k=  6] SCIF=  +592.29 mT  layer_snes_iters=[2, 5, 6, 12, 1, 1]  clip_frac_max=0.152
    [newton k=  7] SCIF=  +573.63 mT  layer_snes_iters=[2, 14, 4, 7, 1, 1]  clip_frac_max=0.147
    [newton k=  8] SCIF=  +528.54 mT  layer_snes_iters=[2, 12, 10, 3, 1, 1]  clip_frac_max=0.150
    [newton k=  9] SCIF=  +504.39 mT  layer_snes_iters=[2, 9, 16, 2, 1, 1]  clip_frac_max=0.147
    [newton k= 10] SCIF=  +490.57 mT  layer_snes_iters=[7, 3, 2, 10, 1, 1]  clip_frac_max=0.145
    [newton k= 11] SCIF=  +464.52 mT  layer_snes_iters=[4, 3, 18, 2, 1, 1]  clip_frac_max=0.151
    [newton k= 12] SCIF=  +450.86 mT  layer_snes_iters=[2, 2, 2, 12, 1, 1]  clip_frac_max=0.151
    [newton k= 13] SCIF=  +422.96 mT  layer_snes_iters=[13, 2, 17, 9, 1, 1]  clip_frac_max=0.153
    [newton k= 14] SCIF=  +423.15 mT  layer_snes_iters=[10, 2, 2, 6, 1, 1]  clip_frac_max=0.154
    [newton k= 15] SCIF=  +405.17 mT  layer_snes_iters=[4, 11, 11, 2, 1, 1]  clip_frac_max=0.151
    [newton k= 16] SCIF=  +397.44 mT  layer_snes_iters=[9, 3, 2, 12, 1, 1]  clip_frac_max=0.152
    [newton k= 17] SCIF=  +379.01 mT  layer_snes_iters=[13, 12, 13, 7, 1, 1]  clip_frac_max=0.153
    [newton k= 18] SCIF=  +382.68 mT  layer_snes_iters=[16, 3, 2, 14, 1, 1]  clip_frac_max=0.154
    [newton k= 19] SCIF=  +356.32 mT  layer_snes_iters=[16, 2, 16, 5, 1, 1]  clip_frac_max=0.150
    [newton k= 20] SCIF=  +357.58 mT  layer_snes_iters=[8, 3, 5, 8, 1, 1]  clip_frac_max=0.153
    [newton k= 21] SCIF=  +342.55 mT  layer_snes_iters=[3, 4, 3, 11, 1, 1]  clip_frac_max=0.154
    [newton k= 22] SCIF=  +335.24 mT  layer_snes_iters=[2, 3, 2, 5, 1, 1]  clip_frac_max=0.151
    [newton k= 23] SCIF=  +322.90 mT  layer_snes_iters=[3, 3, 17, 15, 1, 1]  clip_frac_max=0.150
    [newton k= 24] SCIF=  +328.10 mT  layer_snes_iters=[3, 3, 2, 15, 1, 1]  clip_frac_max=0.154
    [newton k= 25] SCIF=  +315.96 mT  layer_snes_iters=[13, 2, 13, 5, 1, 1]  clip_frac_max=0.153
    [newton k= 26] SCIF=  +315.02 mT  layer_snes_iters=[5, 4, 2, 14, 1, 1]  clip_frac_max=0.152
    [newton k= 27] SCIF=  +294.21 mT  layer_snes_iters=[5, 3, 15, 2, 1, 1]  clip_frac_max=0.151
    [newton k= 28] SCIF=  +292.96 mT  layer_snes_iters=[11, 2, 9, 7, 1, 1]  clip_frac_max=0.152
    [newton k= 29] SCIF=  +314.99 mT  layer_snes_iters=[3, 11, 2, 2, 1, 1]  clip_frac_max=0.154
    [newton k= 30] SCIF=  +322.16 mT  layer_snes_iters=[2, 17, 15, 2, 1, 1]  clip_frac_max=0.150
    [newton k= 31] SCIF=  +319.32 mT  layer_snes_iters=[16, 3, 2, 9, 1, 1]  clip_frac_max=0.153
    [newton k= 32] SCIF=  +310.30 mT  layer_snes_iters=[14, 2, 13, 2, 1, 1]  clip_frac_max=0.150
    [newton k= 33] SCIF=  +316.07 mT  layer_snes_iters=[2, 2, 3, 3, 1, 1]  clip_frac_max=0.156
    [newton k= 34] SCIF=  +307.59 mT  layer_snes_iters=[4, 2, 14, 2, 1, 1]  clip_frac_max=0.152
    [newton k= 35] SCIF=  +305.58 mT  layer_snes_iters=[4, 2, 5, 12, 1, 1]  clip_frac_max=0.156
    [newton k= 36] SCIF=  +295.83 mT  layer_snes_iters=[4, 2, 4, 6, 1, 1]  clip_frac_max=0.154
    [newton k= 37] SCIF=  +310.27 mT  layer_snes_iters=[3, 2, 2, 3, 1, 1]  clip_frac_max=0.158
    [newton] step done: stop_reason=stall  n_outer=37  SCIF=+310.27 mT
  step 21/24 SUMMARY: converged=True  stop_reason=stall  SCIF=+310.27 mT
  step 22/24  t=  550.0 s  I= 179.67 A  dt=  25.0 s
      [debug layer 0] Jc range (this layer's cells): [1.8697e+11,4.3844e+11]  n range: [13.962,25.346]  any Jc<=0: False  any nonfinite Jc: False  any nonfinite n: False
      [debug layer 0] SNES reason=3  its=1  T finite: True
      [debug layer 1] Jc range (this layer's cells): [1.5032e+11,4.3159e+11]  n range: [13.490,23.563]  any Jc<=0: False  any nonfinite Jc: False  any nonfinite n: False
      [debug layer 1] SNES reason=3  its=1  T finite: True
      [debug layer 2] Jc range (this layer's cells): [1.0166e+11,4.3139e+11]  n range: [13.208,23.592]  any Jc<=0: False  any nonfinite Jc: False  any nonfinite n: False
      [debug layer 2] SNES reason=3  its=1  T finite: True
      [debug layer 3] Jc range (this layer's cells): [1.0245e+11,2.4872e+11]  n range: [13.209,21.539]  any Jc<=0: False  any nonfinite Jc: False  any nonfinite n: False
      [debug layer 3] SNES reason=3  its=1  T finite: True
      [debug layer 4] Jc range (this layer's cells): [1.7021e+11,2.2630e+11]  n range: [18.473,20.766]  any Jc<=0: False  any nonfinite Jc: False  any nonfinite n: False
      [debug layer 4] SNES reason=3  its=1  T finite: True
      [debug layer 5] Jc range (this layer's cells): [1.8889e+11,2.3987e+11]  n range: [19.434,21.464]  any Jc<=0: False  any nonfinite Jc: False  any nonfinite n: False
      [debug layer 5] SNES reason=3  its=1  T finite: True
    [newton k=  1] SCIF=  +742.47 mT  layer_snes_iters=[1, 1, 1, 1, 1, 1]  clip_frac_max=0.148
    [newton k=  2] SCIF=  +770.60 mT  layer_snes_iters=[2, 1, 13, 2, 1, 1]  clip_frac_max=0.153
    [newton k=  3] SCIF=  +751.31 mT  layer_snes_iters=[4, 4, 19, 12, 1, 1]  clip_frac_max=0.145
    [newton k=  4] SCIF=  +712.76 mT  layer_snes_iters=[14, 5, 3, 12, 1, 1]  clip_frac_max=0.158
    [newton k=  5] SCIF=  +678.41 mT  layer_snes_iters=[17, 18, 3, 4, 1, 1]  clip_frac_max=0.161
    [newton k=  6] SCIF=  +653.73 mT  layer_snes_iters=[3, 9, 2, 14, 1, 1]  clip_frac_max=0.165
    [newton k=  7] SCIF=  +614.05 mT  layer_snes_iters=[13, 15, 11, 2, 1, 1]  clip_frac_max=0.169
    [newton k=  8] SCIF=  +580.62 mT  layer_snes_iters=[15, 10, 3, 16, 1, 1]  clip_frac_max=0.164
    [newton k=  9] SCIF=  +551.76 mT  layer_snes_iters=[14, 13, 10, 2, 1, 1]  clip_frac_max=0.170
    [newton k= 10] SCIF=  +531.67 mT  layer_snes_iters=[16, 12, 3, 13, 1, 1]  clip_frac_max=0.171
    [newton k= 11] SCIF=  +510.46 mT  layer_snes_iters=[3, 14, 5, 10, 1, 1]  clip_frac_max=0.168
    [newton k= 12] SCIF=  +496.72 mT  layer_snes_iters=[4, 13, 3, 14, 1, 1]  clip_frac_max=0.166
    [newton k= 13] SCIF=  +486.26 mT  layer_snes_iters=[2, 12, 13, 11, 1, 1]  clip_frac_max=0.168
    [newton k= 14] SCIF=  +474.22 mT  layer_snes_iters=[12, 13, 2, 13, 1, 1]  clip_frac_max=0.173
    [newton k= 15] SCIF=  +460.50 mT  layer_snes_iters=[9, 5, 3, 2, 1, 1]  clip_frac_max=0.172
    [newton k= 16] SCIF=  +453.43 mT  layer_snes_iters=[12, 13, 3, 12, 1, 1]  clip_frac_max=0.172
    [newton k= 17] SCIF=  +444.13 mT  layer_snes_iters=[5, 2, 3, 2, 1, 1]  clip_frac_max=0.174
    [newton k= 18] SCIF=  +442.89 mT  layer_snes_iters=[7, 9, 5, 9, 1, 1]  clip_frac_max=0.172
    [newton k= 19] SCIF=  +436.31 mT  layer_snes_iters=[12, 11, 3, 12, 1, 1]  clip_frac_max=0.171
    [newton k= 20] SCIF=  +425.14 mT  layer_snes_iters=[3, 6, 16, 2, 1, 1]  clip_frac_max=0.171
    [newton k= 21] SCIF=  +419.06 mT  layer_snes_iters=[2, 4, 2, 3, 1, 1]  clip_frac_max=0.171
    [newton k= 22] SCIF=  +400.80 mT  layer_snes_iters=[2, 15, 17, 4, 1, 1]  clip_frac_max=0.172
    [newton k= 23] SCIF=  +403.41 mT  layer_snes_iters=[2, 15, 2, 10, 1, 1]  clip_frac_max=0.170
    [newton k= 24] SCIF=  +397.16 mT  layer_snes_iters=[2, 16, 16, 5, 1, 1]  clip_frac_max=0.171
    [newton k= 25] SCIF=  +401.45 mT  layer_snes_iters=[2, 13, 2, 12, 1, 1]  clip_frac_max=0.172
    [newton k= 26] SCIF=  +389.81 mT  layer_snes_iters=[2, 3, 10, 4, 1, 1]  clip_frac_max=0.172
    [newton k= 27] SCIF=  +387.19 mT  layer_snes_iters=[8, 12, 2, 13, 1, 1]  clip_frac_max=0.172
    [newton k= 28] SCIF=  +367.28 mT  layer_snes_iters=[8, 12, 13, 10, 1, 1]  clip_frac_max=0.172
    [newton k= 29] SCIF=  +382.24 mT  layer_snes_iters=[2, 11, 2, 2, 1, 1]  clip_frac_max=0.173
    [newton k= 30] SCIF=  +367.61 mT  layer_snes_iters=[5, 19, 11, 5, 1, 1]  clip_frac_max=0.173
    [newton k= 31] SCIF=  +372.95 mT  layer_snes_iters=[7, 10, 2, 11, 1, 1]  clip_frac_max=0.173
    [newton k= 32] SCIF=  +363.29 mT  layer_snes_iters=[4, 4, 10, 13, 1, 1]  clip_frac_max=0.172
    [newton k= 33] SCIF=  +358.95 mT  layer_snes_iters=[2, 2, 3, 15, 1, 1]  clip_frac_max=0.173
    [newton k= 34] SCIF=  +353.02 mT  layer_snes_iters=[9, 9, 6, 2, 1, 1]  clip_frac_max=0.172
    [newton k= 35] SCIF=  +363.17 mT  layer_snes_iters=[16, 15, 5, 6, 1, 1]  clip_frac_max=0.173
    [newton k= 36] SCIF=  +359.41 mT  layer_snes_iters=[17, 3, 12, 16, 1, 1]  clip_frac_max=0.173
    [newton k= 37] SCIF=  +365.73 mT  layer_snes_iters=[2, 2, 2, 12, 1, 1]  clip_frac_max=0.175
    [newton k= 38] SCIF=  +358.91 mT  layer_snes_iters=[14, 11, 13, 2, 1, 1]  clip_frac_max=0.173
    [newton] step done: stop_reason=stall  n_outer=38  SCIF=+358.91 mT
  step 22/24 SUMMARY: converged=True  stop_reason=stall  SCIF=+358.91 mT
  step 23/24  t=  575.0 s  I= 187.83 A  dt=  25.0 s
      [debug layer 0] Jc range (this layer's cells): [1.5607e+11,4.7763e+11]  n range: [13.714,26.476]  any Jc<=0: False  any nonfinite Jc: False  any nonfinite n: False
      [debug layer 0] SNES reason=3  its=1  T finite: True
      [debug layer 1] Jc range (this layer's cells): [1.4089e+11,4.2331e+11]  n range: [13.276,23.514]  any Jc<=0: False  any nonfinite Jc: False  any nonfinite n: False
      [debug layer 1] SNES reason=3  its=1  T finite: True
      [debug layer 2] Jc range (this layer's cells): [1.0170e+11,4.5389e+11]  n range: [13.210,24.536]  any Jc<=0: False  any nonfinite Jc: False  any nonfinite n: False
      [debug layer 2] SNES reason=3  its=1  T finite: True
      [debug layer 3] Jc range (this layer's cells): [1.0243e+11,2.4786e+11]  n range: [13.210,21.591]  any Jc<=0: False  any nonfinite Jc: False  any nonfinite n: False
      [debug layer 3] SNES reason=3  its=1  T finite: True
      [debug layer 4] Jc range (this layer's cells): [1.6688e+11,2.2202e+11]  n range: [18.378,20.751]  any Jc<=0: False  any nonfinite Jc: False  any nonfinite n: False
      [debug layer 4] SNES reason=3  its=1  T finite: True
      [debug layer 5] Jc range (this layer's cells): [1.8333e+11,2.3491e+11]  n range: [19.345,21.473]  any Jc<=0: False  any nonfinite Jc: False  any nonfinite n: False
      [debug layer 5] SNES reason=3  its=1  T finite: True
    [newton k=  1] SCIF=  +714.56 mT  layer_snes_iters=[1, 1, 1, 1, 1, 1]  clip_frac_max=0.173
    [newton k=  2] SCIF=  +734.22 mT  layer_snes_iters=[1, 1, 10, 6, 1, 1]  clip_frac_max=0.175
    [newton k=  3] SCIF=  +714.95 mT  layer_snes_iters=[3, 3, 5, 16, 1, 1]  clip_frac_max=0.172
    [newton k=  4] SCIF=  +674.11 mT  layer_snes_iters=[3, 8, 3, 2, 1, 1]  clip_frac_max=0.176
    [newton k=  5] SCIF=  +635.98 mT  layer_snes_iters=[14, 3, 9, 12, 1, 1]  clip_frac_max=0.175
    [newton k=  6] SCIF=  +603.55 mT  layer_snes_iters=[11, 15, 2, 19, 1, 1]  clip_frac_max=0.181
    [newton k=  7] SCIF=  +563.07 mT  layer_snes_iters=[14, 8, 3, 2, 1, 1]  clip_frac_max=0.183
    [newton k=  8] SCIF=  +551.98 mT  layer_snes_iters=[9, 12, 2, 8, 1, 1]  clip_frac_max=0.186
    [newton k=  9] SCIF=  +532.40 mT  layer_snes_iters=[13, 12, 2, 12, 1, 1]  clip_frac_max=0.182
    [newton k= 10] SCIF=  +513.90 mT  layer_snes_iters=[11, 7, 18, 5, 1, 1]  clip_frac_max=0.192
    [newton k= 11] SCIF=  +499.40 mT  layer_snes_iters=[15, 14, 2, 13, 1, 1]  clip_frac_max=0.188
    [newton k= 12] SCIF=  +479.71 mT  layer_snes_iters=[10, 9, 3, 2, 1, 1]  clip_frac_max=0.196
    [newton k= 13] SCIF=  +467.08 mT  layer_snes_iters=[4, 16, 2, 16, 1, 1]  clip_frac_max=0.191
    [newton k= 14] SCIF=  +449.78 mT  layer_snes_iters=[2, 2, 3, 2, 1, 1]  clip_frac_max=0.194
    [newton k= 15] SCIF=  +432.60 mT  layer_snes_iters=[6, 12, 2, 16, 1, 1]  clip_frac_max=0.186
    [newton k= 16] SCIF=  +407.30 mT  layer_snes_iters=[5, 8, 9, 2, 1, 1]  clip_frac_max=0.191
    [newton k= 17] SCIF=  +395.37 mT  layer_snes_iters=[4, 12, 2, 15, 1, 1]  clip_frac_max=0.185
    [newton k= 18] SCIF=  +385.23 mT  layer_snes_iters=[10, 10, 14, 5, 1, 1]  clip_frac_max=0.188
    [newton k= 19] SCIF=  +384.35 mT  layer_snes_iters=[3, 11, 2, 3, 1, 1]  clip_frac_max=0.195
    [newton k= 20] SCIF=  +383.84 mT  layer_snes_iters=[14, 14, 11, 2, 1, 1]  clip_frac_max=0.185
    [newton k= 21] SCIF=  +377.52 mT  layer_snes_iters=[10, 16, 2, 11, 1, 1]  clip_frac_max=0.197
    [newton k= 22] SCIF=  +364.98 mT  layer_snes_iters=[12, 19, 11, 3, 1, 1]  clip_frac_max=0.191
    [newton k= 23] SCIF=  +349.80 mT  layer_snes_iters=[15, 12, 2, 13, 1, 1]  clip_frac_max=0.194
    [newton k= 24] SCIF=  +341.88 mT  layer_snes_iters=[14, 11, 15, 2, 1, 1]  clip_frac_max=0.186
    [newton k= 25] SCIF=  +341.87 mT  layer_snes_iters=[3, 4, 2, 7, 1, 1]  clip_frac_max=0.199
    [newton k= 26] SCIF=  +337.71 mT  layer_snes_iters=[5, 3, 14, 10, 1, 1]  clip_frac_max=0.189
    [newton k= 27] SCIF=  +334.59 mT  layer_snes_iters=[15, 2, 2, 9, 1, 1]  clip_frac_max=0.195
    [newton k= 28] SCIF=  +325.90 mT  layer_snes_iters=[15, 9, 18, 13, 1, 1]  clip_frac_max=0.184
    [newton k= 29] SCIF=  +335.56 mT  layer_snes_iters=[13, 13, 2, 2, 1, 1]  clip_frac_max=0.195
    [newton k= 30] SCIF=  +337.61 mT  layer_snes_iters=[10, 13, 10, 11, 1, 1]  clip_frac_max=0.187
    [newton k= 31] SCIF=  +342.16 mT  layer_snes_iters=[16, 3, 3, 8, 1, 1]  clip_frac_max=0.194
    [newton k= 32] SCIF=  +334.90 mT  layer_snes_iters=[18, 14, 11, 4, 1, 1]  clip_frac_max=0.191
    [newton k= 33] SCIF=  +333.43 mT  layer_snes_iters=[6, 10, 6, 3, 1, 1]  clip_frac_max=0.190
    [newton k= 34] SCIF=  +347.86 mT  layer_snes_iters=[3, 4, 17, 3, 1, 1]  clip_frac_max=0.188
    [newton k= 35] SCIF=  +334.85 mT  layer_snes_iters=[6, 2, 14, 3, 1, 1]  clip_frac_max=0.189
    [newton k= 36] SCIF=  +340.90 mT  layer_snes_iters=[15, 6, 2, 2, 1, 1]  clip_frac_max=0.190
    [newton k= 37] SCIF=  +326.99 mT  layer_snes_iters=[5, 9, 8, 16, 1, 1]  clip_frac_max=0.189
    [newton k= 38] SCIF=  +329.78 mT  layer_snes_iters=[9, 11, 12, 2, 1, 1]  clip_frac_max=0.191
    [newton k= 39] SCIF=  +340.29 mT  layer_snes_iters=[3, 9, 2, 12, 1, 1]  clip_frac_max=0.192
    [newton k= 40] SCIF=  +333.52 mT  layer_snes_iters=[15, 4, 3, 7, 1, 1]  clip_frac_max=0.185
    [newton k= 41] SCIF=  +341.45 mT  layer_snes_iters=[3, 2, 3, 2, 1, 1]  clip_frac_max=0.193
    [newton k= 42] SCIF=  +334.08 mT  layer_snes_iters=[7, 3, 16, 12, 1, 1]  clip_frac_max=0.184
    [newton k= 43] SCIF=  +334.81 mT  layer_snes_iters=[16, 3, 8, 2, 1, 1]  clip_frac_max=0.200
    [newton k= 44] SCIF=  +337.43 mT  layer_snes_iters=[7, 3, 4, 14, 1, 1]  clip_frac_max=0.187
    [newton k= 45] SCIF=  +324.53 mT  layer_snes_iters=[19, 5, 15, 13, 1, 1]  clip_frac_max=0.192
    [newton k= 46] SCIF=  +329.07 mT  layer_snes_iters=[7, 3, 3, 10, 1, 1]  clip_frac_max=0.191
    [newton k= 47] SCIF=  +317.29 mT  layer_snes_iters=[13, 2, 20, 2, 1, 1]  clip_frac_max=0.196
    [newton k= 48] SCIF=  +322.32 mT  layer_snes_iters=[6, 3, 8, 5, 1, 1]  clip_frac_max=0.190
    [newton k= 49] SCIF=  +314.68 mT  layer_snes_iters=[15, 12, 14, 11, 1, 1]  clip_frac_max=0.192
    [newton k= 50] SCIF=  +319.18 mT  layer_snes_iters=[8, 5, 3, 10, 1, 1]  clip_frac_max=0.193
    [newton k= 51] SCIF=  +310.42 mT  layer_snes_iters=[13, 10, 16, 16, 1, 1]  clip_frac_max=0.193
    [newton k= 52] SCIF=  +317.89 mT  layer_snes_iters=[3, 3, 9, 10, 1, 1]  clip_frac_max=0.192
    [newton k= 53] SCIF=  +322.76 mT  layer_snes_iters=[5, 2, 11, 4, 1, 1]  clip_frac_max=0.196
    [newton k= 54] SCIF=  +324.89 mT  layer_snes_iters=[13, 12, 2, 2, 1, 1]  clip_frac_max=0.189
    [newton k= 55] SCIF=  +323.96 mT  layer_snes_iters=[7, 3, 3, 11, 1, 1]  clip_frac_max=0.190
    [newton k= 56] SCIF=  +323.54 mT  layer_snes_iters=[10, 9, 11, 15, 1, 1]  clip_frac_max=0.189
    [newton k= 57] SCIF=  +319.76 mT  layer_snes_iters=[3, 13, 7, 2, 1, 1]  clip_frac_max=0.197
    [newton k= 58] SCIF=  +325.82 mT  layer_snes_iters=[3, 6, 2, 2, 1, 1]  clip_frac_max=0.192
    [newton k= 59] SCIF=  +321.62 mT  layer_snes_iters=[3, 3, 13, 12, 1, 1]  clip_frac_max=0.188
    [newton k= 60] SCIF=  +327.35 mT  layer_snes_iters=[3, 3, 8, 2, 1, 1]  clip_frac_max=0.193
    [newton k= 61] SCIF=  +335.72 mT  layer_snes_iters=[16, 5, 8, 3, 1, 1]  clip_frac_max=0.194
    [newton k= 62] SCIF=  +329.78 mT  layer_snes_iters=[3, 8, 10, 13, 1, 1]  clip_frac_max=0.189
    [newton k= 63] SCIF=  +335.01 mT  layer_snes_iters=[2, 2, 2, 6, 1, 1]  clip_frac_max=0.196
    [newton k= 64] SCIF=  +328.59 mT  layer_snes_iters=[7, 3, 8, 9, 1, 1]  clip_frac_max=0.191
    [newton k= 65] SCIF=  +337.10 mT  layer_snes_iters=[12, 6, 7, 2, 1, 1]  clip_frac_max=0.197
    [newton k= 66] SCIF=  +335.49 mT  layer_snes_iters=[8, 13, 10, 13, 1, 1]  clip_frac_max=0.187
    [newton k= 67] SCIF=  +336.93 mT  layer_snes_iters=[8, 12, 12, 5, 1, 1]  clip_frac_max=0.195
    [newton k= 68] SCIF=  +333.81 mT  layer_snes_iters=[3, 10, 13, 11, 1, 1]  clip_frac_max=0.184
    [newton k= 69] SCIF=  +337.62 mT  layer_snes_iters=[3, 14, 3, 9, 1, 1]  clip_frac_max=0.195
    [newton k= 70] SCIF=  +332.35 mT  layer_snes_iters=[3, 3, 13, 13, 1, 1]  clip_frac_max=0.186
    [newton k= 71] SCIF=  +337.69 mT  layer_snes_iters=[7, 2, 6, 3, 1, 1]  clip_frac_max=0.192
    [newton k= 72] SCIF=  +332.39 mT  layer_snes_iters=[3, 3, 8, 14, 1, 1]  clip_frac_max=0.189
    [newton k= 73] SCIF=  +331.77 mT  layer_snes_iters=[2, 2, 15, 10, 1, 1]  clip_frac_max=0.196
    [newton k= 74] SCIF=  +334.57 mT  layer_snes_iters=[7, 7, 12, 8, 1, 1]  clip_frac_max=0.192
    [newton k= 75] SCIF=  +337.24 mT  layer_snes_iters=[14, 9, 2, 13, 1, 1]  clip_frac_max=0.195
    [newton k= 76] SCIF=  +338.55 mT  layer_snes_iters=[4, 6, 11, 8, 1, 1]  clip_frac_max=0.188
    [newton k= 77] SCIF=  +333.35 mT  layer_snes_iters=[3, 4, 5, 12, 1, 1]  clip_frac_max=0.196
    [newton k= 78] SCIF=  +334.06 mT  layer_snes_iters=[13, 4, 14, 8, 1, 1]  clip_frac_max=0.189
    [newton k= 79] SCIF=  +333.85 mT  layer_snes_iters=[4, 4, 5, 3, 1, 1]  clip_frac_max=0.192
    [newton k= 80] SCIF=  +332.54 mT  layer_snes_iters=[12, 16, 7, 14, 1, 1]  clip_frac_max=0.188
    [newton k= 81] SCIF=  +334.66 mT  layer_snes_iters=[17, 14, 8, 13, 1, 1]  clip_frac_max=0.190
    [newton k= 82] SCIF=  +340.61 mT  layer_snes_iters=[6, 11, 5, 12, 1, 1]  clip_frac_max=0.191
    [newton k= 83] SCIF=  +334.79 mT  layer_snes_iters=[7, 8, 15, 15, 1, 1]  clip_frac_max=0.192
    [newton k= 84] SCIF=  +338.55 mT  layer_snes_iters=[6, 11, 10, 14, 1, 1]  clip_frac_max=0.189
    [newton k= 85] SCIF=  +338.31 mT  layer_snes_iters=[12, 10, 12, 9, 1, 1]  clip_frac_max=0.193
    [newton k= 86] SCIF=  +339.96 mT  layer_snes_iters=[10, 12, 3, 16, 1, 1]  clip_frac_max=0.189
    [newton k= 87] SCIF=  +340.76 mT  layer_snes_iters=[3, 17, 10, 12, 1, 1]  clip_frac_max=0.192
    [newton k= 88] SCIF=  +342.71 mT  layer_snes_iters=[14, 10, 12, 4, 1, 1]  clip_frac_max=0.192
    [newton k= 89] SCIF=  +340.47 mT  layer_snes_iters=[10, 3, 9, 14, 1, 1]  clip_frac_max=0.193
    [newton k= 90] SCIF=  +336.28 mT  layer_snes_iters=[5, 11, 9, 5, 1, 1]  clip_frac_max=0.188
    [newton k= 91] SCIF=  +332.81 mT  layer_snes_iters=[18, 7, 7, 6, 1, 1]  clip_frac_max=0.192
    [newton k= 92] SCIF=  +337.73 mT  layer_snes_iters=[9, 9, 9, 2, 1, 1]  clip_frac_max=0.186
    [newton k= 93] SCIF=  +334.72 mT  layer_snes_iters=[11, 9, 9, 10, 1, 1]  clip_frac_max=0.198
    [newton k= 94] SCIF=  +338.32 mT  layer_snes_iters=[15, 12, 10, 15, 1, 1]  clip_frac_max=0.185
    [newton k= 95] SCIF=  +338.74 mT  layer_snes_iters=[12, 7, 5, 4, 1, 1]  clip_frac_max=0.197
    [newton k= 96] SCIF=  +328.37 mT  layer_snes_iters=[12, 14, 14, 12, 1, 1]  clip_frac_max=0.187
    [newton k= 97] SCIF=  +326.99 mT  layer_snes_iters=[8, 3, 11, 7, 1, 1]  clip_frac_max=0.195
    [newton k= 98] SCIF=  +333.99 mT  layer_snes_iters=[8, 9, 16, 15, 1, 1]  clip_frac_max=0.188
    [newton k= 99] SCIF=  +333.00 mT  layer_snes_iters=[7, 3, 9, 10, 1, 1]  clip_frac_max=0.193
    [newton k=100] SCIF=  +334.50 mT  layer_snes_iters=[6, 7, 15, 14, 1, 1]  clip_frac_max=0.183
    [newton k=101] SCIF=  +335.75 mT  layer_snes_iters=[9, 3, 6, 3, 1, 1]  clip_frac_max=0.197
    [newton k=102] SCIF=  +331.53 mT  layer_snes_iters=[16, 11, 3, 7, 1, 1]  clip_frac_max=0.185
    [newton k=103] SCIF=  +328.52 mT  layer_snes_iters=[14, 5, 11, 13, 1, 1]  clip_frac_max=0.195
    [newton k=104] SCIF=  +336.52 mT  layer_snes_iters=[13, 13, 5, 14, 1, 1]  clip_frac_max=0.187
    [newton k=105] SCIF=  +332.31 mT  layer_snes_iters=[11, 15, 11, 14, 1, 1]  clip_frac_max=0.195
    [newton k=106] SCIF=  +332.69 mT  layer_snes_iters=[16, 4, 13, 16, 1, 1]  clip_frac_max=0.187
    [newton k=107] SCIF=  +336.88 mT  layer_snes_iters=[16, 7, 12, 15, 1, 1]  clip_frac_max=0.192
    [newton k=108] SCIF=  +335.68 mT  layer_snes_iters=[15, 8, 16, 9, 1, 1]  clip_frac_max=0.189
    [newton k=109] SCIF=  +336.56 mT  layer_snes_iters=[5, 4, 13, 3, 1, 1]  clip_frac_max=0.196
    [newton] step done: stop_reason=stall  n_outer=109  SCIF=+336.56 mT
  step 23/24 SUMMARY: converged=True  stop_reason=stall  SCIF=+336.56 mT
  step 24/24  t=  600.0 s  I= 196.00 A  dt=  25.0 s
      [debug layer 0] Jc range (this layer's cells): [1.5847e+11,4.6048e+11]  n range: [13.694,24.707]  any Jc<=0: False  any nonfinite Jc: False  any nonfinite n: False
      [debug layer 0] SNES reason=3  its=1  T finite: True
      [debug layer 1] Jc range (this layer's cells): [1.3911e+11,4.2136e+11]  n range: [13.211,22.469]  any Jc<=0: False  any nonfinite Jc: False  any nonfinite n: False
      [debug layer 1] SNES reason=3  its=1  T finite: True
      [debug layer 2] Jc range (this layer's cells): [1.0177e+11,4.6216e+11]  n range: [13.209,24.413]  any Jc<=0: False  any nonfinite Jc: False  any nonfinite n: False
      [debug layer 2] SNES reason=3  its=1  T finite: True
      [debug layer 3] Jc range (this layer's cells): [1.0166e+11,2.3749e+11]  n range: [13.207,21.623]  any Jc<=0: False  any nonfinite Jc: False  any nonfinite n: False
      [debug layer 3] SNES reason=3  its=1  T finite: True
      [debug layer 4] Jc range (this layer's cells): [1.6286e+11,2.1743e+11]  n range: [18.309,20.718]  any Jc<=0: False  any nonfinite Jc: False  any nonfinite n: False
      [debug layer 4] SNES reason=3  its=1  T finite: True
      [debug layer 5] Jc range (this layer's cells): [1.8014e+11,2.2971e+11]  n range: [19.286,21.480]  any Jc<=0: False  any nonfinite Jc: False  any nonfinite n: False
      [debug layer 5] SNES reason=3  its=1  T finite: True
    [newton k=  1] SCIF=  +719.36 mT  layer_snes_iters=[1, 1, 1, 1, 1, 1]  clip_frac_max=0.189
    [newton k=  2] SCIF=  +722.80 mT  layer_snes_iters=[1, 1, 2, 6, 1, 1]  clip_frac_max=0.197
    [newton k=  3] SCIF=  +689.92 mT  layer_snes_iters=[2, 3, 15, 12, 1, 1]  clip_frac_max=0.189
    [newton k=  4] SCIF=  +676.68 mT  layer_snes_iters=[3, 14, 2, 2, 1, 1]  clip_frac_max=0.206
    [newton k=  5] SCIF=  +639.59 mT  layer_snes_iters=[15, 7, 16, 2, 1, 1]  clip_frac_max=0.197
    [newton k=  6] SCIF=  +609.43 mT  layer_snes_iters=[14, 7, 2, 2, 1, 1]  clip_frac_max=0.208
    [newton k=  7] SCIF=  +589.39 mT  layer_snes_iters=[3, 3, 3, 13, 1, 1]  clip_frac_max=0.199
    [newton k=  8] SCIF=  +560.63 mT  layer_snes_iters=[3, 2, 2, 10, 1, 1]  clip_frac_max=0.209
    [newton k=  9] SCIF=  +525.02 mT  layer_snes_iters=[8, 14, 11, 2, 1, 1]  clip_frac_max=0.203
    [newton k= 10] SCIF=  +505.71 mT  layer_snes_iters=[6, 8, 2, 15, 1, 1]  clip_frac_max=0.220
    [newton k= 11] SCIF=  +477.47 mT  layer_snes_iters=[3, 3, 9, 10, 1, 1]  clip_frac_max=0.213
    [newton k= 12] SCIF=  +465.27 mT  layer_snes_iters=[13, 15, 5, 2, 1, 1]  clip_frac_max=0.219
    [newton k= 13] SCIF=  +461.96 mT  layer_snes_iters=[10, 3, 4, 11, 1, 1]  clip_frac_max=0.223
    [newton k= 14] SCIF=  +447.84 mT  layer_snes_iters=[15, 3, 13, 2, 1, 1]  clip_frac_max=0.215
    [newton k= 15] SCIF=  +437.92 mT  layer_snes_iters=[12, 14, 2, 5, 1, 1]  clip_frac_max=0.223
    [newton k= 16] SCIF=  +415.56 mT  layer_snes_iters=[3, 11, 7, 2, 1, 1]  clip_frac_max=0.220
    [newton k= 17] SCIF=  +412.62 mT  layer_snes_iters=[2, 11, 2, 2, 1, 1]  clip_frac_max=0.218
    [newton k= 18] SCIF=  +403.45 mT  layer_snes_iters=[6, 20, 10, 17, 1, 1]  clip_frac_max=0.220
    [newton k= 19] SCIF=  +392.39 mT  layer_snes_iters=[16, 13, 2, 17, 1, 1]  clip_frac_max=0.217
    [newton k= 20] SCIF=  +383.49 mT  layer_snes_iters=[6, 12, 14, 2, 1, 1]  clip_frac_max=0.209
    [newton k= 21] SCIF=  +367.55 mT  layer_snes_iters=[9, 14, 11, 13, 1, 1]  clip_frac_max=0.224
    [newton k= 22] SCIF=  +369.00 mT  layer_snes_iters=[15, 5, 5, 2, 1, 1]  clip_frac_max=0.220
    [newton k= 23] SCIF=  +354.46 mT  layer_snes_iters=[13, 4, 9, 2, 1, 1]  clip_frac_max=0.223
    [newton k= 24] SCIF=  +359.55 mT  layer_snes_iters=[13, 14, 3, 7, 1, 1]  clip_frac_max=0.212
    [newton k= 25] SCIF=  +355.60 mT  layer_snes_iters=[3, 2, 7, 2, 1, 1]  clip_frac_max=0.222
    [newton k= 26] SCIF=  +362.46 mT  layer_snes_iters=[8, 13, 11, 12, 1, 1]  clip_frac_max=0.219
    [newton k= 27] SCIF=  +348.30 mT  layer_snes_iters=[3, 13, 3, 2, 1, 1]  clip_frac_max=0.229
    [newton k= 28] SCIF=  +339.37 mT  layer_snes_iters=[9, 6, 12, 14, 1, 1]  clip_frac_max=0.220
    [newton k= 29] SCIF=  +345.46 mT  layer_snes_iters=[3, 9, 4, 2, 1, 1]  clip_frac_max=0.227
    [newton k= 30] SCIF=  +353.46 mT  layer_snes_iters=[20, 15, 15, 11, 1, 1]  clip_frac_max=0.222
    [newton k= 31] SCIF=  +342.12 mT  layer_snes_iters=[14, 3, 2, 18, 1, 1]  clip_frac_max=0.220
    [newton k= 32] SCIF=  +342.01 mT  layer_snes_iters=[13, 15, 12, 2, 1, 1]  clip_frac_max=0.223
    [newton k= 33] SCIF=  +351.37 mT  layer_snes_iters=[9, 3, 2, 3, 1, 1]  clip_frac_max=0.222
    [newton k= 34] SCIF=  +347.75 mT  layer_snes_iters=[3, 3, 9, 5, 1, 1]  clip_frac_max=0.216
    [newton k= 35] SCIF=  +348.18 mT  layer_snes_iters=[6, 4, 13, 2, 1, 1]  clip_frac_max=0.224
    [newton k= 36] SCIF=  +352.14 mT  layer_snes_iters=[12, 3, 12, 13, 1, 1]  clip_frac_max=0.220
    [newton k= 37] SCIF=  +350.13 mT  layer_snes_iters=[4, 14, 12, 2, 1, 1]  clip_frac_max=0.222
    [newton k= 38] SCIF=  +349.72 mT  layer_snes_iters=[13, 16, 2, 18, 1, 1]  clip_frac_max=0.223
    [newton k= 39] SCIF=  +344.07 mT  layer_snes_iters=[4, 11, 14, 2, 1, 1]  clip_frac_max=0.226
    [newton k= 40] SCIF=  +357.33 mT  layer_snes_iters=[6, 5, 2, 5, 1, 1]  clip_frac_max=0.216
    [newton k= 41] SCIF=  +345.70 mT  layer_snes_iters=[3, 3, 10, 12, 1, 1]  clip_frac_max=0.229
    [newton k= 42] SCIF=  +342.84 mT  layer_snes_iters=[2, 3, 17, 7, 1, 1]  clip_frac_max=0.223
    [newton k= 43] SCIF=  +348.90 mT  layer_snes_iters=[6, 13, 10, 4, 1, 1]  clip_frac_max=0.229
    [newton k= 44] SCIF=  +347.82 mT  layer_snes_iters=[5, 16, 6, 7, 1, 1]  clip_frac_max=0.219
    [newton k= 45] SCIF=  +344.24 mT  layer_snes_iters=[3, 14, 5, 2, 1, 1]  clip_frac_max=0.223
    [newton k= 46] SCIF=  +352.53 mT  layer_snes_iters=[5, 7, 6, 11, 1, 1]  clip_frac_max=0.223
    [newton k= 47] SCIF=  +349.64 mT  layer_snes_iters=[5, 16, 13, 2, 1, 1]  clip_frac_max=0.219
    [newton k= 48] SCIF=  +350.71 mT  layer_snes_iters=[13, 4, 2, 12, 1, 1]  clip_frac_max=0.228
    [newton k= 49] SCIF=  +351.37 mT  layer_snes_iters=[3, 14, 9, 4, 1, 1]  clip_frac_max=0.217
    [newton k= 50] SCIF=  +348.17 mT  layer_snes_iters=[13, 11, 2, 9, 1, 1]  clip_frac_max=0.217
    [newton k= 51] SCIF=  +342.86 mT  layer_snes_iters=[15, 15, 4, 2, 1, 1]  clip_frac_max=0.220
    [newton k= 52] SCIF=  +348.73 mT  layer_snes_iters=[9, 11, 2, 6, 1, 1]  clip_frac_max=0.221
    [newton k= 53] SCIF=  +348.87 mT  layer_snes_iters=[12, 10, 2, 2, 1, 1]  clip_frac_max=0.219
    [newton k= 54] SCIF=  +347.20 mT  layer_snes_iters=[12, 9, 11, 8, 1, 1]  clip_frac_max=0.219
    [newton k= 55] SCIF=  +349.09 mT  layer_snes_iters=[13, 7, 12, 3, 1, 1]  clip_frac_max=0.221
    [newton k= 56] SCIF=  +351.69 mT  layer_snes_iters=[3, 3, 14, 2, 1, 1]  clip_frac_max=0.221
    [newton k= 57] SCIF=  +358.60 mT  layer_snes_iters=[4, 3, 2, 2, 1, 1]  clip_frac_max=0.226
    [newton k= 58] SCIF=  +346.63 mT  layer_snes_iters=[13, 3, 4, 9, 1, 1]  clip_frac_max=0.217
    [newton k= 59] SCIF=  +352.15 mT  layer_snes_iters=[16, 5, 2, 6, 1, 1]  clip_frac_max=0.220
    [newton k= 60] SCIF=  +348.59 mT  layer_snes_iters=[4, 3, 14, 14, 1, 1]  clip_frac_max=0.218
    [newton k= 61] SCIF=  +347.68 mT  layer_snes_iters=[12, 5, 2, 13, 1, 1]  clip_frac_max=0.228
    [newton k= 62] SCIF=  +352.88 mT  layer_snes_iters=[7, 5, 16, 5, 1, 1]  clip_frac_max=0.219
    [newton k= 63] SCIF=  +345.15 mT  layer_snes_iters=[3, 8, 14, 14, 1, 1]  clip_frac_max=0.219
    [newton k= 64] SCIF=  +353.68 mT  layer_snes_iters=[3, 3, 7, 2, 1, 1]  clip_frac_max=0.224
    [newton k= 65] SCIF=  +350.66 mT  layer_snes_iters=[15, 6, 8, 4, 1, 1]  clip_frac_max=0.224
    [newton k= 66] SCIF=  +349.75 mT  layer_snes_iters=[7, 3, 8, 9, 1, 1]  clip_frac_max=0.226
    [newton k= 67] SCIF=  +349.60 mT  layer_snes_iters=[15, 8, 14, 18, 1, 1]  clip_frac_max=0.220
    [newton k= 68] SCIF=  +348.65 mT  layer_snes_iters=[10, 3, 9, 2, 1, 1]  clip_frac_max=0.226
    [newton k= 69] SCIF=  +348.46 mT  layer_snes_iters=[10, 9, 13, 5, 1, 1]  clip_frac_max=0.219
    [newton k= 70] SCIF=  +355.19 mT  layer_snes_iters=[13, 14, 2, 2, 1, 1]  clip_frac_max=0.223
    [newton k= 71] SCIF=  +345.11 mT  layer_snes_iters=[3, 11, 6, 15, 1, 1]  clip_frac_max=0.221
    [newton k= 72] SCIF=  +347.46 mT  layer_snes_iters=[5, 15, 3, 4, 1, 1]  clip_frac_max=0.226
    [newton k= 73] SCIF=  +351.33 mT  layer_snes_iters=[3, 11, 15, 8, 1, 1]  clip_frac_max=0.222
    [newton k= 74] SCIF=  +347.02 mT  layer_snes_iters=[3, 6, 5, 14, 1, 1]  clip_frac_max=0.223
    [newton k= 75] SCIF=  +351.96 mT  layer_snes_iters=[3, 11, 4, 9, 1, 1]  clip_frac_max=0.218
    [newton k= 76] SCIF=  +351.56 mT  layer_snes_iters=[3, 10, 7, 15, 1, 1]  clip_frac_max=0.222
    [newton k= 77] SCIF=  +348.83 mT  layer_snes_iters=[8, 10, 4, 5, 1, 1]  clip_frac_max=0.225
    [newton k= 78] SCIF=  +350.47 mT  layer_snes_iters=[7, 13, 10, 6, 1, 1]  clip_frac_max=0.223
    [newton k= 79] SCIF=  +348.34 mT  layer_snes_iters=[9, 9, 14, 11, 1, 1]  clip_frac_max=0.216
    [newton k= 80] SCIF=  +345.48 mT  layer_snes_iters=[8, 11, 5, 13, 1, 1]  clip_frac_max=0.222
    [newton k= 81] SCIF=  +349.45 mT  layer_snes_iters=[5, 3, 12, 9, 1, 1]  clip_frac_max=0.218
    [newton k= 82] SCIF=  +354.04 mT  layer_snes_iters=[13, 7, 3, 2, 1, 1]  clip_frac_max=0.222
    [newton k= 83] SCIF=  +345.57 mT  layer_snes_iters=[7, 3, 17, 10, 1, 1]  clip_frac_max=0.217
    [newton k= 84] SCIF=  +343.04 mT  layer_snes_iters=[3, 13, 9, 12, 1, 1]  clip_frac_max=0.220
    [newton k= 85] SCIF=  +348.73 mT  layer_snes_iters=[9, 3, 14, 6, 1, 1]  clip_frac_max=0.221
    [newton k= 86] SCIF=  +343.12 mT  layer_snes_iters=[7, 11, 11, 11, 1, 1]  clip_frac_max=0.224
    [newton k= 87] SCIF=  +343.10 mT  layer_snes_iters=[4, 3, 15, 6, 1, 1]  clip_frac_max=0.222
    [newton k= 88] SCIF=  +345.56 mT  layer_snes_iters=[3, 16, 13, 6, 1, 1]  clip_frac_max=0.223
    [newton] step done: stop_reason=stall  n_outer=88  SCIF=+345.56 mT
  step 24/24 SUMMARY: converged=True  stop_reason=stall  SCIF=+345.56 mT

=== dt025_tr015 DONE: 7/24 steps genuinely converged (stall) ===
wall time: 5035.7s
