Starting CMA-ES: 5 variables, budget 2500 evaluations, target B >= 10.0 T, uniformity <= 0.8%, hoop <= 400 MPa, coil-coil face gap >= 3 mm

Parallel mode: 6 worker processes per generation.
  [a=23 b=32 nt=1290] KSP converged reason: 4, iterations: 1
  [a=22 b=31 nt=1134] KSP converged reason: 4, iterations: 1
  [   1] INFEAS f=2320.585  a=23.7 b=22.9 gap=9.5 (face=3.0mm) n=[332, 332, 17, 17]  no evaluation (geometry pre-check)
  [   2] INFEAS f=1452.314  a=18.5 b=25.4 gap=9.5 (face=3.0mm) n=[427, 427, 383, 383]  no evaluation (geometry pre-check)
  [   3] viol   f= 438.352  a=23.4 b=32.1 gap=9.5 (face=3.1mm) n=[291, 291, 354, 354]  tape=0.243km B=9.57T unif=1.984% hoop=117MPa
  [   4] viol   f=1067.714  a=21.9 b=31.3 gap=9.6 (face=3.2mm) n=[260, 260, 307, 307]  tape=0.204km B=8.71T unif=2.645% hoop=102MPa
  [   5] INFEAS f=1191.779  a=23.0 b=29.8 gap=9.5 (face=3.1mm) n=[475, 475, 500, 500]  no evaluation (geometry pre-check)
  [   6] INFEAS f=1336.157  a=20.7 b=27.0 gap=9.5 (face=3.0mm) n=[468, 468, 320, 320]  no evaluation (geometry pre-check)
  [   7] INFEAS f=1323.989  a=19.1 b=24.8 gap=9.5 (face=3.0mm) n=[423, 423, 388, 388]  no evaluation (geometry pre-check)
  [   8] INFEAS f=1442.677  a=25.2 b=26.9 gap=9.5 (face=3.0mm) n=[51, 51, 489, 489]  no evaluation (geometry pre-check)
  [a=24 b=30 nt=1164] KSP converged reason: 4, iterations: 1
  [a=25 b=33 nt=1326] KSP converged reason: 4, iterations: 1
  [a=23 b=28 nt=1106] KSP converged reason: 4, iterations: 1
  [a=23 b=29 nt=552] KSP converged reason: 4, iterations: 1
  [   9] viol   f=4719.764  a=22.8 b=28.4 gap=9.5 (face=3.1mm) n=[266, 266, 287, 287]  tape=0.186km B=8.97T unif=4.685% hoop=102MPa
  [  10] INFEAS f=1001.825  a=21.6 b=31.5 gap=9.5 (face=3.1mm) n=[384, 384, 217, 217]  no evaluation (geometry pre-check)
  [  11] viol   f= 518.363  a=24.0 b=29.5 gap=9.6 (face=3.2mm) n=[352, 352, 230, 230]  tape=0.215km B=9.63T unif=2.087% hoop=105MPa
  [  12] INFEAS f=1447.198  a=21.2 b=28.8 gap=9.5 (face=3.0mm) n=[142, 142, 500, 500]  no evaluation (geometry pre-check)
  [  13] viol   f=2758.880  a=25.4 b=32.6 gap=9.6 (face=3.1mm) n=[336, 336, 327, 327]  tape=0.251km B=10.36T unif=3.771% hoop=119MPa
  [  14] INFEAS f=1343.138  a=21.9 b=32.1 gap=9.5 (face=3.0mm) n=[500, 500, 250, 250]  no evaluation (geometry pre-check)
  [  15] INFEAS f=1246.300  a=23.9 b=26.4 gap=9.6 (face=3.1mm) n=[343, 343, 425, 425]  no evaluation (geometry pre-check)
  [  16] viol   f= 512.261  a=22.7 b=29.0 gap=9.6 (face=3.1mm) n=[35, 35, 241, 241]  tape=0.096km B=4.56T unif=2.004% hoop=67MPa
  [a=23 b=31 nt=984] KSP converged reason: 4, iterations: 1
  [  17] INFEAS f=2892.426  a=27.1 b=25.2 gap=9.6 (face=3.3mm) n=[36, 36, 250, 250]  no evaluation (geometry pre-check)
  [  18] viol   f=5738.909  a=22.6 b=30.6 gap=9.6 (face=3.2mm) n=[243, 243, 249, 249]  tape=0.172km B=7.94T unif=5.082% hoop=95MPa
  [  19] INFEAS f=1094.351  a=21.6 b=30.1 gap=9.5 (face=3.0mm) n=[437, 437, 308, 308]  no evaluation (geometry pre-check)
  [  20] INFEAS f=1004.586  a=24.1 b=28.7 gap=9.7 (face=3.3mm) n=[206, 206, 98, 98]  no evaluation (geometry pre-check)
  [  21] INFEAS f=1106.563  a=22.6 b=26.0 gap=9.7 (face=3.3mm) n=[220, 220, 156, 156]  no evaluation (geometry pre-check)
  [  22] INFEAS f=1743.128  a=22.9 b=23.8 gap=9.5 (face=3.0mm) n=[183, 183, 461, 461]  no evaluation (geometry pre-check)
  [  23] INFEAS f=1457.285  a=28.7 b=30.4 gap=9.7 (face=3.4mm) n=[140, 140, 116, 116]  no evaluation (geometry pre-check)
  [  24] INFEAS f=1839.283  a=26.4 b=26.8 gap=9.5 (face=3.0mm) n=[23, 23, 275, 275]  no evaluation (geometry pre-check)
  [a=22 b=29 nt=716] KSP converged reason: 4, iterations: 1
  [a=20 b=31 nt=764] KSP converged reason: 4, iterations: 1
  [a=25 b=32 nt=578] KSP converged reason: 4, iterations: 1
  [  25] INFEAS f=1800.233  a=24.3 b=24.8 gap=9.8 (face=3.5mm) n=[156, 156, 218, 218]  no evaluation (geometry pre-check)
  [  26] INFEAS f=1070.981  a=25.9 b=29.6 gap=9.5 (face=3.0mm) n=[382, 382, 174, 174]  no evaluation (geometry pre-check)
  [  27] viol   f=12199.947  a=25.4 b=31.9 gap=9.6 (face=3.2mm) n=[170, 170, 119, 119]  tape=0.110km B=4.65T unif=7.033% hoop=88MPa
  [  28] viol   f=3102.948  a=22.4 b=28.8 gap=9.5 (face=3.0mm) n=[288, 288, 70, 70]  tape=0.126km B=6.82T unif=3.941% hoop=80MPa
  [  29] viol   f=4185.201  a=20.4 b=30.6 gap=9.6 (face=3.1mm) n=[283, 283, 99, 99]  tape=0.138km B=6.97T unif=4.451% hoop=72MPa
  [  30] INFEAS f=1210.820  a=26.1 b=28.8 gap=9.7 (face=3.4mm) n=[47, 47, 7, 7]  no evaluation (geometry pre-check)
  [  31] INFEAS f=1042.600  a=26.2 b=30.2 gap=9.8 (face=3.6mm) n=[142, 142, 169, 169]  no evaluation (geometry pre-check)
  [  32] INFEAS f=1255.807  a=22.5 b=24.9 gap=9.7 (face=3.3mm) n=[63, 63, 183, 183]  no evaluation (geometry pre-check)
  [a=24 b=30 nt=1070] KSP converged reason: 4, iterations: 1
  [a=24 b=31 nt=326] KSP converged reason: 4, iterations: 1
  [  33] viol   f=9095.404  a=24.5 b=30.2 gap=9.8 (face=3.7mm) n=[313, 313, 222, 222]  tape=0.199km B=8.78T unif=6.194% hoop=102MPa
  [  34] INFEAS f=1438.416  a=25.6 b=27.3 gap=9.5 (face=3.0mm) n=[220, 220, 23, 23]  no evaluation (geometry pre-check)
  [  35] INFEAS f=1804.723  a=24.3 b=24.8 gap=9.7 (face=3.4mm) n=[444, 444, 23, 23]  no evaluation (geometry pre-check)
  [  36] INFEAS f=1803.435  a=27.3 b=27.8 gap=9.7 (face=3.3mm) n=[216, 216, 48, 48]  no evaluation (geometry pre-check)
  [  37] INFEAS f=1734.480  a=29.9 b=30.6 gap=9.7 (face=3.5mm) n=[479, 479, 213, 213]  no evaluation (geometry pre-check)
  [  38] INFEAS f=2581.310  a=28.7 b=27.4 gap=9.7 (face=3.4mm) n=[171, 171, 9, 9]  no evaluation (geometry pre-check)
  [  39] viol   f=7774.337  a=24.2 b=30.6 gap=10.0 (face=4.0mm) n=[82, 82, 81, 81]  tape=0.058km B=3.07T unif=5.757% hoop=81MPa
  [  40] INFEAS f=1159.572  a=25.7 b=28.7 gap=9.9 (face=3.9mm) n=[250, 250, 216, 216]  no evaluation (geometry pre-check)
  [  41] INFEAS f=1493.523  a=26.1 b=27.6 gap=10.2 (face=4.5mm) n=[236, 236, 92, 92]  no evaluation (geometry pre-check)
  [  42] INFEAS f=1470.779  a=25.1 b=26.6 gap=9.7 (face=3.5mm) n=[139, 139, 201, 201]  no evaluation (geometry pre-check)
  [  43] INFEAS f=1038.437  a=24.5 b=30.1 gap=9.5 (face=3.0mm) n=[493, 493, 197, 197]  no evaluation (geometry pre-check)
  [  44] INFEAS f=2414.626  a=27.7 b=26.7 gap=9.5 (face=3.0mm) n=[379, 379, 266, 266]  no evaluation (geometry pre-check)
  [  45] INFEAS f=3700.734  a=31.6 b=28.4 gap=10.2 (face=4.4mm) n=[383, 383, 208, 208]  no evaluation (geometry pre-check)
  [  46] INFEAS f=2033.909  a=28.0 b=27.9 gap=9.8 (face=3.7mm) n=[348, 348, 475, 475]  no evaluation (geometry pre-check)
  [  47] INFEAS f=4989.677  a=29.8 b=24.8 gap=9.7 (face=3.4mm) n=[302, 302, 106, 106]  no evaluation (geometry pre-check)
  [  48] INFEAS f=1188.150  a=23.6 b=26.8 gap=9.8 (face=3.5mm) n=[481, 481, 280, 280]  no evaluation (geometry pre-check)
  [  49] INFEAS f=1094.139  a=23.0 b=27.1 gap=9.5 (face=3.1mm) n=[464, 464, 140, 140]  no evaluation (geometry pre-check)
  [  50] INFEAS f=1066.290  a=24.1 b=29.2 gap=9.5 (face=3.0mm) n=[493, 493, 174, 174]  no evaluation (geometry pre-check)
  [  51] INFEAS f=1077.183  a=22.8 b=30.1 gap=9.6 (face=3.2mm) n=[463, 463, 177, 177]  no evaluation (geometry pre-check)
  [  52] INFEAS f=1037.118  a=25.4 b=29.4 gap=9.5 (face=3.0mm) n=[250, 250, 168, 168]  no evaluation (geometry pre-check)
  [  53] INFEAS f=1225.048  a=22.5 b=29.1 gap=9.5 (face=3.0mm) n=[496, 496, 462, 462]  no evaluation (geometry pre-check)
  [  54] INFEAS f=1113.297  a=23.1 b=29.4 gap=9.5 (face=3.0mm) n=[482, 482, 114, 114]  no evaluation (geometry pre-check)
  [  55] INFEAS f=1345.367  a=24.5 b=26.5 gap=9.5 (face=3.0mm) n=[392, 392, 328, 328]  no evaluation (geometry pre-check)
  [  56] INFEAS f=1095.103  a=23.5 b=27.9 gap=9.5 (face=3.0mm) n=[483, 483, 435, 435]  no evaluation (geometry pre-check)
  [  57] INFEAS f=1065.846  a=22.6 b=34.9 gap=9.5 (face=3.0mm) n=[400, 400, 453, 453]  no evaluation (geometry pre-check)
  [  58] INFEAS f=1307.678  a=27.5 b=29.7 gap=9.5 (face=3.1mm) n=[375, 375, 318, 318]  no evaluation (geometry pre-check)
  [  59] INFEAS f=1798.330  a=26.6 b=27.1 gap=9.6 (face=3.1mm) n=[288, 288, 203, 203]  no evaluation (geometry pre-check)
  [  60] INFEAS f=1023.656  a=27.4 b=31.6 gap=10.0 (face=3.9mm) n=[443, 443, 78, 78]  no evaluation (geometry pre-check)
  [  61] INFEAS f=1261.300  a=24.2 b=26.6 gap=9.5 (face=3.0mm) n=[22, 22, 53, 53]  no evaluation (geometry pre-check)
  [  62] INFEAS f=1015.276  a=26.3 b=30.7 gap=9.5 (face=3.1mm) n=[384, 384, 21, 21]  no evaluation (geometry pre-check)
  [  63] INFEAS f=1027.249  a=23.2 b=28.1 gap=9.8 (face=3.5mm) n=[452, 452, 201, 201]  no evaluation (geometry pre-check)
  [  64] INFEAS f=1236.202  a=20.8 b=26.5 gap=9.5 (face=3.0mm) n=[451, 451, 184, 184]  no evaluation (geometry pre-check)
  [a=28 b=34 nt=1002] KSP converged reason: 4, iterations: 1
  [a=27 b=35 nt=448] KSP converged reason: 4, iterations: 1
  [a=26 b=33 nt=518] KSP converged reason: 4, iterations: 1
  [  65] INFEAS f=1230.117  a=24.9 b=27.5 gap=10.2 (face=4.4mm) n=[428, 428, 13, 13]  no evaluation (geometry pre-check)
  [  66] INFEAS f=1038.740  a=27.3 b=31.3 gap=10.0 (face=4.0mm) n=[462, 462, 40, 40]  no evaluation (geometry pre-check)
  [  67] viol   f=17161.600  a=26.7 b=35.3 gap=9.5 (face=3.0mm) n=[195, 195, 29, 29]  tape=0.093km B=3.97T unif=8.195% hoop=90MPa
  [  68] INFEAS f=1387.012  a=26.2 b=28.1 gap=9.7 (face=3.5mm) n=[390, 390, 26, 26]  no evaluation (geometry pre-check)
  [  69] viol   f=10322.408  a=28.0 b=33.8 gap=9.7 (face=3.3mm) n=[295, 295, 206, 206]  tape=0.208km B=7.62T unif=6.544% hoop=122MPa
  [  70] viol   f=5012.131  a=26.2 b=32.7 gap=9.5 (face=3.1mm) n=[125, 125, 134, 134]  tape=0.099km B=4.03T unif=4.776% hoop=90MPa
  [  71] INFEAS f=1841.151  a=24.8 b=25.3 gap=9.6 (face=3.1mm) n=[495, 495, 421, 421]  no evaluation (geometry pre-check)
  [  72] INFEAS f=1007.580  a=23.5 b=28.2 gap=9.6 (face=3.2mm) n=[440, 440, 16, 16]  no evaluation (geometry pre-check)
  [a=24 b=29 nt=644] KSP converged reason: 4, iterations: 1
  [a=23 b=29 nt=730] KSP converged reason: 4, iterations: 1
  [  73] INFEAS f=1000.452  a=27.1 b=32.0 gap=9.5 (face=3.1mm) n=[362, 362, 183, 183]  no evaluation (geometry pre-check)
  [  74] viol   f=5673.219  a=23.6 b=29.5 gap=9.9 (face=3.8mm) n=[272, 272, 50, 50]  tape=0.116km B=6.05T unif=5.049% hoop=82MPa
  [  75] INFEAS f=1268.616  a=18.6 b=23.5 gap=9.6 (face=3.3mm) n=[400, 400, 129, 129]  no evaluation (geometry pre-check)
  [  76] INFEAS f=1084.670  a=22.3 b=34.7 gap=9.5 (face=3.1mm) n=[454, 454, 151, 151]  no evaluation (geometry pre-check)
  [  77] viol   f=5745.767  a=23.0 b=28.6 gap=9.7 (face=3.5mm) n=[247, 247, 118, 118]  tape=0.129km B=6.33T unif=5.078% hoop=82MPa
  [  78] INFEAS f=1546.220  a=24.0 b=25.4 gap=9.8 (face=3.7mm) n=[469, 469, 152, 152]  no evaluation (geometry pre-check)
  [  79] INFEAS f=1411.233  a=27.1 b=28.9 gap=9.7 (face=3.4mm) n=[312, 312, 106, 106]  no evaluation (geometry pre-check)
  [  80] INFEAS f=1323.772  a=27.1 b=29.3 gap=9.6 (face=3.2mm) n=[495, 495, 152, 152]  no evaluation (geometry pre-check)
  [a=26 b=31 nt=1280] KSP converged reason: 4, iterations: 1
  [a=24 b=29 nt=1452] KSP converged reason: 4, iterations: 1
  [a=25 b=34 nt=1130] KSP converged reason: 4, iterations: 1
  [a=25 b=31 nt=958] KSP converged reason: 4, iterations: 1
  [a=25 b=33 nt=920] KSP converged reason: 4, iterations: 1
  [a=23 b=30 nt=870] KSP converged reason: 4, iterations: 1
  [  81] INFEAS f=1172.369  a=22.2 b=31.0 gap=9.6 (face=3.2mm) n=[475, 475, 3, 3]  no evaluation (geometry pre-check)
  [  82] viol   f=19035.932  a=25.1 b=32.8 gap=9.6 (face=3.1mm) n=[432, 432, 28, 28]  tape=0.179km B=8.27T unif=8.604% hoop=85MPa
  [  83] viol   f=14889.369  a=25.7 b=31.2 gap=9.8 (face=3.6mm) n=[465, 465, 175, 175]  tape=0.259km B=10.15T unif=7.703% hoop=107MPa
  [  84] viol   f=1353.582  a=23.4 b=30.4 gap=9.5 (face=3.0mm) n=[349, 349, 86, 86]  tape=0.163km B=7.84T unif=2.874% hoop=86MPa
  [  85] viol   f=30697.842  a=23.8 b=29.1 gap=9.5 (face=3.0mm) n=[412, 412, 314, 314]  tape=0.263km B=12.01T unif=10.711% hoop=116MPa
  [  86] viol   f= 669.088  a=25.3 b=30.9 gap=9.9 (face=3.8mm) n=[422, 422, 57, 57]  tape=0.184km B=8.57T unif=2.259% hoop=91MPa
  [  87] viol   f=1320.331  a=25.1 b=33.8 gap=9.5 (face=3.0mm) n=[459, 459, 106, 106]  tape=0.235km B=9.38T unif=2.855% hoop=94MPa
  [  88] INFEAS f=1051.054  a=24.3 b=33.6 gap=9.5 (face=3.1mm) n=[433, 433, 494, 494]  no evaluation (geometry pre-check)
  [a=27 b=33 nt=1284] KSP converged reason: 4, iterations: 1
  [a=24 b=30 nt=928] KSP converged reason: 4, iterations: 1
  [a=24 b=33 nt=1628] KSP converged reason: 4, iterations: 1
  [a=24 b=33 nt=1224] KSP converged reason: 4, iterations: 1
  [a=26 b=34 nt=466] KSP converged reason: 4, iterations: 1
  [  89] viol   f=16097.389  a=25.6 b=34.1 gap=9.6 (face=3.1mm) n=[190, 190, 43, 43]  tape=0.094km B=4.01T unif=7.961% hoop=83MPa
  [  90] INFEAS f=1000.260  a=24.6 b=35.7 gap=9.5 (face=3.1mm) n=[460, 460, 73, 73]  no evaluation (geometry pre-check)
  [  91] viol   f= 837.645  a=24.5 b=32.9 gap=9.5 (face=3.0mm) n=[273, 273, 339, 339]  tape=0.238km B=8.94T unif=2.435% hoop=122MPa
  [  92] INFEAS f=1028.849  a=19.4 b=29.5 gap=9.6 (face=3.2mm) n=[351, 351, 18, 18]  no evaluation (geometry pre-check)
  [  93] viol   f=54361.129  a=23.7 b=29.8 gap=9.7 (face=3.5mm) n=[417, 417, 47, 47]  tape=0.169km B=8.57T unif=13.989% hoop=81MPa
  [  94] viol   f=6902.589  a=24.5 b=33.2 gap=9.5 (face=3.1mm) n=[423, 423, 391, 391]  tape=0.313km B=12.88T unif=5.500% hoop=123MPa
  [  95] INFEAS f=1000.019  a=27.7 b=32.7 gap=9.5 (face=3.0mm) n=[419, 419, 192, 192]  no evaluation (geometry pre-check)
  [  96] viol   f=3060.793  a=26.6 b=33.5 gap=9.5 (face=3.1mm) n=[472, 472, 170, 170]  tape=0.274km B=10.24T unif=3.929% hoop=113MPa
  [a=26 b=33 nt=1492] KSP converged reason: 4, iterations: 1
  [a=25 b=33 nt=1250] KSP converged reason: 4, iterations: 1
  [a=22 b=30 nt=1286] KSP converged reason: 4, iterations: 1
  [a=25 b=34 nt=998] KSP converged reason: 4, iterations: 1
  [a=26 b=36 nt=1148] KSP converged reason: 4, iterations: 1
  [  97] INFEAS f=1002.832  a=25.0 b=37.2 gap=9.6 (face=3.2mm) n=[477, 477, 259, 259]  no evaluation (geometry pre-check)
  [  98] viol   f=4966.074  a=22.4 b=30.3 gap=9.5 (face=3.0mm) n=[308, 308, 335, 335]  tape=0.226km B=10.27T unif=4.786% hoop=105MPa
  [  99] viol   f=   4.026  a=24.9 b=33.2 gap=9.5 (face=3.0mm) n=[255, 255, 370, 370]  tape=0.251km B=8.63T unif=0.509% hoop=125MPa
  [ 100] viol   f=1290.407  a=25.6 b=35.8 gap=9.5 (face=3.0mm) n=[253, 253, 321, 321]  tape=0.239km B=8.09T unif=2.826% hoop=122MPa
  [ 101] INFEAS f=1017.651  a=24.8 b=34.7 gap=9.6 (face=3.1mm) n=[270, 270, 488, 488]  no evaluation (geometry pre-check)
  [ 102] viol   f=2539.667  a=26.0 b=33.4 gap=9.5 (face=3.0mm) n=[407, 407, 339, 339]  tape=0.299km B=11.60T unif=3.651% hoop=130MPa
  [ 103] INFEAS f=1022.178  a=27.3 b=31.6 gap=9.6 (face=3.1mm) n=[425, 425, 40, 40]  no evaluation (geometry pre-check)
  [ 104] viol   f=7029.931  a=24.8 b=34.3 gap=9.5 (face=3.0mm) n=[331, 331, 168, 168]  tape=0.206km B=7.95T unif=5.540% hoop=99MPa
  [a=28 b=36 nt=1512] KSP converged reason: 4, iterations: 1
  [a=25 b=33 nt=1130] KSP converged reason: 4, iterations: 1
  [a=24 b=36 nt=872] KSP converged reason: 4, iterations: 1
  [a=25 b=32 nt=1344] KSP converged reason: 4, iterations: 1
  [a=28 b=34 nt=1182] KSP converged reason: 4, iterations: 1
  [a=30 b=36 nt=980] KSP converged reason: 4, iterations: 1
  [ 105] INFEAS f=1000.625  a=21.4 b=33.0 gap=9.5 (face=3.1mm) n=[263, 263, 376, 376]  no evaluation (geometry pre-check)
  [ 106] viol   f= 420.185  a=25.2 b=33.0 gap=9.5 (face=3.0mm) n=[180, 180, 385, 385]  tape=0.232km B=7.56T unif=1.943% hoop=100MPa
  [ 107] viol   f=1082.403  a=27.8 b=35.6 gap=9.5 (face=3.0mm) n=[256, 256, 500, 500]  tape=0.340km B=9.59T unif=2.661% hoop=145MPa
  [ 108] viol   f=5033.171  a=24.5 b=32.5 gap=9.6 (face=3.3mm) n=[335, 335, 337, 337]  tape=0.250km B=10.56T unif=4.813% hoop=115MPa
  [ 109] viol   f=  45.233  a=24.0 b=35.6 gap=9.7 (face=3.5mm) n=[71, 71, 365, 365]  tape=0.182km B=6.01T unif=1.006% hoop=67MPa
  [ 110] viol   f=10690.722  a=29.7 b=36.5 gap=9.5 (face=3.0mm) n=[315, 315, 175, 175]  tape=0.221km B=7.15T unif=6.644% hoop=124MPa
  [ 111] INFEAS f=1090.833  a=23.5 b=35.0 gap=9.5 (face=3.0mm) n=[185, 185, 487, 487]  no evaluation (geometry pre-check)
  [ 112] viol   f=6379.571  a=27.5 b=33.5 gap=9.5 (face=3.0mm) n=[332, 332, 259, 259]  tape=0.242km B=9.04T unif=5.318% hoop=126MPa
  [a=29 b=35 nt=1120] KSP converged reason: 4, iterations: 1
  [a=24 b=39 nt=866] KSP converged reason: 4, iterations: 1
  [a=24 b=35 nt=928] KSP converged reason: 4, iterations: 1
  [a=28 b=38 nt=972] KSP converged reason: 4, iterations: 1
  [ 113] viol   f= 257.158  a=23.6 b=38.9 gap=9.6 (face=3.3mm) n=[26, 26, 407, 407]  tape=0.186km B=6.08T unif=1.651% hoop=64MPa
  [ 114] INFEAS f=1286.233  a=21.9 b=33.3 gap=9.5 (face=3.0mm) n=[285, 285, 491, 491]  no evaluation (geometry pre-check)
  [ 115] INFEAS f=1010.339  a=25.0 b=36.6 gap=9.6 (face=3.1mm) n=[187, 187, 486, 486]  no evaluation (geometry pre-check)
  [ 116] INFEAS f=1107.332  a=23.8 b=32.9 gap=9.5 (face=3.1mm) n=[184, 184, 500, 500]  no evaluation (geometry pre-check)
  [ 117] viol   f= 418.133  a=27.6 b=38.0 gap=9.5 (face=3.0mm) n=[162, 162, 324, 324]  tape=0.222km B=6.24T unif=1.917% hoop=103MPa
  [ 118] viol   f=  28.217  a=24.1 b=34.6 gap=9.6 (face=3.2mm) n=[112, 112, 352, 352]  tape=0.192km B=6.26T unif=0.811% hoop=73MPa
  [ 119] INFEAS f=1117.043  a=21.0 b=32.3 gap=9.6 (face=3.2mm) n=[159, 159, 429, 429]  no evaluation (geometry pre-check)
  [ 120] viol   f=2476.512  a=28.7 b=35.5 gap=9.7 (face=3.3mm) n=[71, 71, 489, 489]  tape=0.246km B=7.32T unif=3.607% hoop=82MPa
  [a=27 b=32 nt=870] KSP converged reason: 4, iterations: 1
  [a=28 b=33 nt=1682] KSP converged reason: 4, iterations: 1
  [a=22 b=36 nt=768] KSP converged reason: 4, iterations: 1
  [a=26 b=39 nt=912] KSP converged reason: 4, iterations: 1
  [a=24 b=35 nt=644] KSP converged reason: 4, iterations: 1
  [a=22 b=33 nt=602] KSP converged reason: 4, iterations: 1
  [a=24 b=38 nt=858] KSP converged reason: 4, iterations: 1
  [ 121] viol   f=1533.078  a=27.7 b=33.5 gap=9.5 (face=3.0mm) n=[400, 400, 441, 441]  tape=0.339km B=12.26T unif=3.015% hoop=149MPa
  [ 122] INFEAS f=2561.771  a=27.8 b=26.6 gap=9.6 (face=3.1mm) n=[205, 205, 312, 312]  no evaluation (geometry pre-check)
  [ 123] viol   f= 164.341  a=23.7 b=34.7 gap=9.7 (face=3.4mm) n=[57, 57, 265, 265]  tape=0.130km B=4.68T unif=1.387% hoop=66MPa
  [ 124] viol   f= 120.324  a=21.9 b=33.4 gap=9.8 (face=3.5mm) n=[48, 48, 253, 253]  tape=0.115km B=4.50T unif=1.237% hoop=59MPa
  [ 125] viol   f=7477.072  a=26.5 b=31.9 gap=9.5 (face=3.0mm) n=[15, 15, 420, 420]  tape=0.167km B=6.39T unif=5.683% hoop=71MPa
  [ 126] viol   f= 429.759  a=26.1 b=38.8 gap=9.6 (face=3.3mm) n=[153, 153, 303, 303]  tape=0.207km B=5.89T unif=1.925% hoop=101MPa
  [ 127] viol   f= 428.432  a=21.7 b=36.3 gap=9.6 (face=3.2mm) n=[80, 80, 304, 304]  tape=0.158km B=5.54T unif=1.915% hoop=64MPa
  [ 128] viol   f= 537.834  a=24.3 b=37.7 gap=9.8 (face=3.6mm) n=[161, 161, 268, 268]  tape=0.185km B=5.75T unif=2.067% hoop=95MPa
  [a=26 b=35 nt=674] KSP converged reason: 4, iterations: 1
  [a=20 b=35 nt=840] KSP converged reason: 4, iterations: 1
  [a=21 b=31 nt=576] KSP converged reason: 4, iterations: 1
  [a=23 b=30 nt=616] KSP converged reason: 4, iterations: 1
  [a=21 b=33 nt=632] KSP converged reason: 4, iterations: 1
  [a=23 b=34 nt=784] KSP converged reason: 4, iterations: 1
  [a=19 b=33 nt=774] KSP converged reason: 4, iterations: 1
  [ 129] INFEAS f=1129.709  a=22.8 b=29.2 gap=9.5 (face=3.0mm) n=[275, 275, 479, 479]  no evaluation (geometry pre-check)
  [ 130] viol   f= 546.356  a=22.7 b=34.1 gap=9.7 (face=3.4mm) n=[157, 157, 235, 235]  tape=0.153km B=5.60T unif=2.074% hoop=83MPa
  [ 131] viol   f= 334.276  a=20.9 b=30.7 gap=9.7 (face=3.4mm) n=[33, 33, 255, 255]  tape=0.102km B=4.63T unif=1.741% hoop=57MPa
  [ 132] viol   f= 115.432  a=19.5 b=34.7 gap=9.8 (face=3.6mm) n=[155, 155, 265, 265]  tape=0.162km B=6.00T unif=1.316% hoop=77MPa
  [ 133] viol   f= 154.685  a=25.7 b=34.8 gap=9.5 (face=3.1mm) n=[9, 9, 328, 328]  tape=0.135km B=4.99T unif=1.378% hoop=68MPa
  [ 134] viol   f= 228.367  a=21.0 b=33.0 gap=9.6 (face=3.2mm) n=[88, 88, 228, 228]  tape=0.120km B=4.71T unif=1.543% hoop=62MPa
  [ 135] viol   f= 264.387  a=23.0 b=30.4 gap=9.8 (face=3.6mm) n=[49, 49, 259, 259]  tape=0.112km B=4.82T unif=1.621% hoop=67MPa
  [ 136] viol   f=5100.095  a=18.9 b=33.4 gap=10.2 (face=4.4mm) n=[208, 208, 179, 179]  tape=0.139km B=6.42T unif=4.830% hoop=68MPa
  [a=27 b=38 nt=1478] KSP converged reason: 4, iterations: 1
  [a=25 b=36 nt=1366] KSP converged reason: 4, iterations: 1
  [a=23 b=36 nt=986] KSP converged reason: 4, iterations: 1
  [a=21 b=34 nt=812] KSP converged reason: 4, iterations: 1
  [a=21 b=37 nt=630] KSP converged reason: 4, iterations: 1
  [a=23 b=40 nt=652] KSP converged reason: 4, iterations: 1
  [a=21 b=37 nt=204] KSP converged reason: 4, iterations: 1
  [ 137] viol   f=  39.626  a=21.3 b=33.6 gap=9.8 (face=3.6mm) n=[103, 103, 303, 303]  tape=0.158km B=5.87T unif=0.932% hoop=66MPa
  [ 138] INFEAS f=1057.647  a=24.4 b=32.5 gap=9.5 (face=3.0mm) n=[56, 56, 500, 500]  no evaluation (geometry pre-check)
  [ 139] viol   f=2675.752  a=21.1 b=37.0 gap=9.8 (face=3.5mm) n=[47, 47, 55, 55]  tape=0.040km B=1.22T unif=3.641% hoop=400MPa
  [ 140] viol   f=  71.193  a=26.7 b=37.9 gap=9.5 (face=3.0mm) n=[247, 247, 492, 492]  tape=0.343km B=9.33T unif=1.273% hoop=139MPa
  [ 141] viol   f=6827.675  a=21.4 b=37.5 gap=10.1 (face=4.1mm) n=[275, 275, 40, 40]  tape=0.130km B=5.68T unif=5.461% hoop=70MPa
  [ 142] viol   f=   7.645  a=25.0 b=36.0 gap=9.5 (face=3.0mm) n=[240, 240, 443, 443]  tape=0.298km B=8.95T unif=0.928% hoop=127MPa
  [ 143] viol   f=  23.182  a=23.2 b=35.9 gap=9.5 (face=3.1mm) n=[138, 138, 355, 355]  tape=0.208km B=6.61T unif=0.767% hoop=82MPa
  [ 144] viol   f= 957.962  a=22.8 b=40.1 gap=9.6 (face=3.3mm) n=[99, 99, 227, 227]  tape=0.144km B=4.53T unif=2.495% hoop=71MPa
  [a=25 b=37 nt=1520] KSP converged reason: 4, iterations: 1
  [a=27 b=37 nt=1338] KSP converged reason: 4, iterations: 1
  [a=26 b=34 nt=1082] KSP converged reason: 4, iterations: 1
  [a=24 b=34 nt=748] KSP converged reason: 4, iterations: 1
  [a=25 b=39 nt=656] KSP converged reason: 4, iterations: 1
  [a=19 b=30 nt=360] KSP converged reason: 4, iterations: 1
  [a=26 b=37 nt=1442] KSP converged reason: 4, iterations: 1
  [ 145] viol   f=  64.846  a=23.6 b=34.4 gap=9.7 (face=3.4mm) n=[70, 70, 304, 304]  tape=0.151km B=5.36T unif=1.063% hoop=68MPa
  [ 146] viol   f= 776.010  a=25.0 b=39.0 gap=9.8 (face=3.6mm) n=[40, 40, 288, 288]  tape=0.144km B=4.67T unif=2.317% hoop=72MPa
  [ 147] viol   f= 176.505  a=19.4 b=29.6 gap=9.8 (face=3.5mm) n=[11, 11, 169, 169]  tape=0.059km B=3.19T unif=1.318% hoop=53MPa
  [ 148] viol   f= 305.731  a=26.1 b=33.9 gap=9.5 (face=3.1mm) n=[153, 153, 388, 388]  tape=0.228km B=7.15T unif=1.762% hoop=97MPa
  [ 149] OK     f=   0.333  a=24.8 b=37.0 gap=9.5 (face=3.0mm) n=[304, 304, 456, 456]  tape=0.333km B=10.04T unif=0.425% hoop=142MPa
  [ 150] INFEAS f=1097.666  a=21.8 b=36.2 gap=9.6 (face=3.2mm) n=[84, 84, 443, 443]  no evaluation (geometry pre-check)
  [ 151] viol   f= 317.467  a=26.6 b=36.9 gap=9.5 (face=3.0mm) n=[184, 184, 485, 485]  tape=0.305km B=8.47T unif=1.800% hoop=109MPa
  [ 152] viol   f= 253.158  a=26.2 b=37.4 gap=9.5 (face=3.0mm) n=[306, 306, 415, 415]  tape=0.317km B=9.64T unif=1.699% hoop=142MPa
  [a=25 b=35 nt=1222] KSP converged reason: 4, iterations: 1
  [a=26 b=39 nt=1134] KSP converged reason: 4, iterations: 1
  [a=25 b=40 nt=678] KSP converged reason: 4, iterations: 1
  [ 153] INFEAS f=1069.857  a=20.7 b=33.9 gap=9.7 (face=3.4mm) n=[131, 131, 405, 405]  no evaluation (geometry pre-check)
  [ 154] INFEAS f=1116.508  a=21.3 b=33.8 gap=9.6 (face=3.2mm) n=[233, 233, 436, 436]  no evaluation (geometry pre-check)
  [ 155] viol   f= 847.061  a=24.7 b=34.6 gap=9.5 (face=3.1mm) n=[173, 173, 438, 438]  tape=0.259km B=8.03T unif=2.439% hoop=96MPa
  [ 156] INFEAS f=1032.577  a=23.6 b=34.9 gap=9.5 (face=3.1mm) n=[220, 220, 465, 465]  no evaluation (geometry pre-check)
  [ 157] viol   f=  31.234  a=25.9 b=38.9 gap=9.5 (face=3.0mm) n=[159, 159, 408, 408]  tape=0.262km B=7.24T unif=1.024% hoop=96MPa
  [ 158] INFEAS f=1012.155  a=24.7 b=33.5 gap=9.5 (face=3.0mm) n=[261, 261, 481, 481]  no evaluation (geometry pre-check)
  [ 159] INFEAS f=1003.799  a=25.0 b=34.7 gap=9.6 (face=3.1mm) n=[211, 211, 479, 479]  no evaluation (geometry pre-check)
  [ 160] viol   f=1231.608  a=25.1 b=40.0 gap=9.6 (face=3.1mm) n=[20, 20, 319, 319]  tape=0.150km B=4.87T unif=2.742% hoop=69MPa
  [a=27 b=38 nt=1498] KSP converged reason: 4, iterations: 1
  [a=28 b=38 nt=1260] KSP converged reason: 4, iterations: 1
  [a=26 b=36 nt=1534] KSP converged reason: 4, iterations: 1
  [a=26 b=38 nt=938] KSP converged reason: 4, iterations: 1
  [a=26 b=39 nt=1078] KSP converged reason: 4, iterations: 1
  [a=23 b=41 nt=822] KSP converged reason: 4, iterations: 1
  [ 161] viol   f=  98.582  a=26.0 b=39.0 gap=9.5 (face=3.0mm) n=[143, 143, 396, 396]  tape=0.249km B=6.87T unif=1.302% hoop=90MPa
  [ 162] INFEAS f=1008.487  a=25.3 b=37.4 gap=9.6 (face=3.1mm) n=[223, 223, 492, 492]  no evaluation (geometry pre-check)
  [ 163] viol   f=   8.327  a=27.8 b=37.6 gap=9.5 (face=3.0mm) n=[213, 213, 417, 417]  tape=0.290km B=8.00T unif=0.566% hoop=131MPa
  [ 164] viol   f=1109.240  a=26.2 b=35.9 gap=9.5 (face=3.0mm) n=[355, 355, 412, 412]  tape=0.322km B=10.93T unif=2.684% hoop=139MPa
  [ 165] viol   f=   5.707  a=26.6 b=38.4 gap=9.5 (face=3.0mm) n=[290, 290, 459, 459]  tape=0.344km B=9.63T unif=0.928% hoop=147MPa
  [ 166] viol   f= 112.664  a=26.5 b=38.1 gap=9.5 (face=3.1mm) n=[83, 83, 386, 386]  tape=0.211km B=6.22T unif=1.318% hoop=76MPa
  [ 167] viol   f= 701.661  a=23.4 b=41.4 gap=9.6 (face=3.2mm) n=[103, 103, 308, 308]  tape=0.190km B=5.52T unif=2.255% hoop=71MPa
  [ 168] INFEAS f=1055.325  a=23.4 b=35.3 gap=9.5 (face=3.0mm) n=[261, 261, 471, 471]  no evaluation (geometry pre-check)
  [a=27 b=34 nt=1456] KSP converged reason: 4, iterations: 1
  [a=26 b=38 nt=1524] KSP converged reason: 4, iterations: 1
  [a=27 b=39 nt=1480] KSP converged reason: 4, iterations: 1
  [a=29 b=40 nt=1672] KSP converged reason: 4, iterations: 1
  [a=29 b=35 nt=908] KSP converged reason: 4, iterations: 1
  [a=27 b=41 nt=802] KSP converged reason: 4, iterations: 1
  [ 169] viol   f=1875.102  a=26.8 b=34.1 gap=9.5 (face=3.1mm) n=[246, 246, 482, 482]  tape=0.315km B=9.37T unif=3.249% hoop=139MPa
  [ 170] INFEAS f=1042.764  a=24.5 b=36.3 gap=9.5 (face=3.0mm) n=[363, 363, 494, 494]  no evaluation (geometry pre-check)
  [ 171] viol   f=  33.336  a=28.9 b=34.7 gap=9.5 (face=3.0mm) n=[97, 97, 357, 357]  tape=0.198km B=5.93T unif=0.764% hoop=85MPa
  [ 172] viol   f= 660.977  a=26.6 b=40.8 gap=9.6 (face=3.1mm) n=[17, 17, 384, 384]  tape=0.183km B=5.46T unif=2.208% hoop=68MPa
  [ 173] viol   f=   4.164  a=26.1 b=37.7 gap=9.5 (face=3.0mm) n=[280, 280, 482, 482]  tape=0.347km B=9.76T unif=0.909% hoop=146MPa
  [ 174] viol   f=  42.204  a=28.7 b=39.8 gap=9.5 (face=3.0mm) n=[336, 336, 500, 500]  tape=0.401km B=10.48T unif=1.166% hoop=168MPa
  [ 175] INFEAS f=1016.089  a=22.2 b=35.6 gap=9.6 (face=3.2mm) n=[132, 132, 418, 418]  no evaluation (geometry pre-check)
  [ 176] viol   f=   2.797  a=26.6 b=38.7 gap=9.5 (face=3.0mm) n=[258, 258, 482, 482]  tape=0.346km B=9.32T unif=0.870% hoop=141MPa
  [a=27 b=38 nt=1248] KSP converged reason: 4, iterations: 1
  [a=31 b=40 nt=1280] KSP converged reason: 4, iterations: 1
  [a=26 b=37 nt=822] KSP converged reason: 4, iterations: 1
  [a=28 b=42 nt=1482] KSP converged reason: 4, iterations: 1
  [a=28 b=39 nt=1236] KSP converged reason: 4, iterations: 1
  [a=24 b=35 nt=774] KSP converged reason: 4, iterations: 1
  [a=25 b=37 nt=1250] KSP converged reason: 4, iterations: 1
  [ 177] viol   f=  40.544  a=27.3 b=38.4 gap=9.5 (face=3.0mm) n=[136, 136, 488, 488]  tape=0.292km B=7.86T unif=1.115% hoop=92MPa
  [ 178] viol   f= 101.129  a=24.2 b=35.2 gap=9.6 (face=3.2mm) n=[52, 52, 335, 335]  tape=0.159km B=5.58T unif=1.245% hoop=67MPa
  [ 179] viol   f=7041.965  a=27.8 b=39.0 gap=9.5 (face=3.1mm) n=[371, 371, 247, 247]  tape=0.286km B=8.94T unif=5.546% hoop=129MPa
  [ 180] INFEAS f=1051.321  a=24.5 b=34.4 gap=9.5 (face=3.1mm) n=[221, 221, 498, 498]  no evaluation (geometry pre-check)
  [ 181] viol   f= 352.783  a=26.4 b=36.9 gap=9.5 (face=3.0mm) n=[45, 45, 366, 366]  tape=0.178km B=5.84T unif=1.809% hoop=76MPa
  [ 182] viol   f=1372.458  a=27.7 b=41.6 gap=9.5 (face=3.0mm) n=[327, 327, 414, 414]  tape=0.354km B=9.70T unif=2.895% hoop=150MPa
  [ 183] viol   f=  63.783  a=30.7 b=39.6 gap=9.5 (face=3.0mm) n=[216, 216, 424, 424]  tape=0.314km B=7.83T unif=1.216% hoop=140MPa
  [ 184] viol   f=  16.595  a=25.4 b=37.4 gap=9.5 (face=3.0mm) n=[227, 227, 398, 398]  tape=0.278km B=8.15T unif=0.974% hoop=123MPa
  [a=25 b=36 nt=1044] KSP converged reason: 4, iterations: 1
  [a=28 b=38 nt=1162] KSP converged reason: 4, iterations: 1
  [a=27 b=39 nt=1164] KSP converged reason: 4, iterations: 1
  [a=28 b=40 nt=1062] KSP converged reason: 4, iterations: 1
  [a=27 b=37 nt=1130] KSP converged reason: 4, iterations: 1
  [a=27 b=39 nt=1160] KSP converged reason: 4, iterations: 1
  [a=25 b=39 nt=1190] KSP converged reason: 4, iterations: 1
  [ 185] INFEAS f=1003.395  a=25.6 b=38.8 gap=9.5 (face=3.0mm) n=[10, 10, 494, 494]  no evaluation (geometry pre-check)
  [ 186] viol   f=  15.458  a=26.9 b=37.0 gap=9.5 (face=3.0mm) n=[139, 139, 426, 426]  tape=0.255km B=7.25T unif=0.820% hoop=90MPa
  [ 187] viol   f= 107.796  a=27.7 b=39.5 gap=9.5 (face=3.0mm) n=[99, 99, 432, 432]  tape=0.250km B=6.77T unif=1.326% hoop=84MPa
  [ 188] viol   f=  85.962  a=27.1 b=38.6 gap=9.5 (face=3.0mm) n=[92, 92, 490, 490]  tape=0.269km B=7.44T unif=1.282% hoop=83MPa
  [ 189] viol   f=1210.051  a=25.2 b=35.8 gap=9.5 (face=3.0mm) n=[58, 58, 464, 464]  tape=0.220km B=7.05T unif=2.753% hoop=70MPa
  [ 190] viol   f=1640.315  a=27.3 b=38.7 gap=9.6 (face=3.2mm) n=[251, 251, 329, 329]  tape=0.261km B=7.79T unif=3.084% hoop=131MPa
  [ 191] viol   f= 174.261  a=28.3 b=37.7 gap=9.5 (face=3.0mm) n=[94, 94, 487, 487]  tape=0.268km B=7.43T unif=1.517% hoop=86MPa
  [ 192] viol   f= 141.531  a=25.2 b=39.1 gap=9.5 (face=3.0mm) n=[190, 190, 405, 405]  tape=0.274km B=7.62T unif=1.445% hoop=106MPa
  [a=29 b=38 nt=1382] KSP converged reason: 4, iterations: 1
  [a=25 b=34 nt=1158] KSP converged reason: 4, iterations: 1
  [a=27 b=37 nt=950] KSP converged reason: 4, iterations: 1
  [a=31 b=42 nt=1118] KSP converged reason: 4, iterations: 1
  [a=28 b=40 nt=1272] KSP converged reason: 4, iterations: 1
  [a=27 b=38 nt=1106] KSP converged reason: 4, iterations: 1
  [a=26 b=38 nt=1114] KSP converged reason: 4, iterations: 1
  [a=26 b=35 nt=1120] KSP converged reason: 4, iterations: 1
  [ 193] viol   f= 201.808  a=27.4 b=37.5 gap=9.5 (face=3.0mm) n=[9, 9, 466, 466]  tape=0.204km B=6.63T unif=1.557% hoop=73MPa
  [ 194] viol   f= 191.206  a=30.6 b=41.7 gap=9.5 (face=3.1mm) n=[72, 72, 487, 487]  tape=0.279km B=6.89T unif=1.541% hoop=89MPa
  [ 195] viol   f=  43.373  a=29.0 b=37.5 gap=9.5 (face=3.1mm) n=[201, 201, 490, 490]  tape=0.326km B=8.56T unif=1.153% hoop=123MPa
  [ 196] viol   f=1267.710  a=27.1 b=37.9 gap=9.5 (face=3.1mm) n=[234, 234, 319, 319]  tape=0.245km B=7.43T unif=2.803% hoop=127MPa
  [ 197] viol   f=  39.117  a=28.3 b=39.9 gap=9.5 (face=3.0mm) n=[200, 200, 436, 436]  tape=0.307km B=7.88T unif=1.109% hoop=119MPa
  [ 198] viol   f= 322.411  a=25.1 b=33.6 gap=9.5 (face=3.0mm) n=[179, 179, 400, 400]  tape=0.241km B=7.70T unif=1.798% hoop=100MPa
  [ 199] viol   f=  21.356  a=25.8 b=37.6 gap=9.5 (face=3.0mm) n=[117, 117, 440, 440]  tape=0.251km B=7.23T unif=0.936% hoop=83MPa
  [ 200] viol   f= 263.510  a=25.7 b=35.1 gap=9.5 (face=3.0mm) n=[229, 229, 331, 331]  tape=0.234km B=7.66T unif=1.699% hoop=119MPa
  [a=27 b=39 nt=1160] KSP converged reason: 4, iterations: 1
  [a=28 b=40 nt=1386] KSP converged reason: 4, iterations: 1
  [a=28 b=36 nt=1194] KSP converged reason: 4, iterations: 1
  [a=25 b=39 nt=952] KSP converged reason: 4, iterations: 1
  [a=25 b=38 nt=772] KSP converged reason: 4, iterations: 1
  [a=30 b=40 nt=1152] KSP converged reason: 4, iterations: 1
  [a=29 b=40 nt=1644] KSP converged reason: 4, iterations: 1
  [ 201] viol   f=   9.236  a=27.6 b=40.0 gap=9.5 (face=3.0mm) n=[216, 216, 477, 477]  tape=0.336km B=8.58T unif=0.925% hoop=129MPa
  [ 202] viol   f=  42.953  a=27.8 b=36.2 gap=9.5 (face=3.0mm) n=[161, 161, 436, 436]  tape=0.269km B=7.60T unif=1.116% hoop=102MPa
  [ 203] viol   f= 510.665  a=25.3 b=37.9 gap=9.5 (face=3.1mm) n=[65, 65, 321, 321]  tape=0.170km B=5.33T unif=2.022% hoop=72MPa
  [ 204] INFEAS f=1025.040  a=25.1 b=36.0 gap=9.5 (face=3.0mm) n=[116, 116, 500, 500]  no evaluation (geometry pre-check)
  [ 205] viol   f= 134.721  a=24.9 b=39.5 gap=9.5 (face=3.0mm) n=[55, 55, 421, 421]  tape=0.214km B=6.59T unif=1.397% hoop=74MPa
  [ 206] viol   f=3354.118  a=29.7 b=39.6 gap=9.5 (face=3.1mm) n=[265, 265, 311, 311]  tape=0.267km B=7.72T unif=4.071% hoop=142MPa
  [ 207] viol   f= 169.812  a=27.3 b=38.6 gap=9.5 (face=3.0mm) n=[86, 86, 494, 494]  tape=0.268km B=7.42T unif=1.507% hoop=82MPa
  [ 208] viol   f= 278.888  a=28.8 b=39.5 gap=9.5 (face=3.0mm) n=[349, 349, 473, 473]  tape=0.389km B=10.54T unif=1.744% hoop=166MPa
  [a=27 b=39 nt=1122] KSP converged reason: 4, iterations: 1
  [a=24 b=36 nt=1094] KSP converged reason: 4, iterations: 1
  [a=27 b=43 nt=1186] KSP converged reason: 4, iterations: 1
  [a=28 b=42 nt=1500] KSP converged reason: 4, iterations: 1
  [a=28 b=37 nt=1388] KSP converged reason: 4, iterations: 1
  [a=26 b=40 nt=848] KSP converged reason: 4, iterations: 1
  [a=30 b=41 nt=1306] KSP converged reason: 4, iterations: 1
  [a=29 b=39 nt=1178] KSP converged reason: 4, iterations: 1
  [ 209] viol   f=  76.325  a=27.3 b=39.0 gap=9.5 (face=3.0mm) n=[70, 70, 491, 491]  tape=0.259km B=7.25T unif=1.242% hoop=79MPa
  [ 210] viol   f=  31.897  a=24.2 b=35.9 gap=9.5 (face=3.0mm) n=[145, 145, 402, 402]  tape=0.235km B=7.21T unif=1.027% hoop=90MPa
  [ 211] viol   f=   3.063  a=27.5 b=37.0 gap=9.5 (face=3.0mm) n=[247, 247, 447, 447]  tape=0.316km B=8.83T unif=0.785% hoop=140MPa
  [ 212] viol   f= 675.011  a=26.3 b=39.6 gap=9.5 (face=3.0mm) n=[60, 60, 364, 364]  tape=0.194km B=5.78T unif=2.230% hoop=74MPa
  [ 213] viol   f= 218.932  a=27.1 b=42.5 gap=9.5 (face=3.1mm) n=[102, 102, 491, 491]  tape=0.294km B=7.38T unif=1.610% hoop=84MPa
  [ 214] viol   f=  11.312  a=28.3 b=41.8 gap=9.5 (face=3.0mm) n=[261, 261, 489, 489]  tape=0.376km B=9.18T unif=0.975% hoop=150MPa
  [ 215] viol   f= 157.854  a=30.0 b=40.8 gap=9.5 (face=3.1mm) n=[207, 207, 446, 446]  tape=0.326km B=7.90T unif=1.490% hoop=127MPa
  [ 216] viol   f=  14.941  a=29.4 b=39.0 gap=9.5 (face=3.0mm) n=[125, 125, 464, 464]  tape=0.283km B=7.34T unif=0.841% hoop=94MPa
  [a=28 b=37 nt=1682] KSP converged reason: 4, iterations: 1
  [a=28 b=38 nt=1578] KSP converged reason: 4, iterations: 1
  [a=31 b=39 nt=1478] KSP converged reason: 4, iterations: 1
  [a=29 b=39 nt=1386] KSP converged reason: 4, iterations: 1
  [a=29 b=40 nt=1596] KSP converged reason: 4, iterations: 1
  [a=27 b=40 nt=668] KSP converged reason: 4, iterations: 1
  [a=31 b=40 nt=1156] KSP converged reason: 4, iterations: 1
  [a=29 b=41 nt=1894] KSP converged reason: 4, iterations: 1
  [ 217] viol   f=  55.934  a=28.7 b=39.9 gap=9.5 (face=3.1mm) n=[311, 311, 487, 487]  tape=0.385km B=9.94T unif=1.222% hoop=163MPa
  [ 218] viol   f=   0.379  a=27.8 b=38.2 gap=9.5 (face=3.0mm) n=[297, 297, 492, 492]  tape=0.369km B=9.93T unif=0.614% hoop=159MPa
  [ 219] viol   f=   2.484  a=30.6 b=39.1 gap=9.6 (face=3.2mm) n=[242, 242, 497, 497]  tape=0.363km B=8.97T unif=0.565% hoop=147MPa
  [ 220] viol   f=1086.214  a=26.9 b=39.7 gap=9.5 (face=3.1mm) n=[7, 7, 327, 327]  tape=0.148km B=4.76T unif=2.616% hoop=71MPa
  [ 221] viol   f=  42.577  a=28.6 b=39.5 gap=9.5 (face=3.0mm) n=[220, 220, 473, 473]  tape=0.335km B=8.55T unif=1.149% hoop=130MPa
  [ 222] OK     f=   0.385  a=28.0 b=37.4 gap=9.5 (face=3.0mm) n=[341, 341, 500, 500]  tape=0.385km B=10.71T unif=0.366% hoop=164MPa
  [ 223] viol   f= 307.814  a=31.2 b=40.2 gap=9.5 (face=3.0mm) n=[177, 177, 401, 401]  tape=0.287km B=7.00T unif=1.763% hoop=116MPa
  [ 224] viol   f=1540.605  a=28.6 b=41.3 gap=9.5 (face=3.0mm) n=[462, 462, 485, 485]  tape=0.441km B=13.06T unif=3.020% hoop=160MPa
  [a=27 b=36 nt=1626] KSP converged reason: 4, iterations: 1
  [a=30 b=37 nt=1286] KSP converged reason: 4, iterations: 1
  [a=29 b=37 nt=1750] KSP converged reason: 4, iterations: 1
  [a=28 b=39 nt=1660] KSP converged reason: 4, iterations: 1
  [a=28 b=36 nt=1536] KSP converged reason: 4, iterations: 1
  [a=27 b=35 nt=1286] KSP converged reason: 4, iterations: 1
  [a=29 b=42 nt=1622] KSP converged reason: 4, iterations: 1
  [a=28 b=41 nt=1588] KSP converged reason: 4, iterations: 1
  [ 225] viol   f=1197.236  a=28.8 b=37.0 gap=9.5 (face=3.0mm) n=[421, 421, 454, 454]  tape=0.380km B=12.35T unif=2.757% hoop=156MPa
  [ 226] OK     f=   0.361  a=26.9 b=36.2 gap=9.5 (face=3.0mm) n=[323, 323, 490, 490]  tape=0.361km B=10.52T unif=0.751% hoop=156MPa
  [ 227] viol   f=   8.685  a=30.2 b=37.3 gap=9.6 (face=3.1mm) n=[203, 203, 440, 440]  tape=0.303km B=7.95T unif=0.511% hoop=125MPa
  [ 228] viol   f=  12.678  a=28.4 b=39.1 gap=9.5 (face=3.0mm) n=[343, 343, 487, 487]  tape=0.390km B=10.55T unif=0.998% hoop=164MPa
  [ 229] viol   f=   5.349  a=27.3 b=34.6 gap=9.5 (face=3.0mm) n=[237, 237, 406, 406]  tape=0.277km B=8.41T unif=0.812% hoop=131MPa
  [ 230] viol   f=   0.342  a=27.6 b=36.3 gap=9.5 (face=3.0mm) n=[312, 312, 456, 456]  tape=0.341km B=9.98T unif=0.410% hoop=154MPa
  [ 231] viol   f= 176.451  a=29.4 b=41.6 gap=9.6 (face=3.1mm) n=[320, 320, 491, 491]  tape=0.404km B=9.93T unif=1.551% hoop=170MPa
  [ 232] viol   f=  43.516  a=28.5 b=41.4 gap=9.5 (face=3.0mm) n=[298, 298, 496, 496]  tape=0.394km B=9.74T unif=1.171% hoop=164MPa
  [a=26 b=37 nt=1516] KSP converged reason: 4, iterations: 1
  [a=25 b=36 nt=1390] KSP converged reason: 4, iterations: 1
  [a=27 b=34 nt=1520] KSP converged reason: 4, iterations: 1
  [a=29 b=38 nt=1454] KSP converged reason: 4, iterations: 1
  [a=27 b=36 nt=1344] KSP converged reason: 4, iterations: 1
  [a=26 b=37 nt=1230] KSP converged reason: 4, iterations: 1
  [a=29 b=38 nt=1598] KSP converged reason: 4, iterations: 1
  [ 233] viol   f=  96.011  a=25.9 b=37.3 gap=9.5 (face=3.1mm) n=[242, 242, 373, 373]  tape=0.272km B=8.10T unif=1.332% hoop=129MPa
  [ 234] viol   f=1512.129  a=29.2 b=37.7 gap=9.5 (face=3.0mm) n=[332, 332, 395, 395]  tape=0.326km B=9.87T unif=2.999% hoop=156MPa
  [ 235] INFEAS f=1000.561  a=26.1 b=37.7 gap=9.5 (face=3.0mm) n=[195, 195, 500, 500]  no evaluation (geometry pre-check)
  [ 236] viol   f=1780.957  a=26.9 b=34.3 gap=9.5 (face=3.0mm) n=[361, 361, 399, 399]  tape=0.308km B=11.11T unif=3.187% hoop=141MPa
  [ 237] viol   f=   1.734  a=25.2 b=36.0 gap=9.5 (face=3.0mm) n=[262, 262, 433, 433]  tape=0.301km B=9.15T unif=0.573% hoop=135MPa
  [ 238] viol   f=   0.350  a=26.2 b=36.8 gap=9.5 (face=3.0mm) n=[305, 305, 453, 453]  tape=0.335km B=9.91T unif=0.791% hoop=146MPa
  [ 239] viol   f=   4.521  a=26.6 b=36.3 gap=9.5 (face=3.0mm) n=[263, 263, 409, 409]  tape=0.295km B=8.85T unif=0.872% hoop=138MPa
  [ 240] viol   f=   0.393  a=29.4 b=38.2 gap=9.6 (face=3.1mm) n=[300, 300, 499, 499]  tape=0.380km B=9.92T unif=0.515% hoop=167MPa
  [a=28 b=37 nt=1536] KSP converged reason: 4, iterations: 1
  [a=27 b=39 nt=1530] KSP converged reason: 4, iterations: 1
  [a=27 b=36 nt=1446] KSP converged reason: 4, iterations: 1
  [a=25 b=38 nt=1390] KSP converged reason: 4, iterations: 1
  [a=27 b=36 nt=1558] KSP converged reason: 4, iterations: 1
  [a=26 b=36 nt=1314] KSP converged reason: 4, iterations: 1
  [a=30 b=39 nt=1548] KSP converged reason: 4, iterations: 1
  [ 241] viol   f=  44.104  a=27.4 b=38.9 gap=9.5 (face=3.0mm) n=[300, 300, 465, 465]  tape=0.357km B=9.74T unif=1.174% hoop=155MPa
  [ 242] viol   f= 187.700  a=24.5 b=38.0 gap=9.5 (face=3.0mm) n=[287, 287, 408, 408]  tape=0.306km B=9.30T unif=1.572% hoop=132MPa
  [ 243] viol   f= 730.412  a=26.5 b=36.4 gap=9.5 (face=3.0mm) n=[287, 287, 370, 370]  tape=0.282km B=9.04T unif=2.327% hoop=137MPa
  [ 244] viol   f=2445.060  a=26.8 b=36.3 gap=9.5 (face=3.0mm) n=[388, 388, 391, 391]  tape=0.322km B=11.56T unif=3.597% hoop=136MPa
  [ 245] INFEAS f=1003.954  a=25.3 b=33.5 gap=9.5 (face=3.0mm) n=[348, 348, 487, 487]  no evaluation (geometry pre-check)
  [ 246] viol   f= 138.242  a=27.7 b=36.8 gap=9.5 (face=3.1mm) n=[271, 271, 497, 497]  tape=0.352km B=9.69T unif=1.464% hoop=150MPa
  [ 247] viol   f=   1.000  a=26.7 b=36.5 gap=9.5 (face=3.0mm) n=[279, 279, 444, 444]  tape=0.321km B=9.42T unif=0.750% hoop=146MPa
  [ 248] viol   f=   0.926  a=29.6 b=38.8 gap=9.5 (face=3.0mm) n=[274, 274, 500, 500]  tape=0.374km B=9.47T unif=0.643% hoop=156MPa
  [a=29 b=38 nt=1710] KSP converged reason: 4, iterations: 1
  [a=28 b=36 nt=1468] KSP converged reason: 4, iterations: 1
  [a=29 b=39 nt=1622] KSP converged reason: 4, iterations: 1
  [a=28 b=37 nt=1542] KSP converged reason: 4, iterations: 1
  [a=29 b=38 nt=1440] KSP converged reason: 4, iterations: 1
  [a=29 b=37 nt=1410] KSP converged reason: 4, iterations: 1
  [a=28 b=40 nt=1414] KSP converged reason: 4, iterations: 1
  [a=30 b=38 nt=1550] KSP converged reason: 4, iterations: 1
  [ 249] viol   f= 237.107  a=28.3 b=36.1 gap=9.5 (face=3.0mm) n=[253, 253, 481, 481]  tape=0.334km B=9.29T unif=1.669% hoop=145MPa
  [ 250] OK     f=   0.394  a=28.6 b=37.9 gap=9.5 (face=3.1mm) n=[359, 359, 496, 496]  tape=0.394km B=10.97T unif=0.744% hoop=168MPa
  [ 251] viol   f=   5.167  a=28.5 b=36.9 gap=9.5 (face=3.0mm) n=[243, 243, 462, 462]  tape=0.325km B=8.90T unif=0.888% hoop=144MPa
  [ 252] OK     f=   0.386  a=29.0 b=38.7 gap=9.5 (face=3.0mm) n=[311, 311, 500, 500]  tape=0.386km B=10.12T unif=0.648% hoop=166MPa
  [ 253] viol   f=   6.656  a=28.9 b=38.4 gap=9.5 (face=3.0mm) n=[226, 226, 494, 494]  tape=0.345km B=8.91T unif=0.912% hoop=133MPa
  [ 254] viol   f=   0.349  a=27.5 b=36.6 gap=9.5 (face=3.0mm) n=[302, 302, 469, 469]  tape=0.346km B=9.96T unif=0.547% hoop=156MPa
  [ 255] viol   f=  31.920  a=28.0 b=40.2 gap=9.5 (face=3.0mm) n=[210, 210, 497, 497]  tape=0.346km B=8.67T unif=1.100% hoop=124MPa
  [ 256] viol   f=   0.794  a=29.6 b=38.1 gap=9.5 (face=3.0mm) n=[275, 275, 500, 500]  tape=0.370km B=9.54T unif=0.734% hoop=157MPa
  [a=30 b=39 nt=1602] KSP converged reason: 4, iterations: 1
  [a=28 b=37 nt=1580] KSP converged reason: 4, iterations: 1
  [a=28 b=38 nt=1892] KSP converged reason: 4, iterations: 1
  [a=27 b=35 nt=1630] KSP converged reason: 4, iterations: 1
  [a=28 b=38 nt=1656] KSP converged reason: 4, iterations: 1
  [a=29 b=37 nt=1634] KSP converged reason: 4, iterations: 1
  [a=29 b=38 nt=1640] KSP converged reason: 4, iterations: 1
  [a=29 b=39 nt=1580] KSP converged reason: 4, iterations: 1
  [ 257] viol   f=  25.424  a=27.3 b=35.1 gap=9.5 (face=3.0mm) n=[326, 326, 489, 489]  tape=0.356km B=10.59T unif=1.083% hoop=158MPa
  [ 258] viol   f=   0.415  a=29.9 b=39.0 gap=9.5 (face=3.1mm) n=[303, 303, 498, 498]  tape=0.387km B=9.88T unif=0.659% hoop=169MPa
  [ 259] viol   f= 299.342  a=29.1 b=37.1 gap=9.5 (face=3.1mm) n=[359, 359, 458, 458]  tape=0.367km B=10.84T unif=1.778% hoop=164MPa
  [ 260] viol   f= 486.250  a=27.8 b=38.2 gap=9.5 (face=3.0mm) n=[447, 447, 499, 499]  tape=0.420km B=13.08T unif=2.047% hoop=157MPa
  [ 261] viol   f=  15.542  a=28.4 b=37.0 gap=9.5 (face=3.0mm) n=[293, 293, 497, 497]  tape=0.364km B=9.90T unif=1.020% hoop=154MPa
  [ 262] OK     f=   0.383  a=28.3 b=37.8 gap=9.5 (face=3.1mm) n=[329, 329, 499, 499]  tape=0.383km B=10.51T unif=0.685% hoop=164MPa
  [ 263] OK     f=   0.387  a=29.5 b=38.0 gap=9.5 (face=3.1mm) n=[321, 321, 499, 499]  tape=0.387km B=10.27T unif=0.638% hoop=169MPa
  [ 264] viol   f=   0.474  a=29.1 b=39.0 gap=9.5 (face=3.0mm) n=[290, 290, 500, 500]  tape=0.380km B=9.78T unif=0.501% hoop=163MPa
  [a=29 b=37 nt=1680] KSP converged reason: 4, iterations: 1
  [a=29 b=38 nt=1542] KSP converged reason: 4, iterations: 1
  [a=29 b=39 nt=1822] KSP converged reason: 4, iterations: 1
  [a=31 b=39 nt=1596] KSP converged reason: 4, iterations: 1
  [a=29 b=38 nt=1638] KSP converged reason: 4, iterations: 1
  [a=29 b=39 nt=1734] KSP converged reason: 4, iterations: 1
  [a=28 b=38 nt=1702] KSP converged reason: 4, iterations: 1
  [a=29 b=37 nt=1684] KSP converged reason: 4, iterations: 1
  [ 265] viol   f=  72.085  a=31.2 b=39.0 gap=9.6 (face=3.1mm) n=[329, 329, 469, 469]  tape=0.384km B=9.97T unif=1.279% hoop=175MPa
  [ 266] viol   f= 374.876  a=28.8 b=39.3 gap=9.5 (face=3.0mm) n=[411, 411, 500, 500]  tape=0.423km B=11.96T unif=1.895% hoop=168MPa
  [ 267] OK     f=   0.382  a=28.9 b=36.7 gap=9.5 (face=3.0mm) n=[347, 347, 493, 493]  tape=0.382km B=10.77T unif=0.282% hoop=168MPa
  [ 268] viol   f=   0.712  a=28.9 b=38.4 gap=9.5 (face=3.0mm) n=[278, 278, 493, 493]  tape=0.367km B=9.58T unif=0.562% hoop=157MPa
  [ 269] OK     f=   0.385  a=28.7 b=38.4 gap=9.5 (face=3.1mm) n=[325, 325, 494, 494]  tape=0.385km B=10.33T unif=0.667% hoop=166MPa
  [ 270] viol   f=  48.682  a=29.2 b=39.1 gap=9.6 (face=3.1mm) n=[367, 367, 500, 500]  tape=0.410km B=11.04T unif=1.193% hoop=173MPa
  [ 271] OK     f=   0.392  a=27.6 b=38.1 gap=9.5 (face=3.0mm) n=[351, 351, 500, 500]  tape=0.392km B=10.88T unif=0.616% hoop=164MPa
  [ 272] OK     f=   0.388  a=29.0 b=37.4 gap=9.5 (face=3.0mm) n=[344, 344, 498, 498]  tape=0.388km B=10.69T unif=0.335% hoop=169MPa
  [a=29 b=37 nt=1580] KSP converged reason: 4, iterations: 1
  [a=29 b=38 nt=1736] KSP converged reason: 4, iterations: 1
  [a=30 b=37 nt=1538] KSP converged reason: 4, iterations: 1
  [a=29 b=37 nt=1554] KSP converged reason: 4, iterations: 1
  [a=30 b=37 nt=1680] KSP converged reason: 4, iterations: 1
  [a=29 b=39 nt=1734] KSP converged reason: 4, iterations: 1
  [a=30 b=38 nt=1748] KSP converged reason: 4, iterations: 1
  [a=30 b=38 nt=1682] KSP converged reason: 4, iterations: 1
  [ 273] viol   f=   0.516  a=30.0 b=36.6 gap=9.6 (face=3.2mm) n=[300, 300, 469, 469]  tape=0.354km B=9.72T unif=0.448% hoop=163MPa
  [ 274] viol   f=   0.449  a=28.5 b=37.3 gap=9.5 (face=3.0mm) n=[290, 290, 487, 487]  tape=0.360km B=9.79T unif=0.682% hoop=159MPa
  [ 275] viol   f=  24.451  a=29.0 b=36.9 gap=9.5 (face=3.0mm) n=[290, 290, 500, 500]  tape=0.366km B=9.89T unif=1.077% hoop=158MPa
  [ 276] viol   f= 158.137  a=29.0 b=37.6 gap=9.5 (face=3.0mm) n=[381, 381, 487, 487]  tape=0.395km B=11.41T unif=1.510% hoop=169MPa
  [ 277] OK     f=   0.386  a=29.8 b=36.9 gap=9.5 (face=3.1mm) n=[348, 348, 492, 492]  tape=0.386km B=10.73T unif=0.570% hoop=173MPa
  [ 278] viol   f= 435.936  a=29.4 b=38.6 gap=9.6 (face=3.1mm) n=[386, 386, 481, 481]  tape=0.401km B=11.37T unif=1.981% hoop=171MPa
  [ 279] viol   f= 178.529  a=29.9 b=38.4 gap=9.6 (face=3.2mm) n=[384, 384, 490, 490]  tape=0.407km B=11.31T unif=1.555% hoop=175MPa
  [ 280] OK     f=   0.395  a=30.0 b=37.9 gap=9.5 (face=3.1mm) n=[341, 341, 500, 500]  tape=0.395km B=10.55T unif=0.437% hoop=173MPa
  [a=29 b=38 nt=1668] KSP converged reason: 4, iterations: 1
  [a=31 b=36 nt=1738] KSP converged reason: 4, iterations: 1
  [a=29 b=36 nt=1778] KSP converged reason: 4, iterations: 1
  [a=30 b=38 nt=1656] KSP converged reason: 4, iterations: 1
  [a=29 b=37 nt=1636] KSP converged reason: 4, iterations: 1
  [a=30 b=38 nt=1654] KSP converged reason: 4, iterations: 1
  [a=29 b=38 nt=1562] KSP converged reason: 4, iterations: 1
  [a=30 b=37 nt=1762] KSP converged reason: 4, iterations: 1
  [ 281] OK     f=   0.391  a=29.9 b=38.1 gap=9.5 (face=3.1mm) n=[331, 331, 496, 496]  tape=0.391km B=10.35T unif=0.515% hoop=173MPa
  [ 282] viol   f=  18.360  a=28.7 b=36.3 gap=9.5 (face=3.0mm) n=[389, 389, 500, 500]  tape=0.395km B=11.75T unif=1.040% hoop=167MPa
  [ 283] OK     f=   0.388  a=28.7 b=37.9 gap=9.5 (face=3.0mm) n=[334, 334, 500, 500]  tape=0.388km B=10.52T unif=0.445% hoop=165MPa
  [ 284] OK     f=   0.392  a=30.8 b=35.8 gap=9.6 (face=3.1mm) n=[375, 375, 494, 494]  tape=0.392km B=11.30T unif=0.709% hoop=178MPa
  [ 285] OK     f=   0.373  a=29.3 b=36.5 gap=9.5 (face=3.0mm) n=[331, 331, 487, 487]  tape=0.373km B=10.46T unif=0.444% hoop=166MPa
  [ 286] OK     f=   0.393  a=30.2 b=38.0 gap=9.5 (face=3.1mm) n=[328, 328, 500, 500]  tape=0.393km B=10.34T unif=0.582% hoop=173MPa
  [ 287] viol   f=   0.610  a=29.2 b=38.0 gap=9.5 (face=3.0mm) n=[284, 284, 497, 497]  tape=0.370km B=9.65T unif=0.672% hoop=162MPa
  [ 288] viol   f=  47.134  a=29.6 b=36.8 gap=9.5 (face=3.0mm) n=[384, 384, 497, 497]  tape=0.399km B=11.54T unif=1.187% hoop=174MPa
  [a=29 b=37 nt=1670] KSP converged reason: 4, iterations: 1
  [a=28 b=37 nt=1598] KSP converged reason: 4, iterations: 1
  [a=30 b=37 nt=1622] KSP converged reason: 4, iterations: 1
  [a=29 b=37 nt=1670] KSP converged reason: 4, iterations: 1
  [a=30 b=38 nt=1716] KSP converged reason: 4, iterations: 1
  [a=29 b=38 nt=1544] KSP converged reason: 4, iterations: 1
  [a=28 b=36 nt=1580] KSP converged reason: 4, iterations: 1
  [a=29 b=37 nt=1638] KSP converged reason: 4, iterations: 1
  [ 289] viol   f=   0.439  a=28.8 b=37.7 gap=9.5 (face=3.0mm) n=[307, 307, 465, 465]  tape=0.358km B=9.80T unif=0.698% hoop=160MPa
  [ 290] viol   f=   0.770  a=29.6 b=37.8 gap=9.5 (face=3.0mm) n=[363, 363, 495, 495]  tape=0.398km B=11.00T unif=0.834% hoop=173MPa
  [ 291] OK     f=   0.380  a=28.9 b=36.5 gap=9.5 (face=3.0mm) n=[336, 336, 499, 499]  tape=0.380km B=10.65T unif=0.493% hoop=166MPa
  [ 292] viol   f= 198.458  a=28.6 b=36.6 gap=9.5 (face=3.0mm) n=[367, 367, 468, 468]  tape=0.371km B=11.14T unif=1.596% hoop=167MPa
  [ 293] OK     f=   0.373  a=29.7 b=36.5 gap=9.5 (face=3.1mm) n=[319, 319, 492, 492]  tape=0.373km B=10.24T unif=0.586% hoop=166MPa
  [ 294] viol   f=   0.461  a=27.6 b=36.8 gap=9.5 (face=3.0mm) n=[302, 302, 497, 497]  tape=0.364km B=10.11T unif=0.818% hoop=155MPa
  [ 295] viol   f= 366.368  a=27.8 b=35.8 gap=9.5 (face=3.1mm) n=[290, 290, 500, 500]  tape=0.355km B=9.99T unif=1.882% hoop=153MPa
  [ 296] OK     f=   0.378  a=29.4 b=36.9 gap=9.5 (face=3.1mm) n=[322, 322, 497, 497]  tape=0.378km B=10.37T unif=0.564% hoop=165MPa
  [a=30 b=36 nt=1704] KSP converged reason: 4, iterations: 1
  [a=29 b=37 nt=1590] KSP converged reason: 4, iterations: 1
  [a=29 b=37 nt=1620] KSP converged reason: 4, iterations: 1
  [a=30 b=37 nt=1624] KSP converged reason: 4, iterations: 1
  [a=29 b=37 nt=1640] KSP converged reason: 4, iterations: 1
  [a=30 b=36 nt=1512] KSP converged reason: 4, iterations: 1
  [a=29 b=37 nt=1660] KSP converged reason: 4, iterations: 1
  [a=29 b=37 nt=1638] KSP converged reason: 4, iterations: 1
  [ 297] OK     f=   0.379  a=29.7 b=37.3 gap=9.6 (face=3.1mm) n=[318, 318, 494, 494]  tape=0.379km B=10.21T unif=0.528% hoop=169MPa
  [ 298] viol   f=   0.808  a=30.2 b=36.3 gap=9.6 (face=3.1mm) n=[285, 285, 471, 471]  tape=0.349km B=9.52T unif=0.621% hoop=164MPa
  [ 299] OK     f=   0.383  a=29.9 b=35.7 gap=9.5 (face=3.1mm) n=[357, 357, 495, 495]  tape=0.383km B=11.02T unif=0.339% hoop=172MPa
  [ 300] viol   f=   0.527  a=29.2 b=36.9 gap=9.5 (face=3.0mm) n=[298, 298, 497, 497]  tape=0.369km B=9.96T unif=0.822% hoop=160MPa
  [ 301] OK     f=   0.377  a=29.2 b=37.4 gap=9.5 (face=3.0mm) n=[317, 317, 493, 493]  tape=0.377km B=10.23T unif=0.590% hoop=167MPa
  [ 302] OK     f=   0.378  a=28.6 b=37.2 gap=9.5 (face=3.0mm) n=[320, 320, 500, 500]  tape=0.378km B=10.39T unif=0.652% hoop=163MPa
  [ 303] OK     f=   0.381  a=28.7 b=37.1 gap=9.5 (face=3.1mm) n=[330, 330, 500, 500]  tape=0.381km B=10.49T unif=0.518% hoop=166MPa
  [ 304] OK     f=   0.379  a=28.7 b=37.4 gap=9.5 (face=3.0mm) n=[321, 321, 498, 498]  tape=0.379km B=10.35T unif=0.542% hoop=164MPa
  [a=29 b=37 nt=1680] KSP converged reason: 4, iterations: 1
  [a=29 b=37 nt=1688] KSP converged reason: 4, iterations: 1
  [a=30 b=39 nt=1690] KSP converged reason: 4, iterations: 1
  [a=29 b=37 nt=1624] KSP converged reason: 4, iterations: 1
  [a=30 b=37 nt=1664] KSP converged reason: 4, iterations: 1
  [a=29 b=38 nt=1610] KSP converged reason: 4, iterations: 1
  [a=29 b=38 nt=1652] KSP converged reason: 4, iterations: 1
  [a=30 b=36 nt=1644] KSP converged reason: 4, iterations: 1
  [ 305] OK     f=   0.380  a=28.8 b=38.4 gap=9.5 (face=3.1mm) n=[310, 310, 495, 495]  tape=0.380km B=10.09T unif=0.693% hoop=165MPa
  [ 306] OK     f=   0.383  a=29.0 b=36.6 gap=9.5 (face=3.1mm) n=[342, 342, 498, 498]  tape=0.383km B=10.73T unif=0.383% hoop=167MPa
  [ 307] OK     f=   0.381  a=28.7 b=36.5 gap=9.5 (face=3.0mm) n=[351, 351, 493, 493]  tape=0.381km B=10.90T unif=0.346% hoop=167MPa
  [ 308] OK     f=   0.401  a=29.7 b=38.7 gap=9.5 (face=3.1mm) n=[345, 345, 500, 500]  tape=0.401km B=10.58T unif=0.597% hoop=173MPa
  [ 309] OK     f=   0.374  a=29.2 b=36.7 gap=9.5 (face=3.1mm) n=[312, 312, 500, 500]  tape=0.374km B=10.27T unif=0.785% hoop=163MPa
  [ 310] OK     f=   0.387  a=29.9 b=37.2 gap=9.5 (face=3.1mm) n=[332, 332, 500, 500]  tape=0.387km B=10.48T unif=0.426% hoop=169MPa
  [ 311] viol   f=   5.593  a=30.2 b=36.3 gap=9.6 (face=3.2mm) n=[348, 348, 474, 474]  tape=0.372km B=10.63T unif=0.929% hoop=170MPa
  [ 312] OK     f=   0.386  a=28.9 b=37.8 gap=9.5 (face=3.1mm) n=[326, 326, 500, 500]  tape=0.386km B=10.36T unif=0.390% hoop=167MPa
  [a=29 b=37 nt=1668] KSP converged reason: 4, iterations: 1
  [a=29 b=38 nt=1574] KSP converged reason: 4, iterations: 1
  [a=29 b=37 nt=1612] KSP converged reason: 4, iterations: 1
  [a=29 b=37 nt=1660] KSP converged reason: 4, iterations: 1
  [a=29 b=37 nt=1614] KSP converged reason: 4, iterations: 1
  [a=30 b=38 nt=1618] KSP converged reason: 4, iterations: 1
  [a=29 b=37 nt=1626] KSP converged reason: 4, iterations: 1
  [a=30 b=37 nt=1606] KSP converged reason: 4, iterations: 1
  [ 313] OK     f=   0.368  a=28.8 b=36.9 gap=9.5 (face=3.0mm) n=[327, 327, 480, 480]  tape=0.368km B=10.31T unif=0.277% hoop=164MPa
  [ 314] OK     f=   0.382  a=28.7 b=36.9 gap=9.5 (face=3.1mm) n=[334, 334, 500, 500]  tape=0.382km B=10.64T unif=0.466% hoop=165MPa
  [ 315] OK     f=   0.373  a=28.7 b=37.2 gap=9.5 (face=3.1mm) n=[308, 308, 498, 498]  tape=0.373km B=10.12T unif=0.732% hoop=162MPa
  [ 316] OK     f=   0.383  a=29.3 b=37.0 gap=9.5 (face=3.1mm) n=[330, 330, 500, 500]  tape=0.383km B=10.51T unif=0.456% hoop=167MPa
  [ 317] viol   f=   0.463  a=28.6 b=37.7 gap=9.5 (face=3.0mm) n=[290, 290, 497, 497]  tape=0.368km B=9.78T unif=0.632% hoop=160MPa
  [ 318] OK     f=   0.385  a=29.8 b=38.1 gap=9.5 (face=3.1mm) n=[310, 310, 499, 499]  tape=0.385km B=10.07T unif=0.636% hoop=170MPa
  [ 319] OK     f=   0.377  a=29.3 b=36.9 gap=9.5 (face=3.1mm) n=[313, 313, 500, 500]  tape=0.377km B=10.27T unif=0.739% hoop=166MPa
  [ 320] OK     f=   0.376  a=29.6 b=37.3 gap=9.5 (face=3.1mm) n=[306, 306, 497, 497]  tape=0.376km B=10.06T unif=0.684% hoop=163MPa
  [a=29 b=37 nt=1640] KSP converged reason: 4, iterations: 1
  [a=29 b=36 nt=1598] KSP converged reason: 4, iterations: 1
  [a=29 b=37 nt=1620] KSP converged reason: 4, iterations: 1
  [a=29 b=37 nt=1644] KSP converged reason: 4, iterations: 1
  [a=29 b=37 nt=1674] KSP converged reason: 4, iterations: 1
  [a=29 b=37 nt=1612] KSP converged reason: 4, iterations: 1
  [a=30 b=37 nt=1644] KSP converged reason: 4, iterations: 1
  [a=29 b=37 nt=1614] KSP converged reason: 4, iterations: 1
  [ 321] OK     f=   0.382  a=29.2 b=37.3 gap=9.5 (face=3.1mm) n=[324, 324, 498, 498]  tape=0.382km B=10.35T unif=0.421% hoop=166MPa
  [ 322] OK     f=   0.375  a=29.1 b=37.1 gap=9.5 (face=3.0mm) n=[312, 312, 498, 498]  tape=0.375km B=10.23T unif=0.591% hoop=164MPa
  [ 323] OK     f=   0.387  a=29.3 b=37.4 gap=9.5 (face=3.0mm) n=[343, 343, 494, 494]  tape=0.387km B=10.62T unif=0.389% hoop=171MPa
  [ 324] OK     f=   0.375  a=29.3 b=36.6 gap=9.5 (face=3.1mm) n=[327, 327, 493, 493]  tape=0.375km B=10.44T unif=0.478% hoop=167MPa
  [ 325] viol   f=  19.072  a=28.6 b=36.4 gap=9.5 (face=3.0mm) n=[304, 304, 495, 495]  tape=0.364km B=10.12T unif=1.045% hoop=159MPa
  [ 326] OK     f=   0.374  a=29.4 b=37.2 gap=9.5 (face=3.0mm) n=[315, 315, 491, 491]  tape=0.374km B=10.15T unif=0.466% hoop=167MPa
  [ 327] OK     f=   0.381  a=29.8 b=36.8 gap=9.5 (face=3.1mm) n=[322, 322, 500, 500]  tape=0.381km B=10.38T unif=0.637% hoop=167MPa
  [ 328] OK     f=   0.374  a=29.3 b=37.1 gap=9.5 (face=3.1mm) n=[311, 311, 496, 496]  tape=0.374km B=10.18T unif=0.598% hoop=164MPa
  [a=29 b=38 nt=1632] KSP converged reason: 4, iterations: 1
  [a=29 b=37 nt=1634] KSP converged reason: 4, iterations: 1
  [a=30 b=36 nt=1672] KSP converged reason: 4, iterations: 1
  [a=29 b=37 nt=1624] KSP converged reason: 4, iterations: 1
  [a=29 b=37 nt=1608] KSP converged reason: 4, iterations: 1
  [a=29 b=37 nt=1660] KSP converged reason: 4, iterations: 1
  [a=30 b=37 nt=1644] KSP converged reason: 4, iterations: 1
  [a=30 b=37 nt=1646] KSP converged reason: 4, iterations: 1
  [ 329] OK     f=   0.382  a=29.7 b=36.4 gap=9.5 (face=3.1mm) n=[338, 338, 498, 498]  tape=0.382km B=10.65T unif=0.414% hoop=170MPa
  [ 330] OK     f=   0.375  a=29.3 b=37.4 gap=9.5 (face=3.0mm) n=[310, 310, 494, 494]  tape=0.375km B=10.10T unif=0.542% hoop=168MPa
  [ 331] OK     f=   0.379  a=29.0 b=37.5 gap=9.5 (face=3.0mm) n=[322, 322, 495, 495]  tape=0.379km B=10.31T unif=0.491% hoop=165MPa
  [ 332] OK     f=   0.380  a=29.2 b=36.8 gap=9.5 (face=3.0mm) n=[334, 334, 496, 496]  tape=0.380km B=10.55T unif=0.484% hoop=167MPa
  [ 333] OK     f=   0.383  a=29.3 b=37.8 gap=9.5 (face=3.1mm) n=[316, 316, 500, 500]  tape=0.383km B=10.26T unif=0.699% hoop=169MPa
  [ 334] OK     f=   0.375  a=29.4 b=36.8 gap=9.5 (face=3.0mm) n=[314, 314, 498, 498]  tape=0.375km B=10.27T unif=0.686% hoop=166MPa
  [ 335] OK     f=   0.386  a=30.1 b=37.5 gap=9.5 (face=3.1mm) n=[322, 322, 500, 500]  tape=0.386km B=10.32T unif=0.581% hoop=171MPa
  [ 336] OK     f=   0.382  a=29.7 b=37.0 gap=9.5 (face=3.1mm) n=[325, 325, 498, 498]  tape=0.382km B=10.39T unif=0.483% hoop=168MPa
  [a=29 b=37 nt=1646] KSP converged reason: 4, iterations: 1
  [a=29 b=37 nt=1644] KSP converged reason: 4, iterations: 1
  [a=29 b=37 nt=1646] KSP converged reason: 4, iterations: 1
  [a=29 b=37 nt=1602] KSP converged reason: 4, iterations: 1
  [a=29 b=37 nt=1628] KSP converged reason: 4, iterations: 1
  [a=29 b=37 nt=1616] KSP converged reason: 4, iterations: 1
  [a=29 b=38 nt=1630] KSP converged reason: 4, iterations: 1
  [a=29 b=37 nt=1664] KSP converged reason: 4, iterations: 1
  [ 337] OK     f=   0.374  a=29.2 b=37.3 gap=9.5 (face=3.0mm) n=[321, 321, 487, 487]  tape=0.374km B=10.24T unif=0.583% hoop=165MPa
  [ 338] OK     f=   0.383  a=29.4 b=37.3 gap=9.5 (face=3.1mm) n=[323, 323, 500, 500]  tape=0.383km B=10.36T unif=0.497% hoop=167MPa
  [ 339] OK     f=   0.382  a=29.3 b=37.3 gap=9.5 (face=3.0mm) n=[327, 327, 496, 496]  tape=0.382km B=10.39T unif=0.437% hoop=168MPa
  [ 340] OK     f=   0.376  a=29.2 b=37.0 gap=9.5 (face=3.0mm) n=[320, 320, 494, 494]  tape=0.376km B=10.33T unif=0.539% hoop=167MPa
  [ 341] OK     f=   0.370  a=28.7 b=37.3 gap=9.5 (face=3.0mm) n=[309, 309, 492, 492]  tape=0.370km B=10.15T unif=0.671% hoop=165MPa
  [ 342] OK     f=   0.379  a=29.2 b=36.9 gap=9.5 (face=3.1mm) n=[323, 323, 499, 499]  tape=0.379km B=10.42T unif=0.580% hoop=165MPa
  [ 343] OK     f=   0.380  a=29.3 b=37.6 gap=9.5 (face=3.1mm) n=[320, 320, 495, 495]  tape=0.380km B=10.28T unif=0.594% hoop=170MPa
  [ 344] OK     f=   0.383  a=29.0 b=37.0 gap=9.5 (face=3.0mm) n=[332, 332, 500, 500]  tape=0.383km B=10.57T unif=0.460% hoop=167MPa
  [a=28 b=37 nt=1604] KSP converged reason: 4, iterations: 1
  [a=29 b=37 nt=1592] KSP converged reason: 4, iterations: 1
  [a=29 b=37 nt=1626] KSP converged reason: 4, iterations: 1
  [a=29 b=37 nt=1594] KSP converged reason: 4, iterations: 1
  [a=29 b=37 nt=1612] KSP converged reason: 4, iterations: 1
  [a=29 b=37 nt=1600] KSP converged reason: 4, iterations: 1
  [a=29 b=37 nt=1588] KSP converged reason: 4, iterations: 1
  [a=29 b=37 nt=1612] KSP converged reason: 4, iterations: 1
  [ 345] OK     f=   0.369  a=28.7 b=36.6 gap=9.5 (face=3.0mm) n=[326, 326, 487, 487]  tape=0.369km B=10.41T unif=0.388% hoop=163MPa
  [ 346] OK     f=   0.374  a=29.5 b=37.5 gap=9.5 (face=3.0mm) n=[309, 309, 491, 491]  tape=0.374km B=10.05T unif=0.577% hoop=167MPa
  [ 347] OK     f=   0.365  a=28.5 b=37.2 gap=9.5 (face=3.0mm) n=[315, 315, 481, 481]  tape=0.365km B=10.13T unif=0.498% hoop=161MPa
  [ 348] OK     f=   0.370  a=28.9 b=37.0 gap=9.5 (face=3.1mm) n=[317, 317, 489, 489]  tape=0.370km B=10.24T unif=0.490% hoop=166MPa
  [ 349] OK     f=   0.365  a=28.2 b=36.8 gap=9.5 (face=3.0mm) n=[313, 313, 489, 489]  tape=0.365km B=10.18T unif=0.658% hoop=160MPa
  [ 350] OK     f=   0.368  a=28.6 b=37.3 gap=9.5 (face=3.0mm) n=[309, 309, 488, 488]  tape=0.368km B=10.10T unif=0.592% hoop=162MPa
  [ 351] OK     f=   0.363  a=28.9 b=36.6 gap=9.5 (face=3.0mm) n=[310, 310, 484, 484]  tape=0.363km B=10.10T unif=0.554% hoop=164MPa
  [ 352] OK     f=   0.373  a=28.9 b=37.4 gap=9.5 (face=3.0mm) n=[317, 317, 489, 489]  tape=0.373km B=10.21T unif=0.623% hoop=164MPa
  [a=29 b=37 nt=1630] KSP converged reason: 4, iterations: 1
  [a=29 b=37 nt=1564] KSP converged reason: 4, iterations: 1
  [a=29 b=38 nt=1604] KSP converged reason: 4, iterations: 1
  [a=29 b=37 nt=1580] KSP converged reason: 4, iterations: 1
  [a=29 b=37 nt=1594] KSP converged reason: 4, iterations: 1
  [a=28 b=37 nt=1560] KSP converged reason: 4, iterations: 1
  [a=28 b=37 nt=1584] KSP converged reason: 4, iterations: 1
  [a=28 b=37 nt=1586] KSP converged reason: 4, iterations: 1
  [ 353] viol   f=   0.367  a=29.3 b=36.9 gap=9.5 (face=3.0mm) n=[304, 304, 486, 486]  tape=0.365km B=9.97T unif=0.536% hoop=166MPa
  [ 354] OK     f=   0.365  a=28.6 b=37.0 gap=9.5 (face=3.0mm) n=[311, 311, 486, 486]  tape=0.365km B=10.16T unif=0.596% hoop=162MPa
  [ 355] OK     f=   0.377  a=28.8 b=38.1 gap=9.5 (face=3.0mm) n=[310, 310, 492, 492]  tape=0.377km B=10.09T unif=0.781% hoop=167MPa
  [ 356] OK     f=   0.374  a=29.1 b=36.7 gap=9.5 (face=3.0mm) n=[319, 319, 496, 496]  tape=0.374km B=10.36T unif=0.651% hoop=164MPa
  [ 357] viol   f=   0.371  a=28.9 b=36.7 gap=9.5 (face=3.0mm) n=[300, 300, 482, 482]  tape=0.358km B=9.92T unif=0.755% hoop=161MPa
  [ 358] viol   f=   0.356  a=28.5 b=37.1 gap=9.5 (face=3.0mm) n=[311, 311, 469, 469]  tape=0.356km B=9.99T unif=0.659% hoop=162MPa
  [ 359] OK     f=   0.360  a=28.4 b=37.1 gap=9.5 (face=3.0mm) n=[322, 322, 470, 470]  tape=0.360km B=10.16T unif=0.473% hoop=160MPa
  [ 360] OK     f=   0.359  a=28.3 b=36.5 gap=9.5 (face=3.0mm) n=[313, 313, 480, 480]  tape=0.359km B=10.16T unif=0.479% hoop=160MPa
  [a=28 b=36 nt=1594] KSP converged reason: 4, iterations: 1
  [a=29 b=37 nt=1610] KSP converged reason: 4, iterations: 1
  [a=29 b=37 nt=1598] KSP converged reason: 4, iterations: 1
  [a=28 b=37 nt=1572] KSP converged reason: 4, iterations: 1
  [a=29 b=37 nt=1568] KSP converged reason: 4, iterations: 1
  [a=28 b=37 nt=1510] KSP converged reason: 4, iterations: 1
  [a=28 b=37 nt=1544] KSP converged reason: 4, iterations: 1
  [a=28 b=37 nt=1568] KSP converged reason: 4, iterations: 1
  [ 361] OK     f=   0.369  a=28.9 b=37.4 gap=9.5 (face=3.0mm) n=[316, 316, 483, 483]  tape=0.369km B=10.13T unif=0.539% hoop=164MPa
  [ 362] viol   f=   3.612  a=28.3 b=37.1 gap=9.5 (face=3.0mm) n=[310, 310, 445, 445]  tape=0.341km B=9.80T unif=0.901% hoop=156MPa
  [ 363] OK     f=   0.355  a=28.0 b=37.0 gap=9.5 (face=3.0mm) n=[321, 321, 465, 465]  tape=0.355km B=10.16T unif=0.510% hoop=157MPa
  [ 364] OK     f=   0.355  a=28.7 b=36.6 gap=9.5 (face=3.0mm) n=[319, 319, 465, 465]  tape=0.355km B=10.10T unif=0.644% hoop=160MPa
  [ 365] OK     f=   0.368  a=28.8 b=36.9 gap=9.5 (face=3.0mm) n=[321, 321, 484, 484]  tape=0.368km B=10.25T unif=0.404% hoop=166MPa
  [ 366] OK     f=   0.358  a=27.9 b=36.4 gap=9.5 (face=3.0mm) n=[319, 319, 478, 478]  tape=0.358km B=10.29T unif=0.454% hoop=158MPa
  [ 367] viol   f=  22.552  a=27.9 b=36.7 gap=9.5 (face=3.0mm) n=[326, 326, 446, 446]  tape=0.343km B=10.18T unif=1.067% hoop=155MPa
  [ 368] OK     f=   0.356  a=28.3 b=36.9 gap=9.5 (face=3.0mm) n=[313, 313, 471, 471]  tape=0.356km B=10.04T unif=0.438% hoop=157MPa
  [a=29 b=37 nt=1590] KSP converged reason: 4, iterations: 1
  [a=29 b=37 nt=1588] KSP converged reason: 4, iterations: 1
  [a=28 b=37 nt=1564] KSP converged reason: 4, iterations: 1
  [a=28 b=37 nt=1552] KSP converged reason: 4, iterations: 1
  [a=28 b=37 nt=1510] KSP converged reason: 4, iterations: 1
  [a=28 b=37 nt=1484] KSP converged reason: 4, iterations: 1
  [a=29 b=37 nt=1566] KSP converged reason: 4, iterations: 1
  [a=29 b=37 nt=1610] KSP converged reason: 4, iterations: 1
  [ 369] OK     f=   0.361  a=28.5 b=36.7 gap=9.5 (face=3.0mm) n=[318, 318, 477, 477]  tape=0.361km B=10.16T unif=0.386% hoop=160MPa
  [ 370] viol   f=   2.729  a=28.0 b=36.6 gap=9.5 (face=3.0mm) n=[309, 309, 446, 446]  tape=0.338km B=9.85T unif=0.887% hoop=153MPa
  [ 371] viol   f=   1.662  a=28.2 b=36.9 gap=9.5 (face=3.0mm) n=[321, 321, 455, 455]  tape=0.349km B=10.10T unif=0.865% hoop=157MPa
  [ 372] OK     f=   0.355  a=28.4 b=37.0 gap=9.5 (face=3.0mm) n=[319, 319, 463, 463]  tape=0.355km B=10.06T unif=0.510% hoop=160MPa
  [ 373] viol   f=   9.026  a=27.6 b=36.6 gap=9.5 (face=3.0mm) n=[304, 304, 438, 438]  tape=0.330km B=9.73T unif=0.965% hoop=149MPa
  [ 374] OK     f=   0.364  a=29.1 b=36.6 gap=9.5 (face=3.0mm) n=[307, 307, 487, 487]  tape=0.364km B=10.08T unif=0.626% hoop=164MPa
  [ 375] OK     f=   0.357  a=28.8 b=36.8 gap=9.5 (face=3.0mm) n=[313, 313, 470, 470]  tape=0.357km B=10.03T unif=0.586% hoop=161MPa
  [ 376] OK     f=   0.366  a=28.8 b=36.6 gap=9.5 (face=3.0mm) n=[320, 320, 485, 485]  tape=0.366km B=10.28T unif=0.423% hoop=163MPa
  [a=29 b=37 nt=1630] KSP converged reason: 4, iterations: 1
  [a=29 b=37 nt=1596] KSP converged reason: 4, iterations: 1
  [a=28 b=36 nt=1566] KSP converged reason: 4, iterations: 1
  [a=29 b=37 nt=1588] KSP converged reason: 4, iterations: 1
  [a=28 b=36 nt=1566] KSP converged reason: 4, iterations: 1
  [a=28 b=37 nt=1516] KSP converged reason: 4, iterations: 1
  [a=28 b=37 nt=1570] KSP converged reason: 4, iterations: 1
  [a=28 b=37 nt=1572] KSP converged reason: 4, iterations: 1
  [ 377] viol   f=  12.704  a=28.4 b=36.4 gap=9.5 (face=3.0mm) n=[332, 332, 451, 451]  tape=0.348km B=10.30T unif=0.999% hoop=159MPa
  [ 378] OK     f=   0.365  a=28.8 b=37.2 gap=9.5 (face=3.0mm) n=[314, 314, 480, 480]  tape=0.365km B=10.09T unif=0.512% hoop=164MPa
  [ 379] OK     f=   0.352  a=28.5 b=36.4 gap=9.5 (face=3.0mm) n=[316, 316, 467, 467]  tape=0.352km B=10.08T unif=0.395% hoop=159MPa
  [ 380] OK     f=   0.367  a=28.7 b=37.1 gap=9.5 (face=3.0mm) n=[312, 312, 486, 486]  tape=0.367km B=10.15T unif=0.576% hoop=164MPa
  [ 381] OK     f=   0.374  a=29.1 b=36.8 gap=9.5 (face=3.1mm) n=[322, 322, 493, 493]  tape=0.374km B=10.35T unif=0.445% hoop=164MPa
  [ 382] viol   f=   0.361  a=27.8 b=36.6 gap=9.5 (face=3.0mm) n=[309, 309, 449, 449]  tape=0.339km B=9.89T unif=0.794% hoop=154MPa
  [ 383] viol   f=   4.354  a=28.2 b=37.2 gap=9.5 (face=3.0mm) n=[328, 328, 457, 457]  tape=0.355km B=10.23T unif=0.913% hoop=157MPa
  [ 384] OK     f=   0.359  a=28.5 b=37.4 gap=9.5 (face=3.0mm) n=[320, 320, 466, 466]  tape=0.359km B=10.09T unif=0.606% hoop=161MPa
  [a=29 b=37 nt=1586] KSP converged reason: 4, iterations: 1
  [a=29 b=36 nt=1572] KSP converged reason: 4, iterations: 1
  [a=29 b=36 nt=1512] KSP converged reason: 4, iterations: 1
  [a=28 b=37 nt=1556] KSP converged reason: 4, iterations: 1
  [a=28 b=37 nt=1544] KSP converged reason: 4, iterations: 1
  [a=28 b=37 nt=1530] KSP converged reason: 4, iterations: 1
  [a=28 b=37 nt=1540] KSP converged reason: 4, iterations: 1
  [a=28 b=36 nt=1546] KSP converged reason: 4, iterations: 1
  [ 385] OK     f=   0.353  a=28.2 b=37.0 gap=9.5 (face=3.0mm) n=[311, 311, 467, 467]  tape=0.353km B=10.01T unif=0.571% hoop=159MPa
  [ 386] viol   f=   0.386  a=28.6 b=36.1 gap=9.5 (face=3.0mm) n=[310, 310, 446, 446]  tape=0.337km B=9.84T unif=0.693% hoop=158MPa
  [ 387] viol   f=   3.058  a=28.0 b=36.9 gap=9.5 (face=3.0mm) n=[317, 317, 448, 448]  tape=0.343km B=9.99T unif=0.893% hoop=153MPa
  [ 388] OK     f=   0.363  a=28.8 b=37.0 gap=9.5 (face=3.0mm) n=[315, 315, 478, 478]  tape=0.363km B=10.10T unif=0.405% hoop=164MPa
  [ 389] viol   f=   0.585  a=28.2 b=37.2 gap=9.5 (face=3.0mm) n=[317, 317, 455, 455]  tape=0.350km B=10.01T unif=0.827% hoop=158MPa
  [ 390] OK     f=   0.356  a=28.8 b=36.3 gap=9.5 (face=3.0mm) n=[310, 310, 476, 476]  tape=0.356km B=10.06T unif=0.496% hoop=162MPa
  [ 391] viol   f=   0.349  a=28.4 b=36.9 gap=9.5 (face=3.0mm) n=[315, 315, 455, 455]  tape=0.348km B=9.97T unif=0.799% hoop=160MPa
  [ 392] OK     f=   0.346  a=28.5 b=36.4 gap=9.5 (face=3.0mm) n=[316, 316, 457, 457]  tape=0.346km B=10.03T unif=0.646% hoop=158MPa
  [a=29 b=37 nt=1552] KSP converged reason: 4, iterations: 1
  [a=29 b=36 nt=1566] KSP converged reason: 4, iterations: 1
  [a=29 b=37 nt=1552] KSP converged reason: 4, iterations: 1
  [a=29 b=37 nt=1560] KSP converged reason: 4, iterations: 1
  [a=28 b=36 nt=1532] KSP converged reason: 4, iterations: 1
  [a=29 b=37 nt=1552] KSP converged reason: 4, iterations: 1
  [a=28 b=37 nt=1556] KSP converged reason: 4, iterations: 1
  [a=29 b=37 nt=1544] KSP converged reason: 4, iterations: 1
  [ 393] viol   f=   0.351  a=28.5 b=36.8 gap=9.5 (face=3.0mm) n=[314, 314, 462, 462]  tape=0.351km B=9.99T unif=0.705% hoop=160MPa
  [ 394] OK     f=   0.353  a=28.6 b=36.6 gap=9.5 (face=3.0mm) n=[314, 314, 466, 466]  tape=0.353km B=10.04T unif=0.514% hoop=162MPa
  [ 395] viol   f=   0.346  a=28.2 b=36.5 gap=9.5 (face=3.0mm) n=[313, 313, 453, 453]  tape=0.343km B=9.96T unif=0.696% hoop=157MPa
  [ 396] viol   f=   0.353  a=28.7 b=37.0 gap=9.5 (face=3.0mm) n=[315, 315, 461, 461]  tape=0.353km B=9.99T unif=0.715% hoop=160MPa
  [ 397] viol   f=   2.764  a=28.7 b=37.0 gap=9.5 (face=3.0mm) n=[319, 319, 457, 457]  tape=0.352km B=10.03T unif=0.888% hoop=160MPa
  [ 398] viol   f=   0.355  a=28.9 b=36.3 gap=9.5 (face=3.0mm) n=[307, 307, 476, 476]  tape=0.355km B=9.99T unif=0.525% hoop=163MPa
  [ 399] OK     f=   0.354  a=28.5 b=37.1 gap=9.5 (face=3.0mm) n=[317, 317, 461, 461]  tape=0.354km B=10.02T unif=0.656% hoop=158MPa
  [ 400] viol   f=   0.357  a=28.6 b=36.7 gap=9.5 (face=3.0mm) n=[312, 312, 460, 460]  tape=0.349km B=9.94T unif=0.641% hoop=161MPa
  [a=29 b=37 nt=1598] KSP converged reason: 4, iterations: 1
  [a=28 b=36 nt=1536] KSP converged reason: 4, iterations: 1
  [a=28 b=37 nt=1568] KSP converged reason: 4, iterations: 1
  [a=28 b=37 nt=1540] KSP converged reason: 4, iterations: 1
  [a=29 b=37 nt=1530] KSP converged reason: 4, iterations: 1
  [a=28 b=37 nt=1504] KSP converged reason: 4, iterations: 1
  [a=28 b=37 nt=1518] KSP converged reason: 4, iterations: 1
  [a=28 b=37 nt=1546] KSP converged reason: 4, iterations: 1
  [ 401] viol   f=   0.373  a=28.7 b=36.6 gap=9.5 (face=3.0mm) n=[310, 310, 455, 455]  tape=0.345km B=9.88T unif=0.651% hoop=160MPa
  [ 402] OK     f=   0.345  a=28.1 b=36.6 gap=9.5 (face=3.0mm) n=[317, 317, 453, 453]  tape=0.345km B=10.02T unif=0.740% hoop=157MPa
  [ 403] viol   f=   0.355  a=28.5 b=36.5 gap=9.5 (face=3.0mm) n=[312, 312, 456, 456]  tape=0.345km B=9.93T unif=0.610% hoop=159MPa
  [ 404] OK     f=   0.366  a=28.8 b=36.9 gap=9.5 (face=3.0mm) n=[315, 315, 484, 484]  tape=0.366km B=10.16T unif=0.459% hoop=163MPa
  [ 405] OK     f=   0.352  a=28.1 b=36.6 gap=9.5 (face=3.0mm) n=[320, 320, 464, 464]  tape=0.352km B=10.14T unif=0.476% hoop=157MPa
  [ 406] viol   f=  14.566  a=28.0 b=36.7 gap=9.5 (face=3.0mm) n=[309, 309, 443, 443]  tape=0.336km B=9.85T unif=1.013% hoop=153MPa
  [ 407] viol   f=  20.522  a=28.1 b=36.8 gap=9.5 (face=3.0mm) n=[313, 313, 446, 446]  tape=0.341km B=9.91T unif=1.054% hoop=155MPa
  [ 408] viol   f=   0.375  a=28.4 b=37.1 gap=9.5 (face=3.0mm) n=[307, 307, 466, 466]  tape=0.353km B=9.89T unif=0.606% hoop=158MPa
  [a=28 b=36 nt=1570] KSP converged reason: 4, iterations: 1
  [a=28 b=37 nt=1584] KSP converged reason: 4, iterations: 1
  [a=28 b=36 nt=1544] KSP converged reason: 4, iterations: 1
  [a=28 b=37 nt=1540] KSP converged reason: 4, iterations: 1
  [a=28 b=37 nt=1522] KSP converged reason: 4, iterations: 1
  [a=28 b=37 nt=1570] KSP converged reason: 4, iterations: 1
  [a=28 b=37 nt=1532] KSP converged reason: 4, iterations: 1
  [a=28 b=37 nt=1560] KSP converged reason: 4, iterations: 1
  [ 409] OK     f=   0.345  a=28.4 b=36.4 gap=9.5 (face=3.0mm) n=[317, 317, 455, 455]  tape=0.345km B=10.02T unif=0.683% hoop=157MPa
  [ 410] OK     f=   0.360  a=28.5 b=36.9 gap=9.5 (face=3.0mm) n=[317, 317, 475, 475]  tape=0.360km B=10.12T unif=0.352% hoop=159MPa
  [ 411] viol   f=  11.625  a=28.2 b=36.7 gap=9.5 (face=3.0mm) n=[312, 312, 449, 449]  tape=0.342km B=9.90T unif=0.990% hoop=158MPa
  [ 412] OK     f=   0.352  a=28.4 b=36.5 gap=9.5 (face=3.0mm) n=[321, 321, 464, 464]  tape=0.352km B=10.15T unif=0.441% hoop=161MPa
  [ 413] OK     f=   0.352  a=28.3 b=36.6 gap=9.5 (face=3.0mm) n=[325, 325, 460, 460]  tape=0.352km B=10.21T unif=0.755% hoop=158MPa
  [ 414] OK     f=   0.345  a=28.1 b=36.6 gap=9.5 (face=3.0mm) n=[316, 316, 454, 454]  tape=0.345km B=10.00T unif=0.725% hoop=155MPa
  [ 415] viol   f=   1.251  a=28.1 b=36.9 gap=9.5 (face=3.0mm) n=[315, 315, 451, 451]  tape=0.344km B=9.96T unif=0.854% hoop=154MPa
  [ 416] OK     f=   0.351  a=28.2 b=36.7 gap=9.5 (face=3.0mm) n=[317, 317, 463, 463]  tape=0.351km B=10.07T unif=0.499% hoop=157MPa
  [a=28 b=37 nt=1556] KSP converged reason: 4, iterations: 1
  [a=28 b=37 nt=1556] KSP converged reason: 4, iterations: 1
  [a=28 b=36 nt=1530] KSP converged reason: 4, iterations: 1
  [a=28 b=36 nt=1546] KSP converged reason: 4, iterations: 1
  [a=28 b=36 nt=1556] KSP converged reason: 4, iterations: 1
  [a=28 b=37 nt=1584] KSP converged reason: 4, iterations: 1
  [a=28 b=37 nt=1562] KSP converged reason: 4, iterations: 1
  [a=29 b=37 nt=1570] KSP converged reason: 4, iterations: 1
  [ 417] OK     f=   0.358  a=28.4 b=36.8 gap=9.5 (face=3.0mm) n=[321, 321, 471, 471]  tape=0.358km B=10.16T unif=0.327% hoop=159MPa
  [ 418] OK     f=   0.349  a=28.2 b=36.6 gap=9.5 (face=3.0mm) n=[318, 318, 460, 460]  tape=0.349km B=10.07T unif=0.467% hoop=157MPa
  [ 419] viol   f=   0.524  a=28.2 b=36.7 gap=9.5 (face=3.0mm) n=[321, 321, 457, 457]  tape=0.349km B=10.11T unif=0.824% hoop=158MPa
  [ 420] viol   f=   0.351  a=28.4 b=36.3 gap=9.5 (face=3.0mm) n=[312, 312, 453, 453]  tape=0.342km B=9.93T unif=0.672% hoop=158MPa
  [ 421] OK     f=   0.346  a=28.1 b=36.4 gap=9.5 (face=3.0mm) n=[324, 324, 454, 454]  tape=0.346km B=10.16T unif=0.645% hoop=155MPa
  [ 422] viol   f=   0.348  a=28.4 b=36.5 gap=9.5 (face=3.0mm) n=[312, 312, 461, 461]  tape=0.348km B=9.99T unif=0.563% hoop=159MPa
  [ 423] OK     f=   0.352  a=28.3 b=36.8 gap=9.5 (face=3.0mm) n=[321, 321, 460, 460]  tape=0.352km B=10.10T unif=0.622% hoop=158MPa
  [ 424] OK     f=   0.355  a=28.5 b=36.7 gap=9.5 (face=3.0mm) n=[316, 316, 469, 469]  tape=0.355km B=10.07T unif=0.355% hoop=159MPa
  [a=28 b=36 nt=1562] KSP converged reason: 4, iterations: 1
  [a=28 b=36 nt=1556] KSP converged reason: 4, iterations: 1
  [a=28 b=36 nt=1558] KSP converged reason: 4, iterations: 1
  [a=28 b=36 nt=1560] KSP converged reason: 4, iterations: 1
  [a=28 b=36 nt=1550] KSP converged reason: 4, iterations: 1
  [a=28 b=36 nt=1552] KSP converged reason: 4, iterations: 1
  [a=28 b=36 nt=1536] KSP converged reason: 4, iterations: 1
  [a=28 b=36 nt=1550] KSP converged reason: 4, iterations: 1
  [ 425] OK     f=   0.348  a=28.2 b=36.4 gap=9.5 (face=3.0mm) n=[319, 319, 459, 459]  tape=0.348km B=10.10T unif=0.528% hoop=156MPa
  [ 426] OK     f=   0.350  a=28.2 b=36.5 gap=9.5 (face=3.0mm) n=[321, 321, 460, 460]  tape=0.350km B=10.13T unif=0.600% hoop=158MPa
  [ 427] OK     f=   0.346  a=28.1 b=36.2 gap=9.5 (face=3.0mm) n=[322, 322, 457, 457]  tape=0.346km B=10.18T unif=0.585% hoop=156MPa
  [ 428] OK     f=   0.348  a=28.3 b=36.5 gap=9.5 (face=3.0mm) n=[314, 314, 461, 461]  tape=0.348km B=10.00T unif=0.398% hoop=155MPa
  [ 429] OK     f=   0.347  a=28.4 b=36.4 gap=9.5 (face=3.0mm) n=[318, 318, 458, 458]  tape=0.347km B=10.06T unif=0.609% hoop=155MPa
  [ 430] OK     f=   0.349  a=28.1 b=36.4 gap=9.5 (face=3.0mm) n=[320, 320, 460, 460]  tape=0.349km B=10.12T unif=0.459% hoop=158MPa
  [ 431] viol   f=  14.991  a=28.2 b=36.5 gap=9.5 (face=3.0mm) n=[321, 321, 447, 447]  tape=0.342km B=10.08T unif=1.017% hoop=155MPa
  [ 432] OK     f=   0.346  a=28.1 b=36.4 gap=9.5 (face=3.0mm) n=[320, 320, 455, 455]  tape=0.346km B=10.10T unif=0.705% hoop=154MPa
  [a=28 b=36 nt=1546] KSP converged reason: 4, iterations: 1
  [a=28 b=37 nt=1554] KSP converged reason: 4, iterations: 1
  [a=28 b=36 nt=1548] KSP converged reason: 4, iterations: 1
  [a=28 b=36 nt=1556] KSP converged reason: 4, iterations: 1
  [a=28 b=36 nt=1556] KSP converged reason: 4, iterations: 1
  [a=28 b=36 nt=1540] KSP converged reason: 4, iterations: 1
  [a=28 b=36 nt=1550] KSP converged reason: 4, iterations: 1
  [a=28 b=37 nt=1574] KSP converged reason: 4, iterations: 1
  [ 433] OK     f=   0.347  a=28.1 b=36.5 gap=9.5 (face=3.0mm) n=[319, 319, 458, 458]  tape=0.347km B=10.09T unif=0.523% hoop=156MPa
  [ 434] OK     f=   0.344  a=28.1 b=36.3 gap=9.5 (face=3.0mm) n=[318, 318, 455, 455]  tape=0.344km B=10.08T unif=0.623% hoop=155MPa
  [ 435] OK     f=   0.345  a=27.9 b=36.4 gap=9.5 (face=3.0mm) n=[318, 318, 456, 456]  tape=0.345km B=10.07T unif=0.512% hoop=154MPa
  [ 436] OK     f=   0.347  a=28.2 b=36.3 gap=9.5 (face=3.0mm) n=[320, 320, 458, 458]  tape=0.347km B=10.12T unif=0.665% hoop=157MPa
  [ 437] viol   f=   1.390  a=28.0 b=36.4 gap=9.5 (face=3.0mm) n=[320, 320, 450, 450]  tape=0.343km B=10.09T unif=0.858% hoop=155MPa
  [ 438] viol   f=   0.581  a=28.1 b=36.3 gap=9.5 (face=3.0mm) n=[323, 323, 455, 455]  tape=0.346km B=10.17T unif=0.827% hoop=154MPa
  [ 439] OK     f=   0.346  a=28.3 b=36.4 gap=9.5 (face=3.0mm) n=[317, 317, 458, 458]  tape=0.346km B=10.05T unif=0.461% hoop=157MPa
  [ 440] OK     f=   0.352  a=28.1 b=36.6 gap=9.5 (face=3.0mm) n=[323, 323, 464, 464]  tape=0.352km B=10.20T unif=0.451% hoop=159MPa
  [a=28 b=36 nt=1550] KSP converged reason: 4, iterations: 1
  [a=28 b=36 nt=1558] KSP converged reason: 4, iterations: 1
  [a=28 b=36 nt=1558] KSP converged reason: 4, iterations: 1
  [a=28 b=36 nt=1550] KSP converged reason: 4, iterations: 1
  [a=28 b=37 nt=1556] KSP converged reason: 4, iterations: 1
  [a=28 b=36 nt=1542] KSP converged reason: 4, iterations: 1
  [a=28 b=36 nt=1568] KSP converged reason: 4, iterations: 1
  [a=28 b=36 nt=1544] KSP converged reason: 4, iterations: 1
  [ 441] OK     f=   0.350  a=28.4 b=36.6 gap=9.5 (face=3.0mm) n=[317, 317, 461, 461]  tape=0.350km B=10.05T unif=0.524% hoop=159MPa
  [ 442] OK     f=   0.344  a=28.2 b=36.4 gap=9.5 (face=3.0mm) n=[319, 319, 452, 452]  tape=0.344km B=10.06T unif=0.706% hoop=157MPa
  [ 443] OK     f=   0.345  a=28.1 b=36.3 gap=9.5 (face=3.0mm) n=[321, 321, 454, 454]  tape=0.345km B=10.12T unif=0.767% hoop=158MPa
  [ 444] OK     f=   0.345  a=28.2 b=36.1 gap=9.5 (face=3.0mm) n=[322, 322, 457, 457]  tape=0.345km B=10.18T unif=0.639% hoop=157MPa
  [ 445] OK     f=   0.345  a=27.9 b=36.3 gap=9.5 (face=3.0mm) n=[316, 316, 459, 459]  tape=0.345km B=10.07T unif=0.397% hoop=157MPa
  [ 446] OK     f=   0.348  a=28.1 b=36.3 gap=9.5 (face=3.0mm) n=[318, 318, 461, 461]  tape=0.348km B=10.09T unif=0.318% hoop=157MPa
  [ 447] OK     f=   0.350  a=28.3 b=36.3 gap=9.5 (face=3.0mm) n=[322, 322, 462, 462]  tape=0.350km B=10.17T unif=0.582% hoop=158MPa
  [ 448] OK     f=   0.342  a=27.9 b=36.1 gap=9.5 (face=3.0mm) n=[320, 320, 452, 452]  tape=0.342km B=10.11T unif=0.736% hoop=155MPa
  [a=28 b=36 nt=1548] KSP converged reason: 4, iterations: 1
  [a=28 b=36 nt=1534] KSP converged reason: 4, iterations: 1
  [a=28 b=36 nt=1554] KSP converged reason: 4, iterations: 1
  [a=28 b=36 nt=1542] KSP converged reason: 4, iterations: 1
  [a=28 b=36 nt=1548] KSP converged reason: 4, iterations: 1
  [a=28 b=36 nt=1536] KSP converged reason: 4, iterations: 1
  [a=28 b=36 nt=1552] KSP converged reason: 4, iterations: 1
  [a=28 b=36 nt=1544] KSP converged reason: 4, iterations: 1
  [ 449] OK     f=   0.341  a=28.1 b=36.2 gap=9.5 (face=3.0mm) n=[318, 318, 450, 450]  tape=0.341km B=10.06T unif=0.779% hoop=154MPa
  [ 450] OK     f=   0.344  a=27.9 b=36.3 gap=9.5 (face=3.0mm) n=[324, 324, 453, 453]  tape=0.344km B=10.19T unif=0.729% hoop=155MPa
  [ 451] OK     f=   0.343  a=28.1 b=36.1 gap=9.5 (face=3.0mm) n=[321, 321, 453, 453]  tape=0.343km B=10.13T unif=0.613% hoop=155MPa
  [ 452] viol   f=   0.344  a=27.9 b=36.5 gap=9.5 (face=3.0mm) n=[314, 314, 457, 457]  tape=0.344km B=9.99T unif=0.507% hoop=155MPa
  [ 453] OK     f=   0.341  a=28.1 b=36.3 gap=9.5 (face=3.0mm) n=[316, 316, 451, 451]  tape=0.341km B=10.01T unif=0.793% hoop=155MPa
  [ 454] viol   f=   1.537  a=27.8 b=36.2 gap=9.5 (face=3.0mm) n=[324, 324, 450, 450]  tape=0.341km B=10.19T unif=0.862% hoop=154MPa
  [ 455] OK     f=   0.345  a=28.0 b=36.4 gap=9.5 (face=3.0mm) n=[323, 323, 453, 453]  tape=0.345km B=10.15T unif=0.697% hoop=157MPa
  [ 456] OK     f=   0.344  a=28.0 b=36.3 gap=9.5 (face=3.0mm) n=[315, 315, 457, 457]  tape=0.344km B=10.03T unif=0.528% hoop=156MPa
  [a=28 b=36 nt=1538] KSP converged reason: 4, iterations: 1
  [a=28 b=36 nt=1544] KSP converged reason: 4, iterations: 1
  [a=28 b=37 nt=1548] KSP converged reason: 4, iterations: 1
  [a=28 b=36 nt=1528] KSP converged reason: 4, iterations: 1
  [a=28 b=36 nt=1524] KSP converged reason: 4, iterations: 1
  [a=28 b=36 nt=1534] KSP converged reason: 4, iterations: 1
  [a=28 b=36 nt=1536] KSP converged reason: 4, iterations: 1
  [a=28 b=36 nt=1538] KSP converged reason: 4, iterations: 1
  [ 457] OK     f=   0.348  a=28.3 b=36.5 gap=9.5 (face=3.0mm) n=[315, 315, 459, 459]  tape=0.348km B=10.01T unif=0.483% hoop=155MPa
  [ 458] OK     f=   0.345  a=28.2 b=36.5 gap=9.5 (face=3.0mm) n=[317, 317, 455, 455]  tape=0.345km B=10.03T unif=0.722% hoop=158MPa
  [ 459] viol   f=   0.340  a=28.2 b=36.3 gap=9.5 (face=3.0mm) n=[315, 315, 449, 449]  tape=0.340km B=9.98T unif=0.764% hoop=153MPa
  [ 460] viol   f=   1.342  a=28.2 b=36.2 gap=9.5 (face=3.0mm) n=[320, 320, 449, 449]  tape=0.341km B=10.08T unif=0.857% hoop=154MPa
  [ 461] viol   f=   0.426  a=28.2 b=36.2 gap=9.5 (face=3.0mm) n=[314, 314, 448, 448]  tape=0.339km B=9.96T unif=0.816% hoop=156MPa
  [ 462] OK     f=   0.341  a=28.1 b=36.3 gap=9.5 (face=3.0mm) n=[316, 316, 451, 451]  tape=0.341km B=10.00T unif=0.668% hoop=155MPa
  [ 463] OK     f=   0.341  a=28.0 b=36.2 gap=9.5 (face=3.0mm) n=[317, 317, 451, 451]  tape=0.341km B=10.03T unif=0.642% hoop=154MPa
  [ 464] viol   f=   3.496  a=28.1 b=36.1 gap=9.5 (face=3.0mm) n=[321, 321, 448, 448]  tape=0.340km B=10.11T unif=0.900% hoop=154MPa
  [a=28 b=36 nt=1542] KSP converged reason: 4, iterations: 1
  [a=28 b=36 nt=1522] KSP converged reason: 4, iterations: 1
  [a=28 b=36 nt=1530] KSP converged reason: 4, iterations: 1
  [a=28 b=36 nt=1540] KSP converged reason: 4, iterations: 1
  [a=28 b=36 nt=1530] KSP converged reason: 4, iterations: 1
  [a=28 b=36 nt=1530] KSP converged reason: 4, iterations: 1
  [a=28 b=36 nt=1536] KSP converged reason: 4, iterations: 1
  [a=28 b=36 nt=1530] KSP converged reason: 4, iterations: 1
  [ 465] viol   f=   3.148  a=28.0 b=36.2 gap=9.5 (face=3.0mm) n=[320, 320, 445, 445]  tape=0.338km B=10.08T unif=0.895% hoop=155MPa
  [ 466] viol   f=   0.341  a=28.1 b=36.3 gap=9.5 (face=3.0mm) n=[316, 316, 449, 449]  tape=0.340km B=9.99T unif=0.727% hoop=154MPa
  [ 467] viol   f=   0.338  a=28.2 b=36.0 gap=9.5 (face=3.0mm) n=[315, 315, 446, 446]  tape=0.337km B=9.97T unif=0.747% hoop=155MPa
  [ 468] viol   f=   0.346  a=28.1 b=36.3 gap=9.5 (face=3.0mm) n=[313, 313, 452, 452]  tape=0.341km B=9.95T unif=0.630% hoop=154MPa
  [ 469] OK     f=   0.342  a=28.1 b=36.1 gap=9.5 (face=3.0mm) n=[318, 318, 453, 453]  tape=0.342km B=10.07T unif=0.628% hoop=154MPa
  [ 470] OK     f=   0.344  a=28.3 b=36.4 gap=9.5 (face=3.0mm) n=[317, 317, 453, 453]  tape=0.344km B=10.03T unif=0.713% hoop=157MPa
  [ 471] OK     f=   0.342  a=28.3 b=36.2 gap=9.5 (face=3.0mm) n=[316, 316, 452, 452]  tape=0.342km B=10.01T unif=0.688% hoop=156MPa
  [ 472] viol   f=   0.377  a=28.1 b=36.3 gap=9.5 (face=3.0mm) n=[316, 316, 449, 449]  tape=0.340km B=10.00T unif=0.811% hoop=156MPa
  [a=28 b=36 nt=1520] KSP converged reason: 4, iterations: 1
  [a=28 b=36 nt=1528] KSP converged reason: 4, iterations: 1
  [a=28 b=36 nt=1518] KSP converged reason: 4, iterations: 1
  [a=28 b=36 nt=1518] KSP converged reason: 4, iterations: 1
  [a=28 b=36 nt=1534] KSP converged reason: 4, iterations: 1
  [a=28 b=36 nt=1542] KSP converged reason: 4, iterations: 1
  [a=28 b=36 nt=1506] KSP converged reason: 4, iterations: 1
  [a=28 b=36 nt=1530] KSP converged reason: 4, iterations: 1
  [ 473] viol   f=   3.514  a=27.8 b=36.1 gap=9.5 (face=3.0mm) n=[321, 321, 446, 446]  tape=0.338km B=10.11T unif=0.901% hoop=154MPa
  [ 474] OK     f=   0.343  a=28.1 b=36.2 gap=9.5 (face=3.0mm) n=[318, 318, 453, 453]  tape=0.343km B=10.07T unif=0.653% hoop=158MPa
  [ 475] viol   f=   0.782  a=28.2 b=36.0 gap=9.5 (face=3.0mm) n=[315, 315, 449, 449]  tape=0.339km B=10.00T unif=0.838% hoop=157MPa
  [ 476] viol   f=   0.335  a=28.1 b=35.9 gap=9.5 (face=3.0mm) n=[316, 316, 444, 444]  tape=0.335km B=10.00T unif=0.801% hoop=156MPa
  [ 477] viol   f=   0.609  a=28.1 b=36.0 gap=9.5 (face=3.0mm) n=[316, 316, 443, 443]  tape=0.335km B=9.99T unif=0.830% hoop=154MPa
  [ 478] viol   f=   0.350  a=28.2 b=36.0 gap=9.5 (face=3.0mm) n=[310, 310, 449, 449]  tape=0.337km B=9.92T unif=0.645% hoop=157MPa
  [ 479] viol   f=  12.386  a=28.1 b=36.1 gap=9.5 (face=3.0mm) n=[312, 312, 441, 441]  tape=0.333km B=9.89T unif=0.996% hoop=156MPa
  [ 480] viol   f=   0.624  a=28.1 b=36.1 gap=9.5 (face=3.0mm) n=[317, 317, 448, 448]  tape=0.338km B=10.04T unif=0.830% hoop=154MPa
  [a=28 b=36 nt=1544] KSP converged reason: 4, iterations: 1
  [a=28 b=36 nt=1522] KSP converged reason: 4, iterations: 1
  [a=28 b=36 nt=1552] KSP converged reason: 4, iterations: 1
  [a=28 b=36 nt=1514] KSP converged reason: 4, iterations: 1
  [a=28 b=36 nt=1512] KSP converged reason: 4, iterations: 1
  [a=28 b=36 nt=1528] KSP converged reason: 4, iterations: 1
  [a=28 b=36 nt=1534] KSP converged reason: 4, iterations: 1
  [a=28 b=36 nt=1520] KSP converged reason: 4, iterations: 1
  [ 481] OK     f=   0.345  a=28.1 b=36.2 gap=9.5 (face=3.0mm) n=[317, 317, 459, 459]  tape=0.345km B=10.08T unif=0.352% hoop=156MPa
  [ 482] viol   f=  14.403  a=28.1 b=35.7 gap=9.5 (face=3.0mm) n=[318, 318, 438, 438]  tape=0.331km B=10.02T unif=1.012% hoop=154MPa
  [ 483] OK     f=   0.343  a=27.9 b=36.2 gap=9.5 (face=3.0mm) n=[317, 317, 455, 455]  tape=0.343km B=10.06T unif=0.490% hoop=157MPa
  [ 484] viol   f=   2.810  a=28.1 b=35.9 gap=9.5 (face=3.0mm) n=[319, 319, 445, 445]  tape=0.336km B=10.08T unif=0.889% hoop=152MPa
  [ 485] viol   f=   0.338  a=28.1 b=36.0 gap=9.5 (face=3.0mm) n=[314, 314, 443, 443]  tape=0.334km B=9.95T unif=0.791% hoop=154MPa
  [ 486] viol   f=   0.337  a=28.2 b=35.8 gap=9.5 (face=3.0mm) n=[313, 313, 448, 448]  tape=0.336km B=9.98T unif=0.738% hoop=155MPa
  [ 487] OK     f=   0.340  a=28.2 b=36.1 gap=9.5 (face=3.0mm) n=[318, 318, 449, 449]  tape=0.340km B=10.04T unif=0.720% hoop=155MPa
  [ 488] viol   f=   0.370  a=28.0 b=35.7 gap=9.5 (face=3.0mm) n=[317, 317, 443, 443]  tape=0.333km B=10.02T unif=0.811% hoop=154MPa
  [a=28 b=36 nt=1532] KSP converged reason: 4, iterations: 1
  [a=28 b=36 nt=1518] KSP converged reason: 4, iterations: 1
  [a=28 b=36 nt=1534] KSP converged reason: 4, iterations: 1
  [a=28 b=36 nt=1522] KSP converged reason: 4, iterations: 1
  [a=28 b=36 nt=1518] KSP converged reason: 4, iterations: 1
  [a=28 b=36 nt=1526] KSP converged reason: 4, iterations: 1
  [a=28 b=36 nt=1510] KSP converged reason: 4, iterations: 1
  [a=28 b=36 nt=1518] KSP converged reason: 4, iterations: 1
  [ 489] viol   f=   0.339  a=28.1 b=35.8 gap=9.5 (face=3.0mm) n=[311, 311, 448, 448]  tape=0.335km B=9.96T unif=0.777% hoop=155MPa
  [ 490] viol   f=   0.347  a=28.2 b=36.1 gap=9.5 (face=3.0mm) n=[311, 311, 452, 452]  tape=0.339km B=9.94T unif=0.615% hoop=155MPa
  [ 491] viol   f=   0.341  a=28.2 b=36.0 gap=9.5 (face=3.0mm) n=[314, 314, 445, 445]  tape=0.336km B=9.95T unif=0.789% hoop=155MPa
  [ 492] viol   f=   4.331  a=28.3 b=35.9 gap=9.5 (face=3.0mm) n=[319, 319, 448, 448]  tape=0.339km B=10.08T unif=0.913% hoop=157MPa
  [ 493] viol   f=   0.342  a=28.1 b=36.1 gap=9.5 (face=3.0mm) n=[313, 313, 448, 448]  tape=0.338km B=9.95T unif=0.789% hoop=153MPa
  [ 494] viol   f=   0.341  a=28.1 b=36.0 gap=9.5 (face=3.0mm) n=[313, 313, 453, 453]  tape=0.340km B=9.97T unif=0.461% hoop=156MPa
  [ 495] viol   f=   2.038  a=28.2 b=35.7 gap=9.5 (face=3.0mm) n=[313, 313, 442, 442]  tape=0.332km B=9.94T unif=0.874% hoop=157MPa
  [ 496] viol   f=   0.333  a=28.1 b=35.8 gap=9.5 (face=3.0mm) n=[316, 316, 443, 443]  tape=0.333km B=10.00T unif=0.784% hoop=155MPa
  [a=28 b=36 nt=1524] KSP converged reason: 4, iterations: 1
  [a=28 b=36 nt=1522] KSP converged reason: 4, iterations: 1
  [a=28 b=36 nt=1518] KSP converged reason: 4, iterations: 1
  [a=28 b=36 nt=1532] KSP converged reason: 4, iterations: 1
  [a=28 b=36 nt=1502] KSP converged reason: 4, iterations: 1
  [a=28 b=36 nt=1530] KSP converged reason: 4, iterations: 1
  [a=28 b=36 nt=1528] KSP converged reason: 4, iterations: 1
  [a=28 b=36 nt=1528] KSP converged reason: 4, iterations: 1
  [ 497] viol   f=   0.339  a=28.1 b=36.0 gap=9.5 (face=3.0mm) n=[314, 314, 448, 448]  tape=0.337km B=9.97T unif=0.691% hoop=154MPa
  [ 498] viol   f=   0.336  a=28.1 b=35.9 gap=9.5 (face=3.0mm) n=[315, 315, 444, 444]  tape=0.334km B=9.97T unif=0.788% hoop=153MPa
  [ 499] viol   f=   0.998  a=28.2 b=35.6 gap=9.5 (face=3.0mm) n=[312, 312, 439, 439]  tape=0.329km B=9.91T unif=0.846% hoop=156MPa
  [ 500] viol   f=   0.335  a=28.1 b=35.9 gap=9.5 (face=3.0mm) n=[315, 315, 446, 446]  tape=0.335km B=10.00T unif=0.789% hoop=155MPa
  [ 501] OK     f=   0.339  a=28.2 b=36.0 gap=9.5 (face=3.0mm) n=[316, 316, 450, 450]  tape=0.339km B=10.02T unif=0.646% hoop=155MPa
  [ 502] viol   f=   0.340  a=28.2 b=35.9 gap=9.5 (face=3.0mm) n=[311, 311, 454, 454]  tape=0.339km B=9.98T unif=0.544% hoop=155MPa
  [ 503] OK     f=   0.336  a=27.9 b=35.8 gap=9.5 (face=3.0mm) n=[317, 317, 447, 447]  tape=0.336km B=10.06T unif=0.723% hoop=153MPa
  [ 504] viol   f=   0.355  a=28.2 b=36.0 gap=9.5 (face=3.0mm) n=[317, 317, 447, 447]  tape=0.338km B=10.02T unif=0.808% hoop=155MPa
  [a=28 b=36 nt=1536] KSP converged reason: 4, iterations: 1
  [a=28 b=36 nt=1522] KSP converged reason: 4, iterations: 1
  [a=28 b=36 nt=1524] KSP converged reason: 4, iterations: 1
  [a=28 b=36 nt=1520] KSP converged reason: 4, iterations: 1
  [a=28 b=36 nt=1532] KSP converged reason: 4, iterations: 1
  [a=28 b=36 nt=1522] KSP converged reason: 4, iterations: 1
  [a=28 b=36 nt=1514] KSP converged reason: 4, iterations: 1
  [a=28 b=36 nt=1524] KSP converged reason: 4, iterations: 1
  [ 505] OK     f=   0.341  a=28.2 b=36.0 gap=9.5 (face=3.0mm) n=[315, 315, 453, 453]  tape=0.341km B=10.01T unif=0.589% hoop=154MPa
  [ 506] viol   f=   0.343  a=28.2 b=36.1 gap=9.5 (face=3.0mm) n=[313, 313, 448, 448]  tape=0.338km B=9.95T unif=0.761% hoop=156MPa
  [ 507] OK     f=   0.335  a=28.0 b=35.7 gap=9.5 (face=3.0mm) n=[315, 315, 447, 447]  tape=0.335km B=10.02T unif=0.724% hoop=152MPa
  [ 508] OK     f=   0.337  a=28.0 b=35.8 gap=9.5 (face=3.0mm) n=[318, 318, 448, 448]  tape=0.337km B=10.07T unif=0.650% hoop=152MPa
  [ 509] viol   f=   0.335  a=28.0 b=35.8 gap=9.5 (face=3.0mm) n=[315, 315, 446, 446]  tape=0.335km B=9.99T unif=0.658% hoop=153MPa
  [ 510] viol   f=   0.334  a=28.0 b=35.8 gap=9.5 (face=3.0mm) n=[315, 315, 445, 445]  tape=0.334km B=10.00T unif=0.667% hoop=153MPa
  [ 511] viol   f=   0.341  a=28.1 b=35.9 gap=9.5 (face=3.0mm) n=[313, 313, 444, 444]  tape=0.334km B=9.94T unif=0.765% hoop=155MPa
  [ 512] viol   f=   0.367  a=28.1 b=35.9 gap=9.5 (face=3.0mm) n=[316, 316, 446, 446]  tape=0.336km B=10.02T unif=0.810% hoop=153MPa
  [a=28 b=36 nt=1516] KSP converged reason: 4, iterations: 1
  [a=28 b=36 nt=1514] KSP converged reason: 4, iterations: 1
  [a=28 b=36 nt=1522] KSP converged reason: 4, iterations: 1
  [a=28 b=36 nt=1518] KSP converged reason: 4, iterations: 1
  [a=28 b=36 nt=1514] KSP converged reason: 4, iterations: 1
  [a=28 b=36 nt=1510] KSP converged reason: 4, iterations: 1
  [a=28 b=36 nt=1528] KSP converged reason: 4, iterations: 1
  [a=28 b=36 nt=1506] KSP converged reason: 4, iterations: 1
  [ 513] viol   f=   0.341  a=28.1 b=35.7 gap=9.5 (face=3.0mm) n=[312, 312, 443, 443]  tape=0.332km B=9.93T unif=0.718% hoop=155MPa
  [ 514] viol   f=   0.336  a=28.0 b=35.9 gap=9.5 (face=3.0mm) n=[314, 314, 443, 443]  tape=0.333km B=9.96T unif=0.801% hoop=153MPa
  [ 515] viol   f=   2.624  a=28.2 b=35.9 gap=9.5 (face=3.0mm) n=[313, 313, 448, 448]  tape=0.337km B=9.98T unif=0.886% hoop=158MPa
  [ 516] viol   f=   0.340  a=28.1 b=35.8 gap=9.5 (face=3.0mm) n=[313, 313, 446, 446]  tape=0.334km B=9.95T unif=0.596% hoop=153MPa
  [ 517] viol   f=   0.333  a=28.2 b=35.6 gap=9.5 (face=3.0mm) n=[314, 314, 444, 444]  tape=0.333km B=9.98T unif=0.748% hoop=155MPa
  [ 518] viol   f=   0.335  a=28.1 b=35.7 gap=9.5 (face=3.0mm) n=[314, 314, 443, 443]  tape=0.332km B=9.96T unif=0.789% hoop=153MPa
  [ 519] OK     f=   0.336  a=27.9 b=35.8 gap=9.5 (face=3.0mm) n=[316, 316, 448, 448]  tape=0.336km B=10.04T unif=0.616% hoop=152MPa
  [ 520] viol   f=   0.338  a=28.1 b=35.5 gap=9.5 (face=3.0mm) n=[313, 313, 440, 440]  tape=0.329km B=9.93T unif=0.756% hoop=153MPa
  [a=28 b=36 nt=1524] KSP converged reason: 4, iterations: 1
  [a=28 b=36 nt=1528] KSP converged reason: 4, iterations: 1
  [a=28 b=36 nt=1512] KSP converged reason: 4, iterations: 1
  [a=28 b=36 nt=1522] KSP converged reason: 4, iterations: 1
  [a=28 b=36 nt=1522] KSP converged reason: 4, iterations: 1
  [a=28 b=35 nt=1506] KSP converged reason: 4, iterations: 1
  [a=28 b=35 nt=1510] KSP converged reason: 4, iterations: 1
  [a=28 b=35 nt=1518] KSP converged reason: 4, iterations: 1
  [ 521] viol   f=   0.391  a=28.1 b=35.7 gap=9.5 (face=3.0mm) n=[313, 313, 443, 443]  tape=0.332km B=9.94T unif=0.813% hoop=155MPa
  [ 522] viol   f=   0.336  a=28.3 b=35.7 gap=9.5 (face=3.0mm) n=[314, 314, 447, 447]  tape=0.335km B=9.98T unif=0.701% hoop=156MPa
  [ 523] viol   f=   0.392  a=28.0 b=35.7 gap=9.5 (face=3.0mm) n=[317, 317, 447, 447]  tape=0.336km B=10.06T unif=0.813% hoop=153MPa
  [ 524] viol   f=   0.342  a=28.3 b=35.8 gap=9.5 (face=3.0mm) n=[312, 312, 450, 450]  tape=0.337km B=9.95T unif=0.655% hoop=158MPa
  [ 525] viol   f=   0.414  a=28.2 b=35.4 gap=9.5 (face=3.0mm) n=[315, 315, 438, 438]  tape=0.328km B=9.97T unif=0.816% hoop=154MPa
  [ 526] OK     f=   0.335  a=28.1 b=35.7 gap=9.5 (face=3.0mm) n=[315, 315, 446, 446]  tape=0.335km B=10.00T unif=0.639% hoop=152MPa
  [ 527] viol   f=   0.333  a=28.2 b=35.5 gap=9.5 (face=3.0mm) n=[313, 313, 442, 442]  tape=0.330km B=9.96T unif=0.752% hoop=154MPa
  [ 528] OK     f=   0.331  a=27.9 b=35.5 gap=9.5 (face=3.0mm) n=[316, 316, 443, 443]  tape=0.331km B=10.03T unif=0.778% hoop=153MPa
  [a=28 b=36 nt=1520] KSP converged reason: 4, iterations: 1
  [a=28 b=35 nt=1518] KSP converged reason: 4, iterations: 1
  [a=28 b=36 nt=1512] KSP converged reason: 4, iterations: 1
  [a=28 b=35 nt=1510] KSP converged reason: 4, iterations: 1
  [a=28 b=36 nt=1508] KSP converged reason: 4, iterations: 1
  [a=28 b=35 nt=1504] KSP converged reason: 4, iterations: 1
  [a=28 b=36 nt=1516] KSP converged reason: 4, iterations: 1
  [a=28 b=35 nt=1510] KSP converged reason: 4, iterations: 1
  [ 529] OK     f=   0.332  a=28.0 b=35.6 gap=9.5 (face=3.0mm) n=[316, 316, 444, 444]  tape=0.332km B=10.04T unif=0.798% hoop=153MPa
  [ 530] OK     f=   0.332  a=28.3 b=35.5 gap=9.5 (face=3.0mm) n=[317, 317, 442, 442]  tape=0.332km B=10.01T unif=0.759% hoop=155MPa
  [ 531] viol   f=   0.341  a=28.2 b=35.6 gap=9.5 (face=3.0mm) n=[314, 314, 442, 442]  tape=0.331km B=9.97T unif=0.805% hoop=154MPa
  [ 532] viol   f=   0.330  a=28.1 b=35.3 gap=9.5 (face=3.0mm) n=[314, 314, 441, 441]  tape=0.329km B=9.98T unif=0.759% hoop=153MPa
  [ 533] viol   f=   0.343  a=28.2 b=35.6 gap=9.5 (face=3.0mm) n=[311, 311, 443, 443]  tape=0.331km B=9.92T unif=0.740% hoop=155MPa
  [ 534] viol   f=   1.296  a=28.3 b=35.3 gap=9.5 (face=3.0mm) n=[315, 315, 437, 437]  tape=0.328km B=10.00T unif=0.856% hoop=157MPa
  [ 535] viol   f=   0.782  a=28.2 b=35.7 gap=9.5 (face=3.0mm) n=[314, 314, 444, 444]  tape=0.333km B=9.97T unif=0.838% hoop=156MPa
  [ 536] viol   f=   0.512  a=28.0 b=35.4 gap=9.5 (face=3.0mm) n=[315, 315, 440, 440]  tape=0.329km B=10.00T unif=0.824% hoop=151MPa
  [a=28 b=35 nt=1524] KSP converged reason: 4, iterations: 1
  [a=28 b=35 nt=1526] KSP converged reason: 4, iterations: 1
  [a=29 b=35 nt=1500] KSP converged reason: 4, iterations: 1
  [a=28 b=35 nt=1500] KSP converged reason: 4, iterations: 1
  [a=28 b=35 nt=1498] KSP converged reason: 4, iterations: 1
  [a=28 b=35 nt=1524] KSP converged reason: 4, iterations: 1
  [a=28 b=35 nt=1516] KSP converged reason: 4, iterations: 1
  [a=28 b=35 nt=1488] KSP converged reason: 4, iterations: 1
  [ 537] viol   f=   1.249  a=28.3 b=35.0 gap=9.5 (face=3.0mm) n=[314, 314, 435, 435]  tape=0.324km B=9.97T unif=0.854% hoop=155MPa
  [ 538] viol   f=   0.360  a=28.5 b=35.4 gap=9.5 (face=3.0mm) n=[310, 310, 440, 440]  tape=0.329km B=9.88T unif=0.697% hoop=156MPa
  [ 539] viol   f=   0.336  a=28.1 b=35.3 gap=9.5 (face=3.0mm) n=[312, 312, 438, 438]  tape=0.327km B=9.93T unif=0.795% hoop=154MPa
  [ 540] OK     f=   0.332  a=28.1 b=35.3 gap=9.5 (face=3.0mm) n=[316, 316, 446, 446]  tape=0.332km B=10.06T unif=0.577% hoop=153MPa
  [ 541] OK     f=   0.335  a=28.4 b=35.4 gap=9.5 (face=3.0mm) n=[314, 314, 449, 449]  tape=0.335km B=10.01T unif=0.536% hoop=158MPa
  [ 542] OK     f=   0.333  a=28.2 b=35.3 gap=9.5 (face=3.0mm) n=[316, 316, 446, 446]  tape=0.333km B=10.05T unif=0.640% hoop=154MPa
  [ 543] viol   f=   0.332  a=28.2 b=35.3 gap=9.5 (face=3.0mm) n=[313, 313, 445, 445]  tape=0.332km B=9.98T unif=0.649% hoop=156MPa
  [ 544] viol   f=   3.885  a=28.2 b=35.0 gap=9.5 (face=3.0mm) n=[312, 312, 432, 432]  tape=0.322km B=9.91T unif=0.907% hoop=155MPa
  [a=28 b=35 nt=1518] KSP converged reason: 4, iterations: 1
  [a=28 b=35 nt=1530] KSP converged reason: 4, iterations: 1
  [a=28 b=35 nt=1524] KSP converged reason: 4, iterations: 1
  [a=28 b=35 nt=1516] KSP converged reason: 4, iterations: 1
  [a=29 b=35 nt=1522] KSP converged reason: 4, iterations: 1
  [a=28 b=36 nt=1524] KSP converged reason: 4, iterations: 1
  [a=28 b=36 nt=1526] KSP converged reason: 4, iterations: 1
  [a=28 b=36 nt=1520] KSP converged reason: 4, iterations: 1
  [ 545] OK     f=   0.332  a=28.2 b=35.2 gap=9.5 (face=3.0mm) n=[318, 318, 444, 444]  tape=0.332km B=10.09T unif=0.787% hoop=155MPa
  [ 546] viol   f=   0.329  a=27.9 b=35.2 gap=9.5 (face=3.0mm) n=[317, 317, 442, 442]  tape=0.329km B=10.07T unif=0.800% hoop=152MPa
  [ 547] OK     f=   0.334  a=28.2 b=35.6 gap=9.5 (face=3.0mm) n=[317, 317, 445, 445]  tape=0.334km B=10.04T unif=0.669% hoop=153MPa
  [ 548] viol   f=   0.336  a=28.2 b=35.4 gap=9.5 (face=3.0mm) n=[312, 312, 453, 453]  tape=0.336km B=10.00T unif=0.438% hoop=154MPa
  [ 549] OK     f=   0.331  a=28.2 b=35.3 gap=9.5 (face=3.0mm) n=[314, 314, 444, 444]  tape=0.331km B=10.00T unif=0.723% hoop=155MPa
  [ 550] viol   f=   0.338  a=28.6 b=35.5 gap=9.5 (face=3.0mm) n=[313, 313, 448, 448]  tape=0.335km B=9.96T unif=0.613% hoop=159MPa
  [ 551] OK     f=   0.336  a=28.2 b=35.8 gap=9.5 (face=3.0mm) n=[315, 315, 448, 448]  tape=0.336km B=10.01T unif=0.641% hoop=154MPa
  [ 552] OK     f=   0.333  a=28.2 b=35.6 gap=9.5 (face=3.0mm) n=[316, 316, 444, 444]  tape=0.333km B=10.01T unif=0.713% hoop=156MPa
  [a=28 b=36 nt=1528] KSP converged reason: 4, iterations: 1
  [a=28 b=35 nt=1526] KSP converged reason: 4, iterations: 1
  [a=28 b=35 nt=1530] KSP converged reason: 4, iterations: 1
  [a=28 b=35 nt=1512] KSP converged reason: 4, iterations: 1
  [a=28 b=35 nt=1530] KSP converged reason: 4, iterations: 1
  [a=28 b=35 nt=1508] KSP converged reason: 4, iterations: 1
  [a=28 b=35 nt=1522] KSP converged reason: 4, iterations: 1
  [a=28 b=35 nt=1502] KSP converged reason: 4, iterations: 1
  [ 553] OK     f=   0.331  a=28.3 b=35.0 gap=9.5 (face=3.0mm) n=[321, 321, 444, 444]  tape=0.331km B=10.17T unif=0.592% hoop=155MPa
  [ 554] viol   f=   0.532  a=28.2 b=35.1 gap=9.5 (face=3.0mm) n=[315, 315, 439, 439]  tape=0.327km B=10.01T unif=0.826% hoop=155MPa
  [ 555] OK     f=   0.332  a=28.2 b=35.1 gap=9.5 (face=3.0mm) n=[321, 321, 444, 444]  tape=0.332km B=10.15T unif=0.691% hoop=154MPa
  [ 556] OK     f=   0.332  a=28.1 b=35.2 gap=9.5 (face=3.0mm) n=[319, 319, 444, 444]  tape=0.332km B=10.11T unif=0.723% hoop=156MPa
  [ 557] OK     f=   0.337  a=28.1 b=35.8 gap=9.5 (face=3.0mm) n=[314, 314, 450, 450]  tape=0.337km B=10.01T unif=0.702% hoop=154MPa
  [ 558] viol   f=   0.331  a=28.2 b=35.4 gap=9.5 (face=3.0mm) n=[314, 314, 442, 442]  tape=0.330km B=9.98T unif=0.782% hoop=157MPa
  [ 559] viol   f=   6.054  a=27.9 b=35.3 gap=9.5 (face=3.0mm) n=[320, 320, 441, 441]  tape=0.330km B=10.13T unif=0.935% hoop=153MPa
  [ 560] viol   f=   0.334  a=28.1 b=35.2 gap=9.5 (face=3.0mm) n=[312, 312, 439, 439]  tape=0.327km B=9.94T unif=0.738% hoop=157MPa
  [a=28 b=35 nt=1522] KSP converged reason: 4, iterations: 1
  [a=28 b=35 nt=1522] KSP converged reason: 4, iterations: 1
  [a=28 b=35 nt=1514] KSP converged reason: 4, iterations: 1
  [a=28 b=35 nt=1516] KSP converged reason: 4, iterations: 1
  [a=28 b=36 nt=1540] KSP converged reason: 4, iterations: 1
  [a=28 b=35 nt=1524] KSP converged reason: 4, iterations: 1
  [a=28 b=35 nt=1514] KSP converged reason: 4, iterations: 1
  [a=28 b=35 nt=1502] KSP converged reason: 4, iterations: 1
  [ 561] OK     f=   0.330  a=28.2 b=35.2 gap=9.5 (face=3.0mm) n=[317, 317, 441, 441]  tape=0.330km B=10.05T unif=0.799% hoop=153MPa
  [ 562] viol   f=  11.913  a=28.2 b=35.3 gap=9.5 (face=3.0mm) n=[320, 320, 441, 441]  tape=0.331km B=10.11T unif=0.993% hoop=154MPa
  [ 563] viol   f=   1.278  a=28.0 b=35.3 gap=9.5 (face=3.0mm) n=[318, 318, 439, 439]  tape=0.329km B=10.07T unif=0.855% hoop=152MPa
  [ 564] viol   f=   4.108  a=28.2 b=35.0 gap=9.5 (face=3.0mm) n=[321, 321, 441, 441]  tape=0.330km B=10.15T unif=0.910% hoop=155MPa
  [ 565] OK     f=   0.332  a=28.3 b=35.1 gap=9.5 (face=3.0mm) n=[315, 315, 446, 446]  tape=0.332km B=10.04T unif=0.522% hoop=155MPa
  [ 566] OK     f=   0.337  a=28.2 b=35.5 gap=9.5 (face=3.0mm) n=[322, 322, 448, 448]  tape=0.337km B=10.16T unif=0.787% hoop=155MPa
  [ 567] OK     f=   0.329  a=28.0 b=35.2 gap=9.5 (face=3.0mm) n=[314, 314, 443, 443]  tape=0.329km B=10.02T unif=0.656% hoop=153MPa
  [ 568] OK     f=   0.323  a=27.9 b=34.8 gap=9.5 (face=3.0mm) n=[315, 315, 436, 436]  tape=0.323km B=10.02T unif=0.729% hoop=152MPa
  [a=28 b=35 nt=1484] KSP converged reason: 4, iterations: 1
  [a=28 b=35 nt=1484] KSP converged reason: 4, iterations: 1
  [a=28 b=35 nt=1516] KSP converged reason: 4, iterations: 1
  [a=28 b=35 nt=1510] KSP converged reason: 4, iterations: 1
  [a=28 b=36 nt=1516] KSP converged reason: 4, iterations: 1
  [a=28 b=35 nt=1500] KSP converged reason: 4, iterations: 1
  [a=28 b=35 nt=1518] KSP converged reason: 4, iterations: 1
  [a=28 b=35 nt=1508] KSP converged reason: 4, iterations: 1
  [ 569] viol   f=   4.224  a=27.8 b=34.8 gap=9.5 (face=3.0mm) n=[312, 312, 430, 430]  tape=0.318km B=9.94T unif=0.912% hoop=150MPa
  [ 570] viol   f=   0.834  a=27.9 b=34.7 gap=9.5 (face=3.0mm) n=[316, 316, 434, 434]  tape=0.321km B=10.05T unif=0.841% hoop=152MPa
  [ 571] viol   f=   7.867  a=27.7 b=34.9 gap=9.5 (face=3.0mm) n=[313, 313, 429, 429]  tape=0.318km B=9.96T unif=0.955% hoop=149MPa
  [ 572] viol   f=   0.334  a=28.1 b=35.6 gap=9.5 (face=3.0mm) n=[313, 313, 445, 445]  tape=0.333km B=9.97T unif=0.690% hoop=153MPa
  [ 573] OK     f=   0.330  a=28.3 b=35.1 gap=9.5 (face=3.0mm) n=[317, 317, 441, 441]  tape=0.330km B=10.04T unif=0.750% hoop=155MPa
  [ 574] OK     f=   0.328  a=28.0 b=35.3 gap=9.5 (face=3.0mm) n=[318, 318, 437, 437]  tape=0.328km B=10.04T unif=0.741% hoop=154MPa
  [ 575] OK     f=   0.327  a=28.0 b=35.2 gap=9.5 (face=3.0mm) n=[316, 316, 438, 438]  tape=0.327km B=10.02T unif=0.772% hoop=153MPa
  [ 576] OK     f=   0.330  a=27.9 b=35.3 gap=9.5 (face=3.0mm) n=[315, 315, 444, 444]  tape=0.330km B=10.03T unif=0.682% hoop=152MPa
  [a=28 b=35 nt=1516] KSP converged reason: 4, iterations: 1
  [a=28 b=35 nt=1514] KSP converged reason: 4, iterations: 1
  [a=28 b=35 nt=1500] KSP converged reason: 4, iterations: 1
  [a=28 b=35 nt=1522] KSP converged reason: 4, iterations: 1
  [a=28 b=35 nt=1510] KSP converged reason: 4, iterations: 1
  [a=28 b=35 nt=1510] KSP converged reason: 4, iterations: 1
  [a=28 b=35 nt=1516] KSP converged reason: 4, iterations: 1
  [a=28 b=35 nt=1508] KSP converged reason: 4, iterations: 1
  [ 577] OK     f=   0.331  a=28.1 b=35.2 gap=9.5 (face=3.0mm) n=[318, 318, 443, 443]  tape=0.331km B=10.08T unif=0.748% hoop=154MPa
  [ 578] viol   f=   1.067  a=28.0 b=35.0 gap=9.5 (face=3.0mm) n=[316, 316, 439, 439]  tape=0.326km B=10.04T unif=0.849% hoop=153MPa
  [ 579] viol   f=   1.067  a=28.1 b=35.1 gap=9.5 (face=3.0mm) n=[317, 317, 438, 438]  tape=0.327km B=10.05T unif=0.849% hoop=153MPa
  [ 580] viol   f=  11.990  a=28.2 b=35.1 gap=9.5 (face=3.0mm) n=[319, 319, 438, 438]  tape=0.328km B=10.09T unif=0.993% hoop=154MPa
  [ 581] OK     f=   0.330  a=27.8 b=35.4 gap=9.5 (face=3.0mm) n=[317, 317, 441, 441]  tape=0.330km B=10.05T unif=0.780% hoop=151MPa
  [ 582] viol   f=   1.560  a=28.0 b=34.9 gap=9.5 (face=3.0mm) n=[315, 315, 435, 435]  tape=0.323km B=10.01T unif=0.863% hoop=152MPa
  [ 583] viol   f=   0.599  a=27.9 b=35.3 gap=9.5 (face=3.0mm) n=[318, 318, 440, 440]  tape=0.329km B=10.07T unif=0.829% hoop=152MPa
  [ 584] viol   f=   0.444  a=27.8 b=35.2 gap=9.5 (face=3.0mm) n=[316, 316, 438, 438]  tape=0.326km B=10.04T unif=0.819% hoop=151MPa
  [a=28 b=35 nt=1504] KSP converged reason: 4, iterations: 1
  [a=28 b=35 nt=1494] KSP converged reason: 4, iterations: 1
  [a=28 b=36 nt=1530] KSP converged reason: 4, iterations: 1
  [a=28 b=35 nt=1510] KSP converged reason: 4, iterations: 1
  [a=28 b=36 nt=1526] KSP converged reason: 4, iterations: 1
  [a=28 b=35 nt=1508] KSP converged reason: 4, iterations: 1
  [a=28 b=35 nt=1514] KSP converged reason: 4, iterations: 1
  [a=28 b=35 nt=1506] KSP converged reason: 4, iterations: 1
  [ 585] viol   f=   1.485  a=27.9 b=35.1 gap=9.5 (face=3.0mm) n=[316, 316, 438, 438]  tape=0.326km B=10.04T unif=0.861% hoop=152MPa
  [ 586] viol   f=   0.326  a=27.8 b=35.2 gap=9.5 (face=3.0mm) n=[314, 314, 438, 438]  tape=0.326km B=9.99T unif=0.757% hoop=151MPa
  [ 587] viol   f=   0.809  a=28.1 b=35.7 gap=9.5 (face=3.0mm) n=[318, 318, 447, 447]  tape=0.336km B=10.08T unif=0.839% hoop=154MPa
  [ 588] OK     f=   0.335  a=27.8 b=35.8 gap=9.5 (face=3.0mm) n=[318, 318, 445, 445]  tape=0.335km B=10.08T unif=0.795% hoop=153MPa
  [ 589] viol   f=  41.704  a=28.1 b=35.4 gap=9.5 (face=3.0mm) n=[317, 317, 430, 430]  tape=0.324km B=9.99T unif=1.164% hoop=152MPa
  [ 590] viol   f=   0.496  a=27.8 b=35.5 gap=9.5 (face=3.0mm) n=[316, 316, 439, 439]  tape=0.329km B=10.02T unif=0.823% hoop=153MPa
  [ 591] viol   f=  13.028  a=27.7 b=35.3 gap=9.5 (face=3.0mm) n=[319, 319, 438, 438]  tape=0.328km B=10.10T unif=1.002% hoop=152MPa
  [ 592] viol   f=   0.330  a=28.1 b=35.4 gap=9.5 (face=3.0mm) n=[315, 315, 438, 438]  tape=0.328km B=9.97T unif=0.764% hoop=153MPa
  [a=28 b=35 nt=1506] KSP converged reason: 4, iterations: 1
  [a=28 b=35 nt=1494] KSP converged reason: 4, iterations: 1
  [a=28 b=36 nt=1506] KSP converged reason: 4, iterations: 1
  [a=28 b=35 nt=1500] KSP converged reason: 4, iterations: 1
  [a=28 b=36 nt=1516] KSP converged reason: 4, iterations: 1
  [a=28 b=35 nt=1516] KSP converged reason: 4, iterations: 1
  [a=28 b=35 nt=1498] KSP converged reason: 4, iterations: 1
  [a=27 b=35 nt=1498] KSP converged reason: 4, iterations: 1
  [ 593] OK     f=   0.323  a=27.8 b=34.6 gap=9.5 (face=3.0mm) n=[315, 315, 438, 438]  tape=0.323km B=10.05T unif=0.554% hoop=152MPa
  [ 594] viol   f=   0.879  a=27.6 b=35.6 gap=9.5 (face=3.0mm) n=[315, 315, 438, 438]  tape=0.327km B=10.01T unif=0.842% hoop=150MPa
  [ 595] viol   f=   0.335  a=27.8 b=35.9 gap=9.5 (face=3.0mm) n=[314, 314, 444, 444]  tape=0.333km B=9.97T unif=0.713% hoop=153MPa
  [ 596] viol   f=   0.327  a=27.8 b=35.1 gap=9.5 (face=3.0mm) n=[313, 313, 434, 434]  tape=0.322km B=9.95T unif=0.626% hoop=150MPa
  [ 597] viol   f=   4.596  a=27.9 b=35.3 gap=9.5 (face=3.0mm) n=[319, 319, 439, 439]  tape=0.328km B=10.10T unif=0.917% hoop=152MPa
  [ 598] viol   f=   0.326  a=27.8 b=34.9 gap=9.5 (face=3.0mm) n=[311, 311, 439, 439]  tape=0.324km B=9.97T unif=0.615% hoop=150MPa
  [ 599] viol   f=   0.324  a=27.8 b=34.9 gap=9.5 (face=3.0mm) n=[312, 312, 437, 437]  tape=0.323km B=9.98T unif=0.709% hoop=152MPa
  [ 600] viol   f=   0.565  a=27.4 b=35.1 gap=9.5 (face=3.0mm) n=[315, 315, 434, 434]  tape=0.321km B=10.03T unif=0.828% hoop=149MPa
  [a=28 b=34 nt=1498] KSP converged reason: 4, iterations: 1
  [a=28 b=34 nt=1516] KSP converged reason: 4, iterations: 1
  [a=28 b=34 nt=1526] KSP converged reason: 4, iterations: 1
  [a=28 b=34 nt=1488] KSP converged reason: 4, iterations: 1
  [a=28 b=35 nt=1484] KSP converged reason: 4, iterations: 1
  [a=28 b=35 nt=1498] KSP converged reason: 4, iterations: 1
  [a=28 b=35 nt=1502] KSP converged reason: 4, iterations: 1
  [a=28 b=35 nt=1492] KSP converged reason: 4, iterations: 1
  [ 601] OK     f=   0.324  a=27.9 b=34.4 gap=9.5 (face=3.0mm) n=[315, 315, 443, 443]  tape=0.324km B=10.09T unif=0.355% hoop=152MPa
  [ 602] viol   f=   0.316  a=27.5 b=34.3 gap=9.5 (face=3.0mm) n=[311, 311, 433, 433]  tape=0.316km B=9.98T unif=0.578% hoop=149MPa
  [ 603] OK     f=   0.316  a=27.7 b=33.7 gap=9.5 (face=3.0mm) n=[310, 310, 439, 439]  tape=0.316km B=10.01T unif=0.272% hoop=150MPa
  [ 604] viol   f=   0.327  a=27.7 b=34.6 gap=9.5 (face=3.0mm) n=[310, 310, 432, 432]  tape=0.317km B=9.93T unif=0.660% hoop=150MPa
  [ 605] OK     f=   0.324  a=27.9 b=34.0 gap=9.5 (face=3.0mm) n=[318, 318, 445, 445]  tape=0.324km B=10.18T unif=0.306% hoop=153MPa
  [ 606] OK     f=   0.321  a=27.7 b=34.7 gap=9.5 (face=3.0mm) n=[313, 313, 436, 436]  tape=0.321km B=10.00T unif=0.762% hoop=151MPa
  [ 607] viol   f=  24.425  a=28.3 b=34.9 gap=9.5 (face=3.0mm) n=[316, 316, 435, 435]  tape=0.325km B=10.02T unif=1.078% hoop=156MPa
  [ 608] viol   f=   0.327  a=27.6 b=34.8 gap=9.5 (face=3.0mm) n=[310, 310, 436, 436]  tape=0.320km B=9.94T unif=0.696% hoop=149MPa
  [a=27 b=34 nt=1520] KSP converged reason: 4, iterations: 1
  [a=28 b=34 nt=1506] KSP converged reason: 4, iterations: 1
  [a=28 b=34 nt=1482] KSP converged reason: 4, iterations: 1
  [a=28 b=35 nt=1506] KSP converged reason: 4, iterations: 1
  [a=28 b=34 nt=1514] KSP converged reason: 4, iterations: 1
  [a=28 b=35 nt=1528] KSP converged reason: 4, iterations: 1
  [a=28 b=34 nt=1488] KSP converged reason: 4, iterations: 1
  [a=27 b=33 nt=1482] KSP converged reason: 4, iterations: 1
  [ 609] viol   f=   0.317  a=27.5 b=33.8 gap=9.5 (face=3.0mm) n=[308, 308, 433, 433]  tape=0.312km B=9.95T unif=0.286% hoop=149MPa
  [ 610] OK     f=   0.318  a=27.7 b=33.7 gap=9.5 (face=3.0mm) n=[312, 312, 441, 441]  tape=0.318km B=10.07T unif=0.267% hoop=151MPa
  [ 611] OK     f=   0.324  a=27.3 b=34.4 gap=9.5 (face=3.0mm) n=[312, 312, 448, 448]  tape=0.324km B=10.12T unif=0.311% hoop=150MPa
  [ 612] OK     f=   0.332  a=28.5 b=34.9 gap=9.5 (face=3.0mm) n=[318, 318, 446, 446]  tape=0.332km B=10.11T unif=0.515% hoop=158MPa
  [ 613] OK     f=   0.323  a=27.8 b=34.3 gap=9.5 (face=3.0mm) n=[315, 315, 442, 442]  tape=0.323km B=10.09T unif=0.399% hoop=151MPa
  [ 614] viol   f=   0.325  a=27.8 b=34.6 gap=9.5 (face=3.0mm) n=[309, 309, 444, 444]  tape=0.323km B=9.98T unif=0.322% hoop=154MPa
  [ 615] viol   f=   0.315  a=27.7 b=33.9 gap=9.5 (face=3.0mm) n=[310, 310, 434, 434]  tape=0.314km B=9.98T unif=0.322% hoop=150MPa
  [ 616] viol   f=   0.305  a=27.3 b=32.8 gap=9.5 (face=3.0mm) n=[306, 306, 435, 435]  tape=0.305km B=9.99T unif=0.420% hoop=149MPa
  [a=27 b=34 nt=1524] KSP converged reason: 4, iterations: 1
  [a=27 b=34 nt=1494] KSP converged reason: 4, iterations: 1
  [a=28 b=33 nt=1490] KSP converged reason: 4, iterations: 1
  [a=27 b=34 nt=1496] KSP converged reason: 4, iterations: 1
  [a=28 b=34 nt=1464] KSP converged reason: 4, iterations: 1
  [a=27 b=35 nt=1486] KSP converged reason: 4, iterations: 1
  [a=27 b=33 nt=1462] KSP converged reason: 4, iterations: 1
  [ 617] viol   f=   9.236  a=27.4 b=34.9 gap=9.5 (face=3.0mm) n=[314, 314, 429, 429]  tape=0.317km B=10.00T unif=0.969% hoop=149MPa
  [ 618] OK     f=   0.322  a=27.2 b=33.8 gap=9.5 (face=3.0mm) n=[308, 308, 454, 454]  tape=0.322km B=10.14T unif=0.564% hoop=149MPa
  [ 619] viol   f=   0.312  a=28.1 b=33.1 gap=9.5 (face=3.0mm) n=[307, 307, 438, 438]  tape=0.312km B=9.99T unif=0.399% hoop=152MPa
  [ 620] viol   f=   0.435  a=27.9 b=33.6 gap=9.5 (face=3.0mm) n=[297, 297, 435, 435]  tape=0.309km B=9.75T unif=0.428% hoop=149MPa
  [ 621] INFEAS f=1015.442  a=27.8 b=32.2 gap=9.5 (face=3.0mm) n=[305, 305, 432, 432]  no evaluation (geometry pre-check)
  [ 622] OK     f=   0.310  a=26.9 b=33.5 gap=9.5 (face=3.0mm) n=[311, 311, 436, 436]  tape=0.310km B=10.09T unif=0.259% hoop=146MPa
  [ 623] viol   f=   0.318  a=27.4 b=34.3 gap=9.5 (face=3.0mm) n=[310, 310, 438, 438]  tape=0.318km B=9.99T unif=0.370% hoop=149MPa
  [ 624] viol   f=   0.316  a=27.0 b=32.6 gap=9.5 (face=3.0mm) n=[302, 302, 429, 429]  tape=0.299km B=9.91T unif=0.340% hoop=145MPa
  [a=27 b=33 nt=1516] KSP converged reason: 4, iterations: 1
  [a=28 b=33 nt=1520] KSP converged reason: 4, iterations: 1
  [a=28 b=36 nt=1526] KSP converged reason: 4, iterations: 1
  [a=27 b=34 nt=1474] KSP converged reason: 4, iterations: 1
  [a=27 b=33 nt=1492] KSP converged reason: 4, iterations: 1
  [a=28 b=33 nt=1458] KSP converged reason: 4, iterations: 1
  [a=27 b=33 nt=1446] KSP converged reason: 4, iterations: 1
  [ 625] OK     f=   0.314  a=27.2 b=32.9 gap=9.5 (face=3.0mm) n=[309, 309, 449, 449]  tape=0.314km B=10.17T unif=0.714% hoop=149MPa
  [ 626] viol   f=   0.309  a=27.7 b=33.2 gap=9.5 (face=3.0mm) n=[307, 307, 422, 422]  tape=0.302km B=9.94T unif=0.629% hoop=152MPa
  [ 627] OK     f=   0.308  a=27.0 b=33.0 gap=9.5 (face=3.0mm) n=[309, 309, 437, 437]  tape=0.308km B=10.09T unif=0.288% hoop=145MPa
  [ 628] viol   f=  12.646  a=27.7 b=35.7 gap=9.5 (face=3.0mm) n=[323, 323, 440, 440]  tape=0.332km B=10.16T unif=0.999% hoop=153MPa
  [ 629] INFEAS f=1034.475  a=27.9 b=32.0 gap=9.5 (face=3.0mm) n=[310, 310, 438, 438]  no evaluation (geometry pre-check)
  [ 630] viol   f=   0.319  a=27.1 b=34.0 gap=9.5 (face=3.0mm) n=[307, 307, 430, 430]  tape=0.309km B=9.93T unif=0.522% hoop=146MPa
  [ 631] viol   f=  18.718  a=27.9 b=33.1 gap=9.5 (face=3.0mm) n=[308, 308, 452, 452]  tape=0.319km B=10.12T unif=1.043% hoop=154MPa
  [ 632] viol   f=   0.344  a=26.9 b=33.0 gap=9.5 (face=3.0mm) n=[302, 302, 421, 421]  tape=0.297km B=9.85T unif=0.384% hoop=143MPa
  [a=27 b=33 nt=1520] KSP converged reason: 4, iterations: 1
  [a=27 b=34 nt=1504] KSP converged reason: 4, iterations: 1
  [a=28 b=35 nt=1526] KSP converged reason: 4, iterations: 1
  [a=27 b=33 nt=1506] KSP converged reason: 4, iterations: 1
  [a=27 b=33 nt=1520] KSP converged reason: 4, iterations: 1
  [a=27 b=32 nt=1470] KSP converged reason: 4, iterations: 1
  [ 633] OK     f=   0.313  a=26.8 b=33.1 gap=9.5 (face=3.0mm) n=[316, 316, 444, 444]  tape=0.313km B=10.30T unif=0.360% hoop=148MPa
  [ 634] viol   f=  91.014  a=27.3 b=33.2 gap=9.5 (face=3.0mm) n=[301, 301, 459, 459]  tape=0.319km B=10.07T unif=1.339% hoop=152MPa
  [ 635] OK     f=   0.315  a=27.2 b=33.9 gap=9.5 (face=3.0mm) n=[317, 317, 435, 435]  tape=0.315km B=10.18T unif=0.419% hoop=148MPa
  [ 636] INFEAS f=1001.004  a=27.2 b=32.1 gap=9.5 (face=3.0mm) n=[294, 294, 429, 429]  no evaluation (geometry pre-check)
  [ 637] viol   f=   0.333  a=27.5 b=35.4 gap=9.5 (face=3.0mm) n=[311, 311, 452, 452]  tape=0.333km B=10.00T unif=0.274% hoop=151MPa
  [ 638] OK     f=   0.315  a=27.4 b=33.3 gap=9.5 (face=3.0mm) n=[305, 305, 448, 448]  tape=0.315km B=10.07T unif=0.746% hoop=149MPa
  [ 639] OK     f=   0.297  a=26.9 b=32.1 gap=9.5 (face=3.0mm) n=[304, 304, 431, 431]  tape=0.297km B=10.01T unif=0.420% hoop=147MPa
  [ 640] INFEAS f=1001.216  a=27.4 b=32.2 gap=9.5 (face=3.0mm) n=[302, 302, 434, 434]  no evaluation (geometry pre-check)
  [a=27 b=33 nt=1518] KSP converged reason: 4, iterations: 1
  [a=26 b=32 nt=1446] KSP converged reason: 4, iterations: 1
  [a=27 b=33 nt=1510] KSP converged reason: 4, iterations: 1
  [a=27 b=33 nt=1502] KSP converged reason: 4, iterations: 1
  [a=28 b=34 nt=1484] KSP converged reason: 4, iterations: 1
  [ 641] INFEAS f=1019.280  a=26.7 b=31.0 gap=9.5 (face=3.0mm) n=[306, 306, 424, 424]  no evaluation (geometry pre-check)
  [ 642] viol   f=   0.295  a=26.3 b=31.5 gap=9.5 (face=3.0mm) n=[298, 298, 425, 425]  tape=0.287km B=9.94T unif=0.532% hoop=142MPa
  [ 643] viol   f=  14.900  a=26.7 b=32.7 gap=9.5 (face=3.0mm) n=[309, 309, 450, 450]  tape=0.312km B=10.24T unif=1.016% hoop=147MPa
  [ 644] OK     f=   0.310  a=26.7 b=33.2 gap=9.5 (face=3.0mm) n=[319, 319, 436, 436]  tape=0.310km B=10.32T unif=0.314% hoop=148MPa
  [ 645] OK     f=   0.309  a=26.6 b=33.3 gap=9.5 (face=3.0mm) n=[315, 315, 436, 436]  tape=0.309km B=10.21T unif=0.360% hoop=148MPa
  [ 646] viol   f=   0.321  a=27.7 b=33.5 gap=9.5 (face=3.0mm) n=[304, 304, 438, 438]  tape=0.312km B=9.93T unif=0.356% hoop=150MPa
  [ 647] INFEAS f=1000.123  a=26.1 b=31.0 gap=9.5 (face=3.0mm) n=[307, 307, 440, 440]  no evaluation (geometry pre-check)
  [ 648] INFEAS f=1000.777  a=25.8 b=30.6 gap=9.5 (face=3.0mm) n=[307, 307, 435, 435]  no evaluation (geometry pre-check)
  [a=26 b=32 nt=1462] KSP converged reason: 4, iterations: 1
  [a=27 b=33 nt=1504] KSP converged reason: 4, iterations: 1
  [a=27 b=32 nt=1462] KSP converged reason: 4, iterations: 1
  [a=27 b=33 nt=1484] KSP converged reason: 4, iterations: 1
  [a=26 b=32 nt=1438] KSP converged reason: 4, iterations: 1
  [a=27 b=33 nt=1452] KSP converged reason: 4, iterations: 1
  [a=26 b=33 nt=1446] KSP converged reason: 4, iterations: 1
  [ 649] INFEAS f=1005.232  a=26.1 b=30.8 gap=9.5 (face=3.0mm) n=[304, 304, 412, 412]  no evaluation (geometry pre-check)
  [ 650] viol   f=   0.318  a=26.0 b=32.5 gap=9.5 (face=3.0mm) n=[300, 300, 419, 419]  tape=0.289km B=9.88T unif=0.243% hoop=139MPa
  [ 651] viol   f=   0.302  a=26.6 b=33.1 gap=9.5 (face=3.0mm) n=[306, 306, 420, 420]  tape=0.297km B=9.95T unif=0.627% hoop=143MPa
  [ 652] OK     f=   0.310  a=27.1 b=33.2 gap=9.5 (face=3.0mm) n=[316, 316, 436, 436]  tape=0.310km B=10.22T unif=0.377% hoop=148MPa
  [ 653] viol   f=   0.307  a=26.7 b=32.4 gap=9.5 (face=3.0mm) n=[300, 300, 431, 431]  tape=0.297km B=9.93T unif=0.624% hoop=143MPa
  [ 654] viol   f=   0.294  a=26.1 b=32.2 gap=9.5 (face=3.0mm) n=[300, 300, 431, 431]  tape=0.294km B=9.99T unif=0.611% hoop=141MPa
  [ 655] OK     f=   0.309  a=27.2 b=33.4 gap=9.5 (face=3.0mm) n=[308, 308, 434, 434]  tape=0.309km B=10.00T unif=0.247% hoop=146MPa
  [ 656] viol   f=   0.307  a=26.4 b=32.9 gap=9.5 (face=3.0mm) n=[303, 303, 420, 420]  tape=0.294km B=9.92T unif=0.375% hoop=141MPa
  [a=25 b=30 nt=1446] KSP converged reason: 4, iterations: 1
  [a=27 b=32 nt=1468] KSP converged reason: 4, iterations: 1
  [a=25 b=33 nt=1466] KSP converged reason: 4, iterations: 1
  [a=26 b=32 nt=1442] KSP converged reason: 4, iterations: 1
  [a=26 b=33 nt=1416] KSP converged reason: 4, iterations: 1
  [a=26 b=32 nt=1454] KSP converged reason: 4, iterations: 1
  [a=25 b=32 nt=1478] KSP converged reason: 4, iterations: 1
  [a=27 b=34 nt=1466] KSP converged reason: 4, iterations: 1
  [ 657] viol   f=   2.360  a=24.9 b=30.4 gap=9.5 (face=3.0mm) n=[301, 301, 422, 422]  tape=0.275km B=10.15T unif=0.882% hoop=135MPa
  [ 658] viol   f=   0.300  a=25.6 b=32.3 gap=9.5 (face=3.0mm) n=[300, 300, 421, 421]  tape=0.288km B=9.92T unif=0.172% hoop=138MPa
  [ 659] viol   f=   6.998  a=26.6 b=32.0 gap=9.5 (face=3.0mm) n=[300, 300, 434, 434]  tape=0.296km B=9.99T unif=0.946% hoop=143MPa
  [ 660] OK     f=   0.290  a=26.1 b=32.2 gap=9.5 (face=3.0mm) n=[306, 306, 421, 421]  tape=0.290km B=10.06T unif=0.290% hoop=140MPa
  [ 661] OK     f=   0.294  a=25.5 b=32.7 gap=9.5 (face=3.0mm) n=[309, 309, 424, 424]  tape=0.294km B=10.14T unif=0.446% hoop=140MPa
  [ 662] viol   f=   0.551  a=26.1 b=32.8 gap=9.5 (face=3.0mm) n=[288, 288, 420, 420]  tape=0.288km B=9.64T unif=0.461% hoop=140MPa
  [ 663] OK     f=   0.293  a=25.1 b=32.2 gap=9.5 (face=3.0mm) n=[306, 306, 433, 433]  tape=0.293km B=10.16T unif=0.698% hoop=138MPa
  [ 664] viol   f=   0.756  a=27.1 b=34.3 gap=9.5 (face=3.0mm) n=[312, 312, 421, 421]  tape=0.308km B=9.97T unif=0.838% hoop=146MPa
  [a=26 b=33 nt=1520] KSP converged reason: 4, iterations: 1
  [a=25 b=32 nt=1478] KSP converged reason: 4, iterations: 1
  [a=26 b=33 nt=1454] KSP converged reason: 4, iterations: 1
  [a=26 b=34 nt=1468] KSP converged reason: 4, iterations: 1
  [a=25 b=32 nt=1430] KSP converged reason: 4, iterations: 1
  [a=27 b=32 nt=1462] KSP converged reason: 4, iterations: 1
  [a=26 b=32 nt=1454] KSP converged reason: 4, iterations: 1
  [a=25 b=32 nt=1464] KSP converged reason: 4, iterations: 1
  [ 665] OK     f=   0.310  a=26.5 b=32.6 gap=9.5 (face=3.0mm) n=[313, 313, 447, 447]  tape=0.310km B=10.32T unif=0.753% hoop=146MPa
  [ 666] viol   f=   0.302  a=25.9 b=33.7 gap=9.5 (face=3.0mm) n=[307, 307, 427, 427]  tape=0.302km B=9.99T unif=0.430% hoop=142MPa
  [ 667] viol   f=  32.179  a=25.5 b=32.9 gap=9.5 (face=3.0mm) n=[312, 312, 415, 415]  tape=0.291km B=10.16T unif=1.119% hoop=138MPa
  [ 668] viol   f=   0.299  a=25.1 b=32.1 gap=9.5 (face=3.0mm) n=[299, 299, 416, 416]  tape=0.282km B=9.91T unif=0.157% hoop=136MPa
  [ 669] OK     f=   0.289  a=25.2 b=31.9 gap=9.5 (face=3.0mm) n=[317, 317, 422, 422]  tape=0.289km B=10.39T unif=0.622% hoop=136MPa
  [ 670] OK     f=   0.294  a=26.5 b=32.3 gap=9.5 (face=3.0mm) n=[309, 309, 422, 422]  tape=0.294km B=10.08T unif=0.260% hoop=142MPa
  [ 671] OK     f=   0.293  a=26.5 b=32.4 gap=9.5 (face=3.0mm) n=[308, 308, 419, 419]  tape=0.293km B=10.05T unif=0.333% hoop=142MPa
  [ 672] OK     f=   0.293  a=25.5 b=32.3 gap=9.5 (face=3.0mm) n=[301, 301, 431, 431]  tape=0.293km B=10.03T unif=0.508% hoop=138MPa
  [a=25 b=31 nt=1446] KSP converged reason: 4, iterations: 1
  [a=26 b=33 nt=1448] KSP converged reason: 4, iterations: 1
  [a=26 b=33 nt=1488] KSP converged reason: 4, iterations: 1
  [a=26 b=32 nt=1460] KSP converged reason: 4, iterations: 1
  [a=25 b=33 nt=1474] KSP converged reason: 4, iterations: 1
  [a=25 b=33 nt=1424] KSP converged reason: 4, iterations: 1
  [a=26 b=33 nt=1466] KSP converged reason: 4, iterations: 1
  [ 673] OK     f=   0.296  a=25.4 b=32.8 gap=9.5 (face=3.0mm) n=[310, 310, 427, 427]  tape=0.296km B=10.16T unif=0.182% hoop=138MPa
  [ 674] OK     f=   0.274  a=25.0 b=30.7 gap=9.5 (face=3.0mm) n=[313, 313, 410, 410]  tape=0.274km B=10.37T unif=0.221% hoop=132MPa
  [ 675] viol   f=  35.536  a=24.9 b=32.5 gap=9.5 (face=3.0mm) n=[306, 306, 406, 406]  tape=0.280km B=10.07T unif=1.136% hoop=133MPa
  [ 676] OK     f=   0.288  a=25.8 b=31.9 gap=9.5 (face=3.0mm) n=[311, 311, 419, 419]  tape=0.288km B=10.20T unif=0.522% hoop=138MPa
  [ 677] OK     f=   0.291  a=26.0 b=32.7 gap=9.5 (face=3.0mm) n=[309, 309, 415, 415]  tape=0.291km B=10.05T unif=0.780% hoop=140MPa
  [ 678] OK     f=   0.302  a=25.5 b=33.1 gap=9.5 (face=3.0mm) n=[309, 309, 435, 435]  tape=0.302km B=10.13T unif=0.338% hoop=141MPa
  [ 679] OK     f=   0.296  a=25.7 b=32.8 gap=9.5 (face=3.0mm) n=[305, 305, 428, 428]  tape=0.296km B=10.03T unif=0.401% hoop=140MPa
  [ 680] INFEAS f=1002.941  a=26.8 b=31.6 gap=9.5 (face=3.0mm) n=[305, 305, 421, 421]  no evaluation (geometry pre-check)
  [a=24 b=31 nt=1472] KSP converged reason: 4, iterations: 1
  [a=25 b=31 nt=1464] KSP converged reason: 4, iterations: 1
  [a=24 b=31 nt=1498] KSP converged reason: 4, iterations: 1
  [a=26 b=31 nt=1470] KSP converged reason: 4, iterations: 1
  [a=26 b=31 nt=1430] KSP converged reason: 4, iterations: 1
  [a=26 b=33 nt=1438] KSP converged reason: 4, iterations: 1
  [a=25 b=31 nt=1434] KSP converged reason: 4, iterations: 1
  [a=24 b=30 nt=1454] KSP converged reason: 4, iterations: 1
  [ 681] OK     f=   0.284  a=25.1 b=31.3 gap=9.5 (face=3.0mm) n=[307, 307, 425, 425]  tape=0.284km B=10.23T unif=0.314% hoop=137MPa
  [ 682] viol   f=   0.283  a=25.9 b=31.5 gap=9.5 (face=3.0mm) n=[301, 301, 414, 414]  tape=0.281km B=9.97T unif=0.228% hoop=137MPa
  [ 683] viol   f=  31.168  a=24.4 b=31.4 gap=9.5 (face=3.1mm) n=[327, 327, 422, 422]  tape=0.286km B=10.73T unif=1.114% hoop=132MPa
  [ 684] viol   f= 179.890  a=25.7 b=32.6 gap=9.5 (face=3.0mm) n=[320, 320, 399, 399]  tape=0.284km B=10.30T unif=1.558% hoop=135MPa
  [ 685] OK     f=   0.284  a=25.5 b=31.1 gap=9.5 (face=3.0mm) n=[317, 317, 418, 418]  tape=0.284km B=10.45T unif=0.568% hoop=139MPa
  [ 686] OK     f=   0.278  a=24.3 b=30.7 gap=9.5 (face=3.0mm) n=[316, 316, 420, 420]  tape=0.278km B=10.48T unif=0.503% hoop=131MPa
  [ 687] OK     f=   0.275  a=25.4 b=30.7 gap=9.5 (face=3.0mm) n=[301, 301, 416, 416]  tape=0.275km B=10.08T unif=0.279% hoop=135MPa
  [ 688] viol   f=   9.089  a=24.0 b=30.4 gap=9.5 (face=3.1mm) n=[312, 312, 415, 415]  tape=0.272km B=10.44T unif=0.968% hoop=129MPa
  [a=26 b=33 nt=1460] KSP converged reason: 4, iterations: 1
  [a=24 b=32 nt=1432] KSP converged reason: 4, iterations: 1
  [a=26 b=32 nt=1386] KSP converged reason: 4, iterations: 1
  [a=26 b=32 nt=1480] KSP converged reason: 4, iterations: 1
  [a=24 b=30 nt=1416] KSP converged reason: 4, iterations: 1
  [a=25 b=31 nt=1440] KSP converged reason: 4, iterations: 1
  [ 689] INFEAS f=1010.819  a=25.1 b=29.5 gap=9.5 (face=3.0mm) n=[309, 309, 415, 415]  no evaluation (geometry pre-check)
  [ 690] OK     f=   0.294  a=25.8 b=32.2 gap=9.5 (face=3.0mm) n=[315, 315, 425, 425]  tape=0.294km B=10.28T unif=0.408% hoop=142MPa
  [ 691] OK     f=   0.295  a=26.2 b=32.6 gap=9.5 (face=3.0mm) n=[304, 304, 426, 426]  tape=0.295km B=10.02T unif=0.293% hoop=142MPa
  [ 692] OK     f=   0.263  a=23.6 b=30.4 gap=9.5 (face=3.1mm) n=[302, 302, 406, 406]  tape=0.263km B=10.14T unif=0.454% hoop=128MPa
  [ 693] OK     f=   0.278  a=25.5 b=30.8 gap=9.5 (face=3.0mm) n=[299, 299, 421, 421]  tape=0.278km B=10.04T unif=0.739% hoop=137MPa
  [ 694] viol   f= 104.685  a=24.5 b=31.8 gap=9.5 (face=3.0mm) n=[314, 314, 402, 402]  tape=0.275km B=10.33T unif=1.378% hoop=130MPa
  [ 695] viol   f=  53.313  a=26.1 b=31.8 gap=9.5 (face=3.0mm) n=[277, 277, 416, 416]  tape=0.277km B=9.46T unif=1.210% hoop=137MPa
  [ 696] INFEAS f=1001.063  a=24.8 b=29.6 gap=9.5 (face=3.0mm) n=[313, 313, 406, 406]  no evaluation (geometry pre-check)
  [a=25 b=31 nt=1464] KSP converged reason: 4, iterations: 1
  [a=24 b=30 nt=1420] KSP converged reason: 4, iterations: 1
  [a=25 b=31 nt=1464] KSP converged reason: 4, iterations: 1
  [a=24 b=32 nt=1428] KSP converged reason: 4, iterations: 1
  [a=24 b=32 nt=1498] KSP converged reason: 4, iterations: 1
  [a=23 b=32 nt=1404] KSP converged reason: 4, iterations: 1
  [a=24 b=29 nt=1444] KSP converged reason: 4, iterations: 1
  [a=24 b=31 nt=1434] KSP converged reason: 4, iterations: 1
  [ 697] OK     f=   0.282  a=24.7 b=31.2 gap=9.5 (face=3.0mm) n=[308, 308, 424, 424]  tape=0.282km B=10.26T unif=0.315% hoop=135MPa
  [ 698] OK     f=   0.276  a=24.2 b=31.7 gap=9.5 (face=3.1mm) n=[301, 301, 413, 413]  tape=0.276km B=10.04T unif=0.135% hoop=130MPa
  [ 699] OK     f=   0.261  a=24.1 b=29.6 gap=9.5 (face=3.1mm) n=[306, 306, 404, 404]  tape=0.261km B=10.30T unif=0.397% hoop=127MPa
  [ 700] OK     f=   0.294  a=24.5 b=32.4 gap=9.5 (face=3.0mm) n=[319, 319, 430, 430]  tape=0.294km B=10.46T unif=0.259% hoop=135MPa
  [ 701] OK     f=   0.281  a=24.7 b=31.0 gap=9.5 (face=3.0mm) n=[307, 307, 425, 425]  tape=0.281km B=10.24T unif=0.540% hoop=134MPa
  [ 702] viol   f=  55.087  a=23.1 b=31.5 gap=9.6 (face=3.1mm) n=[306, 306, 396, 396]  tape=0.264km B=10.18T unif=1.219% hoop=121MPa
  [ 703] OK     f=   0.266  a=24.3 b=29.5 gap=9.5 (face=3.0mm) n=[306, 306, 416, 416]  tape=0.266km B=10.34T unif=0.268% hoop=131MPa
  [ 704] viol   f=   4.594  a=24.4 b=30.8 gap=9.5 (face=3.0mm) n=[309, 309, 408, 408]  tape=0.271km B=10.28T unif=0.918% hoop=131MPa
  [a=25 b=30 nt=1406] KSP converged reason: 4, iterations: 1
  [a=25 b=30 nt=1454] KSP converged reason: 4, iterations: 1
  [a=25 b=31 nt=1464] KSP converged reason: 4, iterations: 1
  [a=25 b=30 nt=1436] KSP converged reason: 4, iterations: 1
  [a=24 b=29 nt=1370] KSP converged reason: 4, iterations: 1
  [a=24 b=29 nt=1378] KSP converged reason: 4, iterations: 1
  [a=24 b=30 nt=1438] KSP converged reason: 4, iterations: 1
  [a=23 b=29 nt=1446] KSP converged reason: 4, iterations: 1
  [ 705] viol   f=  67.359  a=23.5 b=28.7 gap=9.5 (face=3.1mm) n=[283, 283, 406, 406]  tape=0.248km B=9.85T unif=1.263% hoop=122MPa
  [ 706] OK     f=   0.277  a=25.1 b=30.5 gap=9.5 (face=3.0mm) n=[307, 307, 420, 420]  tape=0.277km B=10.27T unif=0.168% hoop=136MPa
  [ 707] viol   f=   8.371  a=23.8 b=29.3 gap=9.5 (face=3.1mm) n=[294, 294, 391, 391]  tape=0.248km B=10.02T unif=0.961% hoop=125MPa
  [ 708] OK     f=   0.270  a=24.8 b=30.0 gap=9.5 (face=3.0mm) n=[299, 299, 419, 419]  tape=0.270km B=10.14T unif=0.731% hoop=134MPa
  [ 709] OK     f=   0.279  a=25.0 b=30.8 gap=9.5 (face=3.0mm) n=[314, 314, 418, 418]  tape=0.279km B=10.42T unif=0.397% hoop=135MPa
  [ 710] OK     f=   0.262  a=24.6 b=29.8 gap=9.5 (face=3.0mm) n=[297, 297, 406, 406]  tape=0.262km B=10.02T unif=0.448% hoop=130MPa
  [ 711] viol   f= 158.787  a=23.7 b=30.1 gap=9.5 (face=3.0mm) n=[294, 294, 425, 425]  tape=0.269km B=10.09T unif=1.512% hoop=127MPa
  [ 712] viol   f=  36.184  a=23.3 b=29.0 gap=9.5 (face=3.1mm) n=[312, 312, 411, 411]  tape=0.259km B=10.55T unif=1.139% hoop=125MPa
  [a=25 b=31 nt=1458] KSP converged reason: 4, iterations: 1
  [a=25 b=31 nt=1496] KSP converged reason: 4, iterations: 1
  [a=24 b=29 nt=1398] KSP converged reason: 4, iterations: 1
  [ 713] INFEAS f=1000.272  a=24.5 b=29.4 gap=9.5 (face=3.0mm) n=[300, 300, 404, 404]  no evaluation (geometry pre-check)
  [ 714] OK     f=   0.286  a=24.8 b=30.6 gap=9.5 (face=3.0mm) n=[312, 312, 436, 436]  tape=0.286km B=10.46T unif=0.799% hoop=137MPa
  [ 715] INFEAS f=1015.735  a=25.3 b=29.7 gap=9.5 (face=3.0mm) n=[292, 292, 412, 412]  no evaluation (geometry pre-check)
  [ 716] INFEAS f=1008.496  a=25.0 b=29.6 gap=9.5 (face=3.0mm) n=[292, 292, 404, 404]  no evaluation (geometry pre-check)
  [ 717] INFEAS f=1000.011  a=25.8 b=30.8 gap=9.5 (face=3.0mm) n=[312, 312, 412, 412]  no evaluation (geometry pre-check)
  [ 718] INFEAS f=1000.563  a=24.3 b=29.1 gap=9.5 (face=3.1mm) n=[293, 293, 405, 405]  no evaluation (geometry pre-check)
  [ 719] viol   f= 193.275  a=24.8 b=30.6 gap=9.5 (face=3.0mm) n=[296, 296, 433, 433]  tape=0.280km B=10.12T unif=1.586% hoop=134MPa
  [ 720] viol   f=   0.262  a=24.4 b=29.4 gap=9.5 (face=3.0mm) n=[293, 293, 406, 406]  tape=0.258km B=9.96T unif=0.614% hoop=128MPa
  [a=24 b=29 nt=1428] KSP converged reason: 4, iterations: 1
  [a=26 b=32 nt=1492] KSP converged reason: 4, iterations: 1
  [a=26 b=32 nt=1488] KSP converged reason: 4, iterations: 1
  [a=24 b=30 nt=1404] KSP converged reason: 4, iterations: 1
  [a=25 b=31 nt=1428] KSP converged reason: 4, iterations: 1
  [a=24 b=31 nt=1448] KSP converged reason: 4, iterations: 1
  [ 721] INFEAS f=1039.409  a=24.1 b=28.1 gap=9.5 (face=3.1mm) n=[294, 294, 407, 407]  no evaluation (geometry pre-check)
  [ 722] OK     f=   0.274  a=24.4 b=30.6 gap=9.5 (face=3.0mm) n=[305, 305, 419, 419]  tape=0.274km B=10.22T unif=0.399% hoop=132MPa
  [ 723] viol   f=  35.152  a=24.9 b=31.1 gap=9.5 (face=3.0mm) n=[292, 292, 422, 422]  tape=0.277km B=9.94T unif=1.134% hoop=134MPa
  [ 724] OK     f=   0.258  a=23.6 b=28.8 gap=9.5 (face=3.1mm) n=[300, 300, 414, 414]  tape=0.258km B=10.26T unif=0.710% hoop=126MPa
  [ 725] OK     f=   0.258  a=23.9 b=29.6 gap=9.5 (face=3.1mm) n=[296, 296, 406, 406]  tape=0.258km B=10.06T unif=0.357% hoop=126MPa
  [ 726] OK     f=   0.302  a=26.3 b=32.5 gap=9.5 (face=3.0mm) n=[306, 306, 438, 438]  tape=0.302km B=10.14T unif=0.555% hoop=142MPa
  [ 727] viol   f=  14.412  a=25.7 b=31.5 gap=9.5 (face=3.0mm) n=[308, 308, 438, 438]  tape=0.295km B=10.28T unif=1.013% hoop=142MPa
  [ 728] INFEAS f=1030.065  a=25.7 b=29.9 gap=9.5 (face=3.0mm) n=[294, 294, 404, 404]  no evaluation (geometry pre-check)
  [a=23 b=29 nt=1424] KSP converged reason: 4, iterations: 1
  [a=23 b=28 nt=1406] KSP converged reason: 4, iterations: 1
  [a=25 b=31 nt=1446] KSP converged reason: 4, iterations: 1
  [a=24 b=29 nt=1426] KSP converged reason: 4, iterations: 1
  [a=24 b=29 nt=1402] KSP converged reason: 4, iterations: 1
  [a=23 b=29 nt=1428] KSP converged reason: 4, iterations: 1
  [ 729] viol   f=   5.119  a=25.0 b=30.6 gap=9.5 (face=3.0mm) n=[300, 300, 423, 423]  tape=0.277km B=10.13T unif=0.924% hoop=135MPa
  [ 730] OK     f=   0.259  a=23.1 b=29.4 gap=9.5 (face=3.1mm) n=[300, 300, 414, 414]  tape=0.259km B=10.25T unif=0.640% hoop=124MPa
  [ 731] INFEAS f=1000.027  a=24.5 b=29.5 gap=9.5 (face=3.0mm) n=[310, 310, 417, 417]  no evaluation (geometry pre-check)
  [ 732] OK     f=   0.259  a=23.7 b=29.2 gap=9.5 (face=3.1mm) n=[302, 302, 411, 411]  tape=0.259km B=10.28T unif=0.331% hoop=126MPa
  [ 733] OK     f=   0.249  a=23.1 b=28.5 gap=9.5 (face=3.1mm) n=[300, 300, 403, 403]  tape=0.249km B=10.27T unif=0.555% hoop=121MPa
  [ 734] OK     f=   0.256  a=23.8 b=29.3 gap=9.5 (face=3.1mm) n=[294, 294, 407, 407]  tape=0.256km B=10.05T unif=0.537% hoop=126MPa
  [ 735] INFEAS f=1000.004  a=24.0 b=29.0 gap=9.5 (face=3.0mm) n=[295, 295, 419, 419]  no evaluation (geometry pre-check)
  [ 736] viol   f=  74.931  a=23.3 b=28.9 gap=9.5 (face=3.1mm) n=[294, 294, 418, 418]  tape=0.258km B=10.15T unif=1.289% hoop=123MPa
  [a=23 b=28 nt=1396] KSP converged reason: 4, iterations: 1
  [a=23 b=28 nt=1396] KSP converged reason: 4, iterations: 1
  [a=23 b=29 nt=1412] KSP converged reason: 4, iterations: 1
  [a=23 b=30 nt=1426] KSP converged reason: 4, iterations: 1
  [a=24 b=29 nt=1422] KSP converged reason: 4, iterations: 1
  [ 737] OK     f=   0.247  a=23.0 b=28.3 gap=9.5 (face=3.1mm) n=[293, 293, 405, 405]  tape=0.247km B=10.13T unif=0.667% hoop=122MPa
  [ 738] OK     f=   0.244  a=22.8 b=28.0 gap=9.6 (face=3.1mm) n=[297, 297, 401, 401]  tape=0.244km B=10.24T unif=0.751% hoop=119MPa
  [ 739] INFEAS f=1000.079  a=23.2 b=28.2 gap=9.5 (face=3.1mm) n=[299, 299, 399, 399]  no evaluation (geometry pre-check)
  [ 740] INFEAS f=1002.663  a=22.4 b=28.7 gap=9.6 (face=3.1mm) n=[306, 306, 407, 407]  no evaluation (geometry pre-check)
  [ 741] INFEAS f=1001.877  a=22.3 b=28.4 gap=9.6 (face=3.1mm) n=[295, 295, 403, 403]  no evaluation (geometry pre-check)
  [ 742] OK     f=   0.254  a=23.1 b=28.9 gap=9.5 (face=3.1mm) n=[296, 296, 410, 410]  tape=0.254km B=10.14T unif=0.718% hoop=123MPa
  [ 743] OK     f=   0.261  a=23.2 b=29.8 gap=9.5 (face=3.1mm) n=[301, 301, 412, 412]  tape=0.261km B=10.23T unif=0.351% hoop=125MPa
  [ 744] OK     f=   0.257  a=23.9 b=29.2 gap=9.5 (face=3.1mm) n=[308, 308, 403, 403]  tape=0.257km B=10.40T unif=0.760% hoop=125MPa
  [a=24 b=30 nt=1458] KSP converged reason: 4, iterations: 1
  [a=24 b=30 nt=1430] KSP converged reason: 4, iterations: 1
  [a=23 b=28 nt=1402] KSP converged reason: 4, iterations: 1
  [a=23 b=29 nt=1392] KSP converged reason: 4, iterations: 1
  [ 745] INFEAS f=1001.584  a=21.7 b=27.0 gap=9.6 (face=3.2mm) n=[286, 286, 386, 386]  no evaluation (geometry pre-check)
  [ 746] OK     f=   0.271  a=23.7 b=30.0 gap=9.5 (face=3.1mm) n=[306, 306, 423, 423]  tape=0.271km B=10.34T unif=0.709% hoop=128MPa
  [ 747] OK     f=   0.261  a=23.7 b=29.5 gap=9.5 (face=3.1mm) n=[306, 306, 409, 409]  tape=0.261km B=10.35T unif=0.653% hoop=127MPa
  [ 748] INFEAS f=1001.702  a=22.5 b=27.3 gap=9.6 (face=3.1mm) n=[292, 292, 389, 389]  no evaluation (geometry pre-check)
  [ 749] INFEAS f=1000.676  a=22.7 b=27.6 gap=9.6 (face=3.1mm) n=[305, 305, 404, 404]  no evaluation (geometry pre-check)
  [ 750] INFEAS f=1070.654  a=22.0 b=25.7 gap=9.6 (face=3.1mm) n=[291, 291, 395, 395]  no evaluation (geometry pre-check)
  [ 751] OK     f=   0.248  a=23.1 b=28.9 gap=9.6 (face=3.1mm) n=[299, 299, 397, 397]  tape=0.248km B=10.19T unif=0.329% hoop=121MPa
  [ 752] OK     f=   0.249  a=23.2 b=28.5 gap=9.5 (face=3.1mm) n=[298, 298, 403, 403]  tape=0.249km B=10.21T unif=0.663% hoop=123MPa
  [a=23 b=29 nt=1408] KSP converged reason: 4, iterations: 1
  [a=24 b=30 nt=1424] KSP converged reason: 4, iterations: 1
  [a=23 b=28 nt=1384] KSP converged reason: 4, iterations: 1
  [a=23 b=30 nt=1400] KSP converged reason: 4, iterations: 1
  [a=24 b=29 nt=1396] KSP converged reason: 4, iterations: 1
  [a=23 b=29 nt=1428] KSP converged reason: 4, iterations: 1
  [ 753] INFEAS f=1000.260  a=22.8 b=28.1 gap=9.5 (face=3.1mm) n=[288, 288, 411, 411]  no evaluation (geometry pre-check)
  [ 754] OK     f=   0.254  a=24.0 b=29.4 gap=9.5 (face=3.1mm) n=[300, 300, 398, 398]  tape=0.254km B=10.19T unif=0.622% hoop=125MPa
  [ 755] OK     f=   0.244  a=23.0 b=28.4 gap=9.6 (face=3.1mm) n=[293, 293, 399, 399]  tape=0.244km B=10.08T unif=0.484% hoop=120MPa
  [ 756] OK     f=   0.261  a=23.7 b=29.5 gap=9.5 (face=3.1mm) n=[303, 303, 409, 409]  tape=0.261km B=10.23T unif=0.317% hoop=127MPa
  [ 757] OK     f=   0.253  a=23.1 b=29.1 gap=9.6 (face=3.1mm) n=[300, 300, 404, 404]  tape=0.253km B=10.19T unif=0.549% hoop=122MPa
  [ 758] OK     f=   0.257  a=23.2 b=29.0 gap=9.6 (face=3.1mm) n=[303, 303, 411, 411]  tape=0.257km B=10.29T unif=0.461% hoop=123MPa
  [ 759] viol   f=   2.249  a=23.2 b=29.8 gap=9.6 (face=3.1mm) n=[300, 300, 400, 400]  tape=0.255km B=10.18T unif=0.880% hoop=122MPa
  [ 760] INFEAS f=1002.394  a=21.7 b=27.7 gap=9.6 (face=3.2mm) n=[296, 296, 389, 389]  no evaluation (geometry pre-check)
  [a=22 b=29 nt=1362] KSP converged reason: 4, iterations: 1
  [a=23 b=29 nt=1388] KSP converged reason: 4, iterations: 1
  [a=24 b=30 nt=1412] KSP converged reason: 4, iterations: 1
  [a=24 b=29 nt=1386] KSP converged reason: 4, iterations: 1
  [ 761] INFEAS f=1000.828  a=22.4 b=28.1 gap=9.6 (face=3.2mm) n=[290, 290, 403, 403]  no evaluation (geometry pre-check)
  [ 762] INFEAS f=1004.156  a=22.2 b=26.9 gap=9.6 (face=3.2mm) n=[287, 287, 388, 388]  no evaluation (geometry pre-check)
  [ 763] INFEAS f=1004.083  a=23.6 b=28.3 gap=9.6 (face=3.1mm) n=[289, 289, 403, 403]  no evaluation (geometry pre-check)
  [ 764] viol   f=   0.258  a=22.5 b=28.9 gap=9.6 (face=3.2mm) n=[288, 288, 393, 393]  tape=0.241km B=9.91T unif=0.492% hoop=117MPa
  [ 765] viol   f=   7.262  a=22.5 b=28.6 gap=9.6 (face=3.2mm) n=[296, 296, 398, 398]  tape=0.245km B=10.16T unif=0.950% hoop=118MPa
  [ 766] INFEAS f=1001.180  a=22.2 b=28.3 gap=9.6 (face=3.2mm) n=[301, 301, 399, 399]  no evaluation (geometry pre-check)
  [ 767] OK     f=   0.251  a=23.6 b=29.4 gap=9.6 (face=3.1mm) n=[297, 297, 396, 396]  tape=0.251km B=10.07T unif=0.692% hoop=122MPa
  [ 768] OK     f=   0.260  a=23.7 b=29.9 gap=9.6 (face=3.1mm) n=[298, 298, 408, 408]  tape=0.260km B=10.08T unif=0.310% hoop=127MPa
  [a=23 b=28 nt=1398] KSP converged reason: 4, iterations: 1
  [a=22 b=28 nt=1344] KSP converged reason: 4, iterations: 1
  [a=24 b=30 nt=1408] KSP converged reason: 4, iterations: 1
  [a=24 b=30 nt=1418] KSP converged reason: 4, iterations: 1
  [a=23 b=29 nt=1396] KSP converged reason: 4, iterations: 1
  [a=23 b=30 nt=1364] KSP converged reason: 4, iterations: 1
  [ 769] OK     f=   0.259  a=24.1 b=29.6 gap=9.5 (face=3.1mm) n=[297, 297, 407, 407]  tape=0.259km B=10.09T unif=0.252% hoop=127MPa
  [ 770] viol   f= 423.679  a=22.4 b=28.0 gap=9.6 (face=3.2mm) n=[292, 292, 380, 380]  tape=0.231km B=10.06T unif=1.964% hoop=113MPa
  [ 771] OK     f=   0.268  a=24.5 b=30.4 gap=9.5 (face=3.0mm) n=[296, 296, 413, 413]  tape=0.268km B=10.01T unif=0.587% hoop=130MPa
  [ 772] INFEAS f=1000.027  a=22.3 b=28.1 gap=9.6 (face=3.2mm) n=[295, 295, 397, 397]  no evaluation (geometry pre-check)
  [ 773] INFEAS f=1008.242  a=21.3 b=26.4 gap=9.6 (face=3.2mm) n=[292, 292, 386, 386]  no evaluation (geometry pre-check)
  [ 774] viol   f= 387.008  a=22.6 b=28.2 gap=9.6 (face=3.2mm) n=[301, 301, 398, 398]  tape=0.243km B=10.35T unif=1.912% hoop=119MPa
  [ 775] viol   f=   8.180  a=23.0 b=29.3 gap=9.6 (face=3.1mm) n=[303, 303, 395, 395]  tape=0.250km B=10.28T unif=0.959% hoop=119MPa
  [ 776] viol   f= 150.018  a=22.9 b=29.8 gap=9.6 (face=3.2mm) n=[297, 297, 385, 385]  tape=0.246km B=10.07T unif=1.492% hoop=119MPa
  [a=23 b=28 nt=1414] KSP converged reason: 4, iterations: 1
  [a=24 b=29 nt=1414] KSP converged reason: 4, iterations: 1
  [a=23 b=28 nt=1368] KSP converged reason: 4, iterations: 1
  [a=24 b=30 nt=1412] KSP converged reason: 4, iterations: 1
  [a=24 b=30 nt=1400] KSP converged reason: 4, iterations: 1
  [a=23 b=30 nt=1394] KSP converged reason: 4, iterations: 1
  [a=25 b=30 nt=1426] KSP converged reason: 4, iterations: 1
  [ 777] viol   f=  23.606  a=24.5 b=30.1 gap=9.5 (face=3.1mm) n=[291, 291, 415, 415]  tape=0.266km B=9.94T unif=1.073% hoop=130MPa
  [ 778] viol   f=  36.680  a=23.8 b=28.9 gap=9.5 (face=3.1mm) n=[294, 294, 413, 413]  tape=0.257km B=10.11T unif=1.141% hoop=125MPa
  [ 779] INFEAS f=1007.431  a=23.9 b=28.4 gap=9.5 (face=3.1mm) n=[294, 294, 399, 399]  no evaluation (geometry pre-check)
  [ 780] viol   f=   0.273  a=24.1 b=30.5 gap=9.5 (face=3.1mm) n=[295, 295, 405, 405]  tape=0.263km B=9.93T unif=0.314% hoop=126MPa
  [ 781] OK     f=   0.257  a=23.3 b=30.3 gap=9.6 (face=3.1mm) n=[298, 298, 399, 399]  tape=0.257km B=10.06T unif=0.546% hoop=123MPa
  [ 782] OK     f=   0.239  a=22.9 b=28.1 gap=9.6 (face=3.1mm) n=[291, 291, 393, 393]  tape=0.239km B=10.04T unif=0.646% hoop=119MPa
  [ 783] OK     f=   0.249  a=23.2 b=28.2 gap=9.6 (face=3.1mm) n=[302, 302, 405, 405]  tape=0.249km B=10.32T unif=0.686% hoop=121MPa
  [ 784] OK     f=   0.269  a=24.9 b=30.1 gap=9.5 (face=3.0mm) n=[299, 299, 414, 414]  tape=0.269km B=10.09T unif=0.404% hoop=133MPa
  [a=24 b=29 nt=1430] KSP converged reason: 4, iterations: 1
  [a=23 b=28 nt=1390] KSP converged reason: 4, iterations: 1
  [a=22 b=27 nt=1362] KSP converged reason: 4, iterations: 1
  [a=23 b=29 nt=1336] KSP converged reason: 4, iterations: 1
  [a=24 b=29 nt=1412] KSP converged reason: 4, iterations: 1
  [a=24 b=29 nt=1362] KSP converged reason: 4, iterations: 1
  [ 785] viol   f= 513.286  a=21.9 b=27.5 gap=9.6 (face=3.2mm) n=[297, 297, 384, 384]  tape=0.230km B=10.27T unif=2.081% hoop=111MPa
  [ 786] OK     f=   0.257  a=23.8 b=29.2 gap=9.5 (face=3.1mm) n=[299, 299, 407, 407]  tape=0.257km B=10.16T unif=0.305% hoop=126MPa
  [ 787] viol   f=   0.517  a=23.3 b=29.4 gap=9.6 (face=3.1mm) n=[282, 282, 386, 386]  tape=0.242km B=9.63T unif=0.330% hoop=119MPa
  [ 788] viol   f=   0.266  a=23.6 b=29.0 gap=9.6 (face=3.1mm) n=[289, 289, 392, 392]  tape=0.246km B=9.90T unif=0.660% hoop=123MPa
  [ 789] INFEAS f=1025.326  a=23.8 b=28.0 gap=9.5 (face=3.1mm) n=[288, 288, 403, 403]  no evaluation (geometry pre-check)
  [ 790] viol   f=  59.820  a=23.8 b=29.4 gap=9.5 (face=3.1mm) n=[295, 295, 420, 420]  tape=0.263km B=10.14T unif=1.237% hoop=127MPa
  [ 791] INFEAS f=1000.106  a=21.9 b=26.9 gap=9.6 (face=3.3mm) n=[290, 290, 380, 380]  no evaluation (geometry pre-check)
  [ 792] OK     f=   0.243  a=22.9 b=28.0 gap=9.6 (face=3.1mm) n=[295, 295, 400, 400]  tape=0.243km B=10.17T unif=0.711% hoop=119MPa
  [a=23 b=29 nt=1400] KSP converged reason: 4, iterations: 1
  [a=25 b=30 nt=1420] KSP converged reason: 4, iterations: 1
  [a=23 b=29 nt=1368] KSP converged reason: 4, iterations: 1
  [a=24 b=29 nt=1382] KSP converged reason: 4, iterations: 1
  [a=24 b=29 nt=1400] KSP converged reason: 4, iterations: 1
  [a=24 b=30 nt=1372] KSP converged reason: 4, iterations: 1
  [ 793] viol   f=   0.308  a=24.2 b=29.8 gap=9.5 (face=3.1mm) n=[290, 290, 396, 396]  tape=0.253km B=9.83T unif=0.241% hoop=126MPa
  [ 794] viol   f=   2.480  a=24.6 b=29.7 gap=9.5 (face=3.0mm) n=[296, 296, 414, 414]  tape=0.265km B=10.06T unif=0.884% hoop=130MPa
  [ 795] viol   f=   0.261  a=23.7 b=29.4 gap=9.6 (face=3.1mm) n=[293, 293, 398, 398]  tape=0.252km B=9.93T unif=0.337% hoop=123MPa
  [ 796] INFEAS f=1000.028  a=23.4 b=28.4 gap=9.5 (face=3.1mm) n=[287, 287, 394, 394]  no evaluation (geometry pre-check)
  [ 797] OK     f=   0.251  a=23.1 b=29.0 gap=9.6 (face=3.1mm) n=[296, 296, 404, 404]  tape=0.251km B=10.11T unif=0.440% hoop=121MPa
  [ 798] OK     f=   0.255  a=24.0 b=29.1 gap=9.5 (face=3.1mm) n=[296, 296, 404, 404]  tape=0.255km B=10.09T unif=0.504% hoop=126MPa
  [ 799] INFEAS f=1000.558  a=24.3 b=29.1 gap=9.5 (face=3.1mm) n=[297, 297, 407, 407]  no evaluation (geometry pre-check)
  [ 800] viol   f=   0.259  a=23.4 b=29.0 gap=9.6 (face=3.1mm) n=[290, 290, 394, 394]  tape=0.246km B=9.92T unif=0.481% hoop=123MPa
  [a=23 b=29 nt=1412] KSP converged reason: 4, iterations: 1
  [a=23 b=29 nt=1384] KSP converged reason: 4, iterations: 1
  [a=23 b=29 nt=1390] KSP converged reason: 4, iterations: 1
  [a=24 b=30 nt=1422] KSP converged reason: 4, iterations: 1
  [a=24 b=29 nt=1408] KSP converged reason: 4, iterations: 1
  [a=24 b=30 nt=1432] KSP converged reason: 4, iterations: 1
  [a=24 b=29 nt=1402] KSP converged reason: 4, iterations: 1
  [a=24 b=29 nt=1398] KSP converged reason: 4, iterations: 1
  [ 801] OK     f=   0.258  a=24.3 b=29.3 gap=9.5 (face=3.1mm) n=[299, 299, 405, 405]  tape=0.258km B=10.12T unif=0.328% hoop=128MPa
  [ 802] OK     f=   0.248  a=23.0 b=28.9 gap=9.6 (face=3.1mm) n=[294, 294, 401, 401]  tape=0.248km B=10.05T unif=0.451% hoop=121MPa
  [ 803] OK     f=   0.267  a=24.0 b=30.2 gap=9.5 (face=3.1mm) n=[302, 302, 414, 414]  tape=0.267km B=10.16T unif=0.521% hoop=129MPa
  [ 804] viol   f=   0.248  a=23.1 b=28.8 gap=9.6 (face=3.1mm) n=[291, 291, 401, 401]  tape=0.247km B=9.99T unif=0.564% hoop=121MPa
  [ 805] OK     f=   0.265  a=24.0 b=29.9 gap=9.5 (face=3.1mm) n=[297, 297, 414, 414]  tape=0.265km B=10.07T unif=0.722% hoop=128MPa
  [ 806] OK     f=   0.255  a=23.2 b=29.3 gap=9.6 (face=3.1mm) n=[302, 302, 404, 404]  tape=0.255km B=10.25T unif=0.653% hoop=124MPa
  [ 807] OK     f=   0.256  a=23.8 b=29.5 gap=9.5 (face=3.1mm) n=[296, 296, 405, 405]  tape=0.256km B=10.05T unif=0.431% hoop=126MPa
  [ 808] OK     f=   0.253  a=23.7 b=29.1 gap=9.5 (face=3.1mm) n=[297, 297, 402, 402]  tape=0.253km B=10.11T unif=0.240% hoop=126MPa
  [a=24 b=29 nt=1400] KSP converged reason: 4, iterations: 1
  [a=24 b=29 nt=1408] KSP converged reason: 4, iterations: 1
  [a=23 b=29 nt=1384] KSP converged reason: 4, iterations: 1
  [a=24 b=30 nt=1398] KSP converged reason: 4, iterations: 1
  [a=22 b=28 nt=1374] KSP converged reason: 4, iterations: 1
  [a=23 b=29 nt=1370] KSP converged reason: 4, iterations: 1
  [a=23 b=29 nt=1406] KSP converged reason: 4, iterations: 1
  [a=24 b=29 nt=1408] KSP converged reason: 4, iterations: 1
  [ 809] OK     f=   0.251  a=23.6 b=28.8 gap=9.6 (face=3.1mm) n=[296, 296, 404, 404]  tape=0.251km B=10.14T unif=0.458% hoop=123MPa
  [ 810] viol   f=   0.262  a=23.7 b=30.0 gap=9.6 (face=3.1mm) n=[293, 293, 406, 406]  tape=0.259km B=9.96T unif=0.419% hoop=125MPa
  [ 811] viol   f=   8.225  a=22.4 b=28.3 gap=9.6 (face=3.2mm) n=[293, 293, 394, 394]  tape=0.240km B=10.08T unif=0.960% hoop=117MPa
  [ 812] OK     f=   0.246  a=23.0 b=28.8 gap=9.6 (face=3.2mm) n=[293, 293, 399, 399]  tape=0.246km B=10.03T unif=0.418% hoop=121MPa
  [ 813] viol   f=   1.048  a=23.6 b=29.4 gap=9.6 (face=3.1mm) n=[292, 292, 412, 412]  tape=0.258km B=10.01T unif=0.850% hoop=123MPa
  [ 814] viol   f=   0.245  a=22.7 b=28.5 gap=9.6 (face=3.2mm) n=[289, 289, 396, 396]  tape=0.242km B=9.96T unif=0.557% hoop=119MPa
  [ 815] viol   f=  30.583  a=22.9 b=28.9 gap=9.6 (face=3.1mm) n=[303, 303, 400, 400]  tape=0.250km B=10.30T unif=1.112% hoop=119MPa
  [ 816] viol   f=  24.448  a=23.5 b=29.5 gap=9.6 (face=3.1mm) n=[292, 292, 412, 412]  tape=0.258km B=10.00T unif=1.078% hoop=124MPa
  [a=23 b=28 nt=1398] KSP converged reason: 4, iterations: 1
  [a=23 b=29 nt=1392] KSP converged reason: 4, iterations: 1
  [a=23 b=29 nt=1386] KSP converged reason: 4, iterations: 1
  [a=23 b=28 nt=1342] KSP converged reason: 4, iterations: 1
  [a=24 b=30 nt=1402] KSP converged reason: 4, iterations: 1
  [a=23 b=28 nt=1352] KSP converged reason: 4, iterations: 1
  [a=23 b=29 nt=1396] KSP converged reason: 4, iterations: 1
  [a=23 b=29 nt=1402] KSP converged reason: 4, iterations: 1
  [ 817] viol   f=  11.273  a=23.3 b=28.5 gap=9.6 (face=3.1mm) n=[292, 292, 407, 407]  tape=0.249km B=10.08T unif=0.988% hoop=123MPa
  [ 818] viol   f=   0.254  a=23.4 b=29.4 gap=9.6 (face=3.1mm) n=[293, 293, 400, 400]  tape=0.252km B=9.97T unif=0.609% hoop=123MPa
  [ 819] viol   f=   0.313  a=22.6 b=28.5 gap=9.6 (face=3.2mm) n=[284, 284, 392, 392]  tape=0.238km B=9.81T unif=0.604% hoop=117MPa
  [ 820] viol   f=   0.298  a=22.7 b=28.4 gap=9.6 (face=3.2mm) n=[285, 285, 386, 386]  tape=0.236km B=9.82T unif=0.751% hoop=116MPa
  [ 821] OK     f=   0.248  a=23.1 b=28.7 gap=9.6 (face=3.1mm) n=[293, 293, 403, 403]  tape=0.248km B=10.05T unif=0.579% hoop=121MPa
  [ 822] viol   f=   0.259  a=23.7 b=29.8 gap=9.6 (face=3.1mm) n=[294, 294, 407, 407]  tape=0.258km B=9.99T unif=0.578% hoop=125MPa
  [ 823] OK     f=   0.250  a=23.1 b=28.9 gap=9.6 (face=3.2mm) n=[295, 295, 403, 403]  tape=0.250km B=10.09T unif=0.439% hoop=122MPa
  [ 824] OK     f=   0.252  a=23.3 b=29.1 gap=9.6 (face=3.1mm) n=[300, 300, 401, 401]  tape=0.252km B=10.20T unif=0.430% hoop=122MPa
  [a=23 b=29 nt=1406] KSP converged reason: 4, iterations: 1
  [a=23 b=28 nt=1378] KSP converged reason: 4, iterations: 1
  [a=24 b=30 nt=1410] KSP converged reason: 4, iterations: 1
  [a=23 b=29 nt=1378] KSP converged reason: 4, iterations: 1
  [a=23 b=30 nt=1398] KSP converged reason: 4, iterations: 1
  [a=24 b=29 nt=1418] KSP converged reason: 4, iterations: 1
  [ 825] OK     f=   0.242  a=23.0 b=28.2 gap=9.6 (face=3.2mm) n=[292, 292, 397, 397]  tape=0.242km B=10.06T unif=0.788% hoop=121MPa
  [ 826] viol   f=   0.247  a=23.1 b=29.1 gap=9.6 (face=3.2mm) n=[293, 293, 396, 396]  tape=0.247km B=10.00T unif=0.777% hoop=120MPa
  [ 827] OK     f=   0.260  a=23.7 b=29.8 gap=9.5 (face=3.1mm) n=[296, 296, 409, 409]  tape=0.260km B=10.05T unif=0.464% hoop=127MPa
  [ 828] OK     f=   0.256  a=23.4 b=29.8 gap=9.6 (face=3.1mm) n=[298, 298, 401, 401]  tape=0.256km B=10.07T unif=0.331% hoop=124MPa
  [ 829] INFEAS f=1004.946  a=23.9 b=28.5 gap=9.5 (face=3.1mm) n=[298, 298, 407, 407]  no evaluation (geometry pre-check)
  [ 830] INFEAS f=1002.113  a=22.3 b=28.4 gap=9.6 (face=3.2mm) n=[293, 293, 405, 405]  no evaluation (geometry pre-check)
  [ 831] OK     f=   0.250  a=23.0 b=28.5 gap=9.6 (face=3.1mm) n=[296, 296, 407, 407]  tape=0.250km B=10.16T unif=0.576% hoop=122MPa
  [ 832] OK     f=   0.260  a=23.8 b=29.5 gap=9.5 (face=3.1mm) n=[299, 299, 410, 410]  tape=0.260km B=10.14T unif=0.428% hoop=126MPa
  [a=23 b=28 nt=1382] KSP converged reason: 4, iterations: 1
  [a=23 b=28 nt=1380] KSP converged reason: 4, iterations: 1
  [a=23 b=29 nt=1378] KSP converged reason: 4, iterations: 1
  [a=23 b=29 nt=1372] KSP converged reason: 4, iterations: 1
  [a=24 b=29 nt=1378] KSP converged reason: 4, iterations: 1
  [a=24 b=29 nt=1376] KSP converged reason: 4, iterations: 1
  [a=23 b=28 nt=1374] KSP converged reason: 4, iterations: 1
  [a=24 b=29 nt=1376] KSP converged reason: 4, iterations: 1
  [ 833] viol   f=   0.249  a=23.1 b=28.9 gap=9.6 (face=3.2mm) n=[291, 291, 395, 395]  tape=0.245km B=9.96T unif=0.694% hoop=121MPa
  [ 834] OK     f=   0.245  a=23.2 b=28.5 gap=9.6 (face=3.1mm) n=[293, 293, 397, 397]  tape=0.245km B=10.06T unif=0.391% hoop=122MPa
  [ 835] OK     f=   0.244  a=22.8 b=28.4 gap=9.6 (face=3.2mm) n=[292, 292, 399, 399]  tape=0.244km B=10.03T unif=0.515% hoop=121MPa
  [ 836] viol   f=   3.810  a=22.8 b=28.9 gap=9.6 (face=3.2mm) n=[295, 295, 394, 394]  tape=0.245km B=10.09T unif=0.907% hoop=118MPa
  [ 837] OK     f=   0.247  a=23.6 b=28.7 gap=9.6 (face=3.1mm) n=[294, 294, 395, 395]  tape=0.247km B=10.03T unif=0.756% hoop=124MPa
  [ 838] viol   f=   0.259  a=23.6 b=29.4 gap=9.6 (face=3.1mm) n=[293, 293, 395, 395]  tape=0.250km B=9.93T unif=0.742% hoop=124MPa
  [ 839] viol   f=   0.243  a=22.9 b=28.5 gap=9.6 (face=3.2mm) n=[291, 291, 396, 396]  tape=0.243km B=9.99T unif=0.702% hoop=120MPa
  [ 840] viol   f=   0.249  a=23.6 b=28.9 gap=9.6 (face=3.2mm) n=[293, 293, 395, 395]  tape=0.247km B=9.98T unif=0.464% hoop=122MPa
  [a=23 b=29 nt=1394] KSP converged reason: 4, iterations: 1
  [a=23 b=28 nt=1378] KSP converged reason: 4, iterations: 1
  [a=23 b=28 nt=1380] KSP converged reason: 4, iterations: 1
  [a=23 b=29 nt=1396] KSP converged reason: 4, iterations: 1
  [a=23 b=29 nt=1372] KSP converged reason: 4, iterations: 1
  [a=23 b=28 nt=1382] KSP converged reason: 4, iterations: 1
  [a=23 b=29 nt=1386] KSP converged reason: 4, iterations: 1
  [a=23 b=28 nt=1382] KSP converged reason: 4, iterations: 1
  [ 841] OK     f=   0.241  a=22.6 b=28.2 gap=9.6 (face=3.2mm) n=[292, 292, 398, 398]  tape=0.241km B=10.07T unif=0.582% hoop=118MPa
  [ 842] OK     f=   0.250  a=23.1 b=28.9 gap=9.6 (face=3.1mm) n=[292, 292, 405, 405]  tape=0.250km B=10.02T unif=0.679% hoop=123MPa
  [ 843] OK     f=   0.244  a=23.0 b=28.4 gap=9.6 (face=3.2mm) n=[293, 293, 398, 398]  tape=0.244km B=10.05T unif=0.504% hoop=121MPa
  [ 844] OK     f=   0.248  a=23.0 b=28.6 gap=9.6 (face=3.1mm) n=[296, 296, 402, 402]  tape=0.248km B=10.11T unif=0.497% hoop=121MPa
  [ 845] OK     f=   0.241  a=22.7 b=28.1 gap=9.6 (face=3.2mm) n=[290, 290, 399, 399]  tape=0.241km B=10.02T unif=0.613% hoop=119MPa
  [ 846] viol   f=   0.266  a=23.2 b=29.2 gap=9.6 (face=3.2mm) n=[290, 290, 396, 396]  tape=0.247km B=9.90T unif=0.552% hoop=120MPa
  [ 847] OK     f=   0.248  a=23.2 b=28.7 gap=9.6 (face=3.2mm) n=[292, 292, 401, 401]  tape=0.248km B=10.00T unif=0.477% hoop=121MPa
  [ 848] viol   f=  30.161  a=22.6 b=28.2 gap=9.6 (face=3.2mm) n=[295, 295, 396, 396]  tape=0.241km B=10.15T unif=1.109% hoop=117MPa
  [a=23 b=28 nt=1400] KSP converged reason: 4, iterations: 1
  [a=23 b=29 nt=1394] KSP converged reason: 4, iterations: 1
  [a=23 b=28 nt=1396] KSP converged reason: 4, iterations: 1
  [a=23 b=29 nt=1392] KSP converged reason: 4, iterations: 1
  [a=23 b=29 nt=1408] KSP converged reason: 4, iterations: 1
  [a=23 b=28 nt=1376] KSP converged reason: 4, iterations: 1
  [a=22 b=28 nt=1382] KSP converged reason: 4, iterations: 1
  [ 849] viol   f=   3.462  a=22.6 b=27.7 gap=9.6 (face=3.2mm) n=[290, 290, 398, 398]  tape=0.238km B=10.09T unif=0.902% hoop=119MPa
  [ 850] OK     f=   0.249  a=23.2 b=28.7 gap=9.6 (face=3.2mm) n=[293, 293, 403, 403]  tape=0.249km B=10.04T unif=0.644% hoop=122MPa
  [ 851] OK     f=   0.249  a=23.3 b=28.6 gap=9.6 (face=3.2mm) n=[294, 294, 403, 403]  tape=0.249km B=10.08T unif=0.476% hoop=123MPa
  [ 852] INFEAS f=1000.044  a=23.0 b=27.9 gap=9.6 (face=3.1mm) n=[295, 295, 399, 399]  no evaluation (geometry pre-check)
  [ 853] OK     f=   0.244  a=22.8 b=28.1 gap=9.6 (face=3.2mm) n=[296, 296, 402, 402]  tape=0.244km B=10.18T unif=0.771% hoop=119MPa
  [ 854] viol   f=   0.376  a=22.6 b=28.1 gap=9.6 (face=3.2mm) n=[299, 299, 401, 401]  tape=0.244km B=10.25T unif=0.821% hoop=118MPa
  [ 855] OK     f=   0.257  a=23.5 b=29.4 gap=9.6 (face=3.1mm) n=[296, 296, 408, 408]  tape=0.257km B=10.07T unif=0.547% hoop=124MPa
  [ 856] viol   f=   0.592  a=22.4 b=28.2 gap=9.6 (face=3.2mm) n=[295, 295, 396, 396]  tape=0.240km B=10.16T unif=0.834% hoop=116MPa
  [a=23 b=29 nt=1412] KSP converged reason: 4, iterations: 1
  [a=23 b=28 nt=1402] KSP converged reason: 4, iterations: 1
  [a=23 b=29 nt=1420] KSP converged reason: 4, iterations: 1
  [a=23 b=29 nt=1390] KSP converged reason: 4, iterations: 1
  [a=23 b=28 nt=1394] KSP converged reason: 4, iterations: 1
  [a=23 b=28 nt=1386] KSP converged reason: 4, iterations: 1
  [a=23 b=28 nt=1384] KSP converged reason: 4, iterations: 1
  [a=24 b=30 nt=1398] KSP converged reason: 4, iterations: 1
  [ 857] OK     f=   0.252  a=23.0 b=28.5 gap=9.6 (face=3.2mm) n=[300, 300, 410, 410]  tape=0.252km B=10.28T unif=0.548% hoop=121MPa
  [ 858] OK     f=   0.247  a=22.8 b=28.2 gap=9.6 (face=3.2mm) n=[295, 295, 406, 406]  tape=0.247km B=10.18T unif=0.612% hoop=119MPa
  [ 859] OK     f=   0.247  a=23.1 b=28.4 gap=9.6 (face=3.2mm) n=[296, 296, 401, 401]  tape=0.247km B=10.15T unif=0.490% hoop=121MPa
  [ 860] OK     f=   0.252  a=23.2 b=28.6 gap=9.6 (face=3.2mm) n=[299, 299, 407, 407]  tape=0.252km B=10.23T unif=0.562% hoop=122MPa
  [ 861] viol   f=   0.848  a=22.9 b=28.3 gap=9.6 (face=3.2mm) n=[295, 295, 398, 398]  tape=0.244km B=10.11T unif=0.844% hoop=120MPa
  [ 862] OK     f=   0.246  a=22.7 b=28.6 gap=9.6 (face=3.2mm) n=[292, 292, 403, 403]  tape=0.246km B=10.07T unif=0.621% hoop=118MPa
  [ 863] OK     f=   0.244  a=22.9 b=28.3 gap=9.6 (face=3.2mm) n=[292, 292, 400, 400]  tape=0.244km B=10.05T unif=0.526% hoop=120MPa
  [ 864] viol   f=   0.259  a=23.8 b=29.8 gap=9.6 (face=3.1mm) n=[294, 294, 405, 405]  tape=0.258km B=9.98T unif=0.407% hoop=125MPa
  [a=23 b=29 nt=1390] KSP converged reason: 4, iterations: 1
  [a=23 b=29 nt=1386] KSP converged reason: 4, iterations: 1
  [a=23 b=29 nt=1386] KSP converged reason: 4, iterations: 1
  [a=23 b=28 nt=1386] KSP converged reason: 4, iterations: 1
  [a=23 b=28 nt=1408] KSP converged reason: 4, iterations: 1
  [ 865] OK     f=   0.249  a=23.2 b=28.7 gap=9.6 (face=3.2mm) n=[292, 292, 403, 403]  tape=0.249km B=10.05T unif=0.440% hoop=122MPa
  [ 866] viol   f=   0.254  a=22.7 b=28.2 gap=9.6 (face=3.2mm) n=[290, 290, 403, 403]  tape=0.244km B=10.06T unif=0.806% hoop=120MPa
  [ 867] INFEAS f=1000.473  a=22.3 b=27.9 gap=9.6 (face=3.2mm) n=[291, 291, 400, 400]  no evaluation (geometry pre-check)
  [ 868] viol   f=   0.250  a=23.1 b=29.0 gap=9.6 (face=3.2mm) n=[292, 292, 401, 401]  tape=0.249km B=9.98T unif=0.508% hoop=122MPa
  [ 869] INFEAS f=1001.277  a=22.3 b=27.9 gap=9.6 (face=3.2mm) n=[291, 291, 401, 401]  no evaluation (geometry pre-check)
  [ 870] INFEAS f=1000.179  a=22.5 b=28.2 gap=9.6 (face=3.2mm) n=[290, 290, 403, 403]  no evaluation (geometry pre-check)
  [ 871] OK     f=   0.249  a=22.8 b=28.4 gap=9.6 (face=3.2mm) n=[297, 297, 407, 407]  tape=0.249km B=10.23T unif=0.557% hoop=120MPa
  [ 872] OK     f=   0.245  a=23.0 b=28.5 gap=9.6 (face=3.2mm) n=[294, 294, 399, 399]  tape=0.245km B=10.08T unif=0.748% hoop=120MPa
  [a=23 b=28 nt=1386] KSP converged reason: 4, iterations: 1
  [a=23 b=29 nt=1366] KSP converged reason: 4, iterations: 1
  [a=23 b=29 nt=1386] KSP converged reason: 4, iterations: 1
  [a=23 b=28 nt=1370] KSP converged reason: 4, iterations: 1
  [a=24 b=29 nt=1420] KSP converged reason: 4, iterations: 1
  [a=23 b=29 nt=1372] KSP converged reason: 4, iterations: 1
  [a=23 b=28 nt=1374] KSP converged reason: 4, iterations: 1
  [ 873] INFEAS f=1000.219  a=22.7 b=28.3 gap=9.6 (face=3.2mm) n=[295, 295, 407, 407]  no evaluation (geometry pre-check)
  [ 874] OK     f=   0.247  a=22.9 b=28.7 gap=9.6 (face=3.2mm) n=[292, 292, 401, 401]  tape=0.247km B=10.03T unif=0.522% hoop=122MPa
  [ 875] viol   f=   0.271  a=22.7 b=28.8 gap=9.6 (face=3.2mm) n=[287, 287, 396, 396]  tape=0.243km B=9.88T unif=0.474% hoop=119MPa
  [ 876] OK     f=   0.260  a=23.9 b=29.4 gap=9.6 (face=3.1mm) n=[298, 298, 412, 412]  tape=0.260km B=10.15T unif=0.597% hoop=128MPa
  [ 877] viol   f=   0.249  a=23.0 b=28.7 gap=9.6 (face=3.2mm) n=[290, 290, 396, 396]  tape=0.244km B=9.95T unif=0.430% hoop=119MPa
  [ 878] viol   f=  51.863  a=22.8 b=28.4 gap=9.6 (face=3.2mm) n=[292, 292, 393, 393]  tape=0.241km B=10.03T unif=1.206% hoop=119MPa
  [ 879] OK     f=   0.244  a=22.6 b=28.4 gap=9.6 (face=3.2mm) n=[292, 292, 401, 401]  tape=0.244km B=10.07T unif=0.618% hoop=119MPa
  [ 880] viol   f=   0.243  a=22.9 b=28.4 gap=9.6 (face=3.2mm) n=[290, 290, 397, 397]  tape=0.243km B=9.98T unif=0.682% hoop=120MPa
  [a=23 b=28 nt=1378] KSP converged reason: 4, iterations: 1
  [a=23 b=28 nt=1368] KSP converged reason: 4, iterations: 1
  [a=23 b=29 nt=1406] KSP converged reason: 4, iterations: 1
  [a=23 b=29 nt=1382] KSP converged reason: 4, iterations: 1
  [a=23 b=28 nt=1390] KSP converged reason: 4, iterations: 1
  [a=23 b=29 nt=1364] KSP converged reason: 4, iterations: 1
  [a=23 b=29 nt=1390] KSP converged reason: 4, iterations: 1
  [a=23 b=28 nt=1378] KSP converged reason: 4, iterations: 1
  [ 881] viol   f=   0.244  a=22.9 b=28.4 gap=9.6 (face=3.2mm) n=[290, 290, 394, 394]  tape=0.241km B=9.97T unif=0.550% hoop=119MPa
  [ 882] OK     f=   0.245  a=22.9 b=28.4 gap=9.6 (face=3.2mm) n=[293, 293, 402, 402]  tape=0.245km B=10.08T unif=0.652% hoop=120MPa
  [ 883] viol   f=   0.276  a=22.9 b=28.5 gap=9.6 (face=3.2mm) n=[287, 287, 395, 395]  tape=0.242km B=9.87T unif=0.565% hoop=119MPa
  [ 884] OK     f=   0.246  a=22.8 b=28.8 gap=9.6 (face=3.2mm) n=[291, 291, 400, 400]  tape=0.246km B=10.01T unif=0.540% hoop=120MPa
  [ 885] OK     f=   0.255  a=23.4 b=29.3 gap=9.6 (face=3.2mm) n=[296, 296, 407, 407]  tape=0.255km B=10.09T unif=0.455% hoop=125MPa
  [ 886] OK     f=   0.241  a=22.7 b=28.1 gap=9.6 (face=3.2mm) n=[293, 293, 396, 396]  tape=0.241km B=10.08T unif=0.488% hoop=118MPa
  [ 887] OK     f=   0.248  a=23.3 b=28.6 gap=9.6 (face=3.2mm) n=[291, 291, 404, 404]  tape=0.248km B=10.03T unif=0.771% hoop=120MPa
  [ 888] OK     f=   0.244  a=23.0 b=28.5 gap=9.6 (face=3.2mm) n=[290, 290, 399, 399]  tape=0.244km B=10.01T unif=0.459% hoop=120MPa
  [a=23 b=28 nt=1390] KSP converged reason: 4, iterations: 1
  [a=23 b=28 nt=1366] KSP converged reason: 4, iterations: 1
  [a=23 b=28 nt=1388] KSP converged reason: 4, iterations: 1
  [a=23 b=28 nt=1368] KSP converged reason: 4, iterations: 1
  [a=23 b=29 nt=1372] KSP converged reason: 4, iterations: 1
  [a=23 b=29 nt=1360] KSP converged reason: 4, iterations: 1
  [a=23 b=29 nt=1380] KSP converged reason: 4, iterations: 1
  [a=23 b=28 nt=1378] KSP converged reason: 4, iterations: 1
  [ 889] OK     f=   0.243  a=22.7 b=28.1 gap=9.6 (face=3.2mm) n=[294, 294, 400, 400]  tape=0.243km B=10.14T unif=0.713% hoop=119MPa
  [ 890] viol   f=   0.241  a=23.0 b=28.5 gap=9.6 (face=3.2mm) n=[291, 291, 392, 392]  tape=0.241km B=9.99T unif=0.585% hoop=119MPa
  [ 891] OK     f=   0.243  a=22.9 b=28.6 gap=9.6 (face=3.2mm) n=[292, 292, 394, 394]  tape=0.243km B=10.02T unif=0.742% hoop=119MPa
  [ 892] viol   f=   0.241  a=23.0 b=28.3 gap=9.6 (face=3.2mm) n=[290, 290, 394, 394]  tape=0.241km B=9.99T unif=0.757% hoop=119MPa
  [ 893] viol   f=   0.250  a=22.7 b=28.6 gap=9.6 (face=3.2mm) n=[290, 290, 390, 390]  tape=0.239km B=9.93T unif=0.693% hoop=118MPa
  [ 894] OK     f=   0.247  a=23.1 b=28.4 gap=9.6 (face=3.2mm) n=[292, 292, 403, 403]  tape=0.247km B=10.07T unif=0.473% hoop=120MPa
  [ 895] OK     f=   0.245  a=23.0 b=28.7 gap=9.6 (face=3.2mm) n=[293, 293, 397, 397]  tape=0.245km B=10.02T unif=0.615% hoop=120MPa
  [ 896] OK     f=   0.242  a=22.8 b=28.4 gap=9.6 (face=3.2mm) n=[292, 292, 397, 397]  tape=0.242km B=10.05T unif=0.664% hoop=119MPa
  [a=23 b=28 nt=1380] KSP converged reason: 4, iterations: 1
  [a=23 b=29 nt=1378] KSP converged reason: 4, iterations: 1
  [a=23 b=29 nt=1376] KSP converged reason: 4, iterations: 1
  [a=23 b=29 nt=1380] KSP converged reason: 4, iterations: 1
  [a=23 b=29 nt=1374] KSP converged reason: 4, iterations: 1
  [a=23 b=29 nt=1372] KSP converged reason: 4, iterations: 1
  [a=23 b=28 nt=1354] KSP converged reason: 4, iterations: 1
  [ 897] OK     f=   0.244  a=23.3 b=28.5 gap=9.6 (face=3.2mm) n=[292, 292, 395, 395]  tape=0.244km B=10.01T unif=0.541% hoop=122MPa
  [ 898] OK     f=   0.246  a=23.4 b=28.7 gap=9.6 (face=3.1mm) n=[292, 292, 397, 397]  tape=0.246km B=10.01T unif=0.482% hoop=123MPa
  [ 899] viol   f=   0.244  a=23.0 b=28.6 gap=9.6 (face=3.2mm) n=[291, 291, 397, 397]  tape=0.244km B=9.99T unif=0.772% hoop=121MPa
  [ 900] viol   f=   0.246  a=23.1 b=28.7 gap=9.6 (face=3.2mm) n=[292, 292, 398, 398]  tape=0.246km B=10.00T unif=0.507% hoop=121MPa
  [ 901] viol   f=   2.717  a=22.8 b=28.1 gap=9.6 (face=3.2mm) n=[293, 293, 397, 397]  tape=0.241km B=10.12T unif=0.889% hoop=117MPa
  [ 902] OK     f=   0.244  a=23.1 b=28.8 gap=9.6 (face=3.2mm) n=[295, 295, 391, 391]  tape=0.244km B=10.08T unif=0.689% hoop=120MPa
  [ 903] viol   f=   0.256  a=22.9 b=28.2 gap=9.6 (face=3.2mm) n=[286, 286, 391, 391]  tape=0.238km B=9.90T unif=0.422% hoop=119MPa
  [ 904] INFEAS f=1000.028  a=23.0 b=28.0 gap=9.6 (face=3.1mm) n=[292, 292, 397, 397]  no evaluation (geometry pre-check)
  [a=23 b=29 nt=1390] KSP converged reason: 4, iterations: 1
  [a=23 b=29 nt=1388] KSP converged reason: 4, iterations: 1
  [a=24 b=29 nt=1376] KSP converged reason: 4, iterations: 1
  [a=23 b=29 nt=1366] KSP converged reason: 4, iterations: 1
  [a=23 b=29 nt=1384] KSP converged reason: 4, iterations: 1
  [a=23 b=29 nt=1374] KSP converged reason: 4, iterations: 1
  [a=23 b=28 nt=1378] KSP converged reason: 4, iterations: 1
  [a=23 b=29 nt=1382] KSP converged reason: 4, iterations: 1
  [ 905] OK     f=   0.248  a=23.7 b=29.1 gap=9.6 (face=3.1mm) n=[294, 294, 394, 394]  tape=0.248km B=10.01T unif=0.649% hoop=123MPa
  [ 906] OK     f=   0.250  a=23.3 b=29.0 gap=9.6 (face=3.2mm) n=[295, 295, 399, 399]  tape=0.250km B=10.03T unif=0.473% hoop=122MPa
  [ 907] OK     f=   0.242  a=23.2 b=28.6 gap=9.6 (face=3.2mm) n=[292, 292, 391, 391]  tape=0.242km B=10.03T unif=0.638% hoop=121MPa
  [ 908] viol   f=   0.251  a=23.3 b=29.0 gap=9.6 (face=3.2mm) n=[292, 292, 395, 395]  tape=0.247km B=9.96T unif=0.759% hoop=121MPa
  [ 909] viol   f=   0.962  a=22.9 b=28.8 gap=9.6 (face=3.2mm) n=[296, 296, 399, 399]  tape=0.247km B=10.12T unif=0.848% hoop=120MPa
  [ 910] OK     f=   0.244  a=22.6 b=28.6 gap=9.6 (face=3.2mm) n=[294, 294, 398, 398]  tape=0.244km B=10.07T unif=0.490% hoop=118MPa
  [ 911] OK     f=   0.246  a=23.2 b=28.6 gap=9.6 (face=3.1mm) n=[294, 294, 397, 397]  tape=0.246km B=10.06T unif=0.315% hoop=121MPa
  [ 912] OK     f=   0.243  a=22.8 b=28.5 gap=9.6 (face=3.2mm) n=[292, 292, 397, 397]  tape=0.243km B=10.02T unif=0.557% hoop=119MPa
  [a=23 b=28 nt=1358] KSP converged reason: 4, iterations: 1
  [a=23 b=29 nt=1374] KSP converged reason: 4, iterations: 1
  [a=23 b=29 nt=1376] KSP converged reason: 4, iterations: 1
  [a=23 b=28 nt=1368] KSP converged reason: 4, iterations: 1
  [a=23 b=29 nt=1374] KSP converged reason: 4, iterations: 1
  [a=22 b=28 nt=1366] KSP converged reason: 4, iterations: 1
  [a=23 b=29 nt=1390] KSP converged reason: 4, iterations: 1
  [a=23 b=28 nt=1364] KSP converged reason: 4, iterations: 1
  [ 913] viol   f=  45.569  a=22.6 b=27.8 gap=9.6 (face=3.2mm) n=[290, 290, 389, 389]  tape=0.235km B=10.02T unif=1.181% hoop=116MPa
  [ 914] viol   f=   0.253  a=23.2 b=29.0 gap=9.6 (face=3.2mm) n=[291, 291, 397, 397]  tape=0.247km B=9.94T unif=0.357% hoop=120MPa
  [ 915] viol   f=  61.298  a=22.8 b=28.4 gap=9.6 (face=3.2mm) n=[294, 294, 390, 390]  tape=0.240km B=10.09T unif=1.242% hoop=118MPa
  [ 916] viol   f=   5.317  a=22.5 b=27.9 gap=9.6 (face=3.2mm) n=[289, 289, 394, 394]  tape=0.237km B=10.00T unif=0.928% hoop=115MPa
  [ 917] viol   f=   0.249  a=23.1 b=28.8 gap=9.6 (face=3.2mm) n=[290, 290, 397, 397]  tape=0.245km B=9.96T unif=0.362% hoop=121MPa
  [ 918] OK     f=   0.244  a=23.2 b=28.6 gap=9.6 (face=3.2mm) n=[295, 295, 392, 392]  tape=0.244km B=10.09T unif=0.748% hoop=120MPa
  [ 919] OK     f=   0.249  a=23.4 b=28.9 gap=9.6 (face=3.1mm) n=[296, 296, 399, 399]  tape=0.249km B=10.09T unif=0.376% hoop=123MPa
  [ 920] viol   f=   9.473  a=23.0 b=28.5 gap=9.6 (face=3.2mm) n=[291, 291, 391, 391]  tape=0.241km B=9.98T unif=0.972% hoop=119MPa
  [a=23 b=29 nt=1380] KSP converged reason: 4, iterations: 1
  [a=23 b=29 nt=1368] KSP converged reason: 4, iterations: 1
  [a=23 b=29 nt=1374] KSP converged reason: 4, iterations: 1
  [a=23 b=29 nt=1370] KSP converged reason: 4, iterations: 1
  [a=23 b=29 nt=1362] KSP converged reason: 4, iterations: 1
  [a=23 b=29 nt=1382] KSP converged reason: 4, iterations: 1
  [a=23 b=29 nt=1372] KSP converged reason: 4, iterations: 1
  [a=23 b=29 nt=1370] KSP converged reason: 4, iterations: 1
  [ 921] viol   f=   0.246  a=23.1 b=28.7 gap=9.6 (face=3.2mm) n=[292, 292, 395, 395]  tape=0.245km B=9.97T unif=0.647% hoop=121MPa
  [ 922] viol   f= 145.874  a=23.2 b=28.9 gap=9.6 (face=3.2mm) n=[293, 293, 388, 388]  tape=0.243km B=10.01T unif=1.483% hoop=120MPa
  [ 923] viol   f=   0.242  a=23.1 b=28.5 gap=9.6 (face=3.2mm) n=[291, 291, 393, 393]  tape=0.242km B=9.99T unif=0.714% hoop=120MPa
  [ 924] viol   f=   0.250  a=23.1 b=28.6 gap=9.6 (face=3.2mm) n=[296, 296, 394, 394]  tape=0.244km B=10.13T unif=0.804% hoop=121MPa
  [ 925] viol   f=   5.471  a=23.4 b=28.8 gap=9.6 (face=3.2mm) n=[295, 295, 396, 396]  tape=0.247km B=10.07T unif=0.929% hoop=122MPa
  [ 926] viol   f=   0.260  a=23.3 b=28.9 gap=9.6 (face=3.2mm) n=[290, 290, 395, 395]  tape=0.246km B=9.91T unif=0.352% hoop=121MPa
  [ 927] viol   f=   0.257  a=23.3 b=29.0 gap=9.6 (face=3.2mm) n=[291, 291, 395, 395]  tape=0.247km B=9.93T unif=0.554% hoop=121MPa
  [ 928] OK     f=   0.246  a=23.5 b=29.0 gap=9.6 (face=3.2mm) n=[294, 294, 391, 391]  tape=0.246km B=10.03T unif=0.575% hoop=121MPa
  [a=23 b=29 nt=1376] KSP converged reason: 4, iterations: 1
  [a=23 b=29 nt=1376] KSP converged reason: 4, iterations: 1
  [a=23 b=28 nt=1364] KSP converged reason: 4, iterations: 1
  [a=23 b=29 nt=1380] KSP converged reason: 4, iterations: 1
  [a=23 b=28 nt=1352] KSP converged reason: 4, iterations: 1
  [a=23 b=29 nt=1376] KSP converged reason: 4, iterations: 1
  [a=23 b=29 nt=1368] KSP converged reason: 4, iterations: 1
  [a=23 b=29 nt=1362] KSP converged reason: 4, iterations: 1
  [ 929] viol   f=   0.246  a=23.3 b=28.9 gap=9.6 (face=3.2mm) n=[293, 293, 395, 395]  tape=0.246km B=9.99T unif=0.736% hoop=121MPa
  [ 930] OK     f=   0.240  a=23.0 b=28.4 gap=9.6 (face=3.2mm) n=[292, 292, 390, 390]  tape=0.240km B=10.00T unif=0.784% hoop=119MPa
  [ 931] viol   f=  59.838  a=23.2 b=28.6 gap=9.6 (face=3.2mm) n=[294, 294, 394, 394]  tape=0.244km B=10.07T unif=1.237% hoop=122MPa
  [ 932] viol   f=   0.248  a=23.3 b=29.0 gap=9.6 (face=3.2mm) n=[292, 292, 396, 396]  tape=0.247km B=9.97T unif=0.761% hoop=121MPa
  [ 933] viol   f=   0.248  a=23.1 b=28.4 gap=9.6 (face=3.2mm) n=[289, 289, 387, 387]  tape=0.238km B=9.93T unif=0.502% hoop=119MPa
  [ 934] OK     f=   0.246  a=23.3 b=28.7 gap=9.6 (face=3.2mm) n=[293, 293, 397, 397]  tape=0.246km B=10.04T unif=0.403% hoop=122MPa
  [ 935] viol   f=   0.247  a=23.2 b=28.6 gap=9.6 (face=3.2mm) n=[290, 290, 391, 391]  tape=0.242km B=9.95T unif=0.576% hoop=120MPa
  [ 936] viol   f=   0.243  a=23.2 b=28.5 gap=9.6 (face=3.2mm) n=[291, 291, 393, 393]  tape=0.243km B=9.99T unif=0.709% hoop=121MPa
  [a=23 b=29 nt=1378] KSP converged reason: 4, iterations: 1
  [a=23 b=28 nt=1366] KSP converged reason: 4, iterations: 1
  [a=23 b=28 nt=1376] KSP converged reason: 4, iterations: 1
  [a=23 b=28 nt=1362] KSP converged reason: 4, iterations: 1
  [a=23 b=29 nt=1368] KSP converged reason: 4, iterations: 1
  [a=23 b=29 nt=1372] KSP converged reason: 4, iterations: 1
  [a=23 b=29 nt=1372] KSP converged reason: 4, iterations: 1
  [a=24 b=29 nt=1376] KSP converged reason: 4, iterations: 1
  [ 937] viol   f=   0.243  a=23.1 b=28.6 gap=9.6 (face=3.2mm) n=[291, 291, 393, 393]  tape=0.243km B=9.98T unif=0.655% hoop=119MPa
  [ 938] viol   f=   0.242  a=22.8 b=28.3 gap=9.6 (face=3.2mm) n=[290, 290, 393, 393]  tape=0.240km B=9.97T unif=0.491% hoop=120MPa
  [ 939] viol   f=  11.349  a=23.2 b=28.6 gap=9.6 (face=3.2mm) n=[294, 294, 395, 395]  tape=0.245km B=10.07T unif=0.989% hoop=121MPa
  [ 940] OK     f=   0.243  a=23.1 b=28.3 gap=9.6 (face=3.2mm) n=[293, 293, 395, 395]  tape=0.243km B=10.07T unif=0.415% hoop=121MPa
  [ 941] viol   f=   0.270  a=22.9 b=28.5 gap=9.6 (face=3.2mm) n=[293, 293, 393, 393]  tape=0.242km B=10.03T unif=0.809% hoop=119MPa
  [ 942] viol   f=   0.239  a=22.9 b=28.1 gap=9.6 (face=3.2mm) n=[289, 289, 392, 392]  tape=0.238km B=9.99T unif=0.549% hoop=119MPa
  [ 943] viol   f=  11.145  a=23.2 b=28.7 gap=9.6 (face=3.2mm) n=[293, 293, 393, 393]  tape=0.244km B=10.03T unif=0.987% hoop=121MPa
  [ 944] OK     f=   0.246  a=23.5 b=28.8 gap=9.6 (face=3.1mm) n=[295, 295, 393, 393]  tape=0.246km B=10.07T unif=0.476% hoop=123MPa
  [a=23 b=28 nt=1366] KSP converged reason: 4, iterations: 1
  [a=23 b=28 nt=1360] KSP converged reason: 4, iterations: 1
  [a=23 b=28 nt=1350] KSP converged reason: 4, iterations: 1
  [a=23 b=28 nt=1368] KSP converged reason: 4, iterations: 1
  [a=23 b=28 nt=1378] KSP converged reason: 4, iterations: 1
  [a=23 b=28 nt=1362] KSP converged reason: 4, iterations: 1
  [a=23 b=28 nt=1364] KSP converged reason: 4, iterations: 1
  [a=23 b=28 nt=1372] KSP converged reason: 4, iterations: 1
  [ 945] viol   f=   0.240  a=22.8 b=28.3 gap=9.6 (face=3.2mm) n=[291, 291, 393, 393]  tape=0.240km B=10.00T unif=0.567% hoop=118MPa
  [ 946] viol   f=   0.239  a=22.9 b=28.1 gap=9.6 (face=3.2mm) n=[288, 288, 393, 393]  tape=0.239km B=9.98T unif=0.549% hoop=119MPa
  [ 947] viol   f=   0.262  a=22.7 b=28.1 gap=9.6 (face=3.2mm) n=[286, 286, 389, 389]  tape=0.236km B=9.89T unif=0.677% hoop=117MPa
  [ 948] OK     f=   0.238  a=23.1 b=28.2 gap=9.6 (face=3.2mm) n=[291, 291, 389, 389]  tape=0.238km B=10.04T unif=0.591% hoop=120MPa
  [ 949] OK     f=   0.243  a=23.0 b=28.4 gap=9.6 (face=3.2mm) n=[290, 290, 399, 399]  tape=0.243km B=10.01T unif=0.491% hoop=121MPa
  [ 950] viol   f=   0.245  a=22.9 b=28.2 gap=9.6 (face=3.2mm) n=[288, 288, 395, 395]  tape=0.240km B=9.95T unif=0.554% hoop=119MPa
  [ 951] viol   f=   0.239  a=22.8 b=28.1 gap=9.6 (face=3.2mm) n=[289, 289, 393, 393]  tape=0.238km B=9.99T unif=0.716% hoop=118MPa
  [ 952] OK     f=   0.240  a=22.8 b=28.1 gap=9.6 (face=3.2mm) n=[291, 291, 395, 395]  tape=0.240km B=10.02T unif=0.700% hoop=119MPa
  [a=23 b=29 nt=1376] KSP converged reason: 4, iterations: 1
  [a=23 b=29 nt=1368] KSP converged reason: 4, iterations: 1
  [a=23 b=28 nt=1364] KSP converged reason: 4, iterations: 1
  [a=23 b=28 nt=1358] KSP converged reason: 4, iterations: 1
  [a=23 b=28 nt=1366] KSP converged reason: 4, iterations: 1
  [a=23 b=28 nt=1358] KSP converged reason: 4, iterations: 1
  [a=23 b=28 nt=1366] KSP converged reason: 4, iterations: 1
  [a=23 b=29 nt=1364] KSP converged reason: 4, iterations: 1
  [ 953] viol   f=   0.249  a=23.3 b=28.7 gap=9.6 (face=3.2mm) n=[291, 291, 397, 397]  tape=0.246km B=9.96T unif=0.487% hoop=122MPa
  [ 954] viol   f=   0.246  a=23.2 b=28.2 gap=9.6 (face=3.2mm) n=[289, 289, 393, 393]  tape=0.240km B=9.95T unif=0.437% hoop=120MPa
  [ 955] viol   f=   0.242  a=23.3 b=28.4 gap=9.6 (face=3.1mm) n=[291, 291, 392, 392]  tape=0.242km B=9.99T unif=0.474% hoop=122MPa
  [ 956] viol   f=   0.246  a=23.2 b=28.4 gap=9.6 (face=3.2mm) n=[289, 289, 390, 390]  tape=0.240km B=9.95T unif=0.565% hoop=120MPa
  [ 957] OK     f=   0.240  a=23.3 b=28.4 gap=9.6 (face=3.2mm) n=[292, 292, 387, 387]  tape=0.240km B=10.02T unif=0.596% hoop=120MPa
  [ 958] viol   f=  15.501  a=23.3 b=28.5 gap=9.6 (face=3.2mm) n=[292, 292, 392, 392]  tape=0.243km B=10.00T unif=1.021% hoop=121MPa
  [ 959] viol   f=   0.243  a=23.1 b=28.2 gap=9.6 (face=3.2mm) n=[289, 289, 394, 394]  tape=0.240km B=9.96T unif=0.448% hoop=119MPa
  [ 960] viol   f=   0.242  a=23.1 b=28.5 gap=9.6 (face=3.2mm) n=[290, 290, 392, 392]  tape=0.241km B=9.98T unif=0.744% hoop=119MPa
  [a=23 b=29 nt=1348] KSP converged reason: 4, iterations: 1
  [a=23 b=28 nt=1370] KSP converged reason: 4, iterations: 1
  [a=24 b=29 nt=1376] KSP converged reason: 4, iterations: 1
  [a=24 b=29 nt=1368] KSP converged reason: 4, iterations: 1
  [a=23 b=29 nt=1360] KSP converged reason: 4, iterations: 1
  [a=23 b=29 nt=1356] KSP converged reason: 4, iterations: 1
  [a=23 b=28 nt=1366] KSP converged reason: 4, iterations: 1
  [ 961] viol   f=   0.241  a=23.2 b=28.5 gap=9.6 (face=3.2mm) n=[291, 291, 389, 389]  tape=0.241km B=9.99T unif=0.419% hoop=120MPa
  [ 962] INFEAS f=1001.452  a=22.6 b=27.4 gap=9.6 (face=3.2mm) n=[283, 283, 385, 385]  no evaluation (geometry pre-check)
  [ 963] viol   f=   0.278  a=23.1 b=28.7 gap=9.6 (face=3.2mm) n=[288, 288, 386, 386]  tape=0.239km B=9.86T unif=0.645% hoop=119MPa
  [ 964] viol   f=   0.242  a=23.4 b=28.8 gap=9.6 (face=3.2mm) n=[293, 293, 385, 385]  tape=0.242km B=9.99T unif=0.692% hoop=121MPa
  [ 965] OK     f=   0.242  a=23.1 b=28.4 gap=9.6 (face=3.2mm) n=[292, 292, 393, 393]  tape=0.242km B=10.02T unif=0.634% hoop=120MPa
  [ 966] viol   f=   1.183  a=24.0 b=29.4 gap=9.6 (face=3.1mm) n=[299, 299, 389, 389]  tape=0.250km B=10.07T unif=0.855% hoop=124MPa
  [ 967] OK     f=   0.244  a=23.5 b=28.7 gap=9.6 (face=3.2mm) n=[293, 293, 391, 391]  tape=0.244km B=10.03T unif=0.551% hoop=122MPa
  [ 968] OK     f=   0.242  a=23.4 b=28.5 gap=9.6 (face=3.2mm) n=[292, 292, 391, 391]  tape=0.242km B=10.01T unif=0.624% hoop=122MPa
  [a=23 b=28 nt=1362] KSP converged reason: 4, iterations: 1
  [a=23 b=28 nt=1352] KSP converged reason: 4, iterations: 1
  [a=23 b=29 nt=1366] KSP converged reason: 4, iterations: 1
  [a=24 b=29 nt=1370] KSP converged reason: 4, iterations: 1
  [a=23 b=28 nt=1354] KSP converged reason: 4, iterations: 1
  [a=23 b=29 nt=1366] KSP converged reason: 4, iterations: 1
  [ 969] viol   f=  28.198  a=23.1 b=28.2 gap=9.6 (face=3.2mm) n=[292, 292, 389, 389]  tape=0.239km B=10.05T unif=1.099% hoop=118MPa
  [ 970] INFEAS f=1000.002  a=23.4 b=28.3 gap=9.6 (face=3.2mm) n=[294, 294, 385, 385]  no evaluation (geometry pre-check)
  [ 971] OK     f=   0.247  a=23.8 b=29.2 gap=9.6 (face=3.2mm) n=[296, 296, 389, 389]  tape=0.247km B=10.04T unif=0.573% hoop=124MPa
  [ 972] viol   f=  10.547  a=22.9 b=28.0 gap=9.6 (face=3.2mm) n=[290, 290, 387, 387]  tape=0.236km B=10.02T unif=0.982% hoop=117MPa
  [ 973] viol   f=   0.252  a=23.1 b=28.8 gap=9.6 (face=3.2mm) n=[291, 291, 392, 392]  tape=0.243km B=9.93T unif=0.553% hoop=119MPa
  [ 974] INFEAS f=1000.393  a=23.2 b=28.1 gap=9.6 (face=3.2mm) n=[290, 290, 384, 384]  no evaluation (geometry pre-check)
  [ 975] viol   f=  16.873  a=23.2 b=28.5 gap=9.6 (face=3.2mm) n=[291, 291, 385, 385]  tape=0.238km B=10.00T unif=1.031% hoop=119MPa
  [ 976] OK     f=   0.242  a=23.2 b=28.6 gap=9.6 (face=3.2mm) n=[294, 294, 389, 389]  tape=0.242km B=10.05T unif=0.757% hoop=119MPa
  [a=23 b=28 nt=1362] KSP converged reason: 4, iterations: 1
  [a=23 b=29 nt=1362] KSP converged reason: 4, iterations: 1
  [a=24 b=29 nt=1378] KSP converged reason: 4, iterations: 1
  [a=23 b=29 nt=1368] KSP converged reason: 4, iterations: 1
  [a=23 b=29 nt=1360] KSP converged reason: 4, iterations: 1
  [a=24 b=30 nt=1386] KSP converged reason: 4, iterations: 1
  [a=23 b=28 nt=1360] KSP converged reason: 4, iterations: 1
  [a=24 b=29 nt=1372] KSP converged reason: 4, iterations: 1
  [ 977] viol   f=   6.688  a=23.5 b=29.5 gap=9.6 (face=3.2mm) n=[300, 300, 393, 393]  tape=0.251km B=10.11T unif=0.944% hoop=122MPa
  [ 978] viol   f=   0.244  a=23.5 b=28.9 gap=9.6 (face=3.2mm) n=[292, 292, 389, 389]  tape=0.244km B=9.98T unif=0.609% hoop=121MPa
  [ 979] OK     f=   0.250  a=23.8 b=29.5 gap=9.6 (face=3.2mm) n=[300, 300, 389, 389]  tape=0.250km B=10.08T unif=0.752% hoop=122MPa
  [ 980] OK     f=   0.240  a=23.0 b=28.4 gap=9.6 (face=3.2mm) n=[292, 292, 389, 389]  tape=0.240km B=10.04T unif=0.793% hoop=118MPa
  [ 981] viol   f=   0.242  a=23.1 b=28.6 gap=9.6 (face=3.2mm) n=[292, 292, 388, 388]  tape=0.241km B=9.98T unif=0.411% hoop=119MPa
  [ 982] viol   f=   4.103  a=23.2 b=28.6 gap=9.6 (face=3.2mm) n=[291, 291, 393, 393]  tape=0.243km B=9.99T unif=0.911% hoop=120MPa
  [ 983] viol   f=   8.099  a=24.0 b=29.4 gap=9.6 (face=3.1mm) n=[296, 296, 390, 390]  tape=0.249km B=10.02T unif=0.958% hoop=124MPa
  [ 984] viol   f=  31.372  a=23.2 b=28.4 gap=9.6 (face=3.2mm) n=[292, 292, 388, 388]  tape=0.240km B=10.04T unif=1.116% hoop=119MPa
  [a=23 b=29 nt=1362] KSP converged reason: 4, iterations: 1
  [a=23 b=29 nt=1372] KSP converged reason: 4, iterations: 1
  [a=23 b=29 nt=1376] KSP converged reason: 4, iterations: 1
  [a=24 b=29 nt=1374] KSP converged reason: 4, iterations: 1
  [a=23 b=29 nt=1362] KSP converged reason: 4, iterations: 1
  [a=23 b=29 nt=1364] KSP converged reason: 4, iterations: 1
  [a=23 b=29 nt=1368] KSP converged reason: 4, iterations: 1
  [a=23 b=29 nt=1362] KSP converged reason: 4, iterations: 1
  [ 985] OK     f=   0.244  a=23.3 b=28.7 gap=9.6 (face=3.2mm) n=[294, 294, 392, 392]  tape=0.244km B=10.05T unif=0.318% hoop=122MPa
  [ 986] OK     f=   0.245  a=23.3 b=28.9 gap=9.6 (face=3.2mm) n=[297, 297, 391, 391]  tape=0.245km B=10.08T unif=0.574% hoop=121MPa
  [ 987] viol   f=  49.930  a=22.9 b=28.5 gap=9.6 (face=3.2mm) n=[293, 293, 388, 388]  tape=0.240km B=10.02T unif=1.199% hoop=117MPa
  [ 988] viol   f= 105.426  a=23.4 b=28.9 gap=9.6 (face=3.2mm) n=[294, 294, 388, 388]  tape=0.244km B=10.04T unif=1.380% hoop=121MPa
  [ 989] viol   f= 122.661  a=23.4 b=28.9 gap=9.6 (face=3.2mm) n=[294, 294, 387, 387]  tape=0.243km B=10.02T unif=1.426% hoop=122MPa
  [ 990] viol   f=   2.570  a=23.5 b=29.0 gap=9.6 (face=3.2mm) n=[295, 295, 392, 392]  tape=0.246km B=10.08T unif=0.886% hoop=122MPa
  [ 991] viol   f=   0.362  a=22.9 b=28.7 gap=9.6 (face=3.2mm) n=[291, 291, 393, 393]  tape=0.242km B=9.97T unif=0.819% hoop=119MPa
  [ 992] viol   f=   0.524  a=22.8 b=28.6 gap=9.6 (face=3.2mm) n=[291, 291, 390, 390]  tape=0.240km B=9.97T unif=0.830% hoop=117MPa
  [a=23 b=29 nt=1372] KSP converged reason: 4, iterations: 1
  [a=23 b=29 nt=1368] KSP converged reason: 4, iterations: 1
  [a=23 b=29 nt=1372] KSP converged reason: 4, iterations: 1
  [a=23 b=28 nt=1358] KSP converged reason: 4, iterations: 1
  [a=23 b=29 nt=1370] KSP converged reason: 4, iterations: 1
  [a=23 b=29 nt=1378] KSP converged reason: 4, iterations: 1
  [a=24 b=29 nt=1382] KSP converged reason: 4, iterations: 1
  [a=23 b=28 nt=1364] KSP converged reason: 4, iterations: 1
  [ 993] OK     f=   0.243  a=23.2 b=28.5 gap=9.6 (face=3.2mm) n=[295, 295, 391, 391]  tape=0.243km B=10.09T unif=0.480% hoop=119MPa
  [ 994] OK     f=   0.243  a=23.2 b=28.6 gap=9.6 (face=3.2mm) n=[293, 293, 392, 392]  tape=0.243km B=10.04T unif=0.665% hoop=121MPa
  [ 995] OK     f=   0.239  a=23.1 b=28.4 gap=9.6 (face=3.2mm) n=[293, 293, 386, 386]  tape=0.239km B=10.05T unif=0.792% hoop=119MPa
  [ 996] OK     f=   0.245  a=23.4 b=28.8 gap=9.6 (face=3.2mm) n=[295, 295, 391, 391]  tape=0.245km B=10.06T unif=0.724% hoop=121MPa
  [ 997] viol   f=  18.151  a=23.0 b=28.7 gap=9.6 (face=3.2mm) n=[296, 296, 393, 393]  tape=0.244km B=10.11T unif=1.039% hoop=119MPa
  [ 998] OK     f=   0.243  a=23.1 b=28.8 gap=9.6 (face=3.2mm) n=[293, 293, 391, 391]  tape=0.243km B=10.01T unif=0.555% hoop=120MPa
  [ 999] OK     f=   0.250  a=23.7 b=29.2 gap=9.6 (face=3.2mm) n=[295, 295, 396, 396]  tape=0.250km B=10.02T unif=0.620% hoop=123MPa
  [1000] viol   f=   4.503  a=22.9 b=28.4 gap=9.6 (face=3.2mm) n=[291, 291, 391, 391]  tape=0.240km B=9.96T unif=0.917% hoop=120MPa
  [a=23 b=28 nt=1352] KSP converged reason: 4, iterations: 1
  [a=23 b=28 nt=1362] KSP converged reason: 4, iterations: 1
  [a=23 b=29 nt=1366] KSP converged reason: 4, iterations: 1
  [a=23 b=28 nt=1366] KSP converged reason: 4, iterations: 1
  [a=23 b=29 nt=1370] KSP converged reason: 4, iterations: 1
  [a=23 b=29 nt=1378] KSP converged reason: 4, iterations: 1
  [a=23 b=28 nt=1362] KSP converged reason: 4, iterations: 1
  [a=23 b=28 nt=1366] KSP converged reason: 4, iterations: 1
  [1001] viol   f=  91.465  a=22.9 b=28.4 gap=9.6 (face=3.2mm) n=[290, 290, 386, 386]  tape=0.238km B=9.95T unif=1.340% hoop=119MPa
  [1002] OK     f=   0.241  a=23.1 b=28.4 gap=9.6 (face=3.2mm) n=[293, 293, 390, 390]  tape=0.241km B=10.04T unif=0.647% hoop=120MPa
  [1003] viol   f=   2.397  a=23.1 b=28.7 gap=9.6 (face=3.2mm) n=[296, 296, 393, 393]  tape=0.244km B=10.12T unif=0.883% hoop=119MPa
  [1004] viol   f=   9.291  a=23.3 b=28.9 gap=9.6 (face=3.2mm) n=[293, 293, 392, 392]  tape=0.245km B=10.00T unif=0.970% hoop=120MPa
  [1005] OK     f=   0.242  a=23.4 b=28.6 gap=9.6 (face=3.2mm) n=[295, 295, 388, 388]  tape=0.242km B=10.09T unif=0.685% hoop=121MPa
  [1006] OK     f=   0.240  a=23.1 b=28.4 gap=9.6 (face=3.2mm) n=[292, 292, 389, 389]  tape=0.240km B=10.01T unif=0.518% hoop=120MPa
  [1007] OK     f=   0.239  a=23.0 b=28.4 gap=9.6 (face=3.2mm) n=[293, 293, 388, 388]  tape=0.239km B=10.04T unif=0.769% hoop=119MPa
  [1008] viol   f= 110.579  a=22.9 b=28.3 gap=9.6 (face=3.2mm) n=[294, 294, 389, 389]  tape=0.239km B=10.12T unif=1.394% hoop=118MPa
  [a=23 b=28 nt=1374] KSP converged reason: 4, iterations: 1
  [a=23 b=28 nt=1362] KSP converged reason: 4, iterations: 1
  [a=23 b=28 nt=1354] KSP converged reason: 4, iterations: 1
  [a=23 b=28 nt=1350] KSP converged reason: 4, iterations: 1
  [a=23 b=28 nt=1368] KSP converged reason: 4, iterations: 1
  [a=23 b=28 nt=1366] KSP converged reason: 4, iterations: 1
  [a=23 b=29 nt=1362] KSP converged reason: 4, iterations: 1
  [a=23 b=29 nt=1372] KSP converged reason: 4, iterations: 1
  [1009] viol   f=   0.240  a=22.9 b=28.3 gap=9.6 (face=3.2mm) n=[290, 290, 385, 385]  tape=0.237km B=9.96T unif=0.795% hoop=117MPa
  [1010] viol   f=  11.082  a=23.2 b=28.4 gap=9.6 (face=3.2mm) n=[294, 294, 389, 389]  tape=0.241km B=10.10T unif=0.986% hoop=119MPa
  [1011] viol   f=   0.240  a=22.9 b=28.5 gap=9.6 (face=3.2mm) n=[292, 292, 389, 389]  tape=0.240km B=10.00T unif=0.697% hoop=118MPa
  [1012] viol   f=  13.460  a=23.0 b=28.3 gap=9.6 (face=3.2mm) n=[293, 293, 394, 394]  tape=0.242km B=10.07T unif=1.006% hoop=120MPa
  [1013] OK     f=   0.241  a=23.1 b=28.4 gap=9.6 (face=3.2mm) n=[293, 293, 391, 391]  tape=0.241km B=10.07T unif=0.734% hoop=121MPa
  [1014] viol   f=   0.237  a=22.9 b=28.2 gap=9.6 (face=3.2mm) n=[291, 291, 386, 386]  tape=0.237km B=9.98T unif=0.534% hoop=118MPa
  [1015] viol   f=  49.334  a=23.0 b=28.5 gap=9.6 (face=3.2mm) n=[292, 292, 389, 389]  tape=0.240km B=10.01T unif=1.196% hoop=119MPa
  [1016] OK     f=   0.245  a=23.3 b=29.0 gap=9.6 (face=3.2mm) n=[296, 296, 390, 390]  tape=0.245km B=10.03T unif=0.624% hoop=120MPa
  [a=23 b=28 nt=1346] KSP converged reason: 4, iterations: 1
  [a=23 b=28 nt=1362] KSP converged reason: 4, iterations: 1
  [a=23 b=28 nt=1356] KSP converged reason: 4, iterations: 1
  [a=23 b=28 nt=1356] KSP converged reason: 4, iterations: 1
  [a=23 b=28 nt=1340] KSP converged reason: 4, iterations: 1
  [a=23 b=29 nt=1362] KSP converged reason: 4, iterations: 1
  [a=23 b=28 nt=1354] KSP converged reason: 4, iterations: 1
  [a=23 b=28 nt=1366] KSP converged reason: 4, iterations: 1
  [1017] viol   f=  13.549  a=22.8 b=28.3 gap=9.6 (face=3.2mm) n=[290, 290, 388, 388]  tape=0.237km B=10.00T unif=1.006% hoop=117MPa
  [1018] viol   f=   2.033  a=22.8 b=28.3 gap=9.6 (face=3.2mm) n=[292, 292, 386, 386]  tape=0.237km B=10.00T unif=0.876% hoop=117MPa
  [1019] viol   f= 359.491  a=22.8 b=28.1 gap=9.6 (face=3.2mm) n=[290, 290, 383, 383]  tape=0.234km B=9.99T unif=1.872% hoop=117MPa
  [1020] viol   f=  11.595  a=22.8 b=28.2 gap=9.6 (face=3.2mm) n=[292, 292, 389, 389]  tape=0.238km B=10.04T unif=0.991% hoop=118MPa
  [1021] viol   f=   7.019  a=22.7 b=28.0 gap=9.6 (face=3.2mm) n=[288, 288, 382, 382]  tape=0.232km B=9.93T unif=0.947% hoop=115MPa
  [1022] viol   f=   2.296  a=23.1 b=28.6 gap=9.6 (face=3.2mm) n=[292, 292, 389, 389]  tape=0.241km B=10.00T unif=0.881% hoop=119MPa
  [1023] viol   f= 231.052  a=22.9 b=28.3 gap=9.6 (face=3.2mm) n=[292, 292, 385, 385]  tape=0.237km B=10.04T unif=1.659% hoop=118MPa
  [1024] viol   f=   0.277  a=23.0 b=28.3 gap=9.6 (face=3.2mm) n=[293, 293, 390, 390]  tape=0.240km B=10.05T unif=0.811% hoop=119MPa
  [a=23 b=28 nt=1352] KSP converged reason: 4, iterations: 1
  [a=23 b=28 nt=1354] KSP converged reason: 4, iterations: 1
  [a=23 b=28 nt=1354] KSP converged reason: 4, iterations: 1
  [a=23 b=28 nt=1366] KSP converged reason: 4, iterations: 1
  [a=23 b=28 nt=1354] KSP converged reason: 4, iterations: 1
  [a=23 b=28 nt=1344] KSP converged reason: 4, iterations: 1
  [a=23 b=28 nt=1366] KSP converged reason: 4, iterations: 1
  [a=23 b=28 nt=1356] KSP converged reason: 4, iterations: 1
  [1025] viol   f=   0.237  a=22.9 b=28.3 gap=9.6 (face=3.2mm) n=[291, 291, 385, 385]  tape=0.236km B=9.98T unif=0.653% hoop=117MPa
  [1026] viol   f= 127.867  a=22.9 b=28.1 gap=9.6 (face=3.2mm) n=[291, 291, 386, 386]  tape=0.236km B=10.03T unif=1.439% hoop=118MPa
  [1027] viol   f=  10.729  a=23.0 b=28.4 gap=9.6 (face=3.2mm) n=[292, 292, 385, 385]  tape=0.237km B=10.02T unif=0.983% hoop=118MPa
  [1028] viol   f=  22.201  a=22.9 b=28.4 gap=9.6 (face=3.2mm) n=[292, 292, 391, 391]  tape=0.240km B=10.04T unif=1.065% hoop=119MPa
  [1029] viol   f= 481.953  a=22.9 b=28.3 gap=9.6 (face=3.2mm) n=[293, 293, 384, 384]  tape=0.237km B=10.07T unif=2.042% hoop=118MPa
  [1030] viol   f= 104.960  a=22.9 b=28.2 gap=9.6 (face=3.2mm) n=[290, 290, 382, 382]  tape=0.235km B=9.98T unif=1.379% hoop=116MPa
  [1031] OK     f=   0.240  a=23.1 b=28.3 gap=9.6 (face=3.2mm) n=[293, 293, 390, 390]  tape=0.240km B=10.06T unif=0.652% hoop=119MPa
  [1032] viol   f=  60.136  a=22.9 b=28.3 gap=9.6 (face=3.2mm) n=[292, 292, 386, 386]  tape=0.237km B=10.03T unif=1.238% hoop=118MPa
  [a=23 b=28 nt=1346] KSP converged reason: 4, iterations: 1
  [a=23 b=29 nt=1364] KSP converged reason: 4, iterations: 1
  [a=23 b=28 nt=1362] KSP converged reason: 4, iterations: 1
  [a=23 b=28 nt=1354] KSP converged reason: 4, iterations: 1
  [a=23 b=28 nt=1352] KSP converged reason: 4, iterations: 1
  [a=23 b=28 nt=1356] KSP converged reason: 4, iterations: 1
  [a=23 b=28 nt=1358] KSP converged reason: 4, iterations: 1
  [a=23 b=28 nt=1362] KSP converged reason: 4, iterations: 1
  [1033] viol   f=  10.920  a=23.2 b=28.5 gap=9.6 (face=3.2mm) n=[293, 293, 385, 385]  tape=0.239km B=10.02T unif=0.985% hoop=119MPa
  [1034] viol   f= 108.035  a=23.3 b=28.7 gap=9.6 (face=3.2mm) n=[295, 295, 387, 387]  tape=0.242km B=10.09T unif=1.387% hoop=119MPa
  [1035] viol   f= 124.836  a=22.9 b=28.3 gap=9.6 (face=3.2mm) n=[294, 294, 387, 387]  tape=0.238km B=10.07T unif=1.431% hoop=117MPa
  [1036] viol   f= 502.004  a=23.0 b=28.3 gap=9.6 (face=3.2mm) n=[292, 292, 384, 384]  tape=0.237km B=10.05T unif=2.067% hoop=118MPa
  [1037] viol   f=   0.236  a=22.9 b=28.1 gap=9.6 (face=3.2mm) n=[290, 290, 387, 387]  tape=0.236km B=10.00T unif=0.504% hoop=119MPa
  [1038] viol   f= 156.790  a=22.6 b=28.0 gap=9.6 (face=3.2mm) n=[289, 289, 384, 384]  tape=0.233km B=9.96T unif=1.508% hoop=117MPa
  [1039] viol   f=  91.567  a=23.0 b=28.3 gap=9.6 (face=3.2mm) n=[294, 294, 387, 387]  tape=0.239km B=10.08T unif=1.341% hoop=119MPa
  [1040] viol   f=   3.718  a=23.1 b=28.3 gap=9.6 (face=3.2mm) n=[291, 291, 388, 388]  tape=0.239km B=10.01T unif=0.906% hoop=118MPa
  [a=23 b=28 nt=1350] KSP converged reason: 4, iterations: 1
  [a=23 b=28 nt=1352] KSP converged reason: 4, iterations: 1
  [a=23 b=28 nt=1338] KSP converged reason: 4, iterations: 1
  [a=23 b=28 nt=1350] KSP converged reason: 4, iterations: 1
  [a=23 b=28 nt=1350] KSP converged reason: 4, iterations: 1
  [a=23 b=28 nt=1352] KSP converged reason: 4, iterations: 1
  [a=23 b=28 nt=1360] KSP converged reason: 4, iterations: 1
  [a=23 b=28 nt=1362] KSP converged reason: 4, iterations: 1
  [1041] viol   f=   0.238  a=22.8 b=28.1 gap=9.6 (face=3.2mm) n=[289, 289, 387, 387]  tape=0.236km B=9.97T unif=0.669% hoop=119MPa
  [1042] viol   f=   0.236  a=22.8 b=28.0 gap=9.6 (face=3.2mm) n=[289, 289, 386, 386]  tape=0.235km B=9.97T unif=0.610% hoop=118MPa
  [1043] viol   f=  88.521  a=22.9 b=28.1 gap=9.6 (face=3.2mm) n=[290, 290, 385, 385]  tape=0.235km B=10.00T unif=1.332% hoop=119MPa
  [1044] viol   f=  36.062  a=22.7 b=28.1 gap=9.6 (face=3.2mm) n=[287, 287, 382, 382]  tape=0.232km B=9.93T unif=1.139% hoop=114MPa
  [1045] OK     f=   0.236  a=23.0 b=28.2 gap=9.6 (face=3.2mm) n=[291, 291, 385, 385]  tape=0.236km B=10.00T unif=0.773% hoop=117MPa
  [1046] viol   f=   0.237  a=22.9 b=28.0 gap=9.6 (face=3.2mm) n=[289, 289, 386, 386]  tape=0.235km B=9.97T unif=0.743% hoop=117MPa
  [1047] viol   f=  10.322  a=23.2 b=28.3 gap=9.6 (face=3.2mm) n=[292, 292, 388, 388]  tape=0.239km B=10.04T unif=0.980% hoop=120MPa
  [1048] OK     f=   0.240  a=23.1 b=28.4 gap=9.6 (face=3.2mm) n=[293, 293, 388, 388]  tape=0.240km B=10.03T unif=0.459% hoop=120MPa
  [a=23 b=28 nt=1360] KSP converged reason: 4, iterations: 1
  [a=23 b=28 nt=1356] KSP converged reason: 4, iterations: 1
  [a=23 b=28 nt=1358] KSP converged reason: 4, iterations: 1
  [a=23 b=28 nt=1350] KSP converged reason: 4, iterations: 1
  [a=23 b=28 nt=1350] KSP converged reason: 4, iterations: 1
  [a=23 b=28 nt=1350] KSP converged reason: 4, iterations: 1
  [a=23 b=28 nt=1350] KSP converged reason: 4, iterations: 1
  [1049] viol   f= 209.132  a=22.9 b=28.3 gap=9.6 (face=3.2mm) n=[292, 292, 387, 387]  tape=0.238km B=10.06T unif=1.618% hoop=119MPa
  [1050] OK     f=   0.238  a=22.9 b=28.2 gap=9.6 (face=3.2mm) n=[291, 291, 389, 389]  tape=0.238km B=10.04T unif=0.719% hoop=118MPa
  [1051] OK     f=   0.238  a=23.1 b=28.2 gap=9.6 (face=3.2mm) n=[291, 291, 387, 387]  tape=0.238km B=10.02T unif=0.662% hoop=120MPa
  [1052] viol   f=  13.565  a=22.9 b=27.9 gap=9.6 (face=3.2mm) n=[289, 289, 386, 386]  tape=0.235km B=9.98T unif=1.007% hoop=117MPa
  [1053] viol   f=  12.128  a=22.8 b=28.1 gap=9.6 (face=3.2mm) n=[291, 291, 384, 384]  tape=0.235km B=10.01T unif=0.995% hoop=116MPa
  [1054] INFEAS f=1000.062  a=22.9 b=27.9 gap=9.6 (face=3.2mm) n=[288, 288, 384, 384]  no evaluation (geometry pre-check)
  [1055] viol   f=   5.989  a=22.9 b=28.1 gap=9.6 (face=3.2mm) n=[290, 290, 385, 385]  tape=0.235km B=9.98T unif=0.936% hoop=118MPa
  [1056] viol   f=  22.178  a=22.7 b=27.9 gap=9.6 (face=3.2mm) n=[289, 289, 386, 386]  tape=0.233km B=10.01T unif=1.065% hoop=116MPa
  [a=23 b=28 nt=1352] KSP converged reason: 4, iterations: 1
  [a=23 b=28 nt=1352] KSP converged reason: 4, iterations: 1
  [a=23 b=28 nt=1368] KSP converged reason: 4, iterations: 1
  [a=23 b=28 nt=1354] KSP converged reason: 4, iterations: 1
  [a=23 b=29 nt=1366] KSP converged reason: 4, iterations: 1
  [a=23 b=28 nt=1362] KSP converged reason: 4, iterations: 1
  [a=23 b=28 nt=1364] KSP converged reason: 4, iterations: 1
  [a=23 b=28 nt=1348] KSP converged reason: 4, iterations: 1
  [1057] viol   f=   0.238  a=23.0 b=28.1 gap=9.6 (face=3.2mm) n=[289, 289, 387, 387]  tape=0.236km B=9.97T unif=0.552% hoop=118MPa
  [1058] OK     f=   0.237  a=23.1 b=28.2 gap=9.6 (face=3.2mm) n=[290, 290, 386, 386]  tape=0.237km B=10.00T unif=0.713% hoop=118MPa
  [1059] viol   f=   7.907  a=23.3 b=28.5 gap=9.6 (face=3.2mm) n=[294, 294, 389, 389]  tape=0.242km B=10.08T unif=0.957% hoop=119MPa
  [1060] viol   f=   2.796  a=23.1 b=28.2 gap=9.6 (face=3.2mm) n=[291, 291, 386, 386]  tape=0.237km B=10.01T unif=0.890% hoop=119MPa
  [1061] viol   f=   0.686  a=23.1 b=28.4 gap=9.6 (face=3.2mm) n=[292, 292, 389, 389]  tape=0.240km B=10.03T unif=0.838% hoop=119MPa
  [1062] viol   f=  59.241  a=23.0 b=28.3 gap=9.6 (face=3.2mm) n=[293, 293, 391, 391]  tape=0.240km B=10.08T unif=1.235% hoop=119MPa
  [1063] OK     f=   0.241  a=23.3 b=28.4 gap=9.6 (face=3.2mm) n=[293, 293, 389, 389]  tape=0.241km B=10.04T unif=0.665% hoop=121MPa
  [1064] viol   f=  19.394  a=22.8 b=27.9 gap=9.6 (face=3.2mm) n=[288, 288, 386, 386]  tape=0.234km B=9.99T unif=1.048% hoop=117MPa
  [a=23 b=28 nt=1364] KSP converged reason: 4, iterations: 1
  [a=23 b=28 nt=1360] KSP converged reason: 4, iterations: 1
  [a=23 b=28 nt=1362] KSP converged reason: 4, iterations: 1
  [a=23 b=28 nt=1356] KSP converged reason: 4, iterations: 1
  [a=23 b=29 nt=1358] KSP converged reason: 4, iterations: 1
  [a=23 b=28 nt=1358] KSP converged reason: 4, iterations: 1
  [a=23 b=28 nt=1352] KSP converged reason: 4, iterations: 1
  [1065] viol   f=  18.641  a=23.0 b=28.1 gap=9.6 (face=3.2mm) n=[291, 291, 390, 390]  tape=0.238km B=10.02T unif=1.043% hoop=119MPa
  [1066] OK     f=   0.240  a=23.3 b=28.4 gap=9.6 (face=3.2mm) n=[292, 292, 388, 388]  tape=0.240km B=10.02T unif=0.501% hoop=121MPa
  [1067] viol   f=  52.798  a=23.2 b=28.3 gap=9.6 (face=3.2mm) n=[292, 292, 386, 386]  tape=0.238km B=10.03T unif=1.210% hoop=121MPa
  [1068] OK     f=   0.239  a=23.1 b=28.3 gap=9.6 (face=3.2mm) n=[291, 291, 388, 388]  tape=0.239km B=10.01T unif=0.399% hoop=120MPa
  [1069] OK     f=   0.240  a=23.1 b=28.2 gap=9.6 (face=3.2mm) n=[292, 292, 390, 390]  tape=0.240km B=10.04T unif=0.704% hoop=119MPa
  [1070] viol   f=  56.655  a=23.3 b=28.6 gap=9.6 (face=3.2mm) n=[293, 293, 386, 386]  tape=0.241km B=10.02T unif=1.225% hoop=121MPa
  [1071] OK     f=   0.238  a=23.1 b=28.4 gap=9.6 (face=3.2mm) n=[291, 291, 385, 385]  tape=0.238km B=10.00T unif=0.556% hoop=119MPa
  [1072] INFEAS f=1000.009  a=23.0 b=28.0 gap=9.6 (face=3.2mm) n=[290, 290, 389, 389]  no evaluation (geometry pre-check)
  [a=23 b=28 nt=1356] KSP converged reason: 4, iterations: 1
  [a=23 b=28 nt=1364] KSP converged reason: 4, iterations: 1
  [a=23 b=28 nt=1348] KSP converged reason: 4, iterations: 1
  [a=23 b=28 nt=1358] KSP converged reason: 4, iterations: 1
  [a=23 b=28 nt=1356] KSP converged reason: 4, iterations: 1
  [a=23 b=29 nt=1350] KSP converged reason: 4, iterations: 1
  [a=23 b=28 nt=1350] KSP converged reason: 4, iterations: 1
  [a=23 b=28 nt=1358] KSP converged reason: 4, iterations: 1
  [1073] viol   f= 397.636  a=23.0 b=28.5 gap=9.6 (face=3.2mm) n=[291, 291, 384, 384]  tape=0.238km B=9.99T unif=1.928% hoop=119MPa
  [1074] viol   f=   0.253  a=23.0 b=28.1 gap=9.6 (face=3.2mm) n=[290, 290, 388, 388]  tape=0.237km B=10.01T unif=0.807% hoop=119MPa
  [1075] viol   f=  77.123  a=23.2 b=28.5 gap=9.6 (face=3.2mm) n=[293, 293, 386, 386]  tape=0.239km B=10.05T unif=1.296% hoop=120MPa
  [1076] viol   f= 167.994  a=23.2 b=28.4 gap=9.6 (face=3.2mm) n=[293, 293, 389, 389]  tape=0.240km B=10.07T unif=1.533% hoop=120MPa
  [1077] viol   f=   0.239  a=23.0 b=28.4 gap=9.6 (face=3.2mm) n=[290, 290, 384, 384]  tape=0.237km B=9.96T unif=0.775% hoop=117MPa
  [1078] OK     f=   0.239  a=23.1 b=28.4 gap=9.6 (face=3.2mm) n=[291, 291, 387, 387]  tape=0.239km B=10.01T unif=0.558% hoop=119MPa
  [1079] viol   f=   0.365  a=23.1 b=28.5 gap=9.6 (face=3.2mm) n=[292, 292, 387, 387]  tape=0.239km B=10.01T unif=0.820% hoop=118MPa
  [1080] viol   f=   0.237  a=23.0 b=28.1 gap=9.6 (face=3.2mm) n=[289, 289, 386, 386]  tape=0.236km B=9.97T unif=0.722% hoop=118MPa
  [a=23 b=28 nt=1354] KSP converged reason: 4, iterations: 1
  [a=23 b=28 nt=1356] KSP converged reason: 4, iterations: 1
  [a=23 b=28 nt=1356] KSP converged reason: 4, iterations: 1
  [a=23 b=28 nt=1354] KSP converged reason: 4, iterations: 1
  [a=23 b=28 nt=1354] KSP converged reason: 4, iterations: 1
  [a=23 b=28 nt=1354] KSP converged reason: 4, iterations: 1
  [a=23 b=28 nt=1356] KSP converged reason: 4, iterations: 1
  [a=23 b=28 nt=1356] KSP converged reason: 4, iterations: 1
  [1081] viol   f=   0.239  a=23.0 b=28.3 gap=9.6 (face=3.2mm) n=[290, 290, 387, 387]  tape=0.238km B=9.98T unif=0.585% hoop=119MPa
  [1082] viol   f=   0.498  a=22.9 b=28.2 gap=9.6 (face=3.2mm) n=[291, 291, 387, 387]  tape=0.237km B=10.02T unif=0.829% hoop=118MPa
  [1083] viol   f=  21.311  a=23.1 b=28.3 gap=9.6 (face=3.2mm) n=[291, 291, 387, 387]  tape=0.238km B=10.03T unif=1.060% hoop=120MPa
  [1084] viol   f=   0.238  a=23.0 b=28.2 gap=9.6 (face=3.2mm) n=[290, 290, 387, 387]  tape=0.237km B=9.98T unif=0.799% hoop=118MPa
  [1085] viol   f=  19.177  a=23.0 b=28.3 gap=9.6 (face=3.2mm) n=[291, 291, 386, 386]  tape=0.237km B=10.01T unif=1.046% hoop=118MPa
  [1086] viol   f=  23.453  a=23.0 b=28.4 gap=9.6 (face=3.2mm) n=[291, 291, 386, 386]  tape=0.238km B=10.00T unif=1.073% hoop=117MPa
  [1087] viol   f=   4.612  a=23.0 b=28.3 gap=9.6 (face=3.2mm) n=[291, 291, 387, 387]  tape=0.237km B=10.04T unif=0.918% hoop=119MPa
  [1088] viol   f=  32.523  a=22.9 b=28.2 gap=9.6 (face=3.2mm) n=[290, 290, 388, 388]  tape=0.237km B=10.01T unif=1.121% hoop=118MPa
  [a=23 b=28 nt=1354] KSP converged reason: 4, iterations: 1
  [a=23 b=28 nt=1354] KSP converged reason: 4, iterations: 1
  [a=23 b=28 nt=1354] KSP converged reason: 4, iterations: 1
  [a=23 b=28 nt=1350] KSP converged reason: 4, iterations: 1
  [a=23 b=28 nt=1352] KSP converged reason: 4, iterations: 1
  [a=23 b=28 nt=1354] KSP converged reason: 4, iterations: 1
  [a=23 b=28 nt=1352] KSP converged reason: 4, iterations: 1
  [a=23 b=28 nt=1356] KSP converged reason: 4, iterations: 1
  [1089] viol   f=  36.022  a=23.1 b=28.3 gap=9.6 (face=3.2mm) n=[291, 291, 386, 386]  tape=0.238km B=10.03T unif=1.138% hoop=119MPa
  [1090] OK     f=   0.237  a=23.0 b=28.2 gap=9.6 (face=3.2mm) n=[291, 291, 386, 386]  tape=0.237km B=10.01T unif=0.764% hoop=119MPa
  [1091] viol   f=   4.691  a=22.9 b=28.2 gap=9.6 (face=3.2mm) n=[290, 290, 386, 386]  tape=0.236km B=10.00T unif=0.919% hoop=118MPa
  [1092] viol   f=   0.236  a=22.8 b=28.1 gap=9.6 (face=3.2mm) n=[290, 290, 387, 387]  tape=0.236km B=10.00T unif=0.724% hoop=118MPa
  [1093] viol   f=  36.788  a=22.9 b=28.2 gap=9.6 (face=3.2mm) n=[290, 290, 387, 387]  tape=0.237km B=10.01T unif=1.142% hoop=117MPa
  [1094] viol   f=  13.365  a=22.8 b=28.1 gap=9.6 (face=3.2mm) n=[288, 288, 387, 387]  tape=0.235km B=9.93T unif=1.005% hoop=117MPa
  [1095] viol   f= 182.573  a=23.1 b=28.5 gap=9.6 (face=3.2mm) n=[291, 291, 385, 385]  tape=0.238km B=10.02T unif=1.564% hoop=119MPa
  [1096] viol   f=   0.237  a=23.0 b=28.2 gap=9.6 (face=3.2mm) n=[290, 290, 388, 388]  tape=0.237km B=9.99T unif=0.442% hoop=119MPa
  [a=23 b=28 nt=1354] KSP converged reason: 4, iterations: 1
  [a=23 b=28 nt=1354] KSP converged reason: 4, iterations: 1
  [a=23 b=28 nt=1352] KSP converged reason: 4, iterations: 1
  [a=23 b=28 nt=1356] KSP converged reason: 4, iterations: 1
  [a=23 b=28 nt=1358] KSP converged reason: 4, iterations: 1
  [a=23 b=28 nt=1350] KSP converged reason: 4, iterations: 1
  [a=23 b=28 nt=1350] KSP converged reason: 4, iterations: 1
  [a=23 b=28 nt=1356] KSP converged reason: 4, iterations: 1
  [1097] viol   f=   7.052  a=22.9 b=28.2 gap=9.6 (face=3.2mm) n=[291, 291, 388, 388]  tape=0.237km B=10.02T unif=0.948% hoop=117MPa
  [1098] viol   f=  43.606  a=23.1 b=28.2 gap=9.6 (face=3.2mm) n=[290, 290, 387, 387]  tape=0.238km B=9.99T unif=1.173% hoop=118MPa
  [1099] viol   f= 105.016  a=22.9 b=28.2 gap=9.6 (face=3.2mm) n=[290, 290, 385, 385]  tape=0.236km B=10.01T unif=1.379% hoop=118MPa
  [1100] viol   f=   0.237  a=23.1 b=28.2 gap=9.6 (face=3.2mm) n=[290, 290, 387, 387]  tape=0.237km B=9.99T unif=0.695% hoop=119MPa
  [1101] viol   f= 123.876  a=23.0 b=28.2 gap=9.6 (face=3.2mm) n=[291, 291, 387, 387]  tape=0.238km B=10.03T unif=1.429% hoop=118MPa
  [1102] viol   f=  30.613  a=22.8 b=28.2 gap=9.6 (face=3.2mm) n=[290, 290, 386, 386]  tape=0.236km B=10.02T unif=1.112% hoop=118MPa
  [1103] viol   f=   4.058  a=22.7 b=28.1 gap=9.6 (face=3.2mm) n=[289, 289, 386, 386]  tape=0.235km B=9.99T unif=0.911% hoop=116MPa
  [1104] OK     f=   0.238  a=23.0 b=28.3 gap=9.6 (face=3.2mm) n=[291, 291, 387, 387]  tape=0.238km B=10.01T unif=0.603% hoop=119MPa
  [a=23 b=28 nt=1356] KSP converged reason: 4, iterations: 1
  [a=23 b=28 nt=1352] KSP converged reason: 4, iterations: 1
  [a=23 b=28 nt=1354] KSP converged reason: 4, iterations: 1
  [a=23 b=28 nt=1350] KSP converged reason: 4, iterations: 1
  [a=23 b=28 nt=1358] KSP converged reason: 4, iterations: 1
  [a=23 b=28 nt=1348] KSP converged reason: 4, iterations: 1
  [a=23 b=28 nt=1352] KSP converged reason: 4, iterations: 1
  [a=23 b=28 nt=1354] KSP converged reason: 4, iterations: 1
  [1105] OK     f=   0.237  a=22.9 b=28.2 gap=9.6 (face=3.2mm) n=[290, 290, 388, 388]  tape=0.237km B=10.01T unif=0.551% hoop=118MPa
  [1106] viol   f=  45.976  a=23.0 b=28.2 gap=9.6 (face=3.2mm) n=[290, 290, 385, 385]  tape=0.236km B=10.01T unif=1.183% hoop=118MPa
  [1107] viol   f=   0.237  a=22.9 b=28.1 gap=9.6 (face=3.2mm) n=[289, 289, 387, 387]  tape=0.236km B=9.97T unif=0.736% hoop=118MPa
  [1108] viol   f=   0.237  a=23.0 b=28.2 gap=9.6 (face=3.2mm) n=[290, 290, 387, 387]  tape=0.237km B=10.00T unif=0.598% hoop=119MPa
  [1109] viol   f=  28.700  a=22.8 b=28.1 gap=9.6 (face=3.2mm) n=[289, 289, 385, 385]  tape=0.235km B=9.98T unif=1.102% hoop=116MPa
  [1110] viol   f=  25.409  a=23.0 b=28.2 gap=9.6 (face=3.2mm) n=[290, 290, 389, 389]  tape=0.238km B=10.02T unif=1.084% hoop=120MPa
  [1111] viol   f=   7.499  a=22.9 b=28.3 gap=9.6 (face=3.2mm) n=[290, 290, 386, 386]  tape=0.237km B=9.99T unif=0.952% hoop=119MPa
  [1112] viol   f=   0.239  a=23.1 b=28.2 gap=9.6 (face=3.2mm) n=[290, 290, 387, 387]  tape=0.237km B=9.97T unif=0.449% hoop=119MPa
  [a=23 b=28 nt=1356] KSP converged reason: 4, iterations: 1
  [a=23 b=28 nt=1352] KSP converged reason: 4, iterations: 1
  [a=23 b=28 nt=1352] KSP converged reason: 4, iterations: 1
  [a=23 b=28 nt=1354] KSP converged reason: 4, iterations: 1
  [a=23 b=28 nt=1356] KSP converged reason: 4, iterations: 1
  [a=23 b=28 nt=1354] KSP converged reason: 4, iterations: 1
  [a=23 b=28 nt=1354] KSP converged reason: 4, iterations: 1
  [a=23 b=28 nt=1354] KSP converged reason: 4, iterations: 1
  [1113] OK     f=   0.237  a=22.9 b=28.1 gap=9.6 (face=3.2mm) n=[290, 290, 388, 388]  tape=0.237km B=10.02T unif=0.656% hoop=118MPa
  [1114] viol   f=  74.979  a=23.0 b=28.2 gap=9.6 (face=3.2mm) n=[289, 289, 387, 387]  tape=0.236km B=9.99T unif=1.289% hoop=118MPa
  [1115] viol   f=   0.238  a=23.0 b=28.1 gap=9.6 (face=3.2mm) n=[289, 289, 387, 387]  tape=0.236km B=9.97T unif=0.442% hoop=119MPa
  [1116] viol   f=   0.237  a=22.9 b=28.1 gap=9.6 (face=3.2mm) n=[290, 290, 387, 387]  tape=0.237km B=10.00T unif=0.738% hoop=118MPa
  [1117] viol   f=   0.237  a=22.9 b=28.2 gap=9.6 (face=3.2mm) n=[290, 290, 387, 387]  tape=0.237km B=9.99T unif=0.627% hoop=119MPa
  [1118] viol   f=   0.238  a=23.1 b=28.2 gap=9.6 (face=3.2mm) n=[290, 290, 388, 388]  tape=0.238km B=9.98T unif=0.766% hoop=119MPa
  [1119] viol   f=  89.095  a=23.0 b=28.2 gap=9.6 (face=3.2mm) n=[290, 290, 387, 387]  tape=0.237km B=10.01T unif=1.333% hoop=118MPa
  [1120] viol   f=   0.236  a=22.9 b=28.1 gap=9.6 (face=3.2mm) n=[290, 290, 387, 387]  tape=0.236km B=10.00T unif=0.582% hoop=119MPa
  [a=23 b=28 nt=1352] KSP converged reason: 4, iterations: 1
  [a=23 b=28 nt=1352] KSP converged reason: 4, iterations: 1
  [a=23 b=28 nt=1356] KSP converged reason: 4, iterations: 1
  [a=23 b=28 nt=1352] KSP converged reason: 4, iterations: 1
  [a=23 b=28 nt=1354] KSP converged reason: 4, iterations: 1
  [a=23 b=28 nt=1352] KSP converged reason: 4, iterations: 1
  [a=23 b=28 nt=1354] KSP converged reason: 4, iterations: 1
  [a=23 b=28 nt=1356] KSP converged reason: 4, iterations: 1
  [1121] viol   f=   0.237  a=22.9 b=28.1 gap=9.6 (face=3.2mm) n=[290, 290, 387, 387]  tape=0.237km B=9.99T unif=0.646% hoop=118MPa
  [1122] viol   f=   0.236  a=22.9 b=28.1 gap=9.6 (face=3.2mm) n=[289, 289, 387, 387]  tape=0.236km B=9.99T unif=0.779% hoop=118MPa
  [1123] viol   f=   0.237  a=22.9 b=28.1 gap=9.6 (face=3.2mm) n=[289, 289, 387, 387]  tape=0.236km B=9.98T unif=0.613% hoop=118MPa
  [1124] viol   f=   0.239  a=22.9 b=28.1 gap=9.6 (face=3.2mm) n=[289, 289, 387, 387]  tape=0.236km B=9.96T unif=0.572% hoop=119MPa
  [1125] viol   f=   2.093  a=22.9 b=28.1 gap=9.6 (face=3.2mm) n=[289, 289, 387, 387]  tape=0.236km B=9.95T unif=0.877% hoop=118MPa
  [1126] viol   f=  45.568  a=23.0 b=28.2 gap=9.6 (face=3.2mm) n=[290, 290, 388, 388]  tape=0.238km B=10.00T unif=1.181% hoop=119MPa
  [1127] viol   f=  17.080  a=23.0 b=28.3 gap=9.6 (face=3.2mm) n=[291, 291, 386, 386]  tape=0.237km B=10.01T unif=1.032% hoop=118MPa
  [1128] viol   f=  33.343  a=23.0 b=28.2 gap=9.6 (face=3.2mm) n=[290, 290, 388, 388]  tape=0.238km B=10.01T unif=1.125% hoop=119MPa
  [a=23 b=28 nt=1354] KSP converged reason: 4, iterations: 1
  [a=23 b=28 nt=1356] KSP converged reason: 4, iterations: 1
  [a=23 b=28 nt=1354] KSP converged reason: 4, iterations: 1
  [a=23 b=28 nt=1350] KSP converged reason: 4, iterations: 1
  [a=23 b=28 nt=1354] KSP converged reason: 4, iterations: 1
  [a=23 b=28 nt=1354] KSP converged reason: 4, iterations: 1
  [a=23 b=28 nt=1352] KSP converged reason: 4, iterations: 1
  [a=23 b=28 nt=1354] KSP converged reason: 4, iterations: 1
  [1129] viol   f=   0.241  a=22.9 b=28.0 gap=9.6 (face=3.2mm) n=[288, 288, 387, 387]  tape=0.235km B=9.95T unif=0.757% hoop=118MPa
  [1130] viol   f=   0.236  a=22.9 b=28.1 gap=9.6 (face=3.2mm) n=[290, 290, 387, 387]  tape=0.236km B=10.00T unif=0.766% hoop=117MPa
  [1131] viol   f=   0.238  a=22.9 b=28.1 gap=9.6 (face=3.2mm) n=[289, 289, 388, 388]  tape=0.236km B=9.97T unif=0.791% hoop=119MPa
  [1132] viol   f=  70.056  a=22.9 b=28.1 gap=9.6 (face=3.2mm) n=[290, 290, 388, 388]  tape=0.237km B=10.02T unif=1.273% hoop=119MPa
  [1133] viol   f=   0.237  a=23.0 b=28.2 gap=9.6 (face=3.2mm) n=[290, 290, 387, 387]  tape=0.237km B=9.99T unif=0.601% hoop=119MPa
  [1134] viol   f=  71.330  a=22.9 b=28.1 gap=9.6 (face=3.2mm) n=[290, 290, 387, 387]  tape=0.236km B=10.01T unif=1.277% hoop=117MPa
  [1135] viol   f=   2.160  a=22.9 b=28.1 gap=9.6 (face=3.2mm) n=[289, 289, 387, 387]  tape=0.236km B=9.95T unif=0.878% hoop=117MPa
  [1136] viol   f=   0.237  a=22.9 b=28.1 gap=9.6 (face=3.2mm) n=[289, 289, 388, 388]  tape=0.236km B=9.98T unif=0.727% hoop=119MPa
  [a=23 b=28 nt=1354] KSP converged reason: 4, iterations: 1
  [a=23 b=28 nt=1354] KSP converged reason: 4, iterations: 1
  [a=23 b=28 nt=1352] KSP converged reason: 4, iterations: 1
  [a=23 b=28 nt=1354] KSP converged reason: 4, iterations: 1
  [a=23 b=28 nt=1352] KSP converged reason: 4, iterations: 1
  [a=23 b=28 nt=1356] KSP converged reason: 4, iterations: 1
  [a=23 b=28 nt=1354] KSP converged reason: 4, iterations: 1
  [a=23 b=28 nt=1356] KSP converged reason: 4, iterations: 1
  [1137] viol   f=   0.237  a=22.9 b=28.1 gap=9.6 (face=3.2mm) n=[289, 289, 387, 387]  tape=0.236km B=9.97T unif=0.473% hoop=118MPa
  [1138] viol   f=  47.643  a=22.9 b=28.2 gap=9.6 (face=3.2mm) n=[290, 290, 388, 388]  tape=0.237km B=10.01T unif=1.189% hoop=118MPa
  [1139] viol   f=   0.237  a=22.9 b=28.1 gap=9.6 (face=3.2mm) n=[290, 290, 387, 387]  tape=0.236km B=9.99T unif=0.721% hoop=118MPa
  [1140] OK     f=   0.236  a=22.9 b=28.1 gap=9.6 (face=3.2mm) n=[290, 290, 387, 387]  tape=0.236km B=10.01T unif=0.542% hoop=118MPa
  [1141] viol   f=   0.238  a=23.0 b=28.1 gap=9.6 (face=3.2mm) n=[289, 289, 387, 387]  tape=0.236km B=9.97T unif=0.637% hoop=118MPa
  [1142] viol   f=   0.237  a=22.9 b=28.2 gap=9.6 (face=3.2mm) n=[290, 290, 387, 387]  tape=0.237km B=9.99T unif=0.583% hoop=118MPa
  [1143] viol   f=   0.236  a=22.9 b=28.1 gap=9.6 (face=3.2mm) n=[290, 290, 387, 387]  tape=0.236km B=10.00T unif=0.669% hoop=118MPa
  [1144] OK     f=   0.237  a=22.9 b=28.1 gap=9.6 (face=3.2mm) n=[290, 290, 388, 388]  tape=0.237km B=10.02T unif=0.641% hoop=118MPa
  [a=23 b=28 nt=1352] KSP converged reason: 4, iterations: 1
  [a=23 b=28 nt=1352] KSP converged reason: 4, iterations: 1
  [a=23 b=28 nt=1350] KSP converged reason: 4, iterations: 1
  [a=23 b=28 nt=1352] KSP converged reason: 4, iterations: 1
  [a=23 b=28 nt=1352] KSP converged reason: 4, iterations: 1
  [a=23 b=28 nt=1352] KSP converged reason: 4, iterations: 1
  [a=23 b=28 nt=1354] KSP converged reason: 4, iterations: 1
  [a=23 b=28 nt=1352] KSP converged reason: 4, iterations: 1
  [1145] viol   f= 113.386  a=22.9 b=28.1 gap=9.6 (face=3.2mm) n=[290, 290, 386, 386]  tape=0.236km B=10.03T unif=1.402% hoop=118MPa
  [1146] viol   f=   0.237  a=22.9 b=28.1 gap=9.6 (face=3.2mm) n=[289, 289, 387, 387]  tape=0.236km B=9.98T unif=0.615% hoop=119MPa
  [1147] viol   f=  59.815  a=22.8 b=28.1 gap=9.6 (face=3.2mm) n=[289, 289, 387, 387]  tape=0.236km B=10.00T unif=1.237% hoop=119MPa
  [1148] viol   f=   0.342  a=22.8 b=28.1 gap=9.6 (face=3.2mm) n=[289, 289, 387, 387]  tape=0.236km B=10.00T unif=0.818% hoop=118MPa
  [1149] viol   f=   0.236  a=22.9 b=28.1 gap=9.6 (face=3.2mm) n=[289, 289, 387, 387]  tape=0.236km B=9.99T unif=0.687% hoop=118MPa
  [1150] viol   f=   0.237  a=22.9 b=28.1 gap=9.6 (face=3.2mm) n=[289, 289, 386, 386]  tape=0.235km B=9.97T unif=0.562% hoop=118MPa
  [1151] viol   f=   0.237  a=22.9 b=28.2 gap=9.6 (face=3.2mm) n=[290, 290, 387, 387]  tape=0.237km B=10.00T unif=0.634% hoop=118MPa
  [1152] viol   f=  21.878  a=22.8 b=28.1 gap=9.6 (face=3.2mm) n=[289, 289, 387, 387]  tape=0.235km B=9.97T unif=1.063% hoop=117MPa
  [a=23 b=28 nt=1352] KSP converged reason: 4, iterations: 1
  [a=23 b=28 nt=1354] KSP converged reason: 4, iterations: 1
  [a=23 b=28 nt=1354] KSP converged reason: 4, iterations: 1
  [a=23 b=28 nt=1354] KSP converged reason: 4, iterations: 1
  [a=23 b=28 nt=1356] KSP converged reason: 4, iterations: 1
  [a=23 b=28 nt=1356] KSP converged reason: 4, iterations: 1
  [a=23 b=28 nt=1352] KSP converged reason: 4, iterations: 1
  [a=23 b=28 nt=1354] KSP converged reason: 4, iterations: 1
  [1153] viol   f=   9.269  a=22.8 b=28.1 gap=9.6 (face=3.2mm) n=[289, 289, 387, 387]  tape=0.235km B=10.00T unif=0.970% hoop=117MPa
  [1154] viol   f=   0.239  a=22.9 b=28.1 gap=9.6 (face=3.2mm) n=[289, 289, 388, 388]  tape=0.236km B=9.96T unif=0.772% hoop=118MPa
  [1155] viol   f=   3.334  a=22.8 b=28.1 gap=9.6 (face=3.2mm) n=[290, 290, 388, 388]  tape=0.236km B=10.00T unif=0.900% hoop=117MPa
  [1156] viol   f=   0.345  a=22.8 b=28.0 gap=9.6 (face=3.2mm) n=[289, 289, 388, 388]  tape=0.236km B=9.98T unif=0.819% hoop=118MPa
  [1157] viol   f=   1.578  a=22.9 b=28.1 gap=9.6 (face=3.2mm) n=[290, 290, 388, 388]  tape=0.237km B=10.02T unif=0.866% hoop=119MPa
  [1158] viol   f=   0.237  a=22.9 b=28.1 gap=9.6 (face=3.2mm) n=[290, 290, 387, 387]  tape=0.236km B=9.99T unif=0.625% hoop=118MPa
  [1159] viol   f=   0.237  a=22.9 b=28.1 gap=9.6 (face=3.2mm) n=[289, 289, 387, 387]  tape=0.236km B=9.98T unif=0.788% hoop=118MPa
  [1160] OK     f=   0.236  a=22.9 b=28.1 gap=9.6 (face=3.2mm) n=[290, 290, 387, 387]  tape=0.236km B=10.00T unif=0.541% hoop=118MPa
  [a=23 b=28 nt=1354] KSP converged reason: 4, iterations: 1
  [a=23 b=28 nt=1354] KSP converged reason: 4, iterations: 1
  [a=23 b=28 nt=1352] KSP converged reason: 4, iterations: 1
  [a=23 b=28 nt=1354] KSP converged reason: 4, iterations: 1
  [a=23 b=28 nt=1354] KSP converged reason: 4, iterations: 1
  [a=23 b=28 nt=1354] KSP converged reason: 4, iterations: 1
  [a=23 b=28 nt=1352] KSP converged reason: 4, iterations: 1
  [a=23 b=28 nt=1354] KSP converged reason: 4, iterations: 1
  [1161] viol   f=   0.236  a=22.9 b=28.1 gap=9.6 (face=3.2mm) n=[290, 290, 387, 387]  tape=0.236km B=9.99T unif=0.609% hoop=118MPa
  [1162] viol   f=   0.237  a=22.9 b=28.2 gap=9.6 (face=3.2mm) n=[290, 290, 387, 387]  tape=0.237km B=10.00T unif=0.647% hoop=118MPa
  [1163] viol   f=   0.237  a=22.9 b=28.1 gap=9.6 (face=3.2mm) n=[290, 290, 387, 387]  tape=0.236km B=9.99T unif=0.540% hoop=119MPa
  [1164] OK     f=   0.236  a=22.8 b=28.1 gap=9.6 (face=3.2mm) n=[290, 290, 387, 387]  tape=0.236km B=10.00T unif=0.691% hoop=118MPa
  [1165] viol   f=   0.236  a=22.9 b=28.1 gap=9.6 (face=3.2mm) n=[290, 290, 387, 387]  tape=0.236km B=9.99T unif=0.661% hoop=118MPa
  [1166] viol   f=   0.237  a=22.9 b=28.1 gap=9.6 (face=3.2mm) n=[289, 289, 387, 387]  tape=0.236km B=9.97T unif=0.730% hoop=118MPa
  [1167] viol   f=   0.237  a=22.9 b=28.1 gap=9.6 (face=3.2mm) n=[290, 290, 387, 387]  tape=0.237km B=9.99T unif=0.556% hoop=119MPa
  [1168] viol   f=   0.236  a=22.9 b=28.1 gap=9.6 (face=3.2mm) n=[289, 289, 387, 387]  tape=0.236km B=9.99T unif=0.673% hoop=119MPa
  [a=23 b=28 nt=1354] KSP converged reason: 4, iterations: 1
  [a=23 b=28 nt=1354] KSP converged reason: 4, iterations: 1
  [a=23 b=28 nt=1354] KSP converged reason: 4, iterations: 1
  [a=23 b=28 nt=1354] KSP converged reason: 4, iterations: 1
  [a=23 b=28 nt=1352] KSP converged reason: 4, iterations: 1
  [a=23 b=28 nt=1352] KSP converged reason: 4, iterations: 1
  [a=23 b=28 nt=1352] KSP converged reason: 4, iterations: 1
  [a=23 b=28 nt=1354] KSP converged reason: 4, iterations: 1
  [1169] OK     f=   0.236  a=22.9 b=28.1 gap=9.6 (face=3.2mm) n=[290, 290, 387, 387]  tape=0.236km B=10.00T unif=0.538% hoop=117MPa
  [1170] viol   f=   0.237  a=22.9 b=28.1 gap=9.6 (face=3.2mm) n=[290, 290, 387, 387]  tape=0.236km B=9.99T unif=0.564% hoop=119MPa
  [1171] viol   f=   0.236  a=22.9 b=28.1 gap=9.6 (face=3.2mm) n=[290, 290, 387, 387]  tape=0.236km B=9.99T unif=0.627% hoop=118MPa
  [1172] viol   f=   0.236  a=22.8 b=28.1 gap=9.6 (face=3.2mm) n=[289, 289, 387, 387]  tape=0.236km B=10.00T unif=0.715% hoop=118MPa
  [1173] OK     f=   0.236  a=22.9 b=28.1 gap=9.6 (face=3.2mm) n=[290, 290, 387, 387]  tape=0.236km B=10.01T unif=0.762% hoop=117MPa
  [1174] viol   f=   0.237  a=22.8 b=28.1 gap=9.6 (face=3.2mm) n=[289, 289, 387, 387]  tape=0.236km B=9.97T unif=0.465% hoop=118MPa
  [1175] viol   f=   0.237  a=22.9 b=28.1 gap=9.6 (face=3.2mm) n=[289, 289, 387, 387]  tape=0.236km B=9.98T unif=0.455% hoop=118MPa
  [1176] viol   f=   0.237  a=22.9 b=28.1 gap=9.6 (face=3.2mm) n=[290, 290, 387, 387]  tape=0.236km B=9.99T unif=0.541% hoop=118MPa
  [a=23 b=28 nt=1352] KSP converged reason: 4, iterations: 1
  [a=23 b=28 nt=1352] KSP converged reason: 4, iterations: 1
  [a=23 b=28 nt=1354] KSP converged reason: 4, iterations: 1
  [a=23 b=28 nt=1354] KSP converged reason: 4, iterations: 1
  [a=23 b=28 nt=1354] KSP converged reason: 4, iterations: 1
  [a=23 b=28 nt=1354] KSP converged reason: 4, iterations: 1
  [a=23 b=28 nt=1354] KSP converged reason: 4, iterations: 1
  [a=23 b=28 nt=1354] KSP converged reason: 4, iterations: 1
  [1177] viol   f=  15.261  a=22.8 b=28.1 gap=9.6 (face=3.2mm) n=[289, 289, 387, 387]  tape=0.236km B=9.98T unif=1.019% hoop=117MPa
  [1178] viol   f=   0.236  a=22.9 b=28.1 gap=9.6 (face=3.2mm) n=[290, 290, 387, 387]  tape=0.236km B=10.00T unif=0.613% hoop=117MPa
  [1179] OK     f=   0.236  a=22.9 b=28.1 gap=9.6 (face=3.2mm) n=[290, 290, 387, 387]  tape=0.236km B=10.01T unif=0.752% hoop=117MPa
  [1180] viol   f=  18.415  a=22.8 b=28.0 gap=9.6 (face=3.2mm) n=[290, 290, 387, 387]  tape=0.236km B=10.00T unif=1.041% hoop=118MPa
  [1181] OK     f=   0.236  a=22.8 b=28.1 gap=9.6 (face=3.2mm) n=[290, 290, 387, 387]  tape=0.236km B=10.01T unif=0.693% hoop=118MPa
  [1182] viol   f=   8.673  a=22.8 b=28.1 gap=9.6 (face=3.2mm) n=[289, 289, 387, 387]  tape=0.236km B=9.99T unif=0.964% hoop=118MPa
  [1183] viol   f=   1.021  a=22.9 b=28.1 gap=9.6 (face=3.2mm) n=[290, 290, 387, 387]  tape=0.236km B=10.00T unif=0.850% hoop=117MPa
  [1184] OK     f=   0.236  a=22.9 b=28.1 gap=9.6 (face=3.2mm) n=[290, 290, 387, 387]  tape=0.236km B=10.01T unif=0.608% hoop=118MPa
  [a=23 b=28 nt=1354] KSP converged reason: 4, iterations: 1
  [a=23 b=28 nt=1352] KSP converged reason: 4, iterations: 1
  [a=23 b=28 nt=1352] KSP converged reason: 4, iterations: 1
  [a=23 b=28 nt=1354] KSP converged reason: 4, iterations: 1
  [a=23 b=28 nt=1354] KSP converged reason: 4, iterations: 1
  [a=23 b=28 nt=1354] KSP converged reason: 4, iterations: 1
  [a=23 b=28 nt=1352] KSP converged reason: 4, iterations: 1
  [a=23 b=28 nt=1354] KSP converged reason: 4, iterations: 1
  [1185] viol   f=   0.327  a=22.9 b=28.1 gap=9.6 (face=3.2mm) n=[290, 290, 387, 387]  tape=0.236km B=10.01T unif=0.817% hoop=118MPa
  [1186] viol   f=   4.081  a=22.8 b=28.1 gap=9.6 (face=3.2mm) n=[289, 289, 387, 387]  tape=0.236km B=10.00T unif=0.911% hoop=118MPa
  [1187] viol   f=   0.248  a=22.8 b=28.1 gap=9.6 (face=3.2mm) n=[290, 290, 387, 387]  tape=0.236km B=10.01T unif=0.806% hoop=118MPa
  [1188] viol   f=  50.149  a=22.8 b=28.1 gap=9.6 (face=3.2mm) n=[290, 290, 387, 387]  tape=0.236km B=10.03T unif=1.200% hoop=118MPa
  [1189] viol   f=   0.236  a=22.8 b=28.1 gap=9.6 (face=3.2mm) n=[289, 289, 387, 387]  tape=0.236km B=9.99T unif=0.728% hoop=118MPa
  [1190] OK     f=   0.236  a=22.9 b=28.1 gap=9.6 (face=3.2mm) n=[290, 290, 387, 387]  tape=0.236km B=10.00T unif=0.712% hoop=118MPa
  [1191] viol   f=   0.237  a=22.8 b=28.1 gap=9.6 (face=3.2mm) n=[289, 289, 387, 387]  tape=0.236km B=9.98T unif=0.730% hoop=118MPa
  [1192] viol   f=   0.236  a=22.9 b=28.1 gap=9.6 (face=3.2mm) n=[290, 290, 387, 387]  tape=0.236km B=10.00T unif=0.656% hoop=118MPa
  [a=23 b=28 nt=1354] KSP converged reason: 4, iterations: 1
  [a=23 b=28 nt=1354] KSP converged reason: 4, iterations: 1
  [a=23 b=28 nt=1354] KSP converged reason: 4, iterations: 1
  [a=23 b=28 nt=1354] KSP converged reason: 4, iterations: 1
  [a=23 b=28 nt=1354] KSP converged reason: 4, iterations: 1
  [a=23 b=28 nt=1354] KSP converged reason: 4, iterations: 1
  [a=23 b=28 nt=1352] KSP converged reason: 4, iterations: 1
  [a=23 b=28 nt=1352] KSP converged reason: 4, iterations: 1
  [1193] viol   f=   0.682  a=22.9 b=28.1 gap=9.6 (face=3.2mm) n=[290, 290, 387, 387]  tape=0.236km B=10.01T unif=0.838% hoop=118MPa
  [1194] OK     f=   0.236  a=22.9 b=28.1 gap=9.6 (face=3.2mm) n=[290, 290, 387, 387]  tape=0.236km B=10.01T unif=0.776% hoop=117MPa
  [1195] viol   f=   0.238  a=22.8 b=28.1 gap=9.6 (face=3.2mm) n=[290, 290, 387, 387]  tape=0.236km B=10.01T unif=0.802% hoop=117MPa
  [1196] viol   f=  56.390  a=22.8 b=28.0 gap=9.6 (face=3.2mm) n=[290, 290, 387, 387]  tape=0.236km B=10.02T unif=1.224% hoop=118MPa
  [1197] viol   f=   0.236  a=22.9 b=28.1 gap=9.6 (face=3.2mm) n=[290, 290, 387, 387]  tape=0.236km B=10.00T unif=0.647% hoop=118MPa
  [1198] viol   f=  53.396  a=22.9 b=28.1 gap=9.6 (face=3.2mm) n=[290, 290, 387, 387]  tape=0.236km B=10.01T unif=1.212% hoop=117MPa
  [1199] viol   f=   0.236  a=22.8 b=28.1 gap=9.6 (face=3.2mm) n=[289, 289, 387, 387]  tape=0.236km B=9.98T unif=0.655% hoop=118MPa
  [1200] viol   f=   0.237  a=22.8 b=28.1 gap=9.6 (face=3.2mm) n=[289, 289, 387, 387]  tape=0.235km B=9.98T unif=0.574% hoop=118MPa
  [a=23 b=28 nt=1354] KSP converged reason: 4, iterations: 1
  [a=23 b=28 nt=1354] KSP converged reason: 4, iterations: 1
  [a=23 b=28 nt=1354] KSP converged reason: 4, iterations: 1
  [a=23 b=28 nt=1352] KSP converged reason: 4, iterations: 1
  [a=23 b=28 nt=1354] KSP converged reason: 4, iterations: 1
  [a=23 b=28 nt=1352] KSP converged reason: 4, iterations: 1
  [a=23 b=28 nt=1354] KSP converged reason: 4, iterations: 1
  [a=23 b=28 nt=1354] KSP converged reason: 4, iterations: 1
  [1201] viol   f=   0.236  a=22.8 b=28.1 gap=9.6 (face=3.2mm) n=[290, 290, 387, 387]  tape=0.236km B=10.00T unif=0.700% hoop=116MPa
  [1202] viol   f=   6.174  a=22.8 b=28.1 gap=9.6 (face=3.2mm) n=[289, 289, 387, 387]  tape=0.236km B=9.98T unif=0.938% hoop=117MPa
  [1203] viol   f=   2.356  a=22.8 b=28.1 gap=9.6 (face=3.2mm) n=[290, 290, 387, 387]  tape=0.236km B=10.01T unif=0.882% hoop=117MPa
  [1204] OK     f=   0.236  a=22.9 b=28.1 gap=9.6 (face=3.2mm) n=[290, 290, 387, 387]  tape=0.236km B=10.01T unif=0.750% hoop=118MPa
  [1205] viol   f=  15.841  a=22.8 b=28.1 gap=9.6 (face=3.2mm) n=[289, 289, 387, 387]  tape=0.236km B=10.02T unif=1.023% hoop=118MPa
  [1206] OK     f=   0.236  a=22.9 b=28.1 gap=9.6 (face=3.2mm) n=[290, 290, 387, 387]  tape=0.236km B=10.01T unif=0.788% hoop=117MPa
  [1207] OK     f=   0.236  a=22.9 b=28.1 gap=9.6 (face=3.2mm) n=[290, 290, 387, 387]  tape=0.236km B=10.01T unif=0.770% hoop=118MPa
  [1208] viol   f=   0.236  a=22.9 b=28.1 gap=9.6 (face=3.2mm) n=[290, 290, 387, 387]  tape=0.236km B=9.99T unif=0.678% hoop=118MPa
  [a=23 b=28 nt=1354] KSP converged reason: 4, iterations: 1
  [a=23 b=28 nt=1354] KSP converged reason: 4, iterations: 1
  [a=23 b=28 nt=1354] KSP converged reason: 4, iterations: 1
  [a=23 b=28 nt=1354] KSP converged reason: 4, iterations: 1
  [a=23 b=28 nt=1354] KSP converged reason: 4, iterations: 1
  [a=23 b=28 nt=1354] KSP converged reason: 4, iterations: 1
  [a=23 b=28 nt=1354] KSP converged reason: 4, iterations: 1
  [a=23 b=28 nt=1354] KSP converged reason: 4, iterations: 1
  [1209] viol   f=   0.236  a=22.8 b=28.1 gap=9.6 (face=3.2mm) n=[290, 290, 387, 387]  tape=0.236km B=10.00T unif=0.568% hoop=117MPa
  [1210] viol   f=   0.261  a=22.8 b=28.1 gap=9.6 (face=3.2mm) n=[290, 290, 387, 387]  tape=0.236km B=10.01T unif=0.809% hoop=117MPa
  [1211] viol   f=   0.236  a=22.9 b=28.1 gap=9.6 (face=3.2mm) n=[290, 290, 387, 387]  tape=0.236km B=9.99T unif=0.719% hoop=118MPa
  [1212] viol   f=   0.236  a=22.8 b=28.1 gap=9.6 (face=3.2mm) n=[290, 290, 387, 387]  tape=0.236km B=10.00T unif=0.615% hoop=118MPa
  [1213] OK     f=   0.236  a=22.9 b=28.1 gap=9.6 (face=3.2mm) n=[290, 290, 387, 387]  tape=0.236km B=10.01T unif=0.762% hoop=117MPa
  [1214] OK     f=   0.236  a=22.9 b=28.1 gap=9.6 (face=3.2mm) n=[290, 290, 387, 387]  tape=0.236km B=10.01T unif=0.768% hoop=118MPa
  [1215] OK     f=   0.236  a=22.9 b=28.1 gap=9.6 (face=3.2mm) n=[290, 290, 387, 387]  tape=0.236km B=10.00T unif=0.757% hoop=117MPa
  [1216] viol   f=   0.236  a=22.9 b=28.1 gap=9.6 (face=3.2mm) n=[290, 290, 387, 387]  tape=0.236km B=9.99T unif=0.688% hoop=118MPa
  [a=23 b=28 nt=1354] KSP converged reason: 4, iterations: 1
  [a=23 b=28 nt=1354] KSP converged reason: 4, iterations: 1
  [a=23 b=28 nt=1354] KSP converged reason: 4, iterations: 1
  [a=23 b=28 nt=1354] KSP converged reason: 4, iterations: 1
  [a=23 b=28 nt=1354] KSP converged reason: 4, iterations: 1
  [a=23 b=28 nt=1354] KSP converged reason: 4, iterations: 1
  [a=23 b=28 nt=1354] KSP converged reason: 4, iterations: 1
  [a=23 b=28 nt=1354] KSP converged reason: 4, iterations: 1
  [1217] OK     f=   0.236  a=22.9 b=28.1 gap=9.6 (face=3.2mm) n=[290, 290, 387, 387]  tape=0.236km B=10.00T unif=0.566% hoop=118MPa
  [1218] viol   f=   0.236  a=22.8 b=28.1 gap=9.6 (face=3.2mm) n=[290, 290, 387, 387]  tape=0.236km B=10.00T unif=0.670% hoop=118MPa
  [1219] OK     f=   0.236  a=22.8 b=28.1 gap=9.6 (face=3.2mm) n=[290, 290, 387, 387]  tape=0.236km B=10.00T unif=0.737% hoop=116MPa
  [1220] viol   f=   0.864  a=22.9 b=28.1 gap=9.6 (face=3.2mm) n=[290, 290, 387, 387]  tape=0.236km B=10.01T unif=0.845% hoop=117MPa
  [1221] OK     f=   0.236  a=22.9 b=28.1 gap=9.6 (face=3.2mm) n=[290, 290, 387, 387]  tape=0.236km B=10.01T unif=0.641% hoop=118MPa
  [1222] OK     f=   0.236  a=22.8 b=28.1 gap=9.6 (face=3.2mm) n=[290, 290, 387, 387]  tape=0.236km B=10.01T unif=0.556% hoop=117MPa
  [1223] OK     f=   0.236  a=22.9 b=28.1 gap=9.6 (face=3.2mm) n=[290, 290, 387, 387]  tape=0.236km B=10.01T unif=0.622% hoop=118MPa
  [1224] OK     f=   0.236  a=22.9 b=28.1 gap=9.6 (face=3.2mm) n=[290, 290, 387, 387]  tape=0.236km B=10.01T unif=0.528% hoop=118MPa
  [a=23 b=28 nt=1354] KSP converged reason: 4, iterations: 1
  [a=23 b=28 nt=1354] KSP converged reason: 4, iterations: 1
  [a=23 b=28 nt=1354] KSP converged reason: 4, iterations: 1
  [a=23 b=28 nt=1354] KSP converged reason: 4, iterations: 1
  [a=23 b=28 nt=1354] KSP converged reason: 4, iterations: 1
  [a=23 b=28 nt=1354] KSP converged reason: 4, iterations: 1
  [a=23 b=28 nt=1352] KSP converged reason: 4, iterations: 1
  [a=23 b=28 nt=1354] KSP converged reason: 4, iterations: 1
  [1225] OK     f=   0.236  a=22.8 b=28.1 gap=9.6 (face=3.2mm) n=[290, 290, 387, 387]  tape=0.236km B=10.00T unif=0.601% hoop=118MPa
  [1226] OK     f=   0.236  a=22.8 b=28.1 gap=9.6 (face=3.2mm) n=[290, 290, 387, 387]  tape=0.236km B=10.01T unif=0.666% hoop=118MPa
  [1227] OK     f=   0.236  a=22.8 b=28.1 gap=9.6 (face=3.2mm) n=[290, 290, 387, 387]  tape=0.236km B=10.01T unif=0.572% hoop=118MPa
  [1228] viol   f=   0.245  a=22.8 b=28.1 gap=9.6 (face=3.2mm) n=[290, 290, 387, 387]  tape=0.236km B=10.02T unif=0.805% hoop=116MPa
  [1229] OK     f=   0.236  a=22.8 b=28.1 gap=9.6 (face=3.2mm) n=[290, 290, 387, 387]  tape=0.236km B=10.01T unif=0.799% hoop=118MPa
  [1230] viol   f=   0.767  a=22.9 b=28.1 gap=9.6 (face=3.2mm) n=[290, 290, 387, 387]  tape=0.236km B=10.01T unif=0.841% hoop=118MPa
  [1231] viol   f=   0.286  a=22.9 b=28.1 gap=9.6 (face=3.2mm) n=[290, 290, 387, 387]  tape=0.236km B=10.01T unif=0.813% hoop=117MPa
  [1232] viol   f=   0.237  a=22.9 b=28.1 gap=9.6 (face=3.2mm) n=[289, 289, 387, 387]  tape=0.236km B=9.98T unif=0.514% hoop=118MPa
  [a=23 b=28 nt=1354] KSP converged reason: 4, iterations: 1
  [a=23 b=28 nt=1354] KSP converged reason: 4, iterations: 1
  [a=23 b=28 nt=1354] KSP converged reason: 4, iterations: 1
  [a=23 b=28 nt=1354] KSP converged reason: 4, iterations: 1
  [a=23 b=28 nt=1354] KSP converged reason: 4, iterations: 1
  [a=23 b=28 nt=1352] KSP converged reason: 4, iterations: 1
  [a=23 b=28 nt=1352] KSP converged reason: 4, iterations: 1
  [a=23 b=28 nt=1354] KSP converged reason: 4, iterations: 1
  [1233] viol   f=   0.236  a=22.9 b=28.1 gap=9.6 (face=3.2mm) n=[290, 290, 387, 387]  tape=0.236km B=9.99T unif=0.692% hoop=118MPa
  [1234] viol   f=   0.251  a=22.9 b=28.1 gap=9.6 (face=3.2mm) n=[290, 290, 387, 387]  tape=0.236km B=10.01T unif=0.807% hoop=118MPa
  [1235] viol   f=  11.906  a=22.9 b=28.1 gap=9.6 (face=3.2mm) n=[290, 290, 387, 387]  tape=0.236km B=10.00T unif=0.993% hoop=117MPa
  [1236] OK     f=   0.236  a=22.8 b=28.1 gap=9.6 (face=3.2mm) n=[290, 290, 387, 387]  tape=0.236km B=10.00T unif=0.527% hoop=118MPa
  [1237] viol   f=   0.643  a=22.8 b=28.1 gap=9.6 (face=3.2mm) n=[289, 289, 387, 387]  tape=0.236km B=9.99T unif=0.836% hoop=118MPa
  [1238] OK     f=   0.236  a=22.8 b=28.1 gap=9.6 (face=3.2mm) n=[290, 290, 387, 387]  tape=0.236km B=10.01T unif=0.629% hoop=118MPa
  [1239] viol   f=   0.237  a=22.8 b=28.1 gap=9.6 (face=3.2mm) n=[289, 289, 387, 387]  tape=0.236km B=9.97T unif=0.565% hoop=118MPa
  [1240] OK     f=   0.236  a=22.8 b=28.1 gap=9.6 (face=3.2mm) n=[290, 290, 387, 387]  tape=0.236km B=10.01T unif=0.661% hoop=117MPa
  [a=23 b=28 nt=1352] KSP converged reason: 4, iterations: 1
  [a=23 b=28 nt=1354] KSP converged reason: 4, iterations: 1
  [a=23 b=28 nt=1352] KSP converged reason: 4, iterations: 1
  [a=23 b=28 nt=1354] KSP converged reason: 4, iterations: 1
  [a=23 b=28 nt=1354] KSP converged reason: 4, iterations: 1
  [a=23 b=28 nt=1354] KSP converged reason: 4, iterations: 1
  [a=23 b=28 nt=1352] KSP converged reason: 4, iterations: 1
  [a=23 b=28 nt=1354] KSP converged reason: 4, iterations: 1
  [1241] viol   f=   0.237  a=22.8 b=28.1 gap=9.6 (face=3.2mm) n=[289, 289, 387, 387]  tape=0.236km B=9.97T unif=0.721% hoop=116MPa
  [1242] OK     f=   0.236  a=22.8 b=28.1 gap=9.6 (face=3.2mm) n=[290, 290, 387, 387]  tape=0.236km B=10.00T unif=0.546% hoop=118MPa
  [1243] viol   f=   0.292  a=22.8 b=28.1 gap=9.6 (face=3.2mm) n=[290, 290, 387, 387]  tape=0.236km B=9.99T unif=0.813% hoop=117MPa
  [1244] viol   f=   2.423  a=22.8 b=28.1 gap=9.6 (face=3.2mm) n=[290, 290, 387, 387]  tape=0.236km B=10.02T unif=0.884% hoop=118MPa
  [1245] viol   f=   0.245  a=22.8 b=28.1 gap=9.6 (face=3.2mm) n=[290, 290, 387, 387]  tape=0.236km B=10.00T unif=0.805% hoop=117MPa
  [1246] viol   f=  20.944  a=22.8 b=28.1 gap=9.6 (face=3.2mm) n=[289, 289, 387, 387]  tape=0.236km B=9.98T unif=1.057% hoop=118MPa
  [1247] viol   f=   0.776  a=22.8 b=28.1 gap=9.6 (face=3.2mm) n=[289, 289, 387, 387]  tape=0.236km B=10.00T unif=0.842% hoop=118MPa
  [1248] viol   f=   1.324  a=22.8 b=28.1 gap=9.6 (face=3.2mm) n=[290, 290, 387, 387]  tape=0.236km B=10.01T unif=0.859% hoop=118MPa
  [a=23 b=28 nt=1354] KSP converged reason: 4, iterations: 1
  [a=23 b=28 nt=1354] KSP converged reason: 4, iterations: 1
  [a=23 b=28 nt=1354] KSP converged reason: 4, iterations: 1
  [a=23 b=28 nt=1354] KSP converged reason: 4, iterations: 1
  [a=23 b=28 nt=1352] KSP converged reason: 4, iterations: 1
  [a=23 b=28 nt=1352] KSP converged reason: 4, iterations: 1
  [a=23 b=28 nt=1354] KSP converged reason: 4, iterations: 1
  [a=23 b=28 nt=1354] KSP converged reason: 4, iterations: 1
  [1249] OK     f=   0.236  a=22.8 b=28.1 gap=9.6 (face=3.2mm) n=[290, 290, 387, 387]  tape=0.236km B=10.01T unif=0.532% hoop=119MPa
  [1250] viol   f=   0.856  a=22.8 b=28.1 gap=9.6 (face=3.2mm) n=[289, 289, 387, 387]  tape=0.236km B=9.97T unif=0.845% hoop=116MPa
  [1251] viol   f=  29.316  a=22.8 b=28.1 gap=9.6 (face=3.2mm) n=[289, 289, 387, 387]  tape=0.236km B=9.99T unif=1.105% hoop=118MPa
  [1252] OK     f=   0.236  a=22.8 b=28.1 gap=9.6 (face=3.2mm) n=[290, 290, 387, 387]  tape=0.236km B=10.01T unif=0.729% hoop=117MPa
  [1253] viol   f=   1.721  a=22.8 b=28.1 gap=9.6 (face=3.2mm) n=[290, 290, 387, 387]  tape=0.236km B=10.02T unif=0.869% hoop=117MPa
  [1254] OK     f=   0.236  a=22.8 b=28.1 gap=9.6 (face=3.2mm) n=[290, 290, 387, 387]  tape=0.236km B=10.01T unif=0.652% hoop=118MPa
  [1255] viol   f=   0.284  a=22.8 b=28.1 gap=9.6 (face=3.2mm) n=[290, 290, 387, 387]  tape=0.236km B=10.01T unif=0.812% hoop=117MPa
  [1256] viol   f=   0.280  a=22.8 b=28.1 gap=9.6 (face=3.2mm) n=[290, 290, 387, 387]  tape=0.236km B=10.01T unif=0.812% hoop=117MPa
  [a=23 b=28 nt=1354] KSP converged reason: 4, iterations: 1
  [a=23 b=28 nt=1352] KSP converged reason: 4, iterations: 1
  [a=23 b=28 nt=1354] KSP converged reason: 4, iterations: 1
  [a=23 b=28 nt=1354] KSP converged reason: 4, iterations: 1
  [a=23 b=28 nt=1352] KSP converged reason: 4, iterations: 1
  [a=23 b=28 nt=1354] KSP converged reason: 4, iterations: 1
  [a=23 b=28 nt=1352] KSP converged reason: 4, iterations: 1
  [a=23 b=28 nt=1354] KSP converged reason: 4, iterations: 1
  [1257] OK     f=   0.236  a=22.8 b=28.1 gap=9.6 (face=3.2mm) n=[290, 290, 387, 387]  tape=0.236km B=10.01T unif=0.771% hoop=117MPa
  [1258] OK     f=   0.236  a=22.9 b=28.1 gap=9.6 (face=3.2mm) n=[290, 290, 387, 387]  tape=0.236km B=10.01T unif=0.651% hoop=118MPa
  [1259] viol   f=   0.236  a=22.8 b=28.1 gap=9.6 (face=3.2mm) n=[289, 289, 387, 387]  tape=0.236km B=9.99T unif=0.660% hoop=117MPa
  [1260] viol   f=  66.289  a=22.8 b=28.1 gap=9.6 (face=3.2mm) n=[289, 289, 387, 387]  tape=0.236km B=9.99T unif=1.260% hoop=118MPa
  [1261] OK     f=   0.236  a=22.9 b=28.1 gap=9.6 (face=3.2mm) n=[290, 290, 387, 387]  tape=0.236km B=10.01T unif=0.652% hoop=118MPa
  [1262] OK     f=   0.236  a=22.9 b=28.1 gap=9.6 (face=3.2mm) n=[290, 290, 387, 387]  tape=0.236km B=10.00T unif=0.473% hoop=118MPa
  [1263] viol   f=  25.709  a=22.8 b=28.1 gap=9.6 (face=3.2mm) n=[289, 289, 387, 387]  tape=0.236km B=9.99T unif=1.086% hoop=119MPa
  [1264] OK     f=   0.236  a=22.8 b=28.1 gap=9.6 (face=3.2mm) n=[290, 290, 387, 387]  tape=0.236km B=10.01T unif=0.711% hoop=118MPa
  [a=23 b=28 nt=1354] KSP converged reason: 4, iterations: 1
  [a=23 b=28 nt=1352] KSP converged reason: 4, iterations: 1
  [a=23 b=28 nt=1352] KSP converged reason: 4, iterations: 1
  [a=23 b=28 nt=1354] KSP converged reason: 4, iterations: 1
  [a=23 b=28 nt=1354] KSP converged reason: 4, iterations: 1
  [a=23 b=28 nt=1352] KSP converged reason: 4, iterations: 1
  [a=23 b=28 nt=1352] KSP converged reason: 4, iterations: 1
  [a=23 b=28 nt=1354] KSP converged reason: 4, iterations: 1
  [1265] viol   f=   2.305  a=22.8 b=28.1 gap=9.6 (face=3.2mm) n=[290, 290, 387, 387]  tape=0.236km B=10.02T unif=0.881% hoop=118MPa
  [1266] viol   f=  17.884  a=22.8 b=28.1 gap=9.6 (face=3.2mm) n=[289, 289, 387, 387]  tape=0.236km B=10.00T unif=1.038% hoop=118MPa
  [1267] viol   f=   1.391  a=22.8 b=28.1 gap=9.6 (face=3.2mm) n=[290, 290, 387, 387]  tape=0.236km B=10.00T unif=0.861% hoop=118MPa
  [1268] viol   f=   0.624  a=22.8 b=28.1 gap=9.6 (face=3.2mm) n=[290, 290, 387, 387]  tape=0.236km B=9.99T unif=0.835% hoop=118MPa
  [1269] viol   f=   0.236  a=22.8 b=28.1 gap=9.6 (face=3.2mm) n=[289, 289, 387, 387]  tape=0.236km B=9.99T unif=0.669% hoop=117MPa
  [1270] viol   f=  18.112  a=22.8 b=28.1 gap=9.6 (face=3.2mm) n=[289, 289, 387, 387]  tape=0.236km B=9.99T unif=1.039% hoop=117MPa
  [1271] viol   f=   0.237  a=22.8 b=28.1 gap=9.6 (face=3.2mm) n=[289, 289, 387, 387]  tape=0.236km B=9.97T unif=0.679% hoop=117MPa
  [1272] OK     f=   0.236  a=22.8 b=28.1 gap=9.6 (face=3.2mm) n=[290, 290, 387, 387]  tape=0.236km B=10.01T unif=0.700% hoop=118MPa
  [a=23 b=28 nt=1352] KSP converged reason: 4, iterations: 1
  [a=23 b=28 nt=1352] KSP converged reason: 4, iterations: 1
  [a=23 b=28 nt=1352] KSP converged reason: 4, iterations: 1
  [a=23 b=28 nt=1352] KSP converged reason: 4, iterations: 1
  [a=23 b=28 nt=1354] KSP converged reason: 4, iterations: 1
  [a=23 b=28 nt=1352] KSP converged reason: 4, iterations: 1
  [a=23 b=28 nt=1354] KSP converged reason: 4, iterations: 1
  [a=23 b=28 nt=1354] KSP converged reason: 4, iterations: 1
  [1273] viol   f=  15.126  a=22.8 b=28.1 gap=9.6 (face=3.2mm) n=[289, 289, 387, 387]  tape=0.236km B=9.96T unif=1.018% hoop=117MPa
  [1274] viol   f=   0.236  a=22.8 b=28.0 gap=9.6 (face=3.2mm) n=[289, 289, 387, 387]  tape=0.235km B=9.99T unif=0.569% hoop=118MPa
  [1275] viol   f=  14.006  a=22.8 b=28.1 gap=9.6 (face=3.2mm) n=[289, 289, 387, 387]  tape=0.236km B=9.99T unif=1.010% hoop=118MPa
  [1276] viol   f=   0.236  a=22.8 b=28.1 gap=9.6 (face=3.2mm) n=[289, 289, 387, 387]  tape=0.236km B=9.98T unif=0.631% hoop=118MPa
  [1277] viol   f=   0.590  a=22.8 b=28.1 gap=9.6 (face=3.2mm) n=[290, 290, 387, 387]  tape=0.236km B=9.99T unif=0.834% hoop=117MPa
  [1278] viol   f=   0.237  a=22.8 b=28.1 gap=9.6 (face=3.2mm) n=[289, 289, 387, 387]  tape=0.235km B=9.97T unif=0.537% hoop=117MPa
  [1279] viol   f=  13.516  a=22.8 b=28.1 gap=9.6 (face=3.2mm) n=[290, 290, 387, 387]  tape=0.236km B=10.01T unif=1.006% hoop=119MPa
  [1280] viol   f=   1.062  a=22.8 b=28.1 gap=9.6 (face=3.2mm) n=[290, 290, 387, 387]  tape=0.236km B=10.00T unif=0.851% hoop=117MPa
  [a=23 b=28 nt=1352] KSP converged reason: 4, iterations: 1
  [a=23 b=28 nt=1352] KSP converged reason: 4, iterations: 1
  [a=23 b=28 nt=1352] KSP converged reason: 4, iterations: 1
  [a=23 b=28 nt=1354] KSP converged reason: 4, iterations: 1
  [a=23 b=28 nt=1354] KSP converged reason: 4, iterations: 1
  [a=23 b=28 nt=1352] KSP converged reason: 4, iterations: 1
  [a=23 b=28 nt=1352] KSP converged reason: 4, iterations: 1
  [a=23 b=28 nt=1352] KSP converged reason: 4, iterations: 1
  [1281] viol   f=   0.237  a=22.8 b=28.0 gap=9.6 (face=3.2mm) n=[289, 289, 387, 387]  tape=0.235km B=9.98T unif=0.687% hoop=118MPa
  [1282] viol   f=   0.252  a=22.8 b=28.0 gap=9.6 (face=3.2mm) n=[289, 289, 387, 387]  tape=0.236km B=9.99T unif=0.807% hoop=118MPa
  [1283] OK     f=   0.235  a=22.8 b=28.0 gap=9.6 (face=3.2mm) n=[289, 289, 387, 387]  tape=0.235km B=10.01T unif=0.593% hoop=118MPa
  [1284] viol   f=  21.902  a=22.8 b=28.1 gap=9.6 (face=3.2mm) n=[289, 289, 387, 387]  tape=0.236km B=9.99T unif=1.063% hoop=117MPa
  [1285] OK     f=   0.236  a=22.9 b=28.1 gap=9.6 (face=3.2mm) n=[290, 290, 387, 387]  tape=0.236km B=10.01T unif=0.681% hoop=117MPa
  [1286] OK     f=   0.236  a=22.8 b=28.1 gap=9.6 (face=3.2mm) n=[290, 290, 387, 387]  tape=0.236km B=10.01T unif=0.552% hoop=117MPa
  [1287] viol   f=  44.246  a=22.8 b=28.0 gap=9.6 (face=3.2mm) n=[289, 289, 387, 387]  tape=0.236km B=9.99T unif=1.175% hoop=117MPa
  [1288] viol   f=   0.236  a=22.8 b=28.1 gap=9.6 (face=3.2mm) n=[289, 289, 387, 387]  tape=0.236km B=9.99T unif=0.573% hoop=117MPa
  [a=23 b=28 nt=1352] KSP converged reason: 4, iterations: 1
  [a=23 b=28 nt=1352] KSP converged reason: 4, iterations: 1
  [a=23 b=28 nt=1352] KSP converged reason: 4, iterations: 1
  [a=23 b=28 nt=1354] KSP converged reason: 4, iterations: 1
  [a=23 b=28 nt=1352] KSP converged reason: 4, iterations: 1
  [a=23 b=28 nt=1352] KSP converged reason: 4, iterations: 1
  [a=23 b=28 nt=1352] KSP converged reason: 4, iterations: 1
  [a=23 b=28 nt=1352] KSP converged reason: 4, iterations: 1
  [1289] viol   f=   8.322  a=22.8 b=28.1 gap=9.6 (face=3.2mm) n=[290, 290, 387, 387]  tape=0.236km B=10.02T unif=0.961% hoop=117MPa
  [1290] viol   f=   0.411  a=22.8 b=28.0 gap=9.6 (face=3.2mm) n=[289, 289, 387, 387]  tape=0.235km B=9.95T unif=0.823% hoop=116MPa
  [1291] viol   f=  22.341  a=22.8 b=28.1 gap=9.6 (face=3.2mm) n=[289, 289, 387, 387]  tape=0.236km B=9.98T unif=1.066% hoop=118MPa
  [1292] viol   f=  19.103  a=22.8 b=28.1 gap=9.6 (face=3.2mm) n=[289, 289, 387, 387]  tape=0.236km B=9.99T unif=1.046% hoop=117MPa
  [1293] viol   f=  13.258  a=22.8 b=28.0 gap=9.6 (face=3.2mm) n=[289, 289, 387, 387]  tape=0.235km B=9.97T unif=1.004% hoop=117MPa
  [1294] viol   f=  53.727  a=22.8 b=28.1 gap=9.6 (face=3.2mm) n=[289, 289, 387, 387]  tape=0.236km B=9.99T unif=1.214% hoop=117MPa
  [1295] viol   f=   0.236  a=22.8 b=28.0 gap=9.6 (face=3.2mm) n=[289, 289, 387, 387]  tape=0.235km B=9.99T unif=0.773% hoop=118MPa
  [1296] viol   f=  28.746  a=22.8 b=28.0 gap=9.6 (face=3.2mm) n=[289, 289, 387, 387]  tape=0.235km B=9.99T unif=1.102% hoop=117MPa
  [a=23 b=28 nt=1354] KSP converged reason: 4, iterations: 1
  [a=23 b=28 nt=1354] KSP converged reason: 4, iterations: 1
  [a=23 b=28 nt=1352] KSP converged reason: 4, iterations: 1
  [a=23 b=28 nt=1352] KSP converged reason: 4, iterations: 1
  [a=23 b=28 nt=1352] KSP converged reason: 4, iterations: 1
  [a=23 b=28 nt=1352] KSP converged reason: 4, iterations: 1
  [a=23 b=28 nt=1352] KSP converged reason: 4, iterations: 1
  [a=23 b=28 nt=1352] KSP converged reason: 4, iterations: 1
  [1297] viol   f=   0.250  a=22.9 b=28.1 gap=9.6 (face=3.2mm) n=[290, 290, 387, 387]  tape=0.236km B=10.02T unif=0.807% hoop=117MPa
  [1298] viol   f=   4.704  a=22.8 b=28.0 gap=9.6 (face=3.2mm) n=[289, 289, 387, 387]  tape=0.235km B=10.00T unif=0.920% hoop=118MPa
  [1299] viol   f=   0.769  a=22.8 b=28.1 gap=9.6 (face=3.2mm) n=[290, 290, 387, 387]  tape=0.236km B=10.01T unif=0.841% hoop=118MPa
  [1300] OK     f=   0.235  a=22.8 b=28.1 gap=9.6 (face=3.2mm) n=[289, 289, 387, 387]  tape=0.235km B=10.02T unif=0.792% hoop=118MPa
  [1301] viol   f=  23.537  a=22.8 b=28.1 gap=9.6 (face=3.2mm) n=[289, 289, 387, 387]  tape=0.236km B=9.99T unif=1.073% hoop=117MPa
  [1302] viol   f=   0.236  a=22.8 b=28.0 gap=9.6 (face=3.2mm) n=[289, 289, 387, 387]  tape=0.235km B=9.98T unif=0.735% hoop=118MPa
  [1303] viol   f=   0.237  a=22.8 b=28.0 gap=9.6 (face=3.2mm) n=[289, 289, 387, 387]  tape=0.235km B=9.97T unif=0.659% hoop=118MPa
  [1304] viol   f=   9.810  a=22.8 b=28.1 gap=9.6 (face=3.2mm) n=[289, 289, 387, 387]  tape=0.235km B=9.99T unif=0.975% hoop=117MPa
  [a=23 b=28 nt=1352] KSP converged reason: 4, iterations: 1
  [a=23 b=28 nt=1352] KSP converged reason: 4, iterations: 1
  [a=23 b=28 nt=1354] KSP converged reason: 4, iterations: 1
  [a=23 b=28 nt=1352] KSP converged reason: 4, iterations: 1
  [a=23 b=28 nt=1354] KSP converged reason: 4, iterations: 1
  [a=23 b=28 nt=1352] KSP converged reason: 4, iterations: 1
  [a=23 b=28 nt=1354] KSP converged reason: 4, iterations: 1
  [a=23 b=28 nt=1352] KSP converged reason: 4, iterations: 1
  [1305] viol   f=  13.207  a=22.8 b=28.0 gap=9.6 (face=3.2mm) n=[289, 289, 387, 387]  tape=0.235km B=9.97T unif=1.004% hoop=117MPa
  [1306] viol   f=  56.872  a=22.8 b=28.1 gap=9.6 (face=3.2mm) n=[290, 290, 387, 387]  tape=0.236km B=10.01T unif=1.226% hoop=118MPa
  [1307] viol   f=   0.237  a=22.8 b=28.0 gap=9.6 (face=3.2mm) n=[289, 289, 387, 387]  tape=0.235km B=9.97T unif=0.684% hoop=118MPa
  [1308] viol   f=   0.236  a=22.8 b=28.1 gap=9.6 (face=3.2mm) n=[289, 289, 387, 387]  tape=0.235km B=9.98T unif=0.790% hoop=117MPa
  [1309] viol   f=  49.536  a=22.8 b=28.1 gap=9.6 (face=3.2mm) n=[290, 290, 387, 387]  tape=0.236km B=10.01T unif=1.197% hoop=118MPa
  [1310] viol   f=   2.780  a=22.8 b=28.0 gap=9.6 (face=3.2mm) n=[289, 289, 387, 387]  tape=0.235km B=9.97T unif=0.890% hoop=118MPa
  [1311] viol   f=   1.328  a=22.8 b=28.1 gap=9.6 (face=3.2mm) n=[290, 290, 387, 387]  tape=0.236km B=10.01T unif=0.859% hoop=117MPa
  [1312] viol   f=   2.825  a=22.8 b=28.0 gap=9.6 (face=3.2mm) n=[289, 289, 387, 387]  tape=0.235km B=9.99T unif=0.891% hoop=118MPa
  [a=23 b=28 nt=1352] KSP converged reason: 4, iterations: 1
  [a=23 b=28 nt=1354] KSP converged reason: 4, iterations: 1
  [a=23 b=28 nt=1352] KSP converged reason: 4, iterations: 1
  [a=23 b=28 nt=1352] KSP converged reason: 4, iterations: 1
  [a=23 b=28 nt=1352] KSP converged reason: 4, iterations: 1
  [a=23 b=28 nt=1352] KSP converged reason: 4, iterations: 1
  [a=23 b=28 nt=1354] KSP converged reason: 4, iterations: 1
  [a=23 b=28 nt=1354] KSP converged reason: 4, iterations: 1
  [1313] viol   f=  11.241  a=22.8 b=28.1 gap=9.6 (face=3.2mm) n=[290, 290, 387, 387]  tape=0.236km B=10.00T unif=0.988% hoop=118MPa
  [1314] viol   f=   0.328  a=22.8 b=28.0 gap=9.6 (face=3.2mm) n=[289, 289, 387, 387]  tape=0.235km B=9.95T unif=0.817% hoop=116MPa
  [1315] viol   f=  29.247  a=22.8 b=28.0 gap=9.6 (face=3.2mm) n=[289, 289, 387, 387]  tape=0.235km B=9.99T unif=1.105% hoop=117MPa
  [1316] viol   f=   0.237  a=22.8 b=28.0 gap=9.6 (face=3.2mm) n=[289, 289, 387, 387]  tape=0.235km B=9.97T unif=0.513% hoop=118MPa
  [1317] viol   f=  43.856  a=22.8 b=28.0 gap=9.6 (face=3.2mm) n=[289, 289, 387, 387]  tape=0.235km B=10.00T unif=1.174% hoop=117MPa
  [1318] viol   f=   0.236  a=22.8 b=28.0 gap=9.6 (face=3.2mm) n=[289, 289, 387, 387]  tape=0.235km B=9.98T unif=0.751% hoop=117MPa
  [1319] viol   f=   2.298  a=22.8 b=28.1 gap=9.6 (face=3.2mm) n=[290, 290, 387, 387]  tape=0.236km B=10.00T unif=0.881% hoop=118MPa
  [1320] viol   f=  68.758  a=22.8 b=28.0 gap=9.6 (face=3.2mm) n=[290, 290, 387, 387]  tape=0.236km B=10.01T unif=1.268% hoop=118MPa
  [a=23 b=28 nt=1354] KSP converged reason: 4, iterations: 1
  [a=23 b=28 nt=1352] KSP converged reason: 4, iterations: 1
  [a=23 b=28 nt=1352] KSP converged reason: 4, iterations: 1
  [a=23 b=28 nt=1352] KSP converged reason: 4, iterations: 1
  [a=23 b=28 nt=1352] KSP converged reason: 4, iterations: 1
  [a=23 b=28 nt=1352] KSP converged reason: 4, iterations: 1
  [a=23 b=28 nt=1352] KSP converged reason: 4, iterations: 1
  [a=23 b=28 nt=1354] KSP converged reason: 4, iterations: 1
  [1321] viol   f=   0.236  a=22.8 b=28.0 gap=9.6 (face=3.2mm) n=[289, 289, 387, 387]  tape=0.235km B=9.98T unif=0.582% hoop=117MPa
  [1322] viol   f=   0.237  a=22.8 b=28.0 gap=9.6 (face=3.2mm) n=[289, 289, 387, 387]  tape=0.235km B=9.97T unif=0.517% hoop=117MPa
  [1323] viol   f= 122.113  a=22.8 b=28.1 gap=9.6 (face=3.2mm) n=[290, 290, 387, 387]  tape=0.236km B=10.02T unif=1.425% hoop=118MPa
  [1324] viol   f=   0.236  a=22.8 b=28.0 gap=9.6 (face=3.2mm) n=[289, 289, 387, 387]  tape=0.235km B=9.98T unif=0.665% hoop=117MPa
  [1325] viol   f=   0.263  a=22.8 b=28.0 gap=9.6 (face=3.2mm) n=[289, 289, 387, 387]  tape=0.235km B=9.98T unif=0.809% hoop=117MPa
  [1326] viol   f=   0.237  a=22.8 b=28.0 gap=9.6 (face=3.2mm) n=[289, 289, 387, 387]  tape=0.235km B=9.97T unif=0.514% hoop=117MPa
  [1327] viol   f=   5.778  a=22.8 b=28.0 gap=9.6 (face=3.2mm) n=[289, 289, 387, 387]  tape=0.235km B=10.00T unif=0.933% hoop=118MPa
  [1328] viol   f=   3.566  a=22.8 b=28.1 gap=9.6 (face=3.2mm) n=[290, 290, 387, 387]  tape=0.236km B=10.01T unif=0.903% hoop=118MPa
  [a=23 b=28 nt=1352] KSP converged reason: 4, iterations: 1
  [a=23 b=28 nt=1352] KSP converged reason: 4, iterations: 1
  [a=23 b=28 nt=1352] KSP converged reason: 4, iterations: 1
  [a=23 b=28 nt=1352] KSP converged reason: 4, iterations: 1
  [a=23 b=28 nt=1352] KSP converged reason: 4, iterations: 1
  [a=23 b=28 nt=1352] KSP converged reason: 4, iterations: 1
  [a=23 b=28 nt=1352] KSP converged reason: 4, iterations: 1
  [a=23 b=28 nt=1352] KSP converged reason: 4, iterations: 1
  [1329] viol   f=   1.421  a=22.8 b=28.0 gap=9.6 (face=3.2mm) n=[289, 289, 387, 387]  tape=0.235km B=10.00T unif=0.862% hoop=118MPa
  [1330] viol   f=   2.458  a=22.8 b=28.0 gap=9.6 (face=3.2mm) n=[289, 289, 387, 387]  tape=0.235km B=10.00T unif=0.884% hoop=118MPa
  [1331] viol   f=   1.958  a=22.8 b=28.0 gap=9.6 (face=3.2mm) n=[289, 289, 387, 387]  tape=0.235km B=10.01T unif=0.874% hoop=118MPa
  [1332] viol   f=   5.743  a=22.8 b=28.0 gap=9.6 (face=3.2mm) n=[289, 289, 387, 387]  tape=0.235km B=9.98T unif=0.933% hoop=117MPa
  [1333] viol   f=   2.844  a=22.8 b=28.0 gap=9.6 (face=3.2mm) n=[289, 289, 387, 387]  tape=0.235km B=10.00T unif=0.891% hoop=117MPa
  [1334] viol   f=  16.760  a=22.8 b=28.0 gap=9.6 (face=3.2mm) n=[289, 289, 387, 387]  tape=0.235km B=10.00T unif=1.030% hoop=117MPa
  [1335] viol   f=   0.235  a=22.8 b=28.0 gap=9.6 (face=3.2mm) n=[289, 289, 387, 387]  tape=0.235km B=9.99T unif=0.671% hoop=117MPa
  [1336] viol   f=   8.626  a=22.8 b=28.1 gap=9.6 (face=3.2mm) n=[289, 289, 387, 387]  tape=0.236km B=10.00T unif=0.964% hoop=117MPa
  [a=23 b=28 nt=1352] KSP converged reason: 4, iterations: 1
  [a=23 b=28 nt=1352] KSP converged reason: 4, iterations: 1
  [a=23 b=28 nt=1352] KSP converged reason: 4, iterations: 1
  [a=23 b=28 nt=1352] KSP converged reason: 4, iterations: 1
  [a=23 b=28 nt=1352] KSP converged reason: 4, iterations: 1
  [a=23 b=28 nt=1352] KSP converged reason: 4, iterations: 1
  [a=23 b=28 nt=1352] KSP converged reason: 4, iterations: 1
  [a=23 b=28 nt=1352] KSP converged reason: 4, iterations: 1
  [1337] viol   f=   0.236  a=22.8 b=28.0 gap=9.6 (face=3.2mm) n=[289, 289, 387, 387]  tape=0.235km B=10.00T unif=0.801% hoop=117MPa
  [1338] viol   f=  14.392  a=22.8 b=28.0 gap=9.6 (face=3.2mm) n=[289, 289, 387, 387]  tape=0.235km B=10.00T unif=1.013% hoop=117MPa
  [1339] viol   f=   0.392  a=22.8 b=28.0 gap=9.6 (face=3.2mm) n=[289, 289, 387, 387]  tape=0.235km B=9.98T unif=0.822% hoop=117MPa
  [1340] viol   f=   0.727  a=22.8 b=28.0 gap=9.6 (face=3.2mm) n=[289, 289, 387, 387]  tape=0.235km B=9.99T unif=0.840% hoop=117MPa
  [1341] viol   f=   0.237  a=22.8 b=28.1 gap=9.6 (face=3.2mm) n=[289, 289, 387, 387]  tape=0.235km B=9.98T unif=0.593% hoop=118MPa
  [1342] viol   f=   7.469  a=22.8 b=28.0 gap=9.6 (face=3.2mm) n=[289, 289, 387, 387]  tape=0.235km B=9.99T unif=0.952% hoop=117MPa
  [1343] viol   f=   0.236  a=22.8 b=28.1 gap=9.6 (face=3.2mm) n=[289, 289, 387, 387]  tape=0.235km B=9.98T unif=0.492% hoop=118MPa
  [1344] viol   f=  19.427  a=22.8 b=28.0 gap=9.6 (face=3.2mm) n=[289, 289, 387, 387]  tape=0.235km B=9.98T unif=1.048% hoop=118MPa
  [a=23 b=28 nt=1352] KSP converged reason: 4, iterations: 1
  [a=23 b=28 nt=1352] KSP converged reason: 4, iterations: 1
  [a=23 b=28 nt=1352] KSP converged reason: 4, iterations: 1
  [a=23 b=28 nt=1352] KSP converged reason: 4, iterations: 1
  [a=23 b=28 nt=1352] KSP converged reason: 4, iterations: 1
  [a=23 b=28 nt=1352] KSP converged reason: 4, iterations: 1
  [a=23 b=28 nt=1352] KSP converged reason: 4, iterations: 1
  [a=23 b=28 nt=1352] KSP converged reason: 4, iterations: 1
  [1345] viol   f=   0.784  a=22.8 b=28.0 gap=9.6 (face=3.2mm) n=[289, 289, 387, 387]  tape=0.235km B=10.00T unif=0.842% hoop=118MPa
  [1346] viol   f=   0.235  a=22.8 b=28.0 gap=9.6 (face=3.2mm) n=[289, 289, 387, 387]  tape=0.235km B=10.00T unif=0.723% hoop=117MPa
  [1347] viol   f=  21.663  a=22.8 b=28.1 gap=9.6 (face=3.2mm) n=[289, 289, 387, 387]  tape=0.236km B=9.99T unif=1.062% hoop=118MPa
  [1348] viol   f=  46.822  a=22.8 b=28.0 gap=9.6 (face=3.2mm) n=[289, 289, 387, 387]  tape=0.235km B=9.99T unif=1.186% hoop=118MPa
  [1349] OK     f=   0.235  a=22.8 b=28.0 gap=9.6 (face=3.2mm) n=[289, 289, 387, 387]  tape=0.235km B=10.01T unif=0.789% hoop=118MPa
  [1350] viol   f=   1.929  a=22.8 b=28.0 gap=9.6 (face=3.2mm) n=[289, 289, 387, 387]  tape=0.235km B=10.00T unif=0.874% hoop=118MPa
  [1351] viol   f=   0.236  a=22.8 b=28.0 gap=9.6 (face=3.2mm) n=[289, 289, 387, 387]  tape=0.235km B=9.98T unif=0.769% hoop=118MPa
  [1352] viol   f=   3.329  a=22.8 b=28.0 gap=9.6 (face=3.2mm) n=[289, 289, 387, 387]  tape=0.235km B=9.94T unif=0.899% hoop=115MPa
  [a=23 b=28 nt=1354] KSP converged reason: 4, iterations: 1
  [a=23 b=28 nt=1352] KSP converged reason: 4, iterations: 1
  [a=23 b=28 nt=1352] KSP converged reason: 4, iterations: 1
  [a=23 b=28 nt=1352] KSP converged reason: 4, iterations: 1
  [a=23 b=28 nt=1352] KSP converged reason: 4, iterations: 1
  [a=23 b=28 nt=1352] KSP converged reason: 4, iterations: 1
  [a=23 b=28 nt=1352] KSP converged reason: 4, iterations: 1
  [a=23 b=28 nt=1352] KSP converged reason: 4, iterations: 1
  [1353] OK     f=   0.235  a=22.8 b=28.0 gap=9.6 (face=3.2mm) n=[289, 289, 387, 387]  tape=0.235km B=10.01T unif=0.678% hoop=119MPa
  [1354] viol   f=   5.311  a=22.8 b=28.1 gap=9.6 (face=3.2mm) n=[289, 289, 387, 387]  tape=0.236km B=9.99T unif=0.927% hoop=117MPa
  [1355] viol   f=   8.977  a=22.8 b=28.0 gap=9.6 (face=3.2mm) n=[289, 289, 388, 388]  tape=0.236km B=9.97T unif=0.967% hoop=117MPa
  [1356] viol   f=   0.238  a=22.8 b=28.0 gap=9.6 (face=3.2mm) n=[289, 289, 387, 387]  tape=0.235km B=9.96T unif=0.596% hoop=118MPa
  [1357] viol   f=   0.237  a=22.8 b=28.0 gap=9.6 (face=3.2mm) n=[289, 289, 387, 387]  tape=0.235km B=9.97T unif=0.598% hoop=118MPa
  [1358] viol   f=   0.235  a=22.8 b=28.0 gap=9.6 (face=3.2mm) n=[289, 289, 387, 387]  tape=0.235km B=9.99T unif=0.677% hoop=117MPa
  [1359] viol   f=   0.655  a=22.8 b=28.0 gap=9.6 (face=3.2mm) n=[289, 289, 387, 387]  tape=0.235km B=10.00T unif=0.837% hoop=118MPa
  [1360] viol   f=  16.609  a=22.8 b=28.0 gap=9.6 (face=3.2mm) n=[289, 289, 387, 387]  tape=0.235km B=9.99T unif=1.029% hoop=118MPa
  [a=23 b=28 nt=1352] KSP converged reason: 4, iterations: 1
  [a=23 b=28 nt=1352] KSP converged reason: 4, iterations: 1
  [a=23 b=28 nt=1352] KSP converged reason: 4, iterations: 1
  [a=23 b=28 nt=1352] KSP converged reason: 4, iterations: 1
  [a=23 b=28 nt=1352] KSP converged reason: 4, iterations: 1
  [a=23 b=28 nt=1352] KSP converged reason: 4, iterations: 1
  [a=23 b=28 nt=1352] KSP converged reason: 4, iterations: 1
  [a=23 b=28 nt=1352] KSP converged reason: 4, iterations: 1
  [1361] viol   f=   3.203  a=22.8 b=28.0 gap=9.6 (face=3.2mm) n=[289, 289, 387, 387]  tape=0.235km B=9.99T unif=0.897% hoop=117MPa
  [1362] viol   f=   0.236  a=22.8 b=28.0 gap=9.6 (face=3.2mm) n=[289, 289, 387, 387]  tape=0.235km B=9.98T unif=0.695% hoop=118MPa
  [1363] viol   f=   0.235  a=22.8 b=28.0 gap=9.6 (face=3.2mm) n=[289, 289, 387, 387]  tape=0.235km B=9.99T unif=0.641% hoop=118MPa
  [1364] viol   f=   0.236  a=22.8 b=28.0 gap=9.6 (face=3.2mm) n=[289, 289, 387, 387]  tape=0.235km B=9.98T unif=0.670% hoop=118MPa
  [1365] viol   f=  12.997  a=22.8 b=28.0 gap=9.6 (face=3.2mm) n=[289, 289, 387, 387]  tape=0.235km B=9.99T unif=1.002% hoop=118MPa
  [1366] viol   f=  21.268  a=22.8 b=28.0 gap=9.6 (face=3.2mm) n=[289, 289, 387, 387]  tape=0.235km B=9.96T unif=1.059% hoop=117MPa
  [1367] viol   f=   0.678  a=22.8 b=28.0 gap=9.6 (face=3.2mm) n=[289, 289, 387, 387]  tape=0.235km B=9.99T unif=0.838% hoop=117MPa
  [1368] viol   f=   0.237  a=22.8 b=28.0 gap=9.6 (face=3.2mm) n=[289, 289, 387, 387]  tape=0.235km B=10.00T unif=0.802% hoop=118MPa
  [a=23 b=28 nt=1352] KSP converged reason: 4, iterations: 1
  [a=23 b=28 nt=1352] KSP converged reason: 4, iterations: 1
  [a=23 b=28 nt=1352] KSP converged reason: 4, iterations: 1
  [a=23 b=28 nt=1352] KSP converged reason: 4, iterations: 1
  [a=23 b=28 nt=1352] KSP converged reason: 4, iterations: 1
  [a=23 b=28 nt=1352] KSP converged reason: 4, iterations: 1
  [a=23 b=28 nt=1352] KSP converged reason: 4, iterations: 1
  [a=23 b=28 nt=1352] KSP converged reason: 4, iterations: 1
  [1369] viol   f=   0.236  a=22.8 b=28.0 gap=9.6 (face=3.2mm) n=[289, 289, 387, 387]  tape=0.235km B=9.98T unif=0.793% hoop=117MPa
  [1370] viol   f=   0.237  a=22.8 b=28.0 gap=9.6 (face=3.2mm) n=[289, 289, 387, 387]  tape=0.235km B=9.97T unif=0.488% hoop=117MPa
  [1371] OK     f=   0.235  a=22.8 b=28.0 gap=9.6 (face=3.2mm) n=[289, 289, 387, 387]  tape=0.235km B=10.01T unif=0.743% hoop=118MPa
  [1372] viol   f=   2.675  a=22.8 b=28.0 gap=9.6 (face=3.2mm) n=[289, 289, 387, 387]  tape=0.235km B=10.00T unif=0.888% hoop=118MPa
  [1373] viol   f=  77.530  a=22.8 b=28.0 gap=9.6 (face=3.2mm) n=[289, 289, 387, 387]  tape=0.235km B=9.99T unif=1.297% hoop=117MPa
  [1374] viol   f=   0.251  a=22.8 b=28.0 gap=9.6 (face=3.2mm) n=[289, 289, 387, 387]  tape=0.235km B=9.98T unif=0.807% hoop=117MPa
  [1375] viol   f=  71.638  a=22.8 b=28.0 gap=9.6 (face=3.2mm) n=[289, 289, 387, 387]  tape=0.235km B=10.00T unif=1.278% hoop=117MPa
  [1376] viol   f=   0.236  a=22.8 b=28.0 gap=9.6 (face=3.2mm) n=[289, 289, 387, 387]  tape=0.235km B=9.98T unif=0.745% hoop=118MPa
  [a=23 b=28 nt=1352] KSP converged reason: 4, iterations: 1
  [a=23 b=28 nt=1352] KSP converged reason: 4, iterations: 1
  [a=23 b=28 nt=1352] KSP converged reason: 4, iterations: 1
  [a=23 b=28 nt=1352] KSP converged reason: 4, iterations: 1
  [a=23 b=28 nt=1352] KSP converged reason: 4, iterations: 1
  [a=23 b=28 nt=1352] KSP converged reason: 4, iterations: 1
  [a=23 b=28 nt=1352] KSP converged reason: 4, iterations: 1
  [a=23 b=28 nt=1352] KSP converged reason: 4, iterations: 1
  [1377] viol   f=  20.442  a=22.8 b=28.0 gap=9.6 (face=3.2mm) n=[289, 289, 387, 387]  tape=0.235km B=9.98T unif=1.054% hoop=117MPa
  [1378] viol   f=  21.475  a=22.8 b=28.0 gap=9.6 (face=3.2mm) n=[289, 289, 387, 387]  tape=0.235km B=9.99T unif=1.061% hoop=118MPa
  [1379] viol   f=   3.845  a=22.8 b=28.0 gap=9.6 (face=3.2mm) n=[289, 289, 387, 387]  tape=0.235km B=9.99T unif=0.907% hoop=117MPa
  [1380] viol   f=   0.235  a=22.8 b=28.0 gap=9.6 (face=3.2mm) n=[289, 289, 387, 387]  tape=0.235km B=10.00T unif=0.787% hoop=117MPa
  [1381] viol   f=   0.236  a=22.8 b=28.0 gap=9.6 (face=3.2mm) n=[289, 289, 387, 387]  tape=0.235km B=9.98T unif=0.615% hoop=117MPa
  [1382] viol   f=   0.235  a=22.8 b=28.0 gap=9.6 (face=3.2mm) n=[289, 289, 387, 387]  tape=0.235km B=9.99T unif=0.652% hoop=118MPa
  [1383] viol   f=   2.560  a=22.8 b=28.0 gap=9.6 (face=3.2mm) n=[289, 289, 387, 387]  tape=0.235km B=9.99T unif=0.886% hoop=118MPa
  [1384] viol   f=   7.643  a=22.8 b=28.0 gap=9.6 (face=3.2mm) n=[289, 289, 387, 387]  tape=0.235km B=10.00T unif=0.954% hoop=118MPa
  [a=23 b=28 nt=1352] KSP converged reason: 4, iterations: 1
  [a=23 b=28 nt=1352] KSP converged reason: 4, iterations: 1
  [a=23 b=28 nt=1352] KSP converged reason: 4, iterations: 1
  [a=23 b=28 nt=1352] KSP converged reason: 4, iterations: 1
  [a=23 b=28 nt=1352] KSP converged reason: 4, iterations: 1
  [a=23 b=28 nt=1352] KSP converged reason: 4, iterations: 1
  [a=23 b=28 nt=1352] KSP converged reason: 4, iterations: 1
  [a=23 b=28 nt=1352] KSP converged reason: 4, iterations: 1
  [1385] viol   f=   4.925  a=22.8 b=28.0 gap=9.6 (face=3.2mm) n=[289, 289, 387, 387]  tape=0.235km B=10.00T unif=0.923% hoop=118MPa
  [1386] viol   f=  94.310  a=22.8 b=28.0 gap=9.6 (face=3.2mm) n=[289, 289, 387, 387]  tape=0.235km B=10.00T unif=1.349% hoop=118MPa
  [1387] viol   f=   1.119  a=22.8 b=28.0 gap=9.6 (face=3.2mm) n=[289, 289, 387, 387]  tape=0.235km B=10.01T unif=0.853% hoop=118MPa
  [1388] viol   f=   0.235  a=22.8 b=28.0 gap=9.6 (face=3.2mm) n=[289, 289, 387, 387]  tape=0.235km B=9.99T unif=0.782% hoop=118MPa
  [1389] viol   f=   0.236  a=22.8 b=28.0 gap=9.6 (face=3.2mm) n=[289, 289, 387, 387]  tape=0.235km B=9.98T unif=0.747% hoop=118MPa
  [1390] viol   f=  88.194  a=22.8 b=28.0 gap=9.6 (face=3.2mm) n=[289, 289, 387, 387]  tape=0.235km B=9.99T unif=1.331% hoop=118MPa
  [1391] viol   f=   3.393  a=22.8 b=28.0 gap=9.6 (face=3.2mm) n=[289, 289, 387, 387]  tape=0.235km B=9.99T unif=0.901% hoop=118MPa
  [1392] viol   f=   0.236  a=22.8 b=28.0 gap=9.6 (face=3.2mm) n=[289, 289, 387, 387]  tape=0.235km B=9.98T unif=0.665% hoop=118MPa
  [a=23 b=28 nt=1352] KSP converged reason: 4, iterations: 1
  [a=23 b=28 nt=1352] KSP converged reason: 4, iterations: 1
  [a=23 b=28 nt=1352] KSP converged reason: 4, iterations: 1
  [a=23 b=28 nt=1352] KSP converged reason: 4, iterations: 1
  [a=23 b=28 nt=1352] KSP converged reason: 4, iterations: 1
  [a=23 b=28 nt=1352] KSP converged reason: 4, iterations: 1
  [a=23 b=28 nt=1352] KSP converged reason: 4, iterations: 1
  [a=23 b=28 nt=1352] KSP converged reason: 4, iterations: 1
  [1393] viol   f=   0.236  a=22.8 b=28.0 gap=9.6 (face=3.2mm) n=[289, 289, 387, 387]  tape=0.235km B=9.98T unif=0.705% hoop=117MPa
  [1394] viol   f=   0.235  a=22.8 b=28.0 gap=9.6 (face=3.2mm) n=[289, 289, 387, 387]  tape=0.235km B=10.00T unif=0.788% hoop=118MPa
  [1395] viol   f=  44.934  a=22.8 b=28.0 gap=9.6 (face=3.2mm) n=[289, 289, 387, 387]  tape=0.235km B=10.00T unif=1.178% hoop=118MPa
  [1396] viol   f=   5.913  a=22.8 b=28.0 gap=9.6 (face=3.2mm) n=[289, 289, 387, 387]  tape=0.235km B=10.00T unif=0.935% hoop=118MPa
  [1397] viol   f=  20.672  a=22.8 b=28.0 gap=9.6 (face=3.2mm) n=[289, 289, 387, 387]  tape=0.235km B=9.99T unif=1.056% hoop=117MPa
  [1398] viol   f=   7.594  a=22.8 b=28.0 gap=9.6 (face=3.2mm) n=[289, 289, 387, 387]  tape=0.235km B=10.00T unif=0.953% hoop=118MPa
  [1399] viol   f=  24.692  a=22.8 b=28.1 gap=9.6 (face=3.2mm) n=[289, 289, 387, 387]  tape=0.235km B=9.99T unif=1.080% hoop=117MPa
  [1400] viol   f=   0.238  a=22.8 b=28.0 gap=9.6 (face=3.2mm) n=[289, 289, 387, 387]  tape=0.235km B=9.97T unif=0.801% hoop=116MPa
  [a=23 b=28 nt=1352] KSP converged reason: 4, iterations: 1
  [a=23 b=28 nt=1352] KSP converged reason: 4, iterations: 1
  [a=23 b=28 nt=1354] KSP converged reason: 4, iterations: 1
  [a=23 b=28 nt=1352] KSP converged reason: 4, iterations: 1
  [a=23 b=28 nt=1352] KSP converged reason: 4, iterations: 1
  [a=23 b=28 nt=1352] KSP converged reason: 4, iterations: 1
  [a=23 b=28 nt=1352] KSP converged reason: 4, iterations: 1
  [a=23 b=28 nt=1352] KSP converged reason: 4, iterations: 1
  [1401] viol   f=  38.704  a=22.8 b=28.0 gap=9.6 (face=3.2mm) n=[289, 289, 387, 387]  tape=0.235km B=9.99T unif=1.151% hoop=117MPa
  [1402] viol   f=   0.237  a=22.8 b=28.0 gap=9.6 (face=3.2mm) n=[289, 289, 387, 387]  tape=0.235km B=9.97T unif=0.584% hoop=118MPa
  [1403] viol   f=   0.235  a=22.8 b=28.0 gap=9.6 (face=3.2mm) n=[289, 289, 387, 387]  tape=0.235km B=9.99T unif=0.642% hoop=117MPa
  [1404] viol   f=   0.236  a=22.8 b=28.0 gap=9.6 (face=3.2mm) n=[289, 289, 387, 387]  tape=0.235km B=9.98T unif=0.728% hoop=118MPa
  [1405] viol   f=   0.236  a=22.8 b=28.0 gap=9.6 (face=3.2mm) n=[289, 289, 387, 387]  tape=0.235km B=9.99T unif=0.796% hoop=118MPa
  [1406] viol   f=   5.807  a=22.8 b=28.0 gap=9.6 (face=3.2mm) n=[289, 289, 388, 388]  tape=0.236km B=10.00T unif=0.934% hoop=118MPa
  [1407] viol   f=   0.790  a=22.8 b=28.0 gap=9.6 (face=3.2mm) n=[289, 289, 387, 387]  tape=0.235km B=9.99T unif=0.842% hoop=118MPa
  [1408] viol   f=  44.548  a=22.8 b=28.0 gap=9.6 (face=3.2mm) n=[289, 289, 387, 387]  tape=0.235km B=9.99T unif=1.177% hoop=118MPa
  [a=23 b=28 nt=1352] KSP converged reason: 4, iterations: 1
  [a=23 b=28 nt=1352] KSP converged reason: 4, iterations: 1
  [a=23 b=28 nt=1352] KSP converged reason: 4, iterations: 1
  [a=23 b=28 nt=1352] KSP converged reason: 4, iterations: 1
  [a=23 b=28 nt=1352] KSP converged reason: 4, iterations: 1
  [a=23 b=28 nt=1352] KSP converged reason: 4, iterations: 1
  [a=23 b=28 nt=1352] KSP converged reason: 4, iterations: 1
  [a=23 b=28 nt=1354] KSP converged reason: 4, iterations: 1
  [1409] viol   f=  25.690  a=22.8 b=28.0 gap=9.6 (face=3.2mm) n=[289, 289, 387, 387]  tape=0.235km B=9.99T unif=1.085% hoop=117MPa
  [1410] viol   f=   0.236  a=22.8 b=28.0 gap=9.6 (face=3.2mm) n=[289, 289, 387, 387]  tape=0.235km B=9.98T unif=0.742% hoop=117MPa
  [1411] viol   f=   0.490  a=22.8 b=28.0 gap=9.6 (face=3.2mm) n=[289, 289, 387, 387]  tape=0.235km B=9.99T unif=0.829% hoop=118MPa
  [1412] viol   f=  13.736  a=22.8 b=28.0 gap=9.6 (face=3.2mm) n=[289, 289, 387, 387]  tape=0.235km B=9.99T unif=1.008% hoop=117MPa
  [1413] viol   f=   0.237  a=22.8 b=28.0 gap=9.6 (face=3.2mm) n=[289, 289, 387, 387]  tape=0.235km B=9.97T unif=0.715% hoop=117MPa
  [1414] viol   f=  16.513  a=22.8 b=28.0 gap=9.6 (face=3.2mm) n=[289, 289, 387, 387]  tape=0.235km B=10.01T unif=1.028% hoop=118MPa
  [1415] viol   f=   0.236  a=22.8 b=28.0 gap=9.6 (face=3.2mm) n=[289, 289, 387, 387]  tape=0.235km B=9.98T unif=0.585% hoop=118MPa
  [1416] viol   f=   0.740  a=22.8 b=28.0 gap=9.6 (face=3.2mm) n=[289, 289, 388, 388]  tape=0.236km B=9.99T unif=0.840% hoop=118MPa
  [a=23 b=28 nt=1352] KSP converged reason: 4, iterations: 1
  [a=23 b=28 nt=1352] KSP converged reason: 4, iterations: 1
  [a=23 b=28 nt=1352] KSP converged reason: 4, iterations: 1
  [a=23 b=28 nt=1352] KSP converged reason: 4, iterations: 1
  [a=23 b=28 nt=1352] KSP converged reason: 4, iterations: 1
  [a=23 b=28 nt=1352] KSP converged reason: 4, iterations: 1
  [a=23 b=28 nt=1354] KSP converged reason: 4, iterations: 1
  [a=23 b=28 nt=1352] KSP converged reason: 4, iterations: 1
  [1417] viol   f=   0.237  a=22.8 b=28.0 gap=9.6 (face=3.2mm) n=[289, 289, 387, 387]  tape=0.235km B=9.97T unif=0.568% hoop=118MPa
  [1418] viol   f=   0.235  a=22.8 b=28.0 gap=9.6 (face=3.2mm) n=[289, 289, 387, 387]  tape=0.235km B=9.99T unif=0.758% hoop=118MPa
  [1419] OK     f=   0.235  a=22.8 b=28.0 gap=9.6 (face=3.2mm) n=[289, 289, 387, 387]  tape=0.235km B=10.00T unif=0.669% hoop=118MPa
  [1420] viol   f=   0.236  a=22.8 b=28.0 gap=9.6 (face=3.2mm) n=[289, 289, 387, 387]  tape=0.235km B=9.98T unif=0.638% hoop=118MPa
  [1421] viol   f=  72.845  a=22.8 b=28.0 gap=9.6 (face=3.2mm) n=[289, 289, 387, 387]  tape=0.235km B=10.00T unif=1.282% hoop=117MPa
  [1422] viol   f=   0.236  a=22.8 b=28.0 gap=9.6 (face=3.2mm) n=[289, 289, 387, 387]  tape=0.235km B=9.99T unif=0.495% hoop=117MPa
  [1423] viol   f=  14.213  a=22.8 b=28.0 gap=9.6 (face=3.2mm) n=[290, 290, 387, 387]  tape=0.236km B=10.00T unif=1.011% hoop=118MPa
  [1424] viol   f=  22.504  a=22.8 b=28.0 gap=9.6 (face=3.2mm) n=[289, 289, 387, 387]  tape=0.235km B=9.98T unif=1.067% hoop=118MPa
  [a=23 b=28 nt=1352] KSP converged reason: 4, iterations: 1
  [a=23 b=28 nt=1352] KSP converged reason: 4, iterations: 1
  [a=23 b=28 nt=1352] KSP converged reason: 4, iterations: 1
  [a=23 b=28 nt=1352] KSP converged reason: 4, iterations: 1
  [a=23 b=28 nt=1352] KSP converged reason: 4, iterations: 1
  [a=23 b=28 nt=1352] KSP converged reason: 4, iterations: 1
  [a=23 b=28 nt=1352] KSP converged reason: 4, iterations: 1
  [a=23 b=28 nt=1352] KSP converged reason: 4, iterations: 1
  [1425] viol   f= 124.571  a=22.8 b=28.0 gap=9.6 (face=3.2mm) n=[289, 289, 387, 387]  tape=0.235km B=10.00T unif=1.431% hoop=117MPa
  [1426] viol   f=   0.236  a=22.8 b=28.0 gap=9.6 (face=3.2mm) n=[289, 289, 387, 387]  tape=0.235km B=9.98T unif=0.730% hoop=118MPa
  [1427] viol   f=  27.696  a=22.8 b=28.0 gap=9.6 (face=3.2mm) n=[289, 289, 387, 387]  tape=0.235km B=9.99T unif=1.096% hoop=117MPa
  [1428] viol   f=   0.268  a=22.8 b=28.0 gap=9.6 (face=3.2mm) n=[289, 289, 387, 387]  tape=0.235km B=10.01T unif=0.810% hoop=118MPa
  [1429] viol   f=  11.867  a=22.8 b=28.0 gap=9.6 (face=3.2mm) n=[289, 289, 387, 387]  tape=0.235km B=9.98T unif=0.993% hoop=117MPa
  [1430] viol   f=  10.158  a=22.8 b=28.0 gap=9.6 (face=3.2mm) n=[289, 289, 387, 387]  tape=0.235km B=9.97T unif=0.978% hoop=117MPa
  [1431] viol   f=   0.643  a=22.8 b=28.0 gap=9.6 (face=3.2mm) n=[289, 289, 387, 387]  tape=0.235km B=10.00T unif=0.836% hoop=118MPa
  [1432] viol   f=   1.878  a=22.8 b=28.0 gap=9.6 (face=3.2mm) n=[289, 289, 387, 387]  tape=0.235km B=9.98T unif=0.872% hoop=117MPa
  [a=23 b=28 nt=1352] KSP converged reason: 4, iterations: 1
  [a=23 b=28 nt=1352] KSP converged reason: 4, iterations: 1
  [a=23 b=28 nt=1352] KSP converged reason: 4, iterations: 1
  [a=23 b=28 nt=1352] KSP converged reason: 4, iterations: 1
  [a=23 b=28 nt=1354] KSP converged reason: 4, iterations: 1
  [a=23 b=28 nt=1354] KSP converged reason: 4, iterations: 1
  [a=23 b=28 nt=1352] KSP converged reason: 4, iterations: 1
  [a=23 b=28 nt=1352] KSP converged reason: 4, iterations: 1
  [1433] viol   f=  10.244  a=22.8 b=28.0 gap=9.6 (face=3.2mm) n=[290, 290, 387, 387]  tape=0.236km B=10.00T unif=0.979% hoop=118MPa
  [1434] viol   f=   0.238  a=22.8 b=28.0 gap=9.6 (face=3.2mm) n=[289, 289, 387, 387]  tape=0.235km B=9.96T unif=0.741% hoop=116MPa
  [1435] viol   f=   2.209  a=22.8 b=28.0 gap=9.6 (face=3.2mm) n=[289, 289, 387, 387]  tape=0.235km B=9.99T unif=0.879% hoop=117MPa
  [1436] viol   f=   3.288  a=22.8 b=28.0 gap=9.6 (face=3.2mm) n=[289, 289, 387, 387]  tape=0.235km B=10.00T unif=0.899% hoop=117MPa
  [1437] viol   f=   0.236  a=22.8 b=28.0 gap=9.6 (face=3.2mm) n=[289, 289, 387, 387]  tape=0.235km B=9.98T unif=0.549% hoop=118MPa
  [1438] viol   f=   5.605  a=22.8 b=28.1 gap=9.6 (face=3.2mm) n=[290, 290, 387, 387]  tape=0.236km B=10.02T unif=0.931% hoop=117MPa
  [1439] viol   f=   0.286  a=22.8 b=28.0 gap=9.6 (face=3.2mm) n=[289, 289, 387, 387]  tape=0.235km B=9.99T unif=0.813% hoop=117MPa
  [1440] viol   f=   8.812  a=22.8 b=28.0 gap=9.6 (face=3.2mm) n=[289, 289, 387, 387]  tape=0.235km B=9.99T unif=0.966% hoop=118MPa
  [a=23 b=28 nt=1352] KSP converged reason: 4, iterations: 1
  [a=23 b=28 nt=1352] KSP converged reason: 4, iterations: 1
  [a=23 b=28 nt=1352] KSP converged reason: 4, iterations: 1
  [a=23 b=28 nt=1352] KSP converged reason: 4, iterations: 1
  [a=23 b=28 nt=1352] KSP converged reason: 4, iterations: 1
  [a=23 b=28 nt=1352] KSP converged reason: 4, iterations: 1
  [a=23 b=28 nt=1352] KSP converged reason: 4, iterations: 1
  [a=23 b=28 nt=1352] KSP converged reason: 4, iterations: 1
  [1441] viol   f=   1.316  a=22.8 b=28.0 gap=9.6 (face=3.2mm) n=[289, 289, 387, 387]  tape=0.235km B=9.95T unif=0.859% hoop=116MPa
  [1442] viol   f=   0.237  a=22.8 b=28.0 gap=9.6 (face=3.2mm) n=[289, 289, 387, 387]  tape=0.235km B=9.97T unif=0.571% hoop=118MPa
  [1443] viol   f=   0.237  a=22.8 b=28.0 gap=9.6 (face=3.2mm) n=[289, 289, 387, 387]  tape=0.235km B=9.97T unif=0.780% hoop=118MPa
  [1444] viol   f=  21.158  a=22.8 b=28.0 gap=9.6 (face=3.2mm) n=[289, 289, 387, 387]  tape=0.235km B=9.97T unif=1.059% hoop=117MPa
  [1445] viol   f=   1.211  a=22.8 b=28.0 gap=9.6 (face=3.2mm) n=[289, 289, 387, 387]  tape=0.235km B=10.00T unif=0.856% hoop=118MPa
  [1446] viol   f=   0.964  a=22.8 b=28.0 gap=9.6 (face=3.2mm) n=[289, 289, 387, 387]  tape=0.235km B=9.95T unif=0.848% hoop=116MPa
  [1447] viol   f=   0.236  a=22.8 b=28.0 gap=9.6 (face=3.2mm) n=[289, 289, 387, 387]  tape=0.235km B=9.99T unif=0.618% hoop=118MPa
  [1448] viol   f=   0.236  a=22.8 b=28.0 gap=9.6 (face=3.2mm) n=[289, 289, 387, 387]  tape=0.235km B=9.98T unif=0.653% hoop=117MPa
  [a=23 b=28 nt=1352] KSP converged reason: 4, iterations: 1
  [a=23 b=28 nt=1354] KSP converged reason: 4, iterations: 1
  [a=23 b=28 nt=1354] KSP converged reason: 4, iterations: 1
  [a=23 b=28 nt=1352] KSP converged reason: 4, iterations: 1
  [a=23 b=28 nt=1354] KSP converged reason: 4, iterations: 1
  [a=23 b=28 nt=1354] KSP converged reason: 4, iterations: 1
  [a=23 b=28 nt=1352] KSP converged reason: 4, iterations: 1
  [a=23 b=28 nt=1352] KSP converged reason: 4, iterations: 1
  [1449] viol   f=  19.627  a=22.8 b=28.0 gap=9.6 (face=3.2mm) n=[289, 289, 387, 387]  tape=0.235km B=9.99T unif=1.049% hoop=117MPa
  [1450] viol   f=   7.270  a=22.8 b=28.0 gap=9.6 (face=3.2mm) n=[290, 290, 387, 387]  tape=0.236km B=10.04T unif=0.950% hoop=117MPa
  [1451] viol   f=  98.241  a=22.8 b=28.0 gap=9.6 (face=3.2mm) n=[290, 290, 387, 387]  tape=0.236km B=10.02T unif=1.360% hoop=117MPa
  [1452] viol   f=  12.437  a=22.8 b=28.1 gap=9.6 (face=3.2mm) n=[290, 290, 387, 387]  tape=0.236km B=10.02T unif=0.998% hoop=117MPa
  [1453] viol   f=  93.710  a=22.8 b=28.1 gap=9.6 (face=3.2mm) n=[290, 290, 387, 387]  tape=0.236km B=10.01T unif=1.347% hoop=117MPa
  [1454] viol   f=   2.680  a=22.8 b=28.0 gap=9.6 (face=3.2mm) n=[289, 289, 387, 387]  tape=0.235km B=9.98T unif=0.888% hoop=117MPa
  [1455] viol   f=   0.236  a=22.8 b=28.0 gap=9.6 (face=3.2mm) n=[289, 289, 387, 387]  tape=0.235km B=9.99T unif=0.711% hoop=118MPa
  [1456] viol   f=   0.237  a=22.8 b=28.0 gap=9.6 (face=3.2mm) n=[289, 289, 387, 387]  tape=0.235km B=9.97T unif=0.543% hoop=118MPa
  [a=23 b=28 nt=1352] KSP converged reason: 4, iterations: 1
  [a=23 b=28 nt=1352] KSP converged reason: 4, iterations: 1
  [a=23 b=28 nt=1352] KSP converged reason: 4, iterations: 1
  [a=23 b=28 nt=1352] KSP converged reason: 4, iterations: 1
  [a=23 b=28 nt=1354] KSP converged reason: 4, iterations: 1
  [a=23 b=28 nt=1352] KSP converged reason: 4, iterations: 1
  [a=23 b=28 nt=1352] KSP converged reason: 4, iterations: 1
  [a=23 b=28 nt=1352] KSP converged reason: 4, iterations: 1
  [1457] viol   f=  25.827  a=22.8 b=28.0 gap=9.6 (face=3.2mm) n=[289, 289, 387, 387]  tape=0.235km B=10.02T unif=1.086% hoop=118MPa
  [1458] viol   f=  47.742  a=22.8 b=28.1 gap=9.6 (face=3.2mm) n=[290, 290, 387, 387]  tape=0.236km B=10.01T unif=1.190% hoop=118MPa
  [1459] viol   f=   0.237  a=22.8 b=28.0 gap=9.6 (face=3.2mm) n=[289, 289, 387, 387]  tape=0.235km B=9.97T unif=0.530% hoop=118MPa
  [1460] viol   f=   0.235  a=22.8 b=28.0 gap=9.6 (face=3.2mm) n=[289, 289, 387, 387]  tape=0.235km B=10.00T unif=0.757% hoop=117MPa
  [1461] viol   f=  21.524  a=22.8 b=28.0 gap=9.6 (face=3.2mm) n=[289, 289, 387, 387]  tape=0.235km B=9.99T unif=1.061% hoop=117MPa
  [1462] viol   f=   0.240  a=22.8 b=28.0 gap=9.6 (face=3.2mm) n=[289, 289, 387, 387]  tape=0.235km B=9.95T unif=0.729% hoop=116MPa
  [1463] viol   f=   0.649  a=22.8 b=28.0 gap=9.6 (face=3.2mm) n=[289, 289, 387, 387]  tape=0.235km B=10.00T unif=0.836% hoop=117MPa
  [1464] viol   f=  17.513  a=22.8 b=28.0 gap=9.6 (face=3.2mm) n=[289, 289, 387, 387]  tape=0.235km B=9.99T unif=1.035% hoop=118MPa
  [a=23 b=28 nt=1352] KSP converged reason: 4, iterations: 1
  [a=23 b=28 nt=1354] KSP converged reason: 4, iterations: 1
  [a=23 b=28 nt=1352] KSP converged reason: 4, iterations: 1
  [a=23 b=28 nt=1352] KSP converged reason: 4, iterations: 1
  [a=23 b=28 nt=1354] KSP converged reason: 4, iterations: 1
  [a=23 b=28 nt=1352] KSP converged reason: 4, iterations: 1
  [a=23 b=28 nt=1352] KSP converged reason: 4, iterations: 1
  [a=23 b=28 nt=1352] KSP converged reason: 4, iterations: 1
  [1465] viol   f=   0.238  a=22.8 b=28.0 gap=9.6 (face=3.2mm) n=[289, 289, 387, 387]  tape=0.235km B=9.96T unif=0.556% hoop=118MPa
  [1466] viol   f=   6.423  a=22.8 b=28.0 gap=9.6 (face=3.2mm) n=[289, 289, 387, 387]  tape=0.235km B=9.98T unif=0.941% hoop=117MPa
  [1467] viol   f=   0.235  a=22.8 b=28.0 gap=9.6 (face=3.2mm) n=[289, 289, 387, 387]  tape=0.235km B=9.99T unif=0.578% hoop=117MPa
  [1468] viol   f=  36.439  a=22.8 b=28.0 gap=9.6 (face=3.2mm) n=[289, 289, 388, 388]  tape=0.236km B=9.98T unif=1.140% hoop=117MPa
  [1469] viol   f=   0.410  a=22.8 b=28.0 gap=9.6 (face=3.2mm) n=[290, 290, 387, 387]  tape=0.236km B=10.03T unif=0.824% hoop=117MPa
  [1470] viol   f=   0.722  a=22.8 b=28.0 gap=9.6 (face=3.2mm) n=[289, 289, 387, 387]  tape=0.235km B=10.00T unif=0.839% hoop=118MPa
  [1471] viol   f=   9.961  a=22.8 b=28.0 gap=9.6 (face=3.2mm) n=[289, 289, 387, 387]  tape=0.235km B=9.99T unif=0.976% hoop=117MPa
  [1472] viol   f=   0.236  a=22.8 b=28.0 gap=9.6 (face=3.2mm) n=[289, 289, 387, 387]  tape=0.235km B=9.98T unif=0.624% hoop=117MPa
  [a=23 b=28 nt=1352] KSP converged reason: 4, iterations: 1
  [a=23 b=28 nt=1352] KSP converged reason: 4, iterations: 1
  [a=23 b=28 nt=1352] KSP converged reason: 4, iterations: 1
  [a=23 b=28 nt=1352] KSP converged reason: 4, iterations: 1
  [a=23 b=28 nt=1352] KSP converged reason: 4, iterations: 1
  [a=23 b=28 nt=1352] KSP converged reason: 4, iterations: 1
  [a=23 b=28 nt=1352] KSP converged reason: 4, iterations: 1
  [a=23 b=28 nt=1352] KSP converged reason: 4, iterations: 1
  [1473] viol   f=   0.236  a=22.8 b=28.0 gap=9.6 (face=3.2mm) n=[289, 289, 387, 387]  tape=0.235km B=9.98T unif=0.516% hoop=117MPa
  [1474] viol   f=   0.236  a=22.8 b=28.0 gap=9.6 (face=3.2mm) n=[289, 289, 387, 387]  tape=0.235km B=9.98T unif=0.697% hoop=117MPa
  [1475] viol   f=   0.237  a=22.8 b=28.0 gap=9.6 (face=3.2mm) n=[289, 289, 387, 387]  tape=0.235km B=9.98T unif=0.771% hoop=117MPa
  [1476] viol   f=   2.885  a=22.8 b=28.0 gap=9.6 (face=3.2mm) n=[289, 289, 387, 387]  tape=0.235km B=9.99T unif=0.892% hoop=118MPa
  [1477] viol   f=   0.238  a=22.8 b=28.0 gap=9.6 (face=3.2mm) n=[289, 289, 387, 387]  tape=0.235km B=9.97T unif=0.590% hoop=118MPa
  [1478] viol   f=   1.664  a=22.8 b=28.0 gap=9.6 (face=3.2mm) n=[289, 289, 387, 387]  tape=0.235km B=9.95T unif=0.867% hoop=116MPa
  [1479] viol   f=   0.236  a=22.8 b=28.0 gap=9.6 (face=3.2mm) n=[289, 289, 387, 387]  tape=0.235km B=9.99T unif=0.637% hoop=118MPa
  [1480] viol   f=   0.237  a=22.8 b=28.0 gap=9.6 (face=3.2mm) n=[289, 289, 387, 387]  tape=0.235km B=9.97T unif=0.516% hoop=117MPa
  [a=23 b=28 nt=1352] KSP converged reason: 4, iterations: 1
  [a=23 b=28 nt=1352] KSP converged reason: 4, iterations: 1
  [a=23 b=28 nt=1352] KSP converged reason: 4, iterations: 1
  [a=23 b=28 nt=1352] KSP converged reason: 4, iterations: 1
  [a=23 b=28 nt=1352] KSP converged reason: 4, iterations: 1
  [a=23 b=28 nt=1352] KSP converged reason: 4, iterations: 1
  [a=23 b=28 nt=1352] KSP converged reason: 4, iterations: 1
  [a=23 b=28 nt=1352] KSP converged reason: 4, iterations: 1
  [1481] viol   f=  42.905  a=22.8 b=28.0 gap=9.6 (face=3.2mm) n=[289, 289, 387, 387]  tape=0.235km B=9.99T unif=1.170% hoop=117MPa
  [1482] viol   f=   0.236  a=22.8 b=28.0 gap=9.6 (face=3.2mm) n=[289, 289, 387, 387]  tape=0.235km B=9.99T unif=0.668% hoop=117MPa
  [1483] viol   f=  26.057  a=22.8 b=28.0 gap=9.6 (face=3.2mm) n=[289, 289, 387, 387]  tape=0.235km B=9.99T unif=1.087% hoop=117MPa
  [1484] viol   f=  70.679  a=22.8 b=28.0 gap=9.6 (face=3.2mm) n=[289, 289, 387, 387]  tape=0.235km B=10.00T unif=1.275% hoop=117MPa
  [1485] viol   f=   0.237  a=22.8 b=28.0 gap=9.6 (face=3.2mm) n=[289, 289, 387, 387]  tape=0.235km B=9.98T unif=0.576% hoop=118MPa
  [1486] viol   f=   0.236  a=22.8 b=28.0 gap=9.6 (face=3.2mm) n=[289, 289, 387, 387]  tape=0.235km B=9.98T unif=0.567% hoop=118MPa
  [1487] viol   f=   0.235  a=22.8 b=28.0 gap=9.6 (face=3.2mm) n=[289, 289, 387, 387]  tape=0.235km B=9.99T unif=0.722% hoop=117MPa
  [1488] viol   f=   0.236  a=22.8 b=28.0 gap=9.6 (face=3.2mm) n=[289, 289, 387, 387]  tape=0.235km B=9.98T unif=0.489% hoop=117MPa
  [a=23 b=28 nt=1352] KSP converged reason: 4, iterations: 1
  [a=23 b=28 nt=1352] KSP converged reason: 4, iterations: 1
  [a=23 b=28 nt=1352] KSP converged reason: 4, iterations: 1
  [a=23 b=28 nt=1352] KSP converged reason: 4, iterations: 1
  [a=23 b=28 nt=1352] KSP converged reason: 4, iterations: 1
  [a=23 b=28 nt=1352] KSP converged reason: 4, iterations: 1
  [a=23 b=28 nt=1352] KSP converged reason: 4, iterations: 1
  [a=23 b=28 nt=1352] KSP converged reason: 4, iterations: 1
  [1489] viol   f=  71.842  a=22.8 b=28.0 gap=9.6 (face=3.2mm) n=[289, 289, 387, 387]  tape=0.235km B=10.00T unif=1.279% hoop=118MPa
  [1490] viol   f=   0.235  a=22.8 b=28.0 gap=9.6 (face=3.2mm) n=[289, 289, 387, 387]  tape=0.235km B=9.99T unif=0.667% hoop=117MPa
  [1491] viol   f=   0.236  a=22.8 b=28.0 gap=9.6 (face=3.2mm) n=[289, 289, 387, 387]  tape=0.235km B=9.98T unif=0.693% hoop=117MPa
  [1492] viol   f=   1.402  a=22.8 b=28.0 gap=9.6 (face=3.2mm) n=[289, 289, 387, 387]  tape=0.235km B=10.01T unif=0.861% hoop=117MPa
  [1493] viol   f=   9.213  a=22.8 b=28.0 gap=9.6 (face=3.2mm) n=[289, 289, 387, 387]  tape=0.235km B=9.99T unif=0.969% hoop=117MPa
  [1494] viol   f=   9.532  a=22.8 b=28.0 gap=9.6 (face=3.2mm) n=[289, 289, 387, 387]  tape=0.235km B=9.99T unif=0.972% hoop=118MPa
  [1495] viol   f=   0.240  a=22.8 b=28.1 gap=9.6 (face=3.2mm) n=[289, 289, 387, 387]  tape=0.236km B=9.95T unif=0.801% hoop=116MPa
  [1496] viol   f=  47.187  a=22.8 b=28.0 gap=9.6 (face=3.2mm) n=[289, 289, 387, 387]  tape=0.235km B=9.99T unif=1.188% hoop=118MPa
  [a=23 b=28 nt=1352] KSP converged reason: 4, iterations: 1
  [a=23 b=28 nt=1352] KSP converged reason: 4, iterations: 1
  [a=23 b=28 nt=1352] KSP converged reason: 4, iterations: 1
  [a=23 b=28 nt=1352] KSP converged reason: 4, iterations: 1
  [a=23 b=28 nt=1352] KSP converged reason: 4, iterations: 1
  [a=23 b=28 nt=1352] KSP converged reason: 4, iterations: 1
  [a=23 b=28 nt=1352] KSP converged reason: 4, iterations: 1
  [a=23 b=28 nt=1352] KSP converged reason: 4, iterations: 1
  [1497] viol   f=   5.196  a=22.8 b=28.0 gap=9.6 (face=3.2mm) n=[289, 289, 387, 387]  tape=0.235km B=9.99T unif=0.926% hoop=117MPa
  [1498] viol   f=   9.333  a=22.8 b=28.0 gap=9.6 (face=3.2mm) n=[289, 289, 387, 387]  tape=0.235km B=9.99T unif=0.971% hoop=118MPa
  [1499] viol   f=   1.410  a=22.8 b=28.0 gap=9.6 (face=3.2mm) n=[289, 289, 387, 387]  tape=0.235km B=10.01T unif=0.861% hoop=118MPa
  [1500] viol   f=   0.237  a=22.8 b=28.0 gap=9.6 (face=3.2mm) n=[289, 289, 387, 387]  tape=0.235km B=9.98T unif=0.522% hoop=117MPa
  [1501] viol   f=   0.235  a=22.8 b=28.0 gap=9.6 (face=3.2mm) n=[289, 289, 387, 387]  tape=0.235km B=10.00T unif=0.775% hoop=118MPa
  [1502] viol   f=   1.404  a=22.8 b=28.0 gap=9.6 (face=3.2mm) n=[289, 289, 387, 387]  tape=0.235km B=9.96T unif=0.861% hoop=115MPa
  [1503] viol   f=   0.235  a=22.8 b=28.0 gap=9.6 (face=3.2mm) n=[289, 289, 387, 387]  tape=0.235km B=9.99T unif=0.631% hoop=117MPa
  [1504] viol   f=  56.550  a=22.8 b=28.0 gap=9.6 (face=3.2mm) n=[289, 289, 387, 387]  tape=0.235km B=10.00T unif=1.225% hoop=118MPa
  [a=23 b=28 nt=1354] KSP converged reason: 4, iterations: 1
  [a=23 b=28 nt=1352] KSP converged reason: 4, iterations: 1
  [a=23 b=28 nt=1352] KSP converged reason: 4, iterations: 1
  [a=23 b=28 nt=1352] KSP converged reason: 4, iterations: 1
  [a=23 b=28 nt=1352] KSP converged reason: 4, iterations: 1
  [a=23 b=28 nt=1352] KSP converged reason: 4, iterations: 1
  [a=23 b=28 nt=1352] KSP converged reason: 4, iterations: 1
  [a=23 b=28 nt=1352] KSP converged reason: 4, iterations: 1
  [1505] viol   f=   1.252  a=22.8 b=28.0 gap=9.6 (face=3.2mm) n=[289, 289, 388, 388]  tape=0.236km B=9.97T unif=0.857% hoop=117MPa
  [1506] viol   f=  23.500  a=22.8 b=28.0 gap=9.6 (face=3.2mm) n=[289, 289, 387, 387]  tape=0.235km B=9.98T unif=1.073% hoop=117MPa
  [1507] viol   f=   0.353  a=22.8 b=28.1 gap=9.6 (face=3.2mm) n=[289, 289, 387, 387]  tape=0.235km B=9.99T unif=0.819% hoop=118MPa
  [1508] viol   f=   0.249  a=22.8 b=28.0 gap=9.6 (face=3.2mm) n=[289, 289, 387, 387]  tape=0.235km B=9.99T unif=0.807% hoop=117MPa
  [1509] viol   f=   3.061  a=22.8 b=28.0 gap=9.6 (face=3.2mm) n=[289, 289, 387, 387]  tape=0.235km B=10.00T unif=0.895% hoop=118MPa
  [1510] viol   f=   0.235  a=22.8 b=28.0 gap=9.6 (face=3.2mm) n=[289, 289, 387, 387]  tape=0.235km B=9.99T unif=0.647% hoop=117MPa
  [1511] viol   f= 146.202  a=22.8 b=28.0 gap=9.6 (face=3.2mm) n=[289, 289, 387, 387]  tape=0.235km B=10.00T unif=1.483% hoop=118MPa
  [1512] viol   f=  62.936  a=22.8 b=28.0 gap=9.6 (face=3.2mm) n=[289, 289, 387, 387]  tape=0.235km B=9.99T unif=1.248% hoop=118MPa
  [a=23 b=28 nt=1352] KSP converged reason: 4, iterations: 1
  [a=23 b=28 nt=1352] KSP converged reason: 4, iterations: 1
  [a=23 b=28 nt=1352] KSP converged reason: 4, iterations: 1
  [a=23 b=28 nt=1352] KSP converged reason: 4, iterations: 1
  [a=23 b=28 nt=1352] KSP converged reason: 4, iterations: 1
  [a=23 b=28 nt=1352] KSP converged reason: 4, iterations: 1
  [a=23 b=28 nt=1352] KSP converged reason: 4, iterations: 1
  [a=23 b=28 nt=1352] KSP converged reason: 4, iterations: 1
  [1513] viol   f=   0.687  a=22.8 b=28.0 gap=9.6 (face=3.2mm) n=[289, 289, 387, 387]  tape=0.235km B=10.01T unif=0.838% hoop=117MPa
  [1514] viol   f=  13.861  a=22.8 b=28.0 gap=9.6 (face=3.2mm) n=[289, 289, 387, 387]  tape=0.235km B=9.99T unif=1.009% hoop=118MPa
  [1515] viol   f=   3.346  a=22.8 b=28.0 gap=9.6 (face=3.2mm) n=[289, 289, 387, 387]  tape=0.235km B=9.96T unif=0.900% hoop=117MPa
  [1516] viol   f=  85.692  a=22.8 b=28.0 gap=9.6 (face=3.2mm) n=[289, 289, 387, 387]  tape=0.235km B=10.00T unif=1.323% hoop=118MPa
  [1517] viol   f=   9.556  a=22.8 b=28.0 gap=9.6 (face=3.2mm) n=[289, 289, 387, 387]  tape=0.235km B=9.99T unif=0.973% hoop=118MPa
  [1518] viol   f=   0.767  a=22.8 b=28.0 gap=9.6 (face=3.2mm) n=[289, 289, 387, 387]  tape=0.235km B=9.99T unif=0.841% hoop=117MPa
  [1519] viol   f=   1.009  a=22.8 b=28.0 gap=9.6 (face=3.2mm) n=[289, 289, 387, 387]  tape=0.235km B=9.99T unif=0.850% hoop=117MPa
  [1520] viol   f=  38.234  a=22.8 b=28.0 gap=9.6 (face=3.2mm) n=[289, 289, 387, 387]  tape=0.235km B=9.97T unif=1.149% hoop=117MPa
  [a=23 b=28 nt=1352] KSP converged reason: 4, iterations: 1
  [a=23 b=28 nt=1352] KSP converged reason: 4, iterations: 1
  [a=23 b=28 nt=1352] KSP converged reason: 4, iterations: 1
  [a=23 b=28 nt=1352] KSP converged reason: 4, iterations: 1
  [a=23 b=28 nt=1352] KSP converged reason: 4, iterations: 1
  [a=23 b=28 nt=1352] KSP converged reason: 4, iterations: 1
  [a=23 b=28 nt=1352] KSP converged reason: 4, iterations: 1
  [a=23 b=28 nt=1352] KSP converged reason: 4, iterations: 1
  [1521] viol   f=   0.236  a=22.8 b=28.0 gap=9.6 (face=3.2mm) n=[289, 289, 387, 387]  tape=0.235km B=9.98T unif=0.753% hoop=118MPa
  [1522] viol   f=   0.237  a=22.8 b=28.0 gap=9.6 (face=3.2mm) n=[289, 289, 387, 387]  tape=0.235km B=9.97T unif=0.485% hoop=117MPa
  [1523] viol   f=  77.566  a=22.8 b=28.0 gap=9.6 (face=3.2mm) n=[289, 289, 387, 387]  tape=0.235km B=9.99T unif=1.297% hoop=118MPa
  [1524] viol   f=  19.453  a=22.8 b=28.1 gap=9.6 (face=3.2mm) n=[289, 289, 387, 387]  tape=0.236km B=9.99T unif=1.048% hoop=117MPa
  [1525] viol   f=   1.412  a=22.8 b=28.0 gap=9.6 (face=3.2mm) n=[289, 289, 387, 387]  tape=0.235km B=9.96T unif=0.861% hoop=118MPa
  [1526] viol   f=  17.034  a=22.8 b=28.0 gap=9.6 (face=3.2mm) n=[289, 289, 387, 387]  tape=0.235km B=9.96T unif=1.032% hoop=118MPa
  [1527] viol   f=   3.455  a=22.8 b=28.0 gap=9.6 (face=3.2mm) n=[289, 289, 387, 387]  tape=0.235km B=10.00T unif=0.902% hoop=118MPa
  [1528] viol   f=   0.235  a=22.8 b=28.0 gap=9.6 (face=3.2mm) n=[289, 289, 387, 387]  tape=0.235km B=9.99T unif=0.669% hoop=117MPa
  [a=23 b=28 nt=1352] KSP converged reason: 4, iterations: 1
  [a=23 b=28 nt=1352] KSP converged reason: 4, iterations: 1
  [a=23 b=28 nt=1352] KSP converged reason: 4, iterations: 1
  [a=23 b=28 nt=1352] KSP converged reason: 4, iterations: 1
  [a=23 b=28 nt=1352] KSP converged reason: 4, iterations: 1
  [a=23 b=28 nt=1352] KSP converged reason: 4, iterations: 1
  [a=23 b=28 nt=1352] KSP converged reason: 4, iterations: 1
  [a=23 b=28 nt=1352] KSP converged reason: 4, iterations: 1
  [1529] viol   f=  44.726  a=22.8 b=28.0 gap=9.6 (face=3.2mm) n=[289, 289, 387, 387]  tape=0.235km B=10.00T unif=1.177% hoop=118MPa
  [1530] OK     f=   0.235  a=22.8 b=28.0 gap=9.6 (face=3.2mm) n=[289, 289, 387, 387]  tape=0.235km B=10.01T unif=0.776% hoop=118MPa
  [1531] viol   f=   2.341  a=22.8 b=28.0 gap=9.6 (face=3.2mm) n=[289, 289, 387, 387]  tape=0.235km B=9.99T unif=0.882% hoop=118MPa
  [1532] viol   f=  51.307  a=22.8 b=28.0 gap=9.6 (face=3.2mm) n=[289, 289, 387, 387]  tape=0.235km B=9.96T unif=1.204% hoop=117MPa
  [1533] viol   f=  93.414  a=22.8 b=28.0 gap=9.6 (face=3.2mm) n=[289, 289, 387, 387]  tape=0.235km B=10.00T unif=1.346% hoop=118MPa
  [1534] viol   f=   8.718  a=22.8 b=28.0 gap=9.6 (face=3.2mm) n=[289, 289, 387, 387]  tape=0.235km B=10.00T unif=0.965% hoop=118MPa
  [1535] viol   f=   0.243  a=22.8 b=28.0 gap=9.6 (face=3.2mm) n=[289, 289, 387, 387]  tape=0.235km B=9.98T unif=0.805% hoop=117MPa
  [1536] viol   f=  11.747  a=22.8 b=28.0 gap=9.6 (face=3.2mm) n=[289, 289, 387, 387]  tape=0.235km B=10.00T unif=0.992% hoop=118MPa
  [a=23 b=28 nt=1352] KSP converged reason: 4, iterations: 1
  [a=23 b=28 nt=1352] KSP converged reason: 4, iterations: 1
  [a=23 b=28 nt=1354] KSP converged reason: 4, iterations: 1
  [a=23 b=28 nt=1352] KSP converged reason: 4, iterations: 1
  [a=23 b=28 nt=1352] KSP converged reason: 4, iterations: 1
  [a=23 b=28 nt=1352] KSP converged reason: 4, iterations: 1
  [a=23 b=28 nt=1354] KSP converged reason: 4, iterations: 1
  [a=23 b=28 nt=1354] KSP converged reason: 4, iterations: 1
  [1537] viol   f=   0.238  a=22.8 b=28.0 gap=9.6 (face=3.2mm) n=[289, 289, 388, 388]  tape=0.236km B=9.96T unif=0.724% hoop=117MPa
  [1538] viol   f=   2.976  a=22.8 b=28.0 gap=9.6 (face=3.2mm) n=[289, 289, 387, 387]  tape=0.235km B=10.00T unif=0.894% hoop=118MPa
  [1539] viol   f=   0.920  a=22.8 b=28.0 gap=9.6 (face=3.2mm) n=[289, 289, 387, 387]  tape=0.235km B=10.00T unif=0.847% hoop=118MPa
  [1540] viol   f=   5.493  a=22.8 b=28.0 gap=9.6 (face=3.2mm) n=[289, 289, 387, 387]  tape=0.235km B=10.00T unif=0.930% hoop=118MPa
  [1541] viol   f= 133.083  a=22.8 b=28.0 gap=9.6 (face=3.2mm) n=[289, 289, 387, 387]  tape=0.235km B=10.00T unif=1.452% hoop=118MPa
  [1542] viol   f=   2.155  a=22.8 b=28.0 gap=9.6 (face=3.2mm) n=[289, 289, 387, 387]  tape=0.235km B=9.95T unif=0.878% hoop=115MPa
  [1543] viol   f=   5.613  a=22.8 b=28.1 gap=9.6 (face=3.2mm) n=[290, 290, 387, 387]  tape=0.236km B=10.02T unif=0.931% hoop=117MPa
  [1544] viol   f=   2.710  a=22.8 b=28.0 gap=9.6 (face=3.2mm) n=[289, 289, 388, 388]  tape=0.236km B=9.94T unif=0.889% hoop=116MPa
  [a=23 b=28 nt=1354] KSP converged reason: 4, iterations: 1
  [a=23 b=28 nt=1352] KSP converged reason: 4, iterations: 1
  [a=23 b=28 nt=1352] KSP converged reason: 4, iterations: 1
  [a=23 b=28 nt=1354] KSP converged reason: 4, iterations: 1
  [a=23 b=28 nt=1352] KSP converged reason: 4, iterations: 1
  [a=23 b=28 nt=1352] KSP converged reason: 4, iterations: 1
  [a=23 b=28 nt=1352] KSP converged reason: 4, iterations: 1
  [a=23 b=28 nt=1354] KSP converged reason: 4, iterations: 1
  [1545] viol   f=   0.415  a=22.8 b=28.0 gap=9.6 (face=3.2mm) n=[289, 289, 387, 387]  tape=0.235km B=10.00T unif=0.824% hoop=117MPa
  [1546] viol   f= 127.105  a=22.8 b=28.0 gap=9.6 (face=3.2mm) n=[289, 289, 387, 387]  tape=0.235km B=10.01T unif=1.437% hoop=118MPa
  [1547] viol   f=   3.695  a=22.8 b=28.0 gap=9.6 (face=3.2mm) n=[289, 289, 387, 387]  tape=0.235km B=10.00T unif=0.905% hoop=117MPa
  [1548] viol   f=   0.716  a=22.8 b=28.0 gap=9.6 (face=3.2mm) n=[289, 289, 387, 387]  tape=0.235km B=10.00T unif=0.839% hoop=118MPa
  [1549] viol   f=   0.241  a=22.8 b=28.0 gap=9.6 (face=3.2mm) n=[289, 289, 388, 388]  tape=0.236km B=9.95T unif=0.636% hoop=117MPa
  [1550] viol   f=   4.021  a=22.8 b=28.0 gap=9.6 (face=3.2mm) n=[289, 289, 388, 388]  tape=0.236km B=9.97T unif=0.910% hoop=117MPa
  [1551] viol   f=  43.767  a=22.8 b=28.0 gap=9.6 (face=3.2mm) n=[289, 289, 387, 387]  tape=0.235km B=10.00T unif=1.173% hoop=118MPa
  [1552] viol   f=  10.073  a=22.8 b=28.0 gap=9.6 (face=3.2mm) n=[289, 289, 388, 388]  tape=0.236km B=9.99T unif=0.977% hoop=118MPa
  [a=23 b=28 nt=1352] KSP converged reason: 4, iterations: 1
  [a=23 b=28 nt=1354] KSP converged reason: 4, iterations: 1
  [a=23 b=28 nt=1354] KSP converged reason: 4, iterations: 1
  [a=23 b=28 nt=1352] KSP converged reason: 4, iterations: 1
  [a=23 b=28 nt=1352] KSP converged reason: 4, iterations: 1
  [a=23 b=28 nt=1354] KSP converged reason: 4, iterations: 1
  [a=23 b=28 nt=1352] KSP converged reason: 4, iterations: 1
  [a=23 b=28 nt=1352] KSP converged reason: 4, iterations: 1
  [1553] viol   f=   6.696  a=22.8 b=28.0 gap=9.6 (face=3.2mm) n=[289, 289, 388, 388]  tape=0.236km B=9.97T unif=0.944% hoop=117MPa
  [1554] viol   f=   0.237  a=22.8 b=28.0 gap=9.6 (face=3.2mm) n=[289, 289, 388, 388]  tape=0.236km B=9.98T unif=0.744% hoop=118MPa
  [1555] viol   f=   0.235  a=22.8 b=28.0 gap=9.6 (face=3.2mm) n=[289, 289, 387, 387]  tape=0.235km B=10.00T unif=0.736% hoop=117MPa
  [1556] viol   f=   0.235  a=22.8 b=28.0 gap=9.6 (face=3.2mm) n=[289, 289, 387, 387]  tape=0.235km B=9.99T unif=0.719% hoop=117MPa
  [1557] viol   f=   4.853  a=22.8 b=28.0 gap=9.6 (face=3.2mm) n=[289, 289, 387, 387]  tape=0.235km B=10.00T unif=0.922% hoop=118MPa
  [1558] viol   f=  93.408  a=22.8 b=28.0 gap=9.6 (face=3.2mm) n=[289, 289, 388, 388]  tape=0.236km B=9.97T unif=1.346% hoop=118MPa
  [1559] viol   f=  16.976  a=22.8 b=28.0 gap=9.6 (face=3.2mm) n=[289, 289, 387, 387]  tape=0.235km B=10.01T unif=1.031% hoop=117MPa
  [1560] viol   f=   0.238  a=22.8 b=28.0 gap=9.6 (face=3.2mm) n=[289, 289, 387, 387]  tape=0.235km B=9.98T unif=0.803% hoop=117MPa
  [a=23 b=28 nt=1352] KSP converged reason: 4, iterations: 1
  [a=23 b=28 nt=1352] KSP converged reason: 4, iterations: 1
  [a=23 b=28 nt=1352] KSP converged reason: 4, iterations: 1
  [a=23 b=28 nt=1352] KSP converged reason: 4, iterations: 1
  [a=23 b=28 nt=1352] KSP converged reason: 4, iterations: 1
  [a=23 b=28 nt=1352] KSP converged reason: 4, iterations: 1
  [a=23 b=28 nt=1352] KSP converged reason: 4, iterations: 1
  [a=23 b=28 nt=1352] KSP converged reason: 4, iterations: 1
  [1561] viol   f=   3.680  a=22.8 b=28.0 gap=9.6 (face=3.2mm) n=[289, 289, 387, 387]  tape=0.235km B=10.00T unif=0.905% hoop=118MPa
  [1562] viol   f= 135.533  a=22.8 b=28.0 gap=9.6 (face=3.2mm) n=[289, 289, 387, 387]  tape=0.235km B=10.01T unif=1.458% hoop=118MPa
  [1563] viol   f=   0.401  a=22.8 b=28.0 gap=9.6 (face=3.2mm) n=[289, 289, 387, 387]  tape=0.235km B=10.00T unif=0.823% hoop=117MPa
  [1564] viol   f=   3.760  a=22.8 b=28.0 gap=9.6 (face=3.2mm) n=[289, 289, 387, 387]  tape=0.235km B=9.97T unif=0.906% hoop=117MPa
  [1565] viol   f=   6.167  a=22.8 b=28.0 gap=9.6 (face=3.2mm) n=[289, 289, 387, 387]  tape=0.235km B=9.99T unif=0.938% hoop=118MPa
  [1566] viol   f=   1.973  a=22.8 b=28.0 gap=9.6 (face=3.2mm) n=[289, 289, 387, 387]  tape=0.235km B=10.01T unif=0.875% hoop=117MPa
  [1567] viol   f=   4.985  a=22.8 b=28.0 gap=9.6 (face=3.2mm) n=[289, 289, 387, 387]  tape=0.235km B=10.00T unif=0.923% hoop=118MPa
  [1568] viol   f=   0.236  a=22.8 b=28.0 gap=9.6 (face=3.2mm) n=[289, 289, 387, 387]  tape=0.235km B=9.99T unif=0.700% hoop=117MPa
  [a=23 b=28 nt=1352] KSP converged reason: 4, iterations: 1
  [a=23 b=28 nt=1352] KSP converged reason: 4, iterations: 1
  [a=23 b=28 nt=1352] KSP converged reason: 4, iterations: 1
  [a=23 b=28 nt=1352] KSP converged reason: 4, iterations: 1
  [a=23 b=28 nt=1352] KSP converged reason: 4, iterations: 1
  [a=23 b=28 nt=1352] KSP converged reason: 4, iterations: 1
  [a=23 b=28 nt=1352] KSP converged reason: 4, iterations: 1
  [a=23 b=28 nt=1352] KSP converged reason: 4, iterations: 1
  [1569] viol   f=   1.694  a=22.8 b=28.0 gap=9.6 (face=3.2mm) n=[289, 289, 387, 387]  tape=0.235km B=10.00T unif=0.868% hoop=118MPa
  [1570] viol   f=  34.364  a=22.8 b=28.0 gap=9.6 (face=3.2mm) n=[289, 289, 387, 387]  tape=0.235km B=9.98T unif=1.130% hoop=117MPa
  [1571] viol   f=   0.782  a=22.8 b=28.0 gap=9.6 (face=3.2mm) n=[289, 289, 387, 387]  tape=0.235km B=9.99T unif=0.842% hoop=118MPa
  [1572] viol   f=   0.235  a=22.8 b=28.0 gap=9.6 (face=3.2mm) n=[289, 289, 387, 387]  tape=0.235km B=10.00T unif=0.705% hoop=118MPa
  [1573] viol   f=   0.240  a=22.8 b=28.0 gap=9.6 (face=3.2mm) n=[289, 289, 387, 387]  tape=0.235km B=9.95T unif=0.754% hoop=116MPa
  [1574] viol   f=   3.107  a=22.8 b=28.0 gap=9.6 (face=3.2mm) n=[289, 289, 387, 387]  tape=0.235km B=9.98T unif=0.896% hoop=117MPa
  [1575] viol   f=   0.235  a=22.8 b=28.0 gap=9.6 (face=3.2mm) n=[289, 289, 387, 387]  tape=0.235km B=10.00T unif=0.719% hoop=117MPa
  [1576] viol   f=  19.075  a=22.8 b=28.0 gap=9.6 (face=3.2mm) n=[289, 289, 387, 387]  tape=0.235km B=9.99T unif=1.046% hoop=117MPa
  [a=23 b=28 nt=1352] KSP converged reason: 4, iterations: 1
  [a=23 b=28 nt=1352] KSP converged reason: 4, iterations: 1
  [a=23 b=28 nt=1352] KSP converged reason: 4, iterations: 1
  [a=23 b=28 nt=1352] KSP converged reason: 4, iterations: 1
  [a=23 b=28 nt=1352] KSP converged reason: 4, iterations: 1
  [a=23 b=28 nt=1352] KSP converged reason: 4, iterations: 1
  [a=23 b=28 nt=1352] KSP converged reason: 4, iterations: 1
  [a=23 b=28 nt=1352] KSP converged reason: 4, iterations: 1
  [1577] viol   f=   8.409  a=22.8 b=28.0 gap=9.6 (face=3.2mm) n=[289, 289, 387, 387]  tape=0.235km B=10.01T unif=0.962% hoop=118MPa
  [1578] viol   f=   1.671  a=22.8 b=28.0 gap=9.6 (face=3.2mm) n=[289, 289, 387, 387]  tape=0.235km B=9.98T unif=0.868% hoop=117MPa
  [1579] viol   f=   0.235  a=22.8 b=28.0 gap=9.6 (face=3.2mm) n=[289, 289, 387, 387]  tape=0.235km B=10.00T unif=0.767% hoop=118MPa
  [1580] viol   f=   0.235  a=22.8 b=28.0 gap=9.6 (face=3.2mm) n=[289, 289, 387, 387]  tape=0.235km B=9.99T unif=0.778% hoop=118MPa
  [1581] viol   f=   2.340  a=22.8 b=28.0 gap=9.6 (face=3.2mm) n=[289, 289, 387, 387]  tape=0.235km B=10.00T unif=0.882% hoop=117MPa
  [1582] viol   f=   2.340  a=22.8 b=28.0 gap=9.6 (face=3.2mm) n=[289, 289, 387, 387]  tape=0.235km B=10.02T unif=0.882% hoop=117MPa
  [1583] viol   f=   4.993  a=22.8 b=28.0 gap=9.6 (face=3.2mm) n=[289, 289, 387, 387]  tape=0.235km B=10.00T unif=0.923% hoop=117MPa
  [1584] viol   f=  14.659  a=22.8 b=28.0 gap=9.6 (face=3.2mm) n=[289, 289, 387, 387]  tape=0.235km B=9.96T unif=1.015% hoop=117MPa
  [a=23 b=28 nt=1352] KSP converged reason: 4, iterations: 1
  [a=23 b=28 nt=1352] KSP converged reason: 4, iterations: 1
  [a=23 b=28 nt=1352] KSP converged reason: 4, iterations: 1
  [a=23 b=28 nt=1352] KSP converged reason: 4, iterations: 1
  [a=23 b=28 nt=1352] KSP converged reason: 4, iterations: 1
  [a=23 b=28 nt=1352] KSP converged reason: 4, iterations: 1
  [a=23 b=28 nt=1352] KSP converged reason: 4, iterations: 1
  [a=23 b=28 nt=1352] KSP converged reason: 4, iterations: 1
  [1585] viol   f=   0.237  a=22.8 b=28.0 gap=9.6 (face=3.2mm) n=[289, 289, 387, 387]  tape=0.235km B=9.97T unif=0.612% hoop=118MPa
  [1586] viol   f=   1.223  a=22.8 b=28.0 gap=9.6 (face=3.2mm) n=[289, 289, 387, 387]  tape=0.235km B=10.00T unif=0.856% hoop=118MPa
  [1587] viol   f=  46.662  a=22.8 b=28.0 gap=9.6 (face=3.2mm) n=[289, 289, 387, 387]  tape=0.235km B=10.01T unif=1.185% hoop=117MPa
  [1588] viol   f=  30.440  a=22.8 b=28.0 gap=9.6 (face=3.2mm) n=[289, 289, 387, 387]  tape=0.235km B=9.99T unif=1.111% hoop=117MPa
  [1589] viol   f=  27.475  a=22.8 b=28.0 gap=9.6 (face=3.2mm) n=[289, 289, 387, 387]  tape=0.235km B=10.00T unif=1.095% hoop=117MPa
  [1590] viol   f=  48.873  a=22.8 b=28.0 gap=9.6 (face=3.2mm) n=[289, 289, 387, 387]  tape=0.235km B=10.00T unif=1.195% hoop=118MPa
  [1591] viol   f=   0.235  a=22.8 b=28.0 gap=9.6 (face=3.2mm) n=[289, 289, 387, 387]  tape=0.235km B=9.99T unif=0.671% hoop=117MPa
  [1592] viol   f=   4.567  a=22.8 b=28.0 gap=9.6 (face=3.2mm) n=[289, 289, 387, 387]  tape=0.235km B=9.99T unif=0.918% hoop=118MPa
  [a=23 b=28 nt=1352] KSP converged reason: 4, iterations: 1
  [a=23 b=28 nt=1352] KSP converged reason: 4, iterations: 1
  [a=23 b=28 nt=1352] KSP converged reason: 4, iterations: 1
  [a=23 b=28 nt=1354] KSP converged reason: 4, iterations: 1
  [a=23 b=28 nt=1354] KSP converged reason: 4, iterations: 1
  [a=23 b=28 nt=1352] KSP converged reason: 4, iterations: 1
  [a=23 b=28 nt=1352] KSP converged reason: 4, iterations: 1
  [a=23 b=28 nt=1352] KSP converged reason: 4, iterations: 1
  [1593] viol   f=   2.669  a=22.8 b=28.0 gap=9.6 (face=3.2mm) n=[289, 289, 387, 387]  tape=0.235km B=10.00T unif=0.888% hoop=118MPa
  [1594] viol   f=   0.238  a=22.8 b=28.0 gap=9.6 (face=3.2mm) n=[289, 289, 388, 388]  tape=0.236km B=9.97T unif=0.733% hoop=117MPa
  [1595] viol   f=  55.455  a=22.8 b=28.0 gap=9.6 (face=3.2mm) n=[289, 289, 387, 387]  tape=0.235km B=10.01T unif=1.220% hoop=117MPa
  [1596] viol   f=   9.394  a=22.8 b=28.0 gap=9.6 (face=3.2mm) n=[289, 289, 388, 388]  tape=0.236km B=9.97T unif=0.971% hoop=117MPa
  [1597] viol   f=   6.679  a=22.8 b=28.0 gap=9.6 (face=3.2mm) n=[289, 289, 387, 387]  tape=0.235km B=10.00T unif=0.944% hoop=118MPa
  [1598] viol   f=   0.235  a=22.8 b=28.0 gap=9.6 (face=3.2mm) n=[289, 289, 387, 387]  tape=0.235km B=9.99T unif=0.760% hoop=118MPa
  [1599] viol   f=   0.235  a=22.8 b=28.0 gap=9.6 (face=3.2mm) n=[289, 289, 387, 387]  tape=0.235km B=9.99T unif=0.786% hoop=118MPa
  [1600] OK     f=   0.235  a=22.8 b=28.0 gap=9.6 (face=3.2mm) n=[289, 289, 387, 387]  tape=0.235km B=10.00T unif=0.782% hoop=118MPa
  [a=23 b=28 nt=1352] KSP converged reason: 4, iterations: 1
  [a=23 b=28 nt=1352] KSP converged reason: 4, iterations: 1
  [a=23 b=28 nt=1352] KSP converged reason: 4, iterations: 1
  [a=23 b=28 nt=1352] KSP converged reason: 4, iterations: 1
  [a=23 b=28 nt=1352] KSP converged reason: 4, iterations: 1
  [a=23 b=28 nt=1352] KSP converged reason: 4, iterations: 1
  [a=23 b=28 nt=1352] KSP converged reason: 4, iterations: 1
  [a=23 b=28 nt=1352] KSP converged reason: 4, iterations: 1
  [1601] viol   f=   0.235  a=22.8 b=28.0 gap=9.6 (face=3.2mm) n=[289, 289, 387, 387]  tape=0.235km B=10.00T unif=0.638% hoop=117MPa
  [1602] viol   f=   2.033  a=22.8 b=28.0 gap=9.6 (face=3.2mm) n=[289, 289, 387, 387]  tape=0.235km B=10.00T unif=0.876% hoop=118MPa
  [1603] viol   f=   1.904  a=22.8 b=28.0 gap=9.6 (face=3.2mm) n=[289, 289, 387, 387]  tape=0.235km B=10.00T unif=0.873% hoop=117MPa
  [1604] viol   f=  46.760  a=22.8 b=28.0 gap=9.6 (face=3.2mm) n=[289, 289, 387, 387]  tape=0.235km B=10.00T unif=1.186% hoop=118MPa
  [1605] viol   f=  19.454  a=22.8 b=28.0 gap=9.6 (face=3.2mm) n=[289, 289, 387, 387]  tape=0.235km B=9.98T unif=1.048% hoop=117MPa
  [1606] viol   f=   0.307  a=22.8 b=28.0 gap=9.6 (face=3.2mm) n=[289, 289, 387, 387]  tape=0.235km B=10.01T unif=0.815% hoop=119MPa
  [1607] viol   f=   6.761  a=22.8 b=28.0 gap=9.6 (face=3.2mm) n=[289, 289, 387, 387]  tape=0.235km B=10.00T unif=0.945% hoop=118MPa
  [1608] viol   f=  51.918  a=22.8 b=28.0 gap=9.6 (face=3.2mm) n=[289, 289, 387, 387]  tape=0.235km B=9.99T unif=1.207% hoop=118MPa
  [a=23 b=28 nt=1352] KSP converged reason: 4, iterations: 1
  [a=23 b=28 nt=1352] KSP converged reason: 4, iterations: 1
  [a=23 b=28 nt=1352] KSP converged reason: 4, iterations: 1
  [a=23 b=28 nt=1352] KSP converged reason: 4, iterations: 1
  [a=23 b=28 nt=1352] KSP converged reason: 4, iterations: 1
  [a=23 b=28 nt=1352] KSP converged reason: 4, iterations: 1
  [a=23 b=28 nt=1352] KSP converged reason: 4, iterations: 1
  [a=23 b=28 nt=1352] KSP converged reason: 4, iterations: 1
  [1609] viol   f=  13.125  a=22.8 b=28.0 gap=9.6 (face=3.2mm) n=[289, 289, 387, 387]  tape=0.235km B=9.97T unif=1.003% hoop=118MPa
  [1610] viol   f= 114.656  a=22.8 b=28.0 gap=9.6 (face=3.2mm) n=[289, 289, 387, 387]  tape=0.235km B=10.01T unif=1.405% hoop=118MPa
  [1611] viol   f=   0.235  a=22.8 b=28.0 gap=9.6 (face=3.2mm) n=[289, 289, 387, 387]  tape=0.235km B=10.00T unif=0.640% hoop=117MPa
  [1612] viol   f=   0.235  a=22.8 b=28.0 gap=9.6 (face=3.2mm) n=[289, 289, 387, 387]  tape=0.235km B=9.99T unif=0.757% hoop=118MPa
  [1613] viol   f=   2.700  a=22.8 b=28.0 gap=9.6 (face=3.2mm) n=[289, 289, 387, 387]  tape=0.235km B=10.00T unif=0.889% hoop=118MPa
  [1614] viol   f=  25.370  a=22.8 b=28.0 gap=9.6 (face=3.2mm) n=[289, 289, 387, 387]  tape=0.235km B=9.99T unif=1.084% hoop=118MPa
  [1615] viol   f=   8.521  a=22.8 b=28.0 gap=9.6 (face=3.2mm) n=[289, 289, 387, 387]  tape=0.235km B=9.99T unif=0.963% hoop=118MPa
  [1616] viol   f=  17.249  a=22.8 b=28.0 gap=9.6 (face=3.2mm) n=[289, 289, 387, 387]  tape=0.235km B=9.96T unif=1.033% hoop=117MPa
  [a=23 b=28 nt=1352] KSP converged reason: 4, iterations: 1
  [a=23 b=28 nt=1352] KSP converged reason: 4, iterations: 1
  [a=23 b=28 nt=1352] KSP converged reason: 4, iterations: 1
  [a=23 b=28 nt=1352] KSP converged reason: 4, iterations: 1
  [a=23 b=28 nt=1352] KSP converged reason: 4, iterations: 1
  [a=23 b=28 nt=1352] KSP converged reason: 4, iterations: 1
  [a=23 b=28 nt=1352] KSP converged reason: 4, iterations: 1
  [a=23 b=28 nt=1352] KSP converged reason: 4, iterations: 1
  [1617] viol   f= 110.775  a=22.8 b=28.0 gap=9.6 (face=3.2mm) n=[289, 289, 387, 387]  tape=0.235km B=10.00T unif=1.395% hoop=118MPa
  [1618] viol   f=   0.235  a=22.8 b=28.0 gap=9.6 (face=3.2mm) n=[289, 289, 387, 387]  tape=0.235km B=9.99T unif=0.793% hoop=118MPa
  [1619] viol   f=   0.235  a=22.8 b=28.0 gap=9.6 (face=3.2mm) n=[289, 289, 387, 387]  tape=0.235km B=10.00T unif=0.694% hoop=117MPa
  [1620] viol   f=   0.481  a=22.8 b=28.0 gap=9.6 (face=3.2mm) n=[289, 289, 387, 387]  tape=0.235km B=9.99T unif=0.828% hoop=117MPa
  [1621] viol   f=   0.235  a=22.8 b=28.0 gap=9.6 (face=3.2mm) n=[289, 289, 387, 387]  tape=0.235km B=9.99T unif=0.663% hoop=117MPa
  [1622] viol   f=  44.424  a=22.8 b=28.0 gap=9.6 (face=3.2mm) n=[289, 289, 387, 387]  tape=0.235km B=9.97T unif=1.176% hoop=117MPa
  [1623] viol   f=  37.217  a=22.8 b=28.0 gap=9.6 (face=3.2mm) n=[289, 289, 387, 387]  tape=0.235km B=10.01T unif=1.144% hoop=117MPa
  [1624] viol   f= 107.610  a=22.8 b=28.0 gap=9.6 (face=3.2mm) n=[289, 289, 387, 387]  tape=0.235km B=10.00T unif=1.386% hoop=118MPa
  [a=23 b=28 nt=1352] KSP converged reason: 4, iterations: 1
  [a=23 b=28 nt=1352] KSP converged reason: 4, iterations: 1
  [a=23 b=28 nt=1352] KSP converged reason: 4, iterations: 1
  [a=23 b=28 nt=1352] KSP converged reason: 4, iterations: 1
  [a=23 b=28 nt=1352] KSP converged reason: 4, iterations: 1
  [a=23 b=28 nt=1352] KSP converged reason: 4, iterations: 1
  [a=23 b=28 nt=1352] KSP converged reason: 4, iterations: 1
  [a=23 b=28 nt=1352] KSP converged reason: 4, iterations: 1
  [1625] viol   f=  48.707  a=22.8 b=28.0 gap=9.6 (face=3.2mm) n=[289, 289, 387, 387]  tape=0.235km B=10.00T unif=1.194% hoop=117MPa
  [1626] viol   f=  10.185  a=22.8 b=28.0 gap=9.6 (face=3.2mm) n=[289, 289, 387, 387]  tape=0.235km B=10.00T unif=0.978% hoop=117MPa
  [1627] viol   f=   0.235  a=22.8 b=28.0 gap=9.6 (face=3.2mm) n=[289, 289, 387, 387]  tape=0.235km B=9.99T unif=0.771% hoop=119MPa
  [1628] viol   f=   0.751  a=22.8 b=28.0 gap=9.6 (face=3.2mm) n=[289, 289, 387, 387]  tape=0.235km B=10.00T unif=0.841% hoop=118MPa
  [1629] viol   f= 115.679  a=22.8 b=28.0 gap=9.6 (face=3.2mm) n=[289, 289, 387, 387]  tape=0.235km B=10.01T unif=1.408% hoop=118MPa
  [1630] viol   f=   0.698  a=22.8 b=28.0 gap=9.6 (face=3.2mm) n=[289, 289, 387, 387]  tape=0.235km B=9.99T unif=0.838% hoop=117MPa
  [1631] OK     f=   0.235  a=22.8 b=28.0 gap=9.6 (face=3.2mm) n=[289, 289, 387, 387]  tape=0.235km B=10.00T unif=0.790% hoop=118MPa
  [1632] viol   f=  15.967  a=22.8 b=28.0 gap=9.6 (face=3.2mm) n=[289, 289, 387, 387]  tape=0.235km B=10.00T unif=1.024% hoop=118MPa
  [a=23 b=28 nt=1352] KSP converged reason: 4, iterations: 1
  [a=23 b=28 nt=1352] KSP converged reason: 4, iterations: 1
  [a=23 b=28 nt=1352] KSP converged reason: 4, iterations: 1
  [a=23 b=28 nt=1352] KSP converged reason: 4, iterations: 1
  [a=23 b=28 nt=1352] KSP converged reason: 4, iterations: 1
  [a=23 b=28 nt=1352] KSP converged reason: 4, iterations: 1
  [a=23 b=28 nt=1352] KSP converged reason: 4, iterations: 1
  [a=23 b=28 nt=1352] KSP converged reason: 4, iterations: 1
  [1633] viol   f=   0.236  a=22.8 b=28.0 gap=9.6 (face=3.2mm) n=[289, 289, 387, 387]  tape=0.235km B=9.98T unif=0.661% hoop=117MPa
  [1634] viol   f=   0.235  a=22.8 b=28.0 gap=9.6 (face=3.2mm) n=[289, 289, 387, 387]  tape=0.235km B=10.00T unif=0.633% hoop=117MPa
  [1635] viol   f=   0.235  a=22.8 b=28.0 gap=9.6 (face=3.2mm) n=[289, 289, 387, 387]  tape=0.235km B=10.00T unif=0.777% hoop=118MPa
  [1636] viol   f=  48.066  a=22.8 b=28.0 gap=9.6 (face=3.2mm) n=[289, 289, 387, 387]  tape=0.235km B=10.00T unif=1.191% hoop=118MPa
  [1637] viol   f=   0.967  a=22.8 b=28.0 gap=9.6 (face=3.2mm) n=[289, 289, 387, 387]  tape=0.235km B=9.96T unif=0.848% hoop=116MPa
  [1638] viol   f=   1.625  a=22.8 b=28.0 gap=9.6 (face=3.2mm) n=[289, 289, 387, 387]  tape=0.235km B=9.99T unif=0.867% hoop=118MPa
  [1639] viol   f=   0.235  a=22.8 b=28.0 gap=9.6 (face=3.2mm) n=[289, 289, 387, 387]  tape=0.235km B=10.00T unif=0.689% hoop=118MPa
  [1640] viol   f=   0.239  a=22.8 b=28.0 gap=9.6 (face=3.2mm) n=[289, 289, 387, 387]  tape=0.235km B=9.95T unif=0.766% hoop=116MPa
  [a=23 b=28 nt=1352] KSP converged reason: 4, iterations: 1
  [a=23 b=28 nt=1352] KSP converged reason: 4, iterations: 1
  [a=23 b=28 nt=1352] KSP converged reason: 4, iterations: 1
  [a=23 b=28 nt=1352] KSP converged reason: 4, iterations: 1
  [a=23 b=28 nt=1352] KSP converged reason: 4, iterations: 1
  [a=23 b=28 nt=1352] KSP converged reason: 4, iterations: 1
  [a=23 b=28 nt=1352] KSP converged reason: 4, iterations: 1
  [a=23 b=28 nt=1352] KSP converged reason: 4, iterations: 1
  [1641] viol   f=   4.308  a=22.8 b=28.0 gap=9.6 (face=3.2mm) n=[289, 289, 387, 387]  tape=0.235km B=9.99T unif=0.914% hoop=117MPa
  [1642] viol   f=   0.235  a=22.8 b=28.0 gap=9.6 (face=3.2mm) n=[289, 289, 387, 387]  tape=0.235km B=9.99T unif=0.761% hoop=117MPa
  [1643] viol   f=   0.236  a=22.8 b=28.0 gap=9.6 (face=3.2mm) n=[289, 289, 387, 387]  tape=0.235km B=9.98T unif=0.683% hoop=117MPa
  [1644] viol   f=  10.848  a=22.8 b=28.0 gap=9.6 (face=3.2mm) n=[289, 289, 387, 387]  tape=0.235km B=10.00T unif=0.984% hoop=117MPa
  [1645] viol   f=   0.235  a=22.8 b=28.0 gap=9.6 (face=3.2mm) n=[289, 289, 387, 387]  tape=0.235km B=9.99T unif=0.679% hoop=117MPa
  [1646] viol   f=  51.711  a=22.8 b=28.0 gap=9.6 (face=3.2mm) n=[289, 289, 387, 387]  tape=0.235km B=10.00T unif=1.206% hoop=118MPa
  [1647] viol   f=   0.235  a=22.8 b=28.0 gap=9.6 (face=3.2mm) n=[289, 289, 387, 387]  tape=0.235km B=10.00T unif=0.763% hoop=117MPa
  [1648] viol   f=   0.255  a=22.8 b=28.0 gap=9.6 (face=3.2mm) n=[289, 289, 387, 387]  tape=0.235km B=10.00T unif=0.808% hoop=117MPa
  [a=23 b=28 nt=1352] KSP converged reason: 4, iterations: 1
  [a=23 b=28 nt=1352] KSP converged reason: 4, iterations: 1
  [a=23 b=28 nt=1352] KSP converged reason: 4, iterations: 1
  [a=23 b=28 nt=1352] KSP converged reason: 4, iterations: 1
  [a=23 b=28 nt=1352] KSP converged reason: 4, iterations: 1
  [a=23 b=28 nt=1352] KSP converged reason: 4, iterations: 1
[0]PETSC ERROR: [0]PETSC ERROR: [0]PETSC ERROR: ------------------------------------------------------------------------
[0]PETSC ERROR: [0]PETSC ERROR: ------------------------------------------------------------------------
------------------------------------------------------------------------
------------------------------------------------------------------------
[0]PETSC ERROR: ------------------------------------------------------------------------
[0]PETSC ERROR: [0]PETSC ERROR: [0]PETSC ERROR: Caught signal number 15 Terminate: Some process (or the batch system) has told this process to end
[0]PETSC ERROR: Caught signal number 15 Terminate: Some process (or the batch system) has told this process to end
Caught signal number 15 Terminate: Some process (or the batch system) has told this process to end
Caught signal number 15 Terminate: Some process (or the batch system) has told this process to end
[0]PETSC ERROR: Caught signal number 15 Terminate: Some process (or the batch system) has told this process to end
[0]PETSC ERROR: [0]PETSC ERROR: [0]PETSC ERROR: Try option -start_in_debugger or -on_error_attach_debugger
[0]PETSC ERROR: Try option -start_in_debugger or -on_error_attach_debugger
Try option -start_in_debugger or -on_error_attach_debugger
Try option -start_in_debugger or -on_error_attach_debugger
[0]PETSC ERROR: Try option -start_in_debugger or -on_error_attach_debugger
[0]PETSC ERROR: [0]PETSC ERROR: [0]PETSC ERROR: or see https://petsc.org/release/faq/#valgrind and https://petsc.org/release/faq/
[0]PETSC ERROR: or see https://petsc.org/release/faq/#valgrind and https://petsc.org/release/faq/
or see https://petsc.org/release/faq/#valgrind and https://petsc.org/release/faq/
or see https://petsc.org/release/faq/#valgrind and https://petsc.org/release/faq/
[0]PETSC ERROR: or see https://petsc.org/release/faq/#valgrind and https://petsc.org/release/faq/
[0]PETSC ERROR: [0]PETSC ERROR: [0]PETSC ERROR: configure using --with-debugging=yes, recompile, link, and run 
[0]PETSC ERROR: configure using --with-debugging=yes, recompile, link, and run 
configure using --with-debugging=yes, recompile, link, and run 
configure using --with-debugging=yes, recompile, link, and run 
[0]PETSC ERROR: configure using --with-debugging=yes, recompile, link, and run 
[0]PETSC ERROR: [0]PETSC ERROR: [0]PETSC ERROR: to get more information on the crash.
[0]PETSC ERROR: to get more information on the crash.
to get more information on the crash.
to get more information on the crash.
to get more information on the crash.
Abort(59) on node 0 (rank 0 in comm 0): application called MPI_Abort(MPI_COMM_WORLD, 59) - process 0
Abort(59) on node 0 (rank 0 in comm 0): application called MPI_Abort(MPI_COMM_WORLD, 59) - process 0
Abort(59) on node 0 (rank 0 in comm 0): application called MPI_Abort(MPI_COMM_WORLD, 59) - process 0
Abort(59) on node 0 (rank 0 in comm 0): application called MPI_Abort(MPI_COMM_WORLD, 59) - process 0
Abort(59) on node 0 (rank 0 in comm 0): application called MPI_Abort(MPI_COMM_WORLD, 59) - process 0
/home/gerrityjack/miniconda3/envs/fenicsx-env/lib/python3.11/multiprocessing/resource_tracker.py:254: UserWarning: resource_tracker: There appear to be 5 leaked semaphore objects to clean up at shutdown
  warnings.warn('resource_tracker: There appear to be %d '
