ISO-10303-21;
HEADER;
FILE_NAME('Open CASCADE Shape Model','2026-09-04T11:33:30',('Author'),(
    'Open CASCADE'),'Open CASCADE STEP processor 7.9','Open CASCADE 7.9'
  ,'Unknown');
FILE_DESCRIPTION(('Open CASCADE Model'),'2;1');
FILE_SCHEMA((''));
ENDSEC;
DATA;
#1 = APPLICATION_PROTOCOL_DEFINITION('international standard',
  'automotive_design',2000,#2);
#2 = APPLICATION_CONTEXT(
  'core data for automotive mechanical design processes');
#3 = SHAPE_DEFINITION_REPRESENTATION(#4,#10);
#4 = PRODUCT_DEFINITION_SHAPE('','',#5);
#5 = PRODUCT_DEFINITION('design','',#6,#9);
#6 = PRODUCT_DEFINITION_FORMATION('','',#7);
#7 = PRODUCT('Open CASCADE STEP translator 7.9 1',
  'Open CASCADE STEP translator 7.9 1','',(#8));
#8 = PRODUCT_CONTEXT('',#2,'mechanical');
#9 = PRODUCT_DEFINITION_CONTEXT('part definition',#2,'design');
#10 = SHAPE_REPRESENTATION('',(#11,#15,#19,#23,#27,#31,#35,#39,#43,#47,
    #51,#55,#59),#63);
#11 = AXIS2_PLACEMENT_3D('',#12,#13,#14);
#12 = CARTESIAN_POINT('',(0.,0.,0.));
#13 = DIRECTION('',(0.,0.,1.));
#14 = DIRECTION('',(1.,0.,-0.));
#15 = AXIS2_PLACEMENT_3D('',#16,#17,#18);
#16 = CARTESIAN_POINT('',(0.,0.,0.));
#17 = DIRECTION('',(0.,0.,1.));
#18 = DIRECTION('',(1.,0.,-0.));
#19 = AXIS2_PLACEMENT_3D('',#20,#21,#22);
#20 = CARTESIAN_POINT('',(0.,0.,0.));
#21 = DIRECTION('',(0.,0.,1.));
#22 = DIRECTION('',(1.,0.,-0.));
#23 = AXIS2_PLACEMENT_3D('',#24,#25,#26);
#24 = CARTESIAN_POINT('',(0.,0.,0.));
#25 = DIRECTION('',(0.,0.,1.));
#26 = DIRECTION('',(1.,0.,-0.));
#27 = AXIS2_PLACEMENT_3D('',#28,#29,#30);
#28 = CARTESIAN_POINT('',(0.,0.,0.));
#29 = DIRECTION('',(0.,0.,1.));
#30 = DIRECTION('',(1.,0.,-0.));
#31 = AXIS2_PLACEMENT_3D('',#32,#33,#34);
#32 = CARTESIAN_POINT('',(0.,0.,0.));
#33 = DIRECTION('',(0.,0.,1.));
#34 = DIRECTION('',(1.,0.,-0.));
#35 = AXIS2_PLACEMENT_3D('',#36,#37,#38);
#36 = CARTESIAN_POINT('',(0.,0.,0.));
#37 = DIRECTION('',(0.,0.,1.));
#38 = DIRECTION('',(1.,0.,-0.));
#39 = AXIS2_PLACEMENT_3D('',#40,#41,#42);
#40 = CARTESIAN_POINT('',(0.,0.,0.));
#41 = DIRECTION('',(0.,0.,1.));
#42 = DIRECTION('',(1.,0.,-0.));
#43 = AXIS2_PLACEMENT_3D('',#44,#45,#46);
#44 = CARTESIAN_POINT('',(0.,0.,0.));
#45 = DIRECTION('',(0.,0.,1.));
#46 = DIRECTION('',(1.,0.,-0.));
#47 = AXIS2_PLACEMENT_3D('',#48,#49,#50);
#48 = CARTESIAN_POINT('',(0.,0.,0.));
#49 = DIRECTION('',(0.,0.,1.));
#50 = DIRECTION('',(1.,0.,-0.));
#51 = AXIS2_PLACEMENT_3D('',#52,#53,#54);
#52 = CARTESIAN_POINT('',(0.,0.,0.));
#53 = DIRECTION('',(0.,0.,1.));
#54 = DIRECTION('',(1.,0.,-0.));
#55 = AXIS2_PLACEMENT_3D('',#56,#57,#58);
#56 = CARTESIAN_POINT('',(0.,0.,0.));
#57 = DIRECTION('',(0.,0.,1.));
#58 = DIRECTION('',(1.,0.,-0.));
#59 = AXIS2_PLACEMENT_3D('',#60,#61,#62);
#60 = CARTESIAN_POINT('',(0.,0.,0.));
#61 = DIRECTION('',(0.,0.,1.));
#62 = DIRECTION('',(1.,0.,-0.));
#63 = ( GEOMETRIC_REPRESENTATION_CONTEXT(3) 
GLOBAL_UNCERTAINTY_ASSIGNED_CONTEXT((#67)) GLOBAL_UNIT_ASSIGNED_CONTEXT(
(#64,#65,#66)) REPRESENTATION_CONTEXT('Context #1',
  '3D Context with UNIT and UNCERTAINTY') );
#64 = ( LENGTH_UNIT() NAMED_UNIT(*) SI_UNIT(.MILLI.,.METRE.) );
#65 = ( NAMED_UNIT(*) PLANE_ANGLE_UNIT() SI_UNIT($,.RADIAN.) );
#66 = ( NAMED_UNIT(*) SI_UNIT($,.STERADIAN.) SOLID_ANGLE_UNIT() );
#67 = UNCERTAINTY_MEASURE_WITH_UNIT(LENGTH_MEASURE(1.E-04),#64,
  'distance_accuracy_value','confusion accuracy');
#68 = PRODUCT_RELATED_PRODUCT_CATEGORY('part',$,(#7));
#69 = SHAPE_DEFINITION_REPRESENTATION(#70,#76);
#70 = PRODUCT_DEFINITION_SHAPE('','',#71);
#71 = PRODUCT_DEFINITION('design','',#72,#75);
#72 = PRODUCT_DEFINITION_FORMATION('','',#73);
#73 = PRODUCT('Open CASCADE STEP translator 7.9 1.1',
  'Open CASCADE STEP translator 7.9 1.1','',(#74));
#74 = PRODUCT_CONTEXT('',#2,'mechanical');
#75 = PRODUCT_DEFINITION_CONTEXT('part definition',#2,'design');
#76 = ADVANCED_BREP_SHAPE_REPRESENTATION('',(#11,#77),#909);
#77 = MANIFOLD_SOLID_BREP('',#78);
#78 = CLOSED_SHELL('',(#79,#205,#283,#364,#435,#484,#600,#681,#759,#830,
    #879,#894));
#79 = ADVANCED_FACE('',(#80),#94,.F.);
#80 = FACE_BOUND('',#81,.F.);
#81 = EDGE_LOOP('',(#82,#120,#148,#179));
#82 = ORIENTED_EDGE('',*,*,#83,.T.);
#83 = EDGE_CURVE('',#84,#86,#88,.T.);
#84 = VERTEX_POINT('',#85);
#85 = CARTESIAN_POINT('',(-5.4,-43.925,8.));
#86 = VERTEX_POINT('',#87);
#87 = CARTESIAN_POINT('',(-5.4,-43.925,12.));
#88 = SURFACE_CURVE('',#89,(#93,#105),.PCURVE_S1.);
#89 = LINE('',#90,#91);
#90 = CARTESIAN_POINT('',(-5.4,-43.925,8.));
#91 = VECTOR('',#92,1.E+03);
#92 = DIRECTION('',(0.,0.,1.));
#93 = PCURVE('',#94,#99);
#94 = PLANE('',#95);
#95 = AXIS2_PLACEMENT_3D('',#96,#97,#98);
#96 = CARTESIAN_POINT('',(-5.4,-43.925,8.));
#97 = DIRECTION('',(0.,1.,0.));
#98 = DIRECTION('',(1.,0.,0.));
#99 = DEFINITIONAL_REPRESENTATION('',(#100),#104);
#100 = LINE('',#101,#102);
#101 = CARTESIAN_POINT('',(0.,0.));
#102 = VECTOR('',#103,1.);
#103 = DIRECTION('',(0.,-1.));
#104 = ( GEOMETRIC_REPRESENTATION_CONTEXT(2) 
PARAMETRIC_REPRESENTATION_CONTEXT() REPRESENTATION_CONTEXT('2D SPACE',''
  ) );
#105 = PCURVE('',#106,#114);
#106 = SURFACE_OF_LINEAR_EXTRUSION('',#107,#112);
#107 = ELLIPSE('',#108,43.925,43.925);
#108 = AXIS2_PLACEMENT_3D('',#109,#110,#111);
#109 = CARTESIAN_POINT('',(-5.4,0.,8.));
#110 = DIRECTION('',(0.,0.,1.));
#111 = DIRECTION('',(1.,0.,-0.));
#112 = VECTOR('',#113,1.E+03);
#113 = DIRECTION('',(-0.,-0.,-1.));
#114 = DEFINITIONAL_REPRESENTATION('',(#115),#119);
#115 = LINE('',#116,#117);
#116 = CARTESIAN_POINT('',(4.712388980385,0.));
#117 = VECTOR('',#118,1.);
#118 = DIRECTION('',(0.,-1.));
#119 = ( GEOMETRIC_REPRESENTATION_CONTEXT(2) 
PARAMETRIC_REPRESENTATION_CONTEXT() REPRESENTATION_CONTEXT('2D SPACE',''
  ) );
#120 = ORIENTED_EDGE('',*,*,#121,.T.);
#121 = EDGE_CURVE('',#86,#122,#124,.T.);
#122 = VERTEX_POINT('',#123);
#123 = CARTESIAN_POINT('',(5.4,-43.925,12.));
#124 = SURFACE_CURVE('',#125,(#129,#136),.PCURVE_S1.);
#125 = LINE('',#126,#127);
#126 = CARTESIAN_POINT('',(-5.4,-43.925,12.));
#127 = VECTOR('',#128,1.E+03);
#128 = DIRECTION('',(1.,0.,0.));
#129 = PCURVE('',#94,#130);
#130 = DEFINITIONAL_REPRESENTATION('',(#131),#135);
#131 = LINE('',#132,#133);
#132 = CARTESIAN_POINT('',(0.,-4.));
#133 = VECTOR('',#134,1.);
#134 = DIRECTION('',(1.,0.));
#135 = ( GEOMETRIC_REPRESENTATION_CONTEXT(2) 
PARAMETRIC_REPRESENTATION_CONTEXT() REPRESENTATION_CONTEXT('2D SPACE',''
  ) );
#136 = PCURVE('',#137,#142);
#137 = PLANE('',#138);
#138 = AXIS2_PLACEMENT_3D('',#139,#140,#141);
#139 = CARTESIAN_POINT('',(0.,-1.099039201709E-15,12.));
#140 = DIRECTION('',(0.,0.,1.));
#141 = DIRECTION('',(1.,0.,-0.));
#142 = DEFINITIONAL_REPRESENTATION('',(#143),#147);
#143 = LINE('',#144,#145);
#144 = CARTESIAN_POINT('',(-5.4,-43.925));
#145 = VECTOR('',#146,1.);
#146 = DIRECTION('',(1.,0.));
#147 = ( GEOMETRIC_REPRESENTATION_CONTEXT(2) 
PARAMETRIC_REPRESENTATION_CONTEXT() REPRESENTATION_CONTEXT('2D SPACE',''
  ) );
#148 = ORIENTED_EDGE('',*,*,#149,.F.);
#149 = EDGE_CURVE('',#150,#122,#152,.T.);
#150 = VERTEX_POINT('',#151);
#151 = CARTESIAN_POINT('',(5.4,-43.925,8.));
#152 = SURFACE_CURVE('',#153,(#157,#164),.PCURVE_S1.);
#153 = LINE('',#154,#155);
#154 = CARTESIAN_POINT('',(5.4,-43.925,8.));
#155 = VECTOR('',#156,1.E+03);
#156 = DIRECTION('',(0.,0.,1.));
#157 = PCURVE('',#94,#158);
#158 = DEFINITIONAL_REPRESENTATION('',(#159),#163);
#159 = LINE('',#160,#161);
#160 = CARTESIAN_POINT('',(10.8,0.));
#161 = VECTOR('',#162,1.);
#162 = DIRECTION('',(0.,-1.));
#163 = ( GEOMETRIC_REPRESENTATION_CONTEXT(2) 
PARAMETRIC_REPRESENTATION_CONTEXT() REPRESENTATION_CONTEXT('2D SPACE',''
  ) );
#164 = PCURVE('',#165,#173);
#165 = SURFACE_OF_LINEAR_EXTRUSION('',#166,#171);
#166 = ELLIPSE('',#167,43.925,43.925);
#167 = AXIS2_PLACEMENT_3D('',#168,#169,#170);
#168 = CARTESIAN_POINT('',(5.4,0.,8.));
#169 = DIRECTION('',(0.,0.,1.));
#170 = DIRECTION('',(1.,0.,-0.));
#171 = VECTOR('',#172,1.E+03);
#172 = DIRECTION('',(-0.,-0.,-1.));
#173 = DEFINITIONAL_REPRESENTATION('',(#174),#178);
#174 = LINE('',#175,#176);
#175 = CARTESIAN_POINT('',(4.712388980385,0.));
#176 = VECTOR('',#177,1.);
#177 = DIRECTION('',(0.,-1.));
#178 = ( GEOMETRIC_REPRESENTATION_CONTEXT(2) 
PARAMETRIC_REPRESENTATION_CONTEXT() REPRESENTATION_CONTEXT('2D SPACE',''
  ) );
#179 = ORIENTED_EDGE('',*,*,#180,.F.);
#180 = EDGE_CURVE('',#84,#150,#181,.T.);
#181 = SURFACE_CURVE('',#182,(#186,#193),.PCURVE_S1.);
#182 = LINE('',#183,#184);
#183 = CARTESIAN_POINT('',(-5.4,-43.925,8.));
#184 = VECTOR('',#185,1.E+03);
#185 = DIRECTION('',(1.,0.,0.));
#186 = PCURVE('',#94,#187);
#187 = DEFINITIONAL_REPRESENTATION('',(#188),#192);
#188 = LINE('',#189,#190);
#189 = CARTESIAN_POINT('',(0.,0.));
#190 = VECTOR('',#191,1.);
#191 = DIRECTION('',(1.,0.));
#192 = ( GEOMETRIC_REPRESENTATION_CONTEXT(2) 
PARAMETRIC_REPRESENTATION_CONTEXT() REPRESENTATION_CONTEXT('2D SPACE',''
  ) );
#193 = PCURVE('',#194,#199);
#194 = PLANE('',#195);
#195 = AXIS2_PLACEMENT_3D('',#196,#197,#198);
#196 = CARTESIAN_POINT('',(0.,-1.099039201709E-15,8.));
#197 = DIRECTION('',(0.,0.,1.));
#198 = DIRECTION('',(1.,0.,-0.));
#199 = DEFINITIONAL_REPRESENTATION('',(#200),#204);
#200 = LINE('',#201,#202);
#201 = CARTESIAN_POINT('',(-5.4,-43.925));
#202 = VECTOR('',#203,1.);
#203 = DIRECTION('',(1.,0.));
#204 = ( GEOMETRIC_REPRESENTATION_CONTEXT(2) 
PARAMETRIC_REPRESENTATION_CONTEXT() REPRESENTATION_CONTEXT('2D SPACE',''
  ) );
#205 = ADVANCED_FACE('',(#206),#106,.F.);
#206 = FACE_BOUND('',#207,.F.);
#207 = EDGE_LOOP('',(#208,#238,#260,#261));
#208 = ORIENTED_EDGE('',*,*,#209,.T.);
#209 = EDGE_CURVE('',#210,#212,#214,.T.);
#210 = VERTEX_POINT('',#211);
#211 = CARTESIAN_POINT('',(-5.4,43.925,8.));
#212 = VERTEX_POINT('',#213);
#213 = CARTESIAN_POINT('',(-5.4,43.925,12.));
#214 = SURFACE_CURVE('',#215,(#219,#226),.PCURVE_S1.);
#215 = LINE('',#216,#217);
#216 = CARTESIAN_POINT('',(-5.4,43.925,8.));
#217 = VECTOR('',#218,1.E+03);
#218 = DIRECTION('',(0.,0.,1.));
#219 = PCURVE('',#106,#220);
#220 = DEFINITIONAL_REPRESENTATION('',(#221),#225);
#221 = LINE('',#222,#223);
#222 = CARTESIAN_POINT('',(1.570796326795,0.));
#223 = VECTOR('',#224,1.);
#224 = DIRECTION('',(0.,-1.));
#225 = ( GEOMETRIC_REPRESENTATION_CONTEXT(2) 
PARAMETRIC_REPRESENTATION_CONTEXT() REPRESENTATION_CONTEXT('2D SPACE',''
  ) );
#226 = PCURVE('',#227,#232);
#227 = PLANE('',#228);
#228 = AXIS2_PLACEMENT_3D('',#229,#230,#231);
#229 = CARTESIAN_POINT('',(5.4,43.925,8.));
#230 = DIRECTION('',(0.,-1.,0.));
#231 = DIRECTION('',(-1.,0.,0.));
#232 = DEFINITIONAL_REPRESENTATION('',(#233),#237);
#233 = LINE('',#234,#235);
#234 = CARTESIAN_POINT('',(10.8,0.));
#235 = VECTOR('',#236,1.);
#236 = DIRECTION('',(0.,-1.));
#237 = ( GEOMETRIC_REPRESENTATION_CONTEXT(2) 
PARAMETRIC_REPRESENTATION_CONTEXT() REPRESENTATION_CONTEXT('2D SPACE',''
  ) );
#238 = ORIENTED_EDGE('',*,*,#239,.T.);
#239 = EDGE_CURVE('',#212,#86,#240,.T.);
#240 = SURFACE_CURVE('',#241,(#246,#253),.PCURVE_S1.);
#241 = ELLIPSE('',#242,43.925,43.925);
#242 = AXIS2_PLACEMENT_3D('',#243,#244,#245);
#243 = CARTESIAN_POINT('',(-5.4,0.,12.));
#244 = DIRECTION('',(0.,0.,1.));
#245 = DIRECTION('',(1.,0.,-0.));
#246 = PCURVE('',#106,#247);
#247 = DEFINITIONAL_REPRESENTATION('',(#248),#252);
#248 = LINE('',#249,#250);
#249 = CARTESIAN_POINT('',(0.,-4.E-03));
#250 = VECTOR('',#251,1.);
#251 = DIRECTION('',(1.,0.));
#252 = ( GEOMETRIC_REPRESENTATION_CONTEXT(2) 
PARAMETRIC_REPRESENTATION_CONTEXT() REPRESENTATION_CONTEXT('2D SPACE',''
  ) );
#253 = PCURVE('',#137,#254);
#254 = DEFINITIONAL_REPRESENTATION('',(#255),#259);
#255 = CIRCLE('',#256,43.925);
#256 = AXIS2_PLACEMENT_2D('',#257,#258);
#257 = CARTESIAN_POINT('',(-5.4,1.099039201709E-15));
#258 = DIRECTION('',(1.,0.));
#259 = ( GEOMETRIC_REPRESENTATION_CONTEXT(2) 
PARAMETRIC_REPRESENTATION_CONTEXT() REPRESENTATION_CONTEXT('2D SPACE',''
  ) );
#260 = ORIENTED_EDGE('',*,*,#83,.F.);
#261 = ORIENTED_EDGE('',*,*,#262,.F.);
#262 = EDGE_CURVE('',#210,#84,#263,.T.);
#263 = SURFACE_CURVE('',#264,(#269,#276),.PCURVE_S1.);
#264 = ELLIPSE('',#265,43.925,43.925);
#265 = AXIS2_PLACEMENT_3D('',#266,#267,#268);
#266 = CARTESIAN_POINT('',(-5.4,0.,8.));
#267 = DIRECTION('',(0.,0.,1.));
#268 = DIRECTION('',(1.,0.,-0.));
#269 = PCURVE('',#106,#270);
#270 = DEFINITIONAL_REPRESENTATION('',(#271),#275);
#271 = LINE('',#272,#273);
#272 = CARTESIAN_POINT('',(0.,0.));
#273 = VECTOR('',#274,1.);
#274 = DIRECTION('',(1.,0.));
#275 = ( GEOMETRIC_REPRESENTATION_CONTEXT(2) 
PARAMETRIC_REPRESENTATION_CONTEXT() REPRESENTATION_CONTEXT('2D SPACE',''
  ) );
#276 = PCURVE('',#194,#277);
#277 = DEFINITIONAL_REPRESENTATION('',(#278),#282);
#278 = CIRCLE('',#279,43.925);
#279 = AXIS2_PLACEMENT_2D('',#280,#281);
#280 = CARTESIAN_POINT('',(-5.4,1.099039201709E-15));
#281 = DIRECTION('',(1.,0.));
#282 = ( GEOMETRIC_REPRESENTATION_CONTEXT(2) 
PARAMETRIC_REPRESENTATION_CONTEXT() REPRESENTATION_CONTEXT('2D SPACE',''
  ) );
#283 = ADVANCED_FACE('',(#284),#165,.F.);
#284 = FACE_BOUND('',#285,.F.);
#285 = EDGE_LOOP('',(#286,#287,#311,#342));
#286 = ORIENTED_EDGE('',*,*,#149,.T.);
#287 = ORIENTED_EDGE('',*,*,#288,.T.);
#288 = EDGE_CURVE('',#122,#289,#291,.T.);
#289 = VERTEX_POINT('',#290);
#290 = CARTESIAN_POINT('',(49.325,0.,12.));
#291 = SURFACE_CURVE('',#292,(#297,#304),.PCURVE_S1.);
#292 = ELLIPSE('',#293,43.925,43.925);
#293 = AXIS2_PLACEMENT_3D('',#294,#295,#296);
#294 = CARTESIAN_POINT('',(5.4,0.,12.));
#295 = DIRECTION('',(0.,0.,1.));
#296 = DIRECTION('',(1.,0.,-0.));
#297 = PCURVE('',#165,#298);
#298 = DEFINITIONAL_REPRESENTATION('',(#299),#303);
#299 = LINE('',#300,#301);
#300 = CARTESIAN_POINT('',(0.,-4.E-03));
#301 = VECTOR('',#302,1.);
#302 = DIRECTION('',(1.,0.));
#303 = ( GEOMETRIC_REPRESENTATION_CONTEXT(2) 
PARAMETRIC_REPRESENTATION_CONTEXT() REPRESENTATION_CONTEXT('2D SPACE',''
  ) );
#304 = PCURVE('',#137,#305);
#305 = DEFINITIONAL_REPRESENTATION('',(#306),#310);
#306 = CIRCLE('',#307,43.925);
#307 = AXIS2_PLACEMENT_2D('',#308,#309);
#308 = CARTESIAN_POINT('',(5.4,1.099039201709E-15));
#309 = DIRECTION('',(1.,0.));
#310 = ( GEOMETRIC_REPRESENTATION_CONTEXT(2) 
PARAMETRIC_REPRESENTATION_CONTEXT() REPRESENTATION_CONTEXT('2D SPACE',''
  ) );
#311 = ORIENTED_EDGE('',*,*,#312,.F.);
#312 = EDGE_CURVE('',#313,#289,#315,.T.);
#313 = VERTEX_POINT('',#314);
#314 = CARTESIAN_POINT('',(49.325,0.,8.));
#315 = SURFACE_CURVE('',#316,(#320,#327),.PCURVE_S1.);
#316 = LINE('',#317,#318);
#317 = CARTESIAN_POINT('',(49.325,0.,8.));
#318 = VECTOR('',#319,1.E+03);
#319 = DIRECTION('',(0.,0.,1.));
#320 = PCURVE('',#165,#321);
#321 = DEFINITIONAL_REPRESENTATION('',(#322),#326);
#322 = LINE('',#323,#324);
#323 = CARTESIAN_POINT('',(6.28318530718,0.));
#324 = VECTOR('',#325,1.);
#325 = DIRECTION('',(0.,-1.));
#326 = ( GEOMETRIC_REPRESENTATION_CONTEXT(2) 
PARAMETRIC_REPRESENTATION_CONTEXT() REPRESENTATION_CONTEXT('2D SPACE',''
  ) );
#327 = PCURVE('',#328,#336);
#328 = SURFACE_OF_LINEAR_EXTRUSION('',#329,#334);
#329 = ELLIPSE('',#330,43.925,43.925);
#330 = AXIS2_PLACEMENT_3D('',#331,#332,#333);
#331 = CARTESIAN_POINT('',(5.4,0.,8.));
#332 = DIRECTION('',(0.,0.,1.));
#333 = DIRECTION('',(1.,0.,-0.));
#334 = VECTOR('',#335,1.E+03);
#335 = DIRECTION('',(-0.,-0.,-1.));
#336 = DEFINITIONAL_REPRESENTATION('',(#337),#341);
#337 = LINE('',#338,#339);
#338 = CARTESIAN_POINT('',(0.,0.));
#339 = VECTOR('',#340,1.);
#340 = DIRECTION('',(0.,-1.));
#341 = ( GEOMETRIC_REPRESENTATION_CONTEXT(2) 
PARAMETRIC_REPRESENTATION_CONTEXT() REPRESENTATION_CONTEXT('2D SPACE',''
  ) );
#342 = ORIENTED_EDGE('',*,*,#343,.F.);
#343 = EDGE_CURVE('',#150,#313,#344,.T.);
#344 = SURFACE_CURVE('',#345,(#350,#357),.PCURVE_S1.);
#345 = ELLIPSE('',#346,43.925,43.925);
#346 = AXIS2_PLACEMENT_3D('',#347,#348,#349);
#347 = CARTESIAN_POINT('',(5.4,0.,8.));
#348 = DIRECTION('',(0.,0.,1.));
#349 = DIRECTION('',(1.,0.,-0.));
#350 = PCURVE('',#165,#351);
#351 = DEFINITIONAL_REPRESENTATION('',(#352),#356);
#352 = LINE('',#353,#354);
#353 = CARTESIAN_POINT('',(0.,0.));
#354 = VECTOR('',#355,1.);
#355 = DIRECTION('',(1.,0.));
#356 = ( GEOMETRIC_REPRESENTATION_CONTEXT(2) 
PARAMETRIC_REPRESENTATION_CONTEXT() REPRESENTATION_CONTEXT('2D SPACE',''
  ) );
#357 = PCURVE('',#194,#358);
#358 = DEFINITIONAL_REPRESENTATION('',(#359),#363);
#359 = CIRCLE('',#360,43.925);
#360 = AXIS2_PLACEMENT_2D('',#361,#362);
#361 = CARTESIAN_POINT('',(5.4,1.099039201709E-15));
#362 = DIRECTION('',(1.,0.));
#363 = ( GEOMETRIC_REPRESENTATION_CONTEXT(2) 
PARAMETRIC_REPRESENTATION_CONTEXT() REPRESENTATION_CONTEXT('2D SPACE',''
  ) );
#364 = ADVANCED_FACE('',(#365),#227,.F.);
#365 = FACE_BOUND('',#366,.F.);
#366 = EDGE_LOOP('',(#367,#392,#413,#414));
#367 = ORIENTED_EDGE('',*,*,#368,.T.);
#368 = EDGE_CURVE('',#369,#371,#373,.T.);
#369 = VERTEX_POINT('',#370);
#370 = CARTESIAN_POINT('',(5.4,43.925,8.));
#371 = VERTEX_POINT('',#372);
#372 = CARTESIAN_POINT('',(5.4,43.925,12.));
#373 = SURFACE_CURVE('',#374,(#378,#385),.PCURVE_S1.);
#374 = LINE('',#375,#376);
#375 = CARTESIAN_POINT('',(5.4,43.925,8.));
#376 = VECTOR('',#377,1.E+03);
#377 = DIRECTION('',(0.,0.,1.));
#378 = PCURVE('',#227,#379);
#379 = DEFINITIONAL_REPRESENTATION('',(#380),#384);
#380 = LINE('',#381,#382);
#381 = CARTESIAN_POINT('',(0.,-0.));
#382 = VECTOR('',#383,1.);
#383 = DIRECTION('',(0.,-1.));
#384 = ( GEOMETRIC_REPRESENTATION_CONTEXT(2) 
PARAMETRIC_REPRESENTATION_CONTEXT() REPRESENTATION_CONTEXT('2D SPACE',''
  ) );
#385 = PCURVE('',#328,#386);
#386 = DEFINITIONAL_REPRESENTATION('',(#387),#391);
#387 = LINE('',#388,#389);
#388 = CARTESIAN_POINT('',(1.570796326795,0.));
#389 = VECTOR('',#390,1.);
#390 = DIRECTION('',(0.,-1.));
#391 = ( GEOMETRIC_REPRESENTATION_CONTEXT(2) 
PARAMETRIC_REPRESENTATION_CONTEXT() REPRESENTATION_CONTEXT('2D SPACE',''
  ) );
#392 = ORIENTED_EDGE('',*,*,#393,.T.);
#393 = EDGE_CURVE('',#371,#212,#394,.T.);
#394 = SURFACE_CURVE('',#395,(#399,#406),.PCURVE_S1.);
#395 = LINE('',#396,#397);
#396 = CARTESIAN_POINT('',(5.4,43.925,12.));
#397 = VECTOR('',#398,1.E+03);
#398 = DIRECTION('',(-1.,0.,0.));
#399 = PCURVE('',#227,#400);
#400 = DEFINITIONAL_REPRESENTATION('',(#401),#405);
#401 = LINE('',#402,#403);
#402 = CARTESIAN_POINT('',(0.,-4.));
#403 = VECTOR('',#404,1.);
#404 = DIRECTION('',(1.,0.));
#405 = ( GEOMETRIC_REPRESENTATION_CONTEXT(2) 
PARAMETRIC_REPRESENTATION_CONTEXT() REPRESENTATION_CONTEXT('2D SPACE',''
  ) );
#406 = PCURVE('',#137,#407);
#407 = DEFINITIONAL_REPRESENTATION('',(#408),#412);
#408 = LINE('',#409,#410);
#409 = CARTESIAN_POINT('',(5.4,43.925));
#410 = VECTOR('',#411,1.);
#411 = DIRECTION('',(-1.,0.));
#412 = ( GEOMETRIC_REPRESENTATION_CONTEXT(2) 
PARAMETRIC_REPRESENTATION_CONTEXT() REPRESENTATION_CONTEXT('2D SPACE',''
  ) );
#413 = ORIENTED_EDGE('',*,*,#209,.F.);
#414 = ORIENTED_EDGE('',*,*,#415,.F.);
#415 = EDGE_CURVE('',#369,#210,#416,.T.);
#416 = SURFACE_CURVE('',#417,(#421,#428),.PCURVE_S1.);
#417 = LINE('',#418,#419);
#418 = CARTESIAN_POINT('',(5.4,43.925,8.));
#419 = VECTOR('',#420,1.E+03);
#420 = DIRECTION('',(-1.,0.,0.));
#421 = PCURVE('',#227,#422);
#422 = DEFINITIONAL_REPRESENTATION('',(#423),#427);
#423 = LINE('',#424,#425);
#424 = CARTESIAN_POINT('',(0.,-0.));
#425 = VECTOR('',#426,1.);
#426 = DIRECTION('',(1.,0.));
#427 = ( GEOMETRIC_REPRESENTATION_CONTEXT(2) 
PARAMETRIC_REPRESENTATION_CONTEXT() REPRESENTATION_CONTEXT('2D SPACE',''
  ) );
#428 = PCURVE('',#194,#429);
#429 = DEFINITIONAL_REPRESENTATION('',(#430),#434);
#430 = LINE('',#431,#432);
#431 = CARTESIAN_POINT('',(5.4,43.925));
#432 = VECTOR('',#433,1.);
#433 = DIRECTION('',(-1.,0.));
#434 = ( GEOMETRIC_REPRESENTATION_CONTEXT(2) 
PARAMETRIC_REPRESENTATION_CONTEXT() REPRESENTATION_CONTEXT('2D SPACE',''
  ) );
#435 = ADVANCED_FACE('',(#436),#328,.F.);
#436 = FACE_BOUND('',#437,.F.);
#437 = EDGE_LOOP('',(#438,#439,#461,#462));
#438 = ORIENTED_EDGE('',*,*,#312,.T.);
#439 = ORIENTED_EDGE('',*,*,#440,.T.);
#440 = EDGE_CURVE('',#289,#371,#441,.T.);
#441 = SURFACE_CURVE('',#442,(#447,#454),.PCURVE_S1.);
#442 = ELLIPSE('',#443,43.925,43.925);
#443 = AXIS2_PLACEMENT_3D('',#444,#445,#446);
#444 = CARTESIAN_POINT('',(5.4,0.,12.));
#445 = DIRECTION('',(0.,0.,1.));
#446 = DIRECTION('',(1.,0.,-0.));
#447 = PCURVE('',#328,#448);
#448 = DEFINITIONAL_REPRESENTATION('',(#449),#453);
#449 = LINE('',#450,#451);
#450 = CARTESIAN_POINT('',(0.,-4.E-03));
#451 = VECTOR('',#452,1.);
#452 = DIRECTION('',(1.,0.));
#453 = ( GEOMETRIC_REPRESENTATION_CONTEXT(2) 
PARAMETRIC_REPRESENTATION_CONTEXT() REPRESENTATION_CONTEXT('2D SPACE',''
  ) );
#454 = PCURVE('',#137,#455);
#455 = DEFINITIONAL_REPRESENTATION('',(#456),#460);
#456 = CIRCLE('',#457,43.925);
#457 = AXIS2_PLACEMENT_2D('',#458,#459);
#458 = CARTESIAN_POINT('',(5.4,1.099039201709E-15));
#459 = DIRECTION('',(1.,0.));
#460 = ( GEOMETRIC_REPRESENTATION_CONTEXT(2) 
PARAMETRIC_REPRESENTATION_CONTEXT() REPRESENTATION_CONTEXT('2D SPACE',''
  ) );
#461 = ORIENTED_EDGE('',*,*,#368,.F.);
#462 = ORIENTED_EDGE('',*,*,#463,.F.);
#463 = EDGE_CURVE('',#313,#369,#464,.T.);
#464 = SURFACE_CURVE('',#465,(#470,#477),.PCURVE_S1.);
#465 = ELLIPSE('',#466,43.925,43.925);
#466 = AXIS2_PLACEMENT_3D('',#467,#468,#469);
#467 = CARTESIAN_POINT('',(5.4,0.,8.));
#468 = DIRECTION('',(0.,0.,1.));
#469 = DIRECTION('',(1.,0.,-0.));
#470 = PCURVE('',#328,#471);
#471 = DEFINITIONAL_REPRESENTATION('',(#472),#476);
#472 = LINE('',#473,#474);
#473 = CARTESIAN_POINT('',(0.,0.));
#474 = VECTOR('',#475,1.);
#475 = DIRECTION('',(1.,0.));
#476 = ( GEOMETRIC_REPRESENTATION_CONTEXT(2) 
PARAMETRIC_REPRESENTATION_CONTEXT() REPRESENTATION_CONTEXT('2D SPACE',''
  ) );
#477 = PCURVE('',#194,#478);
#478 = DEFINITIONAL_REPRESENTATION('',(#479),#483);
#479 = CIRCLE('',#480,43.925);
#480 = AXIS2_PLACEMENT_2D('',#481,#482);
#481 = CARTESIAN_POINT('',(5.4,1.099039201709E-15));
#482 = DIRECTION('',(1.,0.));
#483 = ( GEOMETRIC_REPRESENTATION_CONTEXT(2) 
PARAMETRIC_REPRESENTATION_CONTEXT() REPRESENTATION_CONTEXT('2D SPACE',''
  ) );
#484 = ADVANCED_FACE('',(#485),#499,.T.);
#485 = FACE_BOUND('',#486,.T.);
#486 = EDGE_LOOP('',(#487,#525,#548,#579));
#487 = ORIENTED_EDGE('',*,*,#488,.T.);
#488 = EDGE_CURVE('',#489,#491,#493,.T.);
#489 = VERTEX_POINT('',#490);
#490 = CARTESIAN_POINT('',(-5.4,-15.275,8.));
#491 = VERTEX_POINT('',#492);
#492 = CARTESIAN_POINT('',(-5.4,-15.275,12.));
#493 = SURFACE_CURVE('',#494,(#498,#510),.PCURVE_S1.);
#494 = LINE('',#495,#496);
#495 = CARTESIAN_POINT('',(-5.4,-15.275,8.));
#496 = VECTOR('',#497,1.E+03);
#497 = DIRECTION('',(0.,0.,1.));
#498 = PCURVE('',#499,#504);
#499 = PLANE('',#500);
#500 = AXIS2_PLACEMENT_3D('',#501,#502,#503);
#501 = CARTESIAN_POINT('',(-5.4,-15.275,8.));
#502 = DIRECTION('',(0.,1.,0.));
#503 = DIRECTION('',(1.,0.,0.));
#504 = DEFINITIONAL_REPRESENTATION('',(#505),#509);
#505 = LINE('',#506,#507);
#506 = CARTESIAN_POINT('',(0.,0.));
#507 = VECTOR('',#508,1.);
#508 = DIRECTION('',(0.,-1.));
#509 = ( GEOMETRIC_REPRESENTATION_CONTEXT(2) 
PARAMETRIC_REPRESENTATION_CONTEXT() REPRESENTATION_CONTEXT('2D SPACE',''
  ) );
#510 = PCURVE('',#511,#519);
#511 = SURFACE_OF_LINEAR_EXTRUSION('',#512,#517);
#512 = ELLIPSE('',#513,15.275,15.275);
#513 = AXIS2_PLACEMENT_3D('',#514,#515,#516);
#514 = CARTESIAN_POINT('',(-5.4,0.,8.));
#515 = DIRECTION('',(0.,0.,1.));
#516 = DIRECTION('',(1.,0.,-0.));
#517 = VECTOR('',#518,1.E+03);
#518 = DIRECTION('',(-0.,-0.,-1.));
#519 = DEFINITIONAL_REPRESENTATION('',(#520),#524);
#520 = LINE('',#521,#522);
#521 = CARTESIAN_POINT('',(4.712388980385,0.));
#522 = VECTOR('',#523,1.);
#523 = DIRECTION('',(0.,-1.));
#524 = ( GEOMETRIC_REPRESENTATION_CONTEXT(2) 
PARAMETRIC_REPRESENTATION_CONTEXT() REPRESENTATION_CONTEXT('2D SPACE',''
  ) );
#525 = ORIENTED_EDGE('',*,*,#526,.T.);
#526 = EDGE_CURVE('',#491,#527,#529,.T.);
#527 = VERTEX_POINT('',#528);
#528 = CARTESIAN_POINT('',(5.4,-15.275,12.));
#529 = SURFACE_CURVE('',#530,(#534,#541),.PCURVE_S1.);
#530 = LINE('',#531,#532);
#531 = CARTESIAN_POINT('',(-5.4,-15.275,12.));
#532 = VECTOR('',#533,1.E+03);
#533 = DIRECTION('',(1.,0.,0.));
#534 = PCURVE('',#499,#535);
#535 = DEFINITIONAL_REPRESENTATION('',(#536),#540);
#536 = LINE('',#537,#538);
#537 = CARTESIAN_POINT('',(0.,-4.));
#538 = VECTOR('',#539,1.);
#539 = DIRECTION('',(1.,0.));
#540 = ( GEOMETRIC_REPRESENTATION_CONTEXT(2) 
PARAMETRIC_REPRESENTATION_CONTEXT() REPRESENTATION_CONTEXT('2D SPACE',''
  ) );
#541 = PCURVE('',#137,#542);
#542 = DEFINITIONAL_REPRESENTATION('',(#543),#547);
#543 = LINE('',#544,#545);
#544 = CARTESIAN_POINT('',(-5.4,-15.275));
#545 = VECTOR('',#546,1.);
#546 = DIRECTION('',(1.,0.));
#547 = ( GEOMETRIC_REPRESENTATION_CONTEXT(2) 
PARAMETRIC_REPRESENTATION_CONTEXT() REPRESENTATION_CONTEXT('2D SPACE',''
  ) );
#548 = ORIENTED_EDGE('',*,*,#549,.F.);
#549 = EDGE_CURVE('',#550,#527,#552,.T.);
#550 = VERTEX_POINT('',#551);
#551 = CARTESIAN_POINT('',(5.4,-15.275,8.));
#552 = SURFACE_CURVE('',#553,(#557,#564),.PCURVE_S1.);
#553 = LINE('',#554,#555);
#554 = CARTESIAN_POINT('',(5.4,-15.275,8.));
#555 = VECTOR('',#556,1.E+03);
#556 = DIRECTION('',(0.,0.,1.));
#557 = PCURVE('',#499,#558);
#558 = DEFINITIONAL_REPRESENTATION('',(#559),#563);
#559 = LINE('',#560,#561);
#560 = CARTESIAN_POINT('',(10.8,0.));
#561 = VECTOR('',#562,1.);
#562 = DIRECTION('',(0.,-1.));
#563 = ( GEOMETRIC_REPRESENTATION_CONTEXT(2) 
PARAMETRIC_REPRESENTATION_CONTEXT() REPRESENTATION_CONTEXT('2D SPACE',''
  ) );
#564 = PCURVE('',#565,#573);
#565 = SURFACE_OF_LINEAR_EXTRUSION('',#566,#571);
#566 = ELLIPSE('',#567,15.275,15.275);
#567 = AXIS2_PLACEMENT_3D('',#568,#569,#570);
#568 = CARTESIAN_POINT('',(5.4,0.,8.));
#569 = DIRECTION('',(0.,0.,1.));
#570 = DIRECTION('',(1.,0.,-0.));
#571 = VECTOR('',#572,1.E+03);
#572 = DIRECTION('',(-0.,-0.,-1.));
#573 = DEFINITIONAL_REPRESENTATION('',(#574),#578);
#574 = LINE('',#575,#576);
#575 = CARTESIAN_POINT('',(4.712388980385,0.));
#576 = VECTOR('',#577,1.);
#577 = DIRECTION('',(0.,-1.));
#578 = ( GEOMETRIC_REPRESENTATION_CONTEXT(2) 
PARAMETRIC_REPRESENTATION_CONTEXT() REPRESENTATION_CONTEXT('2D SPACE',''
  ) );
#579 = ORIENTED_EDGE('',*,*,#580,.F.);
#580 = EDGE_CURVE('',#489,#550,#581,.T.);
#581 = SURFACE_CURVE('',#582,(#586,#593),.PCURVE_S1.);
#582 = LINE('',#583,#584);
#583 = CARTESIAN_POINT('',(-5.4,-15.275,8.));
#584 = VECTOR('',#585,1.E+03);
#585 = DIRECTION('',(1.,0.,0.));
#586 = PCURVE('',#499,#587);
#587 = DEFINITIONAL_REPRESENTATION('',(#588),#592);
#588 = LINE('',#589,#590);
#589 = CARTESIAN_POINT('',(0.,0.));
#590 = VECTOR('',#591,1.);
#591 = DIRECTION('',(1.,0.));
#592 = ( GEOMETRIC_REPRESENTATION_CONTEXT(2) 
PARAMETRIC_REPRESENTATION_CONTEXT() REPRESENTATION_CONTEXT('2D SPACE',''
  ) );
#593 = PCURVE('',#194,#594);
#594 = DEFINITIONAL_REPRESENTATION('',(#595),#599);
#595 = LINE('',#596,#597);
#596 = CARTESIAN_POINT('',(-5.4,-15.275));
#597 = VECTOR('',#598,1.);
#598 = DIRECTION('',(1.,0.));
#599 = ( GEOMETRIC_REPRESENTATION_CONTEXT(2) 
PARAMETRIC_REPRESENTATION_CONTEXT() REPRESENTATION_CONTEXT('2D SPACE',''
  ) );
#600 = ADVANCED_FACE('',(#601),#565,.T.);
#601 = FACE_BOUND('',#602,.T.);
#602 = EDGE_LOOP('',(#603,#604,#628,#659));
#603 = ORIENTED_EDGE('',*,*,#549,.T.);
#604 = ORIENTED_EDGE('',*,*,#605,.T.);
#605 = EDGE_CURVE('',#527,#606,#608,.T.);
#606 = VERTEX_POINT('',#607);
#607 = CARTESIAN_POINT('',(20.675,0.,12.));
#608 = SURFACE_CURVE('',#609,(#614,#621),.PCURVE_S1.);
#609 = ELLIPSE('',#610,15.275,15.275);
#610 = AXIS2_PLACEMENT_3D('',#611,#612,#613);
#611 = CARTESIAN_POINT('',(5.4,0.,12.));
#612 = DIRECTION('',(0.,0.,1.));
#613 = DIRECTION('',(1.,0.,-0.));
#614 = PCURVE('',#565,#615);
#615 = DEFINITIONAL_REPRESENTATION('',(#616),#620);
#616 = LINE('',#617,#618);
#617 = CARTESIAN_POINT('',(0.,-4.E-03));
#618 = VECTOR('',#619,1.);
#619 = DIRECTION('',(1.,0.));
#620 = ( GEOMETRIC_REPRESENTATION_CONTEXT(2) 
PARAMETRIC_REPRESENTATION_CONTEXT() REPRESENTATION_CONTEXT('2D SPACE',''
  ) );
#621 = PCURVE('',#137,#622);
#622 = DEFINITIONAL_REPRESENTATION('',(#623),#627);
#623 = CIRCLE('',#624,15.275);
#624 = AXIS2_PLACEMENT_2D('',#625,#626);
#625 = CARTESIAN_POINT('',(5.4,1.099039201709E-15));
#626 = DIRECTION('',(1.,0.));
#627 = ( GEOMETRIC_REPRESENTATION_CONTEXT(2) 
PARAMETRIC_REPRESENTATION_CONTEXT() REPRESENTATION_CONTEXT('2D SPACE',''
  ) );
#628 = ORIENTED_EDGE('',*,*,#629,.F.);
#629 = EDGE_CURVE('',#630,#606,#632,.T.);
#630 = VERTEX_POINT('',#631);
#631 = CARTESIAN_POINT('',(20.675,0.,8.));
#632 = SURFACE_CURVE('',#633,(#637,#644),.PCURVE_S1.);
#633 = LINE('',#634,#635);
#634 = CARTESIAN_POINT('',(20.675,0.,8.));
#635 = VECTOR('',#636,1.E+03);
#636 = DIRECTION('',(0.,0.,1.));
#637 = PCURVE('',#565,#638);
#638 = DEFINITIONAL_REPRESENTATION('',(#639),#643);
#639 = LINE('',#640,#641);
#640 = CARTESIAN_POINT('',(6.28318530718,0.));
#641 = VECTOR('',#642,1.);
#642 = DIRECTION('',(0.,-1.));
#643 = ( GEOMETRIC_REPRESENTATION_CONTEXT(2) 
PARAMETRIC_REPRESENTATION_CONTEXT() REPRESENTATION_CONTEXT('2D SPACE',''
  ) );
#644 = PCURVE('',#645,#653);
#645 = SURFACE_OF_LINEAR_EXTRUSION('',#646,#651);
#646 = ELLIPSE('',#647,15.275,15.275);
#647 = AXIS2_PLACEMENT_3D('',#648,#649,#650);
#648 = CARTESIAN_POINT('',(5.4,0.,8.));
#649 = DIRECTION('',(0.,0.,1.));
#650 = DIRECTION('',(1.,0.,-0.));
#651 = VECTOR('',#652,1.E+03);
#652 = DIRECTION('',(-0.,-0.,-1.));
#653 = DEFINITIONAL_REPRESENTATION('',(#654),#658);
#654 = LINE('',#655,#656);
#655 = CARTESIAN_POINT('',(0.,0.));
#656 = VECTOR('',#657,1.);
#657 = DIRECTION('',(0.,-1.));
#658 = ( GEOMETRIC_REPRESENTATION_CONTEXT(2) 
PARAMETRIC_REPRESENTATION_CONTEXT() REPRESENTATION_CONTEXT('2D SPACE',''
  ) );
#659 = ORIENTED_EDGE('',*,*,#660,.F.);
#660 = EDGE_CURVE('',#550,#630,#661,.T.);
#661 = SURFACE_CURVE('',#662,(#667,#674),.PCURVE_S1.);
#662 = ELLIPSE('',#663,15.275,15.275);
#663 = AXIS2_PLACEMENT_3D('',#664,#665,#666);
#664 = CARTESIAN_POINT('',(5.4,0.,8.));
#665 = DIRECTION('',(0.,0.,1.));
#666 = DIRECTION('',(1.,0.,-0.));
#667 = PCURVE('',#565,#668);
#668 = DEFINITIONAL_REPRESENTATION('',(#669),#673);
#669 = LINE('',#670,#671);
#670 = CARTESIAN_POINT('',(0.,0.));
#671 = VECTOR('',#672,1.);
#672 = DIRECTION('',(1.,0.));
#673 = ( GEOMETRIC_REPRESENTATION_CONTEXT(2) 
PARAMETRIC_REPRESENTATION_CONTEXT() REPRESENTATION_CONTEXT('2D SPACE',''
  ) );
#674 = PCURVE('',#194,#675);
#675 = DEFINITIONAL_REPRESENTATION('',(#676),#680);
#676 = CIRCLE('',#677,15.275);
#677 = AXIS2_PLACEMENT_2D('',#678,#679);
#678 = CARTESIAN_POINT('',(5.4,1.099039201709E-15));
#679 = DIRECTION('',(1.,0.));
#680 = ( GEOMETRIC_REPRESENTATION_CONTEXT(2) 
PARAMETRIC_REPRESENTATION_CONTEXT() REPRESENTATION_CONTEXT('2D SPACE',''
  ) );
#681 = ADVANCED_FACE('',(#682),#645,.T.);
#682 = FACE_BOUND('',#683,.T.);
#683 = EDGE_LOOP('',(#684,#685,#709,#737));
#684 = ORIENTED_EDGE('',*,*,#629,.T.);
#685 = ORIENTED_EDGE('',*,*,#686,.T.);
#686 = EDGE_CURVE('',#606,#687,#689,.T.);
#687 = VERTEX_POINT('',#688);
#688 = CARTESIAN_POINT('',(5.4,15.275,12.));
#689 = SURFACE_CURVE('',#690,(#695,#702),.PCURVE_S1.);
#690 = ELLIPSE('',#691,15.275,15.275);
#691 = AXIS2_PLACEMENT_3D('',#692,#693,#694);
#692 = CARTESIAN_POINT('',(5.4,0.,12.));
#693 = DIRECTION('',(0.,0.,1.));
#694 = DIRECTION('',(1.,0.,-0.));
#695 = PCURVE('',#645,#696);
#696 = DEFINITIONAL_REPRESENTATION('',(#697),#701);
#697 = LINE('',#698,#699);
#698 = CARTESIAN_POINT('',(0.,-4.E-03));
#699 = VECTOR('',#700,1.);
#700 = DIRECTION('',(1.,0.));
#701 = ( GEOMETRIC_REPRESENTATION_CONTEXT(2) 
PARAMETRIC_REPRESENTATION_CONTEXT() REPRESENTATION_CONTEXT('2D SPACE',''
  ) );
#702 = PCURVE('',#137,#703);
#703 = DEFINITIONAL_REPRESENTATION('',(#704),#708);
#704 = CIRCLE('',#705,15.275);
#705 = AXIS2_PLACEMENT_2D('',#706,#707);
#706 = CARTESIAN_POINT('',(5.4,1.099039201709E-15));
#707 = DIRECTION('',(1.,0.));
#708 = ( GEOMETRIC_REPRESENTATION_CONTEXT(2) 
PARAMETRIC_REPRESENTATION_CONTEXT() REPRESENTATION_CONTEXT('2D SPACE',''
  ) );
#709 = ORIENTED_EDGE('',*,*,#710,.F.);
#710 = EDGE_CURVE('',#711,#687,#713,.T.);
#711 = VERTEX_POINT('',#712);
#712 = CARTESIAN_POINT('',(5.4,15.275,8.));
#713 = SURFACE_CURVE('',#714,(#718,#725),.PCURVE_S1.);
#714 = LINE('',#715,#716);
#715 = CARTESIAN_POINT('',(5.4,15.275,8.));
#716 = VECTOR('',#717,1.E+03);
#717 = DIRECTION('',(0.,0.,1.));
#718 = PCURVE('',#645,#719);
#719 = DEFINITIONAL_REPRESENTATION('',(#720),#724);
#720 = LINE('',#721,#722);
#721 = CARTESIAN_POINT('',(1.570796326795,0.));
#722 = VECTOR('',#723,1.);
#723 = DIRECTION('',(0.,-1.));
#724 = ( GEOMETRIC_REPRESENTATION_CONTEXT(2) 
PARAMETRIC_REPRESENTATION_CONTEXT() REPRESENTATION_CONTEXT('2D SPACE',''
  ) );
#725 = PCURVE('',#726,#731);
#726 = PLANE('',#727);
#727 = AXIS2_PLACEMENT_3D('',#728,#729,#730);
#728 = CARTESIAN_POINT('',(5.4,15.275,8.));
#729 = DIRECTION('',(0.,-1.,0.));
#730 = DIRECTION('',(-1.,0.,0.));
#731 = DEFINITIONAL_REPRESENTATION('',(#732),#736);
#732 = LINE('',#733,#734);
#733 = CARTESIAN_POINT('',(0.,-0.));
#734 = VECTOR('',#735,1.);
#735 = DIRECTION('',(0.,-1.));
#736 = ( GEOMETRIC_REPRESENTATION_CONTEXT(2) 
PARAMETRIC_REPRESENTATION_CONTEXT() REPRESENTATION_CONTEXT('2D SPACE',''
  ) );
#737 = ORIENTED_EDGE('',*,*,#738,.F.);
#738 = EDGE_CURVE('',#630,#711,#739,.T.);
#739 = SURFACE_CURVE('',#740,(#745,#752),.PCURVE_S1.);
#740 = ELLIPSE('',#741,15.275,15.275);
#741 = AXIS2_PLACEMENT_3D('',#742,#743,#744);
#742 = CARTESIAN_POINT('',(5.4,0.,8.));
#743 = DIRECTION('',(0.,0.,1.));
#744 = DIRECTION('',(1.,0.,-0.));
#745 = PCURVE('',#645,#746);
#746 = DEFINITIONAL_REPRESENTATION('',(#747),#751);
#747 = LINE('',#748,#749);
#748 = CARTESIAN_POINT('',(0.,0.));
#749 = VECTOR('',#750,1.);
#750 = DIRECTION('',(1.,0.));
#751 = ( GEOMETRIC_REPRESENTATION_CONTEXT(2) 
PARAMETRIC_REPRESENTATION_CONTEXT() REPRESENTATION_CONTEXT('2D SPACE',''
  ) );
#752 = PCURVE('',#194,#753);
#753 = DEFINITIONAL_REPRESENTATION('',(#754),#758);
#754 = CIRCLE('',#755,15.275);
#755 = AXIS2_PLACEMENT_2D('',#756,#757);
#756 = CARTESIAN_POINT('',(5.4,1.099039201709E-15));
#757 = DIRECTION('',(1.,0.));
#758 = ( GEOMETRIC_REPRESENTATION_CONTEXT(2) 
PARAMETRIC_REPRESENTATION_CONTEXT() REPRESENTATION_CONTEXT('2D SPACE',''
  ) );
#759 = ADVANCED_FACE('',(#760),#726,.T.);
#760 = FACE_BOUND('',#761,.T.);
#761 = EDGE_LOOP('',(#762,#763,#786,#809));
#762 = ORIENTED_EDGE('',*,*,#710,.T.);
#763 = ORIENTED_EDGE('',*,*,#764,.T.);
#764 = EDGE_CURVE('',#687,#765,#767,.T.);
#765 = VERTEX_POINT('',#766);
#766 = CARTESIAN_POINT('',(-5.4,15.275,12.));
#767 = SURFACE_CURVE('',#768,(#772,#779),.PCURVE_S1.);
#768 = LINE('',#769,#770);
#769 = CARTESIAN_POINT('',(5.4,15.275,12.));
#770 = VECTOR('',#771,1.E+03);
#771 = DIRECTION('',(-1.,0.,0.));
#772 = PCURVE('',#726,#773);
#773 = DEFINITIONAL_REPRESENTATION('',(#774),#778);
#774 = LINE('',#775,#776);
#775 = CARTESIAN_POINT('',(0.,-4.));
#776 = VECTOR('',#777,1.);
#777 = DIRECTION('',(1.,0.));
#778 = ( GEOMETRIC_REPRESENTATION_CONTEXT(2) 
PARAMETRIC_REPRESENTATION_CONTEXT() REPRESENTATION_CONTEXT('2D SPACE',''
  ) );
#779 = PCURVE('',#137,#780);
#780 = DEFINITIONAL_REPRESENTATION('',(#781),#785);
#781 = LINE('',#782,#783);
#782 = CARTESIAN_POINT('',(5.4,15.275));
#783 = VECTOR('',#784,1.);
#784 = DIRECTION('',(-1.,0.));
#785 = ( GEOMETRIC_REPRESENTATION_CONTEXT(2) 
PARAMETRIC_REPRESENTATION_CONTEXT() REPRESENTATION_CONTEXT('2D SPACE',''
  ) );
#786 = ORIENTED_EDGE('',*,*,#787,.F.);
#787 = EDGE_CURVE('',#788,#765,#790,.T.);
#788 = VERTEX_POINT('',#789);
#789 = CARTESIAN_POINT('',(-5.4,15.275,8.));
#790 = SURFACE_CURVE('',#791,(#795,#802),.PCURVE_S1.);
#791 = LINE('',#792,#793);
#792 = CARTESIAN_POINT('',(-5.4,15.275,8.));
#793 = VECTOR('',#794,1.E+03);
#794 = DIRECTION('',(0.,0.,1.));
#795 = PCURVE('',#726,#796);
#796 = DEFINITIONAL_REPRESENTATION('',(#797),#801);
#797 = LINE('',#798,#799);
#798 = CARTESIAN_POINT('',(10.8,0.));
#799 = VECTOR('',#800,1.);
#800 = DIRECTION('',(0.,-1.));
#801 = ( GEOMETRIC_REPRESENTATION_CONTEXT(2) 
PARAMETRIC_REPRESENTATION_CONTEXT() REPRESENTATION_CONTEXT('2D SPACE',''
  ) );
#802 = PCURVE('',#511,#803);
#803 = DEFINITIONAL_REPRESENTATION('',(#804),#808);
#804 = LINE('',#805,#806);
#805 = CARTESIAN_POINT('',(1.570796326795,0.));
#806 = VECTOR('',#807,1.);
#807 = DIRECTION('',(0.,-1.));
#808 = ( GEOMETRIC_REPRESENTATION_CONTEXT(2) 
PARAMETRIC_REPRESENTATION_CONTEXT() REPRESENTATION_CONTEXT('2D SPACE',''
  ) );
#809 = ORIENTED_EDGE('',*,*,#810,.F.);
#810 = EDGE_CURVE('',#711,#788,#811,.T.);
#811 = SURFACE_CURVE('',#812,(#816,#823),.PCURVE_S1.);
#812 = LINE('',#813,#814);
#813 = CARTESIAN_POINT('',(5.4,15.275,8.));
#814 = VECTOR('',#815,1.E+03);
#815 = DIRECTION('',(-1.,0.,0.));
#816 = PCURVE('',#726,#817);
#817 = DEFINITIONAL_REPRESENTATION('',(#818),#822);
#818 = LINE('',#819,#820);
#819 = CARTESIAN_POINT('',(0.,-0.));
#820 = VECTOR('',#821,1.);
#821 = DIRECTION('',(1.,0.));
#822 = ( GEOMETRIC_REPRESENTATION_CONTEXT(2) 
PARAMETRIC_REPRESENTATION_CONTEXT() REPRESENTATION_CONTEXT('2D SPACE',''
  ) );
#823 = PCURVE('',#194,#824);
#824 = DEFINITIONAL_REPRESENTATION('',(#825),#829);
#825 = LINE('',#826,#827);
#826 = CARTESIAN_POINT('',(5.4,15.275));
#827 = VECTOR('',#828,1.);
#828 = DIRECTION('',(-1.,0.));
#829 = ( GEOMETRIC_REPRESENTATION_CONTEXT(2) 
PARAMETRIC_REPRESENTATION_CONTEXT() REPRESENTATION_CONTEXT('2D SPACE',''
  ) );
#830 = ADVANCED_FACE('',(#831),#511,.T.);
#831 = FACE_BOUND('',#832,.T.);
#832 = EDGE_LOOP('',(#833,#834,#856,#857));
#833 = ORIENTED_EDGE('',*,*,#787,.T.);
#834 = ORIENTED_EDGE('',*,*,#835,.T.);
#835 = EDGE_CURVE('',#765,#491,#836,.T.);
#836 = SURFACE_CURVE('',#837,(#842,#849),.PCURVE_S1.);
#837 = ELLIPSE('',#838,15.275,15.275);
#838 = AXIS2_PLACEMENT_3D('',#839,#840,#841);
#839 = CARTESIAN_POINT('',(-5.4,0.,12.));
#840 = DIRECTION('',(0.,0.,1.));
#841 = DIRECTION('',(1.,0.,-0.));
#842 = PCURVE('',#511,#843);
#843 = DEFINITIONAL_REPRESENTATION('',(#844),#848);
#844 = LINE('',#845,#846);
#845 = CARTESIAN_POINT('',(0.,-4.E-03));
#846 = VECTOR('',#847,1.);
#847 = DIRECTION('',(1.,0.));
#848 = ( GEOMETRIC_REPRESENTATION_CONTEXT(2) 
PARAMETRIC_REPRESENTATION_CONTEXT() REPRESENTATION_CONTEXT('2D SPACE',''
  ) );
#849 = PCURVE('',#137,#850);
#850 = DEFINITIONAL_REPRESENTATION('',(#851),#855);
#851 = CIRCLE('',#852,15.275);
#852 = AXIS2_PLACEMENT_2D('',#853,#854);
#853 = CARTESIAN_POINT('',(-5.4,1.099039201709E-15));
#854 = DIRECTION('',(1.,0.));
#855 = ( GEOMETRIC_REPRESENTATION_CONTEXT(2) 
PARAMETRIC_REPRESENTATION_CONTEXT() REPRESENTATION_CONTEXT('2D SPACE',''
  ) );
#856 = ORIENTED_EDGE('',*,*,#488,.F.);
#857 = ORIENTED_EDGE('',*,*,#858,.F.);
#858 = EDGE_CURVE('',#788,#489,#859,.T.);
#859 = SURFACE_CURVE('',#860,(#865,#872),.PCURVE_S1.);
#860 = ELLIPSE('',#861,15.275,15.275);
#861 = AXIS2_PLACEMENT_3D('',#862,#863,#864);
#862 = CARTESIAN_POINT('',(-5.4,0.,8.));
#863 = DIRECTION('',(0.,0.,1.));
#864 = DIRECTION('',(1.,0.,-0.));
#865 = PCURVE('',#511,#866);
#866 = DEFINITIONAL_REPRESENTATION('',(#867),#871);
#867 = LINE('',#868,#869);
#868 = CARTESIAN_POINT('',(0.,0.));
#869 = VECTOR('',#870,1.);
#870 = DIRECTION('',(1.,0.));
#871 = ( GEOMETRIC_REPRESENTATION_CONTEXT(2) 
PARAMETRIC_REPRESENTATION_CONTEXT() REPRESENTATION_CONTEXT('2D SPACE',''
  ) );
#872 = PCURVE('',#194,#873);
#873 = DEFINITIONAL_REPRESENTATION('',(#874),#878);
#874 = CIRCLE('',#875,15.275);
#875 = AXIS2_PLACEMENT_2D('',#876,#877);
#876 = CARTESIAN_POINT('',(-5.4,1.099039201709E-15));
#877 = DIRECTION('',(1.,0.));
#878 = ( GEOMETRIC_REPRESENTATION_CONTEXT(2) 
PARAMETRIC_REPRESENTATION_CONTEXT() REPRESENTATION_CONTEXT('2D SPACE',''
  ) );
#879 = ADVANCED_FACE('',(#880,#887),#194,.F.);
#880 = FACE_BOUND('',#881,.F.);
#881 = EDGE_LOOP('',(#882,#883,#884,#885,#886));
#882 = ORIENTED_EDGE('',*,*,#180,.T.);
#883 = ORIENTED_EDGE('',*,*,#343,.T.);
#884 = ORIENTED_EDGE('',*,*,#463,.T.);
#885 = ORIENTED_EDGE('',*,*,#415,.T.);
#886 = ORIENTED_EDGE('',*,*,#262,.T.);
#887 = FACE_BOUND('',#888,.F.);
#888 = EDGE_LOOP('',(#889,#890,#891,#892,#893));
#889 = ORIENTED_EDGE('',*,*,#580,.F.);
#890 = ORIENTED_EDGE('',*,*,#858,.F.);
#891 = ORIENTED_EDGE('',*,*,#810,.F.);
#892 = ORIENTED_EDGE('',*,*,#738,.F.);
#893 = ORIENTED_EDGE('',*,*,#660,.F.);
#894 = ADVANCED_FACE('',(#895,#902),#137,.T.);
#895 = FACE_BOUND('',#896,.T.);
#896 = EDGE_LOOP('',(#897,#898,#899,#900,#901));
#897 = ORIENTED_EDGE('',*,*,#121,.T.);
#898 = ORIENTED_EDGE('',*,*,#288,.T.);
#899 = ORIENTED_EDGE('',*,*,#440,.T.);
#900 = ORIENTED_EDGE('',*,*,#393,.T.);
#901 = ORIENTED_EDGE('',*,*,#239,.T.);
#902 = FACE_BOUND('',#903,.T.);
#903 = EDGE_LOOP('',(#904,#905,#906,#907,#908));
#904 = ORIENTED_EDGE('',*,*,#526,.F.);
#905 = ORIENTED_EDGE('',*,*,#835,.F.);
#906 = ORIENTED_EDGE('',*,*,#764,.F.);
#907 = ORIENTED_EDGE('',*,*,#686,.F.);
#908 = ORIENTED_EDGE('',*,*,#605,.F.);
#909 = ( GEOMETRIC_REPRESENTATION_CONTEXT(3) 
GLOBAL_UNCERTAINTY_ASSIGNED_CONTEXT((#913)) GLOBAL_UNIT_ASSIGNED_CONTEXT
((#910,#911,#912)) REPRESENTATION_CONTEXT('Context #1',
  '3D Context with UNIT and UNCERTAINTY') );
#910 = ( LENGTH_UNIT() NAMED_UNIT(*) SI_UNIT(.MILLI.,.METRE.) );
#911 = ( NAMED_UNIT(*) PLANE_ANGLE_UNIT() SI_UNIT($,.RADIAN.) );
#912 = ( NAMED_UNIT(*) SI_UNIT($,.STERADIAN.) SOLID_ANGLE_UNIT() );
#913 = UNCERTAINTY_MEASURE_WITH_UNIT(LENGTH_MEASURE(1.E-04),#910,
  'distance_accuracy_value','confusion accuracy');
#914 = CONTEXT_DEPENDENT_SHAPE_REPRESENTATION(#915,#917);
#915 = ( REPRESENTATION_RELATIONSHIP('','',#76,#10) 
REPRESENTATION_RELATIONSHIP_WITH_TRANSFORMATION(#916) 
SHAPE_REPRESENTATION_RELATIONSHIP() );
#916 = ITEM_DEFINED_TRANSFORMATION('','',#11,#15);
#917 = PRODUCT_DEFINITION_SHAPE('Placement','Placement of an item',#918
  );
#918 = NEXT_ASSEMBLY_USAGE_OCCURRENCE('1','','',#5,#71,$);
#919 = PRODUCT_RELATED_PRODUCT_CATEGORY('part',$,(#73));
#920 = SHAPE_DEFINITION_REPRESENTATION(#921,#927);
#921 = PRODUCT_DEFINITION_SHAPE('','',#922);
#922 = PRODUCT_DEFINITION('design','',#923,#926);
#923 = PRODUCT_DEFINITION_FORMATION('','',#924);
#924 = PRODUCT('Open CASCADE STEP translator 7.9 1.2',
  'Open CASCADE STEP translator 7.9 1.2','',(#925));
#925 = PRODUCT_CONTEXT('',#2,'mechanical');
#926 = PRODUCT_DEFINITION_CONTEXT('part definition',#2,'design');
#927 = ADVANCED_BREP_SHAPE_REPRESENTATION('',(#11,#928),#1760);
#928 = MANIFOLD_SOLID_BREP('',#929);
#929 = CLOSED_SHELL('',(#930,#1056,#1134,#1215,#1286,#1335,#1451,#1532,
    #1610,#1681,#1730,#1745));
#930 = ADVANCED_FACE('',(#931),#945,.F.);
#931 = FACE_BOUND('',#932,.F.);
#932 = EDGE_LOOP('',(#933,#971,#999,#1030));
#933 = ORIENTED_EDGE('',*,*,#934,.T.);
#934 = EDGE_CURVE('',#935,#937,#939,.T.);
#935 = VERTEX_POINT('',#936);
#936 = CARTESIAN_POINT('',(-5.4,-43.925,4.));
#937 = VERTEX_POINT('',#938);
#938 = CARTESIAN_POINT('',(-5.4,-43.925,8.));
#939 = SURFACE_CURVE('',#940,(#944,#956),.PCURVE_S1.);
#940 = LINE('',#941,#942);
#941 = CARTESIAN_POINT('',(-5.4,-43.925,4.));
#942 = VECTOR('',#943,1.E+03);
#943 = DIRECTION('',(0.,0.,1.));
#944 = PCURVE('',#945,#950);
#945 = PLANE('',#946);
#946 = AXIS2_PLACEMENT_3D('',#947,#948,#949);
#947 = CARTESIAN_POINT('',(-5.4,-43.925,4.));
#948 = DIRECTION('',(0.,1.,0.));
#949 = DIRECTION('',(1.,0.,0.));
#950 = DEFINITIONAL_REPRESENTATION('',(#951),#955);
#951 = LINE('',#952,#953);
#952 = CARTESIAN_POINT('',(0.,0.));
#953 = VECTOR('',#954,1.);
#954 = DIRECTION('',(0.,-1.));
#955 = ( GEOMETRIC_REPRESENTATION_CONTEXT(2) 
PARAMETRIC_REPRESENTATION_CONTEXT() REPRESENTATION_CONTEXT('2D SPACE',''
  ) );
#956 = PCURVE('',#957,#965);
#957 = SURFACE_OF_LINEAR_EXTRUSION('',#958,#963);
#958 = ELLIPSE('',#959,43.925,43.925);
#959 = AXIS2_PLACEMENT_3D('',#960,#961,#962);
#960 = CARTESIAN_POINT('',(-5.4,0.,4.));
#961 = DIRECTION('',(0.,0.,1.));
#962 = DIRECTION('',(1.,0.,-0.));
#963 = VECTOR('',#964,1.E+03);
#964 = DIRECTION('',(-0.,-0.,-1.));
#965 = DEFINITIONAL_REPRESENTATION('',(#966),#970);
#966 = LINE('',#967,#968);
#967 = CARTESIAN_POINT('',(4.712388980385,0.));
#968 = VECTOR('',#969,1.);
#969 = DIRECTION('',(0.,-1.));
#970 = ( GEOMETRIC_REPRESENTATION_CONTEXT(2) 
PARAMETRIC_REPRESENTATION_CONTEXT() REPRESENTATION_CONTEXT('2D SPACE',''
  ) );
#971 = ORIENTED_EDGE('',*,*,#972,.T.);
#972 = EDGE_CURVE('',#937,#973,#975,.T.);
#973 = VERTEX_POINT('',#974);
#974 = CARTESIAN_POINT('',(5.4,-43.925,8.));
#975 = SURFACE_CURVE('',#976,(#980,#987),.PCURVE_S1.);
#976 = LINE('',#977,#978);
#977 = CARTESIAN_POINT('',(-5.4,-43.925,8.));
#978 = VECTOR('',#979,1.E+03);
#979 = DIRECTION('',(1.,0.,0.));
#980 = PCURVE('',#945,#981);
#981 = DEFINITIONAL_REPRESENTATION('',(#982),#986);
#982 = LINE('',#983,#984);
#983 = CARTESIAN_POINT('',(0.,-4.));
#984 = VECTOR('',#985,1.);
#985 = DIRECTION('',(1.,0.));
#986 = ( GEOMETRIC_REPRESENTATION_CONTEXT(2) 
PARAMETRIC_REPRESENTATION_CONTEXT() REPRESENTATION_CONTEXT('2D SPACE',''
  ) );
#987 = PCURVE('',#988,#993);
#988 = PLANE('',#989);
#989 = AXIS2_PLACEMENT_3D('',#990,#991,#992);
#990 = CARTESIAN_POINT('',(0.,-1.099039201709E-15,8.));
#991 = DIRECTION('',(0.,0.,1.));
#992 = DIRECTION('',(1.,0.,-0.));
#993 = DEFINITIONAL_REPRESENTATION('',(#994),#998);
#994 = LINE('',#995,#996);
#995 = CARTESIAN_POINT('',(-5.4,-43.925));
#996 = VECTOR('',#997,1.);
#997 = DIRECTION('',(1.,0.));
#998 = ( GEOMETRIC_REPRESENTATION_CONTEXT(2) 
PARAMETRIC_REPRESENTATION_CONTEXT() REPRESENTATION_CONTEXT('2D SPACE',''
  ) );
#999 = ORIENTED_EDGE('',*,*,#1000,.F.);
#1000 = EDGE_CURVE('',#1001,#973,#1003,.T.);
#1001 = VERTEX_POINT('',#1002);
#1002 = CARTESIAN_POINT('',(5.4,-43.925,4.));
#1003 = SURFACE_CURVE('',#1004,(#1008,#1015),.PCURVE_S1.);
#1004 = LINE('',#1005,#1006);
#1005 = CARTESIAN_POINT('',(5.4,-43.925,4.));
#1006 = VECTOR('',#1007,1.E+03);
#1007 = DIRECTION('',(0.,0.,1.));
#1008 = PCURVE('',#945,#1009);
#1009 = DEFINITIONAL_REPRESENTATION('',(#1010),#1014);
#1010 = LINE('',#1011,#1012);
#1011 = CARTESIAN_POINT('',(10.8,0.));
#1012 = VECTOR('',#1013,1.);
#1013 = DIRECTION('',(0.,-1.));
#1014 = ( GEOMETRIC_REPRESENTATION_CONTEXT(2) 
PARAMETRIC_REPRESENTATION_CONTEXT() REPRESENTATION_CONTEXT('2D SPACE',''
  ) );
#1015 = PCURVE('',#1016,#1024);
#1016 = SURFACE_OF_LINEAR_EXTRUSION('',#1017,#1022);
#1017 = ELLIPSE('',#1018,43.925,43.925);
#1018 = AXIS2_PLACEMENT_3D('',#1019,#1020,#1021);
#1019 = CARTESIAN_POINT('',(5.4,0.,4.));
#1020 = DIRECTION('',(0.,0.,1.));
#1021 = DIRECTION('',(1.,0.,-0.));
#1022 = VECTOR('',#1023,1.E+03);
#1023 = DIRECTION('',(-0.,-0.,-1.));
#1024 = DEFINITIONAL_REPRESENTATION('',(#1025),#1029);
#1025 = LINE('',#1026,#1027);
#1026 = CARTESIAN_POINT('',(4.712388980385,0.));
#1027 = VECTOR('',#1028,1.);
#1028 = DIRECTION('',(0.,-1.));
#1029 = ( GEOMETRIC_REPRESENTATION_CONTEXT(2) 
PARAMETRIC_REPRESENTATION_CONTEXT() REPRESENTATION_CONTEXT('2D SPACE',''
  ) );
#1030 = ORIENTED_EDGE('',*,*,#1031,.F.);
#1031 = EDGE_CURVE('',#935,#1001,#1032,.T.);
#1032 = SURFACE_CURVE('',#1033,(#1037,#1044),.PCURVE_S1.);
#1033 = LINE('',#1034,#1035);
#1034 = CARTESIAN_POINT('',(-5.4,-43.925,4.));
#1035 = VECTOR('',#1036,1.E+03);
#1036 = DIRECTION('',(1.,0.,0.));
#1037 = PCURVE('',#945,#1038);
#1038 = DEFINITIONAL_REPRESENTATION('',(#1039),#1043);
#1039 = LINE('',#1040,#1041);
#1040 = CARTESIAN_POINT('',(0.,0.));
#1041 = VECTOR('',#1042,1.);
#1042 = DIRECTION('',(1.,0.));
#1043 = ( GEOMETRIC_REPRESENTATION_CONTEXT(2) 
PARAMETRIC_REPRESENTATION_CONTEXT() REPRESENTATION_CONTEXT('2D SPACE',''
  ) );
#1044 = PCURVE('',#1045,#1050);
#1045 = PLANE('',#1046);
#1046 = AXIS2_PLACEMENT_3D('',#1047,#1048,#1049);
#1047 = CARTESIAN_POINT('',(0.,-1.099039201709E-15,4.));
#1048 = DIRECTION('',(0.,0.,1.));
#1049 = DIRECTION('',(1.,0.,-0.));
#1050 = DEFINITIONAL_REPRESENTATION('',(#1051),#1055);
#1051 = LINE('',#1052,#1053);
#1052 = CARTESIAN_POINT('',(-5.4,-43.925));
#1053 = VECTOR('',#1054,1.);
#1054 = DIRECTION('',(1.,0.));
#1055 = ( GEOMETRIC_REPRESENTATION_CONTEXT(2) 
PARAMETRIC_REPRESENTATION_CONTEXT() REPRESENTATION_CONTEXT('2D SPACE',''
  ) );
#1056 = ADVANCED_FACE('',(#1057),#957,.F.);
#1057 = FACE_BOUND('',#1058,.F.);
#1058 = EDGE_LOOP('',(#1059,#1089,#1111,#1112));
#1059 = ORIENTED_EDGE('',*,*,#1060,.T.);
#1060 = EDGE_CURVE('',#1061,#1063,#1065,.T.);
#1061 = VERTEX_POINT('',#1062);
#1062 = CARTESIAN_POINT('',(-5.4,43.925,4.));
#1063 = VERTEX_POINT('',#1064);
#1064 = CARTESIAN_POINT('',(-5.4,43.925,8.));
#1065 = SURFACE_CURVE('',#1066,(#1070,#1077),.PCURVE_S1.);
#1066 = LINE('',#1067,#1068);
#1067 = CARTESIAN_POINT('',(-5.4,43.925,4.));
#1068 = VECTOR('',#1069,1.E+03);
#1069 = DIRECTION('',(0.,0.,1.));
#1070 = PCURVE('',#957,#1071);
#1071 = DEFINITIONAL_REPRESENTATION('',(#1072),#1076);
#1072 = LINE('',#1073,#1074);
#1073 = CARTESIAN_POINT('',(1.570796326795,0.));
#1074 = VECTOR('',#1075,1.);
#1075 = DIRECTION('',(0.,-1.));
#1076 = ( GEOMETRIC_REPRESENTATION_CONTEXT(2) 
PARAMETRIC_REPRESENTATION_CONTEXT() REPRESENTATION_CONTEXT('2D SPACE',''
  ) );
#1077 = PCURVE('',#1078,#1083);
#1078 = PLANE('',#1079);
#1079 = AXIS2_PLACEMENT_3D('',#1080,#1081,#1082);
#1080 = CARTESIAN_POINT('',(5.4,43.925,4.));
#1081 = DIRECTION('',(0.,-1.,0.));
#1082 = DIRECTION('',(-1.,0.,0.));
#1083 = DEFINITIONAL_REPRESENTATION('',(#1084),#1088);
#1084 = LINE('',#1085,#1086);
#1085 = CARTESIAN_POINT('',(10.8,0.));
#1086 = VECTOR('',#1087,1.);
#1087 = DIRECTION('',(0.,-1.));
#1088 = ( GEOMETRIC_REPRESENTATION_CONTEXT(2) 
PARAMETRIC_REPRESENTATION_CONTEXT() REPRESENTATION_CONTEXT('2D SPACE',''
  ) );
#1089 = ORIENTED_EDGE('',*,*,#1090,.T.);
#1090 = EDGE_CURVE('',#1063,#937,#1091,.T.);
#1091 = SURFACE_CURVE('',#1092,(#1097,#1104),.PCURVE_S1.);
#1092 = ELLIPSE('',#1093,43.925,43.925);
#1093 = AXIS2_PLACEMENT_3D('',#1094,#1095,#1096);
#1094 = CARTESIAN_POINT('',(-5.4,0.,8.));
#1095 = DIRECTION('',(0.,0.,1.));
#1096 = DIRECTION('',(1.,0.,-0.));
#1097 = PCURVE('',#957,#1098);
#1098 = DEFINITIONAL_REPRESENTATION('',(#1099),#1103);
#1099 = LINE('',#1100,#1101);
#1100 = CARTESIAN_POINT('',(0.,-4.E-03));
#1101 = VECTOR('',#1102,1.);
#1102 = DIRECTION('',(1.,0.));
#1103 = ( GEOMETRIC_REPRESENTATION_CONTEXT(2) 
PARAMETRIC_REPRESENTATION_CONTEXT() REPRESENTATION_CONTEXT('2D SPACE',''
  ) );
#1104 = PCURVE('',#988,#1105);
#1105 = DEFINITIONAL_REPRESENTATION('',(#1106),#1110);
#1106 = CIRCLE('',#1107,43.925);
#1107 = AXIS2_PLACEMENT_2D('',#1108,#1109);
#1108 = CARTESIAN_POINT('',(-5.4,1.099039201709E-15));
#1109 = DIRECTION('',(1.,0.));
#1110 = ( GEOMETRIC_REPRESENTATION_CONTEXT(2) 
PARAMETRIC_REPRESENTATION_CONTEXT() REPRESENTATION_CONTEXT('2D SPACE',''
  ) );
#1111 = ORIENTED_EDGE('',*,*,#934,.F.);
#1112 = ORIENTED_EDGE('',*,*,#1113,.F.);
#1113 = EDGE_CURVE('',#1061,#935,#1114,.T.);
#1114 = SURFACE_CURVE('',#1115,(#1120,#1127),.PCURVE_S1.);
#1115 = ELLIPSE('',#1116,43.925,43.925);
#1116 = AXIS2_PLACEMENT_3D('',#1117,#1118,#1119);
#1117 = CARTESIAN_POINT('',(-5.4,0.,4.));
#1118 = DIRECTION('',(0.,0.,1.));
#1119 = DIRECTION('',(1.,0.,-0.));
#1120 = PCURVE('',#957,#1121);
#1121 = DEFINITIONAL_REPRESENTATION('',(#1122),#1126);
#1122 = LINE('',#1123,#1124);
#1123 = CARTESIAN_POINT('',(0.,0.));
#1124 = VECTOR('',#1125,1.);
#1125 = DIRECTION('',(1.,0.));
#1126 = ( GEOMETRIC_REPRESENTATION_CONTEXT(2) 
PARAMETRIC_REPRESENTATION_CONTEXT() REPRESENTATION_CONTEXT('2D SPACE',''
  ) );
#1127 = PCURVE('',#1045,#1128);
#1128 = DEFINITIONAL_REPRESENTATION('',(#1129),#1133);
#1129 = CIRCLE('',#1130,43.925);
#1130 = AXIS2_PLACEMENT_2D('',#1131,#1132);
#1131 = CARTESIAN_POINT('',(-5.4,1.099039201709E-15));
#1132 = DIRECTION('',(1.,0.));
#1133 = ( GEOMETRIC_REPRESENTATION_CONTEXT(2) 
PARAMETRIC_REPRESENTATION_CONTEXT() REPRESENTATION_CONTEXT('2D SPACE',''
  ) );
#1134 = ADVANCED_FACE('',(#1135),#1016,.F.);
#1135 = FACE_BOUND('',#1136,.F.);
#1136 = EDGE_LOOP('',(#1137,#1138,#1162,#1193));
#1137 = ORIENTED_EDGE('',*,*,#1000,.T.);
#1138 = ORIENTED_EDGE('',*,*,#1139,.T.);
#1139 = EDGE_CURVE('',#973,#1140,#1142,.T.);
#1140 = VERTEX_POINT('',#1141);
#1141 = CARTESIAN_POINT('',(49.325,0.,8.));
#1142 = SURFACE_CURVE('',#1143,(#1148,#1155),.PCURVE_S1.);
#1143 = ELLIPSE('',#1144,43.925,43.925);
#1144 = AXIS2_PLACEMENT_3D('',#1145,#1146,#1147);
#1145 = CARTESIAN_POINT('',(5.4,0.,8.));
#1146 = DIRECTION('',(0.,0.,1.));
#1147 = DIRECTION('',(1.,0.,-0.));
#1148 = PCURVE('',#1016,#1149);
#1149 = DEFINITIONAL_REPRESENTATION('',(#1150),#1154);
#1150 = LINE('',#1151,#1152);
#1151 = CARTESIAN_POINT('',(0.,-4.E-03));
#1152 = VECTOR('',#1153,1.);
#1153 = DIRECTION('',(1.,0.));
#1154 = ( GEOMETRIC_REPRESENTATION_CONTEXT(2) 
PARAMETRIC_REPRESENTATION_CONTEXT() REPRESENTATION_CONTEXT('2D SPACE',''
  ) );
#1155 = PCURVE('',#988,#1156);
#1156 = DEFINITIONAL_REPRESENTATION('',(#1157),#1161);
#1157 = CIRCLE('',#1158,43.925);
#1158 = AXIS2_PLACEMENT_2D('',#1159,#1160);
#1159 = CARTESIAN_POINT('',(5.4,1.099039201709E-15));
#1160 = DIRECTION('',(1.,0.));
#1161 = ( GEOMETRIC_REPRESENTATION_CONTEXT(2) 
PARAMETRIC_REPRESENTATION_CONTEXT() REPRESENTATION_CONTEXT('2D SPACE',''
  ) );
#1162 = ORIENTED_EDGE('',*,*,#1163,.F.);
#1163 = EDGE_CURVE('',#1164,#1140,#1166,.T.);
#1164 = VERTEX_POINT('',#1165);
#1165 = CARTESIAN_POINT('',(49.325,0.,4.));
#1166 = SURFACE_CURVE('',#1167,(#1171,#1178),.PCURVE_S1.);
#1167 = LINE('',#1168,#1169);
#1168 = CARTESIAN_POINT('',(49.325,0.,4.));
#1169 = VECTOR('',#1170,1.E+03);
#1170 = DIRECTION('',(0.,0.,1.));
#1171 = PCURVE('',#1016,#1172);
#1172 = DEFINITIONAL_REPRESENTATION('',(#1173),#1177);
#1173 = LINE('',#1174,#1175);
#1174 = CARTESIAN_POINT('',(6.28318530718,0.));
#1175 = VECTOR('',#1176,1.);
#1176 = DIRECTION('',(0.,-1.));
#1177 = ( GEOMETRIC_REPRESENTATION_CONTEXT(2) 
PARAMETRIC_REPRESENTATION_CONTEXT() REPRESENTATION_CONTEXT('2D SPACE',''
  ) );
#1178 = PCURVE('',#1179,#1187);
#1179 = SURFACE_OF_LINEAR_EXTRUSION('',#1180,#1185);
#1180 = ELLIPSE('',#1181,43.925,43.925);
#1181 = AXIS2_PLACEMENT_3D('',#1182,#1183,#1184);
#1182 = CARTESIAN_POINT('',(5.4,0.,4.));
#1183 = DIRECTION('',(0.,0.,1.));
#1184 = DIRECTION('',(1.,0.,-0.));
#1185 = VECTOR('',#1186,1.E+03);
#1186 = DIRECTION('',(-0.,-0.,-1.));
#1187 = DEFINITIONAL_REPRESENTATION('',(#1188),#1192);
#1188 = LINE('',#1189,#1190);
#1189 = CARTESIAN_POINT('',(0.,0.));
#1190 = VECTOR('',#1191,1.);
#1191 = DIRECTION('',(0.,-1.));
#1192 = ( GEOMETRIC_REPRESENTATION_CONTEXT(2) 
PARAMETRIC_REPRESENTATION_CONTEXT() REPRESENTATION_CONTEXT('2D SPACE',''
  ) );
#1193 = ORIENTED_EDGE('',*,*,#1194,.F.);
#1194 = EDGE_CURVE('',#1001,#1164,#1195,.T.);
#1195 = SURFACE_CURVE('',#1196,(#1201,#1208),.PCURVE_S1.);
#1196 = ELLIPSE('',#1197,43.925,43.925);
#1197 = AXIS2_PLACEMENT_3D('',#1198,#1199,#1200);
#1198 = CARTESIAN_POINT('',(5.4,0.,4.));
#1199 = DIRECTION('',(0.,0.,1.));
#1200 = DIRECTION('',(1.,0.,-0.));
#1201 = PCURVE('',#1016,#1202);
#1202 = DEFINITIONAL_REPRESENTATION('',(#1203),#1207);
#1203 = LINE('',#1204,#1205);
#1204 = CARTESIAN_POINT('',(0.,0.));
#1205 = VECTOR('',#1206,1.);
#1206 = DIRECTION('',(1.,0.));
#1207 = ( GEOMETRIC_REPRESENTATION_CONTEXT(2) 
PARAMETRIC_REPRESENTATION_CONTEXT() REPRESENTATION_CONTEXT('2D SPACE',''
  ) );
#1208 = PCURVE('',#1045,#1209);
#1209 = DEFINITIONAL_REPRESENTATION('',(#1210),#1214);
#1210 = CIRCLE('',#1211,43.925);
#1211 = AXIS2_PLACEMENT_2D('',#1212,#1213);
#1212 = CARTESIAN_POINT('',(5.4,1.099039201709E-15));
#1213 = DIRECTION('',(1.,0.));
#1214 = ( GEOMETRIC_REPRESENTATION_CONTEXT(2) 
PARAMETRIC_REPRESENTATION_CONTEXT() REPRESENTATION_CONTEXT('2D SPACE',''
  ) );
#1215 = ADVANCED_FACE('',(#1216),#1078,.F.);
#1216 = FACE_BOUND('',#1217,.F.);
#1217 = EDGE_LOOP('',(#1218,#1243,#1264,#1265));
#1218 = ORIENTED_EDGE('',*,*,#1219,.T.);
#1219 = EDGE_CURVE('',#1220,#1222,#1224,.T.);
#1220 = VERTEX_POINT('',#1221);
#1221 = CARTESIAN_POINT('',(5.4,43.925,4.));
#1222 = VERTEX_POINT('',#1223);
#1223 = CARTESIAN_POINT('',(5.4,43.925,8.));
#1224 = SURFACE_CURVE('',#1225,(#1229,#1236),.PCURVE_S1.);
#1225 = LINE('',#1226,#1227);
#1226 = CARTESIAN_POINT('',(5.4,43.925,4.));
#1227 = VECTOR('',#1228,1.E+03);
#1228 = DIRECTION('',(0.,0.,1.));
#1229 = PCURVE('',#1078,#1230);
#1230 = DEFINITIONAL_REPRESENTATION('',(#1231),#1235);
#1231 = LINE('',#1232,#1233);
#1232 = CARTESIAN_POINT('',(0.,-0.));
#1233 = VECTOR('',#1234,1.);
#1234 = DIRECTION('',(0.,-1.));
#1235 = ( GEOMETRIC_REPRESENTATION_CONTEXT(2) 
PARAMETRIC_REPRESENTATION_CONTEXT() REPRESENTATION_CONTEXT('2D SPACE',''
  ) );
#1236 = PCURVE('',#1179,#1237);
#1237 = DEFINITIONAL_REPRESENTATION('',(#1238),#1242);
#1238 = LINE('',#1239,#1240);
#1239 = CARTESIAN_POINT('',(1.570796326795,0.));
#1240 = VECTOR('',#1241,1.);
#1241 = DIRECTION('',(0.,-1.));
#1242 = ( GEOMETRIC_REPRESENTATION_CONTEXT(2) 
PARAMETRIC_REPRESENTATION_CONTEXT() REPRESENTATION_CONTEXT('2D SPACE',''
  ) );
#1243 = ORIENTED_EDGE('',*,*,#1244,.T.);
#1244 = EDGE_CURVE('',#1222,#1063,#1245,.T.);
#1245 = SURFACE_CURVE('',#1246,(#1250,#1257),.PCURVE_S1.);
#1246 = LINE('',#1247,#1248);
#1247 = CARTESIAN_POINT('',(5.4,43.925,8.));
#1248 = VECTOR('',#1249,1.E+03);
#1249 = DIRECTION('',(-1.,0.,0.));
#1250 = PCURVE('',#1078,#1251);
#1251 = DEFINITIONAL_REPRESENTATION('',(#1252),#1256);
#1252 = LINE('',#1253,#1254);
#1253 = CARTESIAN_POINT('',(0.,-4.));
#1254 = VECTOR('',#1255,1.);
#1255 = DIRECTION('',(1.,0.));
#1256 = ( GEOMETRIC_REPRESENTATION_CONTEXT(2) 
PARAMETRIC_REPRESENTATION_CONTEXT() REPRESENTATION_CONTEXT('2D SPACE',''
  ) );
#1257 = PCURVE('',#988,#1258);
#1258 = DEFINITIONAL_REPRESENTATION('',(#1259),#1263);
#1259 = LINE('',#1260,#1261);
#1260 = CARTESIAN_POINT('',(5.4,43.925));
#1261 = VECTOR('',#1262,1.);
#1262 = DIRECTION('',(-1.,0.));
#1263 = ( GEOMETRIC_REPRESENTATION_CONTEXT(2) 
PARAMETRIC_REPRESENTATION_CONTEXT() REPRESENTATION_CONTEXT('2D SPACE',''
  ) );
#1264 = ORIENTED_EDGE('',*,*,#1060,.F.);
#1265 = ORIENTED_EDGE('',*,*,#1266,.F.);
#1266 = EDGE_CURVE('',#1220,#1061,#1267,.T.);
#1267 = SURFACE_CURVE('',#1268,(#1272,#1279),.PCURVE_S1.);
#1268 = LINE('',#1269,#1270);
#1269 = CARTESIAN_POINT('',(5.4,43.925,4.));
#1270 = VECTOR('',#1271,1.E+03);
#1271 = DIRECTION('',(-1.,0.,0.));
#1272 = PCURVE('',#1078,#1273);
#1273 = DEFINITIONAL_REPRESENTATION('',(#1274),#1278);
#1274 = LINE('',#1275,#1276);
#1275 = CARTESIAN_POINT('',(0.,-0.));
#1276 = VECTOR('',#1277,1.);
#1277 = DIRECTION('',(1.,0.));
#1278 = ( GEOMETRIC_REPRESENTATION_CONTEXT(2) 
PARAMETRIC_REPRESENTATION_CONTEXT() REPRESENTATION_CONTEXT('2D SPACE',''
  ) );
#1279 = PCURVE('',#1045,#1280);
#1280 = DEFINITIONAL_REPRESENTATION('',(#1281),#1285);
#1281 = LINE('',#1282,#1283);
#1282 = CARTESIAN_POINT('',(5.4,43.925));
#1283 = VECTOR('',#1284,1.);
#1284 = DIRECTION('',(-1.,0.));
#1285 = ( GEOMETRIC_REPRESENTATION_CONTEXT(2) 
PARAMETRIC_REPRESENTATION_CONTEXT() REPRESENTATION_CONTEXT('2D SPACE',''
  ) );
#1286 = ADVANCED_FACE('',(#1287),#1179,.F.);
#1287 = FACE_BOUND('',#1288,.F.);
#1288 = EDGE_LOOP('',(#1289,#1290,#1312,#1313));
#1289 = ORIENTED_EDGE('',*,*,#1163,.T.);
#1290 = ORIENTED_EDGE('',*,*,#1291,.T.);
#1291 = EDGE_CURVE('',#1140,#1222,#1292,.T.);
#1292 = SURFACE_CURVE('',#1293,(#1298,#1305),.PCURVE_S1.);
#1293 = ELLIPSE('',#1294,43.925,43.925);
#1294 = AXIS2_PLACEMENT_3D('',#1295,#1296,#1297);
#1295 = CARTESIAN_POINT('',(5.4,0.,8.));
#1296 = DIRECTION('',(0.,0.,1.));
#1297 = DIRECTION('',(1.,0.,-0.));
#1298 = PCURVE('',#1179,#1299);
#1299 = DEFINITIONAL_REPRESENTATION('',(#1300),#1304);
#1300 = LINE('',#1301,#1302);
#1301 = CARTESIAN_POINT('',(0.,-4.E-03));
#1302 = VECTOR('',#1303,1.);
#1303 = DIRECTION('',(1.,0.));
#1304 = ( GEOMETRIC_REPRESENTATION_CONTEXT(2) 
PARAMETRIC_REPRESENTATION_CONTEXT() REPRESENTATION_CONTEXT('2D SPACE',''
  ) );
#1305 = PCURVE('',#988,#1306);
#1306 = DEFINITIONAL_REPRESENTATION('',(#1307),#1311);
#1307 = CIRCLE('',#1308,43.925);
#1308 = AXIS2_PLACEMENT_2D('',#1309,#1310);
#1309 = CARTESIAN_POINT('',(5.4,1.099039201709E-15));
#1310 = DIRECTION('',(1.,0.));
#1311 = ( GEOMETRIC_REPRESENTATION_CONTEXT(2) 
PARAMETRIC_REPRESENTATION_CONTEXT() REPRESENTATION_CONTEXT('2D SPACE',''
  ) );
#1312 = ORIENTED_EDGE('',*,*,#1219,.F.);
#1313 = ORIENTED_EDGE('',*,*,#1314,.F.);
#1314 = EDGE_CURVE('',#1164,#1220,#1315,.T.);
#1315 = SURFACE_CURVE('',#1316,(#1321,#1328),.PCURVE_S1.);
#1316 = ELLIPSE('',#1317,43.925,43.925);
#1317 = AXIS2_PLACEMENT_3D('',#1318,#1319,#1320);
#1318 = CARTESIAN_POINT('',(5.4,0.,4.));
#1319 = DIRECTION('',(0.,0.,1.));
#1320 = DIRECTION('',(1.,0.,-0.));
#1321 = PCURVE('',#1179,#1322);
#1322 = DEFINITIONAL_REPRESENTATION('',(#1323),#1327);
#1323 = LINE('',#1324,#1325);
#1324 = CARTESIAN_POINT('',(0.,0.));
#1325 = VECTOR('',#1326,1.);
#1326 = DIRECTION('',(1.,0.));
#1327 = ( GEOMETRIC_REPRESENTATION_CONTEXT(2) 
PARAMETRIC_REPRESENTATION_CONTEXT() REPRESENTATION_CONTEXT('2D SPACE',''
  ) );
#1328 = PCURVE('',#1045,#1329);
#1329 = DEFINITIONAL_REPRESENTATION('',(#1330),#1334);
#1330 = CIRCLE('',#1331,43.925);
#1331 = AXIS2_PLACEMENT_2D('',#1332,#1333);
#1332 = CARTESIAN_POINT('',(5.4,1.099039201709E-15));
#1333 = DIRECTION('',(1.,0.));
#1334 = ( GEOMETRIC_REPRESENTATION_CONTEXT(2) 
PARAMETRIC_REPRESENTATION_CONTEXT() REPRESENTATION_CONTEXT('2D SPACE',''
  ) );
#1335 = ADVANCED_FACE('',(#1336),#1350,.T.);
#1336 = FACE_BOUND('',#1337,.T.);
#1337 = EDGE_LOOP('',(#1338,#1376,#1399,#1430));
#1338 = ORIENTED_EDGE('',*,*,#1339,.T.);
#1339 = EDGE_CURVE('',#1340,#1342,#1344,.T.);
#1340 = VERTEX_POINT('',#1341);
#1341 = CARTESIAN_POINT('',(-5.4,-15.275,4.));
#1342 = VERTEX_POINT('',#1343);
#1343 = CARTESIAN_POINT('',(-5.4,-15.275,8.));
#1344 = SURFACE_CURVE('',#1345,(#1349,#1361),.PCURVE_S1.);
#1345 = LINE('',#1346,#1347);
#1346 = CARTESIAN_POINT('',(-5.4,-15.275,4.));
#1347 = VECTOR('',#1348,1.E+03);
#1348 = DIRECTION('',(0.,0.,1.));
#1349 = PCURVE('',#1350,#1355);
#1350 = PLANE('',#1351);
#1351 = AXIS2_PLACEMENT_3D('',#1352,#1353,#1354);
#1352 = CARTESIAN_POINT('',(-5.4,-15.275,4.));
#1353 = DIRECTION('',(0.,1.,0.));
#1354 = DIRECTION('',(1.,0.,0.));
#1355 = DEFINITIONAL_REPRESENTATION('',(#1356),#1360);
#1356 = LINE('',#1357,#1358);
#1357 = CARTESIAN_POINT('',(0.,0.));
#1358 = VECTOR('',#1359,1.);
#1359 = DIRECTION('',(0.,-1.));
#1360 = ( GEOMETRIC_REPRESENTATION_CONTEXT(2) 
PARAMETRIC_REPRESENTATION_CONTEXT() REPRESENTATION_CONTEXT('2D SPACE',''
  ) );
#1361 = PCURVE('',#1362,#1370);
#1362 = SURFACE_OF_LINEAR_EXTRUSION('',#1363,#1368);
#1363 = ELLIPSE('',#1364,15.275,15.275);
#1364 = AXIS2_PLACEMENT_3D('',#1365,#1366,#1367);
#1365 = CARTESIAN_POINT('',(-5.4,0.,4.));
#1366 = DIRECTION('',(0.,0.,1.));
#1367 = DIRECTION('',(1.,0.,-0.));
#1368 = VECTOR('',#1369,1.E+03);
#1369 = DIRECTION('',(-0.,-0.,-1.));
#1370 = DEFINITIONAL_REPRESENTATION('',(#1371),#1375);
#1371 = LINE('',#1372,#1373);
#1372 = CARTESIAN_POINT('',(4.712388980385,0.));
#1373 = VECTOR('',#1374,1.);
#1374 = DIRECTION('',(0.,-1.));
#1375 = ( GEOMETRIC_REPRESENTATION_CONTEXT(2) 
PARAMETRIC_REPRESENTATION_CONTEXT() REPRESENTATION_CONTEXT('2D SPACE',''
  ) );
#1376 = ORIENTED_EDGE('',*,*,#1377,.T.);
#1377 = EDGE_CURVE('',#1342,#1378,#1380,.T.);
#1378 = VERTEX_POINT('',#1379);
#1379 = CARTESIAN_POINT('',(5.4,-15.275,8.));
#1380 = SURFACE_CURVE('',#1381,(#1385,#1392),.PCURVE_S1.);
#1381 = LINE('',#1382,#1383);
#1382 = CARTESIAN_POINT('',(-5.4,-15.275,8.));
#1383 = VECTOR('',#1384,1.E+03);
#1384 = DIRECTION('',(1.,0.,0.));
#1385 = PCURVE('',#1350,#1386);
#1386 = DEFINITIONAL_REPRESENTATION('',(#1387),#1391);
#1387 = LINE('',#1388,#1389);
#1388 = CARTESIAN_POINT('',(0.,-4.));
#1389 = VECTOR('',#1390,1.);
#1390 = DIRECTION('',(1.,0.));
#1391 = ( GEOMETRIC_REPRESENTATION_CONTEXT(2) 
PARAMETRIC_REPRESENTATION_CONTEXT() REPRESENTATION_CONTEXT('2D SPACE',''
  ) );
#1392 = PCURVE('',#988,#1393);
#1393 = DEFINITIONAL_REPRESENTATION('',(#1394),#1398);
#1394 = LINE('',#1395,#1396);
#1395 = CARTESIAN_POINT('',(-5.4,-15.275));
#1396 = VECTOR('',#1397,1.);
#1397 = DIRECTION('',(1.,0.));
#1398 = ( GEOMETRIC_REPRESENTATION_CONTEXT(2) 
PARAMETRIC_REPRESENTATION_CONTEXT() REPRESENTATION_CONTEXT('2D SPACE',''
  ) );
#1399 = ORIENTED_EDGE('',*,*,#1400,.F.);
#1400 = EDGE_CURVE('',#1401,#1378,#1403,.T.);
#1401 = VERTEX_POINT('',#1402);
#1402 = CARTESIAN_POINT('',(5.4,-15.275,4.));
#1403 = SURFACE_CURVE('',#1404,(#1408,#1415),.PCURVE_S1.);
#1404 = LINE('',#1405,#1406);
#1405 = CARTESIAN_POINT('',(5.4,-15.275,4.));
#1406 = VECTOR('',#1407,1.E+03);
#1407 = DIRECTION('',(0.,0.,1.));
#1408 = PCURVE('',#1350,#1409);
#1409 = DEFINITIONAL_REPRESENTATION('',(#1410),#1414);
#1410 = LINE('',#1411,#1412);
#1411 = CARTESIAN_POINT('',(10.8,0.));
#1412 = VECTOR('',#1413,1.);
#1413 = DIRECTION('',(0.,-1.));
#1414 = ( GEOMETRIC_REPRESENTATION_CONTEXT(2) 
PARAMETRIC_REPRESENTATION_CONTEXT() REPRESENTATION_CONTEXT('2D SPACE',''
  ) );
#1415 = PCURVE('',#1416,#1424);
#1416 = SURFACE_OF_LINEAR_EXTRUSION('',#1417,#1422);
#1417 = ELLIPSE('',#1418,15.275,15.275);
#1418 = AXIS2_PLACEMENT_3D('',#1419,#1420,#1421);
#1419 = CARTESIAN_POINT('',(5.4,0.,4.));
#1420 = DIRECTION('',(0.,0.,1.));
#1421 = DIRECTION('',(1.,0.,-0.));
#1422 = VECTOR('',#1423,1.E+03);
#1423 = DIRECTION('',(-0.,-0.,-1.));
#1424 = DEFINITIONAL_REPRESENTATION('',(#1425),#1429);
#1425 = LINE('',#1426,#1427);
#1426 = CARTESIAN_POINT('',(4.712388980385,0.));
#1427 = VECTOR('',#1428,1.);
#1428 = DIRECTION('',(0.,-1.));
#1429 = ( GEOMETRIC_REPRESENTATION_CONTEXT(2) 
PARAMETRIC_REPRESENTATION_CONTEXT() REPRESENTATION_CONTEXT('2D SPACE',''
  ) );
#1430 = ORIENTED_EDGE('',*,*,#1431,.F.);
#1431 = EDGE_CURVE('',#1340,#1401,#1432,.T.);
#1432 = SURFACE_CURVE('',#1433,(#1437,#1444),.PCURVE_S1.);
#1433 = LINE('',#1434,#1435);
#1434 = CARTESIAN_POINT('',(-5.4,-15.275,4.));
#1435 = VECTOR('',#1436,1.E+03);
#1436 = DIRECTION('',(1.,0.,0.));
#1437 = PCURVE('',#1350,#1438);
#1438 = DEFINITIONAL_REPRESENTATION('',(#1439),#1443);
#1439 = LINE('',#1440,#1441);
#1440 = CARTESIAN_POINT('',(0.,0.));
#1441 = VECTOR('',#1442,1.);
#1442 = DIRECTION('',(1.,0.));
#1443 = ( GEOMETRIC_REPRESENTATION_CONTEXT(2) 
PARAMETRIC_REPRESENTATION_CONTEXT() REPRESENTATION_CONTEXT('2D SPACE',''
  ) );
#1444 = PCURVE('',#1045,#1445);
#1445 = DEFINITIONAL_REPRESENTATION('',(#1446),#1450);
#1446 = LINE('',#1447,#1448);
#1447 = CARTESIAN_POINT('',(-5.4,-15.275));
#1448 = VECTOR('',#1449,1.);
#1449 = DIRECTION('',(1.,0.));
#1450 = ( GEOMETRIC_REPRESENTATION_CONTEXT(2) 
PARAMETRIC_REPRESENTATION_CONTEXT() REPRESENTATION_CONTEXT('2D SPACE',''
  ) );
#1451 = ADVANCED_FACE('',(#1452),#1416,.T.);
#1452 = FACE_BOUND('',#1453,.T.);
#1453 = EDGE_LOOP('',(#1454,#1455,#1479,#1510));
#1454 = ORIENTED_EDGE('',*,*,#1400,.T.);
#1455 = ORIENTED_EDGE('',*,*,#1456,.T.);
#1456 = EDGE_CURVE('',#1378,#1457,#1459,.T.);
#1457 = VERTEX_POINT('',#1458);
#1458 = CARTESIAN_POINT('',(20.675,0.,8.));
#1459 = SURFACE_CURVE('',#1460,(#1465,#1472),.PCURVE_S1.);
#1460 = ELLIPSE('',#1461,15.275,15.275);
#1461 = AXIS2_PLACEMENT_3D('',#1462,#1463,#1464);
#1462 = CARTESIAN_POINT('',(5.4,0.,8.));
#1463 = DIRECTION('',(0.,0.,1.));
#1464 = DIRECTION('',(1.,0.,-0.));
#1465 = PCURVE('',#1416,#1466);
#1466 = DEFINITIONAL_REPRESENTATION('',(#1467),#1471);
#1467 = LINE('',#1468,#1469);
#1468 = CARTESIAN_POINT('',(0.,-4.E-03));
#1469 = VECTOR('',#1470,1.);
#1470 = DIRECTION('',(1.,0.));
#1471 = ( GEOMETRIC_REPRESENTATION_CONTEXT(2) 
PARAMETRIC_REPRESENTATION_CONTEXT() REPRESENTATION_CONTEXT('2D SPACE',''
  ) );
#1472 = PCURVE('',#988,#1473);
#1473 = DEFINITIONAL_REPRESENTATION('',(#1474),#1478);
#1474 = CIRCLE('',#1475,15.275);
#1475 = AXIS2_PLACEMENT_2D('',#1476,#1477);
#1476 = CARTESIAN_POINT('',(5.4,1.099039201709E-15));
#1477 = DIRECTION('',(1.,0.));
#1478 = ( GEOMETRIC_REPRESENTATION_CONTEXT(2) 
PARAMETRIC_REPRESENTATION_CONTEXT() REPRESENTATION_CONTEXT('2D SPACE',''
  ) );
#1479 = ORIENTED_EDGE('',*,*,#1480,.F.);
#1480 = EDGE_CURVE('',#1481,#1457,#1483,.T.);
#1481 = VERTEX_POINT('',#1482);
#1482 = CARTESIAN_POINT('',(20.675,0.,4.));
#1483 = SURFACE_CURVE('',#1484,(#1488,#1495),.PCURVE_S1.);
#1484 = LINE('',#1485,#1486);
#1485 = CARTESIAN_POINT('',(20.675,0.,4.));
#1486 = VECTOR('',#1487,1.E+03);
#1487 = DIRECTION('',(0.,0.,1.));
#1488 = PCURVE('',#1416,#1489);
#1489 = DEFINITIONAL_REPRESENTATION('',(#1490),#1494);
#1490 = LINE('',#1491,#1492);
#1491 = CARTESIAN_POINT('',(6.28318530718,0.));
#1492 = VECTOR('',#1493,1.);
#1493 = DIRECTION('',(0.,-1.));
#1494 = ( GEOMETRIC_REPRESENTATION_CONTEXT(2) 
PARAMETRIC_REPRESENTATION_CONTEXT() REPRESENTATION_CONTEXT('2D SPACE',''
  ) );
#1495 = PCURVE('',#1496,#1504);
#1496 = SURFACE_OF_LINEAR_EXTRUSION('',#1497,#1502);
#1497 = ELLIPSE('',#1498,15.275,15.275);
#1498 = AXIS2_PLACEMENT_3D('',#1499,#1500,#1501);
#1499 = CARTESIAN_POINT('',(5.4,0.,4.));
#1500 = DIRECTION('',(0.,0.,1.));
#1501 = DIRECTION('',(1.,0.,-0.));
#1502 = VECTOR('',#1503,1.E+03);
#1503 = DIRECTION('',(-0.,-0.,-1.));
#1504 = DEFINITIONAL_REPRESENTATION('',(#1505),#1509);
#1505 = LINE('',#1506,#1507);
#1506 = CARTESIAN_POINT('',(0.,0.));
#1507 = VECTOR('',#1508,1.);
#1508 = DIRECTION('',(0.,-1.));
#1509 = ( GEOMETRIC_REPRESENTATION_CONTEXT(2) 
PARAMETRIC_REPRESENTATION_CONTEXT() REPRESENTATION_CONTEXT('2D SPACE',''
  ) );
#1510 = ORIENTED_EDGE('',*,*,#1511,.F.);
#1511 = EDGE_CURVE('',#1401,#1481,#1512,.T.);
#1512 = SURFACE_CURVE('',#1513,(#1518,#1525),.PCURVE_S1.);
#1513 = ELLIPSE('',#1514,15.275,15.275);
#1514 = AXIS2_PLACEMENT_3D('',#1515,#1516,#1517);
#1515 = CARTESIAN_POINT('',(5.4,0.,4.));
#1516 = DIRECTION('',(0.,0.,1.));
#1517 = DIRECTION('',(1.,0.,-0.));
#1518 = PCURVE('',#1416,#1519);
#1519 = DEFINITIONAL_REPRESENTATION('',(#1520),#1524);
#1520 = LINE('',#1521,#1522);
#1521 = CARTESIAN_POINT('',(0.,0.));
#1522 = VECTOR('',#1523,1.);
#1523 = DIRECTION('',(1.,0.));
#1524 = ( GEOMETRIC_REPRESENTATION_CONTEXT(2) 
PARAMETRIC_REPRESENTATION_CONTEXT() REPRESENTATION_CONTEXT('2D SPACE',''
  ) );
#1525 = PCURVE('',#1045,#1526);
#1526 = DEFINITIONAL_REPRESENTATION('',(#1527),#1531);
#1527 = CIRCLE('',#1528,15.275);
#1528 = AXIS2_PLACEMENT_2D('',#1529,#1530);
#1529 = CARTESIAN_POINT('',(5.4,1.099039201709E-15));
#1530 = DIRECTION('',(1.,0.));
#1531 = ( GEOMETRIC_REPRESENTATION_CONTEXT(2) 
PARAMETRIC_REPRESENTATION_CONTEXT() REPRESENTATION_CONTEXT('2D SPACE',''
  ) );
#1532 = ADVANCED_FACE('',(#1533),#1496,.T.);
#1533 = FACE_BOUND('',#1534,.T.);
#1534 = EDGE_LOOP('',(#1535,#1536,#1560,#1588));
#1535 = ORIENTED_EDGE('',*,*,#1480,.T.);
#1536 = ORIENTED_EDGE('',*,*,#1537,.T.);
#1537 = EDGE_CURVE('',#1457,#1538,#1540,.T.);
#1538 = VERTEX_POINT('',#1539);
#1539 = CARTESIAN_POINT('',(5.4,15.275,8.));
#1540 = SURFACE_CURVE('',#1541,(#1546,#1553),.PCURVE_S1.);
#1541 = ELLIPSE('',#1542,15.275,15.275);
#1542 = AXIS2_PLACEMENT_3D('',#1543,#1544,#1545);
#1543 = CARTESIAN_POINT('',(5.4,0.,8.));
#1544 = DIRECTION('',(0.,0.,1.));
#1545 = DIRECTION('',(1.,0.,-0.));
#1546 = PCURVE('',#1496,#1547);
#1547 = DEFINITIONAL_REPRESENTATION('',(#1548),#1552);
#1548 = LINE('',#1549,#1550);
#1549 = CARTESIAN_POINT('',(0.,-4.E-03));
#1550 = VECTOR('',#1551,1.);
#1551 = DIRECTION('',(1.,0.));
#1552 = ( GEOMETRIC_REPRESENTATION_CONTEXT(2) 
PARAMETRIC_REPRESENTATION_CONTEXT() REPRESENTATION_CONTEXT('2D SPACE',''
  ) );
#1553 = PCURVE('',#988,#1554);
#1554 = DEFINITIONAL_REPRESENTATION('',(#1555),#1559);
#1555 = CIRCLE('',#1556,15.275);
#1556 = AXIS2_PLACEMENT_2D('',#1557,#1558);
#1557 = CARTESIAN_POINT('',(5.4,1.099039201709E-15));
#1558 = DIRECTION('',(1.,0.));
#1559 = ( GEOMETRIC_REPRESENTATION_CONTEXT(2) 
PARAMETRIC_REPRESENTATION_CONTEXT() REPRESENTATION_CONTEXT('2D SPACE',''
  ) );
#1560 = ORIENTED_EDGE('',*,*,#1561,.F.);
#1561 = EDGE_CURVE('',#1562,#1538,#1564,.T.);
#1562 = VERTEX_POINT('',#1563);
#1563 = CARTESIAN_POINT('',(5.4,15.275,4.));
#1564 = SURFACE_CURVE('',#1565,(#1569,#1576),.PCURVE_S1.);
#1565 = LINE('',#1566,#1567);
#1566 = CARTESIAN_POINT('',(5.4,15.275,4.));
#1567 = VECTOR('',#1568,1.E+03);
#1568 = DIRECTION('',(0.,0.,1.));
#1569 = PCURVE('',#1496,#1570);
#1570 = DEFINITIONAL_REPRESENTATION('',(#1571),#1575);
#1571 = LINE('',#1572,#1573);
#1572 = CARTESIAN_POINT('',(1.570796326795,0.));
#1573 = VECTOR('',#1574,1.);
#1574 = DIRECTION('',(0.,-1.));
#1575 = ( GEOMETRIC_REPRESENTATION_CONTEXT(2) 
PARAMETRIC_REPRESENTATION_CONTEXT() REPRESENTATION_CONTEXT('2D SPACE',''
  ) );
#1576 = PCURVE('',#1577,#1582);
#1577 = PLANE('',#1578);
#1578 = AXIS2_PLACEMENT_3D('',#1579,#1580,#1581);
#1579 = CARTESIAN_POINT('',(5.4,15.275,4.));
#1580 = DIRECTION('',(0.,-1.,0.));
#1581 = DIRECTION('',(-1.,0.,0.));
#1582 = DEFINITIONAL_REPRESENTATION('',(#1583),#1587);
#1583 = LINE('',#1584,#1585);
#1584 = CARTESIAN_POINT('',(0.,-0.));
#1585 = VECTOR('',#1586,1.);
#1586 = DIRECTION('',(0.,-1.));
#1587 = ( GEOMETRIC_REPRESENTATION_CONTEXT(2) 
PARAMETRIC_REPRESENTATION_CONTEXT() REPRESENTATION_CONTEXT('2D SPACE',''
  ) );
#1588 = ORIENTED_EDGE('',*,*,#1589,.F.);
#1589 = EDGE_CURVE('',#1481,#1562,#1590,.T.);
#1590 = SURFACE_CURVE('',#1591,(#1596,#1603),.PCURVE_S1.);
#1591 = ELLIPSE('',#1592,15.275,15.275);
#1592 = AXIS2_PLACEMENT_3D('',#1593,#1594,#1595);
#1593 = CARTESIAN_POINT('',(5.4,0.,4.));
#1594 = DIRECTION('',(0.,0.,1.));
#1595 = DIRECTION('',(1.,0.,-0.));
#1596 = PCURVE('',#1496,#1597);
#1597 = DEFINITIONAL_REPRESENTATION('',(#1598),#1602);
#1598 = LINE('',#1599,#1600);
#1599 = CARTESIAN_POINT('',(0.,0.));
#1600 = VECTOR('',#1601,1.);
#1601 = DIRECTION('',(1.,0.));
#1602 = ( GEOMETRIC_REPRESENTATION_CONTEXT(2) 
PARAMETRIC_REPRESENTATION_CONTEXT() REPRESENTATION_CONTEXT('2D SPACE',''
  ) );
#1603 = PCURVE('',#1045,#1604);
#1604 = DEFINITIONAL_REPRESENTATION('',(#1605),#1609);
#1605 = CIRCLE('',#1606,15.275);
#1606 = AXIS2_PLACEMENT_2D('',#1607,#1608);
#1607 = CARTESIAN_POINT('',(5.4,1.099039201709E-15));
#1608 = DIRECTION('',(1.,0.));
#1609 = ( GEOMETRIC_REPRESENTATION_CONTEXT(2) 
PARAMETRIC_REPRESENTATION_CONTEXT() REPRESENTATION_CONTEXT('2D SPACE',''
  ) );
#1610 = ADVANCED_FACE('',(#1611),#1577,.T.);
#1611 = FACE_BOUND('',#1612,.T.);
#1612 = EDGE_LOOP('',(#1613,#1614,#1637,#1660));
#1613 = ORIENTED_EDGE('',*,*,#1561,.T.);
#1614 = ORIENTED_EDGE('',*,*,#1615,.T.);
#1615 = EDGE_CURVE('',#1538,#1616,#1618,.T.);
#1616 = VERTEX_POINT('',#1617);
#1617 = CARTESIAN_POINT('',(-5.4,15.275,8.));
#1618 = SURFACE_CURVE('',#1619,(#1623,#1630),.PCURVE_S1.);
#1619 = LINE('',#1620,#1621);
#1620 = CARTESIAN_POINT('',(5.4,15.275,8.));
#1621 = VECTOR('',#1622,1.E+03);
#1622 = DIRECTION('',(-1.,0.,0.));
#1623 = PCURVE('',#1577,#1624);
#1624 = DEFINITIONAL_REPRESENTATION('',(#1625),#1629);
#1625 = LINE('',#1626,#1627);
#1626 = CARTESIAN_POINT('',(0.,-4.));
#1627 = VECTOR('',#1628,1.);
#1628 = DIRECTION('',(1.,0.));
#1629 = ( GEOMETRIC_REPRESENTATION_CONTEXT(2) 
PARAMETRIC_REPRESENTATION_CONTEXT() REPRESENTATION_CONTEXT('2D SPACE',''
  ) );
#1630 = PCURVE('',#988,#1631);
#1631 = DEFINITIONAL_REPRESENTATION('',(#1632),#1636);
#1632 = LINE('',#1633,#1634);
#1633 = CARTESIAN_POINT('',(5.4,15.275));
#1634 = VECTOR('',#1635,1.);
#1635 = DIRECTION('',(-1.,0.));
#1636 = ( GEOMETRIC_REPRESENTATION_CONTEXT(2) 
PARAMETRIC_REPRESENTATION_CONTEXT() REPRESENTATION_CONTEXT('2D SPACE',''
  ) );
#1637 = ORIENTED_EDGE('',*,*,#1638,.F.);
#1638 = EDGE_CURVE('',#1639,#1616,#1641,.T.);
#1639 = VERTEX_POINT('',#1640);
#1640 = CARTESIAN_POINT('',(-5.4,15.275,4.));
#1641 = SURFACE_CURVE('',#1642,(#1646,#1653),.PCURVE_S1.);
#1642 = LINE('',#1643,#1644);
#1643 = CARTESIAN_POINT('',(-5.4,15.275,4.));
#1644 = VECTOR('',#1645,1.E+03);
#1645 = DIRECTION('',(0.,0.,1.));
#1646 = PCURVE('',#1577,#1647);
#1647 = DEFINITIONAL_REPRESENTATION('',(#1648),#1652);
#1648 = LINE('',#1649,#1650);
#1649 = CARTESIAN_POINT('',(10.8,0.));
#1650 = VECTOR('',#1651,1.);
#1651 = DIRECTION('',(0.,-1.));
#1652 = ( GEOMETRIC_REPRESENTATION_CONTEXT(2) 
PARAMETRIC_REPRESENTATION_CONTEXT() REPRESENTATION_CONTEXT('2D SPACE',''
  ) );
#1653 = PCURVE('',#1362,#1654);
#1654 = DEFINITIONAL_REPRESENTATION('',(#1655),#1659);
#1655 = LINE('',#1656,#1657);
#1656 = CARTESIAN_POINT('',(1.570796326795,0.));
#1657 = VECTOR('',#1658,1.);
#1658 = DIRECTION('',(0.,-1.));
#1659 = ( GEOMETRIC_REPRESENTATION_CONTEXT(2) 
PARAMETRIC_REPRESENTATION_CONTEXT() REPRESENTATION_CONTEXT('2D SPACE',''
  ) );
#1660 = ORIENTED_EDGE('',*,*,#1661,.F.);
#1661 = EDGE_CURVE('',#1562,#1639,#1662,.T.);
#1662 = SURFACE_CURVE('',#1663,(#1667,#1674),.PCURVE_S1.);
#1663 = LINE('',#1664,#1665);
#1664 = CARTESIAN_POINT('',(5.4,15.275,4.));
#1665 = VECTOR('',#1666,1.E+03);
#1666 = DIRECTION('',(-1.,0.,0.));
#1667 = PCURVE('',#1577,#1668);
#1668 = DEFINITIONAL_REPRESENTATION('',(#1669),#1673);
#1669 = LINE('',#1670,#1671);
#1670 = CARTESIAN_POINT('',(0.,-0.));
#1671 = VECTOR('',#1672,1.);
#1672 = DIRECTION('',(1.,0.));
#1673 = ( GEOMETRIC_REPRESENTATION_CONTEXT(2) 
PARAMETRIC_REPRESENTATION_CONTEXT() REPRESENTATION_CONTEXT('2D SPACE',''
  ) );
#1674 = PCURVE('',#1045,#1675);
#1675 = DEFINITIONAL_REPRESENTATION('',(#1676),#1680);
#1676 = LINE('',#1677,#1678);
#1677 = CARTESIAN_POINT('',(5.4,15.275));
#1678 = VECTOR('',#1679,1.);
#1679 = DIRECTION('',(-1.,0.));
#1680 = ( GEOMETRIC_REPRESENTATION_CONTEXT(2) 
PARAMETRIC_REPRESENTATION_CONTEXT() REPRESENTATION_CONTEXT('2D SPACE',''
  ) );
#1681 = ADVANCED_FACE('',(#1682),#1362,.T.);
#1682 = FACE_BOUND('',#1683,.T.);
#1683 = EDGE_LOOP('',(#1684,#1685,#1707,#1708));
#1684 = ORIENTED_EDGE('',*,*,#1638,.T.);
#1685 = ORIENTED_EDGE('',*,*,#1686,.T.);
#1686 = EDGE_CURVE('',#1616,#1342,#1687,.T.);
#1687 = SURFACE_CURVE('',#1688,(#1693,#1700),.PCURVE_S1.);
#1688 = ELLIPSE('',#1689,15.275,15.275);
#1689 = AXIS2_PLACEMENT_3D('',#1690,#1691,#1692);
#1690 = CARTESIAN_POINT('',(-5.4,0.,8.));
#1691 = DIRECTION('',(0.,0.,1.));
#1692 = DIRECTION('',(1.,0.,-0.));
#1693 = PCURVE('',#1362,#1694);
#1694 = DEFINITIONAL_REPRESENTATION('',(#1695),#1699);
#1695 = LINE('',#1696,#1697);
#1696 = CARTESIAN_POINT('',(0.,-4.E-03));
#1697 = VECTOR('',#1698,1.);
#1698 = DIRECTION('',(1.,0.));
#1699 = ( GEOMETRIC_REPRESENTATION_CONTEXT(2) 
PARAMETRIC_REPRESENTATION_CONTEXT() REPRESENTATION_CONTEXT('2D SPACE',''
  ) );
#1700 = PCURVE('',#988,#1701);
#1701 = DEFINITIONAL_REPRESENTATION('',(#1702),#1706);
#1702 = CIRCLE('',#1703,15.275);
#1703 = AXIS2_PLACEMENT_2D('',#1704,#1705);
#1704 = CARTESIAN_POINT('',(-5.4,1.099039201709E-15));
#1705 = DIRECTION('',(1.,0.));
#1706 = ( GEOMETRIC_REPRESENTATION_CONTEXT(2) 
PARAMETRIC_REPRESENTATION_CONTEXT() REPRESENTATION_CONTEXT('2D SPACE',''
  ) );
#1707 = ORIENTED_EDGE('',*,*,#1339,.F.);
#1708 = ORIENTED_EDGE('',*,*,#1709,.F.);
#1709 = EDGE_CURVE('',#1639,#1340,#1710,.T.);
#1710 = SURFACE_CURVE('',#1711,(#1716,#1723),.PCURVE_S1.);
#1711 = ELLIPSE('',#1712,15.275,15.275);
#1712 = AXIS2_PLACEMENT_3D('',#1713,#1714,#1715);
#1713 = CARTESIAN_POINT('',(-5.4,0.,4.));
#1714 = DIRECTION('',(0.,0.,1.));
#1715 = DIRECTION('',(1.,0.,-0.));
#1716 = PCURVE('',#1362,#1717);
#1717 = DEFINITIONAL_REPRESENTATION('',(#1718),#1722);
#1718 = LINE('',#1719,#1720);
#1719 = CARTESIAN_POINT('',(0.,0.));
#1720 = VECTOR('',#1721,1.);
#1721 = DIRECTION('',(1.,0.));
#1722 = ( GEOMETRIC_REPRESENTATION_CONTEXT(2) 
PARAMETRIC_REPRESENTATION_CONTEXT() REPRESENTATION_CONTEXT('2D SPACE',''
  ) );
#1723 = PCURVE('',#1045,#1724);
#1724 = DEFINITIONAL_REPRESENTATION('',(#1725),#1729);
#1725 = CIRCLE('',#1726,15.275);
#1726 = AXIS2_PLACEMENT_2D('',#1727,#1728);
#1727 = CARTESIAN_POINT('',(-5.4,1.099039201709E-15));
#1728 = DIRECTION('',(1.,0.));
#1729 = ( GEOMETRIC_REPRESENTATION_CONTEXT(2) 
PARAMETRIC_REPRESENTATION_CONTEXT() REPRESENTATION_CONTEXT('2D SPACE',''
  ) );
#1730 = ADVANCED_FACE('',(#1731,#1738),#1045,.F.);
#1731 = FACE_BOUND('',#1732,.F.);
#1732 = EDGE_LOOP('',(#1733,#1734,#1735,#1736,#1737));
#1733 = ORIENTED_EDGE('',*,*,#1031,.T.);
#1734 = ORIENTED_EDGE('',*,*,#1194,.T.);
#1735 = ORIENTED_EDGE('',*,*,#1314,.T.);
#1736 = ORIENTED_EDGE('',*,*,#1266,.T.);
#1737 = ORIENTED_EDGE('',*,*,#1113,.T.);
#1738 = FACE_BOUND('',#1739,.F.);
#1739 = EDGE_LOOP('',(#1740,#1741,#1742,#1743,#1744));
#1740 = ORIENTED_EDGE('',*,*,#1431,.F.);
#1741 = ORIENTED_EDGE('',*,*,#1709,.F.);
#1742 = ORIENTED_EDGE('',*,*,#1661,.F.);
#1743 = ORIENTED_EDGE('',*,*,#1589,.F.);
#1744 = ORIENTED_EDGE('',*,*,#1511,.F.);
#1745 = ADVANCED_FACE('',(#1746,#1753),#988,.T.);
#1746 = FACE_BOUND('',#1747,.T.);
#1747 = EDGE_LOOP('',(#1748,#1749,#1750,#1751,#1752));
#1748 = ORIENTED_EDGE('',*,*,#972,.T.);
#1749 = ORIENTED_EDGE('',*,*,#1139,.T.);
#1750 = ORIENTED_EDGE('',*,*,#1291,.T.);
#1751 = ORIENTED_EDGE('',*,*,#1244,.T.);
#1752 = ORIENTED_EDGE('',*,*,#1090,.T.);
#1753 = FACE_BOUND('',#1754,.T.);
#1754 = EDGE_LOOP('',(#1755,#1756,#1757,#1758,#1759));
#1755 = ORIENTED_EDGE('',*,*,#1377,.F.);
#1756 = ORIENTED_EDGE('',*,*,#1686,.F.);
#1757 = ORIENTED_EDGE('',*,*,#1615,.F.);
#1758 = ORIENTED_EDGE('',*,*,#1537,.F.);
#1759 = ORIENTED_EDGE('',*,*,#1456,.F.);
#1760 = ( GEOMETRIC_REPRESENTATION_CONTEXT(3) 
GLOBAL_UNCERTAINTY_ASSIGNED_CONTEXT((#1764)) 
GLOBAL_UNIT_ASSIGNED_CONTEXT((#1761,#1762,#1763)) REPRESENTATION_CONTEXT
('Context #1','3D Context with UNIT and UNCERTAINTY') );
#1761 = ( LENGTH_UNIT() NAMED_UNIT(*) SI_UNIT(.MILLI.,.METRE.) );
#1762 = ( NAMED_UNIT(*) PLANE_ANGLE_UNIT() SI_UNIT($,.RADIAN.) );
#1763 = ( NAMED_UNIT(*) SI_UNIT($,.STERADIAN.) SOLID_ANGLE_UNIT() );
#1764 = UNCERTAINTY_MEASURE_WITH_UNIT(LENGTH_MEASURE(1.E-04),#1761,
  'distance_accuracy_value','confusion accuracy');
#1765 = CONTEXT_DEPENDENT_SHAPE_REPRESENTATION(#1766,#1768);
#1766 = ( REPRESENTATION_RELATIONSHIP('','',#927,#10) 
REPRESENTATION_RELATIONSHIP_WITH_TRANSFORMATION(#1767) 
SHAPE_REPRESENTATION_RELATIONSHIP() );
#1767 = ITEM_DEFINED_TRANSFORMATION('','',#11,#19);
#1768 = PRODUCT_DEFINITION_SHAPE('Placement','Placement of an item',
  #1769);
#1769 = NEXT_ASSEMBLY_USAGE_OCCURRENCE('2','','',#5,#922,$);
#1770 = PRODUCT_RELATED_PRODUCT_CATEGORY('part',$,(#924));
#1771 = SHAPE_DEFINITION_REPRESENTATION(#1772,#1778);
#1772 = PRODUCT_DEFINITION_SHAPE('','',#1773);
#1773 = PRODUCT_DEFINITION('design','',#1774,#1777);
#1774 = PRODUCT_DEFINITION_FORMATION('','',#1775);
#1775 = PRODUCT('Open CASCADE STEP translator 7.9 1.3',
  'Open CASCADE STEP translator 7.9 1.3','',(#1776));
#1776 = PRODUCT_CONTEXT('',#2,'mechanical');
#1777 = PRODUCT_DEFINITION_CONTEXT('part definition',#2,'design');
#1778 = ADVANCED_BREP_SHAPE_REPRESENTATION('',(#11,#1779),#2611);
#1779 = MANIFOLD_SOLID_BREP('',#1780);
#1780 = CLOSED_SHELL('',(#1781,#1907,#1985,#2066,#2137,#2186,#2302,#2383
    ,#2461,#2532,#2581,#2596));
#1781 = ADVANCED_FACE('',(#1782),#1796,.F.);
#1782 = FACE_BOUND('',#1783,.F.);
#1783 = EDGE_LOOP('',(#1784,#1822,#1850,#1881));
#1784 = ORIENTED_EDGE('',*,*,#1785,.T.);
#1785 = EDGE_CURVE('',#1786,#1788,#1790,.T.);
#1786 = VERTEX_POINT('',#1787);
#1787 = CARTESIAN_POINT('',(-5.4,-43.925,0.));
#1788 = VERTEX_POINT('',#1789);
#1789 = CARTESIAN_POINT('',(-5.4,-43.925,4.));
#1790 = SURFACE_CURVE('',#1791,(#1795,#1807),.PCURVE_S1.);
#1791 = LINE('',#1792,#1793);
#1792 = CARTESIAN_POINT('',(-5.4,-43.925,0.));
#1793 = VECTOR('',#1794,1.E+03);
#1794 = DIRECTION('',(0.,0.,1.));
#1795 = PCURVE('',#1796,#1801);
#1796 = PLANE('',#1797);
#1797 = AXIS2_PLACEMENT_3D('',#1798,#1799,#1800);
#1798 = CARTESIAN_POINT('',(-5.4,-43.925,0.));
#1799 = DIRECTION('',(0.,1.,0.));
#1800 = DIRECTION('',(1.,0.,0.));
#1801 = DEFINITIONAL_REPRESENTATION('',(#1802),#1806);
#1802 = LINE('',#1803,#1804);
#1803 = CARTESIAN_POINT('',(0.,0.));
#1804 = VECTOR('',#1805,1.);
#1805 = DIRECTION('',(0.,-1.));
#1806 = ( GEOMETRIC_REPRESENTATION_CONTEXT(2) 
PARAMETRIC_REPRESENTATION_CONTEXT() REPRESENTATION_CONTEXT('2D SPACE',''
  ) );
#1807 = PCURVE('',#1808,#1816);
#1808 = SURFACE_OF_LINEAR_EXTRUSION('',#1809,#1814);
#1809 = ELLIPSE('',#1810,43.925,43.925);
#1810 = AXIS2_PLACEMENT_3D('',#1811,#1812,#1813);
#1811 = CARTESIAN_POINT('',(-5.4,0.,0.));
#1812 = DIRECTION('',(0.,0.,1.));
#1813 = DIRECTION('',(1.,0.,-0.));
#1814 = VECTOR('',#1815,1.E+03);
#1815 = DIRECTION('',(-0.,-0.,-1.));
#1816 = DEFINITIONAL_REPRESENTATION('',(#1817),#1821);
#1817 = LINE('',#1818,#1819);
#1818 = CARTESIAN_POINT('',(4.712388980385,0.));
#1819 = VECTOR('',#1820,1.);
#1820 = DIRECTION('',(0.,-1.));
#1821 = ( GEOMETRIC_REPRESENTATION_CONTEXT(2) 
PARAMETRIC_REPRESENTATION_CONTEXT() REPRESENTATION_CONTEXT('2D SPACE',''
  ) );
#1822 = ORIENTED_EDGE('',*,*,#1823,.T.);
#1823 = EDGE_CURVE('',#1788,#1824,#1826,.T.);
#1824 = VERTEX_POINT('',#1825);
#1825 = CARTESIAN_POINT('',(5.4,-43.925,4.));
#1826 = SURFACE_CURVE('',#1827,(#1831,#1838),.PCURVE_S1.);
#1827 = LINE('',#1828,#1829);
#1828 = CARTESIAN_POINT('',(-5.4,-43.925,4.));
#1829 = VECTOR('',#1830,1.E+03);
#1830 = DIRECTION('',(1.,0.,0.));
#1831 = PCURVE('',#1796,#1832);
#1832 = DEFINITIONAL_REPRESENTATION('',(#1833),#1837);
#1833 = LINE('',#1834,#1835);
#1834 = CARTESIAN_POINT('',(0.,-4.));
#1835 = VECTOR('',#1836,1.);
#1836 = DIRECTION('',(1.,0.));
#1837 = ( GEOMETRIC_REPRESENTATION_CONTEXT(2) 
PARAMETRIC_REPRESENTATION_CONTEXT() REPRESENTATION_CONTEXT('2D SPACE',''
  ) );
#1838 = PCURVE('',#1839,#1844);
#1839 = PLANE('',#1840);
#1840 = AXIS2_PLACEMENT_3D('',#1841,#1842,#1843);
#1841 = CARTESIAN_POINT('',(0.,-1.099039201709E-15,4.));
#1842 = DIRECTION('',(0.,0.,1.));
#1843 = DIRECTION('',(1.,0.,-0.));
#1844 = DEFINITIONAL_REPRESENTATION('',(#1845),#1849);
#1845 = LINE('',#1846,#1847);
#1846 = CARTESIAN_POINT('',(-5.4,-43.925));
#1847 = VECTOR('',#1848,1.);
#1848 = DIRECTION('',(1.,0.));
#1849 = ( GEOMETRIC_REPRESENTATION_CONTEXT(2) 
PARAMETRIC_REPRESENTATION_CONTEXT() REPRESENTATION_CONTEXT('2D SPACE',''
  ) );
#1850 = ORIENTED_EDGE('',*,*,#1851,.F.);
#1851 = EDGE_CURVE('',#1852,#1824,#1854,.T.);
#1852 = VERTEX_POINT('',#1853);
#1853 = CARTESIAN_POINT('',(5.4,-43.925,0.));
#1854 = SURFACE_CURVE('',#1855,(#1859,#1866),.PCURVE_S1.);
#1855 = LINE('',#1856,#1857);
#1856 = CARTESIAN_POINT('',(5.4,-43.925,0.));
#1857 = VECTOR('',#1858,1.E+03);
#1858 = DIRECTION('',(0.,0.,1.));
#1859 = PCURVE('',#1796,#1860);
#1860 = DEFINITIONAL_REPRESENTATION('',(#1861),#1865);
#1861 = LINE('',#1862,#1863);
#1862 = CARTESIAN_POINT('',(10.8,0.));
#1863 = VECTOR('',#1864,1.);
#1864 = DIRECTION('',(0.,-1.));
#1865 = ( GEOMETRIC_REPRESENTATION_CONTEXT(2) 
PARAMETRIC_REPRESENTATION_CONTEXT() REPRESENTATION_CONTEXT('2D SPACE',''
  ) );
#1866 = PCURVE('',#1867,#1875);
#1867 = SURFACE_OF_LINEAR_EXTRUSION('',#1868,#1873);
#1868 = ELLIPSE('',#1869,43.925,43.925);
#1869 = AXIS2_PLACEMENT_3D('',#1870,#1871,#1872);
#1870 = CARTESIAN_POINT('',(5.4,0.,0.));
#1871 = DIRECTION('',(0.,0.,1.));
#1872 = DIRECTION('',(1.,0.,-0.));
#1873 = VECTOR('',#1874,1.E+03);
#1874 = DIRECTION('',(-0.,-0.,-1.));
#1875 = DEFINITIONAL_REPRESENTATION('',(#1876),#1880);
#1876 = LINE('',#1877,#1878);
#1877 = CARTESIAN_POINT('',(4.712388980385,0.));
#1878 = VECTOR('',#1879,1.);
#1879 = DIRECTION('',(0.,-1.));
#1880 = ( GEOMETRIC_REPRESENTATION_CONTEXT(2) 
PARAMETRIC_REPRESENTATION_CONTEXT() REPRESENTATION_CONTEXT('2D SPACE',''
  ) );
#1881 = ORIENTED_EDGE('',*,*,#1882,.F.);
#1882 = EDGE_CURVE('',#1786,#1852,#1883,.T.);
#1883 = SURFACE_CURVE('',#1884,(#1888,#1895),.PCURVE_S1.);
#1884 = LINE('',#1885,#1886);
#1885 = CARTESIAN_POINT('',(-5.4,-43.925,0.));
#1886 = VECTOR('',#1887,1.E+03);
#1887 = DIRECTION('',(1.,0.,0.));
#1888 = PCURVE('',#1796,#1889);
#1889 = DEFINITIONAL_REPRESENTATION('',(#1890),#1894);
#1890 = LINE('',#1891,#1892);
#1891 = CARTESIAN_POINT('',(0.,0.));
#1892 = VECTOR('',#1893,1.);
#1893 = DIRECTION('',(1.,0.));
#1894 = ( GEOMETRIC_REPRESENTATION_CONTEXT(2) 
PARAMETRIC_REPRESENTATION_CONTEXT() REPRESENTATION_CONTEXT('2D SPACE',''
  ) );
#1895 = PCURVE('',#1896,#1901);
#1896 = PLANE('',#1897);
#1897 = AXIS2_PLACEMENT_3D('',#1898,#1899,#1900);
#1898 = CARTESIAN_POINT('',(0.,-1.099039201709E-15,0.));
#1899 = DIRECTION('',(0.,0.,1.));
#1900 = DIRECTION('',(1.,0.,-0.));
#1901 = DEFINITIONAL_REPRESENTATION('',(#1902),#1906);
#1902 = LINE('',#1903,#1904);
#1903 = CARTESIAN_POINT('',(-5.4,-43.925));
#1904 = VECTOR('',#1905,1.);
#1905 = DIRECTION('',(1.,0.));
#1906 = ( GEOMETRIC_REPRESENTATION_CONTEXT(2) 
PARAMETRIC_REPRESENTATION_CONTEXT() REPRESENTATION_CONTEXT('2D SPACE',''
  ) );
#1907 = ADVANCED_FACE('',(#1908),#1808,.F.);
#1908 = FACE_BOUND('',#1909,.F.);
#1909 = EDGE_LOOP('',(#1910,#1940,#1962,#1963));
#1910 = ORIENTED_EDGE('',*,*,#1911,.T.);
#1911 = EDGE_CURVE('',#1912,#1914,#1916,.T.);
#1912 = VERTEX_POINT('',#1913);
#1913 = CARTESIAN_POINT('',(-5.4,43.925,0.));
#1914 = VERTEX_POINT('',#1915);
#1915 = CARTESIAN_POINT('',(-5.4,43.925,4.));
#1916 = SURFACE_CURVE('',#1917,(#1921,#1928),.PCURVE_S1.);
#1917 = LINE('',#1918,#1919);
#1918 = CARTESIAN_POINT('',(-5.4,43.925,0.));
#1919 = VECTOR('',#1920,1.E+03);
#1920 = DIRECTION('',(0.,0.,1.));
#1921 = PCURVE('',#1808,#1922);
#1922 = DEFINITIONAL_REPRESENTATION('',(#1923),#1927);
#1923 = LINE('',#1924,#1925);
#1924 = CARTESIAN_POINT('',(1.570796326795,0.));
#1925 = VECTOR('',#1926,1.);
#1926 = DIRECTION('',(0.,-1.));
#1927 = ( GEOMETRIC_REPRESENTATION_CONTEXT(2) 
PARAMETRIC_REPRESENTATION_CONTEXT() REPRESENTATION_CONTEXT('2D SPACE',''
  ) );
#1928 = PCURVE('',#1929,#1934);
#1929 = PLANE('',#1930);
#1930 = AXIS2_PLACEMENT_3D('',#1931,#1932,#1933);
#1931 = CARTESIAN_POINT('',(5.4,43.925,0.));
#1932 = DIRECTION('',(0.,-1.,0.));
#1933 = DIRECTION('',(-1.,0.,0.));
#1934 = DEFINITIONAL_REPRESENTATION('',(#1935),#1939);
#1935 = LINE('',#1936,#1937);
#1936 = CARTESIAN_POINT('',(10.8,0.));
#1937 = VECTOR('',#1938,1.);
#1938 = DIRECTION('',(0.,-1.));
#1939 = ( GEOMETRIC_REPRESENTATION_CONTEXT(2) 
PARAMETRIC_REPRESENTATION_CONTEXT() REPRESENTATION_CONTEXT('2D SPACE',''
  ) );
#1940 = ORIENTED_EDGE('',*,*,#1941,.T.);
#1941 = EDGE_CURVE('',#1914,#1788,#1942,.T.);
#1942 = SURFACE_CURVE('',#1943,(#1948,#1955),.PCURVE_S1.);
#1943 = ELLIPSE('',#1944,43.925,43.925);
#1944 = AXIS2_PLACEMENT_3D('',#1945,#1946,#1947);
#1945 = CARTESIAN_POINT('',(-5.4,0.,4.));
#1946 = DIRECTION('',(0.,0.,1.));
#1947 = DIRECTION('',(1.,0.,-0.));
#1948 = PCURVE('',#1808,#1949);
#1949 = DEFINITIONAL_REPRESENTATION('',(#1950),#1954);
#1950 = LINE('',#1951,#1952);
#1951 = CARTESIAN_POINT('',(0.,-4.E-03));
#1952 = VECTOR('',#1953,1.);
#1953 = DIRECTION('',(1.,0.));
#1954 = ( GEOMETRIC_REPRESENTATION_CONTEXT(2) 
PARAMETRIC_REPRESENTATION_CONTEXT() REPRESENTATION_CONTEXT('2D SPACE',''
  ) );
#1955 = PCURVE('',#1839,#1956);
#1956 = DEFINITIONAL_REPRESENTATION('',(#1957),#1961);
#1957 = CIRCLE('',#1958,43.925);
#1958 = AXIS2_PLACEMENT_2D('',#1959,#1960);
#1959 = CARTESIAN_POINT('',(-5.4,1.099039201709E-15));
#1960 = DIRECTION('',(1.,0.));
#1961 = ( GEOMETRIC_REPRESENTATION_CONTEXT(2) 
PARAMETRIC_REPRESENTATION_CONTEXT() REPRESENTATION_CONTEXT('2D SPACE',''
  ) );
#1962 = ORIENTED_EDGE('',*,*,#1785,.F.);
#1963 = ORIENTED_EDGE('',*,*,#1964,.F.);
#1964 = EDGE_CURVE('',#1912,#1786,#1965,.T.);
#1965 = SURFACE_CURVE('',#1966,(#1971,#1978),.PCURVE_S1.);
#1966 = ELLIPSE('',#1967,43.925,43.925);
#1967 = AXIS2_PLACEMENT_3D('',#1968,#1969,#1970);
#1968 = CARTESIAN_POINT('',(-5.4,0.,0.));
#1969 = DIRECTION('',(0.,0.,1.));
#1970 = DIRECTION('',(1.,0.,-0.));
#1971 = PCURVE('',#1808,#1972);
#1972 = DEFINITIONAL_REPRESENTATION('',(#1973),#1977);
#1973 = LINE('',#1974,#1975);
#1974 = CARTESIAN_POINT('',(0.,0.));
#1975 = VECTOR('',#1976,1.);
#1976 = DIRECTION('',(1.,0.));
#1977 = ( GEOMETRIC_REPRESENTATION_CONTEXT(2) 
PARAMETRIC_REPRESENTATION_CONTEXT() REPRESENTATION_CONTEXT('2D SPACE',''
  ) );
#1978 = PCURVE('',#1896,#1979);
#1979 = DEFINITIONAL_REPRESENTATION('',(#1980),#1984);
#1980 = CIRCLE('',#1981,43.925);
#1981 = AXIS2_PLACEMENT_2D('',#1982,#1983);
#1982 = CARTESIAN_POINT('',(-5.4,1.099039201709E-15));
#1983 = DIRECTION('',(1.,0.));
#1984 = ( GEOMETRIC_REPRESENTATION_CONTEXT(2) 
PARAMETRIC_REPRESENTATION_CONTEXT() REPRESENTATION_CONTEXT('2D SPACE',''
  ) );
#1985 = ADVANCED_FACE('',(#1986),#1867,.F.);
#1986 = FACE_BOUND('',#1987,.F.);
#1987 = EDGE_LOOP('',(#1988,#1989,#2013,#2044));
#1988 = ORIENTED_EDGE('',*,*,#1851,.T.);
#1989 = ORIENTED_EDGE('',*,*,#1990,.T.);
#1990 = EDGE_CURVE('',#1824,#1991,#1993,.T.);
#1991 = VERTEX_POINT('',#1992);
#1992 = CARTESIAN_POINT('',(49.325,0.,4.));
#1993 = SURFACE_CURVE('',#1994,(#1999,#2006),.PCURVE_S1.);
#1994 = ELLIPSE('',#1995,43.925,43.925);
#1995 = AXIS2_PLACEMENT_3D('',#1996,#1997,#1998);
#1996 = CARTESIAN_POINT('',(5.4,0.,4.));
#1997 = DIRECTION('',(0.,0.,1.));
#1998 = DIRECTION('',(1.,0.,-0.));
#1999 = PCURVE('',#1867,#2000);
#2000 = DEFINITIONAL_REPRESENTATION('',(#2001),#2005);
#2001 = LINE('',#2002,#2003);
#2002 = CARTESIAN_POINT('',(0.,-4.E-03));
#2003 = VECTOR('',#2004,1.);
#2004 = DIRECTION('',(1.,0.));
#2005 = ( GEOMETRIC_REPRESENTATION_CONTEXT(2) 
PARAMETRIC_REPRESENTATION_CONTEXT() REPRESENTATION_CONTEXT('2D SPACE',''
  ) );
#2006 = PCURVE('',#1839,#2007);
#2007 = DEFINITIONAL_REPRESENTATION('',(#2008),#2012);
#2008 = CIRCLE('',#2009,43.925);
#2009 = AXIS2_PLACEMENT_2D('',#2010,#2011);
#2010 = CARTESIAN_POINT('',(5.4,1.099039201709E-15));
#2011 = DIRECTION('',(1.,0.));
#2012 = ( GEOMETRIC_REPRESENTATION_CONTEXT(2) 
PARAMETRIC_REPRESENTATION_CONTEXT() REPRESENTATION_CONTEXT('2D SPACE',''
  ) );
#2013 = ORIENTED_EDGE('',*,*,#2014,.F.);
#2014 = EDGE_CURVE('',#2015,#1991,#2017,.T.);
#2015 = VERTEX_POINT('',#2016);
#2016 = CARTESIAN_POINT('',(49.325,0.,0.));
#2017 = SURFACE_CURVE('',#2018,(#2022,#2029),.PCURVE_S1.);
#2018 = LINE('',#2019,#2020);
#2019 = CARTESIAN_POINT('',(49.325,0.,0.));
#2020 = VECTOR('',#2021,1.E+03);
#2021 = DIRECTION('',(0.,0.,1.));
#2022 = PCURVE('',#1867,#2023);
#2023 = DEFINITIONAL_REPRESENTATION('',(#2024),#2028);
#2024 = LINE('',#2025,#2026);
#2025 = CARTESIAN_POINT('',(6.28318530718,0.));
#2026 = VECTOR('',#2027,1.);
#2027 = DIRECTION('',(0.,-1.));
#2028 = ( GEOMETRIC_REPRESENTATION_CONTEXT(2) 
PARAMETRIC_REPRESENTATION_CONTEXT() REPRESENTATION_CONTEXT('2D SPACE',''
  ) );
#2029 = PCURVE('',#2030,#2038);
#2030 = SURFACE_OF_LINEAR_EXTRUSION('',#2031,#2036);
#2031 = ELLIPSE('',#2032,43.925,43.925);
#2032 = AXIS2_PLACEMENT_3D('',#2033,#2034,#2035);
#2033 = CARTESIAN_POINT('',(5.4,0.,0.));
#2034 = DIRECTION('',(0.,0.,1.));
#2035 = DIRECTION('',(1.,0.,-0.));
#2036 = VECTOR('',#2037,1.E+03);
#2037 = DIRECTION('',(-0.,-0.,-1.));
#2038 = DEFINITIONAL_REPRESENTATION('',(#2039),#2043);
#2039 = LINE('',#2040,#2041);
#2040 = CARTESIAN_POINT('',(0.,0.));
#2041 = VECTOR('',#2042,1.);
#2042 = DIRECTION('',(0.,-1.));
#2043 = ( GEOMETRIC_REPRESENTATION_CONTEXT(2) 
PARAMETRIC_REPRESENTATION_CONTEXT() REPRESENTATION_CONTEXT('2D SPACE',''
  ) );
#2044 = ORIENTED_EDGE('',*,*,#2045,.F.);
#2045 = EDGE_CURVE('',#1852,#2015,#2046,.T.);
#2046 = SURFACE_CURVE('',#2047,(#2052,#2059),.PCURVE_S1.);
#2047 = ELLIPSE('',#2048,43.925,43.925);
#2048 = AXIS2_PLACEMENT_3D('',#2049,#2050,#2051);
#2049 = CARTESIAN_POINT('',(5.4,0.,0.));
#2050 = DIRECTION('',(0.,0.,1.));
#2051 = DIRECTION('',(1.,0.,-0.));
#2052 = PCURVE('',#1867,#2053);
#2053 = DEFINITIONAL_REPRESENTATION('',(#2054),#2058);
#2054 = LINE('',#2055,#2056);
#2055 = CARTESIAN_POINT('',(0.,0.));
#2056 = VECTOR('',#2057,1.);
#2057 = DIRECTION('',(1.,0.));
#2058 = ( GEOMETRIC_REPRESENTATION_CONTEXT(2) 
PARAMETRIC_REPRESENTATION_CONTEXT() REPRESENTATION_CONTEXT('2D SPACE',''
  ) );
#2059 = PCURVE('',#1896,#2060);
#2060 = DEFINITIONAL_REPRESENTATION('',(#2061),#2065);
#2061 = CIRCLE('',#2062,43.925);
#2062 = AXIS2_PLACEMENT_2D('',#2063,#2064);
#2063 = CARTESIAN_POINT('',(5.4,1.099039201709E-15));
#2064 = DIRECTION('',(1.,0.));
#2065 = ( GEOMETRIC_REPRESENTATION_CONTEXT(2) 
PARAMETRIC_REPRESENTATION_CONTEXT() REPRESENTATION_CONTEXT('2D SPACE',''
  ) );
#2066 = ADVANCED_FACE('',(#2067),#1929,.F.);
#2067 = FACE_BOUND('',#2068,.F.);
#2068 = EDGE_LOOP('',(#2069,#2094,#2115,#2116));
#2069 = ORIENTED_EDGE('',*,*,#2070,.T.);
#2070 = EDGE_CURVE('',#2071,#2073,#2075,.T.);
#2071 = VERTEX_POINT('',#2072);
#2072 = CARTESIAN_POINT('',(5.4,43.925,0.));
#2073 = VERTEX_POINT('',#2074);
#2074 = CARTESIAN_POINT('',(5.4,43.925,4.));
#2075 = SURFACE_CURVE('',#2076,(#2080,#2087),.PCURVE_S1.);
#2076 = LINE('',#2077,#2078);
#2077 = CARTESIAN_POINT('',(5.4,43.925,0.));
#2078 = VECTOR('',#2079,1.E+03);
#2079 = DIRECTION('',(0.,0.,1.));
#2080 = PCURVE('',#1929,#2081);
#2081 = DEFINITIONAL_REPRESENTATION('',(#2082),#2086);
#2082 = LINE('',#2083,#2084);
#2083 = CARTESIAN_POINT('',(0.,-0.));
#2084 = VECTOR('',#2085,1.);
#2085 = DIRECTION('',(0.,-1.));
#2086 = ( GEOMETRIC_REPRESENTATION_CONTEXT(2) 
PARAMETRIC_REPRESENTATION_CONTEXT() REPRESENTATION_CONTEXT('2D SPACE',''
  ) );
#2087 = PCURVE('',#2030,#2088);
#2088 = DEFINITIONAL_REPRESENTATION('',(#2089),#2093);
#2089 = LINE('',#2090,#2091);
#2090 = CARTESIAN_POINT('',(1.570796326795,0.));
#2091 = VECTOR('',#2092,1.);
#2092 = DIRECTION('',(0.,-1.));
#2093 = ( GEOMETRIC_REPRESENTATION_CONTEXT(2) 
PARAMETRIC_REPRESENTATION_CONTEXT() REPRESENTATION_CONTEXT('2D SPACE',''
  ) );
#2094 = ORIENTED_EDGE('',*,*,#2095,.T.);
#2095 = EDGE_CURVE('',#2073,#1914,#2096,.T.);
#2096 = SURFACE_CURVE('',#2097,(#2101,#2108),.PCURVE_S1.);
#2097 = LINE('',#2098,#2099);
#2098 = CARTESIAN_POINT('',(5.4,43.925,4.));
#2099 = VECTOR('',#2100,1.E+03);
#2100 = DIRECTION('',(-1.,0.,0.));
#2101 = PCURVE('',#1929,#2102);
#2102 = DEFINITIONAL_REPRESENTATION('',(#2103),#2107);
#2103 = LINE('',#2104,#2105);
#2104 = CARTESIAN_POINT('',(0.,-4.));
#2105 = VECTOR('',#2106,1.);
#2106 = DIRECTION('',(1.,0.));
#2107 = ( GEOMETRIC_REPRESENTATION_CONTEXT(2) 
PARAMETRIC_REPRESENTATION_CONTEXT() REPRESENTATION_CONTEXT('2D SPACE',''
  ) );
#2108 = PCURVE('',#1839,#2109);
#2109 = DEFINITIONAL_REPRESENTATION('',(#2110),#2114);
#2110 = LINE('',#2111,#2112);
#2111 = CARTESIAN_POINT('',(5.4,43.925));
#2112 = VECTOR('',#2113,1.);
#2113 = DIRECTION('',(-1.,0.));
#2114 = ( GEOMETRIC_REPRESENTATION_CONTEXT(2) 
PARAMETRIC_REPRESENTATION_CONTEXT() REPRESENTATION_CONTEXT('2D SPACE',''
  ) );
#2115 = ORIENTED_EDGE('',*,*,#1911,.F.);
#2116 = ORIENTED_EDGE('',*,*,#2117,.F.);
#2117 = EDGE_CURVE('',#2071,#1912,#2118,.T.);
#2118 = SURFACE_CURVE('',#2119,(#2123,#2130),.PCURVE_S1.);
#2119 = LINE('',#2120,#2121);
#2120 = CARTESIAN_POINT('',(5.4,43.925,0.));
#2121 = VECTOR('',#2122,1.E+03);
#2122 = DIRECTION('',(-1.,0.,0.));
#2123 = PCURVE('',#1929,#2124);
#2124 = DEFINITIONAL_REPRESENTATION('',(#2125),#2129);
#2125 = LINE('',#2126,#2127);
#2126 = CARTESIAN_POINT('',(0.,-0.));
#2127 = VECTOR('',#2128,1.);
#2128 = DIRECTION('',(1.,0.));
#2129 = ( GEOMETRIC_REPRESENTATION_CONTEXT(2) 
PARAMETRIC_REPRESENTATION_CONTEXT() REPRESENTATION_CONTEXT('2D SPACE',''
  ) );
#2130 = PCURVE('',#1896,#2131);
#2131 = DEFINITIONAL_REPRESENTATION('',(#2132),#2136);
#2132 = LINE('',#2133,#2134);
#2133 = CARTESIAN_POINT('',(5.4,43.925));
#2134 = VECTOR('',#2135,1.);
#2135 = DIRECTION('',(-1.,0.));
#2136 = ( GEOMETRIC_REPRESENTATION_CONTEXT(2) 
PARAMETRIC_REPRESENTATION_CONTEXT() REPRESENTATION_CONTEXT('2D SPACE',''
  ) );
#2137 = ADVANCED_FACE('',(#2138),#2030,.F.);
#2138 = FACE_BOUND('',#2139,.F.);
#2139 = EDGE_LOOP('',(#2140,#2141,#2163,#2164));
#2140 = ORIENTED_EDGE('',*,*,#2014,.T.);
#2141 = ORIENTED_EDGE('',*,*,#2142,.T.);
#2142 = EDGE_CURVE('',#1991,#2073,#2143,.T.);
#2143 = SURFACE_CURVE('',#2144,(#2149,#2156),.PCURVE_S1.);
#2144 = ELLIPSE('',#2145,43.925,43.925);
#2145 = AXIS2_PLACEMENT_3D('',#2146,#2147,#2148);
#2146 = CARTESIAN_POINT('',(5.4,0.,4.));
#2147 = DIRECTION('',(0.,0.,1.));
#2148 = DIRECTION('',(1.,0.,-0.));
#2149 = PCURVE('',#2030,#2150);
#2150 = DEFINITIONAL_REPRESENTATION('',(#2151),#2155);
#2151 = LINE('',#2152,#2153);
#2152 = CARTESIAN_POINT('',(0.,-4.E-03));
#2153 = VECTOR('',#2154,1.);
#2154 = DIRECTION('',(1.,0.));
#2155 = ( GEOMETRIC_REPRESENTATION_CONTEXT(2) 
PARAMETRIC_REPRESENTATION_CONTEXT() REPRESENTATION_CONTEXT('2D SPACE',''
  ) );
#2156 = PCURVE('',#1839,#2157);
#2157 = DEFINITIONAL_REPRESENTATION('',(#2158),#2162);
#2158 = CIRCLE('',#2159,43.925);
#2159 = AXIS2_PLACEMENT_2D('',#2160,#2161);
#2160 = CARTESIAN_POINT('',(5.4,1.099039201709E-15));
#2161 = DIRECTION('',(1.,0.));
#2162 = ( GEOMETRIC_REPRESENTATION_CONTEXT(2) 
PARAMETRIC_REPRESENTATION_CONTEXT() REPRESENTATION_CONTEXT('2D SPACE',''
  ) );
#2163 = ORIENTED_EDGE('',*,*,#2070,.F.);
#2164 = ORIENTED_EDGE('',*,*,#2165,.F.);
#2165 = EDGE_CURVE('',#2015,#2071,#2166,.T.);
#2166 = SURFACE_CURVE('',#2167,(#2172,#2179),.PCURVE_S1.);
#2167 = ELLIPSE('',#2168,43.925,43.925);
#2168 = AXIS2_PLACEMENT_3D('',#2169,#2170,#2171);
#2169 = CARTESIAN_POINT('',(5.4,0.,0.));
#2170 = DIRECTION('',(0.,0.,1.));
#2171 = DIRECTION('',(1.,0.,-0.));
#2172 = PCURVE('',#2030,#2173);
#2173 = DEFINITIONAL_REPRESENTATION('',(#2174),#2178);
#2174 = LINE('',#2175,#2176);
#2175 = CARTESIAN_POINT('',(0.,0.));
#2176 = VECTOR('',#2177,1.);
#2177 = DIRECTION('',(1.,0.));
#2178 = ( GEOMETRIC_REPRESENTATION_CONTEXT(2) 
PARAMETRIC_REPRESENTATION_CONTEXT() REPRESENTATION_CONTEXT('2D SPACE',''
  ) );
#2179 = PCURVE('',#1896,#2180);
#2180 = DEFINITIONAL_REPRESENTATION('',(#2181),#2185);
#2181 = CIRCLE('',#2182,43.925);
#2182 = AXIS2_PLACEMENT_2D('',#2183,#2184);
#2183 = CARTESIAN_POINT('',(5.4,1.099039201709E-15));
#2184 = DIRECTION('',(1.,0.));
#2185 = ( GEOMETRIC_REPRESENTATION_CONTEXT(2) 
PARAMETRIC_REPRESENTATION_CONTEXT() REPRESENTATION_CONTEXT('2D SPACE',''
  ) );
#2186 = ADVANCED_FACE('',(#2187),#2201,.T.);
#2187 = FACE_BOUND('',#2188,.T.);
#2188 = EDGE_LOOP('',(#2189,#2227,#2250,#2281));
#2189 = ORIENTED_EDGE('',*,*,#2190,.T.);
#2190 = EDGE_CURVE('',#2191,#2193,#2195,.T.);
#2191 = VERTEX_POINT('',#2192);
#2192 = CARTESIAN_POINT('',(-5.4,-8.075,0.));
#2193 = VERTEX_POINT('',#2194);
#2194 = CARTESIAN_POINT('',(-5.4,-8.075,4.));
#2195 = SURFACE_CURVE('',#2196,(#2200,#2212),.PCURVE_S1.);
#2196 = LINE('',#2197,#2198);
#2197 = CARTESIAN_POINT('',(-5.4,-8.075,0.));
#2198 = VECTOR('',#2199,1.E+03);
#2199 = DIRECTION('',(0.,0.,1.));
#2200 = PCURVE('',#2201,#2206);
#2201 = PLANE('',#2202);
#2202 = AXIS2_PLACEMENT_3D('',#2203,#2204,#2205);
#2203 = CARTESIAN_POINT('',(-5.4,-8.075,0.));
#2204 = DIRECTION('',(0.,1.,0.));
#2205 = DIRECTION('',(1.,0.,0.));
#2206 = DEFINITIONAL_REPRESENTATION('',(#2207),#2211);
#2207 = LINE('',#2208,#2209);
#2208 = CARTESIAN_POINT('',(0.,0.));
#2209 = VECTOR('',#2210,1.);
#2210 = DIRECTION('',(0.,-1.));
#2211 = ( GEOMETRIC_REPRESENTATION_CONTEXT(2) 
PARAMETRIC_REPRESENTATION_CONTEXT() REPRESENTATION_CONTEXT('2D SPACE',''
  ) );
#2212 = PCURVE('',#2213,#2221);
#2213 = SURFACE_OF_LINEAR_EXTRUSION('',#2214,#2219);
#2214 = ELLIPSE('',#2215,8.075,8.075);
#2215 = AXIS2_PLACEMENT_3D('',#2216,#2217,#2218);
#2216 = CARTESIAN_POINT('',(-5.4,0.,0.));
#2217 = DIRECTION('',(0.,0.,1.));
#2218 = DIRECTION('',(1.,0.,-0.));
#2219 = VECTOR('',#2220,1.E+03);
#2220 = DIRECTION('',(-0.,-0.,-1.));
#2221 = DEFINITIONAL_REPRESENTATION('',(#2222),#2226);
#2222 = LINE('',#2223,#2224);
#2223 = CARTESIAN_POINT('',(4.712388980385,0.));
#2224 = VECTOR('',#2225,1.);
#2225 = DIRECTION('',(0.,-1.));
#2226 = ( GEOMETRIC_REPRESENTATION_CONTEXT(2) 
PARAMETRIC_REPRESENTATION_CONTEXT() REPRESENTATION_CONTEXT('2D SPACE',''
  ) );
#2227 = ORIENTED_EDGE('',*,*,#2228,.T.);
#2228 = EDGE_CURVE('',#2193,#2229,#2231,.T.);
#2229 = VERTEX_POINT('',#2230);
#2230 = CARTESIAN_POINT('',(5.4,-8.075,4.));
#2231 = SURFACE_CURVE('',#2232,(#2236,#2243),.PCURVE_S1.);
#2232 = LINE('',#2233,#2234);
#2233 = CARTESIAN_POINT('',(-5.4,-8.075,4.));
#2234 = VECTOR('',#2235,1.E+03);
#2235 = DIRECTION('',(1.,0.,0.));
#2236 = PCURVE('',#2201,#2237);
#2237 = DEFINITIONAL_REPRESENTATION('',(#2238),#2242);
#2238 = LINE('',#2239,#2240);
#2239 = CARTESIAN_POINT('',(0.,-4.));
#2240 = VECTOR('',#2241,1.);
#2241 = DIRECTION('',(1.,0.));
#2242 = ( GEOMETRIC_REPRESENTATION_CONTEXT(2) 
PARAMETRIC_REPRESENTATION_CONTEXT() REPRESENTATION_CONTEXT('2D SPACE',''
  ) );
#2243 = PCURVE('',#1839,#2244);
#2244 = DEFINITIONAL_REPRESENTATION('',(#2245),#2249);
#2245 = LINE('',#2246,#2247);
#2246 = CARTESIAN_POINT('',(-5.4,-8.075));
#2247 = VECTOR('',#2248,1.);
#2248 = DIRECTION('',(1.,0.));
#2249 = ( GEOMETRIC_REPRESENTATION_CONTEXT(2) 
PARAMETRIC_REPRESENTATION_CONTEXT() REPRESENTATION_CONTEXT('2D SPACE',''
  ) );
#2250 = ORIENTED_EDGE('',*,*,#2251,.F.);
#2251 = EDGE_CURVE('',#2252,#2229,#2254,.T.);
#2252 = VERTEX_POINT('',#2253);
#2253 = CARTESIAN_POINT('',(5.4,-8.075,0.));
#2254 = SURFACE_CURVE('',#2255,(#2259,#2266),.PCURVE_S1.);
#2255 = LINE('',#2256,#2257);
#2256 = CARTESIAN_POINT('',(5.4,-8.075,0.));
#2257 = VECTOR('',#2258,1.E+03);
#2258 = DIRECTION('',(0.,0.,1.));
#2259 = PCURVE('',#2201,#2260);
#2260 = DEFINITIONAL_REPRESENTATION('',(#2261),#2265);
#2261 = LINE('',#2262,#2263);
#2262 = CARTESIAN_POINT('',(10.8,0.));
#2263 = VECTOR('',#2264,1.);
#2264 = DIRECTION('',(0.,-1.));
#2265 = ( GEOMETRIC_REPRESENTATION_CONTEXT(2) 
PARAMETRIC_REPRESENTATION_CONTEXT() REPRESENTATION_CONTEXT('2D SPACE',''
  ) );
#2266 = PCURVE('',#2267,#2275);
#2267 = SURFACE_OF_LINEAR_EXTRUSION('',#2268,#2273);
#2268 = ELLIPSE('',#2269,8.075,8.075);
#2269 = AXIS2_PLACEMENT_3D('',#2270,#2271,#2272);
#2270 = CARTESIAN_POINT('',(5.4,0.,0.));
#2271 = DIRECTION('',(0.,0.,1.));
#2272 = DIRECTION('',(1.,0.,-0.));
#2273 = VECTOR('',#2274,1.E+03);
#2274 = DIRECTION('',(-0.,-0.,-1.));
#2275 = DEFINITIONAL_REPRESENTATION('',(#2276),#2280);
#2276 = LINE('',#2277,#2278);
#2277 = CARTESIAN_POINT('',(4.712388980385,0.));
#2278 = VECTOR('',#2279,1.);
#2279 = DIRECTION('',(0.,-1.));
#2280 = ( GEOMETRIC_REPRESENTATION_CONTEXT(2) 
PARAMETRIC_REPRESENTATION_CONTEXT() REPRESENTATION_CONTEXT('2D SPACE',''
  ) );
#2281 = ORIENTED_EDGE('',*,*,#2282,.F.);
#2282 = EDGE_CURVE('',#2191,#2252,#2283,.T.);
#2283 = SURFACE_CURVE('',#2284,(#2288,#2295),.PCURVE_S1.);
#2284 = LINE('',#2285,#2286);
#2285 = CARTESIAN_POINT('',(-5.4,-8.075,0.));
#2286 = VECTOR('',#2287,1.E+03);
#2287 = DIRECTION('',(1.,0.,0.));
#2288 = PCURVE('',#2201,#2289);
#2289 = DEFINITIONAL_REPRESENTATION('',(#2290),#2294);
#2290 = LINE('',#2291,#2292);
#2291 = CARTESIAN_POINT('',(0.,0.));
#2292 = VECTOR('',#2293,1.);
#2293 = DIRECTION('',(1.,0.));
#2294 = ( GEOMETRIC_REPRESENTATION_CONTEXT(2) 
PARAMETRIC_REPRESENTATION_CONTEXT() REPRESENTATION_CONTEXT('2D SPACE',''
  ) );
#2295 = PCURVE('',#1896,#2296);
#2296 = DEFINITIONAL_REPRESENTATION('',(#2297),#2301);
#2297 = LINE('',#2298,#2299);
#2298 = CARTESIAN_POINT('',(-5.4,-8.075));
#2299 = VECTOR('',#2300,1.);
#2300 = DIRECTION('',(1.,0.));
#2301 = ( GEOMETRIC_REPRESENTATION_CONTEXT(2) 
PARAMETRIC_REPRESENTATION_CONTEXT() REPRESENTATION_CONTEXT('2D SPACE',''
  ) );
#2302 = ADVANCED_FACE('',(#2303),#2267,.T.);
#2303 = FACE_BOUND('',#2304,.T.);
#2304 = EDGE_LOOP('',(#2305,#2306,#2330,#2361));
#2305 = ORIENTED_EDGE('',*,*,#2251,.T.);
#2306 = ORIENTED_EDGE('',*,*,#2307,.T.);
#2307 = EDGE_CURVE('',#2229,#2308,#2310,.T.);
#2308 = VERTEX_POINT('',#2309);
#2309 = CARTESIAN_POINT('',(13.475,0.,4.));
#2310 = SURFACE_CURVE('',#2311,(#2316,#2323),.PCURVE_S1.);
#2311 = ELLIPSE('',#2312,8.075,8.075);
#2312 = AXIS2_PLACEMENT_3D('',#2313,#2314,#2315);
#2313 = CARTESIAN_POINT('',(5.4,0.,4.));
#2314 = DIRECTION('',(0.,0.,1.));
#2315 = DIRECTION('',(1.,0.,-0.));
#2316 = PCURVE('',#2267,#2317);
#2317 = DEFINITIONAL_REPRESENTATION('',(#2318),#2322);
#2318 = LINE('',#2319,#2320);
#2319 = CARTESIAN_POINT('',(0.,-4.E-03));
#2320 = VECTOR('',#2321,1.);
#2321 = DIRECTION('',(1.,0.));
#2322 = ( GEOMETRIC_REPRESENTATION_CONTEXT(2) 
PARAMETRIC_REPRESENTATION_CONTEXT() REPRESENTATION_CONTEXT('2D SPACE',''
  ) );
#2323 = PCURVE('',#1839,#2324);
#2324 = DEFINITIONAL_REPRESENTATION('',(#2325),#2329);
#2325 = CIRCLE('',#2326,8.075);
#2326 = AXIS2_PLACEMENT_2D('',#2327,#2328);
#2327 = CARTESIAN_POINT('',(5.4,1.099039201709E-15));
#2328 = DIRECTION('',(1.,0.));
#2329 = ( GEOMETRIC_REPRESENTATION_CONTEXT(2) 
PARAMETRIC_REPRESENTATION_CONTEXT() REPRESENTATION_CONTEXT('2D SPACE',''
  ) );
#2330 = ORIENTED_EDGE('',*,*,#2331,.F.);
#2331 = EDGE_CURVE('',#2332,#2308,#2334,.T.);
#2332 = VERTEX_POINT('',#2333);
#2333 = CARTESIAN_POINT('',(13.475,0.,0.));
#2334 = SURFACE_CURVE('',#2335,(#2339,#2346),.PCURVE_S1.);
#2335 = LINE('',#2336,#2337);
#2336 = CARTESIAN_POINT('',(13.475,0.,0.));
#2337 = VECTOR('',#2338,1.E+03);
#2338 = DIRECTION('',(0.,0.,1.));
#2339 = PCURVE('',#2267,#2340);
#2340 = DEFINITIONAL_REPRESENTATION('',(#2341),#2345);
#2341 = LINE('',#2342,#2343);
#2342 = CARTESIAN_POINT('',(6.28318530718,0.));
#2343 = VECTOR('',#2344,1.);
#2344 = DIRECTION('',(0.,-1.));
#2345 = ( GEOMETRIC_REPRESENTATION_CONTEXT(2) 
PARAMETRIC_REPRESENTATION_CONTEXT() REPRESENTATION_CONTEXT('2D SPACE',''
  ) );
#2346 = PCURVE('',#2347,#2355);
#2347 = SURFACE_OF_LINEAR_EXTRUSION('',#2348,#2353);
#2348 = ELLIPSE('',#2349,8.075,8.075);
#2349 = AXIS2_PLACEMENT_3D('',#2350,#2351,#2352);
#2350 = CARTESIAN_POINT('',(5.4,0.,0.));
#2351 = DIRECTION('',(0.,0.,1.));
#2352 = DIRECTION('',(1.,0.,-0.));
#2353 = VECTOR('',#2354,1.E+03);
#2354 = DIRECTION('',(-0.,-0.,-1.));
#2355 = DEFINITIONAL_REPRESENTATION('',(#2356),#2360);
#2356 = LINE('',#2357,#2358);
#2357 = CARTESIAN_POINT('',(0.,0.));
#2358 = VECTOR('',#2359,1.);
#2359 = DIRECTION('',(0.,-1.));
#2360 = ( GEOMETRIC_REPRESENTATION_CONTEXT(2) 
PARAMETRIC_REPRESENTATION_CONTEXT() REPRESENTATION_CONTEXT('2D SPACE',''
  ) );
#2361 = ORIENTED_EDGE('',*,*,#2362,.F.);
#2362 = EDGE_CURVE('',#2252,#2332,#2363,.T.);
#2363 = SURFACE_CURVE('',#2364,(#2369,#2376),.PCURVE_S1.);
#2364 = ELLIPSE('',#2365,8.075,8.075);
#2365 = AXIS2_PLACEMENT_3D('',#2366,#2367,#2368);
#2366 = CARTESIAN_POINT('',(5.4,0.,0.));
#2367 = DIRECTION('',(0.,0.,1.));
#2368 = DIRECTION('',(1.,0.,-0.));
#2369 = PCURVE('',#2267,#2370);
#2370 = DEFINITIONAL_REPRESENTATION('',(#2371),#2375);
#2371 = LINE('',#2372,#2373);
#2372 = CARTESIAN_POINT('',(0.,0.));
#2373 = VECTOR('',#2374,1.);
#2374 = DIRECTION('',(1.,0.));
#2375 = ( GEOMETRIC_REPRESENTATION_CONTEXT(2) 
PARAMETRIC_REPRESENTATION_CONTEXT() REPRESENTATION_CONTEXT('2D SPACE',''
  ) );
#2376 = PCURVE('',#1896,#2377);
#2377 = DEFINITIONAL_REPRESENTATION('',(#2378),#2382);
#2378 = CIRCLE('',#2379,8.075);
#2379 = AXIS2_PLACEMENT_2D('',#2380,#2381);
#2380 = CARTESIAN_POINT('',(5.4,1.099039201709E-15));
#2381 = DIRECTION('',(1.,0.));
#2382 = ( GEOMETRIC_REPRESENTATION_CONTEXT(2) 
PARAMETRIC_REPRESENTATION_CONTEXT() REPRESENTATION_CONTEXT('2D SPACE',''
  ) );
#2383 = ADVANCED_FACE('',(#2384),#2347,.T.);
#2384 = FACE_BOUND('',#2385,.T.);
#2385 = EDGE_LOOP('',(#2386,#2387,#2411,#2439));
#2386 = ORIENTED_EDGE('',*,*,#2331,.T.);
#2387 = ORIENTED_EDGE('',*,*,#2388,.T.);
#2388 = EDGE_CURVE('',#2308,#2389,#2391,.T.);
#2389 = VERTEX_POINT('',#2390);
#2390 = CARTESIAN_POINT('',(5.4,8.075,4.));
#2391 = SURFACE_CURVE('',#2392,(#2397,#2404),.PCURVE_S1.);
#2392 = ELLIPSE('',#2393,8.075,8.075);
#2393 = AXIS2_PLACEMENT_3D('',#2394,#2395,#2396);
#2394 = CARTESIAN_POINT('',(5.4,0.,4.));
#2395 = DIRECTION('',(0.,0.,1.));
#2396 = DIRECTION('',(1.,0.,-0.));
#2397 = PCURVE('',#2347,#2398);
#2398 = DEFINITIONAL_REPRESENTATION('',(#2399),#2403);
#2399 = LINE('',#2400,#2401);
#2400 = CARTESIAN_POINT('',(0.,-4.E-03));
#2401 = VECTOR('',#2402,1.);
#2402 = DIRECTION('',(1.,0.));
#2403 = ( GEOMETRIC_REPRESENTATION_CONTEXT(2) 
PARAMETRIC_REPRESENTATION_CONTEXT() REPRESENTATION_CONTEXT('2D SPACE',''
  ) );
#2404 = PCURVE('',#1839,#2405);
#2405 = DEFINITIONAL_REPRESENTATION('',(#2406),#2410);
#2406 = CIRCLE('',#2407,8.075);
#2407 = AXIS2_PLACEMENT_2D('',#2408,#2409);
#2408 = CARTESIAN_POINT('',(5.4,1.099039201709E-15));
#2409 = DIRECTION('',(1.,0.));
#2410 = ( GEOMETRIC_REPRESENTATION_CONTEXT(2) 
PARAMETRIC_REPRESENTATION_CONTEXT() REPRESENTATION_CONTEXT('2D SPACE',''
  ) );
#2411 = ORIENTED_EDGE('',*,*,#2412,.F.);
#2412 = EDGE_CURVE('',#2413,#2389,#2415,.T.);
#2413 = VERTEX_POINT('',#2414);
#2414 = CARTESIAN_POINT('',(5.4,8.075,0.));
#2415 = SURFACE_CURVE('',#2416,(#2420,#2427),.PCURVE_S1.);
#2416 = LINE('',#2417,#2418);
#2417 = CARTESIAN_POINT('',(5.4,8.075,0.));
#2418 = VECTOR('',#2419,1.E+03);
#2419 = DIRECTION('',(0.,0.,1.));
#2420 = PCURVE('',#2347,#2421);
#2421 = DEFINITIONAL_REPRESENTATION('',(#2422),#2426);
#2422 = LINE('',#2423,#2424);
#2423 = CARTESIAN_POINT('',(1.570796326795,0.));
#2424 = VECTOR('',#2425,1.);
#2425 = DIRECTION('',(0.,-1.));
#2426 = ( GEOMETRIC_REPRESENTATION_CONTEXT(2) 
PARAMETRIC_REPRESENTATION_CONTEXT() REPRESENTATION_CONTEXT('2D SPACE',''
  ) );
#2427 = PCURVE('',#2428,#2433);
#2428 = PLANE('',#2429);
#2429 = AXIS2_PLACEMENT_3D('',#2430,#2431,#2432);
#2430 = CARTESIAN_POINT('',(5.4,8.075,0.));
#2431 = DIRECTION('',(0.,-1.,0.));
#2432 = DIRECTION('',(-1.,0.,0.));
#2433 = DEFINITIONAL_REPRESENTATION('',(#2434),#2438);
#2434 = LINE('',#2435,#2436);
#2435 = CARTESIAN_POINT('',(0.,-0.));
#2436 = VECTOR('',#2437,1.);
#2437 = DIRECTION('',(0.,-1.));
#2438 = ( GEOMETRIC_REPRESENTATION_CONTEXT(2) 
PARAMETRIC_REPRESENTATION_CONTEXT() REPRESENTATION_CONTEXT('2D SPACE',''
  ) );
#2439 = ORIENTED_EDGE('',*,*,#2440,.F.);
#2440 = EDGE_CURVE('',#2332,#2413,#2441,.T.);
#2441 = SURFACE_CURVE('',#2442,(#2447,#2454),.PCURVE_S1.);
#2442 = ELLIPSE('',#2443,8.075,8.075);
#2443 = AXIS2_PLACEMENT_3D('',#2444,#2445,#2446);
#2444 = CARTESIAN_POINT('',(5.4,0.,0.));
#2445 = DIRECTION('',(0.,0.,1.));
#2446 = DIRECTION('',(1.,0.,-0.));
#2447 = PCURVE('',#2347,#2448);
#2448 = DEFINITIONAL_REPRESENTATION('',(#2449),#2453);
#2449 = LINE('',#2450,#2451);
#2450 = CARTESIAN_POINT('',(0.,0.));
#2451 = VECTOR('',#2452,1.);
#2452 = DIRECTION('',(1.,0.));
#2453 = ( GEOMETRIC_REPRESENTATION_CONTEXT(2) 
PARAMETRIC_REPRESENTATION_CONTEXT() REPRESENTATION_CONTEXT('2D SPACE',''
  ) );
#2454 = PCURVE('',#1896,#2455);
#2455 = DEFINITIONAL_REPRESENTATION('',(#2456),#2460);
#2456 = CIRCLE('',#2457,8.075);
#2457 = AXIS2_PLACEMENT_2D('',#2458,#2459);
#2458 = CARTESIAN_POINT('',(5.4,1.099039201709E-15));
#2459 = DIRECTION('',(1.,0.));
#2460 = ( GEOMETRIC_REPRESENTATION_CONTEXT(2) 
PARAMETRIC_REPRESENTATION_CONTEXT() REPRESENTATION_CONTEXT('2D SPACE',''
  ) );
#2461 = ADVANCED_FACE('',(#2462),#2428,.T.);
#2462 = FACE_BOUND('',#2463,.T.);
#2463 = EDGE_LOOP('',(#2464,#2465,#2488,#2511));
#2464 = ORIENTED_EDGE('',*,*,#2412,.T.);
#2465 = ORIENTED_EDGE('',*,*,#2466,.T.);
#2466 = EDGE_CURVE('',#2389,#2467,#2469,.T.);
#2467 = VERTEX_POINT('',#2468);
#2468 = CARTESIAN_POINT('',(-5.4,8.075,4.));
#2469 = SURFACE_CURVE('',#2470,(#2474,#2481),.PCURVE_S1.);
#2470 = LINE('',#2471,#2472);
#2471 = CARTESIAN_POINT('',(5.4,8.075,4.));
#2472 = VECTOR('',#2473,1.E+03);
#2473 = DIRECTION('',(-1.,0.,0.));
#2474 = PCURVE('',#2428,#2475);
#2475 = DEFINITIONAL_REPRESENTATION('',(#2476),#2480);
#2476 = LINE('',#2477,#2478);
#2477 = CARTESIAN_POINT('',(0.,-4.));
#2478 = VECTOR('',#2479,1.);
#2479 = DIRECTION('',(1.,0.));
#2480 = ( GEOMETRIC_REPRESENTATION_CONTEXT(2) 
PARAMETRIC_REPRESENTATION_CONTEXT() REPRESENTATION_CONTEXT('2D SPACE',''
  ) );
#2481 = PCURVE('',#1839,#2482);
#2482 = DEFINITIONAL_REPRESENTATION('',(#2483),#2487);
#2483 = LINE('',#2484,#2485);
#2484 = CARTESIAN_POINT('',(5.4,8.075));
#2485 = VECTOR('',#2486,1.);
#2486 = DIRECTION('',(-1.,0.));
#2487 = ( GEOMETRIC_REPRESENTATION_CONTEXT(2) 
PARAMETRIC_REPRESENTATION_CONTEXT() REPRESENTATION_CONTEXT('2D SPACE',''
  ) );
#2488 = ORIENTED_EDGE('',*,*,#2489,.F.);
#2489 = EDGE_CURVE('',#2490,#2467,#2492,.T.);
#2490 = VERTEX_POINT('',#2491);
#2491 = CARTESIAN_POINT('',(-5.4,8.075,0.));
#2492 = SURFACE_CURVE('',#2493,(#2497,#2504),.PCURVE_S1.);
#2493 = LINE('',#2494,#2495);
#2494 = CARTESIAN_POINT('',(-5.4,8.075,0.));
#2495 = VECTOR('',#2496,1.E+03);
#2496 = DIRECTION('',(0.,0.,1.));
#2497 = PCURVE('',#2428,#2498);
#2498 = DEFINITIONAL_REPRESENTATION('',(#2499),#2503);
#2499 = LINE('',#2500,#2501);
#2500 = CARTESIAN_POINT('',(10.8,0.));
#2501 = VECTOR('',#2502,1.);
#2502 = DIRECTION('',(0.,-1.));
#2503 = ( GEOMETRIC_REPRESENTATION_CONTEXT(2) 
PARAMETRIC_REPRESENTATION_CONTEXT() REPRESENTATION_CONTEXT('2D SPACE',''
  ) );
#2504 = PCURVE('',#2213,#2505);
#2505 = DEFINITIONAL_REPRESENTATION('',(#2506),#2510);
#2506 = LINE('',#2507,#2508);
#2507 = CARTESIAN_POINT('',(1.570796326795,0.));
#2508 = VECTOR('',#2509,1.);
#2509 = DIRECTION('',(0.,-1.));
#2510 = ( GEOMETRIC_REPRESENTATION_CONTEXT(2) 
PARAMETRIC_REPRESENTATION_CONTEXT() REPRESENTATION_CONTEXT('2D SPACE',''
  ) );
#2511 = ORIENTED_EDGE('',*,*,#2512,.F.);
#2512 = EDGE_CURVE('',#2413,#2490,#2513,.T.);
#2513 = SURFACE_CURVE('',#2514,(#2518,#2525),.PCURVE_S1.);
#2514 = LINE('',#2515,#2516);
#2515 = CARTESIAN_POINT('',(5.4,8.075,0.));
#2516 = VECTOR('',#2517,1.E+03);
#2517 = DIRECTION('',(-1.,0.,0.));
#2518 = PCURVE('',#2428,#2519);
#2519 = DEFINITIONAL_REPRESENTATION('',(#2520),#2524);
#2520 = LINE('',#2521,#2522);
#2521 = CARTESIAN_POINT('',(0.,-0.));
#2522 = VECTOR('',#2523,1.);
#2523 = DIRECTION('',(1.,0.));
#2524 = ( GEOMETRIC_REPRESENTATION_CONTEXT(2) 
PARAMETRIC_REPRESENTATION_CONTEXT() REPRESENTATION_CONTEXT('2D SPACE',''
  ) );
#2525 = PCURVE('',#1896,#2526);
#2526 = DEFINITIONAL_REPRESENTATION('',(#2527),#2531);
#2527 = LINE('',#2528,#2529);
#2528 = CARTESIAN_POINT('',(5.4,8.075));
#2529 = VECTOR('',#2530,1.);
#2530 = DIRECTION('',(-1.,0.));
#2531 = ( GEOMETRIC_REPRESENTATION_CONTEXT(2) 
PARAMETRIC_REPRESENTATION_CONTEXT() REPRESENTATION_CONTEXT('2D SPACE',''
  ) );
#2532 = ADVANCED_FACE('',(#2533),#2213,.T.);
#2533 = FACE_BOUND('',#2534,.T.);
#2534 = EDGE_LOOP('',(#2535,#2536,#2558,#2559));
#2535 = ORIENTED_EDGE('',*,*,#2489,.T.);
#2536 = ORIENTED_EDGE('',*,*,#2537,.T.);
#2537 = EDGE_CURVE('',#2467,#2193,#2538,.T.);
#2538 = SURFACE_CURVE('',#2539,(#2544,#2551),.PCURVE_S1.);
#2539 = ELLIPSE('',#2540,8.075,8.075);
#2540 = AXIS2_PLACEMENT_3D('',#2541,#2542,#2543);
#2541 = CARTESIAN_POINT('',(-5.4,0.,4.));
#2542 = DIRECTION('',(0.,0.,1.));
#2543 = DIRECTION('',(1.,0.,-0.));
#2544 = PCURVE('',#2213,#2545);
#2545 = DEFINITIONAL_REPRESENTATION('',(#2546),#2550);
#2546 = LINE('',#2547,#2548);
#2547 = CARTESIAN_POINT('',(0.,-4.E-03));
#2548 = VECTOR('',#2549,1.);
#2549 = DIRECTION('',(1.,0.));
#2550 = ( GEOMETRIC_REPRESENTATION_CONTEXT(2) 
PARAMETRIC_REPRESENTATION_CONTEXT() REPRESENTATION_CONTEXT('2D SPACE',''
  ) );
#2551 = PCURVE('',#1839,#2552);
#2552 = DEFINITIONAL_REPRESENTATION('',(#2553),#2557);
#2553 = CIRCLE('',#2554,8.075);
#2554 = AXIS2_PLACEMENT_2D('',#2555,#2556);
#2555 = CARTESIAN_POINT('',(-5.4,1.099039201709E-15));
#2556 = DIRECTION('',(1.,0.));
#2557 = ( GEOMETRIC_REPRESENTATION_CONTEXT(2) 
PARAMETRIC_REPRESENTATION_CONTEXT() REPRESENTATION_CONTEXT('2D SPACE',''
  ) );
#2558 = ORIENTED_EDGE('',*,*,#2190,.F.);
#2559 = ORIENTED_EDGE('',*,*,#2560,.F.);
#2560 = EDGE_CURVE('',#2490,#2191,#2561,.T.);
#2561 = SURFACE_CURVE('',#2562,(#2567,#2574),.PCURVE_S1.);
#2562 = ELLIPSE('',#2563,8.075,8.075);
#2563 = AXIS2_PLACEMENT_3D('',#2564,#2565,#2566);
#2564 = CARTESIAN_POINT('',(-5.4,0.,0.));
#2565 = DIRECTION('',(0.,0.,1.));
#2566 = DIRECTION('',(1.,0.,-0.));
#2567 = PCURVE('',#2213,#2568);
#2568 = DEFINITIONAL_REPRESENTATION('',(#2569),#2573);
#2569 = LINE('',#2570,#2571);
#2570 = CARTESIAN_POINT('',(0.,0.));
#2571 = VECTOR('',#2572,1.);
#2572 = DIRECTION('',(1.,0.));
#2573 = ( GEOMETRIC_REPRESENTATION_CONTEXT(2) 
PARAMETRIC_REPRESENTATION_CONTEXT() REPRESENTATION_CONTEXT('2D SPACE',''
  ) );
#2574 = PCURVE('',#1896,#2575);
#2575 = DEFINITIONAL_REPRESENTATION('',(#2576),#2580);
#2576 = CIRCLE('',#2577,8.075);
#2577 = AXIS2_PLACEMENT_2D('',#2578,#2579);
#2578 = CARTESIAN_POINT('',(-5.4,1.099039201709E-15));
#2579 = DIRECTION('',(1.,0.));
#2580 = ( GEOMETRIC_REPRESENTATION_CONTEXT(2) 
PARAMETRIC_REPRESENTATION_CONTEXT() REPRESENTATION_CONTEXT('2D SPACE',''
  ) );
#2581 = ADVANCED_FACE('',(#2582,#2589),#1896,.F.);
#2582 = FACE_BOUND('',#2583,.F.);
#2583 = EDGE_LOOP('',(#2584,#2585,#2586,#2587,#2588));
#2584 = ORIENTED_EDGE('',*,*,#1882,.T.);
#2585 = ORIENTED_EDGE('',*,*,#2045,.T.);
#2586 = ORIENTED_EDGE('',*,*,#2165,.T.);
#2587 = ORIENTED_EDGE('',*,*,#2117,.T.);
#2588 = ORIENTED_EDGE('',*,*,#1964,.T.);
#2589 = FACE_BOUND('',#2590,.F.);
#2590 = EDGE_LOOP('',(#2591,#2592,#2593,#2594,#2595));
#2591 = ORIENTED_EDGE('',*,*,#2282,.F.);
#2592 = ORIENTED_EDGE('',*,*,#2560,.F.);
#2593 = ORIENTED_EDGE('',*,*,#2512,.F.);
#2594 = ORIENTED_EDGE('',*,*,#2440,.F.);
#2595 = ORIENTED_EDGE('',*,*,#2362,.F.);
#2596 = ADVANCED_FACE('',(#2597,#2604),#1839,.T.);
#2597 = FACE_BOUND('',#2598,.T.);
#2598 = EDGE_LOOP('',(#2599,#2600,#2601,#2602,#2603));
#2599 = ORIENTED_EDGE('',*,*,#1823,.T.);
#2600 = ORIENTED_EDGE('',*,*,#1990,.T.);
#2601 = ORIENTED_EDGE('',*,*,#2142,.T.);
#2602 = ORIENTED_EDGE('',*,*,#2095,.T.);
#2603 = ORIENTED_EDGE('',*,*,#1941,.T.);
#2604 = FACE_BOUND('',#2605,.T.);
#2605 = EDGE_LOOP('',(#2606,#2607,#2608,#2609,#2610));
#2606 = ORIENTED_EDGE('',*,*,#2228,.F.);
#2607 = ORIENTED_EDGE('',*,*,#2537,.F.);
#2608 = ORIENTED_EDGE('',*,*,#2466,.F.);
#2609 = ORIENTED_EDGE('',*,*,#2388,.F.);
#2610 = ORIENTED_EDGE('',*,*,#2307,.F.);
#2611 = ( GEOMETRIC_REPRESENTATION_CONTEXT(3) 
GLOBAL_UNCERTAINTY_ASSIGNED_CONTEXT((#2615)) 
GLOBAL_UNIT_ASSIGNED_CONTEXT((#2612,#2613,#2614)) REPRESENTATION_CONTEXT
('Context #1','3D Context with UNIT and UNCERTAINTY') );
#2612 = ( LENGTH_UNIT() NAMED_UNIT(*) SI_UNIT(.MILLI.,.METRE.) );
#2613 = ( NAMED_UNIT(*) PLANE_ANGLE_UNIT() SI_UNIT($,.RADIAN.) );
#2614 = ( NAMED_UNIT(*) SI_UNIT($,.STERADIAN.) SOLID_ANGLE_UNIT() );
#2615 = UNCERTAINTY_MEASURE_WITH_UNIT(LENGTH_MEASURE(1.E-04),#2612,
  'distance_accuracy_value','confusion accuracy');
#2616 = CONTEXT_DEPENDENT_SHAPE_REPRESENTATION(#2617,#2619);
#2617 = ( REPRESENTATION_RELATIONSHIP('','',#1778,#10) 
REPRESENTATION_RELATIONSHIP_WITH_TRANSFORMATION(#2618) 
SHAPE_REPRESENTATION_RELATIONSHIP() );
#2618 = ITEM_DEFINED_TRANSFORMATION('','',#11,#23);
#2619 = PRODUCT_DEFINITION_SHAPE('Placement','Placement of an item',
  #2620);
#2620 = NEXT_ASSEMBLY_USAGE_OCCURRENCE('3','','',#5,#1773,$);
#2621 = PRODUCT_RELATED_PRODUCT_CATEGORY('part',$,(#1775));
#2622 = SHAPE_DEFINITION_REPRESENTATION(#2623,#2629);
#2623 = PRODUCT_DEFINITION_SHAPE('','',#2624);
#2624 = PRODUCT_DEFINITION('design','',#2625,#2628);
#2625 = PRODUCT_DEFINITION_FORMATION('','',#2626);
#2626 = PRODUCT('Open CASCADE STEP translator 7.9 1.4',
  'Open CASCADE STEP translator 7.9 1.4','',(#2627));
#2627 = PRODUCT_CONTEXT('',#2,'mechanical');
#2628 = PRODUCT_DEFINITION_CONTEXT('part definition',#2,'design');
#2629 = ADVANCED_BREP_SHAPE_REPRESENTATION('',(#11,#2630),#3462);
#2630 = MANIFOLD_SOLID_BREP('',#2631);
#2631 = CLOSED_SHELL('',(#2632,#2758,#2836,#2917,#2988,#3037,#3153,#3234
    ,#3312,#3383,#3432,#3447));
#2632 = ADVANCED_FACE('',(#2633),#2647,.F.);
#2633 = FACE_BOUND('',#2634,.F.);
#2634 = EDGE_LOOP('',(#2635,#2673,#2701,#2732));
#2635 = ORIENTED_EDGE('',*,*,#2636,.T.);
#2636 = EDGE_CURVE('',#2637,#2639,#2641,.T.);
#2637 = VERTEX_POINT('',#2638);
#2638 = CARTESIAN_POINT('',(-5.4,-43.925,-4.));
#2639 = VERTEX_POINT('',#2640);
#2640 = CARTESIAN_POINT('',(-5.4,-43.925,0.));
#2641 = SURFACE_CURVE('',#2642,(#2646,#2658),.PCURVE_S1.);
#2642 = LINE('',#2643,#2644);
#2643 = CARTESIAN_POINT('',(-5.4,-43.925,-4.));
#2644 = VECTOR('',#2645,1.E+03);
#2645 = DIRECTION('',(0.,0.,1.));
#2646 = PCURVE('',#2647,#2652);
#2647 = PLANE('',#2648);
#2648 = AXIS2_PLACEMENT_3D('',#2649,#2650,#2651);
#2649 = CARTESIAN_POINT('',(-5.4,-43.925,-4.));
#2650 = DIRECTION('',(0.,1.,0.));
#2651 = DIRECTION('',(1.,0.,0.));
#2652 = DEFINITIONAL_REPRESENTATION('',(#2653),#2657);
#2653 = LINE('',#2654,#2655);
#2654 = CARTESIAN_POINT('',(0.,0.));
#2655 = VECTOR('',#2656,1.);
#2656 = DIRECTION('',(0.,-1.));
#2657 = ( GEOMETRIC_REPRESENTATION_CONTEXT(2) 
PARAMETRIC_REPRESENTATION_CONTEXT() REPRESENTATION_CONTEXT('2D SPACE',''
  ) );
#2658 = PCURVE('',#2659,#2667);
#2659 = SURFACE_OF_LINEAR_EXTRUSION('',#2660,#2665);
#2660 = ELLIPSE('',#2661,43.925,43.925);
#2661 = AXIS2_PLACEMENT_3D('',#2662,#2663,#2664);
#2662 = CARTESIAN_POINT('',(-5.4,0.,-4.));
#2663 = DIRECTION('',(0.,0.,1.));
#2664 = DIRECTION('',(1.,0.,-0.));
#2665 = VECTOR('',#2666,1.E+03);
#2666 = DIRECTION('',(-0.,-0.,-1.));
#2667 = DEFINITIONAL_REPRESENTATION('',(#2668),#2672);
#2668 = LINE('',#2669,#2670);
#2669 = CARTESIAN_POINT('',(4.712388980385,0.));
#2670 = VECTOR('',#2671,1.);
#2671 = DIRECTION('',(0.,-1.));
#2672 = ( GEOMETRIC_REPRESENTATION_CONTEXT(2) 
PARAMETRIC_REPRESENTATION_CONTEXT() REPRESENTATION_CONTEXT('2D SPACE',''
  ) );
#2673 = ORIENTED_EDGE('',*,*,#2674,.T.);
#2674 = EDGE_CURVE('',#2639,#2675,#2677,.T.);
#2675 = VERTEX_POINT('',#2676);
#2676 = CARTESIAN_POINT('',(5.4,-43.925,0.));
#2677 = SURFACE_CURVE('',#2678,(#2682,#2689),.PCURVE_S1.);
#2678 = LINE('',#2679,#2680);
#2679 = CARTESIAN_POINT('',(-5.4,-43.925,0.));
#2680 = VECTOR('',#2681,1.E+03);
#2681 = DIRECTION('',(1.,0.,0.));
#2682 = PCURVE('',#2647,#2683);
#2683 = DEFINITIONAL_REPRESENTATION('',(#2684),#2688);
#2684 = LINE('',#2685,#2686);
#2685 = CARTESIAN_POINT('',(0.,-4.));
#2686 = VECTOR('',#2687,1.);
#2687 = DIRECTION('',(1.,0.));
#2688 = ( GEOMETRIC_REPRESENTATION_CONTEXT(2) 
PARAMETRIC_REPRESENTATION_CONTEXT() REPRESENTATION_CONTEXT('2D SPACE',''
  ) );
#2689 = PCURVE('',#2690,#2695);
#2690 = PLANE('',#2691);
#2691 = AXIS2_PLACEMENT_3D('',#2692,#2693,#2694);
#2692 = CARTESIAN_POINT('',(0.,-1.099039201709E-15,0.));
#2693 = DIRECTION('',(0.,0.,1.));
#2694 = DIRECTION('',(1.,0.,-0.));
#2695 = DEFINITIONAL_REPRESENTATION('',(#2696),#2700);
#2696 = LINE('',#2697,#2698);
#2697 = CARTESIAN_POINT('',(-5.4,-43.925));
#2698 = VECTOR('',#2699,1.);
#2699 = DIRECTION('',(1.,0.));
#2700 = ( GEOMETRIC_REPRESENTATION_CONTEXT(2) 
PARAMETRIC_REPRESENTATION_CONTEXT() REPRESENTATION_CONTEXT('2D SPACE',''
  ) );
#2701 = ORIENTED_EDGE('',*,*,#2702,.F.);
#2702 = EDGE_CURVE('',#2703,#2675,#2705,.T.);
#2703 = VERTEX_POINT('',#2704);
#2704 = CARTESIAN_POINT('',(5.4,-43.925,-4.));
#2705 = SURFACE_CURVE('',#2706,(#2710,#2717),.PCURVE_S1.);
#2706 = LINE('',#2707,#2708);
#2707 = CARTESIAN_POINT('',(5.4,-43.925,-4.));
#2708 = VECTOR('',#2709,1.E+03);
#2709 = DIRECTION('',(0.,0.,1.));
#2710 = PCURVE('',#2647,#2711);
#2711 = DEFINITIONAL_REPRESENTATION('',(#2712),#2716);
#2712 = LINE('',#2713,#2714);
#2713 = CARTESIAN_POINT('',(10.8,0.));
#2714 = VECTOR('',#2715,1.);
#2715 = DIRECTION('',(0.,-1.));
#2716 = ( GEOMETRIC_REPRESENTATION_CONTEXT(2) 
PARAMETRIC_REPRESENTATION_CONTEXT() REPRESENTATION_CONTEXT('2D SPACE',''
  ) );
#2717 = PCURVE('',#2718,#2726);
#2718 = SURFACE_OF_LINEAR_EXTRUSION('',#2719,#2724);
#2719 = ELLIPSE('',#2720,43.925,43.925);
#2720 = AXIS2_PLACEMENT_3D('',#2721,#2722,#2723);
#2721 = CARTESIAN_POINT('',(5.4,0.,-4.));
#2722 = DIRECTION('',(0.,0.,1.));
#2723 = DIRECTION('',(1.,0.,-0.));
#2724 = VECTOR('',#2725,1.E+03);
#2725 = DIRECTION('',(-0.,-0.,-1.));
#2726 = DEFINITIONAL_REPRESENTATION('',(#2727),#2731);
#2727 = LINE('',#2728,#2729);
#2728 = CARTESIAN_POINT('',(4.712388980385,0.));
#2729 = VECTOR('',#2730,1.);
#2730 = DIRECTION('',(0.,-1.));
#2731 = ( GEOMETRIC_REPRESENTATION_CONTEXT(2) 
PARAMETRIC_REPRESENTATION_CONTEXT() REPRESENTATION_CONTEXT('2D SPACE',''
  ) );
#2732 = ORIENTED_EDGE('',*,*,#2733,.F.);
#2733 = EDGE_CURVE('',#2637,#2703,#2734,.T.);
#2734 = SURFACE_CURVE('',#2735,(#2739,#2746),.PCURVE_S1.);
#2735 = LINE('',#2736,#2737);
#2736 = CARTESIAN_POINT('',(-5.4,-43.925,-4.));
#2737 = VECTOR('',#2738,1.E+03);
#2738 = DIRECTION('',(1.,0.,0.));
#2739 = PCURVE('',#2647,#2740);
#2740 = DEFINITIONAL_REPRESENTATION('',(#2741),#2745);
#2741 = LINE('',#2742,#2743);
#2742 = CARTESIAN_POINT('',(0.,0.));
#2743 = VECTOR('',#2744,1.);
#2744 = DIRECTION('',(1.,0.));
#2745 = ( GEOMETRIC_REPRESENTATION_CONTEXT(2) 
PARAMETRIC_REPRESENTATION_CONTEXT() REPRESENTATION_CONTEXT('2D SPACE',''
  ) );
#2746 = PCURVE('',#2747,#2752);
#2747 = PLANE('',#2748);
#2748 = AXIS2_PLACEMENT_3D('',#2749,#2750,#2751);
#2749 = CARTESIAN_POINT('',(0.,-1.099039201709E-15,-4.));
#2750 = DIRECTION('',(0.,0.,1.));
#2751 = DIRECTION('',(1.,0.,-0.));
#2752 = DEFINITIONAL_REPRESENTATION('',(#2753),#2757);
#2753 = LINE('',#2754,#2755);
#2754 = CARTESIAN_POINT('',(-5.4,-43.925));
#2755 = VECTOR('',#2756,1.);
#2756 = DIRECTION('',(1.,0.));
#2757 = ( GEOMETRIC_REPRESENTATION_CONTEXT(2) 
PARAMETRIC_REPRESENTATION_CONTEXT() REPRESENTATION_CONTEXT('2D SPACE',''
  ) );
#2758 = ADVANCED_FACE('',(#2759),#2659,.F.);
#2759 = FACE_BOUND('',#2760,.F.);
#2760 = EDGE_LOOP('',(#2761,#2791,#2813,#2814));
#2761 = ORIENTED_EDGE('',*,*,#2762,.T.);
#2762 = EDGE_CURVE('',#2763,#2765,#2767,.T.);
#2763 = VERTEX_POINT('',#2764);
#2764 = CARTESIAN_POINT('',(-5.4,43.925,-4.));
#2765 = VERTEX_POINT('',#2766);
#2766 = CARTESIAN_POINT('',(-5.4,43.925,0.));
#2767 = SURFACE_CURVE('',#2768,(#2772,#2779),.PCURVE_S1.);
#2768 = LINE('',#2769,#2770);
#2769 = CARTESIAN_POINT('',(-5.4,43.925,-4.));
#2770 = VECTOR('',#2771,1.E+03);
#2771 = DIRECTION('',(0.,0.,1.));
#2772 = PCURVE('',#2659,#2773);
#2773 = DEFINITIONAL_REPRESENTATION('',(#2774),#2778);
#2774 = LINE('',#2775,#2776);
#2775 = CARTESIAN_POINT('',(1.570796326795,0.));
#2776 = VECTOR('',#2777,1.);
#2777 = DIRECTION('',(0.,-1.));
#2778 = ( GEOMETRIC_REPRESENTATION_CONTEXT(2) 
PARAMETRIC_REPRESENTATION_CONTEXT() REPRESENTATION_CONTEXT('2D SPACE',''
  ) );
#2779 = PCURVE('',#2780,#2785);
#2780 = PLANE('',#2781);
#2781 = AXIS2_PLACEMENT_3D('',#2782,#2783,#2784);
#2782 = CARTESIAN_POINT('',(5.4,43.925,-4.));
#2783 = DIRECTION('',(0.,-1.,0.));
#2784 = DIRECTION('',(-1.,0.,0.));
#2785 = DEFINITIONAL_REPRESENTATION('',(#2786),#2790);
#2786 = LINE('',#2787,#2788);
#2787 = CARTESIAN_POINT('',(10.8,0.));
#2788 = VECTOR('',#2789,1.);
#2789 = DIRECTION('',(0.,-1.));
#2790 = ( GEOMETRIC_REPRESENTATION_CONTEXT(2) 
PARAMETRIC_REPRESENTATION_CONTEXT() REPRESENTATION_CONTEXT('2D SPACE',''
  ) );
#2791 = ORIENTED_EDGE('',*,*,#2792,.T.);
#2792 = EDGE_CURVE('',#2765,#2639,#2793,.T.);
#2793 = SURFACE_CURVE('',#2794,(#2799,#2806),.PCURVE_S1.);
#2794 = ELLIPSE('',#2795,43.925,43.925);
#2795 = AXIS2_PLACEMENT_3D('',#2796,#2797,#2798);
#2796 = CARTESIAN_POINT('',(-5.4,0.,0.));
#2797 = DIRECTION('',(0.,0.,1.));
#2798 = DIRECTION('',(1.,0.,-0.));
#2799 = PCURVE('',#2659,#2800);
#2800 = DEFINITIONAL_REPRESENTATION('',(#2801),#2805);
#2801 = LINE('',#2802,#2803);
#2802 = CARTESIAN_POINT('',(0.,-4.E-03));
#2803 = VECTOR('',#2804,1.);
#2804 = DIRECTION('',(1.,0.));
#2805 = ( GEOMETRIC_REPRESENTATION_CONTEXT(2) 
PARAMETRIC_REPRESENTATION_CONTEXT() REPRESENTATION_CONTEXT('2D SPACE',''
  ) );
#2806 = PCURVE('',#2690,#2807);
#2807 = DEFINITIONAL_REPRESENTATION('',(#2808),#2812);
#2808 = CIRCLE('',#2809,43.925);
#2809 = AXIS2_PLACEMENT_2D('',#2810,#2811);
#2810 = CARTESIAN_POINT('',(-5.4,1.099039201709E-15));
#2811 = DIRECTION('',(1.,0.));
#2812 = ( GEOMETRIC_REPRESENTATION_CONTEXT(2) 
PARAMETRIC_REPRESENTATION_CONTEXT() REPRESENTATION_CONTEXT('2D SPACE',''
  ) );
#2813 = ORIENTED_EDGE('',*,*,#2636,.F.);
#2814 = ORIENTED_EDGE('',*,*,#2815,.F.);
#2815 = EDGE_CURVE('',#2763,#2637,#2816,.T.);
#2816 = SURFACE_CURVE('',#2817,(#2822,#2829),.PCURVE_S1.);
#2817 = ELLIPSE('',#2818,43.925,43.925);
#2818 = AXIS2_PLACEMENT_3D('',#2819,#2820,#2821);
#2819 = CARTESIAN_POINT('',(-5.4,0.,-4.));
#2820 = DIRECTION('',(0.,0.,1.));
#2821 = DIRECTION('',(1.,0.,-0.));
#2822 = PCURVE('',#2659,#2823);
#2823 = DEFINITIONAL_REPRESENTATION('',(#2824),#2828);
#2824 = LINE('',#2825,#2826);
#2825 = CARTESIAN_POINT('',(0.,0.));
#2826 = VECTOR('',#2827,1.);
#2827 = DIRECTION('',(1.,0.));
#2828 = ( GEOMETRIC_REPRESENTATION_CONTEXT(2) 
PARAMETRIC_REPRESENTATION_CONTEXT() REPRESENTATION_CONTEXT('2D SPACE',''
  ) );
#2829 = PCURVE('',#2747,#2830);
#2830 = DEFINITIONAL_REPRESENTATION('',(#2831),#2835);
#2831 = CIRCLE('',#2832,43.925);
#2832 = AXIS2_PLACEMENT_2D('',#2833,#2834);
#2833 = CARTESIAN_POINT('',(-5.4,1.099039201709E-15));
#2834 = DIRECTION('',(1.,0.));
#2835 = ( GEOMETRIC_REPRESENTATION_CONTEXT(2) 
PARAMETRIC_REPRESENTATION_CONTEXT() REPRESENTATION_CONTEXT('2D SPACE',''
  ) );
#2836 = ADVANCED_FACE('',(#2837),#2718,.F.);
#2837 = FACE_BOUND('',#2838,.F.);
#2838 = EDGE_LOOP('',(#2839,#2840,#2864,#2895));
#2839 = ORIENTED_EDGE('',*,*,#2702,.T.);
#2840 = ORIENTED_EDGE('',*,*,#2841,.T.);
#2841 = EDGE_CURVE('',#2675,#2842,#2844,.T.);
#2842 = VERTEX_POINT('',#2843);
#2843 = CARTESIAN_POINT('',(49.325,0.,0.));
#2844 = SURFACE_CURVE('',#2845,(#2850,#2857),.PCURVE_S1.);
#2845 = ELLIPSE('',#2846,43.925,43.925);
#2846 = AXIS2_PLACEMENT_3D('',#2847,#2848,#2849);
#2847 = CARTESIAN_POINT('',(5.4,0.,0.));
#2848 = DIRECTION('',(0.,0.,1.));
#2849 = DIRECTION('',(1.,0.,-0.));
#2850 = PCURVE('',#2718,#2851);
#2851 = DEFINITIONAL_REPRESENTATION('',(#2852),#2856);
#2852 = LINE('',#2853,#2854);
#2853 = CARTESIAN_POINT('',(0.,-4.E-03));
#2854 = VECTOR('',#2855,1.);
#2855 = DIRECTION('',(1.,0.));
#2856 = ( GEOMETRIC_REPRESENTATION_CONTEXT(2) 
PARAMETRIC_REPRESENTATION_CONTEXT() REPRESENTATION_CONTEXT('2D SPACE',''
  ) );
#2857 = PCURVE('',#2690,#2858);
#2858 = DEFINITIONAL_REPRESENTATION('',(#2859),#2863);
#2859 = CIRCLE('',#2860,43.925);
#2860 = AXIS2_PLACEMENT_2D('',#2861,#2862);
#2861 = CARTESIAN_POINT('',(5.4,1.099039201709E-15));
#2862 = DIRECTION('',(1.,0.));
#2863 = ( GEOMETRIC_REPRESENTATION_CONTEXT(2) 
PARAMETRIC_REPRESENTATION_CONTEXT() REPRESENTATION_CONTEXT('2D SPACE',''
  ) );
#2864 = ORIENTED_EDGE('',*,*,#2865,.F.);
#2865 = EDGE_CURVE('',#2866,#2842,#2868,.T.);
#2866 = VERTEX_POINT('',#2867);
#2867 = CARTESIAN_POINT('',(49.325,0.,-4.));
#2868 = SURFACE_CURVE('',#2869,(#2873,#2880),.PCURVE_S1.);
#2869 = LINE('',#2870,#2871);
#2870 = CARTESIAN_POINT('',(49.325,0.,-4.));
#2871 = VECTOR('',#2872,1.E+03);
#2872 = DIRECTION('',(0.,0.,1.));
#2873 = PCURVE('',#2718,#2874);
#2874 = DEFINITIONAL_REPRESENTATION('',(#2875),#2879);
#2875 = LINE('',#2876,#2877);
#2876 = CARTESIAN_POINT('',(6.28318530718,0.));
#2877 = VECTOR('',#2878,1.);
#2878 = DIRECTION('',(0.,-1.));
#2879 = ( GEOMETRIC_REPRESENTATION_CONTEXT(2) 
PARAMETRIC_REPRESENTATION_CONTEXT() REPRESENTATION_CONTEXT('2D SPACE',''
  ) );
#2880 = PCURVE('',#2881,#2889);
#2881 = SURFACE_OF_LINEAR_EXTRUSION('',#2882,#2887);
#2882 = ELLIPSE('',#2883,43.925,43.925);
#2883 = AXIS2_PLACEMENT_3D('',#2884,#2885,#2886);
#2884 = CARTESIAN_POINT('',(5.4,0.,-4.));
#2885 = DIRECTION('',(0.,0.,1.));
#2886 = DIRECTION('',(1.,0.,-0.));
#2887 = VECTOR('',#2888,1.E+03);
#2888 = DIRECTION('',(-0.,-0.,-1.));
#2889 = DEFINITIONAL_REPRESENTATION('',(#2890),#2894);
#2890 = LINE('',#2891,#2892);
#2891 = CARTESIAN_POINT('',(0.,0.));
#2892 = VECTOR('',#2893,1.);
#2893 = DIRECTION('',(0.,-1.));
#2894 = ( GEOMETRIC_REPRESENTATION_CONTEXT(2) 
PARAMETRIC_REPRESENTATION_CONTEXT() REPRESENTATION_CONTEXT('2D SPACE',''
  ) );
#2895 = ORIENTED_EDGE('',*,*,#2896,.F.);
#2896 = EDGE_CURVE('',#2703,#2866,#2897,.T.);
#2897 = SURFACE_CURVE('',#2898,(#2903,#2910),.PCURVE_S1.);
#2898 = ELLIPSE('',#2899,43.925,43.925);
#2899 = AXIS2_PLACEMENT_3D('',#2900,#2901,#2902);
#2900 = CARTESIAN_POINT('',(5.4,0.,-4.));
#2901 = DIRECTION('',(0.,0.,1.));
#2902 = DIRECTION('',(1.,0.,-0.));
#2903 = PCURVE('',#2718,#2904);
#2904 = DEFINITIONAL_REPRESENTATION('',(#2905),#2909);
#2905 = LINE('',#2906,#2907);
#2906 = CARTESIAN_POINT('',(0.,0.));
#2907 = VECTOR('',#2908,1.);
#2908 = DIRECTION('',(1.,0.));
#2909 = ( GEOMETRIC_REPRESENTATION_CONTEXT(2) 
PARAMETRIC_REPRESENTATION_CONTEXT() REPRESENTATION_CONTEXT('2D SPACE',''
  ) );
#2910 = PCURVE('',#2747,#2911);
#2911 = DEFINITIONAL_REPRESENTATION('',(#2912),#2916);
#2912 = CIRCLE('',#2913,43.925);
#2913 = AXIS2_PLACEMENT_2D('',#2914,#2915);
#2914 = CARTESIAN_POINT('',(5.4,1.099039201709E-15));
#2915 = DIRECTION('',(1.,0.));
#2916 = ( GEOMETRIC_REPRESENTATION_CONTEXT(2) 
PARAMETRIC_REPRESENTATION_CONTEXT() REPRESENTATION_CONTEXT('2D SPACE',''
  ) );
#2917 = ADVANCED_FACE('',(#2918),#2780,.F.);
#2918 = FACE_BOUND('',#2919,.F.);
#2919 = EDGE_LOOP('',(#2920,#2945,#2966,#2967));
#2920 = ORIENTED_EDGE('',*,*,#2921,.T.);
#2921 = EDGE_CURVE('',#2922,#2924,#2926,.T.);
#2922 = VERTEX_POINT('',#2923);
#2923 = CARTESIAN_POINT('',(5.4,43.925,-4.));
#2924 = VERTEX_POINT('',#2925);
#2925 = CARTESIAN_POINT('',(5.4,43.925,0.));
#2926 = SURFACE_CURVE('',#2927,(#2931,#2938),.PCURVE_S1.);
#2927 = LINE('',#2928,#2929);
#2928 = CARTESIAN_POINT('',(5.4,43.925,-4.));
#2929 = VECTOR('',#2930,1.E+03);
#2930 = DIRECTION('',(0.,0.,1.));
#2931 = PCURVE('',#2780,#2932);
#2932 = DEFINITIONAL_REPRESENTATION('',(#2933),#2937);
#2933 = LINE('',#2934,#2935);
#2934 = CARTESIAN_POINT('',(0.,-0.));
#2935 = VECTOR('',#2936,1.);
#2936 = DIRECTION('',(0.,-1.));
#2937 = ( GEOMETRIC_REPRESENTATION_CONTEXT(2) 
PARAMETRIC_REPRESENTATION_CONTEXT() REPRESENTATION_CONTEXT('2D SPACE',''
  ) );
#2938 = PCURVE('',#2881,#2939);
#2939 = DEFINITIONAL_REPRESENTATION('',(#2940),#2944);
#2940 = LINE('',#2941,#2942);
#2941 = CARTESIAN_POINT('',(1.570796326795,0.));
#2942 = VECTOR('',#2943,1.);
#2943 = DIRECTION('',(0.,-1.));
#2944 = ( GEOMETRIC_REPRESENTATION_CONTEXT(2) 
PARAMETRIC_REPRESENTATION_CONTEXT() REPRESENTATION_CONTEXT('2D SPACE',''
  ) );
#2945 = ORIENTED_EDGE('',*,*,#2946,.T.);
#2946 = EDGE_CURVE('',#2924,#2765,#2947,.T.);
#2947 = SURFACE_CURVE('',#2948,(#2952,#2959),.PCURVE_S1.);
#2948 = LINE('',#2949,#2950);
#2949 = CARTESIAN_POINT('',(5.4,43.925,0.));
#2950 = VECTOR('',#2951,1.E+03);
#2951 = DIRECTION('',(-1.,0.,0.));
#2952 = PCURVE('',#2780,#2953);
#2953 = DEFINITIONAL_REPRESENTATION('',(#2954),#2958);
#2954 = LINE('',#2955,#2956);
#2955 = CARTESIAN_POINT('',(0.,-4.));
#2956 = VECTOR('',#2957,1.);
#2957 = DIRECTION('',(1.,0.));
#2958 = ( GEOMETRIC_REPRESENTATION_CONTEXT(2) 
PARAMETRIC_REPRESENTATION_CONTEXT() REPRESENTATION_CONTEXT('2D SPACE',''
  ) );
#2959 = PCURVE('',#2690,#2960);
#2960 = DEFINITIONAL_REPRESENTATION('',(#2961),#2965);
#2961 = LINE('',#2962,#2963);
#2962 = CARTESIAN_POINT('',(5.4,43.925));
#2963 = VECTOR('',#2964,1.);
#2964 = DIRECTION('',(-1.,0.));
#2965 = ( GEOMETRIC_REPRESENTATION_CONTEXT(2) 
PARAMETRIC_REPRESENTATION_CONTEXT() REPRESENTATION_CONTEXT('2D SPACE',''
  ) );
#2966 = ORIENTED_EDGE('',*,*,#2762,.F.);
#2967 = ORIENTED_EDGE('',*,*,#2968,.F.);
#2968 = EDGE_CURVE('',#2922,#2763,#2969,.T.);
#2969 = SURFACE_CURVE('',#2970,(#2974,#2981),.PCURVE_S1.);
#2970 = LINE('',#2971,#2972);
#2971 = CARTESIAN_POINT('',(5.4,43.925,-4.));
#2972 = VECTOR('',#2973,1.E+03);
#2973 = DIRECTION('',(-1.,0.,0.));
#2974 = PCURVE('',#2780,#2975);
#2975 = DEFINITIONAL_REPRESENTATION('',(#2976),#2980);
#2976 = LINE('',#2977,#2978);
#2977 = CARTESIAN_POINT('',(0.,-0.));
#2978 = VECTOR('',#2979,1.);
#2979 = DIRECTION('',(1.,0.));
#2980 = ( GEOMETRIC_REPRESENTATION_CONTEXT(2) 
PARAMETRIC_REPRESENTATION_CONTEXT() REPRESENTATION_CONTEXT('2D SPACE',''
  ) );
#2981 = PCURVE('',#2747,#2982);
#2982 = DEFINITIONAL_REPRESENTATION('',(#2983),#2987);
#2983 = LINE('',#2984,#2985);
#2984 = CARTESIAN_POINT('',(5.4,43.925));
#2985 = VECTOR('',#2986,1.);
#2986 = DIRECTION('',(-1.,0.));
#2987 = ( GEOMETRIC_REPRESENTATION_CONTEXT(2) 
PARAMETRIC_REPRESENTATION_CONTEXT() REPRESENTATION_CONTEXT('2D SPACE',''
  ) );
#2988 = ADVANCED_FACE('',(#2989),#2881,.F.);
#2989 = FACE_BOUND('',#2990,.F.);
#2990 = EDGE_LOOP('',(#2991,#2992,#3014,#3015));
#2991 = ORIENTED_EDGE('',*,*,#2865,.T.);
#2992 = ORIENTED_EDGE('',*,*,#2993,.T.);
#2993 = EDGE_CURVE('',#2842,#2924,#2994,.T.);
#2994 = SURFACE_CURVE('',#2995,(#3000,#3007),.PCURVE_S1.);
#2995 = ELLIPSE('',#2996,43.925,43.925);
#2996 = AXIS2_PLACEMENT_3D('',#2997,#2998,#2999);
#2997 = CARTESIAN_POINT('',(5.4,0.,0.));
#2998 = DIRECTION('',(0.,0.,1.));
#2999 = DIRECTION('',(1.,0.,-0.));
#3000 = PCURVE('',#2881,#3001);
#3001 = DEFINITIONAL_REPRESENTATION('',(#3002),#3006);
#3002 = LINE('',#3003,#3004);
#3003 = CARTESIAN_POINT('',(0.,-4.E-03));
#3004 = VECTOR('',#3005,1.);
#3005 = DIRECTION('',(1.,0.));
#3006 = ( GEOMETRIC_REPRESENTATION_CONTEXT(2) 
PARAMETRIC_REPRESENTATION_CONTEXT() REPRESENTATION_CONTEXT('2D SPACE',''
  ) );
#3007 = PCURVE('',#2690,#3008);
#3008 = DEFINITIONAL_REPRESENTATION('',(#3009),#3013);
#3009 = CIRCLE('',#3010,43.925);
#3010 = AXIS2_PLACEMENT_2D('',#3011,#3012);
#3011 = CARTESIAN_POINT('',(5.4,1.099039201709E-15));
#3012 = DIRECTION('',(1.,0.));
#3013 = ( GEOMETRIC_REPRESENTATION_CONTEXT(2) 
PARAMETRIC_REPRESENTATION_CONTEXT() REPRESENTATION_CONTEXT('2D SPACE',''
  ) );
#3014 = ORIENTED_EDGE('',*,*,#2921,.F.);
#3015 = ORIENTED_EDGE('',*,*,#3016,.F.);
#3016 = EDGE_CURVE('',#2866,#2922,#3017,.T.);
#3017 = SURFACE_CURVE('',#3018,(#3023,#3030),.PCURVE_S1.);
#3018 = ELLIPSE('',#3019,43.925,43.925);
#3019 = AXIS2_PLACEMENT_3D('',#3020,#3021,#3022);
#3020 = CARTESIAN_POINT('',(5.4,0.,-4.));
#3021 = DIRECTION('',(0.,0.,1.));
#3022 = DIRECTION('',(1.,0.,-0.));
#3023 = PCURVE('',#2881,#3024);
#3024 = DEFINITIONAL_REPRESENTATION('',(#3025),#3029);
#3025 = LINE('',#3026,#3027);
#3026 = CARTESIAN_POINT('',(0.,0.));
#3027 = VECTOR('',#3028,1.);
#3028 = DIRECTION('',(1.,0.));
#3029 = ( GEOMETRIC_REPRESENTATION_CONTEXT(2) 
PARAMETRIC_REPRESENTATION_CONTEXT() REPRESENTATION_CONTEXT('2D SPACE',''
  ) );
#3030 = PCURVE('',#2747,#3031);
#3031 = DEFINITIONAL_REPRESENTATION('',(#3032),#3036);
#3032 = CIRCLE('',#3033,43.925);
#3033 = AXIS2_PLACEMENT_2D('',#3034,#3035);
#3034 = CARTESIAN_POINT('',(5.4,1.099039201709E-15));
#3035 = DIRECTION('',(1.,0.));
#3036 = ( GEOMETRIC_REPRESENTATION_CONTEXT(2) 
PARAMETRIC_REPRESENTATION_CONTEXT() REPRESENTATION_CONTEXT('2D SPACE',''
  ) );
#3037 = ADVANCED_FACE('',(#3038),#3052,.T.);
#3038 = FACE_BOUND('',#3039,.T.);
#3039 = EDGE_LOOP('',(#3040,#3078,#3101,#3132));
#3040 = ORIENTED_EDGE('',*,*,#3041,.T.);
#3041 = EDGE_CURVE('',#3042,#3044,#3046,.T.);
#3042 = VERTEX_POINT('',#3043);
#3043 = CARTESIAN_POINT('',(-5.4,-8.075,-4.));
#3044 = VERTEX_POINT('',#3045);
#3045 = CARTESIAN_POINT('',(-5.4,-8.075,0.));
#3046 = SURFACE_CURVE('',#3047,(#3051,#3063),.PCURVE_S1.);
#3047 = LINE('',#3048,#3049);
#3048 = CARTESIAN_POINT('',(-5.4,-8.075,-4.));
#3049 = VECTOR('',#3050,1.E+03);
#3050 = DIRECTION('',(0.,0.,1.));
#3051 = PCURVE('',#3052,#3057);
#3052 = PLANE('',#3053);
#3053 = AXIS2_PLACEMENT_3D('',#3054,#3055,#3056);
#3054 = CARTESIAN_POINT('',(-5.4,-8.075,-4.));
#3055 = DIRECTION('',(0.,1.,0.));
#3056 = DIRECTION('',(1.,0.,0.));
#3057 = DEFINITIONAL_REPRESENTATION('',(#3058),#3062);
#3058 = LINE('',#3059,#3060);
#3059 = CARTESIAN_POINT('',(0.,0.));
#3060 = VECTOR('',#3061,1.);
#3061 = DIRECTION('',(0.,-1.));
#3062 = ( GEOMETRIC_REPRESENTATION_CONTEXT(2) 
PARAMETRIC_REPRESENTATION_CONTEXT() REPRESENTATION_CONTEXT('2D SPACE',''
  ) );
#3063 = PCURVE('',#3064,#3072);
#3064 = SURFACE_OF_LINEAR_EXTRUSION('',#3065,#3070);
#3065 = ELLIPSE('',#3066,8.075,8.075);
#3066 = AXIS2_PLACEMENT_3D('',#3067,#3068,#3069);
#3067 = CARTESIAN_POINT('',(-5.4,0.,-4.));
#3068 = DIRECTION('',(0.,0.,1.));
#3069 = DIRECTION('',(1.,0.,-0.));
#3070 = VECTOR('',#3071,1.E+03);
#3071 = DIRECTION('',(-0.,-0.,-1.));
#3072 = DEFINITIONAL_REPRESENTATION('',(#3073),#3077);
#3073 = LINE('',#3074,#3075);
#3074 = CARTESIAN_POINT('',(4.712388980385,0.));
#3075 = VECTOR('',#3076,1.);
#3076 = DIRECTION('',(0.,-1.));
#3077 = ( GEOMETRIC_REPRESENTATION_CONTEXT(2) 
PARAMETRIC_REPRESENTATION_CONTEXT() REPRESENTATION_CONTEXT('2D SPACE',''
  ) );
#3078 = ORIENTED_EDGE('',*,*,#3079,.T.);
#3079 = EDGE_CURVE('',#3044,#3080,#3082,.T.);
#3080 = VERTEX_POINT('',#3081);
#3081 = CARTESIAN_POINT('',(5.4,-8.075,0.));
#3082 = SURFACE_CURVE('',#3083,(#3087,#3094),.PCURVE_S1.);
#3083 = LINE('',#3084,#3085);
#3084 = CARTESIAN_POINT('',(-5.4,-8.075,0.));
#3085 = VECTOR('',#3086,1.E+03);
#3086 = DIRECTION('',(1.,0.,0.));
#3087 = PCURVE('',#3052,#3088);
#3088 = DEFINITIONAL_REPRESENTATION('',(#3089),#3093);
#3089 = LINE('',#3090,#3091);
#3090 = CARTESIAN_POINT('',(0.,-4.));
#3091 = VECTOR('',#3092,1.);
#3092 = DIRECTION('',(1.,0.));
#3093 = ( GEOMETRIC_REPRESENTATION_CONTEXT(2) 
PARAMETRIC_REPRESENTATION_CONTEXT() REPRESENTATION_CONTEXT('2D SPACE',''
  ) );
#3094 = PCURVE('',#2690,#3095);
#3095 = DEFINITIONAL_REPRESENTATION('',(#3096),#3100);
#3096 = LINE('',#3097,#3098);
#3097 = CARTESIAN_POINT('',(-5.4,-8.075));
#3098 = VECTOR('',#3099,1.);
#3099 = DIRECTION('',(1.,0.));
#3100 = ( GEOMETRIC_REPRESENTATION_CONTEXT(2) 
PARAMETRIC_REPRESENTATION_CONTEXT() REPRESENTATION_CONTEXT('2D SPACE',''
  ) );
#3101 = ORIENTED_EDGE('',*,*,#3102,.F.);
#3102 = EDGE_CURVE('',#3103,#3080,#3105,.T.);
#3103 = VERTEX_POINT('',#3104);
#3104 = CARTESIAN_POINT('',(5.4,-8.075,-4.));
#3105 = SURFACE_CURVE('',#3106,(#3110,#3117),.PCURVE_S1.);
#3106 = LINE('',#3107,#3108);
#3107 = CARTESIAN_POINT('',(5.4,-8.075,-4.));
#3108 = VECTOR('',#3109,1.E+03);
#3109 = DIRECTION('',(0.,0.,1.));
#3110 = PCURVE('',#3052,#3111);
#3111 = DEFINITIONAL_REPRESENTATION('',(#3112),#3116);
#3112 = LINE('',#3113,#3114);
#3113 = CARTESIAN_POINT('',(10.8,0.));
#3114 = VECTOR('',#3115,1.);
#3115 = DIRECTION('',(0.,-1.));
#3116 = ( GEOMETRIC_REPRESENTATION_CONTEXT(2) 
PARAMETRIC_REPRESENTATION_CONTEXT() REPRESENTATION_CONTEXT('2D SPACE',''
  ) );
#3117 = PCURVE('',#3118,#3126);
#3118 = SURFACE_OF_LINEAR_EXTRUSION('',#3119,#3124);
#3119 = ELLIPSE('',#3120,8.075,8.075);
#3120 = AXIS2_PLACEMENT_3D('',#3121,#3122,#3123);
#3121 = CARTESIAN_POINT('',(5.4,0.,-4.));
#3122 = DIRECTION('',(0.,0.,1.));
#3123 = DIRECTION('',(1.,0.,-0.));
#3124 = VECTOR('',#3125,1.E+03);
#3125 = DIRECTION('',(-0.,-0.,-1.));
#3126 = DEFINITIONAL_REPRESENTATION('',(#3127),#3131);
#3127 = LINE('',#3128,#3129);
#3128 = CARTESIAN_POINT('',(4.712388980385,0.));
#3129 = VECTOR('',#3130,1.);
#3130 = DIRECTION('',(0.,-1.));
#3131 = ( GEOMETRIC_REPRESENTATION_CONTEXT(2) 
PARAMETRIC_REPRESENTATION_CONTEXT() REPRESENTATION_CONTEXT('2D SPACE',''
  ) );
#3132 = ORIENTED_EDGE('',*,*,#3133,.F.);
#3133 = EDGE_CURVE('',#3042,#3103,#3134,.T.);
#3134 = SURFACE_CURVE('',#3135,(#3139,#3146),.PCURVE_S1.);
#3135 = LINE('',#3136,#3137);
#3136 = CARTESIAN_POINT('',(-5.4,-8.075,-4.));
#3137 = VECTOR('',#3138,1.E+03);
#3138 = DIRECTION('',(1.,0.,0.));
#3139 = PCURVE('',#3052,#3140);
#3140 = DEFINITIONAL_REPRESENTATION('',(#3141),#3145);
#3141 = LINE('',#3142,#3143);
#3142 = CARTESIAN_POINT('',(0.,0.));
#3143 = VECTOR('',#3144,1.);
#3144 = DIRECTION('',(1.,0.));
#3145 = ( GEOMETRIC_REPRESENTATION_CONTEXT(2) 
PARAMETRIC_REPRESENTATION_CONTEXT() REPRESENTATION_CONTEXT('2D SPACE',''
  ) );
#3146 = PCURVE('',#2747,#3147);
#3147 = DEFINITIONAL_REPRESENTATION('',(#3148),#3152);
#3148 = LINE('',#3149,#3150);
#3149 = CARTESIAN_POINT('',(-5.4,-8.075));
#3150 = VECTOR('',#3151,1.);
#3151 = DIRECTION('',(1.,0.));
#3152 = ( GEOMETRIC_REPRESENTATION_CONTEXT(2) 
PARAMETRIC_REPRESENTATION_CONTEXT() REPRESENTATION_CONTEXT('2D SPACE',''
  ) );
#3153 = ADVANCED_FACE('',(#3154),#3118,.T.);
#3154 = FACE_BOUND('',#3155,.T.);
#3155 = EDGE_LOOP('',(#3156,#3157,#3181,#3212));
#3156 = ORIENTED_EDGE('',*,*,#3102,.T.);
#3157 = ORIENTED_EDGE('',*,*,#3158,.T.);
#3158 = EDGE_CURVE('',#3080,#3159,#3161,.T.);
#3159 = VERTEX_POINT('',#3160);
#3160 = CARTESIAN_POINT('',(13.475,0.,0.));
#3161 = SURFACE_CURVE('',#3162,(#3167,#3174),.PCURVE_S1.);
#3162 = ELLIPSE('',#3163,8.075,8.075);
#3163 = AXIS2_PLACEMENT_3D('',#3164,#3165,#3166);
#3164 = CARTESIAN_POINT('',(5.4,0.,0.));
#3165 = DIRECTION('',(0.,0.,1.));
#3166 = DIRECTION('',(1.,0.,-0.));
#3167 = PCURVE('',#3118,#3168);
#3168 = DEFINITIONAL_REPRESENTATION('',(#3169),#3173);
#3169 = LINE('',#3170,#3171);
#3170 = CARTESIAN_POINT('',(0.,-4.E-03));
#3171 = VECTOR('',#3172,1.);
#3172 = DIRECTION('',(1.,0.));
#3173 = ( GEOMETRIC_REPRESENTATION_CONTEXT(2) 
PARAMETRIC_REPRESENTATION_CONTEXT() REPRESENTATION_CONTEXT('2D SPACE',''
  ) );
#3174 = PCURVE('',#2690,#3175);
#3175 = DEFINITIONAL_REPRESENTATION('',(#3176),#3180);
#3176 = CIRCLE('',#3177,8.075);
#3177 = AXIS2_PLACEMENT_2D('',#3178,#3179);
#3178 = CARTESIAN_POINT('',(5.4,1.099039201709E-15));
#3179 = DIRECTION('',(1.,0.));
#3180 = ( GEOMETRIC_REPRESENTATION_CONTEXT(2) 
PARAMETRIC_REPRESENTATION_CONTEXT() REPRESENTATION_CONTEXT('2D SPACE',''
  ) );
#3181 = ORIENTED_EDGE('',*,*,#3182,.F.);
#3182 = EDGE_CURVE('',#3183,#3159,#3185,.T.);
#3183 = VERTEX_POINT('',#3184);
#3184 = CARTESIAN_POINT('',(13.475,0.,-4.));
#3185 = SURFACE_CURVE('',#3186,(#3190,#3197),.PCURVE_S1.);
#3186 = LINE('',#3187,#3188);
#3187 = CARTESIAN_POINT('',(13.475,0.,-4.));
#3188 = VECTOR('',#3189,1.E+03);
#3189 = DIRECTION('',(0.,0.,1.));
#3190 = PCURVE('',#3118,#3191);
#3191 = DEFINITIONAL_REPRESENTATION('',(#3192),#3196);
#3192 = LINE('',#3193,#3194);
#3193 = CARTESIAN_POINT('',(6.28318530718,0.));
#3194 = VECTOR('',#3195,1.);
#3195 = DIRECTION('',(0.,-1.));
#3196 = ( GEOMETRIC_REPRESENTATION_CONTEXT(2) 
PARAMETRIC_REPRESENTATION_CONTEXT() REPRESENTATION_CONTEXT('2D SPACE',''
  ) );
#3197 = PCURVE('',#3198,#3206);
#3198 = SURFACE_OF_LINEAR_EXTRUSION('',#3199,#3204);
#3199 = ELLIPSE('',#3200,8.075,8.075);
#3200 = AXIS2_PLACEMENT_3D('',#3201,#3202,#3203);
#3201 = CARTESIAN_POINT('',(5.4,0.,-4.));
#3202 = DIRECTION('',(0.,0.,1.));
#3203 = DIRECTION('',(1.,0.,-0.));
#3204 = VECTOR('',#3205,1.E+03);
#3205 = DIRECTION('',(-0.,-0.,-1.));
#3206 = DEFINITIONAL_REPRESENTATION('',(#3207),#3211);
#3207 = LINE('',#3208,#3209);
#3208 = CARTESIAN_POINT('',(0.,0.));
#3209 = VECTOR('',#3210,1.);
#3210 = DIRECTION('',(0.,-1.));
#3211 = ( GEOMETRIC_REPRESENTATION_CONTEXT(2) 
PARAMETRIC_REPRESENTATION_CONTEXT() REPRESENTATION_CONTEXT('2D SPACE',''
  ) );
#3212 = ORIENTED_EDGE('',*,*,#3213,.F.);
#3213 = EDGE_CURVE('',#3103,#3183,#3214,.T.);
#3214 = SURFACE_CURVE('',#3215,(#3220,#3227),.PCURVE_S1.);
#3215 = ELLIPSE('',#3216,8.075,8.075);
#3216 = AXIS2_PLACEMENT_3D('',#3217,#3218,#3219);
#3217 = CARTESIAN_POINT('',(5.4,0.,-4.));
#3218 = DIRECTION('',(0.,0.,1.));
#3219 = DIRECTION('',(1.,0.,-0.));
#3220 = PCURVE('',#3118,#3221);
#3221 = DEFINITIONAL_REPRESENTATION('',(#3222),#3226);
#3222 = LINE('',#3223,#3224);
#3223 = CARTESIAN_POINT('',(0.,0.));
#3224 = VECTOR('',#3225,1.);
#3225 = DIRECTION('',(1.,0.));
#3226 = ( GEOMETRIC_REPRESENTATION_CONTEXT(2) 
PARAMETRIC_REPRESENTATION_CONTEXT() REPRESENTATION_CONTEXT('2D SPACE',''
  ) );
#3227 = PCURVE('',#2747,#3228);
#3228 = DEFINITIONAL_REPRESENTATION('',(#3229),#3233);
#3229 = CIRCLE('',#3230,8.075);
#3230 = AXIS2_PLACEMENT_2D('',#3231,#3232);
#3231 = CARTESIAN_POINT('',(5.4,1.099039201709E-15));
#3232 = DIRECTION('',(1.,0.));
#3233 = ( GEOMETRIC_REPRESENTATION_CONTEXT(2) 
PARAMETRIC_REPRESENTATION_CONTEXT() REPRESENTATION_CONTEXT('2D SPACE',''
  ) );
#3234 = ADVANCED_FACE('',(#3235),#3198,.T.);
#3235 = FACE_BOUND('',#3236,.T.);
#3236 = EDGE_LOOP('',(#3237,#3238,#3262,#3290));
#3237 = ORIENTED_EDGE('',*,*,#3182,.T.);
#3238 = ORIENTED_EDGE('',*,*,#3239,.T.);
#3239 = EDGE_CURVE('',#3159,#3240,#3242,.T.);
#3240 = VERTEX_POINT('',#3241);
#3241 = CARTESIAN_POINT('',(5.4,8.075,0.));
#3242 = SURFACE_CURVE('',#3243,(#3248,#3255),.PCURVE_S1.);
#3243 = ELLIPSE('',#3244,8.075,8.075);
#3244 = AXIS2_PLACEMENT_3D('',#3245,#3246,#3247);
#3245 = CARTESIAN_POINT('',(5.4,0.,0.));
#3246 = DIRECTION('',(0.,0.,1.));
#3247 = DIRECTION('',(1.,0.,-0.));
#3248 = PCURVE('',#3198,#3249);
#3249 = DEFINITIONAL_REPRESENTATION('',(#3250),#3254);
#3250 = LINE('',#3251,#3252);
#3251 = CARTESIAN_POINT('',(0.,-4.E-03));
#3252 = VECTOR('',#3253,1.);
#3253 = DIRECTION('',(1.,0.));
#3254 = ( GEOMETRIC_REPRESENTATION_CONTEXT(2) 
PARAMETRIC_REPRESENTATION_CONTEXT() REPRESENTATION_CONTEXT('2D SPACE',''
  ) );
#3255 = PCURVE('',#2690,#3256);
#3256 = DEFINITIONAL_REPRESENTATION('',(#3257),#3261);
#3257 = CIRCLE('',#3258,8.075);
#3258 = AXIS2_PLACEMENT_2D('',#3259,#3260);
#3259 = CARTESIAN_POINT('',(5.4,1.099039201709E-15));
#3260 = DIRECTION('',(1.,0.));
#3261 = ( GEOMETRIC_REPRESENTATION_CONTEXT(2) 
PARAMETRIC_REPRESENTATION_CONTEXT() REPRESENTATION_CONTEXT('2D SPACE',''
  ) );
#3262 = ORIENTED_EDGE('',*,*,#3263,.F.);
#3263 = EDGE_CURVE('',#3264,#3240,#3266,.T.);
#3264 = VERTEX_POINT('',#3265);
#3265 = CARTESIAN_POINT('',(5.4,8.075,-4.));
#3266 = SURFACE_CURVE('',#3267,(#3271,#3278),.PCURVE_S1.);
#3267 = LINE('',#3268,#3269);
#3268 = CARTESIAN_POINT('',(5.4,8.075,-4.));
#3269 = VECTOR('',#3270,1.E+03);
#3270 = DIRECTION('',(0.,0.,1.));
#3271 = PCURVE('',#3198,#3272);
#3272 = DEFINITIONAL_REPRESENTATION('',(#3273),#3277);
#3273 = LINE('',#3274,#3275);
#3274 = CARTESIAN_POINT('',(1.570796326795,0.));
#3275 = VECTOR('',#3276,1.);
#3276 = DIRECTION('',(0.,-1.));
#3277 = ( GEOMETRIC_REPRESENTATION_CONTEXT(2) 
PARAMETRIC_REPRESENTATION_CONTEXT() REPRESENTATION_CONTEXT('2D SPACE',''
  ) );
#3278 = PCURVE('',#3279,#3284);
#3279 = PLANE('',#3280);
#3280 = AXIS2_PLACEMENT_3D('',#3281,#3282,#3283);
#3281 = CARTESIAN_POINT('',(5.4,8.075,-4.));
#3282 = DIRECTION('',(0.,-1.,0.));
#3283 = DIRECTION('',(-1.,0.,0.));
#3284 = DEFINITIONAL_REPRESENTATION('',(#3285),#3289);
#3285 = LINE('',#3286,#3287);
#3286 = CARTESIAN_POINT('',(0.,-0.));
#3287 = VECTOR('',#3288,1.);
#3288 = DIRECTION('',(0.,-1.));
#3289 = ( GEOMETRIC_REPRESENTATION_CONTEXT(2) 
PARAMETRIC_REPRESENTATION_CONTEXT() REPRESENTATION_CONTEXT('2D SPACE',''
  ) );
#3290 = ORIENTED_EDGE('',*,*,#3291,.F.);
#3291 = EDGE_CURVE('',#3183,#3264,#3292,.T.);
#3292 = SURFACE_CURVE('',#3293,(#3298,#3305),.PCURVE_S1.);
#3293 = ELLIPSE('',#3294,8.075,8.075);
#3294 = AXIS2_PLACEMENT_3D('',#3295,#3296,#3297);
#3295 = CARTESIAN_POINT('',(5.4,0.,-4.));
#3296 = DIRECTION('',(0.,0.,1.));
#3297 = DIRECTION('',(1.,0.,-0.));
#3298 = PCURVE('',#3198,#3299);
#3299 = DEFINITIONAL_REPRESENTATION('',(#3300),#3304);
#3300 = LINE('',#3301,#3302);
#3301 = CARTESIAN_POINT('',(0.,0.));
#3302 = VECTOR('',#3303,1.);
#3303 = DIRECTION('',(1.,0.));
#3304 = ( GEOMETRIC_REPRESENTATION_CONTEXT(2) 
PARAMETRIC_REPRESENTATION_CONTEXT() REPRESENTATION_CONTEXT('2D SPACE',''
  ) );
#3305 = PCURVE('',#2747,#3306);
#3306 = DEFINITIONAL_REPRESENTATION('',(#3307),#3311);
#3307 = CIRCLE('',#3308,8.075);
#3308 = AXIS2_PLACEMENT_2D('',#3309,#3310);
#3309 = CARTESIAN_POINT('',(5.4,1.099039201709E-15));
#3310 = DIRECTION('',(1.,0.));
#3311 = ( GEOMETRIC_REPRESENTATION_CONTEXT(2) 
PARAMETRIC_REPRESENTATION_CONTEXT() REPRESENTATION_CONTEXT('2D SPACE',''
  ) );
#3312 = ADVANCED_FACE('',(#3313),#3279,.T.);
#3313 = FACE_BOUND('',#3314,.T.);
#3314 = EDGE_LOOP('',(#3315,#3316,#3339,#3362));
#3315 = ORIENTED_EDGE('',*,*,#3263,.T.);
#3316 = ORIENTED_EDGE('',*,*,#3317,.T.);
#3317 = EDGE_CURVE('',#3240,#3318,#3320,.T.);
#3318 = VERTEX_POINT('',#3319);
#3319 = CARTESIAN_POINT('',(-5.4,8.075,0.));
#3320 = SURFACE_CURVE('',#3321,(#3325,#3332),.PCURVE_S1.);
#3321 = LINE('',#3322,#3323);
#3322 = CARTESIAN_POINT('',(5.4,8.075,0.));
#3323 = VECTOR('',#3324,1.E+03);
#3324 = DIRECTION('',(-1.,0.,0.));
#3325 = PCURVE('',#3279,#3326);
#3326 = DEFINITIONAL_REPRESENTATION('',(#3327),#3331);
#3327 = LINE('',#3328,#3329);
#3328 = CARTESIAN_POINT('',(0.,-4.));
#3329 = VECTOR('',#3330,1.);
#3330 = DIRECTION('',(1.,0.));
#3331 = ( GEOMETRIC_REPRESENTATION_CONTEXT(2) 
PARAMETRIC_REPRESENTATION_CONTEXT() REPRESENTATION_CONTEXT('2D SPACE',''
  ) );
#3332 = PCURVE('',#2690,#3333);
#3333 = DEFINITIONAL_REPRESENTATION('',(#3334),#3338);
#3334 = LINE('',#3335,#3336);
#3335 = CARTESIAN_POINT('',(5.4,8.075));
#3336 = VECTOR('',#3337,1.);
#3337 = DIRECTION('',(-1.,0.));
#3338 = ( GEOMETRIC_REPRESENTATION_CONTEXT(2) 
PARAMETRIC_REPRESENTATION_CONTEXT() REPRESENTATION_CONTEXT('2D SPACE',''
  ) );
#3339 = ORIENTED_EDGE('',*,*,#3340,.F.);
#3340 = EDGE_CURVE('',#3341,#3318,#3343,.T.);
#3341 = VERTEX_POINT('',#3342);
#3342 = CARTESIAN_POINT('',(-5.4,8.075,-4.));
#3343 = SURFACE_CURVE('',#3344,(#3348,#3355),.PCURVE_S1.);
#3344 = LINE('',#3345,#3346);
#3345 = CARTESIAN_POINT('',(-5.4,8.075,-4.));
#3346 = VECTOR('',#3347,1.E+03);
#3347 = DIRECTION('',(0.,0.,1.));
#3348 = PCURVE('',#3279,#3349);
#3349 = DEFINITIONAL_REPRESENTATION('',(#3350),#3354);
#3350 = LINE('',#3351,#3352);
#3351 = CARTESIAN_POINT('',(10.8,0.));
#3352 = VECTOR('',#3353,1.);
#3353 = DIRECTION('',(0.,-1.));
#3354 = ( GEOMETRIC_REPRESENTATION_CONTEXT(2) 
PARAMETRIC_REPRESENTATION_CONTEXT() REPRESENTATION_CONTEXT('2D SPACE',''
  ) );
#3355 = PCURVE('',#3064,#3356);
#3356 = DEFINITIONAL_REPRESENTATION('',(#3357),#3361);
#3357 = LINE('',#3358,#3359);
#3358 = CARTESIAN_POINT('',(1.570796326795,0.));
#3359 = VECTOR('',#3360,1.);
#3360 = DIRECTION('',(0.,-1.));
#3361 = ( GEOMETRIC_REPRESENTATION_CONTEXT(2) 
PARAMETRIC_REPRESENTATION_CONTEXT() REPRESENTATION_CONTEXT('2D SPACE',''
  ) );
#3362 = ORIENTED_EDGE('',*,*,#3363,.F.);
#3363 = EDGE_CURVE('',#3264,#3341,#3364,.T.);
#3364 = SURFACE_CURVE('',#3365,(#3369,#3376),.PCURVE_S1.);
#3365 = LINE('',#3366,#3367);
#3366 = CARTESIAN_POINT('',(5.4,8.075,-4.));
#3367 = VECTOR('',#3368,1.E+03);
#3368 = DIRECTION('',(-1.,0.,0.));
#3369 = PCURVE('',#3279,#3370);
#3370 = DEFINITIONAL_REPRESENTATION('',(#3371),#3375);
#3371 = LINE('',#3372,#3373);
#3372 = CARTESIAN_POINT('',(0.,-0.));
#3373 = VECTOR('',#3374,1.);
#3374 = DIRECTION('',(1.,0.));
#3375 = ( GEOMETRIC_REPRESENTATION_CONTEXT(2) 
PARAMETRIC_REPRESENTATION_CONTEXT() REPRESENTATION_CONTEXT('2D SPACE',''
  ) );
#3376 = PCURVE('',#2747,#3377);
#3377 = DEFINITIONAL_REPRESENTATION('',(#3378),#3382);
#3378 = LINE('',#3379,#3380);
#3379 = CARTESIAN_POINT('',(5.4,8.075));
#3380 = VECTOR('',#3381,1.);
#3381 = DIRECTION('',(-1.,0.));
#3382 = ( GEOMETRIC_REPRESENTATION_CONTEXT(2) 
PARAMETRIC_REPRESENTATION_CONTEXT() REPRESENTATION_CONTEXT('2D SPACE',''
  ) );
#3383 = ADVANCED_FACE('',(#3384),#3064,.T.);
#3384 = FACE_BOUND('',#3385,.T.);
#3385 = EDGE_LOOP('',(#3386,#3387,#3409,#3410));
#3386 = ORIENTED_EDGE('',*,*,#3340,.T.);
#3387 = ORIENTED_EDGE('',*,*,#3388,.T.);
#3388 = EDGE_CURVE('',#3318,#3044,#3389,.T.);
#3389 = SURFACE_CURVE('',#3390,(#3395,#3402),.PCURVE_S1.);
#3390 = ELLIPSE('',#3391,8.075,8.075);
#3391 = AXIS2_PLACEMENT_3D('',#3392,#3393,#3394);
#3392 = CARTESIAN_POINT('',(-5.4,0.,0.));
#3393 = DIRECTION('',(0.,0.,1.));
#3394 = DIRECTION('',(1.,0.,-0.));
#3395 = PCURVE('',#3064,#3396);
#3396 = DEFINITIONAL_REPRESENTATION('',(#3397),#3401);
#3397 = LINE('',#3398,#3399);
#3398 = CARTESIAN_POINT('',(0.,-4.E-03));
#3399 = VECTOR('',#3400,1.);
#3400 = DIRECTION('',(1.,0.));
#3401 = ( GEOMETRIC_REPRESENTATION_CONTEXT(2) 
PARAMETRIC_REPRESENTATION_CONTEXT() REPRESENTATION_CONTEXT('2D SPACE',''
  ) );
#3402 = PCURVE('',#2690,#3403);
#3403 = DEFINITIONAL_REPRESENTATION('',(#3404),#3408);
#3404 = CIRCLE('',#3405,8.075);
#3405 = AXIS2_PLACEMENT_2D('',#3406,#3407);
#3406 = CARTESIAN_POINT('',(-5.4,1.099039201709E-15));
#3407 = DIRECTION('',(1.,0.));
#3408 = ( GEOMETRIC_REPRESENTATION_CONTEXT(2) 
PARAMETRIC_REPRESENTATION_CONTEXT() REPRESENTATION_CONTEXT('2D SPACE',''
  ) );
#3409 = ORIENTED_EDGE('',*,*,#3041,.F.);
#3410 = ORIENTED_EDGE('',*,*,#3411,.F.);
#3411 = EDGE_CURVE('',#3341,#3042,#3412,.T.);
#3412 = SURFACE_CURVE('',#3413,(#3418,#3425),.PCURVE_S1.);
#3413 = ELLIPSE('',#3414,8.075,8.075);
#3414 = AXIS2_PLACEMENT_3D('',#3415,#3416,#3417);
#3415 = CARTESIAN_POINT('',(-5.4,0.,-4.));
#3416 = DIRECTION('',(0.,0.,1.));
#3417 = DIRECTION('',(1.,0.,-0.));
#3418 = PCURVE('',#3064,#3419);
#3419 = DEFINITIONAL_REPRESENTATION('',(#3420),#3424);
#3420 = LINE('',#3421,#3422);
#3421 = CARTESIAN_POINT('',(0.,0.));
#3422 = VECTOR('',#3423,1.);
#3423 = DIRECTION('',(1.,0.));
#3424 = ( GEOMETRIC_REPRESENTATION_CONTEXT(2) 
PARAMETRIC_REPRESENTATION_CONTEXT() REPRESENTATION_CONTEXT('2D SPACE',''
  ) );
#3425 = PCURVE('',#2747,#3426);
#3426 = DEFINITIONAL_REPRESENTATION('',(#3427),#3431);
#3427 = CIRCLE('',#3428,8.075);
#3428 = AXIS2_PLACEMENT_2D('',#3429,#3430);
#3429 = CARTESIAN_POINT('',(-5.4,1.099039201709E-15));
#3430 = DIRECTION('',(1.,0.));
#3431 = ( GEOMETRIC_REPRESENTATION_CONTEXT(2) 
PARAMETRIC_REPRESENTATION_CONTEXT() REPRESENTATION_CONTEXT('2D SPACE',''
  ) );
#3432 = ADVANCED_FACE('',(#3433,#3440),#2747,.F.);
#3433 = FACE_BOUND('',#3434,.F.);
#3434 = EDGE_LOOP('',(#3435,#3436,#3437,#3438,#3439));
#3435 = ORIENTED_EDGE('',*,*,#2733,.T.);
#3436 = ORIENTED_EDGE('',*,*,#2896,.T.);
#3437 = ORIENTED_EDGE('',*,*,#3016,.T.);
#3438 = ORIENTED_EDGE('',*,*,#2968,.T.);
#3439 = ORIENTED_EDGE('',*,*,#2815,.T.);
#3440 = FACE_BOUND('',#3441,.F.);
#3441 = EDGE_LOOP('',(#3442,#3443,#3444,#3445,#3446));
#3442 = ORIENTED_EDGE('',*,*,#3133,.F.);
#3443 = ORIENTED_EDGE('',*,*,#3411,.F.);
#3444 = ORIENTED_EDGE('',*,*,#3363,.F.);
#3445 = ORIENTED_EDGE('',*,*,#3291,.F.);
#3446 = ORIENTED_EDGE('',*,*,#3213,.F.);
#3447 = ADVANCED_FACE('',(#3448,#3455),#2690,.T.);
#3448 = FACE_BOUND('',#3449,.T.);
#3449 = EDGE_LOOP('',(#3450,#3451,#3452,#3453,#3454));
#3450 = ORIENTED_EDGE('',*,*,#2674,.T.);
#3451 = ORIENTED_EDGE('',*,*,#2841,.T.);
#3452 = ORIENTED_EDGE('',*,*,#2993,.T.);
#3453 = ORIENTED_EDGE('',*,*,#2946,.T.);
#3454 = ORIENTED_EDGE('',*,*,#2792,.T.);
#3455 = FACE_BOUND('',#3456,.T.);
#3456 = EDGE_LOOP('',(#3457,#3458,#3459,#3460,#3461));
#3457 = ORIENTED_EDGE('',*,*,#3079,.F.);
#3458 = ORIENTED_EDGE('',*,*,#3388,.F.);
#3459 = ORIENTED_EDGE('',*,*,#3317,.F.);
#3460 = ORIENTED_EDGE('',*,*,#3239,.F.);
#3461 = ORIENTED_EDGE('',*,*,#3158,.F.);
#3462 = ( GEOMETRIC_REPRESENTATION_CONTEXT(3) 
GLOBAL_UNCERTAINTY_ASSIGNED_CONTEXT((#3466)) 
GLOBAL_UNIT_ASSIGNED_CONTEXT((#3463,#3464,#3465)) REPRESENTATION_CONTEXT
('Context #1','3D Context with UNIT and UNCERTAINTY') );
#3463 = ( LENGTH_UNIT() NAMED_UNIT(*) SI_UNIT(.MILLI.,.METRE.) );
#3464 = ( NAMED_UNIT(*) PLANE_ANGLE_UNIT() SI_UNIT($,.RADIAN.) );
#3465 = ( NAMED_UNIT(*) SI_UNIT($,.STERADIAN.) SOLID_ANGLE_UNIT() );
#3466 = UNCERTAINTY_MEASURE_WITH_UNIT(LENGTH_MEASURE(1.E-04),#3463,
  'distance_accuracy_value','confusion accuracy');
#3467 = CONTEXT_DEPENDENT_SHAPE_REPRESENTATION(#3468,#3470);
#3468 = ( REPRESENTATION_RELATIONSHIP('','',#2629,#10) 
REPRESENTATION_RELATIONSHIP_WITH_TRANSFORMATION(#3469) 
SHAPE_REPRESENTATION_RELATIONSHIP() );
#3469 = ITEM_DEFINED_TRANSFORMATION('','',#11,#27);
#3470 = PRODUCT_DEFINITION_SHAPE('Placement','Placement of an item',
  #3471);
#3471 = NEXT_ASSEMBLY_USAGE_OCCURRENCE('4','','',#5,#2624,$);
#3472 = PRODUCT_RELATED_PRODUCT_CATEGORY('part',$,(#2626));
#3473 = SHAPE_DEFINITION_REPRESENTATION(#3474,#3480);
#3474 = PRODUCT_DEFINITION_SHAPE('','',#3475);
#3475 = PRODUCT_DEFINITION('design','',#3476,#3479);
#3476 = PRODUCT_DEFINITION_FORMATION('','',#3477);
#3477 = PRODUCT('Open CASCADE STEP translator 7.9 1.5',
  'Open CASCADE STEP translator 7.9 1.5','',(#3478));
#3478 = PRODUCT_CONTEXT('',#2,'mechanical');
#3479 = PRODUCT_DEFINITION_CONTEXT('part definition',#2,'design');
#3480 = ADVANCED_BREP_SHAPE_REPRESENTATION('',(#11,#3481),#4313);
#3481 = MANIFOLD_SOLID_BREP('',#3482);
#3482 = CLOSED_SHELL('',(#3483,#3609,#3687,#3768,#3839,#3888,#4004,#4085
    ,#4163,#4234,#4283,#4298));
#3483 = ADVANCED_FACE('',(#3484),#3498,.F.);
#3484 = FACE_BOUND('',#3485,.F.);
#3485 = EDGE_LOOP('',(#3486,#3524,#3552,#3583));
#3486 = ORIENTED_EDGE('',*,*,#3487,.T.);
#3487 = EDGE_CURVE('',#3488,#3490,#3492,.T.);
#3488 = VERTEX_POINT('',#3489);
#3489 = CARTESIAN_POINT('',(-5.4,-43.925,-8.));
#3490 = VERTEX_POINT('',#3491);
#3491 = CARTESIAN_POINT('',(-5.4,-43.925,-4.));
#3492 = SURFACE_CURVE('',#3493,(#3497,#3509),.PCURVE_S1.);
#3493 = LINE('',#3494,#3495);
#3494 = CARTESIAN_POINT('',(-5.4,-43.925,-8.));
#3495 = VECTOR('',#3496,1.E+03);
#3496 = DIRECTION('',(0.,0.,1.));
#3497 = PCURVE('',#3498,#3503);
#3498 = PLANE('',#3499);
#3499 = AXIS2_PLACEMENT_3D('',#3500,#3501,#3502);
#3500 = CARTESIAN_POINT('',(-5.4,-43.925,-8.));
#3501 = DIRECTION('',(0.,1.,0.));
#3502 = DIRECTION('',(1.,0.,0.));
#3503 = DEFINITIONAL_REPRESENTATION('',(#3504),#3508);
#3504 = LINE('',#3505,#3506);
#3505 = CARTESIAN_POINT('',(0.,0.));
#3506 = VECTOR('',#3507,1.);
#3507 = DIRECTION('',(0.,-1.));
#3508 = ( GEOMETRIC_REPRESENTATION_CONTEXT(2) 
PARAMETRIC_REPRESENTATION_CONTEXT() REPRESENTATION_CONTEXT('2D SPACE',''
  ) );
#3509 = PCURVE('',#3510,#3518);
#3510 = SURFACE_OF_LINEAR_EXTRUSION('',#3511,#3516);
#3511 = ELLIPSE('',#3512,43.925,43.925);
#3512 = AXIS2_PLACEMENT_3D('',#3513,#3514,#3515);
#3513 = CARTESIAN_POINT('',(-5.4,0.,-8.));
#3514 = DIRECTION('',(0.,0.,1.));
#3515 = DIRECTION('',(1.,0.,-0.));
#3516 = VECTOR('',#3517,1.E+03);
#3517 = DIRECTION('',(-0.,-0.,-1.));
#3518 = DEFINITIONAL_REPRESENTATION('',(#3519),#3523);
#3519 = LINE('',#3520,#3521);
#3520 = CARTESIAN_POINT('',(4.712388980385,0.));
#3521 = VECTOR('',#3522,1.);
#3522 = DIRECTION('',(0.,-1.));
#3523 = ( GEOMETRIC_REPRESENTATION_CONTEXT(2) 
PARAMETRIC_REPRESENTATION_CONTEXT() REPRESENTATION_CONTEXT('2D SPACE',''
  ) );
#3524 = ORIENTED_EDGE('',*,*,#3525,.T.);
#3525 = EDGE_CURVE('',#3490,#3526,#3528,.T.);
#3526 = VERTEX_POINT('',#3527);
#3527 = CARTESIAN_POINT('',(5.4,-43.925,-4.));
#3528 = SURFACE_CURVE('',#3529,(#3533,#3540),.PCURVE_S1.);
#3529 = LINE('',#3530,#3531);
#3530 = CARTESIAN_POINT('',(-5.4,-43.925,-4.));
#3531 = VECTOR('',#3532,1.E+03);
#3532 = DIRECTION('',(1.,0.,0.));
#3533 = PCURVE('',#3498,#3534);
#3534 = DEFINITIONAL_REPRESENTATION('',(#3535),#3539);
#3535 = LINE('',#3536,#3537);
#3536 = CARTESIAN_POINT('',(0.,-4.));
#3537 = VECTOR('',#3538,1.);
#3538 = DIRECTION('',(1.,0.));
#3539 = ( GEOMETRIC_REPRESENTATION_CONTEXT(2) 
PARAMETRIC_REPRESENTATION_CONTEXT() REPRESENTATION_CONTEXT('2D SPACE',''
  ) );
#3540 = PCURVE('',#3541,#3546);
#3541 = PLANE('',#3542);
#3542 = AXIS2_PLACEMENT_3D('',#3543,#3544,#3545);
#3543 = CARTESIAN_POINT('',(0.,-1.099039201709E-15,-4.));
#3544 = DIRECTION('',(0.,0.,1.));
#3545 = DIRECTION('',(1.,0.,-0.));
#3546 = DEFINITIONAL_REPRESENTATION('',(#3547),#3551);
#3547 = LINE('',#3548,#3549);
#3548 = CARTESIAN_POINT('',(-5.4,-43.925));
#3549 = VECTOR('',#3550,1.);
#3550 = DIRECTION('',(1.,0.));
#3551 = ( GEOMETRIC_REPRESENTATION_CONTEXT(2) 
PARAMETRIC_REPRESENTATION_CONTEXT() REPRESENTATION_CONTEXT('2D SPACE',''
  ) );
#3552 = ORIENTED_EDGE('',*,*,#3553,.F.);
#3553 = EDGE_CURVE('',#3554,#3526,#3556,.T.);
#3554 = VERTEX_POINT('',#3555);
#3555 = CARTESIAN_POINT('',(5.4,-43.925,-8.));
#3556 = SURFACE_CURVE('',#3557,(#3561,#3568),.PCURVE_S1.);
#3557 = LINE('',#3558,#3559);
#3558 = CARTESIAN_POINT('',(5.4,-43.925,-8.));
#3559 = VECTOR('',#3560,1.E+03);
#3560 = DIRECTION('',(0.,0.,1.));
#3561 = PCURVE('',#3498,#3562);
#3562 = DEFINITIONAL_REPRESENTATION('',(#3563),#3567);
#3563 = LINE('',#3564,#3565);
#3564 = CARTESIAN_POINT('',(10.8,0.));
#3565 = VECTOR('',#3566,1.);
#3566 = DIRECTION('',(0.,-1.));
#3567 = ( GEOMETRIC_REPRESENTATION_CONTEXT(2) 
PARAMETRIC_REPRESENTATION_CONTEXT() REPRESENTATION_CONTEXT('2D SPACE',''
  ) );
#3568 = PCURVE('',#3569,#3577);
#3569 = SURFACE_OF_LINEAR_EXTRUSION('',#3570,#3575);
#3570 = ELLIPSE('',#3571,43.925,43.925);
#3571 = AXIS2_PLACEMENT_3D('',#3572,#3573,#3574);
#3572 = CARTESIAN_POINT('',(5.4,0.,-8.));
#3573 = DIRECTION('',(0.,0.,1.));
#3574 = DIRECTION('',(1.,0.,-0.));
#3575 = VECTOR('',#3576,1.E+03);
#3576 = DIRECTION('',(-0.,-0.,-1.));
#3577 = DEFINITIONAL_REPRESENTATION('',(#3578),#3582);
#3578 = LINE('',#3579,#3580);
#3579 = CARTESIAN_POINT('',(4.712388980385,0.));
#3580 = VECTOR('',#3581,1.);
#3581 = DIRECTION('',(0.,-1.));
#3582 = ( GEOMETRIC_REPRESENTATION_CONTEXT(2) 
PARAMETRIC_REPRESENTATION_CONTEXT() REPRESENTATION_CONTEXT('2D SPACE',''
  ) );
#3583 = ORIENTED_EDGE('',*,*,#3584,.F.);
#3584 = EDGE_CURVE('',#3488,#3554,#3585,.T.);
#3585 = SURFACE_CURVE('',#3586,(#3590,#3597),.PCURVE_S1.);
#3586 = LINE('',#3587,#3588);
#3587 = CARTESIAN_POINT('',(-5.4,-43.925,-8.));
#3588 = VECTOR('',#3589,1.E+03);
#3589 = DIRECTION('',(1.,0.,0.));
#3590 = PCURVE('',#3498,#3591);
#3591 = DEFINITIONAL_REPRESENTATION('',(#3592),#3596);
#3592 = LINE('',#3593,#3594);
#3593 = CARTESIAN_POINT('',(0.,0.));
#3594 = VECTOR('',#3595,1.);
#3595 = DIRECTION('',(1.,0.));
#3596 = ( GEOMETRIC_REPRESENTATION_CONTEXT(2) 
PARAMETRIC_REPRESENTATION_CONTEXT() REPRESENTATION_CONTEXT('2D SPACE',''
  ) );
#3597 = PCURVE('',#3598,#3603);
#3598 = PLANE('',#3599);
#3599 = AXIS2_PLACEMENT_3D('',#3600,#3601,#3602);
#3600 = CARTESIAN_POINT('',(0.,-1.099039201709E-15,-8.));
#3601 = DIRECTION('',(0.,0.,1.));
#3602 = DIRECTION('',(1.,0.,-0.));
#3603 = DEFINITIONAL_REPRESENTATION('',(#3604),#3608);
#3604 = LINE('',#3605,#3606);
#3605 = CARTESIAN_POINT('',(-5.4,-43.925));
#3606 = VECTOR('',#3607,1.);
#3607 = DIRECTION('',(1.,0.));
#3608 = ( GEOMETRIC_REPRESENTATION_CONTEXT(2) 
PARAMETRIC_REPRESENTATION_CONTEXT() REPRESENTATION_CONTEXT('2D SPACE',''
  ) );
#3609 = ADVANCED_FACE('',(#3610),#3510,.F.);
#3610 = FACE_BOUND('',#3611,.F.);
#3611 = EDGE_LOOP('',(#3612,#3642,#3664,#3665));
#3612 = ORIENTED_EDGE('',*,*,#3613,.T.);
#3613 = EDGE_CURVE('',#3614,#3616,#3618,.T.);
#3614 = VERTEX_POINT('',#3615);
#3615 = CARTESIAN_POINT('',(-5.4,43.925,-8.));
#3616 = VERTEX_POINT('',#3617);
#3617 = CARTESIAN_POINT('',(-5.4,43.925,-4.));
#3618 = SURFACE_CURVE('',#3619,(#3623,#3630),.PCURVE_S1.);
#3619 = LINE('',#3620,#3621);
#3620 = CARTESIAN_POINT('',(-5.4,43.925,-8.));
#3621 = VECTOR('',#3622,1.E+03);
#3622 = DIRECTION('',(0.,0.,1.));
#3623 = PCURVE('',#3510,#3624);
#3624 = DEFINITIONAL_REPRESENTATION('',(#3625),#3629);
#3625 = LINE('',#3626,#3627);
#3626 = CARTESIAN_POINT('',(1.570796326795,0.));
#3627 = VECTOR('',#3628,1.);
#3628 = DIRECTION('',(0.,-1.));
#3629 = ( GEOMETRIC_REPRESENTATION_CONTEXT(2) 
PARAMETRIC_REPRESENTATION_CONTEXT() REPRESENTATION_CONTEXT('2D SPACE',''
  ) );
#3630 = PCURVE('',#3631,#3636);
#3631 = PLANE('',#3632);
#3632 = AXIS2_PLACEMENT_3D('',#3633,#3634,#3635);
#3633 = CARTESIAN_POINT('',(5.4,43.925,-8.));
#3634 = DIRECTION('',(0.,-1.,0.));
#3635 = DIRECTION('',(-1.,0.,0.));
#3636 = DEFINITIONAL_REPRESENTATION('',(#3637),#3641);
#3637 = LINE('',#3638,#3639);
#3638 = CARTESIAN_POINT('',(10.8,0.));
#3639 = VECTOR('',#3640,1.);
#3640 = DIRECTION('',(0.,-1.));
#3641 = ( GEOMETRIC_REPRESENTATION_CONTEXT(2) 
PARAMETRIC_REPRESENTATION_CONTEXT() REPRESENTATION_CONTEXT('2D SPACE',''
  ) );
#3642 = ORIENTED_EDGE('',*,*,#3643,.T.);
#3643 = EDGE_CURVE('',#3616,#3490,#3644,.T.);
#3644 = SURFACE_CURVE('',#3645,(#3650,#3657),.PCURVE_S1.);
#3645 = ELLIPSE('',#3646,43.925,43.925);
#3646 = AXIS2_PLACEMENT_3D('',#3647,#3648,#3649);
#3647 = CARTESIAN_POINT('',(-5.4,0.,-4.));
#3648 = DIRECTION('',(0.,0.,1.));
#3649 = DIRECTION('',(1.,0.,-0.));
#3650 = PCURVE('',#3510,#3651);
#3651 = DEFINITIONAL_REPRESENTATION('',(#3652),#3656);
#3652 = LINE('',#3653,#3654);
#3653 = CARTESIAN_POINT('',(0.,-4.E-03));
#3654 = VECTOR('',#3655,1.);
#3655 = DIRECTION('',(1.,0.));
#3656 = ( GEOMETRIC_REPRESENTATION_CONTEXT(2) 
PARAMETRIC_REPRESENTATION_CONTEXT() REPRESENTATION_CONTEXT('2D SPACE',''
  ) );
#3657 = PCURVE('',#3541,#3658);
#3658 = DEFINITIONAL_REPRESENTATION('',(#3659),#3663);
#3659 = CIRCLE('',#3660,43.925);
#3660 = AXIS2_PLACEMENT_2D('',#3661,#3662);
#3661 = CARTESIAN_POINT('',(-5.4,1.099039201709E-15));
#3662 = DIRECTION('',(1.,0.));
#3663 = ( GEOMETRIC_REPRESENTATION_CONTEXT(2) 
PARAMETRIC_REPRESENTATION_CONTEXT() REPRESENTATION_CONTEXT('2D SPACE',''
  ) );
#3664 = ORIENTED_EDGE('',*,*,#3487,.F.);
#3665 = ORIENTED_EDGE('',*,*,#3666,.F.);
#3666 = EDGE_CURVE('',#3614,#3488,#3667,.T.);
#3667 = SURFACE_CURVE('',#3668,(#3673,#3680),.PCURVE_S1.);
#3668 = ELLIPSE('',#3669,43.925,43.925);
#3669 = AXIS2_PLACEMENT_3D('',#3670,#3671,#3672);
#3670 = CARTESIAN_POINT('',(-5.4,0.,-8.));
#3671 = DIRECTION('',(0.,0.,1.));
#3672 = DIRECTION('',(1.,0.,-0.));
#3673 = PCURVE('',#3510,#3674);
#3674 = DEFINITIONAL_REPRESENTATION('',(#3675),#3679);
#3675 = LINE('',#3676,#3677);
#3676 = CARTESIAN_POINT('',(0.,0.));
#3677 = VECTOR('',#3678,1.);
#3678 = DIRECTION('',(1.,0.));
#3679 = ( GEOMETRIC_REPRESENTATION_CONTEXT(2) 
PARAMETRIC_REPRESENTATION_CONTEXT() REPRESENTATION_CONTEXT('2D SPACE',''
  ) );
#3680 = PCURVE('',#3598,#3681);
#3681 = DEFINITIONAL_REPRESENTATION('',(#3682),#3686);
#3682 = CIRCLE('',#3683,43.925);
#3683 = AXIS2_PLACEMENT_2D('',#3684,#3685);
#3684 = CARTESIAN_POINT('',(-5.4,1.099039201709E-15));
#3685 = DIRECTION('',(1.,0.));
#3686 = ( GEOMETRIC_REPRESENTATION_CONTEXT(2) 
PARAMETRIC_REPRESENTATION_CONTEXT() REPRESENTATION_CONTEXT('2D SPACE',''
  ) );
#3687 = ADVANCED_FACE('',(#3688),#3569,.F.);
#3688 = FACE_BOUND('',#3689,.F.);
#3689 = EDGE_LOOP('',(#3690,#3691,#3715,#3746));
#3690 = ORIENTED_EDGE('',*,*,#3553,.T.);
#3691 = ORIENTED_EDGE('',*,*,#3692,.T.);
#3692 = EDGE_CURVE('',#3526,#3693,#3695,.T.);
#3693 = VERTEX_POINT('',#3694);
#3694 = CARTESIAN_POINT('',(49.325,0.,-4.));
#3695 = SURFACE_CURVE('',#3696,(#3701,#3708),.PCURVE_S1.);
#3696 = ELLIPSE('',#3697,43.925,43.925);
#3697 = AXIS2_PLACEMENT_3D('',#3698,#3699,#3700);
#3698 = CARTESIAN_POINT('',(5.4,0.,-4.));
#3699 = DIRECTION('',(0.,0.,1.));
#3700 = DIRECTION('',(1.,0.,-0.));
#3701 = PCURVE('',#3569,#3702);
#3702 = DEFINITIONAL_REPRESENTATION('',(#3703),#3707);
#3703 = LINE('',#3704,#3705);
#3704 = CARTESIAN_POINT('',(0.,-4.E-03));
#3705 = VECTOR('',#3706,1.);
#3706 = DIRECTION('',(1.,0.));
#3707 = ( GEOMETRIC_REPRESENTATION_CONTEXT(2) 
PARAMETRIC_REPRESENTATION_CONTEXT() REPRESENTATION_CONTEXT('2D SPACE',''
  ) );
#3708 = PCURVE('',#3541,#3709);
#3709 = DEFINITIONAL_REPRESENTATION('',(#3710),#3714);
#3710 = CIRCLE('',#3711,43.925);
#3711 = AXIS2_PLACEMENT_2D('',#3712,#3713);
#3712 = CARTESIAN_POINT('',(5.4,1.099039201709E-15));
#3713 = DIRECTION('',(1.,0.));
#3714 = ( GEOMETRIC_REPRESENTATION_CONTEXT(2) 
PARAMETRIC_REPRESENTATION_CONTEXT() REPRESENTATION_CONTEXT('2D SPACE',''
  ) );
#3715 = ORIENTED_EDGE('',*,*,#3716,.F.);
#3716 = EDGE_CURVE('',#3717,#3693,#3719,.T.);
#3717 = VERTEX_POINT('',#3718);
#3718 = CARTESIAN_POINT('',(49.325,0.,-8.));
#3719 = SURFACE_CURVE('',#3720,(#3724,#3731),.PCURVE_S1.);
#3720 = LINE('',#3721,#3722);
#3721 = CARTESIAN_POINT('',(49.325,0.,-8.));
#3722 = VECTOR('',#3723,1.E+03);
#3723 = DIRECTION('',(0.,0.,1.));
#3724 = PCURVE('',#3569,#3725);
#3725 = DEFINITIONAL_REPRESENTATION('',(#3726),#3730);
#3726 = LINE('',#3727,#3728);
#3727 = CARTESIAN_POINT('',(6.28318530718,0.));
#3728 = VECTOR('',#3729,1.);
#3729 = DIRECTION('',(0.,-1.));
#3730 = ( GEOMETRIC_REPRESENTATION_CONTEXT(2) 
PARAMETRIC_REPRESENTATION_CONTEXT() REPRESENTATION_CONTEXT('2D SPACE',''
  ) );
#3731 = PCURVE('',#3732,#3740);
#3732 = SURFACE_OF_LINEAR_EXTRUSION('',#3733,#3738);
#3733 = ELLIPSE('',#3734,43.925,43.925);
#3734 = AXIS2_PLACEMENT_3D('',#3735,#3736,#3737);
#3735 = CARTESIAN_POINT('',(5.4,0.,-8.));
#3736 = DIRECTION('',(0.,0.,1.));
#3737 = DIRECTION('',(1.,0.,-0.));
#3738 = VECTOR('',#3739,1.E+03);
#3739 = DIRECTION('',(-0.,-0.,-1.));
#3740 = DEFINITIONAL_REPRESENTATION('',(#3741),#3745);
#3741 = LINE('',#3742,#3743);
#3742 = CARTESIAN_POINT('',(0.,0.));
#3743 = VECTOR('',#3744,1.);
#3744 = DIRECTION('',(0.,-1.));
#3745 = ( GEOMETRIC_REPRESENTATION_CONTEXT(2) 
PARAMETRIC_REPRESENTATION_CONTEXT() REPRESENTATION_CONTEXT('2D SPACE',''
  ) );
#3746 = ORIENTED_EDGE('',*,*,#3747,.F.);
#3747 = EDGE_CURVE('',#3554,#3717,#3748,.T.);
#3748 = SURFACE_CURVE('',#3749,(#3754,#3761),.PCURVE_S1.);
#3749 = ELLIPSE('',#3750,43.925,43.925);
#3750 = AXIS2_PLACEMENT_3D('',#3751,#3752,#3753);
#3751 = CARTESIAN_POINT('',(5.4,0.,-8.));
#3752 = DIRECTION('',(0.,0.,1.));
#3753 = DIRECTION('',(1.,0.,-0.));
#3754 = PCURVE('',#3569,#3755);
#3755 = DEFINITIONAL_REPRESENTATION('',(#3756),#3760);
#3756 = LINE('',#3757,#3758);
#3757 = CARTESIAN_POINT('',(0.,0.));
#3758 = VECTOR('',#3759,1.);
#3759 = DIRECTION('',(1.,0.));
#3760 = ( GEOMETRIC_REPRESENTATION_CONTEXT(2) 
PARAMETRIC_REPRESENTATION_CONTEXT() REPRESENTATION_CONTEXT('2D SPACE',''
  ) );
#3761 = PCURVE('',#3598,#3762);
#3762 = DEFINITIONAL_REPRESENTATION('',(#3763),#3767);
#3763 = CIRCLE('',#3764,43.925);
#3764 = AXIS2_PLACEMENT_2D('',#3765,#3766);
#3765 = CARTESIAN_POINT('',(5.4,1.099039201709E-15));
#3766 = DIRECTION('',(1.,0.));
#3767 = ( GEOMETRIC_REPRESENTATION_CONTEXT(2) 
PARAMETRIC_REPRESENTATION_CONTEXT() REPRESENTATION_CONTEXT('2D SPACE',''
  ) );
#3768 = ADVANCED_FACE('',(#3769),#3631,.F.);
#3769 = FACE_BOUND('',#3770,.F.);
#3770 = EDGE_LOOP('',(#3771,#3796,#3817,#3818));
#3771 = ORIENTED_EDGE('',*,*,#3772,.T.);
#3772 = EDGE_CURVE('',#3773,#3775,#3777,.T.);
#3773 = VERTEX_POINT('',#3774);
#3774 = CARTESIAN_POINT('',(5.4,43.925,-8.));
#3775 = VERTEX_POINT('',#3776);
#3776 = CARTESIAN_POINT('',(5.4,43.925,-4.));
#3777 = SURFACE_CURVE('',#3778,(#3782,#3789),.PCURVE_S1.);
#3778 = LINE('',#3779,#3780);
#3779 = CARTESIAN_POINT('',(5.4,43.925,-8.));
#3780 = VECTOR('',#3781,1.E+03);
#3781 = DIRECTION('',(0.,0.,1.));
#3782 = PCURVE('',#3631,#3783);
#3783 = DEFINITIONAL_REPRESENTATION('',(#3784),#3788);
#3784 = LINE('',#3785,#3786);
#3785 = CARTESIAN_POINT('',(0.,-0.));
#3786 = VECTOR('',#3787,1.);
#3787 = DIRECTION('',(0.,-1.));
#3788 = ( GEOMETRIC_REPRESENTATION_CONTEXT(2) 
PARAMETRIC_REPRESENTATION_CONTEXT() REPRESENTATION_CONTEXT('2D SPACE',''
  ) );
#3789 = PCURVE('',#3732,#3790);
#3790 = DEFINITIONAL_REPRESENTATION('',(#3791),#3795);
#3791 = LINE('',#3792,#3793);
#3792 = CARTESIAN_POINT('',(1.570796326795,0.));
#3793 = VECTOR('',#3794,1.);
#3794 = DIRECTION('',(0.,-1.));
#3795 = ( GEOMETRIC_REPRESENTATION_CONTEXT(2) 
PARAMETRIC_REPRESENTATION_CONTEXT() REPRESENTATION_CONTEXT('2D SPACE',''
  ) );
#3796 = ORIENTED_EDGE('',*,*,#3797,.T.);
#3797 = EDGE_CURVE('',#3775,#3616,#3798,.T.);
#3798 = SURFACE_CURVE('',#3799,(#3803,#3810),.PCURVE_S1.);
#3799 = LINE('',#3800,#3801);
#3800 = CARTESIAN_POINT('',(5.4,43.925,-4.));
#3801 = VECTOR('',#3802,1.E+03);
#3802 = DIRECTION('',(-1.,0.,0.));
#3803 = PCURVE('',#3631,#3804);
#3804 = DEFINITIONAL_REPRESENTATION('',(#3805),#3809);
#3805 = LINE('',#3806,#3807);
#3806 = CARTESIAN_POINT('',(0.,-4.));
#3807 = VECTOR('',#3808,1.);
#3808 = DIRECTION('',(1.,0.));
#3809 = ( GEOMETRIC_REPRESENTATION_CONTEXT(2) 
PARAMETRIC_REPRESENTATION_CONTEXT() REPRESENTATION_CONTEXT('2D SPACE',''
  ) );
#3810 = PCURVE('',#3541,#3811);
#3811 = DEFINITIONAL_REPRESENTATION('',(#3812),#3816);
#3812 = LINE('',#3813,#3814);
#3813 = CARTESIAN_POINT('',(5.4,43.925));
#3814 = VECTOR('',#3815,1.);
#3815 = DIRECTION('',(-1.,0.));
#3816 = ( GEOMETRIC_REPRESENTATION_CONTEXT(2) 
PARAMETRIC_REPRESENTATION_CONTEXT() REPRESENTATION_CONTEXT('2D SPACE',''
  ) );
#3817 = ORIENTED_EDGE('',*,*,#3613,.F.);
#3818 = ORIENTED_EDGE('',*,*,#3819,.F.);
#3819 = EDGE_CURVE('',#3773,#3614,#3820,.T.);
#3820 = SURFACE_CURVE('',#3821,(#3825,#3832),.PCURVE_S1.);
#3821 = LINE('',#3822,#3823);
#3822 = CARTESIAN_POINT('',(5.4,43.925,-8.));
#3823 = VECTOR('',#3824,1.E+03);
#3824 = DIRECTION('',(-1.,0.,0.));
#3825 = PCURVE('',#3631,#3826);
#3826 = DEFINITIONAL_REPRESENTATION('',(#3827),#3831);
#3827 = LINE('',#3828,#3829);
#3828 = CARTESIAN_POINT('',(0.,-0.));
#3829 = VECTOR('',#3830,1.);
#3830 = DIRECTION('',(1.,0.));
#3831 = ( GEOMETRIC_REPRESENTATION_CONTEXT(2) 
PARAMETRIC_REPRESENTATION_CONTEXT() REPRESENTATION_CONTEXT('2D SPACE',''
  ) );
#3832 = PCURVE('',#3598,#3833);
#3833 = DEFINITIONAL_REPRESENTATION('',(#3834),#3838);
#3834 = LINE('',#3835,#3836);
#3835 = CARTESIAN_POINT('',(5.4,43.925));
#3836 = VECTOR('',#3837,1.);
#3837 = DIRECTION('',(-1.,0.));
#3838 = ( GEOMETRIC_REPRESENTATION_CONTEXT(2) 
PARAMETRIC_REPRESENTATION_CONTEXT() REPRESENTATION_CONTEXT('2D SPACE',''
  ) );
#3839 = ADVANCED_FACE('',(#3840),#3732,.F.);
#3840 = FACE_BOUND('',#3841,.F.);
#3841 = EDGE_LOOP('',(#3842,#3843,#3865,#3866));
#3842 = ORIENTED_EDGE('',*,*,#3716,.T.);
#3843 = ORIENTED_EDGE('',*,*,#3844,.T.);
#3844 = EDGE_CURVE('',#3693,#3775,#3845,.T.);
#3845 = SURFACE_CURVE('',#3846,(#3851,#3858),.PCURVE_S1.);
#3846 = ELLIPSE('',#3847,43.925,43.925);
#3847 = AXIS2_PLACEMENT_3D('',#3848,#3849,#3850);
#3848 = CARTESIAN_POINT('',(5.4,0.,-4.));
#3849 = DIRECTION('',(0.,0.,1.));
#3850 = DIRECTION('',(1.,0.,-0.));
#3851 = PCURVE('',#3732,#3852);
#3852 = DEFINITIONAL_REPRESENTATION('',(#3853),#3857);
#3853 = LINE('',#3854,#3855);
#3854 = CARTESIAN_POINT('',(0.,-4.E-03));
#3855 = VECTOR('',#3856,1.);
#3856 = DIRECTION('',(1.,0.));
#3857 = ( GEOMETRIC_REPRESENTATION_CONTEXT(2) 
PARAMETRIC_REPRESENTATION_CONTEXT() REPRESENTATION_CONTEXT('2D SPACE',''
  ) );
#3858 = PCURVE('',#3541,#3859);
#3859 = DEFINITIONAL_REPRESENTATION('',(#3860),#3864);
#3860 = CIRCLE('',#3861,43.925);
#3861 = AXIS2_PLACEMENT_2D('',#3862,#3863);
#3862 = CARTESIAN_POINT('',(5.4,1.099039201709E-15));
#3863 = DIRECTION('',(1.,0.));
#3864 = ( GEOMETRIC_REPRESENTATION_CONTEXT(2) 
PARAMETRIC_REPRESENTATION_CONTEXT() REPRESENTATION_CONTEXT('2D SPACE',''
  ) );
#3865 = ORIENTED_EDGE('',*,*,#3772,.F.);
#3866 = ORIENTED_EDGE('',*,*,#3867,.F.);
#3867 = EDGE_CURVE('',#3717,#3773,#3868,.T.);
#3868 = SURFACE_CURVE('',#3869,(#3874,#3881),.PCURVE_S1.);
#3869 = ELLIPSE('',#3870,43.925,43.925);
#3870 = AXIS2_PLACEMENT_3D('',#3871,#3872,#3873);
#3871 = CARTESIAN_POINT('',(5.4,0.,-8.));
#3872 = DIRECTION('',(0.,0.,1.));
#3873 = DIRECTION('',(1.,0.,-0.));
#3874 = PCURVE('',#3732,#3875);
#3875 = DEFINITIONAL_REPRESENTATION('',(#3876),#3880);
#3876 = LINE('',#3877,#3878);
#3877 = CARTESIAN_POINT('',(0.,0.));
#3878 = VECTOR('',#3879,1.);
#3879 = DIRECTION('',(1.,0.));
#3880 = ( GEOMETRIC_REPRESENTATION_CONTEXT(2) 
PARAMETRIC_REPRESENTATION_CONTEXT() REPRESENTATION_CONTEXT('2D SPACE',''
  ) );
#3881 = PCURVE('',#3598,#3882);
#3882 = DEFINITIONAL_REPRESENTATION('',(#3883),#3887);
#3883 = CIRCLE('',#3884,43.925);
#3884 = AXIS2_PLACEMENT_2D('',#3885,#3886);
#3885 = CARTESIAN_POINT('',(5.4,1.099039201709E-15));
#3886 = DIRECTION('',(1.,0.));
#3887 = ( GEOMETRIC_REPRESENTATION_CONTEXT(2) 
PARAMETRIC_REPRESENTATION_CONTEXT() REPRESENTATION_CONTEXT('2D SPACE',''
  ) );
#3888 = ADVANCED_FACE('',(#3889),#3903,.T.);
#3889 = FACE_BOUND('',#3890,.T.);
#3890 = EDGE_LOOP('',(#3891,#3929,#3952,#3983));
#3891 = ORIENTED_EDGE('',*,*,#3892,.T.);
#3892 = EDGE_CURVE('',#3893,#3895,#3897,.T.);
#3893 = VERTEX_POINT('',#3894);
#3894 = CARTESIAN_POINT('',(-5.4,-43.7,-8.));
#3895 = VERTEX_POINT('',#3896);
#3896 = CARTESIAN_POINT('',(-5.4,-43.7,-4.));
#3897 = SURFACE_CURVE('',#3898,(#3902,#3914),.PCURVE_S1.);
#3898 = LINE('',#3899,#3900);
#3899 = CARTESIAN_POINT('',(-5.4,-43.7,-8.));
#3900 = VECTOR('',#3901,1.E+03);
#3901 = DIRECTION('',(0.,0.,1.));
#3902 = PCURVE('',#3903,#3908);
#3903 = PLANE('',#3904);
#3904 = AXIS2_PLACEMENT_3D('',#3905,#3906,#3907);
#3905 = CARTESIAN_POINT('',(-5.4,-43.7,-8.));
#3906 = DIRECTION('',(0.,1.,0.));
#3907 = DIRECTION('',(1.,0.,0.));
#3908 = DEFINITIONAL_REPRESENTATION('',(#3909),#3913);
#3909 = LINE('',#3910,#3911);
#3910 = CARTESIAN_POINT('',(0.,0.));
#3911 = VECTOR('',#3912,1.);
#3912 = DIRECTION('',(0.,-1.));
#3913 = ( GEOMETRIC_REPRESENTATION_CONTEXT(2) 
PARAMETRIC_REPRESENTATION_CONTEXT() REPRESENTATION_CONTEXT('2D SPACE',''
  ) );
#3914 = PCURVE('',#3915,#3923);
#3915 = SURFACE_OF_LINEAR_EXTRUSION('',#3916,#3921);
#3916 = ELLIPSE('',#3917,43.7,43.7);
#3917 = AXIS2_PLACEMENT_3D('',#3918,#3919,#3920);
#3918 = CARTESIAN_POINT('',(-5.4,0.,-8.));
#3919 = DIRECTION('',(0.,0.,1.));
#3920 = DIRECTION('',(1.,0.,-0.));
#3921 = VECTOR('',#3922,1.E+03);
#3922 = DIRECTION('',(-0.,-0.,-1.));
#3923 = DEFINITIONAL_REPRESENTATION('',(#3924),#3928);
#3924 = LINE('',#3925,#3926);
#3925 = CARTESIAN_POINT('',(4.712388980385,0.));
#3926 = VECTOR('',#3927,1.);
#3927 = DIRECTION('',(0.,-1.));
#3928 = ( GEOMETRIC_REPRESENTATION_CONTEXT(2) 
PARAMETRIC_REPRESENTATION_CONTEXT() REPRESENTATION_CONTEXT('2D SPACE',''
  ) );
#3929 = ORIENTED_EDGE('',*,*,#3930,.T.);
#3930 = EDGE_CURVE('',#3895,#3931,#3933,.T.);
#3931 = VERTEX_POINT('',#3932);
#3932 = CARTESIAN_POINT('',(5.4,-43.7,-4.));
#3933 = SURFACE_CURVE('',#3934,(#3938,#3945),.PCURVE_S1.);
#3934 = LINE('',#3935,#3936);
#3935 = CARTESIAN_POINT('',(-5.4,-43.7,-4.));
#3936 = VECTOR('',#3937,1.E+03);
#3937 = DIRECTION('',(1.,0.,0.));
#3938 = PCURVE('',#3903,#3939);
#3939 = DEFINITIONAL_REPRESENTATION('',(#3940),#3944);
#3940 = LINE('',#3941,#3942);
#3941 = CARTESIAN_POINT('',(0.,-4.));
#3942 = VECTOR('',#3943,1.);
#3943 = DIRECTION('',(1.,0.));
#3944 = ( GEOMETRIC_REPRESENTATION_CONTEXT(2) 
PARAMETRIC_REPRESENTATION_CONTEXT() REPRESENTATION_CONTEXT('2D SPACE',''
  ) );
#3945 = PCURVE('',#3541,#3946);
#3946 = DEFINITIONAL_REPRESENTATION('',(#3947),#3951);
#3947 = LINE('',#3948,#3949);
#3948 = CARTESIAN_POINT('',(-5.4,-43.7));
#3949 = VECTOR('',#3950,1.);
#3950 = DIRECTION('',(1.,0.));
#3951 = ( GEOMETRIC_REPRESENTATION_CONTEXT(2) 
PARAMETRIC_REPRESENTATION_CONTEXT() REPRESENTATION_CONTEXT('2D SPACE',''
  ) );
#3952 = ORIENTED_EDGE('',*,*,#3953,.F.);
#3953 = EDGE_CURVE('',#3954,#3931,#3956,.T.);
#3954 = VERTEX_POINT('',#3955);
#3955 = CARTESIAN_POINT('',(5.4,-43.7,-8.));
#3956 = SURFACE_CURVE('',#3957,(#3961,#3968),.PCURVE_S1.);
#3957 = LINE('',#3958,#3959);
#3958 = CARTESIAN_POINT('',(5.4,-43.7,-8.));
#3959 = VECTOR('',#3960,1.E+03);
#3960 = DIRECTION('',(0.,0.,1.));
#3961 = PCURVE('',#3903,#3962);
#3962 = DEFINITIONAL_REPRESENTATION('',(#3963),#3967);
#3963 = LINE('',#3964,#3965);
#3964 = CARTESIAN_POINT('',(10.8,0.));
#3965 = VECTOR('',#3966,1.);
#3966 = DIRECTION('',(0.,-1.));
#3967 = ( GEOMETRIC_REPRESENTATION_CONTEXT(2) 
PARAMETRIC_REPRESENTATION_CONTEXT() REPRESENTATION_CONTEXT('2D SPACE',''
  ) );
#3968 = PCURVE('',#3969,#3977);
#3969 = SURFACE_OF_LINEAR_EXTRUSION('',#3970,#3975);
#3970 = ELLIPSE('',#3971,43.7,43.7);
#3971 = AXIS2_PLACEMENT_3D('',#3972,#3973,#3974);
#3972 = CARTESIAN_POINT('',(5.4,0.,-8.));
#3973 = DIRECTION('',(0.,0.,1.));
#3974 = DIRECTION('',(1.,0.,-0.));
#3975 = VECTOR('',#3976,1.E+03);
#3976 = DIRECTION('',(-0.,-0.,-1.));
#3977 = DEFINITIONAL_REPRESENTATION('',(#3978),#3982);
#3978 = LINE('',#3979,#3980);
#3979 = CARTESIAN_POINT('',(4.712388980385,0.));
#3980 = VECTOR('',#3981,1.);
#3981 = DIRECTION('',(0.,-1.));
#3982 = ( GEOMETRIC_REPRESENTATION_CONTEXT(2) 
PARAMETRIC_REPRESENTATION_CONTEXT() REPRESENTATION_CONTEXT('2D SPACE',''
  ) );
#3983 = ORIENTED_EDGE('',*,*,#3984,.F.);
#3984 = EDGE_CURVE('',#3893,#3954,#3985,.T.);
#3985 = SURFACE_CURVE('',#3986,(#3990,#3997),.PCURVE_S1.);
#3986 = LINE('',#3987,#3988);
#3987 = CARTESIAN_POINT('',(-5.4,-43.7,-8.));
#3988 = VECTOR('',#3989,1.E+03);
#3989 = DIRECTION('',(1.,0.,0.));
#3990 = PCURVE('',#3903,#3991);
#3991 = DEFINITIONAL_REPRESENTATION('',(#3992),#3996);
#3992 = LINE('',#3993,#3994);
#3993 = CARTESIAN_POINT('',(0.,0.));
#3994 = VECTOR('',#3995,1.);
#3995 = DIRECTION('',(1.,0.));
#3996 = ( GEOMETRIC_REPRESENTATION_CONTEXT(2) 
PARAMETRIC_REPRESENTATION_CONTEXT() REPRESENTATION_CONTEXT('2D SPACE',''
  ) );
#3997 = PCURVE('',#3598,#3998);
#3998 = DEFINITIONAL_REPRESENTATION('',(#3999),#4003);
#3999 = LINE('',#4000,#4001);
#4000 = CARTESIAN_POINT('',(-5.4,-43.7));
#4001 = VECTOR('',#4002,1.);
#4002 = DIRECTION('',(1.,0.));
#4003 = ( GEOMETRIC_REPRESENTATION_CONTEXT(2) 
PARAMETRIC_REPRESENTATION_CONTEXT() REPRESENTATION_CONTEXT('2D SPACE',''
  ) );
#4004 = ADVANCED_FACE('',(#4005),#3969,.T.);
#4005 = FACE_BOUND('',#4006,.T.);
#4006 = EDGE_LOOP('',(#4007,#4008,#4032,#4063));
#4007 = ORIENTED_EDGE('',*,*,#3953,.T.);
#4008 = ORIENTED_EDGE('',*,*,#4009,.T.);
#4009 = EDGE_CURVE('',#3931,#4010,#4012,.T.);
#4010 = VERTEX_POINT('',#4011);
#4011 = CARTESIAN_POINT('',(49.1,0.,-4.));
#4012 = SURFACE_CURVE('',#4013,(#4018,#4025),.PCURVE_S1.);
#4013 = ELLIPSE('',#4014,43.7,43.7);
#4014 = AXIS2_PLACEMENT_3D('',#4015,#4016,#4017);
#4015 = CARTESIAN_POINT('',(5.4,0.,-4.));
#4016 = DIRECTION('',(0.,0.,1.));
#4017 = DIRECTION('',(1.,0.,-0.));
#4018 = PCURVE('',#3969,#4019);
#4019 = DEFINITIONAL_REPRESENTATION('',(#4020),#4024);
#4020 = LINE('',#4021,#4022);
#4021 = CARTESIAN_POINT('',(0.,-4.E-03));
#4022 = VECTOR('',#4023,1.);
#4023 = DIRECTION('',(1.,0.));
#4024 = ( GEOMETRIC_REPRESENTATION_CONTEXT(2) 
PARAMETRIC_REPRESENTATION_CONTEXT() REPRESENTATION_CONTEXT('2D SPACE',''
  ) );
#4025 = PCURVE('',#3541,#4026);
#4026 = DEFINITIONAL_REPRESENTATION('',(#4027),#4031);
#4027 = CIRCLE('',#4028,43.7);
#4028 = AXIS2_PLACEMENT_2D('',#4029,#4030);
#4029 = CARTESIAN_POINT('',(5.4,1.099039201709E-15));
#4030 = DIRECTION('',(1.,0.));
#4031 = ( GEOMETRIC_REPRESENTATION_CONTEXT(2) 
PARAMETRIC_REPRESENTATION_CONTEXT() REPRESENTATION_CONTEXT('2D SPACE',''
  ) );
#4032 = ORIENTED_EDGE('',*,*,#4033,.F.);
#4033 = EDGE_CURVE('',#4034,#4010,#4036,.T.);
#4034 = VERTEX_POINT('',#4035);
#4035 = CARTESIAN_POINT('',(49.1,0.,-8.));
#4036 = SURFACE_CURVE('',#4037,(#4041,#4048),.PCURVE_S1.);
#4037 = LINE('',#4038,#4039);
#4038 = CARTESIAN_POINT('',(49.1,0.,-8.));
#4039 = VECTOR('',#4040,1.E+03);
#4040 = DIRECTION('',(0.,0.,1.));
#4041 = PCURVE('',#3969,#4042);
#4042 = DEFINITIONAL_REPRESENTATION('',(#4043),#4047);
#4043 = LINE('',#4044,#4045);
#4044 = CARTESIAN_POINT('',(6.28318530718,0.));
#4045 = VECTOR('',#4046,1.);
#4046 = DIRECTION('',(0.,-1.));
#4047 = ( GEOMETRIC_REPRESENTATION_CONTEXT(2) 
PARAMETRIC_REPRESENTATION_CONTEXT() REPRESENTATION_CONTEXT('2D SPACE',''
  ) );
#4048 = PCURVE('',#4049,#4057);
#4049 = SURFACE_OF_LINEAR_EXTRUSION('',#4050,#4055);
#4050 = ELLIPSE('',#4051,43.7,43.7);
#4051 = AXIS2_PLACEMENT_3D('',#4052,#4053,#4054);
#4052 = CARTESIAN_POINT('',(5.4,0.,-8.));
#4053 = DIRECTION('',(0.,0.,1.));
#4054 = DIRECTION('',(1.,0.,-0.));
#4055 = VECTOR('',#4056,1.E+03);
#4056 = DIRECTION('',(-0.,-0.,-1.));
#4057 = DEFINITIONAL_REPRESENTATION('',(#4058),#4062);
#4058 = LINE('',#4059,#4060);
#4059 = CARTESIAN_POINT('',(0.,0.));
#4060 = VECTOR('',#4061,1.);
#4061 = DIRECTION('',(0.,-1.));
#4062 = ( GEOMETRIC_REPRESENTATION_CONTEXT(2) 
PARAMETRIC_REPRESENTATION_CONTEXT() REPRESENTATION_CONTEXT('2D SPACE',''
  ) );
#4063 = ORIENTED_EDGE('',*,*,#4064,.F.);
#4064 = EDGE_CURVE('',#3954,#4034,#4065,.T.);
#4065 = SURFACE_CURVE('',#4066,(#4071,#4078),.PCURVE_S1.);
#4066 = ELLIPSE('',#4067,43.7,43.7);
#4067 = AXIS2_PLACEMENT_3D('',#4068,#4069,#4070);
#4068 = CARTESIAN_POINT('',(5.4,0.,-8.));
#4069 = DIRECTION('',(0.,0.,1.));
#4070 = DIRECTION('',(1.,0.,-0.));
#4071 = PCURVE('',#3969,#4072);
#4072 = DEFINITIONAL_REPRESENTATION('',(#4073),#4077);
#4073 = LINE('',#4074,#4075);
#4074 = CARTESIAN_POINT('',(0.,0.));
#4075 = VECTOR('',#4076,1.);
#4076 = DIRECTION('',(1.,0.));
#4077 = ( GEOMETRIC_REPRESENTATION_CONTEXT(2) 
PARAMETRIC_REPRESENTATION_CONTEXT() REPRESENTATION_CONTEXT('2D SPACE',''
  ) );
#4078 = PCURVE('',#3598,#4079);
#4079 = DEFINITIONAL_REPRESENTATION('',(#4080),#4084);
#4080 = CIRCLE('',#4081,43.7);
#4081 = AXIS2_PLACEMENT_2D('',#4082,#4083);
#4082 = CARTESIAN_POINT('',(5.4,1.099039201709E-15));
#4083 = DIRECTION('',(1.,0.));
#4084 = ( GEOMETRIC_REPRESENTATION_CONTEXT(2) 
PARAMETRIC_REPRESENTATION_CONTEXT() REPRESENTATION_CONTEXT('2D SPACE',''
  ) );
#4085 = ADVANCED_FACE('',(#4086),#4049,.T.);
#4086 = FACE_BOUND('',#4087,.T.);
#4087 = EDGE_LOOP('',(#4088,#4089,#4113,#4141));
#4088 = ORIENTED_EDGE('',*,*,#4033,.T.);
#4089 = ORIENTED_EDGE('',*,*,#4090,.T.);
#4090 = EDGE_CURVE('',#4010,#4091,#4093,.T.);
#4091 = VERTEX_POINT('',#4092);
#4092 = CARTESIAN_POINT('',(5.4,43.7,-4.));
#4093 = SURFACE_CURVE('',#4094,(#4099,#4106),.PCURVE_S1.);
#4094 = ELLIPSE('',#4095,43.7,43.7);
#4095 = AXIS2_PLACEMENT_3D('',#4096,#4097,#4098);
#4096 = CARTESIAN_POINT('',(5.4,0.,-4.));
#4097 = DIRECTION('',(0.,0.,1.));
#4098 = DIRECTION('',(1.,0.,-0.));
#4099 = PCURVE('',#4049,#4100);
#4100 = DEFINITIONAL_REPRESENTATION('',(#4101),#4105);
#4101 = LINE('',#4102,#4103);
#4102 = CARTESIAN_POINT('',(0.,-4.E-03));
#4103 = VECTOR('',#4104,1.);
#4104 = DIRECTION('',(1.,0.));
#4105 = ( GEOMETRIC_REPRESENTATION_CONTEXT(2) 
PARAMETRIC_REPRESENTATION_CONTEXT() REPRESENTATION_CONTEXT('2D SPACE',''
  ) );
#4106 = PCURVE('',#3541,#4107);
#4107 = DEFINITIONAL_REPRESENTATION('',(#4108),#4112);
#4108 = CIRCLE('',#4109,43.7);
#4109 = AXIS2_PLACEMENT_2D('',#4110,#4111);
#4110 = CARTESIAN_POINT('',(5.4,1.099039201709E-15));
#4111 = DIRECTION('',(1.,0.));
#4112 = ( GEOMETRIC_REPRESENTATION_CONTEXT(2) 
PARAMETRIC_REPRESENTATION_CONTEXT() REPRESENTATION_CONTEXT('2D SPACE',''
  ) );
#4113 = ORIENTED_EDGE('',*,*,#4114,.F.);
#4114 = EDGE_CURVE('',#4115,#4091,#4117,.T.);
#4115 = VERTEX_POINT('',#4116);
#4116 = CARTESIAN_POINT('',(5.4,43.7,-8.));
#4117 = SURFACE_CURVE('',#4118,(#4122,#4129),.PCURVE_S1.);
#4118 = LINE('',#4119,#4120);
#4119 = CARTESIAN_POINT('',(5.4,43.7,-8.));
#4120 = VECTOR('',#4121,1.E+03);
#4121 = DIRECTION('',(0.,0.,1.));
#4122 = PCURVE('',#4049,#4123);
#4123 = DEFINITIONAL_REPRESENTATION('',(#4124),#4128);
#4124 = LINE('',#4125,#4126);
#4125 = CARTESIAN_POINT('',(1.570796326795,0.));
#4126 = VECTOR('',#4127,1.);
#4127 = DIRECTION('',(0.,-1.));
#4128 = ( GEOMETRIC_REPRESENTATION_CONTEXT(2) 
PARAMETRIC_REPRESENTATION_CONTEXT() REPRESENTATION_CONTEXT('2D SPACE',''
  ) );
#4129 = PCURVE('',#4130,#4135);
#4130 = PLANE('',#4131);
#4131 = AXIS2_PLACEMENT_3D('',#4132,#4133,#4134);
#4132 = CARTESIAN_POINT('',(5.4,43.7,-8.));
#4133 = DIRECTION('',(0.,-1.,0.));
#4134 = DIRECTION('',(-1.,0.,0.));
#4135 = DEFINITIONAL_REPRESENTATION('',(#4136),#4140);
#4136 = LINE('',#4137,#4138);
#4137 = CARTESIAN_POINT('',(0.,-0.));
#4138 = VECTOR('',#4139,1.);
#4139 = DIRECTION('',(0.,-1.));
#4140 = ( GEOMETRIC_REPRESENTATION_CONTEXT(2) 
PARAMETRIC_REPRESENTATION_CONTEXT() REPRESENTATION_CONTEXT('2D SPACE',''
  ) );
#4141 = ORIENTED_EDGE('',*,*,#4142,.F.);
#4142 = EDGE_CURVE('',#4034,#4115,#4143,.T.);
#4143 = SURFACE_CURVE('',#4144,(#4149,#4156),.PCURVE_S1.);
#4144 = ELLIPSE('',#4145,43.7,43.7);
#4145 = AXIS2_PLACEMENT_3D('',#4146,#4147,#4148);
#4146 = CARTESIAN_POINT('',(5.4,0.,-8.));
#4147 = DIRECTION('',(0.,0.,1.));
#4148 = DIRECTION('',(1.,0.,-0.));
#4149 = PCURVE('',#4049,#4150);
#4150 = DEFINITIONAL_REPRESENTATION('',(#4151),#4155);
#4151 = LINE('',#4152,#4153);
#4152 = CARTESIAN_POINT('',(0.,0.));
#4153 = VECTOR('',#4154,1.);
#4154 = DIRECTION('',(1.,0.));
#4155 = ( GEOMETRIC_REPRESENTATION_CONTEXT(2) 
PARAMETRIC_REPRESENTATION_CONTEXT() REPRESENTATION_CONTEXT('2D SPACE',''
  ) );
#4156 = PCURVE('',#3598,#4157);
#4157 = DEFINITIONAL_REPRESENTATION('',(#4158),#4162);
#4158 = CIRCLE('',#4159,43.7);
#4159 = AXIS2_PLACEMENT_2D('',#4160,#4161);
#4160 = CARTESIAN_POINT('',(5.4,1.099039201709E-15));
#4161 = DIRECTION('',(1.,0.));
#4162 = ( GEOMETRIC_REPRESENTATION_CONTEXT(2) 
PARAMETRIC_REPRESENTATION_CONTEXT() REPRESENTATION_CONTEXT('2D SPACE',''
  ) );
#4163 = ADVANCED_FACE('',(#4164),#4130,.T.);
#4164 = FACE_BOUND('',#4165,.T.);
#4165 = EDGE_LOOP('',(#4166,#4167,#4190,#4213));
#4166 = ORIENTED_EDGE('',*,*,#4114,.T.);
#4167 = ORIENTED_EDGE('',*,*,#4168,.T.);
#4168 = EDGE_CURVE('',#4091,#4169,#4171,.T.);
#4169 = VERTEX_POINT('',#4170);
#4170 = CARTESIAN_POINT('',(-5.4,43.7,-4.));
#4171 = SURFACE_CURVE('',#4172,(#4176,#4183),.PCURVE_S1.);
#4172 = LINE('',#4173,#4174);
#4173 = CARTESIAN_POINT('',(5.4,43.7,-4.));
#4174 = VECTOR('',#4175,1.E+03);
#4175 = DIRECTION('',(-1.,0.,0.));
#4176 = PCURVE('',#4130,#4177);
#4177 = DEFINITIONAL_REPRESENTATION('',(#4178),#4182);
#4178 = LINE('',#4179,#4180);
#4179 = CARTESIAN_POINT('',(0.,-4.));
#4180 = VECTOR('',#4181,1.);
#4181 = DIRECTION('',(1.,0.));
#4182 = ( GEOMETRIC_REPRESENTATION_CONTEXT(2) 
PARAMETRIC_REPRESENTATION_CONTEXT() REPRESENTATION_CONTEXT('2D SPACE',''
  ) );
#4183 = PCURVE('',#3541,#4184);
#4184 = DEFINITIONAL_REPRESENTATION('',(#4185),#4189);
#4185 = LINE('',#4186,#4187);
#4186 = CARTESIAN_POINT('',(5.4,43.7));
#4187 = VECTOR('',#4188,1.);
#4188 = DIRECTION('',(-1.,0.));
#4189 = ( GEOMETRIC_REPRESENTATION_CONTEXT(2) 
PARAMETRIC_REPRESENTATION_CONTEXT() REPRESENTATION_CONTEXT('2D SPACE',''
  ) );
#4190 = ORIENTED_EDGE('',*,*,#4191,.F.);
#4191 = EDGE_CURVE('',#4192,#4169,#4194,.T.);
#4192 = VERTEX_POINT('',#4193);
#4193 = CARTESIAN_POINT('',(-5.4,43.7,-8.));
#4194 = SURFACE_CURVE('',#4195,(#4199,#4206),.PCURVE_S1.);
#4195 = LINE('',#4196,#4197);
#4196 = CARTESIAN_POINT('',(-5.4,43.7,-8.));
#4197 = VECTOR('',#4198,1.E+03);
#4198 = DIRECTION('',(0.,0.,1.));
#4199 = PCURVE('',#4130,#4200);
#4200 = DEFINITIONAL_REPRESENTATION('',(#4201),#4205);
#4201 = LINE('',#4202,#4203);
#4202 = CARTESIAN_POINT('',(10.8,0.));
#4203 = VECTOR('',#4204,1.);
#4204 = DIRECTION('',(0.,-1.));
#4205 = ( GEOMETRIC_REPRESENTATION_CONTEXT(2) 
PARAMETRIC_REPRESENTATION_CONTEXT() REPRESENTATION_CONTEXT('2D SPACE',''
  ) );
#4206 = PCURVE('',#3915,#4207);
#4207 = DEFINITIONAL_REPRESENTATION('',(#4208),#4212);
#4208 = LINE('',#4209,#4210);
#4209 = CARTESIAN_POINT('',(1.570796326795,0.));
#4210 = VECTOR('',#4211,1.);
#4211 = DIRECTION('',(0.,-1.));
#4212 = ( GEOMETRIC_REPRESENTATION_CONTEXT(2) 
PARAMETRIC_REPRESENTATION_CONTEXT() REPRESENTATION_CONTEXT('2D SPACE',''
  ) );
#4213 = ORIENTED_EDGE('',*,*,#4214,.F.);
#4214 = EDGE_CURVE('',#4115,#4192,#4215,.T.);
#4215 = SURFACE_CURVE('',#4216,(#4220,#4227),.PCURVE_S1.);
#4216 = LINE('',#4217,#4218);
#4217 = CARTESIAN_POINT('',(5.4,43.7,-8.));
#4218 = VECTOR('',#4219,1.E+03);
#4219 = DIRECTION('',(-1.,0.,0.));
#4220 = PCURVE('',#4130,#4221);
#4221 = DEFINITIONAL_REPRESENTATION('',(#4222),#4226);
#4222 = LINE('',#4223,#4224);
#4223 = CARTESIAN_POINT('',(0.,-0.));
#4224 = VECTOR('',#4225,1.);
#4225 = DIRECTION('',(1.,0.));
#4226 = ( GEOMETRIC_REPRESENTATION_CONTEXT(2) 
PARAMETRIC_REPRESENTATION_CONTEXT() REPRESENTATION_CONTEXT('2D SPACE',''
  ) );
#4227 = PCURVE('',#3598,#4228);
#4228 = DEFINITIONAL_REPRESENTATION('',(#4229),#4233);
#4229 = LINE('',#4230,#4231);
#4230 = CARTESIAN_POINT('',(5.4,43.7));
#4231 = VECTOR('',#4232,1.);
#4232 = DIRECTION('',(-1.,0.));
#4233 = ( GEOMETRIC_REPRESENTATION_CONTEXT(2) 
PARAMETRIC_REPRESENTATION_CONTEXT() REPRESENTATION_CONTEXT('2D SPACE',''
  ) );
#4234 = ADVANCED_FACE('',(#4235),#3915,.T.);
#4235 = FACE_BOUND('',#4236,.T.);
#4236 = EDGE_LOOP('',(#4237,#4238,#4260,#4261));
#4237 = ORIENTED_EDGE('',*,*,#4191,.T.);
#4238 = ORIENTED_EDGE('',*,*,#4239,.T.);
#4239 = EDGE_CURVE('',#4169,#3895,#4240,.T.);
#4240 = SURFACE_CURVE('',#4241,(#4246,#4253),.PCURVE_S1.);
#4241 = ELLIPSE('',#4242,43.7,43.7);
#4242 = AXIS2_PLACEMENT_3D('',#4243,#4244,#4245);
#4243 = CARTESIAN_POINT('',(-5.4,0.,-4.));
#4244 = DIRECTION('',(0.,0.,1.));
#4245 = DIRECTION('',(1.,0.,-0.));
#4246 = PCURVE('',#3915,#4247);
#4247 = DEFINITIONAL_REPRESENTATION('',(#4248),#4252);
#4248 = LINE('',#4249,#4250);
#4249 = CARTESIAN_POINT('',(0.,-4.E-03));
#4250 = VECTOR('',#4251,1.);
#4251 = DIRECTION('',(1.,0.));
#4252 = ( GEOMETRIC_REPRESENTATION_CONTEXT(2) 
PARAMETRIC_REPRESENTATION_CONTEXT() REPRESENTATION_CONTEXT('2D SPACE',''
  ) );
#4253 = PCURVE('',#3541,#4254);
#4254 = DEFINITIONAL_REPRESENTATION('',(#4255),#4259);
#4255 = CIRCLE('',#4256,43.7);
#4256 = AXIS2_PLACEMENT_2D('',#4257,#4258);
#4257 = CARTESIAN_POINT('',(-5.4,1.099039201709E-15));
#4258 = DIRECTION('',(1.,0.));
#4259 = ( GEOMETRIC_REPRESENTATION_CONTEXT(2) 
PARAMETRIC_REPRESENTATION_CONTEXT() REPRESENTATION_CONTEXT('2D SPACE',''
  ) );
#4260 = ORIENTED_EDGE('',*,*,#3892,.F.);
#4261 = ORIENTED_EDGE('',*,*,#4262,.F.);
#4262 = EDGE_CURVE('',#4192,#3893,#4263,.T.);
#4263 = SURFACE_CURVE('',#4264,(#4269,#4276),.PCURVE_S1.);
#4264 = ELLIPSE('',#4265,43.7,43.7);
#4265 = AXIS2_PLACEMENT_3D('',#4266,#4267,#4268);
#4266 = CARTESIAN_POINT('',(-5.4,0.,-8.));
#4267 = DIRECTION('',(0.,0.,1.));
#4268 = DIRECTION('',(1.,0.,-0.));
#4269 = PCURVE('',#3915,#4270);
#4270 = DEFINITIONAL_REPRESENTATION('',(#4271),#4275);
#4271 = LINE('',#4272,#4273);
#4272 = CARTESIAN_POINT('',(0.,0.));
#4273 = VECTOR('',#4274,1.);
#4274 = DIRECTION('',(1.,0.));
#4275 = ( GEOMETRIC_REPRESENTATION_CONTEXT(2) 
PARAMETRIC_REPRESENTATION_CONTEXT() REPRESENTATION_CONTEXT('2D SPACE',''
  ) );
#4276 = PCURVE('',#3598,#4277);
#4277 = DEFINITIONAL_REPRESENTATION('',(#4278),#4282);
#4278 = CIRCLE('',#4279,43.7);
#4279 = AXIS2_PLACEMENT_2D('',#4280,#4281);
#4280 = CARTESIAN_POINT('',(-5.4,1.099039201709E-15));
#4281 = DIRECTION('',(1.,0.));
#4282 = ( GEOMETRIC_REPRESENTATION_CONTEXT(2) 
PARAMETRIC_REPRESENTATION_CONTEXT() REPRESENTATION_CONTEXT('2D SPACE',''
  ) );
#4283 = ADVANCED_FACE('',(#4284,#4291),#3598,.F.);
#4284 = FACE_BOUND('',#4285,.F.);
#4285 = EDGE_LOOP('',(#4286,#4287,#4288,#4289,#4290));
#4286 = ORIENTED_EDGE('',*,*,#3584,.T.);
#4287 = ORIENTED_EDGE('',*,*,#3747,.T.);
#4288 = ORIENTED_EDGE('',*,*,#3867,.T.);
#4289 = ORIENTED_EDGE('',*,*,#3819,.T.);
#4290 = ORIENTED_EDGE('',*,*,#3666,.T.);
#4291 = FACE_BOUND('',#4292,.F.);
#4292 = EDGE_LOOP('',(#4293,#4294,#4295,#4296,#4297));
#4293 = ORIENTED_EDGE('',*,*,#3984,.F.);
#4294 = ORIENTED_EDGE('',*,*,#4262,.F.);
#4295 = ORIENTED_EDGE('',*,*,#4214,.F.);
#4296 = ORIENTED_EDGE('',*,*,#4142,.F.);
#4297 = ORIENTED_EDGE('',*,*,#4064,.F.);
#4298 = ADVANCED_FACE('',(#4299,#4306),#3541,.T.);
#4299 = FACE_BOUND('',#4300,.T.);
#4300 = EDGE_LOOP('',(#4301,#4302,#4303,#4304,#4305));
#4301 = ORIENTED_EDGE('',*,*,#3525,.T.);
#4302 = ORIENTED_EDGE('',*,*,#3692,.T.);
#4303 = ORIENTED_EDGE('',*,*,#3844,.T.);
#4304 = ORIENTED_EDGE('',*,*,#3797,.T.);
#4305 = ORIENTED_EDGE('',*,*,#3643,.T.);
#4306 = FACE_BOUND('',#4307,.T.);
#4307 = EDGE_LOOP('',(#4308,#4309,#4310,#4311,#4312));
#4308 = ORIENTED_EDGE('',*,*,#3930,.F.);
#4309 = ORIENTED_EDGE('',*,*,#4239,.F.);
#4310 = ORIENTED_EDGE('',*,*,#4168,.F.);
#4311 = ORIENTED_EDGE('',*,*,#4090,.F.);
#4312 = ORIENTED_EDGE('',*,*,#4009,.F.);
#4313 = ( GEOMETRIC_REPRESENTATION_CONTEXT(3) 
GLOBAL_UNCERTAINTY_ASSIGNED_CONTEXT((#4317)) 
GLOBAL_UNIT_ASSIGNED_CONTEXT((#4314,#4315,#4316)) REPRESENTATION_CONTEXT
('Context #1','3D Context with UNIT and UNCERTAINTY') );
#4314 = ( LENGTH_UNIT() NAMED_UNIT(*) SI_UNIT(.MILLI.,.METRE.) );
#4315 = ( NAMED_UNIT(*) PLANE_ANGLE_UNIT() SI_UNIT($,.RADIAN.) );
#4316 = ( NAMED_UNIT(*) SI_UNIT($,.STERADIAN.) SOLID_ANGLE_UNIT() );
#4317 = UNCERTAINTY_MEASURE_WITH_UNIT(LENGTH_MEASURE(1.E-04),#4314,
  'distance_accuracy_value','confusion accuracy');
#4318 = CONTEXT_DEPENDENT_SHAPE_REPRESENTATION(#4319,#4321);
#4319 = ( REPRESENTATION_RELATIONSHIP('','',#3480,#10) 
REPRESENTATION_RELATIONSHIP_WITH_TRANSFORMATION(#4320) 
SHAPE_REPRESENTATION_RELATIONSHIP() );
#4320 = ITEM_DEFINED_TRANSFORMATION('','',#11,#31);
#4321 = PRODUCT_DEFINITION_SHAPE('Placement','Placement of an item',
  #4322);
#4322 = NEXT_ASSEMBLY_USAGE_OCCURRENCE('5','','',#5,#3475,$);
#4323 = PRODUCT_RELATED_PRODUCT_CATEGORY('part',$,(#3477));
#4324 = SHAPE_DEFINITION_REPRESENTATION(#4325,#4331);
#4325 = PRODUCT_DEFINITION_SHAPE('','',#4326);
#4326 = PRODUCT_DEFINITION('design','',#4327,#4330);
#4327 = PRODUCT_DEFINITION_FORMATION('','',#4328);
#4328 = PRODUCT('Open CASCADE STEP translator 7.9 1.6',
  'Open CASCADE STEP translator 7.9 1.6','',(#4329));
#4329 = PRODUCT_CONTEXT('',#2,'mechanical');
#4330 = PRODUCT_DEFINITION_CONTEXT('part definition',#2,'design');
#4331 = ADVANCED_BREP_SHAPE_REPRESENTATION('',(#11,#4332),#5164);
#4332 = MANIFOLD_SOLID_BREP('',#4333);
#4333 = CLOSED_SHELL('',(#4334,#4460,#4538,#4619,#4690,#4739,#4855,#4936
    ,#5014,#5085,#5134,#5149));
#4334 = ADVANCED_FACE('',(#4335),#4349,.F.);
#4335 = FACE_BOUND('',#4336,.F.);
#4336 = EDGE_LOOP('',(#4337,#4375,#4403,#4434));
#4337 = ORIENTED_EDGE('',*,*,#4338,.T.);
#4338 = EDGE_CURVE('',#4339,#4341,#4343,.T.);
#4339 = VERTEX_POINT('',#4340);
#4340 = CARTESIAN_POINT('',(-5.4,-43.925,-12.));
#4341 = VERTEX_POINT('',#4342);
#4342 = CARTESIAN_POINT('',(-5.4,-43.925,-8.));
#4343 = SURFACE_CURVE('',#4344,(#4348,#4360),.PCURVE_S1.);
#4344 = LINE('',#4345,#4346);
#4345 = CARTESIAN_POINT('',(-5.4,-43.925,-12.));
#4346 = VECTOR('',#4347,1.E+03);
#4347 = DIRECTION('',(0.,0.,1.));
#4348 = PCURVE('',#4349,#4354);
#4349 = PLANE('',#4350);
#4350 = AXIS2_PLACEMENT_3D('',#4351,#4352,#4353);
#4351 = CARTESIAN_POINT('',(-5.4,-43.925,-12.));
#4352 = DIRECTION('',(0.,1.,0.));
#4353 = DIRECTION('',(1.,0.,0.));
#4354 = DEFINITIONAL_REPRESENTATION('',(#4355),#4359);
#4355 = LINE('',#4356,#4357);
#4356 = CARTESIAN_POINT('',(0.,0.));
#4357 = VECTOR('',#4358,1.);
#4358 = DIRECTION('',(0.,-1.));
#4359 = ( GEOMETRIC_REPRESENTATION_CONTEXT(2) 
PARAMETRIC_REPRESENTATION_CONTEXT() REPRESENTATION_CONTEXT('2D SPACE',''
  ) );
#4360 = PCURVE('',#4361,#4369);
#4361 = SURFACE_OF_LINEAR_EXTRUSION('',#4362,#4367);
#4362 = ELLIPSE('',#4363,43.925,43.925);
#4363 = AXIS2_PLACEMENT_3D('',#4364,#4365,#4366);
#4364 = CARTESIAN_POINT('',(-5.4,0.,-12.));
#4365 = DIRECTION('',(0.,0.,1.));
#4366 = DIRECTION('',(1.,0.,-0.));
#4367 = VECTOR('',#4368,1.E+03);
#4368 = DIRECTION('',(-0.,-0.,-1.));
#4369 = DEFINITIONAL_REPRESENTATION('',(#4370),#4374);
#4370 = LINE('',#4371,#4372);
#4371 = CARTESIAN_POINT('',(4.712388980385,0.));
#4372 = VECTOR('',#4373,1.);
#4373 = DIRECTION('',(0.,-1.));
#4374 = ( GEOMETRIC_REPRESENTATION_CONTEXT(2) 
PARAMETRIC_REPRESENTATION_CONTEXT() REPRESENTATION_CONTEXT('2D SPACE',''
  ) );
#4375 = ORIENTED_EDGE('',*,*,#4376,.T.);
#4376 = EDGE_CURVE('',#4341,#4377,#4379,.T.);
#4377 = VERTEX_POINT('',#4378);
#4378 = CARTESIAN_POINT('',(5.4,-43.925,-8.));
#4379 = SURFACE_CURVE('',#4380,(#4384,#4391),.PCURVE_S1.);
#4380 = LINE('',#4381,#4382);
#4381 = CARTESIAN_POINT('',(-5.4,-43.925,-8.));
#4382 = VECTOR('',#4383,1.E+03);
#4383 = DIRECTION('',(1.,0.,0.));
#4384 = PCURVE('',#4349,#4385);
#4385 = DEFINITIONAL_REPRESENTATION('',(#4386),#4390);
#4386 = LINE('',#4387,#4388);
#4387 = CARTESIAN_POINT('',(0.,-4.));
#4388 = VECTOR('',#4389,1.);
#4389 = DIRECTION('',(1.,0.));
#4390 = ( GEOMETRIC_REPRESENTATION_CONTEXT(2) 
PARAMETRIC_REPRESENTATION_CONTEXT() REPRESENTATION_CONTEXT('2D SPACE',''
  ) );
#4391 = PCURVE('',#4392,#4397);
#4392 = PLANE('',#4393);
#4393 = AXIS2_PLACEMENT_3D('',#4394,#4395,#4396);
#4394 = CARTESIAN_POINT('',(0.,-1.099039201709E-15,-8.));
#4395 = DIRECTION('',(0.,0.,1.));
#4396 = DIRECTION('',(1.,0.,-0.));
#4397 = DEFINITIONAL_REPRESENTATION('',(#4398),#4402);
#4398 = LINE('',#4399,#4400);
#4399 = CARTESIAN_POINT('',(-5.4,-43.925));
#4400 = VECTOR('',#4401,1.);
#4401 = DIRECTION('',(1.,0.));
#4402 = ( GEOMETRIC_REPRESENTATION_CONTEXT(2) 
PARAMETRIC_REPRESENTATION_CONTEXT() REPRESENTATION_CONTEXT('2D SPACE',''
  ) );
#4403 = ORIENTED_EDGE('',*,*,#4404,.F.);
#4404 = EDGE_CURVE('',#4405,#4377,#4407,.T.);
#4405 = VERTEX_POINT('',#4406);
#4406 = CARTESIAN_POINT('',(5.4,-43.925,-12.));
#4407 = SURFACE_CURVE('',#4408,(#4412,#4419),.PCURVE_S1.);
#4408 = LINE('',#4409,#4410);
#4409 = CARTESIAN_POINT('',(5.4,-43.925,-12.));
#4410 = VECTOR('',#4411,1.E+03);
#4411 = DIRECTION('',(0.,0.,1.));
#4412 = PCURVE('',#4349,#4413);
#4413 = DEFINITIONAL_REPRESENTATION('',(#4414),#4418);
#4414 = LINE('',#4415,#4416);
#4415 = CARTESIAN_POINT('',(10.8,0.));
#4416 = VECTOR('',#4417,1.);
#4417 = DIRECTION('',(0.,-1.));
#4418 = ( GEOMETRIC_REPRESENTATION_CONTEXT(2) 
PARAMETRIC_REPRESENTATION_CONTEXT() REPRESENTATION_CONTEXT('2D SPACE',''
  ) );
#4419 = PCURVE('',#4420,#4428);
#4420 = SURFACE_OF_LINEAR_EXTRUSION('',#4421,#4426);
#4421 = ELLIPSE('',#4422,43.925,43.925);
#4422 = AXIS2_PLACEMENT_3D('',#4423,#4424,#4425);
#4423 = CARTESIAN_POINT('',(5.4,0.,-12.));
#4424 = DIRECTION('',(0.,0.,1.));
#4425 = DIRECTION('',(1.,0.,-0.));
#4426 = VECTOR('',#4427,1.E+03);
#4427 = DIRECTION('',(-0.,-0.,-1.));
#4428 = DEFINITIONAL_REPRESENTATION('',(#4429),#4433);
#4429 = LINE('',#4430,#4431);
#4430 = CARTESIAN_POINT('',(4.712388980385,0.));
#4431 = VECTOR('',#4432,1.);
#4432 = DIRECTION('',(0.,-1.));
#4433 = ( GEOMETRIC_REPRESENTATION_CONTEXT(2) 
PARAMETRIC_REPRESENTATION_CONTEXT() REPRESENTATION_CONTEXT('2D SPACE',''
  ) );
#4434 = ORIENTED_EDGE('',*,*,#4435,.F.);
#4435 = EDGE_CURVE('',#4339,#4405,#4436,.T.);
#4436 = SURFACE_CURVE('',#4437,(#4441,#4448),.PCURVE_S1.);
#4437 = LINE('',#4438,#4439);
#4438 = CARTESIAN_POINT('',(-5.4,-43.925,-12.));
#4439 = VECTOR('',#4440,1.E+03);
#4440 = DIRECTION('',(1.,0.,0.));
#4441 = PCURVE('',#4349,#4442);
#4442 = DEFINITIONAL_REPRESENTATION('',(#4443),#4447);
#4443 = LINE('',#4444,#4445);
#4444 = CARTESIAN_POINT('',(0.,0.));
#4445 = VECTOR('',#4446,1.);
#4446 = DIRECTION('',(1.,0.));
#4447 = ( GEOMETRIC_REPRESENTATION_CONTEXT(2) 
PARAMETRIC_REPRESENTATION_CONTEXT() REPRESENTATION_CONTEXT('2D SPACE',''
  ) );
#4448 = PCURVE('',#4449,#4454);
#4449 = PLANE('',#4450);
#4450 = AXIS2_PLACEMENT_3D('',#4451,#4452,#4453);
#4451 = CARTESIAN_POINT('',(0.,-1.099039201709E-15,-12.));
#4452 = DIRECTION('',(0.,0.,1.));
#4453 = DIRECTION('',(1.,0.,-0.));
#4454 = DEFINITIONAL_REPRESENTATION('',(#4455),#4459);
#4455 = LINE('',#4456,#4457);
#4456 = CARTESIAN_POINT('',(-5.4,-43.925));
#4457 = VECTOR('',#4458,1.);
#4458 = DIRECTION('',(1.,0.));
#4459 = ( GEOMETRIC_REPRESENTATION_CONTEXT(2) 
PARAMETRIC_REPRESENTATION_CONTEXT() REPRESENTATION_CONTEXT('2D SPACE',''
  ) );
#4460 = ADVANCED_FACE('',(#4461),#4361,.F.);
#4461 = FACE_BOUND('',#4462,.F.);
#4462 = EDGE_LOOP('',(#4463,#4493,#4515,#4516));
#4463 = ORIENTED_EDGE('',*,*,#4464,.T.);
#4464 = EDGE_CURVE('',#4465,#4467,#4469,.T.);
#4465 = VERTEX_POINT('',#4466);
#4466 = CARTESIAN_POINT('',(-5.4,43.925,-12.));
#4467 = VERTEX_POINT('',#4468);
#4468 = CARTESIAN_POINT('',(-5.4,43.925,-8.));
#4469 = SURFACE_CURVE('',#4470,(#4474,#4481),.PCURVE_S1.);
#4470 = LINE('',#4471,#4472);
#4471 = CARTESIAN_POINT('',(-5.4,43.925,-12.));
#4472 = VECTOR('',#4473,1.E+03);
#4473 = DIRECTION('',(0.,0.,1.));
#4474 = PCURVE('',#4361,#4475);
#4475 = DEFINITIONAL_REPRESENTATION('',(#4476),#4480);
#4476 = LINE('',#4477,#4478);
#4477 = CARTESIAN_POINT('',(1.570796326795,0.));
#4478 = VECTOR('',#4479,1.);
#4479 = DIRECTION('',(0.,-1.));
#4480 = ( GEOMETRIC_REPRESENTATION_CONTEXT(2) 
PARAMETRIC_REPRESENTATION_CONTEXT() REPRESENTATION_CONTEXT('2D SPACE',''
  ) );
#4481 = PCURVE('',#4482,#4487);
#4482 = PLANE('',#4483);
#4483 = AXIS2_PLACEMENT_3D('',#4484,#4485,#4486);
#4484 = CARTESIAN_POINT('',(5.4,43.925,-12.));
#4485 = DIRECTION('',(0.,-1.,0.));
#4486 = DIRECTION('',(-1.,0.,0.));
#4487 = DEFINITIONAL_REPRESENTATION('',(#4488),#4492);
#4488 = LINE('',#4489,#4490);
#4489 = CARTESIAN_POINT('',(10.8,0.));
#4490 = VECTOR('',#4491,1.);
#4491 = DIRECTION('',(0.,-1.));
#4492 = ( GEOMETRIC_REPRESENTATION_CONTEXT(2) 
PARAMETRIC_REPRESENTATION_CONTEXT() REPRESENTATION_CONTEXT('2D SPACE',''
  ) );
#4493 = ORIENTED_EDGE('',*,*,#4494,.T.);
#4494 = EDGE_CURVE('',#4467,#4341,#4495,.T.);
#4495 = SURFACE_CURVE('',#4496,(#4501,#4508),.PCURVE_S1.);
#4496 = ELLIPSE('',#4497,43.925,43.925);
#4497 = AXIS2_PLACEMENT_3D('',#4498,#4499,#4500);
#4498 = CARTESIAN_POINT('',(-5.4,0.,-8.));
#4499 = DIRECTION('',(0.,0.,1.));
#4500 = DIRECTION('',(1.,0.,-0.));
#4501 = PCURVE('',#4361,#4502);
#4502 = DEFINITIONAL_REPRESENTATION('',(#4503),#4507);
#4503 = LINE('',#4504,#4505);
#4504 = CARTESIAN_POINT('',(0.,-4.E-03));
#4505 = VECTOR('',#4506,1.);
#4506 = DIRECTION('',(1.,0.));
#4507 = ( GEOMETRIC_REPRESENTATION_CONTEXT(2) 
PARAMETRIC_REPRESENTATION_CONTEXT() REPRESENTATION_CONTEXT('2D SPACE',''
  ) );
#4508 = PCURVE('',#4392,#4509);
#4509 = DEFINITIONAL_REPRESENTATION('',(#4510),#4514);
#4510 = CIRCLE('',#4511,43.925);
#4511 = AXIS2_PLACEMENT_2D('',#4512,#4513);
#4512 = CARTESIAN_POINT('',(-5.4,1.099039201709E-15));
#4513 = DIRECTION('',(1.,0.));
#4514 = ( GEOMETRIC_REPRESENTATION_CONTEXT(2) 
PARAMETRIC_REPRESENTATION_CONTEXT() REPRESENTATION_CONTEXT('2D SPACE',''
  ) );
#4515 = ORIENTED_EDGE('',*,*,#4338,.F.);
#4516 = ORIENTED_EDGE('',*,*,#4517,.F.);
#4517 = EDGE_CURVE('',#4465,#4339,#4518,.T.);
#4518 = SURFACE_CURVE('',#4519,(#4524,#4531),.PCURVE_S1.);
#4519 = ELLIPSE('',#4520,43.925,43.925);
#4520 = AXIS2_PLACEMENT_3D('',#4521,#4522,#4523);
#4521 = CARTESIAN_POINT('',(-5.4,0.,-12.));
#4522 = DIRECTION('',(0.,0.,1.));
#4523 = DIRECTION('',(1.,0.,-0.));
#4524 = PCURVE('',#4361,#4525);
#4525 = DEFINITIONAL_REPRESENTATION('',(#4526),#4530);
#4526 = LINE('',#4527,#4528);
#4527 = CARTESIAN_POINT('',(0.,0.));
#4528 = VECTOR('',#4529,1.);
#4529 = DIRECTION('',(1.,0.));
#4530 = ( GEOMETRIC_REPRESENTATION_CONTEXT(2) 
PARAMETRIC_REPRESENTATION_CONTEXT() REPRESENTATION_CONTEXT('2D SPACE',''
  ) );
#4531 = PCURVE('',#4449,#4532);
#4532 = DEFINITIONAL_REPRESENTATION('',(#4533),#4537);
#4533 = CIRCLE('',#4534,43.925);
#4534 = AXIS2_PLACEMENT_2D('',#4535,#4536);
#4535 = CARTESIAN_POINT('',(-5.4,1.099039201709E-15));
#4536 = DIRECTION('',(1.,0.));
#4537 = ( GEOMETRIC_REPRESENTATION_CONTEXT(2) 
PARAMETRIC_REPRESENTATION_CONTEXT() REPRESENTATION_CONTEXT('2D SPACE',''
  ) );
#4538 = ADVANCED_FACE('',(#4539),#4420,.F.);
#4539 = FACE_BOUND('',#4540,.F.);
#4540 = EDGE_LOOP('',(#4541,#4542,#4566,#4597));
#4541 = ORIENTED_EDGE('',*,*,#4404,.T.);
#4542 = ORIENTED_EDGE('',*,*,#4543,.T.);
#4543 = EDGE_CURVE('',#4377,#4544,#4546,.T.);
#4544 = VERTEX_POINT('',#4545);
#4545 = CARTESIAN_POINT('',(49.325,0.,-8.));
#4546 = SURFACE_CURVE('',#4547,(#4552,#4559),.PCURVE_S1.);
#4547 = ELLIPSE('',#4548,43.925,43.925);
#4548 = AXIS2_PLACEMENT_3D('',#4549,#4550,#4551);
#4549 = CARTESIAN_POINT('',(5.4,0.,-8.));
#4550 = DIRECTION('',(0.,0.,1.));
#4551 = DIRECTION('',(1.,0.,-0.));
#4552 = PCURVE('',#4420,#4553);
#4553 = DEFINITIONAL_REPRESENTATION('',(#4554),#4558);
#4554 = LINE('',#4555,#4556);
#4555 = CARTESIAN_POINT('',(0.,-4.E-03));
#4556 = VECTOR('',#4557,1.);
#4557 = DIRECTION('',(1.,0.));
#4558 = ( GEOMETRIC_REPRESENTATION_CONTEXT(2) 
PARAMETRIC_REPRESENTATION_CONTEXT() REPRESENTATION_CONTEXT('2D SPACE',''
  ) );
#4559 = PCURVE('',#4392,#4560);
#4560 = DEFINITIONAL_REPRESENTATION('',(#4561),#4565);
#4561 = CIRCLE('',#4562,43.925);
#4562 = AXIS2_PLACEMENT_2D('',#4563,#4564);
#4563 = CARTESIAN_POINT('',(5.4,1.099039201709E-15));
#4564 = DIRECTION('',(1.,0.));
#4565 = ( GEOMETRIC_REPRESENTATION_CONTEXT(2) 
PARAMETRIC_REPRESENTATION_CONTEXT() REPRESENTATION_CONTEXT('2D SPACE',''
  ) );
#4566 = ORIENTED_EDGE('',*,*,#4567,.F.);
#4567 = EDGE_CURVE('',#4568,#4544,#4570,.T.);
#4568 = VERTEX_POINT('',#4569);
#4569 = CARTESIAN_POINT('',(49.325,0.,-12.));
#4570 = SURFACE_CURVE('',#4571,(#4575,#4582),.PCURVE_S1.);
#4571 = LINE('',#4572,#4573);
#4572 = CARTESIAN_POINT('',(49.325,0.,-12.));
#4573 = VECTOR('',#4574,1.E+03);
#4574 = DIRECTION('',(0.,0.,1.));
#4575 = PCURVE('',#4420,#4576);
#4576 = DEFINITIONAL_REPRESENTATION('',(#4577),#4581);
#4577 = LINE('',#4578,#4579);
#4578 = CARTESIAN_POINT('',(6.28318530718,0.));
#4579 = VECTOR('',#4580,1.);
#4580 = DIRECTION('',(0.,-1.));
#4581 = ( GEOMETRIC_REPRESENTATION_CONTEXT(2) 
PARAMETRIC_REPRESENTATION_CONTEXT() REPRESENTATION_CONTEXT('2D SPACE',''
  ) );
#4582 = PCURVE('',#4583,#4591);
#4583 = SURFACE_OF_LINEAR_EXTRUSION('',#4584,#4589);
#4584 = ELLIPSE('',#4585,43.925,43.925);
#4585 = AXIS2_PLACEMENT_3D('',#4586,#4587,#4588);
#4586 = CARTESIAN_POINT('',(5.4,0.,-12.));
#4587 = DIRECTION('',(0.,0.,1.));
#4588 = DIRECTION('',(1.,0.,-0.));
#4589 = VECTOR('',#4590,1.E+03);
#4590 = DIRECTION('',(-0.,-0.,-1.));
#4591 = DEFINITIONAL_REPRESENTATION('',(#4592),#4596);
#4592 = LINE('',#4593,#4594);
#4593 = CARTESIAN_POINT('',(0.,0.));
#4594 = VECTOR('',#4595,1.);
#4595 = DIRECTION('',(0.,-1.));
#4596 = ( GEOMETRIC_REPRESENTATION_CONTEXT(2) 
PARAMETRIC_REPRESENTATION_CONTEXT() REPRESENTATION_CONTEXT('2D SPACE',''
  ) );
#4597 = ORIENTED_EDGE('',*,*,#4598,.F.);
#4598 = EDGE_CURVE('',#4405,#4568,#4599,.T.);
#4599 = SURFACE_CURVE('',#4600,(#4605,#4612),.PCURVE_S1.);
#4600 = ELLIPSE('',#4601,43.925,43.925);
#4601 = AXIS2_PLACEMENT_3D('',#4602,#4603,#4604);
#4602 = CARTESIAN_POINT('',(5.4,0.,-12.));
#4603 = DIRECTION('',(0.,0.,1.));
#4604 = DIRECTION('',(1.,0.,-0.));
#4605 = PCURVE('',#4420,#4606);
#4606 = DEFINITIONAL_REPRESENTATION('',(#4607),#4611);
#4607 = LINE('',#4608,#4609);
#4608 = CARTESIAN_POINT('',(0.,0.));
#4609 = VECTOR('',#4610,1.);
#4610 = DIRECTION('',(1.,0.));
#4611 = ( GEOMETRIC_REPRESENTATION_CONTEXT(2) 
PARAMETRIC_REPRESENTATION_CONTEXT() REPRESENTATION_CONTEXT('2D SPACE',''
  ) );
#4612 = PCURVE('',#4449,#4613);
#4613 = DEFINITIONAL_REPRESENTATION('',(#4614),#4618);
#4614 = CIRCLE('',#4615,43.925);
#4615 = AXIS2_PLACEMENT_2D('',#4616,#4617);
#4616 = CARTESIAN_POINT('',(5.4,1.099039201709E-15));
#4617 = DIRECTION('',(1.,0.));
#4618 = ( GEOMETRIC_REPRESENTATION_CONTEXT(2) 
PARAMETRIC_REPRESENTATION_CONTEXT() REPRESENTATION_CONTEXT('2D SPACE',''
  ) );
#4619 = ADVANCED_FACE('',(#4620),#4482,.F.);
#4620 = FACE_BOUND('',#4621,.F.);
#4621 = EDGE_LOOP('',(#4622,#4647,#4668,#4669));
#4622 = ORIENTED_EDGE('',*,*,#4623,.T.);
#4623 = EDGE_CURVE('',#4624,#4626,#4628,.T.);
#4624 = VERTEX_POINT('',#4625);
#4625 = CARTESIAN_POINT('',(5.4,43.925,-12.));
#4626 = VERTEX_POINT('',#4627);
#4627 = CARTESIAN_POINT('',(5.4,43.925,-8.));
#4628 = SURFACE_CURVE('',#4629,(#4633,#4640),.PCURVE_S1.);
#4629 = LINE('',#4630,#4631);
#4630 = CARTESIAN_POINT('',(5.4,43.925,-12.));
#4631 = VECTOR('',#4632,1.E+03);
#4632 = DIRECTION('',(0.,0.,1.));
#4633 = PCURVE('',#4482,#4634);
#4634 = DEFINITIONAL_REPRESENTATION('',(#4635),#4639);
#4635 = LINE('',#4636,#4637);
#4636 = CARTESIAN_POINT('',(0.,-0.));
#4637 = VECTOR('',#4638,1.);
#4638 = DIRECTION('',(0.,-1.));
#4639 = ( GEOMETRIC_REPRESENTATION_CONTEXT(2) 
PARAMETRIC_REPRESENTATION_CONTEXT() REPRESENTATION_CONTEXT('2D SPACE',''
  ) );
#4640 = PCURVE('',#4583,#4641);
#4641 = DEFINITIONAL_REPRESENTATION('',(#4642),#4646);
#4642 = LINE('',#4643,#4644);
#4643 = CARTESIAN_POINT('',(1.570796326795,0.));
#4644 = VECTOR('',#4645,1.);
#4645 = DIRECTION('',(0.,-1.));
#4646 = ( GEOMETRIC_REPRESENTATION_CONTEXT(2) 
PARAMETRIC_REPRESENTATION_CONTEXT() REPRESENTATION_CONTEXT('2D SPACE',''
  ) );
#4647 = ORIENTED_EDGE('',*,*,#4648,.T.);
#4648 = EDGE_CURVE('',#4626,#4467,#4649,.T.);
#4649 = SURFACE_CURVE('',#4650,(#4654,#4661),.PCURVE_S1.);
#4650 = LINE('',#4651,#4652);
#4651 = CARTESIAN_POINT('',(5.4,43.925,-8.));
#4652 = VECTOR('',#4653,1.E+03);
#4653 = DIRECTION('',(-1.,0.,0.));
#4654 = PCURVE('',#4482,#4655);
#4655 = DEFINITIONAL_REPRESENTATION('',(#4656),#4660);
#4656 = LINE('',#4657,#4658);
#4657 = CARTESIAN_POINT('',(0.,-4.));
#4658 = VECTOR('',#4659,1.);
#4659 = DIRECTION('',(1.,0.));
#4660 = ( GEOMETRIC_REPRESENTATION_CONTEXT(2) 
PARAMETRIC_REPRESENTATION_CONTEXT() REPRESENTATION_CONTEXT('2D SPACE',''
  ) );
#4661 = PCURVE('',#4392,#4662);
#4662 = DEFINITIONAL_REPRESENTATION('',(#4663),#4667);
#4663 = LINE('',#4664,#4665);
#4664 = CARTESIAN_POINT('',(5.4,43.925));
#4665 = VECTOR('',#4666,1.);
#4666 = DIRECTION('',(-1.,0.));
#4667 = ( GEOMETRIC_REPRESENTATION_CONTEXT(2) 
PARAMETRIC_REPRESENTATION_CONTEXT() REPRESENTATION_CONTEXT('2D SPACE',''
  ) );
#4668 = ORIENTED_EDGE('',*,*,#4464,.F.);
#4669 = ORIENTED_EDGE('',*,*,#4670,.F.);
#4670 = EDGE_CURVE('',#4624,#4465,#4671,.T.);
#4671 = SURFACE_CURVE('',#4672,(#4676,#4683),.PCURVE_S1.);
#4672 = LINE('',#4673,#4674);
#4673 = CARTESIAN_POINT('',(5.4,43.925,-12.));
#4674 = VECTOR('',#4675,1.E+03);
#4675 = DIRECTION('',(-1.,0.,0.));
#4676 = PCURVE('',#4482,#4677);
#4677 = DEFINITIONAL_REPRESENTATION('',(#4678),#4682);
#4678 = LINE('',#4679,#4680);
#4679 = CARTESIAN_POINT('',(0.,-0.));
#4680 = VECTOR('',#4681,1.);
#4681 = DIRECTION('',(1.,0.));
#4682 = ( GEOMETRIC_REPRESENTATION_CONTEXT(2) 
PARAMETRIC_REPRESENTATION_CONTEXT() REPRESENTATION_CONTEXT('2D SPACE',''
  ) );
#4683 = PCURVE('',#4449,#4684);
#4684 = DEFINITIONAL_REPRESENTATION('',(#4685),#4689);
#4685 = LINE('',#4686,#4687);
#4686 = CARTESIAN_POINT('',(5.4,43.925));
#4687 = VECTOR('',#4688,1.);
#4688 = DIRECTION('',(-1.,0.));
#4689 = ( GEOMETRIC_REPRESENTATION_CONTEXT(2) 
PARAMETRIC_REPRESENTATION_CONTEXT() REPRESENTATION_CONTEXT('2D SPACE',''
  ) );
#4690 = ADVANCED_FACE('',(#4691),#4583,.F.);
#4691 = FACE_BOUND('',#4692,.F.);
#4692 = EDGE_LOOP('',(#4693,#4694,#4716,#4717));
#4693 = ORIENTED_EDGE('',*,*,#4567,.T.);
#4694 = ORIENTED_EDGE('',*,*,#4695,.T.);
#4695 = EDGE_CURVE('',#4544,#4626,#4696,.T.);
#4696 = SURFACE_CURVE('',#4697,(#4702,#4709),.PCURVE_S1.);
#4697 = ELLIPSE('',#4698,43.925,43.925);
#4698 = AXIS2_PLACEMENT_3D('',#4699,#4700,#4701);
#4699 = CARTESIAN_POINT('',(5.4,0.,-8.));
#4700 = DIRECTION('',(0.,0.,1.));
#4701 = DIRECTION('',(1.,0.,-0.));
#4702 = PCURVE('',#4583,#4703);
#4703 = DEFINITIONAL_REPRESENTATION('',(#4704),#4708);
#4704 = LINE('',#4705,#4706);
#4705 = CARTESIAN_POINT('',(0.,-4.E-03));
#4706 = VECTOR('',#4707,1.);
#4707 = DIRECTION('',(1.,0.));
#4708 = ( GEOMETRIC_REPRESENTATION_CONTEXT(2) 
PARAMETRIC_REPRESENTATION_CONTEXT() REPRESENTATION_CONTEXT('2D SPACE',''
  ) );
#4709 = PCURVE('',#4392,#4710);
#4710 = DEFINITIONAL_REPRESENTATION('',(#4711),#4715);
#4711 = CIRCLE('',#4712,43.925);
#4712 = AXIS2_PLACEMENT_2D('',#4713,#4714);
#4713 = CARTESIAN_POINT('',(5.4,1.099039201709E-15));
#4714 = DIRECTION('',(1.,0.));
#4715 = ( GEOMETRIC_REPRESENTATION_CONTEXT(2) 
PARAMETRIC_REPRESENTATION_CONTEXT() REPRESENTATION_CONTEXT('2D SPACE',''
  ) );
#4716 = ORIENTED_EDGE('',*,*,#4623,.F.);
#4717 = ORIENTED_EDGE('',*,*,#4718,.F.);
#4718 = EDGE_CURVE('',#4568,#4624,#4719,.T.);
#4719 = SURFACE_CURVE('',#4720,(#4725,#4732),.PCURVE_S1.);
#4720 = ELLIPSE('',#4721,43.925,43.925);
#4721 = AXIS2_PLACEMENT_3D('',#4722,#4723,#4724);
#4722 = CARTESIAN_POINT('',(5.4,0.,-12.));
#4723 = DIRECTION('',(0.,0.,1.));
#4724 = DIRECTION('',(1.,0.,-0.));
#4725 = PCURVE('',#4583,#4726);
#4726 = DEFINITIONAL_REPRESENTATION('',(#4727),#4731);
#4727 = LINE('',#4728,#4729);
#4728 = CARTESIAN_POINT('',(0.,0.));
#4729 = VECTOR('',#4730,1.);
#4730 = DIRECTION('',(1.,0.));
#4731 = ( GEOMETRIC_REPRESENTATION_CONTEXT(2) 
PARAMETRIC_REPRESENTATION_CONTEXT() REPRESENTATION_CONTEXT('2D SPACE',''
  ) );
#4732 = PCURVE('',#4449,#4733);
#4733 = DEFINITIONAL_REPRESENTATION('',(#4734),#4738);
#4734 = CIRCLE('',#4735,43.925);
#4735 = AXIS2_PLACEMENT_2D('',#4736,#4737);
#4736 = CARTESIAN_POINT('',(5.4,1.099039201709E-15));
#4737 = DIRECTION('',(1.,0.));
#4738 = ( GEOMETRIC_REPRESENTATION_CONTEXT(2) 
PARAMETRIC_REPRESENTATION_CONTEXT() REPRESENTATION_CONTEXT('2D SPACE',''
  ) );
#4739 = ADVANCED_FACE('',(#4740),#4754,.T.);
#4740 = FACE_BOUND('',#4741,.T.);
#4741 = EDGE_LOOP('',(#4742,#4780,#4803,#4834));
#4742 = ORIENTED_EDGE('',*,*,#4743,.T.);
#4743 = EDGE_CURVE('',#4744,#4746,#4748,.T.);
#4744 = VERTEX_POINT('',#4745);
#4745 = CARTESIAN_POINT('',(-5.4,-43.7,-12.));
#4746 = VERTEX_POINT('',#4747);
#4747 = CARTESIAN_POINT('',(-5.4,-43.7,-8.));
#4748 = SURFACE_CURVE('',#4749,(#4753,#4765),.PCURVE_S1.);
#4749 = LINE('',#4750,#4751);
#4750 = CARTESIAN_POINT('',(-5.4,-43.7,-12.));
#4751 = VECTOR('',#4752,1.E+03);
#4752 = DIRECTION('',(0.,0.,1.));
#4753 = PCURVE('',#4754,#4759);
#4754 = PLANE('',#4755);
#4755 = AXIS2_PLACEMENT_3D('',#4756,#4757,#4758);
#4756 = CARTESIAN_POINT('',(-5.4,-43.7,-12.));
#4757 = DIRECTION('',(0.,1.,0.));
#4758 = DIRECTION('',(1.,0.,0.));
#4759 = DEFINITIONAL_REPRESENTATION('',(#4760),#4764);
#4760 = LINE('',#4761,#4762);
#4761 = CARTESIAN_POINT('',(0.,0.));
#4762 = VECTOR('',#4763,1.);
#4763 = DIRECTION('',(0.,-1.));
#4764 = ( GEOMETRIC_REPRESENTATION_CONTEXT(2) 
PARAMETRIC_REPRESENTATION_CONTEXT() REPRESENTATION_CONTEXT('2D SPACE',''
  ) );
#4765 = PCURVE('',#4766,#4774);
#4766 = SURFACE_OF_LINEAR_EXTRUSION('',#4767,#4772);
#4767 = ELLIPSE('',#4768,43.7,43.7);
#4768 = AXIS2_PLACEMENT_3D('',#4769,#4770,#4771);
#4769 = CARTESIAN_POINT('',(-5.4,0.,-12.));
#4770 = DIRECTION('',(0.,0.,1.));
#4771 = DIRECTION('',(1.,0.,-0.));
#4772 = VECTOR('',#4773,1.E+03);
#4773 = DIRECTION('',(-0.,-0.,-1.));
#4774 = DEFINITIONAL_REPRESENTATION('',(#4775),#4779);
#4775 = LINE('',#4776,#4777);
#4776 = CARTESIAN_POINT('',(4.712388980385,0.));
#4777 = VECTOR('',#4778,1.);
#4778 = DIRECTION('',(0.,-1.));
#4779 = ( GEOMETRIC_REPRESENTATION_CONTEXT(2) 
PARAMETRIC_REPRESENTATION_CONTEXT() REPRESENTATION_CONTEXT('2D SPACE',''
  ) );
#4780 = ORIENTED_EDGE('',*,*,#4781,.T.);
#4781 = EDGE_CURVE('',#4746,#4782,#4784,.T.);
#4782 = VERTEX_POINT('',#4783);
#4783 = CARTESIAN_POINT('',(5.4,-43.7,-8.));
#4784 = SURFACE_CURVE('',#4785,(#4789,#4796),.PCURVE_S1.);
#4785 = LINE('',#4786,#4787);
#4786 = CARTESIAN_POINT('',(-5.4,-43.7,-8.));
#4787 = VECTOR('',#4788,1.E+03);
#4788 = DIRECTION('',(1.,0.,0.));
#4789 = PCURVE('',#4754,#4790);
#4790 = DEFINITIONAL_REPRESENTATION('',(#4791),#4795);
#4791 = LINE('',#4792,#4793);
#4792 = CARTESIAN_POINT('',(0.,-4.));
#4793 = VECTOR('',#4794,1.);
#4794 = DIRECTION('',(1.,0.));
#4795 = ( GEOMETRIC_REPRESENTATION_CONTEXT(2) 
PARAMETRIC_REPRESENTATION_CONTEXT() REPRESENTATION_CONTEXT('2D SPACE',''
  ) );
#4796 = PCURVE('',#4392,#4797);
#4797 = DEFINITIONAL_REPRESENTATION('',(#4798),#4802);
#4798 = LINE('',#4799,#4800);
#4799 = CARTESIAN_POINT('',(-5.4,-43.7));
#4800 = VECTOR('',#4801,1.);
#4801 = DIRECTION('',(1.,0.));
#4802 = ( GEOMETRIC_REPRESENTATION_CONTEXT(2) 
PARAMETRIC_REPRESENTATION_CONTEXT() REPRESENTATION_CONTEXT('2D SPACE',''
  ) );
#4803 = ORIENTED_EDGE('',*,*,#4804,.F.);
#4804 = EDGE_CURVE('',#4805,#4782,#4807,.T.);
#4805 = VERTEX_POINT('',#4806);
#4806 = CARTESIAN_POINT('',(5.4,-43.7,-12.));
#4807 = SURFACE_CURVE('',#4808,(#4812,#4819),.PCURVE_S1.);
#4808 = LINE('',#4809,#4810);
#4809 = CARTESIAN_POINT('',(5.4,-43.7,-12.));
#4810 = VECTOR('',#4811,1.E+03);
#4811 = DIRECTION('',(0.,0.,1.));
#4812 = PCURVE('',#4754,#4813);
#4813 = DEFINITIONAL_REPRESENTATION('',(#4814),#4818);
#4814 = LINE('',#4815,#4816);
#4815 = CARTESIAN_POINT('',(10.8,0.));
#4816 = VECTOR('',#4817,1.);
#4817 = DIRECTION('',(0.,-1.));
#4818 = ( GEOMETRIC_REPRESENTATION_CONTEXT(2) 
PARAMETRIC_REPRESENTATION_CONTEXT() REPRESENTATION_CONTEXT('2D SPACE',''
  ) );
#4819 = PCURVE('',#4820,#4828);
#4820 = SURFACE_OF_LINEAR_EXTRUSION('',#4821,#4826);
#4821 = ELLIPSE('',#4822,43.7,43.7);
#4822 = AXIS2_PLACEMENT_3D('',#4823,#4824,#4825);
#4823 = CARTESIAN_POINT('',(5.4,0.,-12.));
#4824 = DIRECTION('',(0.,0.,1.));
#4825 = DIRECTION('',(1.,0.,-0.));
#4826 = VECTOR('',#4827,1.E+03);
#4827 = DIRECTION('',(-0.,-0.,-1.));
#4828 = DEFINITIONAL_REPRESENTATION('',(#4829),#4833);
#4829 = LINE('',#4830,#4831);
#4830 = CARTESIAN_POINT('',(4.712388980385,0.));
#4831 = VECTOR('',#4832,1.);
#4832 = DIRECTION('',(0.,-1.));
#4833 = ( GEOMETRIC_REPRESENTATION_CONTEXT(2) 
PARAMETRIC_REPRESENTATION_CONTEXT() REPRESENTATION_CONTEXT('2D SPACE',''
  ) );
#4834 = ORIENTED_EDGE('',*,*,#4835,.F.);
#4835 = EDGE_CURVE('',#4744,#4805,#4836,.T.);
#4836 = SURFACE_CURVE('',#4837,(#4841,#4848),.PCURVE_S1.);
#4837 = LINE('',#4838,#4839);
#4838 = CARTESIAN_POINT('',(-5.4,-43.7,-12.));
#4839 = VECTOR('',#4840,1.E+03);
#4840 = DIRECTION('',(1.,0.,0.));
#4841 = PCURVE('',#4754,#4842);
#4842 = DEFINITIONAL_REPRESENTATION('',(#4843),#4847);
#4843 = LINE('',#4844,#4845);
#4844 = CARTESIAN_POINT('',(0.,0.));
#4845 = VECTOR('',#4846,1.);
#4846 = DIRECTION('',(1.,0.));
#4847 = ( GEOMETRIC_REPRESENTATION_CONTEXT(2) 
PARAMETRIC_REPRESENTATION_CONTEXT() REPRESENTATION_CONTEXT('2D SPACE',''
  ) );
#4848 = PCURVE('',#4449,#4849);
#4849 = DEFINITIONAL_REPRESENTATION('',(#4850),#4854);
#4850 = LINE('',#4851,#4852);
#4851 = CARTESIAN_POINT('',(-5.4,-43.7));
#4852 = VECTOR('',#4853,1.);
#4853 = DIRECTION('',(1.,0.));
#4854 = ( GEOMETRIC_REPRESENTATION_CONTEXT(2) 
PARAMETRIC_REPRESENTATION_CONTEXT() REPRESENTATION_CONTEXT('2D SPACE',''
  ) );
#4855 = ADVANCED_FACE('',(#4856),#4820,.T.);
#4856 = FACE_BOUND('',#4857,.T.);
#4857 = EDGE_LOOP('',(#4858,#4859,#4883,#4914));
#4858 = ORIENTED_EDGE('',*,*,#4804,.T.);
#4859 = ORIENTED_EDGE('',*,*,#4860,.T.);
#4860 = EDGE_CURVE('',#4782,#4861,#4863,.T.);
#4861 = VERTEX_POINT('',#4862);
#4862 = CARTESIAN_POINT('',(49.1,0.,-8.));
#4863 = SURFACE_CURVE('',#4864,(#4869,#4876),.PCURVE_S1.);
#4864 = ELLIPSE('',#4865,43.7,43.7);
#4865 = AXIS2_PLACEMENT_3D('',#4866,#4867,#4868);
#4866 = CARTESIAN_POINT('',(5.4,0.,-8.));
#4867 = DIRECTION('',(0.,0.,1.));
#4868 = DIRECTION('',(1.,0.,-0.));
#4869 = PCURVE('',#4820,#4870);
#4870 = DEFINITIONAL_REPRESENTATION('',(#4871),#4875);
#4871 = LINE('',#4872,#4873);
#4872 = CARTESIAN_POINT('',(0.,-4.E-03));
#4873 = VECTOR('',#4874,1.);
#4874 = DIRECTION('',(1.,0.));
#4875 = ( GEOMETRIC_REPRESENTATION_CONTEXT(2) 
PARAMETRIC_REPRESENTATION_CONTEXT() REPRESENTATION_CONTEXT('2D SPACE',''
  ) );
#4876 = PCURVE('',#4392,#4877);
#4877 = DEFINITIONAL_REPRESENTATION('',(#4878),#4882);
#4878 = CIRCLE('',#4879,43.7);
#4879 = AXIS2_PLACEMENT_2D('',#4880,#4881);
#4880 = CARTESIAN_POINT('',(5.4,1.099039201709E-15));
#4881 = DIRECTION('',(1.,0.));
#4882 = ( GEOMETRIC_REPRESENTATION_CONTEXT(2) 
PARAMETRIC_REPRESENTATION_CONTEXT() REPRESENTATION_CONTEXT('2D SPACE',''
  ) );
#4883 = ORIENTED_EDGE('',*,*,#4884,.F.);
#4884 = EDGE_CURVE('',#4885,#4861,#4887,.T.);
#4885 = VERTEX_POINT('',#4886);
#4886 = CARTESIAN_POINT('',(49.1,0.,-12.));
#4887 = SURFACE_CURVE('',#4888,(#4892,#4899),.PCURVE_S1.);
#4888 = LINE('',#4889,#4890);
#4889 = CARTESIAN_POINT('',(49.1,0.,-12.));
#4890 = VECTOR('',#4891,1.E+03);
#4891 = DIRECTION('',(0.,0.,1.));
#4892 = PCURVE('',#4820,#4893);
#4893 = DEFINITIONAL_REPRESENTATION('',(#4894),#4898);
#4894 = LINE('',#4895,#4896);
#4895 = CARTESIAN_POINT('',(6.28318530718,0.));
#4896 = VECTOR('',#4897,1.);
#4897 = DIRECTION('',(0.,-1.));
#4898 = ( GEOMETRIC_REPRESENTATION_CONTEXT(2) 
PARAMETRIC_REPRESENTATION_CONTEXT() REPRESENTATION_CONTEXT('2D SPACE',''
  ) );
#4899 = PCURVE('',#4900,#4908);
#4900 = SURFACE_OF_LINEAR_EXTRUSION('',#4901,#4906);
#4901 = ELLIPSE('',#4902,43.7,43.7);
#4902 = AXIS2_PLACEMENT_3D('',#4903,#4904,#4905);
#4903 = CARTESIAN_POINT('',(5.4,0.,-12.));
#4904 = DIRECTION('',(0.,0.,1.));
#4905 = DIRECTION('',(1.,0.,-0.));
#4906 = VECTOR('',#4907,1.E+03);
#4907 = DIRECTION('',(-0.,-0.,-1.));
#4908 = DEFINITIONAL_REPRESENTATION('',(#4909),#4913);
#4909 = LINE('',#4910,#4911);
#4910 = CARTESIAN_POINT('',(0.,0.));
#4911 = VECTOR('',#4912,1.);
#4912 = DIRECTION('',(0.,-1.));
#4913 = ( GEOMETRIC_REPRESENTATION_CONTEXT(2) 
PARAMETRIC_REPRESENTATION_CONTEXT() REPRESENTATION_CONTEXT('2D SPACE',''
  ) );
#4914 = ORIENTED_EDGE('',*,*,#4915,.F.);
#4915 = EDGE_CURVE('',#4805,#4885,#4916,.T.);
#4916 = SURFACE_CURVE('',#4917,(#4922,#4929),.PCURVE_S1.);
#4917 = ELLIPSE('',#4918,43.7,43.7);
#4918 = AXIS2_PLACEMENT_3D('',#4919,#4920,#4921);
#4919 = CARTESIAN_POINT('',(5.4,0.,-12.));
#4920 = DIRECTION('',(0.,0.,1.));
#4921 = DIRECTION('',(1.,0.,-0.));
#4922 = PCURVE('',#4820,#4923);
#4923 = DEFINITIONAL_REPRESENTATION('',(#4924),#4928);
#4924 = LINE('',#4925,#4926);
#4925 = CARTESIAN_POINT('',(0.,0.));
#4926 = VECTOR('',#4927,1.);
#4927 = DIRECTION('',(1.,0.));
#4928 = ( GEOMETRIC_REPRESENTATION_CONTEXT(2) 
PARAMETRIC_REPRESENTATION_CONTEXT() REPRESENTATION_CONTEXT('2D SPACE',''
  ) );
#4929 = PCURVE('',#4449,#4930);
#4930 = DEFINITIONAL_REPRESENTATION('',(#4931),#4935);
#4931 = CIRCLE('',#4932,43.7);
#4932 = AXIS2_PLACEMENT_2D('',#4933,#4934);
#4933 = CARTESIAN_POINT('',(5.4,1.099039201709E-15));
#4934 = DIRECTION('',(1.,0.));
#4935 = ( GEOMETRIC_REPRESENTATION_CONTEXT(2) 
PARAMETRIC_REPRESENTATION_CONTEXT() REPRESENTATION_CONTEXT('2D SPACE',''
  ) );
#4936 = ADVANCED_FACE('',(#4937),#4900,.T.);
#4937 = FACE_BOUND('',#4938,.T.);
#4938 = EDGE_LOOP('',(#4939,#4940,#4964,#4992));
#4939 = ORIENTED_EDGE('',*,*,#4884,.T.);
#4940 = ORIENTED_EDGE('',*,*,#4941,.T.);
#4941 = EDGE_CURVE('',#4861,#4942,#4944,.T.);
#4942 = VERTEX_POINT('',#4943);
#4943 = CARTESIAN_POINT('',(5.4,43.7,-8.));
#4944 = SURFACE_CURVE('',#4945,(#4950,#4957),.PCURVE_S1.);
#4945 = ELLIPSE('',#4946,43.7,43.7);
#4946 = AXIS2_PLACEMENT_3D('',#4947,#4948,#4949);
#4947 = CARTESIAN_POINT('',(5.4,0.,-8.));
#4948 = DIRECTION('',(0.,0.,1.));
#4949 = DIRECTION('',(1.,0.,-0.));
#4950 = PCURVE('',#4900,#4951);
#4951 = DEFINITIONAL_REPRESENTATION('',(#4952),#4956);
#4952 = LINE('',#4953,#4954);
#4953 = CARTESIAN_POINT('',(0.,-4.E-03));
#4954 = VECTOR('',#4955,1.);
#4955 = DIRECTION('',(1.,0.));
#4956 = ( GEOMETRIC_REPRESENTATION_CONTEXT(2) 
PARAMETRIC_REPRESENTATION_CONTEXT() REPRESENTATION_CONTEXT('2D SPACE',''
  ) );
#4957 = PCURVE('',#4392,#4958);
#4958 = DEFINITIONAL_REPRESENTATION('',(#4959),#4963);
#4959 = CIRCLE('',#4960,43.7);
#4960 = AXIS2_PLACEMENT_2D('',#4961,#4962);
#4961 = CARTESIAN_POINT('',(5.4,1.099039201709E-15));
#4962 = DIRECTION('',(1.,0.));
#4963 = ( GEOMETRIC_REPRESENTATION_CONTEXT(2) 
PARAMETRIC_REPRESENTATION_CONTEXT() REPRESENTATION_CONTEXT('2D SPACE',''
  ) );
#4964 = ORIENTED_EDGE('',*,*,#4965,.F.);
#4965 = EDGE_CURVE('',#4966,#4942,#4968,.T.);
#4966 = VERTEX_POINT('',#4967);
#4967 = CARTESIAN_POINT('',(5.4,43.7,-12.));
#4968 = SURFACE_CURVE('',#4969,(#4973,#4980),.PCURVE_S1.);
#4969 = LINE('',#4970,#4971);
#4970 = CARTESIAN_POINT('',(5.4,43.7,-12.));
#4971 = VECTOR('',#4972,1.E+03);
#4972 = DIRECTION('',(0.,0.,1.));
#4973 = PCURVE('',#4900,#4974);
#4974 = DEFINITIONAL_REPRESENTATION('',(#4975),#4979);
#4975 = LINE('',#4976,#4977);
#4976 = CARTESIAN_POINT('',(1.570796326795,0.));
#4977 = VECTOR('',#4978,1.);
#4978 = DIRECTION('',(0.,-1.));
#4979 = ( GEOMETRIC_REPRESENTATION_CONTEXT(2) 
PARAMETRIC_REPRESENTATION_CONTEXT() REPRESENTATION_CONTEXT('2D SPACE',''
  ) );
#4980 = PCURVE('',#4981,#4986);
#4981 = PLANE('',#4982);
#4982 = AXIS2_PLACEMENT_3D('',#4983,#4984,#4985);
#4983 = CARTESIAN_POINT('',(5.4,43.7,-12.));
#4984 = DIRECTION('',(0.,-1.,0.));
#4985 = DIRECTION('',(-1.,0.,0.));
#4986 = DEFINITIONAL_REPRESENTATION('',(#4987),#4991);
#4987 = LINE('',#4988,#4989);
#4988 = CARTESIAN_POINT('',(0.,-0.));
#4989 = VECTOR('',#4990,1.);
#4990 = DIRECTION('',(0.,-1.));
#4991 = ( GEOMETRIC_REPRESENTATION_CONTEXT(2) 
PARAMETRIC_REPRESENTATION_CONTEXT() REPRESENTATION_CONTEXT('2D SPACE',''
  ) );
#4992 = ORIENTED_EDGE('',*,*,#4993,.F.);
#4993 = EDGE_CURVE('',#4885,#4966,#4994,.T.);
#4994 = SURFACE_CURVE('',#4995,(#5000,#5007),.PCURVE_S1.);
#4995 = ELLIPSE('',#4996,43.7,43.7);
#4996 = AXIS2_PLACEMENT_3D('',#4997,#4998,#4999);
#4997 = CARTESIAN_POINT('',(5.4,0.,-12.));
#4998 = DIRECTION('',(0.,0.,1.));
#4999 = DIRECTION('',(1.,0.,-0.));
#5000 = PCURVE('',#4900,#5001);
#5001 = DEFINITIONAL_REPRESENTATION('',(#5002),#5006);
#5002 = LINE('',#5003,#5004);
#5003 = CARTESIAN_POINT('',(0.,0.));
#5004 = VECTOR('',#5005,1.);
#5005 = DIRECTION('',(1.,0.));
#5006 = ( GEOMETRIC_REPRESENTATION_CONTEXT(2) 
PARAMETRIC_REPRESENTATION_CONTEXT() REPRESENTATION_CONTEXT('2D SPACE',''
  ) );
#5007 = PCURVE('',#4449,#5008);
#5008 = DEFINITIONAL_REPRESENTATION('',(#5009),#5013);
#5009 = CIRCLE('',#5010,43.7);
#5010 = AXIS2_PLACEMENT_2D('',#5011,#5012);
#5011 = CARTESIAN_POINT('',(5.4,1.099039201709E-15));
#5012 = DIRECTION('',(1.,0.));
#5013 = ( GEOMETRIC_REPRESENTATION_CONTEXT(2) 
PARAMETRIC_REPRESENTATION_CONTEXT() REPRESENTATION_CONTEXT('2D SPACE',''
  ) );
#5014 = ADVANCED_FACE('',(#5015),#4981,.T.);
#5015 = FACE_BOUND('',#5016,.T.);
#5016 = EDGE_LOOP('',(#5017,#5018,#5041,#5064));
#5017 = ORIENTED_EDGE('',*,*,#4965,.T.);
#5018 = ORIENTED_EDGE('',*,*,#5019,.T.);
#5019 = EDGE_CURVE('',#4942,#5020,#5022,.T.);
#5020 = VERTEX_POINT('',#5021);
#5021 = CARTESIAN_POINT('',(-5.4,43.7,-8.));
#5022 = SURFACE_CURVE('',#5023,(#5027,#5034),.PCURVE_S1.);
#5023 = LINE('',#5024,#5025);
#5024 = CARTESIAN_POINT('',(5.4,43.7,-8.));
#5025 = VECTOR('',#5026,1.E+03);
#5026 = DIRECTION('',(-1.,0.,0.));
#5027 = PCURVE('',#4981,#5028);
#5028 = DEFINITIONAL_REPRESENTATION('',(#5029),#5033);
#5029 = LINE('',#5030,#5031);
#5030 = CARTESIAN_POINT('',(0.,-4.));
#5031 = VECTOR('',#5032,1.);
#5032 = DIRECTION('',(1.,0.));
#5033 = ( GEOMETRIC_REPRESENTATION_CONTEXT(2) 
PARAMETRIC_REPRESENTATION_CONTEXT() REPRESENTATION_CONTEXT('2D SPACE',''
  ) );
#5034 = PCURVE('',#4392,#5035);
#5035 = DEFINITIONAL_REPRESENTATION('',(#5036),#5040);
#5036 = LINE('',#5037,#5038);
#5037 = CARTESIAN_POINT('',(5.4,43.7));
#5038 = VECTOR('',#5039,1.);
#5039 = DIRECTION('',(-1.,0.));
#5040 = ( GEOMETRIC_REPRESENTATION_CONTEXT(2) 
PARAMETRIC_REPRESENTATION_CONTEXT() REPRESENTATION_CONTEXT('2D SPACE',''
  ) );
#5041 = ORIENTED_EDGE('',*,*,#5042,.F.);
#5042 = EDGE_CURVE('',#5043,#5020,#5045,.T.);
#5043 = VERTEX_POINT('',#5044);
#5044 = CARTESIAN_POINT('',(-5.4,43.7,-12.));
#5045 = SURFACE_CURVE('',#5046,(#5050,#5057),.PCURVE_S1.);
#5046 = LINE('',#5047,#5048);
#5047 = CARTESIAN_POINT('',(-5.4,43.7,-12.));
#5048 = VECTOR('',#5049,1.E+03);
#5049 = DIRECTION('',(0.,0.,1.));
#5050 = PCURVE('',#4981,#5051);
#5051 = DEFINITIONAL_REPRESENTATION('',(#5052),#5056);
#5052 = LINE('',#5053,#5054);
#5053 = CARTESIAN_POINT('',(10.8,0.));
#5054 = VECTOR('',#5055,1.);
#5055 = DIRECTION('',(0.,-1.));
#5056 = ( GEOMETRIC_REPRESENTATION_CONTEXT(2) 
PARAMETRIC_REPRESENTATION_CONTEXT() REPRESENTATION_CONTEXT('2D SPACE',''
  ) );
#5057 = PCURVE('',#4766,#5058);
#5058 = DEFINITIONAL_REPRESENTATION('',(#5059),#5063);
#5059 = LINE('',#5060,#5061);
#5060 = CARTESIAN_POINT('',(1.570796326795,0.));
#5061 = VECTOR('',#5062,1.);
#5062 = DIRECTION('',(0.,-1.));
#5063 = ( GEOMETRIC_REPRESENTATION_CONTEXT(2) 
PARAMETRIC_REPRESENTATION_CONTEXT() REPRESENTATION_CONTEXT('2D SPACE',''
  ) );
#5064 = ORIENTED_EDGE('',*,*,#5065,.F.);
#5065 = EDGE_CURVE('',#4966,#5043,#5066,.T.);
#5066 = SURFACE_CURVE('',#5067,(#5071,#5078),.PCURVE_S1.);
#5067 = LINE('',#5068,#5069);
#5068 = CARTESIAN_POINT('',(5.4,43.7,-12.));
#5069 = VECTOR('',#5070,1.E+03);
#5070 = DIRECTION('',(-1.,0.,0.));
#5071 = PCURVE('',#4981,#5072);
#5072 = DEFINITIONAL_REPRESENTATION('',(#5073),#5077);
#5073 = LINE('',#5074,#5075);
#5074 = CARTESIAN_POINT('',(0.,-0.));
#5075 = VECTOR('',#5076,1.);
#5076 = DIRECTION('',(1.,0.));
#5077 = ( GEOMETRIC_REPRESENTATION_CONTEXT(2) 
PARAMETRIC_REPRESENTATION_CONTEXT() REPRESENTATION_CONTEXT('2D SPACE',''
  ) );
#5078 = PCURVE('',#4449,#5079);
#5079 = DEFINITIONAL_REPRESENTATION('',(#5080),#5084);
#5080 = LINE('',#5081,#5082);
#5081 = CARTESIAN_POINT('',(5.4,43.7));
#5082 = VECTOR('',#5083,1.);
#5083 = DIRECTION('',(-1.,0.));
#5084 = ( GEOMETRIC_REPRESENTATION_CONTEXT(2) 
PARAMETRIC_REPRESENTATION_CONTEXT() REPRESENTATION_CONTEXT('2D SPACE',''
  ) );
#5085 = ADVANCED_FACE('',(#5086),#4766,.T.);
#5086 = FACE_BOUND('',#5087,.T.);
#5087 = EDGE_LOOP('',(#5088,#5089,#5111,#5112));
#5088 = ORIENTED_EDGE('',*,*,#5042,.T.);
#5089 = ORIENTED_EDGE('',*,*,#5090,.T.);
#5090 = EDGE_CURVE('',#5020,#4746,#5091,.T.);
#5091 = SURFACE_CURVE('',#5092,(#5097,#5104),.PCURVE_S1.);
#5092 = ELLIPSE('',#5093,43.7,43.7);
#5093 = AXIS2_PLACEMENT_3D('',#5094,#5095,#5096);
#5094 = CARTESIAN_POINT('',(-5.4,0.,-8.));
#5095 = DIRECTION('',(0.,0.,1.));
#5096 = DIRECTION('',(1.,0.,-0.));
#5097 = PCURVE('',#4766,#5098);
#5098 = DEFINITIONAL_REPRESENTATION('',(#5099),#5103);
#5099 = LINE('',#5100,#5101);
#5100 = CARTESIAN_POINT('',(0.,-4.E-03));
#5101 = VECTOR('',#5102,1.);
#5102 = DIRECTION('',(1.,0.));
#5103 = ( GEOMETRIC_REPRESENTATION_CONTEXT(2) 
PARAMETRIC_REPRESENTATION_CONTEXT() REPRESENTATION_CONTEXT('2D SPACE',''
  ) );
#5104 = PCURVE('',#4392,#5105);
#5105 = DEFINITIONAL_REPRESENTATION('',(#5106),#5110);
#5106 = CIRCLE('',#5107,43.7);
#5107 = AXIS2_PLACEMENT_2D('',#5108,#5109);
#5108 = CARTESIAN_POINT('',(-5.4,1.099039201709E-15));
#5109 = DIRECTION('',(1.,0.));
#5110 = ( GEOMETRIC_REPRESENTATION_CONTEXT(2) 
PARAMETRIC_REPRESENTATION_CONTEXT() REPRESENTATION_CONTEXT('2D SPACE',''
  ) );
#5111 = ORIENTED_EDGE('',*,*,#4743,.F.);
#5112 = ORIENTED_EDGE('',*,*,#5113,.F.);
#5113 = EDGE_CURVE('',#5043,#4744,#5114,.T.);
#5114 = SURFACE_CURVE('',#5115,(#5120,#5127),.PCURVE_S1.);
#5115 = ELLIPSE('',#5116,43.7,43.7);
#5116 = AXIS2_PLACEMENT_3D('',#5117,#5118,#5119);
#5117 = CARTESIAN_POINT('',(-5.4,0.,-12.));
#5118 = DIRECTION('',(0.,0.,1.));
#5119 = DIRECTION('',(1.,0.,-0.));
#5120 = PCURVE('',#4766,#5121);
#5121 = DEFINITIONAL_REPRESENTATION('',(#5122),#5126);
#5122 = LINE('',#5123,#5124);
#5123 = CARTESIAN_POINT('',(0.,0.));
#5124 = VECTOR('',#5125,1.);
#5125 = DIRECTION('',(1.,0.));
#5126 = ( GEOMETRIC_REPRESENTATION_CONTEXT(2) 
PARAMETRIC_REPRESENTATION_CONTEXT() REPRESENTATION_CONTEXT('2D SPACE',''
  ) );
#5127 = PCURVE('',#4449,#5128);
#5128 = DEFINITIONAL_REPRESENTATION('',(#5129),#5133);
#5129 = CIRCLE('',#5130,43.7);
#5130 = AXIS2_PLACEMENT_2D('',#5131,#5132);
#5131 = CARTESIAN_POINT('',(-5.4,1.099039201709E-15));
#5132 = DIRECTION('',(1.,0.));
#5133 = ( GEOMETRIC_REPRESENTATION_CONTEXT(2) 
PARAMETRIC_REPRESENTATION_CONTEXT() REPRESENTATION_CONTEXT('2D SPACE',''
  ) );
#5134 = ADVANCED_FACE('',(#5135,#5142),#4449,.F.);
#5135 = FACE_BOUND('',#5136,.F.);
#5136 = EDGE_LOOP('',(#5137,#5138,#5139,#5140,#5141));
#5137 = ORIENTED_EDGE('',*,*,#4435,.T.);
#5138 = ORIENTED_EDGE('',*,*,#4598,.T.);
#5139 = ORIENTED_EDGE('',*,*,#4718,.T.);
#5140 = ORIENTED_EDGE('',*,*,#4670,.T.);
#5141 = ORIENTED_EDGE('',*,*,#4517,.T.);
#5142 = FACE_BOUND('',#5143,.F.);
#5143 = EDGE_LOOP('',(#5144,#5145,#5146,#5147,#5148));
#5144 = ORIENTED_EDGE('',*,*,#4835,.F.);
#5145 = ORIENTED_EDGE('',*,*,#5113,.F.);
#5146 = ORIENTED_EDGE('',*,*,#5065,.F.);
#5147 = ORIENTED_EDGE('',*,*,#4993,.F.);
#5148 = ORIENTED_EDGE('',*,*,#4915,.F.);
#5149 = ADVANCED_FACE('',(#5150,#5157),#4392,.T.);
#5150 = FACE_BOUND('',#5151,.T.);
#5151 = EDGE_LOOP('',(#5152,#5153,#5154,#5155,#5156));
#5152 = ORIENTED_EDGE('',*,*,#4376,.T.);
#5153 = ORIENTED_EDGE('',*,*,#4543,.T.);
#5154 = ORIENTED_EDGE('',*,*,#4695,.T.);
#5155 = ORIENTED_EDGE('',*,*,#4648,.T.);
#5156 = ORIENTED_EDGE('',*,*,#4494,.T.);
#5157 = FACE_BOUND('',#5158,.T.);
#5158 = EDGE_LOOP('',(#5159,#5160,#5161,#5162,#5163));
#5159 = ORIENTED_EDGE('',*,*,#4781,.F.);
#5160 = ORIENTED_EDGE('',*,*,#5090,.F.);
#5161 = ORIENTED_EDGE('',*,*,#5019,.F.);
#5162 = ORIENTED_EDGE('',*,*,#4941,.F.);
#5163 = ORIENTED_EDGE('',*,*,#4860,.F.);
#5164 = ( GEOMETRIC_REPRESENTATION_CONTEXT(3) 
GLOBAL_UNCERTAINTY_ASSIGNED_CONTEXT((#5168)) 
GLOBAL_UNIT_ASSIGNED_CONTEXT((#5165,#5166,#5167)) REPRESENTATION_CONTEXT
('Context #1','3D Context with UNIT and UNCERTAINTY') );
#5165 = ( LENGTH_UNIT() NAMED_UNIT(*) SI_UNIT(.MILLI.,.METRE.) );
#5166 = ( NAMED_UNIT(*) PLANE_ANGLE_UNIT() SI_UNIT($,.RADIAN.) );
#5167 = ( NAMED_UNIT(*) SI_UNIT($,.STERADIAN.) SOLID_ANGLE_UNIT() );
#5168 = UNCERTAINTY_MEASURE_WITH_UNIT(LENGTH_MEASURE(1.E-04),#5165,
  'distance_accuracy_value','confusion accuracy');
#5169 = CONTEXT_DEPENDENT_SHAPE_REPRESENTATION(#5170,#5172);
#5170 = ( REPRESENTATION_RELATIONSHIP('','',#4331,#10) 
REPRESENTATION_RELATIONSHIP_WITH_TRANSFORMATION(#5171) 
SHAPE_REPRESENTATION_RELATIONSHIP() );
#5171 = ITEM_DEFINED_TRANSFORMATION('','',#11,#35);
#5172 = PRODUCT_DEFINITION_SHAPE('Placement','Placement of an item',
  #5173);
#5173 = NEXT_ASSEMBLY_USAGE_OCCURRENCE('6','','',#5,#4326,$);
#5174 = PRODUCT_RELATED_PRODUCT_CATEGORY('part',$,(#4328));
#5175 = SHAPE_DEFINITION_REPRESENTATION(#5176,#5182);
#5176 = PRODUCT_DEFINITION_SHAPE('','',#5177);
#5177 = PRODUCT_DEFINITION('design','',#5178,#5181);
#5178 = PRODUCT_DEFINITION_FORMATION('','',#5179);
#5179 = PRODUCT('Open CASCADE STEP translator 7.9 1.7',
  'Open CASCADE STEP translator 7.9 1.7','',(#5180));
#5180 = PRODUCT_CONTEXT('',#2,'mechanical');
#5181 = PRODUCT_DEFINITION_CONTEXT('part definition',#2,'design');
#5182 = ADVANCED_BREP_SHAPE_REPRESENTATION('',(#11,#5183),#5987);
#5183 = MANIFOLD_SOLID_BREP('',#5184);
#5184 = CLOSED_SHELL('',(#5185,#5303,#5389,#5466,#5529,#5576,#5684,#5761
    ,#5835,#5898,#5957,#5972));
#5185 = ADVANCED_FACE('',(#5186),#5199,.T.);
#5186 = FACE_BOUND('',#5187,.T.);
#5187 = EDGE_LOOP('',(#5188,#5227,#5252,#5280));
#5188 = ORIENTED_EDGE('',*,*,#5189,.T.);
#5189 = EDGE_CURVE('',#5190,#5192,#5194,.T.);
#5190 = VERTEX_POINT('',#5191);
#5191 = CARTESIAN_POINT('',(-5.4,-43.925,19.4));
#5192 = VERTEX_POINT('',#5193);
#5193 = CARTESIAN_POINT('',(-5.4,-43.925,15.4));
#5194 = SURFACE_CURVE('',#5195,(#5198,#5209),.PCURVE_S1.);
#5195 = B_SPLINE_CURVE_WITH_KNOTS('',1,(#5196,#5197),.UNSPECIFIED.,.F.,
  .F.,(2,2),(0.,4.E-03),.PIECEWISE_BEZIER_KNOTS.);
#5196 = CARTESIAN_POINT('',(-5.4,-43.925,19.4));
#5197 = CARTESIAN_POINT('',(-5.4,-43.925,15.4));
#5198 = PCURVE('',#5199,#5204);
#5199 = B_SPLINE_SURFACE_WITH_KNOTS('',1,1,(
    (#5200,#5201)
    ,(#5202,#5203
  )),.UNSPECIFIED.,.F.,.F.,.F.,(2,2),(2,2),(0.,1.08E-02),(-4.E-03,0.),
  .PIECEWISE_BEZIER_KNOTS.);
#5200 = CARTESIAN_POINT('',(-5.4,-43.925,15.4));
#5201 = CARTESIAN_POINT('',(-5.4,-43.925,19.4));
#5202 = CARTESIAN_POINT('',(5.4,-43.925,15.4));
#5203 = CARTESIAN_POINT('',(5.4,-43.925,19.4));
#5204 = DEFINITIONAL_REPRESENTATION('',(#5205),#5208);
#5205 = B_SPLINE_CURVE_WITH_KNOTS('',1,(#5206,#5207),.UNSPECIFIED.,.F.,
  .F.,(2,2),(0.,4.E-03),.PIECEWISE_BEZIER_KNOTS.);
#5206 = CARTESIAN_POINT('',(0.,0.));
#5207 = CARTESIAN_POINT('',(0.,-4.E-03));
#5208 = ( GEOMETRIC_REPRESENTATION_CONTEXT(2) 
PARAMETRIC_REPRESENTATION_CONTEXT() REPRESENTATION_CONTEXT('2D SPACE',''
  ) );
#5209 = PCURVE('',#5210,#5221);
#5210 = ( BOUNDED_SURFACE() B_SPLINE_SURFACE(2,1,(
    (#5211,#5212)
    ,(#5213,#5214)
    ,(#5215,#5216)
    ,(#5217,#5218)
    ,(#5219,#5220
)),.UNSPECIFIED.,.F.,.F.,.F.) B_SPLINE_SURFACE_WITH_KNOTS((3,2,3),(2,2),
  (1.570796326795,3.14159265359,4.712388980385),(-4.E-03,0.),
.PIECEWISE_BEZIER_KNOTS.) GEOMETRIC_REPRESENTATION_ITEM() 
RATIONAL_B_SPLINE_SURFACE((
    (1.,1.)
    ,(0.707106781187,0.707106781187)
    ,(1.,1.)
    ,(0.707106781187,0.707106781187)
,(1.,1.))) REPRESENTATION_ITEM('') SURFACE() );
#5211 = CARTESIAN_POINT('',(-5.4,43.925,15.4));
#5212 = CARTESIAN_POINT('',(-5.4,43.925,19.4));
#5213 = CARTESIAN_POINT('',(-49.325,43.925,15.4));
#5214 = CARTESIAN_POINT('',(-49.325,43.925,19.4));
#5215 = CARTESIAN_POINT('',(-49.325,5.379261065255E-15,15.4));
#5216 = CARTESIAN_POINT('',(-49.325,5.379261065255E-15,19.4));
#5217 = CARTESIAN_POINT('',(-49.325,-43.925,15.4));
#5218 = CARTESIAN_POINT('',(-49.325,-43.925,19.4));
#5219 = CARTESIAN_POINT('',(-5.4,-43.925,15.4));
#5220 = CARTESIAN_POINT('',(-5.4,-43.925,19.4));
#5221 = DEFINITIONAL_REPRESENTATION('',(#5222),#5226);
#5222 = B_SPLINE_CURVE_WITH_KNOTS('',2,(#5223,#5224,#5225),
  .UNSPECIFIED.,.F.,.F.,(3,3),(0.,4.E-03),.PIECEWISE_BEZIER_KNOTS.);
#5223 = CARTESIAN_POINT('',(4.712388980385,0.));
#5224 = CARTESIAN_POINT('',(4.712388980385,-2.E-03));
#5225 = CARTESIAN_POINT('',(4.712388980385,-4.E-03));
#5226 = ( GEOMETRIC_REPRESENTATION_CONTEXT(2) 
PARAMETRIC_REPRESENTATION_CONTEXT() REPRESENTATION_CONTEXT('2D SPACE',''
  ) );
#5227 = ORIENTED_EDGE('',*,*,#5228,.T.);
#5228 = EDGE_CURVE('',#5192,#5229,#5231,.T.);
#5229 = VERTEX_POINT('',#5230);
#5230 = CARTESIAN_POINT('',(5.4,-43.925,15.4));
#5231 = SURFACE_CURVE('',#5232,(#5235,#5241),.PCURVE_S1.);
#5232 = B_SPLINE_CURVE_WITH_KNOTS('',1,(#5233,#5234),.UNSPECIFIED.,.F.,
  .F.,(2,2),(0.,1.08E-02),.PIECEWISE_BEZIER_KNOTS.);
#5233 = CARTESIAN_POINT('',(-5.4,-43.925,15.4));
#5234 = CARTESIAN_POINT('',(5.4,-43.925,15.4));
#5235 = PCURVE('',#5199,#5236);
#5236 = DEFINITIONAL_REPRESENTATION('',(#5237),#5240);
#5237 = B_SPLINE_CURVE_WITH_KNOTS('',1,(#5238,#5239),.UNSPECIFIED.,.F.,
  .F.,(2,2),(0.,1.08E-02),.PIECEWISE_BEZIER_KNOTS.);
#5238 = CARTESIAN_POINT('',(0.,-4.E-03));
#5239 = CARTESIAN_POINT('',(1.08E-02,-4.E-03));
#5240 = ( GEOMETRIC_REPRESENTATION_CONTEXT(2) 
PARAMETRIC_REPRESENTATION_CONTEXT() REPRESENTATION_CONTEXT('2D SPACE',''
  ) );
#5241 = PCURVE('',#5242,#5247);
#5242 = B_SPLINE_SURFACE_WITH_KNOTS('',1,1,(
    (#5243,#5244)
    ,(#5245,#5246
    )),.UNSPECIFIED.,.F.,.F.,.F.,(2,2),(2,2),(-4.9325E-02,4.9325E-02),(
    -4.3925E-02,4.3925E-02),.PIECEWISE_BEZIER_KNOTS.);
#5243 = CARTESIAN_POINT('',(-49.325,-43.925,15.4));
#5244 = CARTESIAN_POINT('',(-49.325,43.925,15.4));
#5245 = CARTESIAN_POINT('',(49.325,-43.925,15.4));
#5246 = CARTESIAN_POINT('',(49.325,43.925,15.4));
#5247 = DEFINITIONAL_REPRESENTATION('',(#5248),#5251);
#5248 = B_SPLINE_CURVE_WITH_KNOTS('',1,(#5249,#5250),.UNSPECIFIED.,.F.,
  .F.,(2,2),(0.,1.08E-02),.PIECEWISE_BEZIER_KNOTS.);
#5249 = CARTESIAN_POINT('',(-5.4E-03,-4.3925E-02));
#5250 = CARTESIAN_POINT('',(5.4E-03,-4.3925E-02));
#5251 = ( GEOMETRIC_REPRESENTATION_CONTEXT(2) 
PARAMETRIC_REPRESENTATION_CONTEXT() REPRESENTATION_CONTEXT('2D SPACE',''
  ) );
#5252 = ORIENTED_EDGE('',*,*,#5253,.F.);
#5253 = EDGE_CURVE('',#5254,#5229,#5256,.T.);
#5254 = VERTEX_POINT('',#5255);
#5255 = CARTESIAN_POINT('',(5.4,-43.925,19.4));
#5256 = SURFACE_CURVE('',#5257,(#5260,#5266),.PCURVE_S1.);
#5257 = B_SPLINE_CURVE_WITH_KNOTS('',1,(#5258,#5259),.UNSPECIFIED.,.F.,
  .F.,(2,2),(0.,4.E-03),.PIECEWISE_BEZIER_KNOTS.);
#5258 = CARTESIAN_POINT('',(5.4,-43.925,19.4));
#5259 = CARTESIAN_POINT('',(5.4,-43.925,15.4));
#5260 = PCURVE('',#5199,#5261);
#5261 = DEFINITIONAL_REPRESENTATION('',(#5262),#5265);
#5262 = B_SPLINE_CURVE_WITH_KNOTS('',1,(#5263,#5264),.UNSPECIFIED.,.F.,
  .F.,(2,2),(0.,4.E-03),.PIECEWISE_BEZIER_KNOTS.);
#5263 = CARTESIAN_POINT('',(1.08E-02,0.));
#5264 = CARTESIAN_POINT('',(1.08E-02,-4.E-03));
#5265 = ( GEOMETRIC_REPRESENTATION_CONTEXT(2) 
PARAMETRIC_REPRESENTATION_CONTEXT() REPRESENTATION_CONTEXT('2D SPACE',''
  ) );
#5266 = PCURVE('',#5267,#5274);
#5267 = ( BOUNDED_SURFACE() B_SPLINE_SURFACE(2,1,(
    (#5268,#5269)
    ,(#5270,#5271)
    ,(#5272,#5273
)),.UNSPECIFIED.,.F.,.F.,.F.) B_SPLINE_SURFACE_WITH_KNOTS((3,3),(2,2),(
    4.712388980385,6.28318530718),(-4.E-03,0.),
.PIECEWISE_BEZIER_KNOTS.) GEOMETRIC_REPRESENTATION_ITEM() 
RATIONAL_B_SPLINE_SURFACE((
    (1.,1.)
    ,(0.707106781187,0.707106781187)
,(1.,1.))) REPRESENTATION_ITEM('') SURFACE() );
#5268 = CARTESIAN_POINT('',(5.4,-43.925,15.4));
#5269 = CARTESIAN_POINT('',(5.4,-43.925,19.4));
#5270 = CARTESIAN_POINT('',(49.325,-43.925,15.4));
#5271 = CARTESIAN_POINT('',(49.325,-43.925,19.4));
#5272 = CARTESIAN_POINT('',(49.325,-1.075852213051E-14,15.4));
#5273 = CARTESIAN_POINT('',(49.325,-1.075852213051E-14,19.4));
#5274 = DEFINITIONAL_REPRESENTATION('',(#5275),#5279);
#5275 = B_SPLINE_CURVE_WITH_KNOTS('',2,(#5276,#5277,#5278),
  .UNSPECIFIED.,.F.,.F.,(3,3),(0.,4.E-03),.PIECEWISE_BEZIER_KNOTS.);
#5276 = CARTESIAN_POINT('',(4.712388980385,0.));
#5277 = CARTESIAN_POINT('',(4.712388980385,-2.E-03));
#5278 = CARTESIAN_POINT('',(4.712388980385,-4.E-03));
#5279 = ( GEOMETRIC_REPRESENTATION_CONTEXT(2) 
PARAMETRIC_REPRESENTATION_CONTEXT() REPRESENTATION_CONTEXT('2D SPACE',''
  ) );
#5280 = ORIENTED_EDGE('',*,*,#5281,.F.);
#5281 = EDGE_CURVE('',#5190,#5254,#5282,.T.);
#5282 = SURFACE_CURVE('',#5283,(#5286,#5292),.PCURVE_S1.);
#5283 = B_SPLINE_CURVE_WITH_KNOTS('',1,(#5284,#5285),.UNSPECIFIED.,.F.,
  .F.,(2,2),(0.,1.08E-02),.PIECEWISE_BEZIER_KNOTS.);
#5284 = CARTESIAN_POINT('',(-5.4,-43.925,19.4));
#5285 = CARTESIAN_POINT('',(5.4,-43.925,19.4));
#5286 = PCURVE('',#5199,#5287);
#5287 = DEFINITIONAL_REPRESENTATION('',(#5288),#5291);
#5288 = B_SPLINE_CURVE_WITH_KNOTS('',1,(#5289,#5290),.UNSPECIFIED.,.F.,
  .F.,(2,2),(0.,1.08E-02),.PIECEWISE_BEZIER_KNOTS.);
#5289 = CARTESIAN_POINT('',(0.,0.));
#5290 = CARTESIAN_POINT('',(1.08E-02,0.));
#5291 = ( GEOMETRIC_REPRESENTATION_CONTEXT(2) 
PARAMETRIC_REPRESENTATION_CONTEXT() REPRESENTATION_CONTEXT('2D SPACE',''
  ) );
#5292 = PCURVE('',#5293,#5298);
#5293 = B_SPLINE_SURFACE_WITH_KNOTS('',1,1,(
    (#5294,#5295)
    ,(#5296,#5297
    )),.UNSPECIFIED.,.F.,.F.,.F.,(2,2),(2,2),(-4.9325E-02,4.9325E-02),(
    -4.3925E-02,4.3925E-02),.PIECEWISE_BEZIER_KNOTS.);
#5294 = CARTESIAN_POINT('',(-49.325,-43.925,19.4));
#5295 = CARTESIAN_POINT('',(-49.325,43.925,19.4));
#5296 = CARTESIAN_POINT('',(49.325,-43.925,19.4));
#5297 = CARTESIAN_POINT('',(49.325,43.925,19.4));
#5298 = DEFINITIONAL_REPRESENTATION('',(#5299),#5302);
#5299 = B_SPLINE_CURVE_WITH_KNOTS('',1,(#5300,#5301),.UNSPECIFIED.,.F.,
  .F.,(2,2),(0.,1.08E-02),.PIECEWISE_BEZIER_KNOTS.);
#5300 = CARTESIAN_POINT('',(-5.4E-03,-4.3925E-02));
#5301 = CARTESIAN_POINT('',(5.4E-03,-4.3925E-02));
#5302 = ( GEOMETRIC_REPRESENTATION_CONTEXT(2) 
PARAMETRIC_REPRESENTATION_CONTEXT() REPRESENTATION_CONTEXT('2D SPACE',''
  ) );
#5303 = ADVANCED_FACE('',(#5304),#5210,.T.);
#5304 = FACE_BOUND('',#5305,.T.);
#5305 = EDGE_LOOP('',(#5306,#5334,#5361,#5362));
#5306 = ORIENTED_EDGE('',*,*,#5307,.T.);
#5307 = EDGE_CURVE('',#5308,#5310,#5312,.T.);
#5308 = VERTEX_POINT('',#5309);
#5309 = CARTESIAN_POINT('',(-5.4,43.925,19.4));
#5310 = VERTEX_POINT('',#5311);
#5311 = CARTESIAN_POINT('',(-5.4,43.925,15.4));
#5312 = SURFACE_CURVE('',#5313,(#5316,#5323),.PCURVE_S1.);
#5313 = B_SPLINE_CURVE_WITH_KNOTS('',1,(#5314,#5315),.UNSPECIFIED.,.F.,
  .F.,(2,2),(0.,4.E-03),.PIECEWISE_BEZIER_KNOTS.);
#5314 = CARTESIAN_POINT('',(-5.4,43.925,19.4));
#5315 = CARTESIAN_POINT('',(-5.4,43.925,15.4));
#5316 = PCURVE('',#5210,#5317);
#5317 = DEFINITIONAL_REPRESENTATION('',(#5318),#5322);
#5318 = B_SPLINE_CURVE_WITH_KNOTS('',2,(#5319,#5320,#5321),
  .UNSPECIFIED.,.F.,.F.,(3,3),(0.,4.E-03),.PIECEWISE_BEZIER_KNOTS.);
#5319 = CARTESIAN_POINT('',(1.570796326795,0.));
#5320 = CARTESIAN_POINT('',(1.570796326795,-2.E-03));
#5321 = CARTESIAN_POINT('',(1.570796326795,-4.E-03));
#5322 = ( GEOMETRIC_REPRESENTATION_CONTEXT(2) 
PARAMETRIC_REPRESENTATION_CONTEXT() REPRESENTATION_CONTEXT('2D SPACE',''
  ) );
#5323 = PCURVE('',#5324,#5329);
#5324 = B_SPLINE_SURFACE_WITH_KNOTS('',1,1,(
    (#5325,#5326)
    ,(#5327,#5328
  )),.UNSPECIFIED.,.F.,.F.,.F.,(2,2),(2,2),(0.,1.08E-02),(-4.E-03,0.),
  .PIECEWISE_BEZIER_KNOTS.);
#5325 = CARTESIAN_POINT('',(5.4,43.925,15.4));
#5326 = CARTESIAN_POINT('',(5.4,43.925,19.4));
#5327 = CARTESIAN_POINT('',(-5.4,43.925,15.4));
#5328 = CARTESIAN_POINT('',(-5.4,43.925,19.4));
#5329 = DEFINITIONAL_REPRESENTATION('',(#5330),#5333);
#5330 = B_SPLINE_CURVE_WITH_KNOTS('',1,(#5331,#5332),.UNSPECIFIED.,.F.,
  .F.,(2,2),(0.,4.E-03),.PIECEWISE_BEZIER_KNOTS.);
#5331 = CARTESIAN_POINT('',(1.08E-02,0.));
#5332 = CARTESIAN_POINT('',(1.08E-02,-4.E-03));
#5333 = ( GEOMETRIC_REPRESENTATION_CONTEXT(2) 
PARAMETRIC_REPRESENTATION_CONTEXT() REPRESENTATION_CONTEXT('2D SPACE',''
  ) );
#5334 = ORIENTED_EDGE('',*,*,#5335,.T.);
#5335 = EDGE_CURVE('',#5310,#5192,#5336,.T.);
#5336 = SURFACE_CURVE('',#5337,(#5343,#5352),.PCURVE_S1.);
#5337 = ( BOUNDED_CURVE() B_SPLINE_CURVE(2,(#5338,#5339,#5340,#5341,
#5342),.UNSPECIFIED.,.F.,.F.) B_SPLINE_CURVE_WITH_KNOTS((3,2,3),(
    1.570796326795,3.14159265359,4.712388980385),
.PIECEWISE_BEZIER_KNOTS.) CURVE() GEOMETRIC_REPRESENTATION_ITEM() 
RATIONAL_B_SPLINE_CURVE((1.,0.707106781187,1.,0.707106781187,1.)) 
REPRESENTATION_ITEM('') );
#5338 = CARTESIAN_POINT('',(-5.4,43.925,15.4));
#5339 = CARTESIAN_POINT('',(-49.325,43.925,15.4));
#5340 = CARTESIAN_POINT('',(-49.325,5.379261065255E-15,15.4));
#5341 = CARTESIAN_POINT('',(-49.325,-43.925,15.4));
#5342 = CARTESIAN_POINT('',(-5.4,-43.925,15.4));
#5343 = PCURVE('',#5210,#5344);
#5344 = DEFINITIONAL_REPRESENTATION('',(#5345),#5351);
#5345 = B_SPLINE_CURVE_WITH_KNOTS('',2,(#5346,#5347,#5348,#5349,#5350),
  .UNSPECIFIED.,.F.,.F.,(3,2,3),(1.570796326795,3.14159265359,
    4.712388980385),.PIECEWISE_BEZIER_KNOTS.);
#5346 = CARTESIAN_POINT('',(1.570796326795,-4.E-03));
#5347 = CARTESIAN_POINT('',(2.356194490192,-4.E-03));
#5348 = CARTESIAN_POINT('',(3.14159265359,-4.E-03));
#5349 = CARTESIAN_POINT('',(3.926990816987,-4.E-03));
#5350 = CARTESIAN_POINT('',(4.712388980385,-4.E-03));
#5351 = ( GEOMETRIC_REPRESENTATION_CONTEXT(2) 
PARAMETRIC_REPRESENTATION_CONTEXT() REPRESENTATION_CONTEXT('2D SPACE',''
  ) );
#5352 = PCURVE('',#5242,#5353);
#5353 = DEFINITIONAL_REPRESENTATION('',(#5354),#5360);
#5354 = ( BOUNDED_CURVE() B_SPLINE_CURVE(2,(#5355,#5356,#5357,#5358,
#5359),.UNSPECIFIED.,.F.,.F.) B_SPLINE_CURVE_WITH_KNOTS((3,2,3),(
    1.570796326795,3.14159265359,4.712388980385),
.PIECEWISE_BEZIER_KNOTS.) CURVE() GEOMETRIC_REPRESENTATION_ITEM() 
RATIONAL_B_SPLINE_CURVE((1.,0.707106781187,1.,0.707106781187,1.)) 
REPRESENTATION_ITEM('') );
#5355 = CARTESIAN_POINT('',(-5.4E-03,4.3925E-02));
#5356 = CARTESIAN_POINT('',(-4.9325E-02,4.3925E-02));
#5357 = CARTESIAN_POINT('',(-4.9325E-02,6.478300266963E-18));
#5358 = CARTESIAN_POINT('',(-4.9325E-02,-4.3925E-02));
#5359 = CARTESIAN_POINT('',(-5.4E-03,-4.3925E-02));
#5360 = ( GEOMETRIC_REPRESENTATION_CONTEXT(2) 
PARAMETRIC_REPRESENTATION_CONTEXT() REPRESENTATION_CONTEXT('2D SPACE',''
  ) );
#5361 = ORIENTED_EDGE('',*,*,#5189,.F.);
#5362 = ORIENTED_EDGE('',*,*,#5363,.F.);
#5363 = EDGE_CURVE('',#5308,#5190,#5364,.T.);
#5364 = SURFACE_CURVE('',#5365,(#5371,#5380),.PCURVE_S1.);
#5365 = ( BOUNDED_CURVE() B_SPLINE_CURVE(2,(#5366,#5367,#5368,#5369,
#5370),.UNSPECIFIED.,.F.,.F.) B_SPLINE_CURVE_WITH_KNOTS((3,2,3),(
    1.570796326795,3.14159265359,4.712388980385),
.PIECEWISE_BEZIER_KNOTS.) CURVE() GEOMETRIC_REPRESENTATION_ITEM() 
RATIONAL_B_SPLINE_CURVE((1.,0.707106781187,1.,0.707106781187,1.)) 
REPRESENTATION_ITEM('') );
#5366 = CARTESIAN_POINT('',(-5.4,43.925,19.4));
#5367 = CARTESIAN_POINT('',(-49.325,43.925,19.4));
#5368 = CARTESIAN_POINT('',(-49.325,5.379261065255E-15,19.4));
#5369 = CARTESIAN_POINT('',(-49.325,-43.925,19.4));
#5370 = CARTESIAN_POINT('',(-5.4,-43.925,19.4));
#5371 = PCURVE('',#5210,#5372);
#5372 = DEFINITIONAL_REPRESENTATION('',(#5373),#5379);
#5373 = B_SPLINE_CURVE_WITH_KNOTS('',2,(#5374,#5375,#5376,#5377,#5378),
  .UNSPECIFIED.,.F.,.F.,(3,2,3),(1.570796326795,3.14159265359,
    4.712388980385),.PIECEWISE_BEZIER_KNOTS.);
#5374 = CARTESIAN_POINT('',(1.570796326795,0.));
#5375 = CARTESIAN_POINT('',(2.356194490192,0.));
#5376 = CARTESIAN_POINT('',(3.14159265359,0.));
#5377 = CARTESIAN_POINT('',(3.926990816987,0.));
#5378 = CARTESIAN_POINT('',(4.712388980385,0.));
#5379 = ( GEOMETRIC_REPRESENTATION_CONTEXT(2) 
PARAMETRIC_REPRESENTATION_CONTEXT() REPRESENTATION_CONTEXT('2D SPACE',''
  ) );
#5380 = PCURVE('',#5293,#5381);
#5381 = DEFINITIONAL_REPRESENTATION('',(#5382),#5388);
#5382 = ( BOUNDED_CURVE() B_SPLINE_CURVE(2,(#5383,#5384,#5385,#5386,
#5387),.UNSPECIFIED.,.F.,.F.) B_SPLINE_CURVE_WITH_KNOTS((3,2,3),(
    1.570796326795,3.14159265359,4.712388980385),
.PIECEWISE_BEZIER_KNOTS.) CURVE() GEOMETRIC_REPRESENTATION_ITEM() 
RATIONAL_B_SPLINE_CURVE((1.,0.707106781187,1.,0.707106781187,1.)) 
REPRESENTATION_ITEM('') );
#5383 = CARTESIAN_POINT('',(-5.4E-03,4.3925E-02));
#5384 = CARTESIAN_POINT('',(-4.9325E-02,4.3925E-02));
#5385 = CARTESIAN_POINT('',(-4.9325E-02,6.478300266963E-18));
#5386 = CARTESIAN_POINT('',(-4.9325E-02,-4.3925E-02));
#5387 = CARTESIAN_POINT('',(-5.4E-03,-4.3925E-02));
#5388 = ( GEOMETRIC_REPRESENTATION_CONTEXT(2) 
PARAMETRIC_REPRESENTATION_CONTEXT() REPRESENTATION_CONTEXT('2D SPACE',''
  ) );
#5389 = ADVANCED_FACE('',(#5390),#5267,.T.);
#5390 = FACE_BOUND('',#5391,.T.);
#5391 = EDGE_LOOP('',(#5392,#5393,#5416,#5445));
#5392 = ORIENTED_EDGE('',*,*,#5253,.T.);
#5393 = ORIENTED_EDGE('',*,*,#5394,.T.);
#5394 = EDGE_CURVE('',#5229,#5395,#5397,.T.);
#5395 = VERTEX_POINT('',#5396);
#5396 = CARTESIAN_POINT('',(49.325,0.,15.4));
#5397 = SURFACE_CURVE('',#5398,(#5402,#5409),.PCURVE_S1.);
#5398 = ( BOUNDED_CURVE() B_SPLINE_CURVE(2,(#5399,#5400,#5401),
.UNSPECIFIED.,.F.,.F.) B_SPLINE_CURVE_WITH_KNOTS((3,3),(4.712388980385,
6.28318530718),.PIECEWISE_BEZIER_KNOTS.) CURVE() 
GEOMETRIC_REPRESENTATION_ITEM() RATIONAL_B_SPLINE_CURVE((1.,
0.707106781187,1.)) REPRESENTATION_ITEM('') );
#5399 = CARTESIAN_POINT('',(5.4,-43.925,15.4));
#5400 = CARTESIAN_POINT('',(49.325,-43.925,15.4));
#5401 = CARTESIAN_POINT('',(49.325,-1.075852213051E-14,15.4));
#5402 = PCURVE('',#5267,#5403);
#5403 = DEFINITIONAL_REPRESENTATION('',(#5404),#5408);
#5404 = B_SPLINE_CURVE_WITH_KNOTS('',2,(#5405,#5406,#5407),
  .UNSPECIFIED.,.F.,.F.,(3,3),(4.712388980385,6.28318530718),
  .PIECEWISE_BEZIER_KNOTS.);
#5405 = CARTESIAN_POINT('',(4.712388980385,-4.E-03));
#5406 = CARTESIAN_POINT('',(5.497787143782,-4.E-03));
#5407 = CARTESIAN_POINT('',(6.28318530718,-4.E-03));
#5408 = ( GEOMETRIC_REPRESENTATION_CONTEXT(2) 
PARAMETRIC_REPRESENTATION_CONTEXT() REPRESENTATION_CONTEXT('2D SPACE',''
  ) );
#5409 = PCURVE('',#5242,#5410);
#5410 = DEFINITIONAL_REPRESENTATION('',(#5411),#5415);
#5411 = ( BOUNDED_CURVE() B_SPLINE_CURVE(2,(#5412,#5413,#5414),
.UNSPECIFIED.,.F.,.F.) B_SPLINE_CURVE_WITH_KNOTS((3,3),(4.712388980385,
6.28318530718),.PIECEWISE_BEZIER_KNOTS.) CURVE() 
GEOMETRIC_REPRESENTATION_ITEM() RATIONAL_B_SPLINE_CURVE((1.,
0.707106781187,1.)) REPRESENTATION_ITEM('') );
#5412 = CARTESIAN_POINT('',(5.4E-03,-4.3925E-02));
#5413 = CARTESIAN_POINT('',(4.9325E-02,-4.3925E-02));
#5414 = CARTESIAN_POINT('',(4.9325E-02,-9.659482928801E-18));
#5415 = ( GEOMETRIC_REPRESENTATION_CONTEXT(2) 
PARAMETRIC_REPRESENTATION_CONTEXT() REPRESENTATION_CONTEXT('2D SPACE',''
  ) );
#5416 = ORIENTED_EDGE('',*,*,#5417,.F.);
#5417 = EDGE_CURVE('',#5418,#5395,#5420,.T.);
#5418 = VERTEX_POINT('',#5419);
#5419 = CARTESIAN_POINT('',(49.325,0.,19.4));
#5420 = SURFACE_CURVE('',#5421,(#5424,#5431),.PCURVE_S1.);
#5421 = B_SPLINE_CURVE_WITH_KNOTS('',1,(#5422,#5423),.UNSPECIFIED.,.F.,
  .F.,(2,2),(0.,4.E-03),.PIECEWISE_BEZIER_KNOTS.);
#5422 = CARTESIAN_POINT('',(49.325,0.,19.4));
#5423 = CARTESIAN_POINT('',(49.325,0.,15.4));
#5424 = PCURVE('',#5267,#5425);
#5425 = DEFINITIONAL_REPRESENTATION('',(#5426),#5430);
#5426 = B_SPLINE_CURVE_WITH_KNOTS('',2,(#5427,#5428,#5429),
  .UNSPECIFIED.,.F.,.F.,(3,3),(0.,4.E-03),.PIECEWISE_BEZIER_KNOTS.);
#5427 = CARTESIAN_POINT('',(6.28318530718,0.));
#5428 = CARTESIAN_POINT('',(6.28318530718,-2.E-03));
#5429 = CARTESIAN_POINT('',(6.28318530718,-4.E-03));
#5430 = ( GEOMETRIC_REPRESENTATION_CONTEXT(2) 
PARAMETRIC_REPRESENTATION_CONTEXT() REPRESENTATION_CONTEXT('2D SPACE',''
  ) );
#5431 = PCURVE('',#5432,#5439);
#5432 = ( BOUNDED_SURFACE() B_SPLINE_SURFACE(2,1,(
    (#5433,#5434)
    ,(#5435,#5436)
    ,(#5437,#5438
)),.UNSPECIFIED.,.F.,.F.,.F.) B_SPLINE_SURFACE_WITH_KNOTS((3,3),(2,2),(
    0.,1.570796326795),(-4.E-03,0.),.PIECEWISE_BEZIER_KNOTS.) 
GEOMETRIC_REPRESENTATION_ITEM() RATIONAL_B_SPLINE_SURFACE((
    (1.,1.)
    ,(0.707106781187,0.707106781187)
,(1.,1.))) REPRESENTATION_ITEM('') SURFACE() );
#5433 = CARTESIAN_POINT('',(49.325,0.,15.4));
#5434 = CARTESIAN_POINT('',(49.325,0.,19.4));
#5435 = CARTESIAN_POINT('',(49.325,43.925,15.4));
#5436 = CARTESIAN_POINT('',(49.325,43.925,19.4));
#5437 = CARTESIAN_POINT('',(5.4,43.925,15.4));
#5438 = CARTESIAN_POINT('',(5.4,43.925,19.4));
#5439 = DEFINITIONAL_REPRESENTATION('',(#5440),#5444);
#5440 = B_SPLINE_CURVE_WITH_KNOTS('',2,(#5441,#5442,#5443),
  .UNSPECIFIED.,.F.,.F.,(3,3),(0.,4.E-03),.PIECEWISE_BEZIER_KNOTS.);
#5441 = CARTESIAN_POINT('',(0.,0.));
#5442 = CARTESIAN_POINT('',(0.,-2.E-03));
#5443 = CARTESIAN_POINT('',(0.,-4.E-03));
#5444 = ( GEOMETRIC_REPRESENTATION_CONTEXT(2) 
PARAMETRIC_REPRESENTATION_CONTEXT() REPRESENTATION_CONTEXT('2D SPACE',''
  ) );
#5445 = ORIENTED_EDGE('',*,*,#5446,.F.);
#5446 = EDGE_CURVE('',#5254,#5418,#5447,.T.);
#5447 = SURFACE_CURVE('',#5448,(#5452,#5459),.PCURVE_S1.);
#5448 = ( BOUNDED_CURVE() B_SPLINE_CURVE(2,(#5449,#5450,#5451),
.UNSPECIFIED.,.F.,.F.) B_SPLINE_CURVE_WITH_KNOTS((3,3),(4.712388980385,
6.28318530718),.PIECEWISE_BEZIER_KNOTS.) CURVE() 
GEOMETRIC_REPRESENTATION_ITEM() RATIONAL_B_SPLINE_CURVE((1.,
0.707106781187,1.)) REPRESENTATION_ITEM('') );
#5449 = CARTESIAN_POINT('',(5.4,-43.925,19.4));
#5450 = CARTESIAN_POINT('',(49.325,-43.925,19.4));
#5451 = CARTESIAN_POINT('',(49.325,-1.075852213051E-14,19.4));
#5452 = PCURVE('',#5267,#5453);
#5453 = DEFINITIONAL_REPRESENTATION('',(#5454),#5458);
#5454 = B_SPLINE_CURVE_WITH_KNOTS('',2,(#5455,#5456,#5457),
  .UNSPECIFIED.,.F.,.F.,(3,3),(4.712388980385,6.28318530718),
  .PIECEWISE_BEZIER_KNOTS.);
#5455 = CARTESIAN_POINT('',(4.712388980385,0.));
#5456 = CARTESIAN_POINT('',(5.497787143782,0.));
#5457 = CARTESIAN_POINT('',(6.28318530718,0.));
#5458 = ( GEOMETRIC_REPRESENTATION_CONTEXT(2) 
PARAMETRIC_REPRESENTATION_CONTEXT() REPRESENTATION_CONTEXT('2D SPACE',''
  ) );
#5459 = PCURVE('',#5293,#5460);
#5460 = DEFINITIONAL_REPRESENTATION('',(#5461),#5465);
#5461 = ( BOUNDED_CURVE() B_SPLINE_CURVE(2,(#5462,#5463,#5464),
.UNSPECIFIED.,.F.,.F.) B_SPLINE_CURVE_WITH_KNOTS((3,3),(4.712388980385,
6.28318530718),.PIECEWISE_BEZIER_KNOTS.) CURVE() 
GEOMETRIC_REPRESENTATION_ITEM() RATIONAL_B_SPLINE_CURVE((1.,
0.707106781187,1.)) REPRESENTATION_ITEM('') );
#5462 = CARTESIAN_POINT('',(5.4E-03,-4.3925E-02));
#5463 = CARTESIAN_POINT('',(4.9325E-02,-4.3925E-02));
#5464 = CARTESIAN_POINT('',(4.9325E-02,-9.659482928801E-18));
#5465 = ( GEOMETRIC_REPRESENTATION_CONTEXT(2) 
PARAMETRIC_REPRESENTATION_CONTEXT() REPRESENTATION_CONTEXT('2D SPACE',''
  ) );
#5466 = ADVANCED_FACE('',(#5467),#5324,.T.);
#5467 = FACE_BOUND('',#5468,.T.);
#5468 = EDGE_LOOP('',(#5469,#5492,#5510,#5511));
#5469 = ORIENTED_EDGE('',*,*,#5470,.T.);
#5470 = EDGE_CURVE('',#5471,#5473,#5475,.T.);
#5471 = VERTEX_POINT('',#5472);
#5472 = CARTESIAN_POINT('',(5.4,43.925,19.4));
#5473 = VERTEX_POINT('',#5474);
#5474 = CARTESIAN_POINT('',(5.4,43.925,15.4));
#5475 = SURFACE_CURVE('',#5476,(#5479,#5485),.PCURVE_S1.);
#5476 = B_SPLINE_CURVE_WITH_KNOTS('',1,(#5477,#5478),.UNSPECIFIED.,.F.,
  .F.,(2,2),(0.,4.E-03),.PIECEWISE_BEZIER_KNOTS.);
#5477 = CARTESIAN_POINT('',(5.4,43.925,19.4));
#5478 = CARTESIAN_POINT('',(5.4,43.925,15.4));
#5479 = PCURVE('',#5324,#5480);
#5480 = DEFINITIONAL_REPRESENTATION('',(#5481),#5484);
#5481 = B_SPLINE_CURVE_WITH_KNOTS('',1,(#5482,#5483),.UNSPECIFIED.,.F.,
  .F.,(2,2),(0.,4.E-03),.PIECEWISE_BEZIER_KNOTS.);
#5482 = CARTESIAN_POINT('',(0.,0.));
#5483 = CARTESIAN_POINT('',(0.,-4.E-03));
#5484 = ( GEOMETRIC_REPRESENTATION_CONTEXT(2) 
PARAMETRIC_REPRESENTATION_CONTEXT() REPRESENTATION_CONTEXT('2D SPACE',''
  ) );
#5485 = PCURVE('',#5432,#5486);
#5486 = DEFINITIONAL_REPRESENTATION('',(#5487),#5491);
#5487 = B_SPLINE_CURVE_WITH_KNOTS('',2,(#5488,#5489,#5490),
  .UNSPECIFIED.,.F.,.F.,(3,3),(0.,4.E-03),.PIECEWISE_BEZIER_KNOTS.);
#5488 = CARTESIAN_POINT('',(1.570796326795,0.));
#5489 = CARTESIAN_POINT('',(1.570796326795,-2.E-03));
#5490 = CARTESIAN_POINT('',(1.570796326795,-4.E-03));
#5491 = ( GEOMETRIC_REPRESENTATION_CONTEXT(2) 
PARAMETRIC_REPRESENTATION_CONTEXT() REPRESENTATION_CONTEXT('2D SPACE',''
  ) );
#5492 = ORIENTED_EDGE('',*,*,#5493,.T.);
#5493 = EDGE_CURVE('',#5473,#5310,#5494,.T.);
#5494 = SURFACE_CURVE('',#5495,(#5498,#5504),.PCURVE_S1.);
#5495 = B_SPLINE_CURVE_WITH_KNOTS('',1,(#5496,#5497),.UNSPECIFIED.,.F.,
  .F.,(2,2),(0.,1.08E-02),.PIECEWISE_BEZIER_KNOTS.);
#5496 = CARTESIAN_POINT('',(5.4,43.925,15.4));
#5497 = CARTESIAN_POINT('',(-5.4,43.925,15.4));
#5498 = PCURVE('',#5324,#5499);
#5499 = DEFINITIONAL_REPRESENTATION('',(#5500),#5503);
#5500 = B_SPLINE_CURVE_WITH_KNOTS('',1,(#5501,#5502),.UNSPECIFIED.,.F.,
  .F.,(2,2),(0.,1.08E-02),.PIECEWISE_BEZIER_KNOTS.);
#5501 = CARTESIAN_POINT('',(0.,-4.E-03));
#5502 = CARTESIAN_POINT('',(1.08E-02,-4.E-03));
#5503 = ( GEOMETRIC_REPRESENTATION_CONTEXT(2) 
PARAMETRIC_REPRESENTATION_CONTEXT() REPRESENTATION_CONTEXT('2D SPACE',''
  ) );
#5504 = PCURVE('',#5242,#5505);
#5505 = DEFINITIONAL_REPRESENTATION('',(#5506),#5509);
#5506 = B_SPLINE_CURVE_WITH_KNOTS('',1,(#5507,#5508),.UNSPECIFIED.,.F.,
  .F.,(2,2),(0.,1.08E-02),.PIECEWISE_BEZIER_KNOTS.);
#5507 = CARTESIAN_POINT('',(5.4E-03,4.3925E-02));
#5508 = CARTESIAN_POINT('',(-5.4E-03,4.3925E-02));
#5509 = ( GEOMETRIC_REPRESENTATION_CONTEXT(2) 
PARAMETRIC_REPRESENTATION_CONTEXT() REPRESENTATION_CONTEXT('2D SPACE',''
  ) );
#5510 = ORIENTED_EDGE('',*,*,#5307,.F.);
#5511 = ORIENTED_EDGE('',*,*,#5512,.F.);
#5512 = EDGE_CURVE('',#5471,#5308,#5513,.T.);
#5513 = SURFACE_CURVE('',#5514,(#5517,#5523),.PCURVE_S1.);
#5514 = B_SPLINE_CURVE_WITH_KNOTS('',1,(#5515,#5516),.UNSPECIFIED.,.F.,
  .F.,(2,2),(0.,1.08E-02),.PIECEWISE_BEZIER_KNOTS.);
#5515 = CARTESIAN_POINT('',(5.4,43.925,19.4));
#5516 = CARTESIAN_POINT('',(-5.4,43.925,19.4));
#5517 = PCURVE('',#5324,#5518);
#5518 = DEFINITIONAL_REPRESENTATION('',(#5519),#5522);
#5519 = B_SPLINE_CURVE_WITH_KNOTS('',1,(#5520,#5521),.UNSPECIFIED.,.F.,
  .F.,(2,2),(0.,1.08E-02),.PIECEWISE_BEZIER_KNOTS.);
#5520 = CARTESIAN_POINT('',(0.,0.));
#5521 = CARTESIAN_POINT('',(1.08E-02,0.));
#5522 = ( GEOMETRIC_REPRESENTATION_CONTEXT(2) 
PARAMETRIC_REPRESENTATION_CONTEXT() REPRESENTATION_CONTEXT('2D SPACE',''
  ) );
#5523 = PCURVE('',#5293,#5524);
#5524 = DEFINITIONAL_REPRESENTATION('',(#5525),#5528);
#5525 = B_SPLINE_CURVE_WITH_KNOTS('',1,(#5526,#5527),.UNSPECIFIED.,.F.,
  .F.,(2,2),(0.,1.08E-02),.PIECEWISE_BEZIER_KNOTS.);
#5526 = CARTESIAN_POINT('',(5.4E-03,4.3925E-02));
#5527 = CARTESIAN_POINT('',(-5.4E-03,4.3925E-02));
#5528 = ( GEOMETRIC_REPRESENTATION_CONTEXT(2) 
PARAMETRIC_REPRESENTATION_CONTEXT() REPRESENTATION_CONTEXT('2D SPACE',''
  ) );
#5529 = ADVANCED_FACE('',(#5530),#5432,.T.);
#5530 = FACE_BOUND('',#5531,.T.);
#5531 = EDGE_LOOP('',(#5532,#5533,#5554,#5555));
#5532 = ORIENTED_EDGE('',*,*,#5417,.T.);
#5533 = ORIENTED_EDGE('',*,*,#5534,.T.);
#5534 = EDGE_CURVE('',#5395,#5473,#5535,.T.);
#5535 = SURFACE_CURVE('',#5536,(#5540,#5547),.PCURVE_S1.);
#5536 = ( BOUNDED_CURVE() B_SPLINE_CURVE(2,(#5537,#5538,#5539),
.UNSPECIFIED.,.F.,.F.) B_SPLINE_CURVE_WITH_KNOTS((3,3),(0.,
1.570796326795),.PIECEWISE_BEZIER_KNOTS.) CURVE() 
GEOMETRIC_REPRESENTATION_ITEM() RATIONAL_B_SPLINE_CURVE((1.,
0.707106781187,1.)) REPRESENTATION_ITEM('') );
#5537 = CARTESIAN_POINT('',(49.325,0.,15.4));
#5538 = CARTESIAN_POINT('',(49.325,43.925,15.4));
#5539 = CARTESIAN_POINT('',(5.4,43.925,15.4));
#5540 = PCURVE('',#5432,#5541);
#5541 = DEFINITIONAL_REPRESENTATION('',(#5542),#5546);
#5542 = B_SPLINE_CURVE_WITH_KNOTS('',2,(#5543,#5544,#5545),
  .UNSPECIFIED.,.F.,.F.,(3,3),(0.,1.570796326795),
  .PIECEWISE_BEZIER_KNOTS.);
#5543 = CARTESIAN_POINT('',(0.,-4.E-03));
#5544 = CARTESIAN_POINT('',(0.785398163397,-4.E-03));
#5545 = CARTESIAN_POINT('',(1.570796326795,-4.E-03));
#5546 = ( GEOMETRIC_REPRESENTATION_CONTEXT(2) 
PARAMETRIC_REPRESENTATION_CONTEXT() REPRESENTATION_CONTEXT('2D SPACE',''
  ) );
#5547 = PCURVE('',#5242,#5548);
#5548 = DEFINITIONAL_REPRESENTATION('',(#5549),#5553);
#5549 = ( BOUNDED_CURVE() B_SPLINE_CURVE(2,(#5550,#5551,#5552),
.UNSPECIFIED.,.F.,.F.) B_SPLINE_CURVE_WITH_KNOTS((3,3),(0.,
1.570796326795),.PIECEWISE_BEZIER_KNOTS.) CURVE() 
GEOMETRIC_REPRESENTATION_ITEM() RATIONAL_B_SPLINE_CURVE((1.,
0.707106781187,1.)) REPRESENTATION_ITEM('') );
#5550 = CARTESIAN_POINT('',(4.9325E-02,1.099039201709E-18));
#5551 = CARTESIAN_POINT('',(4.9325E-02,4.3925E-02));
#5552 = CARTESIAN_POINT('',(5.4E-03,4.3925E-02));
#5553 = ( GEOMETRIC_REPRESENTATION_CONTEXT(2) 
PARAMETRIC_REPRESENTATION_CONTEXT() REPRESENTATION_CONTEXT('2D SPACE',''
  ) );
#5554 = ORIENTED_EDGE('',*,*,#5470,.F.);
#5555 = ORIENTED_EDGE('',*,*,#5556,.F.);
#5556 = EDGE_CURVE('',#5418,#5471,#5557,.T.);
#5557 = SURFACE_CURVE('',#5558,(#5562,#5569),.PCURVE_S1.);
#5558 = ( BOUNDED_CURVE() B_SPLINE_CURVE(2,(#5559,#5560,#5561),
.UNSPECIFIED.,.F.,.F.) B_SPLINE_CURVE_WITH_KNOTS((3,3),(0.,
1.570796326795),.PIECEWISE_BEZIER_KNOTS.) CURVE() 
GEOMETRIC_REPRESENTATION_ITEM() RATIONAL_B_SPLINE_CURVE((1.,
0.707106781187,1.)) REPRESENTATION_ITEM('') );
#5559 = CARTESIAN_POINT('',(49.325,0.,19.4));
#5560 = CARTESIAN_POINT('',(49.325,43.925,19.4));
#5561 = CARTESIAN_POINT('',(5.4,43.925,19.4));
#5562 = PCURVE('',#5432,#5563);
#5563 = DEFINITIONAL_REPRESENTATION('',(#5564),#5568);
#5564 = B_SPLINE_CURVE_WITH_KNOTS('',2,(#5565,#5566,#5567),
  .UNSPECIFIED.,.F.,.F.,(3,3),(0.,1.570796326795),
  .PIECEWISE_BEZIER_KNOTS.);
#5565 = CARTESIAN_POINT('',(0.,0.));
#5566 = CARTESIAN_POINT('',(0.785398163397,0.));
#5567 = CARTESIAN_POINT('',(1.570796326795,0.));
#5568 = ( GEOMETRIC_REPRESENTATION_CONTEXT(2) 
PARAMETRIC_REPRESENTATION_CONTEXT() REPRESENTATION_CONTEXT('2D SPACE',''
  ) );
#5569 = PCURVE('',#5293,#5570);
#5570 = DEFINITIONAL_REPRESENTATION('',(#5571),#5575);
#5571 = ( BOUNDED_CURVE() B_SPLINE_CURVE(2,(#5572,#5573,#5574),
.UNSPECIFIED.,.F.,.F.) B_SPLINE_CURVE_WITH_KNOTS((3,3),(0.,
1.570796326795),.PIECEWISE_BEZIER_KNOTS.) CURVE() 
GEOMETRIC_REPRESENTATION_ITEM() RATIONAL_B_SPLINE_CURVE((1.,
0.707106781187,1.)) REPRESENTATION_ITEM('') );
#5572 = CARTESIAN_POINT('',(4.9325E-02,1.099039201709E-18));
#5573 = CARTESIAN_POINT('',(4.9325E-02,4.3925E-02));
#5574 = CARTESIAN_POINT('',(5.4E-03,4.3925E-02));
#5575 = ( GEOMETRIC_REPRESENTATION_CONTEXT(2) 
PARAMETRIC_REPRESENTATION_CONTEXT() REPRESENTATION_CONTEXT('2D SPACE',''
  ) );
#5576 = ADVANCED_FACE('',(#5577),#5590,.F.);
#5577 = FACE_BOUND('',#5578,.F.);
#5578 = EDGE_LOOP('',(#5579,#5618,#5638,#5666));
#5579 = ORIENTED_EDGE('',*,*,#5580,.T.);
#5580 = EDGE_CURVE('',#5581,#5583,#5585,.T.);
#5581 = VERTEX_POINT('',#5582);
#5582 = CARTESIAN_POINT('',(-5.4,-15.275,19.4));
#5583 = VERTEX_POINT('',#5584);
#5584 = CARTESIAN_POINT('',(-5.4,-15.275,15.4));
#5585 = SURFACE_CURVE('',#5586,(#5589,#5600),.PCURVE_S1.);
#5586 = B_SPLINE_CURVE_WITH_KNOTS('',1,(#5587,#5588),.UNSPECIFIED.,.F.,
  .F.,(2,2),(0.,4.E-03),.PIECEWISE_BEZIER_KNOTS.);
#5587 = CARTESIAN_POINT('',(-5.4,-15.275,19.4));
#5588 = CARTESIAN_POINT('',(-5.4,-15.275,15.4));
#5589 = PCURVE('',#5590,#5595);
#5590 = B_SPLINE_SURFACE_WITH_KNOTS('',1,1,(
    (#5591,#5592)
    ,(#5593,#5594
  )),.UNSPECIFIED.,.F.,.F.,.F.,(2,2),(2,2),(0.,1.08E-02),(-4.E-03,0.),
  .PIECEWISE_BEZIER_KNOTS.);
#5591 = CARTESIAN_POINT('',(-5.4,-15.275,15.4));
#5592 = CARTESIAN_POINT('',(-5.4,-15.275,19.4));
#5593 = CARTESIAN_POINT('',(5.4,-15.275,15.4));
#5594 = CARTESIAN_POINT('',(5.4,-15.275,19.4));
#5595 = DEFINITIONAL_REPRESENTATION('',(#5596),#5599);
#5596 = B_SPLINE_CURVE_WITH_KNOTS('',1,(#5597,#5598),.UNSPECIFIED.,.F.,
  .F.,(2,2),(0.,4.E-03),.PIECEWISE_BEZIER_KNOTS.);
#5597 = CARTESIAN_POINT('',(0.,0.));
#5598 = CARTESIAN_POINT('',(0.,-4.E-03));
#5599 = ( GEOMETRIC_REPRESENTATION_CONTEXT(2) 
PARAMETRIC_REPRESENTATION_CONTEXT() REPRESENTATION_CONTEXT('2D SPACE',''
  ) );
#5600 = PCURVE('',#5601,#5612);
#5601 = ( BOUNDED_SURFACE() B_SPLINE_SURFACE(2,1,(
    (#5602,#5603)
    ,(#5604,#5605)
    ,(#5606,#5607)
    ,(#5608,#5609)
    ,(#5610,#5611
)),.UNSPECIFIED.,.F.,.F.,.F.) B_SPLINE_SURFACE_WITH_KNOTS((3,2,3),(2,2),
  (1.570796326795,3.14159265359,4.712388980385),(-4.E-03,0.),
.PIECEWISE_BEZIER_KNOTS.) GEOMETRIC_REPRESENTATION_ITEM() 
RATIONAL_B_SPLINE_SURFACE((
    (1.,1.)
    ,(0.707106781187,0.707106781187)
    ,(1.,1.)
    ,(0.707106781187,0.707106781187)
,(1.,1.))) REPRESENTATION_ITEM('') SURFACE() );
#5602 = CARTESIAN_POINT('',(-5.4,15.275,15.4));
#5603 = CARTESIAN_POINT('',(-5.4,15.275,19.4));
#5604 = CARTESIAN_POINT('',(-20.675,15.275,15.4));
#5605 = CARTESIAN_POINT('',(-20.675,15.275,19.4));
#5606 = CARTESIAN_POINT('',(-20.675,1.870647985698E-15,15.4));
#5607 = CARTESIAN_POINT('',(-20.675,1.870647985698E-15,19.4));
#5608 = CARTESIAN_POINT('',(-20.675,-15.275,15.4));
#5609 = CARTESIAN_POINT('',(-20.675,-15.275,19.4));
#5610 = CARTESIAN_POINT('',(-5.4,-15.275,15.4));
#5611 = CARTESIAN_POINT('',(-5.4,-15.275,19.4));
#5612 = DEFINITIONAL_REPRESENTATION('',(#5613),#5617);
#5613 = B_SPLINE_CURVE_WITH_KNOTS('',2,(#5614,#5615,#5616),
  .UNSPECIFIED.,.F.,.F.,(3,3),(0.,4.E-03),.PIECEWISE_BEZIER_KNOTS.);
#5614 = CARTESIAN_POINT('',(4.712388980385,0.));
#5615 = CARTESIAN_POINT('',(4.712388980385,-2.E-03));
#5616 = CARTESIAN_POINT('',(4.712388980385,-4.E-03));
#5617 = ( GEOMETRIC_REPRESENTATION_CONTEXT(2) 
PARAMETRIC_REPRESENTATION_CONTEXT() REPRESENTATION_CONTEXT('2D SPACE',''
  ) );
#5618 = ORIENTED_EDGE('',*,*,#5619,.T.);
#5619 = EDGE_CURVE('',#5583,#5620,#5622,.T.);
#5620 = VERTEX_POINT('',#5621);
#5621 = CARTESIAN_POINT('',(5.4,-15.275,15.4));
#5622 = SURFACE_CURVE('',#5623,(#5626,#5632),.PCURVE_S1.);
#5623 = B_SPLINE_CURVE_WITH_KNOTS('',1,(#5624,#5625),.UNSPECIFIED.,.F.,
  .F.,(2,2),(0.,1.08E-02),.PIECEWISE_BEZIER_KNOTS.);
#5624 = CARTESIAN_POINT('',(-5.4,-15.275,15.4));
#5625 = CARTESIAN_POINT('',(5.4,-15.275,15.4));
#5626 = PCURVE('',#5590,#5627);
#5627 = DEFINITIONAL_REPRESENTATION('',(#5628),#5631);
#5628 = B_SPLINE_CURVE_WITH_KNOTS('',1,(#5629,#5630),.UNSPECIFIED.,.F.,
  .F.,(2,2),(0.,1.08E-02),.PIECEWISE_BEZIER_KNOTS.);
#5629 = CARTESIAN_POINT('',(0.,-4.E-03));
#5630 = CARTESIAN_POINT('',(1.08E-02,-4.E-03));
#5631 = ( GEOMETRIC_REPRESENTATION_CONTEXT(2) 
PARAMETRIC_REPRESENTATION_CONTEXT() REPRESENTATION_CONTEXT('2D SPACE',''
  ) );
#5632 = PCURVE('',#5242,#5633);
#5633 = DEFINITIONAL_REPRESENTATION('',(#5634),#5637);
#5634 = B_SPLINE_CURVE_WITH_KNOTS('',1,(#5635,#5636),.UNSPECIFIED.,.F.,
  .F.,(2,2),(0.,1.08E-02),.PIECEWISE_BEZIER_KNOTS.);
#5635 = CARTESIAN_POINT('',(-5.4E-03,-1.5275E-02));
#5636 = CARTESIAN_POINT('',(5.4E-03,-1.5275E-02));
#5637 = ( GEOMETRIC_REPRESENTATION_CONTEXT(2) 
PARAMETRIC_REPRESENTATION_CONTEXT() REPRESENTATION_CONTEXT('2D SPACE',''
  ) );
#5638 = ORIENTED_EDGE('',*,*,#5639,.F.);
#5639 = EDGE_CURVE('',#5640,#5620,#5642,.T.);
#5640 = VERTEX_POINT('',#5641);
#5641 = CARTESIAN_POINT('',(5.4,-15.275,19.4));
#5642 = SURFACE_CURVE('',#5643,(#5646,#5652),.PCURVE_S1.);
#5643 = B_SPLINE_CURVE_WITH_KNOTS('',1,(#5644,#5645),.UNSPECIFIED.,.F.,
  .F.,(2,2),(0.,4.E-03),.PIECEWISE_BEZIER_KNOTS.);
#5644 = CARTESIAN_POINT('',(5.4,-15.275,19.4));
#5645 = CARTESIAN_POINT('',(5.4,-15.275,15.4));
#5646 = PCURVE('',#5590,#5647);
#5647 = DEFINITIONAL_REPRESENTATION('',(#5648),#5651);
#5648 = B_SPLINE_CURVE_WITH_KNOTS('',1,(#5649,#5650),.UNSPECIFIED.,.F.,
  .F.,(2,2),(0.,4.E-03),.PIECEWISE_BEZIER_KNOTS.);
#5649 = CARTESIAN_POINT('',(1.08E-02,0.));
#5650 = CARTESIAN_POINT('',(1.08E-02,-4.E-03));
#5651 = ( GEOMETRIC_REPRESENTATION_CONTEXT(2) 
PARAMETRIC_REPRESENTATION_CONTEXT() REPRESENTATION_CONTEXT('2D SPACE',''
  ) );
#5652 = PCURVE('',#5653,#5660);
#5653 = ( BOUNDED_SURFACE() B_SPLINE_SURFACE(2,1,(
    (#5654,#5655)
    ,(#5656,#5657)
    ,(#5658,#5659
)),.UNSPECIFIED.,.F.,.F.,.F.) B_SPLINE_SURFACE_WITH_KNOTS((3,3),(2,2),(
    4.712388980385,6.28318530718),(-4.E-03,0.),
.PIECEWISE_BEZIER_KNOTS.) GEOMETRIC_REPRESENTATION_ITEM() 
RATIONAL_B_SPLINE_SURFACE((
    (1.,1.)
    ,(0.707106781187,0.707106781187)
,(1.,1.))) REPRESENTATION_ITEM('') SURFACE() );
#5654 = CARTESIAN_POINT('',(5.4,-15.275,15.4));
#5655 = CARTESIAN_POINT('',(5.4,-15.275,19.4));
#5656 = CARTESIAN_POINT('',(20.675,-15.275,15.4));
#5657 = CARTESIAN_POINT('',(20.675,-15.275,19.4));
#5658 = CARTESIAN_POINT('',(20.675,-3.741295971395E-15,15.4));
#5659 = CARTESIAN_POINT('',(20.675,-3.741295971395E-15,19.4));
#5660 = DEFINITIONAL_REPRESENTATION('',(#5661),#5665);
#5661 = B_SPLINE_CURVE_WITH_KNOTS('',2,(#5662,#5663,#5664),
  .UNSPECIFIED.,.F.,.F.,(3,3),(0.,4.E-03),.PIECEWISE_BEZIER_KNOTS.);
#5662 = CARTESIAN_POINT('',(4.712388980385,0.));
#5663 = CARTESIAN_POINT('',(4.712388980385,-2.E-03));
#5664 = CARTESIAN_POINT('',(4.712388980385,-4.E-03));
#5665 = ( GEOMETRIC_REPRESENTATION_CONTEXT(2) 
PARAMETRIC_REPRESENTATION_CONTEXT() REPRESENTATION_CONTEXT('2D SPACE',''
  ) );
#5666 = ORIENTED_EDGE('',*,*,#5667,.F.);
#5667 = EDGE_CURVE('',#5581,#5640,#5668,.T.);
#5668 = SURFACE_CURVE('',#5669,(#5672,#5678),.PCURVE_S1.);
#5669 = B_SPLINE_CURVE_WITH_KNOTS('',1,(#5670,#5671),.UNSPECIFIED.,.F.,
  .F.,(2,2),(0.,1.08E-02),.PIECEWISE_BEZIER_KNOTS.);
#5670 = CARTESIAN_POINT('',(-5.4,-15.275,19.4));
#5671 = CARTESIAN_POINT('',(5.4,-15.275,19.4));
#5672 = PCURVE('',#5590,#5673);
#5673 = DEFINITIONAL_REPRESENTATION('',(#5674),#5677);
#5674 = B_SPLINE_CURVE_WITH_KNOTS('',1,(#5675,#5676),.UNSPECIFIED.,.F.,
  .F.,(2,2),(0.,1.08E-02),.PIECEWISE_BEZIER_KNOTS.);
#5675 = CARTESIAN_POINT('',(0.,0.));
#5676 = CARTESIAN_POINT('',(1.08E-02,0.));
#5677 = ( GEOMETRIC_REPRESENTATION_CONTEXT(2) 
PARAMETRIC_REPRESENTATION_CONTEXT() REPRESENTATION_CONTEXT('2D SPACE',''
  ) );
#5678 = PCURVE('',#5293,#5679);
#5679 = DEFINITIONAL_REPRESENTATION('',(#5680),#5683);
#5680 = B_SPLINE_CURVE_WITH_KNOTS('',1,(#5681,#5682),.UNSPECIFIED.,.F.,
  .F.,(2,2),(0.,1.08E-02),.PIECEWISE_BEZIER_KNOTS.);
#5681 = CARTESIAN_POINT('',(-5.4E-03,-1.5275E-02));
#5682 = CARTESIAN_POINT('',(5.4E-03,-1.5275E-02));
#5683 = ( GEOMETRIC_REPRESENTATION_CONTEXT(2) 
PARAMETRIC_REPRESENTATION_CONTEXT() REPRESENTATION_CONTEXT('2D SPACE',''
  ) );
#5684 = ADVANCED_FACE('',(#5685),#5653,.F.);
#5685 = FACE_BOUND('',#5686,.F.);
#5686 = EDGE_LOOP('',(#5687,#5688,#5711,#5740));
#5687 = ORIENTED_EDGE('',*,*,#5639,.T.);
#5688 = ORIENTED_EDGE('',*,*,#5689,.T.);
#5689 = EDGE_CURVE('',#5620,#5690,#5692,.T.);
#5690 = VERTEX_POINT('',#5691);
#5691 = CARTESIAN_POINT('',(20.675,0.,15.4));
#5692 = SURFACE_CURVE('',#5693,(#5697,#5704),.PCURVE_S1.);
#5693 = ( BOUNDED_CURVE() B_SPLINE_CURVE(2,(#5694,#5695,#5696),
.UNSPECIFIED.,.F.,.F.) B_SPLINE_CURVE_WITH_KNOTS((3,3),(4.712388980385,
6.28318530718),.PIECEWISE_BEZIER_KNOTS.) CURVE() 
GEOMETRIC_REPRESENTATION_ITEM() RATIONAL_B_SPLINE_CURVE((1.,
0.707106781187,1.)) REPRESENTATION_ITEM('') );
#5694 = CARTESIAN_POINT('',(5.4,-15.275,15.4));
#5695 = CARTESIAN_POINT('',(20.675,-15.275,15.4));
#5696 = CARTESIAN_POINT('',(20.675,-3.741295971395E-15,15.4));
#5697 = PCURVE('',#5653,#5698);
#5698 = DEFINITIONAL_REPRESENTATION('',(#5699),#5703);
#5699 = B_SPLINE_CURVE_WITH_KNOTS('',2,(#5700,#5701,#5702),
  .UNSPECIFIED.,.F.,.F.,(3,3),(4.712388980385,6.28318530718),
  .PIECEWISE_BEZIER_KNOTS.);
#5700 = CARTESIAN_POINT('',(4.712388980385,-4.E-03));
#5701 = CARTESIAN_POINT('',(5.497787143782,-4.E-03));
#5702 = CARTESIAN_POINT('',(6.28318530718,-4.E-03));
#5703 = ( GEOMETRIC_REPRESENTATION_CONTEXT(2) 
PARAMETRIC_REPRESENTATION_CONTEXT() REPRESENTATION_CONTEXT('2D SPACE',''
  ) );
#5704 = PCURVE('',#5242,#5705);
#5705 = DEFINITIONAL_REPRESENTATION('',(#5706),#5710);
#5706 = ( BOUNDED_CURVE() B_SPLINE_CURVE(2,(#5707,#5708,#5709),
.UNSPECIFIED.,.F.,.F.) B_SPLINE_CURVE_WITH_KNOTS((3,3),(4.712388980385,
6.28318530718),.PIECEWISE_BEZIER_KNOTS.) CURVE() 
GEOMETRIC_REPRESENTATION_ITEM() RATIONAL_B_SPLINE_CURVE((1.,
0.707106781187,1.)) REPRESENTATION_ITEM('') );
#5707 = CARTESIAN_POINT('',(5.4E-03,-1.5275E-02));
#5708 = CARTESIAN_POINT('',(2.0675E-02,-1.5275E-02));
#5709 = CARTESIAN_POINT('',(2.0675E-02,-2.642256769687E-18));
#5710 = ( GEOMETRIC_REPRESENTATION_CONTEXT(2) 
PARAMETRIC_REPRESENTATION_CONTEXT() REPRESENTATION_CONTEXT('2D SPACE',''
  ) );
#5711 = ORIENTED_EDGE('',*,*,#5712,.F.);
#5712 = EDGE_CURVE('',#5713,#5690,#5715,.T.);
#5713 = VERTEX_POINT('',#5714);
#5714 = CARTESIAN_POINT('',(20.675,0.,19.4));
#5715 = SURFACE_CURVE('',#5716,(#5719,#5726),.PCURVE_S1.);
#5716 = B_SPLINE_CURVE_WITH_KNOTS('',1,(#5717,#5718),.UNSPECIFIED.,.F.,
  .F.,(2,2),(0.,4.E-03),.PIECEWISE_BEZIER_KNOTS.);
#5717 = CARTESIAN_POINT('',(20.675,0.,19.4));
#5718 = CARTESIAN_POINT('',(20.675,0.,15.4));
#5719 = PCURVE('',#5653,#5720);
#5720 = DEFINITIONAL_REPRESENTATION('',(#5721),#5725);
#5721 = B_SPLINE_CURVE_WITH_KNOTS('',2,(#5722,#5723,#5724),
  .UNSPECIFIED.,.F.,.F.,(3,3),(0.,4.E-03),.PIECEWISE_BEZIER_KNOTS.);
#5722 = CARTESIAN_POINT('',(6.28318530718,0.));
#5723 = CARTESIAN_POINT('',(6.28318530718,-2.E-03));
#5724 = CARTESIAN_POINT('',(6.28318530718,-4.E-03));
#5725 = ( GEOMETRIC_REPRESENTATION_CONTEXT(2) 
PARAMETRIC_REPRESENTATION_CONTEXT() REPRESENTATION_CONTEXT('2D SPACE',''
  ) );
#5726 = PCURVE('',#5727,#5734);
#5727 = ( BOUNDED_SURFACE() B_SPLINE_SURFACE(2,1,(
    (#5728,#5729)
    ,(#5730,#5731)
    ,(#5732,#5733
)),.UNSPECIFIED.,.F.,.F.,.F.) B_SPLINE_SURFACE_WITH_KNOTS((3,3),(2,2),(
    0.,1.570796326795),(-4.E-03,0.),.PIECEWISE_BEZIER_KNOTS.) 
GEOMETRIC_REPRESENTATION_ITEM() RATIONAL_B_SPLINE_SURFACE((
    (1.,1.)
    ,(0.707106781187,0.707106781187)
,(1.,1.))) REPRESENTATION_ITEM('') SURFACE() );
#5728 = CARTESIAN_POINT('',(20.675,0.,15.4));
#5729 = CARTESIAN_POINT('',(20.675,0.,19.4));
#5730 = CARTESIAN_POINT('',(20.675,15.275,15.4));
#5731 = CARTESIAN_POINT('',(20.675,15.275,19.4));
#5732 = CARTESIAN_POINT('',(5.4,15.275,15.4));
#5733 = CARTESIAN_POINT('',(5.4,15.275,19.4));
#5734 = DEFINITIONAL_REPRESENTATION('',(#5735),#5739);
#5735 = B_SPLINE_CURVE_WITH_KNOTS('',2,(#5736,#5737,#5738),
  .UNSPECIFIED.,.F.,.F.,(3,3),(0.,4.E-03),.PIECEWISE_BEZIER_KNOTS.);
#5736 = CARTESIAN_POINT('',(0.,0.));
#5737 = CARTESIAN_POINT('',(0.,-2.E-03));
#5738 = CARTESIAN_POINT('',(0.,-4.E-03));
#5739 = ( GEOMETRIC_REPRESENTATION_CONTEXT(2) 
PARAMETRIC_REPRESENTATION_CONTEXT() REPRESENTATION_CONTEXT('2D SPACE',''
  ) );
#5740 = ORIENTED_EDGE('',*,*,#5741,.F.);
#5741 = EDGE_CURVE('',#5640,#5713,#5742,.T.);
#5742 = SURFACE_CURVE('',#5743,(#5747,#5754),.PCURVE_S1.);
#5743 = ( BOUNDED_CURVE() B_SPLINE_CURVE(2,(#5744,#5745,#5746),
.UNSPECIFIED.,.F.,.F.) B_SPLINE_CURVE_WITH_KNOTS((3,3),(4.712388980385,
6.28318530718),.PIECEWISE_BEZIER_KNOTS.) CURVE() 
GEOMETRIC_REPRESENTATION_ITEM() RATIONAL_B_SPLINE_CURVE((1.,
0.707106781187,1.)) REPRESENTATION_ITEM('') );
#5744 = CARTESIAN_POINT('',(5.4,-15.275,19.4));
#5745 = CARTESIAN_POINT('',(20.675,-15.275,19.4));
#5746 = CARTESIAN_POINT('',(20.675,-3.741295971395E-15,19.4));
#5747 = PCURVE('',#5653,#5748);
#5748 = DEFINITIONAL_REPRESENTATION('',(#5749),#5753);
#5749 = B_SPLINE_CURVE_WITH_KNOTS('',2,(#5750,#5751,#5752),
  .UNSPECIFIED.,.F.,.F.,(3,3),(4.712388980385,6.28318530718),
  .PIECEWISE_BEZIER_KNOTS.);
#5750 = CARTESIAN_POINT('',(4.712388980385,0.));
#5751 = CARTESIAN_POINT('',(5.497787143782,0.));
#5752 = CARTESIAN_POINT('',(6.28318530718,0.));
#5753 = ( GEOMETRIC_REPRESENTATION_CONTEXT(2) 
PARAMETRIC_REPRESENTATION_CONTEXT() REPRESENTATION_CONTEXT('2D SPACE',''
  ) );
#5754 = PCURVE('',#5293,#5755);
#5755 = DEFINITIONAL_REPRESENTATION('',(#5756),#5760);
#5756 = ( BOUNDED_CURVE() B_SPLINE_CURVE(2,(#5757,#5758,#5759),
.UNSPECIFIED.,.F.,.F.) B_SPLINE_CURVE_WITH_KNOTS((3,3),(4.712388980385,
6.28318530718),.PIECEWISE_BEZIER_KNOTS.) CURVE() 
GEOMETRIC_REPRESENTATION_ITEM() RATIONAL_B_SPLINE_CURVE((1.,
0.707106781187,1.)) REPRESENTATION_ITEM('') );
#5757 = CARTESIAN_POINT('',(5.4E-03,-1.5275E-02));
#5758 = CARTESIAN_POINT('',(2.0675E-02,-1.5275E-02));
#5759 = CARTESIAN_POINT('',(2.0675E-02,-2.642256769687E-18));
#5760 = ( GEOMETRIC_REPRESENTATION_CONTEXT(2) 
PARAMETRIC_REPRESENTATION_CONTEXT() REPRESENTATION_CONTEXT('2D SPACE',''
  ) );
#5761 = ADVANCED_FACE('',(#5762),#5727,.F.);
#5762 = FACE_BOUND('',#5763,.F.);
#5763 = EDGE_LOOP('',(#5764,#5765,#5788,#5814));
#5764 = ORIENTED_EDGE('',*,*,#5712,.T.);
#5765 = ORIENTED_EDGE('',*,*,#5766,.T.);
#5766 = EDGE_CURVE('',#5690,#5767,#5769,.T.);
#5767 = VERTEX_POINT('',#5768);
#5768 = CARTESIAN_POINT('',(5.4,15.275,15.4));
#5769 = SURFACE_CURVE('',#5770,(#5774,#5781),.PCURVE_S1.);
#5770 = ( BOUNDED_CURVE() B_SPLINE_CURVE(2,(#5771,#5772,#5773),
.UNSPECIFIED.,.F.,.F.) B_SPLINE_CURVE_WITH_KNOTS((3,3),(0.,
1.570796326795),.PIECEWISE_BEZIER_KNOTS.) CURVE() 
GEOMETRIC_REPRESENTATION_ITEM() RATIONAL_B_SPLINE_CURVE((1.,
0.707106781187,1.)) REPRESENTATION_ITEM('') );
#5771 = CARTESIAN_POINT('',(20.675,0.,15.4));
#5772 = CARTESIAN_POINT('',(20.675,15.275,15.4));
#5773 = CARTESIAN_POINT('',(5.4,15.275,15.4));
#5774 = PCURVE('',#5727,#5775);
#5775 = DEFINITIONAL_REPRESENTATION('',(#5776),#5780);
#5776 = B_SPLINE_CURVE_WITH_KNOTS('',2,(#5777,#5778,#5779),
  .UNSPECIFIED.,.F.,.F.,(3,3),(0.,1.570796326795),
  .PIECEWISE_BEZIER_KNOTS.);
#5777 = CARTESIAN_POINT('',(0.,-4.E-03));
#5778 = CARTESIAN_POINT('',(0.785398163397,-4.E-03));
#5779 = CARTESIAN_POINT('',(1.570796326795,-4.E-03));
#5780 = ( GEOMETRIC_REPRESENTATION_CONTEXT(2) 
PARAMETRIC_REPRESENTATION_CONTEXT() REPRESENTATION_CONTEXT('2D SPACE',''
  ) );
#5781 = PCURVE('',#5242,#5782);
#5782 = DEFINITIONAL_REPRESENTATION('',(#5783),#5787);
#5783 = ( BOUNDED_CURVE() B_SPLINE_CURVE(2,(#5784,#5785,#5786),
.UNSPECIFIED.,.F.,.F.) B_SPLINE_CURVE_WITH_KNOTS((3,3),(0.,
1.570796326795),.PIECEWISE_BEZIER_KNOTS.) CURVE() 
GEOMETRIC_REPRESENTATION_ITEM() RATIONAL_B_SPLINE_CURVE((1.,
0.707106781187,1.)) REPRESENTATION_ITEM('') );
#5784 = CARTESIAN_POINT('',(2.0675E-02,1.099039201709E-18));
#5785 = CARTESIAN_POINT('',(2.0675E-02,1.5275E-02));
#5786 = CARTESIAN_POINT('',(5.4E-03,1.5275E-02));
#5787 = ( GEOMETRIC_REPRESENTATION_CONTEXT(2) 
PARAMETRIC_REPRESENTATION_CONTEXT() REPRESENTATION_CONTEXT('2D SPACE',''
  ) );
#5788 = ORIENTED_EDGE('',*,*,#5789,.F.);
#5789 = EDGE_CURVE('',#5790,#5767,#5792,.T.);
#5790 = VERTEX_POINT('',#5791);
#5791 = CARTESIAN_POINT('',(5.4,15.275,19.4));
#5792 = SURFACE_CURVE('',#5793,(#5796,#5803),.PCURVE_S1.);
#5793 = B_SPLINE_CURVE_WITH_KNOTS('',1,(#5794,#5795),.UNSPECIFIED.,.F.,
  .F.,(2,2),(0.,4.E-03),.PIECEWISE_BEZIER_KNOTS.);
#5794 = CARTESIAN_POINT('',(5.4,15.275,19.4));
#5795 = CARTESIAN_POINT('',(5.4,15.275,15.4));
#5796 = PCURVE('',#5727,#5797);
#5797 = DEFINITIONAL_REPRESENTATION('',(#5798),#5802);
#5798 = B_SPLINE_CURVE_WITH_KNOTS('',2,(#5799,#5800,#5801),
  .UNSPECIFIED.,.F.,.F.,(3,3),(0.,4.E-03),.PIECEWISE_BEZIER_KNOTS.);
#5799 = CARTESIAN_POINT('',(1.570796326795,0.));
#5800 = CARTESIAN_POINT('',(1.570796326795,-2.E-03));
#5801 = CARTESIAN_POINT('',(1.570796326795,-4.E-03));
#5802 = ( GEOMETRIC_REPRESENTATION_CONTEXT(2) 
PARAMETRIC_REPRESENTATION_CONTEXT() REPRESENTATION_CONTEXT('2D SPACE',''
  ) );
#5803 = PCURVE('',#5804,#5809);
#5804 = B_SPLINE_SURFACE_WITH_KNOTS('',1,1,(
    (#5805,#5806)
    ,(#5807,#5808
  )),.UNSPECIFIED.,.F.,.F.,.F.,(2,2),(2,2),(0.,1.08E-02),(-4.E-03,0.),
  .PIECEWISE_BEZIER_KNOTS.);
#5805 = CARTESIAN_POINT('',(5.4,15.275,15.4));
#5806 = CARTESIAN_POINT('',(5.4,15.275,19.4));
#5807 = CARTESIAN_POINT('',(-5.4,15.275,15.4));
#5808 = CARTESIAN_POINT('',(-5.4,15.275,19.4));
#5809 = DEFINITIONAL_REPRESENTATION('',(#5810),#5813);
#5810 = B_SPLINE_CURVE_WITH_KNOTS('',1,(#5811,#5812),.UNSPECIFIED.,.F.,
  .F.,(2,2),(0.,4.E-03),.PIECEWISE_BEZIER_KNOTS.);
#5811 = CARTESIAN_POINT('',(0.,0.));
#5812 = CARTESIAN_POINT('',(0.,-4.E-03));
#5813 = ( GEOMETRIC_REPRESENTATION_CONTEXT(2) 
PARAMETRIC_REPRESENTATION_CONTEXT() REPRESENTATION_CONTEXT('2D SPACE',''
  ) );
#5814 = ORIENTED_EDGE('',*,*,#5815,.F.);
#5815 = EDGE_CURVE('',#5713,#5790,#5816,.T.);
#5816 = SURFACE_CURVE('',#5817,(#5821,#5828),.PCURVE_S1.);
#5817 = ( BOUNDED_CURVE() B_SPLINE_CURVE(2,(#5818,#5819,#5820),
.UNSPECIFIED.,.F.,.F.) B_SPLINE_CURVE_WITH_KNOTS((3,3),(0.,
1.570796326795),.PIECEWISE_BEZIER_KNOTS.) CURVE() 
GEOMETRIC_REPRESENTATION_ITEM() RATIONAL_B_SPLINE_CURVE((1.,
0.707106781187,1.)) REPRESENTATION_ITEM('') );
#5818 = CARTESIAN_POINT('',(20.675,0.,19.4));
#5819 = CARTESIAN_POINT('',(20.675,15.275,19.4));
#5820 = CARTESIAN_POINT('',(5.4,15.275,19.4));
#5821 = PCURVE('',#5727,#5822);
#5822 = DEFINITIONAL_REPRESENTATION('',(#5823),#5827);
#5823 = B_SPLINE_CURVE_WITH_KNOTS('',2,(#5824,#5825,#5826),
  .UNSPECIFIED.,.F.,.F.,(3,3),(0.,1.570796326795),
  .PIECEWISE_BEZIER_KNOTS.);
#5824 = CARTESIAN_POINT('',(0.,0.));
#5825 = CARTESIAN_POINT('',(0.785398163397,0.));
#5826 = CARTESIAN_POINT('',(1.570796326795,0.));
#5827 = ( GEOMETRIC_REPRESENTATION_CONTEXT(2) 
PARAMETRIC_REPRESENTATION_CONTEXT() REPRESENTATION_CONTEXT('2D SPACE',''
  ) );
#5828 = PCURVE('',#5293,#5829);
#5829 = DEFINITIONAL_REPRESENTATION('',(#5830),#5834);
#5830 = ( BOUNDED_CURVE() B_SPLINE_CURVE(2,(#5831,#5832,#5833),
.UNSPECIFIED.,.F.,.F.) B_SPLINE_CURVE_WITH_KNOTS((3,3),(0.,
1.570796326795),.PIECEWISE_BEZIER_KNOTS.) CURVE() 
GEOMETRIC_REPRESENTATION_ITEM() RATIONAL_B_SPLINE_CURVE((1.,
0.707106781187,1.)) REPRESENTATION_ITEM('') );
#5831 = CARTESIAN_POINT('',(2.0675E-02,1.099039201709E-18));
#5832 = CARTESIAN_POINT('',(2.0675E-02,1.5275E-02));
#5833 = CARTESIAN_POINT('',(5.4E-03,1.5275E-02));
#5834 = ( GEOMETRIC_REPRESENTATION_CONTEXT(2) 
PARAMETRIC_REPRESENTATION_CONTEXT() REPRESENTATION_CONTEXT('2D SPACE',''
  ) );
#5835 = ADVANCED_FACE('',(#5836),#5804,.F.);
#5836 = FACE_BOUND('',#5837,.F.);
#5837 = EDGE_LOOP('',(#5838,#5839,#5859,#5880));
#5838 = ORIENTED_EDGE('',*,*,#5789,.T.);
#5839 = ORIENTED_EDGE('',*,*,#5840,.T.);
#5840 = EDGE_CURVE('',#5767,#5841,#5843,.T.);
#5841 = VERTEX_POINT('',#5842);
#5842 = CARTESIAN_POINT('',(-5.4,15.275,15.4));
#5843 = SURFACE_CURVE('',#5844,(#5847,#5853),.PCURVE_S1.);
#5844 = B_SPLINE_CURVE_WITH_KNOTS('',1,(#5845,#5846),.UNSPECIFIED.,.F.,
  .F.,(2,2),(0.,1.08E-02),.PIECEWISE_BEZIER_KNOTS.);
#5845 = CARTESIAN_POINT('',(5.4,15.275,15.4));
#5846 = CARTESIAN_POINT('',(-5.4,15.275,15.4));
#5847 = PCURVE('',#5804,#5848);
#5848 = DEFINITIONAL_REPRESENTATION('',(#5849),#5852);
#5849 = B_SPLINE_CURVE_WITH_KNOTS('',1,(#5850,#5851),.UNSPECIFIED.,.F.,
  .F.,(2,2),(0.,1.08E-02),.PIECEWISE_BEZIER_KNOTS.);
#5850 = CARTESIAN_POINT('',(0.,-4.E-03));
#5851 = CARTESIAN_POINT('',(1.08E-02,-4.E-03));
#5852 = ( GEOMETRIC_REPRESENTATION_CONTEXT(2) 
PARAMETRIC_REPRESENTATION_CONTEXT() REPRESENTATION_CONTEXT('2D SPACE',''
  ) );
#5853 = PCURVE('',#5242,#5854);
#5854 = DEFINITIONAL_REPRESENTATION('',(#5855),#5858);
#5855 = B_SPLINE_CURVE_WITH_KNOTS('',1,(#5856,#5857),.UNSPECIFIED.,.F.,
  .F.,(2,2),(0.,1.08E-02),.PIECEWISE_BEZIER_KNOTS.);
#5856 = CARTESIAN_POINT('',(5.4E-03,1.5275E-02));
#5857 = CARTESIAN_POINT('',(-5.4E-03,1.5275E-02));
#5858 = ( GEOMETRIC_REPRESENTATION_CONTEXT(2) 
PARAMETRIC_REPRESENTATION_CONTEXT() REPRESENTATION_CONTEXT('2D SPACE',''
  ) );
#5859 = ORIENTED_EDGE('',*,*,#5860,.F.);
#5860 = EDGE_CURVE('',#5861,#5841,#5863,.T.);
#5861 = VERTEX_POINT('',#5862);
#5862 = CARTESIAN_POINT('',(-5.4,15.275,19.4));
#5863 = SURFACE_CURVE('',#5864,(#5867,#5873),.PCURVE_S1.);
#5864 = B_SPLINE_CURVE_WITH_KNOTS('',1,(#5865,#5866),.UNSPECIFIED.,.F.,
  .F.,(2,2),(0.,4.E-03),.PIECEWISE_BEZIER_KNOTS.);
#5865 = CARTESIAN_POINT('',(-5.4,15.275,19.4));
#5866 = CARTESIAN_POINT('',(-5.4,15.275,15.4));
#5867 = PCURVE('',#5804,#5868);
#5868 = DEFINITIONAL_REPRESENTATION('',(#5869),#5872);
#5869 = B_SPLINE_CURVE_WITH_KNOTS('',1,(#5870,#5871),.UNSPECIFIED.,.F.,
  .F.,(2,2),(0.,4.E-03),.PIECEWISE_BEZIER_KNOTS.);
#5870 = CARTESIAN_POINT('',(1.08E-02,0.));
#5871 = CARTESIAN_POINT('',(1.08E-02,-4.E-03));
#5872 = ( GEOMETRIC_REPRESENTATION_CONTEXT(2) 
PARAMETRIC_REPRESENTATION_CONTEXT() REPRESENTATION_CONTEXT('2D SPACE',''
  ) );
#5873 = PCURVE('',#5601,#5874);
#5874 = DEFINITIONAL_REPRESENTATION('',(#5875),#5879);
#5875 = B_SPLINE_CURVE_WITH_KNOTS('',2,(#5876,#5877,#5878),
  .UNSPECIFIED.,.F.,.F.,(3,3),(0.,4.E-03),.PIECEWISE_BEZIER_KNOTS.);
#5876 = CARTESIAN_POINT('',(1.570796326795,0.));
#5877 = CARTESIAN_POINT('',(1.570796326795,-2.E-03));
#5878 = CARTESIAN_POINT('',(1.570796326795,-4.E-03));
#5879 = ( GEOMETRIC_REPRESENTATION_CONTEXT(2) 
PARAMETRIC_REPRESENTATION_CONTEXT() REPRESENTATION_CONTEXT('2D SPACE',''
  ) );
#5880 = ORIENTED_EDGE('',*,*,#5881,.F.);
#5881 = EDGE_CURVE('',#5790,#5861,#5882,.T.);
#5882 = SURFACE_CURVE('',#5883,(#5886,#5892),.PCURVE_S1.);
#5883 = B_SPLINE_CURVE_WITH_KNOTS('',1,(#5884,#5885),.UNSPECIFIED.,.F.,
  .F.,(2,2),(0.,1.08E-02),.PIECEWISE_BEZIER_KNOTS.);
#5884 = CARTESIAN_POINT('',(5.4,15.275,19.4));
#5885 = CARTESIAN_POINT('',(-5.4,15.275,19.4));
#5886 = PCURVE('',#5804,#5887);
#5887 = DEFINITIONAL_REPRESENTATION('',(#5888),#5891);
#5888 = B_SPLINE_CURVE_WITH_KNOTS('',1,(#5889,#5890),.UNSPECIFIED.,.F.,
  .F.,(2,2),(0.,1.08E-02),.PIECEWISE_BEZIER_KNOTS.);
#5889 = CARTESIAN_POINT('',(0.,0.));
#5890 = CARTESIAN_POINT('',(1.08E-02,0.));
#5891 = ( GEOMETRIC_REPRESENTATION_CONTEXT(2) 
PARAMETRIC_REPRESENTATION_CONTEXT() REPRESENTATION_CONTEXT('2D SPACE',''
  ) );
#5892 = PCURVE('',#5293,#5893);
#5893 = DEFINITIONAL_REPRESENTATION('',(#5894),#5897);
#5894 = B_SPLINE_CURVE_WITH_KNOTS('',1,(#5895,#5896),.UNSPECIFIED.,.F.,
  .F.,(2,2),(0.,1.08E-02),.PIECEWISE_BEZIER_KNOTS.);
#5895 = CARTESIAN_POINT('',(5.4E-03,1.5275E-02));
#5896 = CARTESIAN_POINT('',(-5.4E-03,1.5275E-02));
#5897 = ( GEOMETRIC_REPRESENTATION_CONTEXT(2) 
PARAMETRIC_REPRESENTATION_CONTEXT() REPRESENTATION_CONTEXT('2D SPACE',''
  ) );
#5898 = ADVANCED_FACE('',(#5899),#5601,.F.);
#5899 = FACE_BOUND('',#5900,.F.);
#5900 = EDGE_LOOP('',(#5901,#5902,#5929,#5930));
#5901 = ORIENTED_EDGE('',*,*,#5860,.T.);
#5902 = ORIENTED_EDGE('',*,*,#5903,.T.);
#5903 = EDGE_CURVE('',#5841,#5583,#5904,.T.);
#5904 = SURFACE_CURVE('',#5905,(#5911,#5920),.PCURVE_S1.);
#5905 = ( BOUNDED_CURVE() B_SPLINE_CURVE(2,(#5906,#5907,#5908,#5909,
#5910),.UNSPECIFIED.,.F.,.F.) B_SPLINE_CURVE_WITH_KNOTS((3,2,3),(
    1.570796326795,3.14159265359,4.712388980385),
.PIECEWISE_BEZIER_KNOTS.) CURVE() GEOMETRIC_REPRESENTATION_ITEM() 
RATIONAL_B_SPLINE_CURVE((1.,0.707106781187,1.,0.707106781187,1.)) 
REPRESENTATION_ITEM('') );
#5906 = CARTESIAN_POINT('',(-5.4,15.275,15.4));
#5907 = CARTESIAN_POINT('',(-20.675,15.275,15.4));
#5908 = CARTESIAN_POINT('',(-20.675,1.870647985698E-15,15.4));
#5909 = CARTESIAN_POINT('',(-20.675,-15.275,15.4));
#5910 = CARTESIAN_POINT('',(-5.4,-15.275,15.4));
#5911 = PCURVE('',#5601,#5912);
#5912 = DEFINITIONAL_REPRESENTATION('',(#5913),#5919);
#5913 = B_SPLINE_CURVE_WITH_KNOTS('',2,(#5914,#5915,#5916,#5917,#5918),
  .UNSPECIFIED.,.F.,.F.,(3,2,3),(1.570796326795,3.14159265359,
    4.712388980385),.PIECEWISE_BEZIER_KNOTS.);
#5914 = CARTESIAN_POINT('',(1.570796326795,-4.E-03));
#5915 = CARTESIAN_POINT('',(2.356194490192,-4.E-03));
#5916 = CARTESIAN_POINT('',(3.14159265359,-4.E-03));
#5917 = CARTESIAN_POINT('',(3.926990816987,-4.E-03));
#5918 = CARTESIAN_POINT('',(4.712388980385,-4.E-03));
#5919 = ( GEOMETRIC_REPRESENTATION_CONTEXT(2) 
PARAMETRIC_REPRESENTATION_CONTEXT() REPRESENTATION_CONTEXT('2D SPACE',''
  ) );
#5920 = PCURVE('',#5242,#5921);
#5921 = DEFINITIONAL_REPRESENTATION('',(#5922),#5928);
#5922 = ( BOUNDED_CURVE() B_SPLINE_CURVE(2,(#5923,#5924,#5925,#5926,
#5927),.UNSPECIFIED.,.F.,.F.) B_SPLINE_CURVE_WITH_KNOTS((3,2,3),(
    1.570796326795,3.14159265359,4.712388980385),
.PIECEWISE_BEZIER_KNOTS.) CURVE() GEOMETRIC_REPRESENTATION_ITEM() 
RATIONAL_B_SPLINE_CURVE((1.,0.707106781187,1.,0.707106781187,1.)) 
REPRESENTATION_ITEM('') );
#5923 = CARTESIAN_POINT('',(-5.4E-03,1.5275E-02));
#5924 = CARTESIAN_POINT('',(-2.0675E-02,1.5275E-02));
#5925 = CARTESIAN_POINT('',(-2.0675E-02,2.969687187406E-18));
#5926 = CARTESIAN_POINT('',(-2.0675E-02,-1.5275E-02));
#5927 = CARTESIAN_POINT('',(-5.4E-03,-1.5275E-02));
#5928 = ( GEOMETRIC_REPRESENTATION_CONTEXT(2) 
PARAMETRIC_REPRESENTATION_CONTEXT() REPRESENTATION_CONTEXT('2D SPACE',''
  ) );
#5929 = ORIENTED_EDGE('',*,*,#5580,.F.);
#5930 = ORIENTED_EDGE('',*,*,#5931,.F.);
#5931 = EDGE_CURVE('',#5861,#5581,#5932,.T.);
#5932 = SURFACE_CURVE('',#5933,(#5939,#5948),.PCURVE_S1.);
#5933 = ( BOUNDED_CURVE() B_SPLINE_CURVE(2,(#5934,#5935,#5936,#5937,
#5938),.UNSPECIFIED.,.F.,.F.) B_SPLINE_CURVE_WITH_KNOTS((3,2,3),(
    1.570796326795,3.14159265359,4.712388980385),
.PIECEWISE_BEZIER_KNOTS.) CURVE() GEOMETRIC_REPRESENTATION_ITEM() 
RATIONAL_B_SPLINE_CURVE((1.,0.707106781187,1.,0.707106781187,1.)) 
REPRESENTATION_ITEM('') );
#5934 = CARTESIAN_POINT('',(-5.4,15.275,19.4));
#5935 = CARTESIAN_POINT('',(-20.675,15.275,19.4));
#5936 = CARTESIAN_POINT('',(-20.675,1.870647985698E-15,19.4));
#5937 = CARTESIAN_POINT('',(-20.675,-15.275,19.4));
#5938 = CARTESIAN_POINT('',(-5.4,-15.275,19.4));
#5939 = PCURVE('',#5601,#5940);
#5940 = DEFINITIONAL_REPRESENTATION('',(#5941),#5947);
#5941 = B_SPLINE_CURVE_WITH_KNOTS('',2,(#5942,#5943,#5944,#5945,#5946),
  .UNSPECIFIED.,.F.,.F.,(3,2,3),(1.570796326795,3.14159265359,
    4.712388980385),.PIECEWISE_BEZIER_KNOTS.);
#5942 = CARTESIAN_POINT('',(1.570796326795,0.));
#5943 = CARTESIAN_POINT('',(2.356194490192,0.));
#5944 = CARTESIAN_POINT('',(3.14159265359,0.));
#5945 = CARTESIAN_POINT('',(3.926990816987,0.));
#5946 = CARTESIAN_POINT('',(4.712388980385,0.));
#5947 = ( GEOMETRIC_REPRESENTATION_CONTEXT(2) 
PARAMETRIC_REPRESENTATION_CONTEXT() REPRESENTATION_CONTEXT('2D SPACE',''
  ) );
#5948 = PCURVE('',#5293,#5949);
#5949 = DEFINITIONAL_REPRESENTATION('',(#5950),#5956);
#5950 = ( BOUNDED_CURVE() B_SPLINE_CURVE(2,(#5951,#5952,#5953,#5954,
#5955),.UNSPECIFIED.,.F.,.F.) B_SPLINE_CURVE_WITH_KNOTS((3,2,3),(
    1.570796326795,3.14159265359,4.712388980385),
.PIECEWISE_BEZIER_KNOTS.) CURVE() GEOMETRIC_REPRESENTATION_ITEM() 
RATIONAL_B_SPLINE_CURVE((1.,0.707106781187,1.,0.707106781187,1.)) 
REPRESENTATION_ITEM('') );
#5951 = CARTESIAN_POINT('',(-5.4E-03,1.5275E-02));
#5952 = CARTESIAN_POINT('',(-2.0675E-02,1.5275E-02));
#5953 = CARTESIAN_POINT('',(-2.0675E-02,2.969687187406E-18));
#5954 = CARTESIAN_POINT('',(-2.0675E-02,-1.5275E-02));
#5955 = CARTESIAN_POINT('',(-5.4E-03,-1.5275E-02));
#5956 = ( GEOMETRIC_REPRESENTATION_CONTEXT(2) 
PARAMETRIC_REPRESENTATION_CONTEXT() REPRESENTATION_CONTEXT('2D SPACE',''
  ) );
#5957 = ADVANCED_FACE('',(#5958,#5965),#5293,.T.);
#5958 = FACE_BOUND('',#5959,.T.);
#5959 = EDGE_LOOP('',(#5960,#5961,#5962,#5963,#5964));
#5960 = ORIENTED_EDGE('',*,*,#5281,.T.);
#5961 = ORIENTED_EDGE('',*,*,#5446,.T.);
#5962 = ORIENTED_EDGE('',*,*,#5556,.T.);
#5963 = ORIENTED_EDGE('',*,*,#5512,.T.);
#5964 = ORIENTED_EDGE('',*,*,#5363,.T.);
#5965 = FACE_BOUND('',#5966,.T.);
#5966 = EDGE_LOOP('',(#5967,#5968,#5969,#5970,#5971));
#5967 = ORIENTED_EDGE('',*,*,#5667,.F.);
#5968 = ORIENTED_EDGE('',*,*,#5931,.F.);
#5969 = ORIENTED_EDGE('',*,*,#5881,.F.);
#5970 = ORIENTED_EDGE('',*,*,#5815,.F.);
#5971 = ORIENTED_EDGE('',*,*,#5741,.F.);
#5972 = ADVANCED_FACE('',(#5973,#5980),#5242,.F.);
#5973 = FACE_BOUND('',#5974,.F.);
#5974 = EDGE_LOOP('',(#5975,#5976,#5977,#5978,#5979));
#5975 = ORIENTED_EDGE('',*,*,#5228,.T.);
#5976 = ORIENTED_EDGE('',*,*,#5394,.T.);
#5977 = ORIENTED_EDGE('',*,*,#5534,.T.);
#5978 = ORIENTED_EDGE('',*,*,#5493,.T.);
#5979 = ORIENTED_EDGE('',*,*,#5335,.T.);
#5980 = FACE_BOUND('',#5981,.F.);
#5981 = EDGE_LOOP('',(#5982,#5983,#5984,#5985,#5986));
#5982 = ORIENTED_EDGE('',*,*,#5619,.F.);
#5983 = ORIENTED_EDGE('',*,*,#5903,.F.);
#5984 = ORIENTED_EDGE('',*,*,#5840,.F.);
#5985 = ORIENTED_EDGE('',*,*,#5766,.F.);
#5986 = ORIENTED_EDGE('',*,*,#5689,.F.);
#5987 = ( GEOMETRIC_REPRESENTATION_CONTEXT(3) 
GLOBAL_UNCERTAINTY_ASSIGNED_CONTEXT((#5991)) 
GLOBAL_UNIT_ASSIGNED_CONTEXT((#5988,#5989,#5990)) REPRESENTATION_CONTEXT
('Context #1','3D Context with UNIT and UNCERTAINTY') );
#5988 = ( LENGTH_UNIT() NAMED_UNIT(*) SI_UNIT(.MILLI.,.METRE.) );
#5989 = ( NAMED_UNIT(*) PLANE_ANGLE_UNIT() SI_UNIT($,.RADIAN.) );
#5990 = ( NAMED_UNIT(*) SI_UNIT($,.STERADIAN.) SOLID_ANGLE_UNIT() );
#5991 = UNCERTAINTY_MEASURE_WITH_UNIT(LENGTH_MEASURE(1.E-04),#5988,
  'distance_accuracy_value','confusion accuracy');
#5992 = CONTEXT_DEPENDENT_SHAPE_REPRESENTATION(#5993,#5995);
#5993 = ( REPRESENTATION_RELATIONSHIP('','',#5182,#10) 
REPRESENTATION_RELATIONSHIP_WITH_TRANSFORMATION(#5994) 
SHAPE_REPRESENTATION_RELATIONSHIP() );
#5994 = ITEM_DEFINED_TRANSFORMATION('','',#11,#39);
#5995 = PRODUCT_DEFINITION_SHAPE('Placement','Placement of an item',
  #5996);
#5996 = NEXT_ASSEMBLY_USAGE_OCCURRENCE('7','','',#5,#5177,$);
#5997 = PRODUCT_RELATED_PRODUCT_CATEGORY('part',$,(#5179));
#5998 = SHAPE_DEFINITION_REPRESENTATION(#5999,#6005);
#5999 = PRODUCT_DEFINITION_SHAPE('','',#6000);
#6000 = PRODUCT_DEFINITION('design','',#6001,#6004);
#6001 = PRODUCT_DEFINITION_FORMATION('','',#6002);
#6002 = PRODUCT('Open CASCADE STEP translator 7.9 1.8',
  'Open CASCADE STEP translator 7.9 1.8','',(#6003));
#6003 = PRODUCT_CONTEXT('',#2,'mechanical');
#6004 = PRODUCT_DEFINITION_CONTEXT('part definition',#2,'design');
#6005 = ADVANCED_BREP_SHAPE_REPRESENTATION('',(#11,#6006),#6810);
#6006 = MANIFOLD_SOLID_BREP('',#6007);
#6007 = CLOSED_SHELL('',(#6008,#6126,#6212,#6289,#6352,#6399,#6507,#6584
    ,#6658,#6721,#6780,#6795));
#6008 = ADVANCED_FACE('',(#6009),#6022,.T.);
#6009 = FACE_BOUND('',#6010,.T.);
#6010 = EDGE_LOOP('',(#6011,#6050,#6075,#6103));
#6011 = ORIENTED_EDGE('',*,*,#6012,.T.);
#6012 = EDGE_CURVE('',#6013,#6015,#6017,.T.);
#6013 = VERTEX_POINT('',#6014);
#6014 = CARTESIAN_POINT('',(-5.4,-43.925,23.4));
#6015 = VERTEX_POINT('',#6016);
#6016 = CARTESIAN_POINT('',(-5.4,-43.925,19.4));
#6017 = SURFACE_CURVE('',#6018,(#6021,#6032),.PCURVE_S1.);
#6018 = B_SPLINE_CURVE_WITH_KNOTS('',1,(#6019,#6020),.UNSPECIFIED.,.F.,
  .F.,(2,2),(0.,4.E-03),.PIECEWISE_BEZIER_KNOTS.);
#6019 = CARTESIAN_POINT('',(-5.4,-43.925,23.4));
#6020 = CARTESIAN_POINT('',(-5.4,-43.925,19.4));
#6021 = PCURVE('',#6022,#6027);
#6022 = B_SPLINE_SURFACE_WITH_KNOTS('',1,1,(
    (#6023,#6024)
    ,(#6025,#6026
  )),.UNSPECIFIED.,.F.,.F.,.F.,(2,2),(2,2),(0.,1.08E-02),(-4.E-03,0.),
  .PIECEWISE_BEZIER_KNOTS.);
#6023 = CARTESIAN_POINT('',(-5.4,-43.925,19.4));
#6024 = CARTESIAN_POINT('',(-5.4,-43.925,23.4));
#6025 = CARTESIAN_POINT('',(5.4,-43.925,19.4));
#6026 = CARTESIAN_POINT('',(5.4,-43.925,23.4));
#6027 = DEFINITIONAL_REPRESENTATION('',(#6028),#6031);
#6028 = B_SPLINE_CURVE_WITH_KNOTS('',1,(#6029,#6030),.UNSPECIFIED.,.F.,
  .F.,(2,2),(0.,4.E-03),.PIECEWISE_BEZIER_KNOTS.);
#6029 = CARTESIAN_POINT('',(0.,0.));
#6030 = CARTESIAN_POINT('',(0.,-4.E-03));
#6031 = ( GEOMETRIC_REPRESENTATION_CONTEXT(2) 
PARAMETRIC_REPRESENTATION_CONTEXT() REPRESENTATION_CONTEXT('2D SPACE',''
  ) );
#6032 = PCURVE('',#6033,#6044);
#6033 = ( BOUNDED_SURFACE() B_SPLINE_SURFACE(2,1,(
    (#6034,#6035)
    ,(#6036,#6037)
    ,(#6038,#6039)
    ,(#6040,#6041)
    ,(#6042,#6043
)),.UNSPECIFIED.,.F.,.F.,.F.) B_SPLINE_SURFACE_WITH_KNOTS((3,2,3),(2,2),
  (1.570796326795,3.14159265359,4.712388980385),(-4.E-03,0.),
.PIECEWISE_BEZIER_KNOTS.) GEOMETRIC_REPRESENTATION_ITEM() 
RATIONAL_B_SPLINE_SURFACE((
    (1.,1.)
    ,(0.707106781187,0.707106781187)
    ,(1.,1.)
    ,(0.707106781187,0.707106781187)
,(1.,1.))) REPRESENTATION_ITEM('') SURFACE() );
#6034 = CARTESIAN_POINT('',(-5.4,43.925,19.4));
#6035 = CARTESIAN_POINT('',(-5.4,43.925,23.4));
#6036 = CARTESIAN_POINT('',(-49.325,43.925,19.4));
#6037 = CARTESIAN_POINT('',(-49.325,43.925,23.4));
#6038 = CARTESIAN_POINT('',(-49.325,5.379261065255E-15,19.4));
#6039 = CARTESIAN_POINT('',(-49.325,5.379261065255E-15,23.4));
#6040 = CARTESIAN_POINT('',(-49.325,-43.925,19.4));
#6041 = CARTESIAN_POINT('',(-49.325,-43.925,23.4));
#6042 = CARTESIAN_POINT('',(-5.4,-43.925,19.4));
#6043 = CARTESIAN_POINT('',(-5.4,-43.925,23.4));
#6044 = DEFINITIONAL_REPRESENTATION('',(#6045),#6049);
#6045 = B_SPLINE_CURVE_WITH_KNOTS('',2,(#6046,#6047,#6048),
  .UNSPECIFIED.,.F.,.F.,(3,3),(0.,4.E-03),.PIECEWISE_BEZIER_KNOTS.);
#6046 = CARTESIAN_POINT('',(4.712388980385,0.));
#6047 = CARTESIAN_POINT('',(4.712388980385,-2.E-03));
#6048 = CARTESIAN_POINT('',(4.712388980385,-4.E-03));
#6049 = ( GEOMETRIC_REPRESENTATION_CONTEXT(2) 
PARAMETRIC_REPRESENTATION_CONTEXT() REPRESENTATION_CONTEXT('2D SPACE',''
  ) );
#6050 = ORIENTED_EDGE('',*,*,#6051,.T.);
#6051 = EDGE_CURVE('',#6015,#6052,#6054,.T.);
#6052 = VERTEX_POINT('',#6053);
#6053 = CARTESIAN_POINT('',(5.4,-43.925,19.4));
#6054 = SURFACE_CURVE('',#6055,(#6058,#6064),.PCURVE_S1.);
#6055 = B_SPLINE_CURVE_WITH_KNOTS('',1,(#6056,#6057),.UNSPECIFIED.,.F.,
  .F.,(2,2),(0.,1.08E-02),.PIECEWISE_BEZIER_KNOTS.);
#6056 = CARTESIAN_POINT('',(-5.4,-43.925,19.4));
#6057 = CARTESIAN_POINT('',(5.4,-43.925,19.4));
#6058 = PCURVE('',#6022,#6059);
#6059 = DEFINITIONAL_REPRESENTATION('',(#6060),#6063);
#6060 = B_SPLINE_CURVE_WITH_KNOTS('',1,(#6061,#6062),.UNSPECIFIED.,.F.,
  .F.,(2,2),(0.,1.08E-02),.PIECEWISE_BEZIER_KNOTS.);
#6061 = CARTESIAN_POINT('',(0.,-4.E-03));
#6062 = CARTESIAN_POINT('',(1.08E-02,-4.E-03));
#6063 = ( GEOMETRIC_REPRESENTATION_CONTEXT(2) 
PARAMETRIC_REPRESENTATION_CONTEXT() REPRESENTATION_CONTEXT('2D SPACE',''
  ) );
#6064 = PCURVE('',#6065,#6070);
#6065 = B_SPLINE_SURFACE_WITH_KNOTS('',1,1,(
    (#6066,#6067)
    ,(#6068,#6069
    )),.UNSPECIFIED.,.F.,.F.,.F.,(2,2),(2,2),(-4.9325E-02,4.9325E-02),(
    -4.3925E-02,4.3925E-02),.PIECEWISE_BEZIER_KNOTS.);
#6066 = CARTESIAN_POINT('',(-49.325,-43.925,19.4));
#6067 = CARTESIAN_POINT('',(-49.325,43.925,19.4));
#6068 = CARTESIAN_POINT('',(49.325,-43.925,19.4));
#6069 = CARTESIAN_POINT('',(49.325,43.925,19.4));
#6070 = DEFINITIONAL_REPRESENTATION('',(#6071),#6074);
#6071 = B_SPLINE_CURVE_WITH_KNOTS('',1,(#6072,#6073),.UNSPECIFIED.,.F.,
  .F.,(2,2),(0.,1.08E-02),.PIECEWISE_BEZIER_KNOTS.);
#6072 = CARTESIAN_POINT('',(-5.4E-03,-4.3925E-02));
#6073 = CARTESIAN_POINT('',(5.4E-03,-4.3925E-02));
#6074 = ( GEOMETRIC_REPRESENTATION_CONTEXT(2) 
PARAMETRIC_REPRESENTATION_CONTEXT() REPRESENTATION_CONTEXT('2D SPACE',''
  ) );
#6075 = ORIENTED_EDGE('',*,*,#6076,.F.);
#6076 = EDGE_CURVE('',#6077,#6052,#6079,.T.);
#6077 = VERTEX_POINT('',#6078);
#6078 = CARTESIAN_POINT('',(5.4,-43.925,23.4));
#6079 = SURFACE_CURVE('',#6080,(#6083,#6089),.PCURVE_S1.);
#6080 = B_SPLINE_CURVE_WITH_KNOTS('',1,(#6081,#6082),.UNSPECIFIED.,.F.,
  .F.,(2,2),(0.,4.E-03),.PIECEWISE_BEZIER_KNOTS.);
#6081 = CARTESIAN_POINT('',(5.4,-43.925,23.4));
#6082 = CARTESIAN_POINT('',(5.4,-43.925,19.4));
#6083 = PCURVE('',#6022,#6084);
#6084 = DEFINITIONAL_REPRESENTATION('',(#6085),#6088);
#6085 = B_SPLINE_CURVE_WITH_KNOTS('',1,(#6086,#6087),.UNSPECIFIED.,.F.,
  .F.,(2,2),(0.,4.E-03),.PIECEWISE_BEZIER_KNOTS.);
#6086 = CARTESIAN_POINT('',(1.08E-02,0.));
#6087 = CARTESIAN_POINT('',(1.08E-02,-4.E-03));
#6088 = ( GEOMETRIC_REPRESENTATION_CONTEXT(2) 
PARAMETRIC_REPRESENTATION_CONTEXT() REPRESENTATION_CONTEXT('2D SPACE',''
  ) );
#6089 = PCURVE('',#6090,#6097);
#6090 = ( BOUNDED_SURFACE() B_SPLINE_SURFACE(2,1,(
    (#6091,#6092)
    ,(#6093,#6094)
    ,(#6095,#6096
)),.UNSPECIFIED.,.F.,.F.,.F.) B_SPLINE_SURFACE_WITH_KNOTS((3,3),(2,2),(
    4.712388980385,6.28318530718),(-4.E-03,0.),
.PIECEWISE_BEZIER_KNOTS.) GEOMETRIC_REPRESENTATION_ITEM() 
RATIONAL_B_SPLINE_SURFACE((
    (1.,1.)
    ,(0.707106781187,0.707106781187)
,(1.,1.))) REPRESENTATION_ITEM('') SURFACE() );
#6091 = CARTESIAN_POINT('',(5.4,-43.925,19.4));
#6092 = CARTESIAN_POINT('',(5.4,-43.925,23.4));
#6093 = CARTESIAN_POINT('',(49.325,-43.925,19.4));
#6094 = CARTESIAN_POINT('',(49.325,-43.925,23.4));
#6095 = CARTESIAN_POINT('',(49.325,-1.075852213051E-14,19.4));
#6096 = CARTESIAN_POINT('',(49.325,-1.075852213051E-14,23.4));
#6097 = DEFINITIONAL_REPRESENTATION('',(#6098),#6102);
#6098 = B_SPLINE_CURVE_WITH_KNOTS('',2,(#6099,#6100,#6101),
  .UNSPECIFIED.,.F.,.F.,(3,3),(0.,4.E-03),.PIECEWISE_BEZIER_KNOTS.);
#6099 = CARTESIAN_POINT('',(4.712388980385,0.));
#6100 = CARTESIAN_POINT('',(4.712388980385,-2.E-03));
#6101 = CARTESIAN_POINT('',(4.712388980385,-4.E-03));
#6102 = ( GEOMETRIC_REPRESENTATION_CONTEXT(2) 
PARAMETRIC_REPRESENTATION_CONTEXT() REPRESENTATION_CONTEXT('2D SPACE',''
  ) );
#6103 = ORIENTED_EDGE('',*,*,#6104,.F.);
#6104 = EDGE_CURVE('',#6013,#6077,#6105,.T.);
#6105 = SURFACE_CURVE('',#6106,(#6109,#6115),.PCURVE_S1.);
#6106 = B_SPLINE_CURVE_WITH_KNOTS('',1,(#6107,#6108),.UNSPECIFIED.,.F.,
  .F.,(2,2),(0.,1.08E-02),.PIECEWISE_BEZIER_KNOTS.);
#6107 = CARTESIAN_POINT('',(-5.4,-43.925,23.4));
#6108 = CARTESIAN_POINT('',(5.4,-43.925,23.4));
#6109 = PCURVE('',#6022,#6110);
#6110 = DEFINITIONAL_REPRESENTATION('',(#6111),#6114);
#6111 = B_SPLINE_CURVE_WITH_KNOTS('',1,(#6112,#6113),.UNSPECIFIED.,.F.,
  .F.,(2,2),(0.,1.08E-02),.PIECEWISE_BEZIER_KNOTS.);
#6112 = CARTESIAN_POINT('',(0.,0.));
#6113 = CARTESIAN_POINT('',(1.08E-02,0.));
#6114 = ( GEOMETRIC_REPRESENTATION_CONTEXT(2) 
PARAMETRIC_REPRESENTATION_CONTEXT() REPRESENTATION_CONTEXT('2D SPACE',''
  ) );
#6115 = PCURVE('',#6116,#6121);
#6116 = B_SPLINE_SURFACE_WITH_KNOTS('',1,1,(
    (#6117,#6118)
    ,(#6119,#6120
    )),.UNSPECIFIED.,.F.,.F.,.F.,(2,2),(2,2),(-4.9325E-02,4.9325E-02),(
    -4.3925E-02,4.3925E-02),.PIECEWISE_BEZIER_KNOTS.);
#6117 = CARTESIAN_POINT('',(-49.325,-43.925,23.4));
#6118 = CARTESIAN_POINT('',(-49.325,43.925,23.4));
#6119 = CARTESIAN_POINT('',(49.325,-43.925,23.4));
#6120 = CARTESIAN_POINT('',(49.325,43.925,23.4));
#6121 = DEFINITIONAL_REPRESENTATION('',(#6122),#6125);
#6122 = B_SPLINE_CURVE_WITH_KNOTS('',1,(#6123,#6124),.UNSPECIFIED.,.F.,
  .F.,(2,2),(0.,1.08E-02),.PIECEWISE_BEZIER_KNOTS.);
#6123 = CARTESIAN_POINT('',(-5.4E-03,-4.3925E-02));
#6124 = CARTESIAN_POINT('',(5.4E-03,-4.3925E-02));
#6125 = ( GEOMETRIC_REPRESENTATION_CONTEXT(2) 
PARAMETRIC_REPRESENTATION_CONTEXT() REPRESENTATION_CONTEXT('2D SPACE',''
  ) );
#6126 = ADVANCED_FACE('',(#6127),#6033,.T.);
#6127 = FACE_BOUND('',#6128,.T.);
#6128 = EDGE_LOOP('',(#6129,#6157,#6184,#6185));
#6129 = ORIENTED_EDGE('',*,*,#6130,.T.);
#6130 = EDGE_CURVE('',#6131,#6133,#6135,.T.);
#6131 = VERTEX_POINT('',#6132);
#6132 = CARTESIAN_POINT('',(-5.4,43.925,23.4));
#6133 = VERTEX_POINT('',#6134);
#6134 = CARTESIAN_POINT('',(-5.4,43.925,19.4));
#6135 = SURFACE_CURVE('',#6136,(#6139,#6146),.PCURVE_S1.);
#6136 = B_SPLINE_CURVE_WITH_KNOTS('',1,(#6137,#6138),.UNSPECIFIED.,.F.,
  .F.,(2,2),(0.,4.E-03),.PIECEWISE_BEZIER_KNOTS.);
#6137 = CARTESIAN_POINT('',(-5.4,43.925,23.4));
#6138 = CARTESIAN_POINT('',(-5.4,43.925,19.4));
#6139 = PCURVE('',#6033,#6140);
#6140 = DEFINITIONAL_REPRESENTATION('',(#6141),#6145);
#6141 = B_SPLINE_CURVE_WITH_KNOTS('',2,(#6142,#6143,#6144),
  .UNSPECIFIED.,.F.,.F.,(3,3),(0.,4.E-03),.PIECEWISE_BEZIER_KNOTS.);
#6142 = CARTESIAN_POINT('',(1.570796326795,0.));
#6143 = CARTESIAN_POINT('',(1.570796326795,-2.E-03));
#6144 = CARTESIAN_POINT('',(1.570796326795,-4.E-03));
#6145 = ( GEOMETRIC_REPRESENTATION_CONTEXT(2) 
PARAMETRIC_REPRESENTATION_CONTEXT() REPRESENTATION_CONTEXT('2D SPACE',''
  ) );
#6146 = PCURVE('',#6147,#6152);
#6147 = B_SPLINE_SURFACE_WITH_KNOTS('',1,1,(
    (#6148,#6149)
    ,(#6150,#6151
  )),.UNSPECIFIED.,.F.,.F.,.F.,(2,2),(2,2),(0.,1.08E-02),(-4.E-03,0.),
  .PIECEWISE_BEZIER_KNOTS.);
#6148 = CARTESIAN_POINT('',(5.4,43.925,19.4));
#6149 = CARTESIAN_POINT('',(5.4,43.925,23.4));
#6150 = CARTESIAN_POINT('',(-5.4,43.925,19.4));
#6151 = CARTESIAN_POINT('',(-5.4,43.925,23.4));
#6152 = DEFINITIONAL_REPRESENTATION('',(#6153),#6156);
#6153 = B_SPLINE_CURVE_WITH_KNOTS('',1,(#6154,#6155),.UNSPECIFIED.,.F.,
  .F.,(2,2),(0.,4.E-03),.PIECEWISE_BEZIER_KNOTS.);
#6154 = CARTESIAN_POINT('',(1.08E-02,0.));
#6155 = CARTESIAN_POINT('',(1.08E-02,-4.E-03));
#6156 = ( GEOMETRIC_REPRESENTATION_CONTEXT(2) 
PARAMETRIC_REPRESENTATION_CONTEXT() REPRESENTATION_CONTEXT('2D SPACE',''
  ) );
#6157 = ORIENTED_EDGE('',*,*,#6158,.T.);
#6158 = EDGE_CURVE('',#6133,#6015,#6159,.T.);
#6159 = SURFACE_CURVE('',#6160,(#6166,#6175),.PCURVE_S1.);
#6160 = ( BOUNDED_CURVE() B_SPLINE_CURVE(2,(#6161,#6162,#6163,#6164,
#6165),.UNSPECIFIED.,.F.,.F.) B_SPLINE_CURVE_WITH_KNOTS((3,2,3),(
    1.570796326795,3.14159265359,4.712388980385),
.PIECEWISE_BEZIER_KNOTS.) CURVE() GEOMETRIC_REPRESENTATION_ITEM() 
RATIONAL_B_SPLINE_CURVE((1.,0.707106781187,1.,0.707106781187,1.)) 
REPRESENTATION_ITEM('') );
#6161 = CARTESIAN_POINT('',(-5.4,43.925,19.4));
#6162 = CARTESIAN_POINT('',(-49.325,43.925,19.4));
#6163 = CARTESIAN_POINT('',(-49.325,5.379261065255E-15,19.4));
#6164 = CARTESIAN_POINT('',(-49.325,-43.925,19.4));
#6165 = CARTESIAN_POINT('',(-5.4,-43.925,19.4));
#6166 = PCURVE('',#6033,#6167);
#6167 = DEFINITIONAL_REPRESENTATION('',(#6168),#6174);
#6168 = B_SPLINE_CURVE_WITH_KNOTS('',2,(#6169,#6170,#6171,#6172,#6173),
  .UNSPECIFIED.,.F.,.F.,(3,2,3),(1.570796326795,3.14159265359,
    4.712388980385),.PIECEWISE_BEZIER_KNOTS.);
#6169 = CARTESIAN_POINT('',(1.570796326795,-4.E-03));
#6170 = CARTESIAN_POINT('',(2.356194490192,-4.E-03));
#6171 = CARTESIAN_POINT('',(3.14159265359,-4.E-03));
#6172 = CARTESIAN_POINT('',(3.926990816987,-4.E-03));
#6173 = CARTESIAN_POINT('',(4.712388980385,-4.E-03));
#6174 = ( GEOMETRIC_REPRESENTATION_CONTEXT(2) 
PARAMETRIC_REPRESENTATION_CONTEXT() REPRESENTATION_CONTEXT('2D SPACE',''
  ) );
#6175 = PCURVE('',#6065,#6176);
#6176 = DEFINITIONAL_REPRESENTATION('',(#6177),#6183);
#6177 = ( BOUNDED_CURVE() B_SPLINE_CURVE(2,(#6178,#6179,#6180,#6181,
#6182),.UNSPECIFIED.,.F.,.F.) B_SPLINE_CURVE_WITH_KNOTS((3,2,3),(
    1.570796326795,3.14159265359,4.712388980385),
.PIECEWISE_BEZIER_KNOTS.) CURVE() GEOMETRIC_REPRESENTATION_ITEM() 
RATIONAL_B_SPLINE_CURVE((1.,0.707106781187,1.,0.707106781187,1.)) 
REPRESENTATION_ITEM('') );
#6178 = CARTESIAN_POINT('',(-5.4E-03,4.3925E-02));
#6179 = CARTESIAN_POINT('',(-4.9325E-02,4.3925E-02));
#6180 = CARTESIAN_POINT('',(-4.9325E-02,6.478300266963E-18));
#6181 = CARTESIAN_POINT('',(-4.9325E-02,-4.3925E-02));
#6182 = CARTESIAN_POINT('',(-5.4E-03,-4.3925E-02));
#6183 = ( GEOMETRIC_REPRESENTATION_CONTEXT(2) 
PARAMETRIC_REPRESENTATION_CONTEXT() REPRESENTATION_CONTEXT('2D SPACE',''
  ) );
#6184 = ORIENTED_EDGE('',*,*,#6012,.F.);
#6185 = ORIENTED_EDGE('',*,*,#6186,.F.);
#6186 = EDGE_CURVE('',#6131,#6013,#6187,.T.);
#6187 = SURFACE_CURVE('',#6188,(#6194,#6203),.PCURVE_S1.);
#6188 = ( BOUNDED_CURVE() B_SPLINE_CURVE(2,(#6189,#6190,#6191,#6192,
#6193),.UNSPECIFIED.,.F.,.F.) B_SPLINE_CURVE_WITH_KNOTS((3,2,3),(
    1.570796326795,3.14159265359,4.712388980385),
.PIECEWISE_BEZIER_KNOTS.) CURVE() GEOMETRIC_REPRESENTATION_ITEM() 
RATIONAL_B_SPLINE_CURVE((1.,0.707106781187,1.,0.707106781187,1.)) 
REPRESENTATION_ITEM('') );
#6189 = CARTESIAN_POINT('',(-5.4,43.925,23.4));
#6190 = CARTESIAN_POINT('',(-49.325,43.925,23.4));
#6191 = CARTESIAN_POINT('',(-49.325,5.379261065255E-15,23.4));
#6192 = CARTESIAN_POINT('',(-49.325,-43.925,23.4));
#6193 = CARTESIAN_POINT('',(-5.4,-43.925,23.4));
#6194 = PCURVE('',#6033,#6195);
#6195 = DEFINITIONAL_REPRESENTATION('',(#6196),#6202);
#6196 = B_SPLINE_CURVE_WITH_KNOTS('',2,(#6197,#6198,#6199,#6200,#6201),
  .UNSPECIFIED.,.F.,.F.,(3,2,3),(1.570796326795,3.14159265359,
    4.712388980385),.PIECEWISE_BEZIER_KNOTS.);
#6197 = CARTESIAN_POINT('',(1.570796326795,0.));
#6198 = CARTESIAN_POINT('',(2.356194490192,0.));
#6199 = CARTESIAN_POINT('',(3.14159265359,0.));
#6200 = CARTESIAN_POINT('',(3.926990816987,0.));
#6201 = CARTESIAN_POINT('',(4.712388980385,0.));
#6202 = ( GEOMETRIC_REPRESENTATION_CONTEXT(2) 
PARAMETRIC_REPRESENTATION_CONTEXT() REPRESENTATION_CONTEXT('2D SPACE',''
  ) );
#6203 = PCURVE('',#6116,#6204);
#6204 = DEFINITIONAL_REPRESENTATION('',(#6205),#6211);
#6205 = ( BOUNDED_CURVE() B_SPLINE_CURVE(2,(#6206,#6207,#6208,#6209,
#6210),.UNSPECIFIED.,.F.,.F.) B_SPLINE_CURVE_WITH_KNOTS((3,2,3),(
    1.570796326795,3.14159265359,4.712388980385),
.PIECEWISE_BEZIER_KNOTS.) CURVE() GEOMETRIC_REPRESENTATION_ITEM() 
RATIONAL_B_SPLINE_CURVE((1.,0.707106781187,1.,0.707106781187,1.)) 
REPRESENTATION_ITEM('') );
#6206 = CARTESIAN_POINT('',(-5.4E-03,4.3925E-02));
#6207 = CARTESIAN_POINT('',(-4.9325E-02,4.3925E-02));
#6208 = CARTESIAN_POINT('',(-4.9325E-02,6.478300266963E-18));
#6209 = CARTESIAN_POINT('',(-4.9325E-02,-4.3925E-02));
#6210 = CARTESIAN_POINT('',(-5.4E-03,-4.3925E-02));
#6211 = ( GEOMETRIC_REPRESENTATION_CONTEXT(2) 
PARAMETRIC_REPRESENTATION_CONTEXT() REPRESENTATION_CONTEXT('2D SPACE',''
  ) );
#6212 = ADVANCED_FACE('',(#6213),#6090,.T.);
#6213 = FACE_BOUND('',#6214,.T.);
#6214 = EDGE_LOOP('',(#6215,#6216,#6239,#6268));
#6215 = ORIENTED_EDGE('',*,*,#6076,.T.);
#6216 = ORIENTED_EDGE('',*,*,#6217,.T.);
#6217 = EDGE_CURVE('',#6052,#6218,#6220,.T.);
#6218 = VERTEX_POINT('',#6219);
#6219 = CARTESIAN_POINT('',(49.325,0.,19.4));
#6220 = SURFACE_CURVE('',#6221,(#6225,#6232),.PCURVE_S1.);
#6221 = ( BOUNDED_CURVE() B_SPLINE_CURVE(2,(#6222,#6223,#6224),
.UNSPECIFIED.,.F.,.F.) B_SPLINE_CURVE_WITH_KNOTS((3,3),(4.712388980385,
6.28318530718),.PIECEWISE_BEZIER_KNOTS.) CURVE() 
GEOMETRIC_REPRESENTATION_ITEM() RATIONAL_B_SPLINE_CURVE((1.,
0.707106781187,1.)) REPRESENTATION_ITEM('') );
#6222 = CARTESIAN_POINT('',(5.4,-43.925,19.4));
#6223 = CARTESIAN_POINT('',(49.325,-43.925,19.4));
#6224 = CARTESIAN_POINT('',(49.325,-1.075852213051E-14,19.4));
#6225 = PCURVE('',#6090,#6226);
#6226 = DEFINITIONAL_REPRESENTATION('',(#6227),#6231);
#6227 = B_SPLINE_CURVE_WITH_KNOTS('',2,(#6228,#6229,#6230),
  .UNSPECIFIED.,.F.,.F.,(3,3),(4.712388980385,6.28318530718),
  .PIECEWISE_BEZIER_KNOTS.);
#6228 = CARTESIAN_POINT('',(4.712388980385,-4.E-03));
#6229 = CARTESIAN_POINT('',(5.497787143782,-4.E-03));
#6230 = CARTESIAN_POINT('',(6.28318530718,-4.E-03));
#6231 = ( GEOMETRIC_REPRESENTATION_CONTEXT(2) 
PARAMETRIC_REPRESENTATION_CONTEXT() REPRESENTATION_CONTEXT('2D SPACE',''
  ) );
#6232 = PCURVE('',#6065,#6233);
#6233 = DEFINITIONAL_REPRESENTATION('',(#6234),#6238);
#6234 = ( BOUNDED_CURVE() B_SPLINE_CURVE(2,(#6235,#6236,#6237),
.UNSPECIFIED.,.F.,.F.) B_SPLINE_CURVE_WITH_KNOTS((3,3),(4.712388980385,
6.28318530718),.PIECEWISE_BEZIER_KNOTS.) CURVE() 
GEOMETRIC_REPRESENTATION_ITEM() RATIONAL_B_SPLINE_CURVE((1.,
0.707106781187,1.)) REPRESENTATION_ITEM('') );
#6235 = CARTESIAN_POINT('',(5.4E-03,-4.3925E-02));
#6236 = CARTESIAN_POINT('',(4.9325E-02,-4.3925E-02));
#6237 = CARTESIAN_POINT('',(4.9325E-02,-9.659482928801E-18));
#6238 = ( GEOMETRIC_REPRESENTATION_CONTEXT(2) 
PARAMETRIC_REPRESENTATION_CONTEXT() REPRESENTATION_CONTEXT('2D SPACE',''
  ) );
#6239 = ORIENTED_EDGE('',*,*,#6240,.F.);
#6240 = EDGE_CURVE('',#6241,#6218,#6243,.T.);
#6241 = VERTEX_POINT('',#6242);
#6242 = CARTESIAN_POINT('',(49.325,0.,23.4));
#6243 = SURFACE_CURVE('',#6244,(#6247,#6254),.PCURVE_S1.);
#6244 = B_SPLINE_CURVE_WITH_KNOTS('',1,(#6245,#6246),.UNSPECIFIED.,.F.,
  .F.,(2,2),(0.,4.E-03),.PIECEWISE_BEZIER_KNOTS.);
#6245 = CARTESIAN_POINT('',(49.325,0.,23.4));
#6246 = CARTESIAN_POINT('',(49.325,0.,19.4));
#6247 = PCURVE('',#6090,#6248);
#6248 = DEFINITIONAL_REPRESENTATION('',(#6249),#6253);
#6249 = B_SPLINE_CURVE_WITH_KNOTS('',2,(#6250,#6251,#6252),
  .UNSPECIFIED.,.F.,.F.,(3,3),(0.,4.E-03),.PIECEWISE_BEZIER_KNOTS.);
#6250 = CARTESIAN_POINT('',(6.28318530718,0.));
#6251 = CARTESIAN_POINT('',(6.28318530718,-2.E-03));
#6252 = CARTESIAN_POINT('',(6.28318530718,-4.E-03));
#6253 = ( GEOMETRIC_REPRESENTATION_CONTEXT(2) 
PARAMETRIC_REPRESENTATION_CONTEXT() REPRESENTATION_CONTEXT('2D SPACE',''
  ) );
#6254 = PCURVE('',#6255,#6262);
#6255 = ( BOUNDED_SURFACE() B_SPLINE_SURFACE(2,1,(
    (#6256,#6257)
    ,(#6258,#6259)
    ,(#6260,#6261
)),.UNSPECIFIED.,.F.,.F.,.F.) B_SPLINE_SURFACE_WITH_KNOTS((3,3),(2,2),(
    0.,1.570796326795),(-4.E-03,0.),.PIECEWISE_BEZIER_KNOTS.) 
GEOMETRIC_REPRESENTATION_ITEM() RATIONAL_B_SPLINE_SURFACE((
    (1.,1.)
    ,(0.707106781187,0.707106781187)
,(1.,1.))) REPRESENTATION_ITEM('') SURFACE() );
#6256 = CARTESIAN_POINT('',(49.325,0.,19.4));
#6257 = CARTESIAN_POINT('',(49.325,0.,23.4));
#6258 = CARTESIAN_POINT('',(49.325,43.925,19.4));
#6259 = CARTESIAN_POINT('',(49.325,43.925,23.4));
#6260 = CARTESIAN_POINT('',(5.4,43.925,19.4));
#6261 = CARTESIAN_POINT('',(5.4,43.925,23.4));
#6262 = DEFINITIONAL_REPRESENTATION('',(#6263),#6267);
#6263 = B_SPLINE_CURVE_WITH_KNOTS('',2,(#6264,#6265,#6266),
  .UNSPECIFIED.,.F.,.F.,(3,3),(0.,4.E-03),.PIECEWISE_BEZIER_KNOTS.);
#6264 = CARTESIAN_POINT('',(0.,0.));
#6265 = CARTESIAN_POINT('',(0.,-2.E-03));
#6266 = CARTESIAN_POINT('',(0.,-4.E-03));
#6267 = ( GEOMETRIC_REPRESENTATION_CONTEXT(2) 
PARAMETRIC_REPRESENTATION_CONTEXT() REPRESENTATION_CONTEXT('2D SPACE',''
  ) );
#6268 = ORIENTED_EDGE('',*,*,#6269,.F.);
#6269 = EDGE_CURVE('',#6077,#6241,#6270,.T.);
#6270 = SURFACE_CURVE('',#6271,(#6275,#6282),.PCURVE_S1.);
#6271 = ( BOUNDED_CURVE() B_SPLINE_CURVE(2,(#6272,#6273,#6274),
.UNSPECIFIED.,.F.,.F.) B_SPLINE_CURVE_WITH_KNOTS((3,3),(4.712388980385,
6.28318530718),.PIECEWISE_BEZIER_KNOTS.) CURVE() 
GEOMETRIC_REPRESENTATION_ITEM() RATIONAL_B_SPLINE_CURVE((1.,
0.707106781187,1.)) REPRESENTATION_ITEM('') );
#6272 = CARTESIAN_POINT('',(5.4,-43.925,23.4));
#6273 = CARTESIAN_POINT('',(49.325,-43.925,23.4));
#6274 = CARTESIAN_POINT('',(49.325,-1.075852213051E-14,23.4));
#6275 = PCURVE('',#6090,#6276);
#6276 = DEFINITIONAL_REPRESENTATION('',(#6277),#6281);
#6277 = B_SPLINE_CURVE_WITH_KNOTS('',2,(#6278,#6279,#6280),
  .UNSPECIFIED.,.F.,.F.,(3,3),(4.712388980385,6.28318530718),
  .PIECEWISE_BEZIER_KNOTS.);
#6278 = CARTESIAN_POINT('',(4.712388980385,0.));
#6279 = CARTESIAN_POINT('',(5.497787143782,0.));
#6280 = CARTESIAN_POINT('',(6.28318530718,0.));
#6281 = ( GEOMETRIC_REPRESENTATION_CONTEXT(2) 
PARAMETRIC_REPRESENTATION_CONTEXT() REPRESENTATION_CONTEXT('2D SPACE',''
  ) );
#6282 = PCURVE('',#6116,#6283);
#6283 = DEFINITIONAL_REPRESENTATION('',(#6284),#6288);
#6284 = ( BOUNDED_CURVE() B_SPLINE_CURVE(2,(#6285,#6286,#6287),
.UNSPECIFIED.,.F.,.F.) B_SPLINE_CURVE_WITH_KNOTS((3,3),(4.712388980385,
6.28318530718),.PIECEWISE_BEZIER_KNOTS.) CURVE() 
GEOMETRIC_REPRESENTATION_ITEM() RATIONAL_B_SPLINE_CURVE((1.,
0.707106781187,1.)) REPRESENTATION_ITEM('') );
#6285 = CARTESIAN_POINT('',(5.4E-03,-4.3925E-02));
#6286 = CARTESIAN_POINT('',(4.9325E-02,-4.3925E-02));
#6287 = CARTESIAN_POINT('',(4.9325E-02,-9.659482928801E-18));
#6288 = ( GEOMETRIC_REPRESENTATION_CONTEXT(2) 
PARAMETRIC_REPRESENTATION_CONTEXT() REPRESENTATION_CONTEXT('2D SPACE',''
  ) );
#6289 = ADVANCED_FACE('',(#6290),#6147,.T.);
#6290 = FACE_BOUND('',#6291,.T.);
#6291 = EDGE_LOOP('',(#6292,#6315,#6333,#6334));
#6292 = ORIENTED_EDGE('',*,*,#6293,.T.);
#6293 = EDGE_CURVE('',#6294,#6296,#6298,.T.);
#6294 = VERTEX_POINT('',#6295);
#6295 = CARTESIAN_POINT('',(5.4,43.925,23.4));
#6296 = VERTEX_POINT('',#6297);
#6297 = CARTESIAN_POINT('',(5.4,43.925,19.4));
#6298 = SURFACE_CURVE('',#6299,(#6302,#6308),.PCURVE_S1.);
#6299 = B_SPLINE_CURVE_WITH_KNOTS('',1,(#6300,#6301),.UNSPECIFIED.,.F.,
  .F.,(2,2),(0.,4.E-03),.PIECEWISE_BEZIER_KNOTS.);
#6300 = CARTESIAN_POINT('',(5.4,43.925,23.4));
#6301 = CARTESIAN_POINT('',(5.4,43.925,19.4));
#6302 = PCURVE('',#6147,#6303);
#6303 = DEFINITIONAL_REPRESENTATION('',(#6304),#6307);
#6304 = B_SPLINE_CURVE_WITH_KNOTS('',1,(#6305,#6306),.UNSPECIFIED.,.F.,
  .F.,(2,2),(0.,4.E-03),.PIECEWISE_BEZIER_KNOTS.);
#6305 = CARTESIAN_POINT('',(0.,0.));
#6306 = CARTESIAN_POINT('',(0.,-4.E-03));
#6307 = ( GEOMETRIC_REPRESENTATION_CONTEXT(2) 
PARAMETRIC_REPRESENTATION_CONTEXT() REPRESENTATION_CONTEXT('2D SPACE',''
  ) );
#6308 = PCURVE('',#6255,#6309);
#6309 = DEFINITIONAL_REPRESENTATION('',(#6310),#6314);
#6310 = B_SPLINE_CURVE_WITH_KNOTS('',2,(#6311,#6312,#6313),
  .UNSPECIFIED.,.F.,.F.,(3,3),(0.,4.E-03),.PIECEWISE_BEZIER_KNOTS.);
#6311 = CARTESIAN_POINT('',(1.570796326795,0.));
#6312 = CARTESIAN_POINT('',(1.570796326795,-2.E-03));
#6313 = CARTESIAN_POINT('',(1.570796326795,-4.E-03));
#6314 = ( GEOMETRIC_REPRESENTATION_CONTEXT(2) 
PARAMETRIC_REPRESENTATION_CONTEXT() REPRESENTATION_CONTEXT('2D SPACE',''
  ) );
#6315 = ORIENTED_EDGE('',*,*,#6316,.T.);
#6316 = EDGE_CURVE('',#6296,#6133,#6317,.T.);
#6317 = SURFACE_CURVE('',#6318,(#6321,#6327),.PCURVE_S1.);
#6318 = B_SPLINE_CURVE_WITH_KNOTS('',1,(#6319,#6320),.UNSPECIFIED.,.F.,
  .F.,(2,2),(0.,1.08E-02),.PIECEWISE_BEZIER_KNOTS.);
#6319 = CARTESIAN_POINT('',(5.4,43.925,19.4));
#6320 = CARTESIAN_POINT('',(-5.4,43.925,19.4));
#6321 = PCURVE('',#6147,#6322);
#6322 = DEFINITIONAL_REPRESENTATION('',(#6323),#6326);
#6323 = B_SPLINE_CURVE_WITH_KNOTS('',1,(#6324,#6325),.UNSPECIFIED.,.F.,
  .F.,(2,2),(0.,1.08E-02),.PIECEWISE_BEZIER_KNOTS.);
#6324 = CARTESIAN_POINT('',(0.,-4.E-03));
#6325 = CARTESIAN_POINT('',(1.08E-02,-4.E-03));
#6326 = ( GEOMETRIC_REPRESENTATION_CONTEXT(2) 
PARAMETRIC_REPRESENTATION_CONTEXT() REPRESENTATION_CONTEXT('2D SPACE',''
  ) );
#6327 = PCURVE('',#6065,#6328);
#6328 = DEFINITIONAL_REPRESENTATION('',(#6329),#6332);
#6329 = B_SPLINE_CURVE_WITH_KNOTS('',1,(#6330,#6331),.UNSPECIFIED.,.F.,
  .F.,(2,2),(0.,1.08E-02),.PIECEWISE_BEZIER_KNOTS.);
#6330 = CARTESIAN_POINT('',(5.4E-03,4.3925E-02));
#6331 = CARTESIAN_POINT('',(-5.4E-03,4.3925E-02));
#6332 = ( GEOMETRIC_REPRESENTATION_CONTEXT(2) 
PARAMETRIC_REPRESENTATION_CONTEXT() REPRESENTATION_CONTEXT('2D SPACE',''
  ) );
#6333 = ORIENTED_EDGE('',*,*,#6130,.F.);
#6334 = ORIENTED_EDGE('',*,*,#6335,.F.);
#6335 = EDGE_CURVE('',#6294,#6131,#6336,.T.);
#6336 = SURFACE_CURVE('',#6337,(#6340,#6346),.PCURVE_S1.);
#6337 = B_SPLINE_CURVE_WITH_KNOTS('',1,(#6338,#6339),.UNSPECIFIED.,.F.,
  .F.,(2,2),(0.,1.08E-02),.PIECEWISE_BEZIER_KNOTS.);
#6338 = CARTESIAN_POINT('',(5.4,43.925,23.4));
#6339 = CARTESIAN_POINT('',(-5.4,43.925,23.4));
#6340 = PCURVE('',#6147,#6341);
#6341 = DEFINITIONAL_REPRESENTATION('',(#6342),#6345);
#6342 = B_SPLINE_CURVE_WITH_KNOTS('',1,(#6343,#6344),.UNSPECIFIED.,.F.,
  .F.,(2,2),(0.,1.08E-02),.PIECEWISE_BEZIER_KNOTS.);
#6343 = CARTESIAN_POINT('',(0.,0.));
#6344 = CARTESIAN_POINT('',(1.08E-02,0.));
#6345 = ( GEOMETRIC_REPRESENTATION_CONTEXT(2) 
PARAMETRIC_REPRESENTATION_CONTEXT() REPRESENTATION_CONTEXT('2D SPACE',''
  ) );
#6346 = PCURVE('',#6116,#6347);
#6347 = DEFINITIONAL_REPRESENTATION('',(#6348),#6351);
#6348 = B_SPLINE_CURVE_WITH_KNOTS('',1,(#6349,#6350),.UNSPECIFIED.,.F.,
  .F.,(2,2),(0.,1.08E-02),.PIECEWISE_BEZIER_KNOTS.);
#6349 = CARTESIAN_POINT('',(5.4E-03,4.3925E-02));
#6350 = CARTESIAN_POINT('',(-5.4E-03,4.3925E-02));
#6351 = ( GEOMETRIC_REPRESENTATION_CONTEXT(2) 
PARAMETRIC_REPRESENTATION_CONTEXT() REPRESENTATION_CONTEXT('2D SPACE',''
  ) );
#6352 = ADVANCED_FACE('',(#6353),#6255,.T.);
#6353 = FACE_BOUND('',#6354,.T.);
#6354 = EDGE_LOOP('',(#6355,#6356,#6377,#6378));
#6355 = ORIENTED_EDGE('',*,*,#6240,.T.);
#6356 = ORIENTED_EDGE('',*,*,#6357,.T.);
#6357 = EDGE_CURVE('',#6218,#6296,#6358,.T.);
#6358 = SURFACE_CURVE('',#6359,(#6363,#6370),.PCURVE_S1.);
#6359 = ( BOUNDED_CURVE() B_SPLINE_CURVE(2,(#6360,#6361,#6362),
.UNSPECIFIED.,.F.,.F.) B_SPLINE_CURVE_WITH_KNOTS((3,3),(0.,
1.570796326795),.PIECEWISE_BEZIER_KNOTS.) CURVE() 
GEOMETRIC_REPRESENTATION_ITEM() RATIONAL_B_SPLINE_CURVE((1.,
0.707106781187,1.)) REPRESENTATION_ITEM('') );
#6360 = CARTESIAN_POINT('',(49.325,0.,19.4));
#6361 = CARTESIAN_POINT('',(49.325,43.925,19.4));
#6362 = CARTESIAN_POINT('',(5.4,43.925,19.4));
#6363 = PCURVE('',#6255,#6364);
#6364 = DEFINITIONAL_REPRESENTATION('',(#6365),#6369);
#6365 = B_SPLINE_CURVE_WITH_KNOTS('',2,(#6366,#6367,#6368),
  .UNSPECIFIED.,.F.,.F.,(3,3),(0.,1.570796326795),
  .PIECEWISE_BEZIER_KNOTS.);
#6366 = CARTESIAN_POINT('',(0.,-4.E-03));
#6367 = CARTESIAN_POINT('',(0.785398163397,-4.E-03));
#6368 = CARTESIAN_POINT('',(1.570796326795,-4.E-03));
#6369 = ( GEOMETRIC_REPRESENTATION_CONTEXT(2) 
PARAMETRIC_REPRESENTATION_CONTEXT() REPRESENTATION_CONTEXT('2D SPACE',''
  ) );
#6370 = PCURVE('',#6065,#6371);
#6371 = DEFINITIONAL_REPRESENTATION('',(#6372),#6376);
#6372 = ( BOUNDED_CURVE() B_SPLINE_CURVE(2,(#6373,#6374,#6375),
.UNSPECIFIED.,.F.,.F.) B_SPLINE_CURVE_WITH_KNOTS((3,3),(0.,
1.570796326795),.PIECEWISE_BEZIER_KNOTS.) CURVE() 
GEOMETRIC_REPRESENTATION_ITEM() RATIONAL_B_SPLINE_CURVE((1.,
0.707106781187,1.)) REPRESENTATION_ITEM('') );
#6373 = CARTESIAN_POINT('',(4.9325E-02,1.099039201709E-18));
#6374 = CARTESIAN_POINT('',(4.9325E-02,4.3925E-02));
#6375 = CARTESIAN_POINT('',(5.4E-03,4.3925E-02));
#6376 = ( GEOMETRIC_REPRESENTATION_CONTEXT(2) 
PARAMETRIC_REPRESENTATION_CONTEXT() REPRESENTATION_CONTEXT('2D SPACE',''
  ) );
#6377 = ORIENTED_EDGE('',*,*,#6293,.F.);
#6378 = ORIENTED_EDGE('',*,*,#6379,.F.);
#6379 = EDGE_CURVE('',#6241,#6294,#6380,.T.);
#6380 = SURFACE_CURVE('',#6381,(#6385,#6392),.PCURVE_S1.);
#6381 = ( BOUNDED_CURVE() B_SPLINE_CURVE(2,(#6382,#6383,#6384),
.UNSPECIFIED.,.F.,.F.) B_SPLINE_CURVE_WITH_KNOTS((3,3),(0.,
1.570796326795),.PIECEWISE_BEZIER_KNOTS.) CURVE() 
GEOMETRIC_REPRESENTATION_ITEM() RATIONAL_B_SPLINE_CURVE((1.,
0.707106781187,1.)) REPRESENTATION_ITEM('') );
#6382 = CARTESIAN_POINT('',(49.325,0.,23.4));
#6383 = CARTESIAN_POINT('',(49.325,43.925,23.4));
#6384 = CARTESIAN_POINT('',(5.4,43.925,23.4));
#6385 = PCURVE('',#6255,#6386);
#6386 = DEFINITIONAL_REPRESENTATION('',(#6387),#6391);
#6387 = B_SPLINE_CURVE_WITH_KNOTS('',2,(#6388,#6389,#6390),
  .UNSPECIFIED.,.F.,.F.,(3,3),(0.,1.570796326795),
  .PIECEWISE_BEZIER_KNOTS.);
#6388 = CARTESIAN_POINT('',(0.,0.));
#6389 = CARTESIAN_POINT('',(0.785398163397,0.));
#6390 = CARTESIAN_POINT('',(1.570796326795,0.));
#6391 = ( GEOMETRIC_REPRESENTATION_CONTEXT(2) 
PARAMETRIC_REPRESENTATION_CONTEXT() REPRESENTATION_CONTEXT('2D SPACE',''
  ) );
#6392 = PCURVE('',#6116,#6393);
#6393 = DEFINITIONAL_REPRESENTATION('',(#6394),#6398);
#6394 = ( BOUNDED_CURVE() B_SPLINE_CURVE(2,(#6395,#6396,#6397),
.UNSPECIFIED.,.F.,.F.) B_SPLINE_CURVE_WITH_KNOTS((3,3),(0.,
1.570796326795),.PIECEWISE_BEZIER_KNOTS.) CURVE() 
GEOMETRIC_REPRESENTATION_ITEM() RATIONAL_B_SPLINE_CURVE((1.,
0.707106781187,1.)) REPRESENTATION_ITEM('') );
#6395 = CARTESIAN_POINT('',(4.9325E-02,1.099039201709E-18));
#6396 = CARTESIAN_POINT('',(4.9325E-02,4.3925E-02));
#6397 = CARTESIAN_POINT('',(5.4E-03,4.3925E-02));
#6398 = ( GEOMETRIC_REPRESENTATION_CONTEXT(2) 
PARAMETRIC_REPRESENTATION_CONTEXT() REPRESENTATION_CONTEXT('2D SPACE',''
  ) );
#6399 = ADVANCED_FACE('',(#6400),#6413,.F.);
#6400 = FACE_BOUND('',#6401,.F.);
#6401 = EDGE_LOOP('',(#6402,#6441,#6461,#6489));
#6402 = ORIENTED_EDGE('',*,*,#6403,.T.);
#6403 = EDGE_CURVE('',#6404,#6406,#6408,.T.);
#6404 = VERTEX_POINT('',#6405);
#6405 = CARTESIAN_POINT('',(-5.4,-15.275,23.4));
#6406 = VERTEX_POINT('',#6407);
#6407 = CARTESIAN_POINT('',(-5.4,-15.275,19.4));
#6408 = SURFACE_CURVE('',#6409,(#6412,#6423),.PCURVE_S1.);
#6409 = B_SPLINE_CURVE_WITH_KNOTS('',1,(#6410,#6411),.UNSPECIFIED.,.F.,
  .F.,(2,2),(0.,4.E-03),.PIECEWISE_BEZIER_KNOTS.);
#6410 = CARTESIAN_POINT('',(-5.4,-15.275,23.4));
#6411 = CARTESIAN_POINT('',(-5.4,-15.275,19.4));
#6412 = PCURVE('',#6413,#6418);
#6413 = B_SPLINE_SURFACE_WITH_KNOTS('',1,1,(
    (#6414,#6415)
    ,(#6416,#6417
  )),.UNSPECIFIED.,.F.,.F.,.F.,(2,2),(2,2),(0.,1.08E-02),(-4.E-03,0.),
  .PIECEWISE_BEZIER_KNOTS.);
#6414 = CARTESIAN_POINT('',(-5.4,-15.275,19.4));
#6415 = CARTESIAN_POINT('',(-5.4,-15.275,23.4));
#6416 = CARTESIAN_POINT('',(5.4,-15.275,19.4));
#6417 = CARTESIAN_POINT('',(5.4,-15.275,23.4));
#6418 = DEFINITIONAL_REPRESENTATION('',(#6419),#6422);
#6419 = B_SPLINE_CURVE_WITH_KNOTS('',1,(#6420,#6421),.UNSPECIFIED.,.F.,
  .F.,(2,2),(0.,4.E-03),.PIECEWISE_BEZIER_KNOTS.);
#6420 = CARTESIAN_POINT('',(0.,0.));
#6421 = CARTESIAN_POINT('',(0.,-4.E-03));
#6422 = ( GEOMETRIC_REPRESENTATION_CONTEXT(2) 
PARAMETRIC_REPRESENTATION_CONTEXT() REPRESENTATION_CONTEXT('2D SPACE',''
  ) );
#6423 = PCURVE('',#6424,#6435);
#6424 = ( BOUNDED_SURFACE() B_SPLINE_SURFACE(2,1,(
    (#6425,#6426)
    ,(#6427,#6428)
    ,(#6429,#6430)
    ,(#6431,#6432)
    ,(#6433,#6434
)),.UNSPECIFIED.,.F.,.F.,.F.) B_SPLINE_SURFACE_WITH_KNOTS((3,2,3),(2,2),
  (1.570796326795,3.14159265359,4.712388980385),(-4.E-03,0.),
.PIECEWISE_BEZIER_KNOTS.) GEOMETRIC_REPRESENTATION_ITEM() 
RATIONAL_B_SPLINE_SURFACE((
    (1.,1.)
    ,(0.707106781187,0.707106781187)
    ,(1.,1.)
    ,(0.707106781187,0.707106781187)
,(1.,1.))) REPRESENTATION_ITEM('') SURFACE() );
#6425 = CARTESIAN_POINT('',(-5.4,15.275,19.4));
#6426 = CARTESIAN_POINT('',(-5.4,15.275,23.4));
#6427 = CARTESIAN_POINT('',(-20.675,15.275,19.4));
#6428 = CARTESIAN_POINT('',(-20.675,15.275,23.4));
#6429 = CARTESIAN_POINT('',(-20.675,1.870647985698E-15,19.4));
#6430 = CARTESIAN_POINT('',(-20.675,1.870647985698E-15,23.4));
#6431 = CARTESIAN_POINT('',(-20.675,-15.275,19.4));
#6432 = CARTESIAN_POINT('',(-20.675,-15.275,23.4));
#6433 = CARTESIAN_POINT('',(-5.4,-15.275,19.4));
#6434 = CARTESIAN_POINT('',(-5.4,-15.275,23.4));
#6435 = DEFINITIONAL_REPRESENTATION('',(#6436),#6440);
#6436 = B_SPLINE_CURVE_WITH_KNOTS('',2,(#6437,#6438,#6439),
  .UNSPECIFIED.,.F.,.F.,(3,3),(0.,4.E-03),.PIECEWISE_BEZIER_KNOTS.);
#6437 = CARTESIAN_POINT('',(4.712388980385,0.));
#6438 = CARTESIAN_POINT('',(4.712388980385,-2.E-03));
#6439 = CARTESIAN_POINT('',(4.712388980385,-4.E-03));
#6440 = ( GEOMETRIC_REPRESENTATION_CONTEXT(2) 
PARAMETRIC_REPRESENTATION_CONTEXT() REPRESENTATION_CONTEXT('2D SPACE',''
  ) );
#6441 = ORIENTED_EDGE('',*,*,#6442,.T.);
#6442 = EDGE_CURVE('',#6406,#6443,#6445,.T.);
#6443 = VERTEX_POINT('',#6444);
#6444 = CARTESIAN_POINT('',(5.4,-15.275,19.4));
#6445 = SURFACE_CURVE('',#6446,(#6449,#6455),.PCURVE_S1.);
#6446 = B_SPLINE_CURVE_WITH_KNOTS('',1,(#6447,#6448),.UNSPECIFIED.,.F.,
  .F.,(2,2),(0.,1.08E-02),.PIECEWISE_BEZIER_KNOTS.);
#6447 = CARTESIAN_POINT('',(-5.4,-15.275,19.4));
#6448 = CARTESIAN_POINT('',(5.4,-15.275,19.4));
#6449 = PCURVE('',#6413,#6450);
#6450 = DEFINITIONAL_REPRESENTATION('',(#6451),#6454);
#6451 = B_SPLINE_CURVE_WITH_KNOTS('',1,(#6452,#6453),.UNSPECIFIED.,.F.,
  .F.,(2,2),(0.,1.08E-02),.PIECEWISE_BEZIER_KNOTS.);
#6452 = CARTESIAN_POINT('',(0.,-4.E-03));
#6453 = CARTESIAN_POINT('',(1.08E-02,-4.E-03));
#6454 = ( GEOMETRIC_REPRESENTATION_CONTEXT(2) 
PARAMETRIC_REPRESENTATION_CONTEXT() REPRESENTATION_CONTEXT('2D SPACE',''
  ) );
#6455 = PCURVE('',#6065,#6456);
#6456 = DEFINITIONAL_REPRESENTATION('',(#6457),#6460);
#6457 = B_SPLINE_CURVE_WITH_KNOTS('',1,(#6458,#6459),.UNSPECIFIED.,.F.,
  .F.,(2,2),(0.,1.08E-02),.PIECEWISE_BEZIER_KNOTS.);
#6458 = CARTESIAN_POINT('',(-5.4E-03,-1.5275E-02));
#6459 = CARTESIAN_POINT('',(5.4E-03,-1.5275E-02));
#6460 = ( GEOMETRIC_REPRESENTATION_CONTEXT(2) 
PARAMETRIC_REPRESENTATION_CONTEXT() REPRESENTATION_CONTEXT('2D SPACE',''
  ) );
#6461 = ORIENTED_EDGE('',*,*,#6462,.F.);
#6462 = EDGE_CURVE('',#6463,#6443,#6465,.T.);
#6463 = VERTEX_POINT('',#6464);
#6464 = CARTESIAN_POINT('',(5.4,-15.275,23.4));
#6465 = SURFACE_CURVE('',#6466,(#6469,#6475),.PCURVE_S1.);
#6466 = B_SPLINE_CURVE_WITH_KNOTS('',1,(#6467,#6468),.UNSPECIFIED.,.F.,
  .F.,(2,2),(0.,4.E-03),.PIECEWISE_BEZIER_KNOTS.);
#6467 = CARTESIAN_POINT('',(5.4,-15.275,23.4));
#6468 = CARTESIAN_POINT('',(5.4,-15.275,19.4));
#6469 = PCURVE('',#6413,#6470);
#6470 = DEFINITIONAL_REPRESENTATION('',(#6471),#6474);
#6471 = B_SPLINE_CURVE_WITH_KNOTS('',1,(#6472,#6473),.UNSPECIFIED.,.F.,
  .F.,(2,2),(0.,4.E-03),.PIECEWISE_BEZIER_KNOTS.);
#6472 = CARTESIAN_POINT('',(1.08E-02,0.));
#6473 = CARTESIAN_POINT('',(1.08E-02,-4.E-03));
#6474 = ( GEOMETRIC_REPRESENTATION_CONTEXT(2) 
PARAMETRIC_REPRESENTATION_CONTEXT() REPRESENTATION_CONTEXT('2D SPACE',''
  ) );
#6475 = PCURVE('',#6476,#6483);
#6476 = ( BOUNDED_SURFACE() B_SPLINE_SURFACE(2,1,(
    (#6477,#6478)
    ,(#6479,#6480)
    ,(#6481,#6482
)),.UNSPECIFIED.,.F.,.F.,.F.) B_SPLINE_SURFACE_WITH_KNOTS((3,3),(2,2),(
    4.712388980385,6.28318530718),(-4.E-03,0.),
.PIECEWISE_BEZIER_KNOTS.) GEOMETRIC_REPRESENTATION_ITEM() 
RATIONAL_B_SPLINE_SURFACE((
    (1.,1.)
    ,(0.707106781187,0.707106781187)
,(1.,1.))) REPRESENTATION_ITEM('') SURFACE() );
#6477 = CARTESIAN_POINT('',(5.4,-15.275,19.4));
#6478 = CARTESIAN_POINT('',(5.4,-15.275,23.4));
#6479 = CARTESIAN_POINT('',(20.675,-15.275,19.4));
#6480 = CARTESIAN_POINT('',(20.675,-15.275,23.4));
#6481 = CARTESIAN_POINT('',(20.675,-3.741295971395E-15,19.4));
#6482 = CARTESIAN_POINT('',(20.675,-3.741295971395E-15,23.4));
#6483 = DEFINITIONAL_REPRESENTATION('',(#6484),#6488);
#6484 = B_SPLINE_CURVE_WITH_KNOTS('',2,(#6485,#6486,#6487),
  .UNSPECIFIED.,.F.,.F.,(3,3),(0.,4.E-03),.PIECEWISE_BEZIER_KNOTS.);
#6485 = CARTESIAN_POINT('',(4.712388980385,0.));
#6486 = CARTESIAN_POINT('',(4.712388980385,-2.E-03));
#6487 = CARTESIAN_POINT('',(4.712388980385,-4.E-03));
#6488 = ( GEOMETRIC_REPRESENTATION_CONTEXT(2) 
PARAMETRIC_REPRESENTATION_CONTEXT() REPRESENTATION_CONTEXT('2D SPACE',''
  ) );
#6489 = ORIENTED_EDGE('',*,*,#6490,.F.);
#6490 = EDGE_CURVE('',#6404,#6463,#6491,.T.);
#6491 = SURFACE_CURVE('',#6492,(#6495,#6501),.PCURVE_S1.);
#6492 = B_SPLINE_CURVE_WITH_KNOTS('',1,(#6493,#6494),.UNSPECIFIED.,.F.,
  .F.,(2,2),(0.,1.08E-02),.PIECEWISE_BEZIER_KNOTS.);
#6493 = CARTESIAN_POINT('',(-5.4,-15.275,23.4));
#6494 = CARTESIAN_POINT('',(5.4,-15.275,23.4));
#6495 = PCURVE('',#6413,#6496);
#6496 = DEFINITIONAL_REPRESENTATION('',(#6497),#6500);
#6497 = B_SPLINE_CURVE_WITH_KNOTS('',1,(#6498,#6499),.UNSPECIFIED.,.F.,
  .F.,(2,2),(0.,1.08E-02),.PIECEWISE_BEZIER_KNOTS.);
#6498 = CARTESIAN_POINT('',(0.,0.));
#6499 = CARTESIAN_POINT('',(1.08E-02,0.));
#6500 = ( GEOMETRIC_REPRESENTATION_CONTEXT(2) 
PARAMETRIC_REPRESENTATION_CONTEXT() REPRESENTATION_CONTEXT('2D SPACE',''
  ) );
#6501 = PCURVE('',#6116,#6502);
#6502 = DEFINITIONAL_REPRESENTATION('',(#6503),#6506);
#6503 = B_SPLINE_CURVE_WITH_KNOTS('',1,(#6504,#6505),.UNSPECIFIED.,.F.,
  .F.,(2,2),(0.,1.08E-02),.PIECEWISE_BEZIER_KNOTS.);
#6504 = CARTESIAN_POINT('',(-5.4E-03,-1.5275E-02));
#6505 = CARTESIAN_POINT('',(5.4E-03,-1.5275E-02));
#6506 = ( GEOMETRIC_REPRESENTATION_CONTEXT(2) 
PARAMETRIC_REPRESENTATION_CONTEXT() REPRESENTATION_CONTEXT('2D SPACE',''
  ) );
#6507 = ADVANCED_FACE('',(#6508),#6476,.F.);
#6508 = FACE_BOUND('',#6509,.F.);
#6509 = EDGE_LOOP('',(#6510,#6511,#6534,#6563));
#6510 = ORIENTED_EDGE('',*,*,#6462,.T.);
#6511 = ORIENTED_EDGE('',*,*,#6512,.T.);
#6512 = EDGE_CURVE('',#6443,#6513,#6515,.T.);
#6513 = VERTEX_POINT('',#6514);
#6514 = CARTESIAN_POINT('',(20.675,0.,19.4));
#6515 = SURFACE_CURVE('',#6516,(#6520,#6527),.PCURVE_S1.);
#6516 = ( BOUNDED_CURVE() B_SPLINE_CURVE(2,(#6517,#6518,#6519),
.UNSPECIFIED.,.F.,.F.) B_SPLINE_CURVE_WITH_KNOTS((3,3),(4.712388980385,
6.28318530718),.PIECEWISE_BEZIER_KNOTS.) CURVE() 
GEOMETRIC_REPRESENTATION_ITEM() RATIONAL_B_SPLINE_CURVE((1.,
0.707106781187,1.)) REPRESENTATION_ITEM('') );
#6517 = CARTESIAN_POINT('',(5.4,-15.275,19.4));
#6518 = CARTESIAN_POINT('',(20.675,-15.275,19.4));
#6519 = CARTESIAN_POINT('',(20.675,-3.741295971395E-15,19.4));
#6520 = PCURVE('',#6476,#6521);
#6521 = DEFINITIONAL_REPRESENTATION('',(#6522),#6526);
#6522 = B_SPLINE_CURVE_WITH_KNOTS('',2,(#6523,#6524,#6525),
  .UNSPECIFIED.,.F.,.F.,(3,3),(4.712388980385,6.28318530718),
  .PIECEWISE_BEZIER_KNOTS.);
#6523 = CARTESIAN_POINT('',(4.712388980385,-4.E-03));
#6524 = CARTESIAN_POINT('',(5.497787143782,-4.E-03));
#6525 = CARTESIAN_POINT('',(6.28318530718,-4.E-03));
#6526 = ( GEOMETRIC_REPRESENTATION_CONTEXT(2) 
PARAMETRIC_REPRESENTATION_CONTEXT() REPRESENTATION_CONTEXT('2D SPACE',''
  ) );
#6527 = PCURVE('',#6065,#6528);
#6528 = DEFINITIONAL_REPRESENTATION('',(#6529),#6533);
#6529 = ( BOUNDED_CURVE() B_SPLINE_CURVE(2,(#6530,#6531,#6532),
.UNSPECIFIED.,.F.,.F.) B_SPLINE_CURVE_WITH_KNOTS((3,3),(4.712388980385,
6.28318530718),.PIECEWISE_BEZIER_KNOTS.) CURVE() 
GEOMETRIC_REPRESENTATION_ITEM() RATIONAL_B_SPLINE_CURVE((1.,
0.707106781187,1.)) REPRESENTATION_ITEM('') );
#6530 = CARTESIAN_POINT('',(5.4E-03,-1.5275E-02));
#6531 = CARTESIAN_POINT('',(2.0675E-02,-1.5275E-02));
#6532 = CARTESIAN_POINT('',(2.0675E-02,-2.642256769687E-18));
#6533 = ( GEOMETRIC_REPRESENTATION_CONTEXT(2) 
PARAMETRIC_REPRESENTATION_CONTEXT() REPRESENTATION_CONTEXT('2D SPACE',''
  ) );
#6534 = ORIENTED_EDGE('',*,*,#6535,.F.);
#6535 = EDGE_CURVE('',#6536,#6513,#6538,.T.);
#6536 = VERTEX_POINT('',#6537);
#6537 = CARTESIAN_POINT('',(20.675,0.,23.4));
#6538 = SURFACE_CURVE('',#6539,(#6542,#6549),.PCURVE_S1.);
#6539 = B_SPLINE_CURVE_WITH_KNOTS('',1,(#6540,#6541),.UNSPECIFIED.,.F.,
  .F.,(2,2),(0.,4.E-03),.PIECEWISE_BEZIER_KNOTS.);
#6540 = CARTESIAN_POINT('',(20.675,0.,23.4));
#6541 = CARTESIAN_POINT('',(20.675,0.,19.4));
#6542 = PCURVE('',#6476,#6543);
#6543 = DEFINITIONAL_REPRESENTATION('',(#6544),#6548);
#6544 = B_SPLINE_CURVE_WITH_KNOTS('',2,(#6545,#6546,#6547),
  .UNSPECIFIED.,.F.,.F.,(3,3),(0.,4.E-03),.PIECEWISE_BEZIER_KNOTS.);
#6545 = CARTESIAN_POINT('',(6.28318530718,0.));
#6546 = CARTESIAN_POINT('',(6.28318530718,-2.E-03));
#6547 = CARTESIAN_POINT('',(6.28318530718,-4.E-03));
#6548 = ( GEOMETRIC_REPRESENTATION_CONTEXT(2) 
PARAMETRIC_REPRESENTATION_CONTEXT() REPRESENTATION_CONTEXT('2D SPACE',''
  ) );
#6549 = PCURVE('',#6550,#6557);
#6550 = ( BOUNDED_SURFACE() B_SPLINE_SURFACE(2,1,(
    (#6551,#6552)
    ,(#6553,#6554)
    ,(#6555,#6556
)),.UNSPECIFIED.,.F.,.F.,.F.) B_SPLINE_SURFACE_WITH_KNOTS((3,3),(2,2),(
    0.,1.570796326795),(-4.E-03,0.),.PIECEWISE_BEZIER_KNOTS.) 
GEOMETRIC_REPRESENTATION_ITEM() RATIONAL_B_SPLINE_SURFACE((
    (1.,1.)
    ,(0.707106781187,0.707106781187)
,(1.,1.))) REPRESENTATION_ITEM('') SURFACE() );
#6551 = CARTESIAN_POINT('',(20.675,0.,19.4));
#6552 = CARTESIAN_POINT('',(20.675,0.,23.4));
#6553 = CARTESIAN_POINT('',(20.675,15.275,19.4));
#6554 = CARTESIAN_POINT('',(20.675,15.275,23.4));
#6555 = CARTESIAN_POINT('',(5.4,15.275,19.4));
#6556 = CARTESIAN_POINT('',(5.4,15.275,23.4));
#6557 = DEFINITIONAL_REPRESENTATION('',(#6558),#6562);
#6558 = B_SPLINE_CURVE_WITH_KNOTS('',2,(#6559,#6560,#6561),
  .UNSPECIFIED.,.F.,.F.,(3,3),(0.,4.E-03),.PIECEWISE_BEZIER_KNOTS.);
#6559 = CARTESIAN_POINT('',(0.,0.));
#6560 = CARTESIAN_POINT('',(0.,-2.E-03));
#6561 = CARTESIAN_POINT('',(0.,-4.E-03));
#6562 = ( GEOMETRIC_REPRESENTATION_CONTEXT(2) 
PARAMETRIC_REPRESENTATION_CONTEXT() REPRESENTATION_CONTEXT('2D SPACE',''
  ) );
#6563 = ORIENTED_EDGE('',*,*,#6564,.F.);
#6564 = EDGE_CURVE('',#6463,#6536,#6565,.T.);
#6565 = SURFACE_CURVE('',#6566,(#6570,#6577),.PCURVE_S1.);
#6566 = ( BOUNDED_CURVE() B_SPLINE_CURVE(2,(#6567,#6568,#6569),
.UNSPECIFIED.,.F.,.F.) B_SPLINE_CURVE_WITH_KNOTS((3,3),(4.712388980385,
6.28318530718),.PIECEWISE_BEZIER_KNOTS.) CURVE() 
GEOMETRIC_REPRESENTATION_ITEM() RATIONAL_B_SPLINE_CURVE((1.,
0.707106781187,1.)) REPRESENTATION_ITEM('') );
#6567 = CARTESIAN_POINT('',(5.4,-15.275,23.4));
#6568 = CARTESIAN_POINT('',(20.675,-15.275,23.4));
#6569 = CARTESIAN_POINT('',(20.675,-3.741295971395E-15,23.4));
#6570 = PCURVE('',#6476,#6571);
#6571 = DEFINITIONAL_REPRESENTATION('',(#6572),#6576);
#6572 = B_SPLINE_CURVE_WITH_KNOTS('',2,(#6573,#6574,#6575),
  .UNSPECIFIED.,.F.,.F.,(3,3),(4.712388980385,6.28318530718),
  .PIECEWISE_BEZIER_KNOTS.);
#6573 = CARTESIAN_POINT('',(4.712388980385,0.));
#6574 = CARTESIAN_POINT('',(5.497787143782,0.));
#6575 = CARTESIAN_POINT('',(6.28318530718,0.));
#6576 = ( GEOMETRIC_REPRESENTATION_CONTEXT(2) 
PARAMETRIC_REPRESENTATION_CONTEXT() REPRESENTATION_CONTEXT('2D SPACE',''
  ) );
#6577 = PCURVE('',#6116,#6578);
#6578 = DEFINITIONAL_REPRESENTATION('',(#6579),#6583);
#6579 = ( BOUNDED_CURVE() B_SPLINE_CURVE(2,(#6580,#6581,#6582),
.UNSPECIFIED.,.F.,.F.) B_SPLINE_CURVE_WITH_KNOTS((3,3),(4.712388980385,
6.28318530718),.PIECEWISE_BEZIER_KNOTS.) CURVE() 
GEOMETRIC_REPRESENTATION_ITEM() RATIONAL_B_SPLINE_CURVE((1.,
0.707106781187,1.)) REPRESENTATION_ITEM('') );
#6580 = CARTESIAN_POINT('',(5.4E-03,-1.5275E-02));
#6581 = CARTESIAN_POINT('',(2.0675E-02,-1.5275E-02));
#6582 = CARTESIAN_POINT('',(2.0675E-02,-2.642256769687E-18));
#6583 = ( GEOMETRIC_REPRESENTATION_CONTEXT(2) 
PARAMETRIC_REPRESENTATION_CONTEXT() REPRESENTATION_CONTEXT('2D SPACE',''
  ) );
#6584 = ADVANCED_FACE('',(#6585),#6550,.F.);
#6585 = FACE_BOUND('',#6586,.F.);
#6586 = EDGE_LOOP('',(#6587,#6588,#6611,#6637));
#6587 = ORIENTED_EDGE('',*,*,#6535,.T.);
#6588 = ORIENTED_EDGE('',*,*,#6589,.T.);
#6589 = EDGE_CURVE('',#6513,#6590,#6592,.T.);
#6590 = VERTEX_POINT('',#6591);
#6591 = CARTESIAN_POINT('',(5.4,15.275,19.4));
#6592 = SURFACE_CURVE('',#6593,(#6597,#6604),.PCURVE_S1.);
#6593 = ( BOUNDED_CURVE() B_SPLINE_CURVE(2,(#6594,#6595,#6596),
.UNSPECIFIED.,.F.,.F.) B_SPLINE_CURVE_WITH_KNOTS((3,3),(0.,
1.570796326795),.PIECEWISE_BEZIER_KNOTS.) CURVE() 
GEOMETRIC_REPRESENTATION_ITEM() RATIONAL_B_SPLINE_CURVE((1.,
0.707106781187,1.)) REPRESENTATION_ITEM('') );
#6594 = CARTESIAN_POINT('',(20.675,0.,19.4));
#6595 = CARTESIAN_POINT('',(20.675,15.275,19.4));
#6596 = CARTESIAN_POINT('',(5.4,15.275,19.4));
#6597 = PCURVE('',#6550,#6598);
#6598 = DEFINITIONAL_REPRESENTATION('',(#6599),#6603);
#6599 = B_SPLINE_CURVE_WITH_KNOTS('',2,(#6600,#6601,#6602),
  .UNSPECIFIED.,.F.,.F.,(3,3),(0.,1.570796326795),
  .PIECEWISE_BEZIER_KNOTS.);
#6600 = CARTESIAN_POINT('',(0.,-4.E-03));
#6601 = CARTESIAN_POINT('',(0.785398163397,-4.E-03));
#6602 = CARTESIAN_POINT('',(1.570796326795,-4.E-03));
#6603 = ( GEOMETRIC_REPRESENTATION_CONTEXT(2) 
PARAMETRIC_REPRESENTATION_CONTEXT() REPRESENTATION_CONTEXT('2D SPACE',''
  ) );
#6604 = PCURVE('',#6065,#6605);
#6605 = DEFINITIONAL_REPRESENTATION('',(#6606),#6610);
#6606 = ( BOUNDED_CURVE() B_SPLINE_CURVE(2,(#6607,#6608,#6609),
.UNSPECIFIED.,.F.,.F.) B_SPLINE_CURVE_WITH_KNOTS((3,3),(0.,
1.570796326795),.PIECEWISE_BEZIER_KNOTS.) CURVE() 
GEOMETRIC_REPRESENTATION_ITEM() RATIONAL_B_SPLINE_CURVE((1.,
0.707106781187,1.)) REPRESENTATION_ITEM('') );
#6607 = CARTESIAN_POINT('',(2.0675E-02,1.099039201709E-18));
#6608 = CARTESIAN_POINT('',(2.0675E-02,1.5275E-02));
#6609 = CARTESIAN_POINT('',(5.4E-03,1.5275E-02));
#6610 = ( GEOMETRIC_REPRESENTATION_CONTEXT(2) 
PARAMETRIC_REPRESENTATION_CONTEXT() REPRESENTATION_CONTEXT('2D SPACE',''
  ) );
#6611 = ORIENTED_EDGE('',*,*,#6612,.F.);
#6612 = EDGE_CURVE('',#6613,#6590,#6615,.T.);
#6613 = VERTEX_POINT('',#6614);
#6614 = CARTESIAN_POINT('',(5.4,15.275,23.4));
#6615 = SURFACE_CURVE('',#6616,(#6619,#6626),.PCURVE_S1.);
#6616 = B_SPLINE_CURVE_WITH_KNOTS('',1,(#6617,#6618),.UNSPECIFIED.,.F.,
  .F.,(2,2),(0.,4.E-03),.PIECEWISE_BEZIER_KNOTS.);
#6617 = CARTESIAN_POINT('',(5.4,15.275,23.4));
#6618 = CARTESIAN_POINT('',(5.4,15.275,19.4));
#6619 = PCURVE('',#6550,#6620);
#6620 = DEFINITIONAL_REPRESENTATION('',(#6621),#6625);
#6621 = B_SPLINE_CURVE_WITH_KNOTS('',2,(#6622,#6623,#6624),
  .UNSPECIFIED.,.F.,.F.,(3,3),(0.,4.E-03),.PIECEWISE_BEZIER_KNOTS.);
#6622 = CARTESIAN_POINT('',(1.570796326795,0.));
#6623 = CARTESIAN_POINT('',(1.570796326795,-2.E-03));
#6624 = CARTESIAN_POINT('',(1.570796326795,-4.E-03));
#6625 = ( GEOMETRIC_REPRESENTATION_CONTEXT(2) 
PARAMETRIC_REPRESENTATION_CONTEXT() REPRESENTATION_CONTEXT('2D SPACE',''
  ) );
#6626 = PCURVE('',#6627,#6632);
#6627 = B_SPLINE_SURFACE_WITH_KNOTS('',1,1,(
    (#6628,#6629)
    ,(#6630,#6631
  )),.UNSPECIFIED.,.F.,.F.,.F.,(2,2),(2,2),(0.,1.08E-02),(-4.E-03,0.),
  .PIECEWISE_BEZIER_KNOTS.);
#6628 = CARTESIAN_POINT('',(5.4,15.275,19.4));
#6629 = CARTESIAN_POINT('',(5.4,15.275,23.4));
#6630 = CARTESIAN_POINT('',(-5.4,15.275,19.4));
#6631 = CARTESIAN_POINT('',(-5.4,15.275,23.4));
#6632 = DEFINITIONAL_REPRESENTATION('',(#6633),#6636);
#6633 = B_SPLINE_CURVE_WITH_KNOTS('',1,(#6634,#6635),.UNSPECIFIED.,.F.,
  .F.,(2,2),(0.,4.E-03),.PIECEWISE_BEZIER_KNOTS.);
#6634 = CARTESIAN_POINT('',(0.,0.));
#6635 = CARTESIAN_POINT('',(0.,-4.E-03));
#6636 = ( GEOMETRIC_REPRESENTATION_CONTEXT(2) 
PARAMETRIC_REPRESENTATION_CONTEXT() REPRESENTATION_CONTEXT('2D SPACE',''
  ) );
#6637 = ORIENTED_EDGE('',*,*,#6638,.F.);
#6638 = EDGE_CURVE('',#6536,#6613,#6639,.T.);
#6639 = SURFACE_CURVE('',#6640,(#6644,#6651),.PCURVE_S1.);
#6640 = ( BOUNDED_CURVE() B_SPLINE_CURVE(2,(#6641,#6642,#6643),
.UNSPECIFIED.,.F.,.F.) B_SPLINE_CURVE_WITH_KNOTS((3,3),(0.,
1.570796326795),.PIECEWISE_BEZIER_KNOTS.) CURVE() 
GEOMETRIC_REPRESENTATION_ITEM() RATIONAL_B_SPLINE_CURVE((1.,
0.707106781187,1.)) REPRESENTATION_ITEM('') );
#6641 = CARTESIAN_POINT('',(20.675,0.,23.4));
#6642 = CARTESIAN_POINT('',(20.675,15.275,23.4));
#6643 = CARTESIAN_POINT('',(5.4,15.275,23.4));
#6644 = PCURVE('',#6550,#6645);
#6645 = DEFINITIONAL_REPRESENTATION('',(#6646),#6650);
#6646 = B_SPLINE_CURVE_WITH_KNOTS('',2,(#6647,#6648,#6649),
  .UNSPECIFIED.,.F.,.F.,(3,3),(0.,1.570796326795),
  .PIECEWISE_BEZIER_KNOTS.);
#6647 = CARTESIAN_POINT('',(0.,0.));
#6648 = CARTESIAN_POINT('',(0.785398163397,0.));
#6649 = CARTESIAN_POINT('',(1.570796326795,0.));
#6650 = ( GEOMETRIC_REPRESENTATION_CONTEXT(2) 
PARAMETRIC_REPRESENTATION_CONTEXT() REPRESENTATION_CONTEXT('2D SPACE',''
  ) );
#6651 = PCURVE('',#6116,#6652);
#6652 = DEFINITIONAL_REPRESENTATION('',(#6653),#6657);
#6653 = ( BOUNDED_CURVE() B_SPLINE_CURVE(2,(#6654,#6655,#6656),
.UNSPECIFIED.,.F.,.F.) B_SPLINE_CURVE_WITH_KNOTS((3,3),(0.,
1.570796326795),.PIECEWISE_BEZIER_KNOTS.) CURVE() 
GEOMETRIC_REPRESENTATION_ITEM() RATIONAL_B_SPLINE_CURVE((1.,
0.707106781187,1.)) REPRESENTATION_ITEM('') );
#6654 = CARTESIAN_POINT('',(2.0675E-02,1.099039201709E-18));
#6655 = CARTESIAN_POINT('',(2.0675E-02,1.5275E-02));
#6656 = CARTESIAN_POINT('',(5.4E-03,1.5275E-02));
#6657 = ( GEOMETRIC_REPRESENTATION_CONTEXT(2) 
PARAMETRIC_REPRESENTATION_CONTEXT() REPRESENTATION_CONTEXT('2D SPACE',''
  ) );
#6658 = ADVANCED_FACE('',(#6659),#6627,.F.);
#6659 = FACE_BOUND('',#6660,.F.);
#6660 = EDGE_LOOP('',(#6661,#6662,#6682,#6703));
#6661 = ORIENTED_EDGE('',*,*,#6612,.T.);
#6662 = ORIENTED_EDGE('',*,*,#6663,.T.);
#6663 = EDGE_CURVE('',#6590,#6664,#6666,.T.);
#6664 = VERTEX_POINT('',#6665);
#6665 = CARTESIAN_POINT('',(-5.4,15.275,19.4));
#6666 = SURFACE_CURVE('',#6667,(#6670,#6676),.PCURVE_S1.);
#6667 = B_SPLINE_CURVE_WITH_KNOTS('',1,(#6668,#6669),.UNSPECIFIED.,.F.,
  .F.,(2,2),(0.,1.08E-02),.PIECEWISE_BEZIER_KNOTS.);
#6668 = CARTESIAN_POINT('',(5.4,15.275,19.4));
#6669 = CARTESIAN_POINT('',(-5.4,15.275,19.4));
#6670 = PCURVE('',#6627,#6671);
#6671 = DEFINITIONAL_REPRESENTATION('',(#6672),#6675);
#6672 = B_SPLINE_CURVE_WITH_KNOTS('',1,(#6673,#6674),.UNSPECIFIED.,.F.,
  .F.,(2,2),(0.,1.08E-02),.PIECEWISE_BEZIER_KNOTS.);
#6673 = CARTESIAN_POINT('',(0.,-4.E-03));
#6674 = CARTESIAN_POINT('',(1.08E-02,-4.E-03));
#6675 = ( GEOMETRIC_REPRESENTATION_CONTEXT(2) 
PARAMETRIC_REPRESENTATION_CONTEXT() REPRESENTATION_CONTEXT('2D SPACE',''
  ) );
#6676 = PCURVE('',#6065,#6677);
#6677 = DEFINITIONAL_REPRESENTATION('',(#6678),#6681);
#6678 = B_SPLINE_CURVE_WITH_KNOTS('',1,(#6679,#6680),.UNSPECIFIED.,.F.,
  .F.,(2,2),(0.,1.08E-02),.PIECEWISE_BEZIER_KNOTS.);
#6679 = CARTESIAN_POINT('',(5.4E-03,1.5275E-02));
#6680 = CARTESIAN_POINT('',(-5.4E-03,1.5275E-02));
#6681 = ( GEOMETRIC_REPRESENTATION_CONTEXT(2) 
PARAMETRIC_REPRESENTATION_CONTEXT() REPRESENTATION_CONTEXT('2D SPACE',''
  ) );
#6682 = ORIENTED_EDGE('',*,*,#6683,.F.);
#6683 = EDGE_CURVE('',#6684,#6664,#6686,.T.);
#6684 = VERTEX_POINT('',#6685);
#6685 = CARTESIAN_POINT('',(-5.4,15.275,23.4));
#6686 = SURFACE_CURVE('',#6687,(#6690,#6696),.PCURVE_S1.);
#6687 = B_SPLINE_CURVE_WITH_KNOTS('',1,(#6688,#6689),.UNSPECIFIED.,.F.,
  .F.,(2,2),(0.,4.E-03),.PIECEWISE_BEZIER_KNOTS.);
#6688 = CARTESIAN_POINT('',(-5.4,15.275,23.4));
#6689 = CARTESIAN_POINT('',(-5.4,15.275,19.4));
#6690 = PCURVE('',#6627,#6691);
#6691 = DEFINITIONAL_REPRESENTATION('',(#6692),#6695);
#6692 = B_SPLINE_CURVE_WITH_KNOTS('',1,(#6693,#6694),.UNSPECIFIED.,.F.,
  .F.,(2,2),(0.,4.E-03),.PIECEWISE_BEZIER_KNOTS.);
#6693 = CARTESIAN_POINT('',(1.08E-02,0.));
#6694 = CARTESIAN_POINT('',(1.08E-02,-4.E-03));
#6695 = ( GEOMETRIC_REPRESENTATION_CONTEXT(2) 
PARAMETRIC_REPRESENTATION_CONTEXT() REPRESENTATION_CONTEXT('2D SPACE',''
  ) );
#6696 = PCURVE('',#6424,#6697);
#6697 = DEFINITIONAL_REPRESENTATION('',(#6698),#6702);
#6698 = B_SPLINE_CURVE_WITH_KNOTS('',2,(#6699,#6700,#6701),
  .UNSPECIFIED.,.F.,.F.,(3,3),(0.,4.E-03),.PIECEWISE_BEZIER_KNOTS.);
#6699 = CARTESIAN_POINT('',(1.570796326795,0.));
#6700 = CARTESIAN_POINT('',(1.570796326795,-2.E-03));
#6701 = CARTESIAN_POINT('',(1.570796326795,-4.E-03));
#6702 = ( GEOMETRIC_REPRESENTATION_CONTEXT(2) 
PARAMETRIC_REPRESENTATION_CONTEXT() REPRESENTATION_CONTEXT('2D SPACE',''
  ) );
#6703 = ORIENTED_EDGE('',*,*,#6704,.F.);
#6704 = EDGE_CURVE('',#6613,#6684,#6705,.T.);
#6705 = SURFACE_CURVE('',#6706,(#6709,#6715),.PCURVE_S1.);
#6706 = B_SPLINE_CURVE_WITH_KNOTS('',1,(#6707,#6708),.UNSPECIFIED.,.F.,
  .F.,(2,2),(0.,1.08E-02),.PIECEWISE_BEZIER_KNOTS.);
#6707 = CARTESIAN_POINT('',(5.4,15.275,23.4));
#6708 = CARTESIAN_POINT('',(-5.4,15.275,23.4));
#6709 = PCURVE('',#6627,#6710);
#6710 = DEFINITIONAL_REPRESENTATION('',(#6711),#6714);
#6711 = B_SPLINE_CURVE_WITH_KNOTS('',1,(#6712,#6713),.UNSPECIFIED.,.F.,
  .F.,(2,2),(0.,1.08E-02),.PIECEWISE_BEZIER_KNOTS.);
#6712 = CARTESIAN_POINT('',(0.,0.));
#6713 = CARTESIAN_POINT('',(1.08E-02,0.));
#6714 = ( GEOMETRIC_REPRESENTATION_CONTEXT(2) 
PARAMETRIC_REPRESENTATION_CONTEXT() REPRESENTATION_CONTEXT('2D SPACE',''
  ) );
#6715 = PCURVE('',#6116,#6716);
#6716 = DEFINITIONAL_REPRESENTATION('',(#6717),#6720);
#6717 = B_SPLINE_CURVE_WITH_KNOTS('',1,(#6718,#6719),.UNSPECIFIED.,.F.,
  .F.,(2,2),(0.,1.08E-02),.PIECEWISE_BEZIER_KNOTS.);
#6718 = CARTESIAN_POINT('',(5.4E-03,1.5275E-02));
#6719 = CARTESIAN_POINT('',(-5.4E-03,1.5275E-02));
#6720 = ( GEOMETRIC_REPRESENTATION_CONTEXT(2) 
PARAMETRIC_REPRESENTATION_CONTEXT() REPRESENTATION_CONTEXT('2D SPACE',''
  ) );
#6721 = ADVANCED_FACE('',(#6722),#6424,.F.);
#6722 = FACE_BOUND('',#6723,.F.);
#6723 = EDGE_LOOP('',(#6724,#6725,#6752,#6753));
#6724 = ORIENTED_EDGE('',*,*,#6683,.T.);
#6725 = ORIENTED_EDGE('',*,*,#6726,.T.);
#6726 = EDGE_CURVE('',#6664,#6406,#6727,.T.);
#6727 = SURFACE_CURVE('',#6728,(#6734,#6743),.PCURVE_S1.);
#6728 = ( BOUNDED_CURVE() B_SPLINE_CURVE(2,(#6729,#6730,#6731,#6732,
#6733),.UNSPECIFIED.,.F.,.F.) B_SPLINE_CURVE_WITH_KNOTS((3,2,3),(
    1.570796326795,3.14159265359,4.712388980385),
.PIECEWISE_BEZIER_KNOTS.) CURVE() GEOMETRIC_REPRESENTATION_ITEM() 
RATIONAL_B_SPLINE_CURVE((1.,0.707106781187,1.,0.707106781187,1.)) 
REPRESENTATION_ITEM('') );
#6729 = CARTESIAN_POINT('',(-5.4,15.275,19.4));
#6730 = CARTESIAN_POINT('',(-20.675,15.275,19.4));
#6731 = CARTESIAN_POINT('',(-20.675,1.870647985698E-15,19.4));
#6732 = CARTESIAN_POINT('',(-20.675,-15.275,19.4));
#6733 = CARTESIAN_POINT('',(-5.4,-15.275,19.4));
#6734 = PCURVE('',#6424,#6735);
#6735 = DEFINITIONAL_REPRESENTATION('',(#6736),#6742);
#6736 = B_SPLINE_CURVE_WITH_KNOTS('',2,(#6737,#6738,#6739,#6740,#6741),
  .UNSPECIFIED.,.F.,.F.,(3,2,3),(1.570796326795,3.14159265359,
    4.712388980385),.PIECEWISE_BEZIER_KNOTS.);
#6737 = CARTESIAN_POINT('',(1.570796326795,-4.E-03));
#6738 = CARTESIAN_POINT('',(2.356194490192,-4.E-03));
#6739 = CARTESIAN_POINT('',(3.14159265359,-4.E-03));
#6740 = CARTESIAN_POINT('',(3.926990816987,-4.E-03));
#6741 = CARTESIAN_POINT('',(4.712388980385,-4.E-03));
#6742 = ( GEOMETRIC_REPRESENTATION_CONTEXT(2) 
PARAMETRIC_REPRESENTATION_CONTEXT() REPRESENTATION_CONTEXT('2D SPACE',''
  ) );
#6743 = PCURVE('',#6065,#6744);
#6744 = DEFINITIONAL_REPRESENTATION('',(#6745),#6751);
#6745 = ( BOUNDED_CURVE() B_SPLINE_CURVE(2,(#6746,#6747,#6748,#6749,
#6750),.UNSPECIFIED.,.F.,.F.) B_SPLINE_CURVE_WITH_KNOTS((3,2,3),(
    1.570796326795,3.14159265359,4.712388980385),
.PIECEWISE_BEZIER_KNOTS.) CURVE() GEOMETRIC_REPRESENTATION_ITEM() 
RATIONAL_B_SPLINE_CURVE((1.,0.707106781187,1.,0.707106781187,1.)) 
REPRESENTATION_ITEM('') );
#6746 = CARTESIAN_POINT('',(-5.4E-03,1.5275E-02));
#6747 = CARTESIAN_POINT('',(-2.0675E-02,1.5275E-02));
#6748 = CARTESIAN_POINT('',(-2.0675E-02,2.969687187406E-18));
#6749 = CARTESIAN_POINT('',(-2.0675E-02,-1.5275E-02));
#6750 = CARTESIAN_POINT('',(-5.4E-03,-1.5275E-02));
#6751 = ( GEOMETRIC_REPRESENTATION_CONTEXT(2) 
PARAMETRIC_REPRESENTATION_CONTEXT() REPRESENTATION_CONTEXT('2D SPACE',''
  ) );
#6752 = ORIENTED_EDGE('',*,*,#6403,.F.);
#6753 = ORIENTED_EDGE('',*,*,#6754,.F.);
#6754 = EDGE_CURVE('',#6684,#6404,#6755,.T.);
#6755 = SURFACE_CURVE('',#6756,(#6762,#6771),.PCURVE_S1.);
#6756 = ( BOUNDED_CURVE() B_SPLINE_CURVE(2,(#6757,#6758,#6759,#6760,
#6761),.UNSPECIFIED.,.F.,.F.) B_SPLINE_CURVE_WITH_KNOTS((3,2,3),(
    1.570796326795,3.14159265359,4.712388980385),
.PIECEWISE_BEZIER_KNOTS.) CURVE() GEOMETRIC_REPRESENTATION_ITEM() 
RATIONAL_B_SPLINE_CURVE((1.,0.707106781187,1.,0.707106781187,1.)) 
REPRESENTATION_ITEM('') );
#6757 = CARTESIAN_POINT('',(-5.4,15.275,23.4));
#6758 = CARTESIAN_POINT('',(-20.675,15.275,23.4));
#6759 = CARTESIAN_POINT('',(-20.675,1.870647985698E-15,23.4));
#6760 = CARTESIAN_POINT('',(-20.675,-15.275,23.4));
#6761 = CARTESIAN_POINT('',(-5.4,-15.275,23.4));
#6762 = PCURVE('',#6424,#6763);
#6763 = DEFINITIONAL_REPRESENTATION('',(#6764),#6770);
#6764 = B_SPLINE_CURVE_WITH_KNOTS('',2,(#6765,#6766,#6767,#6768,#6769),
  .UNSPECIFIED.,.F.,.F.,(3,2,3),(1.570796326795,3.14159265359,
    4.712388980385),.PIECEWISE_BEZIER_KNOTS.);
#6765 = CARTESIAN_POINT('',(1.570796326795,0.));
#6766 = CARTESIAN_POINT('',(2.356194490192,0.));
#6767 = CARTESIAN_POINT('',(3.14159265359,0.));
#6768 = CARTESIAN_POINT('',(3.926990816987,0.));
#6769 = CARTESIAN_POINT('',(4.712388980385,0.));
#6770 = ( GEOMETRIC_REPRESENTATION_CONTEXT(2) 
PARAMETRIC_REPRESENTATION_CONTEXT() REPRESENTATION_CONTEXT('2D SPACE',''
  ) );
#6771 = PCURVE('',#6116,#6772);
#6772 = DEFINITIONAL_REPRESENTATION('',(#6773),#6779);
#6773 = ( BOUNDED_CURVE() B_SPLINE_CURVE(2,(#6774,#6775,#6776,#6777,
#6778),.UNSPECIFIED.,.F.,.F.) B_SPLINE_CURVE_WITH_KNOTS((3,2,3),(
    1.570796326795,3.14159265359,4.712388980385),
.PIECEWISE_BEZIER_KNOTS.) CURVE() GEOMETRIC_REPRESENTATION_ITEM() 
RATIONAL_B_SPLINE_CURVE((1.,0.707106781187,1.,0.707106781187,1.)) 
REPRESENTATION_ITEM('') );
#6774 = CARTESIAN_POINT('',(-5.4E-03,1.5275E-02));
#6775 = CARTESIAN_POINT('',(-2.0675E-02,1.5275E-02));
#6776 = CARTESIAN_POINT('',(-2.0675E-02,2.969687187406E-18));
#6777 = CARTESIAN_POINT('',(-2.0675E-02,-1.5275E-02));
#6778 = CARTESIAN_POINT('',(-5.4E-03,-1.5275E-02));
#6779 = ( GEOMETRIC_REPRESENTATION_CONTEXT(2) 
PARAMETRIC_REPRESENTATION_CONTEXT() REPRESENTATION_CONTEXT('2D SPACE',''
  ) );
#6780 = ADVANCED_FACE('',(#6781,#6788),#6116,.T.);
#6781 = FACE_BOUND('',#6782,.T.);
#6782 = EDGE_LOOP('',(#6783,#6784,#6785,#6786,#6787));
#6783 = ORIENTED_EDGE('',*,*,#6104,.T.);
#6784 = ORIENTED_EDGE('',*,*,#6269,.T.);
#6785 = ORIENTED_EDGE('',*,*,#6379,.T.);
#6786 = ORIENTED_EDGE('',*,*,#6335,.T.);
#6787 = ORIENTED_EDGE('',*,*,#6186,.T.);
#6788 = FACE_BOUND('',#6789,.T.);
#6789 = EDGE_LOOP('',(#6790,#6791,#6792,#6793,#6794));
#6790 = ORIENTED_EDGE('',*,*,#6490,.F.);
#6791 = ORIENTED_EDGE('',*,*,#6754,.F.);
#6792 = ORIENTED_EDGE('',*,*,#6704,.F.);
#6793 = ORIENTED_EDGE('',*,*,#6638,.F.);
#6794 = ORIENTED_EDGE('',*,*,#6564,.F.);
#6795 = ADVANCED_FACE('',(#6796,#6803),#6065,.F.);
#6796 = FACE_BOUND('',#6797,.F.);
#6797 = EDGE_LOOP('',(#6798,#6799,#6800,#6801,#6802));
#6798 = ORIENTED_EDGE('',*,*,#6051,.T.);
#6799 = ORIENTED_EDGE('',*,*,#6217,.T.);
#6800 = ORIENTED_EDGE('',*,*,#6357,.T.);
#6801 = ORIENTED_EDGE('',*,*,#6316,.T.);
#6802 = ORIENTED_EDGE('',*,*,#6158,.T.);
#6803 = FACE_BOUND('',#6804,.F.);
#6804 = EDGE_LOOP('',(#6805,#6806,#6807,#6808,#6809));
#6805 = ORIENTED_EDGE('',*,*,#6442,.F.);
#6806 = ORIENTED_EDGE('',*,*,#6726,.F.);
#6807 = ORIENTED_EDGE('',*,*,#6663,.F.);
#6808 = ORIENTED_EDGE('',*,*,#6589,.F.);
#6809 = ORIENTED_EDGE('',*,*,#6512,.F.);
#6810 = ( GEOMETRIC_REPRESENTATION_CONTEXT(3) 
GLOBAL_UNCERTAINTY_ASSIGNED_CONTEXT((#6814)) 
GLOBAL_UNIT_ASSIGNED_CONTEXT((#6811,#6812,#6813)) REPRESENTATION_CONTEXT
('Context #1','3D Context with UNIT and UNCERTAINTY') );
#6811 = ( LENGTH_UNIT() NAMED_UNIT(*) SI_UNIT(.MILLI.,.METRE.) );
#6812 = ( NAMED_UNIT(*) PLANE_ANGLE_UNIT() SI_UNIT($,.RADIAN.) );
#6813 = ( NAMED_UNIT(*) SI_UNIT($,.STERADIAN.) SOLID_ANGLE_UNIT() );
#6814 = UNCERTAINTY_MEASURE_WITH_UNIT(LENGTH_MEASURE(1.E-04),#6811,
  'distance_accuracy_value','confusion accuracy');
#6815 = CONTEXT_DEPENDENT_SHAPE_REPRESENTATION(#6816,#6818);
#6816 = ( REPRESENTATION_RELATIONSHIP('','',#6005,#10) 
REPRESENTATION_RELATIONSHIP_WITH_TRANSFORMATION(#6817) 
SHAPE_REPRESENTATION_RELATIONSHIP() );
#6817 = ITEM_DEFINED_TRANSFORMATION('','',#11,#43);
#6818 = PRODUCT_DEFINITION_SHAPE('Placement','Placement of an item',
  #6819);
#6819 = NEXT_ASSEMBLY_USAGE_OCCURRENCE('8','','',#5,#6000,$);
#6820 = PRODUCT_RELATED_PRODUCT_CATEGORY('part',$,(#6002));
#6821 = SHAPE_DEFINITION_REPRESENTATION(#6822,#6828);
#6822 = PRODUCT_DEFINITION_SHAPE('','',#6823);
#6823 = PRODUCT_DEFINITION('design','',#6824,#6827);
#6824 = PRODUCT_DEFINITION_FORMATION('','',#6825);
#6825 = PRODUCT('Open CASCADE STEP translator 7.9 1.9',
  'Open CASCADE STEP translator 7.9 1.9','',(#6826));
#6826 = PRODUCT_CONTEXT('',#2,'mechanical');
#6827 = PRODUCT_DEFINITION_CONTEXT('part definition',#2,'design');
#6828 = ADVANCED_BREP_SHAPE_REPRESENTATION('',(#11,#6829),#7633);
#6829 = MANIFOLD_SOLID_BREP('',#6830);
#6830 = CLOSED_SHELL('',(#6831,#6949,#7035,#7112,#7175,#7222,#7330,#7407
    ,#7481,#7544,#7603,#7618));
#6831 = ADVANCED_FACE('',(#6832),#6845,.T.);
#6832 = FACE_BOUND('',#6833,.T.);
#6833 = EDGE_LOOP('',(#6834,#6873,#6898,#6926));
#6834 = ORIENTED_EDGE('',*,*,#6835,.T.);
#6835 = EDGE_CURVE('',#6836,#6838,#6840,.T.);
#6836 = VERTEX_POINT('',#6837);
#6837 = CARTESIAN_POINT('',(-5.4,-43.925,27.4));
#6838 = VERTEX_POINT('',#6839);
#6839 = CARTESIAN_POINT('',(-5.4,-43.925,23.4));
#6840 = SURFACE_CURVE('',#6841,(#6844,#6855),.PCURVE_S1.);
#6841 = B_SPLINE_CURVE_WITH_KNOTS('',1,(#6842,#6843),.UNSPECIFIED.,.F.,
  .F.,(2,2),(0.,4.E-03),.PIECEWISE_BEZIER_KNOTS.);
#6842 = CARTESIAN_POINT('',(-5.4,-43.925,27.4));
#6843 = CARTESIAN_POINT('',(-5.4,-43.925,23.4));
#6844 = PCURVE('',#6845,#6850);
#6845 = B_SPLINE_SURFACE_WITH_KNOTS('',1,1,(
    (#6846,#6847)
    ,(#6848,#6849
  )),.UNSPECIFIED.,.F.,.F.,.F.,(2,2),(2,2),(0.,1.08E-02),(-4.E-03,0.),
  .PIECEWISE_BEZIER_KNOTS.);
#6846 = CARTESIAN_POINT('',(-5.4,-43.925,23.4));
#6847 = CARTESIAN_POINT('',(-5.4,-43.925,27.4));
#6848 = CARTESIAN_POINT('',(5.4,-43.925,23.4));
#6849 = CARTESIAN_POINT('',(5.4,-43.925,27.4));
#6850 = DEFINITIONAL_REPRESENTATION('',(#6851),#6854);
#6851 = B_SPLINE_CURVE_WITH_KNOTS('',1,(#6852,#6853),.UNSPECIFIED.,.F.,
  .F.,(2,2),(0.,4.E-03),.PIECEWISE_BEZIER_KNOTS.);
#6852 = CARTESIAN_POINT('',(0.,0.));
#6853 = CARTESIAN_POINT('',(0.,-4.E-03));
#6854 = ( GEOMETRIC_REPRESENTATION_CONTEXT(2) 
PARAMETRIC_REPRESENTATION_CONTEXT() REPRESENTATION_CONTEXT('2D SPACE',''
  ) );
#6855 = PCURVE('',#6856,#6867);
#6856 = ( BOUNDED_SURFACE() B_SPLINE_SURFACE(2,1,(
    (#6857,#6858)
    ,(#6859,#6860)
    ,(#6861,#6862)
    ,(#6863,#6864)
    ,(#6865,#6866
)),.UNSPECIFIED.,.F.,.F.,.F.) B_SPLINE_SURFACE_WITH_KNOTS((3,2,3),(2,2),
  (1.570796326795,3.14159265359,4.712388980385),(-4.E-03,0.),
.PIECEWISE_BEZIER_KNOTS.) GEOMETRIC_REPRESENTATION_ITEM() 
RATIONAL_B_SPLINE_SURFACE((
    (1.,1.)
    ,(0.707106781187,0.707106781187)
    ,(1.,1.)
    ,(0.707106781187,0.707106781187)
,(1.,1.))) REPRESENTATION_ITEM('') SURFACE() );
#6857 = CARTESIAN_POINT('',(-5.4,43.925,23.4));
#6858 = CARTESIAN_POINT('',(-5.4,43.925,27.4));
#6859 = CARTESIAN_POINT('',(-49.325,43.925,23.4));
#6860 = CARTESIAN_POINT('',(-49.325,43.925,27.4));
#6861 = CARTESIAN_POINT('',(-49.325,5.379261065255E-15,23.4));
#6862 = CARTESIAN_POINT('',(-49.325,5.379261065255E-15,27.4));
#6863 = CARTESIAN_POINT('',(-49.325,-43.925,23.4));
#6864 = CARTESIAN_POINT('',(-49.325,-43.925,27.4));
#6865 = CARTESIAN_POINT('',(-5.4,-43.925,23.4));
#6866 = CARTESIAN_POINT('',(-5.4,-43.925,27.4));
#6867 = DEFINITIONAL_REPRESENTATION('',(#6868),#6872);
#6868 = B_SPLINE_CURVE_WITH_KNOTS('',2,(#6869,#6870,#6871),
  .UNSPECIFIED.,.F.,.F.,(3,3),(0.,4.E-03),.PIECEWISE_BEZIER_KNOTS.);
#6869 = CARTESIAN_POINT('',(4.712388980385,0.));
#6870 = CARTESIAN_POINT('',(4.712388980385,-2.E-03));
#6871 = CARTESIAN_POINT('',(4.712388980385,-4.E-03));
#6872 = ( GEOMETRIC_REPRESENTATION_CONTEXT(2) 
PARAMETRIC_REPRESENTATION_CONTEXT() REPRESENTATION_CONTEXT('2D SPACE',''
  ) );
#6873 = ORIENTED_EDGE('',*,*,#6874,.T.);
#6874 = EDGE_CURVE('',#6838,#6875,#6877,.T.);
#6875 = VERTEX_POINT('',#6876);
#6876 = CARTESIAN_POINT('',(5.4,-43.925,23.4));
#6877 = SURFACE_CURVE('',#6878,(#6881,#6887),.PCURVE_S1.);
#6878 = B_SPLINE_CURVE_WITH_KNOTS('',1,(#6879,#6880),.UNSPECIFIED.,.F.,
  .F.,(2,2),(0.,1.08E-02),.PIECEWISE_BEZIER_KNOTS.);
#6879 = CARTESIAN_POINT('',(-5.4,-43.925,23.4));
#6880 = CARTESIAN_POINT('',(5.4,-43.925,23.4));
#6881 = PCURVE('',#6845,#6882);
#6882 = DEFINITIONAL_REPRESENTATION('',(#6883),#6886);
#6883 = B_SPLINE_CURVE_WITH_KNOTS('',1,(#6884,#6885),.UNSPECIFIED.,.F.,
  .F.,(2,2),(0.,1.08E-02),.PIECEWISE_BEZIER_KNOTS.);
#6884 = CARTESIAN_POINT('',(0.,-4.E-03));
#6885 = CARTESIAN_POINT('',(1.08E-02,-4.E-03));
#6886 = ( GEOMETRIC_REPRESENTATION_CONTEXT(2) 
PARAMETRIC_REPRESENTATION_CONTEXT() REPRESENTATION_CONTEXT('2D SPACE',''
  ) );
#6887 = PCURVE('',#6888,#6893);
#6888 = B_SPLINE_SURFACE_WITH_KNOTS('',1,1,(
    (#6889,#6890)
    ,(#6891,#6892
    )),.UNSPECIFIED.,.F.,.F.,.F.,(2,2),(2,2),(-4.9325E-02,4.9325E-02),(
    -4.3925E-02,4.3925E-02),.PIECEWISE_BEZIER_KNOTS.);
#6889 = CARTESIAN_POINT('',(-49.325,-43.925,23.4));
#6890 = CARTESIAN_POINT('',(-49.325,43.925,23.4));
#6891 = CARTESIAN_POINT('',(49.325,-43.925,23.4));
#6892 = CARTESIAN_POINT('',(49.325,43.925,23.4));
#6893 = DEFINITIONAL_REPRESENTATION('',(#6894),#6897);
#6894 = B_SPLINE_CURVE_WITH_KNOTS('',1,(#6895,#6896),.UNSPECIFIED.,.F.,
  .F.,(2,2),(0.,1.08E-02),.PIECEWISE_BEZIER_KNOTS.);
#6895 = CARTESIAN_POINT('',(-5.4E-03,-4.3925E-02));
#6896 = CARTESIAN_POINT('',(5.4E-03,-4.3925E-02));
#6897 = ( GEOMETRIC_REPRESENTATION_CONTEXT(2) 
PARAMETRIC_REPRESENTATION_CONTEXT() REPRESENTATION_CONTEXT('2D SPACE',''
  ) );
#6898 = ORIENTED_EDGE('',*,*,#6899,.F.);
#6899 = EDGE_CURVE('',#6900,#6875,#6902,.T.);
#6900 = VERTEX_POINT('',#6901);
#6901 = CARTESIAN_POINT('',(5.4,-43.925,27.4));
#6902 = SURFACE_CURVE('',#6903,(#6906,#6912),.PCURVE_S1.);
#6903 = B_SPLINE_CURVE_WITH_KNOTS('',1,(#6904,#6905),.UNSPECIFIED.,.F.,
  .F.,(2,2),(0.,4.E-03),.PIECEWISE_BEZIER_KNOTS.);
#6904 = CARTESIAN_POINT('',(5.4,-43.925,27.4));
#6905 = CARTESIAN_POINT('',(5.4,-43.925,23.4));
#6906 = PCURVE('',#6845,#6907);
#6907 = DEFINITIONAL_REPRESENTATION('',(#6908),#6911);
#6908 = B_SPLINE_CURVE_WITH_KNOTS('',1,(#6909,#6910),.UNSPECIFIED.,.F.,
  .F.,(2,2),(0.,4.E-03),.PIECEWISE_BEZIER_KNOTS.);
#6909 = CARTESIAN_POINT('',(1.08E-02,0.));
#6910 = CARTESIAN_POINT('',(1.08E-02,-4.E-03));
#6911 = ( GEOMETRIC_REPRESENTATION_CONTEXT(2) 
PARAMETRIC_REPRESENTATION_CONTEXT() REPRESENTATION_CONTEXT('2D SPACE',''
  ) );
#6912 = PCURVE('',#6913,#6920);
#6913 = ( BOUNDED_SURFACE() B_SPLINE_SURFACE(2,1,(
    (#6914,#6915)
    ,(#6916,#6917)
    ,(#6918,#6919
)),.UNSPECIFIED.,.F.,.F.,.F.) B_SPLINE_SURFACE_WITH_KNOTS((3,3),(2,2),(
    4.712388980385,6.28318530718),(-4.E-03,0.),
.PIECEWISE_BEZIER_KNOTS.) GEOMETRIC_REPRESENTATION_ITEM() 
RATIONAL_B_SPLINE_SURFACE((
    (1.,1.)
    ,(0.707106781187,0.707106781187)
,(1.,1.))) REPRESENTATION_ITEM('') SURFACE() );
#6914 = CARTESIAN_POINT('',(5.4,-43.925,23.4));
#6915 = CARTESIAN_POINT('',(5.4,-43.925,27.4));
#6916 = CARTESIAN_POINT('',(49.325,-43.925,23.4));
#6917 = CARTESIAN_POINT('',(49.325,-43.925,27.4));
#6918 = CARTESIAN_POINT('',(49.325,-1.075852213051E-14,23.4));
#6919 = CARTESIAN_POINT('',(49.325,-1.075852213051E-14,27.4));
#6920 = DEFINITIONAL_REPRESENTATION('',(#6921),#6925);
#6921 = B_SPLINE_CURVE_WITH_KNOTS('',2,(#6922,#6923,#6924),
  .UNSPECIFIED.,.F.,.F.,(3,3),(0.,4.E-03),.PIECEWISE_BEZIER_KNOTS.);
#6922 = CARTESIAN_POINT('',(4.712388980385,0.));
#6923 = CARTESIAN_POINT('',(4.712388980385,-2.E-03));
#6924 = CARTESIAN_POINT('',(4.712388980385,-4.E-03));
#6925 = ( GEOMETRIC_REPRESENTATION_CONTEXT(2) 
PARAMETRIC_REPRESENTATION_CONTEXT() REPRESENTATION_CONTEXT('2D SPACE',''
  ) );
#6926 = ORIENTED_EDGE('',*,*,#6927,.F.);
#6927 = EDGE_CURVE('',#6836,#6900,#6928,.T.);
#6928 = SURFACE_CURVE('',#6929,(#6932,#6938),.PCURVE_S1.);
#6929 = B_SPLINE_CURVE_WITH_KNOTS('',1,(#6930,#6931),.UNSPECIFIED.,.F.,
  .F.,(2,2),(0.,1.08E-02),.PIECEWISE_BEZIER_KNOTS.);
#6930 = CARTESIAN_POINT('',(-5.4,-43.925,27.4));
#6931 = CARTESIAN_POINT('',(5.4,-43.925,27.4));
#6932 = PCURVE('',#6845,#6933);
#6933 = DEFINITIONAL_REPRESENTATION('',(#6934),#6937);
#6934 = B_SPLINE_CURVE_WITH_KNOTS('',1,(#6935,#6936),.UNSPECIFIED.,.F.,
  .F.,(2,2),(0.,1.08E-02),.PIECEWISE_BEZIER_KNOTS.);
#6935 = CARTESIAN_POINT('',(0.,0.));
#6936 = CARTESIAN_POINT('',(1.08E-02,0.));
#6937 = ( GEOMETRIC_REPRESENTATION_CONTEXT(2) 
PARAMETRIC_REPRESENTATION_CONTEXT() REPRESENTATION_CONTEXT('2D SPACE',''
  ) );
#6938 = PCURVE('',#6939,#6944);
#6939 = B_SPLINE_SURFACE_WITH_KNOTS('',1,1,(
    (#6940,#6941)
    ,(#6942,#6943
    )),.UNSPECIFIED.,.F.,.F.,.F.,(2,2),(2,2),(-4.9325E-02,4.9325E-02),(
    -4.3925E-02,4.3925E-02),.PIECEWISE_BEZIER_KNOTS.);
#6940 = CARTESIAN_POINT('',(-49.325,-43.925,27.4));
#6941 = CARTESIAN_POINT('',(-49.325,43.925,27.4));
#6942 = CARTESIAN_POINT('',(49.325,-43.925,27.4));
#6943 = CARTESIAN_POINT('',(49.325,43.925,27.4));
#6944 = DEFINITIONAL_REPRESENTATION('',(#6945),#6948);
#6945 = B_SPLINE_CURVE_WITH_KNOTS('',1,(#6946,#6947),.UNSPECIFIED.,.F.,
  .F.,(2,2),(0.,1.08E-02),.PIECEWISE_BEZIER_KNOTS.);
#6946 = CARTESIAN_POINT('',(-5.4E-03,-4.3925E-02));
#6947 = CARTESIAN_POINT('',(5.4E-03,-4.3925E-02));
#6948 = ( GEOMETRIC_REPRESENTATION_CONTEXT(2) 
PARAMETRIC_REPRESENTATION_CONTEXT() REPRESENTATION_CONTEXT('2D SPACE',''
  ) );
#6949 = ADVANCED_FACE('',(#6950),#6856,.T.);
#6950 = FACE_BOUND('',#6951,.T.);
#6951 = EDGE_LOOP('',(#6952,#6980,#7007,#7008));
#6952 = ORIENTED_EDGE('',*,*,#6953,.T.);
#6953 = EDGE_CURVE('',#6954,#6956,#6958,.T.);
#6954 = VERTEX_POINT('',#6955);
#6955 = CARTESIAN_POINT('',(-5.4,43.925,27.4));
#6956 = VERTEX_POINT('',#6957);
#6957 = CARTESIAN_POINT('',(-5.4,43.925,23.4));
#6958 = SURFACE_CURVE('',#6959,(#6962,#6969),.PCURVE_S1.);
#6959 = B_SPLINE_CURVE_WITH_KNOTS('',1,(#6960,#6961),.UNSPECIFIED.,.F.,
  .F.,(2,2),(0.,4.E-03),.PIECEWISE_BEZIER_KNOTS.);
#6960 = CARTESIAN_POINT('',(-5.4,43.925,27.4));
#6961 = CARTESIAN_POINT('',(-5.4,43.925,23.4));
#6962 = PCURVE('',#6856,#6963);
#6963 = DEFINITIONAL_REPRESENTATION('',(#6964),#6968);
#6964 = B_SPLINE_CURVE_WITH_KNOTS('',2,(#6965,#6966,#6967),
  .UNSPECIFIED.,.F.,.F.,(3,3),(0.,4.E-03),.PIECEWISE_BEZIER_KNOTS.);
#6965 = CARTESIAN_POINT('',(1.570796326795,0.));
#6966 = CARTESIAN_POINT('',(1.570796326795,-2.E-03));
#6967 = CARTESIAN_POINT('',(1.570796326795,-4.E-03));
#6968 = ( GEOMETRIC_REPRESENTATION_CONTEXT(2) 
PARAMETRIC_REPRESENTATION_CONTEXT() REPRESENTATION_CONTEXT('2D SPACE',''
  ) );
#6969 = PCURVE('',#6970,#6975);
#6970 = B_SPLINE_SURFACE_WITH_KNOTS('',1,1,(
    (#6971,#6972)
    ,(#6973,#6974
  )),.UNSPECIFIED.,.F.,.F.,.F.,(2,2),(2,2),(0.,1.08E-02),(-4.E-03,0.),
  .PIECEWISE_BEZIER_KNOTS.);
#6971 = CARTESIAN_POINT('',(5.4,43.925,23.4));
#6972 = CARTESIAN_POINT('',(5.4,43.925,27.4));
#6973 = CARTESIAN_POINT('',(-5.4,43.925,23.4));
#6974 = CARTESIAN_POINT('',(-5.4,43.925,27.4));
#6975 = DEFINITIONAL_REPRESENTATION('',(#6976),#6979);
#6976 = B_SPLINE_CURVE_WITH_KNOTS('',1,(#6977,#6978),.UNSPECIFIED.,.F.,
  .F.,(2,2),(0.,4.E-03),.PIECEWISE_BEZIER_KNOTS.);
#6977 = CARTESIAN_POINT('',(1.08E-02,0.));
#6978 = CARTESIAN_POINT('',(1.08E-02,-4.E-03));
#6979 = ( GEOMETRIC_REPRESENTATION_CONTEXT(2) 
PARAMETRIC_REPRESENTATION_CONTEXT() REPRESENTATION_CONTEXT('2D SPACE',''
  ) );
#6980 = ORIENTED_EDGE('',*,*,#6981,.T.);
#6981 = EDGE_CURVE('',#6956,#6838,#6982,.T.);
#6982 = SURFACE_CURVE('',#6983,(#6989,#6998),.PCURVE_S1.);
#6983 = ( BOUNDED_CURVE() B_SPLINE_CURVE(2,(#6984,#6985,#6986,#6987,
#6988),.UNSPECIFIED.,.F.,.F.) B_SPLINE_CURVE_WITH_KNOTS((3,2,3),(
    1.570796326795,3.14159265359,4.712388980385),
.PIECEWISE_BEZIER_KNOTS.) CURVE() GEOMETRIC_REPRESENTATION_ITEM() 
RATIONAL_B_SPLINE_CURVE((1.,0.707106781187,1.,0.707106781187,1.)) 
REPRESENTATION_ITEM('') );
#6984 = CARTESIAN_POINT('',(-5.4,43.925,23.4));
#6985 = CARTESIAN_POINT('',(-49.325,43.925,23.4));
#6986 = CARTESIAN_POINT('',(-49.325,5.379261065255E-15,23.4));
#6987 = CARTESIAN_POINT('',(-49.325,-43.925,23.4));
#6988 = CARTESIAN_POINT('',(-5.4,-43.925,23.4));
#6989 = PCURVE('',#6856,#6990);
#6990 = DEFINITIONAL_REPRESENTATION('',(#6991),#6997);
#6991 = B_SPLINE_CURVE_WITH_KNOTS('',2,(#6992,#6993,#6994,#6995,#6996),
  .UNSPECIFIED.,.F.,.F.,(3,2,3),(1.570796326795,3.14159265359,
    4.712388980385),.PIECEWISE_BEZIER_KNOTS.);
#6992 = CARTESIAN_POINT('',(1.570796326795,-4.E-03));
#6993 = CARTESIAN_POINT('',(2.356194490192,-4.E-03));
#6994 = CARTESIAN_POINT('',(3.14159265359,-4.E-03));
#6995 = CARTESIAN_POINT('',(3.926990816987,-4.E-03));
#6996 = CARTESIAN_POINT('',(4.712388980385,-4.E-03));
#6997 = ( GEOMETRIC_REPRESENTATION_CONTEXT(2) 
PARAMETRIC_REPRESENTATION_CONTEXT() REPRESENTATION_CONTEXT('2D SPACE',''
  ) );
#6998 = PCURVE('',#6888,#6999);
#6999 = DEFINITIONAL_REPRESENTATION('',(#7000),#7006);
#7000 = ( BOUNDED_CURVE() B_SPLINE_CURVE(2,(#7001,#7002,#7003,#7004,
#7005),.UNSPECIFIED.,.F.,.F.) B_SPLINE_CURVE_WITH_KNOTS((3,2,3),(
    1.570796326795,3.14159265359,4.712388980385),
.PIECEWISE_BEZIER_KNOTS.) CURVE() GEOMETRIC_REPRESENTATION_ITEM() 
RATIONAL_B_SPLINE_CURVE((1.,0.707106781187,1.,0.707106781187,1.)) 
REPRESENTATION_ITEM('') );
#7001 = CARTESIAN_POINT('',(-5.4E-03,4.3925E-02));
#7002 = CARTESIAN_POINT('',(-4.9325E-02,4.3925E-02));
#7003 = CARTESIAN_POINT('',(-4.9325E-02,6.478300266963E-18));
#7004 = CARTESIAN_POINT('',(-4.9325E-02,-4.3925E-02));
#7005 = CARTESIAN_POINT('',(-5.4E-03,-4.3925E-02));
#7006 = ( GEOMETRIC_REPRESENTATION_CONTEXT(2) 
PARAMETRIC_REPRESENTATION_CONTEXT() REPRESENTATION_CONTEXT('2D SPACE',''
  ) );
#7007 = ORIENTED_EDGE('',*,*,#6835,.F.);
#7008 = ORIENTED_EDGE('',*,*,#7009,.F.);
#7009 = EDGE_CURVE('',#6954,#6836,#7010,.T.);
#7010 = SURFACE_CURVE('',#7011,(#7017,#7026),.PCURVE_S1.);
#7011 = ( BOUNDED_CURVE() B_SPLINE_CURVE(2,(#7012,#7013,#7014,#7015,
#7016),.UNSPECIFIED.,.F.,.F.) B_SPLINE_CURVE_WITH_KNOTS((3,2,3),(
    1.570796326795,3.14159265359,4.712388980385),
.PIECEWISE_BEZIER_KNOTS.) CURVE() GEOMETRIC_REPRESENTATION_ITEM() 
RATIONAL_B_SPLINE_CURVE((1.,0.707106781187,1.,0.707106781187,1.)) 
REPRESENTATION_ITEM('') );
#7012 = CARTESIAN_POINT('',(-5.4,43.925,27.4));
#7013 = CARTESIAN_POINT('',(-49.325,43.925,27.4));
#7014 = CARTESIAN_POINT('',(-49.325,5.379261065255E-15,27.4));
#7015 = CARTESIAN_POINT('',(-49.325,-43.925,27.4));
#7016 = CARTESIAN_POINT('',(-5.4,-43.925,27.4));
#7017 = PCURVE('',#6856,#7018);
#7018 = DEFINITIONAL_REPRESENTATION('',(#7019),#7025);
#7019 = B_SPLINE_CURVE_WITH_KNOTS('',2,(#7020,#7021,#7022,#7023,#7024),
  .UNSPECIFIED.,.F.,.F.,(3,2,3),(1.570796326795,3.14159265359,
    4.712388980385),.PIECEWISE_BEZIER_KNOTS.);
#7020 = CARTESIAN_POINT('',(1.570796326795,0.));
#7021 = CARTESIAN_POINT('',(2.356194490192,0.));
#7022 = CARTESIAN_POINT('',(3.14159265359,0.));
#7023 = CARTESIAN_POINT('',(3.926990816987,0.));
#7024 = CARTESIAN_POINT('',(4.712388980385,0.));
#7025 = ( GEOMETRIC_REPRESENTATION_CONTEXT(2) 
PARAMETRIC_REPRESENTATION_CONTEXT() REPRESENTATION_CONTEXT('2D SPACE',''
  ) );
#7026 = PCURVE('',#6939,#7027);
#7027 = DEFINITIONAL_REPRESENTATION('',(#7028),#7034);
#7028 = ( BOUNDED_CURVE() B_SPLINE_CURVE(2,(#7029,#7030,#7031,#7032,
#7033),.UNSPECIFIED.,.F.,.F.) B_SPLINE_CURVE_WITH_KNOTS((3,2,3),(
    1.570796326795,3.14159265359,4.712388980385),
.PIECEWISE_BEZIER_KNOTS.) CURVE() GEOMETRIC_REPRESENTATION_ITEM() 
RATIONAL_B_SPLINE_CURVE((1.,0.707106781187,1.,0.707106781187,1.)) 
REPRESENTATION_ITEM('') );
#7029 = CARTESIAN_POINT('',(-5.4E-03,4.3925E-02));
#7030 = CARTESIAN_POINT('',(-4.9325E-02,4.3925E-02));
#7031 = CARTESIAN_POINT('',(-4.9325E-02,6.478300266963E-18));
#7032 = CARTESIAN_POINT('',(-4.9325E-02,-4.3925E-02));
#7033 = CARTESIAN_POINT('',(-5.4E-03,-4.3925E-02));
#7034 = ( GEOMETRIC_REPRESENTATION_CONTEXT(2) 
PARAMETRIC_REPRESENTATION_CONTEXT() REPRESENTATION_CONTEXT('2D SPACE',''
  ) );
#7035 = ADVANCED_FACE('',(#7036),#6913,.T.);
#7036 = FACE_BOUND('',#7037,.T.);
#7037 = EDGE_LOOP('',(#7038,#7039,#7062,#7091));
#7038 = ORIENTED_EDGE('',*,*,#6899,.T.);
#7039 = ORIENTED_EDGE('',*,*,#7040,.T.);
#7040 = EDGE_CURVE('',#6875,#7041,#7043,.T.);
#7041 = VERTEX_POINT('',#7042);
#7042 = CARTESIAN_POINT('',(49.325,0.,23.4));
#7043 = SURFACE_CURVE('',#7044,(#7048,#7055),.PCURVE_S1.);
#7044 = ( BOUNDED_CURVE() B_SPLINE_CURVE(2,(#7045,#7046,#7047),
.UNSPECIFIED.,.F.,.F.) B_SPLINE_CURVE_WITH_KNOTS((3,3),(4.712388980385,
6.28318530718),.PIECEWISE_BEZIER_KNOTS.) CURVE() 
GEOMETRIC_REPRESENTATION_ITEM() RATIONAL_B_SPLINE_CURVE((1.,
0.707106781187,1.)) REPRESENTATION_ITEM('') );
#7045 = CARTESIAN_POINT('',(5.4,-43.925,23.4));
#7046 = CARTESIAN_POINT('',(49.325,-43.925,23.4));
#7047 = CARTESIAN_POINT('',(49.325,-1.075852213051E-14,23.4));
#7048 = PCURVE('',#6913,#7049);
#7049 = DEFINITIONAL_REPRESENTATION('',(#7050),#7054);
#7050 = B_SPLINE_CURVE_WITH_KNOTS('',2,(#7051,#7052,#7053),
  .UNSPECIFIED.,.F.,.F.,(3,3),(4.712388980385,6.28318530718),
  .PIECEWISE_BEZIER_KNOTS.);
#7051 = CARTESIAN_POINT('',(4.712388980385,-4.E-03));
#7052 = CARTESIAN_POINT('',(5.497787143782,-4.E-03));
#7053 = CARTESIAN_POINT('',(6.28318530718,-4.E-03));
#7054 = ( GEOMETRIC_REPRESENTATION_CONTEXT(2) 
PARAMETRIC_REPRESENTATION_CONTEXT() REPRESENTATION_CONTEXT('2D SPACE',''
  ) );
#7055 = PCURVE('',#6888,#7056);
#7056 = DEFINITIONAL_REPRESENTATION('',(#7057),#7061);
#7057 = ( BOUNDED_CURVE() B_SPLINE_CURVE(2,(#7058,#7059,#7060),
.UNSPECIFIED.,.F.,.F.) B_SPLINE_CURVE_WITH_KNOTS((3,3),(4.712388980385,
6.28318530718),.PIECEWISE_BEZIER_KNOTS.) CURVE() 
GEOMETRIC_REPRESENTATION_ITEM() RATIONAL_B_SPLINE_CURVE((1.,
0.707106781187,1.)) REPRESENTATION_ITEM('') );
#7058 = CARTESIAN_POINT('',(5.4E-03,-4.3925E-02));
#7059 = CARTESIAN_POINT('',(4.9325E-02,-4.3925E-02));
#7060 = CARTESIAN_POINT('',(4.9325E-02,-9.659482928801E-18));
#7061 = ( GEOMETRIC_REPRESENTATION_CONTEXT(2) 
PARAMETRIC_REPRESENTATION_CONTEXT() REPRESENTATION_CONTEXT('2D SPACE',''
  ) );
#7062 = ORIENTED_EDGE('',*,*,#7063,.F.);
#7063 = EDGE_CURVE('',#7064,#7041,#7066,.T.);
#7064 = VERTEX_POINT('',#7065);
#7065 = CARTESIAN_POINT('',(49.325,0.,27.4));
#7066 = SURFACE_CURVE('',#7067,(#7070,#7077),.PCURVE_S1.);
#7067 = B_SPLINE_CURVE_WITH_KNOTS('',1,(#7068,#7069),.UNSPECIFIED.,.F.,
  .F.,(2,2),(0.,4.E-03),.PIECEWISE_BEZIER_KNOTS.);
#7068 = CARTESIAN_POINT('',(49.325,0.,27.4));
#7069 = CARTESIAN_POINT('',(49.325,0.,23.4));
#7070 = PCURVE('',#6913,#7071);
#7071 = DEFINITIONAL_REPRESENTATION('',(#7072),#7076);
#7072 = B_SPLINE_CURVE_WITH_KNOTS('',2,(#7073,#7074,#7075),
  .UNSPECIFIED.,.F.,.F.,(3,3),(0.,4.E-03),.PIECEWISE_BEZIER_KNOTS.);
#7073 = CARTESIAN_POINT('',(6.28318530718,0.));
#7074 = CARTESIAN_POINT('',(6.28318530718,-2.E-03));
#7075 = CARTESIAN_POINT('',(6.28318530718,-4.E-03));
#7076 = ( GEOMETRIC_REPRESENTATION_CONTEXT(2) 
PARAMETRIC_REPRESENTATION_CONTEXT() REPRESENTATION_CONTEXT('2D SPACE',''
  ) );
#7077 = PCURVE('',#7078,#7085);
#7078 = ( BOUNDED_SURFACE() B_SPLINE_SURFACE(2,1,(
    (#7079,#7080)
    ,(#7081,#7082)
    ,(#7083,#7084
)),.UNSPECIFIED.,.F.,.F.,.F.) B_SPLINE_SURFACE_WITH_KNOTS((3,3),(2,2),(
    0.,1.570796326795),(-4.E-03,0.),.PIECEWISE_BEZIER_KNOTS.) 
GEOMETRIC_REPRESENTATION_ITEM() RATIONAL_B_SPLINE_SURFACE((
    (1.,1.)
    ,(0.707106781187,0.707106781187)
,(1.,1.))) REPRESENTATION_ITEM('') SURFACE() );
#7079 = CARTESIAN_POINT('',(49.325,0.,23.4));
#7080 = CARTESIAN_POINT('',(49.325,0.,27.4));
#7081 = CARTESIAN_POINT('',(49.325,43.925,23.4));
#7082 = CARTESIAN_POINT('',(49.325,43.925,27.4));
#7083 = CARTESIAN_POINT('',(5.4,43.925,23.4));
#7084 = CARTESIAN_POINT('',(5.4,43.925,27.4));
#7085 = DEFINITIONAL_REPRESENTATION('',(#7086),#7090);
#7086 = B_SPLINE_CURVE_WITH_KNOTS('',2,(#7087,#7088,#7089),
  .UNSPECIFIED.,.F.,.F.,(3,3),(0.,4.E-03),.PIECEWISE_BEZIER_KNOTS.);
#7087 = CARTESIAN_POINT('',(0.,0.));
#7088 = CARTESIAN_POINT('',(0.,-2.E-03));
#7089 = CARTESIAN_POINT('',(0.,-4.E-03));
#7090 = ( GEOMETRIC_REPRESENTATION_CONTEXT(2) 
PARAMETRIC_REPRESENTATION_CONTEXT() REPRESENTATION_CONTEXT('2D SPACE',''
  ) );
#7091 = ORIENTED_EDGE('',*,*,#7092,.F.);
#7092 = EDGE_CURVE('',#6900,#7064,#7093,.T.);
#7093 = SURFACE_CURVE('',#7094,(#7098,#7105),.PCURVE_S1.);
#7094 = ( BOUNDED_CURVE() B_SPLINE_CURVE(2,(#7095,#7096,#7097),
.UNSPECIFIED.,.F.,.F.) B_SPLINE_CURVE_WITH_KNOTS((3,3),(4.712388980385,
6.28318530718),.PIECEWISE_BEZIER_KNOTS.) CURVE() 
GEOMETRIC_REPRESENTATION_ITEM() RATIONAL_B_SPLINE_CURVE((1.,
0.707106781187,1.)) REPRESENTATION_ITEM('') );
#7095 = CARTESIAN_POINT('',(5.4,-43.925,27.4));
#7096 = CARTESIAN_POINT('',(49.325,-43.925,27.4));
#7097 = CARTESIAN_POINT('',(49.325,-1.075852213051E-14,27.4));
#7098 = PCURVE('',#6913,#7099);
#7099 = DEFINITIONAL_REPRESENTATION('',(#7100),#7104);
#7100 = B_SPLINE_CURVE_WITH_KNOTS('',2,(#7101,#7102,#7103),
  .UNSPECIFIED.,.F.,.F.,(3,3),(4.712388980385,6.28318530718),
  .PIECEWISE_BEZIER_KNOTS.);
#7101 = CARTESIAN_POINT('',(4.712388980385,0.));
#7102 = CARTESIAN_POINT('',(5.497787143782,0.));
#7103 = CARTESIAN_POINT('',(6.28318530718,0.));
#7104 = ( GEOMETRIC_REPRESENTATION_CONTEXT(2) 
PARAMETRIC_REPRESENTATION_CONTEXT() REPRESENTATION_CONTEXT('2D SPACE',''
  ) );
#7105 = PCURVE('',#6939,#7106);
#7106 = DEFINITIONAL_REPRESENTATION('',(#7107),#7111);
#7107 = ( BOUNDED_CURVE() B_SPLINE_CURVE(2,(#7108,#7109,#7110),
.UNSPECIFIED.,.F.,.F.) B_SPLINE_CURVE_WITH_KNOTS((3,3),(4.712388980385,
6.28318530718),.PIECEWISE_BEZIER_KNOTS.) CURVE() 
GEOMETRIC_REPRESENTATION_ITEM() RATIONAL_B_SPLINE_CURVE((1.,
0.707106781187,1.)) REPRESENTATION_ITEM('') );
#7108 = CARTESIAN_POINT('',(5.4E-03,-4.3925E-02));
#7109 = CARTESIAN_POINT('',(4.9325E-02,-4.3925E-02));
#7110 = CARTESIAN_POINT('',(4.9325E-02,-9.659482928801E-18));
#7111 = ( GEOMETRIC_REPRESENTATION_CONTEXT(2) 
PARAMETRIC_REPRESENTATION_CONTEXT() REPRESENTATION_CONTEXT('2D SPACE',''
  ) );
#7112 = ADVANCED_FACE('',(#7113),#6970,.T.);
#7113 = FACE_BOUND('',#7114,.T.);
#7114 = EDGE_LOOP('',(#7115,#7138,#7156,#7157));
#7115 = ORIENTED_EDGE('',*,*,#7116,.T.);
#7116 = EDGE_CURVE('',#7117,#7119,#7121,.T.);
#7117 = VERTEX_POINT('',#7118);
#7118 = CARTESIAN_POINT('',(5.4,43.925,27.4));
#7119 = VERTEX_POINT('',#7120);
#7120 = CARTESIAN_POINT('',(5.4,43.925,23.4));
#7121 = SURFACE_CURVE('',#7122,(#7125,#7131),.PCURVE_S1.);
#7122 = B_SPLINE_CURVE_WITH_KNOTS('',1,(#7123,#7124),.UNSPECIFIED.,.F.,
  .F.,(2,2),(0.,4.E-03),.PIECEWISE_BEZIER_KNOTS.);
#7123 = CARTESIAN_POINT('',(5.4,43.925,27.4));
#7124 = CARTESIAN_POINT('',(5.4,43.925,23.4));
#7125 = PCURVE('',#6970,#7126);
#7126 = DEFINITIONAL_REPRESENTATION('',(#7127),#7130);
#7127 = B_SPLINE_CURVE_WITH_KNOTS('',1,(#7128,#7129),.UNSPECIFIED.,.F.,
  .F.,(2,2),(0.,4.E-03),.PIECEWISE_BEZIER_KNOTS.);
#7128 = CARTESIAN_POINT('',(0.,0.));
#7129 = CARTESIAN_POINT('',(0.,-4.E-03));
#7130 = ( GEOMETRIC_REPRESENTATION_CONTEXT(2) 
PARAMETRIC_REPRESENTATION_CONTEXT() REPRESENTATION_CONTEXT('2D SPACE',''
  ) );
#7131 = PCURVE('',#7078,#7132);
#7132 = DEFINITIONAL_REPRESENTATION('',(#7133),#7137);
#7133 = B_SPLINE_CURVE_WITH_KNOTS('',2,(#7134,#7135,#7136),
  .UNSPECIFIED.,.F.,.F.,(3,3),(0.,4.E-03),.PIECEWISE_BEZIER_KNOTS.);
#7134 = CARTESIAN_POINT('',(1.570796326795,0.));
#7135 = CARTESIAN_POINT('',(1.570796326795,-2.E-03));
#7136 = CARTESIAN_POINT('',(1.570796326795,-4.E-03));
#7137 = ( GEOMETRIC_REPRESENTATION_CONTEXT(2) 
PARAMETRIC_REPRESENTATION_CONTEXT() REPRESENTATION_CONTEXT('2D SPACE',''
  ) );
#7138 = ORIENTED_EDGE('',*,*,#7139,.T.);
#7139 = EDGE_CURVE('',#7119,#6956,#7140,.T.);
#7140 = SURFACE_CURVE('',#7141,(#7144,#7150),.PCURVE_S1.);
#7141 = B_SPLINE_CURVE_WITH_KNOTS('',1,(#7142,#7143),.UNSPECIFIED.,.F.,
  .F.,(2,2),(0.,1.08E-02),.PIECEWISE_BEZIER_KNOTS.);
#7142 = CARTESIAN_POINT('',(5.4,43.925,23.4));
#7143 = CARTESIAN_POINT('',(-5.4,43.925,23.4));
#7144 = PCURVE('',#6970,#7145);
#7145 = DEFINITIONAL_REPRESENTATION('',(#7146),#7149);
#7146 = B_SPLINE_CURVE_WITH_KNOTS('',1,(#7147,#7148),.UNSPECIFIED.,.F.,
  .F.,(2,2),(0.,1.08E-02),.PIECEWISE_BEZIER_KNOTS.);
#7147 = CARTESIAN_POINT('',(0.,-4.E-03));
#7148 = CARTESIAN_POINT('',(1.08E-02,-4.E-03));
#7149 = ( GEOMETRIC_REPRESENTATION_CONTEXT(2) 
PARAMETRIC_REPRESENTATION_CONTEXT() REPRESENTATION_CONTEXT('2D SPACE',''
  ) );
#7150 = PCURVE('',#6888,#7151);
#7151 = DEFINITIONAL_REPRESENTATION('',(#7152),#7155);
#7152 = B_SPLINE_CURVE_WITH_KNOTS('',1,(#7153,#7154),.UNSPECIFIED.,.F.,
  .F.,(2,2),(0.,1.08E-02),.PIECEWISE_BEZIER_KNOTS.);
#7153 = CARTESIAN_POINT('',(5.4E-03,4.3925E-02));
#7154 = CARTESIAN_POINT('',(-5.4E-03,4.3925E-02));
#7155 = ( GEOMETRIC_REPRESENTATION_CONTEXT(2) 
PARAMETRIC_REPRESENTATION_CONTEXT() REPRESENTATION_CONTEXT('2D SPACE',''
  ) );
#7156 = ORIENTED_EDGE('',*,*,#6953,.F.);
#7157 = ORIENTED_EDGE('',*,*,#7158,.F.);
#7158 = EDGE_CURVE('',#7117,#6954,#7159,.T.);
#7159 = SURFACE_CURVE('',#7160,(#7163,#7169),.PCURVE_S1.);
#7160 = B_SPLINE_CURVE_WITH_KNOTS('',1,(#7161,#7162),.UNSPECIFIED.,.F.,
  .F.,(2,2),(0.,1.08E-02),.PIECEWISE_BEZIER_KNOTS.);
#7161 = CARTESIAN_POINT('',(5.4,43.925,27.4));
#7162 = CARTESIAN_POINT('',(-5.4,43.925,27.4));
#7163 = PCURVE('',#6970,#7164);
#7164 = DEFINITIONAL_REPRESENTATION('',(#7165),#7168);
#7165 = B_SPLINE_CURVE_WITH_KNOTS('',1,(#7166,#7167),.UNSPECIFIED.,.F.,
  .F.,(2,2),(0.,1.08E-02),.PIECEWISE_BEZIER_KNOTS.);
#7166 = CARTESIAN_POINT('',(0.,0.));
#7167 = CARTESIAN_POINT('',(1.08E-02,0.));
#7168 = ( GEOMETRIC_REPRESENTATION_CONTEXT(2) 
PARAMETRIC_REPRESENTATION_CONTEXT() REPRESENTATION_CONTEXT('2D SPACE',''
  ) );
#7169 = PCURVE('',#6939,#7170);
#7170 = DEFINITIONAL_REPRESENTATION('',(#7171),#7174);
#7171 = B_SPLINE_CURVE_WITH_KNOTS('',1,(#7172,#7173),.UNSPECIFIED.,.F.,
  .F.,(2,2),(0.,1.08E-02),.PIECEWISE_BEZIER_KNOTS.);
#7172 = CARTESIAN_POINT('',(5.4E-03,4.3925E-02));
#7173 = CARTESIAN_POINT('',(-5.4E-03,4.3925E-02));
#7174 = ( GEOMETRIC_REPRESENTATION_CONTEXT(2) 
PARAMETRIC_REPRESENTATION_CONTEXT() REPRESENTATION_CONTEXT('2D SPACE',''
  ) );
#7175 = ADVANCED_FACE('',(#7176),#7078,.T.);
#7176 = FACE_BOUND('',#7177,.T.);
#7177 = EDGE_LOOP('',(#7178,#7179,#7200,#7201));
#7178 = ORIENTED_EDGE('',*,*,#7063,.T.);
#7179 = ORIENTED_EDGE('',*,*,#7180,.T.);
#7180 = EDGE_CURVE('',#7041,#7119,#7181,.T.);
#7181 = SURFACE_CURVE('',#7182,(#7186,#7193),.PCURVE_S1.);
#7182 = ( BOUNDED_CURVE() B_SPLINE_CURVE(2,(#7183,#7184,#7185),
.UNSPECIFIED.,.F.,.F.) B_SPLINE_CURVE_WITH_KNOTS((3,3),(0.,
1.570796326795),.PIECEWISE_BEZIER_KNOTS.) CURVE() 
GEOMETRIC_REPRESENTATION_ITEM() RATIONAL_B_SPLINE_CURVE((1.,
0.707106781187,1.)) REPRESENTATION_ITEM('') );
#7183 = CARTESIAN_POINT('',(49.325,0.,23.4));
#7184 = CARTESIAN_POINT('',(49.325,43.925,23.4));
#7185 = CARTESIAN_POINT('',(5.4,43.925,23.4));
#7186 = PCURVE('',#7078,#7187);
#7187 = DEFINITIONAL_REPRESENTATION('',(#7188),#7192);
#7188 = B_SPLINE_CURVE_WITH_KNOTS('',2,(#7189,#7190,#7191),
  .UNSPECIFIED.,.F.,.F.,(3,3),(0.,1.570796326795),
  .PIECEWISE_BEZIER_KNOTS.);
#7189 = CARTESIAN_POINT('',(0.,-4.E-03));
#7190 = CARTESIAN_POINT('',(0.785398163397,-4.E-03));
#7191 = CARTESIAN_POINT('',(1.570796326795,-4.E-03));
#7192 = ( GEOMETRIC_REPRESENTATION_CONTEXT(2) 
PARAMETRIC_REPRESENTATION_CONTEXT() REPRESENTATION_CONTEXT('2D SPACE',''
  ) );
#7193 = PCURVE('',#6888,#7194);
#7194 = DEFINITIONAL_REPRESENTATION('',(#7195),#7199);
#7195 = ( BOUNDED_CURVE() B_SPLINE_CURVE(2,(#7196,#7197,#7198),
.UNSPECIFIED.,.F.,.F.) B_SPLINE_CURVE_WITH_KNOTS((3,3),(0.,
1.570796326795),.PIECEWISE_BEZIER_KNOTS.) CURVE() 
GEOMETRIC_REPRESENTATION_ITEM() RATIONAL_B_SPLINE_CURVE((1.,
0.707106781187,1.)) REPRESENTATION_ITEM('') );
#7196 = CARTESIAN_POINT('',(4.9325E-02,1.099039201709E-18));
#7197 = CARTESIAN_POINT('',(4.9325E-02,4.3925E-02));
#7198 = CARTESIAN_POINT('',(5.4E-03,4.3925E-02));
#7199 = ( GEOMETRIC_REPRESENTATION_CONTEXT(2) 
PARAMETRIC_REPRESENTATION_CONTEXT() REPRESENTATION_CONTEXT('2D SPACE',''
  ) );
#7200 = ORIENTED_EDGE('',*,*,#7116,.F.);
#7201 = ORIENTED_EDGE('',*,*,#7202,.F.);
#7202 = EDGE_CURVE('',#7064,#7117,#7203,.T.);
#7203 = SURFACE_CURVE('',#7204,(#7208,#7215),.PCURVE_S1.);
#7204 = ( BOUNDED_CURVE() B_SPLINE_CURVE(2,(#7205,#7206,#7207),
.UNSPECIFIED.,.F.,.F.) B_SPLINE_CURVE_WITH_KNOTS((3,3),(0.,
1.570796326795),.PIECEWISE_BEZIER_KNOTS.) CURVE() 
GEOMETRIC_REPRESENTATION_ITEM() RATIONAL_B_SPLINE_CURVE((1.,
0.707106781187,1.)) REPRESENTATION_ITEM('') );
#7205 = CARTESIAN_POINT('',(49.325,0.,27.4));
#7206 = CARTESIAN_POINT('',(49.325,43.925,27.4));
#7207 = CARTESIAN_POINT('',(5.4,43.925,27.4));
#7208 = PCURVE('',#7078,#7209);
#7209 = DEFINITIONAL_REPRESENTATION('',(#7210),#7214);
#7210 = B_SPLINE_CURVE_WITH_KNOTS('',2,(#7211,#7212,#7213),
  .UNSPECIFIED.,.F.,.F.,(3,3),(0.,1.570796326795),
  .PIECEWISE_BEZIER_KNOTS.);
#7211 = CARTESIAN_POINT('',(0.,0.));
#7212 = CARTESIAN_POINT('',(0.785398163397,0.));
#7213 = CARTESIAN_POINT('',(1.570796326795,0.));
#7214 = ( GEOMETRIC_REPRESENTATION_CONTEXT(2) 
PARAMETRIC_REPRESENTATION_CONTEXT() REPRESENTATION_CONTEXT('2D SPACE',''
  ) );
#7215 = PCURVE('',#6939,#7216);
#7216 = DEFINITIONAL_REPRESENTATION('',(#7217),#7221);
#7217 = ( BOUNDED_CURVE() B_SPLINE_CURVE(2,(#7218,#7219,#7220),
.UNSPECIFIED.,.F.,.F.) B_SPLINE_CURVE_WITH_KNOTS((3,3),(0.,
1.570796326795),.PIECEWISE_BEZIER_KNOTS.) CURVE() 
GEOMETRIC_REPRESENTATION_ITEM() RATIONAL_B_SPLINE_CURVE((1.,
0.707106781187,1.)) REPRESENTATION_ITEM('') );
#7218 = CARTESIAN_POINT('',(4.9325E-02,1.099039201709E-18));
#7219 = CARTESIAN_POINT('',(4.9325E-02,4.3925E-02));
#7220 = CARTESIAN_POINT('',(5.4E-03,4.3925E-02));
#7221 = ( GEOMETRIC_REPRESENTATION_CONTEXT(2) 
PARAMETRIC_REPRESENTATION_CONTEXT() REPRESENTATION_CONTEXT('2D SPACE',''
  ) );
#7222 = ADVANCED_FACE('',(#7223),#7236,.F.);
#7223 = FACE_BOUND('',#7224,.F.);
#7224 = EDGE_LOOP('',(#7225,#7264,#7284,#7312));
#7225 = ORIENTED_EDGE('',*,*,#7226,.T.);
#7226 = EDGE_CURVE('',#7227,#7229,#7231,.T.);
#7227 = VERTEX_POINT('',#7228);
#7228 = CARTESIAN_POINT('',(-5.4,-8.075,27.4));
#7229 = VERTEX_POINT('',#7230);
#7230 = CARTESIAN_POINT('',(-5.4,-8.075,23.4));
#7231 = SURFACE_CURVE('',#7232,(#7235,#7246),.PCURVE_S1.);
#7232 = B_SPLINE_CURVE_WITH_KNOTS('',1,(#7233,#7234),.UNSPECIFIED.,.F.,
  .F.,(2,2),(0.,4.E-03),.PIECEWISE_BEZIER_KNOTS.);
#7233 = CARTESIAN_POINT('',(-5.4,-8.075,27.4));
#7234 = CARTESIAN_POINT('',(-5.4,-8.075,23.4));
#7235 = PCURVE('',#7236,#7241);
#7236 = B_SPLINE_SURFACE_WITH_KNOTS('',1,1,(
    (#7237,#7238)
    ,(#7239,#7240
  )),.UNSPECIFIED.,.F.,.F.,.F.,(2,2),(2,2),(0.,1.08E-02),(-4.E-03,0.),
  .PIECEWISE_BEZIER_KNOTS.);
#7237 = CARTESIAN_POINT('',(-5.4,-8.075,23.4));
#7238 = CARTESIAN_POINT('',(-5.4,-8.075,27.4));
#7239 = CARTESIAN_POINT('',(5.4,-8.075,23.4));
#7240 = CARTESIAN_POINT('',(5.4,-8.075,27.4));
#7241 = DEFINITIONAL_REPRESENTATION('',(#7242),#7245);
#7242 = B_SPLINE_CURVE_WITH_KNOTS('',1,(#7243,#7244),.UNSPECIFIED.,.F.,
  .F.,(2,2),(0.,4.E-03),.PIECEWISE_BEZIER_KNOTS.);
#7243 = CARTESIAN_POINT('',(0.,0.));
#7244 = CARTESIAN_POINT('',(0.,-4.E-03));
#7245 = ( GEOMETRIC_REPRESENTATION_CONTEXT(2) 
PARAMETRIC_REPRESENTATION_CONTEXT() REPRESENTATION_CONTEXT('2D SPACE',''
  ) );
#7246 = PCURVE('',#7247,#7258);
#7247 = ( BOUNDED_SURFACE() B_SPLINE_SURFACE(2,1,(
    (#7248,#7249)
    ,(#7250,#7251)
    ,(#7252,#7253)
    ,(#7254,#7255)
    ,(#7256,#7257
)),.UNSPECIFIED.,.F.,.F.,.F.) B_SPLINE_SURFACE_WITH_KNOTS((3,2,3),(2,2),
  (1.570796326795,3.14159265359,4.712388980385),(-4.E-03,0.),
.PIECEWISE_BEZIER_KNOTS.) GEOMETRIC_REPRESENTATION_ITEM() 
RATIONAL_B_SPLINE_SURFACE((
    (1.,1.)
    ,(0.707106781187,0.707106781187)
    ,(1.,1.)
    ,(0.707106781187,0.707106781187)
,(1.,1.))) REPRESENTATION_ITEM('') SURFACE() );
#7248 = CARTESIAN_POINT('',(-5.4,8.075,23.4));
#7249 = CARTESIAN_POINT('',(-5.4,8.075,27.4));
#7250 = CARTESIAN_POINT('',(-13.475,8.075,23.4));
#7251 = CARTESIAN_POINT('',(-13.475,8.075,27.4));
#7252 = CARTESIAN_POINT('',(-13.475,9.889022903115E-16,23.4));
#7253 = CARTESIAN_POINT('',(-13.475,9.889022903115E-16,27.4));
#7254 = CARTESIAN_POINT('',(-13.475,-8.075,23.4));
#7255 = CARTESIAN_POINT('',(-13.475,-8.075,27.4));
#7256 = CARTESIAN_POINT('',(-5.4,-8.075,23.4));
#7257 = CARTESIAN_POINT('',(-5.4,-8.075,27.4));
#7258 = DEFINITIONAL_REPRESENTATION('',(#7259),#7263);
#7259 = B_SPLINE_CURVE_WITH_KNOTS('',2,(#7260,#7261,#7262),
  .UNSPECIFIED.,.F.,.F.,(3,3),(0.,4.E-03),.PIECEWISE_BEZIER_KNOTS.);
#7260 = CARTESIAN_POINT('',(4.712388980385,0.));
#7261 = CARTESIAN_POINT('',(4.712388980385,-2.E-03));
#7262 = CARTESIAN_POINT('',(4.712388980385,-4.E-03));
#7263 = ( GEOMETRIC_REPRESENTATION_CONTEXT(2) 
PARAMETRIC_REPRESENTATION_CONTEXT() REPRESENTATION_CONTEXT('2D SPACE',''
  ) );
#7264 = ORIENTED_EDGE('',*,*,#7265,.T.);
#7265 = EDGE_CURVE('',#7229,#7266,#7268,.T.);
#7266 = VERTEX_POINT('',#7267);
#7267 = CARTESIAN_POINT('',(5.4,-8.075,23.4));
#7268 = SURFACE_CURVE('',#7269,(#7272,#7278),.PCURVE_S1.);
#7269 = B_SPLINE_CURVE_WITH_KNOTS('',1,(#7270,#7271),.UNSPECIFIED.,.F.,
  .F.,(2,2),(0.,1.08E-02),.PIECEWISE_BEZIER_KNOTS.);
#7270 = CARTESIAN_POINT('',(-5.4,-8.075,23.4));
#7271 = CARTESIAN_POINT('',(5.4,-8.075,23.4));
#7272 = PCURVE('',#7236,#7273);
#7273 = DEFINITIONAL_REPRESENTATION('',(#7274),#7277);
#7274 = B_SPLINE_CURVE_WITH_KNOTS('',1,(#7275,#7276),.UNSPECIFIED.,.F.,
  .F.,(2,2),(0.,1.08E-02),.PIECEWISE_BEZIER_KNOTS.);
#7275 = CARTESIAN_POINT('',(0.,-4.E-03));
#7276 = CARTESIAN_POINT('',(1.08E-02,-4.E-03));
#7277 = ( GEOMETRIC_REPRESENTATION_CONTEXT(2) 
PARAMETRIC_REPRESENTATION_CONTEXT() REPRESENTATION_CONTEXT('2D SPACE',''
  ) );
#7278 = PCURVE('',#6888,#7279);
#7279 = DEFINITIONAL_REPRESENTATION('',(#7280),#7283);
#7280 = B_SPLINE_CURVE_WITH_KNOTS('',1,(#7281,#7282),.UNSPECIFIED.,.F.,
  .F.,(2,2),(0.,1.08E-02),.PIECEWISE_BEZIER_KNOTS.);
#7281 = CARTESIAN_POINT('',(-5.4E-03,-8.075E-03));
#7282 = CARTESIAN_POINT('',(5.4E-03,-8.075E-03));
#7283 = ( GEOMETRIC_REPRESENTATION_CONTEXT(2) 
PARAMETRIC_REPRESENTATION_CONTEXT() REPRESENTATION_CONTEXT('2D SPACE',''
  ) );
#7284 = ORIENTED_EDGE('',*,*,#7285,.F.);
#7285 = EDGE_CURVE('',#7286,#7266,#7288,.T.);
#7286 = VERTEX_POINT('',#7287);
#7287 = CARTESIAN_POINT('',(5.4,-8.075,27.4));
#7288 = SURFACE_CURVE('',#7289,(#7292,#7298),.PCURVE_S1.);
#7289 = B_SPLINE_CURVE_WITH_KNOTS('',1,(#7290,#7291),.UNSPECIFIED.,.F.,
  .F.,(2,2),(0.,4.E-03),.PIECEWISE_BEZIER_KNOTS.);
#7290 = CARTESIAN_POINT('',(5.4,-8.075,27.4));
#7291 = CARTESIAN_POINT('',(5.4,-8.075,23.4));
#7292 = PCURVE('',#7236,#7293);
#7293 = DEFINITIONAL_REPRESENTATION('',(#7294),#7297);
#7294 = B_SPLINE_CURVE_WITH_KNOTS('',1,(#7295,#7296),.UNSPECIFIED.,.F.,
  .F.,(2,2),(0.,4.E-03),.PIECEWISE_BEZIER_KNOTS.);
#7295 = CARTESIAN_POINT('',(1.08E-02,0.));
#7296 = CARTESIAN_POINT('',(1.08E-02,-4.E-03));
#7297 = ( GEOMETRIC_REPRESENTATION_CONTEXT(2) 
PARAMETRIC_REPRESENTATION_CONTEXT() REPRESENTATION_CONTEXT('2D SPACE',''
  ) );
#7298 = PCURVE('',#7299,#7306);
#7299 = ( BOUNDED_SURFACE() B_SPLINE_SURFACE(2,1,(
    (#7300,#7301)
    ,(#7302,#7303)
    ,(#7304,#7305
)),.UNSPECIFIED.,.F.,.F.,.F.) B_SPLINE_SURFACE_WITH_KNOTS((3,3),(2,2),(
    4.712388980385,6.28318530718),(-4.E-03,0.),
.PIECEWISE_BEZIER_KNOTS.) GEOMETRIC_REPRESENTATION_ITEM() 
RATIONAL_B_SPLINE_SURFACE((
    (1.,1.)
    ,(0.707106781187,0.707106781187)
,(1.,1.))) REPRESENTATION_ITEM('') SURFACE() );
#7300 = CARTESIAN_POINT('',(5.4,-8.075,23.4));
#7301 = CARTESIAN_POINT('',(5.4,-8.075,27.4));
#7302 = CARTESIAN_POINT('',(13.475,-8.075,23.4));
#7303 = CARTESIAN_POINT('',(13.475,-8.075,27.4));
#7304 = CARTESIAN_POINT('',(13.475,-1.977804580623E-15,23.4));
#7305 = CARTESIAN_POINT('',(13.475,-1.977804580623E-15,27.4));
#7306 = DEFINITIONAL_REPRESENTATION('',(#7307),#7311);
#7307 = B_SPLINE_CURVE_WITH_KNOTS('',2,(#7308,#7309,#7310),
  .UNSPECIFIED.,.F.,.F.,(3,3),(0.,4.E-03),.PIECEWISE_BEZIER_KNOTS.);
#7308 = CARTESIAN_POINT('',(4.712388980385,0.));
#7309 = CARTESIAN_POINT('',(4.712388980385,-2.E-03));
#7310 = CARTESIAN_POINT('',(4.712388980385,-4.E-03));
#7311 = ( GEOMETRIC_REPRESENTATION_CONTEXT(2) 
PARAMETRIC_REPRESENTATION_CONTEXT() REPRESENTATION_CONTEXT('2D SPACE',''
  ) );
#7312 = ORIENTED_EDGE('',*,*,#7313,.F.);
#7313 = EDGE_CURVE('',#7227,#7286,#7314,.T.);
#7314 = SURFACE_CURVE('',#7315,(#7318,#7324),.PCURVE_S1.);
#7315 = B_SPLINE_CURVE_WITH_KNOTS('',1,(#7316,#7317),.UNSPECIFIED.,.F.,
  .F.,(2,2),(0.,1.08E-02),.PIECEWISE_BEZIER_KNOTS.);
#7316 = CARTESIAN_POINT('',(-5.4,-8.075,27.4));
#7317 = CARTESIAN_POINT('',(5.4,-8.075,27.4));
#7318 = PCURVE('',#7236,#7319);
#7319 = DEFINITIONAL_REPRESENTATION('',(#7320),#7323);
#7320 = B_SPLINE_CURVE_WITH_KNOTS('',1,(#7321,#7322),.UNSPECIFIED.,.F.,
  .F.,(2,2),(0.,1.08E-02),.PIECEWISE_BEZIER_KNOTS.);
#7321 = CARTESIAN_POINT('',(0.,0.));
#7322 = CARTESIAN_POINT('',(1.08E-02,0.));
#7323 = ( GEOMETRIC_REPRESENTATION_CONTEXT(2) 
PARAMETRIC_REPRESENTATION_CONTEXT() REPRESENTATION_CONTEXT('2D SPACE',''
  ) );
#7324 = PCURVE('',#6939,#7325);
#7325 = DEFINITIONAL_REPRESENTATION('',(#7326),#7329);
#7326 = B_SPLINE_CURVE_WITH_KNOTS('',1,(#7327,#7328),.UNSPECIFIED.,.F.,
  .F.,(2,2),(0.,1.08E-02),.PIECEWISE_BEZIER_KNOTS.);
#7327 = CARTESIAN_POINT('',(-5.4E-03,-8.075E-03));
#7328 = CARTESIAN_POINT('',(5.4E-03,-8.075E-03));
#7329 = ( GEOMETRIC_REPRESENTATION_CONTEXT(2) 
PARAMETRIC_REPRESENTATION_CONTEXT() REPRESENTATION_CONTEXT('2D SPACE',''
  ) );
#7330 = ADVANCED_FACE('',(#7331),#7299,.F.);
#7331 = FACE_BOUND('',#7332,.F.);
#7332 = EDGE_LOOP('',(#7333,#7334,#7357,#7386));
#7333 = ORIENTED_EDGE('',*,*,#7285,.T.);
#7334 = ORIENTED_EDGE('',*,*,#7335,.T.);
#7335 = EDGE_CURVE('',#7266,#7336,#7338,.T.);
#7336 = VERTEX_POINT('',#7337);
#7337 = CARTESIAN_POINT('',(13.475,0.,23.4));
#7338 = SURFACE_CURVE('',#7339,(#7343,#7350),.PCURVE_S1.);
#7339 = ( BOUNDED_CURVE() B_SPLINE_CURVE(2,(#7340,#7341,#7342),
.UNSPECIFIED.,.F.,.F.) B_SPLINE_CURVE_WITH_KNOTS((3,3),(4.712388980385,
6.28318530718),.PIECEWISE_BEZIER_KNOTS.) CURVE() 
GEOMETRIC_REPRESENTATION_ITEM() RATIONAL_B_SPLINE_CURVE((1.,
0.707106781187,1.)) REPRESENTATION_ITEM('') );
#7340 = CARTESIAN_POINT('',(5.4,-8.075,23.4));
#7341 = CARTESIAN_POINT('',(13.475,-8.075,23.4));
#7342 = CARTESIAN_POINT('',(13.475,-1.977804580623E-15,23.4));
#7343 = PCURVE('',#7299,#7344);
#7344 = DEFINITIONAL_REPRESENTATION('',(#7345),#7349);
#7345 = B_SPLINE_CURVE_WITH_KNOTS('',2,(#7346,#7347,#7348),
  .UNSPECIFIED.,.F.,.F.,(3,3),(4.712388980385,6.28318530718),
  .PIECEWISE_BEZIER_KNOTS.);
#7346 = CARTESIAN_POINT('',(4.712388980385,-4.E-03));
#7347 = CARTESIAN_POINT('',(5.497787143782,-4.E-03));
#7348 = CARTESIAN_POINT('',(6.28318530718,-4.E-03));
#7349 = ( GEOMETRIC_REPRESENTATION_CONTEXT(2) 
PARAMETRIC_REPRESENTATION_CONTEXT() REPRESENTATION_CONTEXT('2D SPACE',''
  ) );
#7350 = PCURVE('',#6888,#7351);
#7351 = DEFINITIONAL_REPRESENTATION('',(#7352),#7356);
#7352 = ( BOUNDED_CURVE() B_SPLINE_CURVE(2,(#7353,#7354,#7355),
.UNSPECIFIED.,.F.,.F.) B_SPLINE_CURVE_WITH_KNOTS((3,3),(4.712388980385,
6.28318530718),.PIECEWISE_BEZIER_KNOTS.) CURVE() 
GEOMETRIC_REPRESENTATION_ITEM() RATIONAL_B_SPLINE_CURVE((1.,
0.707106781187,1.)) REPRESENTATION_ITEM('') );
#7353 = CARTESIAN_POINT('',(5.4E-03,-8.075E-03));
#7354 = CARTESIAN_POINT('',(1.3475E-02,-8.075E-03));
#7355 = CARTESIAN_POINT('',(1.3475E-02,-8.787653789144E-19));
#7356 = ( GEOMETRIC_REPRESENTATION_CONTEXT(2) 
PARAMETRIC_REPRESENTATION_CONTEXT() REPRESENTATION_CONTEXT('2D SPACE',''
  ) );
#7357 = ORIENTED_EDGE('',*,*,#7358,.F.);
#7358 = EDGE_CURVE('',#7359,#7336,#7361,.T.);
#7359 = VERTEX_POINT('',#7360);
#7360 = CARTESIAN_POINT('',(13.475,0.,27.4));
#7361 = SURFACE_CURVE('',#7362,(#7365,#7372),.PCURVE_S1.);
#7362 = B_SPLINE_CURVE_WITH_KNOTS('',1,(#7363,#7364),.UNSPECIFIED.,.F.,
  .F.,(2,2),(0.,4.E-03),.PIECEWISE_BEZIER_KNOTS.);
#7363 = CARTESIAN_POINT('',(13.475,0.,27.4));
#7364 = CARTESIAN_POINT('',(13.475,0.,23.4));
#7365 = PCURVE('',#7299,#7366);
#7366 = DEFINITIONAL_REPRESENTATION('',(#7367),#7371);
#7367 = B_SPLINE_CURVE_WITH_KNOTS('',2,(#7368,#7369,#7370),
  .UNSPECIFIED.,.F.,.F.,(3,3),(0.,4.E-03),.PIECEWISE_BEZIER_KNOTS.);
#7368 = CARTESIAN_POINT('',(6.28318530718,0.));
#7369 = CARTESIAN_POINT('',(6.28318530718,-2.E-03));
#7370 = CARTESIAN_POINT('',(6.28318530718,-4.E-03));
#7371 = ( GEOMETRIC_REPRESENTATION_CONTEXT(2) 
PARAMETRIC_REPRESENTATION_CONTEXT() REPRESENTATION_CONTEXT('2D SPACE',''
  ) );
#7372 = PCURVE('',#7373,#7380);
#7373 = ( BOUNDED_SURFACE() B_SPLINE_SURFACE(2,1,(
    (#7374,#7375)
    ,(#7376,#7377)
    ,(#7378,#7379
)),.UNSPECIFIED.,.F.,.F.,.F.) B_SPLINE_SURFACE_WITH_KNOTS((3,3),(2,2),(
    0.,1.570796326795),(-4.E-03,0.),.PIECEWISE_BEZIER_KNOTS.) 
GEOMETRIC_REPRESENTATION_ITEM() RATIONAL_B_SPLINE_SURFACE((
    (1.,1.)
    ,(0.707106781187,0.707106781187)
,(1.,1.))) REPRESENTATION_ITEM('') SURFACE() );
#7374 = CARTESIAN_POINT('',(13.475,0.,23.4));
#7375 = CARTESIAN_POINT('',(13.475,0.,27.4));
#7376 = CARTESIAN_POINT('',(13.475,8.075,23.4));
#7377 = CARTESIAN_POINT('',(13.475,8.075,27.4));
#7378 = CARTESIAN_POINT('',(5.4,8.075,23.4));
#7379 = CARTESIAN_POINT('',(5.4,8.075,27.4));
#7380 = DEFINITIONAL_REPRESENTATION('',(#7381),#7385);
#7381 = B_SPLINE_CURVE_WITH_KNOTS('',2,(#7382,#7383,#7384),
  .UNSPECIFIED.,.F.,.F.,(3,3),(0.,4.E-03),.PIECEWISE_BEZIER_KNOTS.);
#7382 = CARTESIAN_POINT('',(0.,0.));
#7383 = CARTESIAN_POINT('',(0.,-2.E-03));
#7384 = CARTESIAN_POINT('',(0.,-4.E-03));
#7385 = ( GEOMETRIC_REPRESENTATION_CONTEXT(2) 
PARAMETRIC_REPRESENTATION_CONTEXT() REPRESENTATION_CONTEXT('2D SPACE',''
  ) );
#7386 = ORIENTED_EDGE('',*,*,#7387,.F.);
#7387 = EDGE_CURVE('',#7286,#7359,#7388,.T.);
#7388 = SURFACE_CURVE('',#7389,(#7393,#7400),.PCURVE_S1.);
#7389 = ( BOUNDED_CURVE() B_SPLINE_CURVE(2,(#7390,#7391,#7392),
.UNSPECIFIED.,.F.,.F.) B_SPLINE_CURVE_WITH_KNOTS((3,3),(4.712388980385,
6.28318530718),.PIECEWISE_BEZIER_KNOTS.) CURVE() 
GEOMETRIC_REPRESENTATION_ITEM() RATIONAL_B_SPLINE_CURVE((1.,
0.707106781187,1.)) REPRESENTATION_ITEM('') );
#7390 = CARTESIAN_POINT('',(5.4,-8.075,27.4));
#7391 = CARTESIAN_POINT('',(13.475,-8.075,27.4));
#7392 = CARTESIAN_POINT('',(13.475,-1.977804580623E-15,27.4));
#7393 = PCURVE('',#7299,#7394);
#7394 = DEFINITIONAL_REPRESENTATION('',(#7395),#7399);
#7395 = B_SPLINE_CURVE_WITH_KNOTS('',2,(#7396,#7397,#7398),
  .UNSPECIFIED.,.F.,.F.,(3,3),(4.712388980385,6.28318530718),
  .PIECEWISE_BEZIER_KNOTS.);
#7396 = CARTESIAN_POINT('',(4.712388980385,0.));
#7397 = CARTESIAN_POINT('',(5.497787143782,0.));
#7398 = CARTESIAN_POINT('',(6.28318530718,0.));
#7399 = ( GEOMETRIC_REPRESENTATION_CONTEXT(2) 
PARAMETRIC_REPRESENTATION_CONTEXT() REPRESENTATION_CONTEXT('2D SPACE',''
  ) );
#7400 = PCURVE('',#6939,#7401);
#7401 = DEFINITIONAL_REPRESENTATION('',(#7402),#7406);
#7402 = ( BOUNDED_CURVE() B_SPLINE_CURVE(2,(#7403,#7404,#7405),
.UNSPECIFIED.,.F.,.F.) B_SPLINE_CURVE_WITH_KNOTS((3,3),(4.712388980385,
6.28318530718),.PIECEWISE_BEZIER_KNOTS.) CURVE() 
GEOMETRIC_REPRESENTATION_ITEM() RATIONAL_B_SPLINE_CURVE((1.,
0.707106781187,1.)) REPRESENTATION_ITEM('') );
#7403 = CARTESIAN_POINT('',(5.4E-03,-8.075E-03));
#7404 = CARTESIAN_POINT('',(1.3475E-02,-8.075E-03));
#7405 = CARTESIAN_POINT('',(1.3475E-02,-8.787653789144E-19));
#7406 = ( GEOMETRIC_REPRESENTATION_CONTEXT(2) 
PARAMETRIC_REPRESENTATION_CONTEXT() REPRESENTATION_CONTEXT('2D SPACE',''
  ) );
#7407 = ADVANCED_FACE('',(#7408),#7373,.F.);
#7408 = FACE_BOUND('',#7409,.F.);
#7409 = EDGE_LOOP('',(#7410,#7411,#7434,#7460));
#7410 = ORIENTED_EDGE('',*,*,#7358,.T.);
#7411 = ORIENTED_EDGE('',*,*,#7412,.T.);
#7412 = EDGE_CURVE('',#7336,#7413,#7415,.T.);
#7413 = VERTEX_POINT('',#7414);
#7414 = CARTESIAN_POINT('',(5.4,8.075,23.4));
#7415 = SURFACE_CURVE('',#7416,(#7420,#7427),.PCURVE_S1.);
#7416 = ( BOUNDED_CURVE() B_SPLINE_CURVE(2,(#7417,#7418,#7419),
.UNSPECIFIED.,.F.,.F.) B_SPLINE_CURVE_WITH_KNOTS((3,3),(0.,
1.570796326795),.PIECEWISE_BEZIER_KNOTS.) CURVE() 
GEOMETRIC_REPRESENTATION_ITEM() RATIONAL_B_SPLINE_CURVE((1.,
0.707106781187,1.)) REPRESENTATION_ITEM('') );
#7417 = CARTESIAN_POINT('',(13.475,0.,23.4));
#7418 = CARTESIAN_POINT('',(13.475,8.075,23.4));
#7419 = CARTESIAN_POINT('',(5.4,8.075,23.4));
#7420 = PCURVE('',#7373,#7421);
#7421 = DEFINITIONAL_REPRESENTATION('',(#7422),#7426);
#7422 = B_SPLINE_CURVE_WITH_KNOTS('',2,(#7423,#7424,#7425),
  .UNSPECIFIED.,.F.,.F.,(3,3),(0.,1.570796326795),
  .PIECEWISE_BEZIER_KNOTS.);
#7423 = CARTESIAN_POINT('',(0.,-4.E-03));
#7424 = CARTESIAN_POINT('',(0.785398163397,-4.E-03));
#7425 = CARTESIAN_POINT('',(1.570796326795,-4.E-03));
#7426 = ( GEOMETRIC_REPRESENTATION_CONTEXT(2) 
PARAMETRIC_REPRESENTATION_CONTEXT() REPRESENTATION_CONTEXT('2D SPACE',''
  ) );
#7427 = PCURVE('',#6888,#7428);
#7428 = DEFINITIONAL_REPRESENTATION('',(#7429),#7433);
#7429 = ( BOUNDED_CURVE() B_SPLINE_CURVE(2,(#7430,#7431,#7432),
.UNSPECIFIED.,.F.,.F.) B_SPLINE_CURVE_WITH_KNOTS((3,3),(0.,
1.570796326795),.PIECEWISE_BEZIER_KNOTS.) CURVE() 
GEOMETRIC_REPRESENTATION_ITEM() RATIONAL_B_SPLINE_CURVE((1.,
0.707106781187,1.)) REPRESENTATION_ITEM('') );
#7430 = CARTESIAN_POINT('',(1.3475E-02,1.099039201709E-18));
#7431 = CARTESIAN_POINT('',(1.3475E-02,8.075E-03));
#7432 = CARTESIAN_POINT('',(5.4E-03,8.075E-03));
#7433 = ( GEOMETRIC_REPRESENTATION_CONTEXT(2) 
PARAMETRIC_REPRESENTATION_CONTEXT() REPRESENTATION_CONTEXT('2D SPACE',''
  ) );
#7434 = ORIENTED_EDGE('',*,*,#7435,.F.);
#7435 = EDGE_CURVE('',#7436,#7413,#7438,.T.);
#7436 = VERTEX_POINT('',#7437);
#7437 = CARTESIAN_POINT('',(5.4,8.075,27.4));
#7438 = SURFACE_CURVE('',#7439,(#7442,#7449),.PCURVE_S1.);
#7439 = B_SPLINE_CURVE_WITH_KNOTS('',1,(#7440,#7441),.UNSPECIFIED.,.F.,
  .F.,(2,2),(0.,4.E-03),.PIECEWISE_BEZIER_KNOTS.);
#7440 = CARTESIAN_POINT('',(5.4,8.075,27.4));
#7441 = CARTESIAN_POINT('',(5.4,8.075,23.4));
#7442 = PCURVE('',#7373,#7443);
#7443 = DEFINITIONAL_REPRESENTATION('',(#7444),#7448);
#7444 = B_SPLINE_CURVE_WITH_KNOTS('',2,(#7445,#7446,#7447),
  .UNSPECIFIED.,.F.,.F.,(3,3),(0.,4.E-03),.PIECEWISE_BEZIER_KNOTS.);
#7445 = CARTESIAN_POINT('',(1.570796326795,0.));
#7446 = CARTESIAN_POINT('',(1.570796326795,-2.E-03));
#7447 = CARTESIAN_POINT('',(1.570796326795,-4.E-03));
#7448 = ( GEOMETRIC_REPRESENTATION_CONTEXT(2) 
PARAMETRIC_REPRESENTATION_CONTEXT() REPRESENTATION_CONTEXT('2D SPACE',''
  ) );
#7449 = PCURVE('',#7450,#7455);
#7450 = B_SPLINE_SURFACE_WITH_KNOTS('',1,1,(
    (#7451,#7452)
    ,(#7453,#7454
  )),.UNSPECIFIED.,.F.,.F.,.F.,(2,2),(2,2),(0.,1.08E-02),(-4.E-03,0.),
  .PIECEWISE_BEZIER_KNOTS.);
#7451 = CARTESIAN_POINT('',(5.4,8.075,23.4));
#7452 = CARTESIAN_POINT('',(5.4,8.075,27.4));
#7453 = CARTESIAN_POINT('',(-5.4,8.075,23.4));
#7454 = CARTESIAN_POINT('',(-5.4,8.075,27.4));
#7455 = DEFINITIONAL_REPRESENTATION('',(#7456),#7459);
#7456 = B_SPLINE_CURVE_WITH_KNOTS('',1,(#7457,#7458),.UNSPECIFIED.,.F.,
  .F.,(2,2),(0.,4.E-03),.PIECEWISE_BEZIER_KNOTS.);
#7457 = CARTESIAN_POINT('',(0.,0.));
#7458 = CARTESIAN_POINT('',(0.,-4.E-03));
#7459 = ( GEOMETRIC_REPRESENTATION_CONTEXT(2) 
PARAMETRIC_REPRESENTATION_CONTEXT() REPRESENTATION_CONTEXT('2D SPACE',''
  ) );
#7460 = ORIENTED_EDGE('',*,*,#7461,.F.);
#7461 = EDGE_CURVE('',#7359,#7436,#7462,.T.);
#7462 = SURFACE_CURVE('',#7463,(#7467,#7474),.PCURVE_S1.);
#7463 = ( BOUNDED_CURVE() B_SPLINE_CURVE(2,(#7464,#7465,#7466),
.UNSPECIFIED.,.F.,.F.) B_SPLINE_CURVE_WITH_KNOTS((3,3),(0.,
1.570796326795),.PIECEWISE_BEZIER_KNOTS.) CURVE() 
GEOMETRIC_REPRESENTATION_ITEM() RATIONAL_B_SPLINE_CURVE((1.,
0.707106781187,1.)) REPRESENTATION_ITEM('') );
#7464 = CARTESIAN_POINT('',(13.475,0.,27.4));
#7465 = CARTESIAN_POINT('',(13.475,8.075,27.4));
#7466 = CARTESIAN_POINT('',(5.4,8.075,27.4));
#7467 = PCURVE('',#7373,#7468);
#7468 = DEFINITIONAL_REPRESENTATION('',(#7469),#7473);
#7469 = B_SPLINE_CURVE_WITH_KNOTS('',2,(#7470,#7471,#7472),
  .UNSPECIFIED.,.F.,.F.,(3,3),(0.,1.570796326795),
  .PIECEWISE_BEZIER_KNOTS.);
#7470 = CARTESIAN_POINT('',(0.,0.));
#7471 = CARTESIAN_POINT('',(0.785398163397,0.));
#7472 = CARTESIAN_POINT('',(1.570796326795,0.));
#7473 = ( GEOMETRIC_REPRESENTATION_CONTEXT(2) 
PARAMETRIC_REPRESENTATION_CONTEXT() REPRESENTATION_CONTEXT('2D SPACE',''
  ) );
#7474 = PCURVE('',#6939,#7475);
#7475 = DEFINITIONAL_REPRESENTATION('',(#7476),#7480);
#7476 = ( BOUNDED_CURVE() B_SPLINE_CURVE(2,(#7477,#7478,#7479),
.UNSPECIFIED.,.F.,.F.) B_SPLINE_CURVE_WITH_KNOTS((3,3),(0.,
1.570796326795),.PIECEWISE_BEZIER_KNOTS.) CURVE() 
GEOMETRIC_REPRESENTATION_ITEM() RATIONAL_B_SPLINE_CURVE((1.,
0.707106781187,1.)) REPRESENTATION_ITEM('') );
#7477 = CARTESIAN_POINT('',(1.3475E-02,1.099039201709E-18));
#7478 = CARTESIAN_POINT('',(1.3475E-02,8.075E-03));
#7479 = CARTESIAN_POINT('',(5.4E-03,8.075E-03));
#7480 = ( GEOMETRIC_REPRESENTATION_CONTEXT(2) 
PARAMETRIC_REPRESENTATION_CONTEXT() REPRESENTATION_CONTEXT('2D SPACE',''
  ) );
#7481 = ADVANCED_FACE('',(#7482),#7450,.F.);
#7482 = FACE_BOUND('',#7483,.F.);
#7483 = EDGE_LOOP('',(#7484,#7485,#7505,#7526));
#7484 = ORIENTED_EDGE('',*,*,#7435,.T.);
#7485 = ORIENTED_EDGE('',*,*,#7486,.T.);
#7486 = EDGE_CURVE('',#7413,#7487,#7489,.T.);
#7487 = VERTEX_POINT('',#7488);
#7488 = CARTESIAN_POINT('',(-5.4,8.075,23.4));
#7489 = SURFACE_CURVE('',#7490,(#7493,#7499),.PCURVE_S1.);
#7490 = B_SPLINE_CURVE_WITH_KNOTS('',1,(#7491,#7492),.UNSPECIFIED.,.F.,
  .F.,(2,2),(0.,1.08E-02),.PIECEWISE_BEZIER_KNOTS.);
#7491 = CARTESIAN_POINT('',(5.4,8.075,23.4));
#7492 = CARTESIAN_POINT('',(-5.4,8.075,23.4));
#7493 = PCURVE('',#7450,#7494);
#7494 = DEFINITIONAL_REPRESENTATION('',(#7495),#7498);
#7495 = B_SPLINE_CURVE_WITH_KNOTS('',1,(#7496,#7497),.UNSPECIFIED.,.F.,
  .F.,(2,2),(0.,1.08E-02),.PIECEWISE_BEZIER_KNOTS.);
#7496 = CARTESIAN_POINT('',(0.,-4.E-03));
#7497 = CARTESIAN_POINT('',(1.08E-02,-4.E-03));
#7498 = ( GEOMETRIC_REPRESENTATION_CONTEXT(2) 
PARAMETRIC_REPRESENTATION_CONTEXT() REPRESENTATION_CONTEXT('2D SPACE',''
  ) );
#7499 = PCURVE('',#6888,#7500);
#7500 = DEFINITIONAL_REPRESENTATION('',(#7501),#7504);
#7501 = B_SPLINE_CURVE_WITH_KNOTS('',1,(#7502,#7503),.UNSPECIFIED.,.F.,
  .F.,(2,2),(0.,1.08E-02),.PIECEWISE_BEZIER_KNOTS.);
#7502 = CARTESIAN_POINT('',(5.4E-03,8.075E-03));
#7503 = CARTESIAN_POINT('',(-5.4E-03,8.075E-03));
#7504 = ( GEOMETRIC_REPRESENTATION_CONTEXT(2) 
PARAMETRIC_REPRESENTATION_CONTEXT() REPRESENTATION_CONTEXT('2D SPACE',''
  ) );
#7505 = ORIENTED_EDGE('',*,*,#7506,.F.);
#7506 = EDGE_CURVE('',#7507,#7487,#7509,.T.);
#7507 = VERTEX_POINT('',#7508);
#7508 = CARTESIAN_POINT('',(-5.4,8.075,27.4));
#7509 = SURFACE_CURVE('',#7510,(#7513,#7519),.PCURVE_S1.);
#7510 = B_SPLINE_CURVE_WITH_KNOTS('',1,(#7511,#7512),.UNSPECIFIED.,.F.,
  .F.,(2,2),(0.,4.E-03),.PIECEWISE_BEZIER_KNOTS.);
#7511 = CARTESIAN_POINT('',(-5.4,8.075,27.4));
#7512 = CARTESIAN_POINT('',(-5.4,8.075,23.4));
#7513 = PCURVE('',#7450,#7514);
#7514 = DEFINITIONAL_REPRESENTATION('',(#7515),#7518);
#7515 = B_SPLINE_CURVE_WITH_KNOTS('',1,(#7516,#7517),.UNSPECIFIED.,.F.,
  .F.,(2,2),(0.,4.E-03),.PIECEWISE_BEZIER_KNOTS.);
#7516 = CARTESIAN_POINT('',(1.08E-02,0.));
#7517 = CARTESIAN_POINT('',(1.08E-02,-4.E-03));
#7518 = ( GEOMETRIC_REPRESENTATION_CONTEXT(2) 
PARAMETRIC_REPRESENTATION_CONTEXT() REPRESENTATION_CONTEXT('2D SPACE',''
  ) );
#7519 = PCURVE('',#7247,#7520);
#7520 = DEFINITIONAL_REPRESENTATION('',(#7521),#7525);
#7521 = B_SPLINE_CURVE_WITH_KNOTS('',2,(#7522,#7523,#7524),
  .UNSPECIFIED.,.F.,.F.,(3,3),(0.,4.E-03),.PIECEWISE_BEZIER_KNOTS.);
#7522 = CARTESIAN_POINT('',(1.570796326795,0.));
#7523 = CARTESIAN_POINT('',(1.570796326795,-2.E-03));
#7524 = CARTESIAN_POINT('',(1.570796326795,-4.E-03));
#7525 = ( GEOMETRIC_REPRESENTATION_CONTEXT(2) 
PARAMETRIC_REPRESENTATION_CONTEXT() REPRESENTATION_CONTEXT('2D SPACE',''
  ) );
#7526 = ORIENTED_EDGE('',*,*,#7527,.F.);
#7527 = EDGE_CURVE('',#7436,#7507,#7528,.T.);
#7528 = SURFACE_CURVE('',#7529,(#7532,#7538),.PCURVE_S1.);
#7529 = B_SPLINE_CURVE_WITH_KNOTS('',1,(#7530,#7531),.UNSPECIFIED.,.F.,
  .F.,(2,2),(0.,1.08E-02),.PIECEWISE_BEZIER_KNOTS.);
#7530 = CARTESIAN_POINT('',(5.4,8.075,27.4));
#7531 = CARTESIAN_POINT('',(-5.4,8.075,27.4));
#7532 = PCURVE('',#7450,#7533);
#7533 = DEFINITIONAL_REPRESENTATION('',(#7534),#7537);
#7534 = B_SPLINE_CURVE_WITH_KNOTS('',1,(#7535,#7536),.UNSPECIFIED.,.F.,
  .F.,(2,2),(0.,1.08E-02),.PIECEWISE_BEZIER_KNOTS.);
#7535 = CARTESIAN_POINT('',(0.,0.));
#7536 = CARTESIAN_POINT('',(1.08E-02,0.));
#7537 = ( GEOMETRIC_REPRESENTATION_CONTEXT(2) 
PARAMETRIC_REPRESENTATION_CONTEXT() REPRESENTATION_CONTEXT('2D SPACE',''
  ) );
#7538 = PCURVE('',#6939,#7539);
#7539 = DEFINITIONAL_REPRESENTATION('',(#7540),#7543);
#7540 = B_SPLINE_CURVE_WITH_KNOTS('',1,(#7541,#7542),.UNSPECIFIED.,.F.,
  .F.,(2,2),(0.,1.08E-02),.PIECEWISE_BEZIER_KNOTS.);
#7541 = CARTESIAN_POINT('',(5.4E-03,8.075E-03));
#7542 = CARTESIAN_POINT('',(-5.4E-03,8.075E-03));
#7543 = ( GEOMETRIC_REPRESENTATION_CONTEXT(2) 
PARAMETRIC_REPRESENTATION_CONTEXT() REPRESENTATION_CONTEXT('2D SPACE',''
  ) );
#7544 = ADVANCED_FACE('',(#7545),#7247,.F.);
#7545 = FACE_BOUND('',#7546,.F.);
#7546 = EDGE_LOOP('',(#7547,#7548,#7575,#7576));
#7547 = ORIENTED_EDGE('',*,*,#7506,.T.);
#7548 = ORIENTED_EDGE('',*,*,#7549,.T.);
#7549 = EDGE_CURVE('',#7487,#7229,#7550,.T.);
#7550 = SURFACE_CURVE('',#7551,(#7557,#7566),.PCURVE_S1.);
#7551 = ( BOUNDED_CURVE() B_SPLINE_CURVE(2,(#7552,#7553,#7554,#7555,
#7556),.UNSPECIFIED.,.F.,.F.) B_SPLINE_CURVE_WITH_KNOTS((3,2,3),(
    1.570796326795,3.14159265359,4.712388980385),
.PIECEWISE_BEZIER_KNOTS.) CURVE() GEOMETRIC_REPRESENTATION_ITEM() 
RATIONAL_B_SPLINE_CURVE((1.,0.707106781187,1.,0.707106781187,1.)) 
REPRESENTATION_ITEM('') );
#7552 = CARTESIAN_POINT('',(-5.4,8.075,23.4));
#7553 = CARTESIAN_POINT('',(-13.475,8.075,23.4));
#7554 = CARTESIAN_POINT('',(-13.475,9.889022903115E-16,23.4));
#7555 = CARTESIAN_POINT('',(-13.475,-8.075,23.4));
#7556 = CARTESIAN_POINT('',(-5.4,-8.075,23.4));
#7557 = PCURVE('',#7247,#7558);
#7558 = DEFINITIONAL_REPRESENTATION('',(#7559),#7565);
#7559 = B_SPLINE_CURVE_WITH_KNOTS('',2,(#7560,#7561,#7562,#7563,#7564),
  .UNSPECIFIED.,.F.,.F.,(3,2,3),(1.570796326795,3.14159265359,
    4.712388980385),.PIECEWISE_BEZIER_KNOTS.);
#7560 = CARTESIAN_POINT('',(1.570796326795,-4.E-03));
#7561 = CARTESIAN_POINT('',(2.356194490192,-4.E-03));
#7562 = CARTESIAN_POINT('',(3.14159265359,-4.E-03));
#7563 = CARTESIAN_POINT('',(3.926990816987,-4.E-03));
#7564 = CARTESIAN_POINT('',(4.712388980385,-4.E-03));
#7565 = ( GEOMETRIC_REPRESENTATION_CONTEXT(2) 
PARAMETRIC_REPRESENTATION_CONTEXT() REPRESENTATION_CONTEXT('2D SPACE',''
  ) );
#7566 = PCURVE('',#6888,#7567);
#7567 = DEFINITIONAL_REPRESENTATION('',(#7568),#7574);
#7568 = ( BOUNDED_CURVE() B_SPLINE_CURVE(2,(#7569,#7570,#7571,#7572,
#7573),.UNSPECIFIED.,.F.,.F.) B_SPLINE_CURVE_WITH_KNOTS((3,2,3),(
    1.570796326795,3.14159265359,4.712388980385),
.PIECEWISE_BEZIER_KNOTS.) CURVE() GEOMETRIC_REPRESENTATION_ITEM() 
RATIONAL_B_SPLINE_CURVE((1.,0.707106781187,1.,0.707106781187,1.)) 
REPRESENTATION_ITEM('') );
#7569 = CARTESIAN_POINT('',(-5.4E-03,8.075E-03));
#7570 = CARTESIAN_POINT('',(-1.3475E-02,8.075E-03));
#7571 = CARTESIAN_POINT('',(-1.3475E-02,2.08794149202E-18));
#7572 = CARTESIAN_POINT('',(-1.3475E-02,-8.075E-03));
#7573 = CARTESIAN_POINT('',(-5.4E-03,-8.075E-03));
#7574 = ( GEOMETRIC_REPRESENTATION_CONTEXT(2) 
PARAMETRIC_REPRESENTATION_CONTEXT() REPRESENTATION_CONTEXT('2D SPACE',''
  ) );
#7575 = ORIENTED_EDGE('',*,*,#7226,.F.);
#7576 = ORIENTED_EDGE('',*,*,#7577,.F.);
#7577 = EDGE_CURVE('',#7507,#7227,#7578,.T.);
#7578 = SURFACE_CURVE('',#7579,(#7585,#7594),.PCURVE_S1.);
#7579 = ( BOUNDED_CURVE() B_SPLINE_CURVE(2,(#7580,#7581,#7582,#7583,
#7584),.UNSPECIFIED.,.F.,.F.) B_SPLINE_CURVE_WITH_KNOTS((3,2,3),(
    1.570796326795,3.14159265359,4.712388980385),
.PIECEWISE_BEZIER_KNOTS.) CURVE() GEOMETRIC_REPRESENTATION_ITEM() 
RATIONAL_B_SPLINE_CURVE((1.,0.707106781187,1.,0.707106781187,1.)) 
REPRESENTATION_ITEM('') );
#7580 = CARTESIAN_POINT('',(-5.4,8.075,27.4));
#7581 = CARTESIAN_POINT('',(-13.475,8.075,27.4));
#7582 = CARTESIAN_POINT('',(-13.475,9.889022903115E-16,27.4));
#7583 = CARTESIAN_POINT('',(-13.475,-8.075,27.4));
#7584 = CARTESIAN_POINT('',(-5.4,-8.075,27.4));
#7585 = PCURVE('',#7247,#7586);
#7586 = DEFINITIONAL_REPRESENTATION('',(#7587),#7593);
#7587 = B_SPLINE_CURVE_WITH_KNOTS('',2,(#7588,#7589,#7590,#7591,#7592),
  .UNSPECIFIED.,.F.,.F.,(3,2,3),(1.570796326795,3.14159265359,
    4.712388980385),.PIECEWISE_BEZIER_KNOTS.);
#7588 = CARTESIAN_POINT('',(1.570796326795,0.));
#7589 = CARTESIAN_POINT('',(2.356194490192,0.));
#7590 = CARTESIAN_POINT('',(3.14159265359,0.));
#7591 = CARTESIAN_POINT('',(3.926990816987,0.));
#7592 = CARTESIAN_POINT('',(4.712388980385,0.));
#7593 = ( GEOMETRIC_REPRESENTATION_CONTEXT(2) 
PARAMETRIC_REPRESENTATION_CONTEXT() REPRESENTATION_CONTEXT('2D SPACE',''
  ) );
#7594 = PCURVE('',#6939,#7595);
#7595 = DEFINITIONAL_REPRESENTATION('',(#7596),#7602);
#7596 = ( BOUNDED_CURVE() B_SPLINE_CURVE(2,(#7597,#7598,#7599,#7600,
#7601),.UNSPECIFIED.,.F.,.F.) B_SPLINE_CURVE_WITH_KNOTS((3,2,3),(
    1.570796326795,3.14159265359,4.712388980385),
.PIECEWISE_BEZIER_KNOTS.) CURVE() GEOMETRIC_REPRESENTATION_ITEM() 
RATIONAL_B_SPLINE_CURVE((1.,0.707106781187,1.,0.707106781187,1.)) 
REPRESENTATION_ITEM('') );
#7597 = CARTESIAN_POINT('',(-5.4E-03,8.075E-03));
#7598 = CARTESIAN_POINT('',(-1.3475E-02,8.075E-03));
#7599 = CARTESIAN_POINT('',(-1.3475E-02,2.08794149202E-18));
#7600 = CARTESIAN_POINT('',(-1.3475E-02,-8.075E-03));
#7601 = CARTESIAN_POINT('',(-5.4E-03,-8.075E-03));
#7602 = ( GEOMETRIC_REPRESENTATION_CONTEXT(2) 
PARAMETRIC_REPRESENTATION_CONTEXT() REPRESENTATION_CONTEXT('2D SPACE',''
  ) );
#7603 = ADVANCED_FACE('',(#7604,#7611),#6939,.T.);
#7604 = FACE_BOUND('',#7605,.T.);
#7605 = EDGE_LOOP('',(#7606,#7607,#7608,#7609,#7610));
#7606 = ORIENTED_EDGE('',*,*,#6927,.T.);
#7607 = ORIENTED_EDGE('',*,*,#7092,.T.);
#7608 = ORIENTED_EDGE('',*,*,#7202,.T.);
#7609 = ORIENTED_EDGE('',*,*,#7158,.T.);
#7610 = ORIENTED_EDGE('',*,*,#7009,.T.);
#7611 = FACE_BOUND('',#7612,.T.);
#7612 = EDGE_LOOP('',(#7613,#7614,#7615,#7616,#7617));
#7613 = ORIENTED_EDGE('',*,*,#7313,.F.);
#7614 = ORIENTED_EDGE('',*,*,#7577,.F.);
#7615 = ORIENTED_EDGE('',*,*,#7527,.F.);
#7616 = ORIENTED_EDGE('',*,*,#7461,.F.);
#7617 = ORIENTED_EDGE('',*,*,#7387,.F.);
#7618 = ADVANCED_FACE('',(#7619,#7626),#6888,.F.);
#7619 = FACE_BOUND('',#7620,.F.);
#7620 = EDGE_LOOP('',(#7621,#7622,#7623,#7624,#7625));
#7621 = ORIENTED_EDGE('',*,*,#6874,.T.);
#7622 = ORIENTED_EDGE('',*,*,#7040,.T.);
#7623 = ORIENTED_EDGE('',*,*,#7180,.T.);
#7624 = ORIENTED_EDGE('',*,*,#7139,.T.);
#7625 = ORIENTED_EDGE('',*,*,#6981,.T.);
#7626 = FACE_BOUND('',#7627,.F.);
#7627 = EDGE_LOOP('',(#7628,#7629,#7630,#7631,#7632));
#7628 = ORIENTED_EDGE('',*,*,#7265,.F.);
#7629 = ORIENTED_EDGE('',*,*,#7549,.F.);
#7630 = ORIENTED_EDGE('',*,*,#7486,.F.);
#7631 = ORIENTED_EDGE('',*,*,#7412,.F.);
#7632 = ORIENTED_EDGE('',*,*,#7335,.F.);
#7633 = ( GEOMETRIC_REPRESENTATION_CONTEXT(3) 
GLOBAL_UNCERTAINTY_ASSIGNED_CONTEXT((#7637)) 
GLOBAL_UNIT_ASSIGNED_CONTEXT((#7634,#7635,#7636)) REPRESENTATION_CONTEXT
('Context #1','3D Context with UNIT and UNCERTAINTY') );
#7634 = ( LENGTH_UNIT() NAMED_UNIT(*) SI_UNIT(.MILLI.,.METRE.) );
#7635 = ( NAMED_UNIT(*) PLANE_ANGLE_UNIT() SI_UNIT($,.RADIAN.) );
#7636 = ( NAMED_UNIT(*) SI_UNIT($,.STERADIAN.) SOLID_ANGLE_UNIT() );
#7637 = UNCERTAINTY_MEASURE_WITH_UNIT(LENGTH_MEASURE(1.E-04),#7634,
  'distance_accuracy_value','confusion accuracy');
#7638 = CONTEXT_DEPENDENT_SHAPE_REPRESENTATION(#7639,#7641);
#7639 = ( REPRESENTATION_RELATIONSHIP('','',#6828,#10) 
REPRESENTATION_RELATIONSHIP_WITH_TRANSFORMATION(#7640) 
SHAPE_REPRESENTATION_RELATIONSHIP() );
#7640 = ITEM_DEFINED_TRANSFORMATION('','',#11,#47);
#7641 = PRODUCT_DEFINITION_SHAPE('Placement','Placement of an item',
  #7642);
#7642 = NEXT_ASSEMBLY_USAGE_OCCURRENCE('9','','',#5,#6823,$);
#7643 = PRODUCT_RELATED_PRODUCT_CATEGORY('part',$,(#6825));
#7644 = SHAPE_DEFINITION_REPRESENTATION(#7645,#7651);
#7645 = PRODUCT_DEFINITION_SHAPE('','',#7646);
#7646 = PRODUCT_DEFINITION('design','',#7647,#7650);
#7647 = PRODUCT_DEFINITION_FORMATION('','',#7648);
#7648 = PRODUCT('Open CASCADE STEP translator 7.9 1.10',
  'Open CASCADE STEP translator 7.9 1.10','',(#7649));
#7649 = PRODUCT_CONTEXT('',#2,'mechanical');
#7650 = PRODUCT_DEFINITION_CONTEXT('part definition',#2,'design');
#7651 = ADVANCED_BREP_SHAPE_REPRESENTATION('',(#11,#7652),#8456);
#7652 = MANIFOLD_SOLID_BREP('',#7653);
#7653 = CLOSED_SHELL('',(#7654,#7772,#7858,#7935,#7998,#8045,#8153,#8230
    ,#8304,#8367,#8426,#8441));
#7654 = ADVANCED_FACE('',(#7655),#7668,.T.);
#7655 = FACE_BOUND('',#7656,.T.);
#7656 = EDGE_LOOP('',(#7657,#7696,#7721,#7749));
#7657 = ORIENTED_EDGE('',*,*,#7658,.T.);
#7658 = EDGE_CURVE('',#7659,#7661,#7663,.T.);
#7659 = VERTEX_POINT('',#7660);
#7660 = CARTESIAN_POINT('',(-5.4,-43.925,31.4));
#7661 = VERTEX_POINT('',#7662);
#7662 = CARTESIAN_POINT('',(-5.4,-43.925,27.4));
#7663 = SURFACE_CURVE('',#7664,(#7667,#7678),.PCURVE_S1.);
#7664 = B_SPLINE_CURVE_WITH_KNOTS('',1,(#7665,#7666),.UNSPECIFIED.,.F.,
  .F.,(2,2),(0.,4.E-03),.PIECEWISE_BEZIER_KNOTS.);
#7665 = CARTESIAN_POINT('',(-5.4,-43.925,31.4));
#7666 = CARTESIAN_POINT('',(-5.4,-43.925,27.4));
#7667 = PCURVE('',#7668,#7673);
#7668 = B_SPLINE_SURFACE_WITH_KNOTS('',1,1,(
    (#7669,#7670)
    ,(#7671,#7672
  )),.UNSPECIFIED.,.F.,.F.,.F.,(2,2),(2,2),(0.,1.08E-02),(-4.E-03,0.),
  .PIECEWISE_BEZIER_KNOTS.);
#7669 = CARTESIAN_POINT('',(-5.4,-43.925,27.4));
#7670 = CARTESIAN_POINT('',(-5.4,-43.925,31.4));
#7671 = CARTESIAN_POINT('',(5.4,-43.925,27.4));
#7672 = CARTESIAN_POINT('',(5.4,-43.925,31.4));
#7673 = DEFINITIONAL_REPRESENTATION('',(#7674),#7677);
#7674 = B_SPLINE_CURVE_WITH_KNOTS('',1,(#7675,#7676),.UNSPECIFIED.,.F.,
  .F.,(2,2),(0.,4.E-03),.PIECEWISE_BEZIER_KNOTS.);
#7675 = CARTESIAN_POINT('',(0.,0.));
#7676 = CARTESIAN_POINT('',(0.,-4.E-03));
#7677 = ( GEOMETRIC_REPRESENTATION_CONTEXT(2) 
PARAMETRIC_REPRESENTATION_CONTEXT() REPRESENTATION_CONTEXT('2D SPACE',''
  ) );
#7678 = PCURVE('',#7679,#7690);
#7679 = ( BOUNDED_SURFACE() B_SPLINE_SURFACE(2,1,(
    (#7680,#7681)
    ,(#7682,#7683)
    ,(#7684,#7685)
    ,(#7686,#7687)
    ,(#7688,#7689
)),.UNSPECIFIED.,.F.,.F.,.F.) B_SPLINE_SURFACE_WITH_KNOTS((3,2,3),(2,2),
  (1.570796326795,3.14159265359,4.712388980385),(-4.E-03,0.),
.PIECEWISE_BEZIER_KNOTS.) GEOMETRIC_REPRESENTATION_ITEM() 
RATIONAL_B_SPLINE_SURFACE((
    (1.,1.)
    ,(0.707106781187,0.707106781187)
    ,(1.,1.)
    ,(0.707106781187,0.707106781187)
,(1.,1.))) REPRESENTATION_ITEM('') SURFACE() );
#7680 = CARTESIAN_POINT('',(-5.4,43.925,27.4));
#7681 = CARTESIAN_POINT('',(-5.4,43.925,31.4));
#7682 = CARTESIAN_POINT('',(-49.325,43.925,27.4));
#7683 = CARTESIAN_POINT('',(-49.325,43.925,31.4));
#7684 = CARTESIAN_POINT('',(-49.325,5.379261065255E-15,27.4));
#7685 = CARTESIAN_POINT('',(-49.325,5.379261065255E-15,31.4));
#7686 = CARTESIAN_POINT('',(-49.325,-43.925,27.4));
#7687 = CARTESIAN_POINT('',(-49.325,-43.925,31.4));
#7688 = CARTESIAN_POINT('',(-5.4,-43.925,27.4));
#7689 = CARTESIAN_POINT('',(-5.4,-43.925,31.4));
#7690 = DEFINITIONAL_REPRESENTATION('',(#7691),#7695);
#7691 = B_SPLINE_CURVE_WITH_KNOTS('',2,(#7692,#7693,#7694),
  .UNSPECIFIED.,.F.,.F.,(3,3),(0.,4.E-03),.PIECEWISE_BEZIER_KNOTS.);
#7692 = CARTESIAN_POINT('',(4.712388980385,0.));
#7693 = CARTESIAN_POINT('',(4.712388980385,-2.E-03));
#7694 = CARTESIAN_POINT('',(4.712388980385,-4.E-03));
#7695 = ( GEOMETRIC_REPRESENTATION_CONTEXT(2) 
PARAMETRIC_REPRESENTATION_CONTEXT() REPRESENTATION_CONTEXT('2D SPACE',''
  ) );
#7696 = ORIENTED_EDGE('',*,*,#7697,.T.);
#7697 = EDGE_CURVE('',#7661,#7698,#7700,.T.);
#7698 = VERTEX_POINT('',#7699);
#7699 = CARTESIAN_POINT('',(5.4,-43.925,27.4));
#7700 = SURFACE_CURVE('',#7701,(#7704,#7710),.PCURVE_S1.);
#7701 = B_SPLINE_CURVE_WITH_KNOTS('',1,(#7702,#7703),.UNSPECIFIED.,.F.,
  .F.,(2,2),(0.,1.08E-02),.PIECEWISE_BEZIER_KNOTS.);
#7702 = CARTESIAN_POINT('',(-5.4,-43.925,27.4));
#7703 = CARTESIAN_POINT('',(5.4,-43.925,27.4));
#7704 = PCURVE('',#7668,#7705);
#7705 = DEFINITIONAL_REPRESENTATION('',(#7706),#7709);
#7706 = B_SPLINE_CURVE_WITH_KNOTS('',1,(#7707,#7708),.UNSPECIFIED.,.F.,
  .F.,(2,2),(0.,1.08E-02),.PIECEWISE_BEZIER_KNOTS.);
#7707 = CARTESIAN_POINT('',(0.,-4.E-03));
#7708 = CARTESIAN_POINT('',(1.08E-02,-4.E-03));
#7709 = ( GEOMETRIC_REPRESENTATION_CONTEXT(2) 
PARAMETRIC_REPRESENTATION_CONTEXT() REPRESENTATION_CONTEXT('2D SPACE',''
  ) );
#7710 = PCURVE('',#7711,#7716);
#7711 = B_SPLINE_SURFACE_WITH_KNOTS('',1,1,(
    (#7712,#7713)
    ,(#7714,#7715
    )),.UNSPECIFIED.,.F.,.F.,.F.,(2,2),(2,2),(-4.9325E-02,4.9325E-02),(
    -4.3925E-02,4.3925E-02),.PIECEWISE_BEZIER_KNOTS.);
#7712 = CARTESIAN_POINT('',(-49.325,-43.925,27.4));
#7713 = CARTESIAN_POINT('',(-49.325,43.925,27.4));
#7714 = CARTESIAN_POINT('',(49.325,-43.925,27.4));
#7715 = CARTESIAN_POINT('',(49.325,43.925,27.4));
#7716 = DEFINITIONAL_REPRESENTATION('',(#7717),#7720);
#7717 = B_SPLINE_CURVE_WITH_KNOTS('',1,(#7718,#7719),.UNSPECIFIED.,.F.,
  .F.,(2,2),(0.,1.08E-02),.PIECEWISE_BEZIER_KNOTS.);
#7718 = CARTESIAN_POINT('',(-5.4E-03,-4.3925E-02));
#7719 = CARTESIAN_POINT('',(5.4E-03,-4.3925E-02));
#7720 = ( GEOMETRIC_REPRESENTATION_CONTEXT(2) 
PARAMETRIC_REPRESENTATION_CONTEXT() REPRESENTATION_CONTEXT('2D SPACE',''
  ) );
#7721 = ORIENTED_EDGE('',*,*,#7722,.F.);
#7722 = EDGE_CURVE('',#7723,#7698,#7725,.T.);
#7723 = VERTEX_POINT('',#7724);
#7724 = CARTESIAN_POINT('',(5.4,-43.925,31.4));
#7725 = SURFACE_CURVE('',#7726,(#7729,#7735),.PCURVE_S1.);
#7726 = B_SPLINE_CURVE_WITH_KNOTS('',1,(#7727,#7728),.UNSPECIFIED.,.F.,
  .F.,(2,2),(0.,4.E-03),.PIECEWISE_BEZIER_KNOTS.);
#7727 = CARTESIAN_POINT('',(5.4,-43.925,31.4));
#7728 = CARTESIAN_POINT('',(5.4,-43.925,27.4));
#7729 = PCURVE('',#7668,#7730);
#7730 = DEFINITIONAL_REPRESENTATION('',(#7731),#7734);
#7731 = B_SPLINE_CURVE_WITH_KNOTS('',1,(#7732,#7733),.UNSPECIFIED.,.F.,
  .F.,(2,2),(0.,4.E-03),.PIECEWISE_BEZIER_KNOTS.);
#7732 = CARTESIAN_POINT('',(1.08E-02,0.));
#7733 = CARTESIAN_POINT('',(1.08E-02,-4.E-03));
#7734 = ( GEOMETRIC_REPRESENTATION_CONTEXT(2) 
PARAMETRIC_REPRESENTATION_CONTEXT() REPRESENTATION_CONTEXT('2D SPACE',''
  ) );
#7735 = PCURVE('',#7736,#7743);
#7736 = ( BOUNDED_SURFACE() B_SPLINE_SURFACE(2,1,(
    (#7737,#7738)
    ,(#7739,#7740)
    ,(#7741,#7742
)),.UNSPECIFIED.,.F.,.F.,.F.) B_SPLINE_SURFACE_WITH_KNOTS((3,3),(2,2),(
    4.712388980385,6.28318530718),(-4.E-03,0.),
.PIECEWISE_BEZIER_KNOTS.) GEOMETRIC_REPRESENTATION_ITEM() 
RATIONAL_B_SPLINE_SURFACE((
    (1.,1.)
    ,(0.707106781187,0.707106781187)
,(1.,1.))) REPRESENTATION_ITEM('') SURFACE() );
#7737 = CARTESIAN_POINT('',(5.4,-43.925,27.4));
#7738 = CARTESIAN_POINT('',(5.4,-43.925,31.4));
#7739 = CARTESIAN_POINT('',(49.325,-43.925,27.4));
#7740 = CARTESIAN_POINT('',(49.325,-43.925,31.4));
#7741 = CARTESIAN_POINT('',(49.325,-1.075852213051E-14,27.4));
#7742 = CARTESIAN_POINT('',(49.325,-1.075852213051E-14,31.4));
#7743 = DEFINITIONAL_REPRESENTATION('',(#7744),#7748);
#7744 = B_SPLINE_CURVE_WITH_KNOTS('',2,(#7745,#7746,#7747),
  .UNSPECIFIED.,.F.,.F.,(3,3),(0.,4.E-03),.PIECEWISE_BEZIER_KNOTS.);
#7745 = CARTESIAN_POINT('',(4.712388980385,0.));
#7746 = CARTESIAN_POINT('',(4.712388980385,-2.E-03));
#7747 = CARTESIAN_POINT('',(4.712388980385,-4.E-03));
#7748 = ( GEOMETRIC_REPRESENTATION_CONTEXT(2) 
PARAMETRIC_REPRESENTATION_CONTEXT() REPRESENTATION_CONTEXT('2D SPACE',''
  ) );
#7749 = ORIENTED_EDGE('',*,*,#7750,.F.);
#7750 = EDGE_CURVE('',#7659,#7723,#7751,.T.);
#7751 = SURFACE_CURVE('',#7752,(#7755,#7761),.PCURVE_S1.);
#7752 = B_SPLINE_CURVE_WITH_KNOTS('',1,(#7753,#7754),.UNSPECIFIED.,.F.,
  .F.,(2,2),(0.,1.08E-02),.PIECEWISE_BEZIER_KNOTS.);
#7753 = CARTESIAN_POINT('',(-5.4,-43.925,31.4));
#7754 = CARTESIAN_POINT('',(5.4,-43.925,31.4));
#7755 = PCURVE('',#7668,#7756);
#7756 = DEFINITIONAL_REPRESENTATION('',(#7757),#7760);
#7757 = B_SPLINE_CURVE_WITH_KNOTS('',1,(#7758,#7759),.UNSPECIFIED.,.F.,
  .F.,(2,2),(0.,1.08E-02),.PIECEWISE_BEZIER_KNOTS.);
#7758 = CARTESIAN_POINT('',(0.,0.));
#7759 = CARTESIAN_POINT('',(1.08E-02,0.));
#7760 = ( GEOMETRIC_REPRESENTATION_CONTEXT(2) 
PARAMETRIC_REPRESENTATION_CONTEXT() REPRESENTATION_CONTEXT('2D SPACE',''
  ) );
#7761 = PCURVE('',#7762,#7767);
#7762 = B_SPLINE_SURFACE_WITH_KNOTS('',1,1,(
    (#7763,#7764)
    ,(#7765,#7766
    )),.UNSPECIFIED.,.F.,.F.,.F.,(2,2),(2,2),(-4.9325E-02,4.9325E-02),(
    -4.3925E-02,4.3925E-02),.PIECEWISE_BEZIER_KNOTS.);
#7763 = CARTESIAN_POINT('',(-49.325,-43.925,31.4));
#7764 = CARTESIAN_POINT('',(-49.325,43.925,31.4));
#7765 = CARTESIAN_POINT('',(49.325,-43.925,31.4));
#7766 = CARTESIAN_POINT('',(49.325,43.925,31.4));
#7767 = DEFINITIONAL_REPRESENTATION('',(#7768),#7771);
#7768 = B_SPLINE_CURVE_WITH_KNOTS('',1,(#7769,#7770),.UNSPECIFIED.,.F.,
  .F.,(2,2),(0.,1.08E-02),.PIECEWISE_BEZIER_KNOTS.);
#7769 = CARTESIAN_POINT('',(-5.4E-03,-4.3925E-02));
#7770 = CARTESIAN_POINT('',(5.4E-03,-4.3925E-02));
#7771 = ( GEOMETRIC_REPRESENTATION_CONTEXT(2) 
PARAMETRIC_REPRESENTATION_CONTEXT() REPRESENTATION_CONTEXT('2D SPACE',''
  ) );
#7772 = ADVANCED_FACE('',(#7773),#7679,.T.);
#7773 = FACE_BOUND('',#7774,.T.);
#7774 = EDGE_LOOP('',(#7775,#7803,#7830,#7831));
#7775 = ORIENTED_EDGE('',*,*,#7776,.T.);
#7776 = EDGE_CURVE('',#7777,#7779,#7781,.T.);
#7777 = VERTEX_POINT('',#7778);
#7778 = CARTESIAN_POINT('',(-5.4,43.925,31.4));
#7779 = VERTEX_POINT('',#7780);
#7780 = CARTESIAN_POINT('',(-5.4,43.925,27.4));
#7781 = SURFACE_CURVE('',#7782,(#7785,#7792),.PCURVE_S1.);
#7782 = B_SPLINE_CURVE_WITH_KNOTS('',1,(#7783,#7784),.UNSPECIFIED.,.F.,
  .F.,(2,2),(0.,4.E-03),.PIECEWISE_BEZIER_KNOTS.);
#7783 = CARTESIAN_POINT('',(-5.4,43.925,31.4));
#7784 = CARTESIAN_POINT('',(-5.4,43.925,27.4));
#7785 = PCURVE('',#7679,#7786);
#7786 = DEFINITIONAL_REPRESENTATION('',(#7787),#7791);
#7787 = B_SPLINE_CURVE_WITH_KNOTS('',2,(#7788,#7789,#7790),
  .UNSPECIFIED.,.F.,.F.,(3,3),(0.,4.E-03),.PIECEWISE_BEZIER_KNOTS.);
#7788 = CARTESIAN_POINT('',(1.570796326795,0.));
#7789 = CARTESIAN_POINT('',(1.570796326795,-2.E-03));
#7790 = CARTESIAN_POINT('',(1.570796326795,-4.E-03));
#7791 = ( GEOMETRIC_REPRESENTATION_CONTEXT(2) 
PARAMETRIC_REPRESENTATION_CONTEXT() REPRESENTATION_CONTEXT('2D SPACE',''
  ) );
#7792 = PCURVE('',#7793,#7798);
#7793 = B_SPLINE_SURFACE_WITH_KNOTS('',1,1,(
    (#7794,#7795)
    ,(#7796,#7797
  )),.UNSPECIFIED.,.F.,.F.,.F.,(2,2),(2,2),(0.,1.08E-02),(-4.E-03,0.),
  .PIECEWISE_BEZIER_KNOTS.);
#7794 = CARTESIAN_POINT('',(5.4,43.925,27.4));
#7795 = CARTESIAN_POINT('',(5.4,43.925,31.4));
#7796 = CARTESIAN_POINT('',(-5.4,43.925,27.4));
#7797 = CARTESIAN_POINT('',(-5.4,43.925,31.4));
#7798 = DEFINITIONAL_REPRESENTATION('',(#7799),#7802);
#7799 = B_SPLINE_CURVE_WITH_KNOTS('',1,(#7800,#7801),.UNSPECIFIED.,.F.,
  .F.,(2,2),(0.,4.E-03),.PIECEWISE_BEZIER_KNOTS.);
#7800 = CARTESIAN_POINT('',(1.08E-02,0.));
#7801 = CARTESIAN_POINT('',(1.08E-02,-4.E-03));
#7802 = ( GEOMETRIC_REPRESENTATION_CONTEXT(2) 
PARAMETRIC_REPRESENTATION_CONTEXT() REPRESENTATION_CONTEXT('2D SPACE',''
  ) );
#7803 = ORIENTED_EDGE('',*,*,#7804,.T.);
#7804 = EDGE_CURVE('',#7779,#7661,#7805,.T.);
#7805 = SURFACE_CURVE('',#7806,(#7812,#7821),.PCURVE_S1.);
#7806 = ( BOUNDED_CURVE() B_SPLINE_CURVE(2,(#7807,#7808,#7809,#7810,
#7811),.UNSPECIFIED.,.F.,.F.) B_SPLINE_CURVE_WITH_KNOTS((3,2,3),(
    1.570796326795,3.14159265359,4.712388980385),
.PIECEWISE_BEZIER_KNOTS.) CURVE() GEOMETRIC_REPRESENTATION_ITEM() 
RATIONAL_B_SPLINE_CURVE((1.,0.707106781187,1.,0.707106781187,1.)) 
REPRESENTATION_ITEM('') );
#7807 = CARTESIAN_POINT('',(-5.4,43.925,27.4));
#7808 = CARTESIAN_POINT('',(-49.325,43.925,27.4));
#7809 = CARTESIAN_POINT('',(-49.325,5.379261065255E-15,27.4));
#7810 = CARTESIAN_POINT('',(-49.325,-43.925,27.4));
#7811 = CARTESIAN_POINT('',(-5.4,-43.925,27.4));
#7812 = PCURVE('',#7679,#7813);
#7813 = DEFINITIONAL_REPRESENTATION('',(#7814),#7820);
#7814 = B_SPLINE_CURVE_WITH_KNOTS('',2,(#7815,#7816,#7817,#7818,#7819),
  .UNSPECIFIED.,.F.,.F.,(3,2,3),(1.570796326795,3.14159265359,
    4.712388980385),.PIECEWISE_BEZIER_KNOTS.);
#7815 = CARTESIAN_POINT('',(1.570796326795,-4.E-03));
#7816 = CARTESIAN_POINT('',(2.356194490192,-4.E-03));
#7817 = CARTESIAN_POINT('',(3.14159265359,-4.E-03));
#7818 = CARTESIAN_POINT('',(3.926990816987,-4.E-03));
#7819 = CARTESIAN_POINT('',(4.712388980385,-4.E-03));
#7820 = ( GEOMETRIC_REPRESENTATION_CONTEXT(2) 
PARAMETRIC_REPRESENTATION_CONTEXT() REPRESENTATION_CONTEXT('2D SPACE',''
  ) );
#7821 = PCURVE('',#7711,#7822);
#7822 = DEFINITIONAL_REPRESENTATION('',(#7823),#7829);
#7823 = ( BOUNDED_CURVE() B_SPLINE_CURVE(2,(#7824,#7825,#7826,#7827,
#7828),.UNSPECIFIED.,.F.,.F.) B_SPLINE_CURVE_WITH_KNOTS((3,2,3),(
    1.570796326795,3.14159265359,4.712388980385),
.PIECEWISE_BEZIER_KNOTS.) CURVE() GEOMETRIC_REPRESENTATION_ITEM() 
RATIONAL_B_SPLINE_CURVE((1.,0.707106781187,1.,0.707106781187,1.)) 
REPRESENTATION_ITEM('') );
#7824 = CARTESIAN_POINT('',(-5.4E-03,4.3925E-02));
#7825 = CARTESIAN_POINT('',(-4.9325E-02,4.3925E-02));
#7826 = CARTESIAN_POINT('',(-4.9325E-02,6.478300266963E-18));
#7827 = CARTESIAN_POINT('',(-4.9325E-02,-4.3925E-02));
#7828 = CARTESIAN_POINT('',(-5.4E-03,-4.3925E-02));
#7829 = ( GEOMETRIC_REPRESENTATION_CONTEXT(2) 
PARAMETRIC_REPRESENTATION_CONTEXT() REPRESENTATION_CONTEXT('2D SPACE',''
  ) );
#7830 = ORIENTED_EDGE('',*,*,#7658,.F.);
#7831 = ORIENTED_EDGE('',*,*,#7832,.F.);
#7832 = EDGE_CURVE('',#7777,#7659,#7833,.T.);
#7833 = SURFACE_CURVE('',#7834,(#7840,#7849),.PCURVE_S1.);
#7834 = ( BOUNDED_CURVE() B_SPLINE_CURVE(2,(#7835,#7836,#7837,#7838,
#7839),.UNSPECIFIED.,.F.,.F.) B_SPLINE_CURVE_WITH_KNOTS((3,2,3),(
    1.570796326795,3.14159265359,4.712388980385),
.PIECEWISE_BEZIER_KNOTS.) CURVE() GEOMETRIC_REPRESENTATION_ITEM() 
RATIONAL_B_SPLINE_CURVE((1.,0.707106781187,1.,0.707106781187,1.)) 
REPRESENTATION_ITEM('') );
#7835 = CARTESIAN_POINT('',(-5.4,43.925,31.4));
#7836 = CARTESIAN_POINT('',(-49.325,43.925,31.4));
#7837 = CARTESIAN_POINT('',(-49.325,5.379261065255E-15,31.4));
#7838 = CARTESIAN_POINT('',(-49.325,-43.925,31.4));
#7839 = CARTESIAN_POINT('',(-5.4,-43.925,31.4));
#7840 = PCURVE('',#7679,#7841);
#7841 = DEFINITIONAL_REPRESENTATION('',(#7842),#7848);
#7842 = B_SPLINE_CURVE_WITH_KNOTS('',2,(#7843,#7844,#7845,#7846,#7847),
  .UNSPECIFIED.,.F.,.F.,(3,2,3),(1.570796326795,3.14159265359,
    4.712388980385),.PIECEWISE_BEZIER_KNOTS.);
#7843 = CARTESIAN_POINT('',(1.570796326795,0.));
#7844 = CARTESIAN_POINT('',(2.356194490192,0.));
#7845 = CARTESIAN_POINT('',(3.14159265359,0.));
#7846 = CARTESIAN_POINT('',(3.926990816987,0.));
#7847 = CARTESIAN_POINT('',(4.712388980385,0.));
#7848 = ( GEOMETRIC_REPRESENTATION_CONTEXT(2) 
PARAMETRIC_REPRESENTATION_CONTEXT() REPRESENTATION_CONTEXT('2D SPACE',''
  ) );
#7849 = PCURVE('',#7762,#7850);
#7850 = DEFINITIONAL_REPRESENTATION('',(#7851),#7857);
#7851 = ( BOUNDED_CURVE() B_SPLINE_CURVE(2,(#7852,#7853,#7854,#7855,
#7856),.UNSPECIFIED.,.F.,.F.) B_SPLINE_CURVE_WITH_KNOTS((3,2,3),(
    1.570796326795,3.14159265359,4.712388980385),
.PIECEWISE_BEZIER_KNOTS.) CURVE() GEOMETRIC_REPRESENTATION_ITEM() 
RATIONAL_B_SPLINE_CURVE((1.,0.707106781187,1.,0.707106781187,1.)) 
REPRESENTATION_ITEM('') );
#7852 = CARTESIAN_POINT('',(-5.4E-03,4.3925E-02));
#7853 = CARTESIAN_POINT('',(-4.9325E-02,4.3925E-02));
#7854 = CARTESIAN_POINT('',(-4.9325E-02,6.478300266963E-18));
#7855 = CARTESIAN_POINT('',(-4.9325E-02,-4.3925E-02));
#7856 = CARTESIAN_POINT('',(-5.4E-03,-4.3925E-02));
#7857 = ( GEOMETRIC_REPRESENTATION_CONTEXT(2) 
PARAMETRIC_REPRESENTATION_CONTEXT() REPRESENTATION_CONTEXT('2D SPACE',''
  ) );
#7858 = ADVANCED_FACE('',(#7859),#7736,.T.);
#7859 = FACE_BOUND('',#7860,.T.);
#7860 = EDGE_LOOP('',(#7861,#7862,#7885,#7914));
#7861 = ORIENTED_EDGE('',*,*,#7722,.T.);
#7862 = ORIENTED_EDGE('',*,*,#7863,.T.);
#7863 = EDGE_CURVE('',#7698,#7864,#7866,.T.);
#7864 = VERTEX_POINT('',#7865);
#7865 = CARTESIAN_POINT('',(49.325,0.,27.4));
#7866 = SURFACE_CURVE('',#7867,(#7871,#7878),.PCURVE_S1.);
#7867 = ( BOUNDED_CURVE() B_SPLINE_CURVE(2,(#7868,#7869,#7870),
.UNSPECIFIED.,.F.,.F.) B_SPLINE_CURVE_WITH_KNOTS((3,3),(4.712388980385,
6.28318530718),.PIECEWISE_BEZIER_KNOTS.) CURVE() 
GEOMETRIC_REPRESENTATION_ITEM() RATIONAL_B_SPLINE_CURVE((1.,
0.707106781187,1.)) REPRESENTATION_ITEM('') );
#7868 = CARTESIAN_POINT('',(5.4,-43.925,27.4));
#7869 = CARTESIAN_POINT('',(49.325,-43.925,27.4));
#7870 = CARTESIAN_POINT('',(49.325,-1.075852213051E-14,27.4));
#7871 = PCURVE('',#7736,#7872);
#7872 = DEFINITIONAL_REPRESENTATION('',(#7873),#7877);
#7873 = B_SPLINE_CURVE_WITH_KNOTS('',2,(#7874,#7875,#7876),
  .UNSPECIFIED.,.F.,.F.,(3,3),(4.712388980385,6.28318530718),
  .PIECEWISE_BEZIER_KNOTS.);
#7874 = CARTESIAN_POINT('',(4.712388980385,-4.E-03));
#7875 = CARTESIAN_POINT('',(5.497787143782,-4.E-03));
#7876 = CARTESIAN_POINT('',(6.28318530718,-4.E-03));
#7877 = ( GEOMETRIC_REPRESENTATION_CONTEXT(2) 
PARAMETRIC_REPRESENTATION_CONTEXT() REPRESENTATION_CONTEXT('2D SPACE',''
  ) );
#7878 = PCURVE('',#7711,#7879);
#7879 = DEFINITIONAL_REPRESENTATION('',(#7880),#7884);
#7880 = ( BOUNDED_CURVE() B_SPLINE_CURVE(2,(#7881,#7882,#7883),
.UNSPECIFIED.,.F.,.F.) B_SPLINE_CURVE_WITH_KNOTS((3,3),(4.712388980385,
6.28318530718),.PIECEWISE_BEZIER_KNOTS.) CURVE() 
GEOMETRIC_REPRESENTATION_ITEM() RATIONAL_B_SPLINE_CURVE((1.,
0.707106781187,1.)) REPRESENTATION_ITEM('') );
#7881 = CARTESIAN_POINT('',(5.4E-03,-4.3925E-02));
#7882 = CARTESIAN_POINT('',(4.9325E-02,-4.3925E-02));
#7883 = CARTESIAN_POINT('',(4.9325E-02,-9.659482928801E-18));
#7884 = ( GEOMETRIC_REPRESENTATION_CONTEXT(2) 
PARAMETRIC_REPRESENTATION_CONTEXT() REPRESENTATION_CONTEXT('2D SPACE',''
  ) );
#7885 = ORIENTED_EDGE('',*,*,#7886,.F.);
#7886 = EDGE_CURVE('',#7887,#7864,#7889,.T.);
#7887 = VERTEX_POINT('',#7888);
#7888 = CARTESIAN_POINT('',(49.325,0.,31.4));
#7889 = SURFACE_CURVE('',#7890,(#7893,#7900),.PCURVE_S1.);
#7890 = B_SPLINE_CURVE_WITH_KNOTS('',1,(#7891,#7892),.UNSPECIFIED.,.F.,
  .F.,(2,2),(0.,4.E-03),.PIECEWISE_BEZIER_KNOTS.);
#7891 = CARTESIAN_POINT('',(49.325,0.,31.4));
#7892 = CARTESIAN_POINT('',(49.325,0.,27.4));
#7893 = PCURVE('',#7736,#7894);
#7894 = DEFINITIONAL_REPRESENTATION('',(#7895),#7899);
#7895 = B_SPLINE_CURVE_WITH_KNOTS('',2,(#7896,#7897,#7898),
  .UNSPECIFIED.,.F.,.F.,(3,3),(0.,4.E-03),.PIECEWISE_BEZIER_KNOTS.);
#7896 = CARTESIAN_POINT('',(6.28318530718,0.));
#7897 = CARTESIAN_POINT('',(6.28318530718,-2.E-03));
#7898 = CARTESIAN_POINT('',(6.28318530718,-4.E-03));
#7899 = ( GEOMETRIC_REPRESENTATION_CONTEXT(2) 
PARAMETRIC_REPRESENTATION_CONTEXT() REPRESENTATION_CONTEXT('2D SPACE',''
  ) );
#7900 = PCURVE('',#7901,#7908);
#7901 = ( BOUNDED_SURFACE() B_SPLINE_SURFACE(2,1,(
    (#7902,#7903)
    ,(#7904,#7905)
    ,(#7906,#7907
)),.UNSPECIFIED.,.F.,.F.,.F.) B_SPLINE_SURFACE_WITH_KNOTS((3,3),(2,2),(
    0.,1.570796326795),(-4.E-03,0.),.PIECEWISE_BEZIER_KNOTS.) 
GEOMETRIC_REPRESENTATION_ITEM() RATIONAL_B_SPLINE_SURFACE((
    (1.,1.)
    ,(0.707106781187,0.707106781187)
,(1.,1.))) REPRESENTATION_ITEM('') SURFACE() );
#7902 = CARTESIAN_POINT('',(49.325,0.,27.4));
#7903 = CARTESIAN_POINT('',(49.325,0.,31.4));
#7904 = CARTESIAN_POINT('',(49.325,43.925,27.4));
#7905 = CARTESIAN_POINT('',(49.325,43.925,31.4));
#7906 = CARTESIAN_POINT('',(5.4,43.925,27.4));
#7907 = CARTESIAN_POINT('',(5.4,43.925,31.4));
#7908 = DEFINITIONAL_REPRESENTATION('',(#7909),#7913);
#7909 = B_SPLINE_CURVE_WITH_KNOTS('',2,(#7910,#7911,#7912),
  .UNSPECIFIED.,.F.,.F.,(3,3),(0.,4.E-03),.PIECEWISE_BEZIER_KNOTS.);
#7910 = CARTESIAN_POINT('',(0.,0.));
#7911 = CARTESIAN_POINT('',(0.,-2.E-03));
#7912 = CARTESIAN_POINT('',(0.,-4.E-03));
#7913 = ( GEOMETRIC_REPRESENTATION_CONTEXT(2) 
PARAMETRIC_REPRESENTATION_CONTEXT() REPRESENTATION_CONTEXT('2D SPACE',''
  ) );
#7914 = ORIENTED_EDGE('',*,*,#7915,.F.);
#7915 = EDGE_CURVE('',#7723,#7887,#7916,.T.);
#7916 = SURFACE_CURVE('',#7917,(#7921,#7928),.PCURVE_S1.);
#7917 = ( BOUNDED_CURVE() B_SPLINE_CURVE(2,(#7918,#7919,#7920),
.UNSPECIFIED.,.F.,.F.) B_SPLINE_CURVE_WITH_KNOTS((3,3),(4.712388980385,
6.28318530718),.PIECEWISE_BEZIER_KNOTS.) CURVE() 
GEOMETRIC_REPRESENTATION_ITEM() RATIONAL_B_SPLINE_CURVE((1.,
0.707106781187,1.)) REPRESENTATION_ITEM('') );
#7918 = CARTESIAN_POINT('',(5.4,-43.925,31.4));
#7919 = CARTESIAN_POINT('',(49.325,-43.925,31.4));
#7920 = CARTESIAN_POINT('',(49.325,-1.075852213051E-14,31.4));
#7921 = PCURVE('',#7736,#7922);
#7922 = DEFINITIONAL_REPRESENTATION('',(#7923),#7927);
#7923 = B_SPLINE_CURVE_WITH_KNOTS('',2,(#7924,#7925,#7926),
  .UNSPECIFIED.,.F.,.F.,(3,3),(4.712388980385,6.28318530718),
  .PIECEWISE_BEZIER_KNOTS.);
#7924 = CARTESIAN_POINT('',(4.712388980385,0.));
#7925 = CARTESIAN_POINT('',(5.497787143782,0.));
#7926 = CARTESIAN_POINT('',(6.28318530718,0.));
#7927 = ( GEOMETRIC_REPRESENTATION_CONTEXT(2) 
PARAMETRIC_REPRESENTATION_CONTEXT() REPRESENTATION_CONTEXT('2D SPACE',''
  ) );
#7928 = PCURVE('',#7762,#7929);
#7929 = DEFINITIONAL_REPRESENTATION('',(#7930),#7934);
#7930 = ( BOUNDED_CURVE() B_SPLINE_CURVE(2,(#7931,#7932,#7933),
.UNSPECIFIED.,.F.,.F.) B_SPLINE_CURVE_WITH_KNOTS((3,3),(4.712388980385,
6.28318530718),.PIECEWISE_BEZIER_KNOTS.) CURVE() 
GEOMETRIC_REPRESENTATION_ITEM() RATIONAL_B_SPLINE_CURVE((1.,
0.707106781187,1.)) REPRESENTATION_ITEM('') );
#7931 = CARTESIAN_POINT('',(5.4E-03,-4.3925E-02));
#7932 = CARTESIAN_POINT('',(4.9325E-02,-4.3925E-02));
#7933 = CARTESIAN_POINT('',(4.9325E-02,-9.659482928801E-18));
#7934 = ( GEOMETRIC_REPRESENTATION_CONTEXT(2) 
PARAMETRIC_REPRESENTATION_CONTEXT() REPRESENTATION_CONTEXT('2D SPACE',''
  ) );
#7935 = ADVANCED_FACE('',(#7936),#7793,.T.);
#7936 = FACE_BOUND('',#7937,.T.);
#7937 = EDGE_LOOP('',(#7938,#7961,#7979,#7980));
#7938 = ORIENTED_EDGE('',*,*,#7939,.T.);
#7939 = EDGE_CURVE('',#7940,#7942,#7944,.T.);
#7940 = VERTEX_POINT('',#7941);
#7941 = CARTESIAN_POINT('',(5.4,43.925,31.4));
#7942 = VERTEX_POINT('',#7943);
#7943 = CARTESIAN_POINT('',(5.4,43.925,27.4));
#7944 = SURFACE_CURVE('',#7945,(#7948,#7954),.PCURVE_S1.);
#7945 = B_SPLINE_CURVE_WITH_KNOTS('',1,(#7946,#7947),.UNSPECIFIED.,.F.,
  .F.,(2,2),(0.,4.E-03),.PIECEWISE_BEZIER_KNOTS.);
#7946 = CARTESIAN_POINT('',(5.4,43.925,31.4));
#7947 = CARTESIAN_POINT('',(5.4,43.925,27.4));
#7948 = PCURVE('',#7793,#7949);
#7949 = DEFINITIONAL_REPRESENTATION('',(#7950),#7953);
#7950 = B_SPLINE_CURVE_WITH_KNOTS('',1,(#7951,#7952),.UNSPECIFIED.,.F.,
  .F.,(2,2),(0.,4.E-03),.PIECEWISE_BEZIER_KNOTS.);
#7951 = CARTESIAN_POINT('',(0.,0.));
#7952 = CARTESIAN_POINT('',(0.,-4.E-03));
#7953 = ( GEOMETRIC_REPRESENTATION_CONTEXT(2) 
PARAMETRIC_REPRESENTATION_CONTEXT() REPRESENTATION_CONTEXT('2D SPACE',''
  ) );
#7954 = PCURVE('',#7901,#7955);
#7955 = DEFINITIONAL_REPRESENTATION('',(#7956),#7960);
#7956 = B_SPLINE_CURVE_WITH_KNOTS('',2,(#7957,#7958,#7959),
  .UNSPECIFIED.,.F.,.F.,(3,3),(0.,4.E-03),.PIECEWISE_BEZIER_KNOTS.);
#7957 = CARTESIAN_POINT('',(1.570796326795,0.));
#7958 = CARTESIAN_POINT('',(1.570796326795,-2.E-03));
#7959 = CARTESIAN_POINT('',(1.570796326795,-4.E-03));
#7960 = ( GEOMETRIC_REPRESENTATION_CONTEXT(2) 
PARAMETRIC_REPRESENTATION_CONTEXT() REPRESENTATION_CONTEXT('2D SPACE',''
  ) );
#7961 = ORIENTED_EDGE('',*,*,#7962,.T.);
#7962 = EDGE_CURVE('',#7942,#7779,#7963,.T.);
#7963 = SURFACE_CURVE('',#7964,(#7967,#7973),.PCURVE_S1.);
#7964 = B_SPLINE_CURVE_WITH_KNOTS('',1,(#7965,#7966),.UNSPECIFIED.,.F.,
  .F.,(2,2),(0.,1.08E-02),.PIECEWISE_BEZIER_KNOTS.);
#7965 = CARTESIAN_POINT('',(5.4,43.925,27.4));
#7966 = CARTESIAN_POINT('',(-5.4,43.925,27.4));
#7967 = PCURVE('',#7793,#7968);
#7968 = DEFINITIONAL_REPRESENTATION('',(#7969),#7972);
#7969 = B_SPLINE_CURVE_WITH_KNOTS('',1,(#7970,#7971),.UNSPECIFIED.,.F.,
  .F.,(2,2),(0.,1.08E-02),.PIECEWISE_BEZIER_KNOTS.);
#7970 = CARTESIAN_POINT('',(0.,-4.E-03));
#7971 = CARTESIAN_POINT('',(1.08E-02,-4.E-03));
#7972 = ( GEOMETRIC_REPRESENTATION_CONTEXT(2) 
PARAMETRIC_REPRESENTATION_CONTEXT() REPRESENTATION_CONTEXT('2D SPACE',''
  ) );
#7973 = PCURVE('',#7711,#7974);
#7974 = DEFINITIONAL_REPRESENTATION('',(#7975),#7978);
#7975 = B_SPLINE_CURVE_WITH_KNOTS('',1,(#7976,#7977),.UNSPECIFIED.,.F.,
  .F.,(2,2),(0.,1.08E-02),.PIECEWISE_BEZIER_KNOTS.);
#7976 = CARTESIAN_POINT('',(5.4E-03,4.3925E-02));
#7977 = CARTESIAN_POINT('',(-5.4E-03,4.3925E-02));
#7978 = ( GEOMETRIC_REPRESENTATION_CONTEXT(2) 
PARAMETRIC_REPRESENTATION_CONTEXT() REPRESENTATION_CONTEXT('2D SPACE',''
  ) );
#7979 = ORIENTED_EDGE('',*,*,#7776,.F.);
#7980 = ORIENTED_EDGE('',*,*,#7981,.F.);
#7981 = EDGE_CURVE('',#7940,#7777,#7982,.T.);
#7982 = SURFACE_CURVE('',#7983,(#7986,#7992),.PCURVE_S1.);
#7983 = B_SPLINE_CURVE_WITH_KNOTS('',1,(#7984,#7985),.UNSPECIFIED.,.F.,
  .F.,(2,2),(0.,1.08E-02),.PIECEWISE_BEZIER_KNOTS.);
#7984 = CARTESIAN_POINT('',(5.4,43.925,31.4));
#7985 = CARTESIAN_POINT('',(-5.4,43.925,31.4));
#7986 = PCURVE('',#7793,#7987);
#7987 = DEFINITIONAL_REPRESENTATION('',(#7988),#7991);
#7988 = B_SPLINE_CURVE_WITH_KNOTS('',1,(#7989,#7990),.UNSPECIFIED.,.F.,
  .F.,(2,2),(0.,1.08E-02),.PIECEWISE_BEZIER_KNOTS.);
#7989 = CARTESIAN_POINT('',(0.,0.));
#7990 = CARTESIAN_POINT('',(1.08E-02,0.));
#7991 = ( GEOMETRIC_REPRESENTATION_CONTEXT(2) 
PARAMETRIC_REPRESENTATION_CONTEXT() REPRESENTATION_CONTEXT('2D SPACE',''
  ) );
#7992 = PCURVE('',#7762,#7993);
#7993 = DEFINITIONAL_REPRESENTATION('',(#7994),#7997);
#7994 = B_SPLINE_CURVE_WITH_KNOTS('',1,(#7995,#7996),.UNSPECIFIED.,.F.,
  .F.,(2,2),(0.,1.08E-02),.PIECEWISE_BEZIER_KNOTS.);
#7995 = CARTESIAN_POINT('',(5.4E-03,4.3925E-02));
#7996 = CARTESIAN_POINT('',(-5.4E-03,4.3925E-02));
#7997 = ( GEOMETRIC_REPRESENTATION_CONTEXT(2) 
PARAMETRIC_REPRESENTATION_CONTEXT() REPRESENTATION_CONTEXT('2D SPACE',''
  ) );
#7998 = ADVANCED_FACE('',(#7999),#7901,.T.);
#7999 = FACE_BOUND('',#8000,.T.);
#8000 = EDGE_LOOP('',(#8001,#8002,#8023,#8024));
#8001 = ORIENTED_EDGE('',*,*,#7886,.T.);
#8002 = ORIENTED_EDGE('',*,*,#8003,.T.);
#8003 = EDGE_CURVE('',#7864,#7942,#8004,.T.);
#8004 = SURFACE_CURVE('',#8005,(#8009,#8016),.PCURVE_S1.);
#8005 = ( BOUNDED_CURVE() B_SPLINE_CURVE(2,(#8006,#8007,#8008),
.UNSPECIFIED.,.F.,.F.) B_SPLINE_CURVE_WITH_KNOTS((3,3),(0.,
1.570796326795),.PIECEWISE_BEZIER_KNOTS.) CURVE() 
GEOMETRIC_REPRESENTATION_ITEM() RATIONAL_B_SPLINE_CURVE((1.,
0.707106781187,1.)) REPRESENTATION_ITEM('') );
#8006 = CARTESIAN_POINT('',(49.325,0.,27.4));
#8007 = CARTESIAN_POINT('',(49.325,43.925,27.4));
#8008 = CARTESIAN_POINT('',(5.4,43.925,27.4));
#8009 = PCURVE('',#7901,#8010);
#8010 = DEFINITIONAL_REPRESENTATION('',(#8011),#8015);
#8011 = B_SPLINE_CURVE_WITH_KNOTS('',2,(#8012,#8013,#8014),
  .UNSPECIFIED.,.F.,.F.,(3,3),(0.,1.570796326795),
  .PIECEWISE_BEZIER_KNOTS.);
#8012 = CARTESIAN_POINT('',(0.,-4.E-03));
#8013 = CARTESIAN_POINT('',(0.785398163397,-4.E-03));
#8014 = CARTESIAN_POINT('',(1.570796326795,-4.E-03));
#8015 = ( GEOMETRIC_REPRESENTATION_CONTEXT(2) 
PARAMETRIC_REPRESENTATION_CONTEXT() REPRESENTATION_CONTEXT('2D SPACE',''
  ) );
#8016 = PCURVE('',#7711,#8017);
#8017 = DEFINITIONAL_REPRESENTATION('',(#8018),#8022);
#8018 = ( BOUNDED_CURVE() B_SPLINE_CURVE(2,(#8019,#8020,#8021),
.UNSPECIFIED.,.F.,.F.) B_SPLINE_CURVE_WITH_KNOTS((3,3),(0.,
1.570796326795),.PIECEWISE_BEZIER_KNOTS.) CURVE() 
GEOMETRIC_REPRESENTATION_ITEM() RATIONAL_B_SPLINE_CURVE((1.,
0.707106781187,1.)) REPRESENTATION_ITEM('') );
#8019 = CARTESIAN_POINT('',(4.9325E-02,1.099039201709E-18));
#8020 = CARTESIAN_POINT('',(4.9325E-02,4.3925E-02));
#8021 = CARTESIAN_POINT('',(5.4E-03,4.3925E-02));
#8022 = ( GEOMETRIC_REPRESENTATION_CONTEXT(2) 
PARAMETRIC_REPRESENTATION_CONTEXT() REPRESENTATION_CONTEXT('2D SPACE',''
  ) );
#8023 = ORIENTED_EDGE('',*,*,#7939,.F.);
#8024 = ORIENTED_EDGE('',*,*,#8025,.F.);
#8025 = EDGE_CURVE('',#7887,#7940,#8026,.T.);
#8026 = SURFACE_CURVE('',#8027,(#8031,#8038),.PCURVE_S1.);
#8027 = ( BOUNDED_CURVE() B_SPLINE_CURVE(2,(#8028,#8029,#8030),
.UNSPECIFIED.,.F.,.F.) B_SPLINE_CURVE_WITH_KNOTS((3,3),(0.,
1.570796326795),.PIECEWISE_BEZIER_KNOTS.) CURVE() 
GEOMETRIC_REPRESENTATION_ITEM() RATIONAL_B_SPLINE_CURVE((1.,
0.707106781187,1.)) REPRESENTATION_ITEM('') );
#8028 = CARTESIAN_POINT('',(49.325,0.,31.4));
#8029 = CARTESIAN_POINT('',(49.325,43.925,31.4));
#8030 = CARTESIAN_POINT('',(5.4,43.925,31.4));
#8031 = PCURVE('',#7901,#8032);
#8032 = DEFINITIONAL_REPRESENTATION('',(#8033),#8037);
#8033 = B_SPLINE_CURVE_WITH_KNOTS('',2,(#8034,#8035,#8036),
  .UNSPECIFIED.,.F.,.F.,(3,3),(0.,1.570796326795),
  .PIECEWISE_BEZIER_KNOTS.);
#8034 = CARTESIAN_POINT('',(0.,0.));
#8035 = CARTESIAN_POINT('',(0.785398163397,0.));
#8036 = CARTESIAN_POINT('',(1.570796326795,0.));
#8037 = ( GEOMETRIC_REPRESENTATION_CONTEXT(2) 
PARAMETRIC_REPRESENTATION_CONTEXT() REPRESENTATION_CONTEXT('2D SPACE',''
  ) );
#8038 = PCURVE('',#7762,#8039);
#8039 = DEFINITIONAL_REPRESENTATION('',(#8040),#8044);
#8040 = ( BOUNDED_CURVE() B_SPLINE_CURVE(2,(#8041,#8042,#8043),
.UNSPECIFIED.,.F.,.F.) B_SPLINE_CURVE_WITH_KNOTS((3,3),(0.,
1.570796326795),.PIECEWISE_BEZIER_KNOTS.) CURVE() 
GEOMETRIC_REPRESENTATION_ITEM() RATIONAL_B_SPLINE_CURVE((1.,
0.707106781187,1.)) REPRESENTATION_ITEM('') );
#8041 = CARTESIAN_POINT('',(4.9325E-02,1.099039201709E-18));
#8042 = CARTESIAN_POINT('',(4.9325E-02,4.3925E-02));
#8043 = CARTESIAN_POINT('',(5.4E-03,4.3925E-02));
#8044 = ( GEOMETRIC_REPRESENTATION_CONTEXT(2) 
PARAMETRIC_REPRESENTATION_CONTEXT() REPRESENTATION_CONTEXT('2D SPACE',''
  ) );
#8045 = ADVANCED_FACE('',(#8046),#8059,.F.);
#8046 = FACE_BOUND('',#8047,.F.);
#8047 = EDGE_LOOP('',(#8048,#8087,#8107,#8135));
#8048 = ORIENTED_EDGE('',*,*,#8049,.T.);
#8049 = EDGE_CURVE('',#8050,#8052,#8054,.T.);
#8050 = VERTEX_POINT('',#8051);
#8051 = CARTESIAN_POINT('',(-5.4,-8.075,31.4));
#8052 = VERTEX_POINT('',#8053);
#8053 = CARTESIAN_POINT('',(-5.4,-8.075,27.4));
#8054 = SURFACE_CURVE('',#8055,(#8058,#8069),.PCURVE_S1.);
#8055 = B_SPLINE_CURVE_WITH_KNOTS('',1,(#8056,#8057),.UNSPECIFIED.,.F.,
  .F.,(2,2),(0.,4.E-03),.PIECEWISE_BEZIER_KNOTS.);
#8056 = CARTESIAN_POINT('',(-5.4,-8.075,31.4));
#8057 = CARTESIAN_POINT('',(-5.4,-8.075,27.4));
#8058 = PCURVE('',#8059,#8064);
#8059 = B_SPLINE_SURFACE_WITH_KNOTS('',1,1,(
    (#8060,#8061)
    ,(#8062,#8063
  )),.UNSPECIFIED.,.F.,.F.,.F.,(2,2),(2,2),(0.,1.08E-02),(-4.E-03,0.),
  .PIECEWISE_BEZIER_KNOTS.);
#8060 = CARTESIAN_POINT('',(-5.4,-8.075,27.4));
#8061 = CARTESIAN_POINT('',(-5.4,-8.075,31.4));
#8062 = CARTESIAN_POINT('',(5.4,-8.075,27.4));
#8063 = CARTESIAN_POINT('',(5.4,-8.075,31.4));
#8064 = DEFINITIONAL_REPRESENTATION('',(#8065),#8068);
#8065 = B_SPLINE_CURVE_WITH_KNOTS('',1,(#8066,#8067),.UNSPECIFIED.,.F.,
  .F.,(2,2),(0.,4.E-03),.PIECEWISE_BEZIER_KNOTS.);
#8066 = CARTESIAN_POINT('',(0.,0.));
#8067 = CARTESIAN_POINT('',(0.,-4.E-03));
#8068 = ( GEOMETRIC_REPRESENTATION_CONTEXT(2) 
PARAMETRIC_REPRESENTATION_CONTEXT() REPRESENTATION_CONTEXT('2D SPACE',''
  ) );
#8069 = PCURVE('',#8070,#8081);
#8070 = ( BOUNDED_SURFACE() B_SPLINE_SURFACE(2,1,(
    (#8071,#8072)
    ,(#8073,#8074)
    ,(#8075,#8076)
    ,(#8077,#8078)
    ,(#8079,#8080
)),.UNSPECIFIED.,.F.,.F.,.F.) B_SPLINE_SURFACE_WITH_KNOTS((3,2,3),(2,2),
  (1.570796326795,3.14159265359,4.712388980385),(-4.E-03,0.),
.PIECEWISE_BEZIER_KNOTS.) GEOMETRIC_REPRESENTATION_ITEM() 
RATIONAL_B_SPLINE_SURFACE((
    (1.,1.)
    ,(0.707106781187,0.707106781187)
    ,(1.,1.)
    ,(0.707106781187,0.707106781187)
,(1.,1.))) REPRESENTATION_ITEM('') SURFACE() );
#8071 = CARTESIAN_POINT('',(-5.4,8.075,27.4));
#8072 = CARTESIAN_POINT('',(-5.4,8.075,31.4));
#8073 = CARTESIAN_POINT('',(-13.475,8.075,27.4));
#8074 = CARTESIAN_POINT('',(-13.475,8.075,31.4));
#8075 = CARTESIAN_POINT('',(-13.475,9.889022903115E-16,27.4));
#8076 = CARTESIAN_POINT('',(-13.475,9.889022903115E-16,31.4));
#8077 = CARTESIAN_POINT('',(-13.475,-8.075,27.4));
#8078 = CARTESIAN_POINT('',(-13.475,-8.075,31.4));
#8079 = CARTESIAN_POINT('',(-5.4,-8.075,27.4));
#8080 = CARTESIAN_POINT('',(-5.4,-8.075,31.4));
#8081 = DEFINITIONAL_REPRESENTATION('',(#8082),#8086);
#8082 = B_SPLINE_CURVE_WITH_KNOTS('',2,(#8083,#8084,#8085),
  .UNSPECIFIED.,.F.,.F.,(3,3),(0.,4.E-03),.PIECEWISE_BEZIER_KNOTS.);
#8083 = CARTESIAN_POINT('',(4.712388980385,0.));
#8084 = CARTESIAN_POINT('',(4.712388980385,-2.E-03));
#8085 = CARTESIAN_POINT('',(4.712388980385,-4.E-03));
#8086 = ( GEOMETRIC_REPRESENTATION_CONTEXT(2) 
PARAMETRIC_REPRESENTATION_CONTEXT() REPRESENTATION_CONTEXT('2D SPACE',''
  ) );
#8087 = ORIENTED_EDGE('',*,*,#8088,.T.);
#8088 = EDGE_CURVE('',#8052,#8089,#8091,.T.);
#8089 = VERTEX_POINT('',#8090);
#8090 = CARTESIAN_POINT('',(5.4,-8.075,27.4));
#8091 = SURFACE_CURVE('',#8092,(#8095,#8101),.PCURVE_S1.);
#8092 = B_SPLINE_CURVE_WITH_KNOTS('',1,(#8093,#8094),.UNSPECIFIED.,.F.,
  .F.,(2,2),(0.,1.08E-02),.PIECEWISE_BEZIER_KNOTS.);
#8093 = CARTESIAN_POINT('',(-5.4,-8.075,27.4));
#8094 = CARTESIAN_POINT('',(5.4,-8.075,27.4));
#8095 = PCURVE('',#8059,#8096);
#8096 = DEFINITIONAL_REPRESENTATION('',(#8097),#8100);
#8097 = B_SPLINE_CURVE_WITH_KNOTS('',1,(#8098,#8099),.UNSPECIFIED.,.F.,
  .F.,(2,2),(0.,1.08E-02),.PIECEWISE_BEZIER_KNOTS.);
#8098 = CARTESIAN_POINT('',(0.,-4.E-03));
#8099 = CARTESIAN_POINT('',(1.08E-02,-4.E-03));
#8100 = ( GEOMETRIC_REPRESENTATION_CONTEXT(2) 
PARAMETRIC_REPRESENTATION_CONTEXT() REPRESENTATION_CONTEXT('2D SPACE',''
  ) );
#8101 = PCURVE('',#7711,#8102);
#8102 = DEFINITIONAL_REPRESENTATION('',(#8103),#8106);
#8103 = B_SPLINE_CURVE_WITH_KNOTS('',1,(#8104,#8105),.UNSPECIFIED.,.F.,
  .F.,(2,2),(0.,1.08E-02),.PIECEWISE_BEZIER_KNOTS.);
#8104 = CARTESIAN_POINT('',(-5.4E-03,-8.075E-03));
#8105 = CARTESIAN_POINT('',(5.4E-03,-8.075E-03));
#8106 = ( GEOMETRIC_REPRESENTATION_CONTEXT(2) 
PARAMETRIC_REPRESENTATION_CONTEXT() REPRESENTATION_CONTEXT('2D SPACE',''
  ) );
#8107 = ORIENTED_EDGE('',*,*,#8108,.F.);
#8108 = EDGE_CURVE('',#8109,#8089,#8111,.T.);
#8109 = VERTEX_POINT('',#8110);
#8110 = CARTESIAN_POINT('',(5.4,-8.075,31.4));
#8111 = SURFACE_CURVE('',#8112,(#8115,#8121),.PCURVE_S1.);
#8112 = B_SPLINE_CURVE_WITH_KNOTS('',1,(#8113,#8114),.UNSPECIFIED.,.F.,
  .F.,(2,2),(0.,4.E-03),.PIECEWISE_BEZIER_KNOTS.);
#8113 = CARTESIAN_POINT('',(5.4,-8.075,31.4));
#8114 = CARTESIAN_POINT('',(5.4,-8.075,27.4));
#8115 = PCURVE('',#8059,#8116);
#8116 = DEFINITIONAL_REPRESENTATION('',(#8117),#8120);
#8117 = B_SPLINE_CURVE_WITH_KNOTS('',1,(#8118,#8119),.UNSPECIFIED.,.F.,
  .F.,(2,2),(0.,4.E-03),.PIECEWISE_BEZIER_KNOTS.);
#8118 = CARTESIAN_POINT('',(1.08E-02,0.));
#8119 = CARTESIAN_POINT('',(1.08E-02,-4.E-03));
#8120 = ( GEOMETRIC_REPRESENTATION_CONTEXT(2) 
PARAMETRIC_REPRESENTATION_CONTEXT() REPRESENTATION_CONTEXT('2D SPACE',''
  ) );
#8121 = PCURVE('',#8122,#8129);
#8122 = ( BOUNDED_SURFACE() B_SPLINE_SURFACE(2,1,(
    (#8123,#8124)
    ,(#8125,#8126)
    ,(#8127,#8128
)),.UNSPECIFIED.,.F.,.F.,.F.) B_SPLINE_SURFACE_WITH_KNOTS((3,3),(2,2),(
    4.712388980385,6.28318530718),(-4.E-03,0.),
.PIECEWISE_BEZIER_KNOTS.) GEOMETRIC_REPRESENTATION_ITEM() 
RATIONAL_B_SPLINE_SURFACE((
    (1.,1.)
    ,(0.707106781187,0.707106781187)
,(1.,1.))) REPRESENTATION_ITEM('') SURFACE() );
#8123 = CARTESIAN_POINT('',(5.4,-8.075,27.4));
#8124 = CARTESIAN_POINT('',(5.4,-8.075,31.4));
#8125 = CARTESIAN_POINT('',(13.475,-8.075,27.4));
#8126 = CARTESIAN_POINT('',(13.475,-8.075,31.4));
#8127 = CARTESIAN_POINT('',(13.475,-1.977804580623E-15,27.4));
#8128 = CARTESIAN_POINT('',(13.475,-1.977804580623E-15,31.4));
#8129 = DEFINITIONAL_REPRESENTATION('',(#8130),#8134);
#8130 = B_SPLINE_CURVE_WITH_KNOTS('',2,(#8131,#8132,#8133),
  .UNSPECIFIED.,.F.,.F.,(3,3),(0.,4.E-03),.PIECEWISE_BEZIER_KNOTS.);
#8131 = CARTESIAN_POINT('',(4.712388980385,0.));
#8132 = CARTESIAN_POINT('',(4.712388980385,-2.E-03));
#8133 = CARTESIAN_POINT('',(4.712388980385,-4.E-03));
#8134 = ( GEOMETRIC_REPRESENTATION_CONTEXT(2) 
PARAMETRIC_REPRESENTATION_CONTEXT() REPRESENTATION_CONTEXT('2D SPACE',''
  ) );
#8135 = ORIENTED_EDGE('',*,*,#8136,.F.);
#8136 = EDGE_CURVE('',#8050,#8109,#8137,.T.);
#8137 = SURFACE_CURVE('',#8138,(#8141,#8147),.PCURVE_S1.);
#8138 = B_SPLINE_CURVE_WITH_KNOTS('',1,(#8139,#8140),.UNSPECIFIED.,.F.,
  .F.,(2,2),(0.,1.08E-02),.PIECEWISE_BEZIER_KNOTS.);
#8139 = CARTESIAN_POINT('',(-5.4,-8.075,31.4));
#8140 = CARTESIAN_POINT('',(5.4,-8.075,31.4));
#8141 = PCURVE('',#8059,#8142);
#8142 = DEFINITIONAL_REPRESENTATION('',(#8143),#8146);
#8143 = B_SPLINE_CURVE_WITH_KNOTS('',1,(#8144,#8145),.UNSPECIFIED.,.F.,
  .F.,(2,2),(0.,1.08E-02),.PIECEWISE_BEZIER_KNOTS.);
#8144 = CARTESIAN_POINT('',(0.,0.));
#8145 = CARTESIAN_POINT('',(1.08E-02,0.));
#8146 = ( GEOMETRIC_REPRESENTATION_CONTEXT(2) 
PARAMETRIC_REPRESENTATION_CONTEXT() REPRESENTATION_CONTEXT('2D SPACE',''
  ) );
#8147 = PCURVE('',#7762,#8148);
#8148 = DEFINITIONAL_REPRESENTATION('',(#8149),#8152);
#8149 = B_SPLINE_CURVE_WITH_KNOTS('',1,(#8150,#8151),.UNSPECIFIED.,.F.,
  .F.,(2,2),(0.,1.08E-02),.PIECEWISE_BEZIER_KNOTS.);
#8150 = CARTESIAN_POINT('',(-5.4E-03,-8.075E-03));
#8151 = CARTESIAN_POINT('',(5.4E-03,-8.075E-03));
#8152 = ( GEOMETRIC_REPRESENTATION_CONTEXT(2) 
PARAMETRIC_REPRESENTATION_CONTEXT() REPRESENTATION_CONTEXT('2D SPACE',''
  ) );
#8153 = ADVANCED_FACE('',(#8154),#8122,.F.);
#8154 = FACE_BOUND('',#8155,.F.);
#8155 = EDGE_LOOP('',(#8156,#8157,#8180,#8209));
#8156 = ORIENTED_EDGE('',*,*,#8108,.T.);
#8157 = ORIENTED_EDGE('',*,*,#8158,.T.);
#8158 = EDGE_CURVE('',#8089,#8159,#8161,.T.);
#8159 = VERTEX_POINT('',#8160);
#8160 = CARTESIAN_POINT('',(13.475,0.,27.4));
#8161 = SURFACE_CURVE('',#8162,(#8166,#8173),.PCURVE_S1.);
#8162 = ( BOUNDED_CURVE() B_SPLINE_CURVE(2,(#8163,#8164,#8165),
.UNSPECIFIED.,.F.,.F.) B_SPLINE_CURVE_WITH_KNOTS((3,3),(4.712388980385,
6.28318530718),.PIECEWISE_BEZIER_KNOTS.) CURVE() 
GEOMETRIC_REPRESENTATION_ITEM() RATIONAL_B_SPLINE_CURVE((1.,
0.707106781187,1.)) REPRESENTATION_ITEM('') );
#8163 = CARTESIAN_POINT('',(5.4,-8.075,27.4));
#8164 = CARTESIAN_POINT('',(13.475,-8.075,27.4));
#8165 = CARTESIAN_POINT('',(13.475,-1.977804580623E-15,27.4));
#8166 = PCURVE('',#8122,#8167);
#8167 = DEFINITIONAL_REPRESENTATION('',(#8168),#8172);
#8168 = B_SPLINE_CURVE_WITH_KNOTS('',2,(#8169,#8170,#8171),
  .UNSPECIFIED.,.F.,.F.,(3,3),(4.712388980385,6.28318530718),
  .PIECEWISE_BEZIER_KNOTS.);
#8169 = CARTESIAN_POINT('',(4.712388980385,-4.E-03));
#8170 = CARTESIAN_POINT('',(5.497787143782,-4.E-03));
#8171 = CARTESIAN_POINT('',(6.28318530718,-4.E-03));
#8172 = ( GEOMETRIC_REPRESENTATION_CONTEXT(2) 
PARAMETRIC_REPRESENTATION_CONTEXT() REPRESENTATION_CONTEXT('2D SPACE',''
  ) );
#8173 = PCURVE('',#7711,#8174);
#8174 = DEFINITIONAL_REPRESENTATION('',(#8175),#8179);
#8175 = ( BOUNDED_CURVE() B_SPLINE_CURVE(2,(#8176,#8177,#8178),
.UNSPECIFIED.,.F.,.F.) B_SPLINE_CURVE_WITH_KNOTS((3,3),(4.712388980385,
6.28318530718),.PIECEWISE_BEZIER_KNOTS.) CURVE() 
GEOMETRIC_REPRESENTATION_ITEM() RATIONAL_B_SPLINE_CURVE((1.,
0.707106781187,1.)) REPRESENTATION_ITEM('') );
#8176 = CARTESIAN_POINT('',(5.4E-03,-8.075E-03));
#8177 = CARTESIAN_POINT('',(1.3475E-02,-8.075E-03));
#8178 = CARTESIAN_POINT('',(1.3475E-02,-8.787653789144E-19));
#8179 = ( GEOMETRIC_REPRESENTATION_CONTEXT(2) 
PARAMETRIC_REPRESENTATION_CONTEXT() REPRESENTATION_CONTEXT('2D SPACE',''
  ) );
#8180 = ORIENTED_EDGE('',*,*,#8181,.F.);
#8181 = EDGE_CURVE('',#8182,#8159,#8184,.T.);
#8182 = VERTEX_POINT('',#8183);
#8183 = CARTESIAN_POINT('',(13.475,0.,31.4));
#8184 = SURFACE_CURVE('',#8185,(#8188,#8195),.PCURVE_S1.);
#8185 = B_SPLINE_CURVE_WITH_KNOTS('',1,(#8186,#8187),.UNSPECIFIED.,.F.,
  .F.,(2,2),(0.,4.E-03),.PIECEWISE_BEZIER_KNOTS.);
#8186 = CARTESIAN_POINT('',(13.475,0.,31.4));
#8187 = CARTESIAN_POINT('',(13.475,0.,27.4));
#8188 = PCURVE('',#8122,#8189);
#8189 = DEFINITIONAL_REPRESENTATION('',(#8190),#8194);
#8190 = B_SPLINE_CURVE_WITH_KNOTS('',2,(#8191,#8192,#8193),
  .UNSPECIFIED.,.F.,.F.,(3,3),(0.,4.E-03),.PIECEWISE_BEZIER_KNOTS.);
#8191 = CARTESIAN_POINT('',(6.28318530718,0.));
#8192 = CARTESIAN_POINT('',(6.28318530718,-2.E-03));
#8193 = CARTESIAN_POINT('',(6.28318530718,-4.E-03));
#8194 = ( GEOMETRIC_REPRESENTATION_CONTEXT(2) 
PARAMETRIC_REPRESENTATION_CONTEXT() REPRESENTATION_CONTEXT('2D SPACE',''
  ) );
#8195 = PCURVE('',#8196,#8203);
#8196 = ( BOUNDED_SURFACE() B_SPLINE_SURFACE(2,1,(
    (#8197,#8198)
    ,(#8199,#8200)
    ,(#8201,#8202
)),.UNSPECIFIED.,.F.,.F.,.F.) B_SPLINE_SURFACE_WITH_KNOTS((3,3),(2,2),(
    0.,1.570796326795),(-4.E-03,0.),.PIECEWISE_BEZIER_KNOTS.) 
GEOMETRIC_REPRESENTATION_ITEM() RATIONAL_B_SPLINE_SURFACE((
    (1.,1.)
    ,(0.707106781187,0.707106781187)
,(1.,1.))) REPRESENTATION_ITEM('') SURFACE() );
#8197 = CARTESIAN_POINT('',(13.475,0.,27.4));
#8198 = CARTESIAN_POINT('',(13.475,0.,31.4));
#8199 = CARTESIAN_POINT('',(13.475,8.075,27.4));
#8200 = CARTESIAN_POINT('',(13.475,8.075,31.4));
#8201 = CARTESIAN_POINT('',(5.4,8.075,27.4));
#8202 = CARTESIAN_POINT('',(5.4,8.075,31.4));
#8203 = DEFINITIONAL_REPRESENTATION('',(#8204),#8208);
#8204 = B_SPLINE_CURVE_WITH_KNOTS('',2,(#8205,#8206,#8207),
  .UNSPECIFIED.,.F.,.F.,(3,3),(0.,4.E-03),.PIECEWISE_BEZIER_KNOTS.);
#8205 = CARTESIAN_POINT('',(0.,0.));
#8206 = CARTESIAN_POINT('',(0.,-2.E-03));
#8207 = CARTESIAN_POINT('',(0.,-4.E-03));
#8208 = ( GEOMETRIC_REPRESENTATION_CONTEXT(2) 
PARAMETRIC_REPRESENTATION_CONTEXT() REPRESENTATION_CONTEXT('2D SPACE',''
  ) );
#8209 = ORIENTED_EDGE('',*,*,#8210,.F.);
#8210 = EDGE_CURVE('',#8109,#8182,#8211,.T.);
#8211 = SURFACE_CURVE('',#8212,(#8216,#8223),.PCURVE_S1.);
#8212 = ( BOUNDED_CURVE() B_SPLINE_CURVE(2,(#8213,#8214,#8215),
.UNSPECIFIED.,.F.,.F.) B_SPLINE_CURVE_WITH_KNOTS((3,3),(4.712388980385,
6.28318530718),.PIECEWISE_BEZIER_KNOTS.) CURVE() 
GEOMETRIC_REPRESENTATION_ITEM() RATIONAL_B_SPLINE_CURVE((1.,
0.707106781187,1.)) REPRESENTATION_ITEM('') );
#8213 = CARTESIAN_POINT('',(5.4,-8.075,31.4));
#8214 = CARTESIAN_POINT('',(13.475,-8.075,31.4));
#8215 = CARTESIAN_POINT('',(13.475,-1.977804580623E-15,31.4));
#8216 = PCURVE('',#8122,#8217);
#8217 = DEFINITIONAL_REPRESENTATION('',(#8218),#8222);
#8218 = B_SPLINE_CURVE_WITH_KNOTS('',2,(#8219,#8220,#8221),
  .UNSPECIFIED.,.F.,.F.,(3,3),(4.712388980385,6.28318530718),
  .PIECEWISE_BEZIER_KNOTS.);
#8219 = CARTESIAN_POINT('',(4.712388980385,0.));
#8220 = CARTESIAN_POINT('',(5.497787143782,0.));
#8221 = CARTESIAN_POINT('',(6.28318530718,0.));
#8222 = ( GEOMETRIC_REPRESENTATION_CONTEXT(2) 
PARAMETRIC_REPRESENTATION_CONTEXT() REPRESENTATION_CONTEXT('2D SPACE',''
  ) );
#8223 = PCURVE('',#7762,#8224);
#8224 = DEFINITIONAL_REPRESENTATION('',(#8225),#8229);
#8225 = ( BOUNDED_CURVE() B_SPLINE_CURVE(2,(#8226,#8227,#8228),
.UNSPECIFIED.,.F.,.F.) B_SPLINE_CURVE_WITH_KNOTS((3,3),(4.712388980385,
6.28318530718),.PIECEWISE_BEZIER_KNOTS.) CURVE() 
GEOMETRIC_REPRESENTATION_ITEM() RATIONAL_B_SPLINE_CURVE((1.,
0.707106781187,1.)) REPRESENTATION_ITEM('') );
#8226 = CARTESIAN_POINT('',(5.4E-03,-8.075E-03));
#8227 = CARTESIAN_POINT('',(1.3475E-02,-8.075E-03));
#8228 = CARTESIAN_POINT('',(1.3475E-02,-8.787653789144E-19));
#8229 = ( GEOMETRIC_REPRESENTATION_CONTEXT(2) 
PARAMETRIC_REPRESENTATION_CONTEXT() REPRESENTATION_CONTEXT('2D SPACE',''
  ) );
#8230 = ADVANCED_FACE('',(#8231),#8196,.F.);
#8231 = FACE_BOUND('',#8232,.F.);
#8232 = EDGE_LOOP('',(#8233,#8234,#8257,#8283));
#8233 = ORIENTED_EDGE('',*,*,#8181,.T.);
#8234 = ORIENTED_EDGE('',*,*,#8235,.T.);
#8235 = EDGE_CURVE('',#8159,#8236,#8238,.T.);
#8236 = VERTEX_POINT('',#8237);
#8237 = CARTESIAN_POINT('',(5.4,8.075,27.4));
#8238 = SURFACE_CURVE('',#8239,(#8243,#8250),.PCURVE_S1.);
#8239 = ( BOUNDED_CURVE() B_SPLINE_CURVE(2,(#8240,#8241,#8242),
.UNSPECIFIED.,.F.,.F.) B_SPLINE_CURVE_WITH_KNOTS((3,3),(0.,
1.570796326795),.PIECEWISE_BEZIER_KNOTS.) CURVE() 
GEOMETRIC_REPRESENTATION_ITEM() RATIONAL_B_SPLINE_CURVE((1.,
0.707106781187,1.)) REPRESENTATION_ITEM('') );
#8240 = CARTESIAN_POINT('',(13.475,0.,27.4));
#8241 = CARTESIAN_POINT('',(13.475,8.075,27.4));
#8242 = CARTESIAN_POINT('',(5.4,8.075,27.4));
#8243 = PCURVE('',#8196,#8244);
#8244 = DEFINITIONAL_REPRESENTATION('',(#8245),#8249);
#8245 = B_SPLINE_CURVE_WITH_KNOTS('',2,(#8246,#8247,#8248),
  .UNSPECIFIED.,.F.,.F.,(3,3),(0.,1.570796326795),
  .PIECEWISE_BEZIER_KNOTS.);
#8246 = CARTESIAN_POINT('',(0.,-4.E-03));
#8247 = CARTESIAN_POINT('',(0.785398163397,-4.E-03));
#8248 = CARTESIAN_POINT('',(1.570796326795,-4.E-03));
#8249 = ( GEOMETRIC_REPRESENTATION_CONTEXT(2) 
PARAMETRIC_REPRESENTATION_CONTEXT() REPRESENTATION_CONTEXT('2D SPACE',''
  ) );
#8250 = PCURVE('',#7711,#8251);
#8251 = DEFINITIONAL_REPRESENTATION('',(#8252),#8256);
#8252 = ( BOUNDED_CURVE() B_SPLINE_CURVE(2,(#8253,#8254,#8255),
.UNSPECIFIED.,.F.,.F.) B_SPLINE_CURVE_WITH_KNOTS((3,3),(0.,
1.570796326795),.PIECEWISE_BEZIER_KNOTS.) CURVE() 
GEOMETRIC_REPRESENTATION_ITEM() RATIONAL_B_SPLINE_CURVE((1.,
0.707106781187,1.)) REPRESENTATION_ITEM('') );
#8253 = CARTESIAN_POINT('',(1.3475E-02,1.099039201709E-18));
#8254 = CARTESIAN_POINT('',(1.3475E-02,8.075E-03));
#8255 = CARTESIAN_POINT('',(5.4E-03,8.075E-03));
#8256 = ( GEOMETRIC_REPRESENTATION_CONTEXT(2) 
PARAMETRIC_REPRESENTATION_CONTEXT() REPRESENTATION_CONTEXT('2D SPACE',''
  ) );
#8257 = ORIENTED_EDGE('',*,*,#8258,.F.);
#8258 = EDGE_CURVE('',#8259,#8236,#8261,.T.);
#8259 = VERTEX_POINT('',#8260);
#8260 = CARTESIAN_POINT('',(5.4,8.075,31.4));
#8261 = SURFACE_CURVE('',#8262,(#8265,#8272),.PCURVE_S1.);
#8262 = B_SPLINE_CURVE_WITH_KNOTS('',1,(#8263,#8264),.UNSPECIFIED.,.F.,
  .F.,(2,2),(0.,4.E-03),.PIECEWISE_BEZIER_KNOTS.);
#8263 = CARTESIAN_POINT('',(5.4,8.075,31.4));
#8264 = CARTESIAN_POINT('',(5.4,8.075,27.4));
#8265 = PCURVE('',#8196,#8266);
#8266 = DEFINITIONAL_REPRESENTATION('',(#8267),#8271);
#8267 = B_SPLINE_CURVE_WITH_KNOTS('',2,(#8268,#8269,#8270),
  .UNSPECIFIED.,.F.,.F.,(3,3),(0.,4.E-03),.PIECEWISE_BEZIER_KNOTS.);
#8268 = CARTESIAN_POINT('',(1.570796326795,0.));
#8269 = CARTESIAN_POINT('',(1.570796326795,-2.E-03));
#8270 = CARTESIAN_POINT('',(1.570796326795,-4.E-03));
#8271 = ( GEOMETRIC_REPRESENTATION_CONTEXT(2) 
PARAMETRIC_REPRESENTATION_CONTEXT() REPRESENTATION_CONTEXT('2D SPACE',''
  ) );
#8272 = PCURVE('',#8273,#8278);
#8273 = B_SPLINE_SURFACE_WITH_KNOTS('',1,1,(
    (#8274,#8275)
    ,(#8276,#8277
  )),.UNSPECIFIED.,.F.,.F.,.F.,(2,2),(2,2),(0.,1.08E-02),(-4.E-03,0.),
  .PIECEWISE_BEZIER_KNOTS.);
#8274 = CARTESIAN_POINT('',(5.4,8.075,27.4));
#8275 = CARTESIAN_POINT('',(5.4,8.075,31.4));
#8276 = CARTESIAN_POINT('',(-5.4,8.075,27.4));
#8277 = CARTESIAN_POINT('',(-5.4,8.075,31.4));
#8278 = DEFINITIONAL_REPRESENTATION('',(#8279),#8282);
#8279 = B_SPLINE_CURVE_WITH_KNOTS('',1,(#8280,#8281),.UNSPECIFIED.,.F.,
  .F.,(2,2),(0.,4.E-03),.PIECEWISE_BEZIER_KNOTS.);
#8280 = CARTESIAN_POINT('',(0.,0.));
#8281 = CARTESIAN_POINT('',(0.,-4.E-03));
#8282 = ( GEOMETRIC_REPRESENTATION_CONTEXT(2) 
PARAMETRIC_REPRESENTATION_CONTEXT() REPRESENTATION_CONTEXT('2D SPACE',''
  ) );
#8283 = ORIENTED_EDGE('',*,*,#8284,.F.);
#8284 = EDGE_CURVE('',#8182,#8259,#8285,.T.);
#8285 = SURFACE_CURVE('',#8286,(#8290,#8297),.PCURVE_S1.);
#8286 = ( BOUNDED_CURVE() B_SPLINE_CURVE(2,(#8287,#8288,#8289),
.UNSPECIFIED.,.F.,.F.) B_SPLINE_CURVE_WITH_KNOTS((3,3),(0.,
1.570796326795),.PIECEWISE_BEZIER_KNOTS.) CURVE() 
GEOMETRIC_REPRESENTATION_ITEM() RATIONAL_B_SPLINE_CURVE((1.,
0.707106781187,1.)) REPRESENTATION_ITEM('') );
#8287 = CARTESIAN_POINT('',(13.475,0.,31.4));
#8288 = CARTESIAN_POINT('',(13.475,8.075,31.4));
#8289 = CARTESIAN_POINT('',(5.4,8.075,31.4));
#8290 = PCURVE('',#8196,#8291);
#8291 = DEFINITIONAL_REPRESENTATION('',(#8292),#8296);
#8292 = B_SPLINE_CURVE_WITH_KNOTS('',2,(#8293,#8294,#8295),
  .UNSPECIFIED.,.F.,.F.,(3,3),(0.,1.570796326795),
  .PIECEWISE_BEZIER_KNOTS.);
#8293 = CARTESIAN_POINT('',(0.,0.));
#8294 = CARTESIAN_POINT('',(0.785398163397,0.));
#8295 = CARTESIAN_POINT('',(1.570796326795,0.));
#8296 = ( GEOMETRIC_REPRESENTATION_CONTEXT(2) 
PARAMETRIC_REPRESENTATION_CONTEXT() REPRESENTATION_CONTEXT('2D SPACE',''
  ) );
#8297 = PCURVE('',#7762,#8298);
#8298 = DEFINITIONAL_REPRESENTATION('',(#8299),#8303);
#8299 = ( BOUNDED_CURVE() B_SPLINE_CURVE(2,(#8300,#8301,#8302),
.UNSPECIFIED.,.F.,.F.) B_SPLINE_CURVE_WITH_KNOTS((3,3),(0.,
1.570796326795),.PIECEWISE_BEZIER_KNOTS.) CURVE() 
GEOMETRIC_REPRESENTATION_ITEM() RATIONAL_B_SPLINE_CURVE((1.,
0.707106781187,1.)) REPRESENTATION_ITEM('') );
#8300 = CARTESIAN_POINT('',(1.3475E-02,1.099039201709E-18));
#8301 = CARTESIAN_POINT('',(1.3475E-02,8.075E-03));
#8302 = CARTESIAN_POINT('',(5.4E-03,8.075E-03));
#8303 = ( GEOMETRIC_REPRESENTATION_CONTEXT(2) 
PARAMETRIC_REPRESENTATION_CONTEXT() REPRESENTATION_CONTEXT('2D SPACE',''
  ) );
#8304 = ADVANCED_FACE('',(#8305),#8273,.F.);
#8305 = FACE_BOUND('',#8306,.F.);
#8306 = EDGE_LOOP('',(#8307,#8308,#8328,#8349));
#8307 = ORIENTED_EDGE('',*,*,#8258,.T.);
#8308 = ORIENTED_EDGE('',*,*,#8309,.T.);
#8309 = EDGE_CURVE('',#8236,#8310,#8312,.T.);
#8310 = VERTEX_POINT('',#8311);
#8311 = CARTESIAN_POINT('',(-5.4,8.075,27.4));
#8312 = SURFACE_CURVE('',#8313,(#8316,#8322),.PCURVE_S1.);
#8313 = B_SPLINE_CURVE_WITH_KNOTS('',1,(#8314,#8315),.UNSPECIFIED.,.F.,
  .F.,(2,2),(0.,1.08E-02),.PIECEWISE_BEZIER_KNOTS.);
#8314 = CARTESIAN_POINT('',(5.4,8.075,27.4));
#8315 = CARTESIAN_POINT('',(-5.4,8.075,27.4));
#8316 = PCURVE('',#8273,#8317);
#8317 = DEFINITIONAL_REPRESENTATION('',(#8318),#8321);
#8318 = B_SPLINE_CURVE_WITH_KNOTS('',1,(#8319,#8320),.UNSPECIFIED.,.F.,
  .F.,(2,2),(0.,1.08E-02),.PIECEWISE_BEZIER_KNOTS.);
#8319 = CARTESIAN_POINT('',(0.,-4.E-03));
#8320 = CARTESIAN_POINT('',(1.08E-02,-4.E-03));
#8321 = ( GEOMETRIC_REPRESENTATION_CONTEXT(2) 
PARAMETRIC_REPRESENTATION_CONTEXT() REPRESENTATION_CONTEXT('2D SPACE',''
  ) );
#8322 = PCURVE('',#7711,#8323);
#8323 = DEFINITIONAL_REPRESENTATION('',(#8324),#8327);
#8324 = B_SPLINE_CURVE_WITH_KNOTS('',1,(#8325,#8326),.UNSPECIFIED.,.F.,
  .F.,(2,2),(0.,1.08E-02),.PIECEWISE_BEZIER_KNOTS.);
#8325 = CARTESIAN_POINT('',(5.4E-03,8.075E-03));
#8326 = CARTESIAN_POINT('',(-5.4E-03,8.075E-03));
#8327 = ( GEOMETRIC_REPRESENTATION_CONTEXT(2) 
PARAMETRIC_REPRESENTATION_CONTEXT() REPRESENTATION_CONTEXT('2D SPACE',''
  ) );
#8328 = ORIENTED_EDGE('',*,*,#8329,.F.);
#8329 = EDGE_CURVE('',#8330,#8310,#8332,.T.);
#8330 = VERTEX_POINT('',#8331);
#8331 = CARTESIAN_POINT('',(-5.4,8.075,31.4));
#8332 = SURFACE_CURVE('',#8333,(#8336,#8342),.PCURVE_S1.);
#8333 = B_SPLINE_CURVE_WITH_KNOTS('',1,(#8334,#8335),.UNSPECIFIED.,.F.,
  .F.,(2,2),(0.,4.E-03),.PIECEWISE_BEZIER_KNOTS.);
#8334 = CARTESIAN_POINT('',(-5.4,8.075,31.4));
#8335 = CARTESIAN_POINT('',(-5.4,8.075,27.4));
#8336 = PCURVE('',#8273,#8337);
#8337 = DEFINITIONAL_REPRESENTATION('',(#8338),#8341);
#8338 = B_SPLINE_CURVE_WITH_KNOTS('',1,(#8339,#8340),.UNSPECIFIED.,.F.,
  .F.,(2,2),(0.,4.E-03),.PIECEWISE_BEZIER_KNOTS.);
#8339 = CARTESIAN_POINT('',(1.08E-02,0.));
#8340 = CARTESIAN_POINT('',(1.08E-02,-4.E-03));
#8341 = ( GEOMETRIC_REPRESENTATION_CONTEXT(2) 
PARAMETRIC_REPRESENTATION_CONTEXT() REPRESENTATION_CONTEXT('2D SPACE',''
  ) );
#8342 = PCURVE('',#8070,#8343);
#8343 = DEFINITIONAL_REPRESENTATION('',(#8344),#8348);
#8344 = B_SPLINE_CURVE_WITH_KNOTS('',2,(#8345,#8346,#8347),
  .UNSPECIFIED.,.F.,.F.,(3,3),(0.,4.E-03),.PIECEWISE_BEZIER_KNOTS.);
#8345 = CARTESIAN_POINT('',(1.570796326795,0.));
#8346 = CARTESIAN_POINT('',(1.570796326795,-2.E-03));
#8347 = CARTESIAN_POINT('',(1.570796326795,-4.E-03));
#8348 = ( GEOMETRIC_REPRESENTATION_CONTEXT(2) 
PARAMETRIC_REPRESENTATION_CONTEXT() REPRESENTATION_CONTEXT('2D SPACE',''
  ) );
#8349 = ORIENTED_EDGE('',*,*,#8350,.F.);
#8350 = EDGE_CURVE('',#8259,#8330,#8351,.T.);
#8351 = SURFACE_CURVE('',#8352,(#8355,#8361),.PCURVE_S1.);
#8352 = B_SPLINE_CURVE_WITH_KNOTS('',1,(#8353,#8354),.UNSPECIFIED.,.F.,
  .F.,(2,2),(0.,1.08E-02),.PIECEWISE_BEZIER_KNOTS.);
#8353 = CARTESIAN_POINT('',(5.4,8.075,31.4));
#8354 = CARTESIAN_POINT('',(-5.4,8.075,31.4));
#8355 = PCURVE('',#8273,#8356);
#8356 = DEFINITIONAL_REPRESENTATION('',(#8357),#8360);
#8357 = B_SPLINE_CURVE_WITH_KNOTS('',1,(#8358,#8359),.UNSPECIFIED.,.F.,
  .F.,(2,2),(0.,1.08E-02),.PIECEWISE_BEZIER_KNOTS.);
#8358 = CARTESIAN_POINT('',(0.,0.));
#8359 = CARTESIAN_POINT('',(1.08E-02,0.));
#8360 = ( GEOMETRIC_REPRESENTATION_CONTEXT(2) 
PARAMETRIC_REPRESENTATION_CONTEXT() REPRESENTATION_CONTEXT('2D SPACE',''
  ) );
#8361 = PCURVE('',#7762,#8362);
#8362 = DEFINITIONAL_REPRESENTATION('',(#8363),#8366);
#8363 = B_SPLINE_CURVE_WITH_KNOTS('',1,(#8364,#8365),.UNSPECIFIED.,.F.,
  .F.,(2,2),(0.,1.08E-02),.PIECEWISE_BEZIER_KNOTS.);
#8364 = CARTESIAN_POINT('',(5.4E-03,8.075E-03));
#8365 = CARTESIAN_POINT('',(-5.4E-03,8.075E-03));
#8366 = ( GEOMETRIC_REPRESENTATION_CONTEXT(2) 
PARAMETRIC_REPRESENTATION_CONTEXT() REPRESENTATION_CONTEXT('2D SPACE',''
  ) );
#8367 = ADVANCED_FACE('',(#8368),#8070,.F.);
#8368 = FACE_BOUND('',#8369,.F.);
#8369 = EDGE_LOOP('',(#8370,#8371,#8398,#8399));
#8370 = ORIENTED_EDGE('',*,*,#8329,.T.);
#8371 = ORIENTED_EDGE('',*,*,#8372,.T.);
#8372 = EDGE_CURVE('',#8310,#8052,#8373,.T.);
#8373 = SURFACE_CURVE('',#8374,(#8380,#8389),.PCURVE_S1.);
#8374 = ( BOUNDED_CURVE() B_SPLINE_CURVE(2,(#8375,#8376,#8377,#8378,
#8379),.UNSPECIFIED.,.F.,.F.) B_SPLINE_CURVE_WITH_KNOTS((3,2,3),(
    1.570796326795,3.14159265359,4.712388980385),
.PIECEWISE_BEZIER_KNOTS.) CURVE() GEOMETRIC_REPRESENTATION_ITEM() 
RATIONAL_B_SPLINE_CURVE((1.,0.707106781187,1.,0.707106781187,1.)) 
REPRESENTATION_ITEM('') );
#8375 = CARTESIAN_POINT('',(-5.4,8.075,27.4));
#8376 = CARTESIAN_POINT('',(-13.475,8.075,27.4));
#8377 = CARTESIAN_POINT('',(-13.475,9.889022903115E-16,27.4));
#8378 = CARTESIAN_POINT('',(-13.475,-8.075,27.4));
#8379 = CARTESIAN_POINT('',(-5.4,-8.075,27.4));
#8380 = PCURVE('',#8070,#8381);
#8381 = DEFINITIONAL_REPRESENTATION('',(#8382),#8388);
#8382 = B_SPLINE_CURVE_WITH_KNOTS('',2,(#8383,#8384,#8385,#8386,#8387),
  .UNSPECIFIED.,.F.,.F.,(3,2,3),(1.570796326795,3.14159265359,
    4.712388980385),.PIECEWISE_BEZIER_KNOTS.);
#8383 = CARTESIAN_POINT('',(1.570796326795,-4.E-03));
#8384 = CARTESIAN_POINT('',(2.356194490192,-4.E-03));
#8385 = CARTESIAN_POINT('',(3.14159265359,-4.E-03));
#8386 = CARTESIAN_POINT('',(3.926990816987,-4.E-03));
#8387 = CARTESIAN_POINT('',(4.712388980385,-4.E-03));
#8388 = ( GEOMETRIC_REPRESENTATION_CONTEXT(2) 
PARAMETRIC_REPRESENTATION_CONTEXT() REPRESENTATION_CONTEXT('2D SPACE',''
  ) );
#8389 = PCURVE('',#7711,#8390);
#8390 = DEFINITIONAL_REPRESENTATION('',(#8391),#8397);
#8391 = ( BOUNDED_CURVE() B_SPLINE_CURVE(2,(#8392,#8393,#8394,#8395,
#8396),.UNSPECIFIED.,.F.,.F.) B_SPLINE_CURVE_WITH_KNOTS((3,2,3),(
    1.570796326795,3.14159265359,4.712388980385),
.PIECEWISE_BEZIER_KNOTS.) CURVE() GEOMETRIC_REPRESENTATION_ITEM() 
RATIONAL_B_SPLINE_CURVE((1.,0.707106781187,1.,0.707106781187,1.)) 
REPRESENTATION_ITEM('') );
#8392 = CARTESIAN_POINT('',(-5.4E-03,8.075E-03));
#8393 = CARTESIAN_POINT('',(-1.3475E-02,8.075E-03));
#8394 = CARTESIAN_POINT('',(-1.3475E-02,2.08794149202E-18));
#8395 = CARTESIAN_POINT('',(-1.3475E-02,-8.075E-03));
#8396 = CARTESIAN_POINT('',(-5.4E-03,-8.075E-03));
#8397 = ( GEOMETRIC_REPRESENTATION_CONTEXT(2) 
PARAMETRIC_REPRESENTATION_CONTEXT() REPRESENTATION_CONTEXT('2D SPACE',''
  ) );
#8398 = ORIENTED_EDGE('',*,*,#8049,.F.);
#8399 = ORIENTED_EDGE('',*,*,#8400,.F.);
#8400 = EDGE_CURVE('',#8330,#8050,#8401,.T.);
#8401 = SURFACE_CURVE('',#8402,(#8408,#8417),.PCURVE_S1.);
#8402 = ( BOUNDED_CURVE() B_SPLINE_CURVE(2,(#8403,#8404,#8405,#8406,
#8407),.UNSPECIFIED.,.F.,.F.) B_SPLINE_CURVE_WITH_KNOTS((3,2,3),(
    1.570796326795,3.14159265359,4.712388980385),
.PIECEWISE_BEZIER_KNOTS.) CURVE() GEOMETRIC_REPRESENTATION_ITEM() 
RATIONAL_B_SPLINE_CURVE((1.,0.707106781187,1.,0.707106781187,1.)) 
REPRESENTATION_ITEM('') );
#8403 = CARTESIAN_POINT('',(-5.4,8.075,31.4));
#8404 = CARTESIAN_POINT('',(-13.475,8.075,31.4));
#8405 = CARTESIAN_POINT('',(-13.475,9.889022903115E-16,31.4));
#8406 = CARTESIAN_POINT('',(-13.475,-8.075,31.4));
#8407 = CARTESIAN_POINT('',(-5.4,-8.075,31.4));
#8408 = PCURVE('',#8070,#8409);
#8409 = DEFINITIONAL_REPRESENTATION('',(#8410),#8416);
#8410 = B_SPLINE_CURVE_WITH_KNOTS('',2,(#8411,#8412,#8413,#8414,#8415),
  .UNSPECIFIED.,.F.,.F.,(3,2,3),(1.570796326795,3.14159265359,
    4.712388980385),.PIECEWISE_BEZIER_KNOTS.);
#8411 = CARTESIAN_POINT('',(1.570796326795,0.));
#8412 = CARTESIAN_POINT('',(2.356194490192,0.));
#8413 = CARTESIAN_POINT('',(3.14159265359,0.));
#8414 = CARTESIAN_POINT('',(3.926990816987,0.));
#8415 = CARTESIAN_POINT('',(4.712388980385,0.));
#8416 = ( GEOMETRIC_REPRESENTATION_CONTEXT(2) 
PARAMETRIC_REPRESENTATION_CONTEXT() REPRESENTATION_CONTEXT('2D SPACE',''
  ) );
#8417 = PCURVE('',#7762,#8418);
#8418 = DEFINITIONAL_REPRESENTATION('',(#8419),#8425);
#8419 = ( BOUNDED_CURVE() B_SPLINE_CURVE(2,(#8420,#8421,#8422,#8423,
#8424),.UNSPECIFIED.,.F.,.F.) B_SPLINE_CURVE_WITH_KNOTS((3,2,3),(
    1.570796326795,3.14159265359,4.712388980385),
.PIECEWISE_BEZIER_KNOTS.) CURVE() GEOMETRIC_REPRESENTATION_ITEM() 
RATIONAL_B_SPLINE_CURVE((1.,0.707106781187,1.,0.707106781187,1.)) 
REPRESENTATION_ITEM('') );
#8420 = CARTESIAN_POINT('',(-5.4E-03,8.075E-03));
#8421 = CARTESIAN_POINT('',(-1.3475E-02,8.075E-03));
#8422 = CARTESIAN_POINT('',(-1.3475E-02,2.08794149202E-18));
#8423 = CARTESIAN_POINT('',(-1.3475E-02,-8.075E-03));
#8424 = CARTESIAN_POINT('',(-5.4E-03,-8.075E-03));
#8425 = ( GEOMETRIC_REPRESENTATION_CONTEXT(2) 
PARAMETRIC_REPRESENTATION_CONTEXT() REPRESENTATION_CONTEXT('2D SPACE',''
  ) );
#8426 = ADVANCED_FACE('',(#8427,#8434),#7762,.T.);
#8427 = FACE_BOUND('',#8428,.T.);
#8428 = EDGE_LOOP('',(#8429,#8430,#8431,#8432,#8433));
#8429 = ORIENTED_EDGE('',*,*,#7750,.T.);
#8430 = ORIENTED_EDGE('',*,*,#7915,.T.);
#8431 = ORIENTED_EDGE('',*,*,#8025,.T.);
#8432 = ORIENTED_EDGE('',*,*,#7981,.T.);
#8433 = ORIENTED_EDGE('',*,*,#7832,.T.);
#8434 = FACE_BOUND('',#8435,.T.);
#8435 = EDGE_LOOP('',(#8436,#8437,#8438,#8439,#8440));
#8436 = ORIENTED_EDGE('',*,*,#8136,.F.);
#8437 = ORIENTED_EDGE('',*,*,#8400,.F.);
#8438 = ORIENTED_EDGE('',*,*,#8350,.F.);
#8439 = ORIENTED_EDGE('',*,*,#8284,.F.);
#8440 = ORIENTED_EDGE('',*,*,#8210,.F.);
#8441 = ADVANCED_FACE('',(#8442,#8449),#7711,.F.);
#8442 = FACE_BOUND('',#8443,.F.);
#8443 = EDGE_LOOP('',(#8444,#8445,#8446,#8447,#8448));
#8444 = ORIENTED_EDGE('',*,*,#7697,.T.);
#8445 = ORIENTED_EDGE('',*,*,#7863,.T.);
#8446 = ORIENTED_EDGE('',*,*,#8003,.T.);
#8447 = ORIENTED_EDGE('',*,*,#7962,.T.);
#8448 = ORIENTED_EDGE('',*,*,#7804,.T.);
#8449 = FACE_BOUND('',#8450,.F.);
#8450 = EDGE_LOOP('',(#8451,#8452,#8453,#8454,#8455));
#8451 = ORIENTED_EDGE('',*,*,#8088,.F.);
#8452 = ORIENTED_EDGE('',*,*,#8372,.F.);
#8453 = ORIENTED_EDGE('',*,*,#8309,.F.);
#8454 = ORIENTED_EDGE('',*,*,#8235,.F.);
#8455 = ORIENTED_EDGE('',*,*,#8158,.F.);
#8456 = ( GEOMETRIC_REPRESENTATION_CONTEXT(3) 
GLOBAL_UNCERTAINTY_ASSIGNED_CONTEXT((#8460)) 
GLOBAL_UNIT_ASSIGNED_CONTEXT((#8457,#8458,#8459)) REPRESENTATION_CONTEXT
('Context #1','3D Context with UNIT and UNCERTAINTY') );
#8457 = ( LENGTH_UNIT() NAMED_UNIT(*) SI_UNIT(.MILLI.,.METRE.) );
#8458 = ( NAMED_UNIT(*) PLANE_ANGLE_UNIT() SI_UNIT($,.RADIAN.) );
#8459 = ( NAMED_UNIT(*) SI_UNIT($,.STERADIAN.) SOLID_ANGLE_UNIT() );
#8460 = UNCERTAINTY_MEASURE_WITH_UNIT(LENGTH_MEASURE(1.E-04),#8457,
  'distance_accuracy_value','confusion accuracy');
#8461 = CONTEXT_DEPENDENT_SHAPE_REPRESENTATION(#8462,#8464);
#8462 = ( REPRESENTATION_RELATIONSHIP('','',#7651,#10) 
REPRESENTATION_RELATIONSHIP_WITH_TRANSFORMATION(#8463) 
SHAPE_REPRESENTATION_RELATIONSHIP() );
#8463 = ITEM_DEFINED_TRANSFORMATION('','',#11,#51);
#8464 = PRODUCT_DEFINITION_SHAPE('Placement','Placement of an item',
  #8465);
#8465 = NEXT_ASSEMBLY_USAGE_OCCURRENCE('10','','',#5,#7646,$);
#8466 = PRODUCT_RELATED_PRODUCT_CATEGORY('part',$,(#7648));
#8467 = SHAPE_DEFINITION_REPRESENTATION(#8468,#8474);
#8468 = PRODUCT_DEFINITION_SHAPE('','',#8469);
#8469 = PRODUCT_DEFINITION('design','',#8470,#8473);
#8470 = PRODUCT_DEFINITION_FORMATION('','',#8471);
#8471 = PRODUCT('Open CASCADE STEP translator 7.9 1.11',
  'Open CASCADE STEP translator 7.9 1.11','',(#8472));
#8472 = PRODUCT_CONTEXT('',#2,'mechanical');
#8473 = PRODUCT_DEFINITION_CONTEXT('part definition',#2,'design');
#8474 = ADVANCED_BREP_SHAPE_REPRESENTATION('',(#11,#8475),#9279);
#8475 = MANIFOLD_SOLID_BREP('',#8476);
#8476 = CLOSED_SHELL('',(#8477,#8595,#8681,#8758,#8821,#8868,#8976,#9053
    ,#9127,#9190,#9249,#9264));
#8477 = ADVANCED_FACE('',(#8478),#8491,.T.);
#8478 = FACE_BOUND('',#8479,.T.);
#8479 = EDGE_LOOP('',(#8480,#8519,#8544,#8572));
#8480 = ORIENTED_EDGE('',*,*,#8481,.T.);
#8481 = EDGE_CURVE('',#8482,#8484,#8486,.T.);
#8482 = VERTEX_POINT('',#8483);
#8483 = CARTESIAN_POINT('',(-5.4,-43.925,35.4));
#8484 = VERTEX_POINT('',#8485);
#8485 = CARTESIAN_POINT('',(-5.4,-43.925,31.4));
#8486 = SURFACE_CURVE('',#8487,(#8490,#8501),.PCURVE_S1.);
#8487 = B_SPLINE_CURVE_WITH_KNOTS('',1,(#8488,#8489),.UNSPECIFIED.,.F.,
  .F.,(2,2),(0.,4.E-03),.PIECEWISE_BEZIER_KNOTS.);
#8488 = CARTESIAN_POINT('',(-5.4,-43.925,35.4));
#8489 = CARTESIAN_POINT('',(-5.4,-43.925,31.4));
#8490 = PCURVE('',#8491,#8496);
#8491 = B_SPLINE_SURFACE_WITH_KNOTS('',1,1,(
    (#8492,#8493)
    ,(#8494,#8495
  )),.UNSPECIFIED.,.F.,.F.,.F.,(2,2),(2,2),(0.,1.08E-02),(-4.E-03,0.),
  .PIECEWISE_BEZIER_KNOTS.);
#8492 = CARTESIAN_POINT('',(-5.4,-43.925,31.4));
#8493 = CARTESIAN_POINT('',(-5.4,-43.925,35.4));
#8494 = CARTESIAN_POINT('',(5.4,-43.925,31.4));
#8495 = CARTESIAN_POINT('',(5.4,-43.925,35.4));
#8496 = DEFINITIONAL_REPRESENTATION('',(#8497),#8500);
#8497 = B_SPLINE_CURVE_WITH_KNOTS('',1,(#8498,#8499),.UNSPECIFIED.,.F.,
  .F.,(2,2),(0.,4.E-03),.PIECEWISE_BEZIER_KNOTS.);
#8498 = CARTESIAN_POINT('',(0.,0.));
#8499 = CARTESIAN_POINT('',(0.,-4.E-03));
#8500 = ( GEOMETRIC_REPRESENTATION_CONTEXT(2) 
PARAMETRIC_REPRESENTATION_CONTEXT() REPRESENTATION_CONTEXT('2D SPACE',''
  ) );
#8501 = PCURVE('',#8502,#8513);
#8502 = ( BOUNDED_SURFACE() B_SPLINE_SURFACE(2,1,(
    (#8503,#8504)
    ,(#8505,#8506)
    ,(#8507,#8508)
    ,(#8509,#8510)
    ,(#8511,#8512
)),.UNSPECIFIED.,.F.,.F.,.F.) B_SPLINE_SURFACE_WITH_KNOTS((3,2,3),(2,2),
  (1.570796326795,3.14159265359,4.712388980385),(-4.E-03,0.),
.PIECEWISE_BEZIER_KNOTS.) GEOMETRIC_REPRESENTATION_ITEM() 
RATIONAL_B_SPLINE_SURFACE((
    (1.,1.)
    ,(0.707106781187,0.707106781187)
    ,(1.,1.)
    ,(0.707106781187,0.707106781187)
,(1.,1.))) REPRESENTATION_ITEM('') SURFACE() );
#8503 = CARTESIAN_POINT('',(-5.4,43.925,31.4));
#8504 = CARTESIAN_POINT('',(-5.4,43.925,35.4));
#8505 = CARTESIAN_POINT('',(-49.325,43.925,31.4));
#8506 = CARTESIAN_POINT('',(-49.325,43.925,35.4));
#8507 = CARTESIAN_POINT('',(-49.325,5.379261065255E-15,31.4));
#8508 = CARTESIAN_POINT('',(-49.325,5.379261065255E-15,35.4));
#8509 = CARTESIAN_POINT('',(-49.325,-43.925,31.4));
#8510 = CARTESIAN_POINT('',(-49.325,-43.925,35.4));
#8511 = CARTESIAN_POINT('',(-5.4,-43.925,31.4));
#8512 = CARTESIAN_POINT('',(-5.4,-43.925,35.4));
#8513 = DEFINITIONAL_REPRESENTATION('',(#8514),#8518);
#8514 = B_SPLINE_CURVE_WITH_KNOTS('',2,(#8515,#8516,#8517),
  .UNSPECIFIED.,.F.,.F.,(3,3),(0.,4.E-03),.PIECEWISE_BEZIER_KNOTS.);
#8515 = CARTESIAN_POINT('',(4.712388980385,0.));
#8516 = CARTESIAN_POINT('',(4.712388980385,-2.E-03));
#8517 = CARTESIAN_POINT('',(4.712388980385,-4.E-03));
#8518 = ( GEOMETRIC_REPRESENTATION_CONTEXT(2) 
PARAMETRIC_REPRESENTATION_CONTEXT() REPRESENTATION_CONTEXT('2D SPACE',''
  ) );
#8519 = ORIENTED_EDGE('',*,*,#8520,.T.);
#8520 = EDGE_CURVE('',#8484,#8521,#8523,.T.);
#8521 = VERTEX_POINT('',#8522);
#8522 = CARTESIAN_POINT('',(5.4,-43.925,31.4));
#8523 = SURFACE_CURVE('',#8524,(#8527,#8533),.PCURVE_S1.);
#8524 = B_SPLINE_CURVE_WITH_KNOTS('',1,(#8525,#8526),.UNSPECIFIED.,.F.,
  .F.,(2,2),(0.,1.08E-02),.PIECEWISE_BEZIER_KNOTS.);
#8525 = CARTESIAN_POINT('',(-5.4,-43.925,31.4));
#8526 = CARTESIAN_POINT('',(5.4,-43.925,31.4));
#8527 = PCURVE('',#8491,#8528);
#8528 = DEFINITIONAL_REPRESENTATION('',(#8529),#8532);
#8529 = B_SPLINE_CURVE_WITH_KNOTS('',1,(#8530,#8531),.UNSPECIFIED.,.F.,
  .F.,(2,2),(0.,1.08E-02),.PIECEWISE_BEZIER_KNOTS.);
#8530 = CARTESIAN_POINT('',(0.,-4.E-03));
#8531 = CARTESIAN_POINT('',(1.08E-02,-4.E-03));
#8532 = ( GEOMETRIC_REPRESENTATION_CONTEXT(2) 
PARAMETRIC_REPRESENTATION_CONTEXT() REPRESENTATION_CONTEXT('2D SPACE',''
  ) );
#8533 = PCURVE('',#8534,#8539);
#8534 = B_SPLINE_SURFACE_WITH_KNOTS('',1,1,(
    (#8535,#8536)
    ,(#8537,#8538
    )),.UNSPECIFIED.,.F.,.F.,.F.,(2,2),(2,2),(-4.9325E-02,4.9325E-02),(
    -4.3925E-02,4.3925E-02),.PIECEWISE_BEZIER_KNOTS.);
#8535 = CARTESIAN_POINT('',(-49.325,-43.925,31.4));
#8536 = CARTESIAN_POINT('',(-49.325,43.925,31.4));
#8537 = CARTESIAN_POINT('',(49.325,-43.925,31.4));
#8538 = CARTESIAN_POINT('',(49.325,43.925,31.4));
#8539 = DEFINITIONAL_REPRESENTATION('',(#8540),#8543);
#8540 = B_SPLINE_CURVE_WITH_KNOTS('',1,(#8541,#8542),.UNSPECIFIED.,.F.,
  .F.,(2,2),(0.,1.08E-02),.PIECEWISE_BEZIER_KNOTS.);
#8541 = CARTESIAN_POINT('',(-5.4E-03,-4.3925E-02));
#8542 = CARTESIAN_POINT('',(5.4E-03,-4.3925E-02));
#8543 = ( GEOMETRIC_REPRESENTATION_CONTEXT(2) 
PARAMETRIC_REPRESENTATION_CONTEXT() REPRESENTATION_CONTEXT('2D SPACE',''
  ) );
#8544 = ORIENTED_EDGE('',*,*,#8545,.F.);
#8545 = EDGE_CURVE('',#8546,#8521,#8548,.T.);
#8546 = VERTEX_POINT('',#8547);
#8547 = CARTESIAN_POINT('',(5.4,-43.925,35.4));
#8548 = SURFACE_CURVE('',#8549,(#8552,#8558),.PCURVE_S1.);
#8549 = B_SPLINE_CURVE_WITH_KNOTS('',1,(#8550,#8551),.UNSPECIFIED.,.F.,
  .F.,(2,2),(0.,4.E-03),.PIECEWISE_BEZIER_KNOTS.);
#8550 = CARTESIAN_POINT('',(5.4,-43.925,35.4));
#8551 = CARTESIAN_POINT('',(5.4,-43.925,31.4));
#8552 = PCURVE('',#8491,#8553);
#8553 = DEFINITIONAL_REPRESENTATION('',(#8554),#8557);
#8554 = B_SPLINE_CURVE_WITH_KNOTS('',1,(#8555,#8556),.UNSPECIFIED.,.F.,
  .F.,(2,2),(0.,4.E-03),.PIECEWISE_BEZIER_KNOTS.);
#8555 = CARTESIAN_POINT('',(1.08E-02,0.));
#8556 = CARTESIAN_POINT('',(1.08E-02,-4.E-03));
#8557 = ( GEOMETRIC_REPRESENTATION_CONTEXT(2) 
PARAMETRIC_REPRESENTATION_CONTEXT() REPRESENTATION_CONTEXT('2D SPACE',''
  ) );
#8558 = PCURVE('',#8559,#8566);
#8559 = ( BOUNDED_SURFACE() B_SPLINE_SURFACE(2,1,(
    (#8560,#8561)
    ,(#8562,#8563)
    ,(#8564,#8565
)),.UNSPECIFIED.,.F.,.F.,.F.) B_SPLINE_SURFACE_WITH_KNOTS((3,3),(2,2),(
    4.712388980385,6.28318530718),(-4.E-03,0.),
.PIECEWISE_BEZIER_KNOTS.) GEOMETRIC_REPRESENTATION_ITEM() 
RATIONAL_B_SPLINE_SURFACE((
    (1.,1.)
    ,(0.707106781187,0.707106781187)
,(1.,1.))) REPRESENTATION_ITEM('') SURFACE() );
#8560 = CARTESIAN_POINT('',(5.4,-43.925,31.4));
#8561 = CARTESIAN_POINT('',(5.4,-43.925,35.4));
#8562 = CARTESIAN_POINT('',(49.325,-43.925,31.4));
#8563 = CARTESIAN_POINT('',(49.325,-43.925,35.4));
#8564 = CARTESIAN_POINT('',(49.325,-1.075852213051E-14,31.4));
#8565 = CARTESIAN_POINT('',(49.325,-1.075852213051E-14,35.4));
#8566 = DEFINITIONAL_REPRESENTATION('',(#8567),#8571);
#8567 = B_SPLINE_CURVE_WITH_KNOTS('',2,(#8568,#8569,#8570),
  .UNSPECIFIED.,.F.,.F.,(3,3),(0.,4.E-03),.PIECEWISE_BEZIER_KNOTS.);
#8568 = CARTESIAN_POINT('',(4.712388980385,0.));
#8569 = CARTESIAN_POINT('',(4.712388980385,-2.E-03));
#8570 = CARTESIAN_POINT('',(4.712388980385,-4.E-03));
#8571 = ( GEOMETRIC_REPRESENTATION_CONTEXT(2) 
PARAMETRIC_REPRESENTATION_CONTEXT() REPRESENTATION_CONTEXT('2D SPACE',''
  ) );
#8572 = ORIENTED_EDGE('',*,*,#8573,.F.);
#8573 = EDGE_CURVE('',#8482,#8546,#8574,.T.);
#8574 = SURFACE_CURVE('',#8575,(#8578,#8584),.PCURVE_S1.);
#8575 = B_SPLINE_CURVE_WITH_KNOTS('',1,(#8576,#8577),.UNSPECIFIED.,.F.,
  .F.,(2,2),(0.,1.08E-02),.PIECEWISE_BEZIER_KNOTS.);
#8576 = CARTESIAN_POINT('',(-5.4,-43.925,35.4));
#8577 = CARTESIAN_POINT('',(5.4,-43.925,35.4));
#8578 = PCURVE('',#8491,#8579);
#8579 = DEFINITIONAL_REPRESENTATION('',(#8580),#8583);
#8580 = B_SPLINE_CURVE_WITH_KNOTS('',1,(#8581,#8582),.UNSPECIFIED.,.F.,
  .F.,(2,2),(0.,1.08E-02),.PIECEWISE_BEZIER_KNOTS.);
#8581 = CARTESIAN_POINT('',(0.,0.));
#8582 = CARTESIAN_POINT('',(1.08E-02,0.));
#8583 = ( GEOMETRIC_REPRESENTATION_CONTEXT(2) 
PARAMETRIC_REPRESENTATION_CONTEXT() REPRESENTATION_CONTEXT('2D SPACE',''
  ) );
#8584 = PCURVE('',#8585,#8590);
#8585 = B_SPLINE_SURFACE_WITH_KNOTS('',1,1,(
    (#8586,#8587)
    ,(#8588,#8589
    )),.UNSPECIFIED.,.F.,.F.,.F.,(2,2),(2,2),(-4.9325E-02,4.9325E-02),(
    -4.3925E-02,4.3925E-02),.PIECEWISE_BEZIER_KNOTS.);
#8586 = CARTESIAN_POINT('',(-49.325,-43.925,35.4));
#8587 = CARTESIAN_POINT('',(-49.325,43.925,35.4));
#8588 = CARTESIAN_POINT('',(49.325,-43.925,35.4));
#8589 = CARTESIAN_POINT('',(49.325,43.925,35.4));
#8590 = DEFINITIONAL_REPRESENTATION('',(#8591),#8594);
#8591 = B_SPLINE_CURVE_WITH_KNOTS('',1,(#8592,#8593),.UNSPECIFIED.,.F.,
  .F.,(2,2),(0.,1.08E-02),.PIECEWISE_BEZIER_KNOTS.);
#8592 = CARTESIAN_POINT('',(-5.4E-03,-4.3925E-02));
#8593 = CARTESIAN_POINT('',(5.4E-03,-4.3925E-02));
#8594 = ( GEOMETRIC_REPRESENTATION_CONTEXT(2) 
PARAMETRIC_REPRESENTATION_CONTEXT() REPRESENTATION_CONTEXT('2D SPACE',''
  ) );
#8595 = ADVANCED_FACE('',(#8596),#8502,.T.);
#8596 = FACE_BOUND('',#8597,.T.);
#8597 = EDGE_LOOP('',(#8598,#8626,#8653,#8654));
#8598 = ORIENTED_EDGE('',*,*,#8599,.T.);
#8599 = EDGE_CURVE('',#8600,#8602,#8604,.T.);
#8600 = VERTEX_POINT('',#8601);
#8601 = CARTESIAN_POINT('',(-5.4,43.925,35.4));
#8602 = VERTEX_POINT('',#8603);
#8603 = CARTESIAN_POINT('',(-5.4,43.925,31.4));
#8604 = SURFACE_CURVE('',#8605,(#8608,#8615),.PCURVE_S1.);
#8605 = B_SPLINE_CURVE_WITH_KNOTS('',1,(#8606,#8607),.UNSPECIFIED.,.F.,
  .F.,(2,2),(0.,4.E-03),.PIECEWISE_BEZIER_KNOTS.);
#8606 = CARTESIAN_POINT('',(-5.4,43.925,35.4));
#8607 = CARTESIAN_POINT('',(-5.4,43.925,31.4));
#8608 = PCURVE('',#8502,#8609);
#8609 = DEFINITIONAL_REPRESENTATION('',(#8610),#8614);
#8610 = B_SPLINE_CURVE_WITH_KNOTS('',2,(#8611,#8612,#8613),
  .UNSPECIFIED.,.F.,.F.,(3,3),(0.,4.E-03),.PIECEWISE_BEZIER_KNOTS.);
#8611 = CARTESIAN_POINT('',(1.570796326795,0.));
#8612 = CARTESIAN_POINT('',(1.570796326795,-2.E-03));
#8613 = CARTESIAN_POINT('',(1.570796326795,-4.E-03));
#8614 = ( GEOMETRIC_REPRESENTATION_CONTEXT(2) 
PARAMETRIC_REPRESENTATION_CONTEXT() REPRESENTATION_CONTEXT('2D SPACE',''
  ) );
#8615 = PCURVE('',#8616,#8621);
#8616 = B_SPLINE_SURFACE_WITH_KNOTS('',1,1,(
    (#8617,#8618)
    ,(#8619,#8620
  )),.UNSPECIFIED.,.F.,.F.,.F.,(2,2),(2,2),(0.,1.08E-02),(-4.E-03,0.),
  .PIECEWISE_BEZIER_KNOTS.);
#8617 = CARTESIAN_POINT('',(5.4,43.925,31.4));
#8618 = CARTESIAN_POINT('',(5.4,43.925,35.4));
#8619 = CARTESIAN_POINT('',(-5.4,43.925,31.4));
#8620 = CARTESIAN_POINT('',(-5.4,43.925,35.4));
#8621 = DEFINITIONAL_REPRESENTATION('',(#8622),#8625);
#8622 = B_SPLINE_CURVE_WITH_KNOTS('',1,(#8623,#8624),.UNSPECIFIED.,.F.,
  .F.,(2,2),(0.,4.E-03),.PIECEWISE_BEZIER_KNOTS.);
#8623 = CARTESIAN_POINT('',(1.08E-02,0.));
#8624 = CARTESIAN_POINT('',(1.08E-02,-4.E-03));
#8625 = ( GEOMETRIC_REPRESENTATION_CONTEXT(2) 
PARAMETRIC_REPRESENTATION_CONTEXT() REPRESENTATION_CONTEXT('2D SPACE',''
  ) );
#8626 = ORIENTED_EDGE('',*,*,#8627,.T.);
#8627 = EDGE_CURVE('',#8602,#8484,#8628,.T.);
#8628 = SURFACE_CURVE('',#8629,(#8635,#8644),.PCURVE_S1.);
#8629 = ( BOUNDED_CURVE() B_SPLINE_CURVE(2,(#8630,#8631,#8632,#8633,
#8634),.UNSPECIFIED.,.F.,.F.) B_SPLINE_CURVE_WITH_KNOTS((3,2,3),(
    1.570796326795,3.14159265359,4.712388980385),
.PIECEWISE_BEZIER_KNOTS.) CURVE() GEOMETRIC_REPRESENTATION_ITEM() 
RATIONAL_B_SPLINE_CURVE((1.,0.707106781187,1.,0.707106781187,1.)) 
REPRESENTATION_ITEM('') );
#8630 = CARTESIAN_POINT('',(-5.4,43.925,31.4));
#8631 = CARTESIAN_POINT('',(-49.325,43.925,31.4));
#8632 = CARTESIAN_POINT('',(-49.325,5.379261065255E-15,31.4));
#8633 = CARTESIAN_POINT('',(-49.325,-43.925,31.4));
#8634 = CARTESIAN_POINT('',(-5.4,-43.925,31.4));
#8635 = PCURVE('',#8502,#8636);
#8636 = DEFINITIONAL_REPRESENTATION('',(#8637),#8643);
#8637 = B_SPLINE_CURVE_WITH_KNOTS('',2,(#8638,#8639,#8640,#8641,#8642),
  .UNSPECIFIED.,.F.,.F.,(3,2,3),(1.570796326795,3.14159265359,
    4.712388980385),.PIECEWISE_BEZIER_KNOTS.);
#8638 = CARTESIAN_POINT('',(1.570796326795,-4.E-03));
#8639 = CARTESIAN_POINT('',(2.356194490192,-4.E-03));
#8640 = CARTESIAN_POINT('',(3.14159265359,-4.E-03));
#8641 = CARTESIAN_POINT('',(3.926990816987,-4.E-03));
#8642 = CARTESIAN_POINT('',(4.712388980385,-4.E-03));
#8643 = ( GEOMETRIC_REPRESENTATION_CONTEXT(2) 
PARAMETRIC_REPRESENTATION_CONTEXT() REPRESENTATION_CONTEXT('2D SPACE',''
  ) );
#8644 = PCURVE('',#8534,#8645);
#8645 = DEFINITIONAL_REPRESENTATION('',(#8646),#8652);
#8646 = ( BOUNDED_CURVE() B_SPLINE_CURVE(2,(#8647,#8648,#8649,#8650,
#8651),.UNSPECIFIED.,.F.,.F.) B_SPLINE_CURVE_WITH_KNOTS((3,2,3),(
    1.570796326795,3.14159265359,4.712388980385),
.PIECEWISE_BEZIER_KNOTS.) CURVE() GEOMETRIC_REPRESENTATION_ITEM() 
RATIONAL_B_SPLINE_CURVE((1.,0.707106781187,1.,0.707106781187,1.)) 
REPRESENTATION_ITEM('') );
#8647 = CARTESIAN_POINT('',(-5.4E-03,4.3925E-02));
#8648 = CARTESIAN_POINT('',(-4.9325E-02,4.3925E-02));
#8649 = CARTESIAN_POINT('',(-4.9325E-02,6.478300266963E-18));
#8650 = CARTESIAN_POINT('',(-4.9325E-02,-4.3925E-02));
#8651 = CARTESIAN_POINT('',(-5.4E-03,-4.3925E-02));
#8652 = ( GEOMETRIC_REPRESENTATION_CONTEXT(2) 
PARAMETRIC_REPRESENTATION_CONTEXT() REPRESENTATION_CONTEXT('2D SPACE',''
  ) );
#8653 = ORIENTED_EDGE('',*,*,#8481,.F.);
#8654 = ORIENTED_EDGE('',*,*,#8655,.F.);
#8655 = EDGE_CURVE('',#8600,#8482,#8656,.T.);
#8656 = SURFACE_CURVE('',#8657,(#8663,#8672),.PCURVE_S1.);
#8657 = ( BOUNDED_CURVE() B_SPLINE_CURVE(2,(#8658,#8659,#8660,#8661,
#8662),.UNSPECIFIED.,.F.,.F.) B_SPLINE_CURVE_WITH_KNOTS((3,2,3),(
    1.570796326795,3.14159265359,4.712388980385),
.PIECEWISE_BEZIER_KNOTS.) CURVE() GEOMETRIC_REPRESENTATION_ITEM() 
RATIONAL_B_SPLINE_CURVE((1.,0.707106781187,1.,0.707106781187,1.)) 
REPRESENTATION_ITEM('') );
#8658 = CARTESIAN_POINT('',(-5.4,43.925,35.4));
#8659 = CARTESIAN_POINT('',(-49.325,43.925,35.4));
#8660 = CARTESIAN_POINT('',(-49.325,5.379261065255E-15,35.4));
#8661 = CARTESIAN_POINT('',(-49.325,-43.925,35.4));
#8662 = CARTESIAN_POINT('',(-5.4,-43.925,35.4));
#8663 = PCURVE('',#8502,#8664);
#8664 = DEFINITIONAL_REPRESENTATION('',(#8665),#8671);
#8665 = B_SPLINE_CURVE_WITH_KNOTS('',2,(#8666,#8667,#8668,#8669,#8670),
  .UNSPECIFIED.,.F.,.F.,(3,2,3),(1.570796326795,3.14159265359,
    4.712388980385),.PIECEWISE_BEZIER_KNOTS.);
#8666 = CARTESIAN_POINT('',(1.570796326795,0.));
#8667 = CARTESIAN_POINT('',(2.356194490192,0.));
#8668 = CARTESIAN_POINT('',(3.14159265359,0.));
#8669 = CARTESIAN_POINT('',(3.926990816987,0.));
#8670 = CARTESIAN_POINT('',(4.712388980385,0.));
#8671 = ( GEOMETRIC_REPRESENTATION_CONTEXT(2) 
PARAMETRIC_REPRESENTATION_CONTEXT() REPRESENTATION_CONTEXT('2D SPACE',''
  ) );
#8672 = PCURVE('',#8585,#8673);
#8673 = DEFINITIONAL_REPRESENTATION('',(#8674),#8680);
#8674 = ( BOUNDED_CURVE() B_SPLINE_CURVE(2,(#8675,#8676,#8677,#8678,
#8679),.UNSPECIFIED.,.F.,.F.) B_SPLINE_CURVE_WITH_KNOTS((3,2,3),(
    1.570796326795,3.14159265359,4.712388980385),
.PIECEWISE_BEZIER_KNOTS.) CURVE() GEOMETRIC_REPRESENTATION_ITEM() 
RATIONAL_B_SPLINE_CURVE((1.,0.707106781187,1.,0.707106781187,1.)) 
REPRESENTATION_ITEM('') );
#8675 = CARTESIAN_POINT('',(-5.4E-03,4.3925E-02));
#8676 = CARTESIAN_POINT('',(-4.9325E-02,4.3925E-02));
#8677 = CARTESIAN_POINT('',(-4.9325E-02,6.478300266963E-18));
#8678 = CARTESIAN_POINT('',(-4.9325E-02,-4.3925E-02));
#8679 = CARTESIAN_POINT('',(-5.4E-03,-4.3925E-02));
#8680 = ( GEOMETRIC_REPRESENTATION_CONTEXT(2) 
PARAMETRIC_REPRESENTATION_CONTEXT() REPRESENTATION_CONTEXT('2D SPACE',''
  ) );
#8681 = ADVANCED_FACE('',(#8682),#8559,.T.);
#8682 = FACE_BOUND('',#8683,.T.);
#8683 = EDGE_LOOP('',(#8684,#8685,#8708,#8737));
#8684 = ORIENTED_EDGE('',*,*,#8545,.T.);
#8685 = ORIENTED_EDGE('',*,*,#8686,.T.);
#8686 = EDGE_CURVE('',#8521,#8687,#8689,.T.);
#8687 = VERTEX_POINT('',#8688);
#8688 = CARTESIAN_POINT('',(49.325,0.,31.4));
#8689 = SURFACE_CURVE('',#8690,(#8694,#8701),.PCURVE_S1.);
#8690 = ( BOUNDED_CURVE() B_SPLINE_CURVE(2,(#8691,#8692,#8693),
.UNSPECIFIED.,.F.,.F.) B_SPLINE_CURVE_WITH_KNOTS((3,3),(4.712388980385,
6.28318530718),.PIECEWISE_BEZIER_KNOTS.) CURVE() 
GEOMETRIC_REPRESENTATION_ITEM() RATIONAL_B_SPLINE_CURVE((1.,
0.707106781187,1.)) REPRESENTATION_ITEM('') );
#8691 = CARTESIAN_POINT('',(5.4,-43.925,31.4));
#8692 = CARTESIAN_POINT('',(49.325,-43.925,31.4));
#8693 = CARTESIAN_POINT('',(49.325,-1.075852213051E-14,31.4));
#8694 = PCURVE('',#8559,#8695);
#8695 = DEFINITIONAL_REPRESENTATION('',(#8696),#8700);
#8696 = B_SPLINE_CURVE_WITH_KNOTS('',2,(#8697,#8698,#8699),
  .UNSPECIFIED.,.F.,.F.,(3,3),(4.712388980385,6.28318530718),
  .PIECEWISE_BEZIER_KNOTS.);
#8697 = CARTESIAN_POINT('',(4.712388980385,-4.E-03));
#8698 = CARTESIAN_POINT('',(5.497787143782,-4.E-03));
#8699 = CARTESIAN_POINT('',(6.28318530718,-4.E-03));
#8700 = ( GEOMETRIC_REPRESENTATION_CONTEXT(2) 
PARAMETRIC_REPRESENTATION_CONTEXT() REPRESENTATION_CONTEXT('2D SPACE',''
  ) );
#8701 = PCURVE('',#8534,#8702);
#8702 = DEFINITIONAL_REPRESENTATION('',(#8703),#8707);
#8703 = ( BOUNDED_CURVE() B_SPLINE_CURVE(2,(#8704,#8705,#8706),
.UNSPECIFIED.,.F.,.F.) B_SPLINE_CURVE_WITH_KNOTS((3,3),(4.712388980385,
6.28318530718),.PIECEWISE_BEZIER_KNOTS.) CURVE() 
GEOMETRIC_REPRESENTATION_ITEM() RATIONAL_B_SPLINE_CURVE((1.,
0.707106781187,1.)) REPRESENTATION_ITEM('') );
#8704 = CARTESIAN_POINT('',(5.4E-03,-4.3925E-02));
#8705 = CARTESIAN_POINT('',(4.9325E-02,-4.3925E-02));
#8706 = CARTESIAN_POINT('',(4.9325E-02,-9.659482928801E-18));
#8707 = ( GEOMETRIC_REPRESENTATION_CONTEXT(2) 
PARAMETRIC_REPRESENTATION_CONTEXT() REPRESENTATION_CONTEXT('2D SPACE',''
  ) );
#8708 = ORIENTED_EDGE('',*,*,#8709,.F.);
#8709 = EDGE_CURVE('',#8710,#8687,#8712,.T.);
#8710 = VERTEX_POINT('',#8711);
#8711 = CARTESIAN_POINT('',(49.325,0.,35.4));
#8712 = SURFACE_CURVE('',#8713,(#8716,#8723),.PCURVE_S1.);
#8713 = B_SPLINE_CURVE_WITH_KNOTS('',1,(#8714,#8715),.UNSPECIFIED.,.F.,
  .F.,(2,2),(0.,4.E-03),.PIECEWISE_BEZIER_KNOTS.);
#8714 = CARTESIAN_POINT('',(49.325,0.,35.4));
#8715 = CARTESIAN_POINT('',(49.325,0.,31.4));
#8716 = PCURVE('',#8559,#8717);
#8717 = DEFINITIONAL_REPRESENTATION('',(#8718),#8722);
#8718 = B_SPLINE_CURVE_WITH_KNOTS('',2,(#8719,#8720,#8721),
  .UNSPECIFIED.,.F.,.F.,(3,3),(0.,4.E-03),.PIECEWISE_BEZIER_KNOTS.);
#8719 = CARTESIAN_POINT('',(6.28318530718,0.));
#8720 = CARTESIAN_POINT('',(6.28318530718,-2.E-03));
#8721 = CARTESIAN_POINT('',(6.28318530718,-4.E-03));
#8722 = ( GEOMETRIC_REPRESENTATION_CONTEXT(2) 
PARAMETRIC_REPRESENTATION_CONTEXT() REPRESENTATION_CONTEXT('2D SPACE',''
  ) );
#8723 = PCURVE('',#8724,#8731);
#8724 = ( BOUNDED_SURFACE() B_SPLINE_SURFACE(2,1,(
    (#8725,#8726)
    ,(#8727,#8728)
    ,(#8729,#8730
)),.UNSPECIFIED.,.F.,.F.,.F.) B_SPLINE_SURFACE_WITH_KNOTS((3,3),(2,2),(
    0.,1.570796326795),(-4.E-03,0.),.PIECEWISE_BEZIER_KNOTS.) 
GEOMETRIC_REPRESENTATION_ITEM() RATIONAL_B_SPLINE_SURFACE((
    (1.,1.)
    ,(0.707106781187,0.707106781187)
,(1.,1.))) REPRESENTATION_ITEM('') SURFACE() );
#8725 = CARTESIAN_POINT('',(49.325,0.,31.4));
#8726 = CARTESIAN_POINT('',(49.325,0.,35.4));
#8727 = CARTESIAN_POINT('',(49.325,43.925,31.4));
#8728 = CARTESIAN_POINT('',(49.325,43.925,35.4));
#8729 = CARTESIAN_POINT('',(5.4,43.925,31.4));
#8730 = CARTESIAN_POINT('',(5.4,43.925,35.4));
#8731 = DEFINITIONAL_REPRESENTATION('',(#8732),#8736);
#8732 = B_SPLINE_CURVE_WITH_KNOTS('',2,(#8733,#8734,#8735),
  .UNSPECIFIED.,.F.,.F.,(3,3),(0.,4.E-03),.PIECEWISE_BEZIER_KNOTS.);
#8733 = CARTESIAN_POINT('',(0.,0.));
#8734 = CARTESIAN_POINT('',(0.,-2.E-03));
#8735 = CARTESIAN_POINT('',(0.,-4.E-03));
#8736 = ( GEOMETRIC_REPRESENTATION_CONTEXT(2) 
PARAMETRIC_REPRESENTATION_CONTEXT() REPRESENTATION_CONTEXT('2D SPACE',''
  ) );
#8737 = ORIENTED_EDGE('',*,*,#8738,.F.);
#8738 = EDGE_CURVE('',#8546,#8710,#8739,.T.);
#8739 = SURFACE_CURVE('',#8740,(#8744,#8751),.PCURVE_S1.);
#8740 = ( BOUNDED_CURVE() B_SPLINE_CURVE(2,(#8741,#8742,#8743),
.UNSPECIFIED.,.F.,.F.) B_SPLINE_CURVE_WITH_KNOTS((3,3),(4.712388980385,
6.28318530718),.PIECEWISE_BEZIER_KNOTS.) CURVE() 
GEOMETRIC_REPRESENTATION_ITEM() RATIONAL_B_SPLINE_CURVE((1.,
0.707106781187,1.)) REPRESENTATION_ITEM('') );
#8741 = CARTESIAN_POINT('',(5.4,-43.925,35.4));
#8742 = CARTESIAN_POINT('',(49.325,-43.925,35.4));
#8743 = CARTESIAN_POINT('',(49.325,-1.075852213051E-14,35.4));
#8744 = PCURVE('',#8559,#8745);
#8745 = DEFINITIONAL_REPRESENTATION('',(#8746),#8750);
#8746 = B_SPLINE_CURVE_WITH_KNOTS('',2,(#8747,#8748,#8749),
  .UNSPECIFIED.,.F.,.F.,(3,3),(4.712388980385,6.28318530718),
  .PIECEWISE_BEZIER_KNOTS.);
#8747 = CARTESIAN_POINT('',(4.712388980385,0.));
#8748 = CARTESIAN_POINT('',(5.497787143782,0.));
#8749 = CARTESIAN_POINT('',(6.28318530718,0.));
#8750 = ( GEOMETRIC_REPRESENTATION_CONTEXT(2) 
PARAMETRIC_REPRESENTATION_CONTEXT() REPRESENTATION_CONTEXT('2D SPACE',''
  ) );
#8751 = PCURVE('',#8585,#8752);
#8752 = DEFINITIONAL_REPRESENTATION('',(#8753),#8757);
#8753 = ( BOUNDED_CURVE() B_SPLINE_CURVE(2,(#8754,#8755,#8756),
.UNSPECIFIED.,.F.,.F.) B_SPLINE_CURVE_WITH_KNOTS((3,3),(4.712388980385,
6.28318530718),.PIECEWISE_BEZIER_KNOTS.) CURVE() 
GEOMETRIC_REPRESENTATION_ITEM() RATIONAL_B_SPLINE_CURVE((1.,
0.707106781187,1.)) REPRESENTATION_ITEM('') );
#8754 = CARTESIAN_POINT('',(5.4E-03,-4.3925E-02));
#8755 = CARTESIAN_POINT('',(4.9325E-02,-4.3925E-02));
#8756 = CARTESIAN_POINT('',(4.9325E-02,-9.659482928801E-18));
#8757 = ( GEOMETRIC_REPRESENTATION_CONTEXT(2) 
PARAMETRIC_REPRESENTATION_CONTEXT() REPRESENTATION_CONTEXT('2D SPACE',''
  ) );
#8758 = ADVANCED_FACE('',(#8759),#8616,.T.);
#8759 = FACE_BOUND('',#8760,.T.);
#8760 = EDGE_LOOP('',(#8761,#8784,#8802,#8803));
#8761 = ORIENTED_EDGE('',*,*,#8762,.T.);
#8762 = EDGE_CURVE('',#8763,#8765,#8767,.T.);
#8763 = VERTEX_POINT('',#8764);
#8764 = CARTESIAN_POINT('',(5.4,43.925,35.4));
#8765 = VERTEX_POINT('',#8766);
#8766 = CARTESIAN_POINT('',(5.4,43.925,31.4));
#8767 = SURFACE_CURVE('',#8768,(#8771,#8777),.PCURVE_S1.);
#8768 = B_SPLINE_CURVE_WITH_KNOTS('',1,(#8769,#8770),.UNSPECIFIED.,.F.,
  .F.,(2,2),(0.,4.E-03),.PIECEWISE_BEZIER_KNOTS.);
#8769 = CARTESIAN_POINT('',(5.4,43.925,35.4));
#8770 = CARTESIAN_POINT('',(5.4,43.925,31.4));
#8771 = PCURVE('',#8616,#8772);
#8772 = DEFINITIONAL_REPRESENTATION('',(#8773),#8776);
#8773 = B_SPLINE_CURVE_WITH_KNOTS('',1,(#8774,#8775),.UNSPECIFIED.,.F.,
  .F.,(2,2),(0.,4.E-03),.PIECEWISE_BEZIER_KNOTS.);
#8774 = CARTESIAN_POINT('',(0.,0.));
#8775 = CARTESIAN_POINT('',(0.,-4.E-03));
#8776 = ( GEOMETRIC_REPRESENTATION_CONTEXT(2) 
PARAMETRIC_REPRESENTATION_CONTEXT() REPRESENTATION_CONTEXT('2D SPACE',''
  ) );
#8777 = PCURVE('',#8724,#8778);
#8778 = DEFINITIONAL_REPRESENTATION('',(#8779),#8783);
#8779 = B_SPLINE_CURVE_WITH_KNOTS('',2,(#8780,#8781,#8782),
  .UNSPECIFIED.,.F.,.F.,(3,3),(0.,4.E-03),.PIECEWISE_BEZIER_KNOTS.);
#8780 = CARTESIAN_POINT('',(1.570796326795,0.));
#8781 = CARTESIAN_POINT('',(1.570796326795,-2.E-03));
#8782 = CARTESIAN_POINT('',(1.570796326795,-4.E-03));
#8783 = ( GEOMETRIC_REPRESENTATION_CONTEXT(2) 
PARAMETRIC_REPRESENTATION_CONTEXT() REPRESENTATION_CONTEXT('2D SPACE',''
  ) );
#8784 = ORIENTED_EDGE('',*,*,#8785,.T.);
#8785 = EDGE_CURVE('',#8765,#8602,#8786,.T.);
#8786 = SURFACE_CURVE('',#8787,(#8790,#8796),.PCURVE_S1.);
#8787 = B_SPLINE_CURVE_WITH_KNOTS('',1,(#8788,#8789),.UNSPECIFIED.,.F.,
  .F.,(2,2),(0.,1.08E-02),.PIECEWISE_BEZIER_KNOTS.);
#8788 = CARTESIAN_POINT('',(5.4,43.925,31.4));
#8789 = CARTESIAN_POINT('',(-5.4,43.925,31.4));
#8790 = PCURVE('',#8616,#8791);
#8791 = DEFINITIONAL_REPRESENTATION('',(#8792),#8795);
#8792 = B_SPLINE_CURVE_WITH_KNOTS('',1,(#8793,#8794),.UNSPECIFIED.,.F.,
  .F.,(2,2),(0.,1.08E-02),.PIECEWISE_BEZIER_KNOTS.);
#8793 = CARTESIAN_POINT('',(0.,-4.E-03));
#8794 = CARTESIAN_POINT('',(1.08E-02,-4.E-03));
#8795 = ( GEOMETRIC_REPRESENTATION_CONTEXT(2) 
PARAMETRIC_REPRESENTATION_CONTEXT() REPRESENTATION_CONTEXT('2D SPACE',''
  ) );
#8796 = PCURVE('',#8534,#8797);
#8797 = DEFINITIONAL_REPRESENTATION('',(#8798),#8801);
#8798 = B_SPLINE_CURVE_WITH_KNOTS('',1,(#8799,#8800),.UNSPECIFIED.,.F.,
  .F.,(2,2),(0.,1.08E-02),.PIECEWISE_BEZIER_KNOTS.);
#8799 = CARTESIAN_POINT('',(5.4E-03,4.3925E-02));
#8800 = CARTESIAN_POINT('',(-5.4E-03,4.3925E-02));
#8801 = ( GEOMETRIC_REPRESENTATION_CONTEXT(2) 
PARAMETRIC_REPRESENTATION_CONTEXT() REPRESENTATION_CONTEXT('2D SPACE',''
  ) );
#8802 = ORIENTED_EDGE('',*,*,#8599,.F.);
#8803 = ORIENTED_EDGE('',*,*,#8804,.F.);
#8804 = EDGE_CURVE('',#8763,#8600,#8805,.T.);
#8805 = SURFACE_CURVE('',#8806,(#8809,#8815),.PCURVE_S1.);
#8806 = B_SPLINE_CURVE_WITH_KNOTS('',1,(#8807,#8808),.UNSPECIFIED.,.F.,
  .F.,(2,2),(0.,1.08E-02),.PIECEWISE_BEZIER_KNOTS.);
#8807 = CARTESIAN_POINT('',(5.4,43.925,35.4));
#8808 = CARTESIAN_POINT('',(-5.4,43.925,35.4));
#8809 = PCURVE('',#8616,#8810);
#8810 = DEFINITIONAL_REPRESENTATION('',(#8811),#8814);
#8811 = B_SPLINE_CURVE_WITH_KNOTS('',1,(#8812,#8813),.UNSPECIFIED.,.F.,
  .F.,(2,2),(0.,1.08E-02),.PIECEWISE_BEZIER_KNOTS.);
#8812 = CARTESIAN_POINT('',(0.,0.));
#8813 = CARTESIAN_POINT('',(1.08E-02,0.));
#8814 = ( GEOMETRIC_REPRESENTATION_CONTEXT(2) 
PARAMETRIC_REPRESENTATION_CONTEXT() REPRESENTATION_CONTEXT('2D SPACE',''
  ) );
#8815 = PCURVE('',#8585,#8816);
#8816 = DEFINITIONAL_REPRESENTATION('',(#8817),#8820);
#8817 = B_SPLINE_CURVE_WITH_KNOTS('',1,(#8818,#8819),.UNSPECIFIED.,.F.,
  .F.,(2,2),(0.,1.08E-02),.PIECEWISE_BEZIER_KNOTS.);
#8818 = CARTESIAN_POINT('',(5.4E-03,4.3925E-02));
#8819 = CARTESIAN_POINT('',(-5.4E-03,4.3925E-02));
#8820 = ( GEOMETRIC_REPRESENTATION_CONTEXT(2) 
PARAMETRIC_REPRESENTATION_CONTEXT() REPRESENTATION_CONTEXT('2D SPACE',''
  ) );
#8821 = ADVANCED_FACE('',(#8822),#8724,.T.);
#8822 = FACE_BOUND('',#8823,.T.);
#8823 = EDGE_LOOP('',(#8824,#8825,#8846,#8847));
#8824 = ORIENTED_EDGE('',*,*,#8709,.T.);
#8825 = ORIENTED_EDGE('',*,*,#8826,.T.);
#8826 = EDGE_CURVE('',#8687,#8765,#8827,.T.);
#8827 = SURFACE_CURVE('',#8828,(#8832,#8839),.PCURVE_S1.);
#8828 = ( BOUNDED_CURVE() B_SPLINE_CURVE(2,(#8829,#8830,#8831),
.UNSPECIFIED.,.F.,.F.) B_SPLINE_CURVE_WITH_KNOTS((3,3),(0.,
1.570796326795),.PIECEWISE_BEZIER_KNOTS.) CURVE() 
GEOMETRIC_REPRESENTATION_ITEM() RATIONAL_B_SPLINE_CURVE((1.,
0.707106781187,1.)) REPRESENTATION_ITEM('') );
#8829 = CARTESIAN_POINT('',(49.325,0.,31.4));
#8830 = CARTESIAN_POINT('',(49.325,43.925,31.4));
#8831 = CARTESIAN_POINT('',(5.4,43.925,31.4));
#8832 = PCURVE('',#8724,#8833);
#8833 = DEFINITIONAL_REPRESENTATION('',(#8834),#8838);
#8834 = B_SPLINE_CURVE_WITH_KNOTS('',2,(#8835,#8836,#8837),
  .UNSPECIFIED.,.F.,.F.,(3,3),(0.,1.570796326795),
  .PIECEWISE_BEZIER_KNOTS.);
#8835 = CARTESIAN_POINT('',(0.,-4.E-03));
#8836 = CARTESIAN_POINT('',(0.785398163397,-4.E-03));
#8837 = CARTESIAN_POINT('',(1.570796326795,-4.E-03));
#8838 = ( GEOMETRIC_REPRESENTATION_CONTEXT(2) 
PARAMETRIC_REPRESENTATION_CONTEXT() REPRESENTATION_CONTEXT('2D SPACE',''
  ) );
#8839 = PCURVE('',#8534,#8840);
#8840 = DEFINITIONAL_REPRESENTATION('',(#8841),#8845);
#8841 = ( BOUNDED_CURVE() B_SPLINE_CURVE(2,(#8842,#8843,#8844),
.UNSPECIFIED.,.F.,.F.) B_SPLINE_CURVE_WITH_KNOTS((3,3),(0.,
1.570796326795),.PIECEWISE_BEZIER_KNOTS.) CURVE() 
GEOMETRIC_REPRESENTATION_ITEM() RATIONAL_B_SPLINE_CURVE((1.,
0.707106781187,1.)) REPRESENTATION_ITEM('') );
#8842 = CARTESIAN_POINT('',(4.9325E-02,1.099039201709E-18));
#8843 = CARTESIAN_POINT('',(4.9325E-02,4.3925E-02));
#8844 = CARTESIAN_POINT('',(5.4E-03,4.3925E-02));
#8845 = ( GEOMETRIC_REPRESENTATION_CONTEXT(2) 
PARAMETRIC_REPRESENTATION_CONTEXT() REPRESENTATION_CONTEXT('2D SPACE',''
  ) );
#8846 = ORIENTED_EDGE('',*,*,#8762,.F.);
#8847 = ORIENTED_EDGE('',*,*,#8848,.F.);
#8848 = EDGE_CURVE('',#8710,#8763,#8849,.T.);
#8849 = SURFACE_CURVE('',#8850,(#8854,#8861),.PCURVE_S1.);
#8850 = ( BOUNDED_CURVE() B_SPLINE_CURVE(2,(#8851,#8852,#8853),
.UNSPECIFIED.,.F.,.F.) B_SPLINE_CURVE_WITH_KNOTS((3,3),(0.,
1.570796326795),.PIECEWISE_BEZIER_KNOTS.) CURVE() 
GEOMETRIC_REPRESENTATION_ITEM() RATIONAL_B_SPLINE_CURVE((1.,
0.707106781187,1.)) REPRESENTATION_ITEM('') );
#8851 = CARTESIAN_POINT('',(49.325,0.,35.4));
#8852 = CARTESIAN_POINT('',(49.325,43.925,35.4));
#8853 = CARTESIAN_POINT('',(5.4,43.925,35.4));
#8854 = PCURVE('',#8724,#8855);
#8855 = DEFINITIONAL_REPRESENTATION('',(#8856),#8860);
#8856 = B_SPLINE_CURVE_WITH_KNOTS('',2,(#8857,#8858,#8859),
  .UNSPECIFIED.,.F.,.F.,(3,3),(0.,1.570796326795),
  .PIECEWISE_BEZIER_KNOTS.);
#8857 = CARTESIAN_POINT('',(0.,0.));
#8858 = CARTESIAN_POINT('',(0.785398163397,0.));
#8859 = CARTESIAN_POINT('',(1.570796326795,0.));
#8860 = ( GEOMETRIC_REPRESENTATION_CONTEXT(2) 
PARAMETRIC_REPRESENTATION_CONTEXT() REPRESENTATION_CONTEXT('2D SPACE',''
  ) );
#8861 = PCURVE('',#8585,#8862);
#8862 = DEFINITIONAL_REPRESENTATION('',(#8863),#8867);
#8863 = ( BOUNDED_CURVE() B_SPLINE_CURVE(2,(#8864,#8865,#8866),
.UNSPECIFIED.,.F.,.F.) B_SPLINE_CURVE_WITH_KNOTS((3,3),(0.,
1.570796326795),.PIECEWISE_BEZIER_KNOTS.) CURVE() 
GEOMETRIC_REPRESENTATION_ITEM() RATIONAL_B_SPLINE_CURVE((1.,
0.707106781187,1.)) REPRESENTATION_ITEM('') );
#8864 = CARTESIAN_POINT('',(4.9325E-02,1.099039201709E-18));
#8865 = CARTESIAN_POINT('',(4.9325E-02,4.3925E-02));
#8866 = CARTESIAN_POINT('',(5.4E-03,4.3925E-02));
#8867 = ( GEOMETRIC_REPRESENTATION_CONTEXT(2) 
PARAMETRIC_REPRESENTATION_CONTEXT() REPRESENTATION_CONTEXT('2D SPACE',''
  ) );
#8868 = ADVANCED_FACE('',(#8869),#8882,.F.);
#8869 = FACE_BOUND('',#8870,.F.);
#8870 = EDGE_LOOP('',(#8871,#8910,#8930,#8958));
#8871 = ORIENTED_EDGE('',*,*,#8872,.T.);
#8872 = EDGE_CURVE('',#8873,#8875,#8877,.T.);
#8873 = VERTEX_POINT('',#8874);
#8874 = CARTESIAN_POINT('',(-5.4,-43.7,35.4));
#8875 = VERTEX_POINT('',#8876);
#8876 = CARTESIAN_POINT('',(-5.4,-43.7,31.4));
#8877 = SURFACE_CURVE('',#8878,(#8881,#8892),.PCURVE_S1.);
#8878 = B_SPLINE_CURVE_WITH_KNOTS('',1,(#8879,#8880),.UNSPECIFIED.,.F.,
  .F.,(2,2),(0.,4.E-03),.PIECEWISE_BEZIER_KNOTS.);
#8879 = CARTESIAN_POINT('',(-5.4,-43.7,35.4));
#8880 = CARTESIAN_POINT('',(-5.4,-43.7,31.4));
#8881 = PCURVE('',#8882,#8887);
#8882 = B_SPLINE_SURFACE_WITH_KNOTS('',1,1,(
    (#8883,#8884)
    ,(#8885,#8886
  )),.UNSPECIFIED.,.F.,.F.,.F.,(2,2),(2,2),(0.,1.08E-02),(-4.E-03,0.),
  .PIECEWISE_BEZIER_KNOTS.);
#8883 = CARTESIAN_POINT('',(-5.4,-43.7,31.4));
#8884 = CARTESIAN_POINT('',(-5.4,-43.7,35.4));
#8885 = CARTESIAN_POINT('',(5.4,-43.7,31.4));
#8886 = CARTESIAN_POINT('',(5.4,-43.7,35.4));
#8887 = DEFINITIONAL_REPRESENTATION('',(#8888),#8891);
#8888 = B_SPLINE_CURVE_WITH_KNOTS('',1,(#8889,#8890),.UNSPECIFIED.,.F.,
  .F.,(2,2),(0.,4.E-03),.PIECEWISE_BEZIER_KNOTS.);
#8889 = CARTESIAN_POINT('',(0.,0.));
#8890 = CARTESIAN_POINT('',(0.,-4.E-03));
#8891 = ( GEOMETRIC_REPRESENTATION_CONTEXT(2) 
PARAMETRIC_REPRESENTATION_CONTEXT() REPRESENTATION_CONTEXT('2D SPACE',''
  ) );
#8892 = PCURVE('',#8893,#8904);
#8893 = ( BOUNDED_SURFACE() B_SPLINE_SURFACE(2,1,(
    (#8894,#8895)
    ,(#8896,#8897)
    ,(#8898,#8899)
    ,(#8900,#8901)
    ,(#8902,#8903
)),.UNSPECIFIED.,.F.,.F.,.F.) B_SPLINE_SURFACE_WITH_KNOTS((3,2,3),(2,2),
  (1.570796326795,3.14159265359,4.712388980385),(-4.E-03,0.),
.PIECEWISE_BEZIER_KNOTS.) GEOMETRIC_REPRESENTATION_ITEM() 
RATIONAL_B_SPLINE_SURFACE((
    (1.,1.)
    ,(0.707106781187,0.707106781187)
    ,(1.,1.)
    ,(0.707106781187,0.707106781187)
,(1.,1.))) REPRESENTATION_ITEM('') SURFACE() );
#8894 = CARTESIAN_POINT('',(-5.4,43.7,31.4));
#8895 = CARTESIAN_POINT('',(-5.4,43.7,35.4));
#8896 = CARTESIAN_POINT('',(-49.1,43.7,31.4));
#8897 = CARTESIAN_POINT('',(-49.1,43.7,35.4));
#8898 = CARTESIAN_POINT('',(-49.1,5.351706512274E-15,31.4));
#8899 = CARTESIAN_POINT('',(-49.1,5.351706512274E-15,35.4));
#8900 = CARTESIAN_POINT('',(-49.1,-43.7,31.4));
#8901 = CARTESIAN_POINT('',(-49.1,-43.7,35.4));
#8902 = CARTESIAN_POINT('',(-5.4,-43.7,31.4));
#8903 = CARTESIAN_POINT('',(-5.4,-43.7,35.4));
#8904 = DEFINITIONAL_REPRESENTATION('',(#8905),#8909);
#8905 = B_SPLINE_CURVE_WITH_KNOTS('',2,(#8906,#8907,#8908),
  .UNSPECIFIED.,.F.,.F.,(3,3),(0.,4.E-03),.PIECEWISE_BEZIER_KNOTS.);
#8906 = CARTESIAN_POINT('',(4.712388980385,0.));
#8907 = CARTESIAN_POINT('',(4.712388980385,-2.E-03));
#8908 = CARTESIAN_POINT('',(4.712388980385,-4.E-03));
#8909 = ( GEOMETRIC_REPRESENTATION_CONTEXT(2) 
PARAMETRIC_REPRESENTATION_CONTEXT() REPRESENTATION_CONTEXT('2D SPACE',''
  ) );
#8910 = ORIENTED_EDGE('',*,*,#8911,.T.);
#8911 = EDGE_CURVE('',#8875,#8912,#8914,.T.);
#8912 = VERTEX_POINT('',#8913);
#8913 = CARTESIAN_POINT('',(5.4,-43.7,31.4));
#8914 = SURFACE_CURVE('',#8915,(#8918,#8924),.PCURVE_S1.);
#8915 = B_SPLINE_CURVE_WITH_KNOTS('',1,(#8916,#8917),.UNSPECIFIED.,.F.,
  .F.,(2,2),(0.,1.08E-02),.PIECEWISE_BEZIER_KNOTS.);
#8916 = CARTESIAN_POINT('',(-5.4,-43.7,31.4));
#8917 = CARTESIAN_POINT('',(5.4,-43.7,31.4));
#8918 = PCURVE('',#8882,#8919);
#8919 = DEFINITIONAL_REPRESENTATION('',(#8920),#8923);
#8920 = B_SPLINE_CURVE_WITH_KNOTS('',1,(#8921,#8922),.UNSPECIFIED.,.F.,
  .F.,(2,2),(0.,1.08E-02),.PIECEWISE_BEZIER_KNOTS.);
#8921 = CARTESIAN_POINT('',(0.,-4.E-03));
#8922 = CARTESIAN_POINT('',(1.08E-02,-4.E-03));
#8923 = ( GEOMETRIC_REPRESENTATION_CONTEXT(2) 
PARAMETRIC_REPRESENTATION_CONTEXT() REPRESENTATION_CONTEXT('2D SPACE',''
  ) );
#8924 = PCURVE('',#8534,#8925);
#8925 = DEFINITIONAL_REPRESENTATION('',(#8926),#8929);
#8926 = B_SPLINE_CURVE_WITH_KNOTS('',1,(#8927,#8928),.UNSPECIFIED.,.F.,
  .F.,(2,2),(0.,1.08E-02),.PIECEWISE_BEZIER_KNOTS.);
#8927 = CARTESIAN_POINT('',(-5.4E-03,-4.37E-02));
#8928 = CARTESIAN_POINT('',(5.4E-03,-4.37E-02));
#8929 = ( GEOMETRIC_REPRESENTATION_CONTEXT(2) 
PARAMETRIC_REPRESENTATION_CONTEXT() REPRESENTATION_CONTEXT('2D SPACE',''
  ) );
#8930 = ORIENTED_EDGE('',*,*,#8931,.F.);
#8931 = EDGE_CURVE('',#8932,#8912,#8934,.T.);
#8932 = VERTEX_POINT('',#8933);
#8933 = CARTESIAN_POINT('',(5.4,-43.7,35.4));
#8934 = SURFACE_CURVE('',#8935,(#8938,#8944),.PCURVE_S1.);
#8935 = B_SPLINE_CURVE_WITH_KNOTS('',1,(#8936,#8937),.UNSPECIFIED.,.F.,
  .F.,(2,2),(0.,4.E-03),.PIECEWISE_BEZIER_KNOTS.);
#8936 = CARTESIAN_POINT('',(5.4,-43.7,35.4));
#8937 = CARTESIAN_POINT('',(5.4,-43.7,31.4));
#8938 = PCURVE('',#8882,#8939);
#8939 = DEFINITIONAL_REPRESENTATION('',(#8940),#8943);
#8940 = B_SPLINE_CURVE_WITH_KNOTS('',1,(#8941,#8942),.UNSPECIFIED.,.F.,
  .F.,(2,2),(0.,4.E-03),.PIECEWISE_BEZIER_KNOTS.);
#8941 = CARTESIAN_POINT('',(1.08E-02,0.));
#8942 = CARTESIAN_POINT('',(1.08E-02,-4.E-03));
#8943 = ( GEOMETRIC_REPRESENTATION_CONTEXT(2) 
PARAMETRIC_REPRESENTATION_CONTEXT() REPRESENTATION_CONTEXT('2D SPACE',''
  ) );
#8944 = PCURVE('',#8945,#8952);
#8945 = ( BOUNDED_SURFACE() B_SPLINE_SURFACE(2,1,(
    (#8946,#8947)
    ,(#8948,#8949)
    ,(#8950,#8951
)),.UNSPECIFIED.,.F.,.F.,.F.) B_SPLINE_SURFACE_WITH_KNOTS((3,3),(2,2),(
    4.712388980385,6.28318530718),(-4.E-03,0.),
.PIECEWISE_BEZIER_KNOTS.) GEOMETRIC_REPRESENTATION_ITEM() 
RATIONAL_B_SPLINE_SURFACE((
    (1.,1.)
    ,(0.707106781187,0.707106781187)
,(1.,1.))) REPRESENTATION_ITEM('') SURFACE() );
#8946 = CARTESIAN_POINT('',(5.4,-43.7,31.4));
#8947 = CARTESIAN_POINT('',(5.4,-43.7,35.4));
#8948 = CARTESIAN_POINT('',(49.1,-43.7,31.4));
#8949 = CARTESIAN_POINT('',(49.1,-43.7,35.4));
#8950 = CARTESIAN_POINT('',(49.1,-1.070341302455E-14,31.4));
#8951 = CARTESIAN_POINT('',(49.1,-1.070341302455E-14,35.4));
#8952 = DEFINITIONAL_REPRESENTATION('',(#8953),#8957);
#8953 = B_SPLINE_CURVE_WITH_KNOTS('',2,(#8954,#8955,#8956),
  .UNSPECIFIED.,.F.,.F.,(3,3),(0.,4.E-03),.PIECEWISE_BEZIER_KNOTS.);
#8954 = CARTESIAN_POINT('',(4.712388980385,0.));
#8955 = CARTESIAN_POINT('',(4.712388980385,-2.E-03));
#8956 = CARTESIAN_POINT('',(4.712388980385,-4.E-03));
#8957 = ( GEOMETRIC_REPRESENTATION_CONTEXT(2) 
PARAMETRIC_REPRESENTATION_CONTEXT() REPRESENTATION_CONTEXT('2D SPACE',''
  ) );
#8958 = ORIENTED_EDGE('',*,*,#8959,.F.);
#8959 = EDGE_CURVE('',#8873,#8932,#8960,.T.);
#8960 = SURFACE_CURVE('',#8961,(#8964,#8970),.PCURVE_S1.);
#8961 = B_SPLINE_CURVE_WITH_KNOTS('',1,(#8962,#8963),.UNSPECIFIED.,.F.,
  .F.,(2,2),(0.,1.08E-02),.PIECEWISE_BEZIER_KNOTS.);
#8962 = CARTESIAN_POINT('',(-5.4,-43.7,35.4));
#8963 = CARTESIAN_POINT('',(5.4,-43.7,35.4));
#8964 = PCURVE('',#8882,#8965);
#8965 = DEFINITIONAL_REPRESENTATION('',(#8966),#8969);
#8966 = B_SPLINE_CURVE_WITH_KNOTS('',1,(#8967,#8968),.UNSPECIFIED.,.F.,
  .F.,(2,2),(0.,1.08E-02),.PIECEWISE_BEZIER_KNOTS.);
#8967 = CARTESIAN_POINT('',(0.,0.));
#8968 = CARTESIAN_POINT('',(1.08E-02,0.));
#8969 = ( GEOMETRIC_REPRESENTATION_CONTEXT(2) 
PARAMETRIC_REPRESENTATION_CONTEXT() REPRESENTATION_CONTEXT('2D SPACE',''
  ) );
#8970 = PCURVE('',#8585,#8971);
#8971 = DEFINITIONAL_REPRESENTATION('',(#8972),#8975);
#8972 = B_SPLINE_CURVE_WITH_KNOTS('',1,(#8973,#8974),.UNSPECIFIED.,.F.,
  .F.,(2,2),(0.,1.08E-02),.PIECEWISE_BEZIER_KNOTS.);
#8973 = CARTESIAN_POINT('',(-5.4E-03,-4.37E-02));
#8974 = CARTESIAN_POINT('',(5.4E-03,-4.37E-02));
#8975 = ( GEOMETRIC_REPRESENTATION_CONTEXT(2) 
PARAMETRIC_REPRESENTATION_CONTEXT() REPRESENTATION_CONTEXT('2D SPACE',''
  ) );
#8976 = ADVANCED_FACE('',(#8977),#8945,.F.);
#8977 = FACE_BOUND('',#8978,.F.);
#8978 = EDGE_LOOP('',(#8979,#8980,#9003,#9032));
#8979 = ORIENTED_EDGE('',*,*,#8931,.T.);
#8980 = ORIENTED_EDGE('',*,*,#8981,.T.);
#8981 = EDGE_CURVE('',#8912,#8982,#8984,.T.);
#8982 = VERTEX_POINT('',#8983);
#8983 = CARTESIAN_POINT('',(49.1,0.,31.4));
#8984 = SURFACE_CURVE('',#8985,(#8989,#8996),.PCURVE_S1.);
#8985 = ( BOUNDED_CURVE() B_SPLINE_CURVE(2,(#8986,#8987,#8988),
.UNSPECIFIED.,.F.,.F.) B_SPLINE_CURVE_WITH_KNOTS((3,3),(4.712388980385,
6.28318530718),.PIECEWISE_BEZIER_KNOTS.) CURVE() 
GEOMETRIC_REPRESENTATION_ITEM() RATIONAL_B_SPLINE_CURVE((1.,
0.707106781187,1.)) REPRESENTATION_ITEM('') );
#8986 = CARTESIAN_POINT('',(5.4,-43.7,31.4));
#8987 = CARTESIAN_POINT('',(49.1,-43.7,31.4));
#8988 = CARTESIAN_POINT('',(49.1,-1.070341302455E-14,31.4));
#8989 = PCURVE('',#8945,#8990);
#8990 = DEFINITIONAL_REPRESENTATION('',(#8991),#8995);
#8991 = B_SPLINE_CURVE_WITH_KNOTS('',2,(#8992,#8993,#8994),
  .UNSPECIFIED.,.F.,.F.,(3,3),(4.712388980385,6.28318530718),
  .PIECEWISE_BEZIER_KNOTS.);
#8992 = CARTESIAN_POINT('',(4.712388980385,-4.E-03));
#8993 = CARTESIAN_POINT('',(5.497787143782,-4.E-03));
#8994 = CARTESIAN_POINT('',(6.28318530718,-4.E-03));
#8995 = ( GEOMETRIC_REPRESENTATION_CONTEXT(2) 
PARAMETRIC_REPRESENTATION_CONTEXT() REPRESENTATION_CONTEXT('2D SPACE',''
  ) );
#8996 = PCURVE('',#8534,#8997);
#8997 = DEFINITIONAL_REPRESENTATION('',(#8998),#9002);
#8998 = ( BOUNDED_CURVE() B_SPLINE_CURVE(2,(#8999,#9000,#9001),
.UNSPECIFIED.,.F.,.F.) B_SPLINE_CURVE_WITH_KNOTS((3,3),(4.712388980385,
6.28318530718),.PIECEWISE_BEZIER_KNOTS.) CURVE() 
GEOMETRIC_REPRESENTATION_ITEM() RATIONAL_B_SPLINE_CURVE((1.,
0.707106781187,1.)) REPRESENTATION_ITEM('') );
#8999 = CARTESIAN_POINT('',(5.4E-03,-4.37E-02));
#9000 = CARTESIAN_POINT('',(4.91E-02,-4.37E-02));
#9001 = CARTESIAN_POINT('',(4.91E-02,-9.604373822839E-18));
#9002 = ( GEOMETRIC_REPRESENTATION_CONTEXT(2) 
PARAMETRIC_REPRESENTATION_CONTEXT() REPRESENTATION_CONTEXT('2D SPACE',''
  ) );
#9003 = ORIENTED_EDGE('',*,*,#9004,.F.);
#9004 = EDGE_CURVE('',#9005,#8982,#9007,.T.);
#9005 = VERTEX_POINT('',#9006);
#9006 = CARTESIAN_POINT('',(49.1,0.,35.4));
#9007 = SURFACE_CURVE('',#9008,(#9011,#9018),.PCURVE_S1.);
#9008 = B_SPLINE_CURVE_WITH_KNOTS('',1,(#9009,#9010),.UNSPECIFIED.,.F.,
  .F.,(2,2),(0.,4.E-03),.PIECEWISE_BEZIER_KNOTS.);
#9009 = CARTESIAN_POINT('',(49.1,0.,35.4));
#9010 = CARTESIAN_POINT('',(49.1,0.,31.4));
#9011 = PCURVE('',#8945,#9012);
#9012 = DEFINITIONAL_REPRESENTATION('',(#9013),#9017);
#9013 = B_SPLINE_CURVE_WITH_KNOTS('',2,(#9014,#9015,#9016),
  .UNSPECIFIED.,.F.,.F.,(3,3),(0.,4.E-03),.PIECEWISE_BEZIER_KNOTS.);
#9014 = CARTESIAN_POINT('',(6.28318530718,0.));
#9015 = CARTESIAN_POINT('',(6.28318530718,-2.E-03));
#9016 = CARTESIAN_POINT('',(6.28318530718,-4.E-03));
#9017 = ( GEOMETRIC_REPRESENTATION_CONTEXT(2) 
PARAMETRIC_REPRESENTATION_CONTEXT() REPRESENTATION_CONTEXT('2D SPACE',''
  ) );
#9018 = PCURVE('',#9019,#9026);
#9019 = ( BOUNDED_SURFACE() B_SPLINE_SURFACE(2,1,(
    (#9020,#9021)
    ,(#9022,#9023)
    ,(#9024,#9025
)),.UNSPECIFIED.,.F.,.F.,.F.) B_SPLINE_SURFACE_WITH_KNOTS((3,3),(2,2),(
    0.,1.570796326795),(-4.E-03,0.),.PIECEWISE_BEZIER_KNOTS.) 
GEOMETRIC_REPRESENTATION_ITEM() RATIONAL_B_SPLINE_SURFACE((
    (1.,1.)
    ,(0.707106781187,0.707106781187)
,(1.,1.))) REPRESENTATION_ITEM('') SURFACE() );
#9020 = CARTESIAN_POINT('',(49.1,0.,31.4));
#9021 = CARTESIAN_POINT('',(49.1,0.,35.4));
#9022 = CARTESIAN_POINT('',(49.1,43.7,31.4));
#9023 = CARTESIAN_POINT('',(49.1,43.7,35.4));
#9024 = CARTESIAN_POINT('',(5.4,43.7,31.4));
#9025 = CARTESIAN_POINT('',(5.4,43.7,35.4));
#9026 = DEFINITIONAL_REPRESENTATION('',(#9027),#9031);
#9027 = B_SPLINE_CURVE_WITH_KNOTS('',2,(#9028,#9029,#9030),
  .UNSPECIFIED.,.F.,.F.,(3,3),(0.,4.E-03),.PIECEWISE_BEZIER_KNOTS.);
#9028 = CARTESIAN_POINT('',(0.,0.));
#9029 = CARTESIAN_POINT('',(0.,-2.E-03));
#9030 = CARTESIAN_POINT('',(0.,-4.E-03));
#9031 = ( GEOMETRIC_REPRESENTATION_CONTEXT(2) 
PARAMETRIC_REPRESENTATION_CONTEXT() REPRESENTATION_CONTEXT('2D SPACE',''
  ) );
#9032 = ORIENTED_EDGE('',*,*,#9033,.F.);
#9033 = EDGE_CURVE('',#8932,#9005,#9034,.T.);
#9034 = SURFACE_CURVE('',#9035,(#9039,#9046),.PCURVE_S1.);
#9035 = ( BOUNDED_CURVE() B_SPLINE_CURVE(2,(#9036,#9037,#9038),
.UNSPECIFIED.,.F.,.F.) B_SPLINE_CURVE_WITH_KNOTS((3,3),(4.712388980385,
6.28318530718),.PIECEWISE_BEZIER_KNOTS.) CURVE() 
GEOMETRIC_REPRESENTATION_ITEM() RATIONAL_B_SPLINE_CURVE((1.,
0.707106781187,1.)) REPRESENTATION_ITEM('') );
#9036 = CARTESIAN_POINT('',(5.4,-43.7,35.4));
#9037 = CARTESIAN_POINT('',(49.1,-43.7,35.4));
#9038 = CARTESIAN_POINT('',(49.1,-1.070341302455E-14,35.4));
#9039 = PCURVE('',#8945,#9040);
#9040 = DEFINITIONAL_REPRESENTATION('',(#9041),#9045);
#9041 = B_SPLINE_CURVE_WITH_KNOTS('',2,(#9042,#9043,#9044),
  .UNSPECIFIED.,.F.,.F.,(3,3),(4.712388980385,6.28318530718),
  .PIECEWISE_BEZIER_KNOTS.);
#9042 = CARTESIAN_POINT('',(4.712388980385,0.));
#9043 = CARTESIAN_POINT('',(5.497787143782,0.));
#9044 = CARTESIAN_POINT('',(6.28318530718,0.));
#9045 = ( GEOMETRIC_REPRESENTATION_CONTEXT(2) 
PARAMETRIC_REPRESENTATION_CONTEXT() REPRESENTATION_CONTEXT('2D SPACE',''
  ) );
#9046 = PCURVE('',#8585,#9047);
#9047 = DEFINITIONAL_REPRESENTATION('',(#9048),#9052);
#9048 = ( BOUNDED_CURVE() B_SPLINE_CURVE(2,(#9049,#9050,#9051),
.UNSPECIFIED.,.F.,.F.) B_SPLINE_CURVE_WITH_KNOTS((3,3),(4.712388980385,
6.28318530718),.PIECEWISE_BEZIER_KNOTS.) CURVE() 
GEOMETRIC_REPRESENTATION_ITEM() RATIONAL_B_SPLINE_CURVE((1.,
0.707106781187,1.)) REPRESENTATION_ITEM('') );
#9049 = CARTESIAN_POINT('',(5.4E-03,-4.37E-02));
#9050 = CARTESIAN_POINT('',(4.91E-02,-4.37E-02));
#9051 = CARTESIAN_POINT('',(4.91E-02,-9.604373822839E-18));
#9052 = ( GEOMETRIC_REPRESENTATION_CONTEXT(2) 
PARAMETRIC_REPRESENTATION_CONTEXT() REPRESENTATION_CONTEXT('2D SPACE',''
  ) );
#9053 = ADVANCED_FACE('',(#9054),#9019,.F.);
#9054 = FACE_BOUND('',#9055,.F.);
#9055 = EDGE_LOOP('',(#9056,#9057,#9080,#9106));
#9056 = ORIENTED_EDGE('',*,*,#9004,.T.);
#9057 = ORIENTED_EDGE('',*,*,#9058,.T.);
#9058 = EDGE_CURVE('',#8982,#9059,#9061,.T.);
#9059 = VERTEX_POINT('',#9060);
#9060 = CARTESIAN_POINT('',(5.4,43.7,31.4));
#9061 = SURFACE_CURVE('',#9062,(#9066,#9073),.PCURVE_S1.);
#9062 = ( BOUNDED_CURVE() B_SPLINE_CURVE(2,(#9063,#9064,#9065),
.UNSPECIFIED.,.F.,.F.) B_SPLINE_CURVE_WITH_KNOTS((3,3),(0.,
1.570796326795),.PIECEWISE_BEZIER_KNOTS.) CURVE() 
GEOMETRIC_REPRESENTATION_ITEM() RATIONAL_B_SPLINE_CURVE((1.,
0.707106781187,1.)) REPRESENTATION_ITEM('') );
#9063 = CARTESIAN_POINT('',(49.1,0.,31.4));
#9064 = CARTESIAN_POINT('',(49.1,43.7,31.4));
#9065 = CARTESIAN_POINT('',(5.4,43.7,31.4));
#9066 = PCURVE('',#9019,#9067);
#9067 = DEFINITIONAL_REPRESENTATION('',(#9068),#9072);
#9068 = B_SPLINE_CURVE_WITH_KNOTS('',2,(#9069,#9070,#9071),
  .UNSPECIFIED.,.F.,.F.,(3,3),(0.,1.570796326795),
  .PIECEWISE_BEZIER_KNOTS.);
#9069 = CARTESIAN_POINT('',(0.,-4.E-03));
#9070 = CARTESIAN_POINT('',(0.785398163397,-4.E-03));
#9071 = CARTESIAN_POINT('',(1.570796326795,-4.E-03));
#9072 = ( GEOMETRIC_REPRESENTATION_CONTEXT(2) 
PARAMETRIC_REPRESENTATION_CONTEXT() REPRESENTATION_CONTEXT('2D SPACE',''
  ) );
#9073 = PCURVE('',#8534,#9074);
#9074 = DEFINITIONAL_REPRESENTATION('',(#9075),#9079);
#9075 = ( BOUNDED_CURVE() B_SPLINE_CURVE(2,(#9076,#9077,#9078),
.UNSPECIFIED.,.F.,.F.) B_SPLINE_CURVE_WITH_KNOTS((3,3),(0.,
1.570796326795),.PIECEWISE_BEZIER_KNOTS.) CURVE() 
GEOMETRIC_REPRESENTATION_ITEM() RATIONAL_B_SPLINE_CURVE((1.,
0.707106781187,1.)) REPRESENTATION_ITEM('') );
#9076 = CARTESIAN_POINT('',(4.91E-02,1.099039201709E-18));
#9077 = CARTESIAN_POINT('',(4.91E-02,4.37E-02));
#9078 = CARTESIAN_POINT('',(5.4E-03,4.37E-02));
#9079 = ( GEOMETRIC_REPRESENTATION_CONTEXT(2) 
PARAMETRIC_REPRESENTATION_CONTEXT() REPRESENTATION_CONTEXT('2D SPACE',''
  ) );
#9080 = ORIENTED_EDGE('',*,*,#9081,.F.);
#9081 = EDGE_CURVE('',#9082,#9059,#9084,.T.);
#9082 = VERTEX_POINT('',#9083);
#9083 = CARTESIAN_POINT('',(5.4,43.7,35.4));
#9084 = SURFACE_CURVE('',#9085,(#9088,#9095),.PCURVE_S1.);
#9085 = B_SPLINE_CURVE_WITH_KNOTS('',1,(#9086,#9087),.UNSPECIFIED.,.F.,
  .F.,(2,2),(0.,4.E-03),.PIECEWISE_BEZIER_KNOTS.);
#9086 = CARTESIAN_POINT('',(5.4,43.7,35.4));
#9087 = CARTESIAN_POINT('',(5.4,43.7,31.4));
#9088 = PCURVE('',#9019,#9089);
#9089 = DEFINITIONAL_REPRESENTATION('',(#9090),#9094);
#9090 = B_SPLINE_CURVE_WITH_KNOTS('',2,(#9091,#9092,#9093),
  .UNSPECIFIED.,.F.,.F.,(3,3),(0.,4.E-03),.PIECEWISE_BEZIER_KNOTS.);
#9091 = CARTESIAN_POINT('',(1.570796326795,0.));
#9092 = CARTESIAN_POINT('',(1.570796326795,-2.E-03));
#9093 = CARTESIAN_POINT('',(1.570796326795,-4.E-03));
#9094 = ( GEOMETRIC_REPRESENTATION_CONTEXT(2) 
PARAMETRIC_REPRESENTATION_CONTEXT() REPRESENTATION_CONTEXT('2D SPACE',''
  ) );
#9095 = PCURVE('',#9096,#9101);
#9096 = B_SPLINE_SURFACE_WITH_KNOTS('',1,1,(
    (#9097,#9098)
    ,(#9099,#9100
  )),.UNSPECIFIED.,.F.,.F.,.F.,(2,2),(2,2),(0.,1.08E-02),(-4.E-03,0.),
  .PIECEWISE_BEZIER_KNOTS.);
#9097 = CARTESIAN_POINT('',(5.4,43.7,31.4));
#9098 = CARTESIAN_POINT('',(5.4,43.7,35.4));
#9099 = CARTESIAN_POINT('',(-5.4,43.7,31.4));
#9100 = CARTESIAN_POINT('',(-5.4,43.7,35.4));
#9101 = DEFINITIONAL_REPRESENTATION('',(#9102),#9105);
#9102 = B_SPLINE_CURVE_WITH_KNOTS('',1,(#9103,#9104),.UNSPECIFIED.,.F.,
  .F.,(2,2),(0.,4.E-03),.PIECEWISE_BEZIER_KNOTS.);
#9103 = CARTESIAN_POINT('',(0.,0.));
#9104 = CARTESIAN_POINT('',(0.,-4.E-03));
#9105 = ( GEOMETRIC_REPRESENTATION_CONTEXT(2) 
PARAMETRIC_REPRESENTATION_CONTEXT() REPRESENTATION_CONTEXT('2D SPACE',''
  ) );
#9106 = ORIENTED_EDGE('',*,*,#9107,.F.);
#9107 = EDGE_CURVE('',#9005,#9082,#9108,.T.);
#9108 = SURFACE_CURVE('',#9109,(#9113,#9120),.PCURVE_S1.);
#9109 = ( BOUNDED_CURVE() B_SPLINE_CURVE(2,(#9110,#9111,#9112),
.UNSPECIFIED.,.F.,.F.) B_SPLINE_CURVE_WITH_KNOTS((3,3),(0.,
1.570796326795),.PIECEWISE_BEZIER_KNOTS.) CURVE() 
GEOMETRIC_REPRESENTATION_ITEM() RATIONAL_B_SPLINE_CURVE((1.,
0.707106781187,1.)) REPRESENTATION_ITEM('') );
#9110 = CARTESIAN_POINT('',(49.1,0.,35.4));
#9111 = CARTESIAN_POINT('',(49.1,43.7,35.4));
#9112 = CARTESIAN_POINT('',(5.4,43.7,35.4));
#9113 = PCURVE('',#9019,#9114);
#9114 = DEFINITIONAL_REPRESENTATION('',(#9115),#9119);
#9115 = B_SPLINE_CURVE_WITH_KNOTS('',2,(#9116,#9117,#9118),
  .UNSPECIFIED.,.F.,.F.,(3,3),(0.,1.570796326795),
  .PIECEWISE_BEZIER_KNOTS.);
#9116 = CARTESIAN_POINT('',(0.,0.));
#9117 = CARTESIAN_POINT('',(0.785398163397,0.));
#9118 = CARTESIAN_POINT('',(1.570796326795,0.));
#9119 = ( GEOMETRIC_REPRESENTATION_CONTEXT(2) 
PARAMETRIC_REPRESENTATION_CONTEXT() REPRESENTATION_CONTEXT('2D SPACE',''
  ) );
#9120 = PCURVE('',#8585,#9121);
#9121 = DEFINITIONAL_REPRESENTATION('',(#9122),#9126);
#9122 = ( BOUNDED_CURVE() B_SPLINE_CURVE(2,(#9123,#9124,#9125),
.UNSPECIFIED.,.F.,.F.) B_SPLINE_CURVE_WITH_KNOTS((3,3),(0.,
1.570796326795),.PIECEWISE_BEZIER_KNOTS.) CURVE() 
GEOMETRIC_REPRESENTATION_ITEM() RATIONAL_B_SPLINE_CURVE((1.,
0.707106781187,1.)) REPRESENTATION_ITEM('') );
#9123 = CARTESIAN_POINT('',(4.91E-02,1.099039201709E-18));
#9124 = CARTESIAN_POINT('',(4.91E-02,4.37E-02));
#9125 = CARTESIAN_POINT('',(5.4E-03,4.37E-02));
#9126 = ( GEOMETRIC_REPRESENTATION_CONTEXT(2) 
PARAMETRIC_REPRESENTATION_CONTEXT() REPRESENTATION_CONTEXT('2D SPACE',''
  ) );
#9127 = ADVANCED_FACE('',(#9128),#9096,.F.);
#9128 = FACE_BOUND('',#9129,.F.);
#9129 = EDGE_LOOP('',(#9130,#9131,#9151,#9172));
#9130 = ORIENTED_EDGE('',*,*,#9081,.T.);
#9131 = ORIENTED_EDGE('',*,*,#9132,.T.);
#9132 = EDGE_CURVE('',#9059,#9133,#9135,.T.);
#9133 = VERTEX_POINT('',#9134);
#9134 = CARTESIAN_POINT('',(-5.4,43.7,31.4));
#9135 = SURFACE_CURVE('',#9136,(#9139,#9145),.PCURVE_S1.);
#9136 = B_SPLINE_CURVE_WITH_KNOTS('',1,(#9137,#9138),.UNSPECIFIED.,.F.,
  .F.,(2,2),(0.,1.08E-02),.PIECEWISE_BEZIER_KNOTS.);
#9137 = CARTESIAN_POINT('',(5.4,43.7,31.4));
#9138 = CARTESIAN_POINT('',(-5.4,43.7,31.4));
#9139 = PCURVE('',#9096,#9140);
#9140 = DEFINITIONAL_REPRESENTATION('',(#9141),#9144);
#9141 = B_SPLINE_CURVE_WITH_KNOTS('',1,(#9142,#9143),.UNSPECIFIED.,.F.,
  .F.,(2,2),(0.,1.08E-02),.PIECEWISE_BEZIER_KNOTS.);
#9142 = CARTESIAN_POINT('',(0.,-4.E-03));
#9143 = CARTESIAN_POINT('',(1.08E-02,-4.E-03));
#9144 = ( GEOMETRIC_REPRESENTATION_CONTEXT(2) 
PARAMETRIC_REPRESENTATION_CONTEXT() REPRESENTATION_CONTEXT('2D SPACE',''
  ) );
#9145 = PCURVE('',#8534,#9146);
#9146 = DEFINITIONAL_REPRESENTATION('',(#9147),#9150);
#9147 = B_SPLINE_CURVE_WITH_KNOTS('',1,(#9148,#9149),.UNSPECIFIED.,.F.,
  .F.,(2,2),(0.,1.08E-02),.PIECEWISE_BEZIER_KNOTS.);
#9148 = CARTESIAN_POINT('',(5.4E-03,4.37E-02));
#9149 = CARTESIAN_POINT('',(-5.4E-03,4.37E-02));
#9150 = ( GEOMETRIC_REPRESENTATION_CONTEXT(2) 
PARAMETRIC_REPRESENTATION_CONTEXT() REPRESENTATION_CONTEXT('2D SPACE',''
  ) );
#9151 = ORIENTED_EDGE('',*,*,#9152,.F.);
#9152 = EDGE_CURVE('',#9153,#9133,#9155,.T.);
#9153 = VERTEX_POINT('',#9154);
#9154 = CARTESIAN_POINT('',(-5.4,43.7,35.4));
#9155 = SURFACE_CURVE('',#9156,(#9159,#9165),.PCURVE_S1.);
#9156 = B_SPLINE_CURVE_WITH_KNOTS('',1,(#9157,#9158),.UNSPECIFIED.,.F.,
  .F.,(2,2),(0.,4.E-03),.PIECEWISE_BEZIER_KNOTS.);
#9157 = CARTESIAN_POINT('',(-5.4,43.7,35.4));
#9158 = CARTESIAN_POINT('',(-5.4,43.7,31.4));
#9159 = PCURVE('',#9096,#9160);
#9160 = DEFINITIONAL_REPRESENTATION('',(#9161),#9164);
#9161 = B_SPLINE_CURVE_WITH_KNOTS('',1,(#9162,#9163),.UNSPECIFIED.,.F.,
  .F.,(2,2),(0.,4.E-03),.PIECEWISE_BEZIER_KNOTS.);
#9162 = CARTESIAN_POINT('',(1.08E-02,0.));
#9163 = CARTESIAN_POINT('',(1.08E-02,-4.E-03));
#9164 = ( GEOMETRIC_REPRESENTATION_CONTEXT(2) 
PARAMETRIC_REPRESENTATION_CONTEXT() REPRESENTATION_CONTEXT('2D SPACE',''
  ) );
#9165 = PCURVE('',#8893,#9166);
#9166 = DEFINITIONAL_REPRESENTATION('',(#9167),#9171);
#9167 = B_SPLINE_CURVE_WITH_KNOTS('',2,(#9168,#9169,#9170),
  .UNSPECIFIED.,.F.,.F.,(3,3),(0.,4.E-03),.PIECEWISE_BEZIER_KNOTS.);
#9168 = CARTESIAN_POINT('',(1.570796326795,0.));
#9169 = CARTESIAN_POINT('',(1.570796326795,-2.E-03));
#9170 = CARTESIAN_POINT('',(1.570796326795,-4.E-03));
#9171 = ( GEOMETRIC_REPRESENTATION_CONTEXT(2) 
PARAMETRIC_REPRESENTATION_CONTEXT() REPRESENTATION_CONTEXT('2D SPACE',''
  ) );
#9172 = ORIENTED_EDGE('',*,*,#9173,.F.);
#9173 = EDGE_CURVE('',#9082,#9153,#9174,.T.);
#9174 = SURFACE_CURVE('',#9175,(#9178,#9184),.PCURVE_S1.);
#9175 = B_SPLINE_CURVE_WITH_KNOTS('',1,(#9176,#9177),.UNSPECIFIED.,.F.,
  .F.,(2,2),(0.,1.08E-02),.PIECEWISE_BEZIER_KNOTS.);
#9176 = CARTESIAN_POINT('',(5.4,43.7,35.4));
#9177 = CARTESIAN_POINT('',(-5.4,43.7,35.4));
#9178 = PCURVE('',#9096,#9179);
#9179 = DEFINITIONAL_REPRESENTATION('',(#9180),#9183);
#9180 = B_SPLINE_CURVE_WITH_KNOTS('',1,(#9181,#9182),.UNSPECIFIED.,.F.,
  .F.,(2,2),(0.,1.08E-02),.PIECEWISE_BEZIER_KNOTS.);
#9181 = CARTESIAN_POINT('',(0.,0.));
#9182 = CARTESIAN_POINT('',(1.08E-02,0.));
#9183 = ( GEOMETRIC_REPRESENTATION_CONTEXT(2) 
PARAMETRIC_REPRESENTATION_CONTEXT() REPRESENTATION_CONTEXT('2D SPACE',''
  ) );
#9184 = PCURVE('',#8585,#9185);
#9185 = DEFINITIONAL_REPRESENTATION('',(#9186),#9189);
#9186 = B_SPLINE_CURVE_WITH_KNOTS('',1,(#9187,#9188),.UNSPECIFIED.,.F.,
  .F.,(2,2),(0.,1.08E-02),.PIECEWISE_BEZIER_KNOTS.);
#9187 = CARTESIAN_POINT('',(5.4E-03,4.37E-02));
#9188 = CARTESIAN_POINT('',(-5.4E-03,4.37E-02));
#9189 = ( GEOMETRIC_REPRESENTATION_CONTEXT(2) 
PARAMETRIC_REPRESENTATION_CONTEXT() REPRESENTATION_CONTEXT('2D SPACE',''
  ) );
#9190 = ADVANCED_FACE('',(#9191),#8893,.F.);
#9191 = FACE_BOUND('',#9192,.F.);
#9192 = EDGE_LOOP('',(#9193,#9194,#9221,#9222));
#9193 = ORIENTED_EDGE('',*,*,#9152,.T.);
#9194 = ORIENTED_EDGE('',*,*,#9195,.T.);
#9195 = EDGE_CURVE('',#9133,#8875,#9196,.T.);
#9196 = SURFACE_CURVE('',#9197,(#9203,#9212),.PCURVE_S1.);
#9197 = ( BOUNDED_CURVE() B_SPLINE_CURVE(2,(#9198,#9199,#9200,#9201,
#9202),.UNSPECIFIED.,.F.,.F.) B_SPLINE_CURVE_WITH_KNOTS((3,2,3),(
    1.570796326795,3.14159265359,4.712388980385),
.PIECEWISE_BEZIER_KNOTS.) CURVE() GEOMETRIC_REPRESENTATION_ITEM() 
RATIONAL_B_SPLINE_CURVE((1.,0.707106781187,1.,0.707106781187,1.)) 
REPRESENTATION_ITEM('') );
#9198 = CARTESIAN_POINT('',(-5.4,43.7,31.4));
#9199 = CARTESIAN_POINT('',(-49.1,43.7,31.4));
#9200 = CARTESIAN_POINT('',(-49.1,5.351706512274E-15,31.4));
#9201 = CARTESIAN_POINT('',(-49.1,-43.7,31.4));
#9202 = CARTESIAN_POINT('',(-5.4,-43.7,31.4));
#9203 = PCURVE('',#8893,#9204);
#9204 = DEFINITIONAL_REPRESENTATION('',(#9205),#9211);
#9205 = B_SPLINE_CURVE_WITH_KNOTS('',2,(#9206,#9207,#9208,#9209,#9210),
  .UNSPECIFIED.,.F.,.F.,(3,2,3),(1.570796326795,3.14159265359,
    4.712388980385),.PIECEWISE_BEZIER_KNOTS.);
#9206 = CARTESIAN_POINT('',(1.570796326795,-4.E-03));
#9207 = CARTESIAN_POINT('',(2.356194490192,-4.E-03));
#9208 = CARTESIAN_POINT('',(3.14159265359,-4.E-03));
#9209 = CARTESIAN_POINT('',(3.926990816987,-4.E-03));
#9210 = CARTESIAN_POINT('',(4.712388980385,-4.E-03));
#9211 = ( GEOMETRIC_REPRESENTATION_CONTEXT(2) 
PARAMETRIC_REPRESENTATION_CONTEXT() REPRESENTATION_CONTEXT('2D SPACE',''
  ) );
#9212 = PCURVE('',#8534,#9213);
#9213 = DEFINITIONAL_REPRESENTATION('',(#9214),#9220);
#9214 = ( BOUNDED_CURVE() B_SPLINE_CURVE(2,(#9215,#9216,#9217,#9218,
#9219),.UNSPECIFIED.,.F.,.F.) B_SPLINE_CURVE_WITH_KNOTS((3,2,3),(
    1.570796326795,3.14159265359,4.712388980385),
.PIECEWISE_BEZIER_KNOTS.) CURVE() GEOMETRIC_REPRESENTATION_ITEM() 
RATIONAL_B_SPLINE_CURVE((1.,0.707106781187,1.,0.707106781187,1.)) 
REPRESENTATION_ITEM('') );
#9215 = CARTESIAN_POINT('',(-5.4E-03,4.37E-02));
#9216 = CARTESIAN_POINT('',(-4.91E-02,4.37E-02));
#9217 = CARTESIAN_POINT('',(-4.91E-02,6.450745713983E-18));
#9218 = CARTESIAN_POINT('',(-4.91E-02,-4.37E-02));
#9219 = CARTESIAN_POINT('',(-5.4E-03,-4.37E-02));
#9220 = ( GEOMETRIC_REPRESENTATION_CONTEXT(2) 
PARAMETRIC_REPRESENTATION_CONTEXT() REPRESENTATION_CONTEXT('2D SPACE',''
  ) );
#9221 = ORIENTED_EDGE('',*,*,#8872,.F.);
#9222 = ORIENTED_EDGE('',*,*,#9223,.F.);
#9223 = EDGE_CURVE('',#9153,#8873,#9224,.T.);
#9224 = SURFACE_CURVE('',#9225,(#9231,#9240),.PCURVE_S1.);
#9225 = ( BOUNDED_CURVE() B_SPLINE_CURVE(2,(#9226,#9227,#9228,#9229,
#9230),.UNSPECIFIED.,.F.,.F.) B_SPLINE_CURVE_WITH_KNOTS((3,2,3),(
    1.570796326795,3.14159265359,4.712388980385),
.PIECEWISE_BEZIER_KNOTS.) CURVE() GEOMETRIC_REPRESENTATION_ITEM() 
RATIONAL_B_SPLINE_CURVE((1.,0.707106781187,1.,0.707106781187,1.)) 
REPRESENTATION_ITEM('') );
#9226 = CARTESIAN_POINT('',(-5.4,43.7,35.4));
#9227 = CARTESIAN_POINT('',(-49.1,43.7,35.4));
#9228 = CARTESIAN_POINT('',(-49.1,5.351706512274E-15,35.4));
#9229 = CARTESIAN_POINT('',(-49.1,-43.7,35.4));
#9230 = CARTESIAN_POINT('',(-5.4,-43.7,35.4));
#9231 = PCURVE('',#8893,#9232);
#9232 = DEFINITIONAL_REPRESENTATION('',(#9233),#9239);
#9233 = B_SPLINE_CURVE_WITH_KNOTS('',2,(#9234,#9235,#9236,#9237,#9238),
  .UNSPECIFIED.,.F.,.F.,(3,2,3),(1.570796326795,3.14159265359,
    4.712388980385),.PIECEWISE_BEZIER_KNOTS.);
#9234 = CARTESIAN_POINT('',(1.570796326795,0.));
#9235 = CARTESIAN_POINT('',(2.356194490192,0.));
#9236 = CARTESIAN_POINT('',(3.14159265359,0.));
#9237 = CARTESIAN_POINT('',(3.926990816987,0.));
#9238 = CARTESIAN_POINT('',(4.712388980385,0.));
#9239 = ( GEOMETRIC_REPRESENTATION_CONTEXT(2) 
PARAMETRIC_REPRESENTATION_CONTEXT() REPRESENTATION_CONTEXT('2D SPACE',''
  ) );
#9240 = PCURVE('',#8585,#9241);
#9241 = DEFINITIONAL_REPRESENTATION('',(#9242),#9248);
#9242 = ( BOUNDED_CURVE() B_SPLINE_CURVE(2,(#9243,#9244,#9245,#9246,
#9247),.UNSPECIFIED.,.F.,.F.) B_SPLINE_CURVE_WITH_KNOTS((3,2,3),(
    1.570796326795,3.14159265359,4.712388980385),
.PIECEWISE_BEZIER_KNOTS.) CURVE() GEOMETRIC_REPRESENTATION_ITEM() 
RATIONAL_B_SPLINE_CURVE((1.,0.707106781187,1.,0.707106781187,1.)) 
REPRESENTATION_ITEM('') );
#9243 = CARTESIAN_POINT('',(-5.4E-03,4.37E-02));
#9244 = CARTESIAN_POINT('',(-4.91E-02,4.37E-02));
#9245 = CARTESIAN_POINT('',(-4.91E-02,6.450745713983E-18));
#9246 = CARTESIAN_POINT('',(-4.91E-02,-4.37E-02));
#9247 = CARTESIAN_POINT('',(-5.4E-03,-4.37E-02));
#9248 = ( GEOMETRIC_REPRESENTATION_CONTEXT(2) 
PARAMETRIC_REPRESENTATION_CONTEXT() REPRESENTATION_CONTEXT('2D SPACE',''
  ) );
#9249 = ADVANCED_FACE('',(#9250,#9257),#8585,.T.);
#9250 = FACE_BOUND('',#9251,.T.);
#9251 = EDGE_LOOP('',(#9252,#9253,#9254,#9255,#9256));
#9252 = ORIENTED_EDGE('',*,*,#8573,.T.);
#9253 = ORIENTED_EDGE('',*,*,#8738,.T.);
#9254 = ORIENTED_EDGE('',*,*,#8848,.T.);
#9255 = ORIENTED_EDGE('',*,*,#8804,.T.);
#9256 = ORIENTED_EDGE('',*,*,#8655,.T.);
#9257 = FACE_BOUND('',#9258,.T.);
#9258 = EDGE_LOOP('',(#9259,#9260,#9261,#9262,#9263));
#9259 = ORIENTED_EDGE('',*,*,#8959,.F.);
#9260 = ORIENTED_EDGE('',*,*,#9223,.F.);
#9261 = ORIENTED_EDGE('',*,*,#9173,.F.);
#9262 = ORIENTED_EDGE('',*,*,#9107,.F.);
#9263 = ORIENTED_EDGE('',*,*,#9033,.F.);
#9264 = ADVANCED_FACE('',(#9265,#9272),#8534,.F.);
#9265 = FACE_BOUND('',#9266,.F.);
#9266 = EDGE_LOOP('',(#9267,#9268,#9269,#9270,#9271));
#9267 = ORIENTED_EDGE('',*,*,#8520,.T.);
#9268 = ORIENTED_EDGE('',*,*,#8686,.T.);
#9269 = ORIENTED_EDGE('',*,*,#8826,.T.);
#9270 = ORIENTED_EDGE('',*,*,#8785,.T.);
#9271 = ORIENTED_EDGE('',*,*,#8627,.T.);
#9272 = FACE_BOUND('',#9273,.F.);
#9273 = EDGE_LOOP('',(#9274,#9275,#9276,#9277,#9278));
#9274 = ORIENTED_EDGE('',*,*,#8911,.F.);
#9275 = ORIENTED_EDGE('',*,*,#9195,.F.);
#9276 = ORIENTED_EDGE('',*,*,#9132,.F.);
#9277 = ORIENTED_EDGE('',*,*,#9058,.F.);
#9278 = ORIENTED_EDGE('',*,*,#8981,.F.);
#9279 = ( GEOMETRIC_REPRESENTATION_CONTEXT(3) 
GLOBAL_UNCERTAINTY_ASSIGNED_CONTEXT((#9283)) 
GLOBAL_UNIT_ASSIGNED_CONTEXT((#9280,#9281,#9282)) REPRESENTATION_CONTEXT
('Context #1','3D Context with UNIT and UNCERTAINTY') );
#9280 = ( LENGTH_UNIT() NAMED_UNIT(*) SI_UNIT(.MILLI.,.METRE.) );
#9281 = ( NAMED_UNIT(*) PLANE_ANGLE_UNIT() SI_UNIT($,.RADIAN.) );
#9282 = ( NAMED_UNIT(*) SI_UNIT($,.STERADIAN.) SOLID_ANGLE_UNIT() );
#9283 = UNCERTAINTY_MEASURE_WITH_UNIT(LENGTH_MEASURE(1.E-04),#9280,
  'distance_accuracy_value','confusion accuracy');
#9284 = CONTEXT_DEPENDENT_SHAPE_REPRESENTATION(#9285,#9287);
#9285 = ( REPRESENTATION_RELATIONSHIP('','',#8474,#10) 
REPRESENTATION_RELATIONSHIP_WITH_TRANSFORMATION(#9286) 
SHAPE_REPRESENTATION_RELATIONSHIP() );
#9286 = ITEM_DEFINED_TRANSFORMATION('','',#11,#55);
#9287 = PRODUCT_DEFINITION_SHAPE('Placement','Placement of an item',
  #9288);
#9288 = NEXT_ASSEMBLY_USAGE_OCCURRENCE('11','','',#5,#8469,$);
#9289 = PRODUCT_RELATED_PRODUCT_CATEGORY('part',$,(#8471));
#9290 = SHAPE_DEFINITION_REPRESENTATION(#9291,#9297);
#9291 = PRODUCT_DEFINITION_SHAPE('','',#9292);
#9292 = PRODUCT_DEFINITION('design','',#9293,#9296);
#9293 = PRODUCT_DEFINITION_FORMATION('','',#9294);
#9294 = PRODUCT('Open CASCADE STEP translator 7.9 1.12',
  'Open CASCADE STEP translator 7.9 1.12','',(#9295));
#9295 = PRODUCT_CONTEXT('',#2,'mechanical');
#9296 = PRODUCT_DEFINITION_CONTEXT('part definition',#2,'design');
#9297 = ADVANCED_BREP_SHAPE_REPRESENTATION('',(#11,#9298),#10102);
#9298 = MANIFOLD_SOLID_BREP('',#9299);
#9299 = CLOSED_SHELL('',(#9300,#9418,#9504,#9581,#9644,#9691,#9799,#9876
    ,#9950,#10013,#10072,#10087));
#9300 = ADVANCED_FACE('',(#9301),#9314,.T.);
#9301 = FACE_BOUND('',#9302,.T.);
#9302 = EDGE_LOOP('',(#9303,#9342,#9367,#9395));
#9303 = ORIENTED_EDGE('',*,*,#9304,.T.);
#9304 = EDGE_CURVE('',#9305,#9307,#9309,.T.);
#9305 = VERTEX_POINT('',#9306);
#9306 = CARTESIAN_POINT('',(-5.4,-43.925,39.4));
#9307 = VERTEX_POINT('',#9308);
#9308 = CARTESIAN_POINT('',(-5.4,-43.925,35.4));
#9309 = SURFACE_CURVE('',#9310,(#9313,#9324),.PCURVE_S1.);
#9310 = B_SPLINE_CURVE_WITH_KNOTS('',1,(#9311,#9312),.UNSPECIFIED.,.F.,
  .F.,(2,2),(0.,4.E-03),.PIECEWISE_BEZIER_KNOTS.);
#9311 = CARTESIAN_POINT('',(-5.4,-43.925,39.4));
#9312 = CARTESIAN_POINT('',(-5.4,-43.925,35.4));
#9313 = PCURVE('',#9314,#9319);
#9314 = B_SPLINE_SURFACE_WITH_KNOTS('',1,1,(
    (#9315,#9316)
    ,(#9317,#9318
  )),.UNSPECIFIED.,.F.,.F.,.F.,(2,2),(2,2),(0.,1.08E-02),(-4.E-03,0.),
  .PIECEWISE_BEZIER_KNOTS.);
#9315 = CARTESIAN_POINT('',(-5.4,-43.925,35.4));
#9316 = CARTESIAN_POINT('',(-5.4,-43.925,39.4));
#9317 = CARTESIAN_POINT('',(5.4,-43.925,35.4));
#9318 = CARTESIAN_POINT('',(5.4,-43.925,39.4));
#9319 = DEFINITIONAL_REPRESENTATION('',(#9320),#9323);
#9320 = B_SPLINE_CURVE_WITH_KNOTS('',1,(#9321,#9322),.UNSPECIFIED.,.F.,
  .F.,(2,2),(0.,4.E-03),.PIECEWISE_BEZIER_KNOTS.);
#9321 = CARTESIAN_POINT('',(0.,0.));
#9322 = CARTESIAN_POINT('',(0.,-4.E-03));
#9323 = ( GEOMETRIC_REPRESENTATION_CONTEXT(2) 
PARAMETRIC_REPRESENTATION_CONTEXT() REPRESENTATION_CONTEXT('2D SPACE',''
  ) );
#9324 = PCURVE('',#9325,#9336);
#9325 = ( BOUNDED_SURFACE() B_SPLINE_SURFACE(2,1,(
    (#9326,#9327)
    ,(#9328,#9329)
    ,(#9330,#9331)
    ,(#9332,#9333)
    ,(#9334,#9335
)),.UNSPECIFIED.,.F.,.F.,.F.) B_SPLINE_SURFACE_WITH_KNOTS((3,2,3),(2,2),
  (1.570796326795,3.14159265359,4.712388980385),(-4.E-03,0.),
.PIECEWISE_BEZIER_KNOTS.) GEOMETRIC_REPRESENTATION_ITEM() 
RATIONAL_B_SPLINE_SURFACE((
    (1.,1.)
    ,(0.707106781187,0.707106781187)
    ,(1.,1.)
    ,(0.707106781187,0.707106781187)
,(1.,1.))) REPRESENTATION_ITEM('') SURFACE() );
#9326 = CARTESIAN_POINT('',(-5.4,43.925,35.4));
#9327 = CARTESIAN_POINT('',(-5.4,43.925,39.4));
#9328 = CARTESIAN_POINT('',(-49.325,43.925,35.4));
#9329 = CARTESIAN_POINT('',(-49.325,43.925,39.4));
#9330 = CARTESIAN_POINT('',(-49.325,5.379261065255E-15,35.4));
#9331 = CARTESIAN_POINT('',(-49.325,5.379261065255E-15,39.4));
#9332 = CARTESIAN_POINT('',(-49.325,-43.925,35.4));
#9333 = CARTESIAN_POINT('',(-49.325,-43.925,39.4));
#9334 = CARTESIAN_POINT('',(-5.4,-43.925,35.4));
#9335 = CARTESIAN_POINT('',(-5.4,-43.925,39.4));
#9336 = DEFINITIONAL_REPRESENTATION('',(#9337),#9341);
#9337 = B_SPLINE_CURVE_WITH_KNOTS('',2,(#9338,#9339,#9340),
  .UNSPECIFIED.,.F.,.F.,(3,3),(0.,4.E-03),.PIECEWISE_BEZIER_KNOTS.);
#9338 = CARTESIAN_POINT('',(4.712388980385,0.));
#9339 = CARTESIAN_POINT('',(4.712388980385,-2.E-03));
#9340 = CARTESIAN_POINT('',(4.712388980385,-4.E-03));
#9341 = ( GEOMETRIC_REPRESENTATION_CONTEXT(2) 
PARAMETRIC_REPRESENTATION_CONTEXT() REPRESENTATION_CONTEXT('2D SPACE',''
  ) );
#9342 = ORIENTED_EDGE('',*,*,#9343,.T.);
#9343 = EDGE_CURVE('',#9307,#9344,#9346,.T.);
#9344 = VERTEX_POINT('',#9345);
#9345 = CARTESIAN_POINT('',(5.4,-43.925,35.4));
#9346 = SURFACE_CURVE('',#9347,(#9350,#9356),.PCURVE_S1.);
#9347 = B_SPLINE_CURVE_WITH_KNOTS('',1,(#9348,#9349),.UNSPECIFIED.,.F.,
  .F.,(2,2),(0.,1.08E-02),.PIECEWISE_BEZIER_KNOTS.);
#9348 = CARTESIAN_POINT('',(-5.4,-43.925,35.4));
#9349 = CARTESIAN_POINT('',(5.4,-43.925,35.4));
#9350 = PCURVE('',#9314,#9351);
#9351 = DEFINITIONAL_REPRESENTATION('',(#9352),#9355);
#9352 = B_SPLINE_CURVE_WITH_KNOTS('',1,(#9353,#9354),.UNSPECIFIED.,.F.,
  .F.,(2,2),(0.,1.08E-02),.PIECEWISE_BEZIER_KNOTS.);
#9353 = CARTESIAN_POINT('',(0.,-4.E-03));
#9354 = CARTESIAN_POINT('',(1.08E-02,-4.E-03));
#9355 = ( GEOMETRIC_REPRESENTATION_CONTEXT(2) 
PARAMETRIC_REPRESENTATION_CONTEXT() REPRESENTATION_CONTEXT('2D SPACE',''
  ) );
#9356 = PCURVE('',#9357,#9362);
#9357 = B_SPLINE_SURFACE_WITH_KNOTS('',1,1,(
    (#9358,#9359)
    ,(#9360,#9361
    )),.UNSPECIFIED.,.F.,.F.,.F.,(2,2),(2,2),(-4.9325E-02,4.9325E-02),(
    -4.3925E-02,4.3925E-02),.PIECEWISE_BEZIER_KNOTS.);
#9358 = CARTESIAN_POINT('',(-49.325,-43.925,35.4));
#9359 = CARTESIAN_POINT('',(-49.325,43.925,35.4));
#9360 = CARTESIAN_POINT('',(49.325,-43.925,35.4));
#9361 = CARTESIAN_POINT('',(49.325,43.925,35.4));
#9362 = DEFINITIONAL_REPRESENTATION('',(#9363),#9366);
#9363 = B_SPLINE_CURVE_WITH_KNOTS('',1,(#9364,#9365),.UNSPECIFIED.,.F.,
  .F.,(2,2),(0.,1.08E-02),.PIECEWISE_BEZIER_KNOTS.);
#9364 = CARTESIAN_POINT('',(-5.4E-03,-4.3925E-02));
#9365 = CARTESIAN_POINT('',(5.4E-03,-4.3925E-02));
#9366 = ( GEOMETRIC_REPRESENTATION_CONTEXT(2) 
PARAMETRIC_REPRESENTATION_CONTEXT() REPRESENTATION_CONTEXT('2D SPACE',''
  ) );
#9367 = ORIENTED_EDGE('',*,*,#9368,.F.);
#9368 = EDGE_CURVE('',#9369,#9344,#9371,.T.);
#9369 = VERTEX_POINT('',#9370);
#9370 = CARTESIAN_POINT('',(5.4,-43.925,39.4));
#9371 = SURFACE_CURVE('',#9372,(#9375,#9381),.PCURVE_S1.);
#9372 = B_SPLINE_CURVE_WITH_KNOTS('',1,(#9373,#9374),.UNSPECIFIED.,.F.,
  .F.,(2,2),(0.,4.E-03),.PIECEWISE_BEZIER_KNOTS.);
#9373 = CARTESIAN_POINT('',(5.4,-43.925,39.4));
#9374 = CARTESIAN_POINT('',(5.4,-43.925,35.4));
#9375 = PCURVE('',#9314,#9376);
#9376 = DEFINITIONAL_REPRESENTATION('',(#9377),#9380);
#9377 = B_SPLINE_CURVE_WITH_KNOTS('',1,(#9378,#9379),.UNSPECIFIED.,.F.,
  .F.,(2,2),(0.,4.E-03),.PIECEWISE_BEZIER_KNOTS.);
#9378 = CARTESIAN_POINT('',(1.08E-02,0.));
#9379 = CARTESIAN_POINT('',(1.08E-02,-4.E-03));
#9380 = ( GEOMETRIC_REPRESENTATION_CONTEXT(2) 
PARAMETRIC_REPRESENTATION_CONTEXT() REPRESENTATION_CONTEXT('2D SPACE',''
  ) );
#9381 = PCURVE('',#9382,#9389);
#9382 = ( BOUNDED_SURFACE() B_SPLINE_SURFACE(2,1,(
    (#9383,#9384)
    ,(#9385,#9386)
    ,(#9387,#9388
)),.UNSPECIFIED.,.F.,.F.,.F.) B_SPLINE_SURFACE_WITH_KNOTS((3,3),(2,2),(
    4.712388980385,6.28318530718),(-4.E-03,0.),
.PIECEWISE_BEZIER_KNOTS.) GEOMETRIC_REPRESENTATION_ITEM() 
RATIONAL_B_SPLINE_SURFACE((
    (1.,1.)
    ,(0.707106781187,0.707106781187)
,(1.,1.))) REPRESENTATION_ITEM('') SURFACE() );
#9383 = CARTESIAN_POINT('',(5.4,-43.925,35.4));
#9384 = CARTESIAN_POINT('',(5.4,-43.925,39.4));
#9385 = CARTESIAN_POINT('',(49.325,-43.925,35.4));
#9386 = CARTESIAN_POINT('',(49.325,-43.925,39.4));
#9387 = CARTESIAN_POINT('',(49.325,-1.075852213051E-14,35.4));
#9388 = CARTESIAN_POINT('',(49.325,-1.075852213051E-14,39.4));
#9389 = DEFINITIONAL_REPRESENTATION('',(#9390),#9394);
#9390 = B_SPLINE_CURVE_WITH_KNOTS('',2,(#9391,#9392,#9393),
  .UNSPECIFIED.,.F.,.F.,(3,3),(0.,4.E-03),.PIECEWISE_BEZIER_KNOTS.);
#9391 = CARTESIAN_POINT('',(4.712388980385,0.));
#9392 = CARTESIAN_POINT('',(4.712388980385,-2.E-03));
#9393 = CARTESIAN_POINT('',(4.712388980385,-4.E-03));
#9394 = ( GEOMETRIC_REPRESENTATION_CONTEXT(2) 
PARAMETRIC_REPRESENTATION_CONTEXT() REPRESENTATION_CONTEXT('2D SPACE',''
  ) );
#9395 = ORIENTED_EDGE('',*,*,#9396,.F.);
#9396 = EDGE_CURVE('',#9305,#9369,#9397,.T.);
#9397 = SURFACE_CURVE('',#9398,(#9401,#9407),.PCURVE_S1.);
#9398 = B_SPLINE_CURVE_WITH_KNOTS('',1,(#9399,#9400),.UNSPECIFIED.,.F.,
  .F.,(2,2),(0.,1.08E-02),.PIECEWISE_BEZIER_KNOTS.);
#9399 = CARTESIAN_POINT('',(-5.4,-43.925,39.4));
#9400 = CARTESIAN_POINT('',(5.4,-43.925,39.4));
#9401 = PCURVE('',#9314,#9402);
#9402 = DEFINITIONAL_REPRESENTATION('',(#9403),#9406);
#9403 = B_SPLINE_CURVE_WITH_KNOTS('',1,(#9404,#9405),.UNSPECIFIED.,.F.,
  .F.,(2,2),(0.,1.08E-02),.PIECEWISE_BEZIER_KNOTS.);
#9404 = CARTESIAN_POINT('',(0.,0.));
#9405 = CARTESIAN_POINT('',(1.08E-02,0.));
#9406 = ( GEOMETRIC_REPRESENTATION_CONTEXT(2) 
PARAMETRIC_REPRESENTATION_CONTEXT() REPRESENTATION_CONTEXT('2D SPACE',''
  ) );
#9407 = PCURVE('',#9408,#9413);
#9408 = B_SPLINE_SURFACE_WITH_KNOTS('',1,1,(
    (#9409,#9410)
    ,(#9411,#9412
    )),.UNSPECIFIED.,.F.,.F.,.F.,(2,2),(2,2),(-4.9325E-02,4.9325E-02),(
    -4.3925E-02,4.3925E-02),.PIECEWISE_BEZIER_KNOTS.);
#9409 = CARTESIAN_POINT('',(-49.325,-43.925,39.4));
#9410 = CARTESIAN_POINT('',(-49.325,43.925,39.4));
#9411 = CARTESIAN_POINT('',(49.325,-43.925,39.4));
#9412 = CARTESIAN_POINT('',(49.325,43.925,39.4));
#9413 = DEFINITIONAL_REPRESENTATION('',(#9414),#9417);
#9414 = B_SPLINE_CURVE_WITH_KNOTS('',1,(#9415,#9416),.UNSPECIFIED.,.F.,
  .F.,(2,2),(0.,1.08E-02),.PIECEWISE_BEZIER_KNOTS.);
#9415 = CARTESIAN_POINT('',(-5.4E-03,-4.3925E-02));
#9416 = CARTESIAN_POINT('',(5.4E-03,-4.3925E-02));
#9417 = ( GEOMETRIC_REPRESENTATION_CONTEXT(2) 
PARAMETRIC_REPRESENTATION_CONTEXT() REPRESENTATION_CONTEXT('2D SPACE',''
  ) );
#9418 = ADVANCED_FACE('',(#9419),#9325,.T.);
#9419 = FACE_BOUND('',#9420,.T.);
#9420 = EDGE_LOOP('',(#9421,#9449,#9476,#9477));
#9421 = ORIENTED_EDGE('',*,*,#9422,.T.);
#9422 = EDGE_CURVE('',#9423,#9425,#9427,.T.);
#9423 = VERTEX_POINT('',#9424);
#9424 = CARTESIAN_POINT('',(-5.4,43.925,39.4));
#9425 = VERTEX_POINT('',#9426);
#9426 = CARTESIAN_POINT('',(-5.4,43.925,35.4));
#9427 = SURFACE_CURVE('',#9428,(#9431,#9438),.PCURVE_S1.);
#9428 = B_SPLINE_CURVE_WITH_KNOTS('',1,(#9429,#9430),.UNSPECIFIED.,.F.,
  .F.,(2,2),(0.,4.E-03),.PIECEWISE_BEZIER_KNOTS.);
#9429 = CARTESIAN_POINT('',(-5.4,43.925,39.4));
#9430 = CARTESIAN_POINT('',(-5.4,43.925,35.4));
#9431 = PCURVE('',#9325,#9432);
#9432 = DEFINITIONAL_REPRESENTATION('',(#9433),#9437);
#9433 = B_SPLINE_CURVE_WITH_KNOTS('',2,(#9434,#9435,#9436),
  .UNSPECIFIED.,.F.,.F.,(3,3),(0.,4.E-03),.PIECEWISE_BEZIER_KNOTS.);
#9434 = CARTESIAN_POINT('',(1.570796326795,0.));
#9435 = CARTESIAN_POINT('',(1.570796326795,-2.E-03));
#9436 = CARTESIAN_POINT('',(1.570796326795,-4.E-03));
#9437 = ( GEOMETRIC_REPRESENTATION_CONTEXT(2) 
PARAMETRIC_REPRESENTATION_CONTEXT() REPRESENTATION_CONTEXT('2D SPACE',''
  ) );
#9438 = PCURVE('',#9439,#9444);
#9439 = B_SPLINE_SURFACE_WITH_KNOTS('',1,1,(
    (#9440,#9441)
    ,(#9442,#9443
  )),.UNSPECIFIED.,.F.,.F.,.F.,(2,2),(2,2),(0.,1.08E-02),(-4.E-03,0.),
  .PIECEWISE_BEZIER_KNOTS.);
#9440 = CARTESIAN_POINT('',(5.4,43.925,35.4));
#9441 = CARTESIAN_POINT('',(5.4,43.925,39.4));
#9442 = CARTESIAN_POINT('',(-5.4,43.925,35.4));
#9443 = CARTESIAN_POINT('',(-5.4,43.925,39.4));
#9444 = DEFINITIONAL_REPRESENTATION('',(#9445),#9448);
#9445 = B_SPLINE_CURVE_WITH_KNOTS('',1,(#9446,#9447),.UNSPECIFIED.,.F.,
  .F.,(2,2),(0.,4.E-03),.PIECEWISE_BEZIER_KNOTS.);
#9446 = CARTESIAN_POINT('',(1.08E-02,0.));
#9447 = CARTESIAN_POINT('',(1.08E-02,-4.E-03));
#9448 = ( GEOMETRIC_REPRESENTATION_CONTEXT(2) 
PARAMETRIC_REPRESENTATION_CONTEXT() REPRESENTATION_CONTEXT('2D SPACE',''
  ) );
#9449 = ORIENTED_EDGE('',*,*,#9450,.T.);
#9450 = EDGE_CURVE('',#9425,#9307,#9451,.T.);
#9451 = SURFACE_CURVE('',#9452,(#9458,#9467),.PCURVE_S1.);
#9452 = ( BOUNDED_CURVE() B_SPLINE_CURVE(2,(#9453,#9454,#9455,#9456,
#9457),.UNSPECIFIED.,.F.,.F.) B_SPLINE_CURVE_WITH_KNOTS((3,2,3),(
    1.570796326795,3.14159265359,4.712388980385),
.PIECEWISE_BEZIER_KNOTS.) CURVE() GEOMETRIC_REPRESENTATION_ITEM() 
RATIONAL_B_SPLINE_CURVE((1.,0.707106781187,1.,0.707106781187,1.)) 
REPRESENTATION_ITEM('') );
#9453 = CARTESIAN_POINT('',(-5.4,43.925,35.4));
#9454 = CARTESIAN_POINT('',(-49.325,43.925,35.4));
#9455 = CARTESIAN_POINT('',(-49.325,5.379261065255E-15,35.4));
#9456 = CARTESIAN_POINT('',(-49.325,-43.925,35.4));
#9457 = CARTESIAN_POINT('',(-5.4,-43.925,35.4));
#9458 = PCURVE('',#9325,#9459);
#9459 = DEFINITIONAL_REPRESENTATION('',(#9460),#9466);
#9460 = B_SPLINE_CURVE_WITH_KNOTS('',2,(#9461,#9462,#9463,#9464,#9465),
  .UNSPECIFIED.,.F.,.F.,(3,2,3),(1.570796326795,3.14159265359,
    4.712388980385),.PIECEWISE_BEZIER_KNOTS.);
#9461 = CARTESIAN_POINT('',(1.570796326795,-4.E-03));
#9462 = CARTESIAN_POINT('',(2.356194490192,-4.E-03));
#9463 = CARTESIAN_POINT('',(3.14159265359,-4.E-03));
#9464 = CARTESIAN_POINT('',(3.926990816987,-4.E-03));
#9465 = CARTESIAN_POINT('',(4.712388980385,-4.E-03));
#9466 = ( GEOMETRIC_REPRESENTATION_CONTEXT(2) 
PARAMETRIC_REPRESENTATION_CONTEXT() REPRESENTATION_CONTEXT('2D SPACE',''
  ) );
#9467 = PCURVE('',#9357,#9468);
#9468 = DEFINITIONAL_REPRESENTATION('',(#9469),#9475);
#9469 = ( BOUNDED_CURVE() B_SPLINE_CURVE(2,(#9470,#9471,#9472,#9473,
#9474),.UNSPECIFIED.,.F.,.F.) B_SPLINE_CURVE_WITH_KNOTS((3,2,3),(
    1.570796326795,3.14159265359,4.712388980385),
.PIECEWISE_BEZIER_KNOTS.) CURVE() GEOMETRIC_REPRESENTATION_ITEM() 
RATIONAL_B_SPLINE_CURVE((1.,0.707106781187,1.,0.707106781187,1.)) 
REPRESENTATION_ITEM('') );
#9470 = CARTESIAN_POINT('',(-5.4E-03,4.3925E-02));
#9471 = CARTESIAN_POINT('',(-4.9325E-02,4.3925E-02));
#9472 = CARTESIAN_POINT('',(-4.9325E-02,6.478300266963E-18));
#9473 = CARTESIAN_POINT('',(-4.9325E-02,-4.3925E-02));
#9474 = CARTESIAN_POINT('',(-5.4E-03,-4.3925E-02));
#9475 = ( GEOMETRIC_REPRESENTATION_CONTEXT(2) 
PARAMETRIC_REPRESENTATION_CONTEXT() REPRESENTATION_CONTEXT('2D SPACE',''
  ) );
#9476 = ORIENTED_EDGE('',*,*,#9304,.F.);
#9477 = ORIENTED_EDGE('',*,*,#9478,.F.);
#9478 = EDGE_CURVE('',#9423,#9305,#9479,.T.);
#9479 = SURFACE_CURVE('',#9480,(#9486,#9495),.PCURVE_S1.);
#9480 = ( BOUNDED_CURVE() B_SPLINE_CURVE(2,(#9481,#9482,#9483,#9484,
#9485),.UNSPECIFIED.,.F.,.F.) B_SPLINE_CURVE_WITH_KNOTS((3,2,3),(
    1.570796326795,3.14159265359,4.712388980385),
.PIECEWISE_BEZIER_KNOTS.) CURVE() GEOMETRIC_REPRESENTATION_ITEM() 
RATIONAL_B_SPLINE_CURVE((1.,0.707106781187,1.,0.707106781187,1.)) 
REPRESENTATION_ITEM('') );
#9481 = CARTESIAN_POINT('',(-5.4,43.925,39.4));
#9482 = CARTESIAN_POINT('',(-49.325,43.925,39.4));
#9483 = CARTESIAN_POINT('',(-49.325,5.379261065255E-15,39.4));
#9484 = CARTESIAN_POINT('',(-49.325,-43.925,39.4));
#9485 = CARTESIAN_POINT('',(-5.4,-43.925,39.4));
#9486 = PCURVE('',#9325,#9487);
#9487 = DEFINITIONAL_REPRESENTATION('',(#9488),#9494);
#9488 = B_SPLINE_CURVE_WITH_KNOTS('',2,(#9489,#9490,#9491,#9492,#9493),
  .UNSPECIFIED.,.F.,.F.,(3,2,3),(1.570796326795,3.14159265359,
    4.712388980385),.PIECEWISE_BEZIER_KNOTS.);
#9489 = CARTESIAN_POINT('',(1.570796326795,0.));
#9490 = CARTESIAN_POINT('',(2.356194490192,0.));
#9491 = CARTESIAN_POINT('',(3.14159265359,0.));
#9492 = CARTESIAN_POINT('',(3.926990816987,0.));
#9493 = CARTESIAN_POINT('',(4.712388980385,0.));
#9494 = ( GEOMETRIC_REPRESENTATION_CONTEXT(2) 
PARAMETRIC_REPRESENTATION_CONTEXT() REPRESENTATION_CONTEXT('2D SPACE',''
  ) );
#9495 = PCURVE('',#9408,#9496);
#9496 = DEFINITIONAL_REPRESENTATION('',(#9497),#9503);
#9497 = ( BOUNDED_CURVE() B_SPLINE_CURVE(2,(#9498,#9499,#9500,#9501,
#9502),.UNSPECIFIED.,.F.,.F.) B_SPLINE_CURVE_WITH_KNOTS((3,2,3),(
    1.570796326795,3.14159265359,4.712388980385),
.PIECEWISE_BEZIER_KNOTS.) CURVE() GEOMETRIC_REPRESENTATION_ITEM() 
RATIONAL_B_SPLINE_CURVE((1.,0.707106781187,1.,0.707106781187,1.)) 
REPRESENTATION_ITEM('') );
#9498 = CARTESIAN_POINT('',(-5.4E-03,4.3925E-02));
#9499 = CARTESIAN_POINT('',(-4.9325E-02,4.3925E-02));
#9500 = CARTESIAN_POINT('',(-4.9325E-02,6.478300266963E-18));
#9501 = CARTESIAN_POINT('',(-4.9325E-02,-4.3925E-02));
#9502 = CARTESIAN_POINT('',(-5.4E-03,-4.3925E-02));
#9503 = ( GEOMETRIC_REPRESENTATION_CONTEXT(2) 
PARAMETRIC_REPRESENTATION_CONTEXT() REPRESENTATION_CONTEXT('2D SPACE',''
  ) );
#9504 = ADVANCED_FACE('',(#9505),#9382,.T.);
#9505 = FACE_BOUND('',#9506,.T.);
#9506 = EDGE_LOOP('',(#9507,#9508,#9531,#9560));
#9507 = ORIENTED_EDGE('',*,*,#9368,.T.);
#9508 = ORIENTED_EDGE('',*,*,#9509,.T.);
#9509 = EDGE_CURVE('',#9344,#9510,#9512,.T.);
#9510 = VERTEX_POINT('',#9511);
#9511 = CARTESIAN_POINT('',(49.325,0.,35.4));
#9512 = SURFACE_CURVE('',#9513,(#9517,#9524),.PCURVE_S1.);
#9513 = ( BOUNDED_CURVE() B_SPLINE_CURVE(2,(#9514,#9515,#9516),
.UNSPECIFIED.,.F.,.F.) B_SPLINE_CURVE_WITH_KNOTS((3,3),(4.712388980385,
6.28318530718),.PIECEWISE_BEZIER_KNOTS.) CURVE() 
GEOMETRIC_REPRESENTATION_ITEM() RATIONAL_B_SPLINE_CURVE((1.,
0.707106781187,1.)) REPRESENTATION_ITEM('') );
#9514 = CARTESIAN_POINT('',(5.4,-43.925,35.4));
#9515 = CARTESIAN_POINT('',(49.325,-43.925,35.4));
#9516 = CARTESIAN_POINT('',(49.325,-1.075852213051E-14,35.4));
#9517 = PCURVE('',#9382,#9518);
#9518 = DEFINITIONAL_REPRESENTATION('',(#9519),#9523);
#9519 = B_SPLINE_CURVE_WITH_KNOTS('',2,(#9520,#9521,#9522),
  .UNSPECIFIED.,.F.,.F.,(3,3),(4.712388980385,6.28318530718),
  .PIECEWISE_BEZIER_KNOTS.);
#9520 = CARTESIAN_POINT('',(4.712388980385,-4.E-03));
#9521 = CARTESIAN_POINT('',(5.497787143782,-4.E-03));
#9522 = CARTESIAN_POINT('',(6.28318530718,-4.E-03));
#9523 = ( GEOMETRIC_REPRESENTATION_CONTEXT(2) 
PARAMETRIC_REPRESENTATION_CONTEXT() REPRESENTATION_CONTEXT('2D SPACE',''
  ) );
#9524 = PCURVE('',#9357,#9525);
#9525 = DEFINITIONAL_REPRESENTATION('',(#9526),#9530);
#9526 = ( BOUNDED_CURVE() B_SPLINE_CURVE(2,(#9527,#9528,#9529),
.UNSPECIFIED.,.F.,.F.) B_SPLINE_CURVE_WITH_KNOTS((3,3),(4.712388980385,
6.28318530718),.PIECEWISE_BEZIER_KNOTS.) CURVE() 
GEOMETRIC_REPRESENTATION_ITEM() RATIONAL_B_SPLINE_CURVE((1.,
0.707106781187,1.)) REPRESENTATION_ITEM('') );
#9527 = CARTESIAN_POINT('',(5.4E-03,-4.3925E-02));
#9528 = CARTESIAN_POINT('',(4.9325E-02,-4.3925E-02));
#9529 = CARTESIAN_POINT('',(4.9325E-02,-9.659482928801E-18));
#9530 = ( GEOMETRIC_REPRESENTATION_CONTEXT(2) 
PARAMETRIC_REPRESENTATION_CONTEXT() REPRESENTATION_CONTEXT('2D SPACE',''
  ) );
#9531 = ORIENTED_EDGE('',*,*,#9532,.F.);
#9532 = EDGE_CURVE('',#9533,#9510,#9535,.T.);
#9533 = VERTEX_POINT('',#9534);
#9534 = CARTESIAN_POINT('',(49.325,0.,39.4));
#9535 = SURFACE_CURVE('',#9536,(#9539,#9546),.PCURVE_S1.);
#9536 = B_SPLINE_CURVE_WITH_KNOTS('',1,(#9537,#9538),.UNSPECIFIED.,.F.,
  .F.,(2,2),(0.,4.E-03),.PIECEWISE_BEZIER_KNOTS.);
#9537 = CARTESIAN_POINT('',(49.325,0.,39.4));
#9538 = CARTESIAN_POINT('',(49.325,0.,35.4));
#9539 = PCURVE('',#9382,#9540);
#9540 = DEFINITIONAL_REPRESENTATION('',(#9541),#9545);
#9541 = B_SPLINE_CURVE_WITH_KNOTS('',2,(#9542,#9543,#9544),
  .UNSPECIFIED.,.F.,.F.,(3,3),(0.,4.E-03),.PIECEWISE_BEZIER_KNOTS.);
#9542 = CARTESIAN_POINT('',(6.28318530718,0.));
#9543 = CARTESIAN_POINT('',(6.28318530718,-2.E-03));
#9544 = CARTESIAN_POINT('',(6.28318530718,-4.E-03));
#9545 = ( GEOMETRIC_REPRESENTATION_CONTEXT(2) 
PARAMETRIC_REPRESENTATION_CONTEXT() REPRESENTATION_CONTEXT('2D SPACE',''
  ) );
#9546 = PCURVE('',#9547,#9554);
#9547 = ( BOUNDED_SURFACE() B_SPLINE_SURFACE(2,1,(
    (#9548,#9549)
    ,(#9550,#9551)
    ,(#9552,#9553
)),.UNSPECIFIED.,.F.,.F.,.F.) B_SPLINE_SURFACE_WITH_KNOTS((3,3),(2,2),(
    0.,1.570796326795),(-4.E-03,0.),.PIECEWISE_BEZIER_KNOTS.) 
GEOMETRIC_REPRESENTATION_ITEM() RATIONAL_B_SPLINE_SURFACE((
    (1.,1.)
    ,(0.707106781187,0.707106781187)
,(1.,1.))) REPRESENTATION_ITEM('') SURFACE() );
#9548 = CARTESIAN_POINT('',(49.325,0.,35.4));
#9549 = CARTESIAN_POINT('',(49.325,0.,39.4));
#9550 = CARTESIAN_POINT('',(49.325,43.925,35.4));
#9551 = CARTESIAN_POINT('',(49.325,43.925,39.4));
#9552 = CARTESIAN_POINT('',(5.4,43.925,35.4));
#9553 = CARTESIAN_POINT('',(5.4,43.925,39.4));
#9554 = DEFINITIONAL_REPRESENTATION('',(#9555),#9559);
#9555 = B_SPLINE_CURVE_WITH_KNOTS('',2,(#9556,#9557,#9558),
  .UNSPECIFIED.,.F.,.F.,(3,3),(0.,4.E-03),.PIECEWISE_BEZIER_KNOTS.);
#9556 = CARTESIAN_POINT('',(0.,0.));
#9557 = CARTESIAN_POINT('',(0.,-2.E-03));
#9558 = CARTESIAN_POINT('',(0.,-4.E-03));
#9559 = ( GEOMETRIC_REPRESENTATION_CONTEXT(2) 
PARAMETRIC_REPRESENTATION_CONTEXT() REPRESENTATION_CONTEXT('2D SPACE',''
  ) );
#9560 = ORIENTED_EDGE('',*,*,#9561,.F.);
#9561 = EDGE_CURVE('',#9369,#9533,#9562,.T.);
#9562 = SURFACE_CURVE('',#9563,(#9567,#9574),.PCURVE_S1.);
#9563 = ( BOUNDED_CURVE() B_SPLINE_CURVE(2,(#9564,#9565,#9566),
.UNSPECIFIED.,.F.,.F.) B_SPLINE_CURVE_WITH_KNOTS((3,3),(4.712388980385,
6.28318530718),.PIECEWISE_BEZIER_KNOTS.) CURVE() 
GEOMETRIC_REPRESENTATION_ITEM() RATIONAL_B_SPLINE_CURVE((1.,
0.707106781187,1.)) REPRESENTATION_ITEM('') );
#9564 = CARTESIAN_POINT('',(5.4,-43.925,39.4));
#9565 = CARTESIAN_POINT('',(49.325,-43.925,39.4));
#9566 = CARTESIAN_POINT('',(49.325,-1.075852213051E-14,39.4));
#9567 = PCURVE('',#9382,#9568);
#9568 = DEFINITIONAL_REPRESENTATION('',(#9569),#9573);
#9569 = B_SPLINE_CURVE_WITH_KNOTS('',2,(#9570,#9571,#9572),
  .UNSPECIFIED.,.F.,.F.,(3,3),(4.712388980385,6.28318530718),
  .PIECEWISE_BEZIER_KNOTS.);
#9570 = CARTESIAN_POINT('',(4.712388980385,0.));
#9571 = CARTESIAN_POINT('',(5.497787143782,0.));
#9572 = CARTESIAN_POINT('',(6.28318530718,0.));
#9573 = ( GEOMETRIC_REPRESENTATION_CONTEXT(2) 
PARAMETRIC_REPRESENTATION_CONTEXT() REPRESENTATION_CONTEXT('2D SPACE',''
  ) );
#9574 = PCURVE('',#9408,#9575);
#9575 = DEFINITIONAL_REPRESENTATION('',(#9576),#9580);
#9576 = ( BOUNDED_CURVE() B_SPLINE_CURVE(2,(#9577,#9578,#9579),
.UNSPECIFIED.,.F.,.F.) B_SPLINE_CURVE_WITH_KNOTS((3,3),(4.712388980385,
6.28318530718),.PIECEWISE_BEZIER_KNOTS.) CURVE() 
GEOMETRIC_REPRESENTATION_ITEM() RATIONAL_B_SPLINE_CURVE((1.,
0.707106781187,1.)) REPRESENTATION_ITEM('') );
#9577 = CARTESIAN_POINT('',(5.4E-03,-4.3925E-02));
#9578 = CARTESIAN_POINT('',(4.9325E-02,-4.3925E-02));
#9579 = CARTESIAN_POINT('',(4.9325E-02,-9.659482928801E-18));
#9580 = ( GEOMETRIC_REPRESENTATION_CONTEXT(2) 
PARAMETRIC_REPRESENTATION_CONTEXT() REPRESENTATION_CONTEXT('2D SPACE',''
  ) );
#9581 = ADVANCED_FACE('',(#9582),#9439,.T.);
#9582 = FACE_BOUND('',#9583,.T.);
#9583 = EDGE_LOOP('',(#9584,#9607,#9625,#9626));
#9584 = ORIENTED_EDGE('',*,*,#9585,.T.);
#9585 = EDGE_CURVE('',#9586,#9588,#9590,.T.);
#9586 = VERTEX_POINT('',#9587);
#9587 = CARTESIAN_POINT('',(5.4,43.925,39.4));
#9588 = VERTEX_POINT('',#9589);
#9589 = CARTESIAN_POINT('',(5.4,43.925,35.4));
#9590 = SURFACE_CURVE('',#9591,(#9594,#9600),.PCURVE_S1.);
#9591 = B_SPLINE_CURVE_WITH_KNOTS('',1,(#9592,#9593),.UNSPECIFIED.,.F.,
  .F.,(2,2),(0.,4.E-03),.PIECEWISE_BEZIER_KNOTS.);
#9592 = CARTESIAN_POINT('',(5.4,43.925,39.4));
#9593 = CARTESIAN_POINT('',(5.4,43.925,35.4));
#9594 = PCURVE('',#9439,#9595);
#9595 = DEFINITIONAL_REPRESENTATION('',(#9596),#9599);
#9596 = B_SPLINE_CURVE_WITH_KNOTS('',1,(#9597,#9598),.UNSPECIFIED.,.F.,
  .F.,(2,2),(0.,4.E-03),.PIECEWISE_BEZIER_KNOTS.);
#9597 = CARTESIAN_POINT('',(0.,0.));
#9598 = CARTESIAN_POINT('',(0.,-4.E-03));
#9599 = ( GEOMETRIC_REPRESENTATION_CONTEXT(2) 
PARAMETRIC_REPRESENTATION_CONTEXT() REPRESENTATION_CONTEXT('2D SPACE',''
  ) );
#9600 = PCURVE('',#9547,#9601);
#9601 = DEFINITIONAL_REPRESENTATION('',(#9602),#9606);
#9602 = B_SPLINE_CURVE_WITH_KNOTS('',2,(#9603,#9604,#9605),
  .UNSPECIFIED.,.F.,.F.,(3,3),(0.,4.E-03),.PIECEWISE_BEZIER_KNOTS.);
#9603 = CARTESIAN_POINT('',(1.570796326795,0.));
#9604 = CARTESIAN_POINT('',(1.570796326795,-2.E-03));
#9605 = CARTESIAN_POINT('',(1.570796326795,-4.E-03));
#9606 = ( GEOMETRIC_REPRESENTATION_CONTEXT(2) 
PARAMETRIC_REPRESENTATION_CONTEXT() REPRESENTATION_CONTEXT('2D SPACE',''
  ) );
#9607 = ORIENTED_EDGE('',*,*,#9608,.T.);
#9608 = EDGE_CURVE('',#9588,#9425,#9609,.T.);
#9609 = SURFACE_CURVE('',#9610,(#9613,#9619),.PCURVE_S1.);
#9610 = B_SPLINE_CURVE_WITH_KNOTS('',1,(#9611,#9612),.UNSPECIFIED.,.F.,
  .F.,(2,2),(0.,1.08E-02),.PIECEWISE_BEZIER_KNOTS.);
#9611 = CARTESIAN_POINT('',(5.4,43.925,35.4));
#9612 = CARTESIAN_POINT('',(-5.4,43.925,35.4));
#9613 = PCURVE('',#9439,#9614);
#9614 = DEFINITIONAL_REPRESENTATION('',(#9615),#9618);
#9615 = B_SPLINE_CURVE_WITH_KNOTS('',1,(#9616,#9617),.UNSPECIFIED.,.F.,
  .F.,(2,2),(0.,1.08E-02),.PIECEWISE_BEZIER_KNOTS.);
#9616 = CARTESIAN_POINT('',(0.,-4.E-03));
#9617 = CARTESIAN_POINT('',(1.08E-02,-4.E-03));
#9618 = ( GEOMETRIC_REPRESENTATION_CONTEXT(2) 
PARAMETRIC_REPRESENTATION_CONTEXT() REPRESENTATION_CONTEXT('2D SPACE',''
  ) );
#9619 = PCURVE('',#9357,#9620);
#9620 = DEFINITIONAL_REPRESENTATION('',(#9621),#9624);
#9621 = B_SPLINE_CURVE_WITH_KNOTS('',1,(#9622,#9623),.UNSPECIFIED.,.F.,
  .F.,(2,2),(0.,1.08E-02),.PIECEWISE_BEZIER_KNOTS.);
#9622 = CARTESIAN_POINT('',(5.4E-03,4.3925E-02));
#9623 = CARTESIAN_POINT('',(-5.4E-03,4.3925E-02));
#9624 = ( GEOMETRIC_REPRESENTATION_CONTEXT(2) 
PARAMETRIC_REPRESENTATION_CONTEXT() REPRESENTATION_CONTEXT('2D SPACE',''
  ) );
#9625 = ORIENTED_EDGE('',*,*,#9422,.F.);
#9626 = ORIENTED_EDGE('',*,*,#9627,.F.);
#9627 = EDGE_CURVE('',#9586,#9423,#9628,.T.);
#9628 = SURFACE_CURVE('',#9629,(#9632,#9638),.PCURVE_S1.);
#9629 = B_SPLINE_CURVE_WITH_KNOTS('',1,(#9630,#9631),.UNSPECIFIED.,.F.,
  .F.,(2,2),(0.,1.08E-02),.PIECEWISE_BEZIER_KNOTS.);
#9630 = CARTESIAN_POINT('',(5.4,43.925,39.4));
#9631 = CARTESIAN_POINT('',(-5.4,43.925,39.4));
#9632 = PCURVE('',#9439,#9633);
#9633 = DEFINITIONAL_REPRESENTATION('',(#9634),#9637);
#9634 = B_SPLINE_CURVE_WITH_KNOTS('',1,(#9635,#9636),.UNSPECIFIED.,.F.,
  .F.,(2,2),(0.,1.08E-02),.PIECEWISE_BEZIER_KNOTS.);
#9635 = CARTESIAN_POINT('',(0.,0.));
#9636 = CARTESIAN_POINT('',(1.08E-02,0.));
#9637 = ( GEOMETRIC_REPRESENTATION_CONTEXT(2) 
PARAMETRIC_REPRESENTATION_CONTEXT() REPRESENTATION_CONTEXT('2D SPACE',''
  ) );
#9638 = PCURVE('',#9408,#9639);
#9639 = DEFINITIONAL_REPRESENTATION('',(#9640),#9643);
#9640 = B_SPLINE_CURVE_WITH_KNOTS('',1,(#9641,#9642),.UNSPECIFIED.,.F.,
  .F.,(2,2),(0.,1.08E-02),.PIECEWISE_BEZIER_KNOTS.);
#9641 = CARTESIAN_POINT('',(5.4E-03,4.3925E-02));
#9642 = CARTESIAN_POINT('',(-5.4E-03,4.3925E-02));
#9643 = ( GEOMETRIC_REPRESENTATION_CONTEXT(2) 
PARAMETRIC_REPRESENTATION_CONTEXT() REPRESENTATION_CONTEXT('2D SPACE',''
  ) );
#9644 = ADVANCED_FACE('',(#9645),#9547,.T.);
#9645 = FACE_BOUND('',#9646,.T.);
#9646 = EDGE_LOOP('',(#9647,#9648,#9669,#9670));
#9647 = ORIENTED_EDGE('',*,*,#9532,.T.);
#9648 = ORIENTED_EDGE('',*,*,#9649,.T.);
#9649 = EDGE_CURVE('',#9510,#9588,#9650,.T.);
#9650 = SURFACE_CURVE('',#9651,(#9655,#9662),.PCURVE_S1.);
#9651 = ( BOUNDED_CURVE() B_SPLINE_CURVE(2,(#9652,#9653,#9654),
.UNSPECIFIED.,.F.,.F.) B_SPLINE_CURVE_WITH_KNOTS((3,3),(0.,
1.570796326795),.PIECEWISE_BEZIER_KNOTS.) CURVE() 
GEOMETRIC_REPRESENTATION_ITEM() RATIONAL_B_SPLINE_CURVE((1.,
0.707106781187,1.)) REPRESENTATION_ITEM('') );
#9652 = CARTESIAN_POINT('',(49.325,0.,35.4));
#9653 = CARTESIAN_POINT('',(49.325,43.925,35.4));
#9654 = CARTESIAN_POINT('',(5.4,43.925,35.4));
#9655 = PCURVE('',#9547,#9656);
#9656 = DEFINITIONAL_REPRESENTATION('',(#9657),#9661);
#9657 = B_SPLINE_CURVE_WITH_KNOTS('',2,(#9658,#9659,#9660),
  .UNSPECIFIED.,.F.,.F.,(3,3),(0.,1.570796326795),
  .PIECEWISE_BEZIER_KNOTS.);
#9658 = CARTESIAN_POINT('',(0.,-4.E-03));
#9659 = CARTESIAN_POINT('',(0.785398163397,-4.E-03));
#9660 = CARTESIAN_POINT('',(1.570796326795,-4.E-03));
#9661 = ( GEOMETRIC_REPRESENTATION_CONTEXT(2) 
PARAMETRIC_REPRESENTATION_CONTEXT() REPRESENTATION_CONTEXT('2D SPACE',''
  ) );
#9662 = PCURVE('',#9357,#9663);
#9663 = DEFINITIONAL_REPRESENTATION('',(#9664),#9668);
#9664 = ( BOUNDED_CURVE() B_SPLINE_CURVE(2,(#9665,#9666,#9667),
.UNSPECIFIED.,.F.,.F.) B_SPLINE_CURVE_WITH_KNOTS((3,3),(0.,
1.570796326795),.PIECEWISE_BEZIER_KNOTS.) CURVE() 
GEOMETRIC_REPRESENTATION_ITEM() RATIONAL_B_SPLINE_CURVE((1.,
0.707106781187,1.)) REPRESENTATION_ITEM('') );
#9665 = CARTESIAN_POINT('',(4.9325E-02,1.099039201709E-18));
#9666 = CARTESIAN_POINT('',(4.9325E-02,4.3925E-02));
#9667 = CARTESIAN_POINT('',(5.4E-03,4.3925E-02));
#9668 = ( GEOMETRIC_REPRESENTATION_CONTEXT(2) 
PARAMETRIC_REPRESENTATION_CONTEXT() REPRESENTATION_CONTEXT('2D SPACE',''
  ) );
#9669 = ORIENTED_EDGE('',*,*,#9585,.F.);
#9670 = ORIENTED_EDGE('',*,*,#9671,.F.);
#9671 = EDGE_CURVE('',#9533,#9586,#9672,.T.);
#9672 = SURFACE_CURVE('',#9673,(#9677,#9684),.PCURVE_S1.);
#9673 = ( BOUNDED_CURVE() B_SPLINE_CURVE(2,(#9674,#9675,#9676),
.UNSPECIFIED.,.F.,.F.) B_SPLINE_CURVE_WITH_KNOTS((3,3),(0.,
1.570796326795),.PIECEWISE_BEZIER_KNOTS.) CURVE() 
GEOMETRIC_REPRESENTATION_ITEM() RATIONAL_B_SPLINE_CURVE((1.,
0.707106781187,1.)) REPRESENTATION_ITEM('') );
#9674 = CARTESIAN_POINT('',(49.325,0.,39.4));
#9675 = CARTESIAN_POINT('',(49.325,43.925,39.4));
#9676 = CARTESIAN_POINT('',(5.4,43.925,39.4));
#9677 = PCURVE('',#9547,#9678);
#9678 = DEFINITIONAL_REPRESENTATION('',(#9679),#9683);
#9679 = B_SPLINE_CURVE_WITH_KNOTS('',2,(#9680,#9681,#9682),
  .UNSPECIFIED.,.F.,.F.,(3,3),(0.,1.570796326795),
  .PIECEWISE_BEZIER_KNOTS.);
#9680 = CARTESIAN_POINT('',(0.,0.));
#9681 = CARTESIAN_POINT('',(0.785398163397,0.));
#9682 = CARTESIAN_POINT('',(1.570796326795,0.));
#9683 = ( GEOMETRIC_REPRESENTATION_CONTEXT(2) 
PARAMETRIC_REPRESENTATION_CONTEXT() REPRESENTATION_CONTEXT('2D SPACE',''
  ) );
#9684 = PCURVE('',#9408,#9685);
#9685 = DEFINITIONAL_REPRESENTATION('',(#9686),#9690);
#9686 = ( BOUNDED_CURVE() B_SPLINE_CURVE(2,(#9687,#9688,#9689),
.UNSPECIFIED.,.F.,.F.) B_SPLINE_CURVE_WITH_KNOTS((3,3),(0.,
1.570796326795),.PIECEWISE_BEZIER_KNOTS.) CURVE() 
GEOMETRIC_REPRESENTATION_ITEM() RATIONAL_B_SPLINE_CURVE((1.,
0.707106781187,1.)) REPRESENTATION_ITEM('') );
#9687 = CARTESIAN_POINT('',(4.9325E-02,1.099039201709E-18));
#9688 = CARTESIAN_POINT('',(4.9325E-02,4.3925E-02));
#9689 = CARTESIAN_POINT('',(5.4E-03,4.3925E-02));
#9690 = ( GEOMETRIC_REPRESENTATION_CONTEXT(2) 
PARAMETRIC_REPRESENTATION_CONTEXT() REPRESENTATION_CONTEXT('2D SPACE',''
  ) );
#9691 = ADVANCED_FACE('',(#9692),#9705,.F.);
#9692 = FACE_BOUND('',#9693,.F.);
#9693 = EDGE_LOOP('',(#9694,#9733,#9753,#9781));
#9694 = ORIENTED_EDGE('',*,*,#9695,.T.);
#9695 = EDGE_CURVE('',#9696,#9698,#9700,.T.);
#9696 = VERTEX_POINT('',#9697);
#9697 = CARTESIAN_POINT('',(-5.4,-43.7,39.4));
#9698 = VERTEX_POINT('',#9699);
#9699 = CARTESIAN_POINT('',(-5.4,-43.7,35.4));
#9700 = SURFACE_CURVE('',#9701,(#9704,#9715),.PCURVE_S1.);
#9701 = B_SPLINE_CURVE_WITH_KNOTS('',1,(#9702,#9703),.UNSPECIFIED.,.F.,
  .F.,(2,2),(0.,4.E-03),.PIECEWISE_BEZIER_KNOTS.);
#9702 = CARTESIAN_POINT('',(-5.4,-43.7,39.4));
#9703 = CARTESIAN_POINT('',(-5.4,-43.7,35.4));
#9704 = PCURVE('',#9705,#9710);
#9705 = B_SPLINE_SURFACE_WITH_KNOTS('',1,1,(
    (#9706,#9707)
    ,(#9708,#9709
  )),.UNSPECIFIED.,.F.,.F.,.F.,(2,2),(2,2),(0.,1.08E-02),(-4.E-03,0.),
  .PIECEWISE_BEZIER_KNOTS.);
#9706 = CARTESIAN_POINT('',(-5.4,-43.7,35.4));
#9707 = CARTESIAN_POINT('',(-5.4,-43.7,39.4));
#9708 = CARTESIAN_POINT('',(5.4,-43.7,35.4));
#9709 = CARTESIAN_POINT('',(5.4,-43.7,39.4));
#9710 = DEFINITIONAL_REPRESENTATION('',(#9711),#9714);
#9711 = B_SPLINE_CURVE_WITH_KNOTS('',1,(#9712,#9713),.UNSPECIFIED.,.F.,
  .F.,(2,2),(0.,4.E-03),.PIECEWISE_BEZIER_KNOTS.);
#9712 = CARTESIAN_POINT('',(0.,0.));
#9713 = CARTESIAN_POINT('',(0.,-4.E-03));
#9714 = ( GEOMETRIC_REPRESENTATION_CONTEXT(2) 
PARAMETRIC_REPRESENTATION_CONTEXT() REPRESENTATION_CONTEXT('2D SPACE',''
  ) );
#9715 = PCURVE('',#9716,#9727);
#9716 = ( BOUNDED_SURFACE() B_SPLINE_SURFACE(2,1,(
    (#9717,#9718)
    ,(#9719,#9720)
    ,(#9721,#9722)
    ,(#9723,#9724)
    ,(#9725,#9726
)),.UNSPECIFIED.,.F.,.F.,.F.) B_SPLINE_SURFACE_WITH_KNOTS((3,2,3),(2,2),
  (1.570796326795,3.14159265359,4.712388980385),(-4.E-03,0.),
.PIECEWISE_BEZIER_KNOTS.) GEOMETRIC_REPRESENTATION_ITEM() 
RATIONAL_B_SPLINE_SURFACE((
    (1.,1.)
    ,(0.707106781187,0.707106781187)
    ,(1.,1.)
    ,(0.707106781187,0.707106781187)
,(1.,1.))) REPRESENTATION_ITEM('') SURFACE() );
#9717 = CARTESIAN_POINT('',(-5.4,43.7,35.4));
#9718 = CARTESIAN_POINT('',(-5.4,43.7,39.4));
#9719 = CARTESIAN_POINT('',(-49.1,43.7,35.4));
#9720 = CARTESIAN_POINT('',(-49.1,43.7,39.4));
#9721 = CARTESIAN_POINT('',(-49.1,5.351706512274E-15,35.4));
#9722 = CARTESIAN_POINT('',(-49.1,5.351706512274E-15,39.4));
#9723 = CARTESIAN_POINT('',(-49.1,-43.7,35.4));
#9724 = CARTESIAN_POINT('',(-49.1,-43.7,39.4));
#9725 = CARTESIAN_POINT('',(-5.4,-43.7,35.4));
#9726 = CARTESIAN_POINT('',(-5.4,-43.7,39.4));
#9727 = DEFINITIONAL_REPRESENTATION('',(#9728),#9732);
#9728 = B_SPLINE_CURVE_WITH_KNOTS('',2,(#9729,#9730,#9731),
  .UNSPECIFIED.,.F.,.F.,(3,3),(0.,4.E-03),.PIECEWISE_BEZIER_KNOTS.);
#9729 = CARTESIAN_POINT('',(4.712388980385,0.));
#9730 = CARTESIAN_POINT('',(4.712388980385,-2.E-03));
#9731 = CARTESIAN_POINT('',(4.712388980385,-4.E-03));
#9732 = ( GEOMETRIC_REPRESENTATION_CONTEXT(2) 
PARAMETRIC_REPRESENTATION_CONTEXT() REPRESENTATION_CONTEXT('2D SPACE',''
  ) );
#9733 = ORIENTED_EDGE('',*,*,#9734,.T.);
#9734 = EDGE_CURVE('',#9698,#9735,#9737,.T.);
#9735 = VERTEX_POINT('',#9736);
#9736 = CARTESIAN_POINT('',(5.4,-43.7,35.4));
#9737 = SURFACE_CURVE('',#9738,(#9741,#9747),.PCURVE_S1.);
#9738 = B_SPLINE_CURVE_WITH_KNOTS('',1,(#9739,#9740),.UNSPECIFIED.,.F.,
  .F.,(2,2),(0.,1.08E-02),.PIECEWISE_BEZIER_KNOTS.);
#9739 = CARTESIAN_POINT('',(-5.4,-43.7,35.4));
#9740 = CARTESIAN_POINT('',(5.4,-43.7,35.4));
#9741 = PCURVE('',#9705,#9742);
#9742 = DEFINITIONAL_REPRESENTATION('',(#9743),#9746);
#9743 = B_SPLINE_CURVE_WITH_KNOTS('',1,(#9744,#9745),.UNSPECIFIED.,.F.,
  .F.,(2,2),(0.,1.08E-02),.PIECEWISE_BEZIER_KNOTS.);
#9744 = CARTESIAN_POINT('',(0.,-4.E-03));
#9745 = CARTESIAN_POINT('',(1.08E-02,-4.E-03));
#9746 = ( GEOMETRIC_REPRESENTATION_CONTEXT(2) 
PARAMETRIC_REPRESENTATION_CONTEXT() REPRESENTATION_CONTEXT('2D SPACE',''
  ) );
#9747 = PCURVE('',#9357,#9748);
#9748 = DEFINITIONAL_REPRESENTATION('',(#9749),#9752);
#9749 = B_SPLINE_CURVE_WITH_KNOTS('',1,(#9750,#9751),.UNSPECIFIED.,.F.,
  .F.,(2,2),(0.,1.08E-02),.PIECEWISE_BEZIER_KNOTS.);
#9750 = CARTESIAN_POINT('',(-5.4E-03,-4.37E-02));
#9751 = CARTESIAN_POINT('',(5.4E-03,-4.37E-02));
#9752 = ( GEOMETRIC_REPRESENTATION_CONTEXT(2) 
PARAMETRIC_REPRESENTATION_CONTEXT() REPRESENTATION_CONTEXT('2D SPACE',''
  ) );
#9753 = ORIENTED_EDGE('',*,*,#9754,.F.);
#9754 = EDGE_CURVE('',#9755,#9735,#9757,.T.);
#9755 = VERTEX_POINT('',#9756);
#9756 = CARTESIAN_POINT('',(5.4,-43.7,39.4));
#9757 = SURFACE_CURVE('',#9758,(#9761,#9767),.PCURVE_S1.);
#9758 = B_SPLINE_CURVE_WITH_KNOTS('',1,(#9759,#9760),.UNSPECIFIED.,.F.,
  .F.,(2,2),(0.,4.E-03),.PIECEWISE_BEZIER_KNOTS.);
#9759 = CARTESIAN_POINT('',(5.4,-43.7,39.4));
#9760 = CARTESIAN_POINT('',(5.4,-43.7,35.4));
#9761 = PCURVE('',#9705,#9762);
#9762 = DEFINITIONAL_REPRESENTATION('',(#9763),#9766);
#9763 = B_SPLINE_CURVE_WITH_KNOTS('',1,(#9764,#9765),.UNSPECIFIED.,.F.,
  .F.,(2,2),(0.,4.E-03),.PIECEWISE_BEZIER_KNOTS.);
#9764 = CARTESIAN_POINT('',(1.08E-02,0.));
#9765 = CARTESIAN_POINT('',(1.08E-02,-4.E-03));
#9766 = ( GEOMETRIC_REPRESENTATION_CONTEXT(2) 
PARAMETRIC_REPRESENTATION_CONTEXT() REPRESENTATION_CONTEXT('2D SPACE',''
  ) );
#9767 = PCURVE('',#9768,#9775);
#9768 = ( BOUNDED_SURFACE() B_SPLINE_SURFACE(2,1,(
    (#9769,#9770)
    ,(#9771,#9772)
    ,(#9773,#9774
)),.UNSPECIFIED.,.F.,.F.,.F.) B_SPLINE_SURFACE_WITH_KNOTS((3,3),(2,2),(
    4.712388980385,6.28318530718),(-4.E-03,0.),
.PIECEWISE_BEZIER_KNOTS.) GEOMETRIC_REPRESENTATION_ITEM() 
RATIONAL_B_SPLINE_SURFACE((
    (1.,1.)
    ,(0.707106781187,0.707106781187)
,(1.,1.))) REPRESENTATION_ITEM('') SURFACE() );
#9769 = CARTESIAN_POINT('',(5.4,-43.7,35.4));
#9770 = CARTESIAN_POINT('',(5.4,-43.7,39.4));
#9771 = CARTESIAN_POINT('',(49.1,-43.7,35.4));
#9772 = CARTESIAN_POINT('',(49.1,-43.7,39.4));
#9773 = CARTESIAN_POINT('',(49.1,-1.070341302455E-14,35.4));
#9774 = CARTESIAN_POINT('',(49.1,-1.070341302455E-14,39.4));
#9775 = DEFINITIONAL_REPRESENTATION('',(#9776),#9780);
#9776 = B_SPLINE_CURVE_WITH_KNOTS('',2,(#9777,#9778,#9779),
  .UNSPECIFIED.,.F.,.F.,(3,3),(0.,4.E-03),.PIECEWISE_BEZIER_KNOTS.);
#9777 = CARTESIAN_POINT('',(4.712388980385,0.));
#9778 = CARTESIAN_POINT('',(4.712388980385,-2.E-03));
#9779 = CARTESIAN_POINT('',(4.712388980385,-4.E-03));
#9780 = ( GEOMETRIC_REPRESENTATION_CONTEXT(2) 
PARAMETRIC_REPRESENTATION_CONTEXT() REPRESENTATION_CONTEXT('2D SPACE',''
  ) );
#9781 = ORIENTED_EDGE('',*,*,#9782,.F.);
#9782 = EDGE_CURVE('',#9696,#9755,#9783,.T.);
#9783 = SURFACE_CURVE('',#9784,(#9787,#9793),.PCURVE_S1.);
#9784 = B_SPLINE_CURVE_WITH_KNOTS('',1,(#9785,#9786),.UNSPECIFIED.,.F.,
  .F.,(2,2),(0.,1.08E-02),.PIECEWISE_BEZIER_KNOTS.);
#9785 = CARTESIAN_POINT('',(-5.4,-43.7,39.4));
#9786 = CARTESIAN_POINT('',(5.4,-43.7,39.4));
#9787 = PCURVE('',#9705,#9788);
#9788 = DEFINITIONAL_REPRESENTATION('',(#9789),#9792);
#9789 = B_SPLINE_CURVE_WITH_KNOTS('',1,(#9790,#9791),.UNSPECIFIED.,.F.,
  .F.,(2,2),(0.,1.08E-02),.PIECEWISE_BEZIER_KNOTS.);
#9790 = CARTESIAN_POINT('',(0.,0.));
#9791 = CARTESIAN_POINT('',(1.08E-02,0.));
#9792 = ( GEOMETRIC_REPRESENTATION_CONTEXT(2) 
PARAMETRIC_REPRESENTATION_CONTEXT() REPRESENTATION_CONTEXT('2D SPACE',''
  ) );
#9793 = PCURVE('',#9408,#9794);
#9794 = DEFINITIONAL_REPRESENTATION('',(#9795),#9798);
#9795 = B_SPLINE_CURVE_WITH_KNOTS('',1,(#9796,#9797),.UNSPECIFIED.,.F.,
  .F.,(2,2),(0.,1.08E-02),.PIECEWISE_BEZIER_KNOTS.);
#9796 = CARTESIAN_POINT('',(-5.4E-03,-4.37E-02));
#9797 = CARTESIAN_POINT('',(5.4E-03,-4.37E-02));
#9798 = ( GEOMETRIC_REPRESENTATION_CONTEXT(2) 
PARAMETRIC_REPRESENTATION_CONTEXT() REPRESENTATION_CONTEXT('2D SPACE',''
  ) );
#9799 = ADVANCED_FACE('',(#9800),#9768,.F.);
#9800 = FACE_BOUND('',#9801,.F.);
#9801 = EDGE_LOOP('',(#9802,#9803,#9826,#9855));
#9802 = ORIENTED_EDGE('',*,*,#9754,.T.);
#9803 = ORIENTED_EDGE('',*,*,#9804,.T.);
#9804 = EDGE_CURVE('',#9735,#9805,#9807,.T.);
#9805 = VERTEX_POINT('',#9806);
#9806 = CARTESIAN_POINT('',(49.1,0.,35.4));
#9807 = SURFACE_CURVE('',#9808,(#9812,#9819),.PCURVE_S1.);
#9808 = ( BOUNDED_CURVE() B_SPLINE_CURVE(2,(#9809,#9810,#9811),
.UNSPECIFIED.,.F.,.F.) B_SPLINE_CURVE_WITH_KNOTS((3,3),(4.712388980385,
6.28318530718),.PIECEWISE_BEZIER_KNOTS.) CURVE() 
GEOMETRIC_REPRESENTATION_ITEM() RATIONAL_B_SPLINE_CURVE((1.,
0.707106781187,1.)) REPRESENTATION_ITEM('') );
#9809 = CARTESIAN_POINT('',(5.4,-43.7,35.4));
#9810 = CARTESIAN_POINT('',(49.1,-43.7,35.4));
#9811 = CARTESIAN_POINT('',(49.1,-1.070341302455E-14,35.4));
#9812 = PCURVE('',#9768,#9813);
#9813 = DEFINITIONAL_REPRESENTATION('',(#9814),#9818);
#9814 = B_SPLINE_CURVE_WITH_KNOTS('',2,(#9815,#9816,#9817),
  .UNSPECIFIED.,.F.,.F.,(3,3),(4.712388980385,6.28318530718),
  .PIECEWISE_BEZIER_KNOTS.);
#9815 = CARTESIAN_POINT('',(4.712388980385,-4.E-03));
#9816 = CARTESIAN_POINT('',(5.497787143782,-4.E-03));
#9817 = CARTESIAN_POINT('',(6.28318530718,-4.E-03));
#9818 = ( GEOMETRIC_REPRESENTATION_CONTEXT(2) 
PARAMETRIC_REPRESENTATION_CONTEXT() REPRESENTATION_CONTEXT('2D SPACE',''
  ) );
#9819 = PCURVE('',#9357,#9820);
#9820 = DEFINITIONAL_REPRESENTATION('',(#9821),#9825);
#9821 = ( BOUNDED_CURVE() B_SPLINE_CURVE(2,(#9822,#9823,#9824),
.UNSPECIFIED.,.F.,.F.) B_SPLINE_CURVE_WITH_KNOTS((3,3),(4.712388980385,
6.28318530718),.PIECEWISE_BEZIER_KNOTS.) CURVE() 
GEOMETRIC_REPRESENTATION_ITEM() RATIONAL_B_SPLINE_CURVE((1.,
0.707106781187,1.)) REPRESENTATION_ITEM('') );
#9822 = CARTESIAN_POINT('',(5.4E-03,-4.37E-02));
#9823 = CARTESIAN_POINT('',(4.91E-02,-4.37E-02));
#9824 = CARTESIAN_POINT('',(4.91E-02,-9.604373822839E-18));
#9825 = ( GEOMETRIC_REPRESENTATION_CONTEXT(2) 
PARAMETRIC_REPRESENTATION_CONTEXT() REPRESENTATION_CONTEXT('2D SPACE',''
  ) );
#9826 = ORIENTED_EDGE('',*,*,#9827,.F.);
#9827 = EDGE_CURVE('',#9828,#9805,#9830,.T.);
#9828 = VERTEX_POINT('',#9829);
#9829 = CARTESIAN_POINT('',(49.1,0.,39.4));
#9830 = SURFACE_CURVE('',#9831,(#9834,#9841),.PCURVE_S1.);
#9831 = B_SPLINE_CURVE_WITH_KNOTS('',1,(#9832,#9833),.UNSPECIFIED.,.F.,
  .F.,(2,2),(0.,4.E-03),.PIECEWISE_BEZIER_KNOTS.);
#9832 = CARTESIAN_POINT('',(49.1,0.,39.4));
#9833 = CARTESIAN_POINT('',(49.1,0.,35.4));
#9834 = PCURVE('',#9768,#9835);
#9835 = DEFINITIONAL_REPRESENTATION('',(#9836),#9840);
#9836 = B_SPLINE_CURVE_WITH_KNOTS('',2,(#9837,#9838,#9839),
  .UNSPECIFIED.,.F.,.F.,(3,3),(0.,4.E-03),.PIECEWISE_BEZIER_KNOTS.);
#9837 = CARTESIAN_POINT('',(6.28318530718,0.));
#9838 = CARTESIAN_POINT('',(6.28318530718,-2.E-03));
#9839 = CARTESIAN_POINT('',(6.28318530718,-4.E-03));
#9840 = ( GEOMETRIC_REPRESENTATION_CONTEXT(2) 
PARAMETRIC_REPRESENTATION_CONTEXT() REPRESENTATION_CONTEXT('2D SPACE',''
  ) );
#9841 = PCURVE('',#9842,#9849);
#9842 = ( BOUNDED_SURFACE() B_SPLINE_SURFACE(2,1,(
    (#9843,#9844)
    ,(#9845,#9846)
    ,(#9847,#9848
)),.UNSPECIFIED.,.F.,.F.,.F.) B_SPLINE_SURFACE_WITH_KNOTS((3,3),(2,2),(
    0.,1.570796326795),(-4.E-03,0.),.PIECEWISE_BEZIER_KNOTS.) 
GEOMETRIC_REPRESENTATION_ITEM() RATIONAL_B_SPLINE_SURFACE((
    (1.,1.)
    ,(0.707106781187,0.707106781187)
,(1.,1.))) REPRESENTATION_ITEM('') SURFACE() );
#9843 = CARTESIAN_POINT('',(49.1,0.,35.4));
#9844 = CARTESIAN_POINT('',(49.1,0.,39.4));
#9845 = CARTESIAN_POINT('',(49.1,43.7,35.4));
#9846 = CARTESIAN_POINT('',(49.1,43.7,39.4));
#9847 = CARTESIAN_POINT('',(5.4,43.7,35.4));
#9848 = CARTESIAN_POINT('',(5.4,43.7,39.4));
#9849 = DEFINITIONAL_REPRESENTATION('',(#9850),#9854);
#9850 = B_SPLINE_CURVE_WITH_KNOTS('',2,(#9851,#9852,#9853),
  .UNSPECIFIED.,.F.,.F.,(3,3),(0.,4.E-03),.PIECEWISE_BEZIER_KNOTS.);
#9851 = CARTESIAN_POINT('',(0.,0.));
#9852 = CARTESIAN_POINT('',(0.,-2.E-03));
#9853 = CARTESIAN_POINT('',(0.,-4.E-03));
#9854 = ( GEOMETRIC_REPRESENTATION_CONTEXT(2) 
PARAMETRIC_REPRESENTATION_CONTEXT() REPRESENTATION_CONTEXT('2D SPACE',''
  ) );
#9855 = ORIENTED_EDGE('',*,*,#9856,.F.);
#9856 = EDGE_CURVE('',#9755,#9828,#9857,.T.);
#9857 = SURFACE_CURVE('',#9858,(#9862,#9869),.PCURVE_S1.);
#9858 = ( BOUNDED_CURVE() B_SPLINE_CURVE(2,(#9859,#9860,#9861),
.UNSPECIFIED.,.F.,.F.) B_SPLINE_CURVE_WITH_KNOTS((3,3),(4.712388980385,
6.28318530718),.PIECEWISE_BEZIER_KNOTS.) CURVE() 
GEOMETRIC_REPRESENTATION_ITEM() RATIONAL_B_SPLINE_CURVE((1.,
0.707106781187,1.)) REPRESENTATION_ITEM('') );
#9859 = CARTESIAN_POINT('',(5.4,-43.7,39.4));
#9860 = CARTESIAN_POINT('',(49.1,-43.7,39.4));
#9861 = CARTESIAN_POINT('',(49.1,-1.070341302455E-14,39.4));
#9862 = PCURVE('',#9768,#9863);
#9863 = DEFINITIONAL_REPRESENTATION('',(#9864),#9868);
#9864 = B_SPLINE_CURVE_WITH_KNOTS('',2,(#9865,#9866,#9867),
  .UNSPECIFIED.,.F.,.F.,(3,3),(4.712388980385,6.28318530718),
  .PIECEWISE_BEZIER_KNOTS.);
#9865 = CARTESIAN_POINT('',(4.712388980385,0.));
#9866 = CARTESIAN_POINT('',(5.497787143782,0.));
#9867 = CARTESIAN_POINT('',(6.28318530718,0.));
#9868 = ( GEOMETRIC_REPRESENTATION_CONTEXT(2) 
PARAMETRIC_REPRESENTATION_CONTEXT() REPRESENTATION_CONTEXT('2D SPACE',''
  ) );
#9869 = PCURVE('',#9408,#9870);
#9870 = DEFINITIONAL_REPRESENTATION('',(#9871),#9875);
#9871 = ( BOUNDED_CURVE() B_SPLINE_CURVE(2,(#9872,#9873,#9874),
.UNSPECIFIED.,.F.,.F.) B_SPLINE_CURVE_WITH_KNOTS((3,3),(4.712388980385,
6.28318530718),.PIECEWISE_BEZIER_KNOTS.) CURVE() 
GEOMETRIC_REPRESENTATION_ITEM() RATIONAL_B_SPLINE_CURVE((1.,
0.707106781187,1.)) REPRESENTATION_ITEM('') );
#9872 = CARTESIAN_POINT('',(5.4E-03,-4.37E-02));
#9873 = CARTESIAN_POINT('',(4.91E-02,-4.37E-02));
#9874 = CARTESIAN_POINT('',(4.91E-02,-9.604373822839E-18));
#9875 = ( GEOMETRIC_REPRESENTATION_CONTEXT(2) 
PARAMETRIC_REPRESENTATION_CONTEXT() REPRESENTATION_CONTEXT('2D SPACE',''
  ) );
#9876 = ADVANCED_FACE('',(#9877),#9842,.F.);
#9877 = FACE_BOUND('',#9878,.F.);
#9878 = EDGE_LOOP('',(#9879,#9880,#9903,#9929));
#9879 = ORIENTED_EDGE('',*,*,#9827,.T.);
#9880 = ORIENTED_EDGE('',*,*,#9881,.T.);
#9881 = EDGE_CURVE('',#9805,#9882,#9884,.T.);
#9882 = VERTEX_POINT('',#9883);
#9883 = CARTESIAN_POINT('',(5.4,43.7,35.4));
#9884 = SURFACE_CURVE('',#9885,(#9889,#9896),.PCURVE_S1.);
#9885 = ( BOUNDED_CURVE() B_SPLINE_CURVE(2,(#9886,#9887,#9888),
.UNSPECIFIED.,.F.,.F.) B_SPLINE_CURVE_WITH_KNOTS((3,3),(0.,
1.570796326795),.PIECEWISE_BEZIER_KNOTS.) CURVE() 
GEOMETRIC_REPRESENTATION_ITEM() RATIONAL_B_SPLINE_CURVE((1.,
0.707106781187,1.)) REPRESENTATION_ITEM('') );
#9886 = CARTESIAN_POINT('',(49.1,0.,35.4));
#9887 = CARTESIAN_POINT('',(49.1,43.7,35.4));
#9888 = CARTESIAN_POINT('',(5.4,43.7,35.4));
#9889 = PCURVE('',#9842,#9890);
#9890 = DEFINITIONAL_REPRESENTATION('',(#9891),#9895);
#9891 = B_SPLINE_CURVE_WITH_KNOTS('',2,(#9892,#9893,#9894),
  .UNSPECIFIED.,.F.,.F.,(3,3),(0.,1.570796326795),
  .PIECEWISE_BEZIER_KNOTS.);
#9892 = CARTESIAN_POINT('',(0.,-4.E-03));
#9893 = CARTESIAN_POINT('',(0.785398163397,-4.E-03));
#9894 = CARTESIAN_POINT('',(1.570796326795,-4.E-03));
#9895 = ( GEOMETRIC_REPRESENTATION_CONTEXT(2) 
PARAMETRIC_REPRESENTATION_CONTEXT() REPRESENTATION_CONTEXT('2D SPACE',''
  ) );
#9896 = PCURVE('',#9357,#9897);
#9897 = DEFINITIONAL_REPRESENTATION('',(#9898),#9902);
#9898 = ( BOUNDED_CURVE() B_SPLINE_CURVE(2,(#9899,#9900,#9901),
.UNSPECIFIED.,.F.,.F.) B_SPLINE_CURVE_WITH_KNOTS((3,3),(0.,
1.570796326795),.PIECEWISE_BEZIER_KNOTS.) CURVE() 
GEOMETRIC_REPRESENTATION_ITEM() RATIONAL_B_SPLINE_CURVE((1.,
0.707106781187,1.)) REPRESENTATION_ITEM('') );
#9899 = CARTESIAN_POINT('',(4.91E-02,1.099039201709E-18));
#9900 = CARTESIAN_POINT('',(4.91E-02,4.37E-02));
#9901 = CARTESIAN_POINT('',(5.4E-03,4.37E-02));
#9902 = ( GEOMETRIC_REPRESENTATION_CONTEXT(2) 
PARAMETRIC_REPRESENTATION_CONTEXT() REPRESENTATION_CONTEXT('2D SPACE',''
  ) );
#9903 = ORIENTED_EDGE('',*,*,#9904,.F.);
#9904 = EDGE_CURVE('',#9905,#9882,#9907,.T.);
#9905 = VERTEX_POINT('',#9906);
#9906 = CARTESIAN_POINT('',(5.4,43.7,39.4));
#9907 = SURFACE_CURVE('',#9908,(#9911,#9918),.PCURVE_S1.);
#9908 = B_SPLINE_CURVE_WITH_KNOTS('',1,(#9909,#9910),.UNSPECIFIED.,.F.,
  .F.,(2,2),(0.,4.E-03),.PIECEWISE_BEZIER_KNOTS.);
#9909 = CARTESIAN_POINT('',(5.4,43.7,39.4));
#9910 = CARTESIAN_POINT('',(5.4,43.7,35.4));
#9911 = PCURVE('',#9842,#9912);
#9912 = DEFINITIONAL_REPRESENTATION('',(#9913),#9917);
#9913 = B_SPLINE_CURVE_WITH_KNOTS('',2,(#9914,#9915,#9916),
  .UNSPECIFIED.,.F.,.F.,(3,3),(0.,4.E-03),.PIECEWISE_BEZIER_KNOTS.);
#9914 = CARTESIAN_POINT('',(1.570796326795,0.));
#9915 = CARTESIAN_POINT('',(1.570796326795,-2.E-03));
#9916 = CARTESIAN_POINT('',(1.570796326795,-4.E-03));
#9917 = ( GEOMETRIC_REPRESENTATION_CONTEXT(2) 
PARAMETRIC_REPRESENTATION_CONTEXT() REPRESENTATION_CONTEXT('2D SPACE',''
  ) );
#9918 = PCURVE('',#9919,#9924);
#9919 = B_SPLINE_SURFACE_WITH_KNOTS('',1,1,(
    (#9920,#9921)
    ,(#9922,#9923
  )),.UNSPECIFIED.,.F.,.F.,.F.,(2,2),(2,2),(0.,1.08E-02),(-4.E-03,0.),
  .PIECEWISE_BEZIER_KNOTS.);
#9920 = CARTESIAN_POINT('',(5.4,43.7,35.4));
#9921 = CARTESIAN_POINT('',(5.4,43.7,39.4));
#9922 = CARTESIAN_POINT('',(-5.4,43.7,35.4));
#9923 = CARTESIAN_POINT('',(-5.4,43.7,39.4));
#9924 = DEFINITIONAL_REPRESENTATION('',(#9925),#9928);
#9925 = B_SPLINE_CURVE_WITH_KNOTS('',1,(#9926,#9927),.UNSPECIFIED.,.F.,
  .F.,(2,2),(0.,4.E-03),.PIECEWISE_BEZIER_KNOTS.);
#9926 = CARTESIAN_POINT('',(0.,0.));
#9927 = CARTESIAN_POINT('',(0.,-4.E-03));
#9928 = ( GEOMETRIC_REPRESENTATION_CONTEXT(2) 
PARAMETRIC_REPRESENTATION_CONTEXT() REPRESENTATION_CONTEXT('2D SPACE',''
  ) );
#9929 = ORIENTED_EDGE('',*,*,#9930,.F.);
#9930 = EDGE_CURVE('',#9828,#9905,#9931,.T.);
#9931 = SURFACE_CURVE('',#9932,(#9936,#9943),.PCURVE_S1.);
#9932 = ( BOUNDED_CURVE() B_SPLINE_CURVE(2,(#9933,#9934,#9935),
.UNSPECIFIED.,.F.,.F.) B_SPLINE_CURVE_WITH_KNOTS((3,3),(0.,
1.570796326795),.PIECEWISE_BEZIER_KNOTS.) CURVE() 
GEOMETRIC_REPRESENTATION_ITEM() RATIONAL_B_SPLINE_CURVE((1.,
0.707106781187,1.)) REPRESENTATION_ITEM('') );
#9933 = CARTESIAN_POINT('',(49.1,0.,39.4));
#9934 = CARTESIAN_POINT('',(49.1,43.7,39.4));
#9935 = CARTESIAN_POINT('',(5.4,43.7,39.4));
#9936 = PCURVE('',#9842,#9937);
#9937 = DEFINITIONAL_REPRESENTATION('',(#9938),#9942);
#9938 = B_SPLINE_CURVE_WITH_KNOTS('',2,(#9939,#9940,#9941),
  .UNSPECIFIED.,.F.,.F.,(3,3),(0.,1.570796326795),
  .PIECEWISE_BEZIER_KNOTS.);
#9939 = CARTESIAN_POINT('',(0.,0.));
#9940 = CARTESIAN_POINT('',(0.785398163397,0.));
#9941 = CARTESIAN_POINT('',(1.570796326795,0.));
#9942 = ( GEOMETRIC_REPRESENTATION_CONTEXT(2) 
PARAMETRIC_REPRESENTATION_CONTEXT() REPRESENTATION_CONTEXT('2D SPACE',''
  ) );
#9943 = PCURVE('',#9408,#9944);
#9944 = DEFINITIONAL_REPRESENTATION('',(#9945),#9949);
#9945 = ( BOUNDED_CURVE() B_SPLINE_CURVE(2,(#9946,#9947,#9948),
.UNSPECIFIED.,.F.,.F.) B_SPLINE_CURVE_WITH_KNOTS((3,3),(0.,
1.570796326795),.PIECEWISE_BEZIER_KNOTS.) CURVE() 
GEOMETRIC_REPRESENTATION_ITEM() RATIONAL_B_SPLINE_CURVE((1.,
0.707106781187,1.)) REPRESENTATION_ITEM('') );
#9946 = CARTESIAN_POINT('',(4.91E-02,1.099039201709E-18));
#9947 = CARTESIAN_POINT('',(4.91E-02,4.37E-02));
#9948 = CARTESIAN_POINT('',(5.4E-03,4.37E-02));
#9949 = ( GEOMETRIC_REPRESENTATION_CONTEXT(2) 
PARAMETRIC_REPRESENTATION_CONTEXT() REPRESENTATION_CONTEXT('2D SPACE',''
  ) );
#9950 = ADVANCED_FACE('',(#9951),#9919,.F.);
#9951 = FACE_BOUND('',#9952,.F.);
#9952 = EDGE_LOOP('',(#9953,#9954,#9974,#9995));
#9953 = ORIENTED_EDGE('',*,*,#9904,.T.);
#9954 = ORIENTED_EDGE('',*,*,#9955,.T.);
#9955 = EDGE_CURVE('',#9882,#9956,#9958,.T.);
#9956 = VERTEX_POINT('',#9957);
#9957 = CARTESIAN_POINT('',(-5.4,43.7,35.4));
#9958 = SURFACE_CURVE('',#9959,(#9962,#9968),.PCURVE_S1.);
#9959 = B_SPLINE_CURVE_WITH_KNOTS('',1,(#9960,#9961),.UNSPECIFIED.,.F.,
  .F.,(2,2),(0.,1.08E-02),.PIECEWISE_BEZIER_KNOTS.);
#9960 = CARTESIAN_POINT('',(5.4,43.7,35.4));
#9961 = CARTESIAN_POINT('',(-5.4,43.7,35.4));
#9962 = PCURVE('',#9919,#9963);
#9963 = DEFINITIONAL_REPRESENTATION('',(#9964),#9967);
#9964 = B_SPLINE_CURVE_WITH_KNOTS('',1,(#9965,#9966),.UNSPECIFIED.,.F.,
  .F.,(2,2),(0.,1.08E-02),.PIECEWISE_BEZIER_KNOTS.);
#9965 = CARTESIAN_POINT('',(0.,-4.E-03));
#9966 = CARTESIAN_POINT('',(1.08E-02,-4.E-03));
#9967 = ( GEOMETRIC_REPRESENTATION_CONTEXT(2) 
PARAMETRIC_REPRESENTATION_CONTEXT() REPRESENTATION_CONTEXT('2D SPACE',''
  ) );
#9968 = PCURVE('',#9357,#9969);
#9969 = DEFINITIONAL_REPRESENTATION('',(#9970),#9973);
#9970 = B_SPLINE_CURVE_WITH_KNOTS('',1,(#9971,#9972),.UNSPECIFIED.,.F.,
  .F.,(2,2),(0.,1.08E-02),.PIECEWISE_BEZIER_KNOTS.);
#9971 = CARTESIAN_POINT('',(5.4E-03,4.37E-02));
#9972 = CARTESIAN_POINT('',(-5.4E-03,4.37E-02));
#9973 = ( GEOMETRIC_REPRESENTATION_CONTEXT(2) 
PARAMETRIC_REPRESENTATION_CONTEXT() REPRESENTATION_CONTEXT('2D SPACE',''
  ) );
#9974 = ORIENTED_EDGE('',*,*,#9975,.F.);
#9975 = EDGE_CURVE('',#9976,#9956,#9978,.T.);
#9976 = VERTEX_POINT('',#9977);
#9977 = CARTESIAN_POINT('',(-5.4,43.7,39.4));
#9978 = SURFACE_CURVE('',#9979,(#9982,#9988),.PCURVE_S1.);
#9979 = B_SPLINE_CURVE_WITH_KNOTS('',1,(#9980,#9981),.UNSPECIFIED.,.F.,
  .F.,(2,2),(0.,4.E-03),.PIECEWISE_BEZIER_KNOTS.);
#9980 = CARTESIAN_POINT('',(-5.4,43.7,39.4));
#9981 = CARTESIAN_POINT('',(-5.4,43.7,35.4));
#9982 = PCURVE('',#9919,#9983);
#9983 = DEFINITIONAL_REPRESENTATION('',(#9984),#9987);
#9984 = B_SPLINE_CURVE_WITH_KNOTS('',1,(#9985,#9986),.UNSPECIFIED.,.F.,
  .F.,(2,2),(0.,4.E-03),.PIECEWISE_BEZIER_KNOTS.);
#9985 = CARTESIAN_POINT('',(1.08E-02,0.));
#9986 = CARTESIAN_POINT('',(1.08E-02,-4.E-03));
#9987 = ( GEOMETRIC_REPRESENTATION_CONTEXT(2) 
PARAMETRIC_REPRESENTATION_CONTEXT() REPRESENTATION_CONTEXT('2D SPACE',''
  ) );
#9988 = PCURVE('',#9716,#9989);
#9989 = DEFINITIONAL_REPRESENTATION('',(#9990),#9994);
#9990 = B_SPLINE_CURVE_WITH_KNOTS('',2,(#9991,#9992,#9993),
  .UNSPECIFIED.,.F.,.F.,(3,3),(0.,4.E-03),.PIECEWISE_BEZIER_KNOTS.);
#9991 = CARTESIAN_POINT('',(1.570796326795,0.));
#9992 = CARTESIAN_POINT('',(1.570796326795,-2.E-03));
#9993 = CARTESIAN_POINT('',(1.570796326795,-4.E-03));
#9994 = ( GEOMETRIC_REPRESENTATION_CONTEXT(2) 
PARAMETRIC_REPRESENTATION_CONTEXT() REPRESENTATION_CONTEXT('2D SPACE',''
  ) );
#9995 = ORIENTED_EDGE('',*,*,#9996,.F.);
#9996 = EDGE_CURVE('',#9905,#9976,#9997,.T.);
#9997 = SURFACE_CURVE('',#9998,(#10001,#10007),.PCURVE_S1.);
#9998 = B_SPLINE_CURVE_WITH_KNOTS('',1,(#9999,#10000),.UNSPECIFIED.,.F.,
  .F.,(2,2),(0.,1.08E-02),.PIECEWISE_BEZIER_KNOTS.);
#9999 = CARTESIAN_POINT('',(5.4,43.7,39.4));
#10000 = CARTESIAN_POINT('',(-5.4,43.7,39.4));
#10001 = PCURVE('',#9919,#10002);
#10002 = DEFINITIONAL_REPRESENTATION('',(#10003),#10006);
#10003 = B_SPLINE_CURVE_WITH_KNOTS('',1,(#10004,#10005),.UNSPECIFIED.,
  .F.,.F.,(2,2),(0.,1.08E-02),.PIECEWISE_BEZIER_KNOTS.);
#10004 = CARTESIAN_POINT('',(0.,0.));
#10005 = CARTESIAN_POINT('',(1.08E-02,0.));
#10006 = ( GEOMETRIC_REPRESENTATION_CONTEXT(2) 
PARAMETRIC_REPRESENTATION_CONTEXT() REPRESENTATION_CONTEXT('2D SPACE',''
  ) );
#10007 = PCURVE('',#9408,#10008);
#10008 = DEFINITIONAL_REPRESENTATION('',(#10009),#10012);
#10009 = B_SPLINE_CURVE_WITH_KNOTS('',1,(#10010,#10011),.UNSPECIFIED.,
  .F.,.F.,(2,2),(0.,1.08E-02),.PIECEWISE_BEZIER_KNOTS.);
#10010 = CARTESIAN_POINT('',(5.4E-03,4.37E-02));
#10011 = CARTESIAN_POINT('',(-5.4E-03,4.37E-02));
#10012 = ( GEOMETRIC_REPRESENTATION_CONTEXT(2) 
PARAMETRIC_REPRESENTATION_CONTEXT() REPRESENTATION_CONTEXT('2D SPACE',''
  ) );
#10013 = ADVANCED_FACE('',(#10014),#9716,.F.);
#10014 = FACE_BOUND('',#10015,.F.);
#10015 = EDGE_LOOP('',(#10016,#10017,#10044,#10045));
#10016 = ORIENTED_EDGE('',*,*,#9975,.T.);
#10017 = ORIENTED_EDGE('',*,*,#10018,.T.);
#10018 = EDGE_CURVE('',#9956,#9698,#10019,.T.);
#10019 = SURFACE_CURVE('',#10020,(#10026,#10035),.PCURVE_S1.);
#10020 = ( BOUNDED_CURVE() B_SPLINE_CURVE(2,(#10021,#10022,#10023,#10024
,#10025),.UNSPECIFIED.,.F.,.F.) B_SPLINE_CURVE_WITH_KNOTS((3,2,3),(
    1.570796326795,3.14159265359,4.712388980385),
.PIECEWISE_BEZIER_KNOTS.) CURVE() GEOMETRIC_REPRESENTATION_ITEM() 
RATIONAL_B_SPLINE_CURVE((1.,0.707106781187,1.,0.707106781187,1.)) 
REPRESENTATION_ITEM('') );
#10021 = CARTESIAN_POINT('',(-5.4,43.7,35.4));
#10022 = CARTESIAN_POINT('',(-49.1,43.7,35.4));
#10023 = CARTESIAN_POINT('',(-49.1,5.351706512274E-15,35.4));
#10024 = CARTESIAN_POINT('',(-49.1,-43.7,35.4));
#10025 = CARTESIAN_POINT('',(-5.4,-43.7,35.4));
#10026 = PCURVE('',#9716,#10027);
#10027 = DEFINITIONAL_REPRESENTATION('',(#10028),#10034);
#10028 = B_SPLINE_CURVE_WITH_KNOTS('',2,(#10029,#10030,#10031,#10032,
    #10033),.UNSPECIFIED.,.F.,.F.,(3,2,3),(1.570796326795,3.14159265359,
    4.712388980385),.PIECEWISE_BEZIER_KNOTS.);
#10029 = CARTESIAN_POINT('',(1.570796326795,-4.E-03));
#10030 = CARTESIAN_POINT('',(2.356194490192,-4.E-03));
#10031 = CARTESIAN_POINT('',(3.14159265359,-4.E-03));
#10032 = CARTESIAN_POINT('',(3.926990816987,-4.E-03));
#10033 = CARTESIAN_POINT('',(4.712388980385,-4.E-03));
#10034 = ( GEOMETRIC_REPRESENTATION_CONTEXT(2) 
PARAMETRIC_REPRESENTATION_CONTEXT() REPRESENTATION_CONTEXT('2D SPACE',''
  ) );
#10035 = PCURVE('',#9357,#10036);
#10036 = DEFINITIONAL_REPRESENTATION('',(#10037),#10043);
#10037 = ( BOUNDED_CURVE() B_SPLINE_CURVE(2,(#10038,#10039,#10040,#10041
,#10042),.UNSPECIFIED.,.F.,.F.) B_SPLINE_CURVE_WITH_KNOTS((3,2,3),(
    1.570796326795,3.14159265359,4.712388980385),
.PIECEWISE_BEZIER_KNOTS.) CURVE() GEOMETRIC_REPRESENTATION_ITEM() 
RATIONAL_B_SPLINE_CURVE((1.,0.707106781187,1.,0.707106781187,1.)) 
REPRESENTATION_ITEM('') );
#10038 = CARTESIAN_POINT('',(-5.4E-03,4.37E-02));
#10039 = CARTESIAN_POINT('',(-4.91E-02,4.37E-02));
#10040 = CARTESIAN_POINT('',(-4.91E-02,6.450745713983E-18));
#10041 = CARTESIAN_POINT('',(-4.91E-02,-4.37E-02));
#10042 = CARTESIAN_POINT('',(-5.4E-03,-4.37E-02));
#10043 = ( GEOMETRIC_REPRESENTATION_CONTEXT(2) 
PARAMETRIC_REPRESENTATION_CONTEXT() REPRESENTATION_CONTEXT('2D SPACE',''
  ) );
#10044 = ORIENTED_EDGE('',*,*,#9695,.F.);
#10045 = ORIENTED_EDGE('',*,*,#10046,.F.);
#10046 = EDGE_CURVE('',#9976,#9696,#10047,.T.);
#10047 = SURFACE_CURVE('',#10048,(#10054,#10063),.PCURVE_S1.);
#10048 = ( BOUNDED_CURVE() B_SPLINE_CURVE(2,(#10049,#10050,#10051,#10052
,#10053),.UNSPECIFIED.,.F.,.F.) B_SPLINE_CURVE_WITH_KNOTS((3,2,3),(
    1.570796326795,3.14159265359,4.712388980385),
.PIECEWISE_BEZIER_KNOTS.) CURVE() GEOMETRIC_REPRESENTATION_ITEM() 
RATIONAL_B_SPLINE_CURVE((1.,0.707106781187,1.,0.707106781187,1.)) 
REPRESENTATION_ITEM('') );
#10049 = CARTESIAN_POINT('',(-5.4,43.7,39.4));
#10050 = CARTESIAN_POINT('',(-49.1,43.7,39.4));
#10051 = CARTESIAN_POINT('',(-49.1,5.351706512274E-15,39.4));
#10052 = CARTESIAN_POINT('',(-49.1,-43.7,39.4));
#10053 = CARTESIAN_POINT('',(-5.4,-43.7,39.4));
#10054 = PCURVE('',#9716,#10055);
#10055 = DEFINITIONAL_REPRESENTATION('',(#10056),#10062);
#10056 = B_SPLINE_CURVE_WITH_KNOTS('',2,(#10057,#10058,#10059,#10060,
    #10061),.UNSPECIFIED.,.F.,.F.,(3,2,3),(1.570796326795,3.14159265359,
    4.712388980385),.PIECEWISE_BEZIER_KNOTS.);
#10057 = CARTESIAN_POINT('',(1.570796326795,0.));
#10058 = CARTESIAN_POINT('',(2.356194490192,0.));
#10059 = CARTESIAN_POINT('',(3.14159265359,0.));
#10060 = CARTESIAN_POINT('',(3.926990816987,0.));
#10061 = CARTESIAN_POINT('',(4.712388980385,0.));
#10062 = ( GEOMETRIC_REPRESENTATION_CONTEXT(2) 
PARAMETRIC_REPRESENTATION_CONTEXT() REPRESENTATION_CONTEXT('2D SPACE',''
  ) );
#10063 = PCURVE('',#9408,#10064);
#10064 = DEFINITIONAL_REPRESENTATION('',(#10065),#10071);
#10065 = ( BOUNDED_CURVE() B_SPLINE_CURVE(2,(#10066,#10067,#10068,#10069
,#10070),.UNSPECIFIED.,.F.,.F.) B_SPLINE_CURVE_WITH_KNOTS((3,2,3),(
    1.570796326795,3.14159265359,4.712388980385),
.PIECEWISE_BEZIER_KNOTS.) CURVE() GEOMETRIC_REPRESENTATION_ITEM() 
RATIONAL_B_SPLINE_CURVE((1.,0.707106781187,1.,0.707106781187,1.)) 
REPRESENTATION_ITEM('') );
#10066 = CARTESIAN_POINT('',(-5.4E-03,4.37E-02));
#10067 = CARTESIAN_POINT('',(-4.91E-02,4.37E-02));
#10068 = CARTESIAN_POINT('',(-4.91E-02,6.450745713983E-18));
#10069 = CARTESIAN_POINT('',(-4.91E-02,-4.37E-02));
#10070 = CARTESIAN_POINT('',(-5.4E-03,-4.37E-02));
#10071 = ( GEOMETRIC_REPRESENTATION_CONTEXT(2) 
PARAMETRIC_REPRESENTATION_CONTEXT() REPRESENTATION_CONTEXT('2D SPACE',''
  ) );
#10072 = ADVANCED_FACE('',(#10073,#10080),#9408,.T.);
#10073 = FACE_BOUND('',#10074,.T.);
#10074 = EDGE_LOOP('',(#10075,#10076,#10077,#10078,#10079));
#10075 = ORIENTED_EDGE('',*,*,#9396,.T.);
#10076 = ORIENTED_EDGE('',*,*,#9561,.T.);
#10077 = ORIENTED_EDGE('',*,*,#9671,.T.);
#10078 = ORIENTED_EDGE('',*,*,#9627,.T.);
#10079 = ORIENTED_EDGE('',*,*,#9478,.T.);
#10080 = FACE_BOUND('',#10081,.T.);
#10081 = EDGE_LOOP('',(#10082,#10083,#10084,#10085,#10086));
#10082 = ORIENTED_EDGE('',*,*,#9782,.F.);
#10083 = ORIENTED_EDGE('',*,*,#10046,.F.);
#10084 = ORIENTED_EDGE('',*,*,#9996,.F.);
#10085 = ORIENTED_EDGE('',*,*,#9930,.F.);
#10086 = ORIENTED_EDGE('',*,*,#9856,.F.);
#10087 = ADVANCED_FACE('',(#10088,#10095),#9357,.F.);
#10088 = FACE_BOUND('',#10089,.F.);
#10089 = EDGE_LOOP('',(#10090,#10091,#10092,#10093,#10094));
#10090 = ORIENTED_EDGE('',*,*,#9343,.T.);
#10091 = ORIENTED_EDGE('',*,*,#9509,.T.);
#10092 = ORIENTED_EDGE('',*,*,#9649,.T.);
#10093 = ORIENTED_EDGE('',*,*,#9608,.T.);
#10094 = ORIENTED_EDGE('',*,*,#9450,.T.);
#10095 = FACE_BOUND('',#10096,.F.);
#10096 = EDGE_LOOP('',(#10097,#10098,#10099,#10100,#10101));
#10097 = ORIENTED_EDGE('',*,*,#9734,.F.);
#10098 = ORIENTED_EDGE('',*,*,#10018,.F.);
#10099 = ORIENTED_EDGE('',*,*,#9955,.F.);
#10100 = ORIENTED_EDGE('',*,*,#9881,.F.);
#10101 = ORIENTED_EDGE('',*,*,#9804,.F.);
#10102 = ( GEOMETRIC_REPRESENTATION_CONTEXT(3) 
GLOBAL_UNCERTAINTY_ASSIGNED_CONTEXT((#10106)) 
GLOBAL_UNIT_ASSIGNED_CONTEXT((#10103,#10104,#10105)) 
REPRESENTATION_CONTEXT('Context #1',
  '3D Context with UNIT and UNCERTAINTY') );
#10103 = ( LENGTH_UNIT() NAMED_UNIT(*) SI_UNIT(.MILLI.,.METRE.) );
#10104 = ( NAMED_UNIT(*) PLANE_ANGLE_UNIT() SI_UNIT($,.RADIAN.) );
#10105 = ( NAMED_UNIT(*) SI_UNIT($,.STERADIAN.) SOLID_ANGLE_UNIT() );
#10106 = UNCERTAINTY_MEASURE_WITH_UNIT(LENGTH_MEASURE(1.E-04),#10103,
  'distance_accuracy_value','confusion accuracy');
#10107 = CONTEXT_DEPENDENT_SHAPE_REPRESENTATION(#10108,#10110);
#10108 = ( REPRESENTATION_RELATIONSHIP('','',#9297,#10) 
REPRESENTATION_RELATIONSHIP_WITH_TRANSFORMATION(#10109) 
SHAPE_REPRESENTATION_RELATIONSHIP() );
#10109 = ITEM_DEFINED_TRANSFORMATION('','',#11,#59);
#10110 = PRODUCT_DEFINITION_SHAPE('Placement','Placement of an item',
  #10111);
#10111 = NEXT_ASSEMBLY_USAGE_OCCURRENCE('12','','',#5,#9292,$);
#10112 = PRODUCT_RELATED_PRODUCT_CATEGORY('part',$,(#9294));
ENDSEC;
END-ISO-10303-21;
